symbol,date,direction,psi,entry,exit,bars_held,exhausted,ret_pct,relvol,psi_bin,rv_bin
BTC/USDT,2024-08-29,LONG,0.7437,59352.1,57484.0,5,False,-3.1475,0.2043,.70-.80,
BTC/USDT,2024-08-30,LONG,0.6749,59135.6,57970.0,5,False,-1.9711,0.1383,.60-.70,
BTC/USDT,2024-08-31,LONG,0.7031,58974.5,57970.0,4,True,-1.7033,0.1087,.70-.80,
BTC/USDT,2024-09-03,LONG,0.6659,57484.0,57970.0,1,True,0.8455,1.0711,.60-.70,1-1.5x
BTC/USDT,2024-09-05,LONG,0.7324,56176.0,54155.8,2,True,-3.5962,1.1798,.70-.80,1-1.5x
BTC/USDT,2024-09-14,LONG,0.5987,59991.8,61767.7,4,True,2.9602,0.3296,.55-.60,
BTC/USDT,2024-09-24,LONG,0.6698,64275.8,63154.9,1,True,-1.7439,0.6934,.60-.70,
BTC/USDT,2024-09-28,LONG,0.6184,65853.3,65603.5,1,True,-0.3793,0.0664,.60-.70,
BTC/USDT,2024-10-01,LONG,0.7288,60814.5,60753.8,2,True,-0.0998,1.8347,.70-.80,1.5-2x
BTC/USDT,2024-10-14,LONG,0.6118,66089.8,67426.5,3,True,2.0226,2.2731,.60-.70,2-3x
BTC/USDT,2024-10-16,LONG,0.5733,67614.3,67426.5,1,True,-0.2778,0.3806,.55-.60,
BTC/USDT,2024-10-22,LONG,0.6699,67421.2,66666.0,1,True,-1.1201,0.0411,.60-.70,
BTC/USDT,2024-10-24,LONG,0.804,68198.5,67095.9,2,True,-1.6168,1.2559,>.80,1-1.5x
BTC/USDT,2024-10-27,LONG,0.8417,68022.9,69961.2,1,True,2.8495,0.7269,>.80,
BTC/USDT,2024-11-03,LONG,0.634,68769.3,76499.1,5,False,11.2402,0.4925,.60-.70,
BTC/USDT,2024-11-04,LONG,0.7703,67850.0,76499.1,4,True,12.7474,0.7566,.70-.80,
BTC/USDT,2024-11-06,LONG,0.7193,75584.8,76499.1,2,True,1.2096,3.3401,.70-.80,3-5x
BTC/USDT,2024-11-07,LONG,0.6925,75860.3,76499.1,1,True,0.8421,0.1363,.60-.70,
BTC/USDT,2024-11-12,LONG,0.5596,87944.5,91022.9,3,True,3.5004,0.2293,.55-.60,
BTC/USDT,2024-11-30,LONG,0.5859,96409.0,96960.0,5,False,0.5715,0.3276,.55-.60,
BTC/USDT,2024-12-02,LONG,0.6476,95828.1,99835.4,5,False,4.1818,0.5707,.60-.70,
BTC/USDT,2024-12-03,LONG,0.6155,95857.3,99835.4,4,True,4.15,0.0127,.60-.70,
BTC/USDT,2024-12-11,LONG,0.561,101117.4,101418.6,2,True,0.2979,1.943,.55-.60,1.5-2x
BTC/USDT,2024-12-21,LONG,0.8595,97283.3,94884.1,2,True,-2.4662,0.2193,>.80,
BTC/USDT,2024-12-22,LONG,0.6341,95173.4,94884.1,1,True,-0.304,0.8785,.60-.70,
BTC/USDT,2024-12-27,LONG,0.7075,94304.1,92796.4,3,True,-1.5988,0.5949,.70-.80,
BTC/USDT,2024-12-28,LONG,0.7309,95305.3,92796.4,2,True,-2.6325,0.41,.70-.80,
BTC/USDT,2025-01-08,LONG,0.5612,95037.0,94726.5,2,True,-0.3267,0.8721,.55-.60,
BTC/USDT,2025-01-09,LONG,0.6094,92553.1,94726.5,1,True,2.3483,1.1187,.60-.70,1-1.5x
BTC/USDT,2025-01-12,LONG,0.7529,94549.9,94538.5,1,True,-0.0121,0.0281,.70-.80,
BTC/USDT,2025-01-20,LONG,0.6765,102264.3,103704.1,2,True,1.4079,0.3786,.60-.70,
BTC/USDT,2025-01-23,LONG,0.8253,103914.8,102076.1,4,True,-1.7694,0.0792,>.80,
BTC/USDT,2025-01-24,LONG,0.5987,104866.1,102076.1,3,True,-2.6605,0.3567,.55-.60,
BTC/USDT,2025-01-28,LONG,0.6153,101349.3,104727.2,2,True,3.3329,0.338,.60-.70,
BTC/USDT,2025-01-29,LONG,0.6871,103733.3,104727.2,1,True,0.9581,1.1582,.60-.70,1-1.5x
BTC/USDT,2025-02-01,LONG,0.6439,100633.2,101337.5,2,True,0.6999,0.827,.60-.70,
BTC/USDT,2025-02-02,LONG,0.8977,97698.9,101337.5,1,True,3.7243,1.2944,>.80,1-1.5x
BTC/USDT,2025-02-05,LONG,0.6428,96616.1,96554.7,1,True,-0.0636,0.5062,.60-.70,
BTC/USDT,2025-02-07,LONG,0.6556,96504.1,95779.9,4,True,-0.7504,0.025,.60-.70,
BTC/USDT,2025-02-09,LONG,0.9273,96475.9,95779.9,2,True,-0.7214,0.0093,>.80,
BTC/USDT,2025-02-10,LONG,0.7032,97431.7,95779.9,1,True,-1.6953,0.5612,.70-.80,
BTC/USDT,2025-02-17,LONG,0.7474,95778.3,98307.9,3,True,2.6411,0.1876,.70-.80,
BTC/USDT,2025-02-18,LONG,0.5564,95656.6,98307.9,2,True,2.7717,0.0744,.55-.60,
BTC/USDT,2025-02-25,LONG,0.7346,88680.7,86056.1,4,True,-2.9596,1.8671,.70-.80,1.5-2x
BTC/USDT,2025-02-27,LONG,0.6016,84717.4,86056.1,2,True,1.5802,0.2793,.60-.70,
BTC/USDT,2025-02-28,LONG,0.6837,84339.4,86056.1,1,True,2.0355,0.2271,.60-.70,
BTC/USDT,2025-03-02,LONG,0.6968,94269.5,86219.7,1,True,-8.5391,3.1379,.60-.70,3-5x
BTC/USDT,2025-03-04,LONG,0.6658,87277.9,86797.1,3,True,-0.5509,0.3471,.60-.70,
BTC/USDT,2025-03-05,LONG,0.5814,90608.7,86797.1,2,True,-4.2067,1.0428,.55-.60,1-1.5x
BTC/USDT,2025-03-09,LONG,0.5647,80743.3,78595.8,1,True,-2.6597,1.6169,.55-.60,1.5-2x
BTC/USDT,2025-03-12,LONG,0.6808,83691.9,83988.7,2,True,0.3546,0.2165,.60-.70,
BTC/USDT,2025-03-13,LONG,0.597,81119.5,83988.7,1,True,3.537,0.7336,.55-.60,
BTC/USDT,2025-03-15,LONG,0.5607,84342.0,84225.9,5,False,-0.1377,0.0978,.55-.60,
BTC/USDT,2025-03-16,LONG,0.5874,82578.1,84086.5,5,False,1.8266,0.4986,.55-.60,
BTC/USDT,2025-03-20,LONG,0.5552,84225.9,86083.3,3,True,2.2053,0.7097,.55-.60,
BTC/USDT,2025-03-21,LONG,0.5787,84086.5,86083.3,2,True,2.3747,0.0392,.55-.60,
BTC/USDT,2025-03-29,LONG,0.5646,82650.1,82398.2,1,True,-0.3048,0.8077,.55-.60,
BTC/USDT,2025-03-31,LONG,0.7371,82556.9,83216.3,3,True,0.7987,0.0875,.70-.80,
BTC/USDT,2025-04-06,LONG,0.8574,78426.0,79174.4,1,True,0.9543,2.4503,>.80,2-3x
ETH/USDT,2024-08-27,LONG,0.6172,2457.38,2528.4,1,True,2.8901,1.8241,.60-.70,1.5-2x
ETH/USDT,2024-08-30,LONG,0.5711,2525.89,2513.2,1,True,-0.5024,0.0241,.55-.60,
ETH/USDT,2024-09-05,LONG,0.721,2368.62,2225.1,1,True,-6.0592,1.0622,.70-.80,1-1.5x
ETH/USDT,2024-09-08,LONG,0.5727,2297.25,2359.19,1,True,2.6963,0.3006,.55-.60,
ETH/USDT,2024-09-14,LONG,0.6909,2417.99,2465.28,5,False,1.9558,0.2662,.60-.70,
ETH/USDT,2024-09-18,LONG,0.5863,2374.79,2647.61,5,False,11.4882,0.4922,.55-.60,
ETH/USDT,2024-09-21,LONG,0.5781,2612.89,2631.99,5,False,0.731,0.6602,.55-.60,
ETH/USDT,2024-09-22,LONG,0.6561,2581.17,2694.64,5,False,4.3961,0.4192,.60-.70,
ETH/USDT,2024-09-25,LONG,0.634,2580.27,2602.16,5,False,0.8484,1.024,.60-.70,1-1.5x
ETH/USDT,2024-10-12,LONG,0.5737,2476.4,2605.67,5,False,5.2201,0.653,.55-.60,
ETH/USDT,2024-10-15,LONG,0.6103,2607.3,2605.67,2,True,-0.0625,0.3254,.60-.70,
ETH/USDT,2024-10-16,LONG,0.6081,2611.19,2605.67,1,True,-0.2114,0.0577,.60-.70,
ETH/USDT,2024-10-18,LONG,0.7756,2642.48,2648.55,1,True,0.2297,0.5553,.70-.80,
ETH/USDT,2024-10-21,LONG,0.5929,2666.57,2482.7,5,False,-6.8954,1.2689,.55-.60,1-1.5x
ETH/USDT,2024-10-23,LONG,0.573,2524.7,2482.7,3,True,-1.6636,1.57,.55-.60,1.5-2x
ETH/USDT,2024-10-24,LONG,0.7075,2535.96,2482.7,2,True,-2.1002,0.1932,.70-.80,
ETH/USDT,2024-10-27,LONG,0.7869,2508.0,2567.4,1,True,2.3684,0.4083,.70-.80,
ETH/USDT,2024-10-29,LONG,0.6443,2639.01,2518.72,2,True,-4.5581,1.1221,.60-.70,1-1.5x
ETH/USDT,2024-11-03,LONG,0.6036,2457.52,2962.15,5,False,20.5341,0.6339,.60-.70,
ETH/USDT,2024-11-09,LONG,0.767,3126.35,3183.15,1,True,1.8168,1.3637,.70-.80,1-1.5x
ETH/USDT,2024-11-15,LONG,0.9284,3089.66,3208.01,3,True,3.8305,0.2418,>.80,
ETH/USDT,2024-11-16,LONG,0.9784,3133.05,3208.01,2,True,2.3926,0.3385,>.80,
ETH/USDT,2024-11-17,LONG,0.9358,3076.26,3208.01,1,True,4.2828,0.4324,>.80,
ETH/USDT,2024-11-25,LONG,0.6838,3415.0,3325.13,1,True,-2.6316,0.3647,.60-.70,
ETH/USDT,2024-11-28,LONG,0.9168,3578.42,3703.63,2,True,3.499,0.4995,>.80,
ETH/USDT,2024-12-01,LONG,0.9024,3707.45,3643.79,1,True,-1.7171,0.027,>.80,
ETH/USDT,2024-12-08,LONG,0.8962,4004.53,3712.05,1,True,-7.3037,0.0525,>.80,
ETH/USDT,2024-12-11,LONG,0.6986,3831.53,3881.75,1,True,1.3107,1.4599,.60-.70,1-1.5x
ETH/USDT,2024-12-15,LONG,0.5568,3959.77,3986.37,1,True,0.6718,0.6036,.55-.60,
ETH/USDT,2024-12-18,LONG,0.5798,3627.03,3472.3,2,True,-4.266,1.9375,.55-.60,1.5-2x
ETH/USDT,2024-12-19,LONG,0.8488,3417.21,3472.3,1,True,1.6121,1.5386,>.80,1.5-2x
ETH/USDT,2024-12-21,LONG,0.6988,3338.88,3493.2,3,True,4.6219,1.014,.60-.70,1-1.5x
ETH/USDT,2024-12-22,LONG,0.6476,3281.8,3493.2,2,True,6.4416,0.4512,.60-.70,
ETH/USDT,2024-12-23,LONG,0.689,3422.2,3493.2,1,True,2.0747,1.088,.60-.70,1-1.5x
ETH/USDT,2024-12-28,LONG,0.6911,3404.2,3356.41,1,True,-1.4039,0.5948,.60-.70,
ETH/USDT,2025-01-04,LONG,0.5897,3656.88,3380.81,3,True,-7.5493,0.4235,.55-.60,
ETH/USDT,2025-01-12,LONG,0.5911,3267.49,3137.61,1,True,-3.9749,0.1707,.55-.60,
ETH/USDT,2025-01-18,LONG,0.7321,3307.91,3215.35,1,True,-2.7981,1.3021,.70-.80,1-1.5x
ETH/USDT,2025-01-21,LONG,0.7877,3327.5,3243.15,1,True,-2.5349,0.349,.70-.80,
ETH/USDT,2025-01-23,LONG,0.6458,3338.98,3319.4,2,True,-0.5864,0.8082,.60-.70,
ETH/USDT,2025-01-27,LONG,0.7396,3183.0,3247.47,3,True,2.0254,0.4853,.70-.80,
ETH/USDT,2025-02-01,LONG,0.8467,3117.31,2879.38,2,True,-7.6325,1.5631,>.80,1.5-2x
ETH/USDT,2025-02-02,LONG,0.9074,2869.91,2879.38,1,True,0.33,2.0453,>.80,2-3x
ETH/USDT,2025-02-05,LONG,0.8673,2788.22,2686.92,1,True,-3.6331,0.5924,>.80,
ETH/USDT,2025-02-07,LONG,0.769,2622.2,2632.29,1,True,0.3848,0.7573,.70-.80,
ETH/USDT,2025-02-09,LONG,0.9961,2627.22,2602.6,2,True,-0.9371,0.0623,>.80,
ETH/USDT,2025-02-10,LONG,0.5871,2661.22,2602.6,1,True,-2.2027,0.4185,.55-.60,
ETH/USDT,2025-02-12,LONG,0.6069,2738.34,2675.81,1,True,-2.2835,1.5926,.60-.70,1.5-2x
ETH/USDT,2025-02-15,LONG,0.6999,2693.3,2661.21,1,True,-1.1915,0.3564,.60-.70,
ETH/USDT,2025-02-17,LONG,0.5805,2744.46,2762.97,5,False,0.6744,0.9274,.55-.60,
ETH/USDT,2025-02-27,LONG,0.569,2307.77,2149.28,4,True,-6.8677,0.3411,.55-.60,
ETH/USDT,2025-02-28,LONG,0.6395,2237.62,2149.28,3,True,-3.9479,0.8384,.60-.70,
ETH/USDT,2025-03-01,LONG,0.7214,2217.6,2149.28,2,True,-3.0808,0.2469,.70-.80,
ETH/USDT,2025-03-05,LONG,0.5954,2241.61,2141.8,2,True,-4.4526,0.5636,.55-.60,
ETH/USDT,2025-03-09,LONG,0.5883,2020.39,1865.29,1,True,-7.6767,1.4036,.55-.60,1-1.5x
ETH/USDT,2025-03-13,LONG,0.6937,1864.8,1911.54,1,True,2.5064,0.3743,.60-.70,
ETH/USDT,2025-03-16,LONG,0.5538,1887.3,1926.27,1,True,2.0649,0.4564,.55-.60,
ETH/USDT,2025-03-19,LONG,0.6106,2056.49,1983.79,1,True,-3.5351,1.1152,.60-.70,1-1.5x
ETH/USDT,2025-03-22,LONG,0.6429,1980.7,2006.02,1,True,1.2783,0.157,.60-.70,
ETH/USDT,2025-03-31,LONG,0.609,1822.39,1817.05,4,True,-0.293,0.2877,.60-.70,
ETH/USDT,2025-04-05,LONG,0.6612,1805.87,1553.0,2,True,-14.0027,0.1985,.60-.70,
ETH/USDT,2025-04-06,LONG,0.5884,1580.8,1553.0,1,True,-1.7586,3.0468,.55-.60,3-5x
BNB/USDT,2024-08-28,LONG,0.6089,537.1,533.1,3,True,-0.7447,0.2833,.60-.70,
BNB/USDT,2024-08-29,LONG,0.8463,536.7,533.1,2,True,-0.6708,0.0292,>.80,
BNB/USDT,2024-08-30,LONG,0.6037,535.2,533.1,1,True,-0.3924,0.1126,.60-.70,
BNB/USDT,2024-09-10,LONG,0.7819,517.0,544.6,2,True,5.3385,0.1578,.70-.80,
BNB/USDT,2024-09-13,LONG,0.6535,556.2,533.6,3,True,-4.0633,0.9125,.60-.70,
BNB/USDT,2024-10-06,LONG,0.7081,570.5,573.5,5,False,0.5259,0.613,.70-.80,
BNB/USDT,2024-10-07,LONG,0.733,564.3,573.5,4,True,1.6303,0.5073,.70-.80,
BNB/USDT,2024-10-08,LONG,0.5783,580.5,573.5,3,True,-1.2059,1.3251,.55-.60,1-1.5x
BNB/USDT,2024-10-12,LONG,0.7085,576.4,592.8,5,False,2.8452,0.2406,.70-.80,
BNB/USDT,2024-10-16,LONG,0.5612,600.9,592.8,1,True,-1.348,0.5122,.55-.60,
BNB/USDT,2024-10-27,LONG,0.6823,589.4,601.3,1,True,2.019,0.6209,.60-.70,
BNB/USDT,2024-10-31,LONG,0.6444,577.0,563.4,5,False,-2.357,1.8567,.60-.70,1.5-2x
BNB/USDT,2024-11-01,LONG,0.5792,573.2,592.3,5,False,3.3322,0.3848,.55-.60,
BNB/USDT,2024-11-03,LONG,0.6564,557.8,597.9,5,False,7.189,1.1862,.60-.70,1-1.5x
BNB/USDT,2024-11-04,LONG,0.7695,552.7,597.9,4,True,8.178,0.5732,.70-.80,
BNB/USDT,2024-11-05,LONG,0.5788,563.4,597.9,3,True,6.1235,1.1742,.55-.60,1-1.5x
BNB/USDT,2024-11-06,LONG,0.708,592.3,597.9,2,True,0.9455,2.531,.70-.80,2-3x
BNB/USDT,2024-11-07,LONG,0.6152,598.5,597.9,1,True,-0.1003,0.517,.60-.70,
BNB/USDT,2024-11-10,LONG,0.5896,627.5,625.9,2,True,-0.255,0.1872,.55-.60,
BNB/USDT,2024-11-11,LONG,0.9736,659.8,625.9,1,True,-5.1379,2.0937,>.80,2-3x
BNB/USDT,2024-11-15,LONG,0.9992,619.1,618.9,2,True,-0.0323,0.2103,>.80,
BNB/USDT,2024-11-16,LONG,0.9993,622.6,618.9,1,True,-0.5943,0.218,>.80,
BNB/USDT,2024-11-23,LONG,0.5841,650.4,654.3,5,False,0.5996,1.1048,.55-.60,1-1.5x
BNB/USDT,2024-11-25,LONG,0.7152,636.5,654.3,3,True,2.7965,1.368,.70-.80,1-1.5x
BNB/USDT,2024-11-26,LONG,0.864,614.0,654.3,2,True,6.5635,1.3873,>.80,1-1.5x
BNB/USDT,2024-11-27,LONG,0.5504,644.5,654.3,1,True,1.5206,1.8012,.55-.60,1.5-2x
BNB/USDT,2024-12-08,LONG,0.5982,741.9,706.0,4,True,-4.8389,0.2879,.55-.60,
BNB/USDT,2024-12-17,LONG,0.5624,717.7,649.8,5,False,-9.4608,0.1172,.55-.60,
BNB/USDT,2024-12-21,LONG,0.6155,663.6,649.8,1,True,-2.0796,0.5224,.60-.70,
BNB/USDT,2024-12-23,LONG,0.6635,694.1,696.9,1,True,0.4034,2.1137,.60-.70,2-3x
BNB/USDT,2024-12-27,LONG,0.5552,691.6,694.9,2,True,0.4772,0.108,.55-.60,
BNB/USDT,2024-12-28,LONG,0.5724,722.3,694.9,1,True,-3.7934,1.3606,.55-.60,1-1.5x
BNB/USDT,2024-12-30,LONG,0.5518,705.4,706.7,3,True,0.1843,0.5141,.55-.60,
BNB/USDT,2024-12-31,LONG,0.6005,702.3,706.7,2,True,0.6265,0.1621,.60-.70,
BNB/USDT,2025-01-10,LONG,0.6605,693.4,693.2,2,True,-0.0288,0.4835,.60-.70,
BNB/USDT,2025-01-14,LONG,0.5782,699.0,708.2,2,True,1.3162,0.7172,.55-.60,
BNB/USDT,2025-01-21,LONG,0.5913,692.5,680.7,3,True,-1.704,0.7899,.55-.60,
BNB/USDT,2025-01-22,LONG,0.6449,695.6,680.7,2,True,-2.142,0.2408,.60-.70,
BNB/USDT,2025-01-28,LONG,0.5972,661.3,667.7,1,True,0.9678,1.5845,.55-.60,1.5-2x
BNB/USDT,2025-01-30,LONG,0.8845,677.6,677.6,1,True,0.0,0.8537,>.80,
BNB/USDT,2025-02-01,LONG,0.7978,652.9,571.8,5,False,-12.4215,1.9172,.70-.80,1.5-2x
BNB/USDT,2025-02-03,LONG,0.9878,616.8,612.6,5,False,-0.6809,0.0896,>.80,
BNB/USDT,2025-02-05,LONG,0.6539,569.6,615.8,4,True,8.111,0.2227,.60-.70,
BNB/USDT,2025-02-06,LONG,0.8858,571.8,615.8,3,True,7.695,0.1585,>.80,
BNB/USDT,2025-02-07,LONG,0.8517,577.7,615.8,2,True,6.5951,0.4161,>.80,
BNB/USDT,2025-02-08,LONG,0.6475,612.6,615.8,1,True,0.5224,2.1236,.60-.70,2-3x
BNB/USDT,2025-02-16,LONG,0.985,673.2,654.0,3,True,-2.852,0.4494,>.80,
BNB/USDT,2025-02-17,LONG,0.5626,667.3,654.0,2,True,-1.9931,0.2427,.55-.60,
BNB/USDT,2025-03-04,LONG,0.5666,584.1,594.9,3,True,1.849,0.4653,.55-.60,
BNB/USDT,2025-03-05,LONG,0.6284,598.3,594.9,2,True,-0.5683,0.82,.60-.70,
BNB/USDT,2025-03-13,LONG,0.6979,579.9,588.1,1,True,1.414,0.4979,.60-.70,
BNB/USDT,2025-03-16,LONG,0.6705,602.4,632.0,1,True,4.9137,0.8194,.60-.70,
BNB/USDT,2025-03-18,LONG,0.5995,627.7,630.3,2,True,0.4142,0.189,.55-.60,
BNB/USDT,2025-03-19,LONG,0.6397,618.4,630.3,1,True,1.9243,0.4104,.60-.70,
BNB/USDT,2025-03-21,LONG,0.9402,635.1,623.6,2,True,-1.8107,0.2182,>.80,
BNB/USDT,2025-03-22,LONG,0.611,627.0,623.6,1,True,-0.5423,0.3685,.60-.70,
BNB/USDT,2025-03-26,LONG,0.6006,618.0,604.8,5,False,-2.1359,0.6366,.60-.70,
BNB/USDT,2025-03-27,LONG,0.5607,637.0,611.1,5,False,-4.0659,1.0061,.55-.60,1-1.5x
BNB/USDT,2025-03-30,LONG,0.6717,602.3,597.8,5,False,-0.7471,0.0257,.60-.70,
BNB/USDT,2025-04-01,LONG,0.5578,611.1,555.6,5,False,-9.082,0.4366,.55-.60,
BNB/USDT,2025-04-06,LONG,0.7675,555.6,578.2,4,True,4.0677,2.9299,.70-.80,2-3x
SOL/USDT,2024-08-27,LONG,0.561,146.8,140.02,2,True,-4.6185,1.4396,.55-.60,1-1.5x
SOL/USDT,2024-09-05,LONG,0.7178,129.4,135.05,4,True,4.3663,0.8604,.70-.80,
SOL/USDT,2024-09-08,LONG,0.6133,130.1,135.05,1,True,3.8048,0.5002,.60-.70,
SOL/USDT,2024-09-14,LONG,0.6043,137.15,142.86,5,False,4.1633,0.3875,.60-.70,
SOL/USDT,2024-09-18,LONG,0.639,134.32,144.79,5,False,7.7948,0.6675,.60-.70,
SOL/USDT,2024-09-21,LONG,0.6096,149.46,155.51,5,False,4.0479,0.586,.60-.70,
SOL/USDT,2024-09-22,LONG,0.6256,144.63,157.63,5,False,8.9885,1.0044,.60-.70,1-1.5x
SOL/USDT,2024-09-25,LONG,0.551,147.95,156.79,3,True,5.975,1.0514,.55-.60,1-1.5x
SOL/USDT,2024-10-07,LONG,0.5912,143.98,145.5,4,True,1.0557,0.5043,.55-.60,
SOL/USDT,2024-10-09,LONG,0.6092,139.33,145.5,2,True,4.4283,0.9303,.60-.70,
SOL/USDT,2024-10-10,LONG,0.5889,139.05,145.5,1,True,4.6386,0.0656,.55-.60,
SOL/USDT,2024-10-12,LONG,0.5872,146.38,154.25,4,True,5.3764,0.1928,.55-.60,
SOL/USDT,2024-10-15,LONG,0.5532,154.74,154.25,1,True,-0.3167,0.5631,.55-.60,
SOL/USDT,2024-10-24,LONG,0.9193,177.2,164.89,1,True,-6.947,1.4103,>.80,1-1.5x
SOL/USDT,2024-10-26,LONG,0.5796,170.89,178.29,2,True,4.3303,1.1324,.55-.60,1-1.5x
SOL/USDT,2024-10-27,LONG,0.9015,176.64,178.29,1,True,0.9341,1.0504,>.80,1-1.5x
SOL/USDT,2024-10-29,LONG,0.6734,179.43,174.86,1,True,-2.547,0.21,.60-.70,
SOL/USDT,2024-11-01,LONG,0.6129,166.1,166.16,1,True,0.0361,0.4668,.60-.70,
SOL/USDT,2024-11-03,LONG,0.5908,162.5,196.33,4,True,20.8185,0.7386,.55-.60,
SOL/USDT,2024-11-04,LONG,0.6882,157.95,196.33,3,True,24.2988,0.9255,.60-.70,
SOL/USDT,2024-11-09,LONG,0.6145,199.91,210.08,1,True,5.0873,0.0074,.60-.70,
SOL/USDT,2024-11-15,LONG,0.9745,218.48,215.73,1,True,-1.2587,1.0303,>.80,1-1.5x
SOL/USDT,2024-11-17,LONG,0.9368,237.46,239.78,1,True,0.977,2.1871,>.80,2-3x
SOL/USDT,2024-11-22,LONG,0.6449,256.95,252.75,2,True,-1.6346,0.0465,.60-.70,
SOL/USDT,2024-11-25,LONG,0.5879,234.22,241.97,2,True,3.3089,1.4969,.55-.60,1-1.5x
SOL/USDT,2024-11-30,LONG,0.8669,237.61,235.87,5,False,-0.7323,0.5448,>.80,
SOL/USDT,2024-12-02,LONG,0.6354,225.75,236.83,4,True,4.9081,1.1241,.60-.70,1-1.5x
SOL/USDT,2024-12-05,LONG,0.7232,235.87,236.83,1,True,0.407,0.7113,.70-.80,
SOL/USDT,2024-12-07,LONG,0.8213,238.1,237.04,1,True,-0.4452,0.1556,>.80,
SOL/USDT,2024-12-16,LONG,0.6233,216.21,223.17,1,True,3.2191,1.044,.60-.70,1-1.5x
SOL/USDT,2024-12-18,LONG,0.8673,206.56,190.1,5,False,-7.9686,2.0252,>.80,2-3x
SOL/USDT,2024-12-19,LONG,0.5712,193.8,197.13,5,False,1.7183,1.6254,.55-.60,1.5-2x
SOL/USDT,2024-12-21,LONG,0.5834,181.43,197.13,3,True,8.6535,1.6734,.55-.60,1.5-2x
SOL/USDT,2024-12-23,LONG,0.6254,190.1,197.13,1,True,3.6981,1.311,.60-.70,1-1.5x
SOL/USDT,2024-12-27,LONG,0.5667,184.23,189.96,2,True,3.1102,0.5401,.55-.60,
SOL/USDT,2024-12-28,LONG,0.7813,195.51,189.96,1,True,-2.8387,1.3712,.70-.80,1-1.5x
SOL/USDT,2025-01-04,LONG,0.6263,216.64,218.23,2,True,0.7339,0.1437,.60-.70,
SOL/USDT,2025-01-08,LONG,0.6322,197.48,184.96,1,True,-6.3399,0.5741,.60-.70,
SOL/USDT,2025-01-12,LONG,0.8528,188.51,182.81,1,True,-3.0237,0.0571,>.80,
SOL/USDT,2025-01-18,LONG,0.5917,261.95,257.33,1,True,-1.7637,3.3404,.55-.60,3-5x
SOL/USDT,2025-01-24,LONG,0.5906,253.38,256.41,1,True,1.1958,0.0195,.55-.60,
SOL/USDT,2025-02-01,LONG,0.8417,212.98,216.25,2,True,1.5354,1.33,>.80,1-1.5x
SOL/USDT,2025-02-02,LONG,0.8988,203.5,216.25,1,True,6.2654,0.724,>.80,
SOL/USDT,2025-02-06,LONG,0.6618,189.55,197.99,5,False,4.4527,0.5545,.60-.70,
SOL/USDT,2025-02-07,LONG,0.5557,191.97,197.99,4,True,3.1359,0.3301,.55-.60,
SOL/USDT,2025-02-17,LONG,0.6384,177.54,168.91,4,True,-4.8609,1.5434,.60-.70,1.5-2x
SOL/USDT,2025-02-23,LONG,0.6608,167.95,148.13,5,False,-11.8011,0.8071,.60-.70,
SOL/USDT,2025-02-24,LONG,0.5963,141.81,148.13,4,True,4.4567,3.5896,.55-.60,3-5x
SOL/USDT,2025-02-27,LONG,0.7922,137.69,148.13,1,True,7.5822,0.3941,.70-.80,
SOL/USDT,2025-03-03,LONG,0.7393,142.16,144.79,1,True,1.85,2.3344,.70-.80,2-3x
SOL/USDT,2025-03-06,LONG,0.9203,143.29,139.39,1,True,-2.7218,0.2316,>.80,
SOL/USDT,2025-03-12,LONG,0.5896,126.62,133.56,2,True,5.481,0.1115,.55-.60,
SOL/USDT,2025-03-15,LONG,0.6016,135.87,127.61,5,False,-6.0793,0.1888,.60-.70,
SOL/USDT,2025-03-16,LONG,0.5636,126.13,128.47,5,False,1.8552,0.8317,.55-.60,
SOL/USDT,2025-03-31,LONG,0.747,124.56,117.44,2,True,-5.7161,0.0496,.70-.80,
SOL/USDT,2025-04-01,LONG,0.6176,126.7,117.44,1,True,-7.3086,0.3928,.60-.70,
SOL/USDT,2025-04-05,LONG,0.6916,120.32,105.4,3,True,-12.4003,0.4924,.60-.70,
XRP/USDT,2024-08-27,LONG,0.5717,0.5666,0.5662,4,True,-0.0706,1.2557,.55-.60,1-1.5x
XRP/USDT,2024-08-30,LONG,0.5742,0.5667,0.5662,1,True,-0.0882,0.3353,.55-.60,
XRP/USDT,2024-09-02,LONG,0.7169,0.5677,0.5573,1,True,-1.832,1.6333,.70-.80,1.5-2x
XRP/USDT,2024-09-07,LONG,0.5823,0.5249,0.5294,1,True,0.8573,0.2961,.55-.60,
XRP/USDT,2024-09-15,LONG,0.6097,0.5706,0.5838,2,True,2.3134,1.5581,.60-.70,1.5-2x
XRP/USDT,2024-09-18,LONG,0.7608,0.5853,0.5976,3,True,2.1015,0.098,.70-.80,
XRP/USDT,2024-09-20,LONG,0.6273,0.585,0.5976,1,True,2.1538,0.1235,.60-.70,
XRP/USDT,2024-09-25,LONG,0.5974,0.5829,0.6114,5,False,4.8893,0.5901,.55-.60,
XRP/USDT,2024-09-26,LONG,0.5778,0.5904,0.597,5,False,1.1179,0.6174,.55-.60,
XRP/USDT,2024-10-01,LONG,0.6966,0.597,0.5339,3,True,-10.5695,0.858,.60-.70,
XRP/USDT,2024-10-02,LONG,0.6493,0.5385,0.5339,2,True,-0.8542,2.888,.60-.70,2-3x
XRP/USDT,2024-10-10,LONG,0.5983,0.5305,0.5416,5,False,2.0924,0.3613,.55-.60,
XRP/USDT,2024-10-12,LONG,0.5956,0.5393,0.5441,5,False,0.89,0.0356,.55-.60,
XRP/USDT,2024-10-15,LONG,0.6054,0.5416,0.5441,2,True,0.4616,0.38,.60-.70,
XRP/USDT,2024-10-18,LONG,0.5575,0.5466,0.5441,1,True,-0.4574,0.1514,.55-.60,
XRP/USDT,2024-10-20,LONG,0.5714,0.5481,0.5449,1,True,-0.5838,0.276,.55-.60,
XRP/USDT,2024-10-27,LONG,0.7445,0.517,0.5193,1,True,0.4449,0.3657,.70-.80,
XRP/USDT,2024-10-31,LONG,0.6407,0.5096,0.5037,4,True,-1.1578,1.3231,.60-.70,1-1.5x
XRP/USDT,2024-11-03,LONG,0.6151,0.5031,0.5037,1,True,0.1193,0.8175,.60-.70,
XRP/USDT,2024-11-05,LONG,0.6284,0.514,0.5592,4,True,8.7938,1.1274,.60-.70,1-1.5x
XRP/USDT,2024-11-06,LONG,0.7998,0.5419,0.5592,3,True,3.1925,2.4497,.70-.80,2-3x
XRP/USDT,2024-11-10,LONG,0.5742,0.5883,0.8921,5,False,51.6403,2.0435,.55-.60,2-3x
XRP/USDT,2024-11-11,LONG,0.5583,0.6206,0.8921,4,True,43.748,2.0209,.55-.60,2-3x
XRP/USDT,2024-11-16,LONG,0.8666,1.1207,1.0542,1,True,-5.9338,3.5528,>.80,3-5x
XRP/USDT,2024-11-20,LONG,0.8298,1.1042,1.433,4,True,29.7772,0.0466,>.80,
XRP/USDT,2024-11-22,LONG,0.6357,1.4729,1.433,2,True,-2.7089,2.2525,.60-.70,2-3x
XRP/USDT,2024-11-23,LONG,0.574,1.4686,1.433,1,True,-2.4241,0.0365,.55-.60,
XRP/USDT,2024-11-26,LONG,0.7872,1.3984,1.5422,2,True,10.2832,0.1302,.70-.80,
XRP/USDT,2024-11-27,LONG,0.7127,1.4694,1.5422,1,True,4.9544,0.6085,.70-.80,
XRP/USDT,2024-11-30,LONG,0.7576,1.9514,2.2456,5,False,15.0764,0.9833,.70-.80,
XRP/USDT,2024-12-01,LONG,0.6659,2.2957,2.4252,5,False,5.641,1.9857,.60-.70,1.5-2x
XRP/USDT,2024-12-03,LONG,0.6288,2.5102,2.4252,3,True,-3.3862,0.8233,.60-.70,
XRP/USDT,2024-12-04,LONG,0.5949,2.3573,2.4252,2,True,2.8804,0.6148,.55-.60,
XRP/USDT,2024-12-05,LONG,0.8115,2.2456,2.4252,1,True,7.9979,0.4763,>.80,
XRP/USDT,2024-12-11,LONG,0.5635,2.3946,2.4222,2,True,1.1526,0.1089,.55-.60,
XRP/USDT,2024-12-12,LONG,0.7316,2.3382,2.4222,1,True,3.5925,0.2696,.70-.80,
XRP/USDT,2024-12-16,LONG,0.5715,2.484,2.31,2,True,-7.0048,0.176,.55-.60,
XRP/USDT,2024-12-17,LONG,0.6858,2.5671,2.31,1,True,-10.0152,0.3911,.60-.70,
XRP/USDT,2024-12-21,LONG,0.5745,2.2382,2.1557,5,False,-3.686,0.2483,.55-.60,
XRP/USDT,2024-12-27,LONG,0.6261,2.1466,2.0939,2,True,-2.455,0.0847,.60-.70,
XRP/USDT,2025-01-08,LONG,0.6048,2.3728,2.5233,5,False,6.3427,1.1254,.60-.70,1-1.5x
XRP/USDT,2025-01-21,LONG,0.7886,3.174,3.1189,2,True,-1.736,0.3826,.70-.80,
XRP/USDT,2025-01-22,LONG,0.9028,3.18,3.1189,1,True,-1.9214,0.0326,>.80,
XRP/USDT,2025-01-31,LONG,0.5594,3.0362,2.7,3,True,-11.0731,0.5707,.55-.60,
XRP/USDT,2025-02-01,LONG,0.7029,2.8775,2.7,2,True,-6.1685,0.9952,.70-.80,
XRP/USDT,2025-02-02,LONG,0.5948,2.5803,2.7,1,True,4.639,1.7765,.55-.60,1.5-2x
XRP/USDT,2025-02-06,LONG,0.7145,2.325,2.3961,1,True,3.0581,0.572,.70-.80,
XRP/USDT,2025-02-12,LONG,0.6303,2.4732,2.7388,2,True,10.7391,0.6863,.60-.70,
XRP/USDT,2025-02-26,LONG,0.5974,2.1982,2.1455,2,True,-2.3974,1.2687,.55-.60,1-1.5x
XRP/USDT,2025-03-01,LONG,0.7731,2.1915,2.3874,2,True,8.9391,0.5119,.70-.80,
XRP/USDT,2025-03-05,LONG,0.726,2.5,2.0212,5,False,-19.152,0.1879,.70-.80,
XRP/USDT,2025-03-06,LONG,0.5913,2.5999,2.0212,4,True,-22.2585,0.4096,.55-.60,
XRP/USDT,2025-03-09,LONG,0.8906,2.1386,2.0212,1,True,-5.4896,0.7964,>.80,
XRP/USDT,2025-03-12,LONG,0.6169,2.2396,2.3566,2,True,5.2241,0.3115,.60-.70,
XRP/USDT,2025-03-13,LONG,0.6676,2.2525,2.3566,1,True,4.6215,0.0568,.60-.70,
XRP/USDT,2025-03-16,LONG,0.686,2.2938,2.3804,5,False,3.7754,0.4134,.60-.70,
XRP/USDT,2025-03-19,LONG,0.5939,2.5475,2.439,4,True,-4.2591,1.1369,.55-.60,1-1.5x
XRP/USDT,2025-03-30,LONG,0.5901,2.1367,2.024,3,True,-5.2745,0.0211,.55-.60,
XRP/USDT,2025-04-01,LONG,0.6207,2.1389,2.024,1,True,-5.3719,0.6036,.60-.70,
XRP/USDT,2025-04-03,LONG,0.5894,2.0646,1.8984,4,True,-8.05,0.5142,.55-.60,
XRP/USDT,2025-04-05,LONG,0.6157,2.1444,1.8984,2,True,-11.4717,0.1668,.60-.70,
XRP/USDT,2025-04-06,LONG,0.6899,1.9219,1.8984,1,True,-1.2227,2.3321,.60-.70,2-3x
ADA/USDT,2024-08-29,LONG,0.5639,0.3578,0.3312,3,True,-7.4343,0.6919,.55-.60,
ADA/USDT,2024-09-02,LONG,0.5602,0.3363,0.3232,2,True,-3.8953,0.4994,.55-.60,
ADA/USDT,2024-09-03,LONG,0.5721,0.3184,0.3232,1,True,1.5075,1.6152,.55-.60,1.5-2x
ADA/USDT,2024-09-08,LONG,0.6233,0.339,0.3435,1,True,1.3274,1.2281,.60-.70,1-1.5x
ADA/USDT,2024-09-13,LONG,0.6898,0.3605,0.3338,4,True,-7.4064,0.3972,.60-.70,
ADA/USDT,2024-09-15,LONG,0.6209,0.3388,0.3338,2,True,-1.4758,1.5122,.60-.70,1.5-2x
ADA/USDT,2024-09-16,LONG,0.8016,0.3303,0.3338,1,True,1.0596,0.9171,>.80,
ADA/USDT,2024-09-18,LONG,0.5726,0.3442,0.3637,5,False,5.6653,1.1125,.55-.60,1-1.5x
ADA/USDT,2024-09-19,LONG,0.6183,0.3509,0.3878,5,False,10.5158,0.7075,.60-.70,
ADA/USDT,2024-09-25,LONG,0.6269,0.381,0.4018,2,True,5.4593,0.6332,.60-.70,
ADA/USDT,2024-09-28,LONG,0.5826,0.4006,0.3978,1,True,-0.699,0.1121,.55-.60,
ADA/USDT,2024-10-01,LONG,0.5678,0.3521,0.3576,5,False,1.5621,1.7153,.55-.60,1.5-2x
ADA/USDT,2024-10-03,LONG,0.6242,0.3452,0.3576,3,True,3.5921,0.1736,.60-.70,
ADA/USDT,2024-10-04,LONG,0.6733,0.3517,0.3576,2,True,1.6776,0.5597,.60-.70,
ADA/USDT,2024-10-05,LONG,0.6289,0.351,0.3576,1,True,1.8803,0.062,.60-.70,
ADA/USDT,2024-10-08,LONG,0.5612,0.345,0.3488,5,False,1.1014,0.5593,.55-.60,
ADA/USDT,2024-10-09,LONG,0.557,0.3396,0.3644,5,False,7.3027,0.4979,.55-.60,
ADA/USDT,2024-10-10,LONG,0.604,0.3396,0.3591,5,False,5.742,0.0,.60-.70,
ADA/USDT,2024-10-11,LONG,0.6543,0.3517,0.3521,5,False,0.1137,1.105,.60-.70,1-1.5x
ADA/USDT,2024-10-12,LONG,0.7653,0.3532,0.3434,5,False,-2.7746,0.1334,.70-.80,
ADA/USDT,2024-10-14,LONG,0.6259,0.3644,0.3516,5,False,-3.5126,1.5465,.60-.70,1.5-2x
ADA/USDT,2024-10-15,LONG,0.7997,0.3591,0.365,5,False,1.643,0.5042,.70-.80,
ADA/USDT,2024-10-21,LONG,0.5985,0.3607,0.3501,2,True,-2.9387,0.5431,.55-.60,
ADA/USDT,2024-10-24,LONG,0.6377,0.3465,0.3262,1,True,-5.8586,0.4558,.60-.70,
ADA/USDT,2024-10-26,LONG,0.6537,0.3338,0.3399,1,True,1.8274,0.8873,.60-.70,
ADA/USDT,2024-10-29,LONG,0.6888,0.3562,0.3551,1,True,-0.3088,1.3478,.60-.70,1-1.5x
ADA/USDT,2024-10-31,LONG,0.6877,0.3417,0.3483,2,True,1.9315,1.3729,.60-.70,1-1.5x
ADA/USDT,2024-11-04,LONG,0.5683,0.3264,0.4067,3,True,24.6017,0.7694,.55-.60,
ADA/USDT,2024-11-06,LONG,0.6977,0.363,0.4067,1,True,12.0386,2.478,.60-.70,2-3x
ADA/USDT,2024-11-08,LONG,0.581,0.4446,0.613,3,True,37.8767,1.9443,.55-.60,1.5-2x
ADA/USDT,2024-11-09,LONG,0.6794,0.4967,0.613,2,True,23.4145,2.2067,.60-.70,2-3x
ADA/USDT,2024-11-10,LONG,0.9497,0.5901,0.613,1,True,3.8807,2.8964,>.80,2-3x
ADA/USDT,2024-11-15,LONG,0.9997,0.7071,0.7024,2,True,-0.6647,2.9016,>.80,2-3x
ADA/USDT,2024-11-16,LONG,0.9696,0.7415,0.7024,1,True,-5.2731,0.6376,>.80,
ADA/USDT,2024-11-20,LONG,0.964,0.8001,1.0175,2,True,27.1716,1.0794,>.80,1-1.5x
ADA/USDT,2024-11-21,LONG,0.6366,0.8214,1.0175,1,True,23.8739,0.3452,.60-.70,
ADA/USDT,2024-11-23,LONG,0.6112,1.0657,1.032,5,False,-3.1622,0.5686,.60-.70,
ADA/USDT,2024-11-24,LONG,0.6106,1.0224,1.0755,5,False,5.1937,0.4816,.60-.70,
ADA/USDT,2024-12-01,LONG,0.5588,1.1499,1.1869,3,True,3.2177,0.8272,.55-.60,
ADA/USDT,2024-12-09,LONG,0.5762,1.0031,1.061,5,False,5.7721,2.1006,.55-.60,2-3x
ADA/USDT,2024-12-14,LONG,0.6186,1.061,1.0773,2,True,1.5363,0.9913,.60-.70,
ADA/USDT,2024-12-15,LONG,0.7084,1.0996,1.0773,1,True,-2.028,0.7103,.70-.80,
ADA/USDT,2024-12-23,LONG,0.6176,0.9265,0.8896,5,False,-3.9827,0.8244,.60-.70,
ADA/USDT,2024-12-27,LONG,0.596,0.877,0.9225,5,False,5.1881,0.3195,.55-.60,
ADA/USDT,2025-01-10,LONG,0.562,0.9304,0.9444,3,True,1.5047,0.5531,.55-.60,
ADA/USDT,2025-01-12,LONG,0.5579,0.9676,0.9444,1,True,-2.3977,0.5217,.55-.60,
ADA/USDT,2025-01-21,LONG,0.8382,1.006,0.9866,2,True,-1.9284,0.0573,>.80,
ADA/USDT,2025-01-22,LONG,0.9302,0.9823,0.9866,1,True,0.4377,0.4153,>.80,
ADA/USDT,2025-01-28,LONG,0.6182,0.9169,0.9595,2,True,4.6461,0.4536,.60-.70,
ADA/USDT,2025-02-01,LONG,0.7552,0.8948,0.8119,2,True,-9.2646,1.3054,.70-.80,1-1.5x
ADA/USDT,2025-02-02,LONG,0.894,0.8046,0.8119,1,True,0.9073,2.2663,>.80,2-3x
ADA/USDT,2025-02-05,LONG,0.5986,0.7326,0.712,5,False,-2.8119,0.3901,.55-.60,
ADA/USDT,2025-02-06,LONG,0.5948,0.7051,0.7782,5,False,10.3673,1.0172,.55-.60,1-1.5x
ADA/USDT,2025-02-07,LONG,0.6891,0.7073,0.7996,5,False,13.0496,0.0835,.60-.70,
ADA/USDT,2025-02-09,LONG,0.859,0.6816,0.7998,5,False,17.3415,0.8654,>.80,
ADA/USDT,2025-02-11,LONG,0.6929,0.7782,0.7998,3,True,2.7756,2.2108,.60-.70,2-3x
ADA/USDT,2025-02-12,LONG,0.7354,0.7996,0.7998,2,True,0.025,0.6424,.70-.80,
ADA/USDT,2025-02-20,LONG,0.5975,0.8037,0.683,5,False,-15.018,0.813,.55-.60,
ADA/USDT,2025-02-27,LONG,0.5572,0.6453,0.6328,1,True,-1.9371,0.0699,.55-.60,
ADA/USDT,2025-03-01,LONG,0.5969,0.6591,0.9739,4,True,47.7621,0.8794,.55-.60,
ADA/USDT,2025-03-03,LONG,0.5531,0.8576,0.9739,2,True,13.5611,1.3672,.55-.60,1-1.5x
ADA/USDT,2025-03-04,LONG,0.5882,0.9412,0.9739,1,True,3.4743,0.542,.55-.60,
ADA/USDT,2025-03-06,LONG,0.9709,0.9063,0.8183,1,True,-9.7098,0.3837,>.80,
ADA/USDT,2025-03-12,LONG,0.6462,0.7361,0.7028,1,True,-4.5238,0.0897,.60-.70,
ADA/USDT,2025-03-15,LONG,0.6226,0.7467,0.718,5,False,-3.8436,0.069,.60-.70,
ADA/USDT,2025-03-22,LONG,0.5523,0.7013,0.729,4,True,3.9498,0.0664,.55-.60,
ADA/USDT,2025-03-31,LONG,0.5756,0.6619,0.6547,5,False,-1.0878,0.0372,.55-.60,
ADA/USDT,2025-04-06,LONG,0.611,0.5737,0.6238,5,False,8.7328,3.1474,.60-.70,3-5x
AVAX/USDT,2024-08-27,LONG,0.5539,24.088,23.448,1,True,-2.6569,1.4107,.55-.60,1-1.5x
AVAX/USDT,2024-08-30,LONG,0.6336,23.277,21.902,5,False,-5.9071,0.417,.60-.70,
AVAX/USDT,2024-09-02,LONG,0.5575,22.366,21.902,2,True,-2.0746,1.1088,.55-.60,1-1.5x
AVAX/USDT,2024-09-03,LONG,0.5609,21.37,21.902,1,True,2.4895,1.0788,.55-.60,1-1.5x
AVAX/USDT,2024-09-05,LONG,0.5548,21.373,21.789,2,True,1.9464,0.5911,.55-.60,
AVAX/USDT,2024-09-14,LONG,0.7041,25.322,26.664,5,False,5.2997,0.4245,.70-.80,
AVAX/USDT,2024-09-16,LONG,0.5998,23.519,27.787,5,False,18.147,0.3279,.55-.60,
AVAX/USDT,2024-09-18,LONG,0.7332,24.708,27.787,3,True,12.4616,1.0623,.70-.80,1-1.5x
AVAX/USDT,2024-09-19,LONG,0.706,26.664,27.787,2,True,4.2117,1.9616,.70-.80,1.5-2x
AVAX/USDT,2024-09-25,LONG,0.6368,27.293,29.29,3,True,7.3169,1.144,.60-.70,1-1.5x
AVAX/USDT,2024-10-10,LONG,0.8617,25.86,27.464,1,True,6.2026,0.0778,>.80,
AVAX/USDT,2024-10-13,LONG,0.7026,29.046,29.07,1,True,0.0826,0.3497,.70-.80,
AVAX/USDT,2024-10-21,LONG,0.7523,27.757,26.769,2,True,-3.5595,1.3045,.70-.80,1-1.5x
AVAX/USDT,2024-10-22,LONG,0.6799,27.63,26.769,1,True,-3.1162,0.1439,.60-.70,
AVAX/USDT,2024-10-27,LONG,0.7044,25.763,26.18,3,True,1.6186,0.4525,.70-.80,
AVAX/USDT,2024-11-15,LONG,0.9896,33.116,35.489,3,True,7.1657,1.1594,>.80,1-1.5x
AVAX/USDT,2024-11-16,LONG,0.9927,35.142,35.489,2,True,0.9874,1.1274,>.80,1-1.5x
AVAX/USDT,2024-11-17,LONG,0.6669,34.721,35.489,1,True,2.2119,0.2192,.60-.70,
AVAX/USDT,2024-11-20,LONG,0.745,33.586,41.32,5,False,23.0275,0.3351,.70-.80,
AVAX/USDT,2024-11-26,LONG,0.9502,42.726,45.093,5,False,5.54,0.5355,>.80,
AVAX/USDT,2024-11-28,LONG,0.5638,42.771,50.868,5,False,18.9311,0.3563,.55-.60,
AVAX/USDT,2024-11-29,LONG,0.7292,44.859,52.764,5,False,17.6219,0.7641,.70-.80,
AVAX/USDT,2024-12-02,LONG,0.8166,52.279,52.469,4,True,0.3634,2.4305,>.80,2-3x
AVAX/USDT,2024-12-03,LONG,0.5648,50.868,52.469,3,True,3.1474,0.411,.55-.60,
AVAX/USDT,2024-12-05,LONG,0.607,50.282,52.469,1,True,4.3495,0.7297,.60-.70,
AVAX/USDT,2024-12-07,LONG,0.6928,51.581,53.979,1,True,4.649,0.2637,.60-.70,
AVAX/USDT,2024-12-09,LONG,0.7457,45.004,53.134,3,True,18.0651,2.1822,.70-.80,2-3x
AVAX/USDT,2024-12-11,LONG,0.6547,48.463,53.134,1,True,9.6383,1.1235,.60-.70,1-1.5x
AVAX/USDT,2024-12-14,LONG,0.5736,49.855,38.822,5,False,-22.1302,0.8357,.55-.60,
AVAX/USDT,2024-12-15,LONG,0.7467,50.794,39.852,5,False,-21.5419,0.2839,.70-.80,
AVAX/USDT,2024-12-23,LONG,0.6492,39.105,37.735,5,False,-3.5034,1.0345,.60-.70,1-1.5x
AVAX/USDT,2024-12-25,LONG,0.5695,40.257,35.831,4,True,-10.9944,0.3537,.55-.60,
AVAX/USDT,2024-12-27,LONG,0.7501,36.561,35.831,2,True,-1.9967,0.3026,.70-.80,
AVAX/USDT,2024-12-31,LONG,0.5884,35.707,41.946,3,True,17.4728,0.1452,.55-.60,
AVAX/USDT,2025-01-02,LONG,0.6304,39.286,41.946,1,True,6.7709,0.7935,.60-.70,
AVAX/USDT,2025-01-10,LONG,0.5971,36.691,35.292,3,True,-3.8129,0.2865,.55-.60,
AVAX/USDT,2025-01-11,LONG,0.6284,37.126,35.292,2,True,-4.9399,0.2471,.60-.70,
AVAX/USDT,2025-01-12,LONG,0.6286,36.525,35.292,1,True,-3.3758,0.3565,.60-.70,
AVAX/USDT,2025-01-21,LONG,0.5956,36.944,35.588,2,True,-3.6704,0.5194,.55-.60,
AVAX/USDT,2025-01-22,LONG,0.7798,36.784,35.588,1,True,-3.2514,0.0895,.70-.80,
AVAX/USDT,2025-01-26,LONG,0.7364,35.745,34.289,4,True,-4.0733,0.5129,.70-.80,
AVAX/USDT,2025-01-27,LONG,0.5627,34.195,34.289,3,True,0.2749,1.0733,.55-.60,1-1.5x
AVAX/USDT,2025-01-28,LONG,0.5581,32.075,34.289,2,True,6.9026,1.4969,.55-.60,1-1.5x
AVAX/USDT,2025-01-29,LONG,0.5542,32.782,34.289,1,True,4.597,0.5322,.55-.60,
AVAX/USDT,2025-02-01,LONG,0.9227,32.099,28.411,2,True,-11.4895,1.4913,>.80,1-1.5x
AVAX/USDT,2025-02-02,LONG,0.8704,27.633,28.411,1,True,2.8155,2.5892,>.80,2-3x
AVAX/USDT,2025-02-06,LONG,0.7397,24.513,25.395,5,False,3.5981,1.0856,.70-.80,1-1.5x
AVAX/USDT,2025-02-07,LONG,0.5554,24.465,25.395,4,True,3.8013,0.0412,.55-.60,
AVAX/USDT,2025-02-09,LONG,0.9914,24.88,25.395,2,True,2.0699,0.266,>.80,
AVAX/USDT,2025-02-10,LONG,0.6329,25.669,25.395,1,True,-1.0674,0.6981,.60-.70,
AVAX/USDT,2025-02-15,LONG,0.6591,25.493,24.866,1,True,-2.4595,0.7068,.60-.70,
AVAX/USDT,2025-02-17,LONG,0.6594,25.041,25.837,5,False,3.1788,0.1518,.60-.70,
AVAX/USDT,2025-02-20,LONG,0.5684,25.148,21.952,5,False,-12.7088,1.227,.55-.60,1-1.5x
AVAX/USDT,2025-02-26,LONG,0.5558,21.89,22.368,2,True,2.1836,0.0667,.55-.60,
AVAX/USDT,2025-02-27,LONG,0.7178,22.534,22.368,1,True,-0.7367,0.6835,.70-.80,
AVAX/USDT,2025-03-04,LONG,0.6063,20.001,17.972,5,False,-10.1445,0.7085,.60-.70,
AVAX/USDT,2025-03-06,LONG,0.5778,20.998,17.514,5,False,-16.5921,0.5035,.55-.60,
AVAX/USDT,2025-03-07,LONG,0.6389,20.145,17.514,4,True,-13.0603,0.609,.60-.70,
AVAX/USDT,2025-03-10,LONG,0.6364,16.261,17.514,1,True,7.7056,1.3021,.60-.70,1-1.5x
AVAX/USDT,2025-03-19,LONG,0.6934,19.73,18.746,1,True,-4.9873,0.5312,.60-.70,
AVAX/USDT,2025-03-23,LONG,0.6203,19.81,22.904,2,True,15.6184,0.3461,.60-.70,
AVAX/USDT,2025-03-31,LONG,0.7092,18.773,18.19,4,True,-3.1055,0.1002,.70-.80,
AVAX/USDT,2025-04-01,LONG,0.5873,19.82,18.19,3,True,-8.224,1.2771,.55-.60,1-1.5x
AVAX/USDT,2025-04-05,LONG,0.6869,17.881,18.44,4,True,3.1262,0.3724,.60-.70,
AVAX/USDT,2025-04-06,LONG,0.6753,16.05,18.44,3,True,14.891,2.033,.60-.70,2-3x
DOT/USDT,2024-08-27,LONG,0.6134,4.384,4.074,5,False,-7.0712,1.2031,.60-.70,1-1.5x
DOT/USDT,2024-08-29,LONG,0.6408,4.252,4.057,5,False,-4.5861,0.025,.60-.70,
DOT/USDT,2024-09-02,LONG,0.6372,4.21,4.023,3,True,-4.4418,1.1872,.60-.70,1-1.5x
DOT/USDT,2024-09-03,LONG,0.6544,4.057,4.023,2,True,-0.8381,1.291,.60-.70,1-1.5x
DOT/USDT,2024-09-13,LONG,0.6724,4.424,4.394,2,True,-0.6781,1.0697,.60-.70,1-1.5x
DOT/USDT,2024-09-14,LONG,0.5949,4.437,4.394,1,True,-0.9691,0.1073,.55-.60,
DOT/USDT,2024-09-18,LONG,0.7357,4.178,4.462,3,True,6.7975,0.1953,.70-.80,
DOT/USDT,2024-09-19,LONG,0.9088,4.253,4.462,2,True,4.9142,0.72,>.80,
DOT/USDT,2024-09-20,LONG,0.8385,4.34,4.462,1,True,2.8111,0.8079,>.80,
DOT/USDT,2024-09-30,LONG,0.5765,4.433,4.139,5,False,-6.6321,2.4,.55-.60,2-3x
DOT/USDT,2024-10-03,LONG,0.7961,4.131,4.104,5,False,-0.6536,0.2107,.70-.80,
DOT/USDT,2024-10-04,LONG,0.787,4.193,4.025,5,False,-4.0067,0.477,.70-.80,
DOT/USDT,2024-10-07,LONG,0.5742,4.129,4.204,5,False,1.8164,0.4985,.55-.60,
DOT/USDT,2024-10-10,LONG,0.7092,4.074,4.407,5,False,8.1738,0.4081,.70-.80,
DOT/USDT,2024-10-11,LONG,0.5647,4.17,4.317,5,False,3.5252,0.796,.55-.60,
DOT/USDT,2024-10-12,LONG,0.6033,4.204,4.193,5,False,-0.2617,0.2832,.60-.70,
DOT/USDT,2024-10-13,LONG,0.657,4.161,4.31,5,False,3.5809,0.3694,.60-.70,
DOT/USDT,2024-10-14,LONG,0.6274,4.376,4.431,5,False,1.2569,1.7973,.60-.70,1.5-2x
DOT/USDT,2024-10-18,LONG,0.6661,4.31,4.431,1,True,2.8074,0.9819,.60-.70,
DOT/USDT,2024-10-21,LONG,0.562,4.376,4.035,5,False,-7.7925,1.8666,.55-.60,1.5-2x
DOT/USDT,2024-10-22,LONG,0.6121,4.323,4.13,5,False,-4.4645,0.5104,.60-.70,
DOT/USDT,2024-10-24,LONG,0.6634,4.208,4.195,5,False,-0.3089,0.039,.60-.70,
DOT/USDT,2024-10-26,LONG,0.6404,4.035,4.195,3,True,3.9653,0.3751,.60-.70,
DOT/USDT,2024-10-28,LONG,0.7853,4.134,4.195,1,True,1.4756,0.0358,.70-.80,
DOT/USDT,2024-11-02,LONG,0.5963,3.908,4.165,5,False,6.5763,0.0353,.55-.60,
DOT/USDT,2024-11-04,LONG,0.6267,3.752,4.629,5,False,23.3742,0.3304,.60-.70,
DOT/USDT,2024-11-06,LONG,0.9038,4.11,5.709,5,False,38.9051,2.1089,>.80,2-3x
DOT/USDT,2024-11-07,LONG,0.5542,4.165,5.308,5,False,27.443,0.4397,.55-.60,
DOT/USDT,2024-11-09,LONG,0.9424,4.629,5.308,3,True,14.6684,2.0599,>.80,2-3x
DOT/USDT,2024-11-15,LONG,0.9553,5.161,5.807,4,True,12.517,1.4994,>.80,1-1.5x
DOT/USDT,2024-11-16,LONG,0.7198,5.783,5.807,3,True,0.415,2.0438,.70-.80,2-3x
DOT/USDT,2024-11-17,LONG,0.5658,5.423,5.807,2,True,7.081,1.0106,.55-.60,1-1.5x
DOT/USDT,2024-11-20,LONG,0.6578,5.72,5.93,1,True,3.6713,0.2335,.60-.70,
DOT/USDT,2024-11-22,LONG,0.7073,6.629,8.515,1,True,28.4507,1.7618,.70-.80,1.5-2x
DOT/USDT,2024-11-28,LONG,0.6766,8.615,9.785,5,False,13.581,0.2062,.60-.70,
DOT/USDT,2024-12-04,LONG,0.56,10.512,10.369,1,True,-1.3604,0.9276,.55-.60,
DOT/USDT,2024-12-08,LONG,0.5577,10.392,8.394,2,True,-19.2263,0.2546,.55-.60,
DOT/USDT,2024-12-12,LONG,0.5505,9.062,8.488,5,False,-6.3341,0.087,.55-.60,
DOT/USDT,2024-12-14,LONG,0.5739,8.557,8.488,3,True,-0.8064,0.982,.55-.60,
DOT/USDT,2024-12-15,LONG,0.7529,9.026,8.488,2,True,-5.9606,0.9338,.70-.80,
DOT/USDT,2024-12-16,LONG,0.7797,8.754,8.488,1,True,-3.0386,0.511,.70-.80,
DOT/USDT,2024-12-18,LONG,0.5637,7.679,7.291,2,True,-5.0527,1.5295,.55-.60,1.5-2x
DOT/USDT,2024-12-23,LONG,0.7193,7.385,7.117,5,False,-3.629,1.213,.70-.80,1-1.5x
DOT/USDT,2024-12-27,LONG,0.5661,6.91,7.117,1,True,2.9957,0.0545,.55-.60,
DOT/USDT,2024-12-31,LONG,0.5654,6.641,7.177,2,True,8.0711,0.21,.55-.60,
DOT/USDT,2025-01-04,LONG,0.5561,7.676,7.674,1,True,-0.0261,0.1984,.55-.60,
DOT/USDT,2025-01-11,LONG,0.6181,6.74,6.397,2,True,-5.089,0.0198,.60-.70,
DOT/USDT,2025-01-12,LONG,0.5711,6.633,6.397,1,True,-3.558,0.3859,.55-.60,
DOT/USDT,2025-01-23,LONG,0.594,6.351,6.321,1,True,-0.4724,0.3041,.55-.60,
DOT/USDT,2025-01-26,LONG,0.6826,6.178,6.125,4,True,-0.8579,0.4736,.60-.70,
DOT/USDT,2025-02-01,LONG,0.7442,5.906,5.177,2,True,-12.3434,1.3633,.70-.80,1-1.5x
DOT/USDT,2025-02-02,LONG,0.7205,5.152,5.177,1,True,0.4852,2.3144,.70-.80,2-3x
DOT/USDT,2025-02-06,LONG,0.7135,4.491,4.845,4,True,7.8824,0.8398,.70-.80,
DOT/USDT,2025-02-07,LONG,0.855,4.593,4.845,3,True,5.4866,0.4538,>.80,
DOT/USDT,2025-02-09,LONG,0.9932,4.765,4.845,1,True,1.6789,0.0922,>.80,
DOT/USDT,2025-02-14,LONG,0.7785,5.171,4.887,5,False,-5.4922,0.1554,.70-.80,
DOT/USDT,2025-02-15,LONG,0.6159,5.022,5.044,5,False,0.4381,0.5732,.60-.70,
DOT/USDT,2025-02-17,LONG,0.6332,4.89,5.059,4,True,3.456,0.0459,.60-.70,
DOT/USDT,2025-02-18,LONG,0.6039,4.77,5.059,3,True,6.0587,0.5018,.60-.70,
DOT/USDT,2025-02-19,LONG,0.5514,4.887,5.059,2,True,3.5195,0.5249,.55-.60,
DOT/USDT,2025-02-24,LONG,0.83,4.416,4.64,1,True,5.0725,2.8441,>.80,2-3x
DOT/USDT,2025-02-27,LONG,0.7418,4.935,4.713,1,True,-4.4985,0.9558,.70-.80,
DOT/USDT,2025-03-02,LONG,0.5639,5.203,4.474,1,True,-14.0111,2.4024,.55-.60,2-3x
DOT/USDT,2025-03-05,LONG,0.6329,4.523,3.869,5,False,-14.4594,0.8085,.60-.70,
DOT/USDT,2025-03-07,LONG,0.6164,4.414,4.042,4,True,-8.4277,0.0654,.60-.70,
DOT/USDT,2025-03-13,LONG,0.8036,3.981,4.185,1,True,5.1243,0.0531,>.80,
DOT/USDT,2025-03-15,LONG,0.6358,4.349,4.399,5,False,1.1497,0.6588,.60-.70,
DOT/USDT,2025-03-19,LONG,0.6124,4.539,4.502,4,True,-0.8152,0.3815,.60-.70,
DOT/USDT,2025-03-22,LONG,0.5694,4.446,4.502,1,True,1.2596,0.2501,.55-.60,
DOT/USDT,2025-03-25,LONG,0.5928,4.637,4.623,2,True,-0.3019,0.1096,.55-.60,
DOT/USDT,2025-03-28,LONG,0.5833,4.281,4.043,2,True,-5.5594,2.2094,.55-.60,2-3x
DOT/USDT,2025-03-29,LONG,0.6916,4.051,4.043,1,True,-0.1975,1.6497,.60-.70,1.5-2x
DOT/USDT,2025-04-02,LONG,0.5526,3.964,3.956,3,True,-0.2018,1.5153,.55-.60,1.5-2x
DOT/USDT,2025-04-06,LONG,0.7999,3.685,3.462,4,True,-6.0516,2.1038,.70-.80,2-3x
LTC/USDT,2024-08-27,LONG,0.831,60.4,61.83,1,True,2.3675,1.3744,>.80,1-1.5x
LTC/USDT,2024-09-01,LONG,0.6283,63.57,63.03,5,False,-0.8495,0.9145,.60-.70,
LTC/USDT,2024-09-04,LONG,0.6579,65.43,62.08,3,True,-5.12,0.6762,.60-.70,
LTC/USDT,2024-09-05,LONG,0.5797,66.06,62.08,2,True,-6.0248,0.416,.55-.60,
LTC/USDT,2024-09-06,LONG,0.6186,63.03,62.08,1,True,-1.5072,1.8389,.60-.70,1.5-2x
LTC/USDT,2024-09-09,LONG,0.6562,61.42,62.86,3,True,2.3445,0.3284,.60-.70,
LTC/USDT,2024-09-10,LONG,0.6297,61.54,62.86,2,True,2.1449,0.0797,.60-.70,
LTC/USDT,2024-09-11,LONG,0.8546,62.16,62.86,1,True,1.1261,0.4096,>.80,
LTC/USDT,2024-09-15,LONG,0.5925,63.28,65.41,4,True,3.366,1.6103,.55-.60,1.5-2x
LTC/USDT,2024-09-16,LONG,0.5659,62.64,65.41,3,True,4.4221,0.4423,.55-.60,
LTC/USDT,2024-09-21,LONG,0.581,66.84,66.98,2,True,0.2095,1.1048,.55-.60,1-1.5x
LTC/USDT,2024-09-22,LONG,0.6081,68.72,66.98,1,True,-2.532,1.3361,.60-.70,1-1.5x
LTC/USDT,2024-09-26,LONG,0.5806,68.54,69.97,2,True,2.0864,1.5423,.55-.60,1.5-2x
LTC/USDT,2024-09-27,LONG,0.5806,71.11,69.97,1,True,-1.6032,1.8688,.55-.60,1.5-2x
LTC/USDT,2024-09-29,LONG,0.5777,69.28,64.96,5,False,-6.2356,0.4867,.55-.60,
LTC/USDT,2024-09-30,LONG,0.7312,66.84,66.28,5,False,-0.8378,1.5808,.70-.80,1.5-2x
LTC/USDT,2024-10-03,LONG,0.7818,63.46,66.28,2,True,4.4437,0.3331,.70-.80,
LTC/USDT,2024-10-04,LONG,0.5539,64.96,66.28,1,True,2.032,0.9572,.55-.60,
LTC/USDT,2024-10-06,LONG,0.7467,67.03,65.6,5,False,-2.1334,0.4891,.70-.80,
LTC/USDT,2024-10-07,LONG,0.6947,64.78,66.21,5,False,2.2075,1.3823,.60-.70,1-1.5x
LTC/USDT,2024-10-10,LONG,0.5896,64.32,66.82,4,True,3.8868,0.171,.55-.60,
LTC/USDT,2024-10-12,LONG,0.559,66.21,66.82,2,True,0.9213,0.3964,.55-.60,
LTC/USDT,2024-10-19,LONG,0.8025,74.9,74.31,1,True,-0.7877,0.8855,>.80,
LTC/USDT,2024-10-23,LONG,0.9342,70.05,70.82,5,False,1.0992,0.0056,>.80,
LTC/USDT,2024-10-24,LONG,0.9513,71.16,70.82,4,True,-0.4778,0.6275,>.80,
LTC/USDT,2024-10-25,LONG,0.678,68.85,70.82,3,True,2.8613,1.2348,.60-.70,1-1.5x
LTC/USDT,2024-10-26,LONG,0.6132,68.46,70.82,2,True,3.4473,0.2158,.60-.70,
LTC/USDT,2024-10-27,LONG,0.854,71.1,70.82,1,True,-0.3938,1.4744,>.80,1-1.5x
LTC/USDT,2024-10-30,LONG,0.5852,71.78,69.2,3,True,-3.5943,1.0511,.55-.60,1-1.5x
LTC/USDT,2024-10-31,LONG,0.5546,69.31,69.2,2,True,-0.1587,1.1681,.55-.60,1-1.5x
LTC/USDT,2024-11-01,LONG,0.5712,70.23,69.2,1,True,-1.4666,0.4497,.55-.60,
LTC/USDT,2024-11-04,LONG,0.5817,65.54,74.0,5,False,12.9081,0.7365,.55-.60,
LTC/USDT,2024-11-06,LONG,0.9359,71.03,74.0,3,True,4.1813,2.7008,>.80,2-3x
LTC/USDT,2024-11-07,LONG,0.9041,71.43,74.0,2,True,3.5979,0.1763,>.80,
LTC/USDT,2024-11-08,LONG,0.9167,72.78,74.0,1,True,1.6763,0.5952,>.80,
LTC/USDT,2024-11-11,LONG,0.7753,80.01,76.72,1,True,-4.112,1.411,.70-.80,1-1.5x
LTC/USDT,2024-11-15,LONG,0.9731,83.7,87.2,2,True,4.1816,0.4225,>.80,
LTC/USDT,2024-11-16,LONG,0.9686,95.41,87.2,1,True,-8.605,2.9506,>.80,2-3x
LTC/USDT,2024-11-20,LONG,0.6881,83.38,92.2,2,True,10.5781,0.7262,.60-.70,
LTC/USDT,2024-11-25,LONG,0.5907,92.29,92.84,1,True,0.5959,0.8444,.55-.60,
LTC/USDT,2024-11-30,LONG,0.7226,102.75,119.52,1,True,16.3212,0.3296,.70-.80,
LTC/USDT,2024-12-06,LONG,0.6404,135.88,133.8,1,True,-1.5308,0.0169,.60-.70,
LTC/USDT,2024-12-10,LONG,0.5751,109.78,121.11,5,False,10.3206,0.0881,.55-.60,
LTC/USDT,2024-12-11,LONG,0.6014,117.3,117.98,5,False,0.5797,0.9686,.60-.70,
LTC/USDT,2024-12-12,LONG,0.6974,119.24,125.6,5,False,5.3338,0.2341,.60-.70,
LTC/USDT,2024-12-14,LONG,0.6023,118.23,125.6,3,True,6.2336,0.7128,.60-.70,
LTC/USDT,2024-12-15,LONG,0.7823,121.11,125.6,2,True,3.7074,0.3534,.70-.80,
LTC/USDT,2024-12-16,LONG,0.8208,117.98,125.6,1,True,6.4587,0.3717,>.80,
LTC/USDT,2024-12-18,LONG,0.6458,108.32,106.75,5,False,-1.4494,1.7695,.60-.70,1.5-2x
LTC/USDT,2024-12-21,LONG,0.8096,101.56,102.22,5,False,0.6499,0.0307,>.80,
LTC/USDT,2024-12-22,LONG,0.5594,99.75,100.56,5,False,0.812,0.2889,.55-.60,
LTC/USDT,2024-12-29,LONG,0.5501,98.53,112.72,5,False,14.4017,0.4125,.55-.60,
LTC/USDT,2024-12-30,LONG,0.5579,99.4,111.21,5,False,11.8813,0.1688,.55-.60,
LTC/USDT,2025-01-10,LONG,0.7675,103.94,116.94,5,False,12.5072,0.4189,.70-.80,
LTC/USDT,2025-01-11,LONG,0.6846,104.36,116.94,4,True,12.0544,0.1013,.60-.70,
LTC/USDT,2025-01-14,LONG,0.5632,102.42,116.94,1,True,14.1769,1.0603,.55-.60,1-1.5x
LTC/USDT,2025-01-18,LONG,0.6025,125.41,116.4,5,False,-7.1844,1.4976,.60-.70,1-1.5x
LTC/USDT,2025-01-19,LONG,0.8857,115.55,116.4,4,True,0.7356,1.3026,>.80,1-1.5x
LTC/USDT,2025-01-20,LONG,0.6256,118.53,116.4,3,True,-1.797,0.4292,.60-.70,
LTC/USDT,2025-01-22,LONG,0.8409,115.36,116.4,1,True,0.9015,0.5229,>.80,
LTC/USDT,2025-01-25,LONG,0.5654,123.93,115.03,2,True,-7.1815,0.7466,.55-.60,
LTC/USDT,2025-01-28,LONG,0.7027,109.96,115.89,1,True,5.3929,0.7802,.70-.80,
LTC/USDT,2025-02-01,LONG,0.7369,118.04,101.68,5,False,-13.8597,1.1836,.70-.80,1-1.5x
LTC/USDT,2025-02-02,LONG,0.8363,109.11,103.12,5,False,-5.4899,1.1116,>.80,1-1.5x
LTC/USDT,2025-02-03,LONG,0.5736,106.91,104.65,5,False,-2.1139,0.2972,.55-.60,
LTC/USDT,2025-02-05,LONG,0.8439,103.38,104.65,3,True,1.2285,0.3895,>.80,
LTC/USDT,2025-02-06,LONG,0.7268,101.68,104.65,2,True,2.9209,0.31,.70-.80,
LTC/USDT,2025-02-07,LONG,0.7531,103.12,104.65,1,True,1.4837,0.28,.70-.80,
LTC/USDT,2025-02-14,LONG,0.7055,124.91,134.91,5,False,8.0058,0.2441,.70-.80,
LTC/USDT,2025-02-27,LONG,0.73,126.92,124.32,2,True,-2.0485,0.3398,.70-.80,
LTC/USDT,2025-02-28,LONG,0.847,128.03,124.32,1,True,-2.8978,0.1639,>.80,
LTC/USDT,2025-03-03,LONG,0.8604,109.89,103.64,1,True,-5.6875,2.4511,>.80,2-3x
LTC/USDT,2025-03-06,LONG,0.9305,103.4,90.44,5,False,-12.5338,0.2238,>.80,
LTC/USDT,2025-03-07,LONG,0.8896,103.7,90.44,4,True,-12.7869,0.0531,>.80,
LTC/USDT,2025-03-09,LONG,0.5546,94.61,90.44,2,True,-4.4076,1.3692,.55-.60,1-1.5x
LTC/USDT,2025-03-10,LONG,0.9216,87.49,90.44,1,True,3.3718,1.3858,>.80,1-1.5x
LTC/USDT,2025-03-14,LONG,0.6086,91.28,94.06,5,False,3.0456,0.6488,.60-.70,
LTC/USDT,2025-03-15,LONG,0.6096,92.47,93.28,5,False,0.876,0.2364,.60-.70,
LTC/USDT,2025-03-16,LONG,0.5577,90.25,90.84,5,False,0.6537,0.4814,.55-.60,
LTC/USDT,2025-03-18,LONG,0.5666,90.05,91.46,5,False,1.5658,0.5455,.55-.60,
LTC/USDT,2025-03-21,LONG,0.5505,90.84,92.42,5,False,1.7393,0.5692,.55-.60,
LTC/USDT,2025-03-23,LONG,0.5695,91.46,92.42,3,True,1.0496,0.0352,.55-.60,
LTC/USDT,2025-03-24,LONG,0.5731,93.77,92.42,2,True,-1.4397,0.765,.55-.60,
LTC/USDT,2025-03-25,LONG,0.5619,94.37,92.42,1,True,-2.0663,0.1943,.55-.60,
LTC/USDT,2025-04-02,LONG,0.5708,81.55,83.43,1,True,2.3053,1.2866,.55-.60,1-1.5x
LTC/USDT,2025-04-06,LONG,0.9326,70.63,71.01,1,True,0.538,3.6345,>.80,3-5x
LINK/USDT,2024-08-27,LONG,0.5554,11.157,11.175,1,True,0.1613,1.2564,.55-.60,1-1.5x
LINK/USDT,2024-09-02,LONG,0.6401,10.763,10.311,1,True,-4.1996,1.0893,.60-.70,1-1.5x
LINK/USDT,2024-09-07,LONG,0.5901,10.027,10.349,1,True,3.2113,1.2019,.55-.60,1-1.5x
LINK/USDT,2024-09-15,LONG,0.5573,10.809,11.428,5,False,5.7267,1.191,.55-.60,1-1.5x
LINK/USDT,2024-09-16,LONG,0.7085,10.545,11.495,5,False,9.009,0.7178,.70-.80,
LINK/USDT,2024-09-18,LONG,0.6844,10.89,11.395,5,False,4.6373,0.7302,.60-.70,
LINK/USDT,2024-09-19,LONG,0.7571,11.204,12.148,5,False,8.4256,0.8303,.70-.80,
LINK/USDT,2024-09-25,LONG,0.5955,12.109,12.667,2,True,4.6081,0.0999,.55-.60,
LINK/USDT,2024-09-29,LONG,0.5599,12.462,11.075,5,False,-11.1298,1.205,.55-.60,1-1.5x
LINK/USDT,2024-09-30,LONG,0.6048,11.852,11.265,5,False,-4.9528,1.4763,.60-.70,1-1.5x
LINK/USDT,2024-10-01,LONG,0.8486,11.017,11.278,5,False,2.3691,1.9033,>.80,1.5-2x
LINK/USDT,2024-10-04,LONG,0.6901,11.075,10.539,5,False,-4.8397,1.1159,.60-.70,1-1.5x
LINK/USDT,2024-10-07,LONG,0.5524,11.159,11.0,5,False,-1.4249,0.3149,.55-.60,
LINK/USDT,2024-10-10,LONG,0.7603,10.56,11.459,5,False,8.5133,0.0599,.70-.80,
LINK/USDT,2024-10-11,LONG,0.776,10.898,11.241,5,False,3.1474,0.9373,.70-.80,
LINK/USDT,2024-10-12,LONG,0.6983,11.0,11.038,5,False,0.3455,0.2794,.60-.70,
LINK/USDT,2024-10-13,LONG,0.7218,10.752,11.482,5,False,6.7894,0.6758,.70-.80,
LINK/USDT,2024-10-14,LONG,0.5633,11.284,11.416,5,False,1.1698,1.5592,.55-.60,1.5-2x
LINK/USDT,2024-10-18,LONG,0.6327,11.482,11.977,2,True,4.3111,1.2602,.60-.70,1-1.5x
LINK/USDT,2024-10-24,LONG,0.5659,11.617,10.983,3,True,-5.4575,0.8852,.55-.60,
LINK/USDT,2024-10-25,LONG,0.5572,11.141,10.983,2,True,-1.4182,1.3704,.55-.60,1-1.5x
LINK/USDT,2024-10-28,LONG,0.9332,11.18,11.253,4,True,0.653,0.6107,>.80,
LINK/USDT,2024-10-29,LONG,0.5967,11.797,11.253,3,True,-4.6113,1.7906,.55-.60,1.5-2x
LINK/USDT,2024-10-30,LONG,0.7095,12.394,11.253,2,True,-9.2061,1.564,.70-.80,1.5-2x
LINK/USDT,2024-10-31,LONG,0.6227,11.418,11.253,1,True,-1.4451,2.1147,.60-.70,2-3x
LINK/USDT,2024-11-03,LONG,0.7735,10.761,10.834,2,True,0.6784,1.0541,.70-.80,1-1.5x
LINK/USDT,2024-11-04,LONG,0.6904,10.255,10.834,1,True,5.646,1.2546,.60-.70,1-1.5x
LINK/USDT,2024-11-08,LONG,0.5829,13.692,13.781,1,True,0.65,1.7158,.55-.60,1.5-2x
LINK/USDT,2024-11-13,LONG,0.6706,13.479,15.266,5,False,13.2577,0.6423,.60-.70,
LINK/USDT,2024-11-15,LONG,0.9221,13.832,15.266,3,True,10.3673,1.2063,>.80,1-1.5x
LINK/USDT,2024-11-16,LONG,0.993,14.521,15.266,2,True,5.1305,0.9245,>.80,
LINK/USDT,2024-11-17,LONG,0.8611,13.785,15.266,1,True,10.7436,0.9073,>.80,
LINK/USDT,2024-11-22,LONG,0.5816,16.562,17.35,3,True,4.7579,1.856,.55-.60,1.5-2x
LINK/USDT,2024-11-28,LONG,0.777,17.933,24.096,5,False,34.3668,0.7325,.70-.80,
LINK/USDT,2024-11-29,LONG,0.6947,18.246,24.096,4,True,32.0618,0.3245,.60-.70,
LINK/USDT,2024-12-02,LONG,0.5658,25.212,24.096,1,True,-4.4265,3.8385,.55-.60,3-5x
LINK/USDT,2024-12-11,LONG,0.6114,24.072,29.145,1,True,21.0743,0.9272,.60-.70,
LINK/USDT,2024-12-16,LONG,0.5704,28.746,27.861,1,True,-3.0787,0.173,.55-.60,
LINK/USDT,2024-12-21,LONG,0.5602,22.123,25.414,3,True,14.8759,0.4973,.55-.60,
LINK/USDT,2024-12-22,LONG,0.5689,22.079,25.414,2,True,15.1049,0.0251,.55-.60,
LINK/USDT,2024-12-25,LONG,0.6197,24.436,21.99,3,True,-10.0098,0.4648,.60-.70,
LINK/USDT,2024-12-26,LONG,0.6502,22.675,21.99,2,True,-3.0209,0.8989,.60-.70,
LINK/USDT,2024-12-27,LONG,0.8855,21.558,21.99,1,True,2.0039,0.6128,>.80,
LINK/USDT,2024-12-31,LONG,0.6522,20.012,21.728,1,True,8.5749,0.3917,.60-.70,
LINK/USDT,2025-01-09,LONG,0.556,19.646,19.36,4,True,-1.4558,0.7318,.55-.60,
LINK/USDT,2025-01-11,LONG,0.5652,20.215,19.36,2,True,-4.2295,0.028,.55-.60,
LINK/USDT,2025-01-12,LONG,0.5933,19.839,19.36,1,True,-2.4144,0.4089,.55-.60,
LINK/USDT,2025-01-17,LONG,0.5505,25.095,25.298,5,False,0.8089,1.7595,.55-.60,1.5-2x
LINK/USDT,2025-01-20,LONG,0.6242,25.073,25.173,4,True,0.3988,0.6132,.60-.70,
LINK/USDT,2025-01-21,LONG,0.6529,26.659,25.173,3,True,-5.5741,1.3097,.60-.70,1-1.5x
LINK/USDT,2025-01-23,LONG,0.569,25.665,25.173,1,True,-1.917,0.2988,.55-.60,
LINK/USDT,2025-01-25,LONG,0.8088,24.917,24.458,5,False,-1.8421,0.2077,>.80,
LINK/USDT,2025-01-27,LONG,0.7171,24.209,24.458,3,True,1.0285,0.6304,.70-.80,
LINK/USDT,2025-02-01,LONG,0.6247,22.967,21.648,2,True,-5.743,1.7713,.60-.70,1.5-2x
LINK/USDT,2025-02-02,LONG,0.6247,20.458,21.648,1,True,5.8168,1.9756,.60-.70,1.5-2x
LINK/USDT,2025-02-06,LONG,0.9616,18.589,18.649,5,False,0.3228,0.6328,>.80,
LINK/USDT,2025-02-09,LONG,0.9104,18.268,18.649,2,True,2.0856,0.1911,>.80,
LINK/USDT,2025-02-12,LONG,0.5592,19.201,19.38,2,True,0.9322,0.6503,.55-.60,
LINK/USDT,2025-02-15,LONG,0.711,18.996,18.692,1,True,-1.6003,0.4164,.70-.80,
LINK/USDT,2025-02-17,LONG,0.5641,19.111,17.874,1,True,-6.4727,0.4845,.55-.60,
LINK/USDT,2025-02-27,LONG,0.5544,15.112,14.819,1,True,-1.9389,0.2337,.55-.60,
LINK/USDT,2025-03-01,LONG,0.6813,14.761,14.45,2,True,-2.1069,0.099,.60-.70,
LINK/USDT,2025-03-05,LONG,0.6602,16.424,15.941,2,True,-2.9408,1.4298,.60-.70,1-1.5x
LINK/USDT,2025-03-06,LONG,0.7998,17.058,15.941,1,True,-6.5482,0.5289,.70-.80,
LINK/USDT,2025-03-09,LONG,0.9789,13.805,12.65,1,True,-8.3665,1.2425,>.80,1-1.5x
LINK/USDT,2025-03-17,LONG,0.6083,14.03,14.246,5,False,1.5396,0.6529,.60-.70,
LINK/USDT,2025-03-22,LONG,0.6276,14.246,14.467,1,True,1.5513,0.3091,.60-.70,
LINK/USDT,2025-03-30,LONG,0.5691,13.413,12.9,4,True,-3.8246,0.245,.55-.60,
LINK/USDT,2025-03-31,LONG,0.6834,13.51,12.9,3,True,-4.5152,0.1772,.60-.70,
LINK/USDT,2025-04-01,LONG,0.5882,14.047,12.9,2,True,-8.1654,0.962,.55-.60,
LINK/USDT,2025-04-05,LONG,0.647,12.852,11.29,1,True,-12.1538,0.1741,.60-.70,
UNI/USDT,2024-08-28,LONG,0.5911,5.77,5.941,3,True,2.9636,0.2012,.55-.60,
UNI/USDT,2024-08-29,LONG,0.6126,5.838,5.941,2,True,1.7643,0.2468,.60-.70,
UNI/USDT,2024-08-30,LONG,0.5858,5.893,5.941,1,True,0.8145,0.1972,.55-.60,
UNI/USDT,2024-09-01,LONG,0.5744,5.615,6.433,3,True,14.5681,1.1853,.55-.60,1-1.5x
UNI/USDT,2024-09-02,LONG,0.5798,6.1,6.433,2,True,5.459,1.7142,.55-.60,1.5-2x
UNI/USDT,2024-09-03,LONG,0.6168,6.043,6.433,1,True,6.4537,0.1859,.60-.70,
UNI/USDT,2024-09-06,LONG,0.6029,6.177,6.428,1,True,4.0635,0.4107,.60-.70,
UNI/USDT,2024-09-11,LONG,0.5773,6.75,6.793,1,True,0.637,0.161,.55-.60,
UNI/USDT,2024-09-13,LONG,0.8613,6.936,6.67,1,True,-3.8351,0.4925,>.80,
UNI/USDT,2024-09-15,LONG,0.57,6.54,6.829,5,False,4.419,0.4743,.55-.60,
UNI/USDT,2024-09-16,LONG,0.6341,6.412,6.829,4,True,6.5034,0.5573,.60-.70,
UNI/USDT,2024-09-19,LONG,0.866,6.796,6.829,1,True,0.4856,0.0795,>.80,
UNI/USDT,2024-09-21,LONG,0.5856,6.904,6.824,2,True,-1.1587,0.3222,.55-.60,
UNI/USDT,2024-09-22,LONG,0.804,6.632,6.824,1,True,2.8951,1.2758,>.80,1-1.5x
UNI/USDT,2024-09-25,LONG,0.5506,6.779,7.394,5,False,9.0721,0.7761,.55-.60,
UNI/USDT,2024-09-29,LONG,0.6026,7.457,6.718,5,False,-9.9102,0.6521,.60-.70,
UNI/USDT,2024-09-30,LONG,0.6046,7.394,6.825,5,False,-7.6954,0.275,.60-.70,
UNI/USDT,2024-10-03,LONG,0.5806,6.564,7.174,5,False,9.2931,0.4428,.55-.60,
UNI/USDT,2024-10-04,LONG,0.6607,6.718,7.289,5,False,8.4996,0.6718,.60-.70,
UNI/USDT,2024-10-07,LONG,0.5528,7.226,8.125,5,False,12.4412,0.6191,.55-.60,
UNI/USDT,2024-10-08,LONG,0.5598,7.174,7.684,5,False,7.109,0.2171,.55-.60,
UNI/USDT,2024-10-16,LONG,0.9219,7.574,7.347,1,True,-2.9971,0.8123,>.80,
UNI/USDT,2024-10-18,LONG,0.746,7.468,7.757,2,True,3.8698,0.3851,.70-.80,
UNI/USDT,2024-10-26,LONG,0.6402,7.444,7.614,5,False,2.2837,0.0365,.60-.70,
UNI/USDT,2024-10-28,LONG,0.8937,7.783,7.395,5,False,-4.9852,0.7431,>.80,
UNI/USDT,2024-10-31,LONG,0.6546,7.614,7.047,3,True,-7.4468,1.5889,.60-.70,1.5-2x
UNI/USDT,2024-11-01,LONG,0.5821,7.552,7.047,2,True,-6.687,0.2158,.55-.60,
UNI/USDT,2024-11-02,LONG,0.6859,7.395,7.047,1,True,-4.7059,0.5767,.60-.70,
UNI/USDT,2024-11-07,LONG,0.676,8.898,9.246,2,True,3.911,0.5578,.60-.70,
UNI/USDT,2024-11-08,LONG,0.5734,8.855,9.246,1,True,4.4156,0.0641,.55-.60,
UNI/USDT,2024-11-11,LONG,0.8865,9.33,8.945,1,True,-4.1265,0.1711,>.80,
UNI/USDT,2024-11-15,LONG,0.9993,8.569,9.242,3,True,7.8539,0.6385,>.80,
UNI/USDT,2024-11-16,LONG,0.9359,9.083,9.242,2,True,1.7505,0.7859,>.80,
UNI/USDT,2024-11-17,LONG,0.874,8.75,9.242,1,True,5.6229,0.4768,>.80,
UNI/USDT,2024-11-25,LONG,0.5632,11.131,10.873,1,True,-2.3179,0.2737,.55-.60,
UNI/USDT,2024-11-28,LONG,0.5595,12.763,12.577,1,True,-1.4573,0.8096,.55-.60,
UNI/USDT,2024-12-01,LONG,0.7835,13.061,17.547,5,False,34.3465,0.3129,.70-.80,
UNI/USDT,2024-12-02,LONG,0.6906,14.004,18.055,5,False,28.9274,1.0431,.60-.70,1-1.5x
UNI/USDT,2024-12-03,LONG,0.5958,15.118,18.602,5,False,23.0454,1.1573,.55-.60,1-1.5x
UNI/USDT,2024-12-05,LONG,0.6618,15.021,16.023,4,True,6.6707,0.6121,.60-.70,
UNI/USDT,2024-12-08,LONG,0.762,18.602,16.023,1,True,-13.8641,0.4185,.70-.80,
UNI/USDT,2024-12-11,LONG,0.7728,17.16,17.719,1,True,3.2576,1.4833,.70-.80,1-1.5x
UNI/USDT,2024-12-17,LONG,0.6012,16.251,13.901,5,False,-14.4606,0.0225,.60-.70,
UNI/USDT,2024-12-21,LONG,0.615,13.384,14.286,2,True,6.7394,0.266,.60-.70,
UNI/USDT,2024-12-22,LONG,0.6621,13.901,14.286,1,True,2.7696,0.4917,.60-.70,
UNI/USDT,2024-12-25,LONG,0.5881,13.909,13.012,4,True,-6.4491,0.608,.55-.60,
UNI/USDT,2024-12-27,LONG,0.5936,13.353,13.012,2,True,-2.5537,0.105,.55-.60,
UNI/USDT,2024-12-31,LONG,0.6449,13.244,15.213,3,True,14.8671,0.1186,.60-.70,
UNI/USDT,2025-01-07,LONG,0.5722,13.532,13.641,4,True,0.8055,1.9416,.55-.60,1.5-2x
UNI/USDT,2025-01-18,LONG,0.5752,14.173,12.81,5,False,-9.6169,1.0835,.55-.60,1-1.5x
UNI/USDT,2025-01-21,LONG,0.7112,13.506,12.093,4,True,-10.462,0.023,.70-.80,
UNI/USDT,2025-01-22,LONG,0.6079,12.892,12.093,3,True,-6.1976,0.8952,.60-.70,
UNI/USDT,2025-01-26,LONG,0.6089,11.431,11.003,1,True,-3.7442,1.0963,.60-.70,1-1.5x
UNI/USDT,2025-01-28,LONG,0.5509,11.133,9.186,5,False,-17.4885,0.2589,.55-.60,
UNI/USDT,2025-01-29,LONG,0.6727,11.731,9.962,5,False,-15.0797,1.1306,.60-.70,1-1.5x
UNI/USDT,2025-01-30,LONG,0.5662,11.967,9.962,4,True,-16.7544,0.4649,.55-.60,
UNI/USDT,2025-01-31,LONG,0.5708,11.774,9.962,3,True,-15.3898,0.3734,.55-.60,
UNI/USDT,2025-02-01,LONG,0.7171,10.859,9.962,2,True,-8.2604,1.6897,.70-.80,1.5-2x
UNI/USDT,2025-02-02,LONG,0.9017,9.186,9.962,1,True,8.4476,2.7782,>.80,2-3x
UNI/USDT,2025-02-05,LONG,0.8595,9.275,8.982,1,True,-3.159,0.3973,>.80,
UNI/USDT,2025-02-07,LONG,0.6732,9.009,9.457,3,True,4.9728,0.0566,.60-.70,
UNI/USDT,2025-02-09,LONG,0.7563,9.13,9.457,1,True,3.5816,0.023,.70-.80,
UNI/USDT,2025-02-12,LONG,0.6808,9.953,9.89,1,True,-0.633,1.0905,.60-.70,1-1.5x
UNI/USDT,2025-02-14,LONG,0.7213,10.056,9.636,4,True,-4.1766,0.3014,.70-.80,
UNI/USDT,2025-02-17,LONG,0.6572,9.947,9.636,1,True,-3.1266,0.6793,.60-.70,
UNI/USDT,2025-02-20,LONG,0.5503,9.342,9.018,3,True,-3.4682,0.1869,.55-.60,
UNI/USDT,2025-03-01,LONG,0.7444,7.501,8.269,1,True,10.2386,0.0096,.70-.80,
UNI/USDT,2025-03-04,LONG,0.8731,7.072,6.399,5,False,-9.5164,0.1312,>.80,
UNI/USDT,2025-03-05,LONG,0.6288,7.52,5.904,5,False,-21.4894,1.1245,.60-.70,1-1.5x
UNI/USDT,2025-03-10,LONG,0.6982,5.904,6.098,1,True,3.2859,1.2742,.60-.70,1-1.5x
UNI/USDT,2025-03-13,LONG,0.5905,5.894,6.025,1,True,2.2226,0.0304,.55-.60,
UNI/USDT,2025-03-15,LONG,0.7304,6.273,6.911,5,False,10.1706,0.6626,.70-.80,
UNI/USDT,2025-03-19,LONG,0.6681,6.985,6.911,1,True,-1.0594,1.572,.60-.70,1.5-2x
UNI/USDT,2025-03-30,LONG,0.5714,5.867,6.268,2,True,6.8348,0.4019,.55-.60,
UNI/USDT,2025-04-05,LONG,0.6832,5.867,5.023,5,False,-14.3855,0.1746,.60-.70,
UNI/USDT,2025-04-06,LONG,0.6112,5.101,5.233,5,False,2.5877,2.6483,.60-.70,2-3x
TRX/USDT,2024-08-29,LONG,0.7444,0.15995,0.15564,3,True,-2.6946,0.2965,.70-.80,
TRX/USDT,2024-08-30,LONG,0.9008,0.16003,0.15564,2,True,-2.7432,0.0138,>.80,
TRX/USDT,2024-09-02,LONG,0.5972,0.1542,0.15026,1,True,-2.5551,0.251,.55-.60,
TRX/USDT,2024-09-10,LONG,0.6391,0.153,0.14894,5,False,-2.6536,0.5617,.60-.70,
TRX/USDT,2024-09-17,LONG,0.5868,0.15002,0.14956,1,True,-0.3066,0.5671,.55-.60,
TRX/USDT,2024-09-21,LONG,0.5514,0.15198,0.15178,1,True,-0.1316,0.0499,.55-.60,
TRX/USDT,2024-09-25,LONG,0.552,0.15006,0.15513,2,True,3.3786,0.7548,.55-.60,
TRX/USDT,2024-10-05,LONG,0.6367,0.15347,0.16002,3,True,4.2679,1.8327,.60-.70,1.5-2x
TRX/USDT,2024-10-06,LONG,0.6687,0.15433,0.16002,2,True,3.6869,0.5288,.60-.70,
TRX/USDT,2024-10-10,LONG,0.7099,0.1588,0.16056,4,True,1.1083,0.8983,.70-.80,
TRX/USDT,2024-10-13,LONG,0.6388,0.16258,0.16056,1,True,-1.2425,0.0393,.60-.70,
TRX/USDT,2024-10-17,LONG,0.7005,0.15942,0.16028,5,False,0.5395,0.3131,.70-.80,
TRX/USDT,2024-10-18,LONG,0.5749,0.15846,0.16034,5,False,1.1864,0.4903,.55-.60,
TRX/USDT,2024-10-22,LONG,0.6194,0.16028,0.16399,5,False,2.3147,0.9918,.60-.70,
TRX/USDT,2024-10-24,LONG,0.6648,0.16459,0.16636,5,False,1.0754,2.1122,.60-.70,2-3x
TRX/USDT,2024-10-25,LONG,0.7122,0.16254,0.16925,5,False,4.1282,1.0383,.70-.80,1-1.5x
TRX/USDT,2024-10-28,LONG,0.5771,0.16413,0.16617,5,False,1.2429,0.0771,.55-.60,
TRX/USDT,2024-10-31,LONG,0.6428,0.16846,0.16009,5,False,-4.9685,0.4023,.60-.70,
TRX/USDT,2024-11-01,LONG,0.5743,0.16738,0.16253,5,False,-2.8976,0.5686,.55-.60,
TRX/USDT,2024-11-02,LONG,0.6647,0.16617,0.16253,4,True,-2.1905,0.6317,.60-.70,
TRX/USDT,2024-11-03,LONG,0.5922,0.16509,0.16253,3,True,-1.5507,0.5831,.55-.60,
TRX/USDT,2024-11-05,LONG,0.5548,0.16009,0.16253,1,True,1.5241,1.4488,.55-.60,1-1.5x
TRX/USDT,2024-11-10,LONG,0.6884,0.16398,0.1874,2,True,14.2822,0.9301,.60-.70,
TRX/USDT,2024-11-13,LONG,0.9889,0.17704,0.20018,3,True,13.0705,1.7424,>.80,1.5-2x
TRX/USDT,2024-11-14,LONG,0.6923,0.17649,0.20018,2,True,13.4229,0.0985,.60-.70,
TRX/USDT,2024-11-15,LONG,0.9336,0.19115,0.20018,1,True,4.724,2.3036,>.80,2-3x
TRX/USDT,2024-11-20,LONG,0.5669,0.19463,0.20479,2,True,5.2202,0.6447,.55-.60,
TRX/USDT,2024-11-24,LONG,0.6383,0.20863,0.19438,2,True,-6.8303,0.4174,.60-.70,
TRX/USDT,2024-12-04,LONG,1.0,0.33052,0.32551,2,True,-1.5158,1.0579,>.80,1-1.5x
TRX/USDT,2024-12-05,LONG,0.9715,0.32246,0.32551,1,True,0.9459,0.1086,>.80,
TRX/USDT,2024-12-07,LONG,0.9999,0.31885,0.26273,2,True,-17.6008,0.091,>.80,
TRX/USDT,2024-12-08,LONG,0.9139,0.31834,0.26273,1,True,-17.4687,0.0071,>.80,
TRX/USDT,2024-12-10,LONG,0.8538,0.26938,0.29079,3,True,7.9479,0.1104,>.80,
TRX/USDT,2024-12-11,LONG,0.5646,0.28217,0.29079,2,True,3.0549,0.207,.55-.60,
TRX/USDT,2024-12-18,LONG,0.5762,0.25803,0.2525,5,False,-2.1432,0.3349,.55-.60,
TRX/USDT,2024-12-21,LONG,0.7287,0.24492,0.25385,5,False,3.6461,0.0639,.70-.80,
TRX/USDT,2024-12-22,LONG,0.6959,0.24423,0.25385,4,True,3.9389,0.0122,.60-.70,
TRX/USDT,2024-12-23,LONG,0.5701,0.2525,0.25385,3,True,0.5347,0.4753,.55-.60,
TRX/USDT,2024-12-29,LONG,0.6368,0.25787,0.25355,1,True,-1.6753,0.0569,.60-.70,
TRX/USDT,2025-01-05,LONG,0.5852,0.26265,0.24447,5,False,-6.9218,0.9317,.55-.60,
TRX/USDT,2025-01-09,LONG,0.611,0.24016,0.24447,1,True,1.7946,1.7389,.60-.70,1.5-2x
TRX/USDT,2025-01-13,LONG,0.7578,0.2229,0.24233,5,False,8.7169,1.8406,.70-.80,1.5-2x
TRX/USDT,2025-01-14,LONG,0.5605,0.22088,0.24233,4,True,9.7112,0.3663,.55-.60,
TRX/USDT,2025-01-21,LONG,0.8632,0.2448,0.25262,2,True,3.1944,0.7352,>.80,
TRX/USDT,2025-01-22,LONG,0.8881,0.25368,0.25262,1,True,-0.4178,0.9682,>.80,
TRX/USDT,2025-01-26,LONG,0.6,0.24614,0.25368,5,False,3.0633,0.7758,.55-.60,
TRX/USDT,2025-01-27,LONG,0.5552,0.24651,0.24421,5,False,-0.933,0.0435,.55-.60,
TRX/USDT,2025-01-30,LONG,0.5606,0.25199,0.22456,5,False,-10.8854,1.4004,.55-.60,1-1.5x
TRX/USDT,2025-02-01,LONG,0.6682,0.24421,0.23163,5,False,-5.1513,1.0533,.60-.70,1-1.5x
TRX/USDT,2025-02-02,LONG,0.5678,0.22558,0.23008,5,False,1.9949,1.9977,.55-.60,1.5-2x
TRX/USDT,2025-02-05,LONG,0.6174,0.22252,0.24633,5,False,10.7002,0.267,.60-.70,
TRX/USDT,2025-02-07,LONG,0.6029,0.23008,0.241,4,True,4.7462,0.203,.60-.70,
TRX/USDT,2025-02-10,LONG,0.6068,0.24633,0.241,1,True,-2.1638,1.9451,.60-.70,1.5-2x
TRX/USDT,2025-02-12,LONG,0.5627,0.24327,0.23416,1,True,-3.7448,0.3068,.55-.60,
TRX/USDT,2025-02-15,LONG,0.6701,0.23754,0.24239,1,True,2.0418,0.8211,.60-.70,
TRX/USDT,2025-02-19,LONG,0.5704,0.24228,0.24631,1,True,1.6634,0.4304,.55-.60,
TRX/USDT,2025-02-21,LONG,0.6167,0.23795,0.2308,4,True,-3.0048,1.1375,.60-.70,1-1.5x
TRX/USDT,2025-02-23,LONG,0.5963,0.246,0.2308,2,True,-6.1789,1.1335,.55-.60,1-1.5x
TRX/USDT,2025-02-27,LONG,0.7585,0.22854,0.23126,4,True,1.1902,0.2335,.70-.80,
TRX/USDT,2025-02-28,LONG,0.6895,0.23332,0.23126,3,True,-0.8829,0.8209,.60-.70,
TRX/USDT,2025-03-01,LONG,0.6527,0.23407,0.23126,2,True,-1.2005,0.1262,.60-.70,
TRX/USDT,2025-03-06,LONG,0.7021,0.24014,0.24358,1,True,1.4325,0.5302,.70-.80,
TRX/USDT,2025-03-09,LONG,0.5624,0.2321,0.22243,5,False,-4.1663,1.7166,.55-.60,1.5-2x
TRX/USDT,2025-03-10,LONG,0.5998,0.22909,0.22159,5,False,-3.2738,0.4613,.55-.60,
TRX/USDT,2025-03-11,LONG,0.7426,0.22433,0.21196,5,False,-5.5142,0.7368,.70-.80,
TRX/USDT,2025-03-13,LONG,0.731,0.22519,0.22063,4,True,-2.025,0.3841,.70-.80,
TRX/USDT,2025-03-14,LONG,0.7499,0.22243,0.22063,3,True,-0.8092,0.452,.70-.80,
TRX/USDT,2025-03-16,LONG,0.6661,0.21196,0.22063,1,True,4.0904,1.5981,.60-.70,1.5-2x
TRX/USDT,2025-03-23,LONG,0.5953,0.23,0.22807,1,True,-0.8391,0.9882,.55-.60,
TRX/USDT,2025-03-25,LONG,0.6747,0.22723,0.23167,4,True,1.954,0.1331,.60-.70,
TRX/USDT,2025-03-26,LONG,0.6599,0.23136,0.23167,3,True,0.134,0.6505,.60-.70,
TRX/USDT,2025-03-27,LONG,0.6984,0.2351,0.23167,2,True,-1.459,0.5774,.60-.70,
TRX/USDT,2025-03-28,LONG,0.6927,0.2324,0.23167,1,True,-0.3141,0.409,.60-.70,
ATOM/USDT,2024-08-27,LONG,0.6215,4.591,4.599,1,True,0.1743,1.4649,.60-.70,1-1.5x
ATOM/USDT,2024-08-29,LONG,0.63,4.608,4.111,5,False,-10.7856,0.0494,.60-.70,
ATOM/USDT,2024-08-30,LONG,0.7597,4.647,4.075,5,False,-12.309,0.2159,.70-.80,
ATOM/USDT,2024-09-01,LONG,0.7469,4.301,3.716,5,False,-13.6015,1.4979,.70-.80,1-1.5x
ATOM/USDT,2024-09-02,LONG,0.6893,4.436,3.716,4,True,-16.2308,0.8076,.60-.70,
ATOM/USDT,2024-09-07,LONG,0.5713,3.668,4.09,2,True,11.5049,0.318,.55-.60,
ATOM/USDT,2024-09-16,LONG,0.5889,3.971,4.193,1,True,5.5905,0.6199,.55-.60,
ATOM/USDT,2024-09-21,LONG,0.7183,4.721,4.818,3,True,2.0546,1.1397,.70-.80,1-1.5x
ATOM/USDT,2024-09-22,LONG,0.8029,4.601,4.818,2,True,4.7164,0.664,>.80,
ATOM/USDT,2024-09-23,LONG,0.7158,4.581,4.818,1,True,5.1735,0.128,.70-.80,
ATOM/USDT,2024-09-26,LONG,0.7029,5.007,5.141,1,True,2.6763,1.5157,.70-.80,1.5-2x
ATOM/USDT,2024-10-03,LONG,0.6406,4.383,4.423,4,True,0.9126,0.3205,.60-.70,
ATOM/USDT,2024-10-04,LONG,0.6216,4.619,4.423,3,True,-4.2433,1.4295,.60-.70,1-1.5x
ATOM/USDT,2024-10-06,LONG,0.5652,4.647,4.423,1,True,-4.8203,0.0917,.55-.60,
ATOM/USDT,2024-10-09,LONG,0.5587,4.231,4.279,2,True,1.1345,0.797,.55-.60,
ATOM/USDT,2024-10-10,LONG,0.5921,4.133,4.279,1,True,3.5325,0.6696,.55-.60,
ATOM/USDT,2024-10-14,LONG,0.5701,4.516,4.353,4,True,-3.6094,1.1981,.55-.60,1-1.5x
ATOM/USDT,2024-10-17,LONG,0.5537,4.305,4.353,1,True,1.115,0.9939,.55-.60,
ATOM/USDT,2024-10-24,LONG,0.7086,4.85,4.419,1,True,-8.8866,1.6431,.70-.80,1.5-2x
ATOM/USDT,2024-10-28,LONG,0.577,4.462,4.457,2,True,-0.1121,0.0449,.55-.60,
ATOM/USDT,2024-10-29,LONG,0.6907,4.538,4.457,1,True,-1.7849,0.4943,.60-.70,
ATOM/USDT,2024-11-03,LONG,0.6813,3.979,4.515,3,True,13.4707,0.8727,.60-.70,
ATOM/USDT,2024-11-04,LONG,0.7544,3.917,4.515,2,True,15.2668,0.449,.70-.80,
ATOM/USDT,2024-11-09,LONG,0.6253,4.793,5.122,4,True,6.8642,0.3872,.60-.70,
ATOM/USDT,2024-11-15,LONG,0.9918,5.261,6.195,5,False,17.7533,1.3344,>.80,1-1.5x
ATOM/USDT,2024-11-16,LONG,0.8351,6.123,6.42,5,False,4.8506,2.8294,>.80,2-3x
ATOM/USDT,2024-11-18,LONG,0.782,6.467,6.42,3,True,-0.7268,2.036,.70-.80,2-3x
ATOM/USDT,2024-11-19,LONG,0.7122,6.262,6.42,2,True,2.5232,0.4699,.70-.80,
ATOM/USDT,2024-11-20,LONG,0.6492,6.195,6.42,1,True,3.632,0.1623,.60-.70,
ATOM/USDT,2024-11-22,LONG,0.9653,7.552,7.923,3,True,4.9126,2.4168,>.80,2-3x
ATOM/USDT,2024-11-23,LONG,0.6369,8.225,7.923,2,True,-3.6717,1.2316,.60-.70,1-1.5x
ATOM/USDT,2024-11-28,LONG,0.9867,8.22,9.575,5,False,16.4842,0.157,>.80,
ATOM/USDT,2024-12-03,LONG,0.586,9.575,9.571,2,True,-0.0418,0.0101,.55-.60,
ATOM/USDT,2024-12-06,LONG,0.5767,10.395,10.124,2,True,-2.607,1.2821,.55-.60,1-1.5x
ATOM/USDT,2024-12-15,LONG,0.5756,9.113,8.889,1,True,-2.458,0.262,.55-.60,
ATOM/USDT,2024-12-17,LONG,0.5552,8.547,6.404,5,False,-25.0731,0.6286,.55-.60,
ATOM/USDT,2024-12-21,LONG,0.7698,6.525,7.047,3,True,8.0,0.8287,.70-.80,
ATOM/USDT,2024-12-22,LONG,0.5717,6.404,7.047,2,True,10.0406,0.2868,.55-.60,
ATOM/USDT,2024-12-23,LONG,0.5841,6.956,7.047,1,True,1.3082,1.2556,.55-.60,1-1.5x
ATOM/USDT,2024-12-26,LONG,0.5558,6.486,6.295,3,True,-2.9448,1.0283,.55-.60,1-1.5x
ATOM/USDT,2024-12-27,LONG,0.7134,6.469,6.295,2,True,-2.6898,0.0406,.70-.80,
ATOM/USDT,2024-12-31,LONG,0.6301,6.195,6.547,1,True,5.682,0.5322,.60-.70,
ATOM/USDT,2025-01-02,LONG,0.5662,6.701,7.42,1,True,10.7297,0.4838,.55-.60,
ATOM/USDT,2025-01-04,LONG,0.6911,7.296,6.396,5,False,-12.3355,0.3019,.60-.70,
ATOM/USDT,2025-01-10,LONG,0.5796,6.654,6.285,3,True,-5.5455,0.8375,.55-.60,
ATOM/USDT,2025-01-11,LONG,0.5876,6.619,6.285,2,True,-5.0461,0.1097,.55-.60,
ATOM/USDT,2025-01-15,LONG,0.9286,6.665,6.071,5,False,-8.9122,1.4308,>.80,1-1.5x
ATOM/USDT,2025-01-16,LONG,0.5996,6.594,6.239,5,False,-5.3837,0.2415,.55-.60,
ATOM/USDT,2025-01-18,LONG,0.6563,6.595,6.121,5,False,-7.1873,1.3643,.60-.70,1-1.5x
ATOM/USDT,2025-01-19,LONG,0.5751,5.894,6.121,4,True,3.8514,1.9868,.55-.60,1.5-2x
ATOM/USDT,2025-01-21,LONG,0.6647,6.239,6.121,2,True,-1.8913,0.5274,.60-.70,
ATOM/USDT,2025-01-22,LONG,0.7139,6.2,6.121,1,True,-1.2742,0.1199,.70-.80,
ATOM/USDT,2025-02-01,LONG,0.8969,5.816,4.927,2,True,-15.2854,1.48,>.80,1-1.5x
ATOM/USDT,2025-02-02,LONG,0.924,4.88,4.927,1,True,0.9631,2.7833,>.80,2-3x
ATOM/USDT,2025-02-06,LONG,0.7516,4.409,4.705,5,False,6.7135,1.0762,.70-.80,1-1.5x
ATOM/USDT,2025-02-07,LONG,0.5976,4.373,4.705,4,True,7.592,0.1572,.55-.60,
ATOM/USDT,2025-02-09,LONG,0.9792,4.576,4.705,2,True,2.8191,0.036,>.80,
ATOM/USDT,2025-02-15,LONG,0.5531,4.829,4.923,5,False,1.9466,0.307,.55-.60,
ATOM/USDT,2025-03-03,LONG,0.6142,4.225,4.11,5,False,-2.7219,2.5306,.60-.70,2-3x
ATOM/USDT,2025-03-05,LONG,0.6386,4.33,3.58,5,False,-17.321,0.7719,.60-.70,
ATOM/USDT,2025-03-06,LONG,0.5789,4.256,3.877,5,False,-8.9051,0.3247,.55-.60,
ATOM/USDT,2025-03-09,LONG,0.6016,3.806,3.877,2,True,1.8655,1.3451,.60-.70,1-1.5x
ATOM/USDT,2025-03-10,LONG,0.9121,3.58,3.877,1,True,8.2961,1.0721,>.80,1-1.5x
ATOM/USDT,2025-03-12,LONG,0.5776,3.889,4.288,2,True,10.2597,0.0541,.55-.60,
ATOM/USDT,2025-03-13,LONG,0.873,3.907,4.288,1,True,9.7517,0.081,>.80,
ATOM/USDT,2025-03-16,LONG,0.6785,4.613,4.68,4,True,1.4524,0.1381,.60-.70,
ATOM/USDT,2025-03-19,LONG,0.8102,4.748,4.68,1,True,-1.4322,0.083,>.80,
ATOM/USDT,2025-03-22,LONG,0.6317,4.883,4.803,1,True,-1.6383,1.1202,.60-.70,1-1.5x
ATOM/USDT,2025-03-29,LONG,0.8444,4.244,4.314,1,True,1.6494,1.4367,>.80,1-1.5x
ATOM/USDT,2025-04-01,LONG,0.5937,4.373,4.215,1,True,-3.6131,0.017,.55-.60,
ATOM/USDT,2025-04-06,LONG,0.6696,4.439,4.338,4,True,-2.2753,1.6785,.60-.70,1.5-2x
BCH/USDT,2024-08-30,LONG,0.5764,325.0,315.2,5,False,-3.0154,0.2261,.55-.60,
BCH/USDT,2024-09-01,LONG,0.7112,312.7,315.2,3,True,0.7995,1.1476,.70-.80,1-1.5x
BCH/USDT,2024-09-02,LONG,0.6057,323.7,315.2,2,True,-2.6259,1.2899,.60-.70,1-1.5x
BCH/USDT,2024-09-03,LONG,0.6326,308.8,315.2,1,True,2.0725,1.6573,.60-.70,1.5-2x
BCH/USDT,2024-09-05,LONG,0.5838,307.6,322.2,4,True,4.7464,0.8472,.55-.60,
BCH/USDT,2024-09-15,LONG,0.5726,316.4,335.9,5,False,6.1631,1.1146,.55-.60,1-1.5x
BCH/USDT,2024-09-17,LONG,0.6085,314.3,335.9,3,True,6.8724,0.2947,.60-.70,
BCH/USDT,2024-09-19,LONG,0.6886,339.9,335.9,1,True,-1.1768,1.3058,.60-.70,1-1.5x
BCH/USDT,2024-09-25,LONG,0.6618,343.5,337.2,5,False,-1.8341,0.4991,.60-.70,
BCH/USDT,2024-09-26,LONG,0.5911,351.9,317.8,5,False,-9.6903,1.0292,.55-.60,1-1.5x
BCH/USDT,2024-10-12,LONG,0.5957,329.3,369.5,2,True,12.2077,0.3296,.55-.60,
BCH/USDT,2024-10-13,LONG,0.673,321.4,369.5,1,True,14.9658,1.0949,.60-.70,1-1.5x
BCH/USDT,2024-10-15,LONG,0.9172,354.4,365.5,1,True,3.1321,0.984,>.80,
BCH/USDT,2024-10-18,LONG,0.7447,367.2,363.5,1,True,-1.0076,0.1827,.70-.80,
BCH/USDT,2024-10-20,LONG,0.6051,369.9,363.5,1,True,-1.7302,0.4379,.60-.70,
BCH/USDT,2024-10-24,LONG,0.6391,368.1,349.1,1,True,-5.1616,1.4054,.60-.70,1-1.5x
BCH/USDT,2024-10-26,LONG,0.5608,347.9,365.5,2,True,5.0589,0.081,.55-.60,
BCH/USDT,2024-10-27,LONG,0.67,352.4,365.5,1,True,3.7174,0.3048,.60-.70,
BCH/USDT,2024-10-30,LONG,0.5538,368.9,329.3,5,False,-10.7346,0.9816,.55-.60,
BCH/USDT,2024-10-31,LONG,0.7728,358.7,342.9,5,False,-4.4048,0.6005,.70-.80,
BCH/USDT,2024-11-01,LONG,0.7259,349.7,378.3,5,False,8.1784,0.539,.70-.80,
BCH/USDT,2024-11-02,LONG,0.5597,353.9,378.3,4,True,6.8946,0.2605,.55-.60,
BCH/USDT,2024-11-03,LONG,0.598,339.9,378.3,3,True,11.2974,1.2207,.55-.60,1-1.5x
BCH/USDT,2024-11-04,LONG,0.645,329.3,378.3,2,True,14.88,0.9779,.60-.70,
BCH/USDT,2024-11-05,LONG,0.5545,342.9,378.3,1,True,10.3237,1.2696,.55-.60,1-1.5x
BCH/USDT,2024-11-10,LONG,0.8975,441.1,432.4,2,True,-1.9723,1.9228,>.80,1.5-2x
BCH/USDT,2024-11-11,LONG,0.7753,472.5,432.4,1,True,-8.4868,1.4862,.70-.80,1-1.5x
BCH/USDT,2024-11-15,LONG,0.9932,431.7,440.3,5,False,1.9921,0.7864,>.80,
BCH/USDT,2024-11-16,LONG,0.6321,461.6,484.5,5,False,4.961,1.2979,.60-.70,1-1.5x
BCH/USDT,2024-11-17,LONG,0.6941,432.9,490.4,5,False,13.2825,1.1152,.60-.70,1-1.5x
BCH/USDT,2024-11-18,LONG,0.6448,452.3,510.2,5,False,12.8012,0.8103,.60-.70,
BCH/USDT,2024-11-20,LONG,0.5837,440.3,515.2,4,True,17.0111,0.2669,.55-.60,
BCH/USDT,2024-11-21,LONG,0.845,484.5,515.2,3,True,6.3364,1.7789,>.80,1.5-2x
BCH/USDT,2024-11-22,LONG,0.8534,490.4,515.2,2,True,5.0571,0.2158,>.80,
BCH/USDT,2024-11-23,LONG,0.7031,510.2,515.2,1,True,0.98,0.7347,.70-.80,
BCH/USDT,2024-11-27,LONG,0.6361,517.6,537.9,5,False,3.9219,0.9737,.60-.70,
BCH/USDT,2024-11-28,LONG,0.7095,511.1,585.1,5,False,14.4786,0.2377,.70-.80,
BCH/USDT,2024-12-04,LONG,0.556,583.8,551.3,5,False,-5.567,0.0547,.55-.60,
BCH/USDT,2024-12-07,LONG,0.5563,608.0,546.6,4,True,-10.0987,0.4803,.55-.60,
BCH/USDT,2024-12-08,LONG,0.5786,622.2,546.6,3,True,-12.1504,0.6647,.55-.60,
BCH/USDT,2024-12-10,LONG,0.6519,516.3,546.6,1,True,5.8687,1.3193,.60-.70,1-1.5x
BCH/USDT,2024-12-16,LONG,0.6888,538.3,456.1,5,False,-15.2703,0.342,.60-.70,
BCH/USDT,2024-12-21,LONG,0.8021,456.1,437.5,5,False,-4.0781,0.3055,>.80,
BCH/USDT,2024-12-22,LONG,0.5909,445.7,437.5,4,True,-1.8398,0.4473,.55-.60,
BCH/USDT,2024-12-23,LONG,0.7105,460.9,437.5,3,True,-5.077,0.7268,.70-.80,
BCH/USDT,2024-12-24,LONG,0.7286,470.2,437.5,2,True,-6.9545,0.4257,.70-.80,
BCH/USDT,2024-12-25,LONG,0.5648,465.4,437.5,1,True,-5.9948,0.2162,.55-.60,
BCH/USDT,2024-12-31,LONG,0.6837,434.6,473.7,3,True,8.9968,0.6146,.60-.70,
BCH/USDT,2025-01-06,LONG,0.5526,482.9,421.8,3,True,-12.6527,0.6771,.55-.60,
BCH/USDT,2025-01-07,LONG,0.5633,437.1,421.8,2,True,-3.5003,2.4458,.55-.60,2-3x
BCH/USDT,2025-01-10,LONG,0.5591,449.9,441.1,1,True,-1.956,1.8078,.55-.60,1.5-2x
BCH/USDT,2025-01-15,LONG,0.5587,460.3,430.8,5,False,-6.4089,1.4085,.55-.60,1-1.5x
BCH/USDT,2025-01-19,LONG,0.6023,427.6,437.6,4,True,2.3386,1.8906,.60-.70,1.5-2x
BCH/USDT,2025-01-21,LONG,0.7472,446.3,437.6,2,True,-1.9494,0.8206,.70-.80,
BCH/USDT,2025-01-22,LONG,0.7603,435.2,437.6,1,True,0.5515,0.5682,.70-.80,
BCH/USDT,2025-01-28,LONG,0.7343,410.7,360.6,5,False,-12.1987,0.9862,.70-.80,
BCH/USDT,2025-01-30,LONG,0.7496,434.6,330.1,5,False,-24.0451,1.2438,.70-.80,1-1.5x
BCH/USDT,2025-02-01,LONG,0.6002,404.1,316.2,5,False,-21.752,1.1907,.60-.70,1-1.5x
BCH/USDT,2025-02-02,LONG,0.575,360.6,318.7,5,False,-11.6195,2.394,.55-.60,2-3x
BCH/USDT,2025-02-03,LONG,0.6157,352.9,323.1,5,False,-8.4443,0.48,.60-.70,
BCH/USDT,2025-02-05,LONG,0.8916,327.8,324.5,4,True,-1.0067,0.1603,>.80,
BCH/USDT,2025-02-06,LONG,0.7461,316.2,324.5,3,True,2.6249,0.8907,.70-.80,
BCH/USDT,2025-02-07,LONG,0.7934,318.7,324.5,2,True,1.8199,0.199,.70-.80,
BCH/USDT,2025-02-15,LONG,0.6179,333.1,326.5,1,True,-1.9814,0.6867,.60-.70,
BCH/USDT,2025-02-17,LONG,0.6106,323.8,325.9,3,True,0.6485,0.233,.60-.70,
BCH/USDT,2025-02-22,LONG,0.6054,321.0,291.8,3,True,-9.0966,0.9076,.60-.70,
BCH/USDT,2025-02-23,LONG,0.6405,327.8,291.8,2,True,-10.9823,0.8255,.60-.70,
BCH/USDT,2025-02-24,LONG,0.6063,291.6,291.8,1,True,0.0686,3.3936,.60-.70,3-5x
BCH/USDT,2025-02-27,LONG,0.816,296.9,315.7,1,True,6.3321,0.309,>.80,
BCH/USDT,2025-03-04,LONG,0.5735,320.6,388.9,3,True,21.3038,0.0401,.55-.60,
BCH/USDT,2025-03-05,LONG,0.9437,392.1,388.9,2,True,-0.8161,3.523,>.80,3-5x
BCH/USDT,2025-03-06,LONG,1.0,395.0,388.9,1,True,-1.5443,0.1169,>.80,
BCH/USDT,2025-03-09,LONG,0.7751,357.5,331.6,1,True,-7.2448,1.1246,.70-.80,1-1.5x
BCH/USDT,2025-03-12,LONG,0.7391,353.9,337.7,5,False,-4.5776,0.5874,.70-.80,
BCH/USDT,2025-03-14,LONG,0.6038,331.4,345.4,5,False,4.2245,0.2411,.60-.70,
BCH/USDT,2025-03-15,LONG,0.627,342.3,333.5,5,False,-2.5708,0.4686,.60-.70,
BCH/USDT,2025-03-18,LONG,0.6233,335.2,325.4,5,False,-2.9236,0.1132,.60-.70,
BCH/USDT,2025-03-22,LONG,0.5562,322.4,335.1,4,True,3.9392,0.0342,.55-.60,
BCH/USDT,2025-03-23,LONG,0.5729,325.4,335.1,3,True,2.9809,0.1484,.55-.60,
BCH/USDT,2025-03-24,LONG,0.5587,332.8,335.1,2,True,0.6911,0.3617,.55-.60,
BCH/USDT,2025-03-25,LONG,0.5757,336.0,335.1,1,True,-0.2679,0.2666,.55-.60,
BCH/USDT,2025-03-30,LONG,0.5607,299.0,301.4,5,False,0.8027,0.4453,.55-.60,
BCH/USDT,2025-03-31,LONG,0.8355,303.5,304.1,5,False,0.1977,0.4915,>.80,
BCH/USDT,2025-04-06,LONG,0.6332,272.3,301.5,3,True,10.7235,3.1829,.60-.70,3-5x
XLM/USDT,2024-08-27,LONG,0.5837,0.09369,0.08996,5,False,-3.9812,1.6135,.55-.60,1.5-2x
XLM/USDT,2024-08-29,LONG,0.5982,0.09312,0.09144,5,False,-1.8041,0.1797,.55-.60,
XLM/USDT,2024-08-30,LONG,0.6361,0.09323,0.0916,5,False,-1.7484,0.059,.60-.70,
XLM/USDT,2024-09-01,LONG,0.5739,0.08996,0.08806,5,False,-2.112,1.4663,.55-.60,1-1.5x
XLM/USDT,2024-09-02,LONG,0.5788,0.09238,0.08859,5,False,-4.1026,1.3145,.55-.60,1-1.5x
XLM/USDT,2024-09-15,LONG,0.5761,0.0951,0.09617,5,False,1.1251,1.0989,.55-.60,1-1.5x
XLM/USDT,2024-09-18,LONG,0.6306,0.09607,0.09804,3,True,2.0506,0.9162,.60-.70,
XLM/USDT,2024-09-19,LONG,0.5818,0.09604,0.09804,2,True,2.0825,0.0178,.55-.60,
XLM/USDT,2024-09-20,LONG,0.6781,0.09617,0.09804,1,True,1.9445,0.0776,.60-.70,
XLM/USDT,2024-10-03,LONG,0.6252,0.09047,0.09106,4,True,0.6521,0.0113,.60-.70,
XLM/USDT,2024-10-10,LONG,0.5899,0.09015,0.09293,5,False,3.0837,0.196,.55-.60,
XLM/USDT,2024-10-12,LONG,0.5804,0.09191,0.09551,4,True,3.9169,0.0404,.55-.60,
XLM/USDT,2024-10-13,LONG,0.6528,0.09045,0.09551,3,True,5.5943,0.8327,.60-.70,
XLM/USDT,2024-10-15,LONG,0.7114,0.09293,0.09551,1,True,2.7763,0.204,.70-.80,
XLM/USDT,2024-10-19,LONG,0.5662,0.09694,0.09728,1,True,0.3507,0.1584,.55-.60,
XLM/USDT,2024-10-21,LONG,0.5517,0.09534,0.0945,2,True,-0.8811,1.22,.55-.60,1-1.5x
XLM/USDT,2024-10-24,LONG,0.607,0.0966,0.09672,5,False,0.1242,1.5392,.60-.70,1.5-2x
XLM/USDT,2024-10-28,LONG,0.8069,0.09435,0.09672,1,True,2.5119,0.0404,>.80,
XLM/USDT,2024-10-30,LONG,0.5597,0.09477,0.09119,5,False,-3.7776,1.1631,.55-.60,1-1.5x
XLM/USDT,2024-10-31,LONG,0.9033,0.09246,0.09345,5,False,1.0707,1.3618,>.80,1-1.5x
XLM/USDT,2024-11-08,LONG,0.6767,0.10118,0.10226,1,True,1.0674,0.4422,.60-.70,
XLM/USDT,2024-11-10,LONG,0.7391,0.10832,0.12424,3,True,14.6972,2.4027,.70-.80,2-3x
XLM/USDT,2024-11-11,LONG,0.959,0.11475,0.12424,2,True,8.2702,2.1793,>.80,2-3x
XLM/USDT,2024-11-12,LONG,0.7868,0.13435,0.12424,1,True,-7.5251,3.8124,.70-.80,3-5x
XLM/USDT,2024-11-16,LONG,0.9974,0.22072,0.19631,1,True,-11.0593,4.2268,>.80,3-5x
XLM/USDT,2024-11-18,LONG,0.934,0.23159,0.23151,1,True,-0.0345,1.3845,>.80,1-1.5x
XLM/USDT,2024-11-20,LONG,0.9909,0.24736,0.26243,1,True,6.0923,0.5346,>.80,
XLM/USDT,2024-11-22,LONG,0.9433,0.33978,0.48174,3,True,41.78,2.1539,>.80,2-3x
XLM/USDT,2024-11-24,LONG,0.8377,0.536,0.48174,1,True,-10.1231,0.1582,>.80,
XLM/USDT,2024-11-28,LONG,0.8421,0.49995,0.53901,4,True,7.8128,0.1936,>.80,
XLM/USDT,2024-12-03,LONG,0.6169,0.50652,0.48918,1,True,-3.4234,0.3357,.60-.70,
XLM/USDT,2024-12-05,LONG,0.5687,0.47081,0.43654,5,False,-7.2789,0.205,.55-.60,
XLM/USDT,2024-12-09,LONG,0.6367,0.41081,0.42427,5,False,3.2765,1.0979,.60-.70,1-1.5x
XLM/USDT,2024-12-10,LONG,0.5589,0.43654,0.43025,5,False,-1.4409,0.4123,.55-.60,
XLM/USDT,2024-12-25,LONG,0.6344,0.38308,0.35613,3,True,-7.0351,0.8442,.60-.70,
XLM/USDT,2024-12-27,LONG,0.6266,0.34995,0.35613,1,True,1.766,0.241,.60-.70,
XLM/USDT,2025-01-08,LONG,0.771,0.42536,0.41961,5,False,-1.3518,0.2404,.70-.80,
XLM/USDT,2025-01-10,LONG,0.6487,0.41448,0.48827,5,False,17.803,0.7678,.60-.70,
XLM/USDT,2025-01-30,LONG,0.5614,0.42857,0.37041,4,True,-13.5707,1.6939,.55-.60,1.5-2x
XLM/USDT,2025-02-01,LONG,0.6616,0.39208,0.37041,2,True,-5.5269,1.0329,.60-.70,1-1.5x
XLM/USDT,2025-02-02,LONG,0.654,0.35405,0.37041,1,True,4.6208,1.7431,.60-.70,1.5-2x
XLM/USDT,2025-02-06,LONG,0.8638,0.3182,0.32685,1,True,2.7184,0.573,>.80,
XLM/USDT,2025-02-12,LONG,0.6345,0.3331,0.34882,3,True,4.7193,1.0489,.60-.70,1-1.5x
XLM/USDT,2025-02-13,LONG,0.6726,0.33714,0.34882,2,True,3.4644,0.2664,.60-.70,
XLM/USDT,2025-02-22,LONG,0.5856,0.33435,0.28359,5,False,-15.1817,0.6651,.55-.60,
XLM/USDT,2025-02-23,LONG,0.6315,0.3331,0.28649,5,False,-13.9928,0.1031,.60-.70,
XLM/USDT,2025-02-25,LONG,0.5681,0.29569,0.35103,5,False,18.7155,0.1774,.55-.60,
XLM/USDT,2025-02-28,LONG,0.7254,0.28649,0.29967,5,False,4.6005,0.2695,.70-.80,
XLM/USDT,2025-03-01,LONG,0.6581,0.3115,0.29967,4,True,-3.7978,2.0925,.60-.70,2-3x
XLM/USDT,2025-03-02,LONG,0.5908,0.35103,0.29967,3,True,-14.6312,2.5191,.55-.60,2-3x
XLM/USDT,2025-03-03,LONG,0.6362,0.29241,0.29967,2,True,2.4828,2.6279,.60-.70,2-3x
XLM/USDT,2025-03-06,LONG,0.8554,0.2962,0.2832,1,True,-4.3889,0.1875,>.80,
XLM/USDT,2025-03-09,LONG,0.6345,0.26312,0.24192,1,True,-8.0572,0.7307,.60-.70,
XLM/USDT,2025-03-13,LONG,0.8347,0.27389,0.27628,1,True,0.8726,0.8465,>.80,
XLM/USDT,2025-03-16,LONG,0.8147,0.26246,0.28139,4,True,7.2125,0.7157,>.80,
XLM/USDT,2025-03-17,LONG,0.5618,0.27302,0.28139,3,True,3.0657,0.643,.55-.60,
XLM/USDT,2025-03-19,LONG,0.8013,0.29062,0.28139,1,True,-3.176,0.9937,>.80,
XLM/USDT,2025-03-31,LONG,0.5752,0.26406,0.25241,5,False,-4.4119,0.3359,.55-.60,
XLM/USDT,2025-04-06,LONG,0.7656,0.22632,0.23202,1,True,2.5186,2.8924,.70-.80,2-3x
ICP/USDT,2024-08-27,LONG,0.7047,7.721,7.764,1,True,0.5569,0.9594,.70-.80,
ICP/USDT,2024-09-02,LONG,0.5804,7.524,7.155,1,True,-4.9043,1.2353,.55-.60,1-1.5x
ICP/USDT,2024-09-05,LONG,0.728,7.23,7.058,2,True,-2.379,1.0693,.70-.80,1-1.5x
ICP/USDT,2024-09-11,LONG,0.7166,8.669,8.505,1,True,-1.8918,0.5517,.70-.80,
ICP/USDT,2024-09-14,LONG,0.9887,8.65,8.032,2,True,-7.1445,0.071,>.80,
ICP/USDT,2024-09-15,LONG,0.8164,8.327,8.032,1,True,-3.5427,0.7722,>.80,
ICP/USDT,2024-09-19,LONG,0.5736,8.079,8.531,2,True,5.5948,0.3042,.55-.60,
ICP/USDT,2024-09-20,LONG,0.8818,8.48,8.531,1,True,0.6014,1.0032,>.80,1-1.5x
ICP/USDT,2024-09-23,LONG,0.5887,8.706,9.389,1,True,7.8452,1.138,.55-.60,1-1.5x
ICP/USDT,2024-10-01,LONG,0.556,8.331,7.989,1,True,-4.1051,1.8081,.55-.60,1.5-2x
ICP/USDT,2024-10-06,LONG,0.7509,8.515,8.149,5,False,-4.2983,0.9121,.70-.80,
ICP/USDT,2024-10-07,LONG,0.818,8.053,8.066,5,False,0.1614,1.2353,>.80,1-1.5x
ICP/USDT,2024-10-08,LONG,0.5976,7.98,7.919,5,False,-0.7644,0.2097,.55-.60,
ICP/USDT,2024-10-10,LONG,0.6797,8.026,7.919,3,True,-1.3332,0.6091,.60-.70,
ICP/USDT,2024-10-11,LONG,0.6741,8.149,7.919,2,True,-2.8224,0.3622,.60-.70,
ICP/USDT,2024-10-12,LONG,0.648,8.066,7.919,1,True,-1.8225,0.2438,.60-.70,
ICP/USDT,2024-10-16,LONG,0.6666,7.892,7.68,1,True,-2.6863,0.8117,.60-.70,
ICP/USDT,2024-10-18,LONG,0.7145,8.007,8.345,2,True,4.2213,1.1953,.70-.80,1-1.5x
ICP/USDT,2024-10-21,LONG,0.7725,7.97,7.738,5,False,-2.9109,1.3745,.70-.80,1-1.5x
ICP/USDT,2024-10-22,LONG,0.7068,7.95,7.795,5,False,-1.9497,0.08,.70-.80,
ICP/USDT,2024-10-24,LONG,0.7944,8.308,8.134,5,False,-2.0944,0.6845,.70-.80,
ICP/USDT,2024-10-28,LONG,0.7698,7.81,7.857,3,True,0.6018,0.0619,.70-.80,
ICP/USDT,2024-11-08,LONG,0.5548,8.616,9.001,2,True,4.4684,2.3903,.55-.60,2-3x
ICP/USDT,2024-11-09,LONG,0.699,8.56,9.001,1,True,5.1519,0.156,.60-.70,
ICP/USDT,2024-11-11,LONG,0.5747,9.489,8.826,1,True,-6.987,1.2682,.55-.60,1-1.5x
ICP/USDT,2024-11-13,LONG,0.6249,8.519,7.981,1,True,-6.3153,0.7432,.60-.70,
ICP/USDT,2024-11-15,LONG,0.8311,8.683,9.432,3,True,8.6261,1.7645,>.80,1.5-2x
ICP/USDT,2024-11-16,LONG,0.8806,9.247,9.432,2,True,2.0006,1.261,>.80,1-1.5x
ICP/USDT,2024-11-17,LONG,0.6798,8.987,9.432,1,True,4.9516,0.5388,.60-.70,
ICP/USDT,2024-11-28,LONG,0.8102,11.567,13.783,4,True,19.1579,0.1387,>.80,
ICP/USDT,2024-11-29,LONG,0.6121,12.057,13.783,3,True,14.3153,0.6408,.60-.70,
ICP/USDT,2024-12-01,LONG,0.556,12.77,13.783,1,True,7.9327,0.3953,.55-.60,
ICP/USDT,2024-12-03,LONG,0.5664,14.627,14.669,1,True,0.2871,0.9842,.55-.60,
ICP/USDT,2024-12-05,LONG,0.5791,14.264,14.574,3,True,2.1733,0.4708,.55-.60,
ICP/USDT,2024-12-07,LONG,0.6096,14.666,14.574,1,True,-0.6273,0.6062,.60-.70,
ICP/USDT,2024-12-09,LONG,0.6008,11.945,11.78,1,True,-1.3813,2.4361,.60-.70,2-3x
ICP/USDT,2024-12-14,LONG,0.6058,12.879,10.15,5,False,-21.1895,0.7741,.60-.70,
ICP/USDT,2024-12-15,LONG,0.6789,13.197,10.554,5,False,-20.0273,0.3992,.60-.70,
ICP/USDT,2024-12-16,LONG,0.5639,12.683,10.554,4,True,-16.7862,0.6272,.55-.60,
ICP/USDT,2024-12-18,LONG,0.6184,11.086,10.554,2,True,-4.7988,1.2551,.60-.70,1-1.5x
ICP/USDT,2024-12-21,LONG,0.6139,10.031,11.288,3,True,12.5312,0.7319,.60-.70,
ICP/USDT,2024-12-22,LONG,0.5556,9.925,11.288,2,True,13.733,0.1641,.55-.60,
ICP/USDT,2024-12-23,LONG,0.623,10.776,11.288,1,True,4.7513,1.297,.60-.70,1-1.5x
ICP/USDT,2024-12-26,LONG,0.5507,10.298,10.668,2,True,3.5929,1.1636,.55-.60,1-1.5x
ICP/USDT,2024-12-27,LONG,0.5927,10.222,10.668,1,True,4.3631,0.1114,.55-.60,
ICP/USDT,2024-12-31,LONG,0.5693,9.885,10.507,1,True,6.2924,0.3052,.55-.60,
ICP/USDT,2025-01-04,LONG,0.5787,12.299,12.19,2,True,-0.8863,0.1221,.55-.60,
ICP/USDT,2025-01-05,LONG,0.55,12.113,12.19,1,True,0.6357,0.2482,.50-.55,
ICP/USDT,2025-01-09,LONG,0.5698,10.124,9.777,4,True,-3.4275,1.1364,.55-.60,1-1.5x
ICP/USDT,2025-01-12,LONG,0.5934,10.24,9.777,1,True,-4.5215,0.4081,.55-.60,
ICP/USDT,2025-01-18,LONG,0.5937,10.637,9.233,5,False,-13.1992,1.1048,.55-.60,1-1.5x
ICP/USDT,2025-01-21,LONG,0.7828,9.877,9.048,3,True,-8.3932,0.138,.70-.80,
ICP/USDT,2025-01-23,LONG,0.5892,9.233,9.048,1,True,-2.0037,0.3126,.55-.60,
ICP/USDT,2025-01-25,LONG,0.622,9.207,9.14,5,False,-0.7277,0.3772,.60-.70,
ICP/USDT,2025-01-26,LONG,0.5599,8.804,9.291,5,False,5.5316,0.9341,.55-.60,
ICP/USDT,2025-01-27,LONG,0.6472,8.899,9.291,4,True,4.405,0.2501,.60-.70,
ICP/USDT,2025-01-29,LONG,0.899,8.576,9.291,2,True,8.3372,0.073,>.80,
ICP/USDT,2025-02-01,LONG,0.8821,8.498,6.711,5,False,-21.0285,1.784,>.80,1.5-2x
ICP/USDT,2025-02-02,LONG,0.7831,7.491,6.711,4,True,-10.4125,2.2224,.70-.80,2-3x
ICP/USDT,2025-02-05,LONG,0.8934,6.992,6.711,1,True,-4.0189,0.1206,>.80,
ICP/USDT,2025-02-07,LONG,0.9226,6.789,7.013,3,True,3.2995,0.2499,>.80,
ICP/USDT,2025-02-09,LONG,0.8463,6.951,7.013,1,True,0.892,0.1749,>.80,
ICP/USDT,2025-02-12,LONG,0.8977,7.397,7.123,1,True,-3.7042,0.9396,>.80,
ICP/USDT,2025-02-15,LONG,0.6159,7.1,6.853,4,True,-3.4789,0.4192,.60-.70,
ICP/USDT,2025-02-16,LONG,0.628,6.995,6.853,3,True,-2.03,0.327,.60-.70,
ICP/USDT,2025-02-22,LONG,0.6579,7.195,6.392,4,True,-11.1605,0.958,.60-.70,
ICP/USDT,2025-02-25,LONG,0.7054,6.34,6.392,1,True,0.8202,0.2608,.70-.80,
ICP/USDT,2025-03-04,LONG,0.6619,6.027,5.951,4,True,-1.261,0.4602,.60-.70,
ICP/USDT,2025-03-05,LONG,0.5871,6.373,5.951,3,True,-6.6217,1.0902,.55-.60,1-1.5x
ICP/USDT,2025-03-07,LONG,0.5995,6.068,5.951,1,True,-1.9281,0.392,.55-.60,
ICP/USDT,2025-03-09,LONG,0.6008,5.423,5.412,2,True,-0.2028,1.5939,.60-.70,1.5-2x
ICP/USDT,2025-03-10,LONG,0.5874,5.079,5.412,1,True,6.5564,1.1231,.55-.60,1-1.5x
ICP/USDT,2025-03-13,LONG,0.6264,5.45,5.658,1,True,3.8165,0.1198,.60-.70,
ICP/USDT,2025-03-18,LONG,0.5768,5.813,5.74,2,True,-1.2558,0.2326,.55-.60,
ICP/USDT,2025-03-19,LONG,0.6238,5.987,5.74,1,True,-4.1256,0.5235,.60-.70,
ICP/USDT,2025-03-21,LONG,0.7391,5.655,5.755,1,True,1.7683,0.2572,.70-.80,
ICP/USDT,2025-03-30,LONG,0.5577,5.27,5.059,5,False,-4.0038,0.3834,.55-.60,
ICP/USDT,2025-03-31,LONG,0.7357,5.31,5.053,5,False,-4.8399,0.2197,.70-.80,
ICP/USDT,2025-04-01,LONG,0.7261,5.413,4.586,5,False,-15.278,0.5592,.70-.80,
ICP/USDT,2025-04-06,LONG,0.6832,4.586,4.625,2,True,0.8504,2.4363,.60-.70,2-3x
FIL/USDT,2024-08-27,LONG,0.6279,3.722,3.646,1,True,-2.0419,1.0616,.60-.70,1-1.5x
FIL/USDT,2024-08-29,LONG,0.5762,3.646,3.353,5,False,-8.0362,0.0,.55-.60,
FIL/USDT,2024-08-30,LONG,0.602,3.641,3.394,5,False,-6.7839,0.0357,.60-.70,
FIL/USDT,2024-08-31,LONG,0.5522,3.57,3.358,5,False,-5.9384,0.5655,.55-.60,
FIL/USDT,2024-09-16,LONG,0.6368,3.415,3.865,5,False,13.1772,0.3236,.60-.70,
FIL/USDT,2024-09-18,LONG,0.5535,3.615,3.76,5,False,4.0111,1.3838,.55-.60,1-1.5x
FIL/USDT,2024-09-19,LONG,0.6423,3.685,3.855,5,False,4.6133,0.6132,.60-.70,
FIL/USDT,2024-09-22,LONG,0.6794,3.723,4.196,5,False,12.7048,1.2654,.60-.70,1-1.5x
FIL/USDT,2024-09-25,LONG,0.924,3.942,4.128,3,True,4.7184,0.8217,>.80,
FIL/USDT,2024-09-26,LONG,0.5562,4.102,4.128,2,True,0.6338,1.4922,.55-.60,1-1.5x
FIL/USDT,2024-10-02,LONG,0.5805,3.538,3.711,5,False,4.8898,0.166,.55-.60,
FIL/USDT,2024-10-03,LONG,0.8334,3.574,3.629,5,False,1.5389,0.3024,>.80,
FIL/USDT,2024-10-04,LONG,0.7058,3.647,3.504,5,False,-3.921,0.6047,.70-.80,
FIL/USDT,2024-10-11,LONG,0.5727,3.587,3.75,5,False,4.5442,0.4547,.55-.60,
FIL/USDT,2024-10-12,LONG,0.7213,3.614,3.642,5,False,0.7748,0.261,.70-.80,
FIL/USDT,2024-10-14,LONG,0.5726,3.855,3.775,4,True,-2.0752,2.3552,.55-.60,2-3x
FIL/USDT,2024-10-15,LONG,0.7036,3.804,3.775,3,True,-0.7624,0.3966,.70-.80,
FIL/USDT,2024-10-22,LONG,0.5554,3.808,3.472,4,True,-8.8235,0.3632,.55-.60,
FIL/USDT,2024-10-23,LONG,0.6935,3.695,3.472,3,True,-6.0352,0.9815,.60-.70,
FIL/USDT,2024-10-24,LONG,0.6038,3.74,3.472,2,True,-7.1658,0.4056,.60-.70,
FIL/USDT,2024-10-27,LONG,0.7622,3.566,3.472,5,False,-2.636,0.7687,.70-.80,
FIL/USDT,2024-10-28,LONG,0.5753,3.625,3.433,5,False,-5.2966,0.4716,.55-.60,
FIL/USDT,2024-10-30,LONG,0.5545,3.72,3.275,5,False,-11.9624,0.102,.55-.60,
FIL/USDT,2024-11-02,LONG,0.5606,3.433,3.391,3,True,-1.2234,0.3091,.55-.60,
FIL/USDT,2024-11-04,LONG,0.635,3.275,3.391,1,True,3.542,0.6279,.60-.70,
FIL/USDT,2024-11-09,LONG,0.6087,4.05,4.22,3,True,4.1975,0.9265,.60-.70,
FIL/USDT,2024-11-15,LONG,0.9896,4.2,4.533,3,True,7.9286,2.0977,>.80,2-3x
FIL/USDT,2024-11-16,LONG,0.9878,4.744,4.533,2,True,-4.4477,2.5896,>.80,2-3x
FIL/USDT,2024-11-17,LONG,0.6651,4.344,4.533,1,True,4.3508,1.5395,.60-.70,1.5-2x
FIL/USDT,2024-11-28,LONG,0.9776,5.81,7.28,4,True,25.3012,0.0029,>.80,
FIL/USDT,2024-11-29,LONG,0.7528,6.139,7.28,3,True,18.5861,0.9312,.70-.80,
FIL/USDT,2024-12-01,LONG,0.6262,6.859,7.28,1,True,6.1379,0.4428,.60-.70,
FIL/USDT,2024-12-04,LONG,0.7985,8.085,7.691,1,True,-4.8732,1.6616,.70-.80,1.5-2x
FIL/USDT,2024-12-06,LONG,0.5646,8.073,7.87,2,True,-2.5146,0.7975,.55-.60,
FIL/USDT,2024-12-07,LONG,0.688,7.82,7.87,1,True,0.6394,0.5383,.60-.70,
FIL/USDT,2024-12-09,LONG,0.5596,6.269,6.752,4,True,7.7046,2.6177,.55-.60,2-3x
FIL/USDT,2024-12-10,LONG,0.5938,6.201,6.752,3,True,8.8857,0.1415,.55-.60,
FIL/USDT,2024-12-12,LONG,0.7924,6.734,6.752,1,True,0.2673,0.1011,.70-.80,
FIL/USDT,2024-12-14,LONG,0.5569,6.433,6.289,3,True,-2.2385,0.6395,.55-.60,
FIL/USDT,2024-12-15,LONG,0.8744,6.737,6.289,2,True,-6.6498,0.6458,>.80,
FIL/USDT,2024-12-16,LONG,0.8359,6.531,6.289,1,True,-3.7054,0.4147,>.80,
FIL/USDT,2024-12-18,LONG,0.5843,5.651,5.209,2,True,-7.8216,1.3156,.55-.60,1-1.5x
FIL/USDT,2024-12-23,LONG,0.7044,5.196,5.463,1,True,5.1386,1.0511,.70-.80,1-1.5x
FIL/USDT,2025-01-10,LONG,0.5704,5.211,4.922,3,True,-5.546,0.6745,.55-.60,
FIL/USDT,2025-01-23,LONG,0.5552,5.063,5.015,1,True,-0.9481,0.2485,.55-.60,
FIL/USDT,2025-02-01,LONG,0.8465,4.373,3.121,5,False,-28.6302,1.8231,>.80,1.5-2x
FIL/USDT,2025-02-02,LONG,0.9375,3.601,3.121,4,True,-13.3296,2.817,>.80,2-3x
FIL/USDT,2025-02-03,LONG,0.9921,3.506,3.121,3,True,-10.9812,0.4371,>.80,
FIL/USDT,2025-02-07,LONG,0.7416,3.187,3.311,2,True,3.8908,0.393,.70-.80,
FIL/USDT,2025-02-15,LONG,0.659,3.416,3.495,5,False,2.3126,0.5737,.60-.70,
FIL/USDT,2025-02-22,LONG,0.5541,3.433,3.262,5,False,-4.9811,0.9355,.55-.60,
FIL/USDT,2025-02-25,LONG,0.5749,3.142,3.248,3,True,3.3736,0.9629,.55-.60,
FIL/USDT,2025-02-26,LONG,0.6163,3.149,3.248,2,True,3.1439,0.0524,.60-.70,
FIL/USDT,2025-02-27,LONG,0.6187,3.262,3.248,1,True,-0.4292,0.8344,.60-.70,
FIL/USDT,2025-03-06,LONG,0.5752,3.087,3.103,2,True,0.5183,0.2807,.55-.60,
FIL/USDT,2025-03-07,LONG,0.6847,3.117,3.103,1,True,-0.4491,0.1754,.60-.70,
FIL/USDT,2025-03-09,LONG,0.5829,2.788,2.741,2,True,-1.6858,1.7069,.55-.60,1.5-2x
FIL/USDT,2025-03-10,LONG,0.9507,2.645,2.741,1,True,3.6295,0.8676,>.80,
FIL/USDT,2025-03-13,LONG,0.7326,2.748,2.884,1,True,4.9491,0.2564,.70-.80,
FIL/USDT,2025-03-18,LONG,0.6148,2.926,3.087,1,True,5.5024,0.5806,.60-.70,
FIL/USDT,2025-03-22,LONG,0.5889,2.991,3.026,1,True,1.1702,0.4861,.55-.60,
FIL/USDT,2025-03-29,LONG,0.5847,2.746,2.703,4,True,-1.5659,0.7663,.55-.60,
FIL/USDT,2025-03-31,LONG,0.7237,2.779,2.703,2,True,-2.7348,0.2591,.70-.80,
FIL/USDT,2025-04-01,LONG,0.6621,2.837,2.703,1,True,-4.7233,0.5942,.60-.70,
FIL/USDT,2025-04-05,LONG,0.5535,2.699,2.347,5,False,-13.0419,0.7233,.55-.60,
FIL/USDT,2025-04-06,LONG,0.707,2.376,2.347,4,True,-1.2205,3.0384,.70-.80,3-5x
HBAR/USDT,2024-08-27,LONG,0.7459,0.05249,0.05128,1,True,-2.3052,1.2805,.70-.80,1-1.5x
HBAR/USDT,2024-08-30,LONG,0.6471,0.05132,0.04801,2,True,-6.4497,0.0783,.60-.70,
HBAR/USDT,2024-09-02,LONG,0.8385,0.05084,0.04935,2,True,-2.9308,1.7395,>.80,1.5-2x
HBAR/USDT,2024-09-03,LONG,0.6937,0.04892,0.04935,1,True,0.879,1.0871,.60-.70,1-1.5x
HBAR/USDT,2024-09-13,LONG,0.6519,0.05238,0.05077,5,False,-3.0737,1.1192,.60-.70,1-1.5x
HBAR/USDT,2024-09-16,LONG,0.6025,0.04952,0.0561,5,False,13.2876,0.4306,.60-.70,
HBAR/USDT,2024-09-18,LONG,0.6572,0.05077,0.05787,5,False,13.9846,0.6419,.60-.70,
HBAR/USDT,2024-09-19,LONG,0.8449,0.05168,0.05775,5,False,11.7454,0.6604,>.80,
HBAR/USDT,2024-09-22,LONG,0.5985,0.05378,0.05775,2,True,7.3819,1.5222,.55-.60,1.5-2x
HBAR/USDT,2024-09-25,LONG,0.8981,0.05853,0.06122,3,True,4.5959,0.4652,>.80,
HBAR/USDT,2024-09-27,LONG,0.7801,0.06185,0.06122,1,True,-1.0186,0.0711,.70-.80,
HBAR/USDT,2024-10-03,LONG,0.7824,0.05174,0.05233,5,False,1.1403,0.0403,.70-.80,
HBAR/USDT,2024-10-04,LONG,0.6198,0.05476,0.05024,5,False,-8.2542,1.445,.60-.70,1-1.5x
HBAR/USDT,2024-10-06,LONG,0.7085,0.05431,0.05141,5,False,-5.3397,0.5543,.70-.80,
HBAR/USDT,2024-10-07,LONG,0.7615,0.05246,0.0516,5,False,-1.6393,0.8237,.70-.80,
HBAR/USDT,2024-10-10,LONG,0.5667,0.05036,0.05128,3,True,1.8268,0.0572,.55-.60,
HBAR/USDT,2024-10-11,LONG,0.5508,0.05141,0.05128,2,True,-0.2529,0.5279,.55-.60,
HBAR/USDT,2024-10-12,LONG,0.718,0.0516,0.05128,1,True,-0.6202,0.096,.70-.80,
HBAR/USDT,2024-10-22,LONG,0.7037,0.05257,0.04892,5,False,-6.9431,0.1532,.70-.80,
HBAR/USDT,2024-10-24,LONG,0.6016,0.05114,0.04973,5,False,-2.7571,0.145,.60-.70,
HBAR/USDT,2024-10-26,LONG,0.5945,0.04824,0.04861,4,True,0.767,0.2569,.55-.60,
HBAR/USDT,2024-11-08,LONG,0.6384,0.05217,0.06464,4,True,23.9026,1.4875,.60-.70,1-1.5x
HBAR/USDT,2024-11-09,LONG,0.718,0.05277,0.06464,3,True,22.4938,0.2982,.70-.80,
HBAR/USDT,2024-11-13,LONG,0.6513,0.05947,0.07239,2,True,21.7252,1.6087,.60-.70,1.5-2x
HBAR/USDT,2024-11-16,LONG,0.9685,0.09017,0.09025,1,True,0.0887,3.3003,>.80,3-5x
HBAR/USDT,2024-11-18,LONG,0.9715,0.14427,0.133,1,True,-7.8117,4.0887,>.80,3-5x
HBAR/USDT,2024-11-22,LONG,0.9797,0.1469,0.13483,3,True,-8.2165,1.0619,>.80,1-1.5x
HBAR/USDT,2024-11-23,LONG,0.9557,0.15439,0.13483,2,True,-12.6692,0.346,>.80,
HBAR/USDT,2024-11-27,LONG,0.6442,0.14181,0.31171,5,False,119.8082,0.1214,.60-.70,
HBAR/USDT,2024-11-28,LONG,0.7987,0.14478,0.31171,4,True,115.2991,0.1369,.70-.80,
HBAR/USDT,2024-12-04,LONG,0.7402,0.28755,0.29204,1,True,1.5615,0.45,.70-.80,
HBAR/USDT,2024-12-06,LONG,0.6851,0.36765,0.33192,1,True,-9.7185,1.3626,.60-.70,1-1.5x
HBAR/USDT,2024-12-10,LONG,0.5653,0.28993,0.31432,3,True,8.4124,0.231,.55-.60,
HBAR/USDT,2024-12-11,LONG,0.5507,0.29905,0.31432,2,True,5.1062,0.2061,.55-.60,
HBAR/USDT,2024-12-12,LONG,0.8106,0.29155,0.31432,1,True,7.81,0.1656,>.80,
HBAR/USDT,2024-12-17,LONG,0.6332,0.28454,0.27251,1,True,-4.2279,0.0501,.60-.70,
HBAR/USDT,2024-12-21,LONG,0.579,0.25385,0.26554,1,True,4.6051,0.4497,.55-.60,
HBAR/USDT,2024-12-23,LONG,0.6774,0.29151,0.32874,1,True,12.7714,1.1308,.60-.70,1-1.5x
HBAR/USDT,2024-12-25,LONG,0.6924,0.31329,0.29443,3,True,-6.02,0.5252,.60-.70,
HBAR/USDT,2024-12-27,LONG,0.7354,0.27674,0.29443,1,True,6.3923,0.41,.70-.80,
HBAR/USDT,2024-12-31,LONG,0.5915,0.26896,0.30574,4,True,13.6749,0.5892,.55-.60,
HBAR/USDT,2025-01-03,LONG,0.6104,0.31361,0.30574,1,True,-2.5095,1.209,.60-.70,1-1.5x
HBAR/USDT,2025-01-13,LONG,0.6509,0.27508,0.36272,3,True,31.8598,0.2168,.60-.70,
HBAR/USDT,2025-01-14,LONG,0.5503,0.28714,0.36272,2,True,26.3217,0.869,.55-.60,
HBAR/USDT,2025-01-21,LONG,0.7619,0.33774,0.32806,2,True,-2.8661,0.2167,.70-.80,
HBAR/USDT,2025-01-22,LONG,0.9454,0.32609,0.32806,1,True,0.6041,0.5863,>.80,
HBAR/USDT,2025-02-01,LONG,0.7647,0.28503,0.27483,2,True,-3.5786,1.2742,.70-.80,1-1.5x
HBAR/USDT,2025-02-02,LONG,0.8772,0.25323,0.27483,1,True,8.5298,1.8286,>.80,1.5-2x
HBAR/USDT,2025-02-06,LONG,0.8099,0.22868,0.23185,4,True,1.3862,0.848,>.80,
HBAR/USDT,2025-02-09,LONG,0.747,0.2292,0.23185,1,True,1.1562,0.4685,.70-.80,
HBAR/USDT,2025-02-12,LONG,0.6112,0.2352,0.22012,4,True,-6.4116,0.6056,.60-.70,
HBAR/USDT,2025-02-17,LONG,0.7408,0.21235,0.20702,1,True,-2.51,0.7595,.70-.80,
HBAR/USDT,2025-02-23,LONG,0.5544,0.21119,0.21356,5,False,1.1222,0.7306,.55-.60,
HBAR/USDT,2025-02-27,LONG,0.6699,0.19972,0.21356,1,True,6.9297,0.636,.60-.70,
HBAR/USDT,2025-03-04,LONG,0.5818,0.24134,0.23257,3,True,-3.6339,1.2024,.55-.60,1-1.5x
HBAR/USDT,2025-03-06,LONG,0.5764,0.23776,0.23257,1,True,-2.1829,0.6765,.55-.60,
HBAR/USDT,2025-03-09,LONG,0.6451,0.19938,0.18941,1,True,-5.0005,1.6753,.60-.70,1.5-2x
HBAR/USDT,2025-03-12,LONG,0.6756,0.20095,0.19113,2,True,-4.8868,0.2665,.60-.70,
HBAR/USDT,2025-03-22,LONG,0.6776,0.18264,0.19356,5,False,5.979,0.195,.60-.70,
HBAR/USDT,2025-03-31,LONG,0.5591,0.16322,0.16426,4,True,0.6372,0.8155,.55-.60,
HBAR/USDT,2025-04-01,LONG,0.5696,0.17019,0.16426,3,True,-3.4843,1.2512,.55-.60,1-1.5x
HBAR/USDT,2025-04-03,LONG,0.5946,0.1626,0.16426,1,True,1.0209,0.223,.55-.60,
HBAR/USDT,2025-04-05,LONG,0.6346,0.16207,0.14609,3,True,-9.8599,0.4067,.60-.70,
HBAR/USDT,2025-04-06,LONG,0.8605,0.14005,0.14609,2,True,4.3127,3.2081,>.80,3-5x
ETC/USDT,2024-08-27,LONG,0.7103,18.3,18.57,1,True,1.4754,1.654,.70-.80,1.5-2x
ETC/USDT,2024-08-30,LONG,0.6093,18.56,18.41,1,True,-0.8082,0.1927,.60-.70,
ETC/USDT,2024-09-02,LONG,0.6015,18.28,17.66,1,True,-3.3917,1.362,.60-.70,1-1.5x
ETC/USDT,2024-09-14,LONG,0.5722,18.61,18.8,5,False,1.021,0.5191,.55-.60,
ETC/USDT,2024-09-16,LONG,0.599,17.74,19.36,5,False,9.1319,0.1228,.55-.60,
ETC/USDT,2024-09-18,LONG,0.587,18.32,19.12,5,False,4.3668,0.813,.55-.60,
ETC/USDT,2024-09-19,LONG,0.5937,18.8,19.43,5,False,3.3511,1.0929,.55-.60,1-1.5x
ETC/USDT,2024-09-22,LONG,0.57,18.92,20.83,5,False,10.0951,1.0674,.55-.60,1-1.5x
ETC/USDT,2024-09-25,LONG,0.6148,19.3,20.44,4,True,5.9067,0.3695,.60-.70,
ETC/USDT,2024-09-26,LONG,0.6193,20.32,20.44,3,True,0.5906,2.6048,.60-.70,2-3x
ETC/USDT,2024-10-03,LONG,0.5523,18.52,18.34,5,False,-0.9719,1.1425,.55-.60,1-1.5x
ETC/USDT,2024-10-06,LONG,0.5889,18.76,18.2,4,True,-2.9851,0.4473,.55-.60,
ETC/USDT,2024-10-07,LONG,0.5674,18.56,18.2,3,True,-1.9397,0.4011,.55-.60,
ETC/USDT,2024-10-16,LONG,0.6329,19.38,19.05,1,True,-1.7028,0.0413,.60-.70,
ETC/USDT,2024-10-18,LONG,0.6103,19.37,20.21,2,True,4.3366,0.679,.60-.70,
ETC/USDT,2024-10-19,LONG,0.5733,19.9,20.21,1,True,1.5578,1.0684,.55-.60,1-1.5x
ETC/USDT,2024-10-21,LONG,0.6252,19.42,18.23,5,False,-6.1277,1.7974,.60-.70,1.5-2x
ETC/USDT,2024-10-23,LONG,0.5772,18.65,19.0,5,False,1.8767,1.0602,.55-.60,1-1.5x
ETC/USDT,2024-10-24,LONG,0.6264,18.88,19.44,5,False,2.9661,0.5947,.60-.70,
ETC/USDT,2024-10-26,LONG,0.5596,18.23,18.6,5,False,2.0296,0.0504,.55-.60,
ETC/USDT,2024-10-28,LONG,0.5983,19.0,18.6,3,True,-2.1053,1.389,.55-.60,1-1.5x
ETC/USDT,2024-10-29,LONG,0.5701,19.44,18.6,2,True,-4.321,1.0118,.55-.60,1-1.5x
ETC/USDT,2024-11-15,LONG,0.9967,22.99,25.85,2,True,12.4402,1.3883,>.80,1-1.5x
ETC/USDT,2024-11-16,LONG,0.9999,26.72,25.85,1,True,-3.256,3.1577,>.80,3-5x
ETC/USDT,2024-11-20,LONG,0.7471,25.37,28.83,4,True,13.6382,0.5719,.70-.80,
ETC/USDT,2024-11-22,LONG,0.6781,28.52,28.83,2,True,1.087,0.7894,.60-.70,
ETC/USDT,2024-11-28,LONG,0.6824,31.92,32.7,2,True,2.4436,0.4497,.60-.70,
ETC/USDT,2024-12-01,LONG,0.8409,33.32,38.27,5,False,14.8559,0.3031,>.80,
ETC/USDT,2024-12-03,LONG,0.5911,34.76,37.2,4,True,7.0196,0.4405,.55-.60,
ETC/USDT,2024-12-05,LONG,0.5764,35.63,37.2,2,True,4.4064,0.8838,.55-.60,
ETC/USDT,2024-12-08,LONG,0.7264,37.08,30.2,2,True,-18.5545,0.0604,.70-.80,
ETC/USDT,2024-12-14,LONG,0.5923,32.56,26.72,5,False,-17.9361,0.635,.55-.60,
ETC/USDT,2024-12-15,LONG,0.6893,33.79,26.72,4,True,-20.9234,0.5617,.60-.70,
ETC/USDT,2024-12-16,LONG,0.6445,33.19,26.72,3,True,-19.4938,0.268,.60-.70,
ETC/USDT,2024-12-23,LONG,0.6944,27.55,26.58,5,False,-3.5209,0.9243,.60-.70,
ETC/USDT,2024-12-27,LONG,0.5702,25.98,25.51,2,True,-1.8091,0.0733,.55-.60,
ETC/USDT,2024-12-30,LONG,0.5575,25.45,26.91,3,True,5.7367,0.0483,.55-.60,
ETC/USDT,2024-12-31,LONG,0.5508,25.07,26.91,2,True,7.3394,0.3721,.55-.60,
ETC/USDT,2025-01-04,LONG,0.5667,28.36,24.86,5,False,-12.3413,0.0649,.55-.60,
ETC/USDT,2025-01-21,LONG,0.5999,27.12,27.39,3,True,0.9956,1.2071,.55-.60,1-1.5x
ETC/USDT,2025-01-22,LONG,0.652,26.83,27.39,2,True,2.0872,0.2536,.60-.70,
ETC/USDT,2025-01-27,LONG,0.7595,26.0,26.28,3,True,1.0769,0.1775,.70-.80,
ETC/USDT,2025-01-29,LONG,0.7195,25.54,26.28,1,True,2.8974,0.539,.70-.80,
ETC/USDT,2025-02-01,LONG,0.8209,24.98,19.68,5,False,-21.217,1.5518,>.80,1.5-2x
ETC/USDT,2025-02-02,LONG,0.7747,22.5,19.79,5,False,-12.0444,2.0009,.70-.80,2-3x
ETC/USDT,2025-02-03,LONG,0.8584,22.05,20.12,5,False,-8.7528,0.4082,>.80,
ETC/USDT,2025-02-05,LONG,0.9054,20.69,20.16,4,True,-2.5616,0.0409,>.80,
ETC/USDT,2025-02-06,LONG,0.5756,19.68,20.16,3,True,2.439,1.0847,.55-.60,1-1.5x
ETC/USDT,2025-02-07,LONG,0.7813,19.79,20.16,2,True,1.8696,0.125,.70-.80,
ETC/USDT,2025-02-15,LONG,0.6698,20.81,20.44,1,True,-1.778,0.7031,.60-.70,
ETC/USDT,2025-02-17,LONG,0.6755,20.89,21.18,2,True,1.3882,0.5692,.60-.70,
ETC/USDT,2025-02-20,LONG,0.6036,20.93,20.47,2,True,-2.1978,0.3021,.60-.70,
ETC/USDT,2025-02-23,LONG,0.5522,20.75,18.77,3,True,-9.5422,0.4443,.55-.60,
ETC/USDT,2025-02-27,LONG,0.64,18.73,19.57,1,True,4.4848,0.0621,.60-.70,
ETC/USDT,2025-03-01,LONG,0.5793,19.06,18.95,3,True,-0.5771,0.7213,.55-.60,
ETC/USDT,2025-03-03,LONG,0.6657,18.71,18.95,1,True,1.2827,2.2196,.60-.70,2-3x
ETC/USDT,2025-03-05,LONG,0.7541,20.48,20.4,2,True,-0.3906,1.5845,.70-.80,1.5-2x
ETC/USDT,2025-03-06,LONG,0.6796,19.96,20.4,1,True,2.2044,0.4962,.60-.70,
ETC/USDT,2025-03-09,LONG,0.5847,17.94,17.87,2,True,-0.3902,1.9987,.55-.60,1.5-2x
ETC/USDT,2025-03-10,LONG,0.8596,16.87,17.87,1,True,5.9277,1.0357,>.80,1-1.5x
ETC/USDT,2025-03-12,LONG,0.591,17.98,18.02,2,True,0.2225,0.1058,.55-.60,
ETC/USDT,2025-03-13,LONG,0.9227,17.9,18.02,1,True,0.6704,0.077,>.80,
ETC/USDT,2025-03-22,LONG,0.6265,17.67,18.42,3,True,4.2445,0.0355,.60-.70,
ETC/USDT,2025-03-26,LONG,0.6234,18.0,16.78,5,False,-6.7778,0.6134,.60-.70,
ETC/USDT,2025-03-31,LONG,0.6473,16.78,15.89,5,False,-5.3039,0.7851,.60-.70,
ETC/USDT,2025-04-01,LONG,0.5608,16.91,14.16,5,False,-16.2626,0.3578,.55-.60,
ETC/USDT,2025-04-06,LONG,0.8652,14.16,14.49,1,True,2.3305,3.3302,>.80,3-5x
NEAR/USDT,2024-08-27,LONG,0.6107,4.528,4.214,2,True,-6.9346,0.9749,.60-.70,
NEAR/USDT,2024-09-05,LONG,0.7229,3.711,4.015,4,True,8.1919,0.9822,.70-.80,
NEAR/USDT,2024-09-07,LONG,0.598,3.666,4.015,2,True,9.5199,0.6818,.55-.60,
NEAR/USDT,2024-09-13,LONG,0.5507,4.288,4.016,2,True,-6.3433,0.236,.55-.60,
NEAR/USDT,2024-09-14,LONG,0.5874,4.193,4.016,1,True,-4.2213,0.5421,.55-.60,
NEAR/USDT,2024-09-16,LONG,0.5532,3.88,4.25,2,True,9.5361,0.8366,.55-.60,
NEAR/USDT,2024-09-19,LONG,0.81,4.364,4.385,1,True,0.4812,0.6301,>.80,
NEAR/USDT,2024-09-24,LONG,0.5712,5.345,5.547,2,True,3.7792,0.6728,.55-.60,
NEAR/USDT,2024-09-25,LONG,0.6812,5.14,5.547,1,True,7.9183,0.7884,.60-.70,
NEAR/USDT,2024-09-28,LONG,0.7866,5.559,5.502,1,True,-1.0254,0.3811,.70-.80,
NEAR/USDT,2024-10-03,LONG,0.6886,4.639,4.895,5,False,5.5184,0.0484,.60-.70,
NEAR/USDT,2024-10-04,LONG,0.6221,4.83,4.607,5,False,-4.617,0.7668,.60-.70,
NEAR/USDT,2024-10-06,LONG,0.7491,4.949,4.738,5,False,-4.2635,0.6905,.70-.80,
NEAR/USDT,2024-10-07,LONG,0.6468,5.047,4.738,4,True,-6.1224,0.3926,.60-.70,
NEAR/USDT,2024-10-08,LONG,0.5625,4.895,4.738,3,True,-3.2074,0.5897,.55-.60,
NEAR/USDT,2024-10-09,LONG,0.5551,4.607,4.738,2,True,2.8435,1.1102,.55-.60,1-1.5x
NEAR/USDT,2024-10-10,LONG,0.7249,4.595,4.738,1,True,3.1121,0.0491,.70-.80,
NEAR/USDT,2024-10-14,LONG,0.7145,5.024,4.818,5,False,-4.1003,1.6213,.70-.80,1.5-2x
NEAR/USDT,2024-10-18,LONG,0.6713,4.894,4.818,1,True,-1.5529,0.6764,.60-.70,
NEAR/USDT,2024-10-22,LONG,0.5982,4.679,4.653,1,True,-0.5557,0.637,.55-.60,
NEAR/USDT,2024-10-24,LONG,0.796,4.722,4.24,2,True,-10.2075,0.4633,.70-.80,
NEAR/USDT,2024-10-27,LONG,0.7112,4.309,4.439,2,True,3.0169,0.4043,.70-.80,
NEAR/USDT,2024-10-28,LONG,0.574,4.303,4.439,1,True,3.1606,0.0349,.55-.60,
NEAR/USDT,2024-11-04,LONG,0.5932,3.621,4.639,5,False,28.1138,0.5142,.55-.60,
NEAR/USDT,2024-11-05,LONG,0.6369,3.81,4.723,5,False,23.9633,1.3592,.60-.70,1-1.5x
NEAR/USDT,2024-11-06,LONG,0.5819,4.233,5.564,5,False,31.4434,2.3726,.55-.60,2-3x
NEAR/USDT,2024-11-10,LONG,0.7685,4.723,5.34,2,True,13.0637,0.3747,.70-.80,
NEAR/USDT,2024-11-11,LONG,0.5803,5.564,5.34,1,True,-4.0259,2.864,.55-.60,2-3x
NEAR/USDT,2024-11-15,LONG,0.9818,5.558,5.704,2,True,2.6268,0.4633,>.80,
NEAR/USDT,2024-11-16,LONG,0.9988,5.947,5.704,1,True,-4.0861,1.1921,>.80,1-1.5x
NEAR/USDT,2024-11-20,LONG,0.6266,5.476,6.13,2,True,11.943,0.8751,.60-.70,
NEAR/USDT,2024-11-25,LONG,0.7172,6.46,6.961,4,True,7.7554,0.9466,.70-.80,
NEAR/USDT,2024-11-26,LONG,0.5859,6.519,6.961,3,True,6.7802,0.1516,.55-.60,
NEAR/USDT,2024-11-28,LONG,0.7165,7.012,6.961,1,True,-0.7273,0.468,.70-.80,
NEAR/USDT,2024-12-02,LONG,0.8566,7.477,7.383,1,True,-1.2572,1.6919,>.80,1.5-2x
NEAR/USDT,2024-12-04,LONG,0.6633,7.471,7.613,1,True,1.9007,0.2548,.60-.70,
NEAR/USDT,2024-12-06,LONG,0.7177,8.015,6.424,4,True,-19.8503,1.1517,.70-.80,1-1.5x
NEAR/USDT,2024-12-07,LONG,0.587,7.723,6.424,3,True,-16.8199,0.7994,.55-.60,
NEAR/USDT,2024-12-09,LONG,0.8756,6.503,6.424,1,True,-1.2148,2.8303,>.80,2-3x
NEAR/USDT,2024-12-15,LONG,0.7721,6.856,5.354,5,False,-21.9078,0.5069,.70-.80,
NEAR/USDT,2024-12-16,LONG,0.8218,6.617,5.354,4,True,-19.0872,0.673,>.80,
NEAR/USDT,2024-12-18,LONG,0.5708,5.688,5.354,2,True,-5.872,1.934,.55-.60,1.5-2x
NEAR/USDT,2024-12-21,LONG,0.5877,5.019,5.087,5,False,1.3549,1.0379,.55-.60,1-1.5x
NEAR/USDT,2024-12-23,LONG,0.7424,5.442,5.345,5,False,-1.7824,1.3231,.70-.80,1-1.5x
NEAR/USDT,2024-12-25,LONG,0.6455,5.447,5.345,3,True,-1.8726,0.315,.60-.70,
NEAR/USDT,2024-12-27,LONG,0.5664,5.112,5.345,1,True,4.5579,0.0833,.55-.60,
NEAR/USDT,2024-12-30,LONG,0.5859,5.046,5.283,2,True,4.6968,0.3288,.55-.60,
NEAR/USDT,2024-12-31,LONG,0.692,4.916,5.283,1,True,7.4654,0.5623,.60-.70,
NEAR/USDT,2025-01-09,LONG,0.5523,4.974,4.754,4,True,-4.423,0.709,.55-.60,
NEAR/USDT,2025-01-10,LONG,0.5614,5.084,4.754,3,True,-6.491,0.4636,.55-.60,
NEAR/USDT,2025-01-11,LONG,0.6898,5.084,4.754,2,True,-6.491,0.0,.60-.70,
NEAR/USDT,2025-01-12,LONG,0.6337,4.973,4.754,1,True,-4.4038,0.4938,.60-.70,
NEAR/USDT,2025-01-14,LONG,0.5716,5.05,5.318,1,True,5.3069,1.3196,.55-.60,1-1.5x
NEAR/USDT,2025-01-18,LONG,0.6204,5.446,5.255,3,True,-3.5072,1.0024,.60-.70,1-1.5x
NEAR/USDT,2025-01-26,LONG,0.8162,4.759,4.638,1,True,-2.5426,0.6601,>.80,
NEAR/USDT,2025-02-01,LONG,0.8942,4.26,3.774,2,True,-11.4085,1.4858,>.80,1-1.5x
NEAR/USDT,2025-02-02,LONG,0.9141,3.75,3.774,1,True,0.64,2.0814,>.80,2-3x
NEAR/USDT,2025-02-06,LONG,0.953,3.143,3.207,4,True,2.0363,0.9044,>.80,
NEAR/USDT,2025-02-07,LONG,0.7084,3.205,3.207,3,True,0.0624,0.4196,.70-.80,
NEAR/USDT,2025-02-08,LONG,0.5999,3.286,3.207,2,True,-2.4041,0.5487,.55-.60,
NEAR/USDT,2025-02-09,LONG,0.9516,3.18,3.207,1,True,0.8491,0.717,>.80,
NEAR/USDT,2025-02-12,LONG,0.9447,3.433,3.376,1,True,-1.6604,1.482,>.80,1-1.5x
NEAR/USDT,2025-02-14,LONG,0.8143,3.551,3.405,1,True,-4.1115,1.0142,>.80,1-1.5x
NEAR/USDT,2025-02-16,LONG,0.8157,3.418,3.259,1,True,-4.6518,0.0743,>.80,
NEAR/USDT,2025-02-23,LONG,0.5769,3.431,3.069,5,False,-10.5509,0.2327,.55-.60,
NEAR/USDT,2025-02-27,LONG,0.6344,3.057,3.27,2,True,6.9676,0.2497,.60-.70,
NEAR/USDT,2025-02-28,LONG,0.8509,3.069,3.27,1,True,6.5494,0.0854,>.80,
NEAR/USDT,2025-03-03,LONG,0.9337,2.972,2.887,5,False,-2.86,2.5597,>.80,2-3x
NEAR/USDT,2025-03-04,LONG,0.6885,2.813,2.887,4,True,2.6306,0.8563,.60-.70,
NEAR/USDT,2025-03-05,LONG,0.555,2.987,2.887,3,True,-3.3478,0.9614,.55-.60,
NEAR/USDT,2025-03-06,LONG,0.7221,3.057,2.887,2,True,-5.561,0.3699,.70-.80,
NEAR/USDT,2025-03-07,LONG,0.602,2.939,2.887,1,True,-1.7693,0.61,.60-.70,
NEAR/USDT,2025-03-09,LONG,0.8358,2.549,2.449,2,True,-3.9231,1.7351,>.80,1.5-2x
NEAR/USDT,2025-03-10,LONG,0.5977,2.282,2.449,1,True,7.3181,1.4849,.55-.60,1-1.5x
NEAR/USDT,2025-03-13,LONG,0.8475,2.573,2.604,1,True,1.2048,0.0956,>.80,
NEAR/USDT,2025-03-19,LONG,0.5652,2.792,2.731,3,True,-2.1848,1.1538,.55-.60,1-1.5x
NEAR/USDT,2025-03-21,LONG,0.6326,2.715,2.731,1,True,0.5893,0.1189,.60-.70,
NEAR/USDT,2025-04-02,LONG,0.6283,2.45,2.507,2,True,2.3265,1.6591,.60-.70,1.5-2x
NEAR/USDT,2025-04-05,LONG,0.6449,2.443,1.907,3,True,-21.9402,0.5716,.60-.70,
NEAR/USDT,2025-04-06,LONG,0.7309,2.162,1.907,2,True,-11.7946,2.3072,.70-.80,2-3x
APT/USDT,2024-08-27,LONG,0.5551,6.834,6.164,5,False,-9.8039,0.4182,.55-.60,
APT/USDT,2024-08-28,LONG,0.6214,6.733,6.359,5,False,-5.5547,0.2687,.60-.70,
APT/USDT,2024-08-29,LONG,0.5546,6.794,6.131,5,False,-9.7586,0.165,.55-.60,
APT/USDT,2024-08-31,LONG,0.6004,6.49,5.776,5,False,-11.0015,0.6974,.60-.70,
APT/USDT,2024-09-02,LONG,0.6032,6.359,5.776,3,True,-9.1681,0.8041,.60-.70,
APT/USDT,2024-09-04,LONG,0.6118,6.121,5.776,1,True,-5.6363,0.0441,.60-.70,
APT/USDT,2024-09-10,LONG,0.584,6.275,6.092,1,True,-2.9163,0.1128,.55-.60,
APT/USDT,2024-09-13,LONG,0.6973,6.306,6.23,5,False,-1.2052,0.7036,.60-.70,
APT/USDT,2024-09-16,LONG,0.6106,5.742,8.244,5,False,43.5737,0.7664,.60-.70,
APT/USDT,2024-09-19,LONG,0.6168,6.804,8.156,5,False,19.8707,2.3464,.60-.70,2-3x
APT/USDT,2024-09-22,LONG,0.7338,7.966,8.156,2,True,2.3851,0.6953,.70-.80,
APT/USDT,2024-09-25,LONG,0.7995,8.006,8.073,4,True,0.8369,0.4099,.70-.80,
APT/USDT,2024-09-26,LONG,0.935,8.069,8.073,3,True,0.0496,0.1772,>.80,
APT/USDT,2024-10-02,LONG,0.5984,7.786,9.09,2,True,16.748,0.6282,.55-.60,
APT/USDT,2024-10-03,LONG,0.7931,8.562,9.09,1,True,6.1668,1.8944,.70-.80,1.5-2x
APT/USDT,2024-10-05,LONG,0.7365,8.607,8.101,5,False,-5.8789,0.9982,.70-.80,
APT/USDT,2024-10-06,LONG,0.8326,8.704,8.101,4,True,-6.9278,0.2154,>.80,
APT/USDT,2024-10-08,LONG,0.7343,9.335,8.101,2,True,-13.2191,1.4201,.70-.80,1-1.5x
APT/USDT,2024-10-11,LONG,0.7506,8.514,9.926,1,True,16.5844,1.0365,.70-.80,1-1.5x
APT/USDT,2024-10-14,LONG,0.6014,10.176,10.457,1,True,2.7614,0.0211,.60-.70,
APT/USDT,2024-10-17,LONG,0.55,9.933,10.395,5,False,4.6512,0.1495,.50-.55,
APT/USDT,2024-10-22,LONG,0.6377,10.395,9.933,1,True,-4.4444,0.5099,.60-.70,
APT/USDT,2024-10-25,LONG,0.9295,8.945,9.304,1,True,4.0134,2.0212,>.80,2-3x
APT/USDT,2024-10-27,LONG,0.6483,9.201,8.929,5,False,-2.9562,0.1818,.60-.70,
APT/USDT,2024-10-29,LONG,0.5606,10.042,8.192,5,False,-18.4226,1.5383,.55-.60,1.5-2x
APT/USDT,2024-10-31,LONG,0.8348,9.09,8.192,3,True,-9.879,1.2149,>.80,1-1.5x
APT/USDT,2024-11-01,LONG,0.6298,8.929,8.192,2,True,-8.254,0.3914,.60-.70,
APT/USDT,2024-11-11,LONG,0.777,13.718,12.356,1,True,-9.9286,3.1734,.70-.80,3-5x
APT/USDT,2024-11-15,LONG,0.8562,11.876,12.042,3,True,1.3978,0.7003,>.80,
APT/USDT,2024-11-16,LONG,0.9353,12.3,12.042,2,True,-2.0976,0.4396,>.80,
APT/USDT,2024-11-17,LONG,0.866,11.787,12.042,1,True,2.1634,0.5072,>.80,
APT/USDT,2024-11-22,LONG,0.6641,12.47,11.828,3,True,-5.1484,0.4347,.60-.70,
APT/USDT,2024-11-23,LONG,0.6899,12.737,11.828,2,True,-7.1367,0.2864,.60-.70,
APT/USDT,2024-12-01,LONG,0.5552,13.458,14.676,5,False,9.0504,0.1408,.55-.60,
APT/USDT,2024-12-06,LONG,0.5811,14.676,11.939,3,True,-18.6495,2.2255,.55-.60,2-3x
APT/USDT,2024-12-14,LONG,0.6867,13.416,11.374,5,False,-15.2206,0.9186,.60-.70,
APT/USDT,2024-12-15,LONG,0.6956,13.664,10.872,5,False,-20.4333,0.31,.60-.70,
APT/USDT,2024-12-19,LONG,0.5525,11.374,9.814,5,False,-13.7155,0.5951,.55-.60,
APT/USDT,2024-12-21,LONG,0.5907,9.532,8.819,5,False,-7.4801,1.7804,.55-.60,1.5-2x
APT/USDT,2024-12-22,LONG,0.6354,9.226,8.74,5,False,-5.2677,0.4663,.60-.70,
APT/USDT,2024-12-23,LONG,0.6282,9.702,9.191,5,False,-5.267,0.7529,.60-.70,
APT/USDT,2024-12-24,LONG,0.6342,9.814,8.876,5,False,-9.5578,0.1678,.60-.70,
APT/USDT,2024-12-26,LONG,0.7046,8.819,8.876,3,True,0.6463,1.1588,.70-.80,1-1.5x
APT/USDT,2024-12-27,LONG,0.7461,8.74,8.876,2,True,1.5561,0.135,.70-.80,
APT/USDT,2024-12-31,LONG,0.5502,8.716,9.808,3,True,12.5287,0.3643,.55-.60,
APT/USDT,2025-01-17,LONG,0.6125,9.751,8.498,5,False,-12.85,1.3691,.60-.70,1-1.5x
APT/USDT,2025-01-18,LONG,0.6213,9.327,8.337,5,False,-10.6143,1.0504,.60-.70,1-1.5x
APT/USDT,2025-01-20,LONG,0.5991,8.551,8.337,3,True,-2.5026,0.1252,.55-.60,
APT/USDT,2025-01-21,LONG,0.677,8.741,8.337,2,True,-4.6219,0.487,.60-.70,
APT/USDT,2025-01-22,LONG,0.698,8.498,8.337,1,True,-1.8946,0.6121,.60-.70,
APT/USDT,2025-01-26,LONG,0.778,7.821,7.838,4,True,0.2174,0.802,.70-.80,
APT/USDT,2025-01-27,LONG,0.5506,7.629,7.838,3,True,2.7395,0.5857,.55-.60,
APT/USDT,2025-02-01,LONG,0.8497,7.051,6.5,2,True,-7.8145,2.1242,>.80,2-3x
APT/USDT,2025-02-02,LONG,0.9387,6.151,6.5,1,True,5.6739,2.4307,>.80,2-3x
APT/USDT,2025-02-05,LONG,0.5614,5.969,6.191,5,False,3.7192,0.3631,.55-.60,
APT/USDT,2025-02-06,LONG,0.5925,5.728,5.892,5,False,2.8631,0.8487,.55-.60,
APT/USDT,2025-02-08,LONG,0.5593,5.846,5.892,3,True,0.7869,0.5206,.55-.60,
APT/USDT,2025-02-09,LONG,0.9776,5.909,5.892,2,True,-0.2877,0.233,>.80,
APT/USDT,2025-02-10,LONG,0.6005,6.191,5.892,1,True,-4.8296,1.0001,.60-.70,1-1.5x
APT/USDT,2025-02-14,LONG,0.6966,6.102,6.008,1,True,-1.5405,0.1136,.60-.70,
APT/USDT,2025-02-16,LONG,0.5622,5.816,5.935,1,True,2.0461,0.638,.55-.60,
APT/USDT,2025-02-20,LONG,0.6162,6.321,6.026,2,True,-4.667,0.0084,.60-.70,
APT/USDT,2025-02-23,LONG,0.6176,6.117,5.404,1,True,-11.656,0.3473,.60-.70,
APT/USDT,2025-02-26,LONG,0.6341,5.908,6.305,3,True,6.7197,0.9763,.60-.70,
APT/USDT,2025-03-03,LONG,0.7891,5.733,5.455,1,True,-4.8491,2.4092,.70-.80,2-3x
APT/USDT,2025-03-10,LONG,0.8818,5.197,5.31,1,True,2.1743,1.0113,>.80,1-1.5x
APT/USDT,2025-03-13,LONG,0.8185,5.147,5.208,1,True,1.1852,0.1699,>.80,
APT/USDT,2025-03-15,LONG,0.6459,5.349,5.344,2,True,-0.0935,0.4041,.60-.70,
APT/USDT,2025-03-18,LONG,0.5845,5.428,5.619,3,True,3.5188,0.2571,.55-.60,
APT/USDT,2025-03-29,LONG,0.6059,5.227,5.403,3,True,3.3671,1.6635,.60-.70,1.5-2x
APT/USDT,2025-04-02,LONG,0.5777,5.097,4.413,5,False,-13.4197,1.7045,.55-.60,1.5-2x
APT/USDT,2025-04-05,LONG,0.6128,4.885,4.413,2,True,-9.6622,0.1334,.60-.70,
OP/USDT,2024-09-02,LONG,0.5838,1.4084,1.349,1,True,-4.2176,0.8687,.55-.60,
OP/USDT,2024-09-07,LONG,0.629,1.416,1.5304,2,True,8.0791,1.4325,.60-.70,1-1.5x
OP/USDT,2024-09-14,LONG,0.8176,1.5678,1.4735,1,True,-6.0148,0.3269,>.80,
OP/USDT,2024-09-16,LONG,0.6165,1.452,1.7697,5,False,21.8802,0.3885,.60-.70,
OP/USDT,2024-09-19,LONG,0.7065,1.6053,1.7697,2,True,10.2411,1.5527,.70-.80,1.5-2x
OP/USDT,2024-09-22,LONG,0.6517,1.6903,1.8989,5,False,12.341,1.1136,.60-.70,1-1.5x
OP/USDT,2024-09-25,LONG,0.6589,1.6841,1.7488,5,False,3.8418,0.7423,.60-.70,
OP/USDT,2024-10-07,LONG,0.705,1.6604,1.6943,4,True,2.0417,0.3015,.70-.80,
OP/USDT,2024-10-08,LONG,0.5727,1.6362,1.6943,3,True,3.5509,0.3166,.55-.60,
OP/USDT,2024-10-10,LONG,0.5513,1.5558,1.6943,1,True,8.9022,0.3435,.55-.60,
OP/USDT,2024-10-12,LONG,0.6314,1.7157,1.7802,2,True,3.7594,0.2677,.60-.70,
OP/USDT,2024-10-16,LONG,0.9435,1.7471,1.6742,1,True,-4.1726,0.1501,>.80,
OP/USDT,2024-10-18,LONG,0.8206,1.7175,1.81,2,True,5.3857,0.5899,>.80,
OP/USDT,2024-10-19,LONG,0.6251,1.691,1.81,1,True,7.0373,0.3526,.60-.70,
OP/USDT,2024-10-28,LONG,0.5894,1.6197,1.6121,3,True,-0.4692,0.3813,.55-.60,
OP/USDT,2024-11-02,LONG,0.8562,1.4575,1.4323,1,True,-1.729,1.0289,>.80,1-1.5x
OP/USDT,2024-11-11,LONG,0.9887,1.8227,1.6651,1,True,-8.6465,2.0073,>.80,2-3x
OP/USDT,2024-11-13,LONG,0.883,1.6203,1.5126,1,True,-6.6469,0.4548,>.80,
OP/USDT,2024-11-15,LONG,0.9779,1.5848,1.6492,5,False,4.0636,0.8129,>.80,
OP/USDT,2024-11-16,LONG,0.8617,1.776,2.0822,5,False,17.241,1.8741,>.80,1.5-2x
OP/USDT,2024-11-17,LONG,0.5689,1.6772,2.0822,4,True,24.1474,0.8449,.55-.60,
OP/USDT,2024-11-18,LONG,0.6994,1.8311,2.0822,3,True,13.7131,1.3502,.60-.70,1-1.5x
OP/USDT,2024-11-19,LONG,0.8565,1.7611,2.0822,2,True,18.2329,0.5568,>.80,
OP/USDT,2024-11-26,LONG,0.6727,2.2033,2.3596,2,True,7.0939,0.4989,.60-.70,
OP/USDT,2024-11-27,LONG,0.8308,2.5075,2.3596,1,True,-5.8983,1.5927,>.80,1.5-2x
OP/USDT,2024-12-01,LONG,0.8779,2.4663,2.5585,1,True,3.7384,0.0878,>.80,
OP/USDT,2024-12-07,LONG,0.6957,2.675,2.24,2,True,-16.2617,0.0592,.60-.70,
OP/USDT,2024-12-08,LONG,0.7252,2.6703,2.24,1,True,-16.1143,0.0239,.70-.80,
OP/USDT,2024-12-14,LONG,0.6403,2.4387,2.3371,3,True,-4.1662,0.8005,.60-.70,
OP/USDT,2024-12-15,LONG,0.7812,2.5376,2.3371,2,True,-7.9012,0.6549,.70-.80,
OP/USDT,2024-12-16,LONG,0.7157,2.4966,2.3371,1,True,-6.3887,0.2642,.70-.80,
OP/USDT,2024-12-22,LONG,0.6302,1.762,1.9272,1,True,9.3757,0.14,.60-.70,
OP/USDT,2024-12-26,LONG,0.5643,1.7791,1.8959,2,True,6.5651,1.1207,.55-.60,1-1.5x
OP/USDT,2024-12-31,LONG,0.6089,1.7539,2.0164,3,True,14.9666,0.6861,.60-.70,
OP/USDT,2025-01-10,LONG,0.59,1.7885,1.7266,3,True,-3.461,0.4566,.55-.60,
OP/USDT,2025-01-12,LONG,0.627,1.7836,1.7266,1,True,-3.1958,0.1139,.60-.70,
OP/USDT,2025-01-18,LONG,0.6688,1.8279,1.7247,5,False,-5.6458,1.4748,.60-.70,1-1.5x
OP/USDT,2025-01-19,LONG,0.5624,1.707,1.7247,4,True,1.0369,1.3512,.55-.60,1-1.5x
OP/USDT,2025-01-29,LONG,0.6122,1.4351,1.4529,1,True,1.2403,1.0711,.60-.70,1-1.5x
OP/USDT,2025-02-01,LONG,0.6477,1.3351,1.1862,2,True,-11.1527,1.4487,.60-.70,1-1.5x
OP/USDT,2025-02-02,LONG,0.8383,1.1168,1.1862,1,True,6.2142,2.9262,>.80,2-3x
OP/USDT,2025-02-05,LONG,0.7913,1.0896,1.0387,1,True,-4.6714,0.3584,.70-.80,
OP/USDT,2025-02-07,LONG,0.7312,1.0188,1.0713,4,True,5.1531,0.3848,.70-.80,
OP/USDT,2025-02-09,LONG,0.9079,1.0789,1.0713,2,True,-0.7044,0.3112,>.80,
OP/USDT,2025-02-14,LONG,0.6403,1.1575,1.1262,5,False,-2.7041,0.5625,.60-.70,
OP/USDT,2025-02-17,LONG,0.5831,1.2054,1.1262,2,True,-6.5704,1.4437,.55-.60,1-1.5x
OP/USDT,2025-02-24,LONG,0.5564,1.0029,1.0804,4,True,7.7276,2.7325,.55-.60,2-3x
OP/USDT,2025-03-02,LONG,0.594,1.1686,0.9848,1,True,-15.7282,1.8488,.55-.60,1.5-2x
OP/USDT,2025-03-05,LONG,0.5594,0.9873,0.9358,3,True,-5.2162,0.6456,.55-.60,
OP/USDT,2025-03-07,LONG,0.7711,0.9572,0.9358,1,True,-2.2357,0.0377,.70-.80,
OP/USDT,2025-03-10,LONG,0.8262,0.8033,0.851,1,True,5.938,0.705,>.80,
OP/USDT,2025-03-12,LONG,0.5776,0.8786,0.867,2,True,-1.3203,0.439,.55-.60,
OP/USDT,2025-03-13,LONG,0.8561,0.8366,0.867,1,True,3.6338,0.6512,>.80,
OP/USDT,2025-03-16,LONG,0.5553,0.831,0.8867,1,True,6.7028,0.9568,.55-.60,
OP/USDT,2025-03-18,LONG,0.5553,0.874,0.8579,5,False,-1.8421,0.2277,.55-.60,
OP/USDT,2025-03-22,LONG,0.6447,0.8608,0.9051,5,False,5.1464,0.3045,.60-.70,
OP/USDT,2025-03-30,LONG,0.5761,0.7434,0.7101,5,False,-4.4794,0.6502,.55-.60,
OP/USDT,2025-04-01,LONG,0.6445,0.7564,0.6002,5,False,-20.6504,0.7007,.60-.70,
OP/USDT,2025-04-05,LONG,0.5524,0.6968,0.5915,3,True,-15.1119,0.4389,.55-.60,
ARB/USDT,2024-08-27,LONG,0.769,0.5256,0.5217,1,True,-0.742,1.5643,.70-.80,1.5-2x
ARB/USDT,2024-08-31,LONG,0.5641,0.514,0.4971,4,True,-3.2879,0.0159,.55-.60,
ARB/USDT,2024-09-02,LONG,0.6707,0.5166,0.4971,2,True,-3.7747,1.4707,.60-.70,1-1.5x
ARB/USDT,2024-09-03,LONG,0.8431,0.4933,0.4971,1,True,0.7703,1.2039,>.80,1-1.5x
ARB/USDT,2024-09-14,LONG,0.735,0.5308,0.5573,5,False,4.9925,0.3398,.70-.80,
ARB/USDT,2024-09-16,LONG,0.5813,0.5105,0.6155,5,False,20.5681,0.0479,.55-.60,
ARB/USDT,2024-09-18,LONG,0.7393,0.5289,0.5988,5,False,13.2161,0.4441,.70-.80,
ARB/USDT,2024-09-19,LONG,0.8037,0.5573,0.5988,4,True,7.4466,1.7256,>.80,1.5-2x
ARB/USDT,2024-09-25,LONG,0.6432,0.5986,0.6475,3,True,8.1691,0.8264,.60-.70,
ARB/USDT,2024-09-26,LONG,0.6659,0.6197,0.6475,2,True,4.486,1.2201,.60-.70,1-1.5x
ARB/USDT,2024-10-06,LONG,0.7069,0.5597,0.5253,4,True,-6.1461,0.3834,.70-.80,
ARB/USDT,2024-10-07,LONG,0.5969,0.5494,0.5253,3,True,-4.3866,0.4211,.55-.60,
ARB/USDT,2024-10-12,LONG,0.7591,0.5379,0.5294,1,True,-1.5802,0.1834,.70-.80,
ARB/USDT,2024-10-16,LONG,0.5771,0.5574,0.5469,1,True,-1.8837,0.461,.55-.60,
ARB/USDT,2024-10-19,LONG,0.5644,0.5662,0.613,1,True,8.2656,0.1264,.55-.60,
ARB/USDT,2024-10-22,LONG,0.8193,0.5799,0.5144,4,True,-11.2951,0.3975,>.80,
ARB/USDT,2024-10-23,LONG,0.8062,0.5601,0.5144,3,True,-8.1593,0.9893,>.80,
ARB/USDT,2024-10-27,LONG,0.6093,0.5198,0.5197,5,False,-0.0192,0.2756,.60-.70,
ARB/USDT,2024-10-28,LONG,0.6657,0.5226,0.5197,4,True,-0.5549,0.1419,.60-.70,
ARB/USDT,2024-10-31,LONG,0.6353,0.527,0.5197,1,True,-1.3852,1.3369,.60-.70,1-1.5x
ARB/USDT,2024-11-02,LONG,0.6731,0.5043,0.4822,1,True,-4.3823,0.7205,.60-.70,
ARB/USDT,2024-11-15,LONG,0.9493,0.6065,0.672,5,False,10.7997,0.963,>.80,
ARB/USDT,2024-11-16,LONG,0.9565,0.7244,0.672,4,True,-7.2336,3.0873,>.80,3-5x
ARB/USDT,2024-11-17,LONG,0.6677,0.6739,0.672,3,True,-0.2819,1.0569,.60-.70,1-1.5x
ARB/USDT,2024-11-19,LONG,0.6843,0.6919,0.672,1,True,-2.8761,0.8915,.60-.70,
ARB/USDT,2024-11-22,LONG,0.6609,0.8091,0.8623,2,True,6.5752,0.5258,.60-.70,
ARB/USDT,2024-11-23,LONG,0.5718,0.8553,0.8623,1,True,0.8184,0.7778,.55-.60,
ARB/USDT,2024-11-27,LONG,0.6323,0.9674,0.9138,1,True,-5.5406,1.5162,.60-.70,1.5-2x
ARB/USDT,2024-11-29,LONG,0.652,0.9304,1.1356,5,False,22.055,0.2391,.60-.70,
ARB/USDT,2024-12-01,LONG,0.7238,0.9685,1.1356,3,True,17.2535,0.0368,.70-.80,
ARB/USDT,2024-12-03,LONG,0.5796,1.0451,1.1356,1,True,8.6595,0.2544,.55-.60,
ARB/USDT,2024-12-05,LONG,0.5619,1.1014,1.1632,2,True,5.611,0.4166,.55-.60,
ARB/USDT,2024-12-06,LONG,0.5635,1.1732,1.1632,1,True,-0.8524,1.0492,.55-.60,1-1.5x
ARB/USDT,2024-12-08,LONG,0.7461,1.1585,0.9599,1,True,-17.1429,0.0711,.70-.80,
ARB/USDT,2024-12-15,LONG,0.6248,1.0166,0.9482,2,True,-6.7283,0.5307,.60-.70,
ARB/USDT,2024-12-18,LONG,0.5814,0.8609,0.7799,1,True,-9.4088,1.5305,.55-.60,1.5-2x
ARB/USDT,2024-12-23,LONG,0.7375,0.8002,0.7764,5,False,-2.9743,1.1183,.70-.80,1-1.5x
ARB/USDT,2024-12-25,LONG,0.5523,0.8055,0.7764,3,True,-3.6127,0.2495,.55-.60,
ARB/USDT,2024-12-27,LONG,0.6286,0.7606,0.7764,1,True,2.0773,0.1675,.60-.70,
ARB/USDT,2024-12-30,LONG,0.627,0.7331,0.7758,3,True,5.8246,0.2579,.60-.70,
ARB/USDT,2024-12-31,LONG,0.6444,0.722,0.7758,2,True,7.4515,0.3435,.60-.70,
ARB/USDT,2025-01-04,LONG,0.5758,0.8942,0.7433,5,False,-16.8754,1.3958,.55-.60,1-1.5x
ARB/USDT,2025-01-05,LONG,0.5597,0.916,0.7479,5,False,-18.3515,0.4706,.55-.60,
ARB/USDT,2025-01-10,LONG,0.6623,0.7479,0.7032,3,True,-5.9767,0.1297,.60-.70,
ARB/USDT,2025-01-12,LONG,0.654,0.7296,0.7032,1,True,-3.6184,0.4253,.60-.70,
ARB/USDT,2025-01-17,LONG,0.637,0.8149,0.7007,5,False,-14.014,1.4945,.60-.70,1-1.5x
ARB/USDT,2025-01-18,LONG,0.7713,0.7671,0.7007,4,True,-8.656,1.1281,.70-.80,1-1.5x
ARB/USDT,2025-01-19,LONG,0.5506,0.6978,0.7007,3,True,0.4156,1.6139,.55-.60,1.5-2x
ARB/USDT,2025-01-23,LONG,0.6422,0.72,0.5925,5,False,-17.7083,0.5215,.60-.70,
ARB/USDT,2025-01-26,LONG,0.5669,0.6757,0.6301,4,True,-6.7486,0.7106,.55-.60,
ARB/USDT,2025-01-27,LONG,0.6006,0.643,0.6301,3,True,-2.0062,1.0756,.60-.70,1-1.5x
ARB/USDT,2025-02-01,LONG,0.7514,0.578,0.5109,2,True,-11.609,1.8858,.70-.80,1.5-2x
ARB/USDT,2025-02-02,LONG,0.62,0.4936,0.5109,1,True,3.5049,2.4194,.60-.70,2-3x
ARB/USDT,2025-02-05,LONG,0.6856,0.4704,0.4725,5,False,0.4464,0.2635,.60-.70,
ARB/USDT,2025-02-09,LONG,0.9814,0.4492,0.463,2,True,3.0721,0.0349,>.80,
ARB/USDT,2025-02-15,LONG,0.7955,0.4768,0.4746,1,True,-0.4614,0.7588,.70-.80,
ARB/USDT,2025-02-17,LONG,0.6038,0.4966,0.4768,5,False,-3.9871,0.8599,.60-.70,
ARB/USDT,2025-02-25,LONG,0.5698,0.4196,0.4217,3,True,0.5005,0.4171,.55-.60,
ARB/USDT,2025-02-26,LONG,0.601,0.4228,0.4217,2,True,-0.2602,0.1579,.60-.70,
ARB/USDT,2025-02-27,LONG,0.9372,0.4252,0.4217,1,True,-0.8231,0.1185,>.80,
ARB/USDT,2025-03-09,LONG,0.582,0.3495,0.3375,2,True,-3.4335,1.8039,.55-.60,1.5-2x
ARB/USDT,2025-03-10,LONG,0.6748,0.3203,0.3375,1,True,5.37,1.2274,.60-.70,1-1.5x
ARB/USDT,2025-03-13,LONG,0.6499,0.3439,0.3588,1,True,4.3327,0.1966,.60-.70,
ARB/USDT,2025-03-15,LONG,0.5505,0.3642,0.3699,2,True,1.5651,0.2163,.55-.60,
ARB/USDT,2025-03-16,LONG,0.6046,0.3485,0.3699,1,True,6.1406,0.6818,.60-.70,
ARB/USDT,2025-03-22,LONG,0.6045,0.365,0.3685,1,True,0.9589,0.2424,.60-.70,
ARB/USDT,2025-03-25,LONG,0.5506,0.3935,0.3819,1,True,-2.9479,0.1403,.55-.60,
ARB/USDT,2025-03-31,LONG,0.6187,0.3279,0.3071,2,True,-6.3434,0.3159,.60-.70,
ARB/USDT,2025-04-01,LONG,0.7918,0.3335,0.3071,1,True,-7.916,0.4433,.70-.80,
ARB/USDT,2025-04-03,LONG,0.6601,0.3106,0.3127,1,True,0.6761,0.2787,.60-.70,
ARB/USDT,2025-04-05,LONG,0.7942,0.3091,0.2645,3,True,-14.429,0.2891,.70-.80,
ARB/USDT,2025-04-06,LONG,0.7356,0.268,0.2645,2,True,-1.306,2.8933,.70-.80,2-3x
GRT/USDT,2024-08-27,LONG,0.6569,0.151,0.1464,1,True,-3.0464,1.1866,.60-.70,1-1.5x
GRT/USDT,2024-08-29,LONG,0.6694,0.1466,0.1383,3,True,-5.6617,0.0313,.60-.70,
GRT/USDT,2024-08-30,LONG,0.7432,0.1475,0.1383,2,True,-6.2373,0.1416,.70-.80,
GRT/USDT,2024-08-31,LONG,0.5748,0.1459,0.1383,1,True,-5.209,0.268,.55-.60,
GRT/USDT,2024-09-05,LONG,0.5754,0.1341,0.1318,2,True,-1.7151,0.8827,.55-.60,
GRT/USDT,2024-09-10,LONG,0.6377,0.1416,0.144,2,True,1.6949,0.2131,.60-.70,
GRT/USDT,2024-09-13,LONG,0.8096,0.1503,0.1425,2,True,-5.1896,1.0707,>.80,1-1.5x
GRT/USDT,2024-09-14,LONG,0.6814,0.1494,0.1425,1,True,-4.6185,0.1474,.60-.70,
GRT/USDT,2024-09-16,LONG,0.6432,0.1384,0.1663,5,False,20.159,0.7659,.60-.70,
GRT/USDT,2024-09-19,LONG,0.6215,0.154,0.1876,5,False,21.8182,1.178,.60-.70,1-1.5x
GRT/USDT,2024-09-21,LONG,0.5781,0.1663,0.187,5,False,12.4474,0.8481,.55-.60,
GRT/USDT,2024-09-22,LONG,0.5963,0.1609,0.187,4,True,16.2213,0.8445,.55-.60,
GRT/USDT,2024-09-25,LONG,0.5789,0.179,0.187,1,True,4.4693,1.1254,.55-.60,1-1.5x
GRT/USDT,2024-10-03,LONG,0.9032,0.1542,0.159,5,False,3.1128,0.0685,>.80,
GRT/USDT,2024-10-04,LONG,0.8185,0.1597,0.1554,5,False,-2.6925,0.7425,>.80,
GRT/USDT,2024-10-05,LONG,0.7934,0.1579,0.1543,5,False,-2.2799,0.2413,.70-.80,
GRT/USDT,2024-10-06,LONG,0.8174,0.1643,0.1628,5,False,-0.913,0.8706,>.80,
GRT/USDT,2024-10-07,LONG,0.7918,0.1646,0.1666,5,False,1.2151,0.0393,.70-.80,
GRT/USDT,2024-10-08,LONG,0.7276,0.159,0.166,5,False,4.4025,0.7259,.70-.80,
GRT/USDT,2024-10-10,LONG,0.5965,0.1543,0.166,3,True,7.5826,0.1573,.55-.60,
GRT/USDT,2024-10-18,LONG,0.6344,0.1693,0.1792,2,True,5.8476,0.8009,.60-.70,
GRT/USDT,2024-10-21,LONG,0.835,0.1694,0.1641,3,True,-3.1287,1.4728,>.80,1-1.5x
GRT/USDT,2024-10-23,LONG,0.6693,0.1612,0.1641,1,True,1.799,1.0208,.60-.70,1-1.5x
GRT/USDT,2024-10-27,LONG,0.5685,0.1555,0.1571,3,True,1.0289,0.5686,.55-.60,
GRT/USDT,2024-10-28,LONG,0.6663,0.1562,0.1571,2,True,0.5762,0.1166,.60-.70,
GRT/USDT,2024-10-31,LONG,0.5536,0.1472,0.1432,2,True,-2.7174,1.5969,.55-.60,1.5-2x
GRT/USDT,2024-11-04,LONG,0.5623,0.1308,0.1388,1,True,6.1162,1.1652,.55-.60,1-1.5x
GRT/USDT,2024-11-11,LONG,0.7247,0.1995,0.1913,1,True,-4.1103,2.2893,.70-.80,2-3x
GRT/USDT,2024-11-15,LONG,0.9964,0.1845,0.2208,5,False,19.6748,1.3396,>.80,1-1.5x
GRT/USDT,2024-11-16,LONG,0.9756,0.2094,0.2216,5,False,5.8262,2.2154,>.80,2-3x
GRT/USDT,2024-11-17,LONG,0.5819,0.1921,0.2216,4,True,15.3566,1.2745,.55-.60,1-1.5x
GRT/USDT,2024-11-23,LONG,0.7593,0.2394,0.2436,2,True,1.7544,0.1491,.70-.80,
GRT/USDT,2024-11-28,LONG,0.9178,0.2744,0.2982,4,True,8.6735,1.0091,>.80,1-1.5x
GRT/USDT,2024-12-04,LONG,0.6335,0.3224,0.3366,2,True,4.4045,0.2343,.60-.70,
GRT/USDT,2024-12-14,LONG,0.6042,0.2726,0.2603,3,True,-4.5121,0.8373,.60-.70,
GRT/USDT,2024-12-15,LONG,0.8005,0.2871,0.2603,2,True,-9.3347,0.9579,>.80,
GRT/USDT,2024-12-16,LONG,0.9017,0.2752,0.2603,1,True,-5.4142,0.7319,>.80,
GRT/USDT,2024-12-18,LONG,0.6429,0.2339,0.2181,2,True,-6.755,1.7148,.60-.70,1.5-2x
GRT/USDT,2024-12-23,LONG,0.8303,0.2233,0.2298,1,True,2.9109,1.3416,>.80,1-1.5x
GRT/USDT,2024-12-25,LONG,0.8696,0.2231,0.2157,3,True,-3.3169,0.4557,>.80,
GRT/USDT,2024-12-27,LONG,0.6607,0.2073,0.2157,1,True,4.0521,0.0225,.60-.70,
GRT/USDT,2024-12-31,LONG,0.5727,0.1997,0.2084,1,True,4.3565,0.4185,.55-.60,
GRT/USDT,2025-01-10,LONG,0.5942,0.2059,0.1932,3,True,-6.168,0.2525,.55-.60,
GRT/USDT,2025-01-11,LONG,0.6622,0.2058,0.1932,2,True,-6.1224,0.0096,.60-.70,
GRT/USDT,2025-01-12,LONG,0.7247,0.2018,0.1932,1,True,-4.2616,0.4159,.70-.80,
GRT/USDT,2025-01-23,LONG,0.716,0.1895,0.1834,1,True,-3.219,0.5276,.70-.80,
GRT/USDT,2025-01-26,LONG,0.898,0.1808,0.1818,4,True,0.5531,0.1428,>.80,
GRT/USDT,2025-01-27,LONG,0.7801,0.1774,0.1818,3,True,2.4803,0.385,.70-.80,
GRT/USDT,2025-02-01,LONG,0.8695,0.1663,0.1488,2,True,-10.5232,1.3863,>.80,1-1.5x
GRT/USDT,2025-02-02,LONG,0.8434,0.1446,0.1488,1,True,2.9046,2.1051,>.80,2-3x
GRT/USDT,2025-02-06,LONG,0.9934,0.1285,0.1381,5,False,7.4708,0.9114,>.80,
GRT/USDT,2025-02-07,LONG,0.5631,0.128,0.1381,4,True,7.8906,0.0769,.55-.60,
GRT/USDT,2025-02-09,LONG,0.9932,0.1326,0.1381,2,True,4.1478,0.3823,>.80,
GRT/USDT,2025-02-15,LONG,0.6396,0.1382,0.139,5,False,0.5789,0.6598,.60-.70,
GRT/USDT,2025-02-25,LONG,0.664,0.1212,0.129,5,False,6.4356,0.0196,.60-.70,
GRT/USDT,2025-02-27,LONG,0.5964,0.1233,0.1091,4,True,-11.5166,0.6636,.55-.60,
GRT/USDT,2025-03-04,LONG,0.6997,0.1067,0.0909,5,False,-14.8079,0.4131,.60-.70,
GRT/USDT,2025-03-07,LONG,0.5976,0.103,0.0903,4,True,-12.3301,0.7799,.55-.60,
GRT/USDT,2025-03-09,LONG,0.5932,0.0909,0.0903,2,True,-0.6601,1.8392,.55-.60,1.5-2x
GRT/USDT,2025-03-10,LONG,0.6391,0.0844,0.0903,1,True,6.9905,1.2623,.60-.70,1-1.5x
GRT/USDT,2025-03-13,LONG,0.6428,0.0891,0.0942,1,True,5.7239,0.5865,.60-.70,
GRT/USDT,2025-03-18,LONG,0.6977,0.0956,0.09554,2,True,-0.0628,0.0859,.60-.70,
GRT/USDT,2025-03-19,LONG,0.6314,0.09931,0.09554,1,True,-3.7962,0.6626,.60-.70,
GRT/USDT,2025-03-21,LONG,0.8466,0.09394,0.0955,1,True,1.6606,0.2845,>.80,
GRT/USDT,2025-03-23,LONG,0.7055,0.09664,0.10401,3,True,7.6262,0.2691,.70-.80,
GRT/USDT,2025-03-30,LONG,0.5595,0.08914,0.08787,1,True,-1.4247,0.1432,.55-.60,
GRT/USDT,2025-04-02,LONG,0.5611,0.08274,0.0832,2,True,0.556,1.8407,.55-.60,1.5-2x
GRT/USDT,2025-04-05,LONG,0.7071,0.08185,0.07485,2,True,-8.5522,0.413,.70-.80,
GRT/USDT,2025-04-06,LONG,0.7655,0.07329,0.07485,1,True,2.1285,2.4297,.70-.80,2-3x
THETA/USDT,2024-08-27,LONG,0.6432,1.2521,1.2437,1,True,-0.6709,1.0647,.60-.70,1-1.5x
THETA/USDT,2024-09-05,LONG,0.619,1.1062,1.1593,3,True,4.8002,1.0051,.60-.70,1-1.5x
THETA/USDT,2024-09-13,LONG,0.6322,1.2941,1.3117,3,True,1.36,2.3458,.60-.70,2-3x
THETA/USDT,2024-09-14,LONG,0.7063,1.295,1.3117,2,True,1.2896,0.0211,.70-.80,
THETA/USDT,2024-09-20,LONG,0.7539,1.42,1.4387,1,True,1.3169,0.3663,.70-.80,
THETA/USDT,2024-09-27,LONG,0.5992,1.5183,1.3997,3,True,-7.8114,0.0423,.55-.60,
THETA/USDT,2024-10-01,LONG,0.5696,1.3041,1.281,3,True,-1.7713,1.6799,.55-.60,1.5-2x
THETA/USDT,2024-10-02,LONG,0.5578,1.2295,1.281,2,True,4.1887,1.3309,.55-.60,1-1.5x
THETA/USDT,2024-10-06,LONG,0.6821,1.3368,1.2881,5,False,-3.643,1.0349,.60-.70,1-1.5x
THETA/USDT,2024-10-07,LONG,0.7215,1.2997,1.2961,5,False,-0.277,0.6669,.70-.80,
THETA/USDT,2024-10-08,LONG,0.617,1.2869,1.284,5,False,-0.2253,0.2589,.60-.70,
THETA/USDT,2024-10-10,LONG,0.5959,1.201,1.3532,4,True,12.6728,0.5425,.55-.60,
THETA/USDT,2024-10-11,LONG,0.7288,1.2881,1.3532,3,True,5.054,1.6946,.70-.80,1.5-2x
THETA/USDT,2024-10-12,LONG,0.9253,1.2961,1.3532,2,True,4.4055,0.1463,>.80,
THETA/USDT,2024-10-13,LONG,0.5579,1.284,1.3532,1,True,5.3894,0.2198,.55-.60,
THETA/USDT,2024-10-15,LONG,0.6407,1.3325,1.3035,1,True,-2.1764,0.3456,.60-.70,
THETA/USDT,2024-10-18,LONG,0.6042,1.2995,1.3686,2,True,5.3174,1.0775,.60-.70,1-1.5x
THETA/USDT,2024-10-24,LONG,0.6076,1.2582,1.2213,5,False,-2.9328,0.2506,.60-.70,
THETA/USDT,2024-10-26,LONG,0.5675,1.1489,1.2213,3,True,6.3017,0.2414,.55-.60,
THETA/USDT,2024-10-27,LONG,0.5828,1.1704,1.2213,2,True,4.3489,0.4665,.55-.60,
THETA/USDT,2024-10-28,LONG,0.8282,1.1893,1.2213,1,True,2.6907,0.4002,>.80,
THETA/USDT,2024-10-31,LONG,0.8678,1.1281,1.0996,2,True,-2.5264,1.4233,>.80,1-1.5x
THETA/USDT,2024-11-01,LONG,0.5693,1.1147,1.0996,1,True,-1.3546,0.3176,.55-.60,
THETA/USDT,2024-11-10,LONG,0.7751,1.3882,1.4448,2,True,4.0772,1.2613,.70-.80,1-1.5x
THETA/USDT,2024-11-11,LONG,0.8121,1.5539,1.4448,1,True,-7.021,2.1922,>.80,2-3x
THETA/USDT,2024-11-15,LONG,0.918,1.3684,1.7144,4,True,25.285,0.9897,>.80,
THETA/USDT,2024-11-16,LONG,0.9606,1.5326,1.7144,3,True,11.8622,1.9494,>.80,1.5-2x
THETA/USDT,2024-11-17,LONG,0.7886,1.4354,1.7144,2,True,19.4371,0.9907,.70-.80,
THETA/USDT,2024-11-20,LONG,0.5565,1.6391,1.7106,1,True,4.3621,0.5849,.55-.60,
THETA/USDT,2024-11-22,LONG,0.6916,1.7867,1.8622,3,True,4.2257,0.5979,.60-.70,
THETA/USDT,2024-11-28,LONG,0.8673,2.1226,3.0664,2,True,44.4643,0.3784,>.80,
THETA/USDT,2024-12-01,LONG,0.8877,2.8799,2.9749,2,True,3.2987,0.6482,>.80,
THETA/USDT,2024-12-04,LONG,0.6269,2.9672,2.4832,5,False,-16.3117,0.03,.60-.70,
THETA/USDT,2024-12-05,LONG,0.6938,3.0211,2.3721,5,False,-21.4822,0.2101,.60-.70,
THETA/USDT,2024-12-06,LONG,0.5806,3.1459,2.5821,5,False,-17.9217,0.4885,.55-.60,
THETA/USDT,2024-12-09,LONG,0.6002,2.4832,2.5821,2,True,3.9828,2.0746,.60-.70,2-3x
THETA/USDT,2024-12-14,LONG,0.7905,2.6134,2.0246,5,False,-22.53,0.522,.70-.80,
THETA/USDT,2024-12-15,LONG,0.8162,2.7455,2.1141,5,False,-22.9976,0.5635,>.80,
THETA/USDT,2024-12-16,LONG,0.8437,2.7191,2.1141,4,True,-22.25,0.1087,>.80,
THETA/USDT,2024-12-18,LONG,0.5521,2.3256,2.1141,2,True,-9.0944,1.4627,.55-.60,1-1.5x
THETA/USDT,2024-12-21,LONG,0.8374,2.1539,2.3228,2,True,7.8416,0.2711,>.80,
THETA/USDT,2024-12-22,LONG,0.6356,2.1423,2.3228,1,True,8.4255,0.0775,.60-.70,
THETA/USDT,2025-01-07,LONG,0.611,2.2839,2.1508,1,True,-5.8278,1.8134,.60-.70,1.5-2x
THETA/USDT,2025-01-19,LONG,0.7294,2.0019,2.0112,1,True,0.4646,2.1484,.70-.80,2-3x
THETA/USDT,2025-01-23,LONG,0.6769,2.0357,1.8001,5,False,-11.5734,0.0929,.60-.70,
THETA/USDT,2025-01-26,LONG,0.6224,1.9416,1.9303,5,False,-0.582,0.5231,.60-.70,
THETA/USDT,2025-01-27,LONG,0.651,1.9033,1.7698,5,False,-7.0141,0.387,.60-.70,
THETA/USDT,2025-01-29,LONG,0.61,1.8921,1.5669,5,False,-17.1873,0.976,.60-.70,
THETA/USDT,2025-02-03,LONG,0.5587,1.5669,1.4389,1,True,-8.169,0.23,.55-.60,
THETA/USDT,2025-02-06,LONG,0.9846,1.3063,1.332,2,True,1.9674,0.8444,>.80,
THETA/USDT,2025-02-07,LONG,0.5787,1.3182,1.332,1,True,1.0469,0.1784,.55-.60,
THETA/USDT,2025-02-09,LONG,0.9112,1.2814,1.3767,4,True,7.4372,0.833,>.80,
THETA/USDT,2025-02-12,LONG,0.5501,1.4382,1.3767,1,True,-4.2762,1.0945,.55-.60,1-1.5x
THETA/USDT,2025-02-15,LONG,0.6552,1.3599,1.3249,2,True,-2.5737,0.8192,.60-.70,
THETA/USDT,2025-02-16,LONG,0.6638,1.3391,1.3249,1,True,-1.0604,0.2951,.60-.70,
THETA/USDT,2025-02-22,LONG,0.6061,1.3541,1.1748,5,False,-13.2413,0.6379,.60-.70,
THETA/USDT,2025-02-23,LONG,0.6263,1.3171,1.1668,5,False,-11.4114,0.6589,.60-.70,
THETA/USDT,2025-02-27,LONG,0.6113,1.1748,1.1668,1,True,-0.681,0.1325,.60-.70,
THETA/USDT,2025-03-04,LONG,0.7823,1.0348,0.8971,5,False,-13.3069,0.7994,.70-.80,
THETA/USDT,2025-03-05,LONG,0.7652,1.0866,0.8133,5,False,-25.1518,0.8304,.70-.80,
THETA/USDT,2025-03-07,LONG,0.6204,1.0436,0.8583,4,True,-17.7558,0.2836,.60-.70,
THETA/USDT,2025-03-09,LONG,0.6111,0.8971,0.8583,2,True,-4.325,1.7187,.60-.70,1.5-2x
THETA/USDT,2025-03-10,LONG,0.615,0.8133,0.8583,1,True,5.533,1.4369,.60-.70,1-1.5x
THETA/USDT,2025-03-13,LONG,0.5642,0.8674,0.8909,1,True,2.7092,0.5467,.55-.60,
THETA/USDT,2025-03-19,LONG,0.6524,0.9633,0.9493,1,True,-1.4533,0.7679,.60-.70,
THETA/USDT,2025-03-23,LONG,0.559,0.9192,0.9813,4,True,6.7559,0.2025,.55-.60,
THETA/USDT,2025-03-24,LONG,0.5786,0.9792,0.9813,3,True,0.2145,1.3047,.55-.60,1-1.5x
THETA/USDT,2025-03-26,LONG,0.6239,1.0101,0.9813,1,True,-2.8512,0.3139,.60-.70,
THETA/USDT,2025-03-29,LONG,0.8237,0.8293,0.8152,1,True,-1.7002,1.4239,>.80,1-1.5x
THETA/USDT,2025-04-05,LONG,0.5669,0.7786,0.6849,3,True,-12.0344,0.049,.55-.60,
LDO/USDT,2024-08-29,LONG,0.635,1.058,0.987,5,False,-6.7108,0.2626,.60-.70,
LDO/USDT,2024-09-01,LONG,0.6131,1.003,1.015,3,True,1.1964,0.9931,.60-.70,
LDO/USDT,2024-09-02,LONG,0.6032,1.069,1.015,2,True,-5.0514,1.2279,.60-.70,1-1.5x
LDO/USDT,2024-09-03,LONG,0.6471,0.987,1.015,1,True,2.8369,1.3614,.60-.70,1-1.5x
LDO/USDT,2024-09-08,LONG,0.7597,0.944,1.006,1,True,6.5678,0.5895,.70-.80,
LDO/USDT,2024-09-14,LONG,0.6725,1.029,0.99,3,True,-3.7901,0.6993,.60-.70,
LDO/USDT,2024-09-16,LONG,0.5525,0.974,0.99,1,True,1.6427,0.5349,.55-.60,
LDO/USDT,2024-09-19,LONG,0.5645,1.0474,1.1481,2,True,9.6143,0.3441,.55-.60,
LDO/USDT,2024-09-20,LONG,0.5875,1.115,1.1481,1,True,2.9686,1.5047,.55-.60,1.5-2x
LDO/USDT,2024-09-25,LONG,0.6938,1.2299,1.3545,2,True,10.1309,0.5772,.60-.70,
LDO/USDT,2024-10-07,LONG,0.6444,1.0699,1.0354,3,True,-3.2246,0.2209,.60-.70,
LDO/USDT,2024-10-09,LONG,0.5577,1.0295,1.0354,1,True,0.5731,0.77,.55-.60,
LDO/USDT,2024-10-12,LONG,0.6842,1.0771,1.0486,1,True,-2.646,0.0652,.60-.70,
LDO/USDT,2024-10-15,LONG,0.8814,1.14,1.1182,1,True,-1.9123,0.763,>.80,
LDO/USDT,2024-10-22,LONG,0.6763,1.1437,1.0386,5,False,-9.1895,0.2605,.60-.70,
LDO/USDT,2024-10-23,LONG,0.625,1.0963,1.0424,5,False,-4.9165,0.9461,.60-.70,
LDO/USDT,2024-10-24,LONG,0.741,1.1023,1.0871,5,False,-1.3789,0.1268,.70-.80,
LDO/USDT,2024-10-26,LONG,0.7301,1.0161,1.0871,3,True,6.9875,0.1939,.70-.80,
LDO/USDT,2024-10-27,LONG,0.6054,1.0386,1.0871,2,True,4.6697,0.4675,.60-.70,
LDO/USDT,2024-10-28,LONG,0.863,1.0424,1.0871,1,True,4.2882,0.0772,>.80,
LDO/USDT,2024-10-30,LONG,0.678,1.1263,1.0408,1,True,-7.5912,0.7524,.60-.70,
LDO/USDT,2024-11-02,LONG,0.6024,0.9972,0.9594,1,True,-3.7906,0.6618,.60-.70,
LDO/USDT,2024-11-06,LONG,0.6154,1.3441,1.2964,3,True,-3.5488,4.0033,.60-.70,3-5x
LDO/USDT,2024-11-07,LONG,0.6162,1.2812,1.2964,2,True,1.1864,0.4833,.60-.70,
LDO/USDT,2024-11-10,LONG,0.7731,1.2891,1.1891,2,True,-7.7574,0.0592,.70-.80,
LDO/USDT,2024-11-11,LONG,0.9392,1.2998,1.1891,1,True,-8.5167,0.0874,>.80,
LDO/USDT,2024-11-15,LONG,0.8399,1.1735,1.112,5,False,-5.2407,0.5079,>.80,
LDO/USDT,2024-11-16,LONG,0.7317,1.2185,1.2169,5,False,-0.1313,0.4007,.70-.80,
LDO/USDT,2024-11-17,LONG,0.7207,1.1572,1.2574,5,False,8.6588,0.5203,.70-.80,
LDO/USDT,2024-11-19,LONG,0.9102,1.184,1.2574,3,True,6.1993,0.6324,>.80,
LDO/USDT,2024-11-21,LONG,0.5922,1.2169,1.2574,1,True,3.3281,0.9381,.55-.60,
LDO/USDT,2024-11-29,LONG,0.8456,1.7459,1.8258,1,True,4.5764,0.3203,>.80,
LDO/USDT,2024-12-01,LONG,0.8829,1.823,1.8598,1,True,2.0187,0.0234,>.80,
LDO/USDT,2024-12-03,LONG,0.5581,2.0127,2.05,2,True,1.8532,1.3459,.55-.60,1-1.5x
LDO/USDT,2024-12-07,LONG,0.5947,2.1651,2.1627,1,True,-0.1108,0.6622,.55-.60,
LDO/USDT,2024-12-13,LONG,0.7405,2.2072,1.873,5,False,-15.1414,0.2638,.70-.80,
LDO/USDT,2024-12-22,LONG,0.6262,1.7187,1.8018,1,True,4.835,0.2948,.60-.70,
LDO/USDT,2024-12-25,LONG,0.7652,1.9214,1.7827,4,True,-7.2187,0.2224,.70-.80,
LDO/USDT,2024-12-26,LONG,0.5693,1.7743,1.7827,3,True,0.4734,0.9368,.55-.60,
LDO/USDT,2024-12-27,LONG,0.571,1.8996,1.7827,2,True,-6.1539,0.8487,.55-.60,
LDO/USDT,2025-01-02,LONG,0.6129,1.8838,2.0104,1,True,6.7205,0.632,.60-.70,
LDO/USDT,2025-01-04,LONG,0.5515,2.0603,1.589,5,False,-22.8753,0.3671,.55-.60,
LDO/USDT,2025-01-07,LONG,0.5789,1.767,1.589,2,True,-10.0736,1.8571,.55-.60,1.5-2x
LDO/USDT,2025-01-08,LONG,0.5846,1.6509,1.589,1,True,-3.7495,1.09,.55-.60,1-1.5x
LDO/USDT,2025-01-10,LONG,0.6743,1.6252,2.0805,5,False,28.015,0.3923,.60-.70,
LDO/USDT,2025-01-16,LONG,0.846,1.9645,1.7707,2,True,-9.8651,0.8462,>.80,
LDO/USDT,2025-01-19,LONG,0.5847,1.6217,1.821,1,True,12.2896,1.185,.55-.60,1-1.5x
LDO/USDT,2025-01-21,LONG,0.8426,1.9025,1.8217,2,True,-4.247,0.5972,>.80,
LDO/USDT,2025-01-22,LONG,0.6641,1.8562,1.8217,1,True,-1.8586,0.3259,.60-.70,
LDO/USDT,2025-01-26,LONG,0.9871,2.0866,1.9155,1,True,-8.1999,0.605,>.80,
LDO/USDT,2025-01-30,LONG,0.566,2.098,2.3033,1,True,9.7855,1.3709,.55-.60,1-1.5x
LDO/USDT,2025-02-01,LONG,0.6754,2.0376,1.672,5,False,-17.9427,1.3726,.60-.70,1-1.5x
LDO/USDT,2025-02-02,LONG,0.889,1.9048,1.5622,5,False,-17.9861,0.7596,>.80,
LDO/USDT,2025-02-03,LONG,0.7721,1.8585,1.5274,5,False,-17.8154,0.3006,.70-.80,
LDO/USDT,2025-02-05,LONG,0.6506,1.6915,1.5,4,True,-11.3213,0.127,.60-.70,
LDO/USDT,2025-02-06,LONG,0.7581,1.672,1.5,3,True,-10.2871,0.1509,.70-.80,
LDO/USDT,2025-02-07,LONG,0.6621,1.5622,1.5,2,True,-3.9816,0.8915,.60-.70,
LDO/USDT,2025-02-10,LONG,0.6769,1.5824,1.6845,3,True,6.4522,0.8362,.60-.70,
LDO/USDT,2025-02-11,LONG,0.744,1.5873,1.6845,2,True,6.1236,0.0472,.70-.80,
LDO/USDT,2025-02-12,LONG,0.5998,1.7444,1.6845,1,True,-3.4338,1.4232,.55-.60,1-1.5x
LDO/USDT,2025-02-14,LONG,0.6005,1.8587,1.7849,2,True,-3.9705,1.4707,.60-.70,1-1.5x
LDO/USDT,2025-02-15,LONG,0.7138,1.8115,1.7849,1,True,-1.4684,0.3649,.70-.80,
LDO/USDT,2025-02-27,LONG,0.5875,1.351,1.0824,5,False,-19.8816,0.0305,.55-.60,
LDO/USDT,2025-02-28,LONG,0.5537,1.2701,1.1769,5,False,-7.338,0.9327,.55-.60,
LDO/USDT,2025-03-02,LONG,0.5847,1.3754,1.0687,5,False,-22.299,1.5026,.55-.60,1.5-2x
LDO/USDT,2025-03-04,LONG,0.6915,1.0824,1.0687,3,True,-1.2657,0.219,.60-.70,
LDO/USDT,2025-03-05,LONG,0.6576,1.1769,1.0687,2,True,-9.1936,1.1029,.60-.70,1-1.5x
LDO/USDT,2025-03-09,LONG,0.5771,0.9907,0.9243,2,True,-6.7023,0.9999,.55-.60,
LDO/USDT,2025-03-10,LONG,0.5861,0.8939,0.9243,1,True,3.4008,1.2964,.55-.60,1-1.5x
LDO/USDT,2025-03-13,LONG,0.6361,0.9009,0.9517,1,True,5.6388,0.29,.60-.70,
LDO/USDT,2025-03-15,LONG,0.6171,0.9627,1.0201,5,False,5.9624,0.1557,.60-.70,
LDO/USDT,2025-03-18,LONG,0.5737,0.9496,0.9915,3,True,4.4124,0.2138,.55-.60,
LDO/USDT,2025-03-22,LONG,0.7088,1.0142,1.0398,1,True,2.5242,0.3443,.70-.80,
LDO/USDT,2025-03-31,LONG,0.6776,0.8735,0.8278,5,False,-5.2318,0.4455,.60-.70,
LDO/USDT,2025-04-01,LONG,0.6451,0.8996,0.6936,5,False,-22.8991,0.7123,.60-.70,
LDO/USDT,2025-04-03,LONG,0.6026,0.8324,0.6294,5,False,-24.3873,0.5834,.60-.70,
LDO/USDT,2025-04-04,LONG,0.5889,0.8378,0.7402,5,False,-11.6496,0.1423,.55-.60,
LDO/USDT,2025-04-06,LONG,0.6995,0.6936,0.7134,4,True,2.8547,2.9181,.60-.70,2-3x
TIA/USDT,2024-08-27,LONG,0.684,5.019,4.606,2,True,-8.2287,0.8266,.60-.70,
TIA/USDT,2024-09-03,LONG,0.5857,4.055,4.155,1,True,2.4661,1.8544,.55-.60,1.5-2x
TIA/USDT,2024-09-08,LONG,0.5733,4.059,4.257,1,True,4.878,0.5473,.55-.60,
TIA/USDT,2024-09-13,LONG,0.8976,4.505,5.4,5,False,19.8668,1.3956,>.80,1-1.5x
TIA/USDT,2024-09-14,LONG,0.8567,4.659,5.949,5,False,27.6883,0.7664,>.80,
TIA/USDT,2024-09-15,LONG,0.5961,4.799,6.008,5,False,25.1927,0.6785,.55-.60,
TIA/USDT,2024-09-19,LONG,0.8374,5.949,6.008,1,True,0.9918,1.7864,>.80,1.5-2x
TIA/USDT,2024-09-25,LONG,0.5682,6.154,6.271,1,True,1.9012,0.5309,.55-.60,
TIA/USDT,2024-09-27,LONG,0.8861,6.39,4.838,5,False,-24.2879,0.2516,>.80,
TIA/USDT,2024-09-30,LONG,0.843,5.532,5.141,5,False,-7.068,0.9833,>.80,
TIA/USDT,2024-10-01,LONG,0.5528,5.092,5.314,5,False,4.3598,0.9565,.55-.60,
TIA/USDT,2024-10-02,LONG,0.6082,4.838,5.314,4,True,9.8388,0.5922,.60-.70,
TIA/USDT,2024-10-03,LONG,0.5708,4.757,5.314,3,True,11.7091,0.2005,.55-.60,
TIA/USDT,2024-10-04,LONG,0.5914,5.238,5.314,2,True,1.4509,1.1758,.55-.60,1-1.5x
TIA/USDT,2024-10-07,LONG,0.5876,5.328,5.375,4,True,0.8821,0.0337,.55-.60,
TIA/USDT,2024-10-09,LONG,0.6021,4.815,5.375,2,True,11.6303,0.8281,.60-.70,
TIA/USDT,2024-10-12,LONG,0.6059,5.518,6.243,1,True,13.1388,0.3573,.60-.70,
TIA/USDT,2024-10-18,LONG,0.6386,6.015,5.975,5,False,-0.665,0.1618,.60-.70,
TIA/USDT,2024-10-19,LONG,0.6317,5.858,6.137,5,False,4.7627,0.4633,.60-.70,
TIA/USDT,2024-10-25,LONG,0.6592,5.302,5.09,3,True,-3.9985,2.3595,.60-.70,2-3x
TIA/USDT,2024-10-26,LONG,0.5626,5.397,5.09,2,True,-5.6883,0.3125,.55-.60,
TIA/USDT,2024-10-27,LONG,0.8156,5.135,5.09,1,True,-0.8763,0.8305,>.80,
TIA/USDT,2024-10-31,LONG,0.9224,4.87,4.548,1,True,-6.6119,0.3832,>.80,
TIA/USDT,2024-11-02,LONG,0.7313,4.68,4.228,3,True,-9.6581,0.5768,.70-.80,
TIA/USDT,2024-11-03,LONG,0.7119,4.557,4.228,2,True,-7.2197,0.5238,.70-.80,
TIA/USDT,2024-11-06,LONG,0.7373,5.114,5.801,5,False,13.4337,2.9083,.70-.80,2-3x
TIA/USDT,2024-11-15,LONG,0.7588,4.936,5.56,3,True,12.6418,0.6257,.70-.80,
TIA/USDT,2024-11-16,LONG,0.9582,5.227,5.56,2,True,6.3708,0.8551,>.80,
TIA/USDT,2024-11-19,LONG,0.8858,5.163,5.707,3,True,10.5365,0.9991,>.80,
TIA/USDT,2024-11-20,LONG,0.5577,4.938,5.707,2,True,15.5731,0.6035,.55-.60,
TIA/USDT,2024-11-28,LONG,0.9797,8.231,8.04,1,True,-2.3205,0.2588,>.80,
TIA/USDT,2024-11-30,LONG,0.9876,8.365,7.997,1,True,-4.3993,0.5006,>.80,
TIA/USDT,2024-12-02,LONG,0.5938,7.681,8.092,1,True,5.3509,0.486,.55-.60,
TIA/USDT,2024-12-04,LONG,0.6995,8.324,8.375,4,True,0.6127,0.3806,.60-.70,
TIA/USDT,2024-12-07,LONG,0.7413,8.463,8.375,1,True,-1.0398,0.552,.70-.80,
TIA/USDT,2024-12-09,LONG,0.7327,6.665,6.854,5,False,2.8357,2.3206,.70-.80,2-3x
TIA/USDT,2024-12-12,LONG,0.6068,7.219,6.266,5,False,-13.2013,0.0145,.60-.70,
TIA/USDT,2024-12-15,LONG,0.6337,6.885,5.246,5,False,-23.8054,0.074,.60-.70,
TIA/USDT,2024-12-18,LONG,0.581,5.758,5.246,2,True,-8.892,1.3088,.55-.60,1-1.5x
TIA/USDT,2024-12-23,LONG,0.749,5.33,4.925,5,False,-7.5985,1.2206,.70-.80,1-1.5x
TIA/USDT,2024-12-25,LONG,0.6632,5.124,4.925,3,True,-3.8837,0.7128,.60-.70,
TIA/USDT,2024-12-27,LONG,0.7096,4.746,4.925,1,True,3.7716,0.5098,.70-.80,
TIA/USDT,2024-12-31,LONG,0.5661,4.621,4.867,1,True,5.3235,0.6991,.55-.60,
TIA/USDT,2025-01-02,LONG,0.6138,5.065,5.499,1,True,8.5686,0.8389,.60-.70,
TIA/USDT,2025-01-09,LONG,0.5602,4.532,4.832,1,True,6.6196,0.0867,.55-.60,
TIA/USDT,2025-01-11,LONG,0.5976,4.927,4.929,1,True,0.0406,0.3768,.55-.60,
TIA/USDT,2025-01-18,LONG,0.6444,4.854,4.631,5,False,-4.5941,1.5964,.60-.70,1.5-2x
TIA/USDT,2025-01-19,LONG,0.5849,4.653,4.631,4,True,-0.4728,0.6812,.55-.60,
TIA/USDT,2025-01-21,LONG,0.6213,4.887,4.631,2,True,-5.2384,1.0251,.60-.70,1-1.5x
TIA/USDT,2025-02-01,LONG,0.8273,3.924,3.498,2,True,-10.8563,1.6346,>.80,1.5-2x
TIA/USDT,2025-02-02,LONG,0.9172,3.299,3.498,1,True,6.0321,2.3994,>.80,2-3x
TIA/USDT,2025-02-05,LONG,0.5746,3.026,2.918,1,True,-3.5691,1.077,.55-.60,1-1.5x
TIA/USDT,2025-02-07,LONG,0.7299,2.82,3.223,4,True,14.2908,0.5797,.70-.80,
TIA/USDT,2025-02-09,LONG,0.8856,3.115,3.223,2,True,3.4671,0.4304,>.80,
TIA/USDT,2025-03-06,LONG,0.6785,3.169,3.209,5,False,1.2622,0.7683,.60-.70,
TIA/USDT,2025-03-07,LONG,0.8289,3.16,3.675,5,False,16.2975,0.0356,>.80,
TIA/USDT,2025-03-08,LONG,0.5569,3.295,3.675,4,True,11.5326,0.5339,.55-.60,
TIA/USDT,2025-03-11,LONG,0.6176,3.209,3.675,1,True,14.5217,1.6389,.60-.70,1.5-2x
TIA/USDT,2025-03-16,LONG,0.6192,3.387,3.389,1,True,0.059,0.7719,.60-.70,
TIA/USDT,2025-03-20,LONG,0.5799,3.353,3.38,2,True,0.8052,0.2623,.55-.60,
SUI/USDT,2024-08-27,LONG,0.6844,0.8475,0.8098,1,True,-4.4484,0.7441,.60-.70,
SUI/USDT,2024-08-30,LONG,0.6207,0.8317,0.8095,5,False,-2.6692,0.4716,.60-.70,
SUI/USDT,2024-09-02,LONG,0.5903,0.787,0.7974,3,True,1.3215,0.5364,.55-.60,
SUI/USDT,2024-09-04,LONG,0.632,0.8095,0.7974,1,True,-1.4947,0.4977,.60-.70,
SUI/USDT,2024-09-06,LONG,0.8193,0.8379,0.8912,1,True,6.3611,0.8233,>.80,
SUI/USDT,2024-09-09,LONG,0.5531,0.9582,0.9181,1,True,-4.1849,0.332,.55-.60,
SUI/USDT,2024-09-12,LONG,0.6203,1.0395,1.1691,5,False,12.4675,2.3385,.60-.70,2-3x
SUI/USDT,2024-09-25,LONG,0.6438,1.6984,1.6409,1,True,-3.3855,0.4476,.60-.70,
SUI/USDT,2024-09-28,LONG,0.8591,1.6882,1.7587,3,True,4.176,0.324,>.80,
SUI/USDT,2024-09-29,LONG,0.7426,1.758,1.7587,2,True,0.0398,0.7212,.70-.80,
SUI/USDT,2024-09-30,LONG,0.5605,1.7746,1.7587,1,True,-0.896,0.1719,.55-.60,
SUI/USDT,2024-10-04,LONG,0.6705,1.7729,1.7544,1,True,-1.0435,1.0921,.60-.70,1-1.5x
SUI/USDT,2024-10-06,LONG,0.566,1.8403,1.9866,2,True,7.9498,0.8233,.55-.60,
SUI/USDT,2024-10-07,LONG,0.7365,2.0185,1.9866,1,True,-1.5804,1.6789,.70-.80,1.5-2x
SUI/USDT,2024-10-09,LONG,0.7372,1.8758,2.0537,2,True,9.484,0.9933,.70-.80,
SUI/USDT,2024-10-14,LONG,0.7047,2.2504,2.0628,5,False,-8.3363,0.7075,.70-.80,
SUI/USDT,2024-10-15,LONG,0.6438,2.0595,2.1277,5,False,3.3115,1.4149,.60-.70,1-1.5x
SUI/USDT,2024-10-17,LONG,0.5926,2.0247,2.1277,3,True,5.0872,0.4663,.55-.60,
SUI/USDT,2024-10-18,LONG,0.6776,2.1246,2.1277,2,True,0.1459,0.8182,.60-.70,
SUI/USDT,2024-10-22,LONG,0.5967,1.9395,1.9767,1,True,1.918,0.5577,.55-.60,
SUI/USDT,2024-10-24,LONG,0.6555,1.9369,2.0713,5,False,6.9389,0.362,.60-.70,
SUI/USDT,2024-10-30,LONG,0.566,2.083,1.9891,2,True,-4.5079,0.0864,.55-.60,
SUI/USDT,2024-11-02,LONG,0.5751,1.9087,1.9465,1,True,1.9804,0.714,.55-.60,
SUI/USDT,2024-11-09,LONG,0.6447,2.7466,3.2735,2,True,19.1837,2.5652,.60-.70,2-3x
SUI/USDT,2024-11-15,LONG,0.928,3.6102,3.761,1,True,4.1771,1.0496,>.80,1-1.5x
SUI/USDT,2024-11-19,LONG,0.563,3.7246,3.5245,1,True,-5.3724,0.0998,.55-.60,
SUI/USDT,2024-11-21,LONG,0.8699,3.6241,3.437,2,True,-5.1627,0.4269,>.80,
SUI/USDT,2024-11-24,LONG,0.6582,3.3958,3.191,1,True,-6.031,0.1847,.60-.70,
SUI/USDT,2024-12-07,LONG,0.7721,4.2588,4.2309,1,True,-0.6551,0.1982,.70-.80,
SUI/USDT,2024-12-10,LONG,0.7344,3.7124,4.3724,1,True,17.7783,0.5994,.70-.80,
SUI/USDT,2024-12-14,LONG,0.7933,4.4585,4.6407,3,True,4.0866,0.9309,.70-.80,
SUI/USDT,2024-12-15,LONG,0.9614,4.7844,4.6407,2,True,-3.0035,1.0873,>.80,1-1.5x
SUI/USDT,2024-12-16,LONG,0.9748,4.6267,4.6407,1,True,0.3026,0.499,>.80,
SUI/USDT,2024-12-21,LONG,0.5838,4.3615,4.7159,2,True,8.1256,0.6319,.55-.60,
SUI/USDT,2024-12-22,LONG,0.5792,4.3249,4.7159,1,True,9.0407,0.1111,.55-.60,
SUI/USDT,2024-12-31,LONG,0.6128,4.1226,4.9856,3,True,20.9334,0.2532,.60-.70,
SUI/USDT,2025-01-02,LONG,0.5952,4.3521,4.9856,1,True,14.5562,0.2917,.55-.60,
SUI/USDT,2025-01-08,LONG,0.6843,4.8967,4.7466,5,False,-3.0653,0.398,.60-.70,
SUI/USDT,2025-01-09,LONG,0.6022,4.7495,4.7466,4,True,-0.0611,0.5758,.60-.70,
SUI/USDT,2025-01-10,LONG,0.6631,5.1221,4.7466,3,True,-7.331,1.4707,.60-.70,1-1.5x
SUI/USDT,2025-01-14,LONG,0.5969,4.5844,5.0032,4,True,9.1353,0.6612,.55-.60,
SUI/USDT,2025-01-15,LONG,0.628,4.836,5.0032,3,True,3.4574,1.0906,.60-.70,1-1.5x
SUI/USDT,2025-01-17,LONG,0.6107,4.8376,5.0032,1,True,3.4232,0.3782,.60-.70,
SUI/USDT,2025-01-22,LONG,0.6053,4.471,4.3027,1,True,-3.7643,0.7111,.60-.70,
SUI/USDT,2025-01-26,LONG,0.5719,3.8694,3.9643,1,True,2.4526,1.4016,.55-.60,1-1.5x
SUI/USDT,2025-01-28,LONG,0.5785,3.6528,3.3066,5,False,-9.4777,1.7018,.55-.60,1.5-2x
SUI/USDT,2025-01-30,LONG,0.8012,4.1182,3.6508,4,True,-11.3496,2.2557,>.80,2-3x
SUI/USDT,2025-02-01,LONG,0.7802,3.7343,3.6508,2,True,-2.236,1.6522,.70-.80,1.5-2x
SUI/USDT,2025-02-02,LONG,0.6545,3.3066,3.6508,1,True,10.4095,1.9988,.60-.70,1.5-2x
SUI/USDT,2025-02-05,LONG,0.8068,3.3302,3.1358,1,True,-5.8375,1.1772,>.80,1-1.5x
SUI/USDT,2025-02-07,LONG,0.7454,3.0134,3.3278,4,True,10.4334,0.6326,.70-.80,
SUI/USDT,2025-02-08,LONG,0.5586,3.0632,3.3278,3,True,8.638,0.2774,.55-.60,
SUI/USDT,2025-02-09,LONG,0.977,2.9948,3.3278,2,True,11.1193,0.3748,>.80,
SUI/USDT,2025-02-10,LONG,0.5687,3.2149,3.3278,1,True,3.5118,1.2064,.55-.60,1-1.5x
SUI/USDT,2025-02-12,LONG,0.7413,3.5819,3.468,1,True,-3.1799,1.1839,.70-.80,1-1.5x
SUI/USDT,2025-02-15,LONG,0.7102,3.4183,3.2696,1,True,-4.3501,0.589,.70-.80,
SUI/USDT,2025-02-17,LONG,0.5569,3.2181,3.065,1,True,-4.7575,0.2537,.55-.60,
SUI/USDT,2025-02-22,LONG,0.6131,3.4218,2.7883,5,False,-18.5136,0.8706,.60-.70,
SUI/USDT,2025-02-23,LONG,0.6112,3.3782,2.8303,5,False,-16.2187,0.2649,.60-.70,
SUI/USDT,2025-02-27,LONG,0.6546,2.7883,2.8303,1,True,1.5063,0.5682,.60-.70,
SUI/USDT,2025-03-01,LONG,0.6656,2.8198,2.736,5,False,-2.9718,0.0645,.60-.70,
SUI/USDT,2025-03-02,LONG,0.6207,3.194,2.5829,5,False,-19.1327,2.111,.60-.70,2-3x
SUI/USDT,2025-03-04,LONG,0.5656,2.5263,2.2894,5,False,-9.3774,0.4885,.55-.60,
SUI/USDT,2025-03-05,LONG,0.5931,2.6328,2.0885,5,False,-20.6738,0.5806,.55-.60,
SUI/USDT,2025-03-06,LONG,0.9336,2.736,2.0885,4,True,-23.6659,0.5365,>.80,
SUI/USDT,2025-03-07,LONG,0.5662,2.5829,2.0885,3,True,-19.1413,0.761,.55-.60,
SUI/USDT,2025-03-09,LONG,0.9121,2.2894,2.0885,1,True,-8.7752,1.0423,>.80,1-1.5x
SUI/USDT,2025-03-18,LONG,0.5554,2.2847,2.3567,2,True,3.1514,0.5579,.55-.60,
SUI/USDT,2025-03-24,LONG,0.5666,2.3971,2.5054,4,True,4.518,0.8288,.55-.60,
SUI/USDT,2025-03-31,LONG,0.6178,2.2674,2.3072,2,True,1.7553,0.6505,.60-.70,
SUI/USDT,2025-04-01,LONG,0.7136,2.4077,2.3072,1,True,-4.1741,1.0987,.70-.80,1-1.5x
SUI/USDT,2025-04-05,LONG,0.7906,2.2162,1.9304,3,True,-12.8959,0.3571,.70-.80,
INJ/USDT,2024-08-27,LONG,0.6184,19.006,16.431,5,False,-13.5484,1.0994,.60-.70,1-1.5x
INJ/USDT,2024-08-28,LONG,0.5901,17.957,17.173,5,False,-4.366,1.0382,.55-.60,1-1.5x
INJ/USDT,2024-08-29,LONG,0.5696,17.467,15.865,5,False,-9.1716,0.5103,.55-.60,
INJ/USDT,2024-08-30,LONG,0.5867,17.41,17.32,5,False,-0.5169,0.0633,.55-.60,
INJ/USDT,2024-08-31,LONG,0.7194,17.271,17.32,4,True,0.2837,0.1662,.70-.80,
INJ/USDT,2024-09-02,LONG,0.6057,17.173,17.32,2,True,0.856,0.9525,.60-.70,
INJ/USDT,2024-09-03,LONG,0.5922,15.865,17.32,1,True,9.1711,1.5402,.55-.60,1.5-2x
INJ/USDT,2024-09-08,LONG,0.7468,16.244,18.174,2,True,11.8813,0.267,.70-.80,
INJ/USDT,2024-09-27,LONG,0.8459,23.597,22.84,1,True,-3.208,0.7643,>.80,
INJ/USDT,2024-09-30,LONG,0.5893,22.892,19.03,3,True,-16.8705,0.4848,.55-.60,
INJ/USDT,2024-10-07,LONG,0.9604,20.546,20.426,4,True,-0.5841,0.2368,>.80,
INJ/USDT,2024-10-08,LONG,0.6468,19.482,20.426,3,True,4.8455,1.2684,.60-.70,1-1.5x
INJ/USDT,2024-10-17,LONG,0.782,21.342,22.164,3,True,3.8516,0.4792,.70-.80,
INJ/USDT,2024-10-18,LONG,0.7803,22.07,22.164,2,True,0.4259,0.7935,.70-.80,
INJ/USDT,2024-10-23,LONG,0.5561,20.168,20.412,1,True,1.2098,1.0451,.55-.60,1-1.5x
INJ/USDT,2024-10-27,LONG,0.7292,18.99,19.21,1,True,1.1585,0.8354,.70-.80,
INJ/USDT,2024-10-29,LONG,0.7168,20.292,16.86,5,False,-16.9131,1.408,.70-.80,1-1.5x
INJ/USDT,2024-10-31,LONG,0.7869,19.059,16.86,3,True,-11.5379,1.0424,.70-.80,1-1.5x
INJ/USDT,2024-11-01,LONG,0.5737,18.736,16.86,2,True,-10.0128,0.434,.55-.60,
INJ/USDT,2024-11-15,LONG,0.9861,24.646,25.68,3,True,4.1954,0.8494,>.80,
INJ/USDT,2024-11-16,LONG,0.985,25.866,25.68,2,True,-0.7191,0.7218,>.80,
INJ/USDT,2024-11-17,LONG,0.8244,24.549,25.68,1,True,4.6071,0.7245,>.80,
INJ/USDT,2024-11-28,LONG,0.5707,29.361,33.326,5,False,13.5043,0.2276,.55-.60,
INJ/USDT,2024-11-30,LONG,0.5637,31.15,32.249,5,False,3.5281,0.4809,.55-.60,
INJ/USDT,2024-12-09,LONG,0.6785,28.0,27.441,5,False,-1.9964,2.4592,.60-.70,2-3x
INJ/USDT,2024-12-12,LONG,0.7485,29.08,26.861,5,False,-7.6307,0.1575,.70-.80,
INJ/USDT,2024-12-13,LONG,0.6348,29.242,26.861,4,True,-8.1424,0.0911,.60-.70,
INJ/USDT,2024-12-15,LONG,0.8492,28.578,26.861,2,True,-6.0081,0.6676,>.80,
INJ/USDT,2024-12-16,LONG,0.8462,28.486,26.861,1,True,-5.7046,0.0611,>.80,
INJ/USDT,2024-12-21,LONG,0.5739,20.482,21.199,5,False,3.5006,1.2209,.55-.60,1-1.5x
INJ/USDT,2024-12-23,LONG,0.9037,23.1,21.316,5,False,-7.7229,1.9911,>.80,1.5-2x
INJ/USDT,2024-12-27,LONG,0.6589,20.771,21.316,1,True,2.6239,0.3143,.60-.70,
INJ/USDT,2024-12-31,LONG,0.6535,19.626,20.543,1,True,4.6724,0.4134,.60-.70,
INJ/USDT,2025-01-09,LONG,0.5653,21.054,20.102,4,True,-4.5217,0.6349,.55-.60,
INJ/USDT,2025-01-10,LONG,0.6637,21.571,20.102,3,True,-6.8101,0.4466,.60-.70,
INJ/USDT,2025-01-11,LONG,0.6277,21.34,20.102,2,True,-5.8013,0.1945,.60-.70,
INJ/USDT,2025-01-12,LONG,0.7483,20.864,20.102,1,True,-3.6522,0.4818,.70-.80,
INJ/USDT,2025-01-23,LONG,0.7843,20.832,20.782,1,True,-0.24,0.4749,.70-.80,
INJ/USDT,2025-01-26,LONG,0.985,20.099,19.921,4,True,-0.8856,0.4577,>.80,
INJ/USDT,2025-01-27,LONG,0.6894,19.167,19.921,3,True,3.9338,0.8279,.60-.70,
INJ/USDT,2025-02-01,LONG,0.8233,18.288,16.05,2,True,-12.2375,1.5323,>.80,1.5-2x
INJ/USDT,2025-02-02,LONG,0.8936,15.514,16.05,1,True,3.4549,2.1202,>.80,2-3x
INJ/USDT,2025-02-06,LONG,0.8931,13.132,14.557,4,True,10.8514,0.9534,>.80,
INJ/USDT,2025-02-07,LONG,0.8263,13.477,14.557,3,True,8.0137,0.3982,>.80,
INJ/USDT,2025-02-08,LONG,0.5539,13.804,14.557,2,True,5.4549,0.3934,.55-.60,
INJ/USDT,2025-02-09,LONG,0.9954,13.742,14.557,1,True,5.9307,0.0748,>.80,
INJ/USDT,2025-02-12,LONG,0.8009,14.939,15.115,1,True,1.1781,0.7957,>.80,
INJ/USDT,2025-02-14,LONG,0.792,15.374,15.288,1,True,-0.5594,0.2763,.70-.80,
INJ/USDT,2025-02-20,LONG,0.6172,15.706,13.543,5,False,-13.7718,0.8886,.60-.70,
INJ/USDT,2025-02-25,LONG,0.7029,13.543,13.584,2,True,0.3027,0.4041,.70-.80,
INJ/USDT,2025-02-26,LONG,0.6212,12.988,13.584,1,True,4.5889,0.8128,.60-.70,
INJ/USDT,2025-03-01,LONG,0.6249,13.024,14.352,1,True,10.1966,0.4406,.60-.70,
INJ/USDT,2025-03-04,LONG,0.7647,11.092,11.287,4,True,1.758,1.1134,.70-.80,1-1.5x
INJ/USDT,2025-03-07,LONG,0.6982,11.49,11.287,1,True,-1.7668,0.4671,.60-.70,
INJ/USDT,2025-03-12,LONG,0.7482,9.668,9.961,2,True,3.0306,0.8176,.70-.80,
INJ/USDT,2025-03-13,LONG,0.7882,9.272,9.961,1,True,7.431,0.5388,.70-.80,
INJ/USDT,2025-03-19,LONG,0.6102,10.229,9.906,1,True,-3.1577,0.7783,.60-.70,
INJ/USDT,2025-03-21,LONG,0.5818,9.691,10.52,5,False,8.5543,0.2929,.55-.60,
INJ/USDT,2025-03-31,LONG,0.6303,8.719,8.279,5,False,-5.0465,0.0567,.60-.70,
INJ/USDT,2025-04-02,LONG,0.5965,8.347,7.249,5,False,-13.1544,1.465,.55-.60,1-1.5x
INJ/USDT,2025-04-05,LONG,0.6313,8.279,7.827,5,False,-5.4596,0.1099,.60-.70,
INJ/USDT,2025-04-06,LONG,0.6247,7.066,8.251,5,False,16.7705,2.947,.60-.70,2-3x
STX/USDT,2024-08-27,LONG,0.5541,1.7408,1.5206,4,True,-12.6494,0.1915,.55-.60,
STX/USDT,2024-08-28,LONG,0.579,1.6153,1.5206,3,True,-5.8627,1.5252,.55-.60,1.5-2x
STX/USDT,2024-08-29,LONG,0.5568,1.5813,1.5206,2,True,-3.8386,0.4452,.55-.60,
STX/USDT,2024-09-03,LONG,0.7708,1.4143,1.4663,1,True,3.6767,1.4618,.70-.80,1-1.5x
STX/USDT,2024-09-05,LONG,0.8449,1.3797,1.419,3,True,2.8484,1.2471,>.80,1-1.5x
STX/USDT,2024-09-14,LONG,0.7262,1.6091,1.5526,1,True,-3.5113,0.548,.70-.80,
STX/USDT,2024-09-16,LONG,0.5957,1.4899,1.5678,2,True,5.2285,0.9364,.55-.60,
STX/USDT,2024-09-19,LONG,0.8724,1.6868,1.7432,1,True,3.3436,1.7157,>.80,1.5-2x
STX/USDT,2024-09-25,LONG,0.5696,1.8733,1.9882,1,True,6.1336,1.1308,.55-.60,1-1.5x
STX/USDT,2024-09-28,LONG,0.611,1.9618,1.9642,1,True,0.1223,0.3357,.60-.70,
STX/USDT,2024-10-01,LONG,0.5645,1.7119,1.7288,1,True,0.9872,1.599,.55-.60,1.5-2x
STX/USDT,2024-10-04,LONG,0.6511,1.8798,1.6526,5,False,-12.0864,0.6616,.60-.70,
STX/USDT,2024-10-07,LONG,0.7865,1.7572,1.757,5,False,-0.0114,0.9991,.70-.80,
STX/USDT,2024-10-09,LONG,0.5888,1.6526,1.8328,5,False,10.904,1.0889,.55-.60,1-1.5x
STX/USDT,2024-10-10,LONG,0.5667,1.674,1.816,5,False,8.4827,0.3065,.55-.60,
STX/USDT,2024-10-12,LONG,0.6709,1.757,1.816,3,True,3.358,0.1862,.60-.70,
STX/USDT,2024-10-13,LONG,0.5814,1.7306,1.816,2,True,4.9347,0.3716,.55-.60,
STX/USDT,2024-10-14,LONG,0.582,1.8328,1.816,1,True,-0.9166,1.4679,.55-.60,1-1.5x
STX/USDT,2024-10-16,LONG,0.5918,1.8511,1.8289,5,False,-1.1993,0.5277,.55-.60,
STX/USDT,2024-10-18,LONG,0.5505,1.9262,1.8146,4,True,-5.7938,0.8912,.55-.60,
STX/USDT,2024-10-21,LONG,0.7139,1.8289,1.8146,1,True,-0.7819,1.4979,.70-.80,1-1.5x
STX/USDT,2024-10-24,LONG,0.6154,1.8121,1.6909,2,True,-6.6884,0.3629,.60-.70,
STX/USDT,2024-10-27,LONG,0.7184,1.7413,1.7637,1,True,1.2864,0.8612,.70-.80,
STX/USDT,2024-10-31,LONG,0.6228,1.642,1.572,2,True,-4.2631,1.6552,.60-.70,1.5-2x
STX/USDT,2024-11-01,LONG,0.7811,1.5981,1.572,1,True,-1.6332,0.6712,.70-.80,
STX/USDT,2024-11-04,LONG,0.715,1.4576,1.7279,5,False,18.5442,0.3627,.70-.80,
STX/USDT,2024-11-05,LONG,0.57,1.5226,1.7279,4,True,13.4835,1.1096,.55-.60,1-1.5x
STX/USDT,2024-11-06,LONG,0.8134,1.7203,1.7279,3,True,0.4418,2.5583,>.80,2-3x
STX/USDT,2024-11-10,LONG,0.8519,1.8137,2.0222,2,True,11.4958,0.9707,>.80,
STX/USDT,2024-11-11,LONG,0.8508,2.1938,2.0222,1,True,-7.822,3.0305,>.80,3-5x
STX/USDT,2024-11-15,LONG,0.8171,1.8787,1.8074,5,False,-3.7952,0.5664,>.80,
STX/USDT,2024-11-18,LONG,0.6447,1.9429,2.0664,5,False,6.3565,0.6042,.60-.70,
STX/USDT,2024-11-19,LONG,0.6929,1.8878,2.0601,5,False,9.127,0.3845,.60-.70,
STX/USDT,2024-11-23,LONG,0.5694,2.0664,2.0601,1,True,-0.3049,0.1576,.55-.60,
STX/USDT,2024-11-27,LONG,0.9563,2.2301,2.3152,1,True,3.816,0.7944,>.80,
STX/USDT,2024-12-01,LONG,0.5912,2.39,2.7387,5,False,14.59,0.6866,.55-.60,
STX/USDT,2024-12-02,LONG,0.6114,2.4175,2.6526,5,False,9.7249,0.2665,.60-.70,
STX/USDT,2024-12-03,LONG,0.7136,2.5065,2.6526,4,True,5.8288,0.87,.70-.80,
STX/USDT,2024-12-06,LONG,0.6752,2.7387,2.6526,1,True,-3.1438,0.0629,.60-.70,
STX/USDT,2024-12-16,LONG,0.6329,2.4162,2.2793,1,True,-5.6659,0.2749,.60-.70,
STX/USDT,2024-12-18,LONG,0.6844,2.0112,1.7042,5,False,-15.2645,1.8117,.60-.70,1.5-2x
STX/USDT,2024-12-21,LONG,0.6029,1.6537,1.7696,3,True,7.0085,1.1699,.60-.70,1-1.5x
STX/USDT,2024-12-23,LONG,0.6325,1.7042,1.7696,1,True,3.8376,0.5819,.60-.70,
STX/USDT,2024-12-25,LONG,0.563,1.6821,1.6591,3,True,-1.3673,0.7311,.55-.60,
STX/USDT,2024-12-27,LONG,0.7563,1.5715,1.6591,1,True,5.5743,0.0938,.70-.80,
STX/USDT,2025-01-03,LONG,0.5725,1.7375,1.7306,1,True,-0.3971,0.8112,.55-.60,
STX/USDT,2025-01-10,LONG,0.6002,1.5377,1.511,2,True,-1.7364,0.5209,.60-.70,
STX/USDT,2025-01-13,LONG,0.562,1.4534,1.5556,3,True,7.0318,0.8224,.55-.60,
STX/USDT,2025-01-17,LONG,0.5597,1.6778,1.4837,4,True,-11.5687,1.5702,.55-.60,1.5-2x
STX/USDT,2025-01-18,LONG,0.5957,1.5769,1.4837,3,True,-5.9103,1.1904,.55-.60,1-1.5x
STX/USDT,2025-01-19,LONG,0.5629,1.4094,1.4837,2,True,5.2717,1.9396,.55-.60,1.5-2x
STX/USDT,2025-01-23,LONG,0.5777,1.4001,1.3715,1,True,-2.0427,0.127,.55-.60,
STX/USDT,2025-01-26,LONG,0.7953,1.331,1.3169,4,True,-1.0594,0.8007,.70-.80,
STX/USDT,2025-01-27,LONG,0.7096,1.2832,1.3169,3,True,2.6262,0.7811,.70-.80,
STX/USDT,2025-02-01,LONG,0.8104,1.2182,1.0522,2,True,-13.6267,1.6569,>.80,1.5-2x
STX/USDT,2025-02-02,LONG,0.953,1.0362,1.0522,1,True,1.5441,2.4971,>.80,2-3x
STX/USDT,2025-02-05,LONG,0.681,0.9711,0.9673,5,False,-0.3913,0.7598,.60-.70,
STX/USDT,2025-02-06,LONG,0.6767,0.8986,0.9345,5,False,3.9951,1.46,.60-.70,1-1.5x
STX/USDT,2025-02-09,LONG,0.8744,0.9015,0.9345,2,True,3.6606,0.2479,>.80,
STX/USDT,2025-02-12,LONG,0.6921,0.9854,0.9559,1,True,-2.9937,1.0118,.60-.70,1-1.5x
STX/USDT,2025-02-15,LONG,0.7656,0.9339,0.9215,2,True,-1.3278,0.9794,.70-.80,
STX/USDT,2025-02-18,LONG,0.5538,0.8754,0.9491,2,True,8.419,0.9151,.55-.60,
STX/USDT,2025-02-22,LONG,0.6259,0.9294,0.836,5,False,-10.0495,0.663,.60-.70,
STX/USDT,2025-02-23,LONG,0.5684,0.9137,0.8315,5,False,-8.9964,0.3847,.55-.60,
STX/USDT,2025-02-25,LONG,0.5929,0.7842,0.8315,3,True,6.0316,0.1177,.55-.60,
STX/USDT,2025-02-26,LONG,0.6546,0.7966,0.8315,2,True,4.3811,0.3076,.60-.70,
STX/USDT,2025-02-27,LONG,0.7709,0.836,0.8315,1,True,-0.5383,0.9443,.70-.80,
STX/USDT,2025-03-03,LONG,0.6277,0.7287,0.6839,5,False,-6.1479,2.6678,.60-.70,2-3x
STX/USDT,2025-03-07,LONG,0.8008,0.7104,0.6839,1,True,-3.7303,0.2726,>.80,
STX/USDT,2025-03-10,LONG,0.7422,0.5809,0.6115,1,True,5.2677,1.0492,.70-.80,1-1.5x
STX/USDT,2025-03-13,LONG,0.6814,0.6169,0.64,1,True,3.7445,0.4559,.60-.70,
STX/USDT,2025-03-16,LONG,0.6722,0.6176,0.6262,1,True,1.3925,1.0104,.60-.70,1-1.5x
STX/USDT,2025-03-19,LONG,0.5954,0.6601,0.6444,1,True,-2.3784,1.2189,.55-.60,1-1.5x
STX/USDT,2025-03-23,LONG,0.5584,0.6316,0.7275,4,True,15.1837,0.4138,.55-.60,
STX/USDT,2025-03-29,LONG,0.6207,0.6213,0.5791,5,False,-6.7922,1.2036,.60-.70,1-1.5x
STX/USDT,2025-03-30,LONG,0.5926,0.6079,0.6017,5,False,-1.0199,0.4697,.55-.60,
STX/USDT,2025-03-31,LONG,0.6544,0.6065,0.6017,4,True,-0.7914,0.0518,.60-.70,
STX/USDT,2025-04-01,LONG,0.6631,0.617,0.6017,3,True,-2.4797,0.3964,.60-.70,
STX/USDT,2025-04-03,LONG,0.5698,0.5791,0.6017,1,True,3.9026,0.1395,.55-.60,
STX/USDT,2025-04-05,LONG,0.6574,0.5998,0.5945,5,False,-0.8836,0.0727,.60-.70,
STX/USDT,2025-04-06,LONG,0.7086,0.5319,0.6155,5,False,15.7172,2.2631,.70-.80,2-3x
SEI/USDT,2026-01-28,LONG,0.6366,0.1069,0.0996,1,True,-6.8288,0.0345,.60-.70,
SEI/USDT,2026-01-31,LONG,0.6576,0.0877,0.08863,2,True,1.0604,2.3991,.60-.70,2-3x
SEI/USDT,2026-02-06,LONG,0.9498,0.07935,0.07469,3,True,-5.8727,1.8956,>.80,1.5-2x
SEI/USDT,2026-02-08,LONG,0.9663,0.07619,0.07469,1,True,-1.9688,0.1829,>.80,
SEI/USDT,2026-02-10,LONG,0.6076,0.07216,0.07075,1,True,-1.954,0.6925,.60-.70,
SEI/USDT,2026-02-12,LONG,0.6785,0.07493,0.07551,3,True,0.7741,1.1422,.60-.70,1-1.5x
SEI/USDT,2026-02-20,LONG,0.5823,0.07155,0.07127,5,False,-0.3913,0.3554,.55-.60,
SEI/USDT,2026-02-22,LONG,0.5594,0.06893,0.06895,5,False,0.029,0.4926,.55-.60,
SEI/USDT,2026-03-03,LONG,0.5769,0.06768,0.06277,5,False,-7.2547,0.6547,.55-.60,
SEI/USDT,2026-03-07,LONG,0.6228,0.06473,0.06277,1,True,-3.028,0.85,.60-.70,
SEI/USDT,2026-03-12,LONG,0.588,0.06575,0.06635,1,True,0.9125,1.5623,.55-.60,1.5-2x
SEI/USDT,2026-03-27,LONG,0.5595,0.05478,0.05416,5,False,-1.1318,2.3238,.55-.60,2-3x
SEI/USDT,2026-03-30,LONG,0.5619,0.05136,0.05409,5,False,5.3154,0.3247,.55-.60,
SEI/USDT,2026-04-01,LONG,0.9524,0.05416,0.05343,5,False,-1.3479,2.4485,>.80,2-3x
SEI/USDT,2026-04-03,LONG,0.6116,0.05436,0.05343,3,True,-1.7108,1.5037,.60-.70,1.5-2x
SEI/USDT,2026-04-04,LONG,0.7498,0.05409,0.05343,2,True,-1.2202,0.1287,.70-.80,
SEI/USDT,2026-04-07,LONG,0.9394,0.05632,0.05494,1,True,-2.4503,1.4141,>.80,1-1.5x
SEI/USDT,2026-04-12,LONG,0.568,0.05339,0.05601,3,True,4.9073,1.2122,.55-.60,1-1.5x
SEI/USDT,2026-04-13,LONG,0.5757,0.05649,0.05601,2,True,-0.8497,1.4178,.55-.60,1-1.5x
SEI/USDT,2026-04-14,LONG,0.5791,0.05448,0.05601,1,True,2.8084,0.8574,.55-.60,
SEI/USDT,2026-04-18,LONG,0.6646,0.05597,0.05584,2,True,-0.2323,1.0939,.60-.70,1-1.5x
SEI/USDT,2026-04-19,LONG,0.6161,0.05412,0.05584,1,True,3.1781,0.8139,.60-.70,
SEI/USDT,2026-04-27,LONG,0.5608,0.06056,0.05768,2,True,-4.7556,0.8575,.55-.60,
SEI/USDT,2026-04-28,LONG,0.5685,0.05916,0.05768,1,True,-2.5017,0.688,.55-.60,
SEI/USDT,2026-05-01,LONG,0.594,0.05784,0.06157,5,False,6.4488,0.3131,.55-.60,
SEI/USDT,2026-05-02,LONG,0.662,0.0592,0.06076,5,False,2.6351,0.7275,.60-.70,
SEI/USDT,2026-05-04,LONG,0.6015,0.05853,0.07051,5,False,20.4681,0.0595,.60-.70,
SEI/USDT,2026-05-11,LONG,0.562,0.07602,0.06945,1,True,-8.6425,0.0495,.55-.60,
SEI/USDT,2026-05-21,LONG,0.7014,0.06344,0.0659,5,False,3.8777,0.865,.70-.80,
SEI/USDT,2026-05-25,LONG,0.5749,0.06189,0.06608,4,True,6.7701,0.4044,.55-.60,
SEI/USDT,2026-05-27,LONG,0.7881,0.0661,0.06608,2,True,-0.0303,0.0668,.70-.80,
SEI/USDT,2026-06-01,LONG,0.9126,0.07186,0.04692,5,False,-34.7064,1.7176,>.80,1.5-2x
SEI/USDT,2026-06-04,LONG,0.7714,0.05221,0.04962,3,True,-4.9607,2.4286,.70-.80,2-3x
IMX/USDT,2024-08-27,LONG,0.6621,1.3472,1.4425,1,True,7.0739,0.9305,.60-.70,
IMX/USDT,2024-09-03,LONG,0.6482,1.1717,1.1794,4,True,0.6572,1.5679,.60-.70,1.5-2x
IMX/USDT,2024-09-04,LONG,0.5725,1.231,1.1794,3,True,-4.1917,1.0428,.55-.60,1-1.5x
IMX/USDT,2024-09-08,LONG,0.5699,1.2014,1.26,1,True,4.8776,0.3724,.55-.60,
IMX/USDT,2024-09-11,LONG,0.7617,1.2551,1.226,5,False,-2.3185,0.7348,.70-.80,
IMX/USDT,2024-09-14,LONG,0.6587,1.3228,1.3941,3,True,5.3901,0.0244,.60-.70,
IMX/USDT,2024-09-15,LONG,0.5833,1.2829,1.3941,2,True,8.6679,0.7075,.55-.60,
IMX/USDT,2024-09-16,LONG,0.5558,1.226,1.3941,1,True,13.7113,1.0542,.55-.60,1-1.5x
IMX/USDT,2024-09-19,LONG,0.7644,1.5022,1.5712,1,True,4.5933,1.466,.70-.80,1-1.5x
IMX/USDT,2024-09-23,LONG,0.5507,1.8057,1.7248,2,True,-4.4803,1.52,.55-.60,1.5-2x
IMX/USDT,2024-09-27,LONG,0.8814,1.8169,1.5588,5,False,-14.2055,0.5222,>.80,
IMX/USDT,2024-09-28,LONG,0.6055,1.7776,1.5108,5,False,-15.009,0.4706,.60-.70,
IMX/USDT,2024-09-30,LONG,0.6683,1.6875,1.5564,4,True,-7.7689,1.2892,.60-.70,1-1.5x
IMX/USDT,2024-10-05,LONG,0.6134,1.5171,1.5252,1,True,0.5339,0.4866,.60-.70,
IMX/USDT,2024-10-09,LONG,0.5775,1.374,1.461,1,True,6.3319,0.9918,.55-.60,
IMX/USDT,2024-10-13,LONG,0.7382,1.5039,1.5281,3,True,1.6091,0.9852,.70-.80,
IMX/USDT,2024-10-14,LONG,0.7392,1.6711,1.5281,2,True,-8.5572,2.4332,.70-.80,2-3x
IMX/USDT,2024-10-15,LONG,0.8636,1.5875,1.5281,1,True,-3.7417,1.0785,>.80,1-1.5x
IMX/USDT,2024-10-17,LONG,0.6786,1.5035,1.5571,1,True,3.565,0.3513,.60-.70,
IMX/USDT,2024-10-20,LONG,0.5511,1.6523,1.3302,5,False,-19.494,1.0626,.55-.60,1-1.5x
IMX/USDT,2024-10-21,LONG,0.605,1.542,1.3424,5,False,-12.9442,1.4756,.60-.70,1-1.5x
IMX/USDT,2024-10-22,LONG,0.6856,1.5019,1.3411,5,False,-10.7064,0.57,.60-.70,
IMX/USDT,2024-10-23,LONG,0.6473,1.4678,1.3536,5,False,-7.7804,0.5003,.60-.70,
IMX/USDT,2024-10-24,LONG,0.7058,1.467,1.4161,5,False,-3.4697,0.0122,.70-.80,
IMX/USDT,2024-10-25,LONG,0.6555,1.3302,1.4161,4,True,6.4577,1.9017,.60-.70,1.5-2x
IMX/USDT,2024-10-26,LONG,0.8184,1.3424,1.4161,3,True,5.4902,0.1868,>.80,
IMX/USDT,2024-10-28,LONG,0.8066,1.3536,1.4161,1,True,4.6173,0.193,>.80,
IMX/USDT,2024-10-31,LONG,0.6289,1.2044,1.066,2,True,-11.4912,2.3076,.60-.70,2-3x
IMX/USDT,2024-11-03,LONG,0.6985,1.1063,1.2293,3,True,11.1181,0.8004,.60-.70,
IMX/USDT,2024-11-04,LONG,0.8979,1.0459,1.2293,2,True,17.5351,1.1519,>.80,1-1.5x
IMX/USDT,2024-11-05,LONG,0.8766,1.0804,1.2293,1,True,13.7819,0.6787,>.80,
IMX/USDT,2024-11-10,LONG,0.958,1.3046,1.345,2,True,3.0967,0.0504,>.80,
IMX/USDT,2024-11-11,LONG,0.986,1.4087,1.345,1,True,-4.5219,1.2809,>.80,1-1.5x
IMX/USDT,2024-11-13,LONG,0.5513,1.2424,1.2626,2,True,1.6259,1.1732,.55-.60,1-1.5x
IMX/USDT,2024-11-18,LONG,0.6477,1.3916,1.4855,4,True,6.7476,1.0078,.60-.70,1-1.5x
IMX/USDT,2024-11-19,LONG,0.5548,1.3868,1.4855,3,True,7.1171,0.049,.55-.60,
IMX/USDT,2024-11-28,LONG,0.6482,1.8801,1.9312,1,True,2.7179,1.0374,.60-.70,1-1.5x
IMX/USDT,2024-12-07,LONG,0.5844,2.066,1.9615,5,False,-5.0581,0.6078,.55-.60,
IMX/USDT,2024-12-08,LONG,0.6658,2.0705,1.9615,4,True,-5.2644,0.0472,.60-.70,
IMX/USDT,2024-12-11,LONG,0.6542,1.8739,1.9615,1,True,4.6747,1.3729,.60-.70,1-1.5x
IMX/USDT,2024-12-13,LONG,0.8529,1.9326,1.8047,3,True,-6.618,0.2661,>.80,
IMX/USDT,2024-12-14,LONG,0.6337,1.8108,1.8047,2,True,-0.3369,1.1975,.60-.70,1-1.5x
IMX/USDT,2024-12-15,LONG,0.8208,1.8721,1.8047,1,True,-3.6002,0.6486,>.80,
IMX/USDT,2024-12-18,LONG,0.6139,1.571,1.4457,2,True,-7.9758,1.4352,.60-.70,1-1.5x
IMX/USDT,2024-12-23,LONG,0.657,1.4492,1.4355,5,False,-0.9453,1.6143,.60-.70,1.5-2x
IMX/USDT,2024-12-27,LONG,0.5718,1.3882,1.3569,2,True,-2.2547,0.5777,.55-.60,
IMX/USDT,2024-12-30,LONG,0.5706,1.3548,1.4727,4,True,8.7024,0.0268,.55-.60,
IMX/USDT,2025-01-02,LONG,0.6328,1.3696,1.4727,1,True,7.5277,0.227,.60-.70,
IMX/USDT,2025-01-10,LONG,0.5674,1.2567,1.219,2,True,-2.9999,0.4426,.55-.60,
IMX/USDT,2025-01-22,LONG,0.5614,1.1858,1.1918,2,True,0.506,0.7799,.55-.60,
IMX/USDT,2025-01-27,LONG,0.638,1.1909,1.0758,1,True,-9.665,0.0101,.60-.70,
IMX/USDT,2025-01-29,LONG,0.8927,1.0816,0.8916,5,False,-17.5666,0.1007,>.80,
IMX/USDT,2025-01-30,LONG,0.7128,1.1211,0.8916,4,True,-20.471,0.6759,.70-.80,
IMX/USDT,2025-01-31,LONG,0.7794,1.1294,0.8916,3,True,-21.0554,0.1369,.70-.80,
IMX/USDT,2025-02-01,LONG,0.6367,1.0155,0.8916,2,True,-12.2009,1.735,.60-.70,1.5-2x
IMX/USDT,2025-02-02,LONG,0.7704,0.8836,0.8916,1,True,0.9054,2.0259,.70-.80,2-3x
IMX/USDT,2025-02-05,LONG,0.6363,0.7998,0.8083,5,False,1.0628,0.5313,.60-.70,
IMX/USDT,2025-02-06,LONG,0.9079,0.7632,0.7802,5,False,2.2275,0.8622,>.80,
IMX/USDT,2025-02-07,LONG,0.5963,0.7623,0.7802,4,True,2.3482,0.0225,.55-.60,
IMX/USDT,2025-02-09,LONG,0.864,0.8133,0.7802,2,True,-4.0698,0.2752,>.80,
IMX/USDT,2025-02-15,LONG,0.7252,0.7931,0.7982,1,True,0.643,0.6549,.70-.80,
IMX/USDT,2025-02-17,LONG,0.5945,0.809,0.6999,4,True,-13.4858,0.2757,.55-.60,
IMX/USDT,2025-02-19,LONG,0.5883,0.7332,0.6999,2,True,-4.5417,0.3422,.55-.60,
IMX/USDT,2025-02-25,LONG,0.572,0.6852,0.7216,3,True,5.3123,1.7912,.55-.60,1.5-2x
IMX/USDT,2025-02-26,LONG,0.8716,0.7076,0.7216,2,True,1.9785,0.7141,>.80,
IMX/USDT,2025-02-27,LONG,0.7271,0.7048,0.7216,1,True,2.3837,0.0864,.70-.80,
IMX/USDT,2025-03-03,LONG,0.8402,0.6354,0.6133,1,True,-3.4781,2.6161,>.80,2-3x
IMX/USDT,2025-03-05,LONG,0.7748,0.6571,0.6021,2,True,-8.3701,1.2033,.70-.80,1-1.5x
IMX/USDT,2025-03-08,LONG,0.6471,0.5775,0.5187,3,True,-10.1818,0.6841,.60-.70,
IMX/USDT,2025-03-09,LONG,0.5962,0.5131,0.5187,2,True,1.0914,1.7672,.55-.60,1.5-2x
IMX/USDT,2025-03-10,LONG,0.7874,0.4903,0.5187,1,True,5.7924,0.7176,.70-.80,
IMX/USDT,2025-03-12,LONG,0.5596,0.5423,0.57,5,False,5.1079,0.6943,.55-.60,
IMX/USDT,2025-03-13,LONG,0.6721,0.5174,0.5672,5,False,9.625,0.7026,.60-.70,
IMX/USDT,2025-03-19,LONG,0.5815,0.5982,0.5359,2,True,-10.4146,0.8695,.55-.60,
IMX/USDT,2025-03-24,LONG,0.7544,0.6281,0.7091,1,True,12.896,1.324,.70-.80,1-1.5x
IMX/USDT,2025-03-30,LONG,0.7194,0.534,0.5254,2,True,-1.6105,0.4371,.70-.80,
IMX/USDT,2025-03-31,LONG,0.9697,0.5278,0.5254,1,True,-0.4547,0.1829,>.80,
EGLD/USDT,2024-08-27,LONG,0.9429,28.24,27.96,1,True,-0.9915,1.5731,>.80,1.5-2x
EGLD/USDT,2024-08-30,LONG,0.8884,29.88,26.84,5,False,-10.174,0.6143,>.80,
EGLD/USDT,2024-09-05,LONG,0.6255,25.05,23.91,1,True,-4.5509,1.5618,.60-.70,1.5-2x
EGLD/USDT,2024-09-14,LONG,0.5865,26.48,25.75,3,True,-2.7568,0.3512,.55-.60,
EGLD/USDT,2024-09-16,LONG,0.597,24.82,25.75,1,True,3.747,0.638,.55-.60,
EGLD/USDT,2024-09-19,LONG,0.6971,27.32,27.94,1,True,2.2694,1.093,.60-.70,1-1.5x
EGLD/USDT,2024-09-22,LONG,0.6358,28.16,29.74,4,True,5.6108,0.7438,.60-.70,
EGLD/USDT,2024-09-25,LONG,0.7225,28.97,29.74,1,True,2.6579,0.1071,.70-.80,
EGLD/USDT,2024-09-30,LONG,0.5825,27.42,25.17,5,False,-8.2057,2.2573,.55-.60,2-3x
EGLD/USDT,2024-10-03,LONG,0.5652,24.61,25.38,4,True,3.1288,0.0595,.55-.60,
EGLD/USDT,2024-10-04,LONG,0.6108,25.24,25.38,3,True,0.5547,0.7401,.60-.70,
EGLD/USDT,2024-10-08,LONG,0.6003,25.52,26.83,5,False,5.1332,0.1722,.60-.70,
EGLD/USDT,2024-10-10,LONG,0.7327,24.85,27.01,5,False,8.6922,0.2637,.70-.80,
EGLD/USDT,2024-10-12,LONG,0.6772,27.41,26.3,4,True,-4.0496,1.477,.60-.70,1-1.5x
EGLD/USDT,2024-10-13,LONG,0.7606,26.83,26.3,3,True,-1.9754,0.6341,.70-.80,
EGLD/USDT,2024-10-15,LONG,0.8599,27.01,26.3,1,True,-2.6287,0.963,>.80,
EGLD/USDT,2024-10-17,LONG,0.7674,25.6,26.74,1,True,4.4531,0.7558,.70-.80,
EGLD/USDT,2024-10-22,LONG,0.643,26.18,24.2,5,False,-7.563,0.7013,.60-.70,
EGLD/USDT,2024-10-24,LONG,0.5928,26.02,25.38,5,False,-2.4596,0.0895,.55-.60,
EGLD/USDT,2024-10-26,LONG,0.7865,23.79,25.38,3,True,6.6835,0.2552,.70-.80,
EGLD/USDT,2024-10-27,LONG,0.6268,24.2,25.38,2,True,4.876,0.4687,.60-.70,
EGLD/USDT,2024-10-28,LONG,0.9339,24.2,25.38,1,True,4.876,0.0,>.80,
EGLD/USDT,2024-10-31,LONG,0.6052,23.45,23.31,1,True,-0.597,1.0978,.60-.70,1-1.5x
EGLD/USDT,2024-11-04,LONG,0.6333,22.12,26.64,3,True,20.434,0.5125,.60-.70,
EGLD/USDT,2024-11-11,LONG,0.6158,33.52,31.4,1,True,-6.3246,2.1321,.60-.70,2-3x
EGLD/USDT,2024-11-13,LONG,0.6248,29.6,28.04,1,True,-5.2703,1.0717,.60-.70,1-1.5x
EGLD/USDT,2024-11-15,LONG,0.9233,29.01,31.43,3,True,8.342,0.6874,>.80,
EGLD/USDT,2024-11-16,LONG,0.9705,31.86,31.43,2,True,-1.3497,1.8204,>.80,1.5-2x
EGLD/USDT,2024-11-17,LONG,0.743,29.11,31.43,1,True,7.9698,1.4753,.70-.80,1-1.5x
EGLD/USDT,2024-11-28,LONG,0.8712,39.23,54.58,5,False,39.1282,0.1675,>.80,
EGLD/USDT,2024-12-02,LONG,0.5682,48.12,54.45,3,True,13.1546,1.4641,.55-.60,1-1.5x
EGLD/USDT,2024-12-04,LONG,0.5526,54.72,54.45,1,True,-0.4934,0.0406,.55-.60,
EGLD/USDT,2024-12-11,LONG,0.5509,46.81,44.94,5,False,-3.9949,0.7964,.55-.60,
EGLD/USDT,2024-12-13,LONG,0.6571,48.44,42.78,4,True,-11.6846,0.183,.60-.70,
EGLD/USDT,2024-12-15,LONG,0.5717,47.17,42.78,2,True,-9.3068,0.2705,.55-.60,
EGLD/USDT,2024-12-16,LONG,0.8824,44.94,42.78,1,True,-4.8064,0.7155,>.80,
EGLD/USDT,2024-12-18,LONG,0.6435,38.18,34.57,1,True,-9.4552,1.5041,.60-.70,1.5-2x
EGLD/USDT,2024-12-20,LONG,0.5682,36.14,35.69,5,False,-1.2452,0.6248,.55-.60,
EGLD/USDT,2024-12-23,LONG,0.868,35.93,35.58,5,False,-0.9741,1.1138,>.80,1-1.5x
EGLD/USDT,2024-12-25,LONG,0.5718,35.69,34.24,4,True,-4.0628,0.5917,.55-.60,
EGLD/USDT,2024-12-27,LONG,0.5548,34.08,34.24,2,True,0.4695,0.1199,.55-.60,
EGLD/USDT,2024-12-30,LONG,0.602,34.31,38.09,4,True,11.0172,0.0407,.60-.70,
EGLD/USDT,2024-12-31,LONG,0.5591,33.47,38.09,3,True,13.8034,0.5145,.55-.60,
EGLD/USDT,2025-01-01,LONG,0.5941,35.02,38.09,2,True,8.7664,0.9474,.55-.60,
EGLD/USDT,2025-01-09,LONG,0.5582,32.87,32.85,3,True,-0.0608,0.1498,.55-.60,
EGLD/USDT,2025-01-13,LONG,0.6869,31.7,35.98,3,True,13.5016,0.8942,.60-.70,
EGLD/USDT,2025-01-14,LONG,0.6653,32.64,35.98,2,True,10.2328,0.7551,.60-.70,
EGLD/USDT,2025-01-20,LONG,0.588,31.64,29.95,4,True,-5.3413,0.2963,.55-.60,
EGLD/USDT,2025-01-22,LONG,0.8,31.04,29.95,2,True,-3.5116,0.7424,.70-.80,
EGLD/USDT,2025-01-23,LONG,0.8241,30.86,29.95,1,True,-2.9488,0.1302,>.80,
EGLD/USDT,2025-02-01,LONG,0.6323,27.16,24.63,2,True,-9.3152,1.7536,.60-.70,1.5-2x
EGLD/USDT,2025-02-02,LONG,0.7506,23.97,24.63,1,True,2.7534,2.1881,.70-.80,2-3x
EGLD/USDT,2025-02-06,LONG,0.7452,21.04,22.84,5,False,8.5551,0.818,.70-.80,
EGLD/USDT,2025-02-07,LONG,0.6275,21.34,23.83,5,False,11.6682,0.3004,.60-.70,
EGLD/USDT,2025-02-09,LONG,0.8202,22.35,23.83,3,True,6.6219,0.3845,>.80,
EGLD/USDT,2025-02-15,LONG,0.5662,22.48,23.16,5,False,3.0249,0.7306,.55-.60,
EGLD/USDT,2025-02-25,LONG,0.6549,21.05,21.73,3,True,3.2304,0.7877,.60-.70,
EGLD/USDT,2025-02-27,LONG,0.5753,22.22,21.73,1,True,-2.2052,1.1048,.55-.60,1-1.5x
EGLD/USDT,2025-03-03,LONG,0.704,22.6,20.03,5,False,-11.3717,1.7831,.70-.80,1.5-2x
EGLD/USDT,2025-03-06,LONG,0.595,20.62,18.18,5,False,-11.8332,0.7277,.55-.60,
EGLD/USDT,2025-03-07,LONG,0.5793,20.05,18.18,4,True,-9.3267,0.4319,.55-.60,
EGLD/USDT,2025-03-15,LONG,0.7234,18.45,18.37,2,True,-0.4336,0.3709,.70-.80,
EGLD/USDT,2025-03-18,LONG,0.8918,18.03,18.12,2,True,0.4992,0.305,>.80,
EGLD/USDT,2025-03-21,LONG,0.9866,17.89,18.14,1,True,1.3974,0.2098,>.80,
EGLD/USDT,2025-03-23,LONG,0.7752,18.47,19.32,1,True,4.6021,0.4983,.70-.80,
EGLD/USDT,2025-03-25,LONG,0.9131,19.95,19.03,1,True,-4.6115,0.8711,>.80,
EGLD/USDT,2025-03-29,LONG,0.673,16.17,16.34,1,True,1.0513,1.3156,.60-.70,1-1.5x
EGLD/USDT,2025-03-31,LONG,0.5501,16.08,14.08,5,False,-12.4378,0.4277,.55-.60,
EGLD/USDT,2025-04-02,LONG,0.6783,15.25,13.04,5,False,-14.4918,1.9056,.60-.70,1.5-2x
EGLD/USDT,2025-04-04,LONG,0.68,14.67,13.04,3,True,-11.1111,1.0012,.60-.70,1-1.5x
EGLD/USDT,2025-04-06,LONG,0.7246,12.66,13.04,1,True,3.0016,2.4026,.70-.80,2-3x
AAVE/USDT,2024-09-02,LONG,0.6766,134.93,118.81,1,True,-11.9469,2.0758,.60-.70,2-3x
AAVE/USDT,2024-09-05,LONG,0.5989,128.92,125.16,2,True,-2.9165,0.6658,.55-.60,
AAVE/USDT,2024-09-08,LONG,0.8598,125.93,150.57,2,True,19.5664,0.0897,>.80,
AAVE/USDT,2024-09-09,LONG,0.571,139.94,150.57,1,True,7.5961,1.5883,.55-.60,1.5-2x
AAVE/USDT,2024-09-14,LONG,0.8524,140.09,150.37,5,False,7.3381,0.4358,>.80,
AAVE/USDT,2024-09-15,LONG,0.7875,143.44,153.42,5,False,6.9576,0.3571,.70-.80,
AAVE/USDT,2024-09-30,LONG,0.7351,156.82,143.79,3,True,-8.3089,0.9498,.70-.80,
AAVE/USDT,2024-10-01,LONG,0.5619,144.71,143.79,2,True,-0.6358,2.1828,.55-.60,2-3x
AAVE/USDT,2024-10-06,LONG,0.6915,150.15,143.87,5,False,-4.1825,0.2947,.60-.70,
AAVE/USDT,2024-10-07,LONG,0.7849,146.77,154.68,5,False,5.3894,0.5969,.70-.80,
AAVE/USDT,2024-10-10,LONG,0.6034,140.67,154.68,2,True,9.9595,0.2438,.60-.70,
AAVE/USDT,2024-10-13,LONG,0.6452,154.62,159.0,5,False,2.8328,0.0109,.60-.70,
AAVE/USDT,2024-10-24,LONG,0.5938,147.43,142.8,2,True,-3.1405,0.5004,.55-.60,
AAVE/USDT,2024-10-31,LONG,0.7806,143.51,141.51,1,True,-1.3936,2.103,.70-.80,2-3x
AAVE/USDT,2024-11-02,LONG,0.6888,138.43,132.92,1,True,-3.9804,0.6287,.60-.70,
AAVE/USDT,2024-11-06,LONG,0.8851,173.65,182.03,2,True,4.8258,3.824,>.80,3-5x
AAVE/USDT,2024-11-07,LONG,0.7928,183.41,182.03,1,True,-0.7524,0.7662,.70-.80,
AAVE/USDT,2024-11-11,LONG,0.9538,193.4,179.29,1,True,-7.2958,0.2419,>.80,
AAVE/USDT,2024-11-13,LONG,0.8475,173.36,158.25,1,True,-8.716,0.4292,>.80,
AAVE/USDT,2024-11-15,LONG,0.922,164.39,170.78,3,True,3.8871,0.4938,>.80,
AAVE/USDT,2024-11-16,LONG,0.8318,168.87,170.78,2,True,1.131,0.3475,>.80,
AAVE/USDT,2024-11-17,LONG,0.7669,161.94,170.78,1,True,5.4588,0.5186,.70-.80,
AAVE/USDT,2024-11-19,LONG,0.6412,161.85,171.08,5,False,5.7028,0.6472,.60-.70,
AAVE/USDT,2024-11-23,LONG,0.5541,174.34,171.08,1,True,-1.8699,0.0607,.55-.60,
AAVE/USDT,2024-11-28,LONG,0.6388,200.17,240.32,5,False,20.058,0.8155,.60-.70,
AAVE/USDT,2024-12-01,LONG,0.6382,209.13,256.47,3,True,22.6366,0.2187,.60-.70,
AAVE/USDT,2024-12-05,LONG,0.5697,247.62,282.05,2,True,13.9044,0.5942,.55-.60,
AAVE/USDT,2024-12-06,LONG,0.6225,281.7,282.05,1,True,0.1242,2.1653,.60-.70,2-3x
AAVE/USDT,2024-12-08,LONG,0.855,282.65,260.4,1,True,-7.8719,0.0344,>.80,
AAVE/USDT,2024-12-10,LONG,0.6563,276.56,367.19,2,True,32.7705,0.9868,.60-.70,
AAVE/USDT,2024-12-11,LONG,0.559,302.71,367.19,1,True,21.3009,1.4866,.55-.60,1-1.5x
AAVE/USDT,2024-12-13,LONG,0.5998,377.66,368.56,2,True,-2.4096,0.3801,.55-.60,
AAVE/USDT,2024-12-17,LONG,0.5975,360.98,318.99,5,False,-11.6322,0.6615,.55-.60,
AAVE/USDT,2024-12-19,LONG,0.649,315.04,318.99,3,True,1.2538,0.9666,.60-.70,
AAVE/USDT,2024-12-23,LONG,0.7276,383.58,354.44,5,False,-7.5969,2.3241,.70-.80,2-3x
AAVE/USDT,2024-12-25,LONG,0.7725,370.03,354.44,3,True,-4.2132,0.153,.70-.80,
AAVE/USDT,2024-12-26,LONG,0.6921,337.7,354.44,2,True,4.9571,1.0199,.60-.70,1-1.5x
AAVE/USDT,2024-12-30,LONG,0.5671,322.08,351.66,5,False,9.1841,0.364,.55-.60,
AAVE/USDT,2024-12-31,LONG,0.6698,308.69,341.35,5,False,10.5802,0.484,.60-.70,
AAVE/USDT,2025-01-02,LONG,0.5588,333.56,341.6,4,True,2.4104,0.6034,.55-.60,
AAVE/USDT,2025-01-08,LONG,0.5594,293.48,281.15,1,True,-4.2013,0.6007,.55-.60,
AAVE/USDT,2025-01-10,LONG,0.7494,285.87,289.43,3,True,1.2453,0.2416,.70-.80,
AAVE/USDT,2025-01-11,LONG,0.596,287.27,289.43,2,True,0.7519,0.0723,.55-.60,
AAVE/USDT,2025-01-12,LONG,0.7135,287.94,289.43,1,True,0.5175,0.0491,.70-.80,
AAVE/USDT,2025-01-16,LONG,0.6084,311.07,370.82,5,False,19.2079,0.5889,.60-.70,
AAVE/USDT,2025-01-18,LONG,0.6071,315.53,346.51,4,True,9.8184,1.256,.60-.70,1-1.5x
AAVE/USDT,2025-01-23,LONG,0.8985,337.44,284.24,5,False,-15.7658,0.4804,>.80,
AAVE/USDT,2025-01-24,LONG,0.7683,335.0,290.94,5,False,-13.1522,0.1327,.70-.80,
AAVE/USDT,2025-01-26,LONG,0.5984,316.55,315.45,4,True,-0.3475,0.5496,.55-.60,
AAVE/USDT,2025-01-27,LONG,0.6331,305.14,315.45,3,True,3.3788,0.7163,.60-.70,
AAVE/USDT,2025-01-29,LONG,0.5539,290.94,315.45,1,True,8.4244,0.4617,.55-.60,
AAVE/USDT,2025-02-01,LONG,0.7544,296.15,241.48,5,False,-18.4602,1.7925,.70-.80,1.5-2x
AAVE/USDT,2025-02-02,LONG,0.759,258.45,238.03,5,False,-7.9009,1.8761,.70-.80,1.5-2x
AAVE/USDT,2025-02-05,LONG,0.5934,259.78,252.61,5,False,-2.76,0.677,.55-.60,
AAVE/USDT,2025-02-09,LONG,0.9518,241.26,243.93,2,True,1.1067,0.1679,>.80,
AAVE/USDT,2025-02-10,LONG,0.5997,252.61,243.93,1,True,-3.4361,0.8371,.55-.60,
AAVE/USDT,2025-02-14,LONG,0.5835,262.58,252.96,5,False,-3.6636,0.4108,.55-.60,
AAVE/USDT,2025-02-15,LONG,0.5516,253.37,252.96,4,True,-0.1618,0.6129,.55-.60,
AAVE/USDT,2025-02-20,LONG,0.5745,261.32,205.18,5,False,-21.4832,0.6351,.55-.60,
AAVE/USDT,2025-02-27,LONG,0.6804,204.1,206.63,5,False,1.2396,0.1534,.60-.70,
AAVE/USDT,2025-02-28,LONG,0.657,192.2,220.8,5,False,14.8803,1.2236,.60-.70,1-1.5x
AAVE/USDT,2025-03-01,LONG,0.684,195.02,208.43,5,False,6.8762,0.3072,.60-.70,
AAVE/USDT,2025-03-02,LONG,0.5545,223.46,196.68,5,False,-11.9842,2.5172,.55-.60,2-3x
AAVE/USDT,2025-03-05,LONG,0.5546,220.8,196.68,2,True,-10.9239,0.8549,.55-.60,
AAVE/USDT,2025-03-15,LONG,0.6858,173.0,182.47,4,True,5.474,0.0119,.60-.70,
AAVE/USDT,2025-03-18,LONG,0.6182,170.11,182.47,1,True,7.2659,0.3371,.60-.70,
AAVE/USDT,2025-04-03,LONG,0.6061,151.06,152.03,1,True,0.6421,0.1254,.60-.70,
AAVE/USDT,2025-04-05,LONG,0.8175,152.66,125.33,3,True,-17.9025,0.1001,>.80,
FLOW/USDT,2024-08-27,LONG,0.5653,0.5453,0.5364,1,True,-1.6321,1.1853,.55-.60,1-1.5x
FLOW/USDT,2024-09-03,LONG,0.5735,0.5478,0.5142,4,True,-6.1336,1.0089,.55-.60,1-1.5x
FLOW/USDT,2024-09-04,LONG,0.5823,0.5565,0.5142,3,True,-7.6011,0.4762,.55-.60,
FLOW/USDT,2024-09-06,LONG,0.559,0.5155,0.5142,1,True,-0.2522,0.876,.55-.60,
FLOW/USDT,2024-09-08,LONG,0.6482,0.5225,0.5403,2,True,3.4067,0.4568,.60-.70,
FLOW/USDT,2024-09-21,LONG,0.5545,0.5945,0.6227,5,False,4.7435,0.8939,.55-.60,
FLOW/USDT,2024-09-22,LONG,0.6857,0.5767,0.628,5,False,8.8954,1.1735,.60-.70,1-1.5x
FLOW/USDT,2024-09-23,LONG,0.568,0.5891,0.617,5,False,4.736,0.8795,.55-.60,
FLOW/USDT,2024-10-03,LONG,0.5684,0.5268,0.5504,2,True,4.4799,0.2173,.55-.60,
FLOW/USDT,2024-10-04,LONG,0.6407,0.5453,0.5504,1,True,0.9353,1.1142,.60-.70,1-1.5x
FLOW/USDT,2024-10-10,LONG,0.7496,0.5227,0.5417,3,True,3.635,0.2676,.70-.80,
FLOW/USDT,2024-10-11,LONG,0.7906,0.5437,0.5417,2,True,-0.3678,1.3689,.70-.80,1-1.5x
FLOW/USDT,2024-10-12,LONG,0.8154,0.5519,0.5417,1,True,-1.8482,0.5204,>.80,
FLOW/USDT,2024-10-14,LONG,0.5936,0.5648,0.5521,2,True,-2.2486,1.4335,.55-.60,1-1.5x
FLOW/USDT,2024-10-24,LONG,0.82,0.5482,0.5125,1,True,-6.5122,0.5032,>.80,
FLOW/USDT,2024-10-28,LONG,0.8862,0.5217,0.5445,1,True,4.3703,0.3724,>.80,
FLOW/USDT,2024-10-31,LONG,0.5555,0.5104,0.5088,1,True,-0.3135,1.7131,.55-.60,1.5-2x
FLOW/USDT,2024-11-02,LONG,0.6482,0.5061,0.5408,4,True,6.8564,0.1565,.60-.70,
FLOW/USDT,2024-11-03,LONG,0.6539,0.4834,0.5408,3,True,11.8742,1.3441,.60-.70,1-1.5x
FLOW/USDT,2024-11-04,LONG,0.8742,0.4781,0.5408,2,True,13.1144,0.3285,>.80,
FLOW/USDT,2024-11-10,LONG,0.7935,0.6032,0.6243,5,False,3.498,1.7849,.70-.80,1.5-2x
FLOW/USDT,2024-11-13,LONG,0.6263,0.5928,0.6932,3,True,16.9366,0.6998,.60-.70,
FLOW/USDT,2024-11-18,LONG,0.7737,0.7232,0.7567,4,True,4.6322,2.1861,.70-.80,2-3x
FLOW/USDT,2024-11-19,LONG,0.9487,0.7058,0.7567,3,True,7.2117,0.4138,>.80,
FLOW/USDT,2024-11-21,LONG,0.5967,0.7112,0.7567,1,True,6.3976,0.9251,.55-.60,
FLOW/USDT,2024-11-28,LONG,0.8501,0.8837,0.9885,1,True,11.8592,0.3792,>.80,
FLOW/USDT,2024-12-03,LONG,0.7039,1.1427,1.1502,2,True,0.6563,0.9939,.70-.80,
FLOW/USDT,2024-12-08,LONG,0.774,1.1704,0.9477,1,True,-19.0277,0.3553,.70-.80,
FLOW/USDT,2024-12-10,LONG,0.6252,0.9098,0.9923,2,True,9.0679,0.5238,.60-.70,
FLOW/USDT,2024-12-18,LONG,0.7426,0.7875,0.7443,2,True,-5.4857,1.3754,.70-.80,1-1.5x
FLOW/USDT,2024-12-19,LONG,0.5735,0.7193,0.7443,1,True,3.4756,1.3292,.55-.60,1-1.5x
FLOW/USDT,2024-12-23,LONG,0.8225,0.7743,0.7982,1,True,3.0867,1.1176,>.80,1-1.5x
FLOW/USDT,2024-12-25,LONG,0.7999,0.7667,0.7442,3,True,-2.9347,0.6295,.70-.80,
FLOW/USDT,2024-12-26,LONG,0.5611,0.7068,0.7442,2,True,5.2915,1.2242,.55-.60,1-1.5x
FLOW/USDT,2024-12-27,LONG,0.6201,0.7225,0.7442,1,True,3.0035,0.3442,.60-.70,
FLOW/USDT,2025-01-07,LONG,0.5821,0.7502,0.7259,5,False,-3.2391,2.0559,.55-.60,2-3x
FLOW/USDT,2025-01-08,LONG,0.5534,0.7276,0.7259,4,True,-0.2336,0.6353,.55-.60,
FLOW/USDT,2025-01-09,LONG,0.5842,0.7274,0.7259,3,True,-0.2062,0.0059,.55-.60,
FLOW/USDT,2025-01-11,LONG,0.6187,0.7461,0.7259,1,True,-2.7074,0.0942,.60-.70,
FLOW/USDT,2025-01-17,LONG,0.5828,0.8098,0.7043,3,True,-13.0279,1.4845,.55-.60,1-1.5x
FLOW/USDT,2025-01-18,LONG,0.7307,0.7496,0.7043,2,True,-6.0432,1.6133,.70-.80,1.5-2x
FLOW/USDT,2025-01-19,LONG,0.6783,0.6865,0.7043,1,True,2.5929,1.6799,.60-.70,1.5-2x
FLOW/USDT,2025-01-22,LONG,0.5571,0.6904,0.6728,2,True,-2.5492,0.8163,.55-.60,
FLOW/USDT,2025-01-29,LONG,0.7282,0.6191,0.6426,1,True,3.7958,0.5531,.70-.80,
FLOW/USDT,2025-02-01,LONG,0.7055,0.5995,0.5344,2,True,-10.859,1.6444,.70-.80,1.5-2x
FLOW/USDT,2025-02-02,LONG,0.6973,0.5183,0.5344,1,True,3.1063,2.4946,.60-.70,2-3x
FLOW/USDT,2025-02-05,LONG,0.8715,0.488,0.4702,1,True,-3.6475,0.2591,>.80,
FLOW/USDT,2025-02-07,LONG,0.8906,0.4767,0.5109,3,True,7.1743,0.2957,>.80,
FLOW/USDT,2025-02-09,LONG,0.9798,0.4969,0.5109,1,True,2.8175,0.2075,>.80,
FLOW/USDT,2025-02-12,LONG,0.597,0.5343,0.5232,1,True,-2.0775,1.0115,.55-.60,1-1.5x
FLOW/USDT,2025-02-15,LONG,0.8175,0.5153,0.5214,4,True,1.1838,0.5713,>.80,
FLOW/USDT,2025-02-17,LONG,0.5711,0.5203,0.5214,2,True,0.2114,0.2085,.55-.60,
FLOW/USDT,2025-02-18,LONG,0.5525,0.5016,0.5214,1,True,3.9474,0.7745,.55-.60,
FLOW/USDT,2025-02-25,LONG,0.5748,0.4715,0.4811,3,True,2.0361,0.1709,.55-.60,
FLOW/USDT,2025-02-27,LONG,0.7078,0.4837,0.4811,1,True,-0.5375,0.8338,.70-.80,
FLOW/USDT,2025-03-01,LONG,0.57,0.4727,0.5223,1,True,10.4929,0.5162,.55-.60,
FLOW/USDT,2025-03-04,LONG,0.6159,0.4382,0.3932,5,False,-10.2693,0.4223,.60-.70,
FLOW/USDT,2025-03-05,LONG,0.5742,0.4578,0.3765,5,False,-17.7588,0.8595,.55-.60,
FLOW/USDT,2025-03-10,LONG,0.5582,0.3765,0.3903,1,True,3.6653,0.7672,.55-.60,
FLOW/USDT,2025-03-12,LONG,0.5579,0.4016,0.4022,2,True,0.1494,0.523,.55-.60,
FLOW/USDT,2025-03-13,LONG,0.6343,0.3934,0.4022,1,True,2.2369,0.3703,.60-.70,
FLOW/USDT,2025-03-22,LONG,0.5734,0.4168,0.4205,5,False,0.8877,0.2748,.55-.60,
FLOW/USDT,2025-03-24,LONG,0.6023,0.4295,0.4205,3,True,-2.0955,1.0937,.60-.70,1-1.5x
FLOW/USDT,2025-03-31,LONG,0.5783,0.3809,0.3699,5,False,-2.8879,0.0614,.55-.60,
FLOW/USDT,2025-04-01,LONG,0.5899,0.3887,0.3343,5,False,-13.9954,0.6922,.55-.60,
FLOW/USDT,2025-04-02,LONG,0.5846,0.3686,0.3281,5,False,-10.9875,1.6457,.55-.60,1.5-2x
FLOW/USDT,2025-04-06,LONG,0.7214,0.3343,0.3388,4,True,1.3461,2.8331,.70-.80,2-3x
GALA/USDT,2024-08-29,LONG,0.7026,0.01879,0.01997,1,True,6.2799,0.0734,.70-.80,
GALA/USDT,2024-09-01,LONG,0.7045,0.01765,0.01753,2,True,-0.6799,1.3471,.70-.80,1-1.5x
GALA/USDT,2024-09-02,LONG,0.6039,0.0185,0.01753,1,True,-5.2432,0.9094,.60-.70,
GALA/USDT,2024-09-05,LONG,0.5551,0.01737,0.01737,1,True,0.0,0.677,.55-.60,
GALA/USDT,2024-09-12,LONG,0.6559,0.01825,0.01753,3,True,-3.9452,0.4228,.60-.70,
GALA/USDT,2024-09-13,LONG,0.9113,0.01843,0.01753,2,True,-4.8833,0.242,>.80,
GALA/USDT,2024-09-14,LONG,0.7181,0.01824,0.01753,1,True,-3.8925,0.2529,.70-.80,
GALA/USDT,2024-09-16,LONG,0.5549,0.01727,0.01889,2,True,9.3804,0.4015,.55-.60,
GALA/USDT,2024-09-25,LONG,0.6142,0.02146,0.02251,5,False,4.8928,0.686,.60-.70,
GALA/USDT,2024-09-27,LONG,0.5531,0.02459,0.01965,5,False,-20.0895,1.6975,.55-.60,1.5-2x
GALA/USDT,2024-10-01,LONG,0.5508,0.02027,0.01913,2,True,-5.6241,2.1282,.55-.60,2-3x
GALA/USDT,2024-10-02,LONG,0.623,0.01965,0.01913,1,True,-2.6463,0.6448,.60-.70,
GALA/USDT,2024-10-04,LONG,0.6699,0.01981,0.01982,5,False,0.0505,0.7352,.60-.70,
GALA/USDT,2024-10-05,LONG,0.5897,0.01953,0.02,5,False,2.4066,0.2978,.55-.60,
GALA/USDT,2024-10-11,LONG,0.598,0.02088,0.02229,5,False,6.7529,0.9052,.55-.60,
GALA/USDT,2024-10-12,LONG,0.6317,0.02174,0.02125,5,False,-2.2539,0.8419,.60-.70,
GALA/USDT,2024-10-14,LONG,0.6462,0.02326,0.02279,4,True,-2.0206,1.3968,.60-.70,1-1.5x
GALA/USDT,2024-10-15,LONG,0.6245,0.02279,0.02279,3,True,0.0,0.4157,.60-.70,
GALA/USDT,2024-10-17,LONG,0.5509,0.02125,0.02279,1,True,7.2471,1.0585,.55-.60,1-1.5x
GALA/USDT,2024-10-24,LONG,0.6018,0.02312,0.02069,3,True,-10.5104,0.6877,.60-.70,
GALA/USDT,2024-10-25,LONG,0.7471,0.02034,0.02069,2,True,1.7207,2.3905,.70-.80,2-3x
GALA/USDT,2024-10-28,LONG,0.9157,0.02039,0.02131,1,True,4.512,0.3068,>.80,
GALA/USDT,2024-11-01,LONG,0.5909,0.01921,0.01896,1,True,-1.3014,0.428,.55-.60,
GALA/USDT,2024-11-04,LONG,0.576,0.01743,0.01894,1,True,8.6632,0.6357,.55-.60,
GALA/USDT,2024-11-15,LONG,0.9995,0.02633,0.0279,5,False,5.9628,1.2594,>.80,1-1.5x
GALA/USDT,2024-11-16,LONG,0.9947,0.03073,0.02891,5,False,-5.9226,2.5076,>.80,2-3x
GALA/USDT,2024-11-17,LONG,0.8255,0.02825,0.0297,5,False,5.1327,1.1512,>.80,1-1.5x
GALA/USDT,2024-11-18,LONG,0.7082,0.03146,0.03516,5,False,11.761,1.555,.70-.80,1.5-2x
GALA/USDT,2024-11-19,LONG,0.8634,0.02941,0.03516,4,True,19.5512,0.8712,>.80,
GALA/USDT,2024-11-25,LONG,0.6666,0.03664,0.03647,1,True,-0.464,0.8731,.60-.70,
GALA/USDT,2024-11-28,LONG,0.9598,0.03968,0.04404,3,True,10.9879,0.8164,>.80,
GALA/USDT,2024-11-29,LONG,0.9533,0.03984,0.04404,2,True,10.5422,0.0496,>.80,
GALA/USDT,2024-11-30,LONG,0.6442,0.04483,0.04404,1,True,-1.7622,1.5015,.60-.70,1.5-2x
GALA/USDT,2024-12-03,LONG,0.5765,0.05133,0.05936,3,True,15.6439,1.2344,.55-.60,1-1.5x
GALA/USDT,2024-12-04,LONG,0.6916,0.06015,0.05936,2,True,-1.3134,2.06,.60-.70,2-3x
GALA/USDT,2024-12-16,LONG,0.8424,0.04804,0.04465,1,True,-7.0566,0.6903,>.80,
GALA/USDT,2024-12-18,LONG,0.8127,0.04015,0.03516,1,True,-12.4284,1.15,>.80,1-1.5x
GALA/USDT,2024-12-23,LONG,0.6949,0.03789,0.03965,1,True,4.645,0.9872,.60-.70,
GALA/USDT,2024-12-27,LONG,0.6867,0.03492,0.03676,1,True,5.2692,0.1563,.60-.70,
GALA/USDT,2025-01-07,LONG,0.5685,0.0372,0.03633,4,True,-2.3387,1.9505,.55-.60,1.5-2x
GALA/USDT,2025-01-14,LONG,0.6027,0.03646,0.0385,2,True,5.5952,1.4409,.60-.70,1-1.5x
GALA/USDT,2025-01-21,LONG,0.7443,0.03411,0.03249,3,True,-4.7493,0.6221,.70-.80,
GALA/USDT,2025-01-22,LONG,0.7718,0.03288,0.03249,2,True,-1.1861,0.5449,.70-.80,
GALA/USDT,2025-01-23,LONG,0.9461,0.03295,0.03249,1,True,-1.3961,0.0352,>.80,
GALA/USDT,2025-01-28,LONG,0.5932,0.02738,0.03102,2,True,13.2944,1.7322,.55-.60,1.5-2x
GALA/USDT,2025-02-01,LONG,0.9205,0.02824,0.02447,2,True,-13.3499,1.8083,>.80,1.5-2x
GALA/USDT,2025-02-02,LONG,0.9831,0.0239,0.02447,1,True,2.3849,2.1605,>.80,2-3x
GALA/USDT,2025-02-05,LONG,0.7955,0.02254,0.02088,1,True,-7.3647,0.0473,.70-.80,
GALA/USDT,2025-02-07,LONG,0.8628,0.0212,0.02207,1,True,4.1038,0.2476,>.80,
GALA/USDT,2025-02-09,LONG,0.9711,0.02181,0.02308,1,True,5.823,0.1956,>.80,
GALA/USDT,2025-02-12,LONG,0.6933,0.02414,0.0233,1,True,-3.4797,0.9918,.60-.70,
GALA/USDT,2025-02-15,LONG,0.6325,0.02373,0.02292,5,False,-3.4134,0.3939,.60-.70,
GALA/USDT,2025-02-18,LONG,0.5594,0.02195,0.0231,4,True,5.2392,0.3828,.55-.60,
GALA/USDT,2025-02-19,LONG,0.5741,0.02219,0.0231,3,True,4.1009,0.1898,.55-.60,
GALA/USDT,2025-02-27,LONG,0.597,0.01992,0.01999,1,True,0.3514,0.1585,.55-.60,
GALA/USDT,2025-03-03,LONG,0.673,0.01841,0.01768,5,False,-3.9652,2.4949,.60-.70,2-3x
GALA/USDT,2025-03-04,LONG,0.5786,0.0177,0.01584,5,False,-10.5085,0.5789,.55-.60,
GALA/USDT,2025-03-06,LONG,0.729,0.01853,0.01585,5,False,-14.463,0.2211,.70-.80,
GALA/USDT,2025-03-07,LONG,0.5655,0.01851,0.01585,4,True,-14.3706,0.016,.55-.60,
GALA/USDT,2025-03-09,LONG,0.6451,0.01584,0.01585,2,True,0.0631,1.4841,.60-.70,1-1.5x
GALA/USDT,2025-03-10,LONG,0.5848,0.01501,0.01585,1,True,5.5963,0.7421,.55-.60,
GALA/USDT,2025-03-19,LONG,0.5906,0.01774,0.01708,1,True,-3.7204,0.3791,.55-.60,
GALA/USDT,2025-03-22,LONG,0.5618,0.01715,0.01833,5,False,6.8805,0.5121,.55-.60,
GALA/USDT,2025-03-30,LONG,0.5501,0.01536,0.01504,5,False,-2.0833,0.0454,.55-.60,
GALA/USDT,2025-04-01,LONG,0.5936,0.01585,0.01296,5,False,-18.2334,0.989,.55-.60,
GALA/USDT,2025-04-06,LONG,0.886,0.01296,0.01328,1,True,2.4691,2.6616,>.80,2-3x
SAND/USDT,2024-08-27,LONG,0.5723,0.2599,0.2353,5,False,-9.4652,1.3936,.55-.60,1-1.5x
SAND/USDT,2024-08-29,LONG,0.6148,0.2527,0.2416,5,False,-4.3926,0.1356,.60-.70,
SAND/USDT,2024-08-30,LONG,0.6552,0.2552,0.2501,5,False,-1.9984,0.246,.60-.70,
SAND/USDT,2024-08-31,LONG,0.5569,0.2517,0.2501,4,True,-0.6357,0.3729,.55-.60,
SAND/USDT,2024-09-03,LONG,0.5625,0.2416,0.2501,1,True,3.5182,0.8773,.55-.60,
SAND/USDT,2024-09-14,LONG,0.632,0.2554,0.2683,5,False,5.0509,0.6183,.60-.70,
SAND/USDT,2024-09-18,LONG,0.6915,0.2573,0.2779,5,False,8.0062,0.6763,.60-.70,
SAND/USDT,2024-09-19,LONG,0.715,0.2683,0.2839,5,False,5.8144,1.2738,.70-.80,1-1.5x
SAND/USDT,2024-09-21,LONG,0.6033,0.288,0.2903,5,False,0.7986,1.8825,.60-.70,1.5-2x
SAND/USDT,2024-09-22,LONG,0.7656,0.2767,0.3003,5,False,8.5291,1.2898,.70-.80,1-1.5x
SAND/USDT,2024-09-25,LONG,0.5895,0.2765,0.2701,5,False,-2.3146,0.9191,.55-.60,
SAND/USDT,2024-10-03,LONG,0.7827,0.2453,0.2577,3,True,5.055,0.1616,.70-.80,
SAND/USDT,2024-10-04,LONG,0.5806,0.2527,0.2577,2,True,1.9786,0.7847,.55-.60,
SAND/USDT,2024-10-10,LONG,0.7069,0.2477,0.2593,1,True,4.6831,0.2531,.70-.80,
SAND/USDT,2024-10-13,LONG,0.831,0.2621,0.281,5,False,7.211,0.3122,>.80,
SAND/USDT,2024-10-14,LONG,0.5915,0.2768,0.281,4,True,1.5173,1.5597,.55-.60,1.5-2x
SAND/USDT,2024-10-15,LONG,0.7093,0.2702,0.281,3,True,3.997,0.6645,.70-.80,
SAND/USDT,2024-10-19,LONG,0.6843,0.2809,0.287,1,True,2.1716,0.0091,.60-.70,
SAND/USDT,2024-10-22,LONG,0.9561,0.2801,0.2643,1,True,-5.6408,0.4496,>.80,
SAND/USDT,2024-10-24,LONG,0.8313,0.2664,0.2436,1,True,-8.5586,0.2339,>.80,
SAND/USDT,2024-10-26,LONG,0.6522,0.248,0.2601,3,True,4.879,0.4604,.60-.70,
SAND/USDT,2024-10-28,LONG,0.9387,0.2531,0.2601,1,True,2.7657,0.142,>.80,
SAND/USDT,2024-10-31,LONG,0.7742,0.2435,0.2372,5,False,-2.5873,1.2966,.70-.80,1-1.5x
SAND/USDT,2024-11-15,LONG,0.892,0.2915,0.3491,4,True,19.7599,1.6111,>.80,1.5-2x
SAND/USDT,2024-11-16,LONG,0.9152,0.3946,0.3491,3,True,-11.5307,4.0921,>.80,3-5x
SAND/USDT,2024-11-20,LONG,0.58,0.333,0.3773,2,True,13.3033,0.4999,.55-.60,
SAND/USDT,2024-11-28,LONG,0.9931,0.6161,0.6731,3,True,9.2517,0.0641,>.80,
SAND/USDT,2024-11-29,LONG,0.8617,0.6557,0.6731,2,True,2.6537,0.3257,>.80,
SAND/USDT,2024-11-30,LONG,0.665,0.6683,0.6731,1,True,0.7182,0.0973,.60-.70,
SAND/USDT,2024-12-03,LONG,0.7832,0.7723,0.8929,2,True,15.6157,0.4327,.70-.80,
SAND/USDT,2024-12-04,LONG,0.5977,0.9346,0.8929,1,True,-4.4618,1.0694,.55-.60,1-1.5x
SAND/USDT,2024-12-16,LONG,0.6408,0.717,0.6811,1,True,-5.007,0.5757,.60-.70,
SAND/USDT,2024-12-18,LONG,0.6711,0.6088,0.613,2,True,0.6899,1.2291,.60-.70,1-1.5x
SAND/USDT,2024-12-23,LONG,0.5875,0.5945,0.5784,5,False,-2.7082,0.6209,.55-.60,
SAND/USDT,2024-12-25,LONG,0.5502,0.6001,0.545,5,False,-9.1818,0.8009,.55-.60,
SAND/USDT,2024-12-27,LONG,0.5581,0.5514,0.5743,5,False,4.1531,0.0934,.55-.60,
SAND/USDT,2025-01-14,LONG,0.5742,0.5747,0.6153,2,True,7.0646,0.7121,.55-.60,
SAND/USDT,2025-01-28,LONG,0.6087,0.4904,0.5333,2,True,8.748,1.2262,.60-.70,1-1.5x
SAND/USDT,2025-02-01,LONG,0.7689,0.4863,0.4324,2,True,-11.0837,1.4615,.70-.80,1-1.5x
SAND/USDT,2025-02-02,LONG,0.8016,0.4093,0.4324,1,True,5.6438,2.5942,>.80,2-3x
SAND/USDT,2025-02-05,LONG,0.5758,0.3884,0.3944,5,False,1.5448,0.5262,.55-.60,
SAND/USDT,2025-02-07,LONG,0.7595,0.3709,0.391,4,True,5.4193,0.0202,.70-.80,
SAND/USDT,2025-02-09,LONG,0.6409,0.3765,0.391,2,True,3.8513,0.5939,.60-.70,
SAND/USDT,2025-02-10,LONG,0.6337,0.3944,0.391,1,True,-0.8621,0.9083,.60-.70,
SAND/USDT,2025-02-12,LONG,0.6455,0.4049,0.3943,1,True,-2.6179,0.6652,.60-.70,
SAND/USDT,2025-02-15,LONG,0.655,0.3959,0.3743,5,False,-5.4559,0.4514,.60-.70,
SAND/USDT,2025-02-19,LONG,0.5518,0.3646,0.3051,5,False,-16.3193,0.2274,.55-.60,
SAND/USDT,2025-02-25,LONG,0.5529,0.3078,0.3187,3,True,3.5413,0.1947,.55-.60,
SAND/USDT,2025-02-26,LONG,0.6434,0.3091,0.3187,2,True,3.1058,0.0944,.60-.70,
SAND/USDT,2025-02-27,LONG,0.6975,0.3137,0.3187,1,True,1.5939,0.3306,.60-.70,
SAND/USDT,2025-03-03,LONG,0.6617,0.3007,0.302,1,True,0.4323,2.6169,.60-.70,2-3x
SAND/USDT,2025-03-06,LONG,0.6947,0.3078,0.3063,1,True,-0.4873,0.2567,.60-.70,
SAND/USDT,2025-03-09,LONG,0.5613,0.2698,0.2586,1,True,-4.1512,1.457,.55-.60,1-1.5x
SAND/USDT,2025-03-12,LONG,0.5533,0.2808,0.2839,2,True,1.104,0.1635,.55-.60,
SAND/USDT,2025-03-13,LONG,0.599,0.2747,0.2839,1,True,3.3491,0.3237,.55-.60,
SAND/USDT,2025-03-19,LONG,0.5756,0.299,0.2873,1,True,-3.913,0.5857,.55-.60,
SAND/USDT,2025-03-22,LONG,0.6115,0.2812,0.3114,5,False,10.7397,0.0715,.60-.70,
SAND/USDT,2025-03-29,LONG,0.6148,0.2692,0.2619,5,False,-2.7117,0.9976,.60-.70,
SAND/USDT,2025-03-31,LONG,0.7277,0.2707,0.2625,5,False,-3.0292,0.0694,.70-.80,
SAND/USDT,2025-04-01,LONG,0.7085,0.2756,0.2325,5,False,-15.6386,0.4827,.70-.80,
SAND/USDT,2025-04-02,LONG,0.5527,0.2567,0.2399,5,False,-6.5446,1.7029,.55-.60,1.5-2x
SAND/USDT,2025-04-03,LONG,0.5758,0.2619,0.2311,5,False,-11.7602,0.5096,.55-.60,
SAND/USDT,2025-04-05,LONG,0.5894,0.2625,0.2579,5,False,-1.7524,0.1498,.55-.60,
SAND/USDT,2025-04-06,LONG,0.6227,0.2325,0.2609,5,False,12.2151,2.6543,.60-.70,2-3x
MANA/USDT,2024-08-27,LONG,0.6567,0.2787,0.2755,1,True,-1.1482,0.9056,.60-.70,
MANA/USDT,2024-09-02,LONG,0.6695,0.2652,0.2649,2,True,-0.1131,1.2862,.60-.70,1-1.5x
MANA/USDT,2024-09-07,LONG,0.5514,0.2544,0.258,1,True,1.4151,0.6292,.55-.60,
MANA/USDT,2024-09-14,LONG,0.5649,0.2751,0.2909,5,False,5.7434,0.6065,.55-.60,
MANA/USDT,2024-09-19,LONG,0.5592,0.2909,0.3162,5,False,8.6971,0.7422,.55-.60,
MANA/USDT,2024-09-21,LONG,0.5815,0.3173,0.3234,5,False,1.9225,2.2088,.55-.60,2-3x
MANA/USDT,2024-09-22,LONG,0.6361,0.3065,0.3355,5,False,9.4617,1.0801,.60-.70,1-1.5x
MANA/USDT,2024-09-30,LONG,0.5735,0.3021,0.2947,5,False,-2.4495,1.8607,.55-.60,1.5-2x
MANA/USDT,2024-10-03,LONG,0.6779,0.2771,0.2959,3,True,6.7846,0.3171,.60-.70,
MANA/USDT,2024-10-04,LONG,0.5707,0.2944,0.2959,2,True,0.5095,1.5989,.55-.60,1.5-2x
MANA/USDT,2024-10-05,LONG,0.5507,0.2947,0.2959,1,True,0.4072,0.0264,.55-.60,
MANA/USDT,2024-10-10,LONG,0.687,0.2819,0.3057,5,False,8.4427,0.2912,.60-.70,
MANA/USDT,2024-10-12,LONG,0.5738,0.2982,0.294,5,False,-1.4085,0.4695,.55-.60,
MANA/USDT,2024-10-13,LONG,0.6613,0.2958,0.3375,5,False,14.0974,0.236,.60-.70,
MANA/USDT,2024-10-17,LONG,0.6061,0.294,0.3375,1,True,14.7959,1.2335,.60-.70,1-1.5x
MANA/USDT,2024-10-20,LONG,0.7407,0.3296,0.316,1,True,-4.1262,0.3003,.70-.80,
MANA/USDT,2024-10-22,LONG,0.9794,0.3295,0.3113,1,True,-5.5235,0.9745,>.80,
MANA/USDT,2024-10-24,LONG,0.7943,0.3118,0.3103,5,False,-0.4811,0.0362,.70-.80,
MANA/USDT,2024-10-26,LONG,0.5699,0.2876,0.3103,3,True,7.8929,0.2372,.55-.60,
MANA/USDT,2024-10-28,LONG,0.8107,0.2975,0.3103,1,True,4.3025,0.4073,>.80,
MANA/USDT,2024-10-31,LONG,0.912,0.2884,0.2818,2,True,-2.2885,1.0686,>.80,1-1.5x
MANA/USDT,2024-11-01,LONG,0.5639,0.2882,0.2818,1,True,-2.2207,0.0138,.55-.60,
MANA/USDT,2024-11-11,LONG,0.5559,0.3629,0.3611,1,True,-0.496,0.8396,.55-.60,
MANA/USDT,2024-11-15,LONG,0.976,0.3489,0.4152,3,True,19.0026,1.5373,>.80,1.5-2x
MANA/USDT,2024-11-16,LONG,0.9996,0.4356,0.4152,2,True,-4.6832,3.5708,>.80,3-5x
MANA/USDT,2024-11-20,LONG,0.7791,0.3958,0.4135,1,True,4.472,0.4096,.70-.80,
MANA/USDT,2024-11-22,LONG,0.6438,0.454,0.7263,2,True,59.978,1.2981,.60-.70,1-1.5x
MANA/USDT,2024-11-28,LONG,0.8189,0.6199,0.6511,3,True,5.0331,0.1549,>.80,
MANA/USDT,2024-11-29,LONG,0.6854,0.6431,0.6511,2,True,1.244,0.315,.60-.70,
MANA/USDT,2024-11-30,LONG,0.6239,0.6505,0.6511,1,True,0.0922,0.097,.60-.70,
MANA/USDT,2024-12-03,LONG,0.6183,0.6988,0.7403,5,False,5.9388,0.346,.60-.70,
MANA/USDT,2024-12-04,LONG,0.5687,0.7797,0.6034,5,False,-22.6113,1.0018,.55-.60,1-1.5x
MANA/USDT,2024-12-14,LONG,0.57,0.6078,0.5744,3,True,-5.4952,0.7966,.55-.60,
MANA/USDT,2024-12-16,LONG,0.6369,0.6026,0.5744,1,True,-4.6797,0.7046,.60-.70,
MANA/USDT,2024-12-18,LONG,0.6148,0.5193,0.5042,5,False,-2.9078,1.4285,.60-.70,1-1.5x
MANA/USDT,2024-12-23,LONG,0.553,0.5042,0.505,5,False,0.1587,0.9302,.55-.60,
MANA/USDT,2025-01-18,LONG,0.5737,0.5214,0.4965,3,True,-4.7756,1.3492,.55-.60,1-1.5x
MANA/USDT,2025-01-28,LONG,0.5914,0.4172,0.4483,2,True,7.4545,1.4628,.55-.60,1-1.5x
MANA/USDT,2025-02-01,LONG,0.7844,0.413,0.3097,5,False,-25.0121,1.4938,.70-.80,1-1.5x
MANA/USDT,2025-02-02,LONG,0.8233,0.3559,0.3097,4,True,-12.9812,2.2877,>.80,2-3x
MANA/USDT,2025-02-03,LONG,0.9641,0.3527,0.3097,3,True,-12.1917,0.1526,>.80,
MANA/USDT,2025-02-05,LONG,0.695,0.3269,0.3097,1,True,-5.2615,0.0927,.60-.70,
MANA/USDT,2025-02-07,LONG,0.8318,0.3141,0.3165,2,True,0.7641,0.2813,>.80,
MANA/USDT,2025-02-10,LONG,0.6168,0.3322,0.3247,1,True,-2.2577,1.0625,.60-.70,1-1.5x
MANA/USDT,2025-02-12,LONG,0.5795,0.3392,0.3292,1,True,-2.9481,0.9242,.55-.60,
MANA/USDT,2025-02-15,LONG,0.7463,0.3286,0.3291,2,True,0.1522,0.6297,.70-.80,
MANA/USDT,2025-02-18,LONG,0.5879,0.3135,0.3184,1,True,1.563,1.0006,.55-.60,1-1.5x
MANA/USDT,2025-02-20,LONG,0.5531,0.3276,0.3154,3,True,-3.7241,0.6193,.55-.60,
MANA/USDT,2025-02-26,LONG,0.6105,0.2888,0.2942,3,True,1.8698,0.1776,.60-.70,
MANA/USDT,2025-02-27,LONG,0.5691,0.2955,0.2942,2,True,-0.4399,0.6175,.55-.60,
MANA/USDT,2025-03-03,LONG,0.616,0.2724,0.2769,1,True,1.652,2.8496,.60-.70,2-3x
MANA/USDT,2025-03-05,LONG,0.6975,0.2905,0.2812,1,True,-3.2014,0.9556,.60-.70,
MANA/USDT,2025-03-07,LONG,0.5582,0.2887,0.2615,4,True,-9.4215,0.5198,.55-.60,
MANA/USDT,2025-03-09,LONG,0.5677,0.2574,0.2615,2,True,1.5929,1.2986,.55-.60,1-1.5x
MANA/USDT,2025-03-10,LONG,0.8148,0.2472,0.2615,1,True,5.7848,0.7413,>.80,
MANA/USDT,2025-03-13,LONG,0.9339,0.2714,0.2733,1,True,0.7001,0.0677,>.80,
MANA/USDT,2025-03-16,LONG,0.6977,0.2558,0.2768,1,True,8.2095,1.4463,.60-.70,1-1.5x
MANA/USDT,2025-03-31,LONG,0.6165,0.2444,0.2402,3,True,-1.7185,0.2493,.60-.70,
MANA/USDT,2025-04-02,LONG,0.7333,0.2361,0.2402,1,True,1.7366,1.747,.70-.80,1.5-2x
MANA/USDT,2025-04-04,LONG,0.6169,0.2424,0.2461,1,True,1.5264,0.2042,.60-.70,
MANA/USDT,2025-04-06,LONG,0.9141,0.2113,0.2133,1,True,0.9465,2.9504,>.80,2-3x
CHZ/USDT,2024-08-27,LONG,0.6409,0.05451,0.0537,1,True,-1.486,1.1661,.60-.70,1-1.5x
CHZ/USDT,2024-09-03,LONG,0.5616,0.05022,0.05166,1,True,2.8674,1.2145,.55-.60,1-1.5x
CHZ/USDT,2024-09-05,LONG,0.6845,0.04982,0.05178,3,True,3.9342,1.0058,.60-.70,1-1.5x
CHZ/USDT,2024-09-07,LONG,0.5558,0.05016,0.05178,1,True,3.2297,0.855,.55-.60,
CHZ/USDT,2024-09-14,LONG,0.6052,0.05363,0.05554,5,False,3.5614,0.1708,.60-.70,
CHZ/USDT,2024-09-18,LONG,0.5959,0.05384,0.06124,5,False,13.7444,1.1252,.55-.60,1-1.5x
CHZ/USDT,2024-09-19,LONG,0.6267,0.05554,0.06177,5,False,11.2171,1.052,.60-.70,1-1.5x
CHZ/USDT,2024-09-22,LONG,0.6555,0.05758,0.06952,5,False,20.7364,1.1786,.60-.70,1-1.5x
CHZ/USDT,2024-09-25,LONG,0.9054,0.06651,0.06872,3,True,3.3228,2.554,>.80,2-3x
CHZ/USDT,2024-09-26,LONG,0.5518,0.06913,0.06872,2,True,-0.5931,1.3545,.55-.60,1-1.5x
CHZ/USDT,2024-09-27,LONG,0.6458,0.06952,0.06872,1,True,-1.1507,0.1942,.60-.70,
CHZ/USDT,2024-10-01,LONG,0.7222,0.06041,0.0638,5,False,5.6117,2.0787,.70-.80,2-3x
CHZ/USDT,2024-10-03,LONG,0.6735,0.05886,0.0638,3,True,8.3928,0.0882,.60-.70,
CHZ/USDT,2024-10-04,LONG,0.6027,0.06185,0.0638,2,True,3.1528,1.2823,.60-.70,1-1.5x
CHZ/USDT,2024-10-07,LONG,0.6417,0.06814,0.07047,2,True,3.4194,1.6976,.60-.70,1.5-2x
CHZ/USDT,2024-10-08,LONG,0.8742,0.06602,0.07047,1,True,6.7404,0.7584,>.80,
CHZ/USDT,2024-10-11,LONG,0.9753,0.06999,0.06974,1,True,-0.3572,0.3301,>.80,
CHZ/USDT,2024-10-13,LONG,0.792,0.07505,0.07703,1,True,2.6382,1.7928,.70-.80,1.5-2x
CHZ/USDT,2024-10-16,LONG,0.565,0.07631,0.0758,2,True,-0.6683,1.6448,.55-.60,1.5-2x
CHZ/USDT,2024-10-23,LONG,0.6575,0.06906,0.06287,5,False,-8.9632,1.0262,.60-.70,1-1.5x
CHZ/USDT,2024-10-25,LONG,0.675,0.06156,0.06292,5,False,2.2092,1.9475,.60-.70,1.5-2x
CHZ/USDT,2024-10-28,LONG,0.6854,0.06287,0.06292,2,True,0.0795,0.3861,.60-.70,
CHZ/USDT,2024-11-08,LONG,0.6988,0.06185,0.07158,3,True,15.7316,0.2564,.60-.70,
CHZ/USDT,2024-11-09,LONG,0.5943,0.06396,0.07158,2,True,11.9137,0.8838,.55-.60,
CHZ/USDT,2024-11-15,LONG,0.7693,0.06742,0.07161,5,False,6.2148,1.699,.70-.80,1.5-2x
CHZ/USDT,2024-11-16,LONG,0.6593,0.07518,0.07465,5,False,-0.705,2.3259,.60-.70,2-3x
CHZ/USDT,2024-11-19,LONG,0.6362,0.07592,0.07465,2,True,-1.6728,0.6675,.60-.70,
CHZ/USDT,2024-11-25,LONG,0.6166,0.09091,0.09023,1,True,-0.748,1.0154,.60-.70,1-1.5x
CHZ/USDT,2024-11-28,LONG,0.8564,0.09422,0.10231,1,True,8.5863,0.112,>.80,
CHZ/USDT,2024-12-03,LONG,0.5771,0.12222,0.13072,2,True,6.9547,1.1424,.55-.60,1-1.5x
CHZ/USDT,2024-12-08,LONG,0.665,0.1313,0.10621,1,True,-19.1089,0.3216,.60-.70,
CHZ/USDT,2024-12-10,LONG,0.5704,0.10191,0.11748,2,True,15.2782,0.5671,.55-.60,
CHZ/USDT,2024-12-11,LONG,0.6506,0.11996,0.11748,1,True,-2.0674,2.2285,.60-.70,2-3x
CHZ/USDT,2024-12-14,LONG,0.5684,0.11034,0.10324,3,True,-6.4347,0.7909,.55-.60,
CHZ/USDT,2024-12-15,LONG,0.5921,0.11277,0.10324,2,True,-8.4508,0.3033,.55-.60,
CHZ/USDT,2024-12-16,LONG,0.6934,0.10859,0.10324,1,True,-4.9268,0.5053,.60-.70,
CHZ/USDT,2024-12-18,LONG,0.8863,0.09378,0.08915,2,True,-4.9371,1.181,>.80,1-1.5x
CHZ/USDT,2024-12-19,LONG,0.5811,0.08591,0.08915,1,True,3.7714,1.0857,.55-.60,1-1.5x
CHZ/USDT,2024-12-23,LONG,0.8348,0.09046,0.09437,1,True,4.3224,0.9723,>.80,
CHZ/USDT,2024-12-25,LONG,0.7995,0.09204,0.08902,3,True,-3.2812,0.3352,.70-.80,
CHZ/USDT,2024-12-27,LONG,0.8571,0.08551,0.08902,1,True,4.1048,0.0392,>.80,
CHZ/USDT,2024-12-31,LONG,0.6012,0.08197,0.09332,3,True,13.8465,0.557,.60-.70,
CHZ/USDT,2025-01-10,LONG,0.6665,0.08373,0.08124,2,True,-2.9738,0.2483,.60-.70,
CHZ/USDT,2025-01-11,LONG,0.6108,0.08355,0.08124,1,True,-2.7648,0.0466,.60-.70,
CHZ/USDT,2025-01-22,LONG,0.6029,0.07612,0.07553,1,True,-0.7751,0.4858,.60-.70,
CHZ/USDT,2025-01-26,LONG,0.6771,0.07194,0.07239,4,True,0.6255,0.5702,.60-.70,
CHZ/USDT,2025-01-27,LONG,0.5675,0.0699,0.07239,3,True,3.5622,0.7613,.55-.60,
CHZ/USDT,2025-01-29,LONG,0.5632,0.06543,0.07239,1,True,10.6373,0.5654,.55-.60,
CHZ/USDT,2025-02-01,LONG,0.8278,0.06619,0.06245,2,True,-5.6504,1.531,>.80,1.5-2x
CHZ/USDT,2025-02-02,LONG,0.906,0.05782,0.06245,1,True,8.0076,2.1948,>.80,2-3x
CHZ/USDT,2025-02-05,LONG,0.6881,0.05639,0.05414,1,True,-3.9901,0.5496,.60-.70,
CHZ/USDT,2025-02-07,LONG,0.8394,0.05521,0.05816,4,True,5.3432,0.3545,>.80,
CHZ/USDT,2025-02-09,LONG,0.9107,0.05809,0.05816,2,True,0.1205,0.0093,>.80,
CHZ/USDT,2025-02-12,LONG,0.6509,0.06404,0.06077,1,True,-5.1062,1.6507,.60-.70,1.5-2x
CHZ/USDT,2025-02-15,LONG,0.7537,0.05899,0.05442,5,False,-7.7471,0.7097,.70-.80,
CHZ/USDT,2025-02-17,LONG,0.5752,0.06024,0.05266,5,False,-12.583,0.1124,.55-.60,
CHZ/USDT,2025-02-18,LONG,0.5547,0.05551,0.05217,5,False,-6.0169,1.2751,.55-.60,1-1.5x
CHZ/USDT,2025-02-22,LONG,0.6388,0.05266,0.05217,1,True,-0.9305,0.6091,.60-.70,
CHZ/USDT,2025-02-27,LONG,0.5525,0.05087,0.05108,1,True,0.4128,0.198,.55-.60,
CHZ/USDT,2025-03-03,LONG,0.7644,0.04653,0.04783,1,True,2.7939,2.4005,.70-.80,2-3x
CHZ/USDT,2025-03-06,LONG,0.6526,0.04787,0.04896,1,True,2.277,0.4559,.60-.70,
CHZ/USDT,2025-03-09,LONG,0.5556,0.04332,0.04312,2,True,-0.4617,1.71,.55-.60,1.5-2x
CHZ/USDT,2025-03-10,LONG,0.8974,0.04091,0.04312,1,True,5.4021,1.1181,>.80,1-1.5x
CHZ/USDT,2025-03-13,LONG,0.5572,0.04256,0.04567,4,True,7.3073,0.609,.55-.60,
CHZ/USDT,2025-03-16,LONG,0.5525,0.04404,0.04567,1,True,3.7012,1.0845,.55-.60,1-1.5x
CHZ/USDT,2025-03-18,LONG,0.5732,0.04567,0.04523,2,True,-0.9634,0.0,.55-.60,
CHZ/USDT,2025-03-19,LONG,0.621,0.04673,0.04523,1,True,-3.2099,0.4522,.60-.70,
CHZ/USDT,2025-03-31,LONG,0.5692,0.04209,0.04162,5,False,-1.1167,0.0201,.55-.60,
CHZ/USDT,2025-04-01,LONG,0.5646,0.0436,0.03795,5,False,-12.9587,0.9919,.55-.60,
CHZ/USDT,2025-04-02,LONG,0.5965,0.04032,0.03853,5,False,-4.4395,1.9102,.55-.60,1.5-2x
CHZ/USDT,2025-04-06,LONG,0.6984,0.03795,0.03922,3,True,3.3465,2.3289,.60-.70,2-3x
ALGO/USDT,2024-08-27,LONG,0.587,0.1282,0.1185,5,False,-7.5663,1.0985,.55-.60,1-1.5x
ALGO/USDT,2024-08-29,LONG,0.5834,0.1268,0.1194,5,False,-5.836,0.0465,.55-.60,
ALGO/USDT,2024-08-30,LONG,0.684,0.1284,0.1224,5,False,-4.6729,0.3718,.60-.70,
ALGO/USDT,2024-09-02,LONG,0.6886,0.1256,0.1224,2,True,-2.5478,1.6679,.60-.70,1.5-2x
ALGO/USDT,2024-09-03,LONG,0.6126,0.1194,0.1224,1,True,2.5126,1.3128,.60-.70,1-1.5x
ALGO/USDT,2024-09-14,LONG,0.6891,0.1312,0.1314,5,False,0.1524,0.4488,.60-.70,
ALGO/USDT,2024-09-18,LONG,0.597,0.1279,0.1343,5,False,5.0039,0.9803,.55-.60,
ALGO/USDT,2024-09-19,LONG,0.631,0.1314,0.1385,5,False,5.4033,0.8411,.60-.70,
ALGO/USDT,2024-09-25,LONG,0.5753,0.1372,0.1341,5,False,-2.2595,0.3944,.55-.60,
ALGO/USDT,2024-10-03,LONG,0.5779,0.1222,0.127,3,True,3.928,0.2984,.55-.60,
ALGO/USDT,2024-10-04,LONG,0.593,0.126,0.127,2,True,0.7937,0.9939,.55-.60,
ALGO/USDT,2024-10-10,LONG,0.6164,0.1184,0.126,5,False,6.4189,0.0874,.60-.70,
ALGO/USDT,2024-10-11,LONG,0.6349,0.1214,0.123,5,False,1.318,0.8783,.60-.70,
ALGO/USDT,2024-10-12,LONG,0.8151,0.1219,0.12,5,False,-1.5587,0.1456,>.80,
ALGO/USDT,2024-10-14,LONG,0.6134,0.1269,0.1233,4,True,-2.8369,1.6864,.60-.70,1.5-2x
ALGO/USDT,2024-10-15,LONG,0.7843,0.126,0.1233,3,True,-2.1429,0.2411,.70-.80,
ALGO/USDT,2024-10-16,LONG,0.578,0.123,0.1233,2,True,0.2439,0.876,.55-.60,
ALGO/USDT,2024-10-17,LONG,0.5722,0.12,0.1233,1,True,2.75,0.8948,.55-.60,
ALGO/USDT,2024-10-21,LONG,0.6608,0.1256,0.1146,5,False,-8.758,1.4149,.60-.70,1-1.5x
ALGO/USDT,2024-10-22,LONG,0.6965,0.1242,0.116,5,False,-6.6023,0.4331,.60-.70,
ALGO/USDT,2024-10-24,LONG,0.7591,0.1222,0.1239,5,False,1.3912,0.2933,.70-.80,
ALGO/USDT,2024-10-26,LONG,0.7746,0.1146,0.1143,5,False,-0.2618,0.0304,.70-.80,
ALGO/USDT,2024-10-28,LONG,0.7272,0.1185,0.1138,5,False,-3.9662,0.7495,.70-.80,
ALGO/USDT,2024-10-31,LONG,0.8235,0.1143,0.1093,4,True,-4.3745,1.6353,>.80,1.5-2x
ALGO/USDT,2024-11-06,LONG,0.7742,0.1218,0.131,2,True,7.5534,1.9123,.70-.80,1.5-2x
ALGO/USDT,2024-11-07,LONG,0.6874,0.1225,0.131,1,True,6.9388,0.163,.60-.70,
ALGO/USDT,2024-11-13,LONG,0.7236,0.1455,0.1837,4,True,26.2543,1.1911,.70-.80,1-1.5x
ALGO/USDT,2024-11-15,LONG,0.9889,0.1855,0.1837,2,True,-0.9704,3.7432,>.80,3-5x
ALGO/USDT,2024-11-16,LONG,0.9611,0.1967,0.1837,1,True,-6.609,0.8267,>.80,
ALGO/USDT,2024-11-20,LONG,0.7551,0.2109,0.2142,1,True,1.5647,0.6805,.70-.80,
ALGO/USDT,2024-11-22,LONG,0.734,0.2587,0.2596,3,True,0.3479,2.3096,.70-.80,2-3x
ALGO/USDT,2024-11-23,LONG,0.8785,0.2936,0.2596,2,True,-11.5804,1.5018,>.80,1.5-2x
ALGO/USDT,2024-11-26,LONG,0.5594,0.2977,0.4856,5,False,63.1172,1.4863,.55-.60,1-1.5x
ALGO/USDT,2024-11-27,LONG,0.6737,0.293,0.5042,5,False,72.0819,0.1589,.60-.70,
ALGO/USDT,2024-11-28,LONG,0.555,0.3224,0.5042,4,True,56.3896,1.004,.55-.60,1-1.5x
ALGO/USDT,2024-11-29,LONG,0.5711,0.4416,0.5042,3,True,14.1757,3.0199,.55-.60,3-5x
ALGO/USDT,2024-11-30,LONG,0.5592,0.4438,0.5042,2,True,13.6097,0.0405,.55-.60,
ALGO/USDT,2024-12-07,LONG,0.5667,0.5092,0.4282,5,False,-15.9073,0.1886,.55-.60,
ALGO/USDT,2024-12-08,LONG,0.5849,0.4966,0.4282,4,True,-13.7737,0.2261,.55-.60,
ALGO/USDT,2024-12-13,LONG,0.5679,0.4377,0.3673,5,False,-16.0841,0.2022,.55-.60,
ALGO/USDT,2024-12-14,LONG,0.6202,0.4209,0.3324,5,False,-21.0264,0.3492,.60-.70,
ALGO/USDT,2024-12-23,LONG,0.581,0.3763,0.3451,5,False,-8.2913,1.1804,.55-.60,1-1.5x
ALGO/USDT,2024-12-25,LONG,0.5673,0.381,0.3451,3,True,-9.4226,0.5504,.55-.60,
ALGO/USDT,2024-12-26,LONG,0.5768,0.3464,0.3451,2,True,-0.3753,1.364,.55-.60,1-1.5x
ALGO/USDT,2024-12-27,LONG,0.7704,0.3332,0.3451,1,True,3.5714,0.5759,.70-.80,
ALGO/USDT,2025-01-02,LONG,0.5719,0.3924,0.3728,5,False,-4.9949,0.6309,.55-.60,
ALGO/USDT,2025-01-13,LONG,0.609,0.3494,0.4444,2,True,27.1895,0.5174,.60-.70,
ALGO/USDT,2025-01-14,LONG,0.5849,0.3725,0.4444,1,True,19.302,1.1029,.55-.60,1-1.5x
ALGO/USDT,2025-01-21,LONG,0.6786,0.4243,0.41,2,True,-3.3703,0.1896,.60-.70,
ALGO/USDT,2025-01-22,LONG,0.87,0.4055,0.41,1,True,1.1097,0.6184,>.80,
ALGO/USDT,2025-01-28,LONG,0.682,0.3631,0.3694,1,True,1.7351,0.8883,.60-.70,
ALGO/USDT,2025-01-30,LONG,0.6289,0.3875,0.313,4,True,-19.2258,0.7575,.60-.70,
ALGO/USDT,2025-02-01,LONG,0.7439,0.3474,0.313,2,True,-9.9021,1.2547,.70-.80,1-1.5x
ALGO/USDT,2025-02-02,LONG,0.6685,0.2998,0.313,1,True,4.4029,1.8681,.60-.70,1.5-2x
ALGO/USDT,2025-02-06,LONG,0.7401,0.2669,0.286,5,False,7.1562,0.9567,.70-.80,
ALGO/USDT,2025-02-07,LONG,0.6511,0.2698,0.286,4,True,6.0044,0.1992,.60-.70,
ALGO/USDT,2025-02-09,LONG,0.8091,0.275,0.286,2,True,4.0,0.0781,>.80,
ALGO/USDT,2025-02-12,LONG,0.691,0.3025,0.2936,1,True,-2.9421,1.1204,.60-.70,1-1.5x
ALGO/USDT,2025-02-14,LONG,0.6137,0.2964,0.2751,2,True,-7.1862,0.1848,.60-.70,
ALGO/USDT,2025-02-15,LONG,0.6224,0.2844,0.2751,1,True,-3.27,0.7909,.60-.70,
ALGO/USDT,2025-02-17,LONG,0.7413,0.2701,0.2574,1,True,-4.702,0.3641,.70-.80,
ALGO/USDT,2025-02-27,LONG,0.6999,0.2378,0.238,1,True,0.0841,0.1839,.60-.70,
ALGO/USDT,2025-03-03,LONG,0.7003,0.2382,0.2385,1,True,0.1259,2.6718,.70-.80,2-3x
ALGO/USDT,2025-03-05,LONG,0.7587,0.25,0.233,2,True,-6.8,0.7166,.70-.80,
ALGO/USDT,2025-03-06,LONG,0.6774,0.2403,0.233,1,True,-3.0379,0.5742,.60-.70,
ALGO/USDT,2025-03-09,LONG,0.5725,0.2009,0.1837,1,True,-8.5615,1.494,.55-.60,1-1.5x
ALGO/USDT,2025-03-13,LONG,0.7535,0.1958,0.1985,1,True,1.379,0.0,.70-.80,
ALGO/USDT,2025-03-16,LONG,0.6814,0.1864,0.1955,4,True,4.882,0.9653,.60-.70,
ALGO/USDT,2025-03-18,LONG,0.5982,0.1864,0.1955,2,True,4.882,0.3715,.55-.60,
ALGO/USDT,2025-03-26,LONG,0.5786,0.2067,0.212,1,True,2.5641,0.5031,.55-.60,
ALGO/USDT,2025-03-30,LONG,0.5913,0.1794,0.1862,5,False,3.7904,0.6151,.55-.60,
ALGO/USDT,2025-03-31,LONG,0.6935,0.1801,0.1834,5,False,1.8323,0.0965,.60-.70,
ALGO/USDT,2025-04-05,LONG,0.7143,0.1834,0.1802,4,True,-1.7448,0.3532,.70-.80,
MINA/USDT,2024-08-29,LONG,0.5811,0.4421,0.4534,1,True,2.556,0.2592,.55-.60,
MINA/USDT,2024-09-15,LONG,0.606,0.4204,0.4631,4,True,10.157,1.1116,.60-.70,1-1.5x
MINA/USDT,2024-09-16,LONG,0.5919,0.4142,0.4631,3,True,11.8059,0.4129,.55-.60,
MINA/USDT,2024-09-20,LONG,0.5839,0.4877,0.5339,5,False,9.473,1.3874,.55-.60,1-1.5x
MINA/USDT,2024-09-21,LONG,0.6875,0.4992,0.5483,5,False,9.8357,0.6614,.60-.70,
MINA/USDT,2024-09-22,LONG,0.8641,0.4806,0.5505,5,False,14.5443,1.088,>.80,1-1.5x
MINA/USDT,2024-09-25,LONG,0.9559,0.5339,0.5505,2,True,3.1092,0.079,>.80,
MINA/USDT,2024-09-29,LONG,0.6612,0.6123,0.5568,1,True,-9.0642,3.1284,.60-.70,3-5x
MINA/USDT,2024-10-03,LONG,0.6804,0.4869,0.5317,3,True,9.2011,0.7958,.60-.70,
MINA/USDT,2024-10-04,LONG,0.844,0.5188,0.5317,2,True,2.4865,1.2215,>.80,1-1.5x
MINA/USDT,2024-10-05,LONG,0.5845,0.5186,0.5317,1,True,2.526,0.0074,.55-.60,
MINA/USDT,2024-10-07,LONG,0.7417,0.5294,0.5365,5,False,1.3411,0.0828,.70-.80,
MINA/USDT,2024-10-09,LONG,0.5836,0.4909,0.5365,3,True,9.2891,1.1355,.55-.60,1-1.5x
MINA/USDT,2024-10-10,LONG,0.6696,0.4962,0.5365,2,True,8.1217,0.2068,.60-.70,
MINA/USDT,2024-10-13,LONG,0.6829,0.5756,0.5712,3,True,-0.7644,1.3395,.60-.70,1-1.5x
MINA/USDT,2024-10-19,LONG,0.5505,0.5761,0.6126,1,True,6.3357,0.2191,.55-.60,
MINA/USDT,2024-10-22,LONG,0.5864,0.5798,0.5649,2,True,-2.5699,1.138,.55-.60,1-1.5x
MINA/USDT,2024-10-27,LONG,0.9007,0.5258,0.5131,5,False,-2.4154,0.5565,>.80,
MINA/USDT,2024-10-29,LONG,0.5966,0.5508,0.4714,5,False,-14.4154,1.225,.55-.60,1-1.5x
MINA/USDT,2024-10-31,LONG,0.5753,0.5242,0.4789,5,False,-8.6417,1.3855,.55-.60,1-1.5x
MINA/USDT,2024-11-04,LONG,0.6174,0.4521,0.4789,1,True,5.9279,1.022,.60-.70,1-1.5x
MINA/USDT,2024-11-12,LONG,0.6377,0.6566,0.6538,1,True,-0.4264,0.197,.60-.70,
MINA/USDT,2024-11-16,LONG,0.9642,0.7035,0.7017,2,True,-0.2559,2.092,>.80,2-3x
MINA/USDT,2024-11-17,LONG,0.5861,0.6416,0.7017,1,True,9.3672,1.4696,.55-.60,1-1.5x
MINA/USDT,2024-11-19,LONG,0.9882,0.667,0.6971,3,True,4.5127,0.7768,>.80,
MINA/USDT,2024-11-28,LONG,0.9051,0.7769,0.8995,5,False,15.7807,0.3455,>.80,
MINA/USDT,2024-11-30,LONG,0.5879,0.8525,0.9091,4,True,6.6393,1.0282,.55-.60,1-1.5x
MINA/USDT,2024-12-01,LONG,0.6214,0.8615,0.9091,3,True,5.5252,0.1874,.60-.70,
MINA/USDT,2024-12-02,LONG,0.583,0.8697,0.9091,2,True,4.5303,0.1689,.55-.60,
MINA/USDT,2024-12-07,LONG,0.6849,0.9462,0.937,1,True,-0.9723,0.9857,.60-.70,
MINA/USDT,2024-12-09,LONG,0.7214,0.7767,0.7504,1,True,-3.3861,2.6887,.70-.80,2-3x
MINA/USDT,2024-12-17,LONG,0.5587,0.7538,0.6143,2,True,-18.5062,1.1785,.55-.60,1-1.5x
MINA/USDT,2024-12-18,LONG,0.6405,0.6846,0.6143,1,True,-10.2688,1.4211,.60-.70,1-1.5x
MINA/USDT,2024-12-23,LONG,0.5678,0.6323,0.6516,1,True,3.0523,0.8514,.55-.60,
MINA/USDT,2024-12-25,LONG,0.8229,0.6333,0.5936,2,True,-6.2688,0.4141,>.80,
MINA/USDT,2024-12-26,LONG,0.6463,0.5904,0.5936,1,True,0.542,1.1548,.60-.70,1-1.5x
MINA/USDT,2024-12-28,LONG,0.5836,0.6211,0.6013,4,True,-3.1879,0.7653,.55-.60,
MINA/USDT,2024-12-29,LONG,0.6152,0.5907,0.6013,3,True,1.7945,0.9891,.60-.70,
MINA/USDT,2025-01-12,LONG,0.712,0.5609,0.543,1,True,-3.1913,0.3947,.70-.80,
MINA/USDT,2025-01-14,LONG,0.5649,0.5611,0.5815,2,True,3.6357,0.8188,.55-.60,
MINA/USDT,2025-01-17,LONG,0.5708,0.6154,0.5172,4,True,-15.9571,1.393,.55-.60,1-1.5x
MINA/USDT,2025-01-18,LONG,0.5722,0.5736,0.5172,3,True,-9.8326,1.5715,.55-.60,1.5-2x
MINA/USDT,2025-01-19,LONG,0.5979,0.5115,0.5172,2,True,1.1144,2.1877,.55-.60,2-3x
MINA/USDT,2025-01-20,LONG,0.6956,0.5037,0.5172,1,True,2.6802,0.3085,.60-.70,
MINA/USDT,2025-01-25,LONG,0.5642,0.4874,0.4848,1,True,-0.5334,0.095,.55-.60,
MINA/USDT,2025-01-27,LONG,0.6221,0.469,0.44,1,True,-6.1834,0.8101,.60-.70,
MINA/USDT,2025-01-29,LONG,0.8433,0.4506,0.3764,5,False,-16.4669,0.571,>.80,
MINA/USDT,2025-01-30,LONG,0.784,0.4646,0.3764,4,True,-18.9841,0.7314,.70-.80,
MINA/USDT,2025-01-31,LONG,0.8004,0.4646,0.3764,3,True,-18.9841,0.0,>.80,
MINA/USDT,2025-02-01,LONG,0.6972,0.4255,0.3764,2,True,-11.5394,1.841,.60-.70,1.5-2x
MINA/USDT,2025-02-02,LONG,0.9261,0.3698,0.3764,1,True,1.7847,2.4828,>.80,2-3x
MINA/USDT,2025-02-06,LONG,0.9777,0.3249,0.3463,5,False,6.5866,0.9675,>.80,
MINA/USDT,2025-02-09,LONG,0.6096,0.3517,0.3463,2,True,-1.5354,0.425,.60-.70,
MINA/USDT,2025-02-10,LONG,0.7617,0.3531,0.3463,1,True,-1.9258,0.0902,.70-.80,
MINA/USDT,2025-02-16,LONG,0.7788,0.351,0.3549,1,True,1.1111,0.036,.70-.80,
MINA/USDT,2025-02-18,LONG,0.5835,0.3344,0.3632,4,True,8.6124,1.2301,.55-.60,1-1.5x
MINA/USDT,2025-02-27,LONG,0.5763,0.317,0.3141,2,True,-0.9148,0.2475,.55-.60,
MINA/USDT,2025-02-28,LONG,0.7732,0.3212,0.3141,1,True,-2.2105,0.3212,.70-.80,
MINA/USDT,2025-03-03,LONG,0.8958,0.2924,0.2869,1,True,-1.881,2.578,>.80,2-3x
MINA/USDT,2025-03-05,LONG,0.6351,0.3001,0.2828,3,True,-5.7647,0.8318,.60-.70,
MINA/USDT,2025-03-06,LONG,0.6563,0.2915,0.2828,2,True,-2.9846,0.5192,.60-.70,
MINA/USDT,2025-03-09,LONG,0.5723,0.2551,0.2518,2,True,-1.2936,1.682,.55-.60,1.5-2x
MINA/USDT,2025-03-12,LONG,0.7268,0.2555,0.2594,2,True,1.5264,0.2564,.70-.80,
MINA/USDT,2025-03-13,LONG,0.7052,0.2514,0.2594,1,True,3.1822,0.2802,.70-.80,
MINA/USDT,2025-03-18,LONG,0.6224,0.263,0.2624,2,True,-0.2281,0.3479,.60-.70,
MINA/USDT,2025-03-19,LONG,0.5895,0.2727,0.2624,1,True,-3.777,0.6779,.55-.60,
MINA/USDT,2025-03-21,LONG,0.6625,0.2584,0.277,5,False,7.1981,0.2793,.60-.70,
MINA/USDT,2025-03-25,LONG,0.5824,0.2821,0.277,1,True,-1.8079,0.2764,.55-.60,
MINA/USDT,2025-04-01,LONG,0.5758,0.2417,0.2304,2,True,-4.6752,0.3583,.55-.60,
MINA/USDT,2025-04-04,LONG,0.6406,0.2323,0.228,1,True,-1.8511,0.2379,.60-.70,
MINA/USDT,2025-04-06,LONG,0.9477,0.2031,0.2117,3,True,4.2344,2.8861,>.80,2-3x
AXS/USDT,2024-08-27,LONG,0.6017,4.69,4.641,1,True,-1.0448,1.2839,.60-.70,1-1.5x
AXS/USDT,2024-09-01,LONG,0.5791,4.451,4.546,3,True,2.1344,1.6452,.55-.60,1.5-2x
AXS/USDT,2024-09-03,LONG,0.5814,4.454,4.546,1,True,2.0656,1.3707,.55-.60,1-1.5x
AXS/USDT,2024-09-05,LONG,0.5525,4.442,4.256,2,True,-4.1873,0.6553,.55-.60,
AXS/USDT,2024-09-13,LONG,0.6741,4.822,4.652,4,True,-3.5255,0.64,.60-.70,
AXS/USDT,2024-09-14,LONG,0.6222,4.758,4.652,3,True,-2.2278,0.3825,.60-.70,
AXS/USDT,2024-09-15,LONG,0.6239,4.585,4.652,2,True,1.4613,1.0803,.60-.70,1-1.5x
AXS/USDT,2024-09-16,LONG,0.7674,4.492,4.652,1,True,3.5619,0.6462,.70-.80,
AXS/USDT,2024-09-18,LONG,0.5902,4.753,4.962,2,True,4.3972,0.6659,.55-.60,
AXS/USDT,2024-09-19,LONG,0.6666,4.912,4.962,1,True,1.0179,1.0068,.60-.70,1-1.5x
AXS/USDT,2024-09-22,LONG,0.7851,4.902,5.421,5,False,10.5875,1.4083,.70-.80,1-1.5x
AXS/USDT,2024-09-25,LONG,0.6218,5.163,5.05,5,False,-2.1887,0.0274,.60-.70,
AXS/USDT,2024-10-03,LONG,0.738,4.499,4.687,3,True,4.1787,0.4779,.70-.80,
AXS/USDT,2024-10-04,LONG,0.6901,4.662,4.687,2,True,0.5363,1.0017,.60-.70,1-1.5x
AXS/USDT,2024-10-07,LONG,0.5539,4.636,4.451,2,True,-3.9905,0.3166,.55-.60,
AXS/USDT,2024-10-10,LONG,0.7459,4.453,4.846,5,False,8.8255,0.0134,.70-.80,
AXS/USDT,2024-10-13,LONG,0.8157,4.672,4.606,4,True,-1.4127,0.5894,>.80,
AXS/USDT,2024-10-14,LONG,0.5593,4.9,4.606,3,True,-6.0,1.4088,.55-.60,1-1.5x
AXS/USDT,2024-10-16,LONG,0.6329,4.739,4.606,1,True,-2.8065,0.6498,.60-.70,
AXS/USDT,2024-10-21,LONG,0.6225,5.29,5.386,1,True,1.8147,0.6192,.60-.70,
AXS/USDT,2024-10-26,LONG,0.8477,4.654,4.834,1,True,3.8676,0.1084,>.80,
AXS/USDT,2024-10-28,LONG,0.8831,4.873,5.047,1,True,3.5707,0.2203,>.80,
AXS/USDT,2024-10-31,LONG,0.7586,4.771,4.472,3,True,-6.267,1.5758,.70-.80,1.5-2x
AXS/USDT,2024-11-01,LONG,0.5836,4.684,4.472,2,True,-4.526,0.4817,.55-.60,
AXS/USDT,2024-11-02,LONG,0.591,4.598,4.472,1,True,-2.7403,0.4854,.55-.60,
AXS/USDT,2024-11-15,LONG,0.8331,5.276,5.521,5,False,4.6437,1.2343,>.80,1-1.5x
AXS/USDT,2024-11-16,LONG,0.8852,6.131,5.785,5,False,-5.6435,2.8993,>.80,2-3x
AXS/USDT,2024-11-25,LONG,0.6754,7.535,7.261,1,True,-3.6364,1.1868,.60-.70,1-1.5x
AXS/USDT,2024-11-28,LONG,0.951,7.834,8.263,3,True,5.4761,0.1927,>.80,
AXS/USDT,2024-11-29,LONG,0.6919,8.134,8.263,2,True,1.5859,0.4586,.60-.70,
AXS/USDT,2024-11-30,LONG,0.6985,8.175,8.263,1,True,1.0765,0.0603,.60-.70,
AXS/USDT,2024-12-09,LONG,0.5559,7.63,7.945,3,True,4.1284,2.2883,.55-.60,2-3x
AXS/USDT,2024-12-11,LONG,0.7278,7.985,7.945,1,True,-0.5009,1.0031,.70-.80,1-1.5x
AXS/USDT,2024-12-16,LONG,0.6314,7.579,7.258,1,True,-4.2354,0.4281,.60-.70,
AXS/USDT,2024-12-18,LONG,0.6389,6.597,6.403,2,True,-2.9407,1.3959,.60-.70,1-1.5x
AXS/USDT,2024-12-21,LONG,0.5706,6.159,6.892,3,True,11.9013,0.5546,.55-.60,
AXS/USDT,2024-12-23,LONG,0.8412,6.717,6.892,1,True,2.6053,1.7345,>.80,1.5-2x
AXS/USDT,2024-12-27,LONG,0.5699,6.373,6.293,2,True,-1.2553,0.1729,.55-.60,
AXS/USDT,2024-12-30,LONG,0.5725,6.246,7.018,5,False,12.3599,0.1356,.55-.60,
AXS/USDT,2025-01-02,LONG,0.5745,6.739,7.018,2,True,4.1401,0.9367,.55-.60,
AXS/USDT,2025-01-10,LONG,0.5808,6.343,6.043,3,True,-4.7296,0.5192,.55-.60,
AXS/USDT,2025-01-12,LONG,0.5572,6.151,6.043,1,True,-1.7558,0.5085,.55-.60,
AXS/USDT,2025-01-17,LONG,0.5578,6.742,5.949,3,True,-11.7621,1.2434,.55-.60,1-1.5x
AXS/USDT,2025-01-18,LONG,0.6957,6.287,5.949,2,True,-5.3762,1.5672,.60-.70,1.5-2x
AXS/USDT,2025-01-19,LONG,0.6304,5.806,5.949,1,True,2.463,1.6488,.60-.70,1.5-2x
AXS/USDT,2025-01-23,LONG,0.6319,5.9,5.717,2,True,-3.1017,0.0968,.60-.70,
AXS/USDT,2025-01-24,LONG,0.6307,5.728,5.717,1,True,-0.192,0.665,.60-.70,
AXS/USDT,2025-01-27,LONG,0.605,5.461,5.452,3,True,-0.1648,0.4129,.60-.70,
AXS/USDT,2025-02-01,LONG,0.7807,5.003,4.438,2,True,-11.2932,1.7742,.70-.80,1.5-2x
AXS/USDT,2025-02-02,LONG,0.9712,4.337,4.438,1,True,2.3288,2.583,>.80,2-3x
AXS/USDT,2025-02-05,LONG,0.7246,4.107,3.923,1,True,-4.4802,0.0097,.70-.80,
AXS/USDT,2025-02-07,LONG,0.905,4.003,4.259,4,True,6.3952,0.4287,>.80,
AXS/USDT,2025-02-09,LONG,0.7751,4.185,4.259,2,True,1.7682,0.0254,.70-.80,
AXS/USDT,2025-02-10,LONG,0.6791,4.327,4.259,1,True,-1.5715,0.7157,.60-.70,
AXS/USDT,2025-02-14,LONG,0.6227,4.548,4.372,2,True,-3.8698,0.7724,.60-.70,
AXS/USDT,2025-02-15,LONG,0.7874,4.396,4.372,1,True,-0.546,0.664,.70-.80,
AXS/USDT,2025-02-17,LONG,0.5982,4.465,4.2,4,True,-5.9351,0.441,.55-.60,
AXS/USDT,2025-02-18,LONG,0.605,4.189,4.2,3,True,0.2626,1.2519,.60-.70,1-1.5x
AXS/USDT,2025-02-22,LONG,0.5715,4.26,3.674,3,True,-13.7559,0.3951,.55-.60,
AXS/USDT,2025-02-23,LONG,0.5573,4.125,3.674,2,True,-10.9333,0.8716,.55-.60,
AXS/USDT,2025-02-26,LONG,0.5561,3.642,3.972,4,True,9.061,0.2224,.55-.60,
AXS/USDT,2025-02-27,LONG,0.8003,3.662,3.972,3,True,8.4653,0.1414,>.80,
AXS/USDT,2025-02-28,LONG,0.8442,3.755,3.972,2,True,5.779,0.6714,>.80,
AXS/USDT,2025-03-01,LONG,0.5919,3.72,3.972,1,True,6.7742,0.2465,.55-.60,
AXS/USDT,2025-03-06,LONG,0.8354,3.523,3.415,2,True,-3.0656,0.4047,>.80,
AXS/USDT,2025-03-07,LONG,0.7561,3.525,3.415,1,True,-3.1206,0.0118,.70-.80,
AXS/USDT,2025-03-09,LONG,0.6002,3.073,3.095,2,True,0.7159,1.9487,.60-.70,1.5-2x
AXS/USDT,2025-03-10,LONG,0.975,2.861,3.095,1,True,8.179,1.3333,>.80,1-1.5x
AXS/USDT,2025-03-13,LONG,0.6878,3.171,3.209,1,True,1.1984,0.1022,.60-.70,
AXS/USDT,2025-03-18,LONG,0.5603,3.372,3.403,2,True,0.9193,0.3128,.55-.60,
AXS/USDT,2025-03-19,LONG,0.6606,3.475,3.403,1,True,-2.0719,0.5508,.60-.70,
AXS/USDT,2025-03-21,LONG,0.8092,3.315,3.413,1,True,2.9563,0.4662,>.80,
AXS/USDT,2025-04-02,LONG,0.5875,2.697,2.403,5,False,-10.901,2.1688,.55-.60,2-3x
AXS/USDT,2025-04-05,LONG,0.553,2.725,2.348,5,False,-13.8349,0.3096,.55-.60,
AXS/USDT,2025-04-06,LONG,0.6779,2.466,2.348,4,True,-4.7851,2.3044,.60-.70,2-3x
APE/USDT,2024-08-27,LONG,0.6193,0.6633,0.569,5,False,-14.2168,0.6811,.60-.70,
APE/USDT,2024-09-04,LONG,0.7176,0.6069,0.6377,2,True,5.075,0.636,.70-.80,
APE/USDT,2024-09-05,LONG,0.6557,0.6489,0.6377,1,True,-1.726,1.4046,.60-.70,1-1.5x
APE/USDT,2024-09-07,LONG,0.5779,0.7338,0.8511,2,True,15.9853,2.5734,.55-.60,2-3x
APE/USDT,2024-09-13,LONG,0.9179,0.7439,0.7855,5,False,5.5921,0.1265,>.80,
APE/USDT,2024-09-14,LONG,0.7908,0.734,0.7956,5,False,8.3924,0.2124,.70-.80,
APE/USDT,2024-09-15,LONG,0.7023,0.728,0.8077,5,False,10.9478,0.1338,.70-.80,
APE/USDT,2024-09-17,LONG,0.5798,0.7436,0.8077,3,True,8.6202,0.5025,.55-.60,
APE/USDT,2024-09-19,LONG,0.5922,0.7956,0.8077,1,True,1.5209,0.2133,.55-.60,
APE/USDT,2024-09-30,LONG,0.5581,0.7615,0.6809,1,True,-10.5844,2.4503,.55-.60,2-3x
APE/USDT,2024-10-03,LONG,0.5598,0.6827,0.7361,3,True,7.8219,0.2564,.55-.60,
APE/USDT,2024-10-04,LONG,0.7001,0.71,0.7361,2,True,3.6761,0.9965,.70-.80,
APE/USDT,2024-10-07,LONG,0.7608,0.7376,0.7146,1,True,-3.1182,0.0499,.70-.80,
APE/USDT,2024-10-11,LONG,0.5807,0.7209,0.7206,5,False,-0.0416,0.741,.55-.60,
APE/USDT,2024-10-12,LONG,0.6329,0.7228,0.7206,4,True,-0.3044,0.0682,.60-.70,
APE/USDT,2024-10-15,LONG,0.6405,0.7485,0.7206,1,True,-3.7275,0.8591,.60-.70,
APE/USDT,2024-10-18,LONG,0.6915,0.7368,0.8714,1,True,18.2682,0.891,.60-.70,
APE/USDT,2024-10-25,LONG,0.7805,1.0599,1.0876,4,True,2.6135,0.3965,.70-.80,
APE/USDT,2024-10-26,LONG,0.997,1.0632,1.0876,3,True,2.295,0.0177,>.80,
APE/USDT,2024-10-27,LONG,0.6108,1.1302,1.0876,2,True,-3.7692,0.3591,.60-.70,
APE/USDT,2024-10-28,LONG,0.6692,1.0447,1.0876,1,True,4.1064,0.4284,.60-.70,
APE/USDT,2024-10-30,LONG,0.5621,1.0888,0.912,5,False,-16.2381,0.0063,.55-.60,
APE/USDT,2024-11-18,LONG,0.5668,1.1543,1.3072,5,False,13.2461,1.2902,.55-.60,1-1.5x
APE/USDT,2024-11-19,LONG,0.5891,1.1338,1.3762,5,False,21.3794,0.3206,.55-.60,
APE/USDT,2024-11-28,LONG,0.5527,1.3867,1.893,5,False,36.5111,1.1359,.55-.60,1-1.5x
APE/USDT,2024-12-08,LONG,0.5957,1.8882,1.5864,4,True,-15.9835,0.0622,.55-.60,
APE/USDT,2024-12-14,LONG,0.5586,1.5321,1.1608,5,False,-24.2347,0.8225,.55-.60,
APE/USDT,2024-12-15,LONG,0.6485,1.6101,1.2111,5,False,-24.7811,0.6738,.60-.70,
APE/USDT,2024-12-16,LONG,0.7702,1.5462,1.2111,4,True,-21.6725,0.5224,.70-.80,
APE/USDT,2024-12-23,LONG,0.6345,1.2408,1.2495,2,True,0.7012,1.2684,.60-.70,1-1.5x
APE/USDT,2025-01-04,LONG,0.6274,1.3479,1.3607,2,True,0.9496,0.3416,.60-.70,
APE/USDT,2025-01-08,LONG,0.5771,1.126,1.1278,2,True,0.1599,1.0089,.55-.60,1-1.5x
APE/USDT,2025-01-09,LONG,0.7208,1.0889,1.1278,1,True,3.5724,0.6351,.70-.80,
APE/USDT,2025-01-17,LONG,0.68,1.1971,0.9998,3,True,-16.4815,1.5837,.60-.70,1.5-2x
APE/USDT,2025-01-18,LONG,0.7623,1.1039,0.9998,2,True,-9.4302,1.4509,.70-.80,1-1.5x
APE/USDT,2025-01-19,LONG,0.7106,0.9861,0.9998,1,True,1.3893,1.8365,.70-.80,1.5-2x
APE/USDT,2025-01-21,LONG,0.5605,1.026,1.0151,2,True,-1.0624,0.4513,.55-.60,
APE/USDT,2025-01-22,LONG,0.7529,1.0221,1.0151,1,True,-0.6849,0.0656,.70-.80,
APE/USDT,2025-01-26,LONG,0.8949,0.9777,0.8619,2,True,-11.8441,0.21,>.80,
APE/USDT,2025-01-27,LONG,0.7476,0.9432,0.8619,1,True,-8.6196,0.769,.70-.80,
APE/USDT,2025-01-29,LONG,0.6201,0.9179,0.9715,1,True,5.8394,1.2804,.60-.70,1-1.5x
APE/USDT,2025-02-01,LONG,0.9101,0.9067,0.7542,2,True,-16.8192,1.637,>.80,1.5-2x
APE/USDT,2025-02-02,LONG,0.9662,0.7525,0.7542,1,True,0.2259,2.5741,>.80,2-3x
APE/USDT,2025-02-06,LONG,0.9518,0.6381,0.721,4,True,12.9917,1.2101,>.80,1-1.5x
APE/USDT,2025-02-07,LONG,0.6044,0.6493,0.721,3,True,11.0427,0.2987,.60-.70,
APE/USDT,2025-02-09,LONG,0.9788,0.6877,0.721,1,True,4.8422,0.0505,>.80,
APE/USDT,2025-02-15,LONG,0.5982,0.7178,0.671,4,True,-6.5199,0.6523,.55-.60,
APE/USDT,2025-02-18,LONG,0.5506,0.675,0.671,1,True,-0.5926,0.9742,.55-.60,
APE/USDT,2025-02-23,LONG,0.6122,0.7036,0.6332,3,True,-10.0057,0.8892,.60-.70,
APE/USDT,2025-02-25,LONG,0.5513,0.6175,0.6332,1,True,2.5425,0.8551,.55-.60,
APE/USDT,2025-02-27,LONG,0.5967,0.6456,0.6414,1,True,-0.6506,0.3584,.55-.60,
APE/USDT,2025-03-06,LONG,0.7715,0.5614,0.4911,5,False,-12.5223,0.3584,.70-.80,
APE/USDT,2025-03-07,LONG,0.892,0.558,0.4911,4,True,-11.9892,0.0909,>.80,
APE/USDT,2025-03-09,LONG,0.645,0.4728,0.4911,2,True,3.8706,1.6936,.60-.70,1.5-2x
APE/USDT,2025-03-10,LONG,0.7892,0.4611,0.4911,1,True,6.5062,0.3514,.70-.80,
APE/USDT,2025-03-15,LONG,0.6018,0.5316,0.5387,2,True,1.3356,0.2511,.60-.70,
APE/USDT,2025-03-19,LONG,0.6004,0.5404,0.5221,1,True,-3.3864,0.4181,.60-.70,
APE/USDT,2025-03-22,LONG,0.686,0.5309,0.5402,1,True,1.7517,0.7747,.60-.70,
APE/USDT,2025-03-25,LONG,0.5583,0.5632,0.5544,1,True,-1.5625,0.2235,.55-.60,
APE/USDT,2025-04-01,LONG,0.5988,0.4773,0.4322,1,True,-9.449,0.3587,.55-.60,
APE/USDT,2025-04-04,LONG,0.5669,0.4445,0.3988,3,True,-10.2812,0.2172,.55-.60,
APE/USDT,2025-04-06,LONG,0.7859,0.3881,0.3988,1,True,2.757,2.6688,.70-.80,2-3x
DOGE/USDT,2024-08-29,LONG,0.6827,0.10036,0.10126,2,True,0.8968,0.1995,.60-.70,
DOGE/USDT,2024-08-30,LONG,0.5929,0.10178,0.10126,1,True,-0.5109,0.4016,.55-.60,
DOGE/USDT,2024-09-01,LONG,0.6228,0.09509,0.09677,2,True,1.7667,1.9065,.60-.70,1.5-2x
DOGE/USDT,2024-09-02,LONG,0.6087,0.09911,0.09677,1,True,-2.361,1.2571,.60-.70,1-1.5x
DOGE/USDT,2024-09-10,LONG,0.5543,0.10278,0.10271,2,True,-0.0681,0.2455,.55-.60,
DOGE/USDT,2024-09-13,LONG,0.8148,0.10698,0.10387,5,False,-2.9071,1.1373,>.80,1-1.5x
DOGE/USDT,2024-09-16,LONG,0.6794,0.09968,0.10554,4,True,5.8788,0.9173,.60-.70,
DOGE/USDT,2024-09-19,LONG,0.8079,0.10498,0.10554,1,True,0.5334,0.314,>.80,
DOGE/USDT,2024-09-22,LONG,0.7845,0.10635,0.1235,5,False,16.126,1.0305,.70-.80,1-1.5x
DOGE/USDT,2024-09-25,LONG,0.5971,0.10852,0.11422,5,False,5.2525,0.3571,.55-.60,
DOGE/USDT,2024-09-30,LONG,0.6706,0.11422,0.1094,5,False,-4.2199,2.1834,.60-.70,2-3x
DOGE/USDT,2024-10-01,LONG,0.6944,0.10686,0.11158,5,False,4.417,1.5974,.60-.70,1.5-2x
DOGE/USDT,2024-10-02,LONG,0.5812,0.10464,0.10844,5,False,3.6315,0.5116,.55-.60,
DOGE/USDT,2024-10-03,LONG,0.9062,0.10509,0.10844,4,True,3.1877,0.1088,>.80,
DOGE/USDT,2024-10-04,LONG,0.6674,0.10923,0.10844,3,True,-0.7232,0.9771,.60-.70,
DOGE/USDT,2024-10-10,LONG,0.6496,0.10603,0.11748,5,False,10.7988,0.4469,.60-.70,
DOGE/USDT,2024-10-11,LONG,0.556,0.11075,0.12573,5,False,13.526,1.1142,.55-.60,1-1.5x
DOGE/USDT,2024-10-15,LONG,0.5896,0.11748,0.14217,5,False,21.0163,0.1645,.55-.60,
DOGE/USDT,2024-10-16,LONG,0.7352,0.12573,0.14366,5,False,14.2607,1.8356,.70-.80,1.5-2x
DOGE/USDT,2024-10-23,LONG,0.9481,0.13998,0.13158,2,True,-6.0009,0.0614,>.80,
DOGE/USDT,2024-10-26,LONG,0.7362,0.13744,0.14426,1,True,4.9622,1.2629,.70-.80,1-1.5x
DOGE/USDT,2024-10-30,LONG,0.6249,0.16825,0.15955,3,True,-5.1709,0.9542,.60-.70,
DOGE/USDT,2024-10-31,LONG,0.819,0.16164,0.15955,2,True,-1.293,0.8281,>.80,
DOGE/USDT,2024-11-01,LONG,0.6763,0.15916,0.15955,1,True,0.245,0.3196,.60-.70,
DOGE/USDT,2024-11-04,LONG,0.6615,0.1582,0.19325,3,True,22.1555,0.9011,.60-.70,
DOGE/USDT,2024-11-06,LONG,0.9956,0.19644,0.19325,1,True,-1.6239,2.6193,>.80,2-3x
DOGE/USDT,2024-11-17,LONG,0.6546,0.367,0.37785,3,True,2.9564,0.0797,.60-.70,
DOGE/USDT,2024-11-18,LONG,0.6017,0.37116,0.37785,2,True,1.8025,0.1175,.60-.70,
DOGE/USDT,2024-11-19,LONG,0.8662,0.39067,0.37785,1,True,-3.2815,0.557,>.80,
DOGE/USDT,2024-11-23,LONG,0.576,0.4302,0.387,3,True,-10.0418,0.4742,.55-.60,
DOGE/USDT,2024-12-01,LONG,0.5509,0.44039,0.43468,5,False,-1.2966,0.9162,.55-.60,
DOGE/USDT,2024-12-13,LONG,0.5653,0.40905,0.35828,5,False,-12.4117,0.1517,.55-.60,
DOGE/USDT,2024-12-18,LONG,0.5551,0.35828,0.31791,2,True,-11.2677,1.891,.55-.60,1.5-2x
DOGE/USDT,2024-12-21,LONG,0.637,0.32042,0.31272,5,False,-2.4031,0.1547,.60-.70,
DOGE/USDT,2024-12-22,LONG,0.5829,0.31262,0.31192,5,False,-0.2239,0.4787,.55-.60,
DOGE/USDT,2024-12-24,LONG,0.5606,0.33717,0.31437,5,False,-6.7622,0.7514,.55-.60,
DOGE/USDT,2025-01-05,LONG,0.5736,0.38231,0.348,2,True,-8.9744,0.5962,.55-.60,
DOGE/USDT,2025-01-08,LONG,0.5603,0.3423,0.33385,2,True,-2.4686,0.3533,.55-.60,
DOGE/USDT,2025-01-16,LONG,0.5964,0.37643,0.35457,4,True,-5.8072,0.4638,.55-.60,
DOGE/USDT,2025-01-18,LONG,0.5795,0.39637,0.35457,2,True,-10.5457,0.832,.55-.60,
DOGE/USDT,2025-01-21,LONG,0.9242,0.37186,0.35091,3,True,-5.6338,0.8075,>.80,
DOGE/USDT,2025-01-22,LONG,0.7516,0.36281,0.35091,2,True,-3.28,0.4039,.70-.80,
DOGE/USDT,2025-01-28,LONG,0.7151,0.31874,0.33156,2,True,4.0221,0.92,.70-.80,
DOGE/USDT,2025-02-01,LONG,0.7794,0.30796,0.28481,2,True,-7.5172,1.3043,.70-.80,1-1.5x
DOGE/USDT,2025-02-02,LONG,0.9061,0.26801,0.28481,1,True,6.2684,2.3013,>.80,2-3x
DOGE/USDT,2025-02-05,LONG,0.6613,0.25613,0.24788,1,True,-3.221,0.5089,.60-.70,
DOGE/USDT,2025-02-07,LONG,0.7007,0.2465,0.25307,4,True,2.6653,0.12,.70-.80,
DOGE/USDT,2025-02-09,LONG,0.7307,0.24892,0.25307,2,True,1.6672,0.3545,.70-.80,
DOGE/USDT,2025-02-12,LONG,0.5996,0.26419,0.26243,1,True,-0.6662,0.9842,.55-.60,
DOGE/USDT,2025-02-14,LONG,0.5518,0.2718,0.27174,1,True,-0.0221,0.7805,.55-.60,
DOGE/USDT,2025-02-17,LONG,0.5994,0.25823,0.24653,5,False,-4.5308,0.6142,.55-.60,
DOGE/USDT,2025-02-20,LONG,0.6226,0.25467,0.21158,5,False,-16.9199,0.0125,.60-.70,
DOGE/USDT,2025-02-26,LONG,0.555,0.20353,0.20182,2,True,-0.8402,0.9681,.55-.60,
DOGE/USDT,2025-02-27,LONG,0.5784,0.20688,0.20182,1,True,-2.4459,0.4145,.55-.60,
DOGE/USDT,2025-03-01,LONG,0.5844,0.20674,0.19915,2,True,-3.6713,0.6128,.55-.60,
DOGE/USDT,2025-03-02,LONG,0.5728,0.23935,0.19915,1,True,-16.7955,2.9149,.55-.60,2-3x
DOGE/USDT,2025-03-04,LONG,0.6991,0.19906,0.20471,1,True,2.8383,0.007,.60-.70,
DOGE/USDT,2025-03-06,LONG,0.5545,0.20152,0.16456,5,False,-18.3406,0.2427,.55-.60,
DOGE/USDT,2025-03-07,LONG,0.6711,0.19846,0.16456,4,True,-17.0815,0.2367,.60-.70,
DOGE/USDT,2025-03-09,LONG,0.5752,0.16812,0.16456,2,True,-2.1175,1.8254,.55-.60,1.5-2x
DOGE/USDT,2025-03-10,LONG,0.6158,0.15408,0.16456,1,True,6.8017,1.1862,.60-.70,1-1.5x
DOGE/USDT,2025-03-13,LONG,0.6272,0.16524,0.17195,1,True,4.0608,0.5646,.60-.70,
DOGE/USDT,2025-03-16,LONG,0.5596,0.16816,0.17333,1,True,3.0745,0.6359,.55-.60,
DOGE/USDT,2025-03-31,LONG,0.7291,0.16669,0.16382,2,True,-1.7218,0.0242,.70-.80,
DOGE/USDT,2025-04-01,LONG,0.6079,0.174,0.16382,1,True,-5.8506,1.109,.60-.70,1-1.5x
DOGE/USDT,2025-04-05,LONG,0.5518,0.16898,0.14926,1,True,-11.67,0.3349,.55-.60,
BONK/USDT,2024-11-11,LONG,0.5754,2.7e-05,4.7e-05,5,False,77.2891,0.77,.55-.60,
BONK/USDT,2024-11-12,LONG,0.5735,3.7e-05,5.1e-05,5,False,37.7066,3.6618,.55-.60,3-5x
BONK/USDT,2024-11-17,LONG,0.5603,5.1e-05,5e-05,5,False,-3.3254,0.7023,.55-.60,
FLOKI/USDT,2024-09-16,LONG,0.565,0.000119,0.000136,5,False,14.6473,0.2666,.55-.60,
FLOKI/USDT,2024-09-25,LONG,0.5652,0.000137,0.000162,4,True,18.0006,0.814,.55-.60,
FLOKI/USDT,2024-10-02,LONG,0.5526,0.000133,0.000137,5,False,2.5803,0.4563,.55-.60,
FLOKI/USDT,2024-10-03,LONG,0.5848,0.000128,0.000135,5,False,5.3128,0.7052,.55-.60,
FLOKI/USDT,2024-10-04,LONG,0.6087,0.000136,0.00013,5,False,-4.8601,1.1273,.60-.70,1-1.5x
FLOKI/USDT,2024-10-16,LONG,0.5677,0.000149,0.000142,1,True,-4.391,0.0852,.55-.60,
FLOKI/USDT,2024-10-18,LONG,0.5613,0.000152,0.000151,3,True,-0.4275,1.2772,.55-.60,1-1.5x
FLOKI/USDT,2024-10-27,LONG,0.5512,0.000135,0.000135,5,False,-0.303,0.2803,.55-.60,
FLOKI/USDT,2024-11-12,LONG,0.601,0.000211,0.000235,1,True,11.4442,1.879,.60-.70,1.5-2x
FLOKI/USDT,2024-11-17,LONG,0.725,0.000256,0.000249,1,True,-2.8966,0.4054,.70-.80,
FLOKI/USDT,2024-11-19,LONG,0.5567,0.000247,0.000265,1,True,6.9748,0.0615,.55-.60,
FLOKI/USDT,2024-12-08,LONG,0.5561,0.000259,0.000239,1,True,-7.487,0.1439,.55-.60,
FLOKI/USDT,2024-12-25,LONG,0.5648,0.000178,0.000174,5,False,-2.225,0.2473,.55-.60,
FLOKI/USDT,2025-01-29,LONG,0.5529,0.000123,0.000106,5,False,-13.7718,1.3435,.55-.60,1-1.5x
FLOKI/USDT,2025-02-02,LONG,0.5635,0.000101,8.7e-05,4,True,-13.2651,2.0915,.55-.60,2-3x
FLOKI/USDT,2025-02-05,LONG,0.5869,9.4e-05,8.7e-05,1,True,-7.2665,0.4736,.55-.60,
FLOKI/USDT,2025-02-07,LONG,0.6276,8.7e-05,9.2e-05,4,True,5.3998,0.0203,.60-.70,
FLOKI/USDT,2025-02-09,LONG,0.5522,9.4e-05,9.2e-05,2,True,-1.8013,0.2435,.55-.60,
FLOKI/USDT,2025-02-23,LONG,0.5556,9.4e-05,8.2e-05,5,False,-12.6706,0.973,.55-.60,
FLOKI/USDT,2025-03-29,LONG,0.5734,5.8e-05,5.8e-05,1,True,-0.4489,1.6598,.55-.60,1.5-2x
WIF/USDT,2024-08-27,LONG,0.6184,1.573,1.584,1,True,0.6993,1.4083,.60-.70,1-1.5x
WIF/USDT,2024-08-30,LONG,0.7212,1.544,1.517,1,True,-1.7487,0.0402,.70-.80,
WIF/USDT,2024-09-02,LONG,0.6069,1.541,1.479,5,False,-4.0234,1.5628,.60-.70,1.5-2x
WIF/USDT,2024-09-13,LONG,0.5844,1.636,1.618,5,False,-1.1002,0.8275,.55-.60,
WIF/USDT,2024-09-16,LONG,0.5645,1.509,1.778,5,False,17.8264,0.0763,.55-.60,
WIF/USDT,2024-09-25,LONG,0.8474,2.02,2.265,2,True,12.1287,0.2734,>.80,
WIF/USDT,2024-09-26,LONG,0.554,2.209,2.265,1,True,2.5351,1.759,.55-.60,1.5-2x
WIF/USDT,2024-09-30,LONG,0.5551,2.46,2.205,2,True,-10.3659,0.072,.55-.60,
WIF/USDT,2024-10-04,LONG,0.5988,2.292,2.252,1,True,-1.7452,2.0615,.55-.60,2-3x
WIF/USDT,2024-10-07,LONG,0.9649,2.525,2.323,2,True,-8.0,0.228,>.80,
WIF/USDT,2024-10-08,LONG,0.6282,2.459,2.323,1,True,-5.5307,0.3973,.60-.70,
WIF/USDT,2024-10-13,LONG,0.5976,2.665,2.83,1,True,6.1914,0.0214,.55-.60,
WIF/USDT,2024-10-16,LONG,0.9447,2.633,2.546,1,True,-3.3042,0.0696,>.80,
WIF/USDT,2024-10-18,LONG,0.7701,2.659,2.716,2,True,2.1437,0.6749,.70-.80,
WIF/USDT,2024-10-27,LONG,0.6922,2.49,2.197,5,False,-11.7671,0.9948,.60-.70,
WIF/USDT,2024-11-01,LONG,0.655,2.197,2.178,1,True,-0.8648,1.5559,.60-.70,1.5-2x
WIF/USDT,2024-11-03,LONG,0.5881,2.077,1.922,1,True,-7.4627,0.9736,.55-.60,
WIF/USDT,2024-11-10,LONG,0.8679,2.743,4.164,3,True,51.8046,1.555,>.80,1.5-2x
WIF/USDT,2024-11-11,LONG,0.9758,3.127,4.164,2,True,33.1628,1.94,>.80,1.5-2x
WIF/USDT,2024-11-12,LONG,0.8316,3.247,4.164,1,True,28.2415,0.5315,>.80,
WIF/USDT,2024-11-17,LONG,0.9725,3.613,3.05,3,True,-15.5826,0.0276,>.80,
WIF/USDT,2024-11-19,LONG,0.6265,3.29,3.05,1,True,-7.2948,0.4569,.60-.70,
WIF/USDT,2024-11-21,LONG,0.6767,3.265,3.167,3,True,-3.0015,0.7044,.60-.70,
WIF/USDT,2024-11-23,LONG,0.7353,3.271,3.167,1,True,-3.1795,0.1986,.70-.80,
WIF/USDT,2024-11-25,LONG,0.7111,3.182,3.014,1,True,-5.2797,0.0494,.70-.80,
WIF/USDT,2024-11-27,LONG,0.6489,3.115,3.078,1,True,-1.1878,0.3602,.60-.70,
WIF/USDT,2024-11-30,LONG,0.5504,3.177,3.438,1,True,8.2153,0.3619,.55-.60,
WIF/USDT,2024-12-02,LONG,0.7342,3.119,3.277,1,True,5.0657,1.0325,.70-.80,1-1.5x
WIF/USDT,2024-12-04,LONG,0.6558,3.192,3.344,1,True,4.7619,0.4725,.60-.70,
WIF/USDT,2024-12-08,LONG,0.7347,3.716,2.959,5,False,-20.3714,0.748,.70-.80,
WIF/USDT,2024-12-09,LONG,0.7058,3.048,2.847,5,False,-6.5945,2.593,.70-.80,2-3x
WIF/USDT,2024-12-10,LONG,0.5977,2.846,2.856,5,False,0.3514,0.9608,.55-.60,
WIF/USDT,2024-12-11,LONG,0.5766,3.047,2.747,5,False,-9.8457,1.0238,.55-.60,1-1.5x
WIF/USDT,2024-12-12,LONG,0.7297,2.948,2.711,5,False,-8.0393,0.4692,.70-.80,
WIF/USDT,2024-12-13,LONG,0.8021,2.959,2.307,5,False,-22.0345,0.054,>.80,
WIF/USDT,2024-12-16,LONG,0.6412,2.747,1.889,5,False,-31.2341,0.5552,.60-.70,
WIF/USDT,2024-12-17,LONG,0.5586,2.711,1.918,5,False,-29.2512,0.192,.55-.60,
WIF/USDT,2024-12-23,LONG,0.6141,2.03,1.926,5,False,-5.1232,0.7886,.60-.70,
WIF/USDT,2024-12-25,LONG,0.6272,1.981,1.926,3,True,-2.7764,0.4693,.60-.70,
WIF/USDT,2024-12-27,LONG,0.7204,1.827,1.926,1,True,5.4187,0.1108,.70-.80,
WIF/USDT,2025-01-10,LONG,0.5684,1.557,1.577,1,True,1.2845,0.2021,.55-.60,
WIF/USDT,2025-01-23,LONG,0.7828,1.418,1.279,2,True,-9.8025,0.0107,.70-.80,
WIF/USDT,2025-01-27,LONG,0.645,1.183,1.009,5,False,-14.7084,0.3574,.60-.70,
WIF/USDT,2025-01-29,LONG,0.8841,1.185,1.009,3,True,-14.8523,1.7067,>.80,1.5-2x
WIF/USDT,2025-02-04,LONG,0.8,0.803,0.718,4,True,-10.5853,1.039,.70-.80,1-1.5x
WIF/USDT,2025-02-05,LONG,0.8767,0.795,0.718,3,True,-9.6855,0.1565,>.80,
WIF/USDT,2025-02-06,LONG,0.5814,0.712,0.718,2,True,0.8427,1.7172,.55-.60,1.5-2x
WIF/USDT,2025-02-07,LONG,0.5747,0.678,0.718,1,True,5.8997,0.7859,.55-.60,
WIF/USDT,2025-02-09,LONG,0.8548,0.643,0.657,1,True,2.1773,1.6871,>.80,1.5-2x
WIF/USDT,2025-02-11,LONG,0.6473,0.628,0.605,1,True,-3.6624,0.7302,.60-.70,
WIF/USDT,2025-02-20,LONG,0.9398,0.6452,0.7037,2,True,9.067,0.7822,>.80,
WIF/USDT,2025-02-23,LONG,0.7117,0.6587,0.55,2,True,-16.5022,0.8297,.70-.80,
WIF/USDT,2025-02-26,LONG,0.8901,0.579,0.6112,3,True,5.5613,0.6477,>.80,
WIF/USDT,2025-02-27,LONG,0.8885,0.5859,0.6112,2,True,4.3181,0.1472,>.80,
WIF/USDT,2025-02-28,LONG,0.9037,0.6291,0.6112,1,True,-2.8453,0.9035,>.80,
WIF/USDT,2025-03-02,LONG,0.5908,0.7618,0.5744,2,True,-24.5996,2.5727,.55-.60,2-3x
WIF/USDT,2025-03-03,LONG,0.9321,0.6434,0.5744,1,True,-10.7243,1.5208,>.80,1.5-2x
WIF/USDT,2025-03-06,LONG,0.8818,0.5712,0.4482,5,False,-21.5336,0.2159,>.80,
WIF/USDT,2025-03-07,LONG,0.6076,0.5341,0.4482,4,True,-16.0831,0.721,.60-.70,
WIF/USDT,2025-03-09,LONG,0.5962,0.4421,0.4482,2,True,1.3798,1.7775,.55-.60,1.5-2x
WIF/USDT,2025-03-12,LONG,0.6434,0.4806,0.5078,2,True,5.6596,0.7349,.60-.70,
WIF/USDT,2025-03-22,LONG,0.5623,0.5078,0.5172,1,True,1.8511,0.5476,.55-.60,
WIF/USDT,2025-04-05,LONG,0.6128,0.3862,0.3657,5,False,-5.3081,0.1083,.60-.70,
WIF/USDT,2025-04-06,LONG,0.8079,0.3347,0.3968,5,False,18.5539,2.3075,>.80,2-3x
MEME/USDT,2024-09-03,LONG,0.5831,0.00914,0.00932,1,True,1.9694,1.0686,.55-.60,1-1.5x
MEME/USDT,2024-09-16,LONG,0.6375,0.00911,0.00996,1,True,9.3304,1.3106,.60-.70,1-1.5x
MEME/USDT,2024-09-24,LONG,0.6236,0.011086,0.012545,5,False,13.1607,0.2925,.60-.70,
MEME/USDT,2024-09-25,LONG,0.711,0.010826,0.012545,4,True,15.8784,0.6094,.70-.80,
MEME/USDT,2024-09-26,LONG,0.6064,0.012017,0.012545,3,True,4.3938,2.5599,.60-.70,2-3x
MEME/USDT,2024-10-02,LONG,0.5674,0.00973,0.010231,5,False,5.149,0.9316,.55-.60,
MEME/USDT,2024-10-13,LONG,0.698,0.011155,0.014858,1,True,33.1959,0.5622,.60-.70,
MEME/USDT,2024-10-15,LONG,0.7383,0.014002,0.014143,5,False,1.007,0.5892,.70-.80,
MEME/USDT,2024-10-20,LONG,0.5553,0.014143,0.013173,1,True,-6.8585,0.6727,.55-.60,
MEME/USDT,2024-10-24,LONG,0.6236,0.01299,0.013419,2,True,3.3025,0.5447,.60-.70,
MEME/USDT,2024-10-27,LONG,0.5814,0.013637,0.01157,5,False,-15.1573,0.156,.55-.60,
MEME/USDT,2024-11-02,LONG,0.5607,0.011236,0.0113,5,False,0.5696,0.2829,.55-.60,
MEME/USDT,2024-11-04,LONG,0.5894,0.010379,0.011768,5,False,13.3828,0.3488,.55-.60,
MEME/USDT,2024-11-05,LONG,0.69,0.011003,0.012658,5,False,15.0414,0.8906,.60-.70,
MEME/USDT,2024-11-06,LONG,0.644,0.011695,0.013793,5,False,17.9393,0.9108,.60-.70,
MEME/USDT,2024-11-10,LONG,0.5866,0.012658,0.014129,3,True,11.6211,1.0889,.55-.60,1-1.5x
MEME/USDT,2024-11-11,LONG,0.6645,0.013793,0.014129,2,True,2.436,1.2535,.60-.70,1-1.5x
MEME/USDT,2024-11-12,LONG,0.6547,0.014014,0.014129,1,True,0.8206,0.2249,.60-.70,
MEME/USDT,2024-11-17,LONG,0.6687,0.014188,0.013467,5,False,-5.0818,0.2515,.60-.70,
MEME/USDT,2024-11-28,LONG,0.6377,0.014959,0.015208,1,True,1.6645,0.6574,.60-.70,
MEME/USDT,2024-12-08,LONG,0.5729,0.017865,0.014293,3,True,-19.9944,0.1466,.55-.60,
MEME/USDT,2024-12-10,LONG,0.5567,0.013376,0.014293,1,True,6.8556,0.9623,.55-.60,
MEME/USDT,2024-12-14,LONG,0.6938,0.013349,0.012601,3,True,-5.6034,0.8422,.60-.70,
MEME/USDT,2024-12-15,LONG,0.7614,0.013627,0.012601,2,True,-7.5292,0.3144,.70-.80,
MEME/USDT,2024-12-16,LONG,0.6613,0.01314,0.012601,1,True,-4.102,0.57,.60-.70,
MEME/USDT,2024-12-18,LONG,0.644,0.011181,0.010832,2,True,-3.1214,1.7619,.60-.70,1.5-2x
MEME/USDT,2024-12-21,LONG,0.5829,0.01024,0.010625,5,False,3.7598,0.8492,.55-.60,
MEME/USDT,2024-12-23,LONG,0.643,0.010842,0.011242,5,False,3.6894,0.7414,.60-.70,
MEME/USDT,2024-12-25,LONG,0.6096,0.011184,0.011242,3,True,0.5186,0.2505,.60-.70,
MEME/USDT,2024-12-31,LONG,0.619,0.010681,0.011697,3,True,9.5122,0.1159,.60-.70,
MEME/USDT,2025-01-17,LONG,0.5584,0.010103,0.008678,2,True,-14.1047,1.798,.55-.60,1.5-2x
MEME/USDT,2025-01-18,LONG,0.5999,0.009492,0.008678,1,True,-8.5756,1.2497,.55-.60,1-1.5x
MEME/USDT,2025-01-21,LONG,0.8086,0.008609,0.007975,3,True,-7.3644,0.5962,>.80,
MEME/USDT,2025-01-22,LONG,0.9779,0.00854,0.007975,2,True,-6.6159,0.1549,>.80,
MEME/USDT,2025-01-23,LONG,0.9613,0.008361,0.007975,1,True,-4.6167,0.4216,>.80,
MEME/USDT,2025-01-27,LONG,0.8037,0.007377,0.007105,3,True,-3.6871,1.273,>.80,1-1.5x
MEME/USDT,2025-02-01,LONG,0.8945,0.00615,0.005217,2,True,-15.1707,2.3369,>.80,2-3x
MEME/USDT,2025-02-02,LONG,0.9523,0.005131,0.005217,1,True,1.6761,2.4685,>.80,2-3x
MEME/USDT,2025-02-05,LONG,0.7076,0.004774,0.004344,1,True,-9.0071,0.3768,.70-.80,
MEME/USDT,2025-02-07,LONG,0.7354,0.004228,0.004357,4,True,3.0511,0.4581,.70-.80,
MEME/USDT,2025-02-08,LONG,0.8227,0.004586,0.004357,3,True,-4.9935,1.3401,>.80,1-1.5x
MEME/USDT,2025-02-09,LONG,0.9853,0.004445,0.004357,2,True,-1.9798,0.4869,>.80,
MEME/USDT,2025-02-10,LONG,0.62,0.004464,0.004357,1,True,-2.397,0.0689,.60-.70,
MEME/USDT,2025-02-12,LONG,0.8619,0.004733,0.004538,1,True,-4.12,1.2838,>.80,1-1.5x
MEME/USDT,2025-02-15,LONG,0.7864,0.004585,0.004239,5,False,-7.5463,0.6136,.70-.80,
MEME/USDT,2025-02-18,LONG,0.5558,0.004123,0.004506,4,True,9.2894,0.8175,.55-.60,
MEME/USDT,2025-02-20,LONG,0.557,0.004239,0.004506,2,True,6.2987,0.6477,.55-.60,
MEME/USDT,2025-02-26,LONG,0.5911,0.003848,0.003826,2,True,-0.5717,0.6381,.55-.60,
MEME/USDT,2025-02-27,LONG,0.5539,0.003808,0.003826,1,True,0.4727,0.1596,.55-.60,
MEME/USDT,2025-03-03,LONG,0.6086,0.003274,0.003097,2,True,-5.4062,2.3212,.60-.70,2-3x
MEME/USDT,2025-03-06,LONG,0.8243,0.002995,0.00244,5,False,-18.5309,0.4534,>.80,
MEME/USDT,2025-03-07,LONG,0.7429,0.002931,0.002465,5,False,-15.899,0.2949,.70-.80,
MEME/USDT,2025-03-08,LONG,0.5674,0.002781,0.002388,5,False,-14.1316,0.7033,.55-.60,
MEME/USDT,2025-03-10,LONG,0.6218,0.002353,0.002511,5,False,6.7148,0.13,.60-.70,
MEME/USDT,2025-03-16,LONG,0.5555,0.002315,0.00247,1,True,6.6955,1.2029,.55-.60,1-1.5x
MEME/USDT,2025-03-18,LONG,0.5779,0.00246,0.002406,2,True,-2.1951,0.0625,.55-.60,
MEME/USDT,2025-03-22,LONG,0.5912,0.002424,0.002465,1,True,1.6914,0.7069,.55-.60,
MEME/USDT,2025-04-05,LONG,0.5518,0.001799,0.001477,3,True,-17.8988,0.6167,.55-.60,
BOME/USDT,2024-10-27,LONG,0.627,0.008581,0.007932,5,False,-7.5632,0.1505,.60-.70,
BOME/USDT,2024-10-28,LONG,0.5726,0.008518,0.007556,5,False,-11.2937,0.075,.55-.60,
BOME/USDT,2024-11-01,LONG,0.6167,0.007932,0.007556,1,True,-4.7403,0.3119,.60-.70,
BOME/USDT,2024-11-08,LONG,0.6144,0.008247,0.009343,2,True,13.2897,0.9268,.60-.70,
BOME/USDT,2024-11-11,LONG,0.8037,0.009656,0.009832,3,True,1.8227,0.4975,>.80,
BOME/USDT,2024-11-12,LONG,0.7209,0.009875,0.009832,2,True,-0.4354,0.344,.70-.80,
BOME/USDT,2024-11-13,LONG,0.6337,0.011343,0.009832,1,True,-13.321,2.0319,.60-.70,2-3x
BOME/USDT,2024-11-17,LONG,0.9137,0.010538,0.010524,1,True,-0.1329,0.5627,>.80,
BOME/USDT,2024-11-19,LONG,0.7512,0.010121,0.009321,1,True,-7.9044,0.5168,.70-.80,
BOME/USDT,2024-11-22,LONG,0.5548,0.009475,0.009563,1,True,0.9288,0.6627,.55-.60,
BOME/USDT,2024-12-10,LONG,0.6089,0.007941,0.008639,1,True,8.7898,1.0348,.60-.70,1-1.5x
BOME/USDT,2024-12-16,LONG,0.6067,0.008082,0.007714,1,True,-4.5533,0.4339,.60-.70,
BOME/USDT,2024-12-18,LONG,0.7184,0.006803,0.006546,2,True,-3.7777,1.7856,.70-.80,1.5-2x
BOME/USDT,2024-12-19,LONG,0.5708,0.006062,0.006546,1,True,7.9842,1.6023,.55-.60,1.5-2x
BOME/USDT,2024-12-23,LONG,0.7598,0.006609,0.006479,5,False,-1.967,0.9431,.70-.80,
BOME/USDT,2024-12-25,LONG,0.5894,0.006584,0.006479,3,True,-1.5948,0.2549,.55-.60,
BOME/USDT,2025-01-17,LONG,0.6085,0.006101,0.00415,4,True,-31.9784,1.4802,.60-.70,1-1.5x
BOME/USDT,2025-01-18,LONG,0.5615,0.005668,0.00415,3,True,-26.7819,1.2881,.55-.60,1-1.5x
BOME/USDT,2025-01-20,LONG,0.5822,0.00403,0.00415,1,True,2.9777,1.8747,.55-.60,1.5-2x
BOME/USDT,2025-01-22,LONG,0.7798,0.004175,0.003763,2,True,-9.8683,0.0838,.70-.80,
BOME/USDT,2025-01-23,LONG,0.8898,0.004029,0.003763,1,True,-6.6021,0.4992,>.80,
BOME/USDT,2025-01-27,LONG,0.7245,0.003455,0.003245,2,True,-6.0781,0.8361,.70-.80,
BOME/USDT,2025-01-28,LONG,0.6772,0.002991,0.003245,1,True,8.4921,1.896,.60-.70,1.5-2x
BOME/USDT,2025-02-01,LONG,0.8873,0.002821,0.00238,2,True,-15.6328,1.8402,>.80,1.5-2x
BOME/USDT,2025-02-02,LONG,0.9423,0.002357,0.00238,1,True,0.9758,1.9608,>.80,1.5-2x
BOME/USDT,2025-02-05,LONG,0.7381,0.002183,0.001955,1,True,-10.4443,0.3455,.70-.80,
BOME/USDT,2025-02-07,LONG,0.597,0.001941,0.002099,3,True,8.1401,0.0975,.55-.60,
BOME/USDT,2025-02-08,LONG,0.567,0.002093,0.002099,2,True,0.2867,1.0847,.55-.60,1-1.5x
BOME/USDT,2025-02-09,LONG,0.9855,0.00204,0.002099,1,True,2.8922,0.3704,>.80,
BOME/USDT,2025-02-12,LONG,0.5538,0.00224,0.002172,1,True,-3.0357,1.4047,.55-.60,1-1.5x
BOME/USDT,2025-02-15,LONG,0.724,0.002188,0.002101,1,True,-3.9762,0.9615,.70-.80,
BOME/USDT,2025-02-17,LONG,0.8037,0.001999,0.002217,5,False,10.9055,0.6589,>.80,
BOME/USDT,2025-02-20,LONG,0.726,0.002,0.002217,2,True,10.85,0.5076,.70-.80,
BOME/USDT,2025-02-26,LONG,0.6418,0.001861,0.001923,2,True,3.3315,0.3622,.60-.70,
BOME/USDT,2025-02-27,LONG,0.793,0.001873,0.001923,1,True,2.6695,0.0864,.70-.80,
BOME/USDT,2025-03-03,LONG,0.665,0.001737,0.001664,1,True,-4.2026,1.9736,.60-.70,1.5-2x
BOME/USDT,2025-03-06,LONG,0.8299,0.001596,0.001264,4,True,-20.802,0.655,>.80,
BOME/USDT,2025-03-07,LONG,0.5728,0.001567,0.001264,3,True,-19.3363,0.2147,.55-.60,
BOME/USDT,2025-03-09,LONG,0.558,0.001259,0.001264,1,True,0.3971,1.3579,.55-.60,1-1.5x
BOME/USDT,2025-03-12,LONG,0.6779,0.001375,0.001356,1,True,-1.3818,0.431,.60-.70,
BOME/USDT,2025-03-24,LONG,0.8917,0.001569,0.001622,1,True,3.3779,1.0528,>.80,1-1.5x
BOME/USDT,2025-03-29,LONG,0.6183,0.001322,0.001273,3,True,-3.7065,1.2566,.60-.70,1-1.5x
BOME/USDT,2025-03-30,LONG,0.7081,0.001322,0.001273,2,True,-3.7065,0.0,.70-.80,
BOME/USDT,2025-03-31,LONG,0.6684,0.001321,0.001273,1,True,-3.6336,0.0157,.60-.70,
JUP/USDT,2024-09-03,LONG,0.6125,0.7027,0.7093,5,False,0.9392,1.2964,.60-.70,1-1.5x
JUP/USDT,2024-09-05,LONG,0.6534,0.7077,0.7351,4,True,3.8717,0.8388,.60-.70,
JUP/USDT,2024-09-07,LONG,0.5536,0.6979,0.7351,2,True,5.3303,0.458,.55-.60,
JUP/USDT,2024-09-08,LONG,0.5707,0.7093,0.7351,1,True,3.6374,0.3857,.55-.60,
JUP/USDT,2024-09-10,LONG,0.5856,0.7379,0.7183,1,True,-2.6562,0.0886,.55-.60,
JUP/USDT,2024-09-14,LONG,0.6687,0.7701,0.8022,5,False,4.1683,0.4172,.60-.70,
JUP/USDT,2024-09-18,LONG,0.5624,0.7573,0.8179,5,False,8.0021,0.9858,.55-.60,
JUP/USDT,2024-09-22,LONG,0.574,0.8252,0.938,5,False,13.6694,1.0724,.55-.60,1-1.5x
JUP/USDT,2024-09-25,LONG,0.6021,0.8658,0.938,2,True,8.3391,0.9541,.60-.70,
JUP/USDT,2024-09-26,LONG,0.7243,0.9358,0.938,1,True,0.2351,1.9703,.70-.80,1.5-2x
JUP/USDT,2024-10-07,LONG,0.759,0.7677,0.7904,5,False,2.9569,0.5829,.70-.80,
JUP/USDT,2024-10-08,LONG,0.5753,0.7452,0.7952,5,False,6.7096,0.6144,.55-.60,
JUP/USDT,2024-10-09,LONG,0.6421,0.7267,0.7952,4,True,9.4262,0.5409,.60-.70,
JUP/USDT,2024-10-12,LONG,0.6074,0.7904,0.7952,1,True,0.6073,0.1264,.60-.70,
JUP/USDT,2024-10-18,LONG,0.7238,0.8667,0.9155,1,True,5.6306,1.2114,.70-.80,1-1.5x
JUP/USDT,2024-10-24,LONG,0.7008,1.0669,1.0477,5,False,-1.7996,0.1202,.70-.80,
JUP/USDT,2024-10-27,LONG,0.6461,1.0182,1.0092,3,True,-0.8839,0.8162,.60-.70,
JUP/USDT,2024-10-28,LONG,0.7318,1.0426,1.0092,2,True,-3.2035,0.4931,.70-.80,
JUP/USDT,2024-10-29,LONG,0.7122,1.0477,1.0092,1,True,-3.6747,0.1026,.70-.80,
JUP/USDT,2024-11-01,LONG,0.5956,0.961,0.9317,1,True,-3.0489,0.123,.55-.60,
JUP/USDT,2024-11-09,LONG,0.635,1.2154,1.2416,2,True,2.1557,1.6868,.60-.70,1.5-2x
JUP/USDT,2024-11-14,LONG,0.9351,1.067,1.1751,4,True,10.1312,1.5735,>.80,1.5-2x
JUP/USDT,2024-11-15,LONG,0.9009,1.1349,1.1751,3,True,3.5422,1.1635,>.80,1-1.5x
JUP/USDT,2024-11-16,LONG,0.7406,1.1185,1.1751,2,True,5.0603,0.2657,.70-.80,
JUP/USDT,2024-11-17,LONG,0.7346,1.192,1.1751,1,True,-1.4178,1.1756,.70-.80,1-1.5x
JUP/USDT,2024-11-25,LONG,0.5949,1.0675,1.0329,1,True,-3.2412,0.97,.55-.60,
JUP/USDT,2024-11-27,LONG,0.6167,1.1188,1.1301,1,True,1.01,1.6225,.60-.70,1.5-2x
JUP/USDT,2024-12-10,LONG,0.6194,1.0504,1.1266,1,True,7.2544,0.5843,.60-.70,
JUP/USDT,2024-12-14,LONG,0.6047,1.0843,1.031,3,True,-4.9156,0.6203,.60-.70,
JUP/USDT,2024-12-15,LONG,0.7272,1.1116,1.031,2,True,-7.2508,0.4287,.70-.80,
JUP/USDT,2024-12-16,LONG,0.6264,1.0638,1.031,1,True,-3.0833,0.7273,.60-.70,
JUP/USDT,2024-12-18,LONG,0.6012,0.9252,0.8787,2,True,-5.0259,1.6933,.60-.70,1.5-2x
JUP/USDT,2024-12-23,LONG,0.8412,0.871,0.8962,1,True,2.8932,1.1241,>.80,1-1.5x
JUP/USDT,2024-12-27,LONG,0.6917,0.813,0.8039,2,True,-1.1193,0.461,.60-.70,
JUP/USDT,2024-12-28,LONG,0.69,0.8441,0.8039,1,True,-4.7625,0.6169,.60-.70,
JUP/USDT,2025-01-12,LONG,0.5526,0.8,0.7714,1,True,-3.575,0.4433,.55-.60,
JUP/USDT,2025-01-18,LONG,0.5951,1.1457,0.9647,1,True,-15.7982,3.9619,.55-.60,3-5x
JUP/USDT,2025-01-22,LONG,0.8441,0.7978,1.1252,5,False,41.0379,0.9252,>.80,
JUP/USDT,2025-01-23,LONG,0.7308,0.7961,1.1252,4,True,41.339,0.0208,.70-.80,
JUP/USDT,2025-01-24,LONG,0.9993,0.8428,1.1252,3,True,33.5074,0.5668,>.80,
JUP/USDT,2025-01-25,LONG,0.9784,0.9711,1.1252,2,True,15.8686,1.3962,>.80,1-1.5x
JUP/USDT,2025-01-26,LONG,0.9929,1.0534,1.1252,1,True,6.816,0.7674,>.80,
JUP/USDT,2025-01-31,LONG,0.6139,1.0365,0.9236,1,True,-10.8924,0.486,.60-.70,
JUP/USDT,2025-02-06,LONG,0.8234,0.8272,0.8005,1,True,-3.2278,0.5609,>.80,
JUP/USDT,2025-03-03,LONG,0.5684,0.6721,0.5515,5,False,-17.9438,2.4791,.55-.60,2-3x
JUP/USDT,2025-03-05,LONG,0.6426,0.6326,0.5515,3,True,-12.8201,0.2399,.60-.70,
JUP/USDT,2025-03-06,LONG,0.5558,0.6097,0.5515,2,True,-9.5457,0.5053,.55-.60,
JUP/USDT,2025-03-18,LONG,0.5838,0.5107,0.5455,5,False,6.8142,0.2792,.55-.60,
JUP/USDT,2025-03-28,LONG,0.5697,0.4968,0.3801,5,False,-23.4903,1.7402,.55-.60,1.5-2x
JUP/USDT,2025-04-01,LONG,0.5813,0.4244,0.3852,4,True,-9.2366,0.0733,.55-.60,
JUP/USDT,2025-04-03,LONG,0.6212,0.3899,0.3852,2,True,-1.2054,0.4749,.60-.70,
JUP/USDT,2025-04-06,LONG,0.8284,0.3377,0.3332,2,True,-1.3325,2.1792,>.80,2-3x
PYTH/USDT,2024-08-29,LONG,0.6499,0.2774,0.2731,4,True,-1.5501,0.036,.60-.70,
PYTH/USDT,2024-08-30,LONG,0.5942,0.2766,0.2731,3,True,-1.2654,0.0737,.55-.60,
PYTH/USDT,2024-09-03,LONG,0.5989,0.2575,0.2689,1,True,4.4272,1.3916,.55-.60,1-1.5x
PYTH/USDT,2024-09-05,LONG,0.6502,0.2594,0.2652,3,True,2.2359,0.8501,.60-.70,
PYTH/USDT,2024-09-14,LONG,0.6376,0.2927,0.282,1,True,-3.6556,0.2063,.60-.70,
PYTH/USDT,2024-09-18,LONG,0.6989,0.3004,0.321,2,True,6.8575,0.6015,.60-.70,
PYTH/USDT,2024-09-19,LONG,0.8065,0.3154,0.321,1,True,1.7755,1.189,>.80,1-1.5x
PYTH/USDT,2024-10-04,LONG,0.8475,0.3287,0.3383,1,True,2.9206,1.1085,>.80,1-1.5x
PYTH/USDT,2024-10-06,LONG,0.5702,0.3371,0.3238,1,True,-3.9454,0.0703,.55-.60,
PYTH/USDT,2024-10-10,LONG,0.8307,0.3022,0.3472,5,False,14.8908,0.0065,>.80,
PYTH/USDT,2024-10-11,LONG,0.5797,0.3195,0.3472,4,True,8.6698,1.0947,.55-.60,1-1.5x
PYTH/USDT,2024-10-13,LONG,0.6426,0.3255,0.3472,2,True,6.6667,0.0,.60-.70,
PYTH/USDT,2024-10-14,LONG,0.5603,0.3507,0.3472,1,True,-0.998,1.5532,.55-.60,1.5-2x
PYTH/USDT,2024-10-17,LONG,0.6519,0.3402,0.3499,1,True,2.8513,1.2303,.60-.70,1-1.5x
PYTH/USDT,2024-10-19,LONG,0.621,0.3475,0.3636,1,True,4.6331,0.1546,.60-.70,
PYTH/USDT,2024-10-21,LONG,0.608,0.3501,0.3786,3,True,8.1405,0.9755,.60-.70,
PYTH/USDT,2024-10-25,LONG,0.586,0.3347,0.3494,1,True,4.392,2.1925,.55-.60,2-3x
PYTH/USDT,2024-10-27,LONG,0.6149,0.3628,0.3813,2,True,5.0992,0.7194,.60-.70,
PYTH/USDT,2024-10-28,LONG,0.8331,0.3644,0.3813,1,True,4.6378,0.0841,>.80,
PYTH/USDT,2024-10-30,LONG,0.5894,0.3833,0.373,1,True,-2.6872,0.1009,.55-.60,
PYTH/USDT,2024-11-03,LONG,0.7131,0.329,0.3985,4,True,21.1246,1.207,.70-.80,1-1.5x
PYTH/USDT,2024-11-04,LONG,0.8066,0.3218,0.3985,3,True,23.8347,0.4148,>.80,
PYTH/USDT,2024-11-05,LONG,0.8432,0.3365,0.3985,2,True,18.425,0.8602,>.80,
PYTH/USDT,2024-11-06,LONG,0.6119,0.3847,0.3985,1,True,3.5872,2.3627,.60-.70,2-3x
PYTH/USDT,2024-11-15,LONG,0.9873,0.4214,0.4193,3,True,-0.4983,1.4513,>.80,1-1.5x
PYTH/USDT,2024-11-16,LONG,0.9878,0.4319,0.4193,2,True,-2.9173,0.4885,>.80,
PYTH/USDT,2024-11-17,LONG,0.8789,0.4167,0.4193,1,True,0.624,0.6769,>.80,
PYTH/USDT,2024-11-25,LONG,0.5576,0.4462,0.4836,4,True,8.3819,0.3595,.55-.60,
PYTH/USDT,2024-11-27,LONG,0.6649,0.4728,0.4836,2,True,2.2843,2.4969,.60-.70,2-3x
PYTH/USDT,2024-11-28,LONG,0.86,0.4791,0.4836,1,True,0.9393,0.3122,>.80,
PYTH/USDT,2024-12-02,LONG,0.5727,0.516,0.5224,5,False,1.2403,0.4342,.55-.60,
PYTH/USDT,2024-12-07,LONG,0.7827,0.5224,0.4497,5,False,-13.9165,0.2878,.70-.80,
PYTH/USDT,2024-12-08,LONG,0.7452,0.5144,0.4497,4,True,-12.5778,0.477,.70-.80,
PYTH/USDT,2024-12-10,LONG,0.7807,0.4107,0.4497,2,True,9.496,0.4059,.70-.80,
PYTH/USDT,2024-12-14,LONG,0.7525,0.431,0.4524,3,True,4.9652,1.1979,.70-.80,1-1.5x
PYTH/USDT,2024-12-15,LONG,0.8659,0.4745,0.4524,2,True,-4.6575,1.6402,>.80,1.5-2x
PYTH/USDT,2024-12-16,LONG,0.7909,0.4939,0.4524,1,True,-8.4025,0.6708,.70-.80,
PYTH/USDT,2024-12-18,LONG,0.6639,0.3941,0.3849,5,False,-2.3344,1.9484,.60-.70,1.5-2x
PYTH/USDT,2024-12-19,LONG,0.6673,0.3704,0.3969,5,False,7.1544,0.8972,.60-.70,
PYTH/USDT,2024-12-21,LONG,0.603,0.3625,0.3621,5,False,-0.1103,0.8074,.60-.70,
PYTH/USDT,2024-12-22,LONG,0.5864,0.3599,0.3646,5,False,1.3059,0.1068,.55-.60,
PYTH/USDT,2024-12-23,LONG,0.592,0.3849,0.3861,5,False,0.3118,1.0007,.55-.60,1-1.5x
PYTH/USDT,2024-12-30,LONG,0.6153,0.3636,0.373,3,True,2.5853,0.4633,.60-.70,
PYTH/USDT,2024-12-31,LONG,0.6294,0.353,0.373,2,True,5.6657,0.4952,.60-.70,
PYTH/USDT,2025-01-10,LONG,0.5762,0.3306,0.3114,3,True,-5.8076,0.2358,.55-.60,
PYTH/USDT,2025-01-11,LONG,0.5642,0.3283,0.3114,2,True,-5.1477,0.1579,.55-.60,
PYTH/USDT,2025-01-12,LONG,0.6249,0.3273,0.3114,1,True,-4.8579,0.075,.60-.70,
PYTH/USDT,2025-01-18,LONG,0.5645,0.358,0.319,1,True,-10.8939,0.0399,.55-.60,
PYTH/USDT,2025-01-22,LONG,0.5893,0.3246,0.3169,3,True,-2.3722,0.3149,.55-.60,
PYTH/USDT,2025-01-23,LONG,0.6314,0.3179,0.3169,2,True,-0.3146,0.4481,.60-.70,
PYTH/USDT,2025-01-27,LONG,0.6224,0.2903,0.2743,2,True,-5.5115,1.0631,.60-.70,1-1.5x
PYTH/USDT,2025-02-01,LONG,0.8799,0.2568,0.2247,2,True,-12.5,2.0143,>.80,2-3x
PYTH/USDT,2025-02-02,LONG,0.9085,0.2229,0.2247,1,True,0.8075,2.3504,>.80,2-3x
PYTH/USDT,2025-02-06,LONG,0.8237,0.1825,0.2003,4,True,9.7534,1.5138,>.80,1.5-2x
PYTH/USDT,2025-02-07,LONG,0.5815,0.1773,0.2003,3,True,12.9724,0.5677,.55-.60,
PYTH/USDT,2025-02-09,LONG,0.6546,0.1952,0.2003,1,True,2.6127,0.5549,.60-.70,
PYTH/USDT,2025-02-15,LONG,0.6618,0.2141,0.2425,5,False,13.2648,1.2077,.60-.70,1-1.5x
PYTH/USDT,2025-02-18,LONG,0.9304,0.2119,0.2339,3,True,10.3823,0.2479,>.80,
PYTH/USDT,2025-02-19,LONG,0.6894,0.212,0.2339,2,True,10.3302,0.0073,.60-.70,
PYTH/USDT,2025-02-20,LONG,0.9651,0.2425,0.2339,1,True,-3.5464,1.9571,>.80,1.5-2x
PYTH/USDT,2025-02-24,LONG,0.8235,0.2059,0.2092,4,True,1.6027,2.2871,>.80,2-3x
PYTH/USDT,2025-02-25,LONG,0.562,0.2089,0.2092,3,True,0.1436,0.2054,.55-.60,
PYTH/USDT,2025-02-26,LONG,0.653,0.2115,0.2092,2,True,-1.0875,0.1823,.60-.70,
PYTH/USDT,2025-02-27,LONG,0.6011,0.2103,0.2092,1,True,-0.5231,0.0837,.60-.70,
PYTH/USDT,2025-03-01,LONG,0.5506,0.2042,0.1831,2,True,-10.333,0.3592,.55-.60,
PYTH/USDT,2025-03-05,LONG,0.7318,0.1864,0.1707,2,True,-8.4227,0.6498,.70-.80,
PYTH/USDT,2025-03-09,LONG,0.5654,0.1466,0.1404,2,True,-4.2292,1.669,.55-.60,1.5-2x
PYTH/USDT,2025-03-10,LONG,0.6803,0.1371,0.1404,1,True,2.407,0.8583,.60-.70,
PYTH/USDT,2025-03-12,LONG,0.5678,0.1449,0.1489,2,True,2.7605,0.4777,.55-.60,
PYTH/USDT,2025-03-13,LONG,0.6156,0.1412,0.1489,1,True,5.4533,0.3809,.60-.70,
PYTH/USDT,2025-03-19,LONG,0.6318,0.1561,0.1493,1,True,-4.3562,0.6318,.60-.70,
PYTH/USDT,2025-03-21,LONG,0.6073,0.1484,0.1604,2,True,8.0863,0.0964,.60-.70,
PYTH/USDT,2025-03-22,LONG,0.6124,0.1618,0.1604,1,True,-0.8653,1.4302,.60-.70,1-1.5x
PYTH/USDT,2025-04-01,LONG,0.7994,0.1445,0.1344,3,True,-6.9896,0.8238,.70-.80,
PYTH/USDT,2025-04-03,LONG,0.5881,0.1309,0.1344,1,True,2.6738,0.4517,.55-.60,
PYTH/USDT,2025-04-05,LONG,0.5938,0.1325,0.1145,3,True,-13.5849,0.3072,.55-.60,
ONDO/USDT,2024-10-09,LONG,0.8178,0.6609,0.6793,1,True,2.7841,0.801,>.80,
ONDO/USDT,2024-10-13,LONG,0.5725,0.7284,0.7294,3,True,0.1373,0.5268,.55-.60,
ONDO/USDT,2024-10-15,LONG,0.5574,0.7465,0.7294,1,True,-2.2907,0.4909,.55-.60,
ONDO/USDT,2024-10-18,LONG,0.5518,0.8065,0.8337,2,True,3.3726,2.7611,.55-.60,2-3x
ONDO/USDT,2024-10-24,LONG,0.6651,0.7599,0.6871,2,True,-9.5802,0.3542,.60-.70,
ONDO/USDT,2024-10-27,LONG,0.6601,0.6982,0.7253,3,True,3.8814,0.3163,.60-.70,
ONDO/USDT,2024-10-28,LONG,0.5645,0.6791,0.7253,2,True,6.8031,0.536,.55-.60,
ONDO/USDT,2024-11-04,LONG,0.6559,0.5969,0.7368,2,True,23.4378,0.7368,.60-.70,
ONDO/USDT,2024-11-05,LONG,0.611,0.6254,0.7368,1,True,17.8126,0.8631,.60-.70,
ONDO/USDT,2024-11-15,LONG,0.9948,0.876,0.9671,5,False,10.3995,0.7883,>.80,
ONDO/USDT,2024-11-16,LONG,0.9998,0.9956,1.0087,5,False,1.3158,1.8805,>.80,1.5-2x
ONDO/USDT,2024-11-17,LONG,0.891,0.9251,1.0391,5,False,12.323,0.9477,>.80,
ONDO/USDT,2024-11-18,LONG,0.6515,1.0291,1.0513,5,False,2.1572,1.4725,.60-.70,1-1.5x
ONDO/USDT,2024-11-19,LONG,0.8595,1.0154,1.0627,5,False,4.6583,0.1744,>.80,
ONDO/USDT,2024-11-22,LONG,0.7534,1.0391,1.0187,4,True,-1.9632,0.4085,.70-.80,
ONDO/USDT,2024-11-28,LONG,0.767,1.1006,1.6338,5,False,48.4463,0.0963,.70-.80,
ONDO/USDT,2024-12-01,LONG,0.5814,1.2806,1.6338,2,True,27.5808,0.7291,.55-.60,
ONDO/USDT,2024-12-06,LONG,0.5751,1.7783,1.6775,1,True,-5.6683,1.047,.55-.60,1-1.5x
ONDO/USDT,2024-12-10,LONG,0.7269,1.7345,1.7869,1,True,3.021,2.242,.70-.80,2-3x
ONDO/USDT,2024-12-12,LONG,0.8389,1.7554,1.9746,1,True,12.4872,0.2724,>.80,
ONDO/USDT,2024-12-16,LONG,0.553,2.0199,1.8164,2,True,-10.0748,0.1495,.55-.60,
ONDO/USDT,2024-12-17,LONG,0.5844,1.9349,1.8164,1,True,-6.1243,0.5976,.55-.60,
ONDO/USDT,2024-12-19,LONG,0.5523,1.7449,1.7122,5,False,-1.874,0.5301,.55-.60,
ONDO/USDT,2024-12-20,LONG,0.5567,1.7996,1.6095,5,False,-10.5635,0.4237,.55-.60,
ONDO/USDT,2024-12-23,LONG,0.6278,1.6799,1.4969,5,False,-10.8935,0.5881,.60-.70,
ONDO/USDT,2024-12-26,LONG,0.5982,1.4514,1.4969,2,True,3.1349,1.4481,.55-.60,1-1.5x
ONDO/USDT,2024-12-27,LONG,0.7477,1.437,1.4969,1,True,4.1684,0.1484,.70-.80,
ONDO/USDT,2024-12-31,LONG,0.8111,1.3462,1.6046,3,True,19.1948,0.2797,>.80,
ONDO/USDT,2025-01-15,LONG,0.5572,1.2889,1.3083,3,True,1.5052,1.4693,.55-.60,1-1.5x
ONDO/USDT,2025-01-16,LONG,0.7941,1.217,1.3083,2,True,7.5021,0.9915,.70-.80,
ONDO/USDT,2025-01-19,LONG,0.9989,1.3632,1.2921,1,True,-5.2157,0.7377,>.80,
ONDO/USDT,2025-01-21,LONG,0.9704,1.3609,1.29,1,True,-5.2098,0.9511,>.80,
ONDO/USDT,2025-01-23,LONG,0.675,1.3465,1.4025,1,True,4.1589,0.8443,.60-.70,
ONDO/USDT,2025-01-25,LONG,0.8216,1.4342,1.3682,1,True,-4.6019,0.4252,>.80,
ONDO/USDT,2025-02-01,LONG,0.7521,1.3412,1.406,2,True,4.8315,1.7554,.70-.80,1.5-2x
ONDO/USDT,2025-02-02,LONG,0.748,1.2525,1.406,1,True,12.2555,1.1437,.70-.80,1-1.5x
ONDO/USDT,2025-02-12,LONG,0.8756,1.3972,1.3306,1,True,-4.7667,0.8947,>.80,
ONDO/USDT,2025-02-15,LONG,0.5809,1.2768,1.2407,5,False,-2.8274,0.6691,.55-.60,
ONDO/USDT,2025-02-21,LONG,0.5526,1.1298,0.9831,3,True,-12.9846,1.9184,.55-.60,1.5-2x
ONDO/USDT,2025-02-23,LONG,0.5624,1.1331,0.9831,1,True,-13.238,0.6625,.55-.60,
ONDO/USDT,2025-03-03,LONG,0.7246,0.9819,0.948,5,False,-3.4525,2.5271,.70-.80,2-3x
ONDO/USDT,2025-03-04,LONG,0.7397,0.9602,0.948,4,True,-1.2706,0.3231,.70-.80,
ONDO/USDT,2025-03-05,LONG,0.6999,1.119,0.948,3,True,-15.2815,2.0928,.60-.70,2-3x
ONDO/USDT,2025-03-06,LONG,0.5877,1.0716,0.948,2,True,-11.5342,0.5332,.55-.60,
ONDO/USDT,2025-03-22,LONG,0.5559,0.8281,0.9011,4,True,8.8154,0.0081,.55-.60,
ONDO/USDT,2025-03-23,LONG,0.5937,0.846,0.9011,3,True,6.513,0.3338,.55-.60,
ONDO/USDT,2025-03-24,LONG,0.5726,0.8847,0.9011,2,True,1.8537,0.6973,.55-.60,
ONDO/USDT,2025-03-31,LONG,0.6422,0.7792,0.8135,3,True,4.402,0.3566,.60-.70,
ONDO/USDT,2025-04-06,LONG,0.8043,0.7317,0.85,3,True,16.1678,2.2771,>.80,2-3x
PENDLE/USDT,2024-12-08,LONG,0.8945,6.738,5.701,1,True,-15.3903,0.0089,>.80,
PENDLE/USDT,2024-12-10,LONG,0.6384,5.879,6.172,5,False,4.9838,0.5262,.60-.70,
PENDLE/USDT,2024-12-13,LONG,0.5985,5.935,6.172,2,True,3.9933,0.4222,.55-.60,
PENDLE/USDT,2024-12-14,LONG,0.7121,5.854,6.172,1,True,5.4322,0.2331,.70-.80,
PENDLE/USDT,2024-12-18,LONG,0.792,5.701,5.446,2,True,-4.4729,0.9738,.70-.80,
PENDLE/USDT,2024-12-19,LONG,0.664,4.835,5.446,1,True,12.637,2.375,.60-.70,2-3x
PENDLE/USDT,2024-12-23,LONG,0.8585,5.27,4.893,3,True,-7.1537,0.9205,>.80,
PENDLE/USDT,2024-12-27,LONG,0.5714,5.26,5.437,1,True,3.365,1.061,.55-.60,1-1.5x
PENDLE/USDT,2025-01-04,LONG,0.5851,5.419,5.368,2,True,-0.9411,0.3517,.55-.60,
PENDLE/USDT,2025-01-11,LONG,0.5502,3.932,3.804,5,False,-3.2553,0.0234,.55-.60,
PENDLE/USDT,2025-01-12,LONG,0.6211,3.955,4.356,5,False,10.1391,0.1136,.60-.70,
PENDLE/USDT,2025-01-21,LONG,0.6562,3.794,3.597,1,True,-5.1924,0.2447,.60-.70,
PENDLE/USDT,2025-01-23,LONG,0.6336,3.582,3.698,2,True,3.2384,0.0686,.60-.70,
PENDLE/USDT,2025-01-26,LONG,0.7106,3.664,3.516,1,True,-4.0393,0.149,.70-.80,
PENDLE/USDT,2025-02-01,LONG,0.8805,3.261,3.112,2,True,-4.5692,1.8617,>.80,1.5-2x
PENDLE/USDT,2025-02-02,LONG,0.9577,2.678,3.112,1,True,16.2061,2.3031,>.80,2-3x
PENDLE/USDT,2025-02-04,LONG,0.5667,2.814,3.001,1,True,6.6453,1.0929,.55-.60,1-1.5x
PENDLE/USDT,2025-02-06,LONG,0.7249,2.893,3.241,2,True,12.029,0.4431,.70-.80,
PENDLE/USDT,2025-02-07,LONG,0.861,3.151,3.241,1,True,2.8562,1.0714,>.80,1-1.5x
PENDLE/USDT,2025-02-09,LONG,0.9775,3.181,3.471,1,True,9.1166,0.2273,>.80,
PENDLE/USDT,2025-02-22,LONG,0.6376,3.497,2.94,5,False,-15.9279,0.4724,.60-.70,
PENDLE/USDT,2025-02-23,LONG,0.6339,3.425,2.879,5,False,-15.9416,0.3723,.60-.70,
PENDLE/USDT,2025-03-13,LONG,0.6346,2.03,2.121,1,True,4.4828,0.3118,.60-.70,
PENDLE/USDT,2025-03-19,LONG,0.6542,2.524,2.509,1,True,-0.5943,0.716,.60-.70,
PENDLE/USDT,2025-04-02,LONG,0.6078,2.963,3.195,2,True,7.8299,0.4003,.60-.70,
PENDLE/USDT,2025-04-05,LONG,0.6551,3.063,2.859,2,True,-6.6601,0.7715,.60-.70,
PENDLE/USDT,2025-04-06,LONG,0.7112,2.639,2.859,1,True,8.3365,2.3335,.70-.80,2-3x
FET/USDT,2024-08-29,LONG,0.8613,1.1252,1.2345,4,True,9.7138,0.8068,>.80,
FET/USDT,2024-08-30,LONG,0.974,1.1959,1.2345,3,True,3.2277,0.872,>.80,
FET/USDT,2024-08-31,LONG,0.9121,1.1318,1.2345,2,True,9.074,0.7708,>.80,
FET/USDT,2024-09-01,LONG,0.7178,1.1386,1.2345,1,True,8.4226,0.0871,.70-.80,
FET/USDT,2024-09-05,LONG,0.5712,1.0803,1.3371,5,False,23.7712,0.7116,.55-.60,
FET/USDT,2024-09-08,LONG,0.7167,1.1003,1.3371,2,True,21.5214,0.4703,.70-.80,
FET/USDT,2024-09-09,LONG,0.6386,1.2041,1.3371,1,True,11.0456,1.3244,.60-.70,1-1.5x
FET/USDT,2024-10-02,LONG,0.577,1.4197,1.3705,1,True,-3.4655,0.9849,.55-.60,
FET/USDT,2024-10-07,LONG,0.7855,1.4704,1.4126,4,True,-3.9309,0.047,.70-.80,
FET/USDT,2024-10-14,LONG,0.6041,1.5172,1.4262,2,True,-5.9979,1.5379,.60-.70,1.5-2x
FET/USDT,2024-10-21,LONG,0.5931,1.3853,1.3243,2,True,-4.4034,1.1384,.55-.60,1-1.5x
FET/USDT,2024-10-24,LONG,0.7153,1.3422,1.2356,2,True,-7.9422,0.3172,.70-.80,
FET/USDT,2024-10-27,LONG,0.6533,1.2748,1.3386,2,True,5.0047,0.6813,.60-.70,
FET/USDT,2024-10-28,LONG,0.6926,1.2801,1.3386,1,True,4.57,0.09,.60-.70,
FET/USDT,2024-11-02,LONG,0.6438,1.1895,1.1431,1,True,-3.9008,0.8008,.60-.70,
FET/USDT,2024-11-04,LONG,0.675,1.1308,1.4136,2,True,25.0088,0.2781,.60-.70,
FET/USDT,2024-11-15,LONG,0.9858,1.2835,1.3627,3,True,6.1706,0.6824,>.80,
FET/USDT,2024-11-16,LONG,0.989,1.3217,1.3627,2,True,3.1021,0.4756,>.80,
FET/USDT,2024-11-17,LONG,0.9861,1.2573,1.3627,1,True,8.383,0.7654,>.80,
FET/USDT,2024-11-19,LONG,0.7004,1.2926,1.2742,2,True,-1.4235,0.7754,.70-.80,
FET/USDT,2024-11-22,LONG,0.8655,1.282,1.5068,5,False,17.5351,0.093,>.80,
FET/USDT,2024-11-23,LONG,0.8186,1.4249,1.6758,5,False,17.6083,1.617,>.80,1.5-2x
FET/USDT,2024-11-25,LONG,0.6029,1.4311,1.6758,3,True,17.0987,0.9481,.60-.70,
FET/USDT,2024-11-26,LONG,0.5749,1.3772,1.6758,2,True,21.6817,0.5921,.55-.60,
FET/USDT,2024-12-02,LONG,0.6191,1.9391,2.0646,5,False,6.4721,0.8263,.60-.70,
FET/USDT,2024-12-04,LONG,0.5738,1.8621,2.055,4,True,10.3593,0.4198,.55-.60,
FET/USDT,2024-12-06,LONG,0.5638,2.134,2.055,2,True,-3.702,1.4704,.55-.60,1-1.5x
FET/USDT,2024-12-09,LONG,0.6239,1.7076,1.8195,2,True,6.5531,2.3165,.60-.70,2-3x
FET/USDT,2024-12-12,LONG,0.5711,1.7861,1.8046,1,True,1.0358,0.2487,.55-.60,
FET/USDT,2024-12-16,LONG,0.7337,1.7126,1.6104,1,True,-5.9675,0.7635,.70-.80,
FET/USDT,2024-12-18,LONG,0.7609,1.4325,1.3028,1,True,-9.0541,1.6267,.70-.80,1.5-2x
FET/USDT,2024-12-23,LONG,0.7222,1.3724,1.3946,1,True,1.6176,1.3422,.70-.80,1-1.5x
FET/USDT,2024-12-29,LONG,0.5524,1.2954,1.2885,1,True,-0.5327,0.8565,.55-.60,
FET/USDT,2025-01-01,LONG,0.6013,1.3185,1.5007,2,True,13.8187,0.6623,.60-.70,
FET/USDT,2025-01-02,LONG,0.7537,1.3837,1.5007,1,True,8.4556,0.8787,.70-.80,
FET/USDT,2025-01-05,LONG,0.5539,1.6085,1.5711,1,True,-2.3251,1.3333,.55-.60,1-1.5x
FET/USDT,2025-01-14,LONG,0.5534,1.3032,1.3342,2,True,2.3788,0.986,.55-.60,
FET/USDT,2025-01-18,LONG,0.5913,1.309,1.186,2,True,-9.3965,1.3594,.55-.60,1-1.5x
FET/USDT,2025-01-19,LONG,0.5614,1.1734,1.186,1,True,1.0738,1.8644,.55-.60,1.5-2x
FET/USDT,2025-01-23,LONG,0.8013,1.2432,1.2264,1,True,-1.3514,0.5199,>.80,
FET/USDT,2025-01-26,LONG,0.6647,1.1791,1.046,4,True,-11.2883,0.4517,.60-.70,
FET/USDT,2025-01-27,LONG,0.562,1.1177,1.046,3,True,-6.415,1.0895,.55-.60,1-1.5x
FET/USDT,2025-01-29,LONG,0.601,0.9923,1.046,1,True,5.4117,0.2648,.60-.70,
FET/USDT,2025-01-31,LONG,0.5959,1.0276,0.8626,3,True,-16.0568,0.3196,.55-.60,
FET/USDT,2025-02-01,LONG,0.7928,0.9343,0.8626,2,True,-7.6742,1.5687,.70-.80,1.5-2x
FET/USDT,2025-02-02,LONG,0.8554,0.8222,0.8626,1,True,4.9136,1.9276,>.80,1.5-2x
FET/USDT,2025-02-06,LONG,0.9477,0.7133,0.7687,4,True,7.7667,1.0812,>.80,1-1.5x
FET/USDT,2025-02-07,LONG,0.7125,0.7281,0.7687,3,True,5.5762,0.3458,.70-.80,
FET/USDT,2025-02-08,LONG,0.6252,0.7342,0.7687,2,True,4.699,0.1453,.60-.70,
FET/USDT,2025-02-09,LONG,0.9492,0.7691,0.7687,1,True,-0.052,0.8014,>.80,
FET/USDT,2025-02-13,LONG,0.8001,0.7771,0.7576,4,True,-2.5093,0.9539,>.80,
FET/USDT,2025-02-14,LONG,0.7508,0.8089,0.7576,3,True,-6.3419,0.6838,.70-.80,
FET/USDT,2025-02-16,LONG,0.6971,0.7796,0.7576,1,True,-2.822,0.1771,.60-.70,
FET/USDT,2025-02-18,LONG,0.5809,0.7304,0.7748,2,True,6.0789,0.6604,.55-.60,
FET/USDT,2025-02-23,LONG,0.7154,0.7571,0.6646,2,True,-12.2177,0.8541,.70-.80,
FET/USDT,2025-02-28,LONG,0.6245,0.6527,0.6186,5,False,-5.2245,0.1205,.60-.70,
FET/USDT,2025-03-02,LONG,0.6509,0.7478,0.6186,3,True,-17.2773,2.8046,.60-.70,2-3x
FET/USDT,2025-03-06,LONG,0.9322,0.6295,0.4818,5,False,-23.4631,0.2549,>.80,
FET/USDT,2025-03-07,LONG,0.5702,0.5839,0.4818,4,True,-17.4859,1.0338,.55-.60,1-1.5x
FET/USDT,2025-03-09,LONG,0.9684,0.5289,0.4818,2,True,-8.9053,1.6372,>.80,1.5-2x
FET/USDT,2025-03-10,LONG,0.659,0.4617,0.4818,1,True,4.3535,1.6108,.60-.70,1.5-2x
FET/USDT,2025-03-12,LONG,0.6512,0.5022,0.5178,2,True,3.1063,0.5379,.60-.70,
FET/USDT,2025-03-13,LONG,0.6347,0.4973,0.5178,1,True,4.1223,0.124,.60-.70,
FET/USDT,2025-03-19,LONG,0.6613,0.5492,0.5233,1,True,-4.716,0.8734,.60-.70,
FET/USDT,2025-03-21,LONG,0.6634,0.5018,0.5135,1,True,2.3316,0.523,.60-.70,
FET/USDT,2025-03-31,LONG,0.6464,0.4539,0.4305,2,True,-5.1553,0.7595,.60-.70,
FET/USDT,2025-04-01,LONG,0.63,0.4692,0.4305,1,True,-8.2481,0.8195,.60-.70,
FET/USDT,2025-04-04,LONG,0.6598,0.4436,0.3922,3,True,-11.587,0.446,.60-.70,
FET/USDT,2025-04-06,LONG,0.8994,0.3844,0.3922,1,True,2.0291,2.345,>.80,2-3x
W/USDT,2024-08-27,LONG,0.7156,0.226,0.209,4,True,-7.5221,0.7724,.70-.80,
W/USDT,2024-09-01,LONG,0.8373,0.1984,0.2107,1,True,6.1996,1.0683,>.80,1-1.5x
W/USDT,2024-09-03,LONG,0.7181,0.1971,0.2038,1,True,3.3993,1.2841,.70-.80,1-1.5x
W/USDT,2024-09-05,LONG,0.6111,0.2009,0.2012,3,True,0.1493,0.283,.60-.70,
W/USDT,2024-09-13,LONG,0.8039,0.2113,0.1997,2,True,-5.4898,0.6968,>.80,
W/USDT,2024-09-14,LONG,0.6062,0.2074,0.1997,1,True,-3.7126,0.4566,.60-.70,
W/USDT,2024-09-19,LONG,0.6448,0.2285,0.2396,2,True,4.8578,1.9627,.60-.70,1.5-2x
W/USDT,2024-09-25,LONG,0.5764,0.2508,0.3126,4,True,24.6411,0.603,.55-.60,
W/USDT,2024-09-26,LONG,0.6341,0.2941,0.3126,3,True,6.2904,3.4089,.60-.70,3-5x
W/USDT,2024-09-27,LONG,0.593,0.3251,0.3126,2,True,-3.845,1.955,.55-.60,1.5-2x
W/USDT,2024-10-02,LONG,0.6175,0.3438,0.3275,2,True,-4.7411,2.0018,.60-.70,2-3x
W/USDT,2024-10-03,LONG,0.5665,0.318,0.3275,1,True,2.9874,1.074,.55-.60,1-1.5x
W/USDT,2024-10-06,LONG,0.8687,0.3431,0.3234,1,True,-5.7418,0.0842,>.80,
W/USDT,2024-10-08,LONG,0.6044,0.3138,0.3023,1,True,-3.6648,0.425,.60-.70,
W/USDT,2024-10-10,LONG,0.7585,0.3011,0.3075,5,False,2.1255,0.0572,.70-.80,
W/USDT,2024-10-11,LONG,0.5619,0.3155,0.2967,5,False,-5.9588,0.6848,.55-.60,
W/USDT,2024-10-13,LONG,0.5519,0.3079,0.2901,5,False,-5.7811,0.5969,.55-.60,
W/USDT,2024-10-14,LONG,0.5647,0.3265,0.2901,4,True,-11.1485,0.8668,.55-.60,
W/USDT,2024-10-15,LONG,0.6995,0.3075,0.2901,3,True,-5.6585,0.8184,.60-.70,
W/USDT,2024-10-17,LONG,0.5959,0.2873,0.2901,1,True,0.9746,0.5633,.55-.60,
W/USDT,2024-10-24,LONG,0.6134,0.2729,0.2424,3,True,-11.1763,0.388,.60-.70,
W/USDT,2024-10-26,LONG,0.5604,0.2437,0.2424,1,True,-0.5334,0.2429,.55-.60,
W/USDT,2024-11-01,LONG,0.5877,0.215,0.2345,5,False,9.0698,0.8296,.55-.60,
W/USDT,2024-11-05,LONG,0.5895,0.2069,0.2345,1,True,13.3398,1.2362,.55-.60,1-1.5x
W/USDT,2024-11-11,LONG,0.8679,0.2813,0.2524,1,True,-10.2737,0.892,>.80,
W/USDT,2024-11-15,LONG,0.9846,0.2354,0.2197,5,False,-6.6695,0.4397,>.80,
W/USDT,2024-11-16,LONG,0.9455,0.2519,0.2197,4,True,-12.7829,1.1584,>.80,1-1.5x
W/USDT,2024-11-17,LONG,0.6864,0.2466,0.2197,3,True,-10.9084,0.3478,.60-.70,
W/USDT,2024-11-18,LONG,0.5509,0.2568,0.2197,2,True,-14.447,0.6822,.55-.60,
W/USDT,2024-11-19,LONG,0.628,0.2423,0.2197,1,True,-9.3273,0.9136,.60-.70,
W/USDT,2024-11-25,LONG,0.6213,0.275,0.2667,1,True,-3.0182,0.6371,.60-.70,
W/USDT,2024-11-30,LONG,0.5549,0.3259,0.3434,1,True,5.3697,0.8963,.55-.60,
W/USDT,2024-12-03,LONG,0.5713,0.3631,0.3724,1,True,2.5613,0.9471,.55-.60,
W/USDT,2024-12-16,LONG,0.5918,0.3307,0.2789,4,True,-15.6637,1.0409,.55-.60,1-1.5x
W/USDT,2024-12-17,LONG,0.635,0.315,0.2789,3,True,-11.4603,0.7838,.60-.70,
W/USDT,2024-12-18,LONG,0.89,0.2946,0.2789,2,True,-5.3293,1.038,>.80,1-1.5x
W/USDT,2024-12-23,LONG,0.8888,0.2909,0.2953,1,True,1.5125,1.742,>.80,1.5-2x
W/USDT,2024-12-25,LONG,0.6433,0.2919,0.2937,5,False,0.6166,0.1671,.60-.70,
W/USDT,2025-01-03,LONG,0.6115,0.3184,0.3117,1,True,-2.1043,0.7099,.60-.70,
W/USDT,2025-01-13,LONG,0.5658,0.239,0.2569,3,True,7.4895,0.9544,.55-.60,
W/USDT,2025-01-14,LONG,0.6149,0.2463,0.2569,2,True,4.3037,0.6397,.60-.70,
W/USDT,2025-01-18,LONG,0.6681,0.2548,0.2384,3,True,-6.4364,1.259,.60-.70,1-1.5x
W/USDT,2025-01-19,LONG,0.6026,0.2301,0.2384,2,True,3.6071,2.0398,.60-.70,2-3x
W/USDT,2025-01-26,LONG,0.8425,0.2202,0.2012,2,True,-8.6285,0.5398,>.80,
W/USDT,2025-01-27,LONG,0.5746,0.2152,0.2012,1,True,-6.5056,0.6021,.55-.60,
W/USDT,2025-01-29,LONG,0.6257,0.2152,0.2426,1,True,12.7323,1.6208,.60-.70,1.5-2x
W/USDT,2025-02-01,LONG,0.6482,0.2328,0.2082,1,True,-10.567,1.317,.60-.70,1-1.5x
W/USDT,2025-02-07,LONG,0.6928,0.1648,0.1719,2,True,4.3083,0.4717,.60-.70,
W/USDT,2025-02-10,LONG,0.589,0.1761,0.1744,1,True,-0.9654,0.4163,.55-.60,
W/USDT,2025-02-15,LONG,0.6678,0.1783,0.172,5,False,-3.5334,0.5468,.60-.70,
W/USDT,2025-02-17,LONG,0.5716,0.1755,0.172,3,True,-1.9943,0.1415,.55-.60,
W/USDT,2025-02-23,LONG,0.5665,0.1629,0.1405,5,False,-13.7508,0.3935,.55-.60,
W/USDT,2025-02-27,LONG,0.8154,0.1406,0.1405,1,True,-0.0711,0.284,>.80,
W/USDT,2025-03-01,LONG,0.5591,0.1355,0.1457,1,True,7.5277,0.7265,.55-.60,
W/USDT,2025-03-06,LONG,0.6346,0.1053,0.0866,5,False,-17.7588,0.7527,.60-.70,
W/USDT,2025-03-07,LONG,0.6288,0.0999,0.0866,4,True,-13.3133,0.7884,.60-.70,
W/USDT,2025-03-09,LONG,0.5865,0.0874,0.0866,2,True,-0.9153,1.8225,.55-.60,1.5-2x
W/USDT,2025-03-10,LONG,0.7147,0.084,0.0866,1,True,3.0952,0.5686,.70-.80,
W/USDT,2025-03-12,LONG,0.7841,0.09,0.0875,2,True,-2.7778,0.5692,.70-.80,
W/USDT,2025-03-13,LONG,0.7463,0.0842,0.0875,1,True,3.9192,0.9325,.70-.80,
W/USDT,2025-03-19,LONG,0.9448,0.08835,0.08255,1,True,-6.5648,0.4779,>.80,
W/USDT,2025-03-21,LONG,0.864,0.08247,0.10609,3,True,28.6407,0.0143,>.80,
W/USDT,2025-03-23,LONG,0.9272,0.10825,0.10609,1,True,-1.9954,2.8795,>.80,2-3x
W/USDT,2025-03-27,LONG,0.5826,0.10127,0.079,5,False,-21.9907,0.2767,.55-.60,
W/USDT,2025-03-28,LONG,0.5663,0.09196,0.07885,5,False,-14.2562,1.2184,.55-.60,1-1.5x
W/USDT,2025-04-01,LONG,0.565,0.079,0.08216,4,True,4.0,0.5033,.55-.60,
W/USDT,2025-04-06,LONG,0.8877,0.07388,0.07394,1,True,0.0812,1.2862,>.80,1-1.5x
ENA/USDT,2025-11-29,LONG,0.673,0.2835,0.2591,1,True,-8.6067,0.096,.60-.70,
ENA/USDT,2025-12-02,LONG,0.575,0.2695,0.2971,1,True,10.2412,1.8788,.55-.60,1.5-2x
ENA/USDT,2025-12-10,LONG,0.5567,0.2596,0.2188,5,False,-15.7165,1.1674,.55-.60,1-1.5x
ENA/USDT,2025-12-13,LONG,0.6089,0.2472,0.1977,5,False,-20.0243,0.078,.60-.70,
ENA/USDT,2025-12-24,LONG,0.5649,0.201,0.2106,5,False,4.7761,0.1259,.55-.60,
ENA/USDT,2025-12-25,LONG,0.8678,0.1995,0.2038,5,False,2.1554,0.204,>.80,
ENA/USDT,2025-12-26,LONG,0.7557,0.2103,0.2,5,False,-4.8978,1.3775,.70-.80,1-1.5x
ENA/USDT,2025-12-27,LONG,0.6325,0.2168,0.2176,5,False,0.369,0.7765,.60-.70,
ENA/USDT,2025-12-28,LONG,0.5816,0.208,0.2373,5,False,14.0865,1.0198,.55-.60,1-1.5x
ENA/USDT,2025-12-29,LONG,0.5995,0.2106,0.2373,4,True,12.6781,0.3192,.55-.60,
ENA/USDT,2026-01-01,LONG,0.6557,0.2176,0.2373,1,True,9.0533,2.1571,.60-.70,2-3x
ENA/USDT,2026-01-10,LONG,0.559,0.2271,0.2241,5,False,-1.321,0.556,.55-.60,
ENA/USDT,2026-01-11,LONG,0.9679,0.2283,0.2213,5,False,-3.0661,0.1275,>.80,
ENA/USDT,2026-01-12,LONG,0.9021,0.2139,0.219,5,False,2.3843,1.452,>.80,1-1.5x
ENA/USDT,2026-01-13,LONG,0.5706,0.2404,0.219,4,True,-8.9018,2.4282,.55-.60,2-3x
ENA/USDT,2026-01-14,LONG,0.7795,0.2376,0.219,3,True,-7.8283,0.2279,.70-.80,
ENA/USDT,2026-01-16,LONG,0.6611,0.2213,0.219,1,True,-1.0393,0.2411,.60-.70,
ENA/USDT,2026-01-20,LONG,0.7757,0.1796,0.1631,5,False,-9.1871,1.3745,.70-.80,1-1.5x
ENA/USDT,2026-01-22,LONG,0.6153,0.1752,0.1631,3,True,-6.9064,0.4665,.60-.70,
ENA/USDT,2026-01-23,LONG,0.85,0.1753,0.1631,2,True,-6.9595,0.0123,>.80,
ENA/USDT,2026-01-24,LONG,0.5652,0.1741,0.1631,1,True,-6.3182,0.155,.55-.60,
ENA/USDT,2026-01-26,LONG,0.5772,0.169,0.1539,4,True,-8.9349,0.7872,.55-.60,
ENA/USDT,2026-01-31,LONG,0.6417,0.1387,0.14,2,True,0.9373,1.9233,.60-.70,1.5-2x
ENA/USDT,2026-02-01,LONG,0.5577,0.1365,0.14,1,True,2.5641,0.314,.55-.60,
ENA/USDT,2026-02-06,LONG,0.6449,0.1271,0.1205,3,True,-5.1928,1.9986,.60-.70,1.5-2x
ENA/USDT,2026-02-08,LONG,0.731,0.1203,0.1205,1,True,0.1663,0.8572,.70-.80,
ENA/USDT,2026-02-11,LONG,0.609,0.1115,0.1191,1,True,6.8161,0.4738,.60-.70,
ENA/USDT,2026-02-15,LONG,0.5719,0.1217,0.1114,5,False,-8.4634,0.8802,.55-.60,
ENA/USDT,2026-02-16,LONG,0.56,0.1231,0.1079,5,False,-12.3477,0.1936,.55-.60,
ENA/USDT,2026-02-17,LONG,0.6121,0.1206,0.1,5,False,-17.0813,0.3419,.60-.70,
ENA/USDT,2026-02-19,LONG,0.5812,0.1108,0.0979,5,False,-11.6426,0.6347,.55-.60,
ENA/USDT,2026-02-20,LONG,0.6157,0.1114,0.0979,4,True,-12.1185,0.1,.60-.70,
ENA/USDT,2026-02-22,LONG,0.5759,0.1,0.0979,2,True,-2.1,1.3216,.55-.60,1-1.5x
ENA/USDT,2026-02-23,LONG,0.5507,0.0984,0.0979,1,True,-0.5081,0.2889,.55-.60,
ENA/USDT,2026-02-25,LONG,0.6845,0.1094,0.10414,3,True,-4.808,2.1943,.60-.70,2-3x
ENA/USDT,2026-02-26,LONG,0.6613,0.10518,0.10414,2,True,-0.9888,0.8248,.60-.70,
ENA/USDT,2026-03-01,LONG,0.6685,0.10359,0.11115,2,True,7.298,0.1144,.60-.70,
ENA/USDT,2026-03-02,LONG,0.7314,0.11388,0.11115,1,True,-2.3973,1.9618,.70-.80,1.5-2x
ENA/USDT,2026-03-04,LONG,0.6707,0.11749,0.11518,1,True,-1.9661,1.1442,.60-.70,1-1.5x
ENA/USDT,2026-03-07,LONG,0.6455,0.10093,0.09878,1,True,-2.1302,0.7275,.60-.70,
ENA/USDT,2026-03-09,LONG,0.623,0.10102,0.10799,5,False,6.8996,0.4441,.60-.70,
ENA/USDT,2026-03-18,LONG,0.586,0.1083,0.09913,3,True,-8.4672,1.5712,.55-.60,1.5-2x
ENA/USDT,2026-03-19,LONG,0.7007,0.10309,0.09913,2,True,-3.8413,1.0272,.70-.80,1-1.5x
ENA/USDT,2026-03-23,LONG,0.5773,0.09383,0.09057,5,False,-3.4744,0.4134,.55-.60,
ENA/USDT,2026-03-29,LONG,0.6814,0.08984,0.09098,2,True,1.2689,0.1749,.60-.70,
ENA/USDT,2026-03-30,LONG,0.9679,0.09124,0.09098,1,True,-0.285,0.3389,>.80,
ENA/USDT,2026-04-05,LONG,0.894,0.08071,0.09452,5,False,17.1106,0.1699,>.80,
ENA/USDT,2026-04-06,LONG,0.9232,0.08173,0.0961,5,False,17.5823,0.2881,>.80,
ENA/USDT,2026-04-08,LONG,0.5895,0.08808,0.0961,3,True,9.1054,0.6159,.55-.60,
ENA/USDT,2026-04-09,LONG,0.7975,0.09042,0.0961,2,True,6.2818,0.5273,.70-.80,
ENA/USDT,2026-04-13,LONG,0.5846,0.10093,0.09934,2,True,-1.5753,1.8683,.55-.60,1.5-2x
ENA/USDT,2026-04-14,LONG,0.9137,0.09636,0.09934,1,True,3.0926,0.8394,>.80,
ENA/USDT,2026-04-18,LONG,0.7963,0.11999,0.10979,5,False,-8.5007,0.6603,.70-.80,
ENA/USDT,2026-04-20,LONG,0.6756,0.11203,0.10739,5,False,-4.1417,0.0697,.60-.70,
ENA/USDT,2026-04-22,LONG,0.627,0.10646,0.10944,4,True,2.7992,0.8041,.60-.70,
ENA/USDT,2026-04-23,LONG,0.851,0.10979,0.10944,3,True,-0.3188,0.5267,>.80,
ENA/USDT,2026-04-27,LONG,0.5577,0.10719,0.10393,2,True,-3.0413,0.3668,.55-.60,
ENA/USDT,2026-05-02,LONG,0.61,0.10257,0.12079,4,True,17.7635,0.0913,.60-.70,
ENA/USDT,2026-05-05,LONG,0.5806,0.10958,0.12079,1,True,10.23,1.8117,.55-.60,1.5-2x
ENA/USDT,2026-05-13,LONG,0.8785,0.11667,0.12079,1,True,3.5313,0.9273,>.80,
ENA/USDT,2026-05-15,LONG,0.5543,0.11104,0.10694,1,True,-3.6924,1.6561,.55-.60,1.5-2x
ENA/USDT,2026-05-17,LONG,0.6431,0.10452,0.10583,3,True,1.2533,0.458,.60-.70,
ENA/USDT,2026-05-21,LONG,0.6177,0.10691,0.09687,5,False,-9.3911,0.2048,.60-.70,
ENA/USDT,2026-05-25,LONG,0.6026,0.10019,0.09687,1,True,-3.3137,0.3026,.60-.70,
ENA/USDT,2026-05-27,LONG,0.5529,0.0933,0.08679,2,True,-6.9775,0.8765,.55-.60,
ENA/USDT,2026-05-28,LONG,0.5895,0.08821,0.08679,1,True,-1.6098,1.6331,.55-.60,1.5-2x
ENA/USDT,2026-05-31,LONG,0.6204,0.08812,0.09456,4,True,7.3082,0.0842,.60-.70,
ENA/USDT,2026-06-01,LONG,0.7311,0.0888,0.09456,3,True,6.4865,0.2348,.70-.80,
ENA/USDT,2026-06-02,LONG,0.6092,0.0944,0.09456,2,True,0.1695,1.7246,.60-.70,1.5-2x
ENA/USDT,2026-06-03,LONG,0.9408,0.11218,0.09456,1,True,-15.7069,3.3108,>.80,3-5x
ENA/USDT,2026-06-07,LONG,0.9876,0.08983,0.08538,1,True,-4.9538,0.0155,>.80,
ENA/USDT,2026-06-09,LONG,0.7375,0.08041,0.07982,2,True,-0.7337,0.8857,.70-.80,
STRK/USDT,2024-09-05,LONG,0.6322,0.3943,0.4281,2,True,8.5722,0.3452,.60-.70,
STRK/USDT,2024-09-06,LONG,0.6581,0.4016,0.4281,1,True,6.5986,0.3569,.60-.70,
STRK/USDT,2024-09-08,LONG,0.6199,0.4342,0.433,1,True,-0.2764,0.2671,.60-.70,
STRK/USDT,2024-09-13,LONG,0.8719,0.4095,0.3897,2,True,-4.8352,0.3456,>.80,
STRK/USDT,2024-09-14,LONG,0.7977,0.4,0.3897,1,True,-2.575,0.4796,.70-.80,
STRK/USDT,2024-09-16,LONG,0.6016,0.3709,0.3898,2,True,5.0957,1.0605,.60-.70,1-1.5x
STRK/USDT,2024-09-19,LONG,0.5545,0.3917,0.4123,2,True,5.2591,0.1068,.55-.60,
STRK/USDT,2024-09-25,LONG,0.6244,0.4373,0.4395,5,False,0.5031,1.3141,.60-.70,1-1.5x
STRK/USDT,2024-09-29,LONG,0.5642,0.4751,0.389,2,True,-18.1225,0.5665,.55-.60,
STRK/USDT,2024-09-30,LONG,0.67,0.4395,0.389,1,True,-11.4903,1.7859,.60-.70,1.5-2x
STRK/USDT,2024-10-02,LONG,0.563,0.3698,0.3862,2,True,4.4348,1.005,.55-.60,1-1.5x
STRK/USDT,2024-10-10,LONG,0.592,0.39,0.4059,1,True,4.0769,0.7513,.55-.60,
STRK/USDT,2024-10-13,LONG,0.7022,0.4206,0.4262,2,True,1.3314,0.0575,.70-.80,
STRK/USDT,2024-10-16,LONG,0.5587,0.4137,0.405,2,True,-2.103,0.6401,.55-.60,
STRK/USDT,2024-10-17,LONG,0.597,0.3934,0.405,1,True,2.9487,1.0625,.55-.60,1-1.5x
STRK/USDT,2024-10-24,LONG,0.7073,0.4016,0.3703,2,True,-7.7938,0.1274,.70-.80,
STRK/USDT,2024-10-25,LONG,0.6753,0.3599,0.3703,1,True,2.8897,2.4362,.60-.70,2-3x
STRK/USDT,2024-10-27,LONG,0.6396,0.379,0.3923,3,True,3.5092,0.5491,.60-.70,
STRK/USDT,2024-10-28,LONG,0.6104,0.377,0.3923,2,True,4.0584,0.1233,.60-.70,
STRK/USDT,2024-11-09,LONG,0.7543,0.4543,0.4565,1,True,0.4843,2.0519,.70-.80,2-3x
STRK/USDT,2024-11-13,LONG,0.7105,0.4707,0.4335,1,True,-7.9031,0.89,.70-.80,
STRK/USDT,2024-11-15,LONG,0.9886,0.4466,0.4492,5,False,0.5822,0.41,>.80,
STRK/USDT,2024-11-16,LONG,0.9951,0.4701,0.5047,5,False,7.3601,0.7088,>.80,
STRK/USDT,2024-11-17,LONG,0.9143,0.4512,0.5341,5,False,18.3732,0.5353,>.80,
STRK/USDT,2024-11-22,LONG,0.5816,0.5341,0.5876,3,True,10.0169,0.6911,.55-.60,
STRK/USDT,2024-11-23,LONG,0.7695,0.5744,0.5876,2,True,2.2981,0.9029,.70-.80,
STRK/USDT,2024-11-28,LONG,0.8888,0.6305,0.7115,3,True,12.8469,0.1451,>.80,
STRK/USDT,2024-11-29,LONG,0.8576,0.6269,0.7115,2,True,13.495,0.072,>.80,
STRK/USDT,2024-11-30,LONG,0.6202,0.7126,0.7115,1,True,-0.1544,1.6376,.60-.70,1.5-2x
STRK/USDT,2024-12-05,LONG,0.6096,0.7146,0.7692,2,True,7.6406,0.1695,.60-.70,
STRK/USDT,2024-12-09,LONG,0.6151,0.6214,0.6585,4,True,5.9704,2.6362,.60-.70,2-3x
STRK/USDT,2024-12-11,LONG,0.6324,0.6548,0.6585,2,True,0.5651,0.8822,.60-.70,
STRK/USDT,2024-12-14,LONG,0.6952,0.623,0.5867,3,True,-5.8266,0.7933,.60-.70,
STRK/USDT,2024-12-15,LONG,0.9658,0.6489,0.5867,2,True,-9.5855,0.6136,>.80,
STRK/USDT,2024-12-16,LONG,0.61,0.6279,0.5867,1,True,-6.5616,0.4747,.60-.70,
STRK/USDT,2024-12-18,LONG,0.5806,0.5252,0.5004,2,True,-4.722,1.4977,.55-.60,1-1.5x
STRK/USDT,2024-12-19,LONG,0.5886,0.4869,0.5004,1,True,2.7726,1.0194,.55-.60,1-1.5x
STRK/USDT,2024-12-23,LONG,0.9263,0.4949,0.5076,1,True,2.5662,0.9415,>.80,
STRK/USDT,2024-12-25,LONG,0.5865,0.4956,0.4715,5,False,-4.8628,0.3553,.55-.60,
STRK/USDT,2024-12-29,LONG,0.5709,0.4729,0.4687,2,True,-0.8881,0.4517,.55-.60,
STRK/USDT,2025-01-02,LONG,0.5705,0.496,0.518,1,True,4.4355,0.7738,.55-.60,
STRK/USDT,2025-01-12,LONG,0.5575,0.4297,0.4097,1,True,-4.6544,0.3345,.55-.60,
STRK/USDT,2025-01-17,LONG,0.617,0.454,0.3809,3,True,-16.1013,1.6894,.60-.70,1.5-2x
STRK/USDT,2025-01-18,LONG,0.8469,0.4193,0.3809,2,True,-9.1581,1.6861,>.80,1.5-2x
STRK/USDT,2025-01-19,LONG,0.5635,0.386,0.3809,1,True,-1.3212,1.645,.55-.60,1.5-2x
STRK/USDT,2025-01-27,LONG,0.6974,0.3603,0.3248,1,True,-9.8529,0.2382,.60-.70,
STRK/USDT,2025-01-29,LONG,0.6662,0.3396,0.3532,1,True,4.0047,0.9522,.60-.70,
STRK/USDT,2025-02-01,LONG,0.8384,0.32,0.2714,2,True,-15.1875,1.8818,>.80,1.5-2x
STRK/USDT,2025-02-02,LONG,0.8962,0.2612,0.2714,1,True,3.9051,2.8322,>.80,2-3x
STRK/USDT,2025-02-05,LONG,0.8228,0.2516,0.2459,5,False,-2.2655,0.2673,>.80,
STRK/USDT,2025-02-06,LONG,0.5595,0.2309,0.2354,5,False,1.9489,1.3724,.55-.60,1-1.5x
STRK/USDT,2025-02-07,LONG,0.7599,0.2273,0.2354,4,True,3.5636,0.2639,.70-.80,
STRK/USDT,2025-02-09,LONG,0.9339,0.238,0.2354,2,True,-1.0924,0.2503,>.80,
STRK/USDT,2025-02-15,LONG,0.822,0.2288,0.23,1,True,0.5245,0.7115,>.80,
STRK/USDT,2025-02-17,LONG,0.5742,0.2305,0.2255,2,True,-2.1692,0.036,.55-.60,
STRK/USDT,2025-02-18,LONG,0.5901,0.2209,0.2255,1,True,2.0824,0.7069,.55-.60,
STRK/USDT,2025-02-25,LONG,0.6079,0.2068,0.2156,3,True,4.2553,0.8891,.60-.70,
STRK/USDT,2025-02-26,LONG,0.5687,0.2143,0.2156,2,True,0.6066,0.7402,.55-.60,
STRK/USDT,2025-02-27,LONG,0.6777,0.2146,0.2156,1,True,0.466,0.0286,.60-.70,
STRK/USDT,2025-03-03,LONG,0.609,0.1979,0.1766,5,False,-10.763,2.2986,.60-.70,2-3x
STRK/USDT,2025-03-06,LONG,0.8439,0.1871,0.1573,5,False,-15.9273,0.0259,>.80,
STRK/USDT,2025-03-07,LONG,0.7433,0.1842,0.1573,4,True,-14.6037,0.2524,.70-.80,
STRK/USDT,2025-03-09,LONG,0.934,0.1552,0.1573,2,True,1.3531,1.8274,>.80,1.5-2x
STRK/USDT,2025-03-10,LONG,0.8849,0.1452,0.1573,1,True,8.3333,0.9625,>.80,
STRK/USDT,2025-03-13,LONG,0.72,0.1702,0.1754,1,True,3.0552,0.1322,.70-.80,
STRK/USDT,2025-03-15,LONG,0.6394,0.1872,0.1813,2,True,-3.1517,0.9154,.60-.70,
STRK/USDT,2025-03-16,LONG,0.9301,0.176,0.1813,1,True,3.0114,0.8836,>.80,
STRK/USDT,2025-03-19,LONG,0.7874,0.1765,0.1677,1,True,-4.9858,0.1281,.70-.80,
STRK/USDT,2025-03-21,LONG,0.5673,0.1615,0.176,5,False,8.9783,0.5481,.55-.60,
STRK/USDT,2025-03-23,LONG,0.5581,0.169,0.176,3,True,4.142,0.2074,.55-.60,
STRK/USDT,2025-03-25,LONG,0.5851,0.1791,0.176,1,True,-1.7309,0.2053,.55-.60,
STRK/USDT,2025-04-01,LONG,0.6148,0.15,0.1227,5,False,-18.2,0.1791,.60-.70,
STRK/USDT,2025-04-03,LONG,0.5573,0.1373,0.1203,5,False,-12.3816,0.2457,.55-.60,
STRK/USDT,2025-04-06,LONG,0.8099,0.1227,0.1203,2,True,-1.956,2.5069,>.80,2-3x
ACE/USDT,2024-08-27,LONG,0.5547,2.179,2.181,1,True,0.0918,1.2426,.55-.60,1-1.5x
ACE/USDT,2024-09-02,LONG,0.5769,2.128,1.969,1,True,-7.4718,1.5494,.55-.60,1.5-2x
ACE/USDT,2024-09-30,LONG,0.604,2.398,1.985,3,True,-17.2227,2.2198,.60-.70,2-3x
ACE/USDT,2024-10-01,LONG,0.5942,2.117,1.985,2,True,-6.2352,2.2564,.55-.60,2-3x
ACE/USDT,2024-10-02,LONG,0.6454,2.02,1.985,1,True,-1.7327,0.8884,.60-.70,
ACE/USDT,2024-10-07,LONG,0.6091,2.126,2.004,3,True,-5.7385,0.4812,.60-.70,
ACE/USDT,2024-10-08,LONG,0.5563,2.067,2.004,2,True,-3.0479,0.577,.55-.60,
ACE/USDT,2024-10-09,LONG,0.5988,1.98,2.004,1,True,1.2121,0.8632,.55-.60,
ACE/USDT,2024-10-13,LONG,0.6395,2.091,2.213,5,False,5.8345,0.2539,.60-.70,
ACE/USDT,2024-10-14,LONG,0.5547,2.316,2.213,4,True,-4.4473,1.9417,.55-.60,1.5-2x
ACE/USDT,2024-10-15,LONG,0.6967,2.246,2.213,3,True,-1.4693,0.5432,.60-.70,
ACE/USDT,2024-10-23,LONG,0.5841,2.182,1.949,2,True,-10.6783,1.4225,.55-.60,1-1.5x
ACE/USDT,2024-10-24,LONG,0.6739,2.209,1.949,1,True,-11.77,0.2677,.60-.70,
ACE/USDT,2024-10-26,LONG,0.7214,1.981,2.153,3,True,8.6825,0.3088,.70-.80,
ACE/USDT,2024-10-28,LONG,0.886,2.014,2.153,1,True,6.9017,0.0935,>.80,
ACE/USDT,2024-11-08,LONG,0.6222,2.063,2.316,2,True,12.2637,0.3217,.60-.70,
ACE/USDT,2024-11-15,LONG,0.9896,2.134,2.451,3,True,14.8547,0.1433,>.80,
ACE/USDT,2024-11-16,LONG,0.999,2.344,2.451,2,True,4.5648,1.5657,>.80,1.5-2x
ACE/USDT,2024-11-17,LONG,0.9973,2.446,2.451,1,True,0.2044,0.6884,>.80,
ACE/USDT,2024-11-20,LONG,0.7516,2.12,2.585,1,True,21.934,1.3157,.70-.80,1-1.5x
ACE/USDT,2024-11-22,LONG,0.5523,2.465,2.718,3,True,10.2637,0.5767,.55-.60,
ACE/USDT,2024-11-23,LONG,0.5745,2.645,2.718,2,True,2.7599,0.9137,.55-.60,
ACE/USDT,2024-11-26,LONG,0.5939,2.572,2.914,1,True,13.297,0.6984,.55-.60,
ACE/USDT,2024-11-28,LONG,0.5815,2.87,2.877,1,True,0.2439,0.1857,.55-.60,
ACE/USDT,2024-11-30,LONG,0.5665,3.119,3.284,2,True,5.2902,1.0307,.55-.60,1-1.5x
ACE/USDT,2024-12-04,LONG,0.5561,3.424,3.357,1,True,-1.9568,0.1153,.55-.60,
ACE/USDT,2024-12-08,LONG,0.6326,3.624,2.613,2,True,-27.8974,0.4906,.60-.70,
ACE/USDT,2024-12-09,LONG,0.5568,2.802,2.613,1,True,-6.7452,2.5082,.55-.60,2-3x
ACE/USDT,2024-12-11,LONG,0.7539,2.902,2.94,1,True,1.3094,1.3987,.70-.80,1-1.5x
ACE/USDT,2024-12-14,LONG,0.6263,2.718,2.447,3,True,-9.9706,0.7851,.60-.70,
ACE/USDT,2024-12-15,LONG,0.9371,2.803,2.447,2,True,-12.7007,0.4137,>.80,
ACE/USDT,2024-12-16,LONG,0.7077,2.693,2.447,1,True,-9.1348,0.5228,.70-.80,
ACE/USDT,2024-12-18,LONG,0.6199,2.244,2.165,5,False,-3.5205,1.126,.60-.70,1-1.5x
ACE/USDT,2024-12-19,LONG,0.6038,2.039,2.165,4,True,6.1795,1.2047,.60-.70,1-1.5x
ACE/USDT,2024-12-21,LONG,0.5736,2.044,2.165,2,True,5.9198,0.9421,.55-.60,
ACE/USDT,2024-12-22,LONG,0.5978,2.044,2.165,1,True,5.9198,0.0,.55-.60,
ACE/USDT,2025-01-14,LONG,0.6107,1.821,1.851,2,True,1.6474,1.4473,.60-.70,1-1.5x
ACE/USDT,2025-01-15,LONG,0.5647,1.922,1.851,1,True,-3.6941,1.2016,.55-.60,1-1.5x
ACE/USDT,2025-01-21,LONG,0.8538,1.657,1.552,5,False,-6.3368,0.7106,>.80,
ACE/USDT,2025-01-22,LONG,0.7095,1.614,1.552,4,True,-3.8414,0.5045,.70-.80,
ACE/USDT,2025-01-23,LONG,0.6204,1.621,1.552,3,True,-4.2566,0.0868,.60-.70,
ACE/USDT,2025-01-29,LONG,0.5594,1.399,1.452,1,True,3.7884,0.8295,.55-.60,
ACE/USDT,2025-02-01,LONG,0.6729,1.28,1.017,2,True,-20.5469,2.3178,.60-.70,2-3x
ACE/USDT,2025-02-02,LONG,0.7186,1.04,1.017,1,True,-2.2115,2.7981,.70-.80,2-3x
ACE/USDT,2025-02-05,LONG,0.8476,0.913,0.907,4,True,-0.6572,0.5022,>.80,
ACE/USDT,2025-02-06,LONG,0.7791,0.83,0.907,3,True,9.2771,1.5403,.70-.80,1.5-2x
ACE/USDT,2025-02-07,LONG,0.8897,0.84,0.907,2,True,7.9762,0.2027,>.80,
ACE/USDT,2025-02-15,LONG,0.6017,0.959,0.965,1,True,0.6257,0.6659,.60-.70,
ACE/USDT,2025-02-17,LONG,0.5882,0.94,1.0369,3,True,10.3085,0.3583,.55-.60,
ACE/USDT,2025-02-23,LONG,0.6025,1.0574,0.8984,1,True,-15.0369,0.5749,.60-.70,
ACE/USDT,2025-02-28,LONG,0.5744,0.9592,0.7952,5,False,-17.0976,0.1453,.55-.60,
ACE/USDT,2025-03-01,LONG,0.5605,0.9227,0.7719,5,False,-16.3433,0.5973,.55-.60,
ACE/USDT,2025-03-04,LONG,0.5777,0.7807,0.6519,5,False,-16.498,1.0136,.55-.60,1-1.5x
ACE/USDT,2025-03-06,LONG,0.5633,0.7719,0.6559,5,False,-15.0279,0.3902,.55-.60,
ACE/USDT,2025-03-07,LONG,0.5865,0.76,0.658,5,False,-13.4211,0.2068,.55-.60,
ACE/USDT,2025-03-12,LONG,0.5852,0.658,0.6772,2,True,2.9179,0.0433,.55-.60,
JTO/USDT,2024-08-27,LONG,0.6506,2.423,2.083,5,False,-14.0322,0.8691,.60-.70,
JTO/USDT,2024-08-29,LONG,0.565,2.352,2.194,4,True,-6.7177,0.1235,.55-.60,
JTO/USDT,2024-09-03,LONG,0.5997,2.099,1.934,4,True,-7.8609,0.9887,.55-.60,
JTO/USDT,2024-09-05,LONG,0.7295,1.984,1.934,2,True,-2.5202,1.8277,.70-.80,1.5-2x
JTO/USDT,2024-09-10,LONG,0.5819,2.001,1.906,1,True,-4.7476,0.6007,.55-.60,
JTO/USDT,2024-09-13,LONG,0.8491,2.068,2.025,4,True,-2.0793,0.8415,>.80,
JTO/USDT,2024-09-14,LONG,0.6022,2.009,2.025,3,True,0.7964,0.6935,.60-.70,
JTO/USDT,2024-09-16,LONG,0.5754,1.894,2.025,1,True,6.9166,0.6159,.55-.60,
JTO/USDT,2024-09-24,LONG,0.6039,2.4,2.492,3,True,3.8333,1.4757,.60-.70,1-1.5x
JTO/USDT,2024-09-25,LONG,0.5597,2.298,2.492,2,True,8.4421,1.0159,.55-.60,1-1.5x
JTO/USDT,2024-09-28,LONG,0.5655,2.48,2.497,1,True,0.6855,0.1154,.55-.60,
JTO/USDT,2024-10-03,LONG,0.6341,1.991,1.936,5,False,-2.7624,0.6872,.60-.70,
JTO/USDT,2024-10-04,LONG,0.6982,2.058,1.901,5,False,-7.6288,0.6984,.60-.70,
JTO/USDT,2024-10-09,LONG,0.7084,1.901,2.318,5,False,21.9358,0.4073,.70-.80,
JTO/USDT,2024-10-11,LONG,0.6472,1.906,2.208,5,False,15.8447,0.3443,.60-.70,
JTO/USDT,2024-10-12,LONG,0.7525,1.953,2.129,5,False,9.0118,0.5832,.70-.80,
JTO/USDT,2024-10-16,LONG,0.7685,2.208,2.281,3,True,3.3062,1.0916,.70-.80,1-1.5x
JTO/USDT,2024-10-17,LONG,0.5963,2.129,2.281,2,True,7.1395,0.6689,.55-.60,
JTO/USDT,2024-10-18,LONG,0.6782,2.221,2.281,1,True,2.7015,0.7909,.60-.70,
JTO/USDT,2024-10-21,LONG,0.5662,2.171,2.166,4,True,-0.2303,1.392,.55-.60,1-1.5x
JTO/USDT,2024-10-22,LONG,0.5552,2.177,2.166,3,True,-0.5053,0.0544,.55-.60,
JTO/USDT,2024-10-24,LONG,0.986,2.409,2.166,1,True,-10.0872,1.1206,>.80,1-1.5x
JTO/USDT,2024-10-28,LONG,0.7871,2.479,2.453,1,True,-1.0488,0.0748,.70-.80,
JTO/USDT,2024-10-31,LONG,0.5974,2.289,1.992,5,False,-12.9751,0.5714,.55-.60,
JTO/USDT,2024-11-01,LONG,0.6774,2.245,1.992,4,True,-11.2695,0.3162,.60-.70,
JTO/USDT,2024-11-02,LONG,0.7332,2.228,1.992,3,True,-10.5925,0.1244,.70-.80,
JTO/USDT,2024-11-06,LONG,0.6357,2.353,2.821,1,True,19.8895,2.6153,.60-.70,2-3x
JTO/USDT,2024-11-09,LONG,0.8242,3.134,3.062,1,True,-2.2974,0.7766,>.80,
JTO/USDT,2024-11-13,LONG,0.9044,3.134,2.748,3,True,-12.3165,0.4898,>.80,
JTO/USDT,2024-11-14,LONG,0.5741,2.755,2.748,2,True,-0.2541,1.4832,.55-.60,1-1.5x
JTO/USDT,2024-11-15,LONG,0.6644,2.815,2.748,1,True,-2.3801,0.2682,.60-.70,
JTO/USDT,2024-11-17,LONG,0.7511,2.859,2.946,1,True,3.043,0.5088,.70-.80,
JTO/USDT,2024-11-19,LONG,0.635,2.909,3.367,2,True,15.7442,0.1593,.60-.70,
JTO/USDT,2024-11-20,LONG,0.8308,2.728,3.367,1,True,23.4238,0.778,>.80,
JTO/USDT,2024-12-05,LONG,0.5821,3.608,3.49,1,True,-3.2705,0.0749,.55-.60,
JTO/USDT,2024-12-11,LONG,0.5842,3.883,3.978,2,True,2.4466,1.2775,.55-.60,1-1.5x
JTO/USDT,2024-12-12,LONG,0.7322,3.902,3.978,1,True,1.9477,0.1027,.70-.80,
JTO/USDT,2024-12-14,LONG,0.8012,3.675,3.489,2,True,-5.0612,1.5461,>.80,1.5-2x
JTO/USDT,2024-12-15,LONG,0.9054,3.709,3.489,1,True,-5.9315,0.1988,>.80,
JTO/USDT,2024-12-23,LONG,0.9115,3.13,3.323,5,False,6.1661,1.3163,>.80,1-1.5x
JTO/USDT,2024-12-25,LONG,0.6865,3.257,3.294,5,False,1.136,0.234,.60-.70,
JTO/USDT,2024-12-27,LONG,0.5525,3.235,3.179,5,False,-1.7311,0.5177,.55-.60,
JTO/USDT,2025-01-05,LONG,0.5821,3.108,2.731,5,False,-12.13,0.0946,.55-.60,
JTO/USDT,2025-01-09,LONG,0.5517,2.777,2.731,1,True,-1.6565,2.3579,.55-.60,2-3x
JTO/USDT,2025-01-11,LONG,0.6953,2.687,2.599,1,True,-3.275,0.3968,.60-.70,
JTO/USDT,2025-01-13,LONG,0.6411,2.43,2.488,1,True,2.3868,1.7305,.60-.70,1.5-2x
JTO/USDT,2025-01-22,LONG,0.9892,3.078,2.879,3,True,-6.4652,0.5247,>.80,
JTO/USDT,2025-01-23,LONG,0.888,2.797,2.879,2,True,2.9317,1.4713,>.80,1-1.5x
JTO/USDT,2025-01-24,LONG,0.7319,2.756,2.879,1,True,4.463,0.2372,.70-.80,
JTO/USDT,2025-01-26,LONG,0.5581,2.903,2.836,2,True,-2.308,0.1346,.55-.60,
JTO/USDT,2025-01-27,LONG,0.6609,2.902,2.836,1,True,-2.2743,0.0058,.60-.70,
JTO/USDT,2025-02-01,LONG,0.6975,3.0,2.627,4,True,-12.4333,1.6888,.60-.70,1.5-2x
JTO/USDT,2025-02-02,LONG,0.5715,2.866,2.627,3,True,-8.3391,0.6642,.55-.60,
JTO/USDT,2025-02-03,LONG,0.5721,3.105,2.627,2,True,-15.3945,1.2056,.55-.60,1-1.5x
JTO/USDT,2025-02-04,LONG,0.5689,2.941,2.627,1,True,-10.6766,0.7881,.55-.60,
JTO/USDT,2025-02-06,LONG,0.8147,2.499,2.47,1,True,-1.1605,0.7419,>.80,
JTO/USDT,2025-02-09,LONG,0.7302,2.478,2.626,2,True,5.9726,0.3323,.70-.80,
JTO/USDT,2025-02-17,LONG,0.674,2.717,2.64,1,True,-2.834,1.5421,.60-.70,1.5-2x
JTO/USDT,2025-02-24,LONG,0.7078,2.505,2.427,5,False,-3.1138,1.5937,.70-.80,1.5-2x
JTO/USDT,2025-02-25,LONG,0.6409,2.59,2.776,5,False,7.1815,0.5753,.60-.70,
JTO/USDT,2025-02-27,LONG,0.9108,2.489,2.374,5,False,-4.6203,0.6479,>.80,
JTO/USDT,2025-03-03,LONG,0.6504,2.342,2.374,1,True,1.3664,2.064,.60-.70,2-3x
JTO/USDT,2025-03-05,LONG,0.6182,2.697,2.472,2,True,-8.3426,1.8027,.60-.70,1.5-2x
JTO/USDT,2025-03-06,LONG,0.5647,2.631,2.472,1,True,-6.0433,0.3301,.55-.60,
JTO/USDT,2025-03-22,LONG,0.6411,2.13,2.18,1,True,2.3474,0.0234,.60-.70,
JTO/USDT,2025-03-31,LONG,0.7078,2.358,1.766,5,False,-25.106,1.6593,.70-.80,1.5-2x
JTO/USDT,2025-04-03,LONG,0.6313,1.988,1.559,3,True,-21.5795,0.975,.60-.70,
ORDI/USDT,2024-08-27,LONG,0.7401,29.614,27.325,2,True,-7.7295,1.0316,.70-.80,1-1.5x
ORDI/USDT,2024-08-28,LONG,0.615,26.839,27.325,1,True,1.8108,1.3456,.60-.70,1-1.5x
ORDI/USDT,2024-08-31,LONG,0.6475,27.531,26.075,1,True,-5.2886,0.2236,.60-.70,
ORDI/USDT,2024-09-06,LONG,0.7266,28.001,29.489,5,False,5.3141,0.416,.70-.80,
ORDI/USDT,2024-09-07,LONG,0.9252,28.497,29.489,4,True,3.4811,0.2387,>.80,
ORDI/USDT,2024-09-08,LONG,0.8445,28.777,29.489,3,True,2.4742,0.134,>.80,
ORDI/USDT,2024-09-09,LONG,0.5723,29.906,29.489,2,True,-1.3944,0.5318,.55-.60,
ORDI/USDT,2024-09-15,LONG,0.6216,30.873,31.7,3,True,2.6787,1.0373,.60-.70,1-1.5x
ORDI/USDT,2024-09-16,LONG,0.6105,30.178,31.7,2,True,5.0434,0.3622,.60-.70,
ORDI/USDT,2024-09-25,LONG,0.641,35.502,39.791,4,True,12.081,0.3056,.60-.70,
ORDI/USDT,2024-10-03,LONG,0.6722,32.209,34.905,5,False,8.3703,0.0193,.60-.70,
ORDI/USDT,2024-10-04,LONG,0.6209,33.686,32.791,5,False,-2.6569,0.8994,.60-.70,
ORDI/USDT,2024-10-06,LONG,0.6419,36.739,33.145,4,True,-9.7825,1.8183,.60-.70,1.5-2x
ORDI/USDT,2024-10-07,LONG,0.6982,35.517,33.145,3,True,-6.6785,0.6311,.60-.70,
ORDI/USDT,2024-10-08,LONG,0.5791,34.905,33.145,2,True,-5.0423,0.3282,.55-.60,
ORDI/USDT,2024-10-09,LONG,0.6265,32.791,33.145,1,True,1.0796,1.1726,.60-.70,1-1.5x
ORDI/USDT,2024-10-12,LONG,0.644,35.103,35.583,5,False,1.3674,0.2086,.60-.70,
ORDI/USDT,2024-10-15,LONG,0.7172,38.047,35.583,2,True,-6.4762,0.5724,.70-.80,
ORDI/USDT,2024-10-18,LONG,0.7378,37.37,35.425,3,True,-5.2047,0.9474,.70-.80,
ORDI/USDT,2024-10-19,LONG,0.5725,37.0,35.425,2,True,-4.2568,0.1867,.55-.60,
ORDI/USDT,2024-10-23,LONG,0.6095,34.185,34.206,5,False,0.0614,0.4911,.60-.70,
ORDI/USDT,2024-10-24,LONG,0.6964,34.391,34.206,4,True,-0.5379,0.1281,.60-.70,
ORDI/USDT,2024-10-26,LONG,0.5969,31.596,34.206,2,True,8.2605,0.4873,.55-.60,
ORDI/USDT,2024-10-27,LONG,0.75,33.3,34.206,1,True,2.7207,1.0968,.70-.80,1-1.5x
ORDI/USDT,2024-10-29,LONG,0.6596,36.336,33.679,2,True,-7.3123,1.2671,.60-.70,1-1.5x
ORDI/USDT,2024-11-02,LONG,0.7034,32.97,31.393,1,True,-4.7831,0.0692,.70-.80,
ORDI/USDT,2024-11-04,LONG,0.5917,30.232,35.532,4,True,17.5311,0.8733,.55-.60,
ORDI/USDT,2024-11-06,LONG,0.8053,35.857,35.532,2,True,-0.9064,2.6896,>.80,2-3x
ORDI/USDT,2024-11-10,LONG,0.8491,39.674,45.773,1,True,15.3728,0.8943,>.80,
ORDI/USDT,2024-11-12,LONG,0.7472,41.651,38.034,2,True,-8.6841,1.3583,.70-.80,1-1.5x
ORDI/USDT,2024-11-15,LONG,0.9958,38.702,38.745,3,True,0.1111,0.274,>.80,
ORDI/USDT,2024-11-16,LONG,0.9987,38.953,38.745,2,True,-0.534,0.1024,>.80,
ORDI/USDT,2024-11-17,LONG,0.9637,37.702,38.745,1,True,2.7664,0.5028,>.80,
ORDI/USDT,2024-11-19,LONG,0.6293,37.723,39.894,5,False,5.7551,0.4229,.60-.70,
ORDI/USDT,2024-12-07,LONG,0.7891,48.652,48.568,1,True,-0.1727,0.407,.70-.80,
ORDI/USDT,2024-12-10,LONG,0.8507,33.367,36.115,1,True,8.2357,1.6498,>.80,1.5-2x
ORDI/USDT,2024-12-13,LONG,0.639,36.481,34.052,4,True,-6.6583,0.0498,.60-.70,
ORDI/USDT,2024-12-14,LONG,0.6097,34.627,34.052,3,True,-1.6606,0.6468,.60-.70,
ORDI/USDT,2024-12-15,LONG,0.773,35.701,34.052,2,True,-4.6189,0.393,.70-.80,
ORDI/USDT,2024-12-16,LONG,0.6983,35.307,34.052,1,True,-3.5545,0.141,.60-.70,
ORDI/USDT,2024-12-18,LONG,0.644,29.715,27.881,2,True,-6.172,1.5738,.60-.70,1.5-2x
ORDI/USDT,2024-12-19,LONG,0.618,25.653,27.881,1,True,8.6851,1.5992,.60-.70,1.5-2x
ORDI/USDT,2024-12-23,LONG,0.8046,27.635,27.264,5,False,-1.3425,0.5108,>.80,
ORDI/USDT,2024-12-25,LONG,0.6486,27.25,27.264,3,True,0.0514,0.4309,.60-.70,
ORDI/USDT,2024-12-27,LONG,0.6895,26.239,27.264,1,True,3.9064,0.3575,.60-.70,
ORDI/USDT,2025-01-06,LONG,0.6276,29.59,25.31,1,True,-14.4643,0.2505,.60-.70,
ORDI/USDT,2025-01-19,LONG,0.5648,21.279,19.802,5,False,-6.9411,2.1148,.55-.60,2-3x
ORDI/USDT,2025-01-20,LONG,0.65,19.039,19.802,4,True,4.0076,1.6149,.60-.70,1.5-2x
ORDI/USDT,2025-01-22,LONG,0.8051,20.304,19.802,2,True,-2.4724,0.0682,>.80,
ORDI/USDT,2025-01-23,LONG,0.8976,20.306,19.802,1,True,-2.482,0.0015,>.80,
ORDI/USDT,2025-01-28,LONG,0.5701,17.176,18.127,1,True,5.5368,1.4219,.55-.60,1-1.5x
ORDI/USDT,2025-02-01,LONG,0.8447,17.349,11.177,5,False,-35.5755,1.9393,>.80,1.5-2x
ORDI/USDT,2025-02-02,LONG,0.9659,13.795,11.177,5,False,-18.9779,2.6372,>.80,2-3x
ORDI/USDT,2025-02-03,LONG,0.9946,13.525,12.172,5,False,-10.0037,0.2585,>.80,
ORDI/USDT,2025-02-05,LONG,0.729,12.324,12.216,4,True,-0.8763,0.4652,.70-.80,
ORDI/USDT,2025-02-06,LONG,0.7367,11.177,12.216,3,True,9.2959,1.2819,.70-.80,1-1.5x
ORDI/USDT,2025-02-07,LONG,0.6718,11.177,12.216,2,True,9.2959,0.0,.60-.70,
ORDI/USDT,2025-02-18,LONG,0.555,11.685,13.132,4,True,12.3834,0.7044,.55-.60,
ORDI/USDT,2025-03-05,LONG,0.6162,10.723,9.201,2,True,-14.1938,0.4928,.60-.70,
ORDI/USDT,2025-03-08,LONG,0.6981,9.232,8.611,5,False,-6.7266,0.0422,.60-.70,
ORDI/USDT,2025-03-12,LONG,0.6703,8.802,8.611,1,True,-2.17,0.4367,.60-.70,
ORDI/USDT,2025-03-22,LONG,0.5848,10.108,9.926,1,True,-1.8006,0.8685,.55-.60,
ORDI/USDT,2025-04-05,LONG,0.5821,6.98,6.395,2,True,-8.3811,0.5513,.55-.60,
ORDI/USDT,2025-04-06,LONG,0.5996,6.002,6.395,1,True,6.5478,2.5117,.55-.60,2-3x
NOT/USDT,2024-09-10,LONG,0.5538,0.008302,0.007775,2,True,-6.3479,0.0717,.55-.60,
NOT/USDT,2024-09-13,LONG,0.651,0.007921,0.007566,5,False,-4.4818,0.3772,.60-.70,
NOT/USDT,2024-09-14,LONG,0.6412,0.007762,0.007566,4,True,-2.5251,0.4222,.60-.70,
NOT/USDT,2024-09-16,LONG,0.6531,0.007197,0.007566,2,True,5.1271,1.1927,.60-.70,1-1.5x
NOT/USDT,2024-09-19,LONG,0.5825,0.007796,0.007651,2,True,-1.8599,0.7572,.55-.60,
NOT/USDT,2024-09-27,LONG,0.5933,0.009975,0.009303,1,True,-6.7368,3.2764,.55-.60,3-5x
NOT/USDT,2024-09-30,LONG,0.645,0.008455,0.007513,1,True,-11.1413,1.4436,.60-.70,1-1.5x
NOT/USDT,2024-10-07,LONG,0.5975,0.008012,0.007882,5,False,-1.6226,0.5616,.55-.60,
NOT/USDT,2024-10-09,LONG,0.5531,0.00739,0.008495,5,False,14.9526,0.7014,.55-.60,
NOT/USDT,2024-10-18,LONG,0.5956,0.008179,0.00825,1,True,0.8681,0.9421,.55-.60,
NOT/USDT,2024-10-23,LONG,0.6507,0.007561,0.007688,1,True,1.6797,1.1794,.60-.70,1-1.5x
NOT/USDT,2024-10-27,LONG,0.561,0.007023,0.007138,2,True,1.6375,0.8355,.55-.60,
NOT/USDT,2024-10-28,LONG,0.7576,0.007034,0.007138,1,True,1.4785,0.0312,.70-.80,
NOT/USDT,2024-10-31,LONG,0.6523,0.006487,0.006022,5,False,-7.1682,1.1604,.60-.70,1-1.5x
NOT/USDT,2024-11-08,LONG,0.6106,0.00624,0.007592,2,True,21.6667,0.729,.60-.70,
NOT/USDT,2024-11-11,LONG,0.9033,0.007867,0.007601,1,True,-3.3812,0.4871,>.80,
NOT/USDT,2024-11-13,LONG,0.7947,0.007334,0.007561,1,True,3.0952,0.4731,.70-.80,
NOT/USDT,2024-11-15,LONG,0.9991,0.007487,0.00755,2,True,0.8415,0.1472,>.80,
NOT/USDT,2024-11-16,LONG,0.9638,0.007706,0.00755,1,True,-2.0244,0.4418,>.80,
NOT/USDT,2024-11-18,LONG,0.5947,0.007787,0.007424,1,True,-4.6616,0.4707,.55-.60,
NOT/USDT,2024-11-21,LONG,0.6496,0.007407,0.007298,1,True,-1.4716,1.001,.60-.70,1-1.5x
NOT/USDT,2024-11-25,LONG,0.6004,0.008763,0.008797,3,True,0.388,0.8665,.60-.70,
NOT/USDT,2024-11-26,LONG,0.8009,0.008316,0.008797,2,True,5.784,0.6597,>.80,
NOT/USDT,2024-11-27,LONG,0.813,0.00867,0.008797,1,True,1.4648,0.5519,>.80,
NOT/USDT,2024-11-30,LONG,0.5843,0.009247,0.008946,1,True,-3.2551,0.4172,.55-.60,
NOT/USDT,2024-12-05,LONG,0.7108,0.009472,0.009662,1,True,2.0059,0.1157,.70-.80,
NOT/USDT,2024-12-07,LONG,0.6538,0.009895,0.009885,1,True,-0.1011,0.4014,.60-.70,
NOT/USDT,2024-12-10,LONG,0.5847,0.007425,0.008337,1,True,12.2828,0.2763,.55-.60,
NOT/USDT,2024-12-16,LONG,0.6449,0.007875,0.007457,1,True,-5.3079,0.5211,.60-.70,
NOT/USDT,2024-12-18,LONG,0.7882,0.006822,0.00661,2,True,-3.1076,1.2126,.70-.80,1-1.5x
NOT/USDT,2024-12-19,LONG,0.5548,0.006243,0.00661,1,True,5.8786,1.1855,.55-.60,1-1.5x
NOT/USDT,2024-12-23,LONG,0.696,0.006649,0.006526,5,False,-1.8499,0.9063,.60-.70,
NOT/USDT,2024-12-25,LONG,0.5718,0.006735,0.006246,4,True,-7.2606,0.2753,.55-.60,
NOT/USDT,2024-12-27,LONG,0.5573,0.006402,0.006246,2,True,-2.4367,0.2824,.55-.60,
NOT/USDT,2024-12-30,LONG,0.5673,0.006233,0.006789,5,False,8.9203,0.0388,.55-.60,
NOT/USDT,2025-01-15,LONG,0.5887,0.006549,0.006134,1,True,-6.3368,1.0025,.55-.60,1-1.5x
NOT/USDT,2025-01-18,LONG,0.6046,0.005912,0.005213,2,True,-11.8234,1.5981,.60-.70,1.5-2x
NOT/USDT,2025-01-21,LONG,0.7663,0.005307,0.004902,5,False,-7.6314,0.323,.70-.80,
NOT/USDT,2025-01-22,LONG,0.9232,0.005213,0.004902,4,True,-5.9659,0.3196,>.80,
NOT/USDT,2025-01-24,LONG,0.5611,0.004916,0.004902,2,True,-0.2848,0.623,.55-.60,
NOT/USDT,2025-02-01,LONG,0.8252,0.003966,0.002539,5,False,-35.9808,2.2061,>.80,2-3x
NOT/USDT,2025-02-02,LONG,0.9432,0.003126,0.002539,4,True,-18.778,3.1713,>.80,3-5x
NOT/USDT,2025-02-03,LONG,0.9409,0.003045,0.002539,3,True,-16.6174,0.3901,>.80,
NOT/USDT,2025-02-05,LONG,0.6171,0.002812,0.002539,1,True,-9.7084,0.1864,.60-.70,
NOT/USDT,2025-02-07,LONG,0.9003,0.002568,0.002859,2,True,11.3318,0.1825,>.80,
NOT/USDT,2025-02-16,LONG,0.9436,0.003036,0.002956,1,True,-2.635,0.0325,>.80,
NOT/USDT,2025-02-18,LONG,0.6381,0.002954,0.002862,1,True,-3.1144,0.0101,.60-.70,
NOT/USDT,2025-02-20,LONG,0.6086,0.00302,0.003092,2,True,2.3841,0.8091,.60-.70,
NOT/USDT,2025-02-23,LONG,0.6649,0.002937,0.002729,3,True,-7.0821,0.9597,.60-.70,
NOT/USDT,2025-02-28,LONG,0.5709,0.002858,0.003192,2,True,11.6865,1.2155,.55-.60,1-1.5x
NOT/USDT,2025-03-01,LONG,0.6472,0.00274,0.003192,1,True,16.4964,0.6981,.60-.70,
NOT/USDT,2025-03-03,LONG,0.6482,0.002667,0.002778,1,True,4.162,2.0643,.60-.70,2-3x
NOT/USDT,2025-03-06,LONG,0.7481,0.002574,0.002359,1,True,-8.3528,0.1033,.70-.80,
NOT/USDT,2025-03-08,LONG,0.7305,0.00233,0.002037,5,False,-12.5751,0.1537,.70-.80,
NOT/USDT,2025-03-10,LONG,0.724,0.001965,0.002037,3,True,3.6641,0.0059,.70-.80,
NOT/USDT,2025-03-11,LONG,0.5943,0.002044,0.002037,2,True,-0.3425,0.4604,.55-.60,
NOT/USDT,2025-03-12,LONG,0.8975,0.002171,0.002037,1,True,-6.1723,0.7091,>.80,
NOT/USDT,2025-03-19,LONG,0.6449,0.002398,0.002499,4,True,4.2118,0.1682,.60-.70,
NOT/USDT,2025-03-30,LONG,0.5538,0.002283,0.002271,1,True,-0.5256,0.2634,.55-.60,
ETHFI/USDT,2024-08-27,LONG,0.7345,1.373,1.345,1,True,-2.0393,1.2434,.70-.80,1-1.5x
ETHFI/USDT,2024-09-02,LONG,0.709,1.326,1.276,2,True,-3.7707,1.5204,.70-.80,1.5-2x
ETHFI/USDT,2024-09-03,LONG,0.6283,1.252,1.276,1,True,1.9169,1.1096,.60-.70,1-1.5x
ETHFI/USDT,2024-09-13,LONG,0.753,1.397,1.339,4,True,-4.1518,0.7321,.70-.80,
ETHFI/USDT,2024-09-14,LONG,0.6094,1.359,1.339,3,True,-1.4717,0.5993,.60-.70,
ETHFI/USDT,2024-09-16,LONG,0.6779,1.253,1.339,1,True,6.8635,0.8029,.60-.70,
ETHFI/USDT,2024-09-24,LONG,0.5769,1.578,1.766,5,False,11.9138,0.7568,.55-.60,
ETHFI/USDT,2024-09-25,LONG,0.7251,1.49,1.769,5,False,18.7248,1.3706,.70-.80,1-1.5x
ETHFI/USDT,2024-10-18,LONG,0.6054,1.639,1.637,1,True,-0.122,0.6936,.60-.70,
ETHFI/USDT,2024-10-23,LONG,0.5862,1.549,1.422,5,False,-8.1988,0.8805,.55-.60,
ETHFI/USDT,2024-10-24,LONG,0.5503,1.557,1.495,5,False,-3.982,0.1049,.55-.60,
ETHFI/USDT,2024-10-28,LONG,0.7833,1.422,1.495,1,True,5.1336,0.1061,.70-.80,
ETHFI/USDT,2024-11-08,LONG,0.6626,1.577,1.679,1,True,6.468,0.1239,.60-.70,
ETHFI/USDT,2024-11-11,LONG,0.5872,1.871,1.694,1,True,-9.4602,0.4199,.55-.60,
ETHFI/USDT,2024-11-15,LONG,0.9392,1.533,1.48,5,False,-3.4573,0.8414,>.80,
ETHFI/USDT,2024-11-16,LONG,0.9545,1.679,1.909,5,False,13.6986,1.3928,>.80,1-1.5x
ETHFI/USDT,2024-11-17,LONG,0.5588,1.546,1.909,4,True,23.4799,1.1112,.55-.60,1-1.5x
ETHFI/USDT,2024-11-18,LONG,0.8796,1.692,1.909,3,True,12.8251,1.2878,>.80,1-1.5x
ETHFI/USDT,2024-11-19,LONG,0.9773,1.584,1.909,2,True,20.5177,0.8511,>.80,
ETHFI/USDT,2024-11-20,LONG,0.5795,1.48,1.909,1,True,28.9865,0.8735,.55-.60,
ETHFI/USDT,2024-11-25,LONG,0.889,2.247,2.164,1,True,-3.6938,0.1914,>.80,
ETHFI/USDT,2024-11-27,LONG,0.5577,2.532,2.382,1,True,-5.9242,1.7254,.55-.60,1.5-2x
ETHFI/USDT,2024-11-29,LONG,0.934,2.347,2.617,4,True,11.504,0.1468,>.80,
ETHFI/USDT,2024-12-01,LONG,0.9582,2.533,2.617,2,True,3.3162,0.0895,>.80,
ETHFI/USDT,2024-12-02,LONG,0.6829,2.653,2.617,1,True,-1.357,0.4886,.60-.70,
ETHFI/USDT,2024-12-04,LONG,0.5532,2.717,2.659,1,True,-2.1347,0.4182,.55-.60,
ETHFI/USDT,2024-12-08,LONG,0.6741,2.959,2.392,1,True,-19.1619,0.0114,.60-.70,
ETHFI/USDT,2024-12-14,LONG,0.5846,2.609,2.076,5,False,-20.4293,0.3589,.55-.60,
ETHFI/USDT,2024-12-15,LONG,0.7325,2.764,2.137,5,False,-22.6845,0.7859,.70-.80,
ETHFI/USDT,2024-12-18,LONG,0.5632,2.433,2.137,2,True,-12.1661,1.0208,.55-.60,1-1.5x
ETHFI/USDT,2024-12-19,LONG,0.8759,2.076,2.137,1,True,2.9383,1.9315,>.80,1.5-2x
ETHFI/USDT,2024-12-23,LONG,0.6194,2.099,2.094,5,False,-0.2382,0.9977,.60-.70,
ETHFI/USDT,2024-12-26,LONG,0.5504,1.89,2.094,2,True,10.7937,1.1131,.55-.60,1-1.5x
ETHFI/USDT,2024-12-27,LONG,0.6578,2.008,2.094,1,True,4.2829,0.8442,.60-.70,
ETHFI/USDT,2025-01-13,LONG,0.5685,1.787,2.024,3,True,13.2625,0.7806,.55-.60,
ETHFI/USDT,2025-01-18,LONG,0.5666,1.887,1.754,5,False,-7.0482,1.9481,.55-.60,1.5-2x
ETHFI/USDT,2025-01-21,LONG,0.718,1.832,1.686,3,True,-7.9694,0.4701,.70-.80,
ETHFI/USDT,2025-01-22,LONG,0.6353,1.741,1.686,2,True,-3.1591,0.8818,.60-.70,
ETHFI/USDT,2025-01-23,LONG,0.6812,1.754,1.686,1,True,-3.8769,0.1404,.60-.70,
ETHFI/USDT,2025-01-27,LONG,0.6257,1.61,1.583,3,True,-1.677,0.7722,.60-.70,
ETHFI/USDT,2025-02-01,LONG,0.7118,1.448,1.285,2,True,-11.2569,2.0256,.70-.80,2-3x
ETHFI/USDT,2025-02-02,LONG,0.9003,1.177,1.285,1,True,9.1759,2.6393,>.80,2-3x
ETHFI/USDT,2025-02-05,LONG,0.6764,1.162,1.087,1,True,-6.4544,0.2759,.60-.70,
ETHFI/USDT,2025-02-07,LONG,0.9657,1.09,1.129,3,True,3.578,0.0417,>.80,
ETHFI/USDT,2025-02-08,LONG,0.8408,1.135,1.129,2,True,-0.5286,0.6114,>.80,
ETHFI/USDT,2025-02-09,LONG,0.9874,1.115,1.129,1,True,1.2556,0.2614,>.80,
ETHFI/USDT,2025-02-12,LONG,0.7511,1.187,1.17,1,True,-1.4322,1.1796,.70-.80,1-1.5x
ETHFI/USDT,2025-02-14,LONG,0.7245,1.178,1.114,5,False,-5.4329,0.0977,.70-.80,
ETHFI/USDT,2025-02-15,LONG,0.556,1.111,1.161,5,False,4.5005,0.8058,.55-.60,
ETHFI/USDT,2025-02-17,LONG,0.5574,1.146,1.171,5,False,2.1815,0.6526,.55-.60,
ETHFI/USDT,2025-02-27,LONG,0.7415,0.969,0.949,1,True,-2.064,0.2529,.70-.80,
ETHFI/USDT,2025-03-01,LONG,0.5602,0.926,0.853,2,True,-7.8834,0.4585,.55-.60,
ETHFI/USDT,2025-03-02,LONG,0.5909,1.058,0.853,1,True,-19.3762,2.2772,.55-.60,2-3x
ETHFI/USDT,2025-03-04,LONG,0.7331,0.843,0.7961,4,True,-5.5635,0.1613,.70-.80,
ETHFI/USDT,2025-03-07,LONG,0.6524,0.807,0.7961,1,True,-1.3507,0.5648,.60-.70,
ETHFI/USDT,2025-03-09,LONG,0.5679,0.6733,0.675,2,True,0.2525,1.9904,.55-.60,1.5-2x
ETHFI/USDT,2025-03-10,LONG,0.6256,0.6471,0.675,1,True,4.3115,0.5028,.60-.70,
ETHFI/USDT,2025-03-12,LONG,0.7713,0.6842,0.6872,2,True,0.4385,0.1764,.70-.80,
ETHFI/USDT,2025-03-13,LONG,0.8045,0.6659,0.6872,1,True,3.1987,0.3466,>.80,
ETHFI/USDT,2025-03-22,LONG,0.6272,0.6582,0.6896,5,False,4.7706,0.4794,.60-.70,
ETHFI/USDT,2025-03-31,LONG,0.6437,0.578,0.5187,4,True,-10.2595,0.448,.60-.70,
ETHFI/USDT,2025-04-01,LONG,0.8325,0.5864,0.5187,3,True,-11.545,0.358,>.80,
ETHFI/USDT,2025-04-03,LONG,0.6647,0.5219,0.5187,1,True,-0.6131,0.4722,.60-.70,
ETHFI/USDT,2025-04-05,LONG,0.6845,0.5198,0.4934,4,True,-5.0789,0.0451,.60-.70,
ETHFI/USDT,2025-04-06,LONG,0.6178,0.448,0.4934,3,True,10.1339,2.5862,.60-.70,2-3x
AEVO/USDT,2024-08-27,LONG,0.6729,0.3474,0.3322,1,True,-4.3754,1.1443,.60-.70,1-1.5x
AEVO/USDT,2024-08-31,LONG,0.596,0.3243,0.3086,5,False,-4.8412,0.1794,.55-.60,
AEVO/USDT,2024-09-03,LONG,0.6045,0.3088,0.3158,4,True,2.2668,1.001,.60-.70,1-1.5x
AEVO/USDT,2024-09-13,LONG,0.8922,0.3506,0.3664,4,True,4.5066,0.589,>.80,
AEVO/USDT,2024-09-14,LONG,0.719,0.3479,0.3664,3,True,5.3176,0.1553,.70-.80,
AEVO/USDT,2024-09-16,LONG,0.6561,0.3194,0.3664,1,True,14.7151,0.7421,.60-.70,
AEVO/USDT,2024-09-19,LONG,0.7644,0.3833,0.3981,1,True,3.8612,0.3797,.70-.80,
AEVO/USDT,2024-09-25,LONG,0.6635,0.3937,0.434,2,True,10.2362,0.6582,.60-.70,
AEVO/USDT,2024-09-30,LONG,0.6034,0.3923,0.3374,5,False,-13.9944,1.6019,.60-.70,1.5-2x
AEVO/USDT,2024-10-01,LONG,0.6114,0.3373,0.3455,5,False,2.4311,2.3356,.60-.70,2-3x
AEVO/USDT,2024-10-02,LONG,0.6143,0.3287,0.34,5,False,3.4378,0.424,.60-.70,
AEVO/USDT,2024-10-09,LONG,0.6931,0.3194,0.3443,3,True,7.7959,0.6336,.60-.70,
AEVO/USDT,2024-10-13,LONG,0.6645,0.3482,0.3581,5,False,2.8432,0.232,.60-.70,
AEVO/USDT,2024-10-16,LONG,0.579,0.3496,0.3585,3,True,2.5458,1.251,.55-.60,1-1.5x
AEVO/USDT,2024-10-17,LONG,0.7776,0.3372,0.3585,2,True,6.3167,0.7292,.70-.80,
AEVO/USDT,2024-10-18,LONG,0.8527,0.3581,0.3585,1,True,0.1117,1.2119,>.80,1-1.5x
AEVO/USDT,2024-10-24,LONG,0.6525,0.3575,0.3443,5,False,-3.6923,0.2299,.60-.70,
AEVO/USDT,2024-10-26,LONG,0.8723,0.3263,0.3443,3,True,5.5164,0.2985,>.80,
AEVO/USDT,2024-10-27,LONG,0.6304,0.3324,0.3443,2,True,3.58,0.3895,.60-.70,
AEVO/USDT,2024-10-28,LONG,0.9481,0.33,0.3443,1,True,4.3333,0.152,>.80,
AEVO/USDT,2024-10-31,LONG,0.5949,0.3193,0.3039,2,True,-4.8231,1.0308,.55-.60,1-1.5x
AEVO/USDT,2024-11-01,LONG,0.5938,0.3097,0.3039,1,True,-1.8728,0.623,.55-.60,
AEVO/USDT,2024-11-08,LONG,0.5726,0.3253,0.3658,2,True,12.45,0.528,.55-.60,
AEVO/USDT,2024-11-11,LONG,0.8136,0.4,0.3709,1,True,-7.275,1.7781,>.80,1.5-2x
AEVO/USDT,2024-11-15,LONG,0.9779,0.3436,0.3295,5,False,-4.1036,0.6828,>.80,
AEVO/USDT,2024-11-16,LONG,0.9171,0.3752,0.3577,5,False,-4.6642,1.628,>.80,1.5-2x
AEVO/USDT,2024-11-17,LONG,0.698,0.3536,0.365,5,False,3.224,0.9878,.60-.70,
AEVO/USDT,2024-11-19,LONG,0.5604,0.3536,0.365,3,True,3.224,1.4697,.55-.60,1-1.5x
AEVO/USDT,2024-11-28,LONG,0.9808,0.4649,0.5181,3,True,11.4433,0.1071,>.80,
AEVO/USDT,2024-11-29,LONG,0.8709,0.4741,0.5181,2,True,9.2807,0.2573,>.80,
AEVO/USDT,2024-12-03,LONG,0.5818,0.5494,0.5627,1,True,2.4208,0.5332,.55-.60,
AEVO/USDT,2024-12-11,LONG,0.6378,0.503,0.5171,1,True,2.8032,0.984,.60-.70,
AEVO/USDT,2024-12-14,LONG,0.5575,0.4832,0.4612,3,True,-4.553,0.7748,.55-.60,
AEVO/USDT,2024-12-15,LONG,0.7853,0.5117,0.4612,2,True,-9.8691,0.7974,.70-.80,
AEVO/USDT,2024-12-16,LONG,0.6021,0.4974,0.4612,1,True,-7.2778,0.379,.60-.70,
AEVO/USDT,2024-12-18,LONG,0.6464,0.4078,0.3827,2,True,-6.155,1.4782,.60-.70,1-1.5x
AEVO/USDT,2024-12-19,LONG,0.5744,0.3641,0.3827,1,True,5.1085,1.3159,.55-.60,1-1.5x
AEVO/USDT,2024-12-23,LONG,0.7734,0.3794,0.3819,5,False,0.6589,0.9608,.70-.80,
AEVO/USDT,2024-12-25,LONG,0.5594,0.3893,0.3641,4,True,-6.4732,0.1347,.55-.60,
AEVO/USDT,2024-12-30,LONG,0.5609,0.3636,0.408,4,True,12.2112,0.0231,.55-.60,
AEVO/USDT,2024-12-31,LONG,0.562,0.3615,0.408,3,True,12.8631,0.1041,.55-.60,
AEVO/USDT,2025-01-10,LONG,0.6008,0.3312,0.3062,3,True,-7.5483,0.563,.60-.70,
AEVO/USDT,2025-01-18,LONG,0.6137,0.3308,0.2898,5,False,-12.3942,1.6348,.60-.70,1.5-2x
AEVO/USDT,2025-01-21,LONG,0.651,0.2997,0.2816,3,True,-6.0394,0.7582,.60-.70,
AEVO/USDT,2025-01-22,LONG,0.8186,0.2893,0.2816,2,True,-2.6616,0.5752,>.80,
AEVO/USDT,2025-01-23,LONG,0.9223,0.2898,0.2816,1,True,-2.8295,0.0296,>.80,
AEVO/USDT,2025-02-01,LONG,0.7449,0.2407,0.1493,5,False,-37.9726,1.8223,.70-.80,1.5-2x
AEVO/USDT,2025-02-02,LONG,0.8403,0.1926,0.1493,4,True,-22.4818,2.654,>.80,2-3x
AEVO/USDT,2025-02-03,LONG,0.8779,0.1833,0.1493,3,True,-18.5488,0.6534,>.80,
AEVO/USDT,2025-02-05,LONG,0.6619,0.1653,0.1493,1,True,-9.6794,0.3394,.60-.70,
AEVO/USDT,2025-02-07,LONG,0.8154,0.1497,0.1558,2,True,4.0748,0.0409,>.80,
AEVO/USDT,2025-02-12,LONG,0.571,0.1694,0.1589,5,False,-6.1983,1.1348,.55-.60,1-1.5x
AEVO/USDT,2025-02-15,LONG,0.7053,0.1617,0.1581,5,False,-2.2263,0.6848,.70-.80,
AEVO/USDT,2025-02-17,LONG,0.6026,0.1589,0.1659,5,False,4.4053,0.3831,.60-.70,
AEVO/USDT,2025-02-20,LONG,0.6146,0.1581,0.1384,5,False,-12.4605,0.765,.60-.70,
AEVO/USDT,2025-02-23,LONG,0.5767,0.16,0.1592,5,False,-0.5,0.7496,.55-.60,
AEVO/USDT,2025-02-26,LONG,0.5751,0.1438,0.1377,5,False,-4.242,0.6738,.55-.60,
AEVO/USDT,2025-02-27,LONG,0.7212,0.1519,0.1319,5,False,-13.1666,0.9503,.70-.80,
AEVO/USDT,2025-03-02,LONG,0.5603,0.1704,0.1319,2,True,-22.5939,1.8886,.55-.60,1.5-2x
AEVO/USDT,2025-03-03,LONG,0.9385,0.1377,0.1319,1,True,-4.2121,2.4393,>.80,2-3x
AEVO/USDT,2025-03-06,LONG,0.9245,0.1326,0.1123,5,False,-15.3092,0.3987,>.80,
AEVO/USDT,2025-03-07,LONG,0.5644,0.1303,0.1123,4,True,-13.8143,0.2267,.55-.60,
AEVO/USDT,2025-03-10,LONG,0.6139,0.1069,0.1123,1,True,5.0514,0.3175,.60-.70,
AEVO/USDT,2025-03-12,LONG,0.6135,0.1165,0.1165,2,True,0.0,0.4608,.60-.70,
AEVO/USDT,2025-03-13,LONG,0.7346,0.1129,0.1165,1,True,3.1887,0.3803,.70-.80,
AEVO/USDT,2025-03-19,LONG,0.6907,0.1263,0.1204,1,True,-4.6714,0.3061,.60-.70,
AEVO/USDT,2025-03-23,LONG,0.5758,0.13,0.1325,2,True,1.9231,0.2354,.55-.60,
AEVO/USDT,2025-04-05,LONG,0.589,0.0982,0.0861,2,True,-12.3218,0.3799,.55-.60,
AEVO/USDT,2025-04-06,LONG,0.6215,0.0848,0.0861,1,True,1.533,2.7869,.60-.70,2-3x
METIS/USDT,2024-08-27,LONG,0.7874,33.37,32.86,1,True,-1.5283,1.1102,.70-.80,1-1.5x
METIS/USDT,2024-09-03,LONG,0.5817,30.45,29.14,5,False,-4.3021,0.9012,.55-.60,
METIS/USDT,2024-09-16,LONG,0.5567,29.74,37.3,5,False,25.4203,0.6351,.55-.60,
METIS/USDT,2024-09-18,LONG,0.6257,32.58,37.3,3,True,14.4874,0.8467,.60-.70,
METIS/USDT,2024-09-19,LONG,0.7182,34.05,37.3,2,True,9.5448,1.0346,.70-.80,1-1.5x
METIS/USDT,2024-09-24,LONG,0.6242,40.75,41.64,3,True,2.184,2.0639,.60-.70,2-3x
METIS/USDT,2024-09-25,LONG,0.604,39.48,41.64,2,True,5.4711,0.6464,.60-.70,
METIS/USDT,2024-10-01,LONG,0.5684,34.18,35.83,5,False,4.8274,1.8782,.55-.60,1.5-2x
METIS/USDT,2024-10-04,LONG,0.6361,34.57,31.5,5,False,-8.8805,1.0281,.60-.70,1-1.5x
METIS/USDT,2024-10-05,LONG,0.5631,34.37,31.69,5,False,-7.7975,0.1132,.55-.60,
METIS/USDT,2024-10-07,LONG,0.6685,35.27,31.69,3,True,-10.1503,0.3116,.60-.70,
METIS/USDT,2024-10-08,LONG,0.5607,33.62,31.69,2,True,-5.7406,0.9165,.55-.60,
METIS/USDT,2024-10-09,LONG,0.6395,31.5,31.69,1,True,0.6032,1.2116,.60-.70,1-1.5x
METIS/USDT,2024-10-12,LONG,0.6569,34.49,44.08,3,True,27.8052,0.3189,.60-.70,
METIS/USDT,2024-10-13,LONG,0.5985,33.79,44.08,2,True,30.4528,0.4082,.55-.60,
METIS/USDT,2024-10-14,LONG,0.7179,39.08,44.08,1,True,12.7943,2.7479,.70-.80,2-3x
METIS/USDT,2024-10-19,LONG,0.9396,44.01,44.46,2,True,1.0225,0.592,>.80,
METIS/USDT,2024-10-24,LONG,0.9579,43.55,37.98,1,True,-12.7899,0.3093,>.80,
METIS/USDT,2024-10-26,LONG,0.9081,38.25,40.33,2,True,5.4379,0.1083,>.80,
METIS/USDT,2024-10-27,LONG,0.6636,39.24,40.33,1,True,2.7778,0.3946,.60-.70,
METIS/USDT,2024-10-29,LONG,0.6576,45.6,38.53,4,True,-15.5044,1.9439,.60-.70,1.5-2x
METIS/USDT,2024-10-30,LONG,0.5566,44.77,38.53,3,True,-13.9379,0.2688,.55-.60,
METIS/USDT,2024-10-31,LONG,0.8725,41.18,38.53,2,True,-6.4352,1.1446,>.80,1-1.5x
METIS/USDT,2024-11-01,LONG,0.5899,40.94,38.53,1,True,-5.8867,0.0831,.55-.60,
METIS/USDT,2024-11-15,LONG,0.8936,43.25,42.24,5,False,-2.3353,0.2356,>.80,
METIS/USDT,2024-11-16,LONG,0.9078,47.25,48.59,5,False,2.836,1.2975,>.80,1-1.5x
METIS/USDT,2024-11-17,LONG,0.6316,44.35,48.59,4,True,9.5603,0.8409,.60-.70,
METIS/USDT,2024-11-18,LONG,0.5693,46.95,48.59,3,True,3.4931,0.8597,.55-.60,
METIS/USDT,2024-11-19,LONG,0.8116,44.53,48.59,2,True,9.1174,0.7454,>.80,
METIS/USDT,2024-11-24,LONG,0.7289,58.31,52.26,2,True,-10.3756,0.0949,.70-.80,
METIS/USDT,2024-11-25,LONG,0.5595,57.34,52.26,1,True,-8.8594,0.2094,.55-.60,
METIS/USDT,2024-12-04,LONG,0.5725,66.51,66.51,3,True,0.0,0.059,.55-.60,
METIS/USDT,2024-12-08,LONG,0.6378,66.34,55.45,3,True,-16.4154,0.0331,.60-.70,
METIS/USDT,2024-12-14,LONG,0.7292,53.21,42.91,5,False,-19.3573,0.6253,.70-.80,
METIS/USDT,2024-12-15,LONG,0.8072,56.02,45.71,5,False,-18.4041,0.6605,>.80,
METIS/USDT,2024-12-18,LONG,0.5638,49.26,45.71,2,True,-7.2067,1.3347,.55-.60,1-1.5x
METIS/USDT,2024-12-19,LONG,0.6947,42.91,45.71,1,True,6.5253,1.714,.60-.70,1.5-2x
METIS/USDT,2024-12-21,LONG,0.5815,43.57,43.73,5,False,0.3672,0.6487,.55-.60,
METIS/USDT,2024-12-23,LONG,0.7183,46.09,45.82,5,False,-0.5858,1.1107,.70-.80,1-1.5x
METIS/USDT,2024-12-27,LONG,0.578,45.06,43.83,2,True,-2.7297,0.4176,.55-.60,
METIS/USDT,2024-12-30,LONG,0.5522,43.67,44.22,3,True,1.2594,0.0631,.55-.60,
METIS/USDT,2024-12-31,LONG,0.6085,42.35,44.22,2,True,4.4156,0.5632,.60-.70,
METIS/USDT,2025-01-04,LONG,0.5521,48.09,48.22,2,True,0.2703,0.1525,.55-.60,
METIS/USDT,2025-01-09,LONG,0.6128,37.58,34.45,4,True,-8.3289,1.0445,.60-.70,1-1.5x
METIS/USDT,2025-01-10,LONG,0.5806,37.63,34.45,3,True,-8.4507,0.028,.55-.60,
METIS/USDT,2025-01-12,LONG,0.5878,35.56,34.45,1,True,-3.1215,0.496,.55-.60,
METIS/USDT,2025-01-21,LONG,0.7407,35.08,33.98,3,True,-3.1357,0.3218,.70-.80,
METIS/USDT,2025-01-22,LONG,0.5907,34.22,33.98,2,True,-0.7013,0.4175,.55-.60,
METIS/USDT,2025-01-23,LONG,0.8006,34.61,33.98,1,True,-1.8203,0.2067,>.80,
METIS/USDT,2025-01-27,LONG,0.6156,32.7,30.81,1,True,-5.7798,0.8877,.60-.70,
METIS/USDT,2025-01-29,LONG,0.5826,31.68,34.02,1,True,7.3864,0.5634,.55-.60,
METIS/USDT,2025-02-01,LONG,0.9285,32.79,23.49,4,True,-28.3623,1.6912,>.80,1.5-2x
METIS/USDT,2025-02-02,LONG,0.945,27.17,23.49,3,True,-13.5444,2.4274,>.80,2-3x
METIS/USDT,2025-02-03,LONG,0.9892,27.04,23.49,2,True,-13.1287,0.0683,>.80,
METIS/USDT,2025-02-12,LONG,0.609,23.97,23.68,5,False,-1.2098,1.032,.60-.70,1-1.5x
METIS/USDT,2025-02-16,LONG,0.5546,22.58,25.47,5,False,12.7989,0.1663,.55-.60,
METIS/USDT,2025-02-24,LONG,0.8815,26.37,25.8,1,True,-2.1615,0.3844,>.80,
METIS/USDT,2025-02-28,LONG,0.7821,22.75,20.46,5,False,-10.0659,0.5597,.70-.80,
METIS/USDT,2025-03-01,LONG,0.6479,22.27,20.13,5,False,-9.6093,0.4807,.60-.70,
METIS/USDT,2025-03-02,LONG,0.9473,24.64,19.46,5,False,-21.0227,2.1325,>.80,2-3x
METIS/USDT,2025-03-05,LONG,0.6891,20.46,19.46,2,True,-4.8876,0.2679,.60-.70,
METIS/USDT,2025-03-09,LONG,0.5721,17.11,16.38,2,True,-4.2665,1.7758,.55-.60,1.5-2x
METIS/USDT,2025-03-10,LONG,0.6104,15.43,16.38,1,True,6.1568,1.5225,.60-.70,1.5-2x
METIS/USDT,2025-03-13,LONG,0.5791,16.33,16.73,1,True,2.4495,0.4474,.55-.60,
METIS/USDT,2025-03-15,LONG,0.6296,17.47,17.64,2,True,0.9731,0.7319,.60-.70,
METIS/USDT,2025-03-16,LONG,0.644,16.81,17.64,1,True,4.9375,0.6292,.60-.70,
METIS/USDT,2025-03-19,LONG,0.6991,18.2,17.84,1,True,-1.978,0.7816,.60-.70,
METIS/USDT,2025-03-21,LONG,0.9886,17.63,17.94,1,True,1.7584,0.1905,>.80,
METIS/USDT,2025-03-23,LONG,0.6024,18.45,18.44,3,True,-0.0542,0.6207,.60-.70,
METIS/USDT,2025-03-25,LONG,0.5528,18.61,18.44,1,True,-0.9135,0.0956,.55-.60,
METIS/USDT,2025-04-03,LONG,0.6231,14.8,14.81,2,True,0.0676,0.538,.60-.70,
METIS/USDT,2025-04-04,LONG,0.5926,14.96,14.81,1,True,-1.0027,0.2474,.55-.60,
METIS/USDT,2025-04-06,LONG,0.5975,13.12,13.9,3,True,5.9451,2.4052,.55-.60,2-3x
RON/USDT,2024-08-30,LONG,0.5554,1.703,1.511,5,False,-11.2742,0.7499,.55-.60,
RON/USDT,2024-09-01,LONG,0.632,1.521,1.474,4,True,-3.0901,2.3853,.60-.70,2-3x
RON/USDT,2024-09-04,LONG,0.7732,1.511,1.474,1,True,-2.4487,0.227,.70-.80,
RON/USDT,2024-09-06,LONG,0.5798,1.406,1.443,1,True,2.6316,1.1793,.55-.60,1-1.5x
RON/USDT,2024-09-15,LONG,0.5595,1.469,1.627,5,False,10.7556,0.9578,.55-.60,
RON/USDT,2024-09-16,LONG,0.6606,1.452,1.651,5,False,13.7052,0.3136,.60-.70,
RON/USDT,2024-09-19,LONG,0.553,1.591,1.8,5,False,13.1364,1.4701,.55-.60,1-1.5x
RON/USDT,2024-09-24,LONG,0.5867,1.8,1.896,2,True,5.3333,1.0405,.55-.60,1-1.5x
RON/USDT,2024-09-25,LONG,0.7425,1.818,1.896,1,True,4.2904,0.3166,.70-.80,
RON/USDT,2024-10-03,LONG,0.5995,1.596,1.604,4,True,0.5013,0.211,.55-.60,
RON/USDT,2024-10-04,LONG,0.6691,1.664,1.604,3,True,-3.6058,1.1177,.60-.70,1-1.5x
RON/USDT,2024-10-09,LONG,0.565,1.507,1.542,2,True,2.3225,1.2311,.55-.60,1-1.5x
RON/USDT,2024-10-10,LONG,0.5592,1.478,1.542,1,True,4.3302,0.5236,.55-.60,
RON/USDT,2024-10-19,LONG,0.6539,1.63,1.652,2,True,1.3497,0.7727,.60-.70,
RON/USDT,2024-10-25,LONG,0.7818,1.488,1.567,4,True,5.3091,0.972,.70-.80,
RON/USDT,2024-10-28,LONG,0.6227,1.519,1.567,1,True,3.16,0.2241,.60-.70,
RON/USDT,2024-10-31,LONG,0.8141,1.461,1.297,5,False,-11.2252,2.1259,>.80,2-3x
RON/USDT,2024-11-01,LONG,0.6651,1.388,1.297,4,True,-6.5562,1.4646,.60-.70,1-1.5x
RON/USDT,2024-11-02,LONG,0.6368,1.348,1.297,3,True,-3.7834,0.836,.60-.70,
RON/USDT,2024-11-04,LONG,0.6213,1.261,1.297,1,True,2.8549,1.1332,.60-.70,1-1.5x
RON/USDT,2024-11-09,LONG,0.6376,1.555,1.522,3,True,-2.1222,2.0609,.60-.70,2-3x
RON/USDT,2024-11-11,LONG,0.8733,1.617,1.522,1,True,-5.8751,0.8398,>.80,
RON/USDT,2024-11-15,LONG,0.8445,1.433,1.485,3,True,3.6288,1.1626,>.80,1-1.5x
RON/USDT,2024-11-16,LONG,0.9675,1.511,1.485,2,True,-1.7207,1.1125,>.80,1-1.5x
RON/USDT,2024-11-17,LONG,0.7786,1.432,1.485,1,True,3.7011,1.0387,.70-.80,1-1.5x
RON/USDT,2024-11-20,LONG,0.5833,1.344,1.78,4,True,32.4405,0.9863,.55-.60,
RON/USDT,2024-11-22,LONG,0.8911,1.454,1.78,2,True,22.4209,0.535,>.80,
RON/USDT,2024-11-23,LONG,0.7513,1.681,1.78,1,True,5.8894,2.6125,.70-.80,2-3x
RON/USDT,2024-12-01,LONG,0.7174,2.254,2.332,5,False,3.4605,0.387,.70-.80,
RON/USDT,2024-12-02,LONG,0.7645,2.237,2.332,4,True,4.2468,0.1234,.70-.80,
RON/USDT,2024-12-04,LONG,0.5552,2.295,2.332,2,True,1.6122,0.7361,.55-.60,
RON/USDT,2024-12-07,LONG,0.5517,2.292,1.979,2,True,-13.6562,0.3033,.55-.60,
RON/USDT,2024-12-11,LONG,0.5578,2.171,2.158,1,True,-0.5988,1.585,.55-.60,1.5-2x
RON/USDT,2024-12-17,LONG,0.7199,2.357,2.194,1,True,-6.9156,0.7028,.70-.80,
RON/USDT,2024-12-20,LONG,0.5523,2.031,1.841,2,True,-9.355,1.3544,.55-.60,1-1.5x
RON/USDT,2024-12-21,LONG,0.6015,1.899,1.841,1,True,-3.0542,0.9658,.60-.70,
RON/USDT,2024-12-24,LONG,0.5541,2.007,1.893,5,False,-5.6801,0.167,.55-.60,
RON/USDT,2024-12-25,LONG,0.656,2.03,1.893,4,True,-6.7488,0.1666,.60-.70,
RON/USDT,2024-12-27,LONG,0.5682,1.915,1.893,2,True,-1.1488,0.0848,.55-.60,
RON/USDT,2024-12-28,LONG,0.5837,1.941,1.893,1,True,-2.473,0.1993,.55-.60,
RON/USDT,2024-12-30,LONG,0.5742,1.866,2.025,5,False,8.5209,0.2396,.55-.60,
RON/USDT,2025-01-02,LONG,0.6544,1.962,2.014,3,True,2.6504,0.5022,.60-.70,
RON/USDT,2025-01-10,LONG,0.7706,1.897,1.847,2,True,-2.6357,1.0854,.70-.80,1-1.5x
RON/USDT,2025-01-13,LONG,0.5716,1.811,1.814,3,True,0.1657,0.6276,.55-.60,
RON/USDT,2025-01-21,LONG,0.6831,1.757,1.629,3,True,-7.2851,1.8032,.60-.70,1.5-2x
RON/USDT,2025-01-23,LONG,0.6811,1.677,1.629,1,True,-2.8623,0.2872,.60-.70,
RON/USDT,2025-02-01,LONG,0.8181,1.389,1.029,5,False,-25.9179,2.2205,>.80,2-3x
RON/USDT,2025-02-02,LONG,0.8787,1.212,1.04,5,False,-14.1914,2.9589,>.80,2-3x
RON/USDT,2025-02-03,LONG,0.7165,1.171,1.096,5,False,-6.4048,0.8085,.70-.80,
RON/USDT,2025-02-05,LONG,0.55,1.022,1.086,4,True,6.2622,0.1865,.50-.55,
RON/USDT,2025-02-06,LONG,0.6544,1.029,1.086,3,True,5.5394,0.1461,.60-.70,
RON/USDT,2025-02-07,LONG,0.952,1.04,1.086,2,True,4.4231,0.2245,>.80,
RON/USDT,2025-02-08,LONG,0.8226,1.096,1.086,1,True,-0.9124,1.0774,>.80,1-1.5x
RON/USDT,2025-02-12,LONG,0.9273,1.253,1.224,1,True,-2.3144,1.6312,>.80,1.5-2x
RON/USDT,2025-02-14,LONG,0.785,1.265,1.255,1,True,-0.7905,0.6002,.70-.80,
RON/USDT,2025-02-16,LONG,0.637,1.273,1.236,3,True,-2.9065,0.2593,.60-.70,
RON/USDT,2025-02-22,LONG,0.5536,1.226,0.985,5,False,-19.6574,0.7371,.55-.60,
RON/USDT,2025-02-24,LONG,0.5667,1.053,0.985,3,True,-6.4577,2.6205,.55-.60,2-3x
RON/USDT,2025-02-25,LONG,0.7263,1.034,0.985,2,True,-4.7389,0.3965,.70-.80,
RON/USDT,2025-03-02,LONG,0.6632,1.042,0.8934,5,False,-14.261,1.7931,.60-.70,1.5-2x
RON/USDT,2025-03-03,LONG,0.7076,0.914,0.8934,4,True,-2.2538,2.2522,.70-.80,2-3x
RON/USDT,2025-03-04,LONG,0.7798,0.912,0.8934,3,True,-2.0395,0.0443,.70-.80,
RON/USDT,2025-03-10,LONG,0.6043,0.7048,0.7293,1,True,3.4762,1.9009,.60-.70,1.5-2x
RON/USDT,2025-03-12,LONG,0.5901,0.8137,0.8372,2,True,2.888,1.7884,.55-.60,1.5-2x
RON/USDT,2025-03-13,LONG,0.9296,0.815,0.8372,1,True,2.7239,0.0249,>.80,
RON/USDT,2025-03-17,LONG,0.6531,0.8008,0.7885,1,True,-1.536,0.6912,.60-.70,
RON/USDT,2025-03-19,LONG,0.7624,0.8033,0.7736,1,True,-3.6972,0.3096,.70-.80,
RON/USDT,2025-03-22,LONG,0.6677,0.7819,0.794,1,True,1.5475,0.297,.60-.70,
RON/USDT,2025-03-28,LONG,0.5552,0.7359,0.7113,1,True,-3.3428,1.0953,.55-.60,1-1.5x
RON/USDT,2025-04-01,LONG,0.8126,0.7255,0.6647,3,True,-8.3804,1.5273,>.80,1.5-2x
RON/USDT,2025-04-03,LONG,0.9892,0.6669,0.6647,1,True,-0.3299,0.0228,>.80,
PIXEL/USDT,2024-10-26,LONG,0.9758,0.1549,0.1833,3,True,18.3344,0.1085,>.80,
PIXEL/USDT,2024-10-28,LONG,0.94,0.1485,0.1833,1,True,23.4343,0.2569,>.80,
PIXEL/USDT,2024-11-02,LONG,0.5734,0.1525,0.141,1,True,-7.541,0.5417,.55-.60,
PIXEL/USDT,2024-11-15,LONG,0.7953,0.1932,0.1985,2,True,2.7433,0.3286,.70-.80,
PIXEL/USDT,2024-11-16,LONG,0.8623,0.2162,0.1985,1,True,-8.1869,1.3463,>.80,1-1.5x
PIXEL/USDT,2024-11-19,LONG,0.7897,0.1956,0.1794,1,True,-8.2822,0.8067,.70-.80,
PIXEL/USDT,2024-11-25,LONG,0.7322,0.2311,0.2557,5,False,10.6447,1.021,.70-.80,1-1.5x
PIXEL/USDT,2024-11-26,LONG,0.6773,0.2167,0.2588,5,False,19.4278,0.7582,.60-.70,
PIXEL/USDT,2024-11-27,LONG,0.6381,0.2393,0.2588,4,True,8.1488,1.2356,.60-.70,1-1.5x
PIXEL/USDT,2024-11-29,LONG,0.5792,0.2463,0.2588,2,True,5.0751,0.3208,.55-.60,
PIXEL/USDT,2024-11-30,LONG,0.6326,0.2557,0.2588,1,True,1.2124,0.488,.60-.70,
PIXEL/USDT,2024-12-03,LONG,0.5787,0.2738,0.275,2,True,0.4383,0.4711,.55-.60,
PIXEL/USDT,2024-12-08,LONG,0.7096,0.286,0.241,4,True,-15.7343,0.0694,.70-.80,
PIXEL/USDT,2024-12-14,LONG,0.651,0.2241,0.209,3,True,-6.7381,0.8385,.60-.70,
PIXEL/USDT,2024-12-16,LONG,0.6335,0.2256,0.209,1,True,-7.3582,0.2966,.60-.70,
PIXEL/USDT,2024-12-18,LONG,0.717,0.1886,0.1693,5,False,-10.2333,1.5237,.70-.80,1.5-2x
PIXEL/USDT,2024-12-19,LONG,0.5743,0.1665,0.1719,5,False,3.2432,1.7295,.55-.60,1.5-2x
PIXEL/USDT,2024-12-21,LONG,0.5802,0.1582,0.1546,5,False,-2.2756,1.0774,.55-.60,1-1.5x
PIXEL/USDT,2024-12-22,LONG,0.5554,0.1562,0.1595,5,False,2.1127,0.1882,.55-.60,
PIXEL/USDT,2024-12-24,LONG,0.5742,0.1719,0.1585,5,False,-7.7952,0.2186,.55-.60,
PIXEL/USDT,2024-12-30,LONG,0.6877,0.1575,0.1712,3,True,8.6984,0.1106,.60-.70,
PIXEL/USDT,2024-12-31,LONG,0.6375,0.1545,0.1712,2,True,10.8091,0.3756,.60-.70,
PIXEL/USDT,2025-01-04,LONG,0.584,0.176,0.1762,1,True,0.1136,0.193,.55-.60,
PIXEL/USDT,2025-01-10,LONG,0.6796,0.1438,0.1312,3,True,-8.7622,0.5205,.60-.70,
PIXEL/USDT,2025-01-11,LONG,0.5943,0.1426,0.1312,2,True,-7.9944,0.1693,.55-.60,
PIXEL/USDT,2025-01-12,LONG,0.704,0.1389,0.1312,1,True,-5.5436,0.5766,.70-.80,
PIXEL/USDT,2025-01-20,LONG,0.6356,0.1243,0.1168,5,False,-6.0338,0.0411,.60-.70,
PIXEL/USDT,2025-01-26,LONG,0.5606,0.1134,0.106,4,True,-6.5256,0.5371,.55-.60,
PIXEL/USDT,2025-01-27,LONG,0.5801,0.1116,0.106,3,True,-5.0179,0.3259,.55-.60,
PIXEL/USDT,2025-01-28,LONG,0.6808,0.0963,0.106,2,True,10.0727,2.4852,.60-.70,2-3x
PIXEL/USDT,2025-02-01,LONG,0.9293,0.0966,0.0711,3,True,-26.3975,1.6541,>.80,1.5-2x
PIXEL/USDT,2025-02-02,LONG,0.9699,0.0784,0.0711,2,True,-9.3112,2.5992,>.80,2-3x
PIXEL/USDT,2025-02-03,LONG,0.9347,0.0779,0.0711,1,True,-8.7291,0.0907,>.80,
PIXEL/USDT,2025-02-05,LONG,0.6323,0.0686,0.0636,1,True,-7.2886,0.5143,.60-.70,
PIXEL/USDT,2025-02-07,LONG,0.8132,0.0637,0.0652,2,True,2.3548,0.025,>.80,
PIXEL/USDT,2025-02-12,LONG,0.6337,0.0717,0.0691,1,True,-3.6262,1.4063,.60-.70,1-1.5x
PIXEL/USDT,2025-02-15,LONG,0.8749,0.0666,0.0658,1,True,-1.2012,0.821,>.80,
PIXEL/USDT,2025-02-17,LONG,0.7521,0.0636,0.06548,5,False,2.956,0.5104,.70-.80,
PIXEL/USDT,2025-02-25,LONG,0.8643,0.05355,0.0555,3,True,3.6415,0.3774,>.80,
PIXEL/USDT,2025-02-26,LONG,0.9441,0.055,0.0555,2,True,0.9091,0.4556,>.80,
PIXEL/USDT,2025-02-27,LONG,0.8704,0.05518,0.0555,1,True,0.5799,0.055,>.80,
PIXEL/USDT,2025-03-06,LONG,0.9903,0.047,0.04493,2,True,-4.4043,0.237,>.80,
PIXEL/USDT,2025-03-07,LONG,0.9331,0.04615,0.04493,1,True,-2.6436,0.2685,>.80,
PIXEL/USDT,2025-03-09,LONG,0.7481,0.03879,0.0375,2,True,-3.3256,1.885,.70-.80,1.5-2x
PIXEL/USDT,2025-03-10,LONG,0.9194,0.03636,0.0375,1,True,3.1353,0.868,>.80,
PIXEL/USDT,2025-03-19,LONG,0.6739,0.03924,0.03714,1,True,-5.3517,0.2673,.60-.70,
PIXEL/USDT,2025-03-21,LONG,0.5603,0.03664,0.03885,5,False,6.0317,0.2001,.55-.60,
PIXEL/USDT,2025-04-02,LONG,0.5963,0.02548,0.02155,5,False,-15.4239,2.3335,.55-.60,2-3x
PIXEL/USDT,2025-04-04,LONG,0.5882,0.02423,0.0204,4,True,-15.8069,0.3577,.55-.60,
PIXEL/USDT,2025-04-05,LONG,0.5503,0.02387,0.0204,3,True,-14.5371,0.268,.55-.60,
ZETA/USDT,2024-08-27,LONG,0.7318,0.4956,0.4822,1,True,-2.7038,0.6495,.70-.80,
ZETA/USDT,2024-08-30,LONG,0.6023,0.4913,0.4658,3,True,-5.1903,0.1109,.60-.70,
ZETA/USDT,2024-09-01,LONG,0.8165,0.4412,0.4658,1,True,5.5757,1.3155,>.80,1-1.5x
ZETA/USDT,2024-09-03,LONG,0.5991,0.4249,0.4458,1,True,4.9188,1.5621,.55-.60,1.5-2x
ZETA/USDT,2024-09-05,LONG,0.5795,0.4343,0.4485,2,True,3.2696,0.4633,.55-.60,
ZETA/USDT,2024-09-08,LONG,0.5637,0.4597,0.472,2,True,2.6757,0.4381,.55-.60,
ZETA/USDT,2024-09-13,LONG,0.836,0.4924,0.712,5,False,44.5979,0.4679,>.80,
ZETA/USDT,2024-09-14,LONG,0.5815,0.4798,0.6835,5,False,42.4552,0.5431,.55-.60,
ZETA/USDT,2024-09-15,LONG,0.6733,0.5417,0.6224,5,False,14.8975,2.4195,.60-.70,2-3x
ZETA/USDT,2024-09-17,LONG,0.625,0.5237,0.6035,4,True,15.2377,0.3905,.60-.70,
ZETA/USDT,2024-09-18,LONG,0.6727,0.712,0.6035,3,True,-15.2388,3.8055,.60-.70,3-5x
ZETA/USDT,2024-09-22,LONG,0.8655,0.6294,0.6408,3,True,1.8112,0.4467,>.80,
ZETA/USDT,2024-09-23,LONG,0.9255,0.6592,0.6408,2,True,-2.7913,0.5098,>.80,
ZETA/USDT,2024-09-24,LONG,0.9688,0.6813,0.6408,1,True,-5.9445,0.3615,>.80,
ZETA/USDT,2024-09-28,LONG,0.5529,0.7439,0.5743,4,True,-22.7988,0.3946,.55-.60,
ZETA/USDT,2024-10-01,LONG,0.6733,0.5948,0.5743,1,True,-3.4465,0.7942,.60-.70,
ZETA/USDT,2024-10-09,LONG,0.5811,0.5431,0.6265,5,False,15.3563,0.8855,.55-.60,
ZETA/USDT,2024-10-12,LONG,0.5625,0.5829,0.6265,2,True,7.4798,0.0692,.55-.60,
ZETA/USDT,2024-10-18,LONG,0.5768,0.6284,0.6797,1,True,8.1636,0.8925,.55-.60,
ZETA/USDT,2024-10-23,LONG,0.6047,0.7164,0.6315,3,True,-11.8509,0.9443,.60-.70,
ZETA/USDT,2024-10-28,LONG,0.6114,0.6336,0.6318,5,False,-0.2841,1.0562,.60-.70,1-1.5x
ZETA/USDT,2024-11-01,LONG,0.572,0.6488,0.5543,3,True,-14.5654,1.2424,.55-.60,1-1.5x
ZETA/USDT,2024-11-02,LONG,0.5607,0.6318,0.5543,2,True,-12.2665,0.5586,.55-.60,
ZETA/USDT,2024-11-03,LONG,0.8469,0.5959,0.5543,1,True,-6.981,1.1987,>.80,1-1.5x
ZETA/USDT,2024-11-08,LONG,0.5815,0.7176,0.7618,4,True,6.1594,0.0295,.55-.60,
ZETA/USDT,2024-11-11,LONG,0.5842,0.8389,0.7618,1,True,-9.1906,0.8255,.55-.60,
ZETA/USDT,2024-11-15,LONG,0.8731,0.7372,0.7032,2,True,-4.612,1.7867,>.80,1.5-2x
ZETA/USDT,2024-11-16,LONG,0.8374,0.7585,0.7032,1,True,-7.2907,0.3938,>.80,
ZETA/USDT,2024-11-19,LONG,0.7869,0.7041,0.6794,3,True,-3.508,0.5462,.70-.80,
ZETA/USDT,2024-11-29,LONG,0.6833,0.8176,0.854,1,True,4.4521,0.154,.60-.70,
ZETA/USDT,2024-12-01,LONG,0.6352,0.882,0.8567,1,True,-2.8685,0.5109,.60-.70,
ZETA/USDT,2024-12-03,LONG,0.5858,0.9024,0.918,5,False,1.7287,0.9132,.55-.60,
ZETA/USDT,2024-12-06,LONG,0.5516,0.9188,0.7427,5,False,-19.1663,1.2631,.55-.60,1-1.5x
ZETA/USDT,2024-12-10,LONG,0.6467,0.6841,0.7427,1,True,8.566,0.5984,.60-.70,
ZETA/USDT,2024-12-14,LONG,0.6717,0.7103,0.5659,5,False,-20.3294,0.8763,.60-.70,
ZETA/USDT,2024-12-15,LONG,0.8337,0.7348,0.599,5,False,-18.4812,0.5128,>.80,
ZETA/USDT,2024-12-16,LONG,0.8469,0.7198,0.599,4,True,-16.7824,0.3035,>.80,
ZETA/USDT,2024-12-21,LONG,0.5574,0.5758,0.5694,5,False,-1.1115,0.5593,.55-.60,
ZETA/USDT,2024-12-23,LONG,0.5719,0.6012,0.5983,5,False,-0.4824,0.7101,.55-.60,
ZETA/USDT,2024-12-28,LONG,0.7332,0.5983,0.5744,1,True,-3.9947,0.6091,.70-.80,
ZETA/USDT,2024-12-30,LONG,0.5575,0.5653,0.5766,3,True,1.9989,0.3148,.55-.60,
ZETA/USDT,2025-01-04,LONG,0.5938,0.599,0.5295,5,False,-11.6027,0.1755,.55-.60,
ZETA/USDT,2025-01-10,LONG,0.7172,0.5418,0.5019,3,True,-7.3643,0.6056,.70-.80,
ZETA/USDT,2025-01-11,LONG,0.6151,0.5367,0.5019,2,True,-6.4841,0.2452,.60-.70,
ZETA/USDT,2025-01-12,LONG,0.6409,0.5266,0.5019,1,True,-4.6905,0.515,.60-.70,
ZETA/USDT,2025-01-18,LONG,0.6405,0.5212,0.4684,5,False,-10.1305,1.5287,.60-.70,1.5-2x
ZETA/USDT,2025-01-19,LONG,0.607,0.5058,0.4536,5,False,-10.3203,0.7277,.60-.70,
ZETA/USDT,2025-01-23,LONG,0.6152,0.4684,0.4536,1,True,-3.1597,0.3489,.60-.70,
ZETA/USDT,2025-02-01,LONG,0.7437,0.3974,0.344,2,True,-13.4373,2.2236,.70-.80,2-3x
ZETA/USDT,2025-02-02,LONG,0.8109,0.3411,0.344,1,True,0.8502,2.6514,>.80,2-3x
ZETA/USDT,2025-02-05,LONG,0.7618,0.3005,0.2838,1,True,-5.5574,0.841,.70-.80,
ZETA/USDT,2025-02-07,LONG,0.8058,0.2893,0.3051,4,True,5.4615,0.3972,>.80,
ZETA/USDT,2025-02-09,LONG,0.8568,0.3064,0.3051,2,True,-0.4243,0.1773,>.80,
ZETA/USDT,2025-02-12,LONG,0.5899,0.3223,0.3181,1,True,-1.3031,1.0169,.55-.60,1-1.5x
ZETA/USDT,2025-02-15,LONG,0.6331,0.3177,0.3211,1,True,1.0702,0.5024,.60-.70,
ZETA/USDT,2025-02-17,LONG,0.5938,0.316,0.3166,3,True,0.1899,0.2952,.55-.60,
ZETA/USDT,2025-02-27,LONG,0.7402,0.2968,0.3118,3,True,5.0539,0.5771,.70-.80,
ZETA/USDT,2025-03-03,LONG,0.7923,0.257,0.2594,2,True,0.9339,2.8414,.70-.80,2-3x
ZETA/USDT,2025-03-09,LONG,0.5506,0.2078,0.2051,2,True,-1.2993,1.8187,.55-.60,1.5-2x
ZETA/USDT,2025-03-10,LONG,0.6208,0.1995,0.2051,1,True,2.807,0.5892,.60-.70,
ZETA/USDT,2025-03-12,LONG,0.5799,0.2153,0.2104,2,True,-2.2759,0.7236,.55-.60,
ZETA/USDT,2025-03-18,LONG,0.6504,0.2116,0.2135,2,True,0.8979,0.61,.60-.70,
ZETA/USDT,2025-03-19,LONG,0.6882,0.2236,0.2135,1,True,-4.517,0.8776,.60-.70,
ZETA/USDT,2025-03-21,LONG,0.8879,0.2182,0.3778,1,True,73.1439,0.3365,>.80,
ZETA/USDT,2025-03-24,LONG,0.7043,0.3202,0.3221,1,True,0.5934,0.5466,.70-.80,
ZETA/USDT,2025-03-26,LONG,0.9999,0.3611,0.3729,1,True,3.2678,0.6639,>.80,
ZETA/USDT,2025-03-28,LONG,0.6723,0.324,0.2846,1,True,-12.1605,0.7073,.60-.70,
ZETA/USDT,2025-03-31,LONG,0.9007,0.2877,0.2567,3,True,-10.7751,0.0189,>.80,
ZETA/USDT,2025-04-01,LONG,0.8444,0.2694,0.2567,2,True,-4.7142,0.3422,>.80,
TNSR/USDT,2024-08-27,LONG,0.6908,0.3388,0.3142,2,True,-7.2609,1.2023,.60-.70,1-1.5x
TNSR/USDT,2024-09-02,LONG,0.6548,0.3135,0.3166,2,True,0.9888,1.5647,.60-.70,1.5-2x
TNSR/USDT,2024-09-08,LONG,0.5711,0.336,0.3394,1,True,1.0119,1.3075,.55-.60,1-1.5x
TNSR/USDT,2024-09-16,LONG,0.8305,0.3165,0.3598,1,True,13.6809,0.9112,>.80,
TNSR/USDT,2024-09-21,LONG,0.5506,0.4028,0.4176,5,False,3.6743,0.6181,.55-.60,
TNSR/USDT,2024-09-30,LONG,0.6846,0.4017,0.332,3,True,-17.3513,1.2246,.60-.70,1-1.5x
TNSR/USDT,2024-10-05,LONG,0.7188,0.3509,0.3574,1,True,1.8524,0.4886,.70-.80,
TNSR/USDT,2024-10-10,LONG,0.6719,0.3135,0.3419,3,True,9.059,0.1599,.60-.70,
TNSR/USDT,2024-10-11,LONG,0.7078,0.329,0.3419,2,True,3.921,0.8651,.70-.80,
TNSR/USDT,2024-10-12,LONG,0.6995,0.3403,0.3419,1,True,0.4702,0.5991,.60-.70,
TNSR/USDT,2024-10-15,LONG,0.5567,0.4002,0.3706,1,True,-7.3963,1.3182,.55-.60,1-1.5x
TNSR/USDT,2024-10-19,LONG,0.8156,0.394,0.39,3,True,-1.0152,0.7123,>.80,
TNSR/USDT,2024-10-20,LONG,0.9254,0.4168,0.39,2,True,-6.4299,0.9661,>.80,
TNSR/USDT,2024-10-24,LONG,0.9578,0.4309,0.4093,1,True,-5.0128,2.3731,>.80,2-3x
TNSR/USDT,2024-10-26,LONG,0.9778,0.4568,0.445,1,True,-2.5832,1.8931,>.80,1.5-2x
TNSR/USDT,2024-10-28,LONG,0.7091,0.4134,0.4686,2,True,13.3527,1.1499,.70-.80,1-1.5x
TNSR/USDT,2024-11-01,LONG,0.5732,0.4303,0.3363,3,True,-21.8452,0.5502,.55-.60,
TNSR/USDT,2024-11-03,LONG,0.6069,0.3513,0.3363,1,True,-4.2699,1.6028,.60-.70,1.5-2x
TNSR/USDT,2024-11-08,LONG,0.5536,0.4393,0.5041,2,True,14.7507,0.26,.55-.60,
TNSR/USDT,2024-11-11,LONG,0.6071,0.5317,0.4606,1,True,-13.3722,0.5821,.60-.70,
TNSR/USDT,2024-11-13,LONG,0.928,0.5107,0.6354,3,True,24.4175,1.1047,>.80,1-1.5x
TNSR/USDT,2024-11-15,LONG,0.9583,0.6125,0.6354,1,True,3.7388,0.8004,>.80,
TNSR/USDT,2024-11-25,LONG,0.6972,0.6064,0.6288,3,True,3.6939,0.7657,.60-.70,
TNSR/USDT,2024-11-26,LONG,0.86,0.5434,0.6288,2,True,15.7159,1.2442,>.80,1-1.5x
TNSR/USDT,2024-11-27,LONG,0.5635,0.6201,0.6288,1,True,1.403,1.6175,.55-.60,1.5-2x
TNSR/USDT,2024-12-05,LONG,0.6362,0.7351,0.8061,3,True,9.6585,0.8181,.60-.70,
TNSR/USDT,2024-12-07,LONG,0.6835,0.8118,0.8061,1,True,-0.7021,0.0879,.60-.70,
TNSR/USDT,2024-12-13,LONG,0.7162,0.6611,0.5978,3,True,-9.575,1.0248,.70-.80,1-1.5x
TNSR/USDT,2024-12-14,LONG,0.6682,0.6126,0.5978,2,True,-2.4159,0.9427,.60-.70,
TNSR/USDT,2024-12-15,LONG,0.6288,0.6309,0.5978,1,True,-5.2465,0.3904,.60-.70,
TNSR/USDT,2024-12-18,LONG,0.5873,0.5066,0.4452,4,True,-12.12,1.2614,.55-.60,1-1.5x
TNSR/USDT,2024-12-23,LONG,0.606,0.4795,0.4688,5,False,-2.2315,1.0535,.60-.70,1-1.5x
TNSR/USDT,2024-12-25,LONG,0.5912,0.477,0.4688,3,True,-1.7191,0.4458,.55-.60,
TNSR/USDT,2024-12-27,LONG,0.6006,0.4484,0.4688,1,True,4.5495,0.3331,.60-.70,
TNSR/USDT,2024-12-31,LONG,0.5854,0.4353,0.492,3,True,13.0255,0.4908,.55-.60,
TNSR/USDT,2025-01-17,LONG,0.5676,0.4297,0.3665,2,True,-14.7079,1.2343,.55-.60,1-1.5x
TNSR/USDT,2025-01-20,LONG,0.764,0.3737,0.374,3,True,0.0803,0.3207,.70-.80,
TNSR/USDT,2025-01-21,LONG,0.842,0.3792,0.374,2,True,-1.3713,0.2416,>.80,
TNSR/USDT,2025-01-22,LONG,0.8705,0.3715,0.374,1,True,0.6729,0.3363,>.80,
TNSR/USDT,2025-01-26,LONG,0.7341,0.3757,0.3722,2,True,-0.9316,0.3435,.70-.80,
TNSR/USDT,2025-01-27,LONG,0.8148,0.3767,0.3722,1,True,-1.1946,0.0513,>.80,
TNSR/USDT,2025-02-01,LONG,0.6392,0.398,0.3224,2,True,-18.995,1.3031,.60-.70,1-1.5x
TNSR/USDT,2025-02-02,LONG,0.7757,0.3217,0.3224,1,True,0.2176,2.5797,.70-.80,2-3x
TNSR/USDT,2025-02-05,LONG,0.5956,0.2978,0.362,5,False,21.5581,0.1491,.55-.60,
TNSR/USDT,2025-02-06,LONG,0.7676,0.2931,0.3385,5,False,15.4896,0.2247,.70-.80,
TNSR/USDT,2025-02-09,LONG,0.7367,0.3461,0.3611,3,True,4.334,0.5042,.70-.80,
TNSR/USDT,2025-02-14,LONG,0.7234,0.3893,0.4039,5,False,3.7503,1.1923,.70-.80,1-1.5x
TNSR/USDT,2025-02-17,LONG,0.6282,0.3932,0.488,5,False,24.1099,0.0923,.60-.70,
TNSR/USDT,2025-03-03,LONG,0.5829,0.4133,0.4442,5,False,7.4764,3.0411,.55-.60,3-5x
TNSR/USDT,2025-03-10,LONG,0.822,0.3019,0.2519,5,False,-16.5618,3.0704,>.80,3-5x
TNSR/USDT,2025-03-11,LONG,0.5843,0.2829,0.2362,5,False,-16.5076,0.662,.55-.60,
TNSR/USDT,2025-03-13,LONG,0.9853,0.2505,0.2254,5,False,-10.02,0.6825,>.80,
TNSR/USDT,2025-03-14,LONG,0.7791,0.2487,0.2241,5,False,-9.8914,0.0827,.70-.80,
TNSR/USDT,2025-03-15,LONG,0.8003,0.2519,0.2102,5,False,-16.5542,0.1479,>.80,
TNSR/USDT,2025-03-27,LONG,0.5518,0.2007,0.1675,3,True,-16.5421,0.3226,.55-.60,
TNSR/USDT,2025-03-28,LONG,0.8068,0.1798,0.1675,2,True,-6.8409,1.4597,>.80,1-1.5x
TNSR/USDT,2025-03-29,LONG,0.5972,0.1656,0.1675,1,True,1.1473,1.0995,.55-.60,1-1.5x
TNSR/USDT,2025-04-02,LONG,0.6772,0.1411,0.1182,5,False,-16.2296,2.7359,.60-.70,2-3x
TNSR/USDT,2025-04-05,LONG,0.5505,0.1335,0.1255,4,True,-5.9925,0.6319,.55-.60,
CRV/USDT,2024-08-27,LONG,0.6174,0.2953,0.2655,5,False,-10.0914,0.8588,.60-.70,
CRV/USDT,2024-08-30,LONG,0.5689,0.2928,0.2911,5,False,-0.5806,0.1692,.55-.60,
CRV/USDT,2024-09-02,LONG,0.5974,0.2804,0.2911,2,True,3.816,1.2621,.55-.60,1-1.5x
CRV/USDT,2024-09-03,LONG,0.5732,0.2616,0.2911,1,True,11.2768,1.5177,.55-.60,1.5-2x
CRV/USDT,2024-09-05,LONG,0.591,0.2793,0.2756,3,True,-1.3247,0.7886,.55-.60,
CRV/USDT,2024-09-07,LONG,0.5762,0.2567,0.2756,1,True,7.3627,0.3511,.55-.60,
CRV/USDT,2024-09-13,LONG,0.6177,0.2841,0.2836,5,False,-0.176,0.0,.60-.70,
CRV/USDT,2024-09-14,LONG,0.5975,0.2752,0.279,5,False,1.3808,0.6391,.55-.60,
CRV/USDT,2024-09-18,LONG,0.5756,0.2836,0.2965,5,False,4.5487,1.0516,.55-.60,1-1.5x
CRV/USDT,2024-09-21,LONG,0.6064,0.2986,0.3002,5,False,0.5358,0.5086,.60-.70,
CRV/USDT,2024-09-24,LONG,0.6256,0.3061,0.3002,2,True,-1.9275,0.8104,.60-.70,
CRV/USDT,2024-10-06,LONG,0.58,0.2601,0.2588,5,False,-0.4998,0.6155,.55-.60,
CRV/USDT,2024-10-10,LONG,0.6295,0.2588,0.2604,2,True,0.6182,0.134,.60-.70,
CRV/USDT,2024-10-11,LONG,0.6355,0.2588,0.2604,1,True,0.6182,0.0,.60-.70,
CRV/USDT,2024-10-14,LONG,0.5586,0.2687,0.2681,5,False,-0.2233,1.3481,.55-.60,1-1.5x
CRV/USDT,2024-10-15,LONG,0.5504,0.2625,0.2761,5,False,5.181,0.704,.55-.60,
CRV/USDT,2024-10-18,LONG,0.569,0.2653,0.2538,5,False,-4.3347,0.8049,.55-.60,
CRV/USDT,2024-10-21,LONG,0.8324,0.2636,0.2403,5,False,-8.8392,2.0501,>.80,2-3x
CRV/USDT,2024-10-22,LONG,0.7681,0.2598,0.2403,4,True,-7.5058,0.6609,.70-.80,
CRV/USDT,2024-10-23,LONG,0.7167,0.2538,0.2403,3,True,-5.3191,1.0536,.70-.80,1-1.5x
CRV/USDT,2024-10-29,LONG,0.5822,0.2598,0.2529,2,True,-2.6559,2.2272,.55-.60,2-3x
CRV/USDT,2024-11-13,LONG,0.8892,0.3147,0.2893,1,True,-8.0712,2.7624,>.80,2-3x
CRV/USDT,2024-11-15,LONG,0.9964,0.29,0.336,1,True,15.8621,0.0469,>.80,
CRV/USDT,2024-11-17,LONG,0.9547,0.32,0.4082,2,True,27.5625,0.756,>.80,
CRV/USDT,2024-11-21,LONG,0.6992,0.4048,0.4954,2,True,22.3814,1.0867,.60-.70,1-1.5x
CRV/USDT,2024-11-22,LONG,0.8181,0.4719,0.4954,1,True,4.9799,2.0542,>.80,2-3x
CRV/USDT,2024-11-25,LONG,0.5926,0.5179,0.4822,1,True,-6.8932,0.2535,.55-.60,
CRV/USDT,2024-12-05,LONG,0.9461,1.056,1.1748,2,True,11.25,0.3217,>.80,
CRV/USDT,2024-12-06,LONG,0.5532,1.2499,1.1748,1,True,-6.0085,1.7653,.55-.60,1.5-2x
CRV/USDT,2024-12-08,LONG,0.8331,1.2034,1.0583,1,True,-12.0575,0.2372,>.80,
CRV/USDT,2024-12-10,LONG,0.9954,1.0706,1.1331,1,True,5.8378,0.1096,>.80,
CRV/USDT,2024-12-12,LONG,0.9295,1.1948,1.1381,1,True,-4.7456,0.5297,>.80,
CRV/USDT,2024-12-16,LONG,0.757,1.0719,0.9526,2,True,-11.1298,0.479,.70-.80,
CRV/USDT,2024-12-19,LONG,0.5722,0.8409,0.9533,4,True,13.3666,1.0072,.55-.60,1-1.5x
CRV/USDT,2024-12-20,LONG,0.6519,0.8338,0.9533,3,True,14.332,0.0818,.60-.70,
CRV/USDT,2024-12-25,LONG,0.6771,1.0232,0.9486,4,True,-7.2909,0.1112,.60-.70,
CRV/USDT,2024-12-26,LONG,0.7626,0.9498,0.9486,3,True,-0.1263,0.9836,.70-.80,
CRV/USDT,2024-12-27,LONG,0.6778,0.9015,0.9486,2,True,5.2246,0.7001,.60-.70,
CRV/USDT,2024-12-31,LONG,0.5952,0.8943,0.9585,1,True,7.1788,0.5211,.55-.60,
CRV/USDT,2025-01-04,LONG,0.6579,1.0481,0.8086,5,False,-22.8509,0.438,.60-.70,
CRV/USDT,2025-01-05,LONG,0.6897,1.027,0.8086,4,True,-21.2658,0.2583,.60-.70,
CRV/USDT,2025-01-06,LONG,0.5681,0.9973,0.8086,3,True,-18.9211,0.3712,.55-.60,
CRV/USDT,2025-01-18,LONG,0.6993,0.9188,0.7937,5,False,-13.6156,1.8121,.60-.70,1.5-2x
CRV/USDT,2025-01-19,LONG,0.5682,0.8156,0.7952,5,False,-2.5012,1.5943,.55-.60,1.5-2x
CRV/USDT,2025-01-21,LONG,0.6639,0.8571,0.768,5,False,-10.3955,0.0819,.60-.70,
CRV/USDT,2025-01-29,LONG,0.656,0.7001,0.7853,1,True,12.1697,0.542,.60-.70,
CRV/USDT,2025-02-01,LONG,0.7182,0.6864,0.5774,2,True,-15.88,1.6127,.70-.80,1.5-2x
CRV/USDT,2025-02-02,LONG,0.7851,0.5546,0.5774,1,True,4.1111,2.2285,.70-.80,2-3x
CRV/USDT,2025-02-06,LONG,0.7667,0.4709,0.5339,4,True,13.3786,1.1165,.70-.80,1-1.5x
CRV/USDT,2025-02-07,LONG,0.7333,0.4774,0.5339,3,True,11.8349,0.1906,.70-.80,
CRV/USDT,2025-02-09,LONG,0.9606,0.5262,0.5339,1,True,1.4633,0.4199,>.80,
CRV/USDT,2025-02-14,LONG,0.6364,0.5279,0.516,5,False,-2.2542,0.047,.60-.70,
CRV/USDT,2025-02-16,LONG,0.6647,0.5099,0.4984,5,False,-2.2553,0.0406,.60-.70,
CRV/USDT,2025-02-18,LONG,0.6288,0.4962,0.5089,5,False,2.5595,0.5647,.60-.70,
CRV/USDT,2025-02-22,LONG,0.6341,0.5042,0.4551,3,True,-9.7382,0.2634,.60-.70,
CRV/USDT,2025-03-06,LONG,0.6471,0.4199,0.4287,1,True,2.0957,0.5779,.60-.70,
CRV/USDT,2025-03-09,LONG,0.5898,0.3769,0.4014,2,True,6.5004,1.6167,.55-.60,1.5-2x
CRV/USDT,2025-03-10,LONG,0.6699,0.3659,0.4014,1,True,9.7021,0.4023,.60-.70,
CRV/USDT,2025-03-12,LONG,0.6257,0.4063,0.4099,2,True,0.886,0.162,.60-.70,
CRV/USDT,2025-03-13,LONG,0.8361,0.3942,0.4099,1,True,3.9827,0.3999,>.80,
CRV/USDT,2025-03-22,LONG,0.656,0.4913,0.5037,1,True,2.5239,1.7614,.60-.70,1.5-2x
CRV/USDT,2025-03-29,LONG,0.5597,0.4891,0.4908,4,True,0.3476,0.4895,.55-.60,
CRV/USDT,2025-04-01,LONG,0.6605,0.5387,0.4908,1,True,-8.8918,1.2379,.60-.70,1-1.5x
CRV/USDT,2025-04-04,LONG,0.7821,0.5011,0.5212,5,False,4.0112,0.5828,.70-.80,
SUSHI/USDT,2024-08-27,LONG,0.5804,0.5882,0.5757,1,True,-2.1251,0.9861,.55-.60,
SUSHI/USDT,2024-08-30,LONG,0.6031,0.5678,0.5733,3,True,0.9687,0.3457,.60-.70,
SUSHI/USDT,2024-09-03,LONG,0.6456,0.5496,0.5966,1,True,8.5517,1.0406,.60-.70,1-1.5x
SUSHI/USDT,2024-09-05,LONG,0.6494,0.574,0.5617,2,True,-2.1429,0.8664,.60-.70,
SUSHI/USDT,2024-09-13,LONG,0.6145,0.6522,0.6127,4,True,-6.0564,0.2899,.60-.70,
SUSHI/USDT,2024-09-14,LONG,0.607,0.6507,0.6127,3,True,-5.8399,0.0475,.60-.70,
SUSHI/USDT,2024-10-01,LONG,0.7618,0.71,0.7568,5,False,6.5915,1.9893,.70-.80,1.5-2x
SUSHI/USDT,2024-10-03,LONG,0.6003,0.7011,0.7439,4,True,6.1047,0.0357,.60-.70,
SUSHI/USDT,2024-10-04,LONG,0.901,0.7377,0.7439,3,True,0.8405,0.9195,>.80,
SUSHI/USDT,2024-10-11,LONG,0.5517,0.7792,0.7293,5,False,-6.404,0.0252,.55-.60,
SUSHI/USDT,2024-10-13,LONG,0.6084,0.7392,0.7293,3,True,-1.3393,0.6748,.60-.70,
SUSHI/USDT,2024-10-14,LONG,0.6681,0.7885,0.7293,2,True,-7.5079,1.145,.60-.70,1-1.5x
SUSHI/USDT,2024-10-17,LONG,0.6006,0.6871,0.7205,1,True,4.861,1.0637,.60-.70,1-1.5x
SUSHI/USDT,2024-10-24,LONG,0.954,0.743,0.7033,3,True,-5.3432,0.7662,>.80,
SUSHI/USDT,2024-10-26,LONG,0.9329,0.6835,0.7033,1,True,2.8969,0.0472,>.80,
SUSHI/USDT,2024-10-28,LONG,0.5794,0.7024,0.6533,5,False,-6.9903,0.0217,.55-.60,
SUSHI/USDT,2024-10-29,LONG,0.5956,0.7248,0.6097,5,False,-15.8802,0.5388,.55-.60,
SUSHI/USDT,2024-11-01,LONG,0.7873,0.6734,0.594,3,True,-11.7909,0.2664,.70-.80,
SUSHI/USDT,2024-11-02,LONG,0.6991,0.6533,0.594,2,True,-9.077,0.52,.60-.70,
SUSHI/USDT,2024-11-03,LONG,0.5613,0.6097,0.594,1,True,-2.575,1.1829,.55-.60,1-1.5x
SUSHI/USDT,2024-11-09,LONG,0.6589,0.7623,0.7914,1,True,3.8174,0.9565,.60-.70,
SUSHI/USDT,2024-11-11,LONG,0.6858,0.8586,0.7903,1,True,-7.9548,1.554,.60-.70,1.5-2x
SUSHI/USDT,2024-11-15,LONG,0.8807,0.755,0.7384,2,True,-2.1987,1.0021,>.80,1-1.5x
SUSHI/USDT,2024-11-16,LONG,0.6789,0.7997,0.7384,1,True,-7.6654,1.0203,.60-.70,1-1.5x
SUSHI/USDT,2024-11-18,LONG,0.7377,0.8161,0.8637,4,True,5.8326,1.6223,.70-.80,1.5-2x
SUSHI/USDT,2024-11-19,LONG,0.7874,0.7814,0.8637,3,True,10.5324,0.6459,.70-.80,
SUSHI/USDT,2024-11-28,LONG,0.7599,1.1437,1.4258,4,True,24.6656,0.6101,.70-.80,
SUSHI/USDT,2024-11-29,LONG,0.921,1.1898,1.4258,3,True,19.8353,0.4654,>.80,
SUSHI/USDT,2024-12-04,LONG,0.6028,1.5071,2.0594,5,False,36.6465,0.4181,.60-.70,
SUSHI/USDT,2024-12-12,LONG,0.7168,2.2182,1.9509,5,False,-12.0503,0.2972,.70-.80,
SUSHI/USDT,2024-12-23,LONG,0.5689,1.5445,1.653,1,True,7.0249,0.5304,.55-.60,
SUSHI/USDT,2025-01-08,LONG,0.5682,1.5114,1.4472,1,True,-4.2477,0.4279,.55-.60,
SUSHI/USDT,2025-01-10,LONG,0.6528,1.4895,1.3955,3,True,-6.3108,0.3959,.60-.70,
SUSHI/USDT,2025-01-12,LONG,0.5947,1.4421,1.3955,1,True,-3.2314,0.2532,.55-.60,
SUSHI/USDT,2025-01-17,LONG,0.5679,1.7151,1.3729,3,True,-19.9522,0.9697,.55-.60,
SUSHI/USDT,2025-01-18,LONG,0.7353,1.523,1.3729,2,True,-9.8555,1.4086,.70-.80,1-1.5x
SUSHI/USDT,2025-01-19,LONG,0.5796,1.3533,1.3729,1,True,1.4483,1.3317,.55-.60,1-1.5x
SUSHI/USDT,2025-01-27,LONG,0.5913,1.2441,1.27,3,True,2.0818,0.3678,.55-.60,
SUSHI/USDT,2025-02-01,LONG,0.7898,1.1235,0.9602,2,True,-14.5349,1.7762,.70-.80,1.5-2x
SUSHI/USDT,2025-02-02,LONG,0.964,0.9543,0.9602,1,True,0.6183,2.0303,>.80,2-3x
SUSHI/USDT,2025-02-06,LONG,0.7927,0.8019,0.8839,5,False,10.2257,1.4135,.70-.80,1-1.5x
SUSHI/USDT,2025-02-07,LONG,0.6465,0.815,0.8839,4,True,8.454,0.2858,.60-.70,
SUSHI/USDT,2025-02-09,LONG,0.8796,0.8432,0.8839,2,True,4.8269,0.043,>.80,
SUSHI/USDT,2025-02-12,LONG,0.7343,0.9635,0.9332,1,True,-3.1448,1.4783,.70-.80,1-1.5x
SUSHI/USDT,2025-02-15,LONG,0.6323,0.8872,0.9169,5,False,3.3476,0.8092,.60-.70,
SUSHI/USDT,2025-02-16,LONG,0.618,0.8912,0.8766,5,False,-1.6382,0.0734,.60-.70,
SUSHI/USDT,2025-03-07,LONG,0.8317,0.7031,0.6023,4,True,-14.3365,0.0192,>.80,
SUSHI/USDT,2025-03-09,LONG,0.5627,0.5851,0.6023,2,True,2.9397,1.8166,.55-.60,1.5-2x
SUSHI/USDT,2025-03-10,LONG,0.8807,0.5755,0.6023,1,True,4.6568,0.2309,>.80,
SUSHI/USDT,2025-03-12,LONG,0.6792,0.6154,0.6178,2,True,0.39,0.3062,.60-.70,
SUSHI/USDT,2025-03-13,LONG,0.8969,0.5938,0.6178,1,True,4.0418,0.4951,>.80,
SUSHI/USDT,2025-03-16,LONG,0.6412,0.6072,0.6571,1,True,8.2181,1.0342,.60-.70,1-1.5x
SUSHI/USDT,2025-03-19,LONG,0.561,0.7001,0.668,1,True,-4.5851,0.8772,.55-.60,
SUSHI/USDT,2025-03-22,LONG,0.6798,0.6723,0.6854,4,True,1.9485,0.2988,.60-.70,
SUSHI/USDT,2025-04-02,LONG,0.5519,0.5516,0.5139,5,False,-6.8347,1.7967,.55-.60,1.5-2x
SUSHI/USDT,2025-04-03,LONG,0.5631,0.5684,0.5139,4,True,-9.5883,0.6156,.55-.60,
SUSHI/USDT,2025-04-06,LONG,0.7557,0.489,0.5139,1,True,5.092,2.5015,.70-.80,2-3x
1INCH/USDT,2024-08-27,LONG,0.6929,0.2399,0.2444,1,True,1.8758,1.4684,.60-.70,1-1.5x
1INCH/USDT,2024-09-01,LONG,0.6249,0.2255,0.2226,2,True,-1.286,1.6007,.60-.70,1.5-2x
1INCH/USDT,2024-09-04,LONG,0.7425,0.2772,0.2549,1,True,-8.0447,3.6899,.70-.80,3-5x
1INCH/USDT,2024-09-06,LONG,0.8575,0.2576,0.2511,1,True,-2.5233,0.1532,>.80,
1INCH/USDT,2024-09-08,LONG,0.7726,0.2509,0.2476,3,True,-1.3153,0.0116,.70-.80,
1INCH/USDT,2024-09-10,LONG,0.6659,0.2601,0.2476,1,True,-4.8058,0.1646,.60-.70,
1INCH/USDT,2024-09-13,LONG,0.7057,0.2669,0.2459,2,True,-7.8681,0.5346,.70-.80,
1INCH/USDT,2024-09-16,LONG,0.6294,0.2359,0.2534,2,True,7.4184,0.5931,.60-.70,
1INCH/USDT,2024-09-23,LONG,0.5564,0.2829,0.302,5,False,6.7515,0.3419,.55-.60,
1INCH/USDT,2024-09-25,LONG,0.5566,0.2941,0.2783,5,False,-5.3723,0.1537,.55-.60,
1INCH/USDT,2024-10-09,LONG,0.5638,0.2494,0.2715,5,False,8.8613,0.4149,.55-.60,
1INCH/USDT,2024-10-17,LONG,0.578,0.2621,0.2725,2,True,3.968,0.9089,.55-.60,
1INCH/USDT,2024-10-18,LONG,0.5832,0.2706,0.2725,1,True,0.7021,0.938,.55-.60,
1INCH/USDT,2024-10-28,LONG,0.8276,0.2591,0.2641,1,True,1.9298,0.1712,>.80,
1INCH/USDT,2024-10-31,LONG,0.711,0.2461,0.2404,2,True,-2.3161,1.3258,.70-.80,1-1.5x
1INCH/USDT,2024-11-01,LONG,0.6886,0.2439,0.2404,1,True,-1.435,0.2264,.60-.70,
1INCH/USDT,2024-11-04,LONG,0.5846,0.2278,0.263,2,True,15.4522,0.3961,.55-.60,
1INCH/USDT,2024-11-07,LONG,0.6073,0.2629,0.3039,5,False,15.5953,0.0083,.60-.70,
1INCH/USDT,2024-11-09,LONG,0.5726,0.2764,0.3039,3,True,9.9493,0.8222,.55-.60,
1INCH/USDT,2024-11-10,LONG,0.7672,0.2876,0.3039,2,True,5.6676,0.931,.70-.80,
1INCH/USDT,2024-11-15,LONG,0.9694,0.2875,0.3201,5,False,11.3391,1.1371,>.80,1-1.5x
1INCH/USDT,2024-11-16,LONG,0.9121,0.317,0.3352,5,False,5.7413,2.1434,>.80,2-3x
1INCH/USDT,2024-11-17,LONG,0.6388,0.3005,0.3557,5,False,18.3694,1.0422,.60-.70,1-1.5x
1INCH/USDT,2024-11-18,LONG,0.6991,0.333,0.3768,5,False,13.1532,1.9782,.60-.70,1.5-2x
1INCH/USDT,2024-11-22,LONG,0.9607,0.3557,0.3768,1,True,5.932,1.1206,>.80,1-1.5x
1INCH/USDT,2024-11-25,LONG,0.6068,0.3823,0.3906,1,True,2.1711,0.6425,.60-.70,
1INCH/USDT,2024-11-28,LONG,0.7285,0.4167,0.5103,5,False,22.4622,0.5312,.70-.80,
1INCH/USDT,2024-12-02,LONG,0.7206,0.4884,0.5106,3,True,4.5455,1.7907,.70-.80,1.5-2x
1INCH/USDT,2024-12-03,LONG,0.8673,0.5103,0.5106,2,True,0.0588,0.8492,>.80,
1INCH/USDT,2024-12-08,LONG,0.5654,0.6264,0.4752,1,True,-24.1379,3.2267,.55-.60,3-5x
1INCH/USDT,2024-12-11,LONG,0.6545,0.4928,0.5152,1,True,4.5455,1.5772,.60-.70,1.5-2x
1INCH/USDT,2024-12-15,LONG,0.8884,0.4994,0.3975,5,False,-20.4045,0.471,>.80,
1INCH/USDT,2024-12-16,LONG,0.6286,0.4902,0.3796,5,False,-22.5622,0.2072,.60-.70,
1INCH/USDT,2024-12-21,LONG,0.6093,0.3796,0.3917,5,False,3.1876,0.4812,.60-.70,
1INCH/USDT,2024-12-22,LONG,0.6449,0.3801,0.3898,5,False,2.552,0.0146,.60-.70,
1INCH/USDT,2024-12-23,LONG,0.5678,0.403,0.4136,5,False,2.6303,0.6623,.55-.60,
1INCH/USDT,2024-12-25,LONG,0.656,0.4162,0.4136,3,True,-0.6247,0.0394,.60-.70,
1INCH/USDT,2024-12-27,LONG,0.5649,0.3898,0.4136,1,True,6.1057,0.0539,.55-.60,
1INCH/USDT,2024-12-31,LONG,0.5927,0.3835,0.4226,3,True,10.1956,0.5083,.55-.60,
1INCH/USDT,2025-01-02,LONG,0.5888,0.4023,0.4226,1,True,5.046,0.524,.55-.60,
1INCH/USDT,2025-01-10,LONG,0.6971,0.3918,0.3906,5,False,-0.3063,0.3329,.60-.70,
1INCH/USDT,2025-01-11,LONG,0.5661,0.3855,0.3811,5,False,-1.1414,0.3959,.55-.60,
1INCH/USDT,2025-01-18,LONG,0.6177,0.3733,0.3394,2,True,-9.0812,1.6307,.60-.70,1.5-2x
1INCH/USDT,2025-01-19,LONG,0.5762,0.336,0.3394,1,True,1.0119,2.2827,.55-.60,2-3x
1INCH/USDT,2025-01-22,LONG,0.5516,0.3276,0.3175,1,True,-3.083,1.2836,.55-.60,1-1.5x
1INCH/USDT,2025-02-01,LONG,0.5989,0.2951,0.2533,5,False,-14.1647,1.2308,.55-.60,1-1.5x
1INCH/USDT,2025-02-03,LONG,0.7999,0.2744,0.2592,5,False,-5.5394,0.6832,.70-.80,
1INCH/USDT,2025-02-05,LONG,0.7268,0.2587,0.2663,5,False,2.9378,0.2708,.70-.80,
1INCH/USDT,2025-02-09,LONG,0.5922,0.2595,0.2638,2,True,1.657,0.0332,.55-.60,
1INCH/USDT,2025-02-18,LONG,0.5627,0.2651,0.2691,2,True,1.5089,0.7317,.55-.60,
1INCH/USDT,2025-02-26,LONG,0.5871,0.2417,0.2458,1,True,1.6963,1.7721,.55-.60,1.5-2x
1INCH/USDT,2025-03-01,LONG,0.5811,0.2427,0.2241,2,True,-7.6638,0.286,.55-.60,
1INCH/USDT,2025-03-05,LONG,0.6325,0.2342,0.1921,5,False,-17.9761,0.788,.60-.70,
1INCH/USDT,2025-03-13,LONG,0.7462,0.1948,0.1992,1,True,2.2587,0.2678,.70-.80,
1INCH/USDT,2025-03-16,LONG,0.5858,0.1973,0.2053,1,True,4.0547,0.798,.55-.60,
1INCH/USDT,2025-03-19,LONG,0.6236,0.2124,0.2076,1,True,-2.2599,0.6855,.60-.70,
1INCH/USDT,2025-03-22,LONG,0.6562,0.2096,0.2109,1,True,0.6202,0.4988,.60-.70,
1INCH/USDT,2025-03-31,LONG,0.5511,0.1873,0.1862,3,True,-0.5873,0.2899,.55-.60,
1INCH/USDT,2025-04-01,LONG,0.5723,0.1968,0.1862,2,True,-5.3862,1.6992,.55-.60,1.5-2x
1INCH/USDT,2025-04-06,LONG,0.852,0.1636,0.1664,4,True,1.7115,2.9433,>.80,2-3x
DYDX/USDT,2024-08-27,LONG,0.6762,0.979,0.855,5,False,-12.666,1.6655,.60-.70,1.5-2x
DYDX/USDT,2024-08-30,LONG,0.5723,0.933,0.881,5,False,-5.5734,0.3715,.55-.60,
DYDX/USDT,2024-08-31,LONG,0.5687,0.917,0.8722,5,False,-4.8855,0.4203,.55-.60,
DYDX/USDT,2024-09-03,LONG,0.6028,0.869,0.8722,2,True,0.3682,0.9651,.60-.70,
DYDX/USDT,2024-09-04,LONG,0.6304,0.881,0.8722,1,True,-0.9989,0.3365,.60-.70,
DYDX/USDT,2024-09-08,LONG,0.6897,0.8759,0.918,1,True,4.8065,0.4243,.60-.70,
DYDX/USDT,2024-09-13,LONG,0.933,0.931,0.8726,5,False,-6.2728,0.6411,>.80,
DYDX/USDT,2024-09-14,LONG,0.7078,0.9171,0.9477,5,False,3.3366,0.4037,.70-.80,
DYDX/USDT,2024-09-16,LONG,0.7398,0.864,0.9726,5,False,12.5694,0.7628,.70-.80,
DYDX/USDT,2024-09-18,LONG,0.6084,0.8726,0.9511,5,False,8.9961,0.1328,.60-.70,
DYDX/USDT,2024-09-19,LONG,0.5505,0.9477,1.0116,5,False,6.7426,2.3321,.55-.60,2-3x
DYDX/USDT,2024-09-21,LONG,0.5559,0.9726,1.0639,5,False,9.3872,0.336,.55-.60,
DYDX/USDT,2024-09-22,LONG,0.5695,0.9239,1.0751,5,False,16.3654,1.5266,.55-.60,1.5-2x
DYDX/USDT,2024-09-25,LONG,0.5733,1.0018,0.9952,5,False,-0.6588,0.2815,.55-.60,
DYDX/USDT,2024-10-02,LONG,0.6165,0.8539,0.8911,5,False,4.3565,1.1,.60-.70,1-1.5x
DYDX/USDT,2024-10-03,LONG,0.5565,0.853,0.883,5,False,3.517,0.0229,.55-.60,
DYDX/USDT,2024-10-04,LONG,0.7513,0.8809,0.883,4,True,0.2384,0.7027,.70-.80,
DYDX/USDT,2024-10-05,LONG,0.5728,0.8718,0.883,3,True,1.2847,0.2249,.55-.60,
DYDX/USDT,2024-10-10,LONG,0.5603,0.904,0.9247,2,True,2.2898,0.4596,.55-.60,
DYDX/USDT,2024-10-11,LONG,0.6252,0.9251,0.9247,1,True,-0.0432,0.559,.60-.70,
DYDX/USDT,2024-10-14,LONG,0.5506,0.9846,0.9972,1,True,1.2797,1.4052,.55-.60,1-1.5x
DYDX/USDT,2024-10-18,LONG,0.5762,0.9662,0.9895,1,True,2.4115,0.3005,.55-.60,
DYDX/USDT,2024-10-21,LONG,0.7403,1.2359,0.98,5,False,-20.7056,0.7666,.70-.80,
DYDX/USDT,2024-10-22,LONG,0.7551,1.1204,1.0322,5,False,-7.8722,1.1658,.70-.80,1-1.5x
DYDX/USDT,2024-10-23,LONG,0.7421,1.0872,1.0228,5,False,-5.9235,0.367,.70-.80,
DYDX/USDT,2024-10-24,LONG,0.6758,1.0864,1.0469,5,False,-3.6359,0.0091,.60-.70,
DYDX/USDT,2024-10-25,LONG,0.585,0.9695,1.0469,4,True,7.9835,1.2658,.55-.60,1-1.5x
DYDX/USDT,2024-10-26,LONG,0.9237,0.98,1.0469,3,True,6.8265,0.1275,>.80,
DYDX/USDT,2024-11-02,LONG,0.6281,0.9447,0.8896,2,True,-5.8325,0.6556,.60-.70,
DYDX/USDT,2024-11-03,LONG,0.5813,0.9023,0.8896,1,True,-1.4075,0.5132,.55-.60,
DYDX/USDT,2024-11-08,LONG,0.7033,1.0975,1.3179,3,True,20.082,0.1811,.70-.80,
DYDX/USDT,2024-11-09,LONG,0.679,1.19,1.3179,2,True,10.7479,1.2617,.60-.70,1-1.5x
DYDX/USDT,2024-11-10,LONG,0.5575,1.231,1.3179,1,True,7.0593,0.5227,.55-.60,
DYDX/USDT,2024-11-16,LONG,0.5774,1.3305,1.3115,5,False,-1.428,1.1204,.55-.60,1-1.5x
DYDX/USDT,2024-11-19,LONG,0.7382,1.2488,1.3282,3,True,6.3581,0.7759,.70-.80,
DYDX/USDT,2024-11-28,LONG,0.6419,1.5868,1.6449,1,True,3.6615,0.686,.60-.70,
DYDX/USDT,2024-12-01,LONG,0.7022,1.7055,1.7751,1,True,4.0809,0.1084,.70-.80,
DYDX/USDT,2024-12-03,LONG,0.6369,1.7976,1.7978,2,True,0.0111,0.1901,.60-.70,
DYDX/USDT,2024-12-04,LONG,0.6097,1.8419,1.7978,1,True,-2.3943,0.3893,.60-.70,
DYDX/USDT,2024-12-08,LONG,0.9687,2.6458,2.1154,1,True,-20.0469,1.1691,>.80,1-1.5x
DYDX/USDT,2024-12-11,LONG,0.5959,2.1142,2.2187,1,True,4.9428,0.878,.55-.60,
DYDX/USDT,2024-12-15,LONG,0.8326,2.188,1.94,2,True,-11.3346,0.542,>.80,
DYDX/USDT,2024-12-16,LONG,0.5614,2.0915,1.94,1,True,-7.2436,0.4534,.55-.60,
DYDX/USDT,2024-12-18,LONG,0.5897,1.6905,1.5573,2,True,-7.8793,1.2976,.55-.60,1-1.5x
DYDX/USDT,2024-12-19,LONG,0.5832,1.472,1.5573,1,True,5.7948,1.2499,.55-.60,1-1.5x
DYDX/USDT,2024-12-23,LONG,0.7249,1.5402,1.5863,1,True,2.9931,0.7083,.70-.80,
DYDX/USDT,2025-01-04,LONG,0.5819,1.6279,1.6381,2,True,0.6266,0.0087,.55-.60,
DYDX/USDT,2025-01-09,LONG,0.5542,1.3141,1.2362,4,True,-5.928,0.4282,.55-.60,
DYDX/USDT,2025-01-10,LONG,0.6897,1.3331,1.2362,3,True,-7.2688,0.2788,.60-.70,
DYDX/USDT,2025-01-11,LONG,0.5781,1.3277,1.2362,2,True,-6.8916,0.0782,.55-.60,
DYDX/USDT,2025-01-12,LONG,0.6354,1.3005,1.2362,1,True,-4.9443,0.4219,.60-.70,
DYDX/USDT,2025-01-18,LONG,0.564,1.3229,1.2187,3,True,-7.8766,1.6611,.55-.60,1.5-2x
DYDX/USDT,2025-01-19,LONG,0.5993,1.1616,1.2187,2,True,4.9156,2.0715,.55-.60,2-3x
DYDX/USDT,2025-01-20,LONG,0.6321,1.1511,1.2187,1,True,5.8726,0.1549,.60-.70,
DYDX/USDT,2025-01-23,LONG,0.5984,1.1707,1.1515,1,True,-1.64,0.0304,.55-.60,
DYDX/USDT,2025-01-27,LONG,0.6012,1.0881,1.0726,3,True,-1.4245,0.7067,.60-.70,
DYDX/USDT,2025-01-29,LONG,0.7067,1.0174,1.0726,1,True,5.4256,0.6716,.70-.80,
DYDX/USDT,2025-02-01,LONG,0.7898,0.9899,0.7651,3,True,-22.7094,1.632,.70-.80,1.5-2x
DYDX/USDT,2025-02-02,LONG,0.8753,0.8438,0.7651,2,True,-9.3269,2.2794,>.80,2-3x
DYDX/USDT,2025-02-03,LONG,0.9661,0.8191,0.7651,1,True,-6.5926,0.4599,>.80,
DYDX/USDT,2025-02-07,LONG,0.6703,0.7122,0.7454,2,True,4.6616,0.2126,.60-.70,
DYDX/USDT,2025-02-15,LONG,0.8242,0.7872,0.8001,5,False,1.6387,0.4749,>.80,
DYDX/USDT,2025-02-18,LONG,0.6406,0.7568,0.7804,5,False,3.1184,0.7506,.60-.70,
DYDX/USDT,2025-03-06,LONG,0.7322,0.6574,0.642,2,True,-2.3426,0.1707,.70-.80,
DYDX/USDT,2025-03-07,LONG,0.7847,0.6556,0.642,1,True,-2.0744,0.0455,.70-.80,
DYDX/USDT,2025-03-09,LONG,0.834,0.5716,0.5833,2,True,2.0469,1.7092,>.80,1.5-2x
DYDX/USDT,2025-03-10,LONG,0.6285,0.5455,0.5833,1,True,6.9294,0.7102,.60-.70,
DYDX/USDT,2025-03-12,LONG,0.6937,0.6076,0.6139,2,True,1.0369,0.6236,.60-.70,
DYDX/USDT,2025-03-13,LONG,0.8457,0.6132,0.6139,1,True,0.1142,0.1379,>.80,
DYDX/USDT,2025-03-16,LONG,0.6516,0.6113,0.6381,1,True,4.3841,0.6659,.60-.70,
DYDX/USDT,2025-03-19,LONG,0.7306,0.6761,0.6652,1,True,-1.6122,0.8876,.70-.80,
DYDX/USDT,2025-03-23,LONG,0.5964,0.6711,0.7226,1,True,7.674,0.1521,.55-.60,
DYDX/USDT,2025-03-29,LONG,0.7416,0.6419,0.6382,1,True,-0.5764,1.7597,.70-.80,1.5-2x
DYDX/USDT,2025-04-02,LONG,0.5681,0.5961,0.6156,1,True,3.2713,1.975,.55-.60,1.5-2x
DYDX/USDT,2025-04-06,LONG,0.7964,0.5411,0.5615,5,False,3.7701,2.566,.70-.80,2-3x
ENS/USDT,2024-08-27,LONG,0.7043,18.28,18.342,1,True,0.3392,1.2677,.70-.80,1-1.5x
ENS/USDT,2024-08-30,LONG,0.5548,18.116,17.72,3,True,-2.1859,0.2241,.55-.60,
ENS/USDT,2024-09-05,LONG,0.606,16.547,16.363,3,True,-1.112,0.6849,.60-.70,
ENS/USDT,2024-09-14,LONG,0.7471,17.566,16.704,1,True,-4.9072,0.6585,.70-.80,
ENS/USDT,2024-09-25,LONG,0.7031,18.87,19.779,4,True,4.8172,0.2657,.70-.80,
ENS/USDT,2024-09-27,LONG,0.608,20.834,19.779,2,True,-5.0638,2.463,.60-.70,2-3x
ENS/USDT,2024-10-07,LONG,0.6869,16.719,17.205,5,False,2.9069,0.6938,.60-.70,
ENS/USDT,2024-10-10,LONG,0.5681,16.254,17.782,5,False,9.4008,0.2697,.55-.60,
ENS/USDT,2024-10-12,LONG,0.6105,17.205,17.782,3,True,3.3537,0.1997,.60-.70,
ENS/USDT,2024-10-16,LONG,0.5964,17.531,17.022,1,True,-2.9034,0.3425,.55-.60,
ENS/USDT,2024-10-24,LONG,0.56,17.474,17.451,5,False,-0.1316,0.2455,.55-.60,
ENS/USDT,2024-10-26,LONG,0.5508,16.074,16.806,5,False,4.5539,0.1002,.55-.60,
ENS/USDT,2024-10-27,LONG,0.5603,16.347,16.655,5,False,1.8841,0.4211,.55-.60,
ENS/USDT,2024-10-28,LONG,0.6788,16.563,16.464,5,False,-0.5977,0.3269,.60-.70,
ENS/USDT,2024-10-30,LONG,0.5643,17.978,14.841,5,False,-17.4491,0.7241,.55-.60,
ENS/USDT,2024-10-31,LONG,0.6529,16.806,15.525,5,False,-7.6223,1.5095,.60-.70,1.5-2x
ENS/USDT,2024-11-11,LONG,0.9433,20.37,18.119,1,True,-11.0506,1.1905,>.80,1-1.5x
ENS/USDT,2024-11-13,LONG,0.7361,17.043,16.335,1,True,-4.1542,0.9597,.70-.80,
ENS/USDT,2024-11-15,LONG,0.9902,17.045,19.174,3,True,12.4905,0.7218,>.80,
ENS/USDT,2024-11-16,LONG,0.9692,18.352,19.174,2,True,4.4791,1.2307,>.80,1-1.5x
ENS/USDT,2024-11-17,LONG,0.9296,17.659,19.174,1,True,8.5792,0.5984,>.80,
ENS/USDT,2024-11-19,LONG,0.6685,18.284,19.754,3,True,8.0398,0.7077,.60-.70,
ENS/USDT,2024-11-29,LONG,0.583,33.028,40.211,1,True,21.7482,0.3254,.55-.60,
ENS/USDT,2024-12-02,LONG,0.6815,41.723,39.456,1,True,-5.4335,0.081,.60-.70,
ENS/USDT,2024-12-05,LONG,0.6822,41.102,42.178,1,True,2.6179,0.2737,.60-.70,
ENS/USDT,2024-12-08,LONG,0.6931,41.502,35.041,2,True,-15.5679,0.0052,.60-.70,
ENS/USDT,2024-12-09,LONG,0.5649,34.592,35.041,1,True,1.298,1.1869,.55-.60,1-1.5x
ENS/USDT,2024-12-13,LONG,0.6617,43.116,42.336,4,True,-1.8091,0.4044,.60-.70,
ENS/USDT,2024-12-14,LONG,0.5962,41.911,42.336,3,True,1.0141,0.2002,.55-.60,
ENS/USDT,2024-12-15,LONG,0.6776,47.672,42.336,2,True,-11.1932,0.9954,.60-.70,
ENS/USDT,2024-12-16,LONG,0.7057,45.5,42.336,1,True,-6.9538,0.3308,.70-.80,
ENS/USDT,2024-12-18,LONG,0.6335,39.531,35.953,1,True,-9.0511,0.7786,.60-.70,
ENS/USDT,2024-12-23,LONG,0.7123,37.271,37.561,1,True,0.7781,1.2302,.70-.80,1-1.5x
ENS/USDT,2024-12-27,LONG,0.567,33.704,33.048,2,True,-1.9464,0.2758,.55-.60,
ENS/USDT,2024-12-30,LONG,0.5671,33.207,37.783,4,True,13.7802,0.0712,.55-.60,
ENS/USDT,2025-01-14,LONG,0.5689,31.694,33.091,2,True,4.4078,0.6624,.55-.60,
ENS/USDT,2025-01-18,LONG,0.5687,33.921,33.391,1,True,-1.5625,1.2479,.55-.60,1-1.5x
ENS/USDT,2025-01-20,LONG,0.5604,34.118,34.202,4,True,0.2462,0.4448,.55-.60,
ENS/USDT,2025-01-21,LONG,0.6728,35.002,34.202,3,True,-2.2856,0.5403,.60-.70,
ENS/USDT,2025-01-22,LONG,0.678,34.081,34.202,2,True,0.355,0.5497,.60-.70,
ENS/USDT,2025-01-26,LONG,0.5681,32.787,33.031,4,True,0.7442,0.7347,.55-.60,
ENS/USDT,2025-01-27,LONG,0.6464,31.929,33.031,3,True,3.4514,0.6148,.60-.70,
ENS/USDT,2025-02-01,LONG,0.6794,31.225,29.174,2,True,-6.5685,1.782,.60-.70,1.5-2x
ENS/USDT,2025-02-02,LONG,0.6694,28.212,29.174,1,True,3.4099,1.8905,.60-.70,1.5-2x
ENS/USDT,2025-02-05,LONG,0.5986,27.401,25.109,3,True,-8.3647,0.5542,.55-.60,
ENS/USDT,2025-02-06,LONG,0.6932,25.77,25.109,2,True,-2.565,1.2834,.60-.70,1-1.5x
ENS/USDT,2025-02-07,LONG,0.5983,25.078,25.109,1,True,0.1236,0.5933,.55-.60,
ENS/USDT,2025-02-09,LONG,0.9696,24.85,25.255,2,True,1.6298,0.231,>.80,
ENS/USDT,2025-02-10,LONG,0.5624,25.766,25.255,1,True,-1.9832,0.8149,.55-.60,
ENS/USDT,2025-02-15,LONG,0.7434,26.535,26.663,4,True,0.4824,0.6166,.70-.80,
ENS/USDT,2025-02-20,LONG,0.558,27.109,27.168,2,True,0.2176,0.3526,.55-.60,
ENS/USDT,2025-02-23,LONG,0.6051,27.614,23.252,2,True,-15.7963,0.4178,.60-.70,
ENS/USDT,2025-02-27,LONG,0.7006,21.973,20.335,4,True,-7.4546,0.2142,.70-.80,
ENS/USDT,2025-02-28,LONG,0.643,21.57,20.335,3,True,-5.7255,0.4164,.60-.70,
ENS/USDT,2025-03-01,LONG,0.6762,21.359,20.335,2,True,-4.7942,0.2221,.60-.70,
ENS/USDT,2025-03-05,LONG,0.7984,21.168,20.733,1,True,-2.055,0.5052,.70-.80,
ENS/USDT,2025-03-12,LONG,0.5691,16.605,16.814,2,True,1.2587,0.0832,.55-.60,
ENS/USDT,2025-03-13,LONG,0.9139,16.381,16.814,1,True,2.6433,0.2081,>.80,
ENS/USDT,2025-03-15,LONG,0.6624,17.152,16.517,2,True,-3.7022,0.3102,.60-.70,
ENS/USDT,2025-03-16,LONG,0.5881,16.091,16.517,1,True,2.6474,1.0269,.55-.60,1-1.5x
ENS/USDT,2025-03-18,LONG,0.6986,16.401,17.006,2,True,3.6888,0.116,.60-.70,
ENS/USDT,2025-03-19,LONG,0.7607,17.846,17.006,1,True,-4.7069,1.3627,.70-.80,1-1.5x
ENS/USDT,2025-03-21,LONG,0.5604,16.433,17.008,2,True,3.4991,0.515,.55-.60,
ENS/USDT,2025-03-22,LONG,0.7889,16.597,17.008,1,True,2.4764,0.1768,.70-.80,
ENS/USDT,2025-03-31,LONG,0.6413,15.809,15.021,5,False,-4.9845,0.1832,.60-.70,
ENS/USDT,2025-04-01,LONG,0.5976,16.303,13.168,5,False,-19.2296,0.8096,.55-.60,
ENS/USDT,2025-04-06,LONG,0.7062,13.168,13.217,1,True,0.3721,2.6187,.70-.80,2-3x
WOO/USDT,2024-08-27,LONG,0.6353,0.1546,0.1405,5,False,-9.1203,0.8259,.60-.70,
WOO/USDT,2024-09-01,LONG,0.7441,0.1405,0.1488,1,True,5.9075,1.4095,.70-.80,1-1.5x
WOO/USDT,2024-09-03,LONG,0.603,0.1394,0.1472,1,True,5.5954,1.4766,.60-.70,1-1.5x
WOO/USDT,2024-09-05,LONG,0.6291,0.1406,0.1413,3,True,0.4979,0.9835,.60-.70,
WOO/USDT,2024-09-14,LONG,0.8783,0.1733,0.1633,1,True,-5.7703,0.1439,>.80,
WOO/USDT,2024-09-18,LONG,0.8013,0.1742,0.18,2,True,3.3295,1.2677,>.80,1-1.5x
WOO/USDT,2024-09-19,LONG,0.8345,0.1752,0.18,1,True,2.7397,0.1042,>.80,
WOO/USDT,2024-09-29,LONG,0.5699,0.1817,0.2022,1,True,11.2823,0.1441,.55-.60,
WOO/USDT,2024-10-03,LONG,0.5557,0.1602,0.1754,1,True,9.4881,1.2418,.55-.60,1-1.5x
WOO/USDT,2024-10-27,LONG,0.7355,0.1854,0.1791,5,False,-3.3981,0.8374,.70-.80,
WOO/USDT,2024-11-12,LONG,0.8193,0.253,0.2389,1,True,-5.5731,0.8655,>.80,
WOO/USDT,2024-11-16,LONG,0.948,0.2583,0.2324,5,False,-10.0271,1.2097,>.80,1-1.5x
WOO/USDT,2024-11-17,LONG,0.6355,0.2313,0.2324,4,True,0.4756,1.5018,.60-.70,1.5-2x
WOO/USDT,2024-11-19,LONG,0.744,0.2345,0.2324,2,True,-0.8955,0.8822,.70-.80,
WOO/USDT,2024-11-26,LONG,0.5868,0.2515,0.2866,4,True,13.9563,0.2537,.55-.60,
WOO/USDT,2024-11-28,LONG,0.7409,0.2767,0.2866,2,True,3.5779,0.0788,.70-.80,
WOO/USDT,2024-11-29,LONG,0.8422,0.276,0.2866,1,True,3.8406,0.0396,>.80,
WOO/USDT,2024-12-02,LONG,0.6171,0.3274,0.351,3,True,7.2083,0.7034,.60-.70,
WOO/USDT,2024-12-07,LONG,0.5979,0.3436,0.3458,1,True,0.6403,0.9366,.55-.60,
WOO/USDT,2024-12-09,LONG,0.6628,0.2828,0.2791,1,True,-1.3083,2.601,.60-.70,2-3x
WOO/USDT,2024-12-11,LONG,0.681,0.296,0.2734,5,False,-7.6351,0.9678,.60-.70,
WOO/USDT,2024-12-12,LONG,0.6041,0.2965,0.2563,5,False,-13.5582,0.027,.60-.70,
WOO/USDT,2024-12-15,LONG,0.7853,0.2899,0.2563,2,True,-11.5902,0.6792,.70-.80,
WOO/USDT,2024-12-16,LONG,0.5752,0.2734,0.2563,1,True,-6.2546,0.9209,.55-.60,
WOO/USDT,2024-12-18,LONG,0.6013,0.2325,0.2205,5,False,-5.1613,1.4684,.60-.70,1-1.5x
WOO/USDT,2024-12-21,LONG,0.6728,0.2036,0.2281,3,True,12.0334,0.9509,.60-.70,
WOO/USDT,2024-12-23,LONG,0.7146,0.2205,0.2281,1,True,3.4467,1.441,.70-.80,1-1.5x
WOO/USDT,2024-12-27,LONG,0.6292,0.2172,0.2117,2,True,-2.5322,0.5152,.60-.70,
WOO/USDT,2024-12-31,LONG,0.6478,0.208,0.2144,1,True,3.0769,0.4623,.60-.70,
WOO/USDT,2025-01-02,LONG,0.5835,0.2278,0.243,1,True,6.6725,1.1656,.55-.60,1-1.5x
WOO/USDT,2025-01-05,LONG,0.5644,0.2516,0.2518,1,True,0.0795,0.0518,.55-.60,
WOO/USDT,2025-01-10,LONG,0.7074,0.205,0.1928,3,True,-5.9512,0.5744,.70-.80,
WOO/USDT,2025-01-11,LONG,0.7275,0.2081,0.1928,2,True,-7.3522,0.2879,.70-.80,
WOO/USDT,2025-01-12,LONG,0.7929,0.2025,0.1928,1,True,-4.7901,0.5534,.70-.80,
WOO/USDT,2025-01-18,LONG,0.6611,0.204,0.1806,5,False,-11.4706,1.4713,.60-.70,1-1.5x
WOO/USDT,2025-01-19,LONG,0.6046,0.1799,0.174,5,False,-3.2796,2.0116,.60-.70,2-3x
WOO/USDT,2025-01-20,LONG,0.6196,0.1786,0.174,4,True,-2.5756,0.1233,.60-.70,
WOO/USDT,2025-01-23,LONG,0.5803,0.1806,0.174,1,True,-3.6545,0.0616,.55-.60,
WOO/USDT,2025-01-27,LONG,0.5633,0.1631,0.1618,3,True,-0.7971,0.6494,.55-.60,
WOO/USDT,2025-01-29,LONG,0.5851,0.1547,0.1618,1,True,4.5895,0.6876,.55-.60,
WOO/USDT,2025-02-01,LONG,0.8865,0.1477,0.1281,2,True,-13.2701,1.8545,>.80,1.5-2x
WOO/USDT,2025-02-02,LONG,0.8906,0.1256,0.1281,1,True,1.9904,2.4228,>.80,2-3x
WOO/USDT,2025-02-05,LONG,0.6692,0.1154,0.1196,5,False,3.6395,0.8536,.60-.70,
WOO/USDT,2025-02-06,LONG,0.7359,0.1097,0.1188,5,False,8.2954,0.9234,.70-.80,
WOO/USDT,2025-02-07,LONG,0.7319,0.1104,0.1188,4,True,7.6087,0.1201,.70-.80,
WOO/USDT,2025-02-09,LONG,0.9322,0.1148,0.1188,2,True,3.4843,0.2008,>.80,
WOO/USDT,2025-02-10,LONG,0.5961,0.1196,0.1188,1,True,-0.6689,0.8089,.55-.60,
WOO/USDT,2025-02-12,LONG,0.5796,0.1298,0.1269,1,True,-2.2342,1.6153,.55-.60,1.5-2x
WOO/USDT,2025-02-15,LONG,0.6828,0.1272,0.1245,1,True,-2.1226,0.6789,.60-.70,
WOO/USDT,2025-02-17,LONG,0.6262,0.1236,0.1284,5,False,3.8835,0.1282,.60-.70,
WOO/USDT,2025-02-20,LONG,0.5709,0.1241,0.1284,2,True,3.4649,0.7886,.55-.60,
WOO/USDT,2025-02-26,LONG,0.7158,0.1119,0.1116,2,True,-0.2681,0.1763,.70-.80,
WOO/USDT,2025-02-27,LONG,0.7589,0.1121,0.1116,1,True,-0.446,0.0349,.70-.80,
WOO/USDT,2025-03-09,LONG,0.6118,0.084,0.0819,2,True,-2.5,1.807,.60-.70,1.5-2x
WOO/USDT,2025-03-10,LONG,0.6047,0.0787,0.0819,1,True,4.0661,0.9448,.60-.70,
WOO/USDT,2025-03-12,LONG,0.6497,0.0827,0.0806,1,True,-2.5393,0.1462,.60-.70,
WOO/USDT,2025-03-19,LONG,0.6423,0.0887,0.08611,1,True,-2.92,0.6962,.60-.70,
WOO/USDT,2025-03-21,LONG,0.6914,0.08491,0.08811,1,True,3.7687,0.222,.60-.70,
WOO/USDT,2025-03-25,LONG,0.6347,0.0965,0.09333,1,True,-3.285,0.4272,.60-.70,
WOO/USDT,2025-04-02,LONG,0.5697,0.06881,0.06042,5,False,-12.193,1.9193,.55-.60,1.5-2x
GMT/USDT,2024-08-29,LONG,0.5897,0.1258,0.1172,4,True,-6.8362,0.0,.55-.60,
GMT/USDT,2024-09-03,LONG,0.5758,0.1123,0.1262,1,True,12.3776,0.9888,.55-.60,
GMT/USDT,2024-09-10,LONG,0.6085,0.1462,0.1459,1,True,-0.2052,1.6339,.60-.70,1.5-2x
GMT/USDT,2024-09-14,LONG,0.9024,0.1356,0.124,2,True,-8.5546,0.1526,>.80,
GMT/USDT,2024-09-15,LONG,0.6264,0.1315,0.124,1,True,-5.7034,0.4862,.60-.70,
GMT/USDT,2024-09-22,LONG,0.5917,0.1379,0.1583,4,True,14.7933,0.5082,.55-.60,
GMT/USDT,2024-10-03,LONG,0.5746,0.1235,0.1283,5,False,3.8866,0.0315,.55-.60,
GMT/USDT,2024-10-05,LONG,0.5715,0.1306,0.1264,5,False,-3.2159,0.283,.55-.60,
GMT/USDT,2024-10-06,LONG,0.7117,0.134,0.1324,5,False,-1.194,0.5146,.70-.80,
GMT/USDT,2024-10-07,LONG,0.6361,0.1319,0.1324,4,True,0.3791,0.3085,.60-.70,
GMT/USDT,2024-10-08,LONG,0.5551,0.1283,0.1324,3,True,3.1956,0.5348,.55-.60,
GMT/USDT,2024-10-13,LONG,0.632,0.1292,0.1346,5,False,4.1796,0.5773,.60-.70,
GMT/USDT,2024-10-15,LONG,0.5902,0.1339,0.1346,3,True,0.5228,0.1643,.55-.60,
GMT/USDT,2024-10-24,LONG,0.554,0.1378,0.1408,5,False,2.1771,1.3625,.55-.60,1-1.5x
GMT/USDT,2024-10-28,LONG,0.7991,0.1323,0.1408,1,True,6.4248,0.099,.70-.80,
GMT/USDT,2024-10-31,LONG,0.6824,0.1277,0.1225,5,False,-4.072,1.3973,.60-.70,1-1.5x
GMT/USDT,2024-11-01,LONG,0.5692,0.1255,0.1331,5,False,6.0558,0.407,.55-.60,
GMT/USDT,2024-11-04,LONG,0.5547,0.1174,0.1392,5,False,18.569,0.5701,.55-.60,
GMT/USDT,2024-11-15,LONG,0.6563,0.1499,0.153,2,True,2.068,1.4341,.60-.70,1-1.5x
GMT/USDT,2024-11-16,LONG,0.6241,0.1624,0.153,1,True,-5.7882,1.7829,.60-.70,1.5-2x
GMT/USDT,2024-11-18,LONG,0.558,0.1672,0.1973,5,False,18.0024,1.8075,.55-.60,1.5-2x
GMT/USDT,2024-11-19,LONG,0.5637,0.1687,0.1973,4,True,16.9532,0.1787,.55-.60,
GMT/USDT,2024-11-28,LONG,0.7713,0.2113,0.225,3,True,6.4837,0.3238,.70-.80,
GMT/USDT,2024-12-03,LONG,0.6076,0.2422,0.2398,2,True,-0.9909,1.0838,.60-.70,1-1.5x
GMT/USDT,2024-12-04,LONG,0.7173,0.2462,0.2398,1,True,-2.5995,0.2991,.70-.80,
GMT/USDT,2024-12-11,LONG,0.668,0.2002,0.2066,1,True,3.1968,0.9929,.60-.70,
GMT/USDT,2024-12-14,LONG,0.5808,0.1934,0.142,5,False,-26.577,0.73,.55-.60,
GMT/USDT,2024-12-15,LONG,0.6754,0.1968,0.1453,5,False,-26.1687,0.3113,.60-.70,
GMT/USDT,2024-12-16,LONG,0.5995,0.1844,0.1453,4,True,-21.2039,1.0873,.55-.60,1-1.5x
GMT/USDT,2024-12-18,LONG,0.6255,0.1524,0.1453,2,True,-4.6588,1.7988,.60-.70,1.5-2x
GMT/USDT,2024-12-24,LONG,0.5664,0.1405,0.1339,1,True,-4.6975,0.0113,.55-.60,
GMT/USDT,2024-12-26,LONG,0.7699,0.1537,0.1885,2,True,22.6415,2.0168,.70-.80,2-3x
GMT/USDT,2024-12-27,LONG,0.8271,0.2094,0.1885,1,True,-9.9809,3.2139,>.80,3-5x
GMT/USDT,2024-12-31,LONG,0.999,0.153,0.1583,3,True,3.4641,0.4052,>.80,
GMT/USDT,2025-01-01,LONG,0.9697,0.1536,0.1583,2,True,3.0599,0.0364,>.80,
GMT/USDT,2025-01-02,LONG,0.9855,0.1526,0.1583,1,True,3.7353,0.0605,>.80,
GMT/USDT,2025-01-05,LONG,0.5655,0.1637,0.1668,1,True,1.8937,0.1686,.55-.60,
GMT/USDT,2025-01-08,LONG,0.5994,0.1433,0.1288,5,False,-10.1186,0.403,.55-.60,
GMT/USDT,2025-01-09,LONG,0.5541,0.1416,0.1334,5,False,-5.791,0.1136,.55-.60,
GMT/USDT,2025-01-13,LONG,0.6299,0.1288,0.1315,3,True,2.0963,0.6353,.60-.70,
GMT/USDT,2025-01-18,LONG,0.6417,0.1267,0.106,3,True,-16.3378,1.9061,.60-.70,1.5-2x
GMT/USDT,2025-01-19,LONG,0.5725,0.1093,0.106,2,True,-3.0192,2.7525,.55-.60,2-3x
GMT/USDT,2025-01-20,LONG,0.5822,0.1019,0.106,1,True,4.0236,1.3319,.55-.60,1-1.5x
GMT/USDT,2025-01-22,LONG,0.5535,0.105,0.1011,2,True,-3.7143,0.1804,.55-.60,
GMT/USDT,2025-01-23,LONG,0.7664,0.1046,0.1011,1,True,-3.3461,0.075,.70-.80,
GMT/USDT,2025-01-27,LONG,0.7222,0.0976,0.0897,1,True,-8.0943,0.4882,.70-.80,
GMT/USDT,2025-02-01,LONG,0.7798,0.0852,0.0735,2,True,-13.7324,1.9996,.70-.80,1.5-2x
GMT/USDT,2025-02-02,LONG,0.8491,0.0701,0.0735,1,True,4.8502,2.7702,>.80,2-3x
GMT/USDT,2025-02-06,LONG,0.6995,0.0629,0.0652,5,False,3.6566,1.1091,.60-.70,1-1.5x
GMT/USDT,2025-02-07,LONG,0.6636,0.0636,0.0652,4,True,2.5157,0.1812,.60-.70,
GMT/USDT,2025-02-09,LONG,0.768,0.07,0.0652,2,True,-6.8571,0.238,.70-.80,
GMT/USDT,2025-02-13,LONG,0.7041,0.0694,0.074,1,True,6.6282,0.6193,.70-.80,
GMT/USDT,2025-02-19,LONG,0.6074,0.06767,0.07173,3,True,5.9997,0.2629,.60-.70,
GMT/USDT,2025-02-25,LONG,0.6309,0.06046,0.06373,5,False,5.4085,0.5036,.60-.70,
GMT/USDT,2025-02-26,LONG,0.591,0.06085,0.05211,5,False,-14.3632,0.1086,.55-.60,
GMT/USDT,2025-02-27,LONG,0.5546,0.06177,0.05211,4,True,-15.6387,0.2544,.55-.60,
GMT/USDT,2025-03-12,LONG,0.5678,0.04774,0.0498,2,True,4.315,0.4994,.55-.60,
GMT/USDT,2025-03-13,LONG,0.7594,0.04788,0.0498,1,True,4.01,0.0445,.70-.80,
GMT/USDT,2025-03-16,LONG,0.6899,0.04727,0.04992,1,True,5.6061,1.1597,.60-.70,1-1.5x
GMT/USDT,2025-03-22,LONG,0.6159,0.05257,0.05264,1,True,0.1332,0.6588,.60-.70,
GMT/USDT,2025-04-05,LONG,0.5617,0.04508,0.04284,5,False,-4.9689,0.2198,.55-.60,
GMT/USDT,2025-04-06,LONG,0.8096,0.03961,0.04458,5,False,12.5473,2.7002,>.80,2-3x
ZIL/USDT,2024-08-27,LONG,0.7758,0.01368,0.01353,1,True,-1.0965,1.2019,.70-.80,1-1.5x
ZIL/USDT,2024-09-01,LONG,0.628,0.01284,0.01355,1,True,5.5296,1.1331,.60-.70,1-1.5x
ZIL/USDT,2024-09-03,LONG,0.6337,0.01313,0.01342,1,True,2.2087,0.9562,.60-.70,
ZIL/USDT,2024-09-14,LONG,0.7015,0.01375,0.0131,2,True,-4.7273,0.1672,.70-.80,
ZIL/USDT,2024-09-20,LONG,0.5775,0.01471,0.01567,5,False,6.5262,1.1339,.55-.60,1-1.5x
ZIL/USDT,2024-09-22,LONG,0.8219,0.01493,0.01671,5,False,11.9223,1.3976,>.80,1-1.5x
ZIL/USDT,2024-09-24,LONG,0.618,0.01588,0.01605,5,False,1.0705,0.9907,.60-.70,
ZIL/USDT,2024-09-27,LONG,0.5577,0.01671,0.01367,5,False,-18.1927,1.358,.55-.60,1-1.5x
ZIL/USDT,2024-09-30,LONG,0.6504,0.01501,0.01412,5,False,-5.9294,2.0202,.60-.70,2-3x
ZIL/USDT,2024-10-03,LONG,0.7096,0.01365,0.0145,3,True,6.2271,0.0399,.70-.80,
ZIL/USDT,2024-10-04,LONG,0.8154,0.01415,0.0145,2,True,2.4735,0.976,>.80,
ZIL/USDT,2024-10-05,LONG,0.6476,0.01412,0.0145,1,True,2.6912,0.0579,.60-.70,
ZIL/USDT,2024-10-07,LONG,0.5619,0.01438,0.0143,1,True,-0.5563,0.2279,.55-.60,
ZIL/USDT,2024-10-10,LONG,0.811,0.01397,0.01532,5,False,9.6636,0.0613,>.80,
ZIL/USDT,2024-10-11,LONG,0.5923,0.01452,0.01532,4,True,5.5096,1.1732,.55-.60,1-1.5x
ZIL/USDT,2024-10-12,LONG,0.6743,0.01483,0.01532,3,True,3.3041,0.6511,.60-.70,
ZIL/USDT,2024-10-27,LONG,0.6438,0.01427,0.01467,3,True,2.8031,0.5581,.60-.70,
ZIL/USDT,2024-10-28,LONG,0.5644,0.01423,0.01467,2,True,3.0921,0.0878,.55-.60,
ZIL/USDT,2024-10-29,LONG,0.5502,0.01479,0.01467,1,True,-0.8114,1.2049,.55-.60,1-1.5x
ZIL/USDT,2024-11-01,LONG,0.5603,0.01392,0.01366,1,True,-1.8678,0.0431,.55-.60,
ZIL/USDT,2024-11-11,LONG,0.6249,0.01829,0.0176,1,True,-3.7726,2.7101,.60-.70,2-3x
ZIL/USDT,2024-11-15,LONG,0.9997,0.01812,0.02085,3,True,15.0662,2.0091,>.80,2-3x
ZIL/USDT,2024-11-16,LONG,0.9996,0.02058,0.02085,2,True,1.312,2.353,>.80,2-3x
ZIL/USDT,2024-11-17,LONG,0.8445,0.01873,0.02085,1,True,11.3187,1.4363,>.80,1-1.5x
ZIL/USDT,2024-11-19,LONG,0.6444,0.02075,0.02222,3,True,7.0843,0.0726,.60-.70,
ZIL/USDT,2024-11-20,LONG,0.5602,0.01973,0.02222,2,True,12.6204,0.7461,.55-.60,
ZIL/USDT,2024-11-28,LONG,0.637,0.02506,0.0353,5,False,40.8619,0.3561,.60-.70,
ZIL/USDT,2024-12-02,LONG,0.7509,0.03045,0.03385,2,True,11.1658,2.0308,.70-.80,2-3x
ZIL/USDT,2024-12-03,LONG,0.7851,0.0353,0.03385,1,True,-4.1076,2.2547,.70-.80,2-3x
ZIL/USDT,2024-12-07,LONG,0.6637,0.03505,0.03482,1,True,-0.6562,0.4034,.60-.70,
ZIL/USDT,2024-12-14,LONG,0.5632,0.0268,0.02532,3,True,-5.5224,0.8332,.55-.60,
ZIL/USDT,2024-12-15,LONG,0.738,0.02761,0.02532,2,True,-8.2941,0.4069,.70-.80,
ZIL/USDT,2024-12-16,LONG,0.888,0.02656,0.02532,1,True,-4.6687,0.5117,>.80,
ZIL/USDT,2024-12-18,LONG,0.6361,0.0223,0.02144,2,True,-3.8565,1.5023,.60-.70,1.5-2x
ZIL/USDT,2024-12-21,LONG,0.5632,0.02043,0.02076,1,True,1.6153,0.5702,.55-.60,
ZIL/USDT,2024-12-23,LONG,0.6441,0.02236,0.02215,5,False,-0.9392,1.1427,.60-.70,1-1.5x
ZIL/USDT,2024-12-25,LONG,0.7461,0.02257,0.02215,3,True,-1.8609,0.6162,.70-.80,
ZIL/USDT,2024-12-26,LONG,0.5635,0.02095,0.02215,2,True,5.7279,1.0487,.55-.60,1-1.5x
ZIL/USDT,2024-12-27,LONG,0.569,0.02106,0.02215,1,True,5.1757,0.0764,.55-.60,
ZIL/USDT,2024-12-31,LONG,0.5947,0.02013,0.02328,3,True,15.6483,0.6883,.55-.60,
ZIL/USDT,2025-01-10,LONG,0.7089,0.022,0.02098,2,True,-4.6364,0.4545,.70-.80,
ZIL/USDT,2025-01-11,LONG,0.5696,0.02161,0.02098,1,True,-2.9153,0.3384,.55-.60,
ZIL/USDT,2025-01-19,LONG,0.5806,0.01975,0.01986,1,True,0.557,1.8062,.55-.60,1.5-2x
ZIL/USDT,2025-01-22,LONG,0.5808,0.02001,0.01994,1,True,-0.3498,0.4245,.55-.60,
ZIL/USDT,2025-01-26,LONG,0.6399,0.01916,0.01855,4,True,-3.1837,0.2879,.60-.70,
ZIL/USDT,2025-02-01,LONG,0.7489,0.01734,0.01545,2,True,-10.8997,1.6566,.70-.80,1.5-2x
ZIL/USDT,2025-02-02,LONG,0.8965,0.01517,0.01545,1,True,1.8457,2.3697,>.80,2-3x
ZIL/USDT,2025-02-05,LONG,0.7515,0.01422,0.01489,5,False,4.7117,0.4136,.70-.80,
ZIL/USDT,2025-02-06,LONG,0.8327,0.01368,0.01474,5,False,7.7485,0.8715,>.80,
ZIL/USDT,2025-02-07,LONG,0.8316,0.0137,0.01474,4,True,7.5912,0.0342,>.80,
ZIL/USDT,2025-02-09,LONG,0.9325,0.01428,0.01474,2,True,3.2213,0.136,>.80,
ZIL/USDT,2025-02-10,LONG,0.6796,0.01489,0.01474,1,True,-1.0074,1.0248,.60-.70,1-1.5x
ZIL/USDT,2025-02-12,LONG,0.6127,0.0155,0.01506,1,True,-2.8387,1.168,.60-.70,1-1.5x
ZIL/USDT,2025-02-15,LONG,0.7605,0.01473,0.01457,1,True,-1.0862,0.7635,.70-.80,
ZIL/USDT,2025-02-17,LONG,0.5906,0.01478,0.01494,5,False,1.0825,0.3289,.55-.60,
ZIL/USDT,2025-02-26,LONG,0.607,0.01335,0.0137,2,True,2.6217,0.0608,.60-.70,
ZIL/USDT,2025-02-27,LONG,0.6931,0.01377,0.0137,1,True,-0.5084,0.8335,.60-.70,
ZIL/USDT,2025-03-06,LONG,0.6115,0.01281,0.01185,5,False,-7.4941,0.3474,.60-.70,
ZIL/USDT,2025-03-07,LONG,0.6169,0.01281,0.01185,4,True,-7.4941,0.0,.60-.70,
ZIL/USDT,2025-03-09,LONG,0.5889,0.01151,0.01185,2,True,2.954,1.5997,.55-.60,1.5-2x
ZIL/USDT,2025-03-10,LONG,0.6495,0.01125,0.01185,1,True,5.3333,0.4287,.60-.70,
ZIL/USDT,2025-03-12,LONG,0.7135,0.01212,0.01216,2,True,0.33,0.4229,.70-.80,
ZIL/USDT,2025-03-13,LONG,0.8493,0.01187,0.01216,1,True,2.4431,0.3842,>.80,
ZIL/USDT,2025-03-16,LONG,0.5938,0.01191,0.01246,1,True,4.618,0.8156,.55-.60,
ZIL/USDT,2025-03-24,LONG,0.7349,0.01297,0.0128,2,True,-1.3107,1.6056,.70-.80,1.5-2x
ZIL/USDT,2025-03-25,LONG,0.5519,0.01319,0.0128,1,True,-2.9568,0.4877,.55-.60,
ZIL/USDT,2025-03-31,LONG,0.5882,0.01131,0.01113,5,False,-1.5915,0.4299,.55-.60,
ZIL/USDT,2025-04-03,LONG,0.6502,0.01112,0.01113,2,True,0.0899,0.702,.60-.70,
ZIL/USDT,2025-04-04,LONG,0.5624,0.0113,0.01113,1,True,-1.5044,0.4585,.55-.60,
ZIL/USDT,2025-04-06,LONG,0.7133,0.0101,0.0107,3,True,5.9406,2.4484,.70-.80,2-3x
ENJ/USDT,2024-08-27,LONG,0.6552,0.1429,0.1414,1,True,-1.0497,1.3592,.60-.70,1-1.5x
ENJ/USDT,2024-08-30,LONG,0.7017,0.144,0.139,5,False,-3.4722,0.0,.70-.80,
ENJ/USDT,2024-09-02,LONG,0.5572,0.1379,0.1328,5,False,-3.6983,1.1799,.55-.60,1-1.5x
ENJ/USDT,2024-09-06,LONG,0.7059,0.1318,0.1328,1,True,0.7587,0.4903,.70-.80,
ENJ/USDT,2024-09-08,LONG,0.7092,0.1376,0.1477,1,True,7.3401,0.9457,.70-.80,
ENJ/USDT,2024-09-15,LONG,0.7069,0.1375,0.1392,2,True,1.2364,1.6784,.70-.80,1.5-2x
ENJ/USDT,2024-09-16,LONG,0.863,0.1344,0.1392,1,True,3.5714,0.6253,>.80,
ENJ/USDT,2024-09-22,LONG,0.8959,0.1508,0.161,2,True,6.7639,0.8978,>.80,
ENJ/USDT,2024-09-23,LONG,0.5542,0.1552,0.161,1,True,3.7371,0.8332,.55-.60,
ENJ/USDT,2024-09-27,LONG,0.5514,0.1752,0.1429,5,False,-18.4361,1.6034,.55-.60,1.5-2x
ENJ/USDT,2024-09-30,LONG,0.6193,0.1662,0.1482,5,False,-10.8303,1.8135,.60-.70,1.5-2x
ENJ/USDT,2024-10-03,LONG,0.7917,0.1413,0.1505,4,True,6.511,0.2401,.70-.80,
ENJ/USDT,2024-10-04,LONG,0.7498,0.1488,0.1505,3,True,1.1425,1.1048,.70-.80,1-1.5x
ENJ/USDT,2024-10-05,LONG,0.698,0.1482,0.1505,2,True,1.552,0.0887,.60-.70,
ENJ/USDT,2024-10-09,LONG,0.6296,0.1424,0.1516,2,True,6.4607,0.9404,.60-.70,
ENJ/USDT,2024-10-13,LONG,0.6589,0.1511,0.1521,3,True,0.6618,0.0745,.60-.70,
ENJ/USDT,2024-10-15,LONG,0.7079,0.1567,0.1521,1,True,-2.9355,0.3747,.70-.80,
ENJ/USDT,2024-10-17,LONG,0.6907,0.1481,0.1541,1,True,4.0513,0.6236,.60-.70,
ENJ/USDT,2024-10-20,LONG,0.7072,0.1687,0.1612,1,True,-4.4458,1.8088,.70-.80,1.5-2x
ENJ/USDT,2024-10-25,LONG,0.5927,0.1426,0.1513,4,True,6.101,2.4356,.55-.60,2-3x
ENJ/USDT,2024-10-27,LONG,0.657,0.1469,0.1513,2,True,2.9952,0.3515,.60-.70,
ENJ/USDT,2024-10-28,LONG,0.8186,0.1473,0.1513,1,True,2.7155,0.0631,>.80,
ENJ/USDT,2024-10-31,LONG,0.6744,0.1406,0.1333,5,False,-5.192,1.2172,.60-.70,1-1.5x
ENJ/USDT,2024-11-01,LONG,0.5901,0.1386,0.148,5,False,6.7821,0.3329,.55-.60,
ENJ/USDT,2024-11-03,LONG,0.5746,0.1303,0.148,3,True,13.584,0.966,.55-.60,
ENJ/USDT,2024-11-04,LONG,0.923,0.1263,0.148,2,True,17.1813,0.7407,>.80,
ENJ/USDT,2024-11-15,LONG,0.9791,0.1616,0.1905,5,False,17.8837,1.2123,>.80,1-1.5x
ENJ/USDT,2024-11-16,LONG,0.9991,0.1856,0.2007,5,False,8.1358,2.7318,>.80,2-3x
ENJ/USDT,2024-11-17,LONG,0.8691,0.1737,0.2007,4,True,15.544,1.1243,>.80,1-1.5x
ENJ/USDT,2024-11-18,LONG,0.8684,0.2101,0.2007,3,True,-4.4741,2.8923,>.80,2-3x
ENJ/USDT,2024-11-19,LONG,0.7319,0.1994,0.2007,2,True,0.652,0.6915,.70-.80,
ENJ/USDT,2024-11-28,LONG,0.7827,0.2952,0.3258,3,True,10.3659,0.3451,.70-.80,
ENJ/USDT,2024-12-04,LONG,0.5746,0.3753,0.3643,3,True,-2.931,0.7711,.55-.60,
ENJ/USDT,2024-12-15,LONG,0.6167,0.3037,0.2748,2,True,-9.516,0.0917,.60-.70,
ENJ/USDT,2024-12-19,LONG,0.5712,0.2209,0.2296,1,True,3.9384,1.3654,.55-.60,1-1.5x
ENJ/USDT,2024-12-23,LONG,0.565,0.2367,0.2311,5,False,-2.3659,1.36,.55-.60,1-1.5x
ENJ/USDT,2024-12-31,LONG,0.5648,0.2091,0.2259,2,True,8.0344,0.6193,.55-.60,
ENJ/USDT,2025-01-10,LONG,0.6644,0.2032,0.1906,3,True,-6.2008,0.2536,.60-.70,
ENJ/USDT,2025-01-11,LONG,0.7331,0.2044,0.1906,2,True,-6.7515,0.1075,.70-.80,
ENJ/USDT,2025-01-12,LONG,0.7218,0.1991,0.1906,1,True,-4.2692,0.525,.70-.80,
ENJ/USDT,2025-01-18,LONG,0.6002,0.1963,0.1729,3,True,-11.9205,1.7625,.60-.70,1.5-2x
ENJ/USDT,2025-01-20,LONG,0.62,0.1682,0.1729,1,True,2.7943,0.373,.60-.70,
ENJ/USDT,2025-01-27,LONG,0.6659,0.154,0.1448,2,True,-5.974,0.4557,.60-.70,
ENJ/USDT,2025-01-28,LONG,0.6142,0.1394,0.1448,1,True,3.8737,1.8431,.60-.70,1.5-2x
ENJ/USDT,2025-02-01,LONG,0.7586,0.1424,0.1261,2,True,-11.4466,1.3865,.70-.80,1-1.5x
ENJ/USDT,2025-02-02,LONG,0.9064,0.122,0.1261,1,True,3.3607,2.2683,>.80,2-3x
ENJ/USDT,2025-02-05,LONG,0.7111,0.1212,0.1195,3,True,-1.4026,0.4068,.70-.80,
ENJ/USDT,2025-02-06,LONG,0.6252,0.113,0.1195,2,True,5.7522,1.192,.60-.70,1-1.5x
ENJ/USDT,2025-02-07,LONG,0.7978,0.1159,0.1195,1,True,3.1061,0.4595,.70-.80,
ENJ/USDT,2025-02-09,LONG,0.9604,0.1174,0.1217,1,True,3.6627,0.338,>.80,
ENJ/USDT,2025-02-12,LONG,0.5738,0.1316,0.1249,1,True,-5.0912,1.5631,.55-.60,1.5-2x
ENJ/USDT,2025-02-15,LONG,0.745,0.1249,0.1218,1,True,-2.482,0.4177,.70-.80,
ENJ/USDT,2025-02-17,LONG,0.6232,0.1216,0.1243,3,True,2.2204,0.0301,.60-.70,
ENJ/USDT,2025-02-26,LONG,0.5944,0.112,0.1138,2,True,1.6071,0.2355,.55-.60,
ENJ/USDT,2025-02-27,LONG,0.762,0.114,0.1138,1,True,-0.1754,0.3593,.70-.80,
ENJ/USDT,2025-03-05,LONG,0.5893,0.1049,0.1011,1,True,-3.6225,0.6149,.55-.60,
ENJ/USDT,2025-03-07,LONG,0.9536,0.1014,0.0996,1,True,-1.7751,0.0501,>.80,
ENJ/USDT,2025-03-10,LONG,0.9622,0.085,0.0905,1,True,6.4706,0.6432,>.80,
ENJ/USDT,2025-03-13,LONG,0.9689,0.089,0.0909,1,True,2.1348,0.496,>.80,
ENJ/USDT,2025-03-16,LONG,0.5739,0.0872,0.09196,1,True,5.4587,0.9883,.55-.60,
ENJ/USDT,2025-03-19,LONG,0.6326,0.09509,0.0901,1,True,-5.2477,0.5444,.60-.70,
ENJ/USDT,2025-03-23,LONG,0.6069,0.09145,0.09651,3,True,5.5331,0.1,.60-.70,
ENJ/USDT,2025-03-24,LONG,0.614,0.09672,0.09651,2,True,-0.2171,1.3119,.60-.70,1-1.5x
ENJ/USDT,2025-04-02,LONG,0.6732,0.07368,0.06677,5,False,-9.3784,2.1999,.60-.70,2-3x
ENJ/USDT,2025-04-04,LONG,0.5791,0.07343,0.06677,3,True,-9.0699,0.318,.55-.60,
ENJ/USDT,2025-04-06,LONG,0.6437,0.06486,0.06677,1,True,2.9448,2.3996,.60-.70,2-3x
ONE/USDT,2024-08-30,LONG,0.6027,0.01131,0.01091,1,True,-3.5367,0.5465,.60-.70,
ONE/USDT,2024-09-02,LONG,0.5612,0.01138,0.01076,1,True,-5.4482,1.9136,.55-.60,1.5-2x
ONE/USDT,2024-09-05,LONG,0.5921,0.01092,0.01098,3,True,0.5495,0.3404,.55-.60,
ONE/USDT,2024-09-07,LONG,0.5861,0.01066,0.01098,1,True,3.0019,0.3786,.55-.60,
ONE/USDT,2024-09-14,LONG,0.5773,0.0127,0.01285,5,False,1.1811,0.6798,.55-.60,
ONE/USDT,2024-09-18,LONG,0.6214,0.01244,0.0142,5,False,14.1479,0.8693,.60-.70,
ONE/USDT,2024-09-21,LONG,0.6071,0.0141,0.01447,5,False,2.6241,1.0769,.60-.70,1-1.5x
ONE/USDT,2024-09-22,LONG,0.6061,0.01366,0.01509,5,False,10.4685,0.7621,.60-.70,
ONE/USDT,2024-10-07,LONG,0.6778,0.01301,0.01226,2,True,-5.7648,0.5265,.60-.70,
ONE/USDT,2024-10-11,LONG,0.6418,0.01255,0.0139,4,True,10.757,0.5902,.60-.70,
ONE/USDT,2024-10-12,LONG,0.8531,0.01336,0.0139,3,True,4.0419,1.4309,>.80,1-1.5x
ONE/USDT,2024-10-21,LONG,0.5702,0.01421,0.01312,2,True,-7.6707,1.7007,.55-.60,1.5-2x
ONE/USDT,2024-10-22,LONG,0.7397,0.01391,0.01312,1,True,-5.6794,0.506,.70-.80,
ONE/USDT,2024-10-24,LONG,0.8423,0.01379,0.01218,1,True,-11.6751,1.1967,>.80,1-1.5x
ONE/USDT,2024-10-27,LONG,0.6911,0.01234,0.01263,3,True,2.3501,0.3694,.60-.70,
ONE/USDT,2024-10-28,LONG,0.6854,0.01245,0.01263,2,True,1.4458,0.1812,.60-.70,
ONE/USDT,2024-10-29,LONG,0.5578,0.01274,0.01263,1,True,-0.8634,0.489,.55-.60,
ONE/USDT,2024-11-10,LONG,0.6243,0.01458,0.01488,2,True,2.0576,1.0223,.60-.70,1-1.5x
ONE/USDT,2024-11-15,LONG,0.9984,0.01391,0.01422,5,False,2.2286,1.0989,>.80,1-1.5x
ONE/USDT,2024-11-16,LONG,0.9806,0.01497,0.0156,5,False,4.2084,1.2617,>.80,1-1.5x
ONE/USDT,2024-11-17,LONG,0.7652,0.01388,0.01729,5,False,24.5677,1.1508,.70-.80,1-1.5x
ONE/USDT,2024-11-19,LONG,0.7827,0.01528,0.01729,3,True,13.1545,0.7238,.70-.80,
ONE/USDT,2024-11-21,LONG,0.5581,0.0156,0.01729,1,True,10.8333,1.2627,.55-.60,1-1.5x
ONE/USDT,2024-11-23,LONG,0.5885,0.02083,0.02451,2,True,17.6668,2.3736,.55-.60,2-3x
ONE/USDT,2024-11-24,LONG,0.8036,0.02452,0.02451,1,True,-0.0408,1.9593,>.80,1.5-2x
ONE/USDT,2024-11-28,LONG,0.8746,0.02416,0.02943,3,True,21.8129,0.0914,>.80,
ONE/USDT,2024-11-29,LONG,0.8434,0.02677,0.02943,2,True,9.9365,1.1694,>.80,1-1.5x
ONE/USDT,2024-11-30,LONG,0.9001,0.02835,0.02943,1,True,3.8095,0.6386,>.80,
ONE/USDT,2024-12-23,LONG,0.6078,0.0304,0.0299,5,False,-1.6447,1.7902,.60-.70,1.5-2x
ONE/USDT,2024-12-25,LONG,0.5639,0.03219,0.0299,3,True,-7.114,0.061,.55-.60,
ONE/USDT,2024-12-27,LONG,0.6051,0.02859,0.0299,1,True,4.582,0.4126,.60-.70,
ONE/USDT,2024-12-31,LONG,0.5784,0.02636,0.03214,3,True,21.9272,0.5844,.55-.60,
ONE/USDT,2025-01-10,LONG,0.5736,0.02402,0.02298,3,True,-4.3297,0.1849,.55-.60,
ONE/USDT,2025-01-11,LONG,0.5669,0.02394,0.02298,2,True,-4.01,0.0457,.55-.60,
ONE/USDT,2025-01-17,LONG,0.5772,0.02883,0.02265,4,True,-21.436,1.8504,.55-.60,1.5-2x
ONE/USDT,2025-01-18,LONG,0.667,0.02561,0.02265,3,True,-11.558,1.6216,.60-.70,1.5-2x
ONE/USDT,2025-01-20,LONG,0.5949,0.02179,0.02265,1,True,3.9468,0.2725,.55-.60,
ONE/USDT,2025-01-26,LONG,0.5638,0.02027,0.02011,4,True,-0.7893,0.6407,.55-.60,
ONE/USDT,2025-01-29,LONG,0.6077,0.0183,0.02011,1,True,9.8907,0.5178,.60-.70,
ONE/USDT,2025-02-01,LONG,0.5731,0.01779,0.01353,5,False,-23.946,1.4846,.55-.60,1-1.5x
ONE/USDT,2025-02-03,LONG,0.7865,0.01608,0.01353,3,True,-15.8582,0.6256,.70-.80,
ONE/USDT,2025-02-04,LONG,0.5597,0.01475,0.01353,2,True,-8.2712,1.153,.55-.60,1-1.5x
ONE/USDT,2025-02-05,LONG,0.7555,0.01438,0.01353,1,True,-5.911,0.35,.70-.80,
ONE/USDT,2025-02-07,LONG,0.7286,0.01375,0.01542,4,True,12.1455,0.2653,.70-.80,
ONE/USDT,2025-02-09,LONG,0.9851,0.01455,0.01542,2,True,5.9794,0.07,>.80,
ONE/USDT,2025-02-16,LONG,0.6193,0.01509,0.01596,5,False,5.7654,0.227,.60-.70,
ONE/USDT,2025-02-17,LONG,0.6605,0.01539,0.01675,5,False,8.8369,0.3258,.60-.70,
ONE/USDT,2025-02-18,LONG,0.6518,0.01453,0.01629,5,False,12.1129,0.9109,.60-.70,
ONE/USDT,2025-02-22,LONG,0.5728,0.01675,0.0143,3,True,-14.6269,1.0427,.55-.60,1-1.5x
ONE/USDT,2025-02-24,LONG,0.6187,0.01378,0.0143,1,True,3.7736,2.7713,.60-.70,2-3x
ONE/USDT,2025-03-03,LONG,0.7231,0.01349,0.01321,1,True,-2.0756,2.2944,.70-.80,2-3x
ONE/USDT,2025-03-05,LONG,0.5618,0.01345,0.01262,3,True,-6.171,0.2726,.55-.60,
ONE/USDT,2025-03-06,LONG,0.7001,0.0133,0.01262,2,True,-5.1128,0.1673,.70-.80,
ONE/USDT,2025-03-07,LONG,0.5661,0.01309,0.01262,1,True,-3.5905,0.2389,.55-.60,
ONE/USDT,2025-03-10,LONG,0.575,0.01051,0.01079,1,True,2.6641,1.2889,.55-.60,1-1.5x
ONE/USDT,2025-03-12,LONG,0.6658,0.01127,0.0112,2,True,-0.6211,0.6573,.60-.70,
ONE/USDT,2025-03-13,LONG,0.7253,0.01097,0.0112,1,True,2.0966,0.3932,.70-.80,
ONE/USDT,2025-03-26,LONG,0.5931,0.01278,0.01281,1,True,0.2347,0.0833,.55-.60,
ONE/USDT,2025-04-01,LONG,0.6994,0.01097,0.00923,5,False,-15.8614,0.5787,.60-.70,
ONE/USDT,2025-04-06,LONG,0.7312,0.00923,0.00956,1,True,3.5753,2.3451,.70-.80,2-3x
RVN/USDT,2024-08-29,LONG,0.6916,0.01679,0.01613,4,True,-3.9309,0.0993,.60-.70,
RVN/USDT,2024-08-30,LONG,0.7097,0.01663,0.01613,3,True,-3.0066,0.2278,.70-.80,
RVN/USDT,2024-09-03,LONG,0.5849,0.01542,0.01605,1,True,4.0856,1.0543,.55-.60,1-1.5x
RVN/USDT,2024-09-08,LONG,0.6522,0.01684,0.01761,1,True,4.5724,1.1983,.60-.70,1-1.5x
RVN/USDT,2024-09-13,LONG,0.7564,0.01754,0.01654,2,True,-5.7013,0.3428,.70-.80,
RVN/USDT,2024-09-14,LONG,0.689,0.01733,0.01654,1,True,-4.5586,0.3171,.60-.70,
RVN/USDT,2024-09-18,LONG,0.714,0.01715,0.01798,2,True,4.8397,0.7527,.70-.80,
RVN/USDT,2024-09-19,LONG,0.5916,0.01784,0.01798,1,True,0.7848,1.073,.55-.60,1-1.5x
RVN/USDT,2024-09-21,LONG,0.6601,0.01843,0.01811,3,True,-1.7363,0.7217,.60-.70,
RVN/USDT,2024-09-22,LONG,0.7833,0.01782,0.01811,2,True,1.6274,0.9519,.70-.80,
RVN/USDT,2024-09-30,LONG,0.6244,0.01774,0.01616,2,True,-8.9064,2.1693,.60-.70,2-3x
RVN/USDT,2024-10-03,LONG,0.7478,0.01603,0.01649,2,True,2.8696,0.2364,.70-.80,
RVN/USDT,2024-10-04,LONG,0.5731,0.01667,0.01649,1,True,-1.0798,1.13,.55-.60,1-1.5x
RVN/USDT,2024-10-09,LONG,0.5564,0.01618,0.01759,5,False,8.7145,0.3355,.55-.60,
RVN/USDT,2024-10-10,LONG,0.5653,0.01595,0.01728,5,False,8.3386,0.4596,.55-.60,
RVN/USDT,2024-10-12,LONG,0.7106,0.01697,0.0164,5,False,-3.3589,0.0356,.70-.80,
RVN/USDT,2024-10-15,LONG,0.6877,0.01728,0.01718,3,True,-0.5787,0.4884,.60-.70,
RVN/USDT,2024-10-17,LONG,0.5574,0.0164,0.01718,1,True,4.7561,1.0455,.55-.60,1-1.5x
RVN/USDT,2024-10-21,LONG,0.7165,0.01761,0.02122,3,True,20.4997,1.6198,.70-.80,1.5-2x
RVN/USDT,2024-10-22,LONG,0.6269,0.01769,0.02122,2,True,19.9548,0.1376,.60-.70,
RVN/USDT,2024-10-23,LONG,0.8526,0.01685,0.02122,1,True,25.9347,1.3583,>.80,1-1.5x
RVN/USDT,2024-10-25,LONG,0.725,0.0173,0.01705,2,True,-1.4451,2.3005,.70-.80,2-3x
RVN/USDT,2024-10-26,LONG,0.7825,0.01746,0.01705,1,True,-2.3482,0.1153,.70-.80,
RVN/USDT,2024-10-28,LONG,0.9985,0.0171,0.01824,1,True,6.6667,0.0366,>.80,
RVN/USDT,2024-10-30,LONG,0.8914,0.01807,0.01692,1,True,-6.3641,0.1148,>.80,
RVN/USDT,2024-11-11,LONG,0.598,0.02079,0.02016,1,True,-3.0303,0.5291,.55-.60,
RVN/USDT,2024-11-15,LONG,0.7612,0.02072,0.02131,5,False,2.8475,1.5593,.70-.80,1.5-2x
RVN/USDT,2024-11-16,LONG,0.9097,0.02212,0.02264,5,False,2.3508,1.5949,>.80,1.5-2x
RVN/USDT,2024-11-18,LONG,0.5623,0.02327,0.02283,4,True,-1.8908,2.5086,.55-.60,2-3x
RVN/USDT,2024-11-19,LONG,0.8781,0.02234,0.02283,3,True,2.1934,0.7475,>.80,
RVN/USDT,2024-11-21,LONG,0.6254,0.02264,0.02283,1,True,0.8392,1.1749,.60-.70,1-1.5x
RVN/USDT,2024-11-28,LONG,0.821,0.02444,0.02686,3,True,9.9018,0.0557,>.80,
RVN/USDT,2024-11-29,LONG,0.8015,0.02547,0.02686,2,True,5.4574,0.7165,>.80,
RVN/USDT,2024-12-03,LONG,0.7093,0.034,0.03183,2,True,-6.3824,2.7023,.70-.80,2-3x
RVN/USDT,2024-12-08,LONG,0.5947,0.03269,0.0284,5,False,-13.1233,0.285,.55-.60,
RVN/USDT,2024-12-11,LONG,0.5574,0.02767,0.02739,5,False,-1.0119,1.121,.55-.60,1-1.5x
RVN/USDT,2024-12-15,LONG,0.5992,0.02826,0.02563,2,True,-9.3064,0.7131,.55-.60,
RVN/USDT,2024-12-16,LONG,0.731,0.02739,0.02563,1,True,-6.4257,0.4059,.70-.80,
RVN/USDT,2024-12-18,LONG,0.65,0.02263,0.0213,1,True,-5.8772,1.4382,.60-.70,1-1.5x
RVN/USDT,2024-12-21,LONG,0.593,0.02047,0.02088,5,False,2.0029,0.7345,.55-.60,
RVN/USDT,2024-12-23,LONG,0.7123,0.02183,0.02173,5,False,-0.4581,0.8916,.70-.80,
RVN/USDT,2024-12-25,LONG,0.8097,0.02217,0.02173,3,True,-1.9847,0.366,>.80,
RVN/USDT,2024-12-27,LONG,0.5679,0.02088,0.02173,1,True,4.0709,0.0,.55-.60,
RVN/USDT,2024-12-31,LONG,0.6363,0.02016,0.02306,5,False,14.3849,0.3582,.60-.70,
RVN/USDT,2025-01-02,LONG,0.6022,0.02193,0.02306,3,True,5.1528,1.178,.60-.70,1-1.5x
RVN/USDT,2025-01-08,LONG,0.6518,0.02,0.01874,5,False,-6.3,0.3928,.60-.70,
RVN/USDT,2025-01-09,LONG,0.5667,0.01952,0.01874,4,True,-3.9959,0.5205,.55-.60,
RVN/USDT,2025-01-10,LONG,0.7289,0.01983,0.01874,3,True,-5.4967,0.3579,.70-.80,
RVN/USDT,2025-01-18,LONG,0.6804,0.02051,0.01948,3,True,-5.0219,1.2557,.60-.70,1-1.5x
RVN/USDT,2025-01-19,LONG,0.5516,0.01917,0.01948,2,True,1.6171,1.3586,.55-.60,1-1.5x
RVN/USDT,2025-01-20,LONG,0.5945,0.01875,0.01948,1,True,3.8933,0.4547,.55-.60,
RVN/USDT,2025-02-01,LONG,0.5546,0.01698,0.01579,2,True,-7.0082,1.6926,.55-.60,1.5-2x
RVN/USDT,2025-02-02,LONG,0.6926,0.01518,0.01579,1,True,4.0184,2.2557,.60-.70,2-3x
RVN/USDT,2025-02-06,LONG,0.8484,0.01398,0.01449,5,False,3.6481,1.0966,>.80,1-1.5x
RVN/USDT,2025-02-08,LONG,0.5552,0.01436,0.01449,3,True,0.9053,1.3142,.55-.60,1-1.5x
RVN/USDT,2025-02-09,LONG,0.8839,0.01414,0.01449,2,True,2.4752,0.371,>.80,
RVN/USDT,2025-02-12,LONG,0.6239,0.01537,0.0141,5,False,-8.2628,1.3968,.60-.70,1-1.5x
RVN/USDT,2025-02-15,LONG,0.7177,0.01474,0.0147,5,False,-0.2714,0.362,.70-.80,
RVN/USDT,2025-02-18,LONG,0.5804,0.01393,0.01442,3,True,3.5176,0.2867,.55-.60,
RVN/USDT,2025-02-20,LONG,0.5618,0.0147,0.01442,1,True,-1.9048,0.9243,.55-.60,
RVN/USDT,2025-02-27,LONG,0.582,0.01351,0.01341,1,True,-0.7402,0.0374,.55-.60,
RVN/USDT,2025-03-02,LONG,0.6114,0.01486,0.01254,1,True,-15.6124,2.4818,.60-.70,2-3x
RVN/USDT,2025-03-05,LONG,0.5912,0.01316,0.01266,2,True,-3.7994,0.8358,.55-.60,
RVN/USDT,2025-03-12,LONG,0.624,0.01217,0.01234,2,True,1.3969,0.5019,.60-.70,
RVN/USDT,2025-03-19,LONG,0.8003,0.01295,0.01242,1,True,-4.0927,1.1057,>.80,1-1.5x
RVN/USDT,2025-03-21,LONG,0.9479,0.01231,0.01236,1,True,0.4062,0.149,>.80,
RVN/USDT,2025-03-23,LONG,0.6093,0.01217,0.01166,5,False,-4.1906,0.3834,.60-.70,
RVN/USDT,2025-03-27,LONG,0.5584,0.01268,0.01122,3,True,-11.5142,0.4156,.55-.60,
RVN/USDT,2025-03-28,LONG,0.6154,0.01166,0.01122,2,True,-3.7736,1.7948,.60-.70,1.5-2x
RVN/USDT,2025-04-01,LONG,0.5712,0.01117,0.01088,3,True,-2.5962,0.2844,.55-.60,
RVN/USDT,2025-04-05,LONG,0.6991,0.01082,0.01045,4,True,-3.4196,0.1509,.60-.70,
BAT/USDT,2024-08-30,LONG,0.6664,0.1655,0.1617,5,False,-2.2961,0.0591,.60-.70,
BAT/USDT,2024-09-01,LONG,0.8168,0.1575,0.1617,3,True,2.6667,1.1878,>.80,1-1.5x
BAT/USDT,2024-09-02,LONG,0.8525,0.1653,0.1617,2,True,-2.1779,1.6783,>.80,1.5-2x
BAT/USDT,2024-09-03,LONG,0.7712,0.1587,0.1617,1,True,1.8904,1.3023,.70-.80,1-1.5x
BAT/USDT,2024-09-07,LONG,0.5572,0.156,0.1646,2,True,5.5128,0.6636,.55-.60,
BAT/USDT,2024-09-17,LONG,0.5717,0.1745,0.1879,5,False,7.6791,1.4383,.55-.60,1-1.5x
BAT/USDT,2024-09-19,LONG,0.5925,0.1825,0.1949,5,False,6.7945,1.1758,.55-.60,1-1.5x
BAT/USDT,2024-09-22,LONG,0.6071,0.1879,0.1897,3,True,0.958,1.4407,.60-.70,1-1.5x
BAT/USDT,2024-09-30,LONG,0.6791,0.1793,0.1702,5,False,-5.0753,2.2501,.60-.70,2-3x
BAT/USDT,2024-10-03,LONG,0.6765,0.1645,0.1716,5,False,4.3161,0.3843,.60-.70,
BAT/USDT,2024-10-05,LONG,0.5599,0.1702,0.1659,5,False,-2.5264,0.1443,.55-.60,
BAT/USDT,2024-10-06,LONG,0.5734,0.1751,0.1733,5,False,-1.028,0.8729,.55-.60,
BAT/USDT,2024-10-08,LONG,0.5684,0.1716,0.1733,3,True,0.9907,0.4136,.55-.60,
BAT/USDT,2024-10-10,LONG,0.5683,0.1659,0.1733,1,True,4.4605,0.3106,.55-.60,
BAT/USDT,2024-10-16,LONG,0.6531,0.1769,0.173,1,True,-2.2046,0.6985,.60-.70,
BAT/USDT,2024-10-24,LONG,0.5859,0.1764,0.1616,1,True,-8.39,0.8923,.55-.60,
BAT/USDT,2024-10-27,LONG,0.9244,0.165,0.1596,5,False,-3.2727,0.7865,>.80,
BAT/USDT,2024-10-31,LONG,0.7477,0.1604,0.1552,2,True,-3.2419,1.7543,.70-.80,1.5-2x
BAT/USDT,2024-11-01,LONG,0.7892,0.1596,0.1552,1,True,-2.7569,0.1574,.70-.80,
BAT/USDT,2024-11-06,LONG,0.7813,0.1708,0.1708,2,True,0.0,2.2335,.70-.80,2-3x
BAT/USDT,2024-11-11,LONG,0.9982,0.195,0.1877,2,True,-3.7436,1.4664,>.80,1-1.5x
BAT/USDT,2024-11-12,LONG,0.988,0.1968,0.1877,1,True,-4.624,0.2285,>.80,
BAT/USDT,2024-11-16,LONG,0.9683,0.2164,0.2268,2,True,4.8059,2.6658,>.80,2-3x
BAT/USDT,2024-11-17,LONG,0.7005,0.1965,0.2268,1,True,15.4198,1.7443,.70-.80,1.5-2x
BAT/USDT,2024-11-19,LONG,0.9058,0.2151,0.2315,3,True,7.6244,0.819,>.80,
BAT/USDT,2024-11-20,LONG,0.5714,0.2052,0.2315,2,True,12.8168,0.737,.55-.60,
BAT/USDT,2024-11-21,LONG,0.5868,0.2149,0.2315,1,True,7.7245,0.754,.55-.60,
BAT/USDT,2024-11-28,LONG,0.9979,0.3038,0.3284,1,True,8.0974,0.2849,>.80,
BAT/USDT,2024-12-02,LONG,0.6267,0.3257,0.3377,5,False,3.6844,0.2375,.60-.70,
BAT/USDT,2024-12-03,LONG,0.6641,0.3505,0.3394,5,False,-3.1669,1.054,.60-.70,1-1.5x
BAT/USDT,2024-12-08,LONG,0.5514,0.3394,0.2957,4,True,-12.8757,0.0867,.55-.60,
BAT/USDT,2024-12-11,LONG,0.574,0.2906,0.2957,1,True,1.755,1.1679,.55-.60,1-1.5x
BAT/USDT,2024-12-15,LONG,0.641,0.2872,0.2255,5,False,-21.4833,0.5342,.60-.70,
BAT/USDT,2024-12-18,LONG,0.5545,0.2381,0.2322,5,False,-2.478,1.465,.55-.60,1-1.5x
BAT/USDT,2024-12-23,LONG,0.6149,0.2322,0.2608,2,True,12.317,1.4494,.60-.70,1-1.5x
BAT/USDT,2024-12-28,LONG,0.6786,0.2557,0.2329,3,True,-8.9167,0.7771,.60-.70,
BAT/USDT,2025-01-11,LONG,0.6573,0.2506,0.2373,2,True,-5.3073,0.2463,.60-.70,
BAT/USDT,2025-01-23,LONG,0.7554,0.2299,0.2079,5,False,-9.5694,0.0289,.70-.80,
BAT/USDT,2025-01-24,LONG,0.5628,0.2246,0.2131,5,False,-5.1202,0.5091,.55-.60,
BAT/USDT,2025-02-01,LONG,0.5887,0.2098,0.1915,2,True,-8.7226,1.2725,.55-.60,1-1.5x
BAT/USDT,2025-02-02,LONG,0.5911,0.1879,0.1915,1,True,1.9159,2.2175,.55-.60,2-3x
BAT/USDT,2025-02-06,LONG,0.7787,0.1686,0.1801,5,False,6.8209,1.2613,.70-.80,1-1.5x
BAT/USDT,2025-02-10,LONG,0.6069,0.1847,0.1838,5,False,-0.4873,1.073,.60-.70,1-1.5x
BAT/USDT,2025-02-15,LONG,0.5986,0.1838,0.1866,5,False,1.5234,0.7057,.55-.60,
BAT/USDT,2025-02-18,LONG,0.5824,0.1762,0.1842,5,False,4.5403,1.1405,.55-.60,1-1.5x
BAT/USDT,2025-02-20,LONG,0.5849,0.1866,0.1667,5,False,-10.6645,1.3159,.55-.60,1-1.5x
BAT/USDT,2025-03-01,LONG,0.5606,0.168,0.1818,1,True,8.2143,0.0302,.55-.60,
BAT/USDT,2025-03-03,LONG,0.5699,0.1565,0.1602,4,True,2.3642,2.6445,.55-.60,2-3x
BAT/USDT,2025-03-05,LONG,0.5725,0.1627,0.1602,2,True,-1.5366,0.7655,.55-.60,
BAT/USDT,2025-03-06,LONG,0.6851,0.1615,0.1602,1,True,-0.805,0.1454,.60-.70,
BAT/USDT,2025-03-09,LONG,0.5565,0.1473,0.143,1,True,-2.9192,1.1047,.55-.60,1-1.5x
BAT/USDT,2025-03-13,LONG,0.5539,0.1437,0.152,4,True,5.7759,0.579,.55-.60,
BAT/USDT,2025-03-16,LONG,0.6171,0.1439,0.152,1,True,5.6289,1.0013,.60-.70,1-1.5x
BAT/USDT,2025-03-19,LONG,0.649,0.1577,0.1522,1,True,-3.4876,0.5149,.60-.70,
BAT/USDT,2025-03-22,LONG,0.624,0.1496,0.154,4,True,2.9412,0.298,.60-.70,
BAT/USDT,2025-03-23,LONG,0.5705,0.149,0.154,3,True,3.3557,0.1321,.55-.60,
BAT/USDT,2025-03-24,LONG,0.874,0.1561,0.154,2,True,-1.3453,1.4736,>.80,1-1.5x
BAT/USDT,2025-03-25,LONG,0.787,0.159,0.154,1,True,-3.1447,0.5923,.70-.80,
BAT/USDT,2025-04-02,LONG,0.62,0.1296,0.1329,3,True,2.5463,1.9803,.60-.70,1.5-2x
BAT/USDT,2025-04-03,LONG,0.6968,0.1324,0.1329,2,True,0.3776,0.5841,.60-.70,
BAT/USDT,2025-04-04,LONG,0.5806,0.1341,0.1329,1,True,-0.8949,0.3463,.55-.60,
BAT/USDT,2025-04-06,LONG,0.6004,0.1196,0.126,3,True,5.3512,2.557,.60-.70,2-3x
LRC/USDT,2024-08-27,LONG,0.6291,0.128,0.1183,5,False,-7.5781,1.1593,.60-.70,1-1.5x
LRC/USDT,2024-08-29,LONG,0.568,0.1241,0.1193,5,False,-3.8678,0.2124,.55-.60,
LRC/USDT,2024-08-30,LONG,0.7551,0.1258,0.1231,5,False,-2.1463,0.33,.70-.80,
LRC/USDT,2024-09-08,LONG,0.72,0.1195,0.119,3,True,-0.4184,0.5221,.70-.80,
LRC/USDT,2024-09-13,LONG,0.6101,0.1234,0.1173,2,True,-4.9433,0.1949,.60-.70,
LRC/USDT,2024-09-14,LONG,0.7271,0.121,0.1173,1,True,-3.0579,0.5154,.70-.80,
LRC/USDT,2024-09-30,LONG,0.5787,0.1318,0.1205,4,True,-8.5736,1.849,.55-.60,1.5-2x
LRC/USDT,2024-10-02,LONG,0.5579,0.1168,0.1205,2,True,3.1678,0.3905,.55-.60,
LRC/USDT,2024-10-07,LONG,0.6029,0.1235,0.1237,5,False,0.1619,0.2569,.60-.70,
LRC/USDT,2024-10-10,LONG,0.576,0.1185,0.127,5,False,7.173,0.0231,.55-.60,
LRC/USDT,2024-10-21,LONG,0.5617,0.1306,0.1181,5,False,-9.5712,1.3004,.55-.60,1-1.5x
LRC/USDT,2024-10-24,LONG,0.5628,0.1284,0.1266,5,False,-1.4019,0.4389,.55-.60,
LRC/USDT,2024-10-27,LONG,0.5831,0.1201,0.125,3,True,4.0799,0.4719,.55-.60,
LRC/USDT,2024-10-28,LONG,0.7694,0.1216,0.125,2,True,2.7961,0.3499,.70-.80,
LRC/USDT,2024-10-31,LONG,0.7573,0.1177,0.1151,5,False,-2.209,1.5379,.70-.80,1.5-2x
LRC/USDT,2024-11-03,LONG,0.5527,0.1117,0.1265,4,True,13.2498,1.3036,.55-.60,1-1.5x
LRC/USDT,2024-11-06,LONG,0.5921,0.1245,0.1265,1,True,1.6064,1.8917,.55-.60,1.5-2x
LRC/USDT,2024-11-08,LONG,0.6241,0.1405,0.1533,3,True,9.1103,2.2955,.60-.70,2-3x
LRC/USDT,2024-11-09,LONG,0.6729,0.1411,0.1533,2,True,8.6464,0.0921,.60-.70,
LRC/USDT,2024-11-15,LONG,0.9987,0.1521,0.1731,2,True,13.8067,2.0459,>.80,2-3x
LRC/USDT,2024-11-16,LONG,0.9576,0.1734,0.1731,1,True,-0.173,2.5446,>.80,2-3x
LRC/USDT,2024-11-21,LONG,0.6842,0.182,0.1892,1,True,3.956,0.9642,.60-.70,
LRC/USDT,2024-11-23,LONG,0.595,0.2069,0.2343,1,True,13.2431,1.65,.55-.60,1.5-2x
LRC/USDT,2024-11-27,LONG,0.6261,0.2365,0.2332,1,True,-1.3953,1.4812,.60-.70,1-1.5x
LRC/USDT,2024-11-30,LONG,0.6947,0.2455,0.242,1,True,-1.4257,0.3414,.60-.70,
LRC/USDT,2024-12-09,LONG,0.6084,0.2459,0.2429,1,True,-1.22,2.7184,.60-.70,2-3x
LRC/USDT,2024-12-11,LONG,0.6767,0.2723,0.2788,1,True,2.3871,1.4547,.60-.70,1-1.5x
LRC/USDT,2024-12-14,LONG,0.5581,0.2583,0.2415,3,True,-6.5041,0.8617,.55-.60,
LRC/USDT,2024-12-15,LONG,0.7288,0.2683,0.2415,2,True,-9.9888,0.4983,.70-.80,
LRC/USDT,2024-12-16,LONG,0.5619,0.2561,0.2415,1,True,-5.7009,0.5795,.55-.60,
LRC/USDT,2024-12-18,LONG,0.6011,0.2194,0.1921,4,True,-12.443,1.1432,.60-.70,1-1.5x
LRC/USDT,2024-12-21,LONG,0.5611,0.1968,0.1921,1,True,-2.3882,0.5855,.55-.60,
LRC/USDT,2024-12-23,LONG,0.8461,0.2133,0.2218,1,True,3.985,1.4346,>.80,1-1.5x
LRC/USDT,2024-12-25,LONG,0.7006,0.2149,0.1987,4,True,-7.5384,0.4108,.70-.80,
LRC/USDT,2024-12-27,LONG,0.6646,0.2028,0.1987,2,True,-2.0217,0.1973,.60-.70,
LRC/USDT,2024-12-31,LONG,0.6217,0.1945,0.219,3,True,12.5964,0.4193,.60-.70,
LRC/USDT,2025-01-10,LONG,0.5771,0.1874,0.1773,3,True,-5.3895,0.3929,.55-.60,
LRC/USDT,2025-01-11,LONG,0.5858,0.1869,0.1773,2,True,-5.1364,0.0554,.55-.60,
LRC/USDT,2025-01-12,LONG,0.5551,0.183,0.1773,1,True,-3.1148,0.5134,.55-.60,
LRC/USDT,2025-01-18,LONG,0.5776,0.1969,0.1794,3,True,-8.8878,1.5929,.55-.60,1.5-2x
LRC/USDT,2025-01-19,LONG,0.7333,0.1739,0.1794,2,True,3.1627,2.2429,.70-.80,2-3x
LRC/USDT,2025-01-20,LONG,0.6945,0.1717,0.1794,1,True,4.4846,0.2434,.60-.70,
LRC/USDT,2025-01-27,LONG,0.6435,0.1624,0.1502,5,False,-7.5123,0.1548,.60-.70,
LRC/USDT,2025-02-01,LONG,0.6612,0.1502,0.1363,2,True,-9.2543,1.7477,.60-.70,1.5-2x
LRC/USDT,2025-02-02,LONG,0.7714,0.1324,0.1363,1,True,2.9456,2.1525,.70-.80,2-3x
LRC/USDT,2025-02-05,LONG,0.5836,0.1292,0.1296,3,True,0.3096,0.175,.55-.60,
LRC/USDT,2025-02-06,LONG,0.7986,0.1247,0.1296,2,True,3.9294,0.7322,.70-.80,
LRC/USDT,2025-02-07,LONG,0.6181,0.1258,0.1296,1,True,3.0207,0.1884,.60-.70,
LRC/USDT,2025-02-09,LONG,0.9289,0.1279,0.1293,1,True,1.0946,0.31,>.80,
LRC/USDT,2025-02-12,LONG,0.5793,0.1347,0.1317,1,True,-2.2272,1.4354,.55-.60,1-1.5x
LRC/USDT,2025-02-15,LONG,0.6243,0.1376,0.1333,5,False,-3.125,0.7629,.60-.70,
LRC/USDT,2025-02-17,LONG,0.5656,0.1354,0.1421,5,False,4.9483,0.3201,.55-.60,
LRC/USDT,2025-02-18,LONG,0.563,0.1302,0.1359,5,False,4.3779,0.7932,.55-.60,
LRC/USDT,2025-02-19,LONG,0.5541,0.1309,0.1196,5,False,-8.6325,0.1132,.55-.60,
LRC/USDT,2025-02-22,LONG,0.5639,0.1421,0.1235,5,False,-13.0894,1.6873,.55-.60,1.5-2x
LRC/USDT,2025-02-24,LONG,0.8234,0.1196,0.1218,5,False,1.8395,2.6255,>.80,2-3x
LRC/USDT,2025-02-25,LONG,0.601,0.1193,0.1218,4,True,2.0956,0.055,.60-.70,
LRC/USDT,2025-02-27,LONG,0.6016,0.1235,0.1218,2,True,-1.3765,0.4374,.60-.70,
LRC/USDT,2025-02-28,LONG,0.6642,0.1237,0.1218,1,True,-1.536,0.0362,.60-.70,
LRC/USDT,2025-03-03,LONG,0.8523,0.1134,0.1078,5,False,-4.9383,2.4438,>.80,2-3x
LRC/USDT,2025-03-06,LONG,0.8049,0.1125,0.1054,5,False,-6.3111,0.3465,>.80,
LRC/USDT,2025-03-09,LONG,0.5873,0.1015,0.1054,2,True,3.8424,1.0985,.55-.60,1-1.5x
LRC/USDT,2025-03-10,LONG,0.578,0.101,0.1054,1,True,4.3564,0.0932,.55-.60,
LRC/USDT,2025-03-13,LONG,0.7007,0.1035,0.1048,1,True,1.256,0.2484,.70-.80,
LRC/USDT,2025-03-15,LONG,0.5668,0.1074,0.107,2,True,-0.3724,0.4839,.55-.60,
LRC/USDT,2025-03-16,LONG,0.5876,0.1029,0.107,1,True,3.9845,0.9292,.55-.60,
LRC/USDT,2025-03-18,LONG,0.6316,0.1063,0.1054,5,False,-0.8467,0.1421,.60-.70,
LRC/USDT,2025-03-22,LONG,0.5977,0.1062,0.111,2,True,4.5198,0.4313,.55-.60,
LRC/USDT,2025-03-31,LONG,0.7001,0.0981,0.0953,5,False,-2.8542,0.1021,.70-.80,
LRC/USDT,2025-04-01,LONG,0.6378,0.0993,0.0953,4,True,-4.0282,0.4044,.60-.70,
LRC/USDT,2025-04-06,LONG,0.835,0.0831,0.0832,1,True,0.1203,3.1044,>.80,3-5x
COMP/USDT,2024-09-01,LONG,0.6169,42.63,44.51,3,True,4.41,1.3839,.60-.70,1-1.5x
COMP/USDT,2024-09-02,LONG,0.69,45.08,44.51,2,True,-1.2644,1.3415,.60-.70,1-1.5x
COMP/USDT,2024-09-03,LONG,0.5919,42.84,44.51,1,True,3.8982,1.124,.55-.60,1-1.5x
COMP/USDT,2024-09-05,LONG,0.5515,41.97,43.05,5,False,2.5733,1.236,.55-.60,1-1.5x
COMP/USDT,2024-09-07,LONG,0.5846,41.22,41.64,4,True,1.0189,0.0684,.55-.60,
COMP/USDT,2024-09-08,LONG,0.5524,41.34,41.64,3,True,0.7257,0.0631,.55-.60,
COMP/USDT,2024-09-14,LONG,0.9242,44.73,42.85,1,True,-4.203,0.0405,>.80,
COMP/USDT,2024-09-21,LONG,0.6567,46.8,49.24,5,False,5.2137,1.1308,.60-.70,1-1.5x
COMP/USDT,2024-09-22,LONG,0.6567,47.15,49.69,5,False,5.3871,0.2396,.60-.70,
COMP/USDT,2024-09-23,LONG,0.6758,48.87,48.35,5,False,-1.064,1.2363,.60-.70,1-1.5x
COMP/USDT,2024-09-30,LONG,0.5506,46.22,44.37,4,True,-4.0026,0.9471,.55-.60,
COMP/USDT,2024-10-03,LONG,0.6527,42.78,44.37,1,True,3.7167,0.3638,.60-.70,
COMP/USDT,2024-10-06,LONG,0.7026,44.35,43.98,5,False,-0.8343,0.0822,.70-.80,
COMP/USDT,2024-10-10,LONG,0.5529,43.43,45.07,5,False,3.7762,0.2282,.55-.60,
COMP/USDT,2024-10-11,LONG,0.5541,43.98,45.07,4,True,2.4784,0.5072,.55-.60,
COMP/USDT,2024-10-13,LONG,0.6089,44.25,45.07,2,True,1.8531,0.6757,.60-.70,
COMP/USDT,2024-10-16,LONG,0.6401,45.16,47.21,4,True,4.5394,0.0814,.60-.70,
COMP/USDT,2024-10-21,LONG,0.5977,45.35,43.99,2,True,-2.9989,2.1162,.55-.60,2-3x
COMP/USDT,2024-10-24,LONG,0.7687,43.99,42.05,2,True,-4.4101,0.0,.70-.80,
COMP/USDT,2024-10-25,LONG,0.5567,41.19,42.05,1,True,2.0879,2.8355,.55-.60,2-3x
COMP/USDT,2024-11-05,LONG,0.6155,41.03,46.6,2,True,13.5754,0.1008,.60-.70,
COMP/USDT,2024-11-06,LONG,0.871,44.53,46.6,1,True,4.6486,2.7184,>.80,2-3x
COMP/USDT,2024-11-18,LONG,0.6656,56.26,52.91,2,True,-5.9545,1.9303,.60-.70,1.5-2x
COMP/USDT,2024-11-19,LONG,0.7672,53.66,52.91,1,True,-1.3977,0.9356,.70-.80,
COMP/USDT,2024-11-26,LONG,0.9841,66.32,73.6,1,True,10.9771,0.2712,>.80,
COMP/USDT,2024-12-01,LONG,0.692,72.29,117.94,5,False,63.1484,0.0818,.60-.70,
COMP/USDT,2024-12-02,LONG,0.7277,83.82,119.51,5,False,42.5793,2.2907,.70-.80,2-3x
COMP/USDT,2024-12-03,LONG,0.6298,87.45,119.51,4,True,36.6609,0.6461,.60-.70,
COMP/USDT,2024-12-04,LONG,0.6402,120.25,119.51,3,True,-0.6154,3.7706,.60-.70,3-5x
COMP/USDT,2024-12-05,LONG,0.8716,114.15,119.51,2,True,4.6956,0.4966,>.80,
COMP/USDT,2024-12-06,LONG,0.5571,117.94,119.51,1,True,1.3312,0.3258,.55-.60,
COMP/USDT,2024-12-08,LONG,0.9146,118.7,97.8,1,True,-17.6074,0.0669,>.80,
COMP/USDT,2024-12-15,LONG,0.6348,109.51,100.21,2,True,-8.4924,0.2746,.60-.70,
COMP/USDT,2024-12-19,LONG,0.5655,80.29,85.08,1,True,5.9659,1.0027,.55-.60,1-1.5x
COMP/USDT,2024-12-27,LONG,0.6461,78.73,77.38,2,True,-1.7147,0.1161,.60-.70,
COMP/USDT,2024-12-31,LONG,0.65,73.43,85.33,3,True,16.2059,0.6331,.60-.70,
COMP/USDT,2025-01-10,LONG,0.7599,77.08,83.28,5,False,8.0436,1.5274,.70-.80,1.5-2x
COMP/USDT,2025-01-11,LONG,0.5989,79.66,83.28,4,True,4.5443,0.6482,.55-.60,
COMP/USDT,2025-01-13,LONG,0.5625,72.96,83.28,2,True,14.1447,1.078,.55-.60,1-1.5x
COMP/USDT,2025-01-14,LONG,0.6864,76.3,83.28,1,True,9.1481,0.8822,.60-.70,
COMP/USDT,2025-01-18,LONG,0.5636,84.17,77.4,5,False,-8.0432,1.0205,.55-.60,1-1.5x
COMP/USDT,2025-01-24,LONG,0.6079,76.08,68.93,5,False,-9.398,0.3014,.60-.70,
COMP/USDT,2025-02-01,LONG,0.5975,64.17,57.38,2,True,-10.5813,1.5969,.55-.60,1.5-2x
COMP/USDT,2025-02-02,LONG,0.7485,55.73,57.38,1,True,2.9607,2.319,.70-.80,2-3x
COMP/USDT,2025-02-06,LONG,0.8652,48.54,51.2,1,True,5.48,0.6582,>.80,
COMP/USDT,2025-02-09,LONG,0.5788,51.15,56.07,4,True,9.6188,0.1576,.55-.60,
COMP/USDT,2025-02-10,LONG,0.6219,54.57,56.07,3,True,2.7488,1.3919,.60-.70,1-1.5x
COMP/USDT,2025-02-14,LONG,0.5653,58.51,54.99,2,True,-6.0161,0.8464,.55-.60,
COMP/USDT,2025-02-15,LONG,0.7192,56.57,54.99,1,True,-2.793,0.6445,.70-.80,
COMP/USDT,2025-02-23,LONG,0.6052,55.36,50.94,5,False,-7.9841,0.3835,.60-.70,
COMP/USDT,2025-02-26,LONG,0.7498,50.87,50.94,2,True,0.1376,0.2124,.70-.80,
COMP/USDT,2025-02-27,LONG,0.7697,52.08,50.94,1,True,-2.1889,0.5977,.70-.80,
COMP/USDT,2025-03-07,LONG,0.8472,50.63,41.88,5,False,-17.2822,0.6818,>.80,
COMP/USDT,2025-03-08,LONG,0.5876,48.71,40.07,5,False,-17.7376,0.7183,.55-.60,
COMP/USDT,2025-03-09,LONG,0.6897,43.21,41.48,5,False,-4.0037,1.9513,.60-.70,1.5-2x
COMP/USDT,2025-03-10,LONG,0.5922,41.13,42.16,5,False,2.5043,0.8315,.55-.60,
COMP/USDT,2025-03-12,LONG,0.7684,41.88,42.16,3,True,0.6686,0.5778,.70-.80,
COMP/USDT,2025-03-13,LONG,0.8576,40.07,42.16,2,True,5.2159,0.7495,>.80,
COMP/USDT,2025-03-14,LONG,0.8553,41.48,42.16,1,True,1.6393,0.6273,>.80,
COMP/USDT,2025-03-19,LONG,0.6861,44.13,42.92,1,True,-2.7419,0.3625,.60-.70,
COMP/USDT,2025-03-21,LONG,0.9262,41.62,44.66,3,True,7.3042,0.5557,>.80,
COMP/USDT,2025-03-22,LONG,0.5607,43.25,44.66,2,True,3.2601,0.7541,.55-.60,
COMP/USDT,2025-04-01,LONG,0.9782,44.17,44.46,3,True,0.6566,2.7684,>.80,2-3x
COMP/USDT,2025-04-02,LONG,0.8749,44.4,44.46,2,True,0.1351,0.1282,>.80,
COMP/USDT,2025-04-03,LONG,0.6225,46.67,44.46,1,True,-4.7354,1.2354,.60-.70,1-1.5x
COMP/USDT,2025-04-06,LONG,0.7732,39.6,40.42,5,False,2.0707,2.2721,.70-.80,2-3x
YFI/USDT,2024-08-27,LONG,0.8072,5098.0,5301.0,1,True,3.982,1.1524,>.80,1-1.5x
YFI/USDT,2024-09-02,LONG,0.6111,5117.0,4871.0,1,True,-4.8075,0.931,.60-.70,
YFI/USDT,2024-09-13,LONG,0.7432,4895.0,4883.0,2,True,-0.2451,0.1299,.70-.80,
YFI/USDT,2024-09-14,LONG,0.7503,4923.0,4883.0,1,True,-0.8125,0.2255,.70-.80,
YFI/USDT,2024-09-18,LONG,0.6351,4920.0,5078.0,3,True,3.2114,0.2272,.60-.70,
YFI/USDT,2024-09-19,LONG,0.6664,5006.0,5078.0,2,True,1.4383,0.8686,.60-.70,
YFI/USDT,2024-09-20,LONG,0.7104,5014.0,5078.0,1,True,1.2764,0.0794,.70-.80,
YFI/USDT,2024-09-23,LONG,0.5843,5056.0,5309.0,3,True,5.004,0.9878,.55-.60,
YFI/USDT,2024-09-30,LONG,0.6452,5349.0,5007.0,4,True,-6.3937,2.0276,.60-.70,2-3x
YFI/USDT,2024-10-02,LONG,0.6097,4910.0,5007.0,2,True,1.9756,0.637,.60-.70,
YFI/USDT,2024-10-07,LONG,0.706,5058.0,4947.0,5,False,-2.1945,0.0853,.70-.80,
YFI/USDT,2024-10-11,LONG,0.5777,4915.0,5049.0,4,True,2.7263,0.3568,.55-.60,
YFI/USDT,2024-10-12,LONG,0.7474,4947.0,5049.0,3,True,2.0619,0.254,.70-.80,
YFI/USDT,2024-10-19,LONG,0.5792,5054.0,4973.0,5,False,-1.6027,0.4204,.55-.60,
YFI/USDT,2024-10-20,LONG,0.595,5202.0,4651.0,5,False,-10.5921,1.3289,.55-.60,1-1.5x
YFI/USDT,2024-10-23,LONG,0.6355,4915.0,4779.0,5,False,-2.767,2.2746,.60-.70,2-3x
YFI/USDT,2024-10-25,LONG,0.6113,4651.0,4940.0,5,False,6.2137,2.8446,.60-.70,2-3x
YFI/USDT,2024-10-26,LONG,0.6267,4665.0,4727.0,5,False,1.329,0.1354,.60-.70,
YFI/USDT,2024-10-27,LONG,0.6389,4737.0,4706.0,5,False,-0.6544,0.6817,.60-.70,
YFI/USDT,2024-10-28,LONG,0.6268,4779.0,4637.0,5,False,-2.9713,0.3898,.60-.70,
YFI/USDT,2024-10-29,LONG,0.6457,5042.0,4585.0,5,False,-9.0639,2.1763,.60-.70,2-3x
YFI/USDT,2024-10-31,LONG,0.8997,4727.0,4580.0,5,False,-3.1098,1.5686,>.80,1.5-2x
YFI/USDT,2024-11-01,LONG,0.5679,4706.0,5149.0,5,False,9.4135,0.162,.55-.60,
YFI/USDT,2024-11-03,LONG,0.5632,4585.0,5149.0,3,True,12.301,0.4222,.55-.60,
YFI/USDT,2024-11-10,LONG,0.9989,6977.0,6852.0,1,True,-1.7916,3.8493,>.80,3-5x
YFI/USDT,2024-11-14,LONG,0.5902,6103.0,6123.0,3,True,0.3277,0.4535,.55-.60,
YFI/USDT,2024-11-15,LONG,0.6152,6266.0,6123.0,2,True,-2.2822,0.3529,.60-.70,
YFI/USDT,2024-11-16,LONG,0.9803,6481.0,6123.0,1,True,-5.5238,0.4528,>.80,
YFI/USDT,2024-11-19,LONG,0.5797,6330.0,6564.0,3,True,3.6967,0.1855,.55-.60,
YFI/USDT,2024-11-28,LONG,0.6279,7370.0,7998.0,3,True,8.521,0.2603,.60-.70,
YFI/USDT,2024-11-29,LONG,0.5664,7640.0,7998.0,2,True,4.6859,0.4719,.55-.60,
YFI/USDT,2024-12-10,LONG,0.7564,11012.0,11439.0,3,True,3.8776,0.6116,.70-.80,
YFI/USDT,2024-12-11,LONG,0.6262,11532.0,11439.0,2,True,-0.8065,0.5792,.60-.70,
YFI/USDT,2024-12-12,LONG,0.6924,11437.0,11439.0,1,True,0.0175,0.1006,.60-.70,
YFI/USDT,2024-12-18,LONG,0.6711,9222.0,9110.0,2,True,-1.2145,0.9433,.60-.70,
YFI/USDT,2024-12-23,LONG,0.7028,9030.0,9335.0,1,True,3.3776,0.6013,.70-.80,
YFI/USDT,2024-12-25,LONG,0.5899,9217.0,8780.0,3,True,-4.7412,0.1629,.55-.60,
YFI/USDT,2024-12-31,LONG,0.5714,8011.0,8927.0,3,True,11.4343,0.7052,.55-.60,
YFI/USDT,2025-01-21,LONG,0.5877,7790.0,7176.0,5,False,-7.8819,0.0609,.55-.60,
YFI/USDT,2025-01-28,LONG,0.594,6880.0,5988.0,5,False,-12.9651,1.5961,.55-.60,1.5-2x
YFI/USDT,2025-01-30,LONG,0.5929,7195.0,6368.0,4,True,-11.4941,0.4795,.55-.60,
YFI/USDT,2025-02-01,LONG,0.6088,6595.0,6368.0,2,True,-3.442,1.9357,.60-.70,1.5-2x
YFI/USDT,2025-02-02,LONG,0.5723,5988.0,6368.0,1,True,6.346,2.0261,.55-.60,2-3x
YFI/USDT,2025-02-05,LONG,0.6414,5908.0,5804.0,1,True,-1.7603,0.5262,.60-.70,
YFI/USDT,2025-02-07,LONG,0.5866,5670.0,5755.0,4,True,1.4991,0.5673,.55-.60,
YFI/USDT,2025-02-09,LONG,0.865,5715.0,5755.0,2,True,0.6999,0.2937,>.80,
YFI/USDT,2025-02-12,LONG,0.5558,6040.0,6008.0,5,False,-0.5298,1.2199,.55-.60,1-1.5x
YFI/USDT,2025-02-15,LONG,0.5645,5977.0,5900.0,4,True,-1.2883,0.5764,.55-.60,
YFI/USDT,2025-02-27,LONG,0.573,5739.0,5578.0,1,True,-2.8054,0.896,.55-.60,
YFI/USDT,2025-03-06,LONG,0.5874,5395.0,5362.0,1,True,-0.6117,0.4858,.55-.60,
YFI/USDT,2025-03-11,LONG,0.6938,5070.0,5042.0,3,True,-0.5523,0.9156,.60-.70,
YFI/USDT,2025-03-12,LONG,0.7139,5101.0,5042.0,2,True,-1.1566,0.1277,.70-.80,
YFI/USDT,2025-03-13,LONG,0.8441,4959.0,5042.0,1,True,1.6737,0.5791,>.80,
YFI/USDT,2025-03-16,LONG,0.5897,4926.0,5125.0,1,True,4.0398,1.1238,.55-.60,1-1.5x
YFI/USDT,2025-03-18,LONG,0.5851,5112.0,5153.0,5,False,0.802,0.0562,.55-.60,
YFI/USDT,2025-03-22,LONG,0.8816,5186.0,5419.0,2,True,4.4929,0.3587,>.80,
YFI/USDT,2025-03-25,LONG,0.5558,5414.0,5337.0,1,True,-1.4222,0.027,.55-.60,
YFI/USDT,2025-03-28,LONG,0.59,5010.0,4821.0,2,True,-3.7725,1.6383,.55-.60,1.5-2x
YFI/USDT,2025-04-01,LONG,0.5835,4878.0,4499.0,5,False,-7.7696,0.5446,.55-.60,
YFI/USDT,2025-04-06,LONG,0.7634,4499.0,4574.0,5,False,1.667,1.9409,.70-.80,1.5-2x
SNX/USDT,2024-08-27,LONG,0.6174,1.393,1.262,5,False,-9.4042,1.3215,.60-.70,1-1.5x
SNX/USDT,2024-08-29,LONG,0.5729,1.364,1.284,5,False,-5.8651,0.0583,.55-.60,
SNX/USDT,2024-08-30,LONG,0.6144,1.373,1.365,5,False,-0.5827,0.1317,.60-.70,
SNX/USDT,2024-09-02,LONG,0.8595,1.327,1.365,2,True,2.8636,1.1451,>.80,1-1.5x
SNX/USDT,2024-09-03,LONG,0.6803,1.284,1.365,1,True,6.3084,0.7165,.60-.70,
SNX/USDT,2024-09-05,LONG,0.6028,1.275,1.289,3,True,1.098,1.3277,.60-.70,1-1.5x
SNX/USDT,2024-09-07,LONG,0.579,1.267,1.289,1,True,1.7364,0.4593,.55-.60,
SNX/USDT,2024-09-14,LONG,0.8735,1.442,1.37,1,True,-4.9931,0.3539,>.80,
SNX/USDT,2024-09-19,LONG,0.577,1.491,1.621,2,True,8.719,0.6833,.55-.60,
SNX/USDT,2024-09-22,LONG,0.6623,1.531,1.721,5,False,12.4102,1.3053,.60-.70,1-1.5x
SNX/USDT,2024-09-25,LONG,0.6219,1.656,1.678,4,True,1.3285,0.3474,.60-.70,
SNX/USDT,2024-10-01,LONG,0.5685,1.414,1.432,5,False,1.273,2.3331,.55-.60,2-3x
SNX/USDT,2024-10-04,LONG,0.5793,1.393,1.432,2,True,2.7997,0.8839,.55-.60,
SNX/USDT,2024-10-07,LONG,0.6216,1.46,1.481,5,False,1.4384,0.4587,.60-.70,
SNX/USDT,2024-10-08,LONG,0.5848,1.41,1.455,5,False,3.1915,0.7939,.55-.60,
SNX/USDT,2024-10-09,LONG,0.609,1.369,1.552,5,False,13.3674,0.6762,.60-.70,
SNX/USDT,2024-10-12,LONG,0.6282,1.481,1.44,5,False,-2.7684,0.4305,.60-.70,
SNX/USDT,2024-10-15,LONG,0.652,1.501,1.44,2,True,-4.064,0.8117,.60-.70,
SNX/USDT,2024-10-16,LONG,0.5588,1.471,1.44,1,True,-2.1074,0.4989,.55-.60,
SNX/USDT,2024-10-18,LONG,0.7948,1.45,1.525,3,True,5.1724,0.1736,.70-.80,
SNX/USDT,2024-10-19,LONG,0.5959,1.459,1.525,2,True,4.5236,0.1549,.55-.60,
SNX/USDT,2024-10-20,LONG,0.6954,1.626,1.525,1,True,-6.2116,2.4597,.60-.70,2-3x
SNX/USDT,2024-10-24,LONG,0.7462,1.513,1.404,1,True,-7.2042,0.909,.70-.80,
SNX/USDT,2024-10-26,LONG,0.677,1.401,1.415,1,True,0.9993,0.0481,.60-.70,
SNX/USDT,2024-10-28,LONG,0.6885,1.396,1.5,1,True,7.4499,0.3078,.60-.70,
SNX/USDT,2024-11-15,LONG,0.9968,1.549,1.658,5,False,7.0368,0.7563,>.80,
SNX/USDT,2024-11-16,LONG,0.9838,1.694,1.843,5,False,8.7957,1.7012,>.80,1.5-2x
SNX/USDT,2024-11-17,LONG,0.709,1.619,1.902,5,False,17.4799,0.7885,.70-.80,
SNX/USDT,2024-11-21,LONG,0.7666,1.843,1.902,1,True,3.2013,1.7424,.70-.80,1.5-2x
SNX/USDT,2024-11-29,LONG,0.6131,2.377,3.029,5,False,27.4295,0.0281,.60-.70,
SNX/USDT,2024-12-01,LONG,0.6523,2.53,3.029,3,True,19.7233,0.5672,.60-.70,
SNX/USDT,2024-12-06,LONG,0.5877,3.248,3.383,2,True,4.1564,1.7752,.55-.60,1.5-2x
SNX/USDT,2024-12-07,LONG,0.5985,3.191,3.383,1,True,6.0169,0.2956,.55-.60,
SNX/USDT,2024-12-09,LONG,0.7007,2.764,3.109,4,True,12.4819,2.495,.70-.80,2-3x
SNX/USDT,2024-12-11,LONG,0.7206,2.924,3.109,2,True,6.3269,1.1706,.70-.80,1-1.5x
SNX/USDT,2024-12-12,LONG,0.6647,3.155,3.109,1,True,-1.458,1.115,.60-.70,1-1.5x
SNX/USDT,2024-12-14,LONG,0.5771,2.878,2.668,3,True,-7.2967,1.0273,.55-.60,1-1.5x
SNX/USDT,2024-12-15,LONG,0.7229,2.965,2.668,2,True,-10.0169,0.4191,.70-.80,
SNX/USDT,2024-12-16,LONG,0.581,2.871,2.668,1,True,-7.0707,0.4355,.55-.60,
SNX/USDT,2024-12-18,LONG,0.5875,2.372,2.103,5,False,-11.3406,1.4309,.55-.60,1-1.5x
SNX/USDT,2024-12-22,LONG,0.5752,1.975,2.206,3,True,11.6962,0.0197,.55-.60,
SNX/USDT,2024-12-24,LONG,0.6338,2.227,2.206,1,True,-0.943,0.7596,.60-.70,
SNX/USDT,2024-12-28,LONG,0.5769,2.132,2.015,4,True,-5.4878,0.412,.55-.60,
SNX/USDT,2024-12-29,LONG,0.585,2.015,2.015,3,True,0.0,0.8775,.55-.60,
SNX/USDT,2024-12-31,LONG,0.5849,1.921,2.015,1,True,4.8933,0.5847,.55-.60,
SNX/USDT,2025-01-07,LONG,0.5583,1.929,1.786,5,False,-7.4132,2.1876,.55-.60,2-3x
SNX/USDT,2025-01-09,LONG,0.5912,1.782,1.687,4,True,-5.3311,0.7154,.55-.60,
SNX/USDT,2025-01-10,LONG,0.6146,1.825,1.687,3,True,-7.5616,0.4912,.60-.70,
SNX/USDT,2025-01-11,LONG,0.6713,1.821,1.687,2,True,-7.3586,0.0446,.60-.70,
SNX/USDT,2025-01-12,LONG,0.6998,1.786,1.687,1,True,-5.5431,0.4129,.60-.70,
SNX/USDT,2025-01-17,LONG,0.5788,1.981,1.622,3,True,-18.1222,1.3852,.55-.60,1-1.5x
SNX/USDT,2025-01-18,LONG,0.7983,1.812,1.622,2,True,-10.4857,1.6166,.70-.80,1.5-2x
SNX/USDT,2025-01-19,LONG,0.6631,1.62,1.622,1,True,0.1235,1.843,.60-.70,1.5-2x
SNX/USDT,2025-01-23,LONG,0.6301,1.612,1.573,1,True,-2.4194,0.3907,.60-.70,
SNX/USDT,2025-01-26,LONG,0.8376,1.549,1.422,2,True,-8.1988,0.3748,>.80,
SNX/USDT,2025-01-27,LONG,0.6619,1.487,1.422,1,True,-4.3712,0.8035,.60-.70,
SNX/USDT,2025-02-01,LONG,0.8097,1.447,1.262,2,True,-12.7851,1.7349,>.80,1.5-2x
SNX/USDT,2025-02-02,LONG,0.8562,1.261,1.262,1,True,0.0793,2.0631,>.80,2-3x
SNX/USDT,2025-02-05,LONG,0.6339,1.054,0.972,1,True,-7.7799,0.6658,.60-.70,
SNX/USDT,2025-02-07,LONG,0.8136,0.969,0.963,4,True,-0.6192,0.054,>.80,
SNX/USDT,2025-02-08,LONG,0.7452,0.972,0.963,3,True,-0.9259,0.0567,.70-.80,
SNX/USDT,2025-02-09,LONG,0.995,0.968,0.963,2,True,-0.5165,0.0755,>.80,
SNX/USDT,2025-02-10,LONG,0.7057,1.019,0.963,1,True,-5.4956,0.9847,.70-.80,
SNX/USDT,2025-02-12,LONG,0.8227,1.038,1.041,1,True,0.289,1.332,>.80,1-1.5x
SNX/USDT,2025-02-24,LONG,0.6249,0.883,0.8899,5,False,0.7814,2.4404,.60-.70,2-3x
SNX/USDT,2025-02-27,LONG,0.5629,0.9028,0.9355,5,False,3.6221,0.6941,.55-.60,
SNX/USDT,2025-03-02,LONG,0.5686,1.0083,0.9368,3,True,-7.0911,2.3936,.55-.60,2-3x
SNX/USDT,2025-03-03,LONG,0.6063,0.8969,0.9368,2,True,4.4487,1.8489,.60-.70,1.5-2x
SNX/USDT,2025-03-06,LONG,0.7174,0.8894,0.8032,5,False,-9.6919,0.8617,.70-.80,
SNX/USDT,2025-03-08,LONG,0.5541,0.8856,0.8032,3,True,-9.3044,0.5593,.55-.60,
SNX/USDT,2025-03-09,LONG,0.5693,0.8125,0.8032,2,True,-1.1446,1.3567,.55-.60,1-1.5x
SNX/USDT,2025-03-10,LONG,0.6267,0.7802,0.8032,1,True,2.948,0.6555,.60-.70,
SNX/USDT,2025-03-12,LONG,0.6137,0.8249,0.826,2,True,0.1333,0.4466,.60-.70,
SNX/USDT,2025-03-13,LONG,0.7146,0.8031,0.826,1,True,2.8515,0.4391,.70-.80,
SNX/USDT,2025-03-15,LONG,0.5886,0.8576,0.8702,2,True,1.4692,0.6496,.55-.60,
SNX/USDT,2025-03-22,LONG,0.5645,0.8653,0.89,1,True,2.8545,0.4504,.55-.60,
SNX/USDT,2025-03-29,LONG,0.618,0.775,0.7108,3,True,-8.2839,1.5379,.60-.70,1.5-2x
SNX/USDT,2025-03-31,LONG,0.5796,0.7618,0.7108,1,True,-6.6947,0.3929,.55-.60,
SNX/USDT,2025-04-04,LONG,0.5745,0.6603,0.6554,5,False,-0.7421,0.3263,.55-.60,
ZEC/USDT,2026-02-06,LONG,0.8416,240.53,240.31,3,True,-0.0915,2.1309,>.80,2-3x
ZEC/USDT,2026-02-07,LONG,0.935,240.59,240.31,2,True,-0.1164,0.0031,>.80,
ZEC/USDT,2026-02-08,LONG,0.9061,239.51,240.31,1,True,0.334,0.0555,>.80,
ZEC/USDT,2026-02-25,LONG,0.6513,243.96,223.78,5,False,-8.2718,0.0611,.60-.70,
ZEC/USDT,2026-02-27,LONG,0.699,219.26,243.53,5,False,11.0691,1.1413,.60-.70,1-1.5x
ZEC/USDT,2026-02-28,LONG,0.6595,220.36,243.53,4,True,10.5146,0.0699,.60-.70,
ZEC/USDT,2026-03-01,LONG,0.5725,213.29,243.53,3,True,14.1779,0.4451,.55-.60,
ZEC/USDT,2026-03-02,LONG,0.5916,223.78,243.53,2,True,8.8256,0.6758,.55-.60,
ZEC/USDT,2026-03-03,LONG,0.5881,220.97,243.53,1,True,10.2095,0.1732,.55-.60,
ZEC/USDT,2026-03-05,LONG,0.7942,226.56,210.01,1,True,-7.3049,1.0007,.70-.80,1-1.5x
ZEC/USDT,2026-03-07,LONG,0.9868,197.33,197.93,1,True,0.3041,1.2549,>.80,1-1.5x
ZEC/USDT,2026-03-10,LONG,0.6464,222.61,208.18,3,True,-6.4822,0.7575,.60-.70,
ZEC/USDT,2026-03-12,LONG,0.5857,208.3,208.18,1,True,-0.0576,0.4088,.55-.60,
ZEC/USDT,2026-03-14,LONG,0.7033,213.13,272.56,3,True,27.8844,0.4774,.70-.80,
ZEC/USDT,2026-03-15,LONG,0.9184,229.13,272.56,2,True,18.9543,1.4269,>.80,1-1.5x
ZEC/USDT,2026-03-16,LONG,0.9164,276.7,272.56,1,True,-1.4962,2.9567,>.80,2-3x
ZEC/USDT,2026-03-27,LONG,0.5509,215.47,251.33,5,False,16.6427,0.4607,.55-.60,
ZEC/USDT,2026-03-29,LONG,0.6519,215.12,240.79,4,True,11.9329,0.0995,.60-.70,
ZEC/USDT,2026-03-30,LONG,0.6033,225.65,240.79,3,True,6.7095,0.7557,.60-.70,
ZEC/USDT,2026-03-31,LONG,0.6535,248.38,240.79,2,True,-3.0558,1.4965,.60-.70,1-1.5x
ZEC/USDT,2026-04-03,LONG,0.5836,234.31,320.44,4,True,36.759,0.3938,.55-.60,
ZEC/USDT,2026-04-06,LONG,0.583,251.55,320.44,1,True,27.3862,0.5705,.55-.60,
ZEC/USDT,2026-04-13,LONG,0.5992,368.22,340.25,3,True,-7.596,0.2175,.55-.60,
ZEC/USDT,2026-04-14,LONG,0.7855,353.99,340.25,2,True,-3.8815,0.5092,.70-.80,
ZEC/USDT,2026-04-15,LONG,0.7551,345.82,340.25,1,True,-1.6107,0.307,.70-.80,
ZEC/USDT,2026-04-18,LONG,0.7159,322.94,342.63,5,False,6.0971,0.2444,.70-.80,
ZEC/USDT,2026-04-19,LONG,0.7525,301.67,359.2,5,False,19.0705,0.8421,.70-.80,
ZEC/USDT,2026-04-23,LONG,0.5526,342.63,336.2,5,False,-1.8767,1.0935,.55-.60,1-1.5x
ZEC/USDT,2026-04-24,LONG,0.6394,359.2,327.65,5,False,-8.7834,0.646,.60-.70,
ZEC/USDT,2026-04-26,LONG,0.5716,354.99,327.65,3,True,-7.7016,0.1468,.55-.60,
ZEC/USDT,2026-05-12,LONG,0.7373,571.27,524.43,1,True,-8.1993,0.3989,.70-.80,
ZEC/USDT,2026-05-22,LONG,0.7399,583.08,662.88,2,True,13.6859,1.4908,.70-.80,1-1.5x
ZEC/USDT,2026-05-25,LONG,0.6757,652.4,542.48,2,True,-16.8486,0.2286,.60-.70,
ZEC/USDT,2026-05-29,LONG,0.6871,529.68,545.06,3,True,2.9036,0.4397,.60-.70,
ZEC/USDT,2026-05-30,LONG,0.767,528.21,545.06,2,True,3.19,0.0378,.70-.80,
ZEC/USDT,2026-06-02,LONG,0.6169,609.46,389.27,3,True,-36.1287,1.5465,.60-.70,1.5-2x
ZEC/USDT,2026-06-03,LONG,0.5894,620.66,389.27,2,True,-37.2813,0.2443,.55-.60,
ZEC/USDT,2026-06-07,LONG,0.7706,440.73,459.31,1,True,4.2157,1.9306,.70-.80,1.5-2x
DASH/USDT,2026-03-02,LONG,0.6326,34.79,31.8,5,False,-8.5944,1.9384,.60-.70,1.5-2x
DASH/USDT,2026-03-07,LONG,0.6079,31.8,30.44,1,True,-4.2767,0.6008,.60-.70,
DASH/USDT,2026-03-20,LONG,0.6851,32.04,33.98,5,False,6.0549,0.5346,.60-.70,
DASH/USDT,2026-03-22,LONG,0.5723,32.17,33.98,3,True,5.6264,0.6782,.55-.60,
DASH/USDT,2026-03-26,LONG,0.5614,32.32,31.7,2,True,-1.9183,1.29,.55-.60,1-1.5x
DASH/USDT,2026-04-01,LONG,0.5942,31.61,30.88,3,True,-2.3094,1.0005,.55-.60,1-1.5x
DASH/USDT,2026-04-02,LONG,0.635,30.15,30.88,2,True,2.4212,1.2502,.60-.70,1-1.5x
DASH/USDT,2026-04-03,LONG,0.6005,29.88,30.88,1,True,3.3467,0.243,.60-.70,
DASH/USDT,2026-04-08,LONG,0.6485,32.14,35.94,1,True,11.8233,1.0796,.60-.70,1-1.5x
DASH/USDT,2026-04-11,LONG,0.8839,46.25,40.91,1,True,-11.5459,0.1201,>.80,
DASH/USDT,2026-04-15,LONG,0.9308,38.05,34.52,3,True,-9.2773,0.07,>.80,
DASH/USDT,2026-04-16,LONG,0.6259,36.96,34.52,2,True,-6.6017,0.3481,.60-.70,
DASH/USDT,2026-04-17,LONG,0.9875,36.9,34.52,1,True,-6.4499,0.0197,>.80,
DASH/USDT,2026-04-19,LONG,0.88,33.53,36.63,5,False,9.2455,0.3399,>.80,
DASH/USDT,2026-04-23,LONG,0.5677,36.55,34.86,5,False,-4.6238,0.3981,.55-.60,
DASH/USDT,2026-05-10,LONG,0.7257,47.63,43.44,5,False,-8.797,0.538,.70-.80,
DASH/USDT,2026-05-11,LONG,0.7541,46.81,41.34,5,False,-11.6855,0.3076,.70-.80,
DASH/USDT,2026-05-12,LONG,0.8919,46.46,40.85,5,False,-12.0749,0.1358,>.80,
DASH/USDT,2026-05-13,LONG,0.5676,43.83,42.8,5,False,-2.35,0.9913,.55-.60,
DASH/USDT,2026-05-15,LONG,0.5787,43.44,42.8,3,True,-1.4733,1.031,.55-.60,1-1.5x
DASH/USDT,2026-05-17,LONG,0.7404,40.85,42.8,1,True,4.7736,0.1932,.70-.80,
DASH/USDT,2026-05-21,LONG,0.6173,48.93,43.56,5,False,-10.9749,0.4733,.60-.70,
DASH/USDT,2026-05-24,LONG,0.6122,45.91,43.56,2,True,-5.1187,0.0419,.60-.70,
DASH/USDT,2026-05-25,LONG,0.5932,44.8,43.56,1,True,-2.7679,0.3598,.55-.60,
QTUM/USDT,2024-08-27,LONG,0.6046,2.351,2.294,1,True,-2.4245,1.3649,.60-.70,1-1.5x
QTUM/USDT,2024-08-30,LONG,0.5595,2.338,2.18,5,False,-6.7579,0.3759,.55-.60,
QTUM/USDT,2024-09-01,LONG,0.6499,2.162,2.18,3,True,0.8326,1.4377,.60-.70,1-1.5x
QTUM/USDT,2024-09-02,LONG,0.6094,2.242,2.18,2,True,-2.7654,1.0106,.60-.70,1-1.5x
QTUM/USDT,2024-09-05,LONG,0.5627,2.148,2.184,3,True,1.676,0.4343,.55-.60,
QTUM/USDT,2024-09-14,LONG,0.5607,2.306,2.409,5,False,4.4666,0.1126,.55-.60,
QTUM/USDT,2024-09-18,LONG,0.7071,2.309,2.526,5,False,9.398,0.7663,.70-.80,
QTUM/USDT,2024-09-19,LONG,0.6617,2.409,2.585,5,False,7.3059,1.4833,.60-.70,1-1.5x
QTUM/USDT,2024-09-21,LONG,0.5515,2.545,2.644,5,False,3.89,1.4032,.55-.60,1-1.5x
QTUM/USDT,2024-09-22,LONG,0.7006,2.476,2.712,5,False,9.5315,1.0163,.70-.80,1-1.5x
QTUM/USDT,2024-10-03,LONG,0.7719,2.31,2.456,4,True,6.3203,0.6877,.70-.80,
QTUM/USDT,2024-10-04,LONG,0.5967,2.382,2.456,3,True,3.1066,0.9526,.55-.60,
QTUM/USDT,2024-10-05,LONG,0.5798,2.38,2.456,2,True,3.1933,0.0272,.55-.60,
QTUM/USDT,2024-10-09,LONG,0.6132,2.334,2.504,2,True,7.2836,1.3814,.60-.70,1-1.5x
QTUM/USDT,2024-10-10,LONG,0.6953,2.385,2.504,1,True,4.9895,0.7115,.60-.70,
QTUM/USDT,2024-10-14,LONG,0.5613,2.602,2.554,4,True,-1.8447,1.7143,.55-.60,1.5-2x
QTUM/USDT,2024-10-15,LONG,0.6948,2.568,2.554,3,True,-0.5452,0.3928,.60-.70,
QTUM/USDT,2024-10-19,LONG,0.5646,2.565,2.547,2,True,-0.7018,0.1346,.55-.60,
QTUM/USDT,2024-10-20,LONG,0.7501,2.648,2.547,1,True,-3.8142,0.9941,.70-.80,
QTUM/USDT,2024-10-24,LONG,0.7208,2.409,2.412,5,False,0.1245,0.0593,.70-.80,
QTUM/USDT,2024-10-26,LONG,0.6979,2.218,2.231,5,False,0.5861,0.0138,.60-.70,
QTUM/USDT,2024-10-27,LONG,0.6762,2.262,2.215,5,False,-2.0778,0.6,.60-.70,
QTUM/USDT,2024-10-28,LONG,0.5521,2.291,2.215,4,True,-3.3173,0.3856,.55-.60,
QTUM/USDT,2024-10-29,LONG,0.7643,2.412,2.215,3,True,-8.1675,1.5507,.70-.80,1.5-2x
QTUM/USDT,2024-10-30,LONG,0.5837,2.365,2.215,2,True,-6.3425,0.5722,.55-.60,
QTUM/USDT,2024-10-31,LONG,0.8294,2.231,2.215,1,True,-0.7172,1.6569,>.80,1.5-2x
QTUM/USDT,2024-11-10,LONG,0.645,2.639,2.722,2,True,3.1451,1.2912,.60-.70,1-1.5x
QTUM/USDT,2024-11-11,LONG,0.7645,2.842,2.722,1,True,-4.2224,1.8818,.70-.80,1.5-2x
QTUM/USDT,2024-11-14,LONG,0.8866,2.694,2.931,3,True,8.7973,0.8933,>.80,
QTUM/USDT,2024-11-15,LONG,0.9999,2.863,2.931,2,True,2.3751,1.5562,>.80,1.5-2x
QTUM/USDT,2024-11-16,LONG,1.0,3.218,2.931,1,True,-8.9186,2.6223,>.80,2-3x
QTUM/USDT,2024-11-19,LONG,0.7771,3.129,2.977,1,True,-4.8578,0.5433,.70-.80,
QTUM/USDT,2024-11-25,LONG,0.5554,3.58,3.914,4,True,9.3296,0.9145,.55-.60,
QTUM/USDT,2024-11-28,LONG,0.5517,3.692,3.914,1,True,6.013,0.3139,.55-.60,
QTUM/USDT,2024-12-04,LONG,0.6205,5.02,4.801,2,True,-4.3625,1.2718,.60-.70,1-1.5x
QTUM/USDT,2024-12-05,LONG,0.5643,4.764,4.801,1,True,0.7767,0.5098,.55-.60,
QTUM/USDT,2024-12-07,LONG,0.8856,4.85,3.902,3,True,-19.5464,0.1086,>.80,
QTUM/USDT,2024-12-08,LONG,0.7442,4.981,3.902,2,True,-21.6623,0.2921,.70-.80,
QTUM/USDT,2024-12-13,LONG,0.5872,4.159,3.716,4,True,-10.6516,0.0615,.55-.60,
QTUM/USDT,2024-12-15,LONG,0.804,4.055,3.716,2,True,-8.36,0.3068,>.80,
QTUM/USDT,2024-12-16,LONG,0.6872,3.885,3.716,1,True,-4.3501,0.4122,.60-.70,
QTUM/USDT,2024-12-19,LONG,0.5566,3.009,3.158,1,True,4.9518,0.9072,.55-.60,
QTUM/USDT,2024-12-23,LONG,0.6901,3.251,3.28,5,False,0.892,0.9837,.60-.70,
QTUM/USDT,2024-12-25,LONG,0.6617,3.3,3.28,3,True,-0.6061,0.4178,.60-.70,
QTUM/USDT,2024-12-31,LONG,0.5861,3.012,3.459,3,True,14.8406,0.4508,.55-.60,
QTUM/USDT,2025-01-09,LONG,0.5649,3.203,3.093,4,True,-3.4343,0.7975,.55-.60,
QTUM/USDT,2025-01-10,LONG,0.5989,3.286,3.093,3,True,-5.8734,0.568,.55-.60,
QTUM/USDT,2025-01-11,LONG,0.5865,3.272,3.093,2,True,-5.4707,0.0933,.55-.60,
QTUM/USDT,2025-01-28,LONG,0.5503,2.71,3.541,3,True,30.6642,1.2255,.55-.60,1-1.5x
QTUM/USDT,2025-02-01,LONG,0.978,3.787,3.04,1,True,-19.7254,1.0599,>.80,1-1.5x
QTUM/USDT,2025-02-05,LONG,0.949,3.251,3.295,1,True,1.3534,0.8299,>.80,
QTUM/USDT,2025-02-10,LONG,0.7637,3.02,3.282,5,False,8.6755,0.9736,.70-.80,
QTUM/USDT,2025-03-23,LONG,0.5822,2.156,2.21,3,True,2.5046,0.1174,.55-.60,
QTUM/USDT,2025-03-25,LONG,0.5943,2.245,2.21,1,True,-1.559,0.1111,.55-.60,
QTUM/USDT,2025-04-02,LONG,0.5857,1.838,1.733,5,False,-5.7127,1.9733,.55-.60,1.5-2x
QTUM/USDT,2025-04-06,LONG,0.5886,1.725,1.932,5,False,12.0,2.4125,.55-.60,2-3x
ONT/USDT,2024-08-27,LONG,0.6217,0.1679,0.1641,4,True,-2.2633,1.4738,.60-.70,1-1.5x
ONT/USDT,2024-08-29,LONG,0.5793,0.1657,0.1641,2,True,-0.9656,0.1491,.55-.60,
ONT/USDT,2024-08-30,LONG,0.6143,0.167,0.1641,1,True,-1.7365,0.2449,.60-.70,
ONT/USDT,2024-09-01,LONG,0.619,0.1568,0.1656,3,True,5.6122,1.4691,.60-.70,1-1.5x
ONT/USDT,2024-09-02,LONG,0.855,0.1663,0.1656,2,True,-0.4209,1.8301,>.80,1.5-2x
ONT/USDT,2024-09-03,LONG,0.7428,0.1598,0.1656,1,True,3.6295,1.1634,.70-.80,1-1.5x
ONT/USDT,2024-09-05,LONG,0.5668,0.1611,0.1627,3,True,0.9932,0.7825,.55-.60,
ONT/USDT,2024-09-07,LONG,0.6377,0.1587,0.1627,1,True,2.5205,0.652,.60-.70,
ONT/USDT,2024-09-14,LONG,0.6961,0.1734,0.167,1,True,-3.6909,0.5209,.60-.70,
ONT/USDT,2024-09-17,LONG,0.5588,0.1702,0.192,5,False,12.8085,1.2432,.55-.60,1-1.5x
ONT/USDT,2024-09-18,LONG,0.7515,0.1735,0.1939,5,False,11.7579,0.5938,.70-.80,
ONT/USDT,2024-09-19,LONG,0.6838,0.182,0.1999,5,False,9.8352,1.4308,.60-.70,1-1.5x
ONT/USDT,2024-09-21,LONG,0.602,0.2054,0.1999,3,True,-2.6777,2.1253,.60-.70,2-3x
ONT/USDT,2024-09-25,LONG,0.6961,0.1994,0.2026,4,True,1.6048,0.0701,.60-.70,
ONT/USDT,2024-09-27,LONG,0.8892,0.2074,0.2026,2,True,-2.3144,0.1564,>.80,
ONT/USDT,2024-10-09,LONG,0.716,0.1785,0.1803,1,True,1.0084,1.1782,.70-.80,1-1.5x
ONT/USDT,2024-10-11,LONG,0.5604,0.1933,0.1945,5,False,0.6208,1.9053,.55-.60,1.5-2x
ONT/USDT,2024-10-16,LONG,0.5751,0.1945,0.1948,2,True,0.1542,0.348,.55-.60,
ONT/USDT,2024-10-22,LONG,0.6712,0.1976,0.1732,3,True,-12.3482,0.2706,.60-.70,
ONT/USDT,2024-10-23,LONG,0.6263,0.1863,0.1732,2,True,-7.0317,1.5901,.60-.70,1.5-2x
ONT/USDT,2024-10-27,LONG,0.5893,0.1762,0.1704,5,False,-3.2917,0.509,.55-.60,
ONT/USDT,2024-11-04,LONG,0.5781,0.1578,0.1824,3,True,15.5894,0.6173,.55-.60,
ONT/USDT,2024-11-11,LONG,0.5799,0.2119,0.2099,1,True,-0.9438,1.2517,.55-.60,1-1.5x
ONT/USDT,2024-11-15,LONG,0.9701,0.2084,0.2151,5,False,3.215,1.5512,>.80,1.5-2x
ONT/USDT,2024-11-16,LONG,0.9607,0.2323,0.2326,5,False,0.1291,2.4245,>.80,2-3x
ONT/USDT,2024-11-17,LONG,0.7114,0.2149,0.2432,5,False,13.1689,1.4579,.70-.80,1-1.5x
ONT/USDT,2024-11-18,LONG,0.5995,0.2301,0.2432,4,True,5.6932,1.3426,.55-.60,1-1.5x
ONT/USDT,2024-11-19,LONG,0.7636,0.2274,0.2432,3,True,6.9481,0.2233,.70-.80,
ONT/USDT,2024-11-28,LONG,0.6874,0.2696,0.395,5,False,46.5134,0.3255,.60-.70,
ONT/USDT,2024-12-02,LONG,0.6855,0.3103,0.3518,4,True,13.3742,1.115,.60-.70,1-1.5x
ONT/USDT,2024-12-03,LONG,0.611,0.395,0.3518,3,True,-10.9367,3.7173,.60-.70,3-5x
ONT/USDT,2024-12-05,LONG,0.6273,0.3452,0.3518,1,True,1.9119,0.3721,.60-.70,
ONT/USDT,2024-12-07,LONG,0.625,0.3465,0.271,3,True,-21.7893,0.2065,.60-.70,
ONT/USDT,2024-12-08,LONG,0.7536,0.3521,0.271,2,True,-23.0332,0.2237,.70-.80,
ONT/USDT,2024-12-13,LONG,0.5644,0.2917,0.2612,4,True,-10.4559,0.004,.55-.60,
ONT/USDT,2024-12-14,LONG,0.5648,0.2746,0.2612,3,True,-4.8798,0.6741,.55-.60,
ONT/USDT,2024-12-15,LONG,0.7934,0.2838,0.2612,2,True,-7.9634,0.3852,.70-.80,
ONT/USDT,2024-12-16,LONG,0.7123,0.2767,0.2612,1,True,-5.6017,0.287,.70-.80,
ONT/USDT,2024-12-18,LONG,0.6478,0.2332,0.2304,2,True,-1.2007,1.1766,.60-.70,1-1.5x
ONT/USDT,2024-12-19,LONG,0.5584,0.2154,0.2304,1,True,6.9638,0.8354,.55-.60,
ONT/USDT,2024-12-21,LONG,0.5567,0.2198,0.2483,4,True,12.9663,0.494,.55-.60,
ONT/USDT,2024-12-23,LONG,0.6787,0.2366,0.2483,2,True,4.9451,0.7566,.60-.70,
ONT/USDT,2024-12-24,LONG,0.5679,0.2526,0.2483,1,True,-1.7023,1.0237,.55-.60,1-1.5x
ONT/USDT,2024-12-31,LONG,0.7479,0.2299,0.2428,2,True,5.6111,0.3944,.70-.80,
ONT/USDT,2025-01-04,LONG,0.5672,0.2575,0.2651,2,True,2.9515,0.1026,.55-.60,
ONT/USDT,2025-01-09,LONG,0.6079,0.2547,0.2527,1,True,-0.7852,0.9361,.60-.70,
ONT/USDT,2025-01-13,LONG,0.9997,0.263,0.2573,1,True,-2.1673,1.7178,>.80,1.5-2x
ONT/USDT,2025-01-15,LONG,0.8924,0.2665,0.2555,1,True,-4.1276,0.7745,>.80,
ONT/USDT,2025-01-17,LONG,0.9744,0.2715,0.2493,1,True,-8.1768,1.3801,>.80,1-1.5x
ONT/USDT,2025-01-19,LONG,0.9273,0.2206,0.2157,5,False,-2.2212,2.131,>.80,2-3x
ONT/USDT,2025-01-20,LONG,0.5901,0.2242,0.2204,5,False,-1.6949,0.3025,.55-.60,
ONT/USDT,2025-01-24,LONG,0.5627,0.2157,0.2095,5,False,-2.8744,0.5316,.55-.60,
ONT/USDT,2025-02-01,LONG,0.586,0.236,0.1912,1,True,-18.9831,1.329,.55-.60,1-1.5x
ONT/USDT,2025-02-06,LONG,0.6921,0.1786,0.187,1,True,4.7032,0.4982,.60-.70,
ONT/USDT,2025-02-09,LONG,0.6212,0.1893,0.2057,3,True,8.6635,0.1851,.60-.70,
ONT/USDT,2025-02-15,LONG,0.7178,0.1917,0.1933,5,False,0.8346,0.7974,.70-.80,
ONT/USDT,2025-02-26,LONG,0.5644,0.1679,0.1684,3,True,0.2978,0.0297,.55-.60,
ONT/USDT,2025-02-27,LONG,0.6741,0.1695,0.1684,2,True,-0.649,0.2474,.60-.70,
ONT/USDT,2025-03-03,LONG,0.5634,0.1584,0.1546,5,False,-2.399,2.6241,.55-.60,2-3x
ONT/USDT,2025-03-09,LONG,0.5612,0.1391,0.1382,2,True,-0.647,1.9184,.55-.60,1.5-2x
ONT/USDT,2025-03-10,LONG,0.6877,0.1319,0.1382,1,True,4.7763,0.9896,.60-.70,
ONT/USDT,2025-03-13,LONG,0.573,0.1401,0.1449,1,True,3.4261,0.2747,.55-.60,
ONT/USDT,2025-03-19,LONG,0.5648,0.1552,0.1531,1,True,-1.3531,0.3724,.55-.60,
ONT/USDT,2025-03-24,LONG,0.5957,0.1559,0.1552,2,True,-0.449,1.1165,.55-.60,1-1.5x
ONT/USDT,2025-03-25,LONG,0.5783,0.1579,0.1552,1,True,-1.7099,0.3511,.55-.60,
ONT/USDT,2025-03-31,LONG,0.6141,0.1393,0.1312,2,True,-5.8148,0.1636,.60-.70,
ONT/USDT,2025-04-01,LONG,0.6224,0.1444,0.1312,1,True,-9.1413,1.1702,.60-.70,1-1.5x
ONT/USDT,2025-04-06,LONG,0.5575,0.1208,0.1213,1,True,0.4139,2.3281,.55-.60,2-3x
NEO/USDT,2024-09-01,LONG,0.7285,9.193,9.603,3,True,4.4599,1.8986,.70-.80,1.5-2x
NEO/USDT,2024-09-02,LONG,0.7882,9.705,9.603,2,True,-1.051,1.4837,.70-.80,1-1.5x
NEO/USDT,2024-09-14,LONG,0.6252,9.646,9.75,5,False,1.0782,0.3974,.60-.70,
NEO/USDT,2024-09-18,LONG,0.7246,9.537,10.059,5,False,5.4734,0.904,.70-.80,
NEO/USDT,2024-09-19,LONG,0.611,9.75,10.588,5,False,8.5949,0.706,.60-.70,
NEO/USDT,2024-09-22,LONG,0.562,10.093,10.945,5,False,8.4415,1.2298,.55-.60,1-1.5x
NEO/USDT,2024-09-25,LONG,0.5926,10.318,10.827,4,True,4.9331,0.9483,.55-.60,
NEO/USDT,2024-10-03,LONG,0.5899,9.653,10.196,4,True,5.6252,0.0257,.55-.60,
NEO/USDT,2024-10-04,LONG,0.6132,9.971,10.196,3,True,2.2565,1.0031,.60-.70,1-1.5x
NEO/USDT,2024-10-05,LONG,0.5895,9.942,10.196,2,True,2.5548,0.0924,.55-.60,
NEO/USDT,2024-10-09,LONG,0.6887,9.99,10.153,1,True,1.6316,0.8675,.60-.70,
NEO/USDT,2024-10-11,LONG,0.6914,10.691,10.611,1,True,-0.7483,1.5923,.60-.70,1.5-2x
NEO/USDT,2024-10-13,LONG,0.8396,10.419,10.57,5,False,1.4493,0.5536,>.80,
NEO/USDT,2024-10-22,LONG,0.5864,10.46,9.431,3,True,-9.8375,0.3468,.55-.60,
NEO/USDT,2024-10-23,LONG,0.6203,10.104,9.431,2,True,-6.6607,1.2694,.60-.70,1-1.5x
NEO/USDT,2024-10-27,LONG,0.6514,9.55,10.232,2,True,7.1414,0.5141,.60-.70,
NEO/USDT,2024-10-30,LONG,0.6239,10.05,8.822,5,False,-12.2189,0.5744,.60-.70,
NEO/USDT,2024-10-31,LONG,0.8801,9.532,9.265,5,False,-2.8011,1.6977,>.80,1.5-2x
NEO/USDT,2024-11-01,LONG,0.6709,9.36,10.04,5,False,7.265,0.5918,.60-.70,
NEO/USDT,2024-11-04,LONG,0.6253,8.822,10.04,2,True,13.8064,0.8778,.60-.70,
NEO/USDT,2024-11-11,LONG,0.5823,12.334,11.479,1,True,-6.9321,1.7323,.55-.60,1.5-2x
NEO/USDT,2024-11-15,LONG,0.9677,11.614,12.787,4,True,10.0999,1.1281,>.80,1-1.5x
NEO/USDT,2024-11-16,LONG,0.976,12.925,12.787,3,True,-1.0677,2.3049,>.80,2-3x
NEO/USDT,2024-11-17,LONG,0.8068,12.059,12.787,2,True,6.037,1.2786,>.80,1-1.5x
NEO/USDT,2024-11-18,LONG,0.5862,12.968,12.787,1,True,-1.3957,1.409,.55-.60,1-1.5x
NEO/USDT,2024-11-22,LONG,0.8059,13.85,14.137,4,True,2.0722,0.8408,>.80,
NEO/USDT,2024-11-23,LONG,0.6325,14.39,14.137,3,True,-1.7582,0.7397,.60-.70,
NEO/USDT,2024-11-25,LONG,0.6134,14.336,14.137,1,True,-1.3881,1.2309,.60-.70,1-1.5x
NEO/USDT,2024-11-28,LONG,0.6167,14.807,15.705,1,True,6.0647,0.3576,.60-.70,
NEO/USDT,2024-12-04,LONG,0.8431,22.031,21.522,2,True,-2.3104,1.3338,>.80,1-1.5x
NEO/USDT,2024-12-05,LONG,0.6589,21.089,21.522,1,True,2.0532,0.3617,.60-.70,
NEO/USDT,2024-12-07,LONG,0.9765,21.197,16.899,3,True,-20.2765,0.1312,>.80,
NEO/USDT,2024-12-08,LONG,0.9795,21.264,16.899,2,True,-20.5277,0.0275,>.80,
NEO/USDT,2024-12-12,LONG,0.5842,18.526,17.844,2,True,-3.6813,0.1488,.55-.60,
NEO/USDT,2024-12-13,LONG,0.692,18.8,17.844,1,True,-5.0851,0.1189,.60-.70,
NEO/USDT,2024-12-16,LONG,0.6978,17.925,17.225,1,True,-3.9052,0.2477,.60-.70,
NEO/USDT,2024-12-18,LONG,0.6211,15.496,14.043,1,True,-9.3766,0.7966,.60-.70,
NEO/USDT,2024-12-23,LONG,0.6882,14.892,14.77,5,False,-0.8192,0.9363,.60-.70,
NEO/USDT,2024-12-25,LONG,0.6631,14.84,14.77,3,True,-0.4717,0.5315,.60-.70,
NEO/USDT,2024-12-27,LONG,0.6362,13.934,14.77,1,True,5.9997,0.0606,.60-.70,
NEO/USDT,2025-01-02,LONG,0.5679,14.614,16.133,1,True,10.3941,0.3372,.55-.60,
NEO/USDT,2025-01-07,LONG,0.577,14.722,14.81,5,False,0.5977,1.932,.55-.60,1.5-2x
NEO/USDT,2025-01-10,LONG,0.7007,15.148,14.81,2,True,-2.2313,0.3302,.70-.80,
NEO/USDT,2025-01-11,LONG,0.7653,15.306,14.81,1,True,-3.2406,0.2124,.70-.80,
NEO/USDT,2025-01-19,LONG,0.7377,14.161,14.589,2,True,3.0224,1.872,.70-.80,1.5-2x
NEO/USDT,2025-01-27,LONG,0.5641,13.622,13.807,3,True,1.3581,0.0414,.55-.60,
NEO/USDT,2025-01-28,LONG,0.5566,12.674,13.807,2,True,8.9396,1.6044,.55-.60,1.5-2x
NEO/USDT,2025-02-01,LONG,0.7966,13.476,11.068,3,True,-17.8688,1.2489,.70-.80,1-1.5x
NEO/USDT,2025-02-02,LONG,0.8004,11.46,11.068,2,True,-3.4206,2.5901,>.80,2-3x
NEO/USDT,2025-02-05,LONG,0.5663,10.772,10.412,2,True,-3.342,0.5039,.55-.60,
NEO/USDT,2025-02-06,LONG,0.6992,10.415,10.412,1,True,-0.0288,0.6547,.60-.70,
NEO/USDT,2025-02-09,LONG,0.6978,10.504,11.054,1,True,5.2361,0.561,.60-.70,
NEO/USDT,2025-02-11,LONG,0.5754,10.888,10.883,5,False,-0.0459,0.3099,.55-.60,
NEO/USDT,2025-02-14,LONG,0.5964,11.433,10.644,5,False,-6.9011,0.1763,.55-.60,
NEO/USDT,2025-02-15,LONG,0.7443,10.991,10.972,5,False,-0.1729,0.7446,.70-.80,
NEO/USDT,2025-02-17,LONG,0.6284,10.882,10.777,5,False,-0.9649,0.0018,.60-.70,
NEO/USDT,2025-02-18,LONG,0.6479,10.48,10.605,5,False,1.1927,0.7446,.60-.70,
NEO/USDT,2025-02-19,LONG,0.6037,10.644,9.394,5,False,-11.7437,0.3294,.60-.70,
NEO/USDT,2025-02-20,LONG,0.8162,10.972,9.564,5,False,-12.8327,0.6538,>.80,
NEO/USDT,2025-02-22,LONG,0.5621,10.777,9.538,5,False,-11.4967,0.9967,.55-.60,
NEO/USDT,2025-02-23,LONG,0.6471,10.605,9.606,5,False,-9.4201,0.4626,.60-.70,
NEO/USDT,2025-02-24,LONG,0.55,9.394,9.606,4,True,2.2568,2.7637,.50-.55,2-3x
NEO/USDT,2025-02-25,LONG,0.5963,9.564,9.606,3,True,0.4391,0.4368,.55-.60,
NEO/USDT,2025-02-26,LONG,0.5581,9.453,9.606,2,True,1.6185,0.2835,.55-.60,
NEO/USDT,2025-02-27,LONG,0.8073,9.538,9.606,1,True,0.7129,0.2191,>.80,
NEO/USDT,2025-03-01,LONG,0.6896,9.607,10.264,1,True,6.8388,0.0026,.60-.70,
NEO/USDT,2025-03-06,LONG,0.8625,8.97,8.891,1,True,-0.8807,0.433,>.80,
NEO/USDT,2025-03-09,LONG,0.6223,7.949,7.428,1,True,-6.5543,1.6835,.60-.70,1.5-2x
NEO/USDT,2025-03-13,LONG,0.6197,7.693,7.999,1,True,3.9776,0.4884,.60-.70,
NEO/USDT,2025-03-16,LONG,0.571,7.764,8.172,1,True,5.255,0.9743,.55-.60,
NEO/USDT,2025-03-19,LONG,0.5711,8.545,8.246,1,True,-3.4991,0.4316,.55-.60,
NEO/USDT,2025-03-23,LONG,0.6203,8.087,7.991,2,True,-1.1871,0.0541,.60-.70,
NEO/USDT,2025-03-24,LONG,0.9344,8.212,7.991,1,True,-2.6912,0.3965,>.80,
NEO/USDT,2025-03-28,LONG,0.6009,6.783,5.915,2,True,-12.7967,2.042,.60-.70,2-3x
NEO/USDT,2025-04-01,LONG,0.8373,5.507,4.604,1,True,-16.3973,0.8067,>.80,
NEO/USDT,2025-04-05,LONG,0.6572,4.755,4.729,1,True,-0.5468,0.3369,.60-.70,
IOTA/USDT,2024-08-27,LONG,0.7398,0.1278,0.1249,1,True,-2.2692,1.7387,.70-.80,1.5-2x
IOTA/USDT,2024-09-03,LONG,0.5643,0.1221,0.1248,1,True,2.2113,1.4394,.55-.60,1-1.5x
IOTA/USDT,2024-09-05,LONG,0.8404,0.1206,0.1208,3,True,0.1658,1.0277,>.80,1-1.5x
IOTA/USDT,2024-09-11,LONG,0.6042,0.1264,0.1313,2,True,3.8766,0.6658,.60-.70,
IOTA/USDT,2024-09-18,LONG,0.6623,0.1254,0.1389,2,True,10.7656,0.6525,.60-.70,
IOTA/USDT,2024-09-19,LONG,0.7749,0.1322,0.1389,1,True,5.0681,1.6233,.70-.80,1.5-2x
IOTA/USDT,2024-09-25,LONG,0.9161,0.1428,0.1431,4,True,0.2101,0.1638,>.80,
IOTA/USDT,2024-09-28,LONG,0.5827,0.1433,0.1431,1,True,-0.1396,1.3485,.55-.60,1-1.5x
IOTA/USDT,2024-10-03,LONG,0.5976,0.1183,0.123,4,True,3.973,0.0901,.55-.60,
IOTA/USDT,2024-10-10,LONG,0.6655,0.1176,0.126,3,True,7.1429,0.128,.60-.70,
IOTA/USDT,2024-10-12,LONG,0.6046,0.1244,0.126,1,True,1.2862,0.5974,.60-.70,
IOTA/USDT,2024-10-15,LONG,0.5743,0.1269,0.1205,3,True,-5.0433,0.8267,.55-.60,
IOTA/USDT,2024-10-16,LONG,0.6038,0.1218,0.1205,2,True,-1.0673,1.1775,.60-.70,1-1.5x
IOTA/USDT,2024-10-17,LONG,0.5993,0.1181,0.1205,1,True,2.0322,0.8971,.55-.60,
IOTA/USDT,2024-10-19,LONG,0.5862,0.1207,0.1218,2,True,0.9114,0.0491,.55-.60,
IOTA/USDT,2024-10-20,LONG,0.5724,0.1251,0.1218,1,True,-2.6379,1.1335,.55-.60,1-1.5x
IOTA/USDT,2024-10-24,LONG,0.619,0.1184,0.1185,5,False,0.0845,0.8913,.60-.70,
IOTA/USDT,2024-10-26,LONG,0.7324,0.1092,0.1115,5,False,2.1062,0.1475,.70-.80,
IOTA/USDT,2024-10-28,LONG,0.7534,0.1131,0.1091,5,False,-3.5367,0.3085,.70-.80,
IOTA/USDT,2024-10-29,LONG,0.7353,0.1185,0.1091,4,True,-7.9325,1.4299,.70-.80,1-1.5x
IOTA/USDT,2024-10-31,LONG,0.9407,0.1115,0.1091,2,True,-2.1525,1.6,>.80,1.5-2x
IOTA/USDT,2024-11-01,LONG,0.5784,0.1106,0.1091,1,True,-1.3562,0.2375,.55-.60,
IOTA/USDT,2024-11-04,LONG,0.6172,0.1033,0.1081,1,True,4.6467,0.9269,.60-.70,
IOTA/USDT,2024-11-10,LONG,0.8966,0.1346,0.1403,3,True,4.2348,1.9267,>.80,1.5-2x
IOTA/USDT,2024-11-11,LONG,0.9058,0.1461,0.1403,2,True,-3.9699,1.8774,>.80,1.5-2x
IOTA/USDT,2024-11-12,LONG,0.9799,0.147,0.1403,1,True,-4.5578,0.1404,>.80,
IOTA/USDT,2024-11-16,LONG,0.9904,0.1717,0.177,3,True,3.0868,2.3777,>.80,2-3x
IOTA/USDT,2024-11-17,LONG,0.8232,0.1551,0.177,2,True,14.1199,1.6932,>.80,1.5-2x
IOTA/USDT,2024-11-18,LONG,0.7877,0.1879,0.177,1,True,-5.801,2.9546,.70-.80,2-3x
IOTA/USDT,2024-11-21,LONG,0.6212,0.1725,0.1979,1,True,14.7246,0.4564,.60-.70,
IOTA/USDT,2024-11-28,LONG,0.8551,0.2257,0.2743,2,True,21.533,0.2297,>.80,
IOTA/USDT,2024-11-29,LONG,0.7553,0.2748,0.2743,1,True,-0.182,2.4334,.70-.80,2-3x
IOTA/USDT,2024-12-01,LONG,0.6088,0.3082,0.4608,4,True,49.5133,1.3592,.60-.70,1-1.5x
IOTA/USDT,2024-12-02,LONG,0.6016,0.3708,0.4608,3,True,24.2718,2.0872,.60-.70,2-3x
IOTA/USDT,2024-12-03,LONG,0.9686,0.4738,0.4608,2,True,-2.7438,2.6026,>.80,2-3x
IOTA/USDT,2024-12-04,LONG,0.6496,0.4942,0.4608,1,True,-6.7584,0.4084,.60-.70,
IOTA/USDT,2024-12-08,LONG,0.5746,0.4718,0.4209,5,False,-10.7885,0.292,.55-.60,
IOTA/USDT,2024-12-10,LONG,0.6128,0.3775,0.3992,5,False,5.7483,0.3112,.60-.70,
IOTA/USDT,2024-12-12,LONG,0.6772,0.4184,0.374,5,False,-10.6119,0.4173,.60-.70,
IOTA/USDT,2024-12-13,LONG,0.604,0.4209,0.3259,5,False,-22.5707,0.0569,.60-.70,
IOTA/USDT,2024-12-14,LONG,0.6074,0.389,0.2988,5,False,-23.1877,0.7072,.60-.70,
IOTA/USDT,2024-12-15,LONG,0.7209,0.3992,0.3052,5,False,-23.5471,0.248,.70-.80,
IOTA/USDT,2024-12-16,LONG,0.7649,0.3809,0.3052,4,True,-19.874,0.4279,.70-.80,
IOTA/USDT,2024-12-23,LONG,0.6262,0.3253,0.3123,5,False,-3.9963,1.6879,.60-.70,1.5-2x
IOTA/USDT,2024-12-25,LONG,0.621,0.3236,0.3123,3,True,-3.492,0.7886,.60-.70,
IOTA/USDT,2024-12-27,LONG,0.5705,0.2937,0.3123,1,True,6.333,0.0147,.55-.60,
IOTA/USDT,2024-12-30,LONG,0.5987,0.2876,0.3567,5,False,24.0264,0.2441,.55-.60,
IOTA/USDT,2025-01-07,LONG,0.588,0.338,0.3041,2,True,-10.0296,1.5892,.55-.60,1.5-2x
IOTA/USDT,2025-01-11,LONG,0.5555,0.3371,0.317,2,True,-5.9626,0.6839,.55-.60,
IOTA/USDT,2025-01-12,LONG,0.564,0.3281,0.317,1,True,-3.3831,0.4168,.55-.60,
IOTA/USDT,2025-01-14,LONG,0.5807,0.3488,0.3848,1,True,10.3211,1.5194,.55-.60,1.5-2x
IOTA/USDT,2025-01-21,LONG,0.5656,0.3353,0.3181,3,True,-5.1297,0.2617,.55-.60,
IOTA/USDT,2025-01-28,LONG,0.6561,0.2793,0.3067,2,True,9.8102,1.3608,.60-.70,1-1.5x
IOTA/USDT,2025-02-01,LONG,0.6671,0.2785,0.2446,2,True,-12.1724,1.3269,.60-.70,1-1.5x
IOTA/USDT,2025-02-02,LONG,0.7653,0.2387,0.2446,1,True,2.4717,2.2087,.70-.80,2-3x
IOTA/USDT,2025-02-05,LONG,0.5763,0.223,0.2095,1,True,-6.0538,0.5282,.55-.60,
IOTA/USDT,2025-02-07,LONG,0.7904,0.2165,0.2304,3,True,6.4203,0.6333,.70-.80,
IOTA/USDT,2025-02-09,LONG,0.9223,0.221,0.2304,1,True,4.2534,0.4187,>.80,
IOTA/USDT,2025-02-12,LONG,0.5901,0.2472,0.2373,1,True,-4.0049,1.1062,.55-.60,1-1.5x
IOTA/USDT,2025-02-15,LONG,0.6879,0.2352,0.2291,1,True,-2.5935,0.7656,.60-.70,
IOTA/USDT,2025-02-22,LONG,0.5893,0.2292,0.2036,5,False,-11.1693,1.2873,.55-.60,1-1.5x
IOTA/USDT,2025-02-23,LONG,0.6128,0.227,0.2028,5,False,-10.6608,0.2386,.60-.70,
IOTA/USDT,2025-02-27,LONG,0.5673,0.2036,0.2028,1,True,-0.3929,0.2592,.55-.60,
IOTA/USDT,2025-03-02,LONG,0.7117,0.264,0.2095,2,True,-20.6439,3.6216,.70-.80,3-5x
IOTA/USDT,2025-03-06,LONG,0.7029,0.2114,0.1752,5,False,-17.1239,0.397,.70-.80,
IOTA/USDT,2025-03-07,LONG,0.5662,0.2052,0.1752,4,True,-14.6199,0.3364,.55-.60,
IOTA/USDT,2025-03-09,LONG,0.5806,0.1759,0.1752,2,True,-0.398,1.1556,.55-.60,1-1.5x
IOTA/USDT,2025-03-10,LONG,0.5604,0.168,0.1752,1,True,4.2857,0.4967,.55-.60,
IOTA/USDT,2025-03-13,LONG,0.5603,0.1762,0.1834,4,True,4.0863,0.3684,.55-.60,
IOTA/USDT,2025-03-15,LONG,0.5768,0.1853,0.1834,2,True,-1.0254,0.2378,.55-.60,
IOTA/USDT,2025-03-16,LONG,0.5851,0.1737,0.1834,1,True,5.5843,0.7194,.55-.60,
IOTA/USDT,2025-03-22,LONG,0.6341,0.1821,0.1851,1,True,1.6474,0.2745,.60-.70,
IOTA/USDT,2025-04-05,LONG,0.703,0.1656,0.1567,5,False,-5.3744,0.0154,.70-.80,
ICX/USDT,2024-08-27,LONG,0.5523,0.1289,0.1184,5,False,-8.1458,1.4259,.55-.60,1-1.5x
ICX/USDT,2024-08-29,LONG,0.7716,0.1267,0.1196,5,False,-5.6038,0.2062,.70-.80,
ICX/USDT,2024-08-30,LONG,0.8719,0.1248,0.1196,4,True,-4.1667,0.394,>.80,
ICX/USDT,2024-09-05,LONG,0.7729,0.1176,0.1158,1,True,-1.5306,0.8593,.70-.80,
ICX/USDT,2024-09-12,LONG,0.6208,0.1302,0.1254,5,False,-3.6866,1.0088,.60-.70,1-1.5x
ICX/USDT,2024-09-16,LONG,0.6942,0.1221,0.1407,4,True,15.2334,0.5441,.60-.70,
ICX/USDT,2024-09-18,LONG,0.5586,0.129,0.1407,2,True,9.0698,0.9727,.55-.60,
ICX/USDT,2024-09-19,LONG,0.7184,0.141,0.1407,1,True,-0.2128,2.6113,.70-.80,2-3x
ICX/USDT,2024-09-25,LONG,0.9126,0.1511,0.1565,1,True,3.5738,0.0608,>.80,
ICX/USDT,2024-10-03,LONG,0.5795,0.1291,0.1382,2,True,7.0488,0.5468,.55-.60,
ICX/USDT,2024-10-07,LONG,0.6092,0.1391,0.1422,5,False,2.2286,0.5755,.60-.70,
ICX/USDT,2024-10-09,LONG,0.5956,0.1346,0.149,5,False,10.6984,0.6121,.55-.60,
ICX/USDT,2024-10-10,LONG,0.7623,0.1353,0.149,4,True,10.1256,0.1508,.70-.80,
ICX/USDT,2024-10-12,LONG,0.6719,0.1422,0.149,2,True,4.782,0.1316,.60-.70,
ICX/USDT,2024-10-25,LONG,0.5896,0.1288,0.1267,1,True,-1.6304,2.1472,.55-.60,2-3x
ICX/USDT,2024-10-27,LONG,0.7141,0.1287,0.126,5,False,-2.0979,0.5066,.70-.80,
ICX/USDT,2024-10-28,LONG,0.5881,0.1293,0.1239,5,False,-4.1763,0.1497,.55-.60,
ICX/USDT,2024-10-31,LONG,0.8279,0.1279,0.1222,5,False,-4.4566,1.4492,>.80,1-1.5x
ICX/USDT,2024-11-01,LONG,0.5853,0.126,0.1333,5,False,5.7937,0.4585,.55-.60,
ICX/USDT,2024-11-04,LONG,0.8187,0.1176,0.136,4,True,15.6463,0.8422,>.80,
ICX/USDT,2024-11-11,LONG,0.5895,0.1537,0.1529,1,True,-0.5205,1.2719,.55-.60,1-1.5x
ICX/USDT,2024-11-15,LONG,0.9868,0.1507,0.1593,5,False,5.7067,1.4657,>.80,1-1.5x
ICX/USDT,2024-11-16,LONG,0.9986,0.1638,0.1675,5,False,2.2589,2.1394,>.80,2-3x
ICX/USDT,2024-11-17,LONG,0.8366,0.156,0.1812,5,False,16.1538,1.1122,>.80,1-1.5x
ICX/USDT,2024-11-18,LONG,0.5627,0.1718,0.1812,4,True,5.4715,2.1632,.55-.60,2-3x
ICX/USDT,2024-11-19,LONG,0.7805,0.1696,0.1812,3,True,6.8396,0.2728,.70-.80,
ICX/USDT,2024-11-28,LONG,0.8645,0.2168,0.2798,5,False,29.059,0.2379,>.80,
ICX/USDT,2024-12-02,LONG,0.719,0.2549,0.2783,2,True,9.1801,1.2721,.70-.80,1-1.5x
ICX/USDT,2024-12-03,LONG,0.7909,0.2798,0.2783,1,True,-0.5361,1.9956,.70-.80,1.5-2x
ICX/USDT,2024-12-07,LONG,0.6232,0.2755,0.2225,2,True,-19.2377,0.6081,.60-.70,
ICX/USDT,2024-12-08,LONG,0.7864,0.2776,0.2225,1,True,-19.8487,0.1744,.70-.80,
ICX/USDT,2024-12-12,LONG,0.6691,0.2328,0.204,5,False,-12.3711,0.2807,.60-.70,
ICX/USDT,2024-12-13,LONG,0.6525,0.2322,0.204,4,True,-12.1447,0.0408,.60-.70,
ICX/USDT,2024-12-14,LONG,0.5504,0.2197,0.204,3,True,-7.1461,0.8396,.55-.60,
ICX/USDT,2024-12-15,LONG,0.7202,0.2269,0.204,2,True,-10.0926,0.51,.70-.80,
ICX/USDT,2024-12-18,LONG,0.6262,0.1803,0.1713,2,True,-4.9917,1.6646,.60-.70,1.5-2x
ICX/USDT,2024-12-19,LONG,0.6268,0.1651,0.1713,1,True,3.7553,1.2198,.60-.70,1-1.5x
ICX/USDT,2024-12-23,LONG,0.5533,0.1803,0.1878,2,True,4.1597,1.0577,.55-.60,1-1.5x
ICX/USDT,2025-01-14,LONG,0.5502,0.1895,0.199,3,True,5.0132,0.8243,.55-.60,
ICX/USDT,2025-01-15,LONG,0.8461,0.1967,0.199,2,True,1.1693,0.749,>.80,
ICX/USDT,2025-01-23,LONG,0.6921,0.1655,0.1641,3,True,-0.8459,0.4652,.60-.70,
ICX/USDT,2025-01-24,LONG,0.6327,0.1622,0.1641,2,True,1.1714,0.4027,.60-.70,
ICX/USDT,2025-01-29,LONG,0.5965,0.1518,0.1586,1,True,4.4796,0.2069,.55-.60,
ICX/USDT,2025-02-01,LONG,0.8126,0.1459,0.1223,5,False,-16.1755,1.6487,>.80,1.5-2x
ICX/USDT,2025-02-04,LONG,0.6564,0.1296,0.1223,2,True,-5.6327,0.9049,.60-.70,
ICX/USDT,2025-02-05,LONG,0.7819,0.1271,0.1223,1,True,-3.7766,0.4369,.70-.80,
ICX/USDT,2025-02-09,LONG,0.5646,0.1267,0.1277,2,True,0.7893,0.0405,.55-.60,
ICX/USDT,2025-02-10,LONG,0.6031,0.1297,0.1277,1,True,-1.542,0.6095,.60-.70,
ICX/USDT,2025-02-15,LONG,0.8625,0.131,0.1301,1,True,-0.687,0.4901,>.80,
ICX/USDT,2025-02-17,LONG,0.5821,0.1321,0.1352,5,False,2.3467,0.388,.55-.60,
ICX/USDT,2025-02-20,LONG,0.6546,0.1319,0.1194,4,True,-9.4769,0.9553,.60-.70,
ICX/USDT,2025-02-21,LONG,0.5654,0.1277,0.1194,3,True,-6.4996,0.8158,.55-.60,
ICX/USDT,2025-02-27,LONG,0.6065,0.1192,0.1186,1,True,-0.5034,0.1091,.60-.70,
ICX/USDT,2025-03-01,LONG,0.5863,0.1184,0.1251,1,True,5.6588,0.0448,.55-.60,
ICX/USDT,2025-03-03,LONG,0.5568,0.1113,0.1099,1,True,-1.2579,2.3762,.55-.60,2-3x
ICX/USDT,2025-03-15,LONG,0.7338,0.1044,0.10379,2,True,-0.5843,0.3862,.70-.80,
ICX/USDT,2025-03-16,LONG,0.7278,0.0998,0.10379,1,True,3.998,1.0143,.70-.80,1-1.5x
ICX/USDT,2025-03-19,LONG,0.5956,0.10658,0.10121,1,True,-5.0385,0.3566,.55-.60,
ICX/USDT,2025-03-23,LONG,0.7057,0.10123,0.10571,3,True,4.4256,0.2189,.70-.80,
ICX/USDT,2025-03-24,LONG,0.8289,0.10576,0.10571,2,True,-0.0473,1.1582,>.80,1-1.5x
ICX/USDT,2025-03-25,LONG,0.7308,0.10701,0.10571,1,True,-1.2148,0.3084,.70-.80,
ICX/USDT,2025-04-01,LONG,0.5535,0.09421,0.07569,5,False,-19.6582,0.402,.55-.60,
LSK/USDT,2024-08-27,LONG,0.7646,0.8028,0.7508,5,False,-6.4773,1.5597,.70-.80,1.5-2x
LSK/USDT,2024-08-30,LONG,0.6674,0.7824,0.7581,5,False,-3.1058,0.1881,.60-.70,
LSK/USDT,2024-08-31,LONG,0.8681,0.7781,0.7581,4,True,-2.5704,0.1878,>.80,
LSK/USDT,2024-09-03,LONG,0.9477,0.7475,0.7581,1,True,1.4181,1.2893,>.80,1-1.5x
LSK/USDT,2024-09-05,LONG,0.6712,0.7357,0.7681,3,True,4.404,0.9479,.60-.70,
LSK/USDT,2024-09-14,LONG,0.8772,0.8076,0.7814,1,True,-3.2442,0.1037,>.80,
LSK/USDT,2024-09-18,LONG,0.6832,0.8158,0.9312,5,False,14.1456,1.1873,.60-.70,1-1.5x
LSK/USDT,2024-09-19,LONG,0.6562,0.8394,0.9362,5,False,11.532,1.1026,.60-.70,1-1.5x
LSK/USDT,2024-09-21,LONG,0.7462,0.9549,0.9179,4,True,-3.8748,2.1571,.70-.80,2-3x
LSK/USDT,2024-09-22,LONG,0.8911,0.8994,0.9179,3,True,2.0569,1.7174,>.80,1.5-2x
LSK/USDT,2024-09-23,LONG,0.6368,0.9312,0.9179,2,True,-1.4283,1.0915,.60-.70,1-1.5x
LSK/USDT,2024-09-30,LONG,0.5585,0.8889,0.7998,5,False,-10.0236,1.5444,.55-.60,1.5-2x
LSK/USDT,2024-10-03,LONG,0.6957,0.7668,0.8154,4,True,6.338,0.2734,.60-.70,
LSK/USDT,2024-10-04,LONG,0.6901,0.801,0.8154,3,True,1.7978,1.0427,.60-.70,1-1.5x
LSK/USDT,2024-10-05,LONG,0.6004,0.7998,0.8154,2,True,1.9505,0.0356,.60-.70,
LSK/USDT,2024-10-10,LONG,0.649,0.8009,0.8345,1,True,4.1953,0.0414,.60-.70,
LSK/USDT,2024-10-12,LONG,0.7554,0.8412,0.8136,5,False,-3.281,0.2284,.70-.80,
LSK/USDT,2024-10-15,LONG,0.5802,0.8517,0.8268,3,True,-2.9236,0.5912,.55-.60,
LSK/USDT,2024-10-24,LONG,0.6663,0.8152,0.7644,2,True,-6.2316,0.0228,.60-.70,
LSK/USDT,2024-10-25,LONG,0.6349,0.7615,0.7644,1,True,0.3808,2.1355,.60-.70,2-3x
LSK/USDT,2024-10-27,LONG,0.7532,0.7764,0.7906,1,True,1.829,0.535,.70-.80,
LSK/USDT,2024-10-29,LONG,0.5812,0.8153,0.757,4,True,-7.1507,1.0527,.55-.60,1-1.5x
LSK/USDT,2024-10-31,LONG,0.6239,0.7707,0.757,2,True,-1.7776,1.6491,.60-.70,1.5-2x
LSK/USDT,2024-11-01,LONG,0.6502,0.7724,0.757,1,True,-1.9938,0.0734,.60-.70,
LSK/USDT,2024-11-11,LONG,0.8061,0.9496,0.9611,2,True,1.211,1.4249,>.80,1-1.5x
LSK/USDT,2024-11-12,LONG,0.8037,0.9873,0.9611,1,True,-2.6537,1.112,>.80,1-1.5x
LSK/USDT,2024-11-16,LONG,0.9703,1.0154,1.0502,2,True,3.4272,1.7178,>.80,1.5-2x
LSK/USDT,2024-11-17,LONG,0.7433,0.9565,1.0502,1,True,9.7961,1.3171,.70-.80,1-1.5x
LSK/USDT,2024-11-19,LONG,0.9452,1.05,1.1445,5,False,9.0,0.004,>.80,
LSK/USDT,2024-11-20,LONG,0.5528,1.0297,1.1611,5,False,12.761,0.4178,.55-.60,
LSK/USDT,2024-11-22,LONG,0.8213,1.0621,1.1611,3,True,9.3212,0.3756,>.80,
LSK/USDT,2024-11-24,LONG,0.5856,1.1445,1.1611,1,True,1.4504,1.0184,.55-.60,1-1.5x
LSK/USDT,2024-12-03,LONG,0.5833,1.418,1.3773,2,True,-2.8702,1.7907,.55-.60,1.5-2x
LSK/USDT,2024-12-04,LONG,0.5537,1.438,1.3773,1,True,-4.2211,0.3719,.55-.60,
LSK/USDT,2024-12-06,LONG,0.5848,1.3935,1.377,1,True,-1.1841,0.3106,.55-.60,
LSK/USDT,2024-12-08,LONG,0.5907,1.4076,1.0832,2,True,-23.0463,0.7691,.55-.60,
LSK/USDT,2024-12-11,LONG,0.7191,1.163,1.1798,1,True,1.4445,1.3122,.70-.80,1-1.5x
LSK/USDT,2024-12-18,LONG,0.5942,0.9427,0.8735,1,True,-7.3406,1.5345,.55-.60,1.5-2x
LSK/USDT,2024-12-20,LONG,0.9505,0.9199,0.9572,3,True,4.0548,0.8712,>.80,
LSK/USDT,2024-12-21,LONG,0.9807,0.8827,0.9572,2,True,8.44,0.6618,>.80,
LSK/USDT,2024-12-22,LONG,0.9621,0.9155,0.9572,1,True,4.5549,0.5969,>.80,
LSK/USDT,2024-12-31,LONG,0.6853,0.9116,0.9583,2,True,5.1229,0.5945,.60-.70,
LSK/USDT,2025-01-14,LONG,0.8996,1.0435,1.0315,3,True,-1.15,0.6203,>.80,
LSK/USDT,2025-01-15,LONG,0.6181,1.0369,1.0315,2,True,-0.5208,0.1143,.60-.70,
LSK/USDT,2025-01-19,LONG,0.6515,0.9071,0.8909,4,True,-1.7859,0.9719,.60-.70,
LSK/USDT,2025-01-20,LONG,0.6622,0.9071,0.8909,3,True,-1.7859,0.0,.60-.70,
LSK/USDT,2025-01-24,LONG,0.5743,0.8811,0.8242,4,True,-6.4578,0.192,.55-.60,
LSK/USDT,2025-02-01,LONG,0.7295,0.8238,0.749,2,True,-9.0799,1.3848,.70-.80,1-1.5x
LSK/USDT,2025-02-02,LONG,0.7139,0.7329,0.749,1,True,2.1968,2.749,.70-.80,2-3x
LSK/USDT,2025-02-06,LONG,0.8219,0.6845,0.6854,1,True,0.1315,0.7823,>.80,
LSK/USDT,2025-02-09,LONG,0.7656,0.7256,0.7263,2,True,0.0965,0.2971,.70-.80,
LSK/USDT,2025-02-15,LONG,0.6137,0.7431,0.7768,5,False,4.5351,0.7236,.60-.70,
LSK/USDT,2025-02-27,LONG,0.6093,0.6782,0.6738,2,True,-0.6488,0.4608,.60-.70,
LSK/USDT,2025-02-28,LONG,0.6633,0.6773,0.6738,1,True,-0.5168,0.0367,.60-.70,
LSK/USDT,2025-03-05,LONG,0.5598,0.6162,0.5336,5,False,-13.4047,0.6474,.55-.60,
LSK/USDT,2025-03-06,LONG,0.5536,0.6088,0.5491,5,False,-9.8062,0.286,.55-.60,
LSK/USDT,2025-03-10,LONG,0.5633,0.5336,0.5491,1,True,2.9048,0.6884,.55-.60,
LSK/USDT,2025-03-13,LONG,0.5722,0.5468,0.5739,4,True,4.9561,0.3326,.55-.60,
LSK/USDT,2025-03-15,LONG,0.6036,0.5684,0.5739,2,True,0.9676,0.3266,.60-.70,
LSK/USDT,2025-03-16,LONG,0.624,0.5521,0.5739,1,True,3.9486,0.7437,.60-.70,
LSK/USDT,2025-03-18,LONG,0.9114,0.5612,0.5643,2,True,0.5524,0.5523,>.80,
LSK/USDT,2025-03-19,LONG,0.5581,0.579,0.5643,1,True,-2.5389,0.78,.55-.60,
LSK/USDT,2025-03-21,LONG,0.9485,0.5533,0.5668,2,True,2.4399,0.4765,>.80,
LSK/USDT,2025-03-22,LONG,0.7174,0.5608,0.5668,1,True,1.0699,0.339,.70-.80,
LSK/USDT,2025-03-25,LONG,0.9119,0.5946,0.5804,1,True,-2.3882,0.0872,>.80,
LSK/USDT,2025-04-05,LONG,0.5735,0.4812,0.4094,3,True,-14.921,0.081,.55-.60,
LSK/USDT,2025-04-06,LONG,0.6196,0.4293,0.4094,2,True,-4.6355,2.9708,.60-.70,2-3x
DGB/USDT,2024-08-30,LONG,0.6582,0.006464,0.006477,3,True,0.2011,0.0255,.60-.70,
DGB/USDT,2024-08-31,LONG,0.587,0.006397,0.006477,2,True,1.2506,0.2604,.55-.60,
DGB/USDT,2024-09-05,LONG,0.5501,0.00626,0.006521,4,True,4.1693,0.5298,.55-.60,
DGB/USDT,2024-09-13,LONG,0.5852,0.006598,0.00662,5,False,0.3334,0.7334,.55-.60,
DGB/USDT,2024-09-14,LONG,0.6193,0.006744,0.00662,4,True,-1.8387,0.7004,.60-.70,
DGB/USDT,2024-09-21,LONG,0.5874,0.007012,0.007105,5,False,1.3263,0.3989,.55-.60,
DGB/USDT,2024-09-22,LONG,0.7254,0.006848,0.00725,5,False,5.8703,0.9791,.70-.80,
DGB/USDT,2024-10-04,LONG,0.6032,0.006389,0.006573,1,True,2.8799,1.3073,.60-.70,1-1.5x
DGB/USDT,2024-10-12,LONG,0.6064,0.006742,0.006784,3,True,0.623,0.6025,.60-.70,
DGB/USDT,2024-10-23,LONG,0.7233,0.006371,0.006057,3,True,-4.9286,2.8968,.70-.80,2-3x
DGB/USDT,2024-10-25,LONG,0.7468,0.005969,0.006057,1,True,1.4743,1.6679,.70-.80,1.5-2x
DGB/USDT,2024-11-03,LONG,0.6143,0.00527,0.006262,4,True,18.8235,2.129,.60-.70,2-3x
DGB/USDT,2024-11-05,LONG,0.5518,0.005385,0.006262,2,True,16.286,1.4171,.55-.60,1-1.5x
DGB/USDT,2024-11-06,LONG,0.8695,0.006022,0.006262,1,True,3.9854,2.6057,>.80,2-3x
DGB/USDT,2024-11-08,LONG,0.6938,0.006281,0.007067,2,True,12.5139,0.0659,.60-.70,
DGB/USDT,2024-11-09,LONG,0.8818,0.006656,0.007067,1,True,6.1749,1.2629,>.80,1-1.5x
DGB/USDT,2024-11-13,LONG,0.9178,0.007529,0.00695,1,True,-7.6903,1.9258,>.80,1.5-2x
DGB/USDT,2024-11-15,LONG,0.9963,0.008907,0.008659,1,True,-2.7843,3.4394,>.80,3-5x
DGB/USDT,2024-11-17,LONG,0.7854,0.008221,0.008708,1,True,5.9239,0.6036,.70-.80,
DGB/USDT,2024-11-19,LONG,0.9984,0.008629,0.010441,2,True,20.999,0.1077,>.80,
DGB/USDT,2024-11-20,LONG,0.9994,0.010595,0.010441,1,True,-1.4535,2.4033,>.80,2-3x
DGB/USDT,2024-11-22,LONG,0.7792,0.011014,0.0116,1,True,5.3205,0.5845,.70-.80,
DGB/USDT,2024-11-24,LONG,0.9824,0.011751,0.010899,1,True,-7.2504,0.1457,>.80,
DGB/USDT,2024-11-26,LONG,0.6288,0.010592,0.011339,3,True,7.0525,0.3049,.60-.70,
DGB/USDT,2024-11-27,LONG,0.6341,0.010998,0.011339,2,True,3.1006,0.415,.60-.70,
DGB/USDT,2024-12-01,LONG,0.5597,0.015305,0.018072,5,False,18.0791,0.5492,.55-.60,
DGB/USDT,2024-12-03,LONG,0.6691,0.018907,0.017838,5,False,-5.654,1.4475,.60-.70,1-1.5x
DGB/USDT,2024-12-16,LONG,0.5719,0.014757,0.013799,1,True,-6.4918,0.4905,.55-.60,
DGB/USDT,2024-12-18,LONG,0.6546,0.012258,0.012587,5,False,2.684,0.8463,.60-.70,
DGB/USDT,2024-12-28,LONG,0.563,0.012065,0.012628,4,True,4.6664,0.5188,.55-.60,
DGB/USDT,2024-12-31,LONG,0.5874,0.010457,0.012628,1,True,20.7612,0.9465,.55-.60,
DGB/USDT,2025-01-10,LONG,0.6145,0.01263,0.013063,5,False,3.4283,0.3216,.60-.70,
DGB/USDT,2025-01-13,LONG,0.5618,0.011571,0.012438,5,False,7.4929,0.4936,.55-.60,
DGB/USDT,2025-01-25,LONG,0.6996,0.011757,0.010348,3,True,-11.9843,1.8797,.60-.70,1.5-2x
DGB/USDT,2025-01-26,LONG,0.5636,0.010652,0.010348,2,True,-2.8539,1.4805,.55-.60,1-1.5x
DGB/USDT,2025-01-27,LONG,0.63,0.010861,0.010348,1,True,-4.7233,0.3211,.60-.70,
DGB/USDT,2025-01-29,LONG,0.6292,0.010502,0.010779,1,True,2.6376,0.2473,.60-.70,
DGB/USDT,2025-01-31,LONG,0.6423,0.010837,0.008462,5,False,-21.9157,0.0893,.60-.70,
DGB/USDT,2025-02-01,LONG,0.6443,0.01009,0.00837,5,False,-17.0466,1.1195,.60-.70,1-1.5x
DGB/USDT,2025-02-02,LONG,0.6442,0.008673,0.00837,4,True,-3.4936,2.0569,.60-.70,2-3x
DGB/USDT,2025-02-09,LONG,0.5894,0.008361,0.008269,2,True,-1.1003,0.2661,.55-.60,
DGB/USDT,2025-02-23,LONG,0.5628,0.00813,0.0078,3,True,-4.059,0.3919,.55-.60,
DGB/USDT,2025-03-02,LONG,0.6171,0.009024,0.008372,3,True,-7.2252,3.3326,.60-.70,3-5x
DGB/USDT,2025-03-04,LONG,0.5566,0.00809,0.008372,1,True,3.4858,0.0265,.55-.60,
DGB/USDT,2025-03-06,LONG,0.958,0.00915,0.01003,3,True,9.6175,1.3546,>.80,1-1.5x
DGB/USDT,2025-03-07,LONG,0.9558,0.009491,0.01003,2,True,5.6791,0.5431,>.80,
DGB/USDT,2025-03-08,LONG,0.9919,0.011093,0.01003,1,True,-9.5826,2.1775,>.80,2-3x
DGB/USDT,2025-03-10,LONG,0.6913,0.008604,0.008746,1,True,1.6504,1.6427,.60-.70,1.5-2x
DGB/USDT,2025-03-12,LONG,0.7818,0.008463,0.008291,5,False,-2.0324,0.3728,.70-.80,
DGB/USDT,2025-03-13,LONG,0.9017,0.00812,0.00819,5,False,0.8621,0.4681,>.80,
DGB/USDT,2025-03-14,LONG,0.5845,0.008086,0.00819,4,True,1.2862,0.0486,.55-.60,
DGB/USDT,2025-03-17,LONG,0.5648,0.008291,0.00819,1,True,-1.2182,0.1191,.55-.60,
DGB/USDT,2025-03-29,LONG,0.6,0.009043,0.010519,5,False,16.322,1.6228,.55-.60,1.5-2x
DGB/USDT,2025-03-31,LONG,0.7292,0.00855,0.010409,4,True,21.7427,0.1584,.70-.80,
DGB/USDT,2025-04-01,LONG,0.8088,0.00846,0.010409,3,True,23.0378,0.1908,>.80,
DGB/USDT,2025-04-02,LONG,0.6199,0.00855,0.010409,2,True,21.7427,0.1959,.60-.70,
DGB/USDT,2025-04-03,LONG,0.6758,0.010519,0.010409,1,True,-1.0457,3.106,.60-.70,3-5x
WIN/USDT,2024-08-27,LONG,0.5684,9.2e-05,8.7e-05,5,False,-5.424,0.7295,.55-.60,
WIN/USDT,2024-09-20,LONG,0.5572,9.1e-05,9.3e-05,5,False,1.2691,0.6702,.55-.60,
WIN/USDT,2024-09-22,LONG,0.6174,9.1e-05,9.6e-05,5,False,5.9634,0.701,.60-.70,
WIN/USDT,2024-09-30,LONG,0.709,9.1e-05,8.3e-05,3,True,-8.1617,2.2987,.70-.80,2-3x
WIN/USDT,2024-10-01,LONG,0.5908,8.5e-05,8.3e-05,2,True,-2.0557,2.3739,.55-.60,2-3x
WIN/USDT,2024-10-07,LONG,0.582,8.5e-05,8.7e-05,5,False,1.6786,0.2218,.55-.60,
WIN/USDT,2024-10-18,LONG,0.7135,8.7e-05,8.8e-05,3,True,1.586,0.5292,.70-.80,
WIN/USDT,2024-10-19,LONG,0.6349,8.8e-05,8.8e-05,2,True,0.4318,0.4608,.60-.70,
WIN/USDT,2024-10-20,LONG,0.6265,9.2e-05,8.8e-05,1,True,-3.5886,1.7136,.60-.70,1.5-2x
WIN/USDT,2024-11-10,LONG,0.6203,7.8e-05,7.9e-05,2,True,2.1919,0.4743,.60-.70,
WIN/USDT,2024-11-11,LONG,0.6245,8.2e-05,7.9e-05,1,True,-3.7055,1.7322,.60-.70,1.5-2x
WIN/USDT,2024-11-15,LONG,0.639,7.7e-05,7.7e-05,5,False,-0.026,1.1833,.60-.70,1-1.5x
WIN/USDT,2024-11-16,LONG,0.5872,8e-05,8.1e-05,5,False,0.95,1.0305,.55-.60,1-1.5x
WIN/USDT,2024-12-05,LONG,0.6327,0.000151,0.000136,4,True,-10.1766,0.2764,.60-.70,
WIN/USDT,2024-12-06,LONG,0.7614,0.000153,0.000136,3,True,-11.4183,0.0919,.70-.80,
WIN/USDT,2024-12-08,LONG,0.5519,0.000166,0.000136,1,True,-17.9215,0.3813,.55-.60,
WIN/USDT,2024-12-10,LONG,0.6385,0.000127,0.000135,5,False,5.8934,0.3869,.60-.70,
WIN/USDT,2024-12-11,LONG,0.753,0.000138,0.000131,5,False,-4.9454,0.5323,.70-.80,
WIN/USDT,2024-12-18,LONG,0.6463,0.000111,0.000106,2,True,-4.8055,0.4815,.60-.70,
WIN/USDT,2024-12-19,LONG,0.5593,0.000101,0.000106,1,True,4.8373,0.5535,.55-.60,
WIN/USDT,2024-12-23,LONG,0.5623,0.00011,0.000112,4,True,2.6366,0.8396,.55-.60,
WIN/USDT,2024-12-28,LONG,0.674,0.000114,0.000102,5,False,-11.042,0.2395,.60-.70,
WIN/USDT,2024-12-29,LONG,0.6491,0.000107,0.000105,5,False,-1.7724,1.1899,.60-.70,1-1.5x
WIN/USDT,2024-12-31,LONG,0.5782,9.9e-05,0.000105,5,False,6.1284,0.7867,.55-.60,
WIN/USDT,2025-01-06,LONG,0.5717,0.000118,0.000109,1,True,-8.0223,2.4451,.55-.60,2-3x
WIN/USDT,2025-01-08,LONG,0.6042,0.000105,0.000101,1,True,-3.848,0.7738,.60-.70,
WIN/USDT,2025-01-10,LONG,0.9993,0.000101,0.000103,5,False,1.5211,0.1102,>.80,
WIN/USDT,2025-01-12,LONG,0.6538,9.8e-05,0.000101,4,True,2.8665,0.3798,.60-.70,
WIN/USDT,2025-01-17,LONG,0.5716,0.000113,9.5e-05,4,True,-16.6138,2.2068,.55-.60,2-3x
WIN/USDT,2025-01-18,LONG,0.6837,0.000101,9.5e-05,3,True,-6.7698,1.7585,.60-.70,1.5-2x
WIN/USDT,2025-01-20,LONG,0.6253,9.1e-05,9.5e-05,1,True,3.967,0.2508,.60-.70,
WIN/USDT,2025-01-27,LONG,0.5505,9e-05,8.4e-05,5,False,-6.4948,0.5221,.55-.60,
WIN/USDT,2025-02-07,LONG,0.5525,7.3e-05,7.6e-05,4,True,3.4426,0.0587,.55-.60,
WIN/USDT,2025-02-09,LONG,0.7095,7.4e-05,7.6e-05,2,True,3.274,0.2463,.70-.80,
WIN/USDT,2025-02-20,LONG,0.5775,8e-05,7.5e-05,2,True,-6.0138,0.5409,.55-.60,
WIN/USDT,2025-02-25,LONG,0.5801,6.7e-05,6.7e-05,5,False,0.2678,0.5507,.55-.60,
WIN/USDT,2025-02-26,LONG,0.577,6.6e-05,6e-05,5,False,-7.972,0.6608,.55-.60,
WIN/USDT,2025-03-03,LONG,0.5932,6e-05,6.3e-05,1,True,4.0337,2.6169,.55-.60,2-3x
WIN/USDT,2025-03-05,LONG,0.6169,6.3e-05,6.2e-05,2,True,-1.3001,0.0574,.60-.70,
WIN/USDT,2025-03-06,LONG,0.5702,6.2e-05,6.2e-05,1,True,0.5167,0.4743,.55-.60,
WIN/USDT,2025-03-12,LONG,0.5827,5.8e-05,5.8e-05,2,True,-0.3806,0.1528,.55-.60,
WIN/USDT,2025-03-13,LONG,0.7642,5.7e-05,5.8e-05,1,True,1.552,0.5475,.70-.80,
WIN/USDT,2025-03-23,LONG,0.6389,6e-05,6.1e-05,1,True,1.3621,0.9612,.60-.70,
WIN/USDT,2025-03-26,LONG,0.622,6.1e-05,6e-05,1,True,-1.4371,0.2861,.60-.70,
WIN/USDT,2025-04-02,LONG,0.6792,4.9e-05,4.4e-05,5,False,-10.9519,2.2811,.60-.70,2-3x
WIN/USDT,2025-04-03,LONG,0.6843,4.8e-05,4.3e-05,5,False,-10.258,0.4977,.60-.70,
FLR/USDT,2024-08-29,LONG,0.6349,0.01608,0.01576,4,True,-1.99,1.9076,.60-.70,1.5-2x
FLR/USDT,2024-09-01,LONG,0.7602,0.01513,0.01576,1,True,4.1639,2.0418,.70-.80,2-3x
FLR/USDT,2024-09-03,LONG,0.6785,0.01517,0.01494,1,True,-1.5162,1.3158,.60-.70,1-1.5x
FLR/USDT,2024-09-05,LONG,0.7017,0.01446,0.01497,4,True,3.527,1.0988,.70-.80,1-1.5x
FLR/USDT,2024-09-08,LONG,0.5813,0.0144,0.01497,1,True,3.9583,0.024,.55-.60,
FLR/USDT,2024-09-10,LONG,0.6223,0.01483,0.01476,2,True,-0.472,0.3083,.60-.70,
FLR/USDT,2024-09-11,LONG,0.552,0.0145,0.01476,1,True,1.7931,0.8036,.55-.60,
FLR/USDT,2024-09-13,LONG,0.8033,0.01507,0.0145,5,False,-3.7823,0.7628,>.80,
FLR/USDT,2024-09-14,LONG,0.7125,0.01523,0.01492,5,False,-2.0355,0.3868,.70-.80,
FLR/USDT,2024-09-16,LONG,0.7064,0.01451,0.01518,5,False,4.6175,1.1316,.70-.80,1-1.5x
FLR/USDT,2024-09-17,LONG,0.6514,0.01464,0.01495,5,False,2.1175,0.3286,.60-.70,
FLR/USDT,2024-09-21,LONG,0.6206,0.01518,0.01495,1,True,-1.5152,0.6129,.60-.70,
FLR/USDT,2024-09-25,LONG,0.5694,0.01492,0.01584,2,True,6.1662,1.3307,.55-.60,1-1.5x
FLR/USDT,2024-09-28,LONG,0.6687,0.01653,0.01613,1,True,-2.4198,1.7959,.60-.70,1.5-2x
FLR/USDT,2024-09-30,LONG,0.6066,0.01528,0.01727,2,True,13.0236,1.9514,.60-.70,1.5-2x
FLR/USDT,2024-10-01,LONG,0.8089,0.0144,0.01727,1,True,19.9306,1.94,>.80,1.5-2x
FLR/USDT,2024-10-05,LONG,0.7125,0.01525,0.01431,5,False,-6.1639,0.5622,.70-.80,
FLR/USDT,2024-10-06,LONG,0.5514,0.01545,0.01469,5,False,-4.9191,0.2255,.55-.60,
FLR/USDT,2024-10-07,LONG,0.5828,0.01503,0.01473,5,False,-1.996,0.464,.55-.60,
FLR/USDT,2024-10-09,LONG,0.7342,0.01446,0.01449,4,True,0.2075,0.3696,.70-.80,
FLR/USDT,2024-10-12,LONG,0.7283,0.01473,0.01449,1,True,-1.6293,0.0464,.70-.80,
FLR/USDT,2024-10-15,LONG,0.5692,0.01494,0.01454,2,True,-2.6774,0.5326,.55-.60,
FLR/USDT,2024-10-21,LONG,0.6218,0.0149,0.0144,3,True,-3.3557,0.4163,.60-.70,
FLR/USDT,2024-10-22,LONG,0.5515,0.01468,0.0144,2,True,-1.9074,0.449,.55-.60,
FLR/USDT,2024-10-27,LONG,0.6815,0.01407,0.0138,3,True,-1.919,1.1495,.60-.70,1-1.5x
FLR/USDT,2024-10-29,LONG,0.5883,0.01401,0.0138,1,True,-1.4989,0.1818,.55-.60,
FLR/USDT,2024-11-05,LONG,0.5977,0.01243,0.01431,5,False,15.1247,0.8318,.55-.60,
FLR/USDT,2024-11-12,LONG,0.707,0.0152,0.0145,1,True,-4.6053,1.2097,.70-.80,1-1.5x
FLR/USDT,2024-11-15,LONG,0.8331,0.0182,0.0201,4,True,10.4396,4.0745,>.80,3-5x
FLR/USDT,2024-11-16,LONG,0.9911,0.02216,0.0201,3,True,-9.296,2.6438,>.80,2-3x
FLR/USDT,2024-11-20,LONG,0.6961,0.01982,0.0225,5,False,13.5217,0.162,.60-.70,
FLR/USDT,2024-11-21,LONG,0.6412,0.02025,0.0225,4,True,11.1111,0.2538,.60-.70,
FLR/USDT,2024-11-30,LONG,0.687,0.02808,0.03085,1,True,9.8647,0.0037,.60-.70,
FLR/USDT,2024-12-04,LONG,0.6195,0.03184,0.02851,5,False,-10.4585,0.9452,.60-.70,
FLR/USDT,2024-12-07,LONG,0.6651,0.03203,0.02941,5,False,-8.1798,0.4637,.60-.70,
FLR/USDT,2024-12-11,LONG,0.6952,0.0298,0.03063,2,True,2.7852,0.5795,.60-.70,
FLR/USDT,2024-12-12,LONG,0.601,0.02941,0.03063,1,True,4.1482,0.1901,.60-.70,
FLR/USDT,2024-12-18,LONG,0.7257,0.02799,0.02682,1,True,-4.1801,1.1811,.70-.80,1-1.5x
FLR/USDT,2024-12-20,LONG,0.6142,0.02822,0.02713,1,True,-3.8625,0.9335,.60-.70,
FLR/USDT,2024-12-23,LONG,0.617,0.02695,0.02818,1,True,4.564,0.4986,.60-.70,
FLR/USDT,2024-12-27,LONG,0.656,0.02652,0.02749,5,False,3.6576,0.0451,.60-.70,
FLR/USDT,2025-01-01,LONG,0.5614,0.02749,0.02783,3,True,1.2368,1.3997,.55-.60,1-1.5x
FLR/USDT,2025-01-13,LONG,0.5985,0.02342,0.02683,2,True,14.5602,0.8471,.55-.60,
FLR/USDT,2025-01-14,LONG,0.6546,0.02451,0.02683,1,True,9.4655,1.2448,.60-.70,1-1.5x
FLR/USDT,2025-01-22,LONG,0.5576,0.02793,0.02657,2,True,-4.8693,0.9616,.55-.60,
FLR/USDT,2025-01-26,LONG,0.7148,0.02499,0.02526,5,False,1.0804,0.8132,.70-.80,
FLR/USDT,2025-01-28,LONG,0.5764,0.02385,0.02116,5,False,-11.2788,0.5621,.55-.60,
FLR/USDT,2025-02-02,LONG,0.9445,0.02116,0.0224,1,True,5.8601,1.5512,>.80,1.5-2x
FLR/USDT,2025-02-04,LONG,0.5867,0.02105,0.02001,1,True,-4.9406,0.9055,.55-.60,
FLR/USDT,2025-02-06,LONG,0.7089,0.01933,0.02198,1,True,13.7093,0.5428,.70-.80,
FLR/USDT,2025-02-12,LONG,0.6831,0.02107,0.02152,3,True,2.1357,0.5238,.60-.70,
FLR/USDT,2025-02-13,LONG,0.6176,0.02151,0.02152,2,True,0.0465,0.3363,.60-.70,
FLR/USDT,2025-02-24,LONG,0.8357,0.01747,0.01717,5,False,-1.7172,2.3749,>.80,2-3x
FLR/USDT,2025-02-25,LONG,0.8523,0.01741,0.01883,5,False,8.1562,0.0742,>.80,
FLR/USDT,2025-02-26,LONG,0.5688,0.01699,0.01746,5,False,2.7663,0.5242,.55-.60,
FLR/USDT,2025-02-27,LONG,0.8613,0.01705,0.01696,5,False,-0.5279,0.1113,>.80,
FLR/USDT,2025-02-28,LONG,0.8345,0.01656,0.01732,5,False,4.5894,0.9029,>.80,
FLR/USDT,2025-03-01,LONG,0.7613,0.01717,0.01672,5,False,-2.6209,1.0941,.70-.80,1-1.5x
FLR/USDT,2025-03-03,LONG,0.5954,0.01746,0.01676,5,False,-4.0092,1.6855,.55-.60,1.5-2x
FLR/USDT,2025-03-04,LONG,0.8502,0.01696,0.01676,4,True,-1.1792,0.6755,>.80,
FLR/USDT,2025-03-05,LONG,0.6332,0.01732,0.01676,3,True,-3.2333,0.5005,.60-.70,
FLR/USDT,2025-03-06,LONG,0.5502,0.01672,0.01676,2,True,0.2392,0.811,.55-.60,
FLR/USDT,2025-03-07,LONG,0.7221,0.01677,0.01676,1,True,-0.0596,0.07,.70-.80,
FLR/USDT,2025-03-09,LONG,0.5838,0.01547,0.01546,2,True,-0.0646,1.7327,.55-.60,1.5-2x
FLR/USDT,2025-03-10,LONG,0.9286,0.01413,0.01546,1,True,9.4126,1.834,>.80,1.5-2x
FLR/USDT,2025-03-18,LONG,0.7879,0.01487,0.01467,2,True,-1.345,0.2736,.70-.80,
FLR/USDT,2025-03-19,LONG,0.5787,0.01532,0.01467,1,True,-4.2428,0.562,.55-.60,
FLR/USDT,2025-03-21,LONG,0.9775,0.01481,0.01461,1,True,-1.3504,0.1784,>.80,
FLR/USDT,2025-03-23,LONG,0.8063,0.0147,0.01468,1,True,-0.1361,0.135,>.80,
FLR/USDT,2025-03-25,LONG,0.7891,0.0146,0.01463,1,True,0.2055,0.1214,.70-.80,
FLR/USDT,2025-03-27,LONG,0.7517,0.0141,0.01368,5,False,-2.9787,0.8061,.70-.80,
FLR/USDT,2025-03-29,LONG,0.6435,0.01314,0.01302,5,False,-0.9132,0.9517,.60-.70,
FLR/USDT,2025-04-02,LONG,0.5878,0.01297,0.01302,1,True,0.3855,1.555,.55-.60,1.5-2x
FLR/USDT,2025-04-06,LONG,0.8167,0.01212,0.0147,3,True,21.2871,2.6153,>.80,2-3x
CORE/USDT,2024-09-01,LONG,0.7281,0.865,0.883,3,True,2.0809,1.5736,.70-.80,1.5-2x
CORE/USDT,2024-09-02,LONG,0.5878,0.9172,0.883,2,True,-3.7287,1.079,.55-.60,1-1.5x
CORE/USDT,2024-09-14,LONG,0.7826,0.9442,0.9466,3,True,0.2542,0.2254,.70-.80,
CORE/USDT,2024-09-23,LONG,0.6405,1.0503,1.1153,3,True,6.1887,0.183,.60-.70,
CORE/USDT,2024-09-25,LONG,0.8798,1.0619,1.1153,1,True,5.0287,0.0279,>.80,
CORE/USDT,2024-09-30,LONG,0.6206,1.0168,0.9164,1,True,-9.8741,1.8635,.60-.70,1.5-2x
CORE/USDT,2024-10-08,LONG,0.5695,0.9144,0.9189,5,False,0.4921,0.494,.55-.60,
CORE/USDT,2024-10-09,LONG,0.6698,0.8725,1.0247,5,False,17.4441,1.2342,.60-.70,1-1.5x
CORE/USDT,2024-10-12,LONG,0.6648,0.9271,0.9319,5,False,0.5177,0.3944,.60-.70,
CORE/USDT,2024-10-17,LONG,0.7435,0.9319,0.9552,1,True,2.5003,0.6313,.70-.80,
CORE/USDT,2024-10-20,LONG,0.6629,0.9892,0.9681,1,True,-2.133,0.9364,.60-.70,
CORE/USDT,2024-10-26,LONG,0.594,0.8305,0.883,5,False,6.3215,0.0142,.55-.60,
CORE/USDT,2024-10-27,LONG,0.6171,0.856,0.8515,5,False,-0.5257,0.7128,.60-.70,
CORE/USDT,2024-10-28,LONG,0.5506,0.8542,0.8515,4,True,-0.3161,0.0491,.55-.60,
CORE/USDT,2024-10-29,LONG,0.5887,0.9118,0.8515,3,True,-6.6133,1.5246,.55-.60,1.5-2x
CORE/USDT,2024-11-02,LONG,0.6589,0.8211,0.8155,3,True,-0.682,0.7792,.60-.70,
CORE/USDT,2024-11-04,LONG,0.5621,0.7791,0.8155,1,True,4.6721,0.5563,.55-.60,
CORE/USDT,2024-11-06,LONG,0.5825,0.9132,0.8876,2,True,-2.8033,2.552,.55-.60,2-3x
CORE/USDT,2024-11-07,LONG,0.5785,0.9002,0.8876,1,True,-1.3997,0.3051,.55-.60,
CORE/USDT,2024-11-10,LONG,0.8284,0.9643,1.0052,2,True,4.2414,0.9491,>.80,
CORE/USDT,2024-11-11,LONG,0.573,1.0825,1.0052,1,True,-7.1409,2.2617,.55-.60,2-3x
CORE/USDT,2024-11-15,LONG,0.8637,0.9332,1.0207,3,True,9.3763,0.9007,>.80,
CORE/USDT,2024-11-16,LONG,0.9413,0.9825,1.0207,2,True,3.888,0.9214,>.80,
CORE/USDT,2024-11-17,LONG,0.9424,0.995,1.0207,1,True,2.5829,0.2221,>.80,
CORE/USDT,2024-11-22,LONG,0.5547,0.9743,1.0798,2,True,10.8283,0.0145,.55-.60,
CORE/USDT,2024-11-23,LONG,0.5854,1.1159,1.0798,1,True,-3.2351,2.3043,.55-.60,2-3x
CORE/USDT,2024-11-27,LONG,0.8933,1.0751,1.4587,2,True,35.6804,0.2708,>.80,
CORE/USDT,2024-11-28,LONG,0.5843,1.1154,1.4587,1,True,30.7782,0.6394,.55-.60,
CORE/USDT,2024-12-01,LONG,0.9443,1.5968,1.5167,2,True,-5.0163,1.5271,>.80,1.5-2x
CORE/USDT,2024-12-02,LONG,0.7534,1.4919,1.5167,1,True,1.6623,0.5351,.70-.80,
CORE/USDT,2024-12-05,LONG,0.6338,1.5759,1.5686,2,True,-0.4632,0.314,.60-.70,
CORE/USDT,2024-12-09,LONG,0.6597,1.225,1.4769,4,True,20.5633,1.5694,.60-.70,1.5-2x
CORE/USDT,2024-12-10,LONG,0.7125,1.1973,1.4769,3,True,23.3525,0.1729,.70-.80,
CORE/USDT,2024-12-11,LONG,0.5961,1.2961,1.4769,2,True,13.9495,0.628,.55-.60,
CORE/USDT,2024-12-12,LONG,0.6914,1.3366,1.4769,1,True,10.4968,0.238,.60-.70,
CORE/USDT,2024-12-14,LONG,0.7287,1.381,1.2725,3,True,-7.8566,0.4974,.70-.80,
CORE/USDT,2024-12-15,LONG,0.7207,1.38,1.2725,2,True,-7.7899,0.0056,.70-.80,
CORE/USDT,2024-12-16,LONG,0.6756,1.3452,1.2725,1,True,-5.4044,0.1931,.60-.70,
CORE/USDT,2024-12-23,LONG,0.5764,1.1266,1.1506,1,True,2.1303,0.7776,.55-.60,
CORE/USDT,2024-12-27,LONG,0.5519,1.1313,1.1307,1,True,-0.053,0.3423,.55-.60,
CORE/USDT,2024-12-30,LONG,0.5509,1.0565,1.0542,1,True,-0.2177,0.6056,.55-.60,
CORE/USDT,2025-01-09,LONG,0.5692,1.0026,0.9549,5,False,-4.7576,0.7461,.55-.60,
CORE/USDT,2025-01-10,LONG,0.6127,1.0083,1.014,5,False,0.5653,0.1135,.60-.70,
CORE/USDT,2025-01-11,LONG,0.6074,1.0197,1.014,4,True,-0.559,0.233,.60-.70,
CORE/USDT,2025-01-13,LONG,0.7457,0.9235,1.014,2,True,9.7997,1.3798,.70-.80,1-1.5x
CORE/USDT,2025-01-14,LONG,0.6253,0.9549,1.014,1,True,6.1891,0.6915,.60-.70,
CORE/USDT,2025-01-18,LONG,0.68,0.9532,0.8578,3,True,-10.0084,1.6315,.60-.70,1.5-2x
CORE/USDT,2025-01-19,LONG,0.6492,0.8341,0.8578,2,True,2.8414,2.0693,.60-.70,2-3x
CORE/USDT,2025-01-20,LONG,0.6511,0.824,0.8578,1,True,4.1019,0.2006,.60-.70,
CORE/USDT,2025-01-22,LONG,0.5835,0.8413,0.8163,2,True,-2.9716,0.3577,.55-.60,
CORE/USDT,2025-01-23,LONG,0.6369,0.8236,0.8163,1,True,-0.8864,0.3925,.60-.70,
CORE/USDT,2025-02-01,LONG,0.7531,0.664,0.5522,2,True,-16.8373,1.4691,.70-.80,1-1.5x
CORE/USDT,2025-02-02,LONG,0.9296,0.5471,0.5522,1,True,0.9322,2.6854,>.80,2-3x
CORE/USDT,2025-02-05,LONG,0.8667,0.5388,0.5191,1,True,-3.6563,0.0451,>.80,
CORE/USDT,2025-02-07,LONG,0.7127,0.5191,0.5465,4,True,5.2784,0.0,.70-.80,
CORE/USDT,2025-02-09,LONG,0.9481,0.5269,0.5465,2,True,3.7199,0.2407,>.80,
CORE/USDT,2025-02-12,LONG,0.6749,0.5525,0.5364,1,True,-2.914,0.2013,.60-.70,
CORE/USDT,2025-02-15,LONG,0.6361,0.5502,0.4975,3,True,-9.5783,0.0263,.60-.70,
CORE/USDT,2025-02-17,LONG,0.5791,0.532,0.4975,1,True,-6.485,0.1844,.55-.60,
CORE/USDT,2025-02-24,LONG,0.8961,0.4649,0.4935,1,True,6.1519,3.0519,>.80,3-5x
CORE/USDT,2025-03-05,LONG,0.5518,0.4812,0.4558,2,True,-5.2785,0.1272,.55-.60,
CORE/USDT,2025-03-06,LONG,0.5916,0.4662,0.4558,1,True,-2.2308,0.614,.55-.60,
CORE/USDT,2025-03-09,LONG,0.6447,0.3945,0.3787,1,True,-4.0051,2.4196,.60-.70,2-3x
CORE/USDT,2025-03-13,LONG,0.5512,0.3907,0.4292,4,True,9.8541,0.7563,.55-.60,
CORE/USDT,2025-03-15,LONG,0.6974,0.4134,0.4292,2,True,3.822,0.1549,.60-.70,
CORE/USDT,2025-03-16,LONG,0.5597,0.3978,0.4292,1,True,7.8934,0.6513,.55-.60,
CORE/USDT,2025-03-23,LONG,0.7601,0.4575,0.4421,3,True,-3.3661,0.2267,.70-.80,
CORE/USDT,2025-03-24,LONG,0.913,0.4596,0.4421,2,True,-3.8077,0.0924,>.80,
ILV/USDT,2024-08-27,LONG,0.7267,40.52,40.0,1,True,-1.2833,1.4287,.70-.80,1-1.5x
ILV/USDT,2024-08-30,LONG,0.6214,38.81,38.04,3,True,-1.984,0.1137,.60-.70,
ILV/USDT,2024-09-03,LONG,0.5804,35.76,35.91,2,True,0.4195,1.3232,.55-.60,1-1.5x
ILV/USDT,2024-09-06,LONG,0.5889,34.42,36.48,2,True,5.9849,0.878,.55-.60,
ILV/USDT,2024-09-16,LONG,0.6417,35.95,40.99,4,True,14.0195,0.7759,.60-.70,
ILV/USDT,2024-09-18,LONG,0.8027,39.06,40.99,2,True,4.9411,0.8153,>.80,
ILV/USDT,2024-09-19,LONG,0.9802,39.87,40.99,1,True,2.8091,0.4497,>.80,
ILV/USDT,2024-09-24,LONG,0.888,41.88,46.51,3,True,11.0554,2.1047,>.80,2-3x
ILV/USDT,2024-09-25,LONG,0.675,40.06,46.51,2,True,16.1008,1.017,.60-.70,1-1.5x
ILV/USDT,2024-09-26,LONG,0.9797,41.87,46.51,1,True,11.0819,1.0755,>.80,1-1.5x
ILV/USDT,2024-09-28,LONG,0.5757,44.35,44.19,1,True,-0.3608,0.9439,.55-.60,
ILV/USDT,2024-10-01,LONG,0.5626,36.96,37.48,5,False,1.4069,1.7225,.55-.60,1.5-2x
ILV/USDT,2024-10-03,LONG,0.5638,35.92,36.36,5,False,1.2249,0.0104,.55-.60,
ILV/USDT,2024-10-06,LONG,0.7102,37.48,36.69,5,False,-2.1078,0.4475,.70-.80,
ILV/USDT,2024-10-07,LONG,0.6299,36.91,37.08,5,False,0.4606,0.2986,.60-.70,
ILV/USDT,2024-10-12,LONG,0.5824,37.08,37.89,3,True,2.1845,0.2109,.55-.60,
ILV/USDT,2024-10-20,LONG,0.5802,40.48,38.69,1,True,-4.4219,2.1773,.55-.60,2-3x
ILV/USDT,2024-10-24,LONG,0.5938,37.39,36.93,5,False,-1.2303,0.1661,.55-.60,
ILV/USDT,2024-10-26,LONG,0.8197,34.31,36.93,3,True,7.6363,0.0804,>.80,
ILV/USDT,2024-10-28,LONG,0.8284,35.65,36.93,1,True,3.5905,0.167,>.80,
ILV/USDT,2024-10-31,LONG,0.6077,34.13,33.1,2,True,-3.0179,1.1838,.60-.70,1-1.5x
ILV/USDT,2024-11-15,LONG,0.7994,39.61,41.04,5,False,3.6102,0.8407,.70-.80,
ILV/USDT,2024-11-16,LONG,0.7735,42.84,43.06,5,False,0.5135,1.4344,.70-.80,1-1.5x
ILV/USDT,2024-11-18,LONG,0.634,47.31,44.85,4,True,-5.1997,2.5923,.60-.70,2-3x
ILV/USDT,2024-11-19,LONG,0.8371,43.36,44.85,3,True,3.4363,1.1241,>.80,1-1.5x
ILV/USDT,2024-11-28,LONG,0.9616,56.9,59.8,3,True,5.0967,0.0439,>.80,
ILV/USDT,2024-11-29,LONG,0.8087,58.79,59.8,2,True,1.718,0.3935,>.80,
ILV/USDT,2024-11-30,LONG,0.816,60.88,59.8,1,True,-1.774,0.4333,>.80,
ILV/USDT,2024-12-04,LONG,0.8237,67.03,65.12,1,True,-2.8495,0.4293,>.80,
ILV/USDT,2024-12-11,LONG,0.7269,58.53,59.8,1,True,2.1698,1.2359,.70-.80,1-1.5x
ILV/USDT,2024-12-14,LONG,0.6314,55.11,51.21,3,True,-7.0768,0.831,.60-.70,
ILV/USDT,2024-12-15,LONG,0.7701,56.8,51.21,2,True,-9.8415,0.4873,.70-.80,
ILV/USDT,2024-12-16,LONG,0.5575,55.79,51.21,1,True,-8.2094,0.2817,.55-.60,
ILV/USDT,2024-12-18,LONG,0.683,46.22,41.93,5,False,-9.2817,1.4711,.60-.70,1-1.5x
ILV/USDT,2024-12-19,LONG,0.6043,41.85,41.93,4,True,0.1912,1.3868,.60-.70,1-1.5x
ILV/USDT,2024-12-21,LONG,0.6511,40.45,41.93,2,True,3.6588,0.8553,.60-.70,
ILV/USDT,2024-12-22,LONG,0.605,39.68,41.93,1,True,5.6704,0.2814,.60-.70,
ILV/USDT,2024-12-28,LONG,0.6787,40.93,39.61,5,False,-3.225,0.4117,.60-.70,
ILV/USDT,2024-12-29,LONG,0.6372,39.52,42.44,5,False,7.3887,0.6561,.60-.70,
ILV/USDT,2024-12-30,LONG,0.5564,39.1,42.44,4,True,8.5422,0.2025,.55-.60,
ILV/USDT,2024-12-31,LONG,0.6544,37.74,42.44,3,True,12.4536,0.7609,.60-.70,
ILV/USDT,2025-01-05,LONG,0.5851,41.83,36.61,4,True,-12.4791,0.3983,.55-.60,
ILV/USDT,2025-01-10,LONG,0.8092,37.41,36.93,2,True,-1.2831,0.5103,>.80,
ILV/USDT,2025-01-13,LONG,0.6358,35.71,37.7,3,True,5.5727,0.827,.60-.70,
ILV/USDT,2025-01-14,LONG,0.6303,37.08,37.7,2,True,1.6721,0.9326,.60-.70,
ILV/USDT,2025-01-18,LONG,0.8548,37.79,33.06,5,False,-12.5165,1.7562,>.80,1.5-2x
ILV/USDT,2025-01-19,LONG,0.7152,34.27,31.99,5,False,-6.653,1.6856,.70-.80,1.5-2x
ILV/USDT,2025-01-20,LONG,0.7584,33.77,31.99,4,True,-5.271,0.2659,.70-.80,
ILV/USDT,2025-01-22,LONG,0.6851,33.66,31.99,2,True,-4.9614,0.5773,.60-.70,
ILV/USDT,2025-01-23,LONG,0.8344,33.06,31.99,1,True,-3.2365,0.345,>.80,
ILV/USDT,2025-01-27,LONG,0.7188,30.27,28.32,1,True,-6.442,0.6484,.70-.80,
ILV/USDT,2025-01-29,LONG,0.5717,29.03,31.15,1,True,7.3028,0.5205,.55-.60,
ILV/USDT,2025-02-01,LONG,0.8776,28.15,24.12,2,True,-14.3162,1.5828,>.80,1.5-2x
ILV/USDT,2025-02-02,LONG,0.8828,23.46,24.12,1,True,2.8133,2.6082,>.80,2-3x
ILV/USDT,2025-02-05,LONG,0.6313,22.86,20.93,5,False,-8.4427,0.2141,.60-.70,
ILV/USDT,2025-02-06,LONG,0.7756,20.19,20.93,4,True,3.6652,2.07,.70-.80,2-3x
ILV/USDT,2025-02-07,LONG,0.5955,20.45,20.93,3,True,2.3472,0.2311,.55-.60,
ILV/USDT,2025-02-09,LONG,0.9845,21.73,20.93,1,True,-3.6815,0.0975,>.80,
ILV/USDT,2025-02-13,LONG,0.7771,20.94,18.62,5,False,-11.0793,0.3655,.70-.80,
ILV/USDT,2025-02-14,LONG,0.5613,20.45,18.84,5,False,-7.8729,0.3995,.55-.60,
ILV/USDT,2025-02-15,LONG,0.5594,20.2,19.54,5,False,-3.2673,0.2087,.55-.60,
ILV/USDT,2025-02-18,LONG,0.6079,18.62,19.54,2,True,4.9409,0.7651,.60-.70,
ILV/USDT,2025-02-22,LONG,0.606,19.48,16.45,2,True,-15.5544,1.5036,.60-.70,1.5-2x
ILV/USDT,2025-02-23,LONG,0.6301,18.81,16.45,1,True,-12.5465,0.7691,.60-.70,
ILV/USDT,2025-03-03,LONG,0.6729,16.38,15.82,5,False,-3.4188,2.5136,.60-.70,2-3x
ILV/USDT,2025-03-06,LONG,0.7417,15.99,15.82,2,True,-1.0632,0.4625,.70-.80,
ILV/USDT,2025-03-07,LONG,0.6568,15.99,15.82,1,True,-1.0632,0.0,.60-.70,
ILV/USDT,2025-03-10,LONG,0.5632,13.45,14.12,1,True,4.9814,0.7108,.55-.60,
ILV/USDT,2025-03-12,LONG,0.6538,14.15,13.27,1,True,-6.2191,0.0316,.60-.70,
ILV/USDT,2025-03-21,LONG,0.6052,13.98,14.74,2,True,5.4363,0.2901,.60-.70,
ILV/USDT,2025-03-22,LONG,0.5806,14.63,14.74,1,True,0.7519,0.8277,.55-.60,
ILV/USDT,2025-04-05,LONG,0.6079,12.22,11.87,4,True,-2.8642,0.0365,.60-.70,
ILV/USDT,2025-04-06,LONG,0.587,10.96,11.87,3,True,8.3029,2.1527,.55-.60,2-3x
YGG/USDT,2024-08-27,LONG,0.686,0.3986,0.3595,5,False,-9.8093,0.7785,.60-.70,
YGG/USDT,2024-08-29,LONG,0.6947,0.3964,0.3863,4,True,-2.5479,0.1468,.60-.70,
YGG/USDT,2024-08-30,LONG,0.5991,0.392,0.3863,3,True,-1.4541,0.1709,.55-.60,
YGG/USDT,2024-09-01,LONG,0.5872,0.3595,0.3863,1,True,7.4548,0.6776,.55-.60,
YGG/USDT,2024-09-03,LONG,0.5973,0.3589,0.3739,1,True,4.1794,1.0683,.55-.60,1-1.5x
YGG/USDT,2024-09-05,LONG,0.5821,0.3611,0.3526,2,True,-2.3539,0.516,.55-.60,
YGG/USDT,2024-09-14,LONG,0.7767,0.3935,0.3707,1,True,-5.7942,0.274,.70-.80,
YGG/USDT,2024-09-16,LONG,0.5549,0.3556,0.405,1,True,13.892,0.9723,.55-.60,
YGG/USDT,2024-09-27,LONG,0.5897,0.5106,0.4226,5,False,-17.2346,1.2087,.55-.60,1-1.5x
YGG/USDT,2024-09-30,LONG,0.5795,0.4766,0.4423,5,False,-7.1968,1.3368,.55-.60,1-1.5x
YGG/USDT,2024-10-02,LONG,0.6326,0.4226,0.4631,4,True,9.5835,0.5465,.60-.70,
YGG/USDT,2024-10-03,LONG,0.5852,0.412,0.4631,3,True,12.4029,0.4162,.55-.60,
YGG/USDT,2024-10-07,LONG,0.5831,0.4847,0.4777,4,True,-1.4442,0.8753,.55-.60,
YGG/USDT,2024-10-08,LONG,0.596,0.4645,0.4777,3,True,2.8418,0.7655,.55-.60,
YGG/USDT,2024-10-09,LONG,0.5832,0.4419,0.4777,2,True,8.1014,0.9747,.55-.60,
YGG/USDT,2024-10-16,LONG,0.5564,0.4836,0.481,1,True,-0.5376,1.3514,.55-.60,1-1.5x
YGG/USDT,2024-10-18,LONG,0.5709,0.5097,0.575,1,True,12.8115,1.1249,.55-.60,1-1.5x
YGG/USDT,2024-10-25,LONG,0.7118,0.4651,0.5035,5,False,8.2563,1.8002,.70-.80,1.5-2x
YGG/USDT,2024-10-27,LONG,0.6257,0.4744,0.4564,5,False,-3.7943,0.34,.60-.70,
YGG/USDT,2024-10-28,LONG,0.9018,0.4729,0.4322,5,False,-8.6065,0.0522,>.80,
YGG/USDT,2024-11-01,LONG,0.8785,0.4564,0.4322,1,True,-5.3024,0.5469,>.80,
YGG/USDT,2024-11-03,LONG,0.6325,0.4016,0.4846,3,True,20.6673,1.1054,.60-.70,1-1.5x
YGG/USDT,2024-11-10,LONG,0.9437,0.5263,0.5325,2,True,1.178,0.6948,>.80,
YGG/USDT,2024-11-11,LONG,0.924,0.5584,0.5325,1,True,-4.6383,0.8945,>.80,
YGG/USDT,2024-11-15,LONG,0.8684,0.491,0.4649,5,False,-5.3157,0.2404,>.80,
YGG/USDT,2024-11-16,LONG,0.9069,0.5602,0.5091,5,False,-9.1217,2.0201,>.80,2-3x
YGG/USDT,2024-11-17,LONG,0.6786,0.5015,0.5249,5,False,4.666,1.409,.60-.70,1-1.5x
YGG/USDT,2024-11-18,LONG,0.5649,0.55,0.5249,4,True,-4.5636,1.3118,.55-.60,1-1.5x
YGG/USDT,2024-11-19,LONG,0.8639,0.5064,0.5249,3,True,3.6532,1.0491,>.80,1-1.5x
YGG/USDT,2024-11-25,LONG,0.6431,0.6299,0.602,1,True,-4.4293,0.6036,.60-.70,
YGG/USDT,2024-11-28,LONG,0.7798,0.6599,0.6897,3,True,4.5158,0.1249,.70-.80,
YGG/USDT,2024-11-29,LONG,0.9401,0.6762,0.6897,2,True,1.9965,0.3115,>.80,
YGG/USDT,2024-11-30,LONG,0.6847,0.6965,0.6897,1,True,-0.9763,0.3798,.60-.70,
YGG/USDT,2024-12-03,LONG,0.5826,0.764,0.8075,2,True,5.6937,0.8253,.55-.60,
YGG/USDT,2024-12-04,LONG,0.6098,0.8051,0.8075,1,True,0.2981,0.7222,.60-.70,
YGG/USDT,2024-12-14,LONG,0.5684,0.6529,0.6095,3,True,-6.6473,1.0351,.55-.60,1-1.5x
YGG/USDT,2024-12-15,LONG,0.8222,0.6782,0.6095,2,True,-10.1298,0.66,>.80,
YGG/USDT,2024-12-16,LONG,0.6429,0.6582,0.6095,1,True,-7.399,0.5072,.60-.70,
YGG/USDT,2024-12-18,LONG,0.6885,0.552,0.5224,5,False,-5.3623,1.5918,.60-.70,1.5-2x
YGG/USDT,2024-12-19,LONG,0.5845,0.4957,0.5405,5,False,9.0377,1.6352,.55-.60,1.5-2x
YGG/USDT,2024-12-21,LONG,0.5567,0.4791,0.536,4,True,11.8764,0.9881,.55-.60,
YGG/USDT,2024-12-22,LONG,0.5815,0.4837,0.536,3,True,10.8125,0.1542,.55-.60,
YGG/USDT,2024-12-23,LONG,0.605,0.5224,0.536,2,True,2.6034,1.2611,.60-.70,1-1.5x
YGG/USDT,2024-12-30,LONG,0.5676,0.4936,0.5487,4,True,11.1629,0.019,.55-.60,
YGG/USDT,2024-12-31,LONG,0.5894,0.4903,0.5487,3,True,11.9111,0.1347,.55-.60,
YGG/USDT,2025-01-07,LONG,0.5523,0.4779,0.4364,5,False,-8.6838,2.4425,.55-.60,2-3x
YGG/USDT,2025-01-09,LONG,0.5659,0.4312,0.4108,4,True,-4.731,0.6936,.55-.60,
YGG/USDT,2025-01-10,LONG,0.575,0.4407,0.4108,3,True,-6.7847,0.4588,.55-.60,
YGG/USDT,2025-01-12,LONG,0.6062,0.4364,0.4108,1,True,-5.8662,0.2488,.60-.70,
YGG/USDT,2025-01-18,LONG,0.5799,0.4349,0.3692,3,True,-15.1069,1.7167,.55-.60,1.5-2x
YGG/USDT,2025-01-19,LONG,0.5766,0.3836,0.3692,2,True,-3.7539,2.0391,.55-.60,2-3x
YGG/USDT,2025-01-20,LONG,0.6472,0.3686,0.3692,1,True,0.1628,0.6721,.60-.70,
YGG/USDT,2025-01-28,LONG,0.5956,0.2994,0.329,2,True,9.8864,1.7496,.55-.60,1.5-2x
YGG/USDT,2025-01-29,LONG,0.7316,0.3119,0.329,1,True,5.4825,0.7493,.70-.80,
YGG/USDT,2025-02-01,LONG,0.9151,0.2967,0.2518,2,True,-15.1331,1.7886,>.80,1.5-2x
YGG/USDT,2025-02-02,LONG,0.9182,0.2495,0.2518,1,True,0.9218,2.3132,>.80,2-3x
YGG/USDT,2025-02-05,LONG,0.9607,0.2296,0.2159,1,True,-5.9669,0.1885,>.80,
YGG/USDT,2025-02-07,LONG,0.9777,0.2167,0.2429,3,True,12.0904,0.0618,>.80,
YGG/USDT,2025-02-09,LONG,0.9906,0.233,0.2429,1,True,4.2489,0.007,>.80,
YGG/USDT,2025-02-12,LONG,0.7144,0.2609,0.2535,1,True,-2.8363,1.2914,.70-.80,1-1.5x
YGG/USDT,2025-02-15,LONG,0.7158,0.2584,0.2654,5,False,2.709,0.476,.70-.80,
YGG/USDT,2025-02-18,LONG,0.632,0.2451,0.2654,2,True,8.2823,0.413,.60-.70,
YGG/USDT,2025-02-23,LONG,0.615,0.2544,0.227,2,True,-10.7704,0.8392,.60-.70,
YGG/USDT,2025-02-27,LONG,0.6237,0.2294,0.2322,1,True,1.2206,0.0646,.60-.70,
YGG/USDT,2025-03-02,LONG,0.6785,0.2888,0.2321,1,True,-19.633,3.4671,.60-.70,3-5x
YGG/USDT,2025-03-06,LONG,0.9669,0.2126,0.198,5,False,-6.8674,0.6455,>.80,
YGG/USDT,2025-03-07,LONG,0.7212,0.2085,0.198,4,True,-5.036,0.2073,.70-.80,
YGG/USDT,2025-03-08,LONG,0.6044,0.2038,0.198,3,True,-2.8459,0.2422,.60-.70,
YGG/USDT,2025-03-09,LONG,0.6899,0.1808,0.198,2,True,9.5133,1.175,.60-.70,1-1.5x
YGG/USDT,2025-03-12,LONG,0.6045,0.2019,0.2026,5,False,0.3467,0.2014,.60-.70,
YGG/USDT,2025-03-15,LONG,0.6545,0.2022,0.2026,2,True,0.1978,0.1857,.60-.70,
YGG/USDT,2025-03-22,LONG,0.6621,0.2041,0.2095,4,True,2.6458,0.5301,.60-.70,
YGG/USDT,2025-03-28,LONG,0.559,0.2015,0.1854,1,True,-7.9901,0.9269,.55-.60,
YGG/USDT,2025-04-01,LONG,0.6088,0.1861,0.1731,1,True,-6.9855,0.1074,.60-.70,
YGG/USDT,2025-04-05,LONG,0.6526,0.1727,0.1527,2,True,-11.5808,0.1188,.60-.70,
NMR/USDT,2024-08-27,LONG,0.993,15.53,13.54,5,False,-12.8139,0.6585,>.80,
NMR/USDT,2024-08-28,LONG,0.8131,15.33,14.29,5,False,-6.7841,0.155,>.80,
NMR/USDT,2024-08-29,LONG,0.97,15.48,13.58,5,False,-12.2739,0.1187,>.80,
NMR/USDT,2024-09-01,LONG,0.5763,13.54,13.77,3,True,1.6987,0.9809,.55-.60,
NMR/USDT,2024-09-03,LONG,0.5543,13.58,13.77,1,True,1.3991,0.5878,.55-.60,
NMR/USDT,2024-09-05,LONG,0.5918,13.34,13.24,3,True,-0.7496,0.3717,.55-.60,
NMR/USDT,2024-09-07,LONG,0.5591,12.95,13.24,1,True,2.2394,0.223,.55-.60,
NMR/USDT,2024-10-01,LONG,0.5949,14.34,14.49,3,True,1.046,1.9214,.55-.60,1.5-2x
NMR/USDT,2024-10-23,LONG,0.5548,14.63,14.29,3,True,-2.324,1.4713,.55-.60,1-1.5x
NMR/USDT,2024-10-25,LONG,0.6174,13.68,14.29,1,True,4.4591,2.1288,.60-.70,2-3x
NMR/USDT,2024-10-27,LONG,0.6539,14.3,14.14,5,False,-1.1189,0.0172,.60-.70,
NMR/USDT,2024-10-29,LONG,0.6865,15.33,13.95,4,True,-9.002,1.4926,.60-.70,1-1.5x
NMR/USDT,2024-10-31,LONG,0.6996,14.23,13.95,2,True,-1.9677,1.2902,.60-.70,1-1.5x
NMR/USDT,2024-11-07,LONG,0.6855,15.63,16.35,2,True,4.6065,0.141,.60-.70,
NMR/USDT,2024-11-10,LONG,0.9324,16.45,16.05,2,True,-2.4316,0.1359,>.80,
NMR/USDT,2024-11-15,LONG,0.9885,15.38,16.71,3,True,8.6476,1.1264,>.80,1-1.5x
NMR/USDT,2024-11-16,LONG,0.9993,16.29,16.71,2,True,2.5783,1.2563,>.80,1-1.5x
NMR/USDT,2024-11-17,LONG,0.8961,15.92,16.71,1,True,4.9623,0.4774,>.80,
NMR/USDT,2024-11-28,LONG,0.5654,20.54,21.87,3,True,6.4752,1.7181,.55-.60,1.5-2x
NMR/USDT,2024-12-02,LONG,0.574,22.49,24.94,5,False,10.8937,0.5917,.55-.60,
NMR/USDT,2024-12-04,LONG,0.7226,24.02,24.94,3,True,3.8301,0.1273,.70-.80,
NMR/USDT,2024-12-15,LONG,0.5609,22.19,15.7,5,False,-29.2474,0.2345,.55-.60,
NMR/USDT,2024-12-16,LONG,0.6258,21.33,14.72,5,False,-30.9892,0.6379,.60-.70,
NMR/USDT,2024-12-21,LONG,0.5809,14.72,15.25,5,False,3.6005,0.9736,.55-.60,
NMR/USDT,2024-12-22,LONG,0.6291,14.83,15.5,5,False,4.5179,0.1177,.60-.70,
NMR/USDT,2024-12-23,LONG,0.6037,15.92,16.23,5,False,1.9472,1.1432,.60-.70,1-1.5x
NMR/USDT,2024-12-25,LONG,0.5502,16.38,15.49,5,False,-5.4335,0.3355,.55-.60,
NMR/USDT,2024-12-28,LONG,0.5507,16.23,16.4,4,True,1.0474,0.7132,.55-.60,
NMR/USDT,2025-01-08,LONG,0.6079,14.88,13.64,5,False,-8.3333,0.3446,.60-.70,
NMR/USDT,2025-01-13,LONG,0.583,13.64,14.25,5,False,4.4721,1.7339,.55-.60,1.5-2x
NMR/USDT,2025-01-18,LONG,0.6282,14.25,12.69,1,True,-10.9474,1.4286,.60-.70,1-1.5x
NMR/USDT,2025-01-20,LONG,0.5644,12.67,13.19,1,True,4.1042,0.0297,.55-.60,
NMR/USDT,2025-01-25,LONG,0.5972,13.0,12.68,5,False,-2.4615,0.4225,.55-.60,
NMR/USDT,2025-01-28,LONG,0.5829,11.81,12.68,2,True,7.3666,1.3782,.55-.60,1-1.5x
NMR/USDT,2025-02-01,LONG,0.9,12.22,11.35,2,True,-7.1195,1.2735,>.80,1-1.5x
NMR/USDT,2025-02-02,LONG,0.9087,10.53,11.35,1,True,7.7873,2.5686,>.80,2-3x
NMR/USDT,2025-02-05,LONG,0.7861,10.24,9.64,1,True,-5.8594,0.5365,.70-.80,
NMR/USDT,2025-02-07,LONG,0.8507,10.19,11.02,3,True,8.1452,1.0214,>.80,1-1.5x
NMR/USDT,2025-02-08,LONG,0.6117,10.4,11.02,2,True,5.9615,0.3985,.60-.70,
NMR/USDT,2025-02-09,LONG,0.9838,10.72,11.02,1,True,2.7985,0.5867,>.80,
NMR/USDT,2025-02-19,LONG,0.558,11.13,11.45,1,True,2.8751,0.6159,.55-.60,
NMR/USDT,2025-02-27,LONG,0.617,10.28,10.24,1,True,-0.3891,0.3047,.60-.70,
NMR/USDT,2025-03-01,LONG,0.7017,10.12,11.0,1,True,8.6957,0.2285,.70-.80,
NMR/USDT,2025-03-06,LONG,0.5939,9.11,9.08,1,True,-0.3293,0.0153,.55-.60,
NMR/USDT,2025-03-09,LONG,0.7544,8.03,7.73,1,True,-3.736,1.3237,.70-.80,1-1.5x
NMR/USDT,2025-03-15,LONG,0.5749,8.85,10.934,2,True,23.548,0.2442,.55-.60,
NMR/USDT,2025-03-16,LONG,0.5701,8.39,10.934,1,True,30.3218,0.8315,.55-.60,
NMR/USDT,2025-03-18,LONG,0.9869,10.219,9.999,1,True,-2.1529,0.6974,>.80,
NMR/USDT,2025-03-21,LONG,0.9994,9.381,9.28,3,True,-1.0766,0.7635,>.80,
NMR/USDT,2025-03-22,LONG,0.5906,9.231,9.28,2,True,0.5308,0.1715,.55-.60,
NMR/USDT,2025-03-23,LONG,0.6674,9.159,9.28,1,True,1.3211,0.0971,.60-.70,
NMR/USDT,2025-03-26,LONG,0.7188,8.923,8.938,1,True,0.1681,0.3871,.70-.80,
UMA/USDT,2024-09-03,LONG,0.5642,2.232,2.144,5,False,-3.9427,0.9309,.55-.60,
UMA/USDT,2024-09-19,LONG,0.5942,2.242,2.363,3,True,5.397,0.5071,.55-.60,
UMA/USDT,2024-09-25,LONG,0.6237,2.323,2.461,1,True,5.9406,1.1466,.60-.70,1-1.5x
UMA/USDT,2024-09-27,LONG,0.791,2.628,2.635,3,True,0.2664,2.0579,.70-.80,2-3x
UMA/USDT,2024-09-29,LONG,0.5856,2.721,2.635,1,True,-3.1606,0.6694,.55-.60,
UMA/USDT,2024-10-01,LONG,0.5722,2.744,2.996,3,True,9.1837,1.2419,.55-.60,1-1.5x
UMA/USDT,2024-10-03,LONG,0.5865,2.886,2.996,1,True,3.8115,0.1986,.55-.60,
UMA/USDT,2024-10-06,LONG,0.6645,2.924,2.528,4,True,-13.5431,0.1041,.60-.70,
UMA/USDT,2024-10-07,LONG,0.599,2.787,2.528,3,True,-9.2931,1.3197,.55-.60,1-1.5x
UMA/USDT,2024-10-08,LONG,0.6752,2.68,2.528,2,True,-5.6716,1.0312,.60-.70,1-1.5x
UMA/USDT,2024-10-09,LONG,0.6919,2.533,2.528,1,True,-0.1974,1.3742,.60-.70,1-1.5x
UMA/USDT,2024-10-13,LONG,0.6047,2.724,2.955,4,True,8.4802,0.6431,.60-.70,
UMA/USDT,2024-10-14,LONG,0.6033,2.757,2.955,3,True,7.1817,0.3066,.60-.70,
UMA/USDT,2024-10-15,LONG,0.6643,2.648,2.955,2,True,11.5937,0.9905,.60-.70,
UMA/USDT,2024-10-21,LONG,0.8053,2.707,2.576,5,False,-4.8393,0.8902,>.80,
UMA/USDT,2024-10-22,LONG,0.558,2.664,2.576,4,True,-3.3033,0.3329,.55-.60,
UMA/USDT,2024-11-01,LONG,0.6133,2.37,2.048,3,True,-13.5865,1.3125,.60-.70,1-1.5x
UMA/USDT,2024-11-02,LONG,0.7519,2.267,2.048,2,True,-9.6603,0.9584,.70-.80,
UMA/USDT,2024-11-10,LONG,0.5673,2.794,2.602,2,True,-6.8719,2.6972,.55-.60,2-3x
UMA/USDT,2024-11-11,LONG,0.7218,2.854,2.602,1,True,-8.8297,0.4074,.70-.80,
UMA/USDT,2024-11-15,LONG,0.9965,2.466,2.413,5,False,-2.1492,0.7354,>.80,
UMA/USDT,2024-11-16,LONG,0.9947,2.58,2.598,5,False,0.6977,0.7849,>.80,
UMA/USDT,2024-11-17,LONG,0.7255,2.391,2.658,5,False,11.1669,1.1975,.70-.80,1-1.5x
UMA/USDT,2024-11-18,LONG,0.553,2.61,2.658,4,True,1.8391,1.426,.55-.60,1-1.5x
UMA/USDT,2024-11-19,LONG,0.7246,2.546,2.658,3,True,4.3991,0.3802,.70-.80,
UMA/USDT,2024-11-21,LONG,0.6666,2.598,2.658,1,True,2.3095,1.1638,.60-.70,1-1.5x
UMA/USDT,2024-11-28,LONG,0.6023,3.101,3.239,2,True,4.4502,0.3068,.60-.70,
UMA/USDT,2024-12-01,LONG,0.7238,3.285,3.876,4,True,17.9909,0.2622,.70-.80,
UMA/USDT,2024-12-02,LONG,0.6707,3.55,3.876,3,True,9.1831,1.5697,.60-.70,1.5-2x
UMA/USDT,2024-12-03,LONG,0.7741,3.744,3.876,2,True,3.5256,1.1358,.70-.80,1-1.5x
UMA/USDT,2024-12-08,LONG,0.693,4.043,3.814,4,True,-5.6641,1.3466,.60-.70,1-1.5x
UMA/USDT,2024-12-11,LONG,0.659,3.581,3.814,1,True,6.5066,1.7771,.60-.70,1.5-2x
UMA/USDT,2024-12-15,LONG,0.5691,3.61,3.508,1,True,-2.8255,0.3672,.55-.60,
UMA/USDT,2024-12-18,LONG,0.5661,2.943,2.764,5,False,-6.0822,1.5625,.55-.60,1.5-2x
UMA/USDT,2024-12-19,LONG,0.6291,2.704,2.864,5,False,5.9172,1.1941,.60-.70,1-1.5x
UMA/USDT,2024-12-23,LONG,0.7256,2.764,2.65,3,True,-4.1245,1.0776,.70-.80,1-1.5x
UMA/USDT,2024-12-25,LONG,0.7146,2.859,2.65,1,True,-7.3102,0.0266,.70-.80,
UMA/USDT,2024-12-27,LONG,0.5567,2.692,2.815,1,True,4.5691,0.2354,.55-.60,
UMA/USDT,2024-12-31,LONG,0.6185,2.651,3.146,5,False,18.6722,0.5525,.60-.70,
UMA/USDT,2025-01-08,LONG,0.551,2.586,2.377,5,False,-8.082,1.1642,.55-.60,1-1.5x
UMA/USDT,2025-01-10,LONG,0.6752,2.572,2.602,5,False,1.1664,0.3853,.60-.70,
UMA/USDT,2025-01-21,LONG,0.6364,2.535,2.318,4,True,-8.5602,0.2615,.60-.70,
UMA/USDT,2025-01-22,LONG,0.5998,2.474,2.318,3,True,-6.3056,0.4243,.55-.60,
UMA/USDT,2025-01-28,LONG,0.6249,2.035,2.225,2,True,9.3366,1.9413,.60-.70,1.5-2x
UMA/USDT,2025-02-01,LONG,0.6474,2.1,1.534,5,False,-26.9524,1.3548,.60-.70,1-1.5x
UMA/USDT,2025-02-02,LONG,0.6774,1.813,1.534,4,True,-15.3889,2.3881,.60-.70,2-3x
UMA/USDT,2025-02-05,LONG,0.69,1.635,1.534,1,True,-6.1774,0.1182,.60-.70,
UMA/USDT,2025-02-07,LONG,0.8141,1.576,1.718,3,True,9.0102,0.561,>.80,
UMA/USDT,2025-02-08,LONG,0.6493,1.649,1.718,2,True,4.1844,0.9105,.60-.70,
UMA/USDT,2025-02-09,LONG,0.9251,1.671,1.718,1,True,2.8127,0.2595,>.80,
UMA/USDT,2025-02-14,LONG,0.763,1.755,1.676,5,False,-4.5014,0.0726,.70-.80,
UMA/USDT,2025-02-16,LONG,0.5592,1.663,1.539,5,False,-7.4564,0.043,.55-.60,
UMA/USDT,2025-02-17,LONG,0.5924,1.661,1.738,5,False,4.6358,0.0227,.55-.60,
UMA/USDT,2025-02-27,LONG,0.556,1.48,1.333,5,False,-9.9324,0.2386,.55-.60,
UMA/USDT,2025-03-03,LONG,0.6069,1.336,1.257,5,False,-5.9132,2.4469,.60-.70,2-3x
UMA/USDT,2025-03-06,LONG,0.7117,1.341,1.176,4,True,-12.3043,0.0845,.70-.80,
UMA/USDT,2025-03-09,LONG,0.5586,1.125,1.176,1,True,4.5333,1.6271,.55-.60,1.5-2x
UMA/USDT,2025-03-18,LONG,0.5589,1.291,1.286,2,True,-0.3873,0.1021,.55-.60,
UMA/USDT,2025-03-19,LONG,0.6138,1.297,1.286,1,True,-0.8481,0.0771,.60-.70,
UMA/USDT,2025-03-21,LONG,0.7207,1.246,1.47,1,True,17.9775,0.5151,.70-.80,
UMA/USDT,2025-03-26,LONG,0.6563,1.396,1.166,5,False,-16.4756,0.249,.60-.70,
UMA/USDT,2025-03-29,LONG,0.5569,1.19,1.11,5,False,-6.7227,0.801,.55-.60,
UMA/USDT,2025-04-04,LONG,0.5608,1.099,1.006,3,True,-8.4622,0.1642,.55-.60,
UMA/USDT,2025-04-06,LONG,0.6197,0.978,1.006,1,True,2.863,1.7647,.60-.70,1.5-2x
BAND/USDT,2024-08-27,LONG,0.6034,1.112,1.01,5,False,-9.1727,1.5587,.60-.70,1.5-2x
BAND/USDT,2024-08-30,LONG,0.8267,1.085,1.01,2,True,-6.9124,0.0673,>.80,
BAND/USDT,2024-08-31,LONG,0.5511,1.058,1.01,1,True,-4.5369,0.6388,.55-.60,
BAND/USDT,2024-09-07,LONG,0.5887,0.991,1.017,1,True,2.6236,0.1444,.55-.60,
BAND/USDT,2024-09-11,LONG,0.5777,1.068,1.136,3,True,6.367,0.7296,.55-.60,
BAND/USDT,2024-09-12,LONG,0.6098,1.117,1.136,2,True,1.701,1.2804,.60-.70,1-1.5x
BAND/USDT,2024-09-26,LONG,0.5939,1.313,1.329,3,True,1.2186,1.0673,.55-.60,1-1.5x
BAND/USDT,2024-10-03,LONG,0.597,1.077,1.142,1,True,6.0353,0.5227,.55-.60,
BAND/USDT,2024-10-06,LONG,0.5639,1.17,1.126,5,False,-3.7607,0.5657,.55-.60,
BAND/USDT,2024-10-07,LONG,0.7933,1.138,1.154,5,False,1.406,0.6893,.70-.80,
BAND/USDT,2024-10-08,LONG,0.8883,1.106,1.154,4,True,4.34,0.7217,>.80,
BAND/USDT,2024-10-13,LONG,0.6536,1.128,1.163,2,True,3.1028,0.6046,.60-.70,
BAND/USDT,2024-10-18,LONG,0.9093,1.148,1.19,3,True,3.6585,0.9074,>.80,
BAND/USDT,2024-10-19,LONG,0.5605,1.165,1.19,2,True,2.1459,0.3807,.55-.60,
BAND/USDT,2024-10-24,LONG,0.937,1.162,1.049,1,True,-9.7246,0.2463,>.80,
BAND/USDT,2024-10-27,LONG,0.6517,1.089,1.064,5,False,-2.2957,1.1868,.60-.70,1-1.5x
BAND/USDT,2024-10-28,LONG,0.7025,1.087,1.032,5,False,-5.0598,0.0513,.70-.80,
BAND/USDT,2024-10-31,LONG,0.5999,1.129,0.997,3,True,-11.6918,2.0176,.55-.60,2-3x
BAND/USDT,2024-11-01,LONG,0.6532,1.064,0.997,2,True,-6.297,1.1831,.60-.70,1-1.5x
BAND/USDT,2024-11-02,LONG,0.8772,1.032,0.997,1,True,-3.3915,0.6156,>.80,
BAND/USDT,2024-11-10,LONG,0.6989,1.255,1.295,2,True,3.1873,0.4452,.60-.70,
BAND/USDT,2024-11-11,LONG,0.6511,1.322,1.295,1,True,-2.0424,0.9216,.60-.70,
BAND/USDT,2024-11-15,LONG,0.8003,1.248,1.233,5,False,-1.2019,0.7881,>.80,
BAND/USDT,2024-11-16,LONG,0.8804,1.36,1.233,4,True,-9.3382,1.5592,>.80,1.5-2x
BAND/USDT,2024-11-17,LONG,0.5856,1.29,1.233,3,True,-4.4186,0.8685,.55-.60,
BAND/USDT,2024-11-19,LONG,0.7337,1.317,1.233,1,True,-6.3781,0.7257,.70-.80,
BAND/USDT,2024-11-21,LONG,0.5503,1.341,1.382,1,True,3.0574,1.5527,.55-.60,1.5-2x
BAND/USDT,2024-11-28,LONG,0.7416,1.689,1.877,2,True,11.1308,0.3523,.70-.80,
BAND/USDT,2024-11-29,LONG,0.5781,1.771,1.877,1,True,5.9853,0.9782,.55-.60,
BAND/USDT,2024-12-03,LONG,0.5837,2.138,2.196,4,True,2.7128,2.1902,.55-.60,2-3x
BAND/USDT,2024-12-09,LONG,0.6269,1.758,1.676,1,True,-4.6644,3.2859,.60-.70,3-5x
BAND/USDT,2024-12-14,LONG,0.6497,1.855,1.771,3,True,-4.5283,0.9333,.60-.70,
BAND/USDT,2024-12-15,LONG,0.7352,1.903,1.771,2,True,-6.9364,0.3394,.70-.80,
BAND/USDT,2024-12-16,LONG,0.5719,1.882,1.771,1,True,-5.898,0.145,.55-.60,
BAND/USDT,2024-12-20,LONG,0.5935,1.483,1.543,5,False,4.0459,0.503,.55-.60,
BAND/USDT,2024-12-23,LONG,0.8678,1.507,1.509,5,False,0.1327,1.0284,>.80,1-1.5x
BAND/USDT,2024-12-25,LONG,0.7894,1.543,1.509,3,True,-2.2035,0.1339,.70-.80,
BAND/USDT,2024-12-27,LONG,0.5732,1.435,1.509,1,True,5.1568,0.1448,.55-.60,
BAND/USDT,2025-01-02,LONG,0.5606,1.508,1.58,2,True,4.7745,0.828,.55-.60,
BAND/USDT,2025-01-08,LONG,0.5588,1.371,1.361,3,True,-0.7294,0.9339,.55-.60,
BAND/USDT,2025-01-09,LONG,0.6005,1.335,1.361,2,True,1.9476,0.5502,.60-.70,
BAND/USDT,2025-01-21,LONG,0.6174,1.24,1.171,3,True,-5.5645,0.332,.60-.70,
BAND/USDT,2025-01-22,LONG,0.8366,1.223,1.171,2,True,-4.2518,0.2863,>.80,
BAND/USDT,2025-01-23,LONG,0.8068,1.212,1.171,1,True,-3.3828,0.1977,>.80,
BAND/USDT,2025-01-25,LONG,0.7024,1.206,1.262,1,True,4.6434,0.6421,.70-.80,
BAND/USDT,2025-01-28,LONG,0.6111,1.107,1.19,2,True,7.4977,1.6862,.60-.70,1.5-2x
BAND/USDT,2025-01-29,LONG,0.6273,1.133,1.19,1,True,5.0309,0.5066,.60-.70,
BAND/USDT,2025-02-01,LONG,0.6129,1.068,1.017,2,True,-4.7753,1.8665,.60-.70,1.5-2x
BAND/USDT,2025-02-02,LONG,0.8378,1.009,1.017,1,True,0.7929,1.0576,>.80,1-1.5x
BAND/USDT,2025-02-04,LONG,0.5605,0.93,0.855,2,True,-8.0645,1.6764,.55-.60,1.5-2x
BAND/USDT,2025-02-05,LONG,0.825,0.912,0.855,1,True,-6.25,0.3798,>.80,
BAND/USDT,2025-02-07,LONG,0.6904,0.88,0.951,3,True,8.0682,0.6325,.60-.70,
BAND/USDT,2025-02-09,LONG,0.9928,0.919,0.951,1,True,3.482,0.1447,>.80,
BAND/USDT,2025-02-15,LONG,0.6819,0.964,0.97,1,True,0.6224,0.8123,.60-.70,
BAND/USDT,2025-02-24,LONG,0.7555,0.8997,0.9622,4,True,6.9468,3.337,.70-.80,3-5x
BAND/USDT,2025-02-25,LONG,0.7805,0.929,0.9622,3,True,3.5737,0.6141,.70-.80,
BAND/USDT,2025-02-26,LONG,0.9827,0.9742,0.9622,2,True,-1.2318,0.9413,>.80,
BAND/USDT,2025-02-27,LONG,0.9983,0.9759,0.9622,1,True,-1.4038,0.0339,>.80,
BAND/USDT,2025-03-05,LONG,0.58,0.9156,0.7324,5,False,-20.0087,0.8937,.55-.60,
BAND/USDT,2025-03-07,LONG,0.5663,0.8941,0.737,4,True,-17.5707,0.0252,.55-.60,
BAND/USDT,2025-03-09,LONG,0.6447,0.7617,0.737,2,True,-3.2427,1.8403,.60-.70,1.5-2x
BAND/USDT,2025-03-10,LONG,0.7842,0.7324,0.737,1,True,0.6281,0.5653,.70-.80,
BAND/USDT,2025-03-12,LONG,0.5525,0.758,0.797,5,False,5.1451,0.4399,.55-.60,
BAND/USDT,2025-03-13,LONG,0.6539,0.7481,0.797,4,True,6.5366,0.2038,.60-.70,
BAND/USDT,2025-03-15,LONG,0.6156,0.7945,0.797,2,True,0.3147,0.446,.60-.70,
BAND/USDT,2025-03-16,LONG,0.6591,0.7442,0.797,1,True,7.0949,1.1755,.60-.70,1-1.5x
BAND/USDT,2025-03-18,LONG,0.6203,0.787,0.7749,2,True,-1.5375,0.2301,.60-.70,
BAND/USDT,2025-03-19,LONG,0.6163,0.8149,0.7749,1,True,-4.9086,0.64,.60-.70,
BAND/USDT,2025-03-21,LONG,0.6854,0.7666,0.846,3,True,10.3574,0.1929,.60-.70,
BAND/USDT,2025-03-31,LONG,0.6228,0.7234,0.677,3,True,-6.4142,0.0726,.60-.70,
BAND/USDT,2025-04-01,LONG,0.5695,0.7321,0.677,2,True,-7.5263,0.305,.55-.60,
BAND/USDT,2025-04-02,LONG,0.5819,0.668,0.677,1,True,1.3473,1.9948,.55-.60,1.5-2x
BAND/USDT,2025-04-04,LONG,0.5823,0.6697,0.6137,3,True,-8.362,0.2538,.55-.60,
BAND/USDT,2025-04-05,LONG,0.5559,0.6719,0.6137,2,True,-8.662,0.0812,.55-.60,
BAND/USDT,2025-04-06,LONG,0.6566,0.6002,0.6137,1,True,2.2493,2.5097,.60-.70,2-3x
KNC/USDT,2024-08-29,LONG,0.6361,0.4412,0.418,3,True,-5.2584,0.1806,.60-.70,
KNC/USDT,2024-09-05,LONG,0.8856,0.4231,0.4094,1,True,-3.238,1.1197,>.80,1-1.5x
KNC/USDT,2024-09-07,LONG,0.7746,0.4083,0.4385,2,True,7.3965,0.0785,.70-.80,
KNC/USDT,2024-09-11,LONG,0.5979,0.4288,0.4344,1,True,1.306,0.6874,.55-.60,
KNC/USDT,2024-09-14,LONG,0.7917,0.4437,0.4312,1,True,-2.8172,0.2579,.70-.80,
KNC/USDT,2024-09-18,LONG,0.8205,0.4496,0.4873,2,True,8.3852,1.11,>.80,1-1.5x
KNC/USDT,2024-09-19,LONG,0.9941,0.5121,0.4873,1,True,-4.8428,3.272,>.80,3-5x
KNC/USDT,2024-09-22,LONG,0.7303,0.4921,0.4979,4,True,1.1786,0.6941,.70-.80,
KNC/USDT,2024-09-25,LONG,0.6094,0.5008,0.4979,1,True,-0.5791,0.4193,.60-.70,
KNC/USDT,2024-10-03,LONG,0.5551,0.4257,0.4597,3,True,7.9868,0.0656,.55-.60,
KNC/USDT,2024-10-07,LONG,0.7857,0.4513,0.4385,3,True,-2.8363,0.3886,.70-.80,
KNC/USDT,2024-10-08,LONG,0.6644,0.4497,0.4385,2,True,-2.4905,0.0762,.60-.70,
KNC/USDT,2024-10-09,LONG,0.6661,0.4371,0.4385,1,True,0.3203,0.8329,.60-.70,
KNC/USDT,2024-10-13,LONG,0.6025,0.4577,0.4689,2,True,2.447,0.3131,.60-.70,
KNC/USDT,2024-10-16,LONG,0.6972,0.4563,0.4481,1,True,-1.7971,0.8353,.60-.70,
KNC/USDT,2024-10-18,LONG,0.6723,0.4575,0.4582,3,True,0.153,0.657,.60-.70,
KNC/USDT,2024-10-19,LONG,0.5959,0.4644,0.4582,2,True,-1.3351,0.4684,.55-.60,
KNC/USDT,2024-10-20,LONG,0.5705,0.4769,0.4582,1,True,-3.9212,0.9826,.55-.60,
KNC/USDT,2024-10-22,LONG,0.5649,0.4498,0.4475,2,True,-0.5113,0.7749,.55-.60,
KNC/USDT,2024-10-28,LONG,0.5582,0.4345,0.4147,5,False,-4.557,0.2528,.55-.60,
KNC/USDT,2024-11-03,LONG,0.5902,0.4097,0.4464,3,True,8.9578,0.4116,.55-.60,
KNC/USDT,2024-11-04,LONG,0.7363,0.3969,0.4464,2,True,12.4717,1.0483,.70-.80,1-1.5x
KNC/USDT,2024-11-11,LONG,0.6802,0.5331,0.5118,1,True,-3.9955,0.9778,.60-.70,
KNC/USDT,2024-11-15,LONG,0.8148,0.5051,0.5205,5,False,3.0489,1.0501,>.80,1-1.5x
KNC/USDT,2024-11-16,LONG,0.9274,0.5395,0.5205,4,True,-3.5218,1.7069,>.80,1.5-2x
KNC/USDT,2024-11-17,LONG,0.7928,0.5105,0.5205,3,True,1.9589,1.264,.70-.80,1-1.5x
KNC/USDT,2024-11-19,LONG,0.5911,0.5508,0.5205,1,True,-5.5011,0.4365,.55-.60,
KNC/USDT,2024-11-30,LONG,0.5566,0.7083,0.8128,5,False,14.7536,0.3616,.55-.60,
KNC/USDT,2024-12-01,LONG,0.611,0.7176,0.8165,5,False,13.7821,0.3001,.60-.70,
KNC/USDT,2024-12-05,LONG,0.5855,0.8128,0.8165,1,True,0.4552,0.9864,.55-.60,
KNC/USDT,2024-12-08,LONG,0.7387,0.8465,0.7121,4,True,-15.8771,0.7038,.70-.80,
KNC/USDT,2024-12-11,LONG,0.693,0.6893,0.7121,1,True,3.3077,1.1656,.60-.70,1-1.5x
KNC/USDT,2024-12-14,LONG,0.5705,0.667,0.6116,3,True,-8.3058,0.7613,.55-.60,
KNC/USDT,2024-12-15,LONG,0.5793,0.69,0.6116,2,True,-11.3623,0.5,.55-.60,
KNC/USDT,2024-12-16,LONG,0.6097,0.6543,0.6116,1,True,-6.5261,0.7391,.60-.70,
KNC/USDT,2024-12-18,LONG,0.8757,0.5469,0.5609,5,False,2.5599,1.4136,>.80,1-1.5x
KNC/USDT,2024-12-20,LONG,0.6743,0.5398,0.5732,5,False,6.1875,0.962,.60-.70,
KNC/USDT,2024-12-21,LONG,0.8361,0.5142,0.5235,5,False,1.8086,0.6094,>.80,
KNC/USDT,2024-12-22,LONG,0.6813,0.5282,0.5358,5,False,1.4388,0.3482,.60-.70,
KNC/USDT,2024-12-23,LONG,0.899,0.5609,0.5762,5,False,2.7278,0.9,>.80,
KNC/USDT,2024-12-25,LONG,0.8918,0.5732,0.5762,3,True,0.5234,0.158,>.80,
KNC/USDT,2024-12-31,LONG,0.7874,0.5296,0.5625,2,True,6.2122,0.7085,.70-.80,
KNC/USDT,2025-01-09,LONG,0.8715,0.6253,0.6143,2,True,-1.7592,1.4056,>.80,1-1.5x
KNC/USDT,2025-01-13,LONG,0.7378,0.5637,0.6211,2,True,10.1827,2.0585,.70-.80,2-3x
KNC/USDT,2025-01-14,LONG,0.9931,0.6269,0.6211,1,True,-0.9252,1.8906,>.80,1.5-2x
KNC/USDT,2025-01-19,LONG,0.5734,0.5378,0.541,1,True,0.595,1.5702,.55-.60,1.5-2x
KNC/USDT,2025-01-23,LONG,0.5663,0.5329,0.5276,3,True,-0.9946,0.161,.55-.60,
KNC/USDT,2025-01-24,LONG,0.5597,0.5161,0.5276,2,True,2.2283,0.571,.55-.60,
KNC/USDT,2025-02-01,LONG,0.6846,0.4732,0.4431,2,True,-6.3609,1.3041,.60-.70,1-1.5x
KNC/USDT,2025-02-02,LONG,0.6095,0.4326,0.4431,1,True,2.4272,1.7831,.60-.70,1.5-2x
KNC/USDT,2025-02-05,LONG,0.5574,0.4081,0.4207,5,False,3.0875,0.7782,.55-.60,
KNC/USDT,2025-02-06,LONG,0.6074,0.3853,0.4199,5,False,8.98,1.4427,.60-.70,1-1.5x
KNC/USDT,2025-02-09,LONG,0.807,0.4187,0.4199,2,True,0.2866,0.5004,>.80,
KNC/USDT,2025-02-15,LONG,0.9263,0.4261,0.4348,1,True,2.0418,0.6059,>.80,
KNC/USDT,2025-02-17,LONG,0.6269,0.4272,0.4352,3,True,1.8727,0.4598,.60-.70,
KNC/USDT,2025-02-18,LONG,0.5673,0.4159,0.4352,2,True,4.6405,0.6978,.55-.60,
KNC/USDT,2025-02-23,LONG,0.7394,0.4339,0.3962,5,False,-8.6886,0.1939,.70-.80,
KNC/USDT,2025-02-27,LONG,0.6127,0.397,0.3962,1,True,-0.2015,0.5242,.60-.70,
KNC/USDT,2025-03-10,LONG,0.5591,0.3111,0.3263,1,True,4.8859,0.9752,.55-.60,
KNC/USDT,2025-03-13,LONG,0.6267,0.331,0.3512,2,True,6.1027,0.271,.60-.70,
KNC/USDT,2025-03-18,LONG,0.5523,0.3615,0.3749,1,True,3.7068,0.0111,.55-.60,
KNC/USDT,2025-03-23,LONG,0.6159,0.36,0.3586,5,False,-0.3889,0.6389,.60-.70,
KNC/USDT,2025-03-28,LONG,0.5914,0.3586,0.3194,5,False,-10.9314,1.6743,.55-.60,1.5-2x
KNC/USDT,2025-03-31,LONG,0.5932,0.3388,0.3197,3,True,-5.6375,0.0548,.55-.60,
KNC/USDT,2025-04-05,LONG,0.7161,0.3152,0.3018,5,False,-4.2513,0.0193,.70-.80,
STORJ/USDT,2024-09-01,LONG,0.5655,0.3381,0.3418,3,True,1.0944,1.5213,.55-.60,1.5-2x
STORJ/USDT,2024-09-02,LONG,0.5925,0.3563,0.3418,2,True,-4.0696,1.3485,.55-.60,1-1.5x
STORJ/USDT,2024-09-19,LONG,0.8384,0.4049,0.4257,5,False,5.1371,2.0772,>.80,2-3x
STORJ/USDT,2024-09-25,LONG,0.6887,0.4352,0.4082,5,False,-6.204,0.7531,.60-.70,
STORJ/USDT,2024-09-28,LONG,0.597,0.433,0.4082,2,True,-5.7275,0.8849,.55-.60,
STORJ/USDT,2024-10-07,LONG,0.8269,0.3842,0.4455,5,False,15.9552,0.8194,>.80,
STORJ/USDT,2024-10-09,LONG,0.6205,0.3933,0.4656,4,True,18.3829,0.5129,.60-.70,
STORJ/USDT,2024-10-10,LONG,0.6387,0.4191,0.4656,3,True,11.0952,1.7079,.60-.70,1.5-2x
STORJ/USDT,2024-10-12,LONG,0.8377,0.4455,0.4656,1,True,4.5118,0.7476,>.80,
STORJ/USDT,2024-10-15,LONG,0.7765,0.6065,0.5988,1,True,-1.2696,3.9005,.70-.80,3-5x
STORJ/USDT,2024-10-17,LONG,0.9599,0.6189,0.6311,1,True,1.9712,0.4723,>.80,
STORJ/USDT,2024-10-22,LONG,0.786,0.5277,0.4502,5,False,-14.6864,0.3985,.70-.80,
STORJ/USDT,2024-10-25,LONG,0.6719,0.4368,0.4703,5,False,7.6694,1.3883,.60-.70,1-1.5x
STORJ/USDT,2024-10-31,LONG,0.6283,0.4404,0.4286,5,False,-2.6794,0.7955,.60-.70,
STORJ/USDT,2024-11-28,LONG,0.579,0.6103,0.7111,5,False,16.5165,0.5358,.55-.60,
STORJ/USDT,2024-12-02,LONG,0.5673,0.6709,0.7027,5,False,4.7399,0.5966,.55-.60,
STORJ/USDT,2024-12-15,LONG,0.6894,0.5851,0.5336,2,True,-8.8019,0.688,.60-.70,
STORJ/USDT,2024-12-16,LONG,0.5828,0.5624,0.5336,1,True,-5.1209,0.6646,.55-.60,
STORJ/USDT,2024-12-23,LONG,0.6154,0.491,0.499,2,True,1.6293,1.0638,.60-.70,1-1.5x
STORJ/USDT,2024-12-28,LONG,0.6764,0.5572,0.4835,2,True,-13.2268,2.4617,.60-.70,2-3x
STORJ/USDT,2025-01-01,LONG,0.6349,0.4946,0.5174,3,True,4.6098,0.5122,.60-.70,
STORJ/USDT,2025-01-02,LONG,0.7328,0.5024,0.5174,2,True,2.9857,0.2196,.70-.80,
STORJ/USDT,2025-01-03,LONG,0.765,0.5202,0.5174,1,True,-0.5383,0.4965,.70-.80,
STORJ/USDT,2025-01-06,LONG,0.6324,0.5728,0.5524,5,False,-3.5615,0.8365,.60-.70,
STORJ/USDT,2025-01-09,LONG,0.5687,0.5477,0.5042,4,True,-7.9423,0.7433,.55-.60,
STORJ/USDT,2025-01-10,LONG,0.5925,0.5502,0.5042,3,True,-8.3606,0.0669,.55-.60,
STORJ/USDT,2025-01-14,LONG,0.55,0.5184,0.5354,1,True,3.2793,0.416,.50-.55,
STORJ/USDT,2025-01-18,LONG,0.9175,0.4959,0.4575,2,True,-7.7435,1.5981,>.80,1.5-2x
STORJ/USDT,2025-01-19,LONG,0.7314,0.4568,0.4575,1,True,0.1532,1.6404,.70-.80,1.5-2x
STORJ/USDT,2025-01-23,LONG,0.5897,0.4507,0.4394,3,True,-2.5072,0.3559,.55-.60,
STORJ/USDT,2025-01-24,LONG,0.5799,0.4386,0.4394,2,True,0.1824,0.5734,.55-.60,
STORJ/USDT,2025-02-01,LONG,0.633,0.3946,0.3546,2,True,-10.1368,1.9526,.60-.70,1.5-2x
STORJ/USDT,2025-02-02,LONG,0.608,0.3415,0.3546,1,True,3.836,2.8278,.60-.70,2-3x
STORJ/USDT,2025-02-05,LONG,0.5915,0.3279,0.3474,5,False,5.9469,0.532,.55-.60,
STORJ/USDT,2025-02-06,LONG,0.7312,0.3109,0.3329,5,False,7.0762,1.1531,.70-.80,1-1.5x
STORJ/USDT,2025-02-07,LONG,0.5669,0.317,0.3524,5,False,11.1672,0.4391,.55-.60,
STORJ/USDT,2025-02-09,LONG,0.7169,0.3275,0.3495,5,False,6.7176,0.1571,.70-.80,
STORJ/USDT,2025-02-10,LONG,0.5953,0.3474,0.3394,5,False,-2.3028,1.2942,.55-.60,1-1.5x
STORJ/USDT,2025-02-16,LONG,0.8103,0.3606,0.3772,2,True,4.6034,1.1935,>.80,1-1.5x
STORJ/USDT,2025-02-17,LONG,0.9254,0.38,0.3772,1,True,-0.7368,1.025,>.80,1-1.5x
STORJ/USDT,2025-02-21,LONG,0.9323,0.3665,0.3365,4,True,-8.1855,1.0861,>.80,1-1.5x
STORJ/USDT,2025-02-22,LONG,0.9736,0.3748,0.3365,3,True,-10.2188,0.565,>.80,
STORJ/USDT,2025-02-23,LONG,0.8203,0.3885,0.3365,2,True,-13.3848,0.9136,>.80,
STORJ/USDT,2025-03-05,LONG,0.6306,0.3103,0.26,5,False,-16.2101,0.5638,.60-.70,
STORJ/USDT,2025-03-19,LONG,0.5563,0.3065,0.2943,1,True,-3.9804,0.8592,.55-.60,
STORJ/USDT,2025-03-21,LONG,0.6305,0.285,0.3054,5,False,7.1579,0.6061,.60-.70,
STORJ/USDT,2025-04-01,LONG,0.5605,0.2681,0.2285,5,False,-14.7706,0.2715,.55-.60,
AGLD/USDT,2024-08-30,LONG,0.5828,0.719,0.717,3,True,-0.2782,0.6501,.55-.60,
AGLD/USDT,2024-09-04,LONG,0.5845,0.715,0.7014,3,True,-1.9021,0.8113,.55-.60,
AGLD/USDT,2024-09-11,LONG,0.5941,0.773,0.8104,1,True,4.8383,0.0651,.55-.60,
AGLD/USDT,2024-09-16,LONG,0.5539,0.8019,0.9188,4,True,14.5779,0.8111,.55-.60,
AGLD/USDT,2024-09-18,LONG,0.6523,0.9252,0.9188,2,True,-0.6917,0.7266,.60-.70,
AGLD/USDT,2024-09-19,LONG,0.6196,0.8977,0.9188,1,True,2.3505,0.6788,.60-.70,
AGLD/USDT,2024-09-22,LONG,0.5647,0.9277,0.9639,3,True,3.9021,0.0811,.55-.60,
AGLD/USDT,2024-09-23,LONG,0.6943,0.9381,0.9639,2,True,2.7502,0.2854,.60-.70,
AGLD/USDT,2024-09-24,LONG,0.6855,0.9643,0.9639,1,True,-0.0415,0.7144,.60-.70,
AGLD/USDT,2024-09-28,LONG,0.8921,0.9723,0.9121,2,True,-6.1915,0.1699,>.80,
AGLD/USDT,2024-10-01,LONG,0.9066,0.8658,0.8688,2,True,0.3465,1.1548,>.80,1-1.5x
AGLD/USDT,2024-10-02,LONG,0.6066,0.8499,0.8688,1,True,2.2238,0.4256,.60-.70,
AGLD/USDT,2024-10-06,LONG,0.7338,0.949,1.0261,5,False,8.1243,0.7715,.70-.80,
AGLD/USDT,2024-10-07,LONG,0.6443,0.9513,1.0156,5,False,6.7592,0.0804,.60-.70,
AGLD/USDT,2024-10-11,LONG,0.6424,1.0261,1.1131,5,False,8.4787,1.6128,.60-.70,1.5-2x
AGLD/USDT,2024-10-12,LONG,0.6017,1.0156,1.1136,5,False,9.6495,0.3276,.60-.70,
AGLD/USDT,2024-10-15,LONG,0.6063,1.1793,1.1928,4,True,1.1447,2.7769,.60-.70,2-3x
AGLD/USDT,2024-10-18,LONG,0.9711,1.1942,1.1928,1,True,-0.1172,1.6482,>.80,1.5-2x
AGLD/USDT,2024-10-20,LONG,0.6724,1.2756,1.114,3,True,-12.6685,1.727,.60-.70,1.5-2x
AGLD/USDT,2024-10-22,LONG,0.803,1.0557,1.114,1,True,5.5224,2.3927,>.80,2-3x
AGLD/USDT,2024-11-03,LONG,0.8104,1.1942,1.3462,3,True,12.7282,0.8457,>.80,
AGLD/USDT,2024-11-04,LONG,0.6882,1.2417,1.3462,2,True,8.4159,0.6976,.60-.70,
AGLD/USDT,2024-11-10,LONG,1.0,1.6242,1.3114,2,True,-19.2587,2.5684,>.80,2-3x
AGLD/USDT,2024-11-11,LONG,0.902,1.6058,1.3114,1,True,-18.3335,0.2062,>.80,
AGLD/USDT,2024-11-13,LONG,0.9506,1.9962,1.4911,2,True,-25.3031,3.8875,>.80,3-5x
AGLD/USDT,2024-11-19,LONG,0.6391,1.4376,1.341,1,True,-6.7195,0.3675,.60-.70,
AGLD/USDT,2024-12-18,LONG,0.5598,1.1965,1.5931,5,False,33.1467,0.9675,.55-.60,
AGLD/USDT,2024-12-21,LONG,0.7563,2.1521,2.2942,5,False,6.6029,3.9985,.70-.80,3-5x
AGLD/USDT,2024-12-27,LONG,0.5724,2.0736,1.8636,1,True,-10.1273,0.5181,.55-.60,
AGLD/USDT,2024-12-29,LONG,0.6984,2.514,2.5802,3,True,2.6333,1.8011,.60-.70,1.5-2x
AGLD/USDT,2024-12-31,LONG,0.5587,2.4302,2.5802,1,True,6.1723,0.5786,.55-.60,
AGLD/USDT,2025-01-14,LONG,0.6462,1.9598,2.0083,1,True,2.4747,0.2611,.60-.70,
AGLD/USDT,2025-01-26,LONG,0.5505,1.5652,1.4765,5,False,-5.667,0.0796,.55-.60,
AGLD/USDT,2025-01-28,LONG,0.5778,1.4231,1.1609,5,False,-18.4246,1.6912,.55-.60,1.5-2x
AGLD/USDT,2025-01-30,LONG,0.6845,1.5059,1.2049,4,True,-19.988,0.6721,.60-.70,
AGLD/USDT,2025-02-01,LONG,0.643,1.3046,1.2049,2,True,-7.6422,2.0376,.60-.70,2-3x
AGLD/USDT,2025-02-06,LONG,0.6947,1.05,1.1847,5,False,12.8286,1.1177,.60-.70,1-1.5x
AGLD/USDT,2025-02-10,LONG,0.5822,1.1842,1.1847,1,True,0.0422,0.1271,.55-.60,
AGLD/USDT,2025-02-12,LONG,0.6052,1.2364,1.2891,5,False,4.2624,0.6119,.60-.70,
AGLD/USDT,2025-02-15,LONG,0.632,1.1348,1.4321,5,False,26.1984,0.5908,.60-.70,
AGLD/USDT,2025-02-18,LONG,0.649,1.309,1.4321,2,True,9.4041,0.2097,.60-.70,
AGLD/USDT,2025-02-23,LONG,0.62,1.507,1.5279,2,True,1.3869,0.3449,.60-.70,
AGLD/USDT,2025-02-24,LONG,0.7479,1.4219,1.5279,1,True,7.4548,0.8656,.70-.80,
AGLD/USDT,2025-02-28,LONG,0.5617,1.4081,1.3523,1,True,-3.9628,0.2267,.55-.60,
AGLD/USDT,2025-03-13,LONG,0.7193,0.9492,0.969,1,True,2.086,1.0234,.70-.80,1-1.5x
AGLD/USDT,2025-03-15,LONG,0.6978,1.0021,0.976,4,True,-2.6045,0.6388,.60-.70,
AGLD/USDT,2025-03-25,LONG,0.6175,1.0483,0.8645,5,False,-17.5331,0.8932,.60-.70,
AGLD/USDT,2025-03-29,LONG,0.8219,0.8852,0.8645,1,True,-2.3385,1.6885,>.80,1.5-2x
AGLD/USDT,2025-04-06,LONG,0.751,0.6783,0.7815,5,False,15.2145,3.1245,.70-.80,3-5x
CELO/USDT,2024-08-27,LONG,0.6511,0.4551,0.4598,1,True,1.0327,1.4647,.60-.70,1-1.5x
CELO/USDT,2024-08-31,LONG,0.559,0.4526,0.4209,3,True,-7.004,0.9887,.55-.60,
CELO/USDT,2024-09-01,LONG,0.7086,0.4273,0.4209,2,True,-1.4978,1.5668,.70-.80,1.5-2x
CELO/USDT,2024-09-02,LONG,0.6352,0.4479,0.4209,1,True,-6.0281,1.2835,.60-.70,1-1.5x
CELO/USDT,2024-09-08,LONG,0.6551,0.415,0.4444,2,True,7.0843,0.4191,.60-.70,
CELO/USDT,2024-09-09,LONG,0.6033,0.4462,0.4444,1,True,-0.4034,1.748,.60-.70,1.5-2x
CELO/USDT,2024-09-13,LONG,0.9689,0.4422,0.4409,3,True,-0.294,0.1323,>.80,
CELO/USDT,2024-09-14,LONG,0.8888,0.4452,0.4409,2,True,-0.9659,0.1796,>.80,
CELO/USDT,2024-09-15,LONG,0.7488,0.4389,0.4409,1,True,0.4557,0.3913,.70-.80,
CELO/USDT,2024-09-23,LONG,0.6173,0.5396,0.6582,2,True,21.9792,1.5143,.60-.70,1.5-2x
CELO/USDT,2024-09-29,LONG,0.8229,0.6643,0.6441,1,True,-3.0408,0.0823,>.80,
CELO/USDT,2024-10-01,LONG,0.6821,0.6817,0.6715,1,True,-1.4963,1.1157,.60-.70,1-1.5x
CELO/USDT,2024-10-03,LONG,0.5663,0.6363,0.658,1,True,3.4103,0.9456,.55-.60,
CELO/USDT,2024-10-05,LONG,0.6886,0.729,0.796,5,False,9.1907,1.86,.60-.70,1.5-2x
CELO/USDT,2024-10-13,LONG,0.5595,0.7812,0.8527,5,False,9.1526,0.6905,.55-.60,
CELO/USDT,2024-10-22,LONG,0.5607,0.8019,0.6548,5,False,-18.3439,0.1995,.55-.60,
CELO/USDT,2024-10-25,LONG,0.5514,0.6448,0.6516,5,False,1.0546,1.2839,.55-.60,1-1.5x
CELO/USDT,2024-11-11,LONG,0.7084,0.7208,0.6966,1,True,-3.3574,1.0685,.70-.80,1-1.5x
CELO/USDT,2024-11-15,LONG,0.923,0.6236,0.6536,5,False,4.8108,0.6226,>.80,
CELO/USDT,2024-11-16,LONG,0.8162,0.6766,0.7086,5,False,4.7295,1.668,>.80,1.5-2x
CELO/USDT,2024-11-17,LONG,0.647,0.6333,0.7436,5,False,17.4167,1.212,.60-.70,1-1.5x
CELO/USDT,2024-11-18,LONG,0.7788,0.7112,0.7436,4,True,4.5557,2.0943,.70-.80,2-3x
CELO/USDT,2024-11-19,LONG,0.7074,0.7028,0.7436,3,True,5.8054,0.202,.70-.80,
CELO/USDT,2024-11-28,LONG,0.8291,0.826,1.0638,5,False,28.7893,0.8782,>.80,
CELO/USDT,2024-12-02,LONG,0.7008,0.9728,1.0826,2,True,11.287,0.566,.70-.80,
CELO/USDT,2024-12-03,LONG,0.6027,1.0638,1.0826,1,True,1.7672,1.6103,.60-.70,1.5-2x
CELO/USDT,2024-12-07,LONG,0.5572,1.0462,0.8766,5,False,-16.211,0.4455,.55-.60,
CELO/USDT,2024-12-08,LONG,0.6208,1.0315,0.8601,5,False,-16.6166,0.2961,.60-.70,
CELO/USDT,2024-12-12,LONG,0.7991,0.8766,0.7801,5,False,-11.0084,0.0093,.70-.80,
CELO/USDT,2024-12-14,LONG,0.6473,0.8163,0.7801,3,True,-4.4346,0.8423,.60-.70,
CELO/USDT,2024-12-15,LONG,0.7459,0.8428,0.7801,2,True,-7.4395,0.5366,.70-.80,
CELO/USDT,2024-12-16,LONG,0.665,0.8107,0.7801,1,True,-3.7745,0.6277,.60-.70,
CELO/USDT,2024-12-18,LONG,0.6109,0.7031,0.6536,4,True,-7.0403,1.5579,.60-.70,1.5-2x
CELO/USDT,2024-12-21,LONG,0.609,0.6524,0.6536,1,True,0.1839,0.6977,.60-.70,
CELO/USDT,2024-12-23,LONG,0.596,0.6911,0.7085,2,True,2.5177,0.9563,.55-.60,
CELO/USDT,2024-12-31,LONG,0.5981,0.6438,0.7143,3,True,10.9506,0.5599,.55-.60,
CELO/USDT,2025-01-09,LONG,0.5536,0.6346,0.5962,4,True,-6.0511,0.5287,.55-.60,
CELO/USDT,2025-01-10,LONG,0.6288,0.6461,0.5962,3,True,-7.7233,0.4419,.60-.70,
CELO/USDT,2025-01-11,LONG,0.6114,0.6384,0.5962,2,True,-6.6103,0.29,.60-.70,
CELO/USDT,2025-01-12,LONG,0.5709,0.6213,0.5962,1,True,-4.0399,0.6843,.55-.60,
CELO/USDT,2025-01-28,LONG,0.6873,0.5153,0.5457,2,True,5.8995,1.2596,.60-.70,1-1.5x
CELO/USDT,2025-01-29,LONG,0.7188,0.5253,0.5457,1,True,3.8835,0.4938,.70-.80,
CELO/USDT,2025-02-01,LONG,0.8347,0.5122,0.3993,5,False,-22.0422,1.4967,>.80,1-1.5x
CELO/USDT,2025-02-02,LONG,0.9235,0.4576,0.4106,5,False,-10.271,2.2687,>.80,2-3x
CELO/USDT,2025-02-03,LONG,0.9404,0.4531,0.4252,5,False,-6.1576,0.2157,>.80,
CELO/USDT,2025-02-05,LONG,0.903,0.42,0.423,4,True,0.7143,0.1955,>.80,
CELO/USDT,2025-02-06,LONG,0.9579,0.3993,0.423,3,True,5.9354,1.2405,>.80,1-1.5x
CELO/USDT,2025-02-07,LONG,0.9806,0.4106,0.423,2,True,3.02,0.6929,>.80,
CELO/USDT,2025-02-10,LONG,0.7648,0.4363,0.4355,1,True,-0.1834,0.7952,.70-.80,
CELO/USDT,2025-02-15,LONG,0.775,0.4473,0.44,1,True,-1.632,0.5019,.70-.80,
CELO/USDT,2025-02-17,LONG,0.6387,0.4363,0.4424,5,False,1.3981,0.2112,.60-.70,
CELO/USDT,2025-02-20,LONG,0.643,0.4428,0.4424,2,True,-0.0903,0.4466,.60-.70,
CELO/USDT,2025-02-23,LONG,0.6396,0.4263,0.3907,2,True,-8.3509,1.152,.60-.70,1-1.5x
CELO/USDT,2025-02-27,LONG,0.8669,0.3916,0.3927,1,True,0.2809,0.1455,>.80,
CELO/USDT,2025-03-01,LONG,0.6186,0.3888,0.4253,1,True,9.3879,0.2754,.60-.70,
CELO/USDT,2025-03-03,LONG,0.6969,0.3709,0.3713,1,True,0.1078,2.5389,.60-.70,2-3x
CELO/USDT,2025-03-06,LONG,0.9514,0.3751,0.3768,1,True,0.4532,0.4205,>.80,
CELO/USDT,2025-03-10,LONG,0.8859,0.3182,0.3265,1,True,2.6084,0.9009,>.80,
CELO/USDT,2025-03-12,LONG,0.6407,0.3339,0.3352,2,True,0.3893,0.4148,.60-.70,
CELO/USDT,2025-03-13,LONG,0.9681,0.3248,0.3352,1,True,3.202,0.4998,>.80,
CELO/USDT,2025-03-16,LONG,0.6296,0.3348,0.3565,1,True,6.4815,0.7659,.60-.70,
CELO/USDT,2025-03-18,LONG,0.6886,0.3538,0.3641,2,True,2.9112,0.147,.60-.70,
CELO/USDT,2025-03-21,LONG,0.7048,0.3632,0.3925,5,False,8.0672,0.0473,.70-.80,
CELO/USDT,2025-03-28,LONG,0.5689,0.3582,0.3421,2,True,-4.4947,1.7225,.55-.60,1.5-2x
CELO/USDT,2025-04-01,LONG,0.6319,0.3348,0.3069,3,True,-8.3333,0.4335,.60-.70,
CELO/USDT,2025-04-02,LONG,0.6124,0.3062,0.3069,2,True,0.2286,2.0612,.60-.70,2-3x
CELO/USDT,2025-04-03,LONG,0.6231,0.3018,0.3069,1,True,1.6899,0.3529,.60-.70,
CELO/USDT,2025-04-05,LONG,0.9256,0.3062,0.2816,5,False,-8.034,0.0584,>.80,
AR/USDT,2024-08-30,LONG,0.5509,21.982,21.697,3,True,-1.2965,0.1784,.55-.60,
AR/USDT,2024-09-03,LONG,0.7385,20.566,21.264,1,True,3.394,1.2813,.70-.80,1-1.5x
AR/USDT,2024-09-05,LONG,0.6405,21.016,19.499,2,True,-7.2183,0.2838,.60-.70,
AR/USDT,2024-09-13,LONG,0.9176,20.418,20.037,1,True,-1.866,0.574,>.80,
AR/USDT,2024-09-17,LONG,0.5971,18.573,20.591,4,True,10.8652,0.6972,.55-.60,
AR/USDT,2024-09-18,LONG,0.8586,19.206,20.591,3,True,7.2113,1.0912,>.80,1-1.5x
AR/USDT,2024-09-19,LONG,0.7969,19.685,20.591,2,True,4.6025,0.779,.70-.80,
AR/USDT,2024-09-20,LONG,0.7487,20.108,20.591,1,True,2.402,0.6623,.70-.80,
AR/USDT,2024-09-22,LONG,0.7207,19.547,23.177,4,True,18.5706,1.5906,.70-.80,1.5-2x
AR/USDT,2024-09-23,LONG,0.5722,22.95,23.177,3,True,0.9891,3.5202,.55-.60,3-5x
AR/USDT,2024-09-24,LONG,0.643,22.814,23.177,2,True,1.5911,0.1207,.60-.70,
AR/USDT,2024-09-27,LONG,0.9202,23.394,22.85,3,True,-2.3254,0.1964,>.80,
AR/USDT,2024-10-03,LONG,0.8325,17.949,19.178,5,False,6.8472,0.4072,>.80,
AR/USDT,2024-10-04,LONG,0.644,18.683,18.089,5,False,-3.1794,0.6519,.60-.70,
AR/USDT,2024-10-07,LONG,0.9231,18.836,18.106,3,True,-3.8756,0.6435,>.80,
AR/USDT,2024-10-09,LONG,0.6345,18.089,18.106,1,True,0.094,0.8802,.60-.70,
AR/USDT,2024-10-18,LONG,0.5866,19.095,19.549,2,True,2.3776,0.5924,.55-.60,
AR/USDT,2024-10-21,LONG,0.5523,18.489,16.225,5,False,-12.2451,1.3586,.55-.60,1-1.5x
AR/USDT,2024-10-23,LONG,0.5785,17.972,16.225,3,True,-9.7207,0.7418,.55-.60,
AR/USDT,2024-10-25,LONG,0.7258,16.002,16.225,1,True,1.3936,2.6998,.70-.80,2-3x
AR/USDT,2024-10-28,LONG,0.6143,16.085,16.94,1,True,5.3155,0.1639,.60-.70,
AR/USDT,2024-10-30,LONG,0.5579,16.627,12.947,5,False,-22.1327,0.4176,.55-.60,
AR/USDT,2024-11-01,LONG,0.5642,14.623,15.907,5,False,8.7807,1.0683,.55-.60,1-1.5x
AR/USDT,2024-11-04,LONG,0.7179,12.947,15.907,2,True,22.8624,1.5474,.70-.80,1.5-2x
AR/USDT,2024-11-05,LONG,0.5706,13.701,15.907,1,True,16.101,1.2745,.55-.60,1-1.5x
AR/USDT,2024-11-15,LONG,0.7017,17.643,17.135,5,False,-2.8793,1.1671,.70-.80,1-1.5x
AR/USDT,2024-11-16,LONG,0.7039,18.961,17.135,4,True,-9.6303,1.0326,.70-.80,1-1.5x
AR/USDT,2024-11-17,LONG,0.5851,17.471,17.135,3,True,-1.9232,1.0482,.55-.60,1-1.5x
AR/USDT,2024-11-18,LONG,0.5925,19.273,17.135,2,True,-11.0932,1.3327,.55-.60,1-1.5x
AR/USDT,2024-11-19,LONG,0.8186,18.159,17.135,1,True,-5.6391,0.7352,>.80,
AR/USDT,2024-11-28,LONG,0.9324,21.519,25.143,3,True,16.8409,0.1592,>.80,
AR/USDT,2024-11-29,LONG,0.9352,22.232,25.143,2,True,13.0937,0.4749,>.80,
AR/USDT,2024-11-30,LONG,0.6631,25.644,25.143,1,True,-1.9537,2.0031,.60-.70,2-3x
AR/USDT,2024-12-04,LONG,0.569,26.954,26.856,1,True,-0.3636,0.5264,.55-.60,
AR/USDT,2024-12-07,LONG,0.5831,26.961,23.355,4,True,-13.3749,0.7556,.55-.60,
AR/USDT,2024-12-09,LONG,0.5898,22.304,23.355,2,True,4.7122,2.2729,.55-.60,2-3x
AR/USDT,2024-12-14,LONG,0.6514,21.687,22.43,1,True,3.426,0.9122,.60-.70,
AR/USDT,2024-12-16,LONG,0.8106,21.488,20.44,1,True,-4.8771,0.6267,>.80,
AR/USDT,2024-12-18,LONG,0.7462,18.093,17.095,1,True,-5.5159,1.6136,.70-.80,1.5-2x
AR/USDT,2024-12-21,LONG,0.5935,15.771,17.889,3,True,13.4297,1.2946,.55-.60,1-1.5x
AR/USDT,2024-12-23,LONG,0.6942,17.02,17.889,1,True,5.1058,0.9637,.60-.70,
AR/USDT,2024-12-25,LONG,0.6814,17.15,17.529,3,True,2.2099,0.6714,.60-.70,
AR/USDT,2024-12-27,LONG,0.6432,16.73,17.529,1,True,4.7759,0.4765,.60-.70,
AR/USDT,2024-12-31,LONG,0.7539,16.045,17.384,1,True,8.3453,1.0454,.70-.80,1-1.5x
AR/USDT,2025-01-10,LONG,0.6082,16.06,15.195,3,True,-5.3861,1.2312,.60-.70,1-1.5x
AR/USDT,2025-01-21,LONG,0.6539,15.35,14.324,3,True,-6.684,0.7765,.60-.70,
AR/USDT,2025-01-22,LONG,0.7382,15.217,14.324,2,True,-5.8684,0.1538,.70-.80,
AR/USDT,2025-01-23,LONG,0.6475,14.999,14.324,1,True,-4.5003,0.2741,.60-.70,
AR/USDT,2025-01-29,LONG,0.6514,12.896,16.21,1,True,25.6979,0.3865,.60-.70,
AR/USDT,2025-02-01,LONG,0.9436,13.899,9.553,5,False,-31.2684,1.5799,>.80,1.5-2x
AR/USDT,2025-02-02,LONG,0.9905,12.504,9.553,4,True,-23.6004,1.228,>.80,1-1.5x
AR/USDT,2025-02-05,LONG,0.7435,10.184,9.553,1,True,-6.196,0.2378,.70-.80,
AR/USDT,2025-02-07,LONG,0.5764,8.96,9.884,1,True,10.3125,0.7839,.55-.60,
AR/USDT,2025-02-12,LONG,0.9753,9.619,9.439,2,True,-1.8713,0.3294,>.80,
AR/USDT,2025-02-16,LONG,0.7265,9.265,9.207,1,True,-0.626,0.0659,.70-.80,
AR/USDT,2025-02-18,LONG,0.7618,8.769,9.136,1,True,4.1852,0.548,.70-.80,
AR/USDT,2025-02-20,LONG,0.7628,9.764,8.077,5,False,-17.2778,1.0698,.70-.80,1-1.5x
AR/USDT,2025-03-09,LONG,0.5941,6.366,6.019,2,True,-5.4508,1.6097,.55-.60,1.5-2x
AR/USDT,2025-03-10,LONG,0.7014,5.633,6.019,1,True,6.8525,1.6407,.70-.80,1.5-2x
AR/USDT,2025-03-13,LONG,0.7876,5.984,6.451,1,True,7.8041,0.3146,.70-.80,
AR/USDT,2025-03-17,LONG,0.5566,6.9,6.863,1,True,-0.5362,0.5969,.55-.60,
AR/USDT,2025-03-28,LONG,0.5767,7.032,6.252,1,True,-11.0922,0.9358,.55-.60,
AR/USDT,2025-04-01,LONG,0.5999,6.316,5.18,5,False,-17.9861,0.0667,.55-.60,
AR/USDT,2025-04-04,LONG,0.5842,5.708,4.912,4,True,-13.9453,0.3762,.55-.60,
AR/USDT,2025-04-06,LONG,0.7561,5.18,4.912,2,True,-5.1737,1.7593,.70-.80,1.5-2x
ZEN/USDT,2026-01-29,LONG,0.5532,8.223,6.85,4,True,-16.6971,0.9992,.55-.60,
ZEN/USDT,2026-01-30,LONG,0.6941,8.168,6.85,3,True,-16.1361,0.0952,.60-.70,
ZEN/USDT,2026-01-31,LONG,0.5541,7.276,6.85,2,True,-5.8549,1.4752,.55-.60,1-1.5x
ZEN/USDT,2026-02-03,LONG,0.5728,6.835,5.587,2,True,-18.259,0.0424,.55-.60,
ZEN/USDT,2026-02-08,LONG,0.6568,5.999,5.99,1,True,-0.15,0.0967,.60-.70,
ZEN/USDT,2026-02-15,LONG,0.6278,6.3,5.934,3,True,-5.8095,0.9863,.60-.70,
ZEN/USDT,2026-03-20,LONG,0.6507,5.707,5.663,5,False,-0.771,0.1069,.60-.70,
ZEN/USDT,2026-03-26,LONG,0.6813,5.434,5.61,5,False,3.2389,0.8734,.60-.70,
ZEN/USDT,2026-03-27,LONG,0.8401,5.154,5.49,5,False,6.5192,1.0811,>.80,1-1.5x
ZEN/USDT,2026-03-30,LONG,0.5834,5.219,5.215,5,False,-0.0766,0.4413,.55-.60,
ZEN/USDT,2026-04-02,LONG,0.7571,5.07,5.215,2,True,2.86,1.4762,.70-.80,1-1.5x
ZEN/USDT,2026-04-03,LONG,0.6553,5.157,5.215,1,True,1.1247,0.3308,.60-.70,
ZEN/USDT,2026-04-05,LONG,0.7111,5.253,5.849,4,True,11.3459,0.1884,.70-.80,
ZEN/USDT,2026-04-08,LONG,0.8255,5.351,5.849,1,True,9.3067,1.2077,>.80,1-1.5x
ZEN/USDT,2026-04-10,LONG,0.6448,6.364,6.192,1,True,-2.7027,1.8177,.60-.70,1.5-2x
ZEN/USDT,2026-04-20,LONG,0.6538,6.124,6.15,3,True,0.4246,1.1383,.60-.70,1-1.5x
ZEN/USDT,2026-04-21,LONG,0.5993,6.128,6.15,2,True,0.359,0.0123,.55-.60,
ZEN/USDT,2026-04-22,LONG,0.5872,6.08,6.15,1,True,1.1513,0.1583,.55-.60,
ZEN/USDT,2026-04-25,LONG,0.6501,6.032,5.95,2,True,-1.3594,0.2042,.60-.70,
ZEN/USDT,2026-04-28,LONG,0.5723,5.857,6.236,3,True,6.4709,0.3497,.55-.60,
ZEN/USDT,2026-05-04,LONG,0.629,7.077,7.593,1,True,7.2912,0.0628,.60-.70,
ZEN/USDT,2026-05-07,LONG,0.9105,7.117,7.222,1,True,1.4753,0.6474,>.80,
ZEN/USDT,2026-05-09,LONG,0.9347,7.044,6.563,5,False,-6.8285,0.5582,>.80,
ZEN/USDT,2026-05-13,LONG,0.5871,6.573,5.919,3,True,-9.9498,0.4332,.55-.60,
ZEN/USDT,2026-05-15,LONG,0.5506,6.205,5.919,1,True,-4.6092,1.1893,.55-.60,1-1.5x
ZEN/USDT,2026-05-21,LONG,0.6451,6.64,6.132,3,True,-7.6506,0.5658,.60-.70,
ZEN/USDT,2026-05-22,LONG,0.5544,5.922,6.132,2,True,3.5461,1.7559,.55-.60,1.5-2x
ZEN/USDT,2026-05-23,LONG,0.5964,6.176,6.132,1,True,-0.7124,0.812,.55-.60,
ZEN/USDT,2026-05-25,LONG,0.6274,6.243,5.75,3,True,-7.8968,0.3631,.60-.70,
ZEN/USDT,2026-05-27,LONG,0.5601,5.9,5.75,1,True,-2.5424,0.4304,.55-.60,
ZEN/USDT,2026-05-31,LONG,0.6443,5.927,4.241,5,False,-28.4461,0.698,.60-.70,
ZEN/USDT,2026-06-06,LONG,0.5725,4.168,4.569,1,True,9.6209,0.266,.55-.60,
ASTR/USDT,2024-08-27,LONG,0.5693,0.07045,0.06228,4,True,-11.5969,0.2575,.55-.60,
ASTR/USDT,2024-08-29,LONG,0.6046,0.06403,0.06228,2,True,-2.7331,0.5972,.60-.70,
ASTR/USDT,2024-08-30,LONG,0.6223,0.06394,0.06228,1,True,-2.5962,0.0329,.60-.70,
ASTR/USDT,2024-09-03,LONG,0.8103,0.05744,0.05255,5,False,-8.5132,1.4465,>.80,1-1.5x
ASTR/USDT,2024-09-04,LONG,0.5884,0.05722,0.05255,4,True,-8.1615,0.0817,.55-.60,
ASTR/USDT,2024-09-05,LONG,0.5852,0.05276,0.05255,3,True,-0.398,1.5613,.55-.60,1.5-2x
ASTR/USDT,2024-09-22,LONG,0.5754,0.06599,0.07257,5,False,9.9712,1.3454,.55-.60,1-1.5x
ASTR/USDT,2024-10-10,LONG,0.7477,0.05767,0.05925,1,True,2.7397,0.1185,.70-.80,
ASTR/USDT,2024-10-12,LONG,0.701,0.06005,0.05953,1,True,-0.8659,0.3997,.70-.80,
ASTR/USDT,2024-10-17,LONG,0.6064,0.0582,0.05988,1,True,2.8866,1.0326,.60-.70,1-1.5x
ASTR/USDT,2024-10-21,LONG,0.6888,0.06049,0.05885,3,True,-2.7112,1.4408,.60-.70,1-1.5x
ASTR/USDT,2024-10-22,LONG,0.5958,0.06065,0.05885,2,True,-2.9678,0.0917,.55-.60,
ASTR/USDT,2024-10-23,LONG,0.6197,0.05859,0.05885,1,True,0.4438,1.1462,.60-.70,1-1.5x
ASTR/USDT,2024-10-25,LONG,0.6457,0.05441,0.05492,1,True,0.9373,2.2709,.60-.70,2-3x
ASTR/USDT,2024-10-27,LONG,0.5852,0.05531,0.05595,3,True,1.1571,0.2197,.55-.60,
ASTR/USDT,2024-10-28,LONG,0.7652,0.05531,0.05595,2,True,1.1571,0.0,.70-.80,
ASTR/USDT,2024-11-04,LONG,0.5711,0.04952,0.05235,1,True,5.7149,0.9717,.55-.60,
ASTR/USDT,2024-11-11,LONG,0.7922,0.06419,0.06106,1,True,-4.8761,1.2534,.70-.80,1-1.5x
ASTR/USDT,2024-11-15,LONG,0.9904,0.05929,0.06431,1,True,8.4669,1.4026,>.80,1-1.5x
ASTR/USDT,2024-11-18,LONG,0.794,0.06825,0.06368,2,True,-6.696,1.7473,.70-.80,1.5-2x
ASTR/USDT,2024-11-19,LONG,0.5889,0.06604,0.06368,1,True,-3.5736,0.7017,.55-.60,
ASTR/USDT,2024-11-28,LONG,0.8448,0.07971,0.08909,5,False,11.7677,0.4392,>.80,
ASTR/USDT,2024-11-30,LONG,0.5558,0.08353,0.08692,5,False,4.0584,0.6865,.55-.60,
ASTR/USDT,2024-12-03,LONG,0.5845,0.08909,0.08831,5,False,-0.8755,2.0471,.55-.60,2-3x
ASTR/USDT,2024-12-04,LONG,0.6152,0.09154,0.07242,5,False,-20.887,0.6165,.60-.70,
ASTR/USDT,2024-12-06,LONG,0.5728,0.09099,0.06968,4,True,-23.4202,1.0368,.55-.60,1-1.5x
ASTR/USDT,2024-12-07,LONG,0.6468,0.08865,0.06968,3,True,-21.3988,0.5642,.60-.70,
ASTR/USDT,2024-12-09,LONG,0.6234,0.07242,0.06968,1,True,-3.7835,2.9608,.60-.70,2-3x
ASTR/USDT,2024-12-16,LONG,0.6185,0.07299,0.06868,1,True,-5.9049,0.7992,.60-.70,
ASTR/USDT,2024-12-18,LONG,0.6624,0.06456,0.06204,2,True,-3.9033,1.0127,.60-.70,1-1.5x
ASTR/USDT,2024-12-25,LONG,0.6092,0.06412,0.06454,3,True,0.655,0.0907,.60-.70,
ASTR/USDT,2024-12-26,LONG,0.5789,0.0598,0.06454,2,True,7.9264,1.1368,.55-.60,1-1.5x
ASTR/USDT,2024-12-27,LONG,0.5695,0.06213,0.06454,1,True,3.879,0.6427,.55-.60,
ASTR/USDT,2025-01-10,LONG,0.6724,0.06199,0.05761,3,True,-7.0657,0.9304,.60-.70,
ASTR/USDT,2025-01-11,LONG,0.5961,0.06142,0.05761,2,True,-6.2032,0.2343,.55-.60,
ASTR/USDT,2025-01-18,LONG,0.6105,0.05913,0.0538,2,True,-9.014,1.6967,.60-.70,1.5-2x
ASTR/USDT,2025-01-19,LONG,0.6013,0.05355,0.0538,1,True,0.4669,2.0764,.60-.70,2-3x
ASTR/USDT,2025-01-22,LONG,0.6176,0.0534,0.05309,1,True,-0.5805,0.726,.60-.70,
ASTR/USDT,2025-01-26,LONG,0.8242,0.05198,0.0496,4,True,-4.5787,0.4692,>.80,
ASTR/USDT,2025-01-27,LONG,0.5946,0.05,0.0496,3,True,-0.8,1.0082,.55-.60,1-1.5x
ASTR/USDT,2025-02-01,LONG,0.8564,0.04687,0.04148,2,True,-11.4999,1.6878,>.80,1.5-2x
ASTR/USDT,2025-02-02,LONG,0.9317,0.04125,0.04148,1,True,0.5576,2.5337,>.80,2-3x
ASTR/USDT,2025-02-05,LONG,0.7205,0.03905,0.037,1,True,-5.2497,0.0178,.70-.80,
ASTR/USDT,2025-02-07,LONG,0.8205,0.03774,0.03924,2,True,3.9746,0.4833,>.80,
ASTR/USDT,2025-02-08,LONG,0.766,0.03961,0.03924,1,True,-0.9341,1.2227,.70-.80,1-1.5x
ASTR/USDT,2025-02-10,LONG,0.8476,0.04047,0.04055,3,True,0.1977,0.7724,>.80,
ASTR/USDT,2025-02-15,LONG,0.7566,0.03963,0.03988,1,True,0.6308,0.5261,.70-.80,
ASTR/USDT,2025-02-18,LONG,0.5857,0.03813,0.04296,3,True,12.6672,0.8958,.55-.60,
ASTR/USDT,2025-02-24,LONG,0.9957,0.03841,0.03796,4,True,-1.1716,2.5457,>.80,2-3x
ASTR/USDT,2025-02-27,LONG,0.9264,0.03895,0.03796,1,True,-2.5417,0.1619,>.80,
ASTR/USDT,2025-03-02,LONG,0.6801,0.03988,0.03408,1,True,-14.5436,1.4572,.60-.70,1-1.5x
ASTR/USDT,2025-03-05,LONG,0.6746,0.03458,0.02913,5,False,-15.7606,0.4728,.60-.70,
ASTR/USDT,2025-03-06,LONG,0.5554,0.03349,0.03021,5,False,-9.794,0.5956,.55-.60,
ASTR/USDT,2025-03-09,LONG,0.6555,0.02979,0.03021,2,True,1.4099,1.5707,.60-.70,1.5-2x
ASTR/USDT,2025-03-10,LONG,0.7698,0.02913,0.03021,1,True,3.7075,0.4004,.70-.80,
ASTR/USDT,2025-03-15,LONG,0.7108,0.03185,0.03199,2,True,0.4396,0.475,.70-.80,
ASTR/USDT,2025-03-16,LONG,0.6134,0.03066,0.03199,1,True,4.3379,0.8196,.60-.70,
ASTR/USDT,2025-03-21,LONG,0.5842,0.03252,0.03343,5,False,2.7983,0.2183,.55-.60,
ASTR/USDT,2025-03-23,LONG,0.6106,0.03265,0.03343,3,True,2.389,0.0946,.60-.70,
ASTR/USDT,2025-03-25,LONG,0.5554,0.03467,0.03343,1,True,-3.5766,0.3433,.55-.60,
ASTR/USDT,2025-04-05,LONG,0.6437,0.02645,0.02245,3,True,-15.1229,0.3616,.60-.70,
SKL/USDT,2024-08-27,LONG,0.6038,0.03258,0.03167,1,True,-2.7931,1.5316,.60-.70,1.5-2x
SKL/USDT,2024-09-02,LONG,0.6027,0.03208,0.02927,5,False,-8.7594,1.8797,.60-.70,1.5-2x
SKL/USDT,2024-09-05,LONG,0.5847,0.03005,0.03157,4,True,5.0582,1.1387,.55-.60,1-1.5x
SKL/USDT,2024-09-14,LONG,0.6535,0.03358,0.03217,1,True,-4.1989,0.1159,.60-.70,
SKL/USDT,2024-09-22,LONG,0.5873,0.03515,0.03521,1,True,0.1707,1.2039,.55-.60,1-1.5x
SKL/USDT,2024-09-24,LONG,0.6644,0.03816,0.04307,5,False,12.8669,2.0714,.60-.70,2-3x
SKL/USDT,2024-09-27,LONG,0.8438,0.04527,0.04307,2,True,-4.8597,3.2782,>.80,3-5x
SKL/USDT,2024-09-30,LONG,0.915,0.03965,0.03606,1,True,-9.0542,1.3815,>.80,1-1.5x
SKL/USDT,2024-10-06,LONG,0.5558,0.03777,0.03671,1,True,-2.8065,0.4862,.55-.60,
SKL/USDT,2024-10-09,LONG,0.6227,0.03358,0.03609,4,True,7.4747,0.9366,.60-.70,
SKL/USDT,2024-10-10,LONG,0.8281,0.03357,0.03609,3,True,7.5067,0.0047,>.80,
SKL/USDT,2024-10-11,LONG,0.9253,0.03571,0.03609,2,True,1.0641,1.0116,>.80,1-1.5x
SKL/USDT,2024-10-12,LONG,0.9873,0.03653,0.03609,1,True,-1.2045,0.3689,>.80,
SKL/USDT,2024-10-16,LONG,0.6343,0.03818,0.03698,1,True,-3.143,0.3018,.60-.70,
SKL/USDT,2024-10-20,LONG,0.5578,0.04392,0.03458,5,False,-21.2659,1.7962,.55-.60,1.5-2x
SKL/USDT,2024-10-23,LONG,0.615,0.03829,0.03485,3,True,-8.9841,1.0458,.60-.70,1-1.5x
SKL/USDT,2024-10-24,LONG,0.6077,0.03848,0.03485,2,True,-9.4335,0.1015,.60-.70,
SKL/USDT,2024-10-27,LONG,0.5661,0.03527,0.03487,1,True,-1.1341,0.2276,.55-.60,
SKL/USDT,2024-11-04,LONG,0.6339,0.03056,0.03799,2,True,24.3128,0.7858,.60-.70,
SKL/USDT,2024-11-15,LONG,0.8665,0.03947,0.04559,5,False,15.5054,0.5032,>.80,
SKL/USDT,2024-11-16,LONG,0.8936,0.04256,0.05204,5,False,22.2744,1.3358,>.80,1-1.5x
SKL/USDT,2024-11-17,LONG,0.5622,0.0412,0.05204,4,True,26.3107,0.5398,.55-.60,
SKL/USDT,2024-11-22,LONG,0.5675,0.05408,0.058,4,True,7.2485,0.5568,.55-.60,
SKL/USDT,2024-11-27,LONG,0.6504,0.06634,0.08015,3,True,20.817,2.0781,.60-.70,2-3x
SKL/USDT,2024-11-28,LONG,0.9523,0.07316,0.08015,2,True,9.5544,1.4544,>.80,1-1.5x
SKL/USDT,2024-11-29,LONG,0.5845,0.07966,0.08015,1,True,0.6151,1.2392,.55-.60,1-1.5x
SKL/USDT,2024-12-03,LONG,0.6279,0.07892,0.07892,4,True,0.0,0.4989,.60-.70,
SKL/USDT,2024-12-04,LONG,0.6245,0.07917,0.07892,3,True,-0.3158,0.0466,.60-.70,
SKL/USDT,2024-12-05,LONG,0.6583,0.07992,0.07892,2,True,-1.2513,0.1389,.60-.70,
SKL/USDT,2024-12-15,LONG,0.7586,0.06708,0.05939,2,True,-11.4639,0.4436,.70-.80,
SKL/USDT,2024-12-16,LONG,0.7543,0.06472,0.05939,1,True,-8.2355,0.5217,.70-.80,
SKL/USDT,2024-12-18,LONG,0.5638,0.05243,0.0484,1,True,-7.6864,1.8957,.55-.60,1.5-2x
SKL/USDT,2024-12-25,LONG,0.5606,0.05226,0.05219,3,True,-0.1339,0.1918,.55-.60,
SKL/USDT,2024-12-30,LONG,0.5536,0.0485,0.05356,5,False,10.433,0.1691,.55-.60,
SKL/USDT,2024-12-31,LONG,0.5602,0.04756,0.05469,5,False,14.9916,0.3818,.55-.60,
SKL/USDT,2025-01-10,LONG,0.6087,0.04407,0.04217,3,True,-4.3113,0.1657,.60-.70,
SKL/USDT,2025-01-11,LONG,0.5732,0.04389,0.04217,2,True,-3.9189,0.0823,.55-.60,
SKL/USDT,2025-01-12,LONG,0.5743,0.04329,0.04217,1,True,-2.5872,0.2933,.55-.60,
SKL/USDT,2025-01-22,LONG,0.5572,0.04175,0.04096,2,True,-1.8922,0.5213,.55-.60,
SKL/USDT,2025-01-23,LONG,0.719,0.04162,0.04096,1,True,-1.5858,0.0571,.70-.80,
SKL/USDT,2025-01-25,LONG,0.5722,0.04318,0.049,3,True,13.4785,0.9665,.55-.60,
SKL/USDT,2025-01-26,LONG,0.9521,0.05182,0.049,2,True,-5.4419,2.7341,>.80,2-3x
SKL/USDT,2025-01-27,LONG,0.7367,0.05677,0.049,1,True,-13.6868,1.3627,.70-.80,1-1.5x
SKL/USDT,2025-02-01,LONG,0.6165,0.05009,0.04349,1,True,-13.1763,0.6854,.60-.70,
SKL/USDT,2025-02-06,LONG,0.8512,0.03758,0.0385,3,True,2.4481,0.5864,>.80,
SKL/USDT,2025-02-13,LONG,0.5761,0.03676,0.03779,1,True,2.802,0.6177,.55-.60,
SKL/USDT,2025-02-15,LONG,0.6641,0.03622,0.0362,1,True,-0.0552,0.4848,.60-.70,
SKL/USDT,2025-02-17,LONG,0.5519,0.03489,0.03602,3,True,3.2388,0.469,.55-.60,
SKL/USDT,2025-03-07,LONG,0.5596,0.02825,0.02657,5,False,-5.9469,0.5607,.55-.60,
SKL/USDT,2025-03-13,LONG,0.6074,0.0257,0.02661,1,True,3.5409,0.5845,.60-.70,
SKL/USDT,2025-03-16,LONG,0.6008,0.02635,0.02777,1,True,5.389,1.3811,.60-.70,1-1.5x
SKL/USDT,2025-03-18,LONG,0.5985,0.02725,0.02758,2,True,1.211,0.3213,.55-.60,
SKL/USDT,2025-03-19,LONG,0.5534,0.02928,0.02758,1,True,-5.806,1.2218,.55-.60,1-1.5x
SKL/USDT,2025-03-21,LONG,0.633,0.02767,0.02885,3,True,4.2645,0.0527,.60-.70,
SKL/USDT,2025-03-23,LONG,0.5981,0.02753,0.02885,1,True,4.7948,0.1054,.55-.60,
SKL/USDT,2025-03-28,LONG,0.5623,0.02459,0.02055,5,False,-16.4294,1.1575,.55-.60,1-1.5x
SKL/USDT,2025-03-30,LONG,0.6007,0.02294,0.02089,5,False,-8.9364,0.2403,.60-.70,
SKL/USDT,2025-04-02,LONG,0.5647,0.02055,0.0189,5,False,-8.0292,1.9253,.55-.60,1.5-2x
SKL/USDT,2025-04-06,LONG,0.708,0.01828,0.0189,1,True,3.3917,2.3639,.70-.80,2-3x
TRB/USDT,2024-09-10,LONG,0.6143,62.78,61.98,5,False,-1.2743,0.3641,.60-.70,
TRB/USDT,2024-09-11,LONG,0.5696,60.94,58.44,5,False,-4.1024,0.3597,.55-.60,
TRB/USDT,2024-09-16,LONG,0.66,58.44,60.18,1,True,2.9774,1.4684,.60-.70,1-1.5x
TRB/USDT,2024-09-28,LONG,0.8862,75.5,74.62,1,True,-1.1656,0.4063,>.80,
TRB/USDT,2024-10-01,LONG,0.8197,61.14,60.56,1,True,-0.9486,1.6211,>.80,1.5-2x
TRB/USDT,2024-10-03,LONG,0.5507,58.68,61.82,1,True,5.3511,0.5738,.55-.60,
TRB/USDT,2024-10-09,LONG,0.6428,60.65,68.08,5,False,12.2506,0.2795,.60-.70,
TRB/USDT,2024-10-10,LONG,0.5859,60.6,65.93,5,False,8.7954,0.0164,.55-.60,
TRB/USDT,2024-10-26,LONG,0.6634,58.09,62.22,3,True,7.1097,0.4465,.60-.70,
TRB/USDT,2024-10-28,LONG,0.8695,59.81,62.22,1,True,4.0294,0.1737,>.80,
TRB/USDT,2024-11-05,LONG,0.6221,55.12,61.42,1,True,11.4296,1.2812,.60-.70,1-1.5x
TRB/USDT,2024-11-07,LONG,0.8351,56.13,76.19,5,False,35.7385,1.6871,>.80,1.5-2x
TRB/USDT,2024-11-08,LONG,0.9786,53.64,76.19,4,True,42.0395,0.8649,>.80,
TRB/USDT,2024-11-10,LONG,0.9925,84.82,76.19,2,True,-10.1745,4.0041,>.80,3-5x
TRB/USDT,2024-11-11,LONG,0.6464,82.73,76.19,1,True,-7.9052,0.1957,.60-.70,
TRB/USDT,2024-11-14,LONG,0.7292,66.85,67.45,3,True,0.8975,0.2527,.70-.80,
TRB/USDT,2024-11-15,LONG,0.9968,69.21,67.45,2,True,-2.543,0.2798,>.80,
TRB/USDT,2024-11-16,LONG,0.9998,72.2,67.45,1,True,-6.5789,0.3419,>.80,
TRB/USDT,2024-11-19,LONG,0.5991,67.94,68.64,3,True,1.0303,0.2593,.55-.60,
TRB/USDT,2024-12-21,LONG,0.5647,59.66,61.91,5,False,3.7714,0.3771,.55-.60,
TRB/USDT,2024-12-31,LONG,0.5592,63.52,66.51,5,False,4.7072,0.2641,.55-.60,
TRB/USDT,2025-01-13,LONG,0.5822,55.47,59.23,3,True,6.7784,0.9973,.55-.60,
TRB/USDT,2025-01-17,LONG,0.6332,62.71,52.68,5,False,-15.9943,1.4362,.60-.70,1-1.5x
TRB/USDT,2025-01-18,LONG,0.6939,58.01,50.34,5,False,-13.2219,1.7263,.60-.70,1.5-2x
TRB/USDT,2025-01-19,LONG,0.6239,52.28,49.3,5,False,-5.7001,2.0764,.60-.70,2-3x
TRB/USDT,2025-01-20,LONG,0.5733,51.85,49.86,5,False,-3.838,0.1729,.55-.60,
TRB/USDT,2025-01-21,LONG,0.6795,53.75,48.52,5,False,-9.7302,0.7547,.60-.70,
TRB/USDT,2025-01-22,LONG,0.7076,52.68,47.55,5,False,-9.738,0.4105,.70-.80,
TRB/USDT,2025-01-23,LONG,0.578,50.34,44.5,5,False,-11.6011,0.9435,.55-.60,
TRB/USDT,2025-01-24,LONG,0.5523,49.3,45.74,5,False,-7.2211,0.4388,.55-.60,
TRB/USDT,2025-01-27,LONG,0.5852,47.55,47.95,3,True,0.8412,0.5035,.55-.60,
TRB/USDT,2025-02-01,LONG,0.869,44.5,33.0,5,False,-25.8427,1.9776,>.80,1.5-2x
TRB/USDT,2025-02-02,LONG,0.9295,37.98,32.71,5,False,-13.8757,2.5737,>.80,2-3x
TRB/USDT,2025-02-03,LONG,0.9819,36.59,34.84,5,False,-4.7827,0.6624,>.80,
TRB/USDT,2025-02-05,LONG,0.8734,34.23,34.84,3,True,1.7821,0.3653,>.80,
TRB/USDT,2025-02-06,LONG,0.8235,33.0,34.84,2,True,5.5758,0.6931,>.80,
TRB/USDT,2025-02-07,LONG,0.7802,32.71,34.84,1,True,6.5118,0.1725,.70-.80,
TRB/USDT,2025-02-10,LONG,0.5595,35.14,36.64,3,True,4.2686,0.6538,.55-.60,
TRB/USDT,2025-02-11,LONG,0.6593,34.45,36.64,2,True,6.357,0.3795,.60-.70,
TRB/USDT,2025-02-12,LONG,0.7795,37.91,36.64,1,True,-3.35,1.7353,.70-.80,1.5-2x
TRB/USDT,2025-02-15,LONG,0.7647,36.2,36.84,1,True,1.768,0.7663,.70-.80,
TRB/USDT,2025-02-17,LONG,0.6774,36.75,37.65,5,False,2.449,0.042,.60-.70,
TRB/USDT,2025-02-20,LONG,0.5804,36.97,32.29,4,True,-12.6589,0.4181,.55-.60,
TRB/USDT,2025-02-25,LONG,0.6602,33.83,35.54,4,True,5.0547,0.8401,.60-.70,
TRB/USDT,2025-02-26,LONG,0.9306,34.86,35.54,3,True,1.9507,0.5394,>.80,
TRB/USDT,2025-02-27,LONG,0.7695,35.62,35.54,2,True,-0.2246,0.386,.70-.80,
TRB/USDT,2025-03-03,LONG,0.6027,33.7,31.19,1,True,-7.4481,1.8813,.60-.70,1.5-2x
TRB/USDT,2025-03-10,LONG,0.5741,25.48,27.24,1,True,6.9074,0.6015,.55-.60,
TRB/USDT,2025-03-19,LONG,0.5865,31.09,29.29,1,True,-5.7896,0.5345,.55-.60,
TRB/USDT,2025-03-21,LONG,0.6862,29.45,31.09,5,False,5.5688,0.0945,.60-.70,
TRB/USDT,2025-04-04,LONG,0.6147,24.11,22.8,5,False,-5.4334,0.1718,.60-.70,
TRB/USDT,2025-04-05,LONG,0.6271,24.2,22.8,4,True,-5.7851,0.0869,.60-.70,
TRB/USDT,2025-04-06,LONG,0.6161,21.1,22.8,3,True,8.0569,2.7791,.60-.70,2-3x
CELR/USDT,2024-08-28,LONG,0.6665,0.01214,0.01127,5,False,-7.1664,0.3788,.60-.70,
CELR/USDT,2024-08-31,LONG,0.7579,0.01121,0.01127,2,True,0.5352,0.0676,.70-.80,
CELR/USDT,2024-09-03,LONG,0.9488,0.0106,0.01093,1,True,3.1132,1.3478,>.80,1-1.5x
CELR/USDT,2024-09-05,LONG,0.6964,0.01053,0.01016,1,True,-3.5138,0.8282,.60-.70,
CELR/USDT,2024-09-07,LONG,0.6645,0.01036,0.01076,1,True,3.861,0.4539,.60-.70,
CELR/USDT,2024-09-14,LONG,0.7548,0.01179,0.01107,1,True,-6.1069,0.0422,.70-.80,
CELR/USDT,2024-09-18,LONG,0.8874,0.01157,0.01323,5,False,14.3475,1.2484,>.80,1-1.5x
CELR/USDT,2024-09-19,LONG,0.782,0.01225,0.01344,5,False,9.7143,1.3864,.70-.80,1-1.5x
CELR/USDT,2024-09-21,LONG,0.6569,0.0128,0.01344,3,True,5.0,0.5611,.60-.70,
CELR/USDT,2024-09-22,LONG,0.822,0.01236,0.01344,2,True,8.7379,0.8884,>.80,
CELR/USDT,2024-10-08,LONG,0.5892,0.01215,0.01173,2,True,-3.4568,0.1282,.55-.60,
CELR/USDT,2024-10-11,LONG,0.6024,0.01232,0.01423,3,True,15.5032,1.3271,.60-.70,1-1.5x
CELR/USDT,2024-10-12,LONG,0.9179,0.01496,0.01423,2,True,-4.8797,3.5419,>.80,3-5x
CELR/USDT,2024-10-13,LONG,0.6569,0.01405,0.01423,1,True,1.2811,0.9995,.60-.70,
CELR/USDT,2024-10-16,LONG,0.8118,0.0132,0.01257,1,True,-4.7727,0.5682,>.80,
CELR/USDT,2024-10-18,LONG,0.8032,0.01314,0.01344,3,True,2.2831,0.718,>.80,
CELR/USDT,2024-10-27,LONG,0.5778,0.01198,0.01156,5,False,-3.5058,0.8773,.55-.60,
CELR/USDT,2024-11-01,LONG,0.6354,0.01156,0.0112,1,True,-3.1142,0.3808,.60-.70,
CELR/USDT,2024-11-08,LONG,0.568,0.01251,0.01363,5,False,8.9528,0.0781,.55-.60,
CELR/USDT,2024-11-13,LONG,0.5502,0.01363,0.01316,1,True,-3.4483,0.1993,.55-.60,
CELR/USDT,2024-11-15,LONG,0.9449,0.0142,0.01529,3,True,7.6761,1.4251,>.80,1-1.5x
CELR/USDT,2024-11-16,LONG,0.971,0.01475,0.01529,2,True,3.661,0.7087,>.80,
CELR/USDT,2024-11-17,LONG,0.6064,0.01404,0.01529,1,True,8.9031,0.8568,.60-.70,
CELR/USDT,2024-11-22,LONG,0.7136,0.01626,0.01789,3,True,10.0246,1.4167,.70-.80,1-1.5x
CELR/USDT,2024-11-23,LONG,0.6897,0.01805,0.01789,2,True,-0.8864,1.8365,.60-.70,1.5-2x
CELR/USDT,2024-11-24,LONG,0.6883,0.01917,0.01789,1,True,-6.6771,1.081,.60-.70,1-1.5x
CELR/USDT,2024-11-28,LONG,0.6776,0.02032,0.02222,3,True,9.3504,0.156,.60-.70,
CELR/USDT,2024-11-29,LONG,0.6005,0.02087,0.02222,2,True,6.4686,0.4745,.60-.70,
CELR/USDT,2024-11-30,LONG,0.6236,0.02268,0.02222,1,True,-2.0282,1.4786,.60-.70,1-1.5x
CELR/USDT,2024-12-08,LONG,0.6152,0.03057,0.02423,1,True,-20.7393,0.3709,.60-.70,
CELR/USDT,2024-12-12,LONG,0.5989,0.02677,0.02542,3,True,-5.043,0.0628,.55-.60,
CELR/USDT,2024-12-18,LONG,0.5709,0.02063,0.01972,5,False,-4.4111,0.936,.55-.60,
CELR/USDT,2024-12-27,LONG,0.6187,0.02103,0.02295,1,True,9.1298,0.5647,.60-.70,
CELR/USDT,2025-01-01,LONG,0.5767,0.0197,0.02084,3,True,5.7868,0.1956,.55-.60,
CELR/USDT,2025-01-03,LONG,0.622,0.02083,0.02084,1,True,0.048,0.877,.60-.70,
CELR/USDT,2025-01-20,LONG,0.6542,0.0151,0.0156,1,True,3.3113,0.1108,.60-.70,
CELR/USDT,2025-01-27,LONG,0.5662,0.01421,0.01369,1,True,-3.6594,0.6411,.55-.60,
CELR/USDT,2025-01-29,LONG,0.6069,0.01422,0.01571,1,True,10.4782,0.7619,.60-.70,
CELR/USDT,2025-02-01,LONG,0.755,0.01456,0.01212,3,True,-16.7582,1.4364,.70-.80,1-1.5x
CELR/USDT,2025-02-02,LONG,0.5566,0.01244,0.01212,2,True,-2.5723,2.1719,.55-.60,2-3x
CELR/USDT,2025-02-06,LONG,0.9664,0.01095,0.0114,1,True,4.1096,1.1295,>.80,1-1.5x
CELR/USDT,2025-02-08,LONG,0.7319,0.01208,0.01331,4,True,10.1821,1.0321,.70-.80,1-1.5x
CELR/USDT,2025-02-09,LONG,0.5929,0.01205,0.01331,3,True,10.4564,0.043,.55-.60,
CELR/USDT,2025-02-13,LONG,0.564,0.01292,0.01303,1,True,0.8514,0.4688,.55-.60,
CELR/USDT,2025-02-15,LONG,0.5664,0.01261,0.01321,5,False,4.7581,0.5136,.55-.60,
CELR/USDT,2025-02-16,LONG,0.5849,0.01283,0.01282,5,False,-0.0779,0.2785,.55-.60,
CELR/USDT,2025-02-22,LONG,0.5973,0.0139,0.01379,1,True,-0.7914,1.6469,.55-.60,1.5-2x
CELR/USDT,2025-02-26,LONG,0.682,0.01202,0.01182,3,True,-1.6639,0.0954,.60-.70,
CELR/USDT,2025-02-27,LONG,0.6163,0.01213,0.01182,2,True,-2.5556,0.1763,.60-.70,
CELR/USDT,2025-02-28,LONG,0.6778,0.01182,0.01182,1,True,0.0,0.5048,.60-.70,
CELR/USDT,2025-03-03,LONG,0.7342,0.01108,0.01085,1,True,-2.0758,2.4666,.70-.80,2-3x
CELR/USDT,2025-03-08,LONG,0.5611,0.01099,0.00955,1,True,-13.1028,0.3795,.55-.60,
CELR/USDT,2025-03-10,LONG,0.6141,0.0093,0.00951,1,True,2.2581,0.3614,.60-.70,
CELR/USDT,2025-03-12,LONG,0.5806,0.00998,0.01022,2,True,2.4048,0.6965,.55-.60,
CELR/USDT,2025-03-13,LONG,0.6694,0.00989,0.01022,1,True,3.3367,0.1273,.60-.70,
CELR/USDT,2025-03-15,LONG,0.7732,0.0106,0.01065,2,True,0.4717,0.5386,.70-.80,
CELR/USDT,2025-03-16,LONG,0.691,0.00996,0.01065,1,True,6.9277,0.9347,.60-.70,
CELR/USDT,2025-03-18,LONG,0.7938,0.01034,0.010475,2,True,1.3056,0.4342,.70-.80,
CELR/USDT,2025-03-19,LONG,0.5862,0.010937,0.010475,1,True,-4.2242,0.8434,.55-.60,
CELR/USDT,2025-03-21,LONG,0.8055,0.010121,0.011271,3,True,11.3625,0.4886,>.80,
CELR/USDT,2025-03-28,LONG,0.5519,0.009889,0.008283,5,False,-16.2403,1.3816,.55-.60,1-1.5x
CELR/USDT,2025-04-06,LONG,0.6005,0.007293,0.00796,5,False,9.1458,2.3186,.60-.70,2-3x
MAGIC/USDT,2024-08-27,LONG,0.6235,0.3452,0.333,1,True,-3.5342,1.2973,.60-.70,1-1.5x
MAGIC/USDT,2024-09-02,LONG,0.5986,0.3333,0.3285,2,True,-1.4401,1.4851,.55-.60,1-1.5x
MAGIC/USDT,2024-09-03,LONG,0.5771,0.3168,0.3285,1,True,3.6932,1.0866,.55-.60,1-1.5x
MAGIC/USDT,2024-09-14,LONG,0.5703,0.3438,0.3302,1,True,-3.9558,0.7354,.55-.60,
MAGIC/USDT,2024-09-16,LONG,0.581,0.317,0.3498,1,True,10.347,0.9819,.55-.60,
MAGIC/USDT,2024-09-22,LONG,0.5778,0.3614,0.3706,1,True,2.5457,1.2614,.55-.60,1-1.5x
MAGIC/USDT,2024-09-28,LONG,0.5592,0.3961,0.3298,5,False,-16.7382,0.8671,.55-.60,
MAGIC/USDT,2024-09-30,LONG,0.5828,0.3783,0.3477,5,False,-8.0888,1.1116,.55-.60,1-1.5x
MAGIC/USDT,2024-10-01,LONG,0.5701,0.3547,0.3477,4,True,-1.9735,1.3641,.55-.60,1-1.5x
MAGIC/USDT,2024-10-07,LONG,0.6529,0.3517,0.3382,4,True,-3.8385,0.6778,.60-.70,
MAGIC/USDT,2024-10-09,LONG,0.6856,0.3249,0.3382,2,True,4.0936,1.5291,.60-.70,1.5-2x
MAGIC/USDT,2024-10-10,LONG,0.5555,0.3279,0.3382,1,True,3.1412,0.25,.55-.60,
MAGIC/USDT,2024-10-13,LONG,0.6338,0.3441,0.3626,2,True,5.3763,0.13,.60-.70,
MAGIC/USDT,2024-10-17,LONG,0.5552,0.3429,0.3574,1,True,4.2286,0.5777,.55-.60,
MAGIC/USDT,2024-10-24,LONG,0.7775,0.3933,0.3653,1,True,-7.1192,0.1682,.70-.80,
MAGIC/USDT,2024-10-26,LONG,0.9897,0.3598,0.3605,5,False,0.1946,0.2817,>.80,
MAGIC/USDT,2024-10-28,LONG,0.7701,0.3654,0.3393,5,False,-7.1429,0.4412,.70-.80,
MAGIC/USDT,2024-11-01,LONG,0.6351,0.3529,0.3393,1,True,-3.8538,0.3795,.60-.70,
MAGIC/USDT,2024-11-11,LONG,0.6068,0.4173,0.3913,1,True,-6.2305,0.6185,.60-.70,
MAGIC/USDT,2024-11-15,LONG,0.9511,0.3719,0.3909,5,False,5.1089,0.7384,>.80,
MAGIC/USDT,2024-11-16,LONG,0.979,0.412,0.425,5,False,3.1553,1.7336,>.80,1.5-2x
MAGIC/USDT,2024-11-17,LONG,0.6475,0.387,0.4388,5,False,13.385,0.953,.60-.70,
MAGIC/USDT,2024-11-28,LONG,0.7477,0.5449,0.571,3,True,4.7899,0.0421,.70-.80,
MAGIC/USDT,2024-11-29,LONG,0.6154,0.5462,0.571,2,True,4.5405,0.0304,.60-.70,
MAGIC/USDT,2024-11-30,LONG,0.636,0.5885,0.571,1,True,-2.9737,0.9737,.60-.70,
MAGIC/USDT,2024-12-04,LONG,0.6144,0.6403,0.6905,3,True,7.8401,0.2962,.60-.70,
MAGIC/USDT,2024-12-18,LONG,0.749,0.4726,0.4388,2,True,-7.1519,1.6799,.70-.80,1.5-2x
MAGIC/USDT,2024-12-19,LONG,0.5624,0.4236,0.4388,1,True,3.5883,1.2191,.55-.60,1-1.5x
MAGIC/USDT,2024-12-21,LONG,0.5706,0.4168,0.4305,5,False,3.2869,0.5992,.55-.60,
MAGIC/USDT,2024-12-29,LONG,0.5546,0.4392,0.4409,3,True,0.3871,0.3455,.55-.60,
MAGIC/USDT,2025-01-04,LONG,0.5754,0.6149,0.5904,1,True,-3.9844,1.6515,.55-.60,1.5-2x
MAGIC/USDT,2025-01-12,LONG,0.7113,0.4668,0.4425,1,True,-5.2057,0.2188,.70-.80,
MAGIC/USDT,2025-01-14,LONG,0.5785,0.4582,0.4638,2,True,1.2222,0.4759,.55-.60,
MAGIC/USDT,2025-01-18,LONG,0.7972,0.4356,0.3643,5,False,-16.3682,1.4292,.70-.80,1-1.5x
MAGIC/USDT,2025-01-19,LONG,0.6008,0.3813,0.3483,5,False,-8.6546,1.477,.60-.70,1-1.5x
MAGIC/USDT,2025-01-20,LONG,0.6517,0.3698,0.3483,4,True,-5.814,0.3573,.60-.70,
MAGIC/USDT,2025-01-27,LONG,0.6443,0.344,0.3163,1,True,-8.0523,0.5117,.60-.70,
MAGIC/USDT,2025-02-01,LONG,0.8257,0.3023,0.222,5,False,-26.563,1.9934,>.80,1.5-2x
MAGIC/USDT,2025-02-02,LONG,0.8972,0.2562,0.222,4,True,-13.3489,2.314,>.80,2-3x
MAGIC/USDT,2025-02-03,LONG,0.8937,0.2558,0.222,3,True,-13.2134,0.0242,>.80,
MAGIC/USDT,2025-02-05,LONG,0.5974,0.2347,0.222,1,True,-5.4112,0.2985,.55-.60,
MAGIC/USDT,2025-02-07,LONG,0.619,0.2192,0.2301,2,True,4.9726,0.2282,.60-.70,
MAGIC/USDT,2025-02-08,LONG,0.5946,0.2354,0.2301,1,True,-2.2515,1.3284,.55-.60,1-1.5x
MAGIC/USDT,2025-02-12,LONG,0.6287,0.2535,0.2453,1,True,-3.2347,1.3568,.60-.70,1-1.5x
MAGIC/USDT,2025-02-15,LONG,0.6082,0.2478,0.2493,2,True,0.6053,0.4855,.60-.70,
MAGIC/USDT,2025-02-16,LONG,0.574,0.2541,0.2493,1,True,-1.889,0.4106,.55-.60,
MAGIC/USDT,2025-02-18,LONG,0.6222,0.2367,0.2382,1,True,0.6337,0.8574,.60-.70,
MAGIC/USDT,2025-03-04,LONG,0.5886,0.1784,0.1395,5,False,-21.8049,0.8325,.55-.60,
MAGIC/USDT,2025-03-05,LONG,0.6708,0.1776,0.1342,5,False,-24.4369,0.0667,.60-.70,
MAGIC/USDT,2025-03-07,LONG,0.7231,0.1641,0.1383,4,True,-15.7221,0.7251,.70-.80,
MAGIC/USDT,2025-03-08,LONG,0.6145,0.1604,0.1383,3,True,-13.7781,0.3437,.60-.70,
MAGIC/USDT,2025-03-10,LONG,0.6053,0.1342,0.1383,1,True,3.0551,0.5439,.60-.70,
MAGIC/USDT,2025-03-12,LONG,0.8354,0.1387,0.1385,2,True,-0.1442,0.042,>.80,
MAGIC/USDT,2025-03-13,LONG,0.6879,0.1339,0.1385,1,True,3.4354,0.5027,.60-.70,
MAGIC/USDT,2025-03-21,LONG,0.8348,0.1383,0.1447,1,True,4.6276,0.6568,>.80,
MAGIC/USDT,2025-04-03,LONG,0.5658,0.0812,0.0685,5,False,-15.6404,1.8397,.55-.60,1.5-2x
MAGIC/USDT,2025-04-05,LONG,0.5962,0.0794,0.0742,5,False,-6.5491,0.2526,.55-.60,
SSV/USDT,2024-08-27,LONG,0.6895,21.33,20.2,1,True,-5.2977,0.8101,.60-.70,
SSV/USDT,2024-09-03,LONG,0.5703,18.63,18.9,1,True,1.4493,1.0243,.55-.60,1-1.5x
SSV/USDT,2024-09-05,LONG,0.5535,18.21,18.0,2,True,-1.1532,0.5699,.55-.60,
SSV/USDT,2024-09-13,LONG,0.5966,20.51,19.38,2,True,-5.5095,0.139,.55-.60,
SSV/USDT,2024-09-14,LONG,0.5764,19.89,19.38,1,True,-2.5641,0.5791,.55-.60,
SSV/USDT,2024-09-24,LONG,0.6755,24.29,22.71,1,True,-6.5047,0.7891,.60-.70,
SSV/USDT,2024-10-01,LONG,0.5552,21.82,22.08,3,True,1.1916,1.1193,.55-.60,1-1.5x
SSV/USDT,2024-10-02,LONG,0.5687,21.33,22.08,2,True,3.5162,0.5068,.55-.60,
SSV/USDT,2024-10-08,LONG,0.5842,21.47,20.8,2,True,-3.1206,0.6773,.55-.60,
SSV/USDT,2024-10-09,LONG,0.7974,20.45,20.8,1,True,1.7115,1.0805,.70-.80,1-1.5x
SSV/USDT,2024-10-13,LONG,0.6147,21.31,22.9,2,True,7.4613,0.4405,.60-.70,
SSV/USDT,2024-10-19,LONG,0.5531,21.31,23.02,2,True,8.0244,0.5362,.55-.60,
SSV/USDT,2024-10-23,LONG,0.6585,21.44,21.81,1,True,1.7257,0.8538,.60-.70,
SSV/USDT,2024-10-27,LONG,0.7045,20.03,18.04,5,False,-9.9351,0.4311,.70-.80,
SSV/USDT,2024-10-28,LONG,0.574,19.84,17.08,5,False,-13.9113,0.1876,.55-.60,
SSV/USDT,2024-10-30,LONG,0.5901,21.19,15.9,5,False,-24.9646,0.3505,.55-.60,
SSV/USDT,2024-11-02,LONG,0.7442,17.08,19.84,4,True,16.1593,0.9446,.70-.80,
SSV/USDT,2024-11-04,LONG,0.796,15.9,19.84,2,True,24.7799,0.7343,.70-.80,
SSV/USDT,2024-11-05,LONG,0.5796,16.79,19.84,1,True,18.1656,1.0338,.55-.60,1-1.5x
SSV/USDT,2024-11-15,LONG,0.9946,18.42,17.41,5,False,-5.4832,0.2454,>.80,
SSV/USDT,2024-11-16,LONG,0.9997,19.87,20.16,5,False,1.4595,1.1305,>.80,1-1.5x
SSV/USDT,2024-11-17,LONG,0.9043,18.56,20.16,4,True,8.6207,0.9255,>.80,
SSV/USDT,2024-11-18,LONG,0.5843,19.74,20.16,3,True,2.1277,0.8851,.55-.60,
SSV/USDT,2024-11-19,LONG,0.974,18.51,20.16,2,True,8.9141,0.8536,>.80,
SSV/USDT,2024-11-20,LONG,0.6014,17.41,20.16,1,True,15.7955,0.8312,.60-.70,
SSV/USDT,2024-11-27,LONG,0.552,28.82,27.68,1,True,-3.9556,1.6096,.55-.60,1.5-2x
SSV/USDT,2024-11-29,LONG,0.9627,27.54,31.89,3,True,15.7952,0.0645,>.80,
SSV/USDT,2024-11-30,LONG,0.5983,31.99,31.89,2,True,-0.3126,1.9147,.55-.60,1.5-2x
SSV/USDT,2024-12-01,LONG,0.998,32.2,31.89,1,True,-0.9627,0.0777,>.80,
SSV/USDT,2024-12-05,LONG,0.5684,32.24,33.48,2,True,3.8462,0.359,.55-.60,
SSV/USDT,2024-12-11,LONG,0.7124,28.13,29.95,1,True,6.47,0.9378,.70-.80,
SSV/USDT,2024-12-14,LONG,0.6354,27.87,27.11,3,True,-2.7269,0.6116,.60-.70,
SSV/USDT,2024-12-15,LONG,0.891,29.72,27.11,2,True,-8.782,0.9091,>.80,
SSV/USDT,2024-12-16,LONG,0.5999,29.25,27.11,1,True,-7.3162,0.2169,.55-.60,
SSV/USDT,2024-12-18,LONG,0.5957,23.44,21.59,2,True,-7.8925,1.7901,.55-.60,1.5-2x
SSV/USDT,2024-12-19,LONG,0.5596,20.84,21.59,1,True,3.5988,1.4003,.55-.60,1-1.5x
SSV/USDT,2024-12-21,LONG,0.5657,20.48,22.06,5,False,7.7148,0.7414,.55-.60,
SSV/USDT,2024-12-22,LONG,0.6899,20.56,25.19,5,False,22.5195,0.0562,.60-.70,
SSV/USDT,2024-12-23,LONG,0.5922,23.13,26.34,5,False,13.8781,1.6363,.55-.60,1.5-2x
SSV/USDT,2025-01-03,LONG,0.6141,26.38,25.43,3,True,-3.6012,0.2968,.60-.70,
SSV/USDT,2025-01-09,LONG,0.5545,20.15,19.74,4,True,-2.0347,0.2968,.55-.60,
SSV/USDT,2025-01-17,LONG,0.602,21.97,17.74,5,False,-19.2535,1.4513,.60-.70,1-1.5x
SSV/USDT,2025-01-18,LONG,0.7513,19.59,17.74,4,True,-9.4436,2.0086,.70-.80,2-3x
SSV/USDT,2025-01-21,LONG,0.5841,18.51,17.74,1,True,-4.1599,0.2528,.55-.60,
SSV/USDT,2025-01-27,LONG,0.633,18.32,19.39,4,True,5.8406,0.1092,.60-.70,
SSV/USDT,2025-01-29,LONG,0.5877,17.99,19.39,2,True,7.7821,0.9204,.55-.60,
SSV/USDT,2025-01-30,LONG,0.5742,18.59,19.39,1,True,4.3034,0.7061,.55-.60,
SSV/USDT,2025-02-01,LONG,0.7238,17.2,11.58,5,False,-32.6744,2.0751,.70-.80,2-3x
SSV/USDT,2025-02-02,LONG,0.7054,14.36,11.58,4,True,-19.3593,2.5399,.70-.80,2-3x
SSV/USDT,2025-02-03,LONG,0.8954,13.39,11.58,3,True,-13.5176,1.0451,>.80,1-1.5x
SSV/USDT,2025-02-08,LONG,0.5722,11.77,11.71,3,True,-0.5098,1.0564,.55-.60,1-1.5x
SSV/USDT,2025-02-14,LONG,0.6377,12.12,12.05,1,True,-0.5776,0.275,.60-.70,
SSV/USDT,2025-02-16,LONG,0.5732,11.92,11.74,5,False,-1.5101,0.1686,.55-.60,
SSV/USDT,2025-02-22,LONG,0.5703,12.39,11.16,4,True,-9.9274,1.0613,.55-.60,1-1.5x
SSV/USDT,2025-02-27,LONG,0.5977,11.14,10.72,1,True,-3.7702,0.036,.55-.60,
SSV/USDT,2025-03-04,LONG,0.6007,9.25,7.74,5,False,-16.3243,0.7742,.60-.70,
SSV/USDT,2025-03-05,LONG,0.6348,9.59,7.09,5,False,-26.0688,0.4875,.60-.70,
SSV/USDT,2025-03-06,LONG,0.5779,9.43,7.17,5,False,-23.9661,0.2219,.55-.60,
SSV/USDT,2025-03-09,LONG,0.5952,7.74,7.17,2,True,-7.3643,1.7285,.55-.60,1.5-2x
SSV/USDT,2025-03-10,LONG,0.6356,7.09,7.17,1,True,1.1283,1.0702,.60-.70,1-1.5x
SSV/USDT,2025-03-12,LONG,0.6952,7.22,7.35,2,True,1.8006,0.0898,.60-.70,
SSV/USDT,2025-03-13,LONG,0.7177,7.1,7.35,1,True,3.5211,0.2143,.70-.80,
SSV/USDT,2025-03-16,LONG,0.6033,7.28,7.84,1,True,7.6923,0.854,.60-.70,
SSV/USDT,2025-03-18,LONG,0.5815,7.681,7.784,2,True,1.341,0.2667,.55-.60,
SSV/USDT,2025-03-21,LONG,0.6784,7.85,8.005,5,False,1.9745,0.109,.60-.70,
SSV/USDT,2025-03-25,LONG,0.5505,8.267,8.005,1,True,-3.1692,0.1263,.55-.60,
LQTY/USDT,2024-09-05,LONG,0.6736,0.7166,0.791,4,True,10.3824,0.3108,.60-.70,
LQTY/USDT,2024-09-13,LONG,0.5714,0.917,0.7848,3,True,-14.4166,2.0842,.55-.60,2-3x
LQTY/USDT,2024-09-14,LONG,0.5575,0.9067,0.7848,2,True,-13.4444,0.165,.55-.60,
LQTY/USDT,2024-09-19,LONG,0.5578,0.9564,0.9745,3,True,1.8925,1.0145,.55-.60,1-1.5x
LQTY/USDT,2024-09-24,LONG,0.5706,1.0227,0.9822,5,False,-3.9601,0.4787,.55-.60,
LQTY/USDT,2024-09-30,LONG,0.5648,0.9077,0.8309,4,True,-8.4609,1.2876,.55-.60,1-1.5x
LQTY/USDT,2024-10-01,LONG,0.5942,0.8075,0.8309,3,True,2.8978,1.7251,.55-.60,1.5-2x
LQTY/USDT,2024-10-02,LONG,0.6099,0.7999,0.8309,2,True,3.8755,0.1486,.60-.70,
LQTY/USDT,2024-10-07,LONG,0.5788,0.8735,0.855,5,False,-2.1179,0.1101,.55-.60,
LQTY/USDT,2024-10-11,LONG,0.7489,0.8447,0.8775,3,True,3.883,1.41,.70-.80,1-1.5x
LQTY/USDT,2024-10-12,LONG,0.7194,0.855,0.8775,2,True,2.6316,0.2575,.70-.80,
LQTY/USDT,2024-10-21,LONG,0.566,0.8539,0.8905,5,False,4.2862,0.8977,.55-.60,
LQTY/USDT,2024-10-22,LONG,0.5781,0.8416,0.8905,4,True,5.8104,0.3799,.55-.60,
LQTY/USDT,2024-10-27,LONG,0.57,0.8823,0.9647,2,True,9.3392,0.2042,.55-.60,
LQTY/USDT,2024-10-28,LONG,0.6843,0.865,0.9647,1,True,11.526,0.4517,.60-.70,
LQTY/USDT,2024-11-08,LONG,0.5978,0.9351,1.1813,5,False,26.3287,0.3329,.55-.60,
LQTY/USDT,2024-11-10,LONG,0.7856,1.0651,1.1813,3,True,10.9098,1.4389,.70-.80,1-1.5x
LQTY/USDT,2024-11-11,LONG,0.6464,1.1165,1.1813,2,True,5.8039,0.7948,.60-.70,
LQTY/USDT,2024-11-12,LONG,0.7557,1.133,1.1813,1,True,4.263,0.2441,.70-.80,
LQTY/USDT,2024-11-17,LONG,0.9534,1.1237,1.1281,3,True,0.3916,0.6378,>.80,
LQTY/USDT,2024-11-18,LONG,0.9125,1.1592,1.1281,2,True,-2.6829,0.6088,>.80,
LQTY/USDT,2024-11-24,LONG,0.5694,1.392,1.6363,3,True,17.5503,1.7041,.55-.60,1.5-2x
LQTY/USDT,2024-11-25,LONG,0.6493,1.3043,1.6363,2,True,25.4543,1.2112,.60-.70,1-1.5x
LQTY/USDT,2024-11-30,LONG,0.6307,1.5811,1.6392,2,True,3.6747,0.651,.60-.70,
LQTY/USDT,2024-12-11,LONG,0.6637,2.4136,2.2881,3,True,-5.1997,0.7219,.60-.70,
LQTY/USDT,2024-12-12,LONG,0.8689,2.5343,2.2881,2,True,-9.7147,0.4586,>.80,
LQTY/USDT,2024-12-13,LONG,0.5748,2.3666,2.2881,1,True,-3.317,0.5928,.55-.60,
LQTY/USDT,2024-12-17,LONG,0.6376,1.988,1.7475,3,True,-12.0976,0.8033,.60-.70,
LQTY/USDT,2024-12-23,LONG,0.5822,1.7995,1.9318,5,False,7.352,1.0755,.55-.60,1-1.5x
LQTY/USDT,2024-12-26,LONG,0.6038,2.1293,1.8047,5,False,-15.2444,0.7115,.60-.70,
LQTY/USDT,2025-01-08,LONG,0.5518,1.5959,1.521,1,True,-4.6933,0.5759,.55-.60,
LQTY/USDT,2025-01-12,LONG,0.5671,1.5326,2.0684,5,False,34.9602,0.024,.55-.60,
LQTY/USDT,2025-01-16,LONG,0.834,2.0261,2.0684,1,True,2.0878,0.7926,>.80,
LQTY/USDT,2025-01-19,LONG,0.7241,1.8058,1.6853,5,False,-6.6729,0.9075,.70-.80,
LQTY/USDT,2025-01-21,LONG,0.7795,2.0132,1.6853,3,True,-16.2875,2.1319,.70-.80,2-3x
LQTY/USDT,2025-02-02,LONG,0.6,1.2372,0.9962,5,False,-19.4795,1.4433,.55-.60,1-1.5x
LQTY/USDT,2025-02-03,LONG,0.6381,1.2186,1.0551,5,False,-13.417,0.211,.60-.70,
LQTY/USDT,2025-02-05,LONG,0.736,1.0159,1.02,4,True,0.4036,0.4922,.70-.80,
LQTY/USDT,2025-02-06,LONG,0.7965,0.9958,1.02,3,True,2.4302,0.2833,.70-.80,
LQTY/USDT,2025-02-07,LONG,0.8608,0.9962,1.02,2,True,2.3891,0.0058,>.80,
LQTY/USDT,2025-02-08,LONG,0.6436,1.0551,1.02,1,True,-3.3267,0.821,.60-.70,
LQTY/USDT,2025-02-10,LONG,0.692,1.0648,1.0676,1,True,0.263,0.7545,.60-.70,
LQTY/USDT,2025-02-22,LONG,0.5911,0.9628,0.827,3,True,-14.1047,0.6431,.55-.60,
LQTY/USDT,2025-02-23,LONG,0.7372,0.9454,0.827,2,True,-12.5238,0.4449,.70-.80,
LQTY/USDT,2025-03-01,LONG,0.6026,0.8368,0.7942,5,False,-5.0908,0.7693,.60-.70,
LQTY/USDT,2025-03-02,LONG,0.5635,0.929,0.771,5,False,-17.0075,2.3845,.55-.60,2-3x
LQTY/USDT,2025-03-03,LONG,0.8761,0.7766,0.7666,5,False,-1.2877,2.8229,>.80,2-3x
LQTY/USDT,2025-03-04,LONG,0.5889,0.764,0.6995,5,False,-8.4424,0.2796,.55-.60,
LQTY/USDT,2025-03-05,LONG,0.6236,0.7805,0.6718,5,False,-13.927,0.3731,.60-.70,
LQTY/USDT,2025-03-06,LONG,0.918,0.7942,0.695,5,False,-12.4906,0.3022,>.80,
LQTY/USDT,2025-03-07,LONG,0.7959,0.771,0.695,4,True,-9.8573,0.5014,.70-.80,
LQTY/USDT,2025-03-09,LONG,0.6738,0.6995,0.695,2,True,-0.6433,1.4399,.60-.70,1-1.5x
LQTY/USDT,2025-03-10,LONG,0.5939,0.6718,0.695,1,True,3.4534,0.6484,.55-.60,
LQTY/USDT,2025-03-12,LONG,0.6908,0.7109,0.7092,2,True,-0.2391,0.3713,.60-.70,
LQTY/USDT,2025-03-18,LONG,0.5772,0.7201,0.7652,1,True,6.263,0.2634,.55-.60,
LQTY/USDT,2025-03-30,LONG,0.6059,0.6607,0.611,5,False,-7.5223,0.0682,.60-.70,
LQTY/USDT,2025-04-02,LONG,0.6526,0.5893,0.4925,5,False,-16.4263,2.4264,.60-.70,2-3x
LQTY/USDT,2025-04-05,LONG,0.6911,0.6049,0.4618,3,True,-23.6568,0.2158,.60-.70,
LQTY/USDT,2025-04-06,LONG,0.7712,0.5188,0.4618,2,True,-10.9869,2.6904,.70-.80,2-3x
JOE/USDT,2024-08-29,LONG,0.6542,0.3211,0.3179,2,True,-0.9966,0.8917,.60-.70,
JOE/USDT,2024-08-30,LONG,0.5506,0.326,0.3179,1,True,-2.4847,0.3898,.55-.60,
JOE/USDT,2024-09-02,LONG,0.5762,0.312,0.2996,5,False,-3.9744,1.1923,.55-.60,1-1.5x
JOE/USDT,2024-09-03,LONG,0.5588,0.2951,0.3218,5,False,9.0478,1.3035,.55-.60,1-1.5x
JOE/USDT,2024-09-14,LONG,0.6084,0.3496,0.3284,3,True,-6.0641,0.3687,.60-.70,
JOE/USDT,2024-09-18,LONG,0.7465,0.3396,0.3805,5,False,12.0436,0.896,.70-.80,
JOE/USDT,2024-09-19,LONG,0.7396,0.3692,0.3928,5,False,6.3922,2.0565,.70-.80,2-3x
JOE/USDT,2024-09-22,LONG,0.5663,0.378,0.3946,4,True,4.3915,0.6415,.55-.60,
JOE/USDT,2024-09-30,LONG,0.6901,0.3667,0.3209,5,False,-12.4898,1.3024,.60-.70,1-1.5x
JOE/USDT,2024-10-01,LONG,0.6817,0.3254,0.338,5,False,3.8722,2.4216,.60-.70,2-3x
JOE/USDT,2024-10-04,LONG,0.6739,0.3239,0.3341,3,True,3.1491,1.0511,.60-.70,1-1.5x
JOE/USDT,2024-10-05,LONG,0.6325,0.3209,0.3341,2,True,4.1134,0.2034,.60-.70,
JOE/USDT,2024-10-10,LONG,0.7746,0.3149,0.3359,1,True,6.6688,0.0771,.70-.80,
JOE/USDT,2024-10-25,LONG,0.5959,0.3027,0.3059,1,True,1.0572,2.0165,.55-.60,2-3x
JOE/USDT,2024-10-28,LONG,0.9149,0.318,0.3281,1,True,3.1761,0.5652,>.80,
JOE/USDT,2024-10-31,LONG,0.7156,0.3068,0.2947,2,True,-3.9439,1.3095,.70-.80,1-1.5x
JOE/USDT,2024-11-15,LONG,0.5782,0.3719,0.3911,3,True,5.1627,0.6871,.55-.60,
JOE/USDT,2024-11-16,LONG,0.73,0.3974,0.3911,2,True,-1.5853,1.1197,.70-.80,1-1.5x
JOE/USDT,2024-11-17,LONG,0.6133,0.3818,0.3911,1,True,2.4358,0.6296,.60-.70,
JOE/USDT,2024-11-21,LONG,0.5843,0.39,0.4534,1,True,16.2564,1.3817,.55-.60,1-1.5x
JOE/USDT,2024-11-23,LONG,0.5991,0.4372,0.5105,1,True,16.7658,0.488,.55-.60,
JOE/USDT,2024-11-26,LONG,0.6581,0.5185,0.5743,1,True,10.7618,0.6248,.60-.70,
JOE/USDT,2024-11-28,LONG,0.553,0.5491,0.5718,2,True,4.134,0.5445,.55-.60,
JOE/USDT,2024-11-29,LONG,0.5746,0.5728,0.5718,1,True,-0.1746,0.535,.55-.60,
JOE/USDT,2024-12-02,LONG,0.7152,0.6135,0.6005,3,True,-2.119,1.5702,.70-.80,1.5-2x
JOE/USDT,2024-12-03,LONG,0.5929,0.6087,0.6005,2,True,-1.3471,0.1105,.55-.60,
JOE/USDT,2024-12-04,LONG,0.6301,0.6246,0.6005,1,True,-3.8585,0.3745,.60-.70,
JOE/USDT,2024-12-07,LONG,0.6616,0.621,0.6465,1,True,4.1063,0.4086,.60-.70,
JOE/USDT,2024-12-09,LONG,0.7447,0.5008,0.5673,3,True,13.2788,2.4988,.70-.80,2-3x
JOE/USDT,2024-12-14,LONG,0.5629,0.5218,0.4376,4,True,-16.1365,0.6585,.55-.60,
JOE/USDT,2024-12-15,LONG,0.6339,0.5424,0.4376,3,True,-19.3215,0.5162,.60-.70,
JOE/USDT,2024-12-21,LONG,0.638,0.3849,0.4126,2,True,7.1967,0.6626,.60-.70,
JOE/USDT,2024-12-24,LONG,0.6085,0.4378,0.377,5,False,-13.8876,0.8032,.60-.70,
JOE/USDT,2024-12-25,LONG,0.5521,0.4231,0.3737,5,False,-11.6757,0.442,.55-.60,
JOE/USDT,2024-12-26,LONG,0.874,0.39,0.3737,4,True,-4.1795,1.0454,>.80,1-1.5x
JOE/USDT,2024-12-27,LONG,0.7547,0.3855,0.3737,3,True,-3.061,0.1542,.70-.80,
JOE/USDT,2024-12-31,LONG,0.6036,0.3655,0.3955,2,True,8.2079,0.4239,.60-.70,
JOE/USDT,2025-01-10,LONG,0.6982,0.3532,0.3348,3,True,-5.2095,0.2678,.60-.70,
JOE/USDT,2025-01-11,LONG,0.6274,0.351,0.3348,2,True,-4.6154,0.1386,.60-.70,
JOE/USDT,2025-01-22,LONG,0.5816,0.3397,0.331,2,True,-2.5611,0.0684,.55-.60,
JOE/USDT,2025-01-26,LONG,0.6858,0.3464,0.3103,4,True,-10.4215,0.4899,.60-.70,
JOE/USDT,2025-01-28,LONG,0.5822,0.2964,0.3103,2,True,4.6896,1.4348,.55-.60,1-1.5x
JOE/USDT,2025-01-29,LONG,0.6036,0.3074,0.3103,1,True,0.9434,0.729,.60-.70,
JOE/USDT,2025-02-01,LONG,0.5615,0.2808,0.2386,2,True,-15.0285,1.6447,.55-.60,1.5-2x
JOE/USDT,2025-02-02,LONG,0.954,0.2364,0.2386,1,True,0.9306,2.4901,>.80,2-3x
JOE/USDT,2025-02-05,LONG,0.6192,0.2211,0.2055,1,True,-7.0556,0.4794,.60-.70,
JOE/USDT,2025-02-07,LONG,0.8637,0.2049,0.219,2,True,6.8814,0.0535,>.80,
JOE/USDT,2025-02-10,LONG,0.5837,0.2267,0.2252,1,True,-0.6617,0.6616,.55-.60,
JOE/USDT,2025-02-18,LONG,0.6277,0.2298,0.2339,1,True,1.7842,0.7413,.60-.70,
JOE/USDT,2025-03-03,LONG,0.6109,0.2,0.1962,4,True,-1.9,2.6189,.60-.70,2-3x
JOE/USDT,2025-03-10,LONG,0.6074,0.1592,0.1938,5,False,21.7337,1.0393,.60-.70,1-1.5x
JOE/USDT,2025-03-12,LONG,0.5539,0.1824,0.1938,3,True,6.25,0.7111,.55-.60,
JOE/USDT,2025-03-13,LONG,0.6165,0.1805,0.1938,2,True,7.3684,0.1366,.60-.70,
JOE/USDT,2025-03-21,LONG,0.7556,0.188,0.1919,1,True,2.0745,0.2346,.70-.80,
JOE/USDT,2025-03-23,LONG,0.6411,0.1954,0.2051,3,True,4.9642,0.3295,.60-.70,
JOE/USDT,2025-04-05,LONG,0.5553,0.1595,0.1581,4,True,-0.8777,0.2192,.55-.60,
JOE/USDT,2025-04-06,LONG,0.9123,0.1407,0.1581,3,True,12.3667,2.3795,>.80,2-3x
ID/USDT,2024-08-27,LONG,0.6349,0.3639,0.3526,1,True,-3.1052,1.1743,.60-.70,1-1.5x
ID/USDT,2024-09-05,LONG,0.5983,0.3226,0.3265,3,True,1.2089,0.9554,.55-.60,
ID/USDT,2024-09-18,LONG,0.5603,0.346,0.3779,4,True,9.2197,0.771,.55-.60,
ID/USDT,2024-09-19,LONG,0.6097,0.3624,0.3779,3,True,4.277,1.3539,.60-.70,1-1.5x
ID/USDT,2024-09-25,LONG,0.8684,0.4108,0.4197,3,True,2.1665,2.0718,>.80,2-3x
ID/USDT,2024-09-26,LONG,0.634,0.4292,0.4197,2,True,-2.2134,1.4975,.60-.70,1-1.5x
ID/USDT,2024-09-27,LONG,0.6699,0.4354,0.4197,1,True,-3.6059,0.4829,.60-.70,
ID/USDT,2024-10-01,LONG,0.6642,0.3575,0.3697,5,False,3.4126,1.9275,.60-.70,1.5-2x
ID/USDT,2024-10-07,LONG,0.6207,0.3686,0.3745,5,False,1.6007,0.0733,.60-.70,
ID/USDT,2024-10-09,LONG,0.5534,0.3526,0.3985,5,False,13.0176,0.4769,.55-.60,
ID/USDT,2024-10-13,LONG,0.5819,0.3727,0.3794,5,False,1.7977,0.1245,.55-.60,
ID/USDT,2024-10-20,LONG,0.5818,0.4133,0.3937,1,True,-4.7423,2.3119,.55-.60,2-3x
ID/USDT,2024-10-22,LONG,0.607,0.4158,0.3967,1,True,-4.5936,1.5675,.60-.70,1.5-2x
ID/USDT,2024-10-24,LONG,0.5907,0.4236,0.401,3,True,-5.3352,1.7278,.55-.60,1.5-2x
ID/USDT,2024-10-26,LONG,0.6278,0.3915,0.401,1,True,2.4266,0.4213,.60-.70,
ID/USDT,2024-10-28,LONG,0.8212,0.3934,0.3871,5,False,-1.6014,0.4202,>.80,
ID/USDT,2024-11-15,LONG,0.8918,0.4295,0.4216,5,False,-1.8393,0.8285,>.80,
ID/USDT,2024-11-16,LONG,0.9462,0.4601,0.4467,5,False,-2.9124,1.3695,>.80,1-1.5x
ID/USDT,2024-11-17,LONG,0.6328,0.4322,0.457,5,False,5.7381,1.1237,.60-.70,1-1.5x
ID/USDT,2024-11-19,LONG,0.7335,0.4538,0.457,3,True,0.7052,0.5876,.70-.80,
ID/USDT,2024-11-25,LONG,0.5677,0.4895,0.5694,4,True,16.3228,0.7968,.55-.60,
ID/USDT,2024-11-28,LONG,0.5939,0.5547,0.5694,1,True,2.6501,0.4236,.55-.60,
ID/USDT,2024-12-01,LONG,0.6723,0.601,0.5897,1,True,-1.8802,0.5184,.60-.70,
ID/USDT,2024-12-03,LONG,0.6627,0.6014,0.6727,3,True,11.8557,0.3969,.60-.70,
ID/USDT,2024-12-04,LONG,0.5561,0.6357,0.6727,2,True,5.8204,1.1537,.55-.60,1-1.5x
ID/USDT,2024-12-05,LONG,0.782,0.6573,0.6727,1,True,2.3429,0.689,.70-.80,
ID/USDT,2024-12-14,LONG,0.7283,0.5143,0.4786,3,True,-6.9415,0.8549,.70-.80,
ID/USDT,2024-12-15,LONG,0.8175,0.5318,0.4786,2,True,-10.0038,0.5661,>.80,
ID/USDT,2024-12-16,LONG,0.6328,0.509,0.4786,1,True,-5.9725,0.7181,.60-.70,
ID/USDT,2024-12-18,LONG,0.5625,0.4317,0.4335,2,True,0.417,1.631,.55-.60,1.5-2x
ID/USDT,2024-12-19,LONG,0.5708,0.4017,0.4335,1,True,7.9164,1.1432,.55-.60,1-1.5x
ID/USDT,2024-12-21,LONG,0.6182,0.451,0.4571,2,True,1.3525,0.6285,.60-.70,
ID/USDT,2024-12-31,LONG,0.6001,0.4363,0.4623,2,True,5.9592,0.358,.60-.70,
ID/USDT,2025-01-10,LONG,0.5662,0.4487,0.4297,2,True,-4.2345,0.0587,.55-.60,
ID/USDT,2025-01-11,LONG,0.5626,0.4414,0.4297,1,True,-2.6507,0.4726,.55-.60,
ID/USDT,2025-01-17,LONG,0.556,0.4659,0.4073,4,True,-12.5778,2.0744,.55-.60,2-3x
ID/USDT,2025-01-18,LONG,0.6905,0.4372,0.4073,3,True,-6.839,1.609,.60-.70,1.5-2x
ID/USDT,2025-01-19,LONG,0.6102,0.3922,0.4073,2,True,3.8501,2.3043,.60-.70,2-3x
ID/USDT,2025-01-23,LONG,0.6623,0.3892,0.3665,3,True,-5.8325,0.1761,.60-.70,
ID/USDT,2025-01-24,LONG,0.6611,0.376,0.3665,2,True,-2.5266,0.7754,.60-.70,
ID/USDT,2025-01-28,LONG,0.679,0.3374,0.3576,2,True,5.987,1.2646,.60-.70,1-1.5x
ID/USDT,2025-02-01,LONG,0.6194,0.3312,0.2374,5,False,-28.3213,1.6657,.60-.70,1.5-2x
ID/USDT,2025-02-02,LONG,0.7378,0.2829,0.2414,5,False,-14.6695,2.717,.70-.80,2-3x
ID/USDT,2025-02-03,LONG,0.9663,0.2828,0.2597,5,False,-8.1683,0.0067,>.80,
ID/USDT,2025-02-05,LONG,0.6312,0.253,0.2738,5,False,8.2213,0.3025,.60-.70,
ID/USDT,2025-02-06,LONG,0.9154,0.2374,0.2707,5,False,14.027,1.2928,>.80,1-1.5x
ID/USDT,2025-02-07,LONG,0.8701,0.2414,0.2707,4,True,12.1375,0.3484,>.80,
ID/USDT,2025-02-08,LONG,0.5822,0.2597,0.2707,3,True,4.2357,1.5079,.55-.60,1.5-2x
ID/USDT,2025-02-09,LONG,0.7735,0.2655,0.2707,2,True,1.9586,0.4398,.70-.80,
ID/USDT,2025-02-14,LONG,0.5971,0.2976,0.3091,5,False,3.8642,0.3299,.55-.60,
ID/USDT,2025-02-15,LONG,0.5597,0.2849,0.3091,4,True,8.4942,0.7048,.55-.60,
ID/USDT,2025-02-17,LONG,0.5734,0.3089,0.3091,2,True,0.0647,0.3807,.55-.60,
ID/USDT,2025-02-18,LONG,0.9377,0.3091,0.3091,1,True,0.0,0.0099,>.80,
ID/USDT,2025-02-20,LONG,0.9916,0.3179,0.271,5,False,-14.7531,0.4392,>.80,
ID/USDT,2025-02-26,LONG,0.5805,0.276,0.244,5,False,-11.5942,0.3477,.55-.60,
ID/USDT,2025-03-01,LONG,0.5614,0.2656,0.244,2,True,-8.1325,0.5084,.55-.60,
ID/USDT,2025-03-02,LONG,0.6033,0.2875,0.244,1,True,-15.1304,1.527,.60-.70,1.5-2x
ID/USDT,2025-03-12,LONG,0.7574,0.2277,0.2335,2,True,2.5472,1.8309,.70-.80,1.5-2x
ID/USDT,2025-03-13,LONG,0.8427,0.2375,0.2335,1,True,-1.6842,0.6347,>.80,
ID/USDT,2025-03-17,LONG,0.6628,0.2667,0.2538,2,True,-4.8369,0.8769,.60-.70,
ID/USDT,2025-03-18,LONG,0.5761,0.2538,0.2538,1,True,0.0,0.699,.55-.60,
ID/USDT,2025-03-21,LONG,0.7874,0.2574,0.2506,5,False,-2.6418,0.5021,.70-.80,
ARKM/USDT,2024-10-27,LONG,0.5948,1.554,1.677,5,False,7.9151,0.2129,.55-.60,
ARKM/USDT,2024-10-31,LONG,0.5528,1.628,1.649,3,True,1.2899,0.1044,.55-.60,
ARKM/USDT,2024-11-05,LONG,0.5896,1.686,2.324,2,True,37.841,0.8244,.55-.60,
ARKM/USDT,2024-11-11,LONG,0.7235,2.384,2.191,1,True,-8.0956,1.0631,.70-.80,1-1.5x
ARKM/USDT,2024-11-13,LONG,0.6201,2.063,1.953,1,True,-5.332,0.7315,.60-.70,
ARKM/USDT,2024-11-16,LONG,0.5808,2.154,2.15,2,True,-0.1857,0.5642,.55-.60,
ARKM/USDT,2024-11-17,LONG,0.7423,2.069,2.15,1,True,3.9149,0.5092,.70-.80,
ARKM/USDT,2024-11-19,LONG,0.6152,2.018,2.07,1,True,2.5768,0.7942,.60-.70,
ARKM/USDT,2024-11-30,LONG,0.5946,2.412,2.339,1,True,-3.0265,0.7001,.55-.60,
ARKM/USDT,2024-12-14,LONG,0.5669,1.995,1.891,3,True,-5.213,0.7269,.55-.60,
ARKM/USDT,2024-12-15,LONG,0.7308,2.082,1.891,2,True,-9.1739,0.675,.70-.80,
ARKM/USDT,2024-12-16,LONG,0.818,1.995,1.891,1,True,-5.213,0.646,>.80,
ARKM/USDT,2024-12-18,LONG,0.6843,1.704,1.539,2,True,-9.6831,1.6011,.60-.70,1.5-2x
ARKM/USDT,2024-12-21,LONG,0.5622,1.438,1.622,3,True,12.7955,0.9947,.55-.60,
ARKM/USDT,2024-12-22,LONG,0.5815,1.433,1.622,2,True,13.1891,0.0526,.55-.60,
ARKM/USDT,2024-12-23,LONG,0.865,1.558,1.622,1,True,4.1078,1.278,>.80,1-1.5x
ARKM/USDT,2024-12-25,LONG,0.7622,1.576,1.459,4,True,-7.4239,0.4195,.70-.80,
ARKM/USDT,2024-12-30,LONG,0.6482,1.43,1.493,2,True,4.4056,0.3582,.60-.70,
ARKM/USDT,2024-12-31,LONG,0.7095,1.386,1.493,1,True,7.7201,0.5993,.70-.80,
ARKM/USDT,2025-01-10,LONG,0.8043,1.379,1.274,3,True,-7.6142,0.5209,>.80,
ARKM/USDT,2025-01-11,LONG,0.794,1.375,1.274,2,True,-7.3455,0.0533,.70-.80,
ARKM/USDT,2025-01-12,LONG,0.6672,1.342,1.274,1,True,-5.0671,0.4753,.60-.70,
ARKM/USDT,2025-01-17,LONG,0.5856,1.495,1.229,4,True,-17.7926,1.4124,.55-.60,1-1.5x
ARKM/USDT,2025-01-18,LONG,0.7573,1.374,1.229,3,True,-10.5531,1.3471,.70-.80,1-1.5x
ARKM/USDT,2025-01-19,LONG,0.6493,1.251,1.229,2,True,-1.7586,1.4174,.60-.70,1-1.5x
ARKM/USDT,2025-01-20,LONG,0.582,1.19,1.229,1,True,3.2773,0.7658,.55-.60,
ARKM/USDT,2025-01-22,LONG,0.7358,1.219,1.217,2,True,-0.1641,0.1353,.70-.80,
ARKM/USDT,2025-01-23,LONG,0.9459,1.224,1.217,1,True,-0.5719,0.0714,>.80,
ARKM/USDT,2025-01-27,LONG,0.6945,1.146,1.041,1,True,-9.1623,0.9906,.60-.70,
ARKM/USDT,2025-02-01,LONG,0.8404,1.04,0.698,5,False,-32.8846,1.8724,>.80,1.5-2x
ARKM/USDT,2025-02-02,LONG,0.9324,0.875,0.698,4,True,-20.2286,2.3381,>.80,2-3x
ARKM/USDT,2025-02-03,LONG,0.9958,0.854,0.698,3,True,-18.267,0.3635,>.80,
ARKM/USDT,2025-02-07,LONG,0.7113,0.718,0.695,1,True,-3.2033,0.4965,.70-.80,
ARKM/USDT,2025-02-11,LONG,0.9676,0.698,0.679,2,True,-2.7221,0.8766,>.80,
ARKM/USDT,2025-02-12,LONG,0.9215,0.713,0.679,1,True,-4.7686,0.3642,>.80,
ARKM/USDT,2025-02-15,LONG,0.5665,0.688,0.6704,5,False,-2.5581,0.5968,.55-.60,
ARKM/USDT,2025-02-16,LONG,0.6495,0.704,0.6704,4,True,-4.7727,0.3771,.60-.70,
ARKM/USDT,2025-03-03,LONG,0.5945,0.5558,0.5599,5,False,0.7377,2.582,.55-.60,2-3x
ARKM/USDT,2025-03-05,LONG,0.587,0.5803,0.4582,5,False,-21.0408,1.0556,.55-.60,1-1.5x
ARKM/USDT,2025-03-06,LONG,0.5907,0.5663,0.5168,5,False,-8.741,0.3212,.55-.60,
ARKM/USDT,2025-03-10,LONG,0.7423,0.4582,0.5168,1,True,12.7892,0.845,.70-.80,
ARKM/USDT,2025-03-13,LONG,0.6587,0.5077,0.5239,1,True,3.1909,0.3605,.60-.70,
ARKM/USDT,2025-03-21,LONG,0.6655,0.5818,0.6389,4,True,9.8144,0.1895,.60-.70,
ARKM/USDT,2025-03-26,LONG,0.6092,0.6145,0.5051,5,False,-17.8031,0.6612,.60-.70,
ARKM/USDT,2025-04-04,LONG,0.5603,0.4987,0.4635,5,False,-7.0584,0.2574,.55-.60,
ARKM/USDT,2025-04-06,LONG,0.7096,0.4345,0.4635,3,True,6.6743,2.2457,.70-.80,2-3x
WLD/USDT,2024-08-31,LONG,0.553,1.491,1.388,5,False,-6.9081,0.4113,.55-.60,
WLD/USDT,2024-09-04,LONG,0.5582,1.425,1.388,1,True,-2.5965,0.2593,.55-.60,
WLD/USDT,2024-09-29,LONG,0.9514,2.044,1.659,2,True,-18.8356,0.2757,>.80,
WLD/USDT,2024-10-02,LONG,0.5738,1.601,1.936,5,False,20.9244,0.5523,.55-.60,
WLD/USDT,2024-10-03,LONG,0.7936,1.604,1.851,5,False,15.399,0.0297,.70-.80,
WLD/USDT,2024-10-04,LONG,0.6481,1.698,1.736,5,False,2.2379,0.9121,.60-.70,
WLD/USDT,2024-10-05,LONG,0.5841,1.817,1.701,5,False,-6.3841,1.0751,.55-.60,1-1.5x
WLD/USDT,2024-10-06,LONG,0.5673,1.938,1.933,5,False,-0.258,1.0237,.55-.60,1-1.5x
WLD/USDT,2024-10-08,LONG,0.5587,1.851,1.933,3,True,4.43,0.6706,.55-.60,
WLD/USDT,2024-10-09,LONG,0.5705,1.736,1.933,2,True,11.3479,0.9226,.55-.60,
WLD/USDT,2024-10-20,LONG,0.6448,2.427,2.272,1,True,-6.3865,0.1751,.60-.70,
WLD/USDT,2024-10-24,LONG,0.583,2.205,2.011,2,True,-8.7982,0.2739,.55-.60,
WLD/USDT,2024-10-25,LONG,0.6166,1.918,2.011,1,True,4.8488,1.7541,.60-.70,1.5-2x
WLD/USDT,2024-10-28,LONG,0.5549,2.054,1.81,5,False,-11.8793,0.0606,.55-.60,
WLD/USDT,2024-10-31,LONG,0.6568,1.923,1.728,3,True,-10.1404,0.6047,.60-.70,
WLD/USDT,2024-11-01,LONG,0.6014,1.881,1.728,2,True,-8.134,0.3424,.60-.70,
WLD/USDT,2024-11-06,LONG,0.6485,1.982,2.078,3,True,4.8436,1.9861,.60-.70,1.5-2x
WLD/USDT,2024-11-08,LONG,0.5716,1.919,2.078,1,True,8.2856,0.749,.55-.60,
WLD/USDT,2024-11-11,LONG,0.8475,2.494,2.455,1,True,-1.5638,2.6006,>.80,2-3x
WLD/USDT,2024-11-15,LONG,0.9926,2.301,2.114,5,False,-8.1269,0.8446,>.80,
WLD/USDT,2024-11-16,LONG,0.9771,2.37,2.236,5,False,-5.654,0.4674,>.80,
WLD/USDT,2024-11-17,LONG,0.7271,2.23,2.256,5,False,1.1659,0.8957,.70-.80,
WLD/USDT,2024-11-19,LONG,0.5561,2.29,2.256,3,True,-1.4847,0.6609,.55-.60,
WLD/USDT,2024-11-30,LONG,0.5612,3.626,3.401,1,True,-6.2052,2.7549,.55-.60,2-3x
WLD/USDT,2024-12-04,LONG,0.6845,3.298,3.768,3,True,14.2511,0.0077,.60-.70,
WLD/USDT,2024-12-05,LONG,0.5983,3.718,3.768,2,True,1.3448,1.5478,.55-.60,1.5-2x
WLD/USDT,2024-12-12,LONG,0.6862,3.079,3.087,1,True,0.2598,0.1715,.60-.70,
WLD/USDT,2024-12-14,LONG,0.6192,2.925,2.709,3,True,-7.3846,0.5325,.60-.70,
WLD/USDT,2024-12-16,LONG,0.8209,2.865,2.709,1,True,-5.445,0.6203,>.80,
WLD/USDT,2024-12-18,LONG,0.7867,2.412,2.365,2,True,-1.9486,1.1486,.70-.80,1-1.5x
WLD/USDT,2024-12-23,LONG,0.7011,2.324,2.231,5,False,-4.0017,0.5877,.70-.80,
WLD/USDT,2024-12-25,LONG,0.5702,2.302,2.107,4,True,-8.4709,0.3168,.55-.60,
WLD/USDT,2025-01-10,LONG,0.6256,2.162,1.961,3,True,-9.2969,0.4305,.60-.70,
WLD/USDT,2025-01-11,LONG,0.6484,2.192,1.961,2,True,-10.5383,0.2945,.60-.70,
WLD/USDT,2025-01-12,LONG,0.7258,2.147,1.961,1,True,-8.6633,0.4471,.70-.80,
WLD/USDT,2025-01-18,LONG,0.552,2.146,2.261,5,False,5.3588,1.1538,.55-.60,1-1.5x
WLD/USDT,2025-01-19,LONG,0.5674,1.907,2.134,5,False,11.9035,1.814,.55-.60,1.5-2x
WLD/USDT,2025-01-22,LONG,0.5663,2.315,2.134,2,True,-7.8186,1.2735,.55-.60,1-1.5x
WLD/USDT,2025-01-23,LONG,0.5795,2.261,2.134,1,True,-5.617,0.3435,.55-.60,
WLD/USDT,2025-01-27,LONG,0.6545,1.906,1.633,1,True,-14.3232,0.6839,.60-.70,
WLD/USDT,2025-02-01,LONG,0.7686,1.614,1.421,2,True,-11.9579,1.2443,.70-.80,1-1.5x
WLD/USDT,2025-02-02,LONG,0.9321,1.393,1.421,1,True,2.0101,1.8015,>.80,1.5-2x
WLD/USDT,2025-02-05,LONG,0.735,1.288,1.26,5,False,-2.1739,0.2726,.70-.80,
WLD/USDT,2025-02-06,LONG,0.8354,1.201,1.245,5,False,3.6636,0.9656,>.80,
WLD/USDT,2025-02-07,LONG,0.8068,1.205,1.245,4,True,3.3195,0.0477,>.80,
WLD/USDT,2025-02-09,LONG,0.9197,1.223,1.245,2,True,1.7989,0.2945,>.80,
WLD/USDT,2025-02-10,LONG,0.59,1.26,1.245,1,True,-1.1905,0.5008,.55-.60,
WLD/USDT,2025-02-12,LONG,0.6455,1.285,1.225,1,True,-4.6693,0.5711,.60-.70,
WLD/USDT,2025-02-15,LONG,0.8332,1.233,1.22,1,True,-1.0543,0.8124,>.80,
WLD/USDT,2025-02-17,LONG,0.5937,1.204,1.201,3,True,-0.2492,0.2563,.55-.60,
WLD/USDT,2025-02-26,LONG,0.7473,1.111,1.111,2,True,0.0,0.3696,.70-.80,
WLD/USDT,2025-02-27,LONG,0.6546,1.155,1.111,1,True,-3.8095,0.7844,.60-.70,
WLD/USDT,2025-03-06,LONG,0.5809,0.96,0.799,5,False,-16.7708,0.2583,.55-.60,
WLD/USDT,2025-03-07,LONG,0.6928,0.936,0.799,4,True,-14.6368,0.3968,.60-.70,
WLD/USDT,2025-03-09,LONG,0.5863,0.796,0.799,2,True,0.3769,1.5671,.55-.60,1.5-2x
WLD/USDT,2025-03-10,LONG,0.7047,0.757,0.799,1,True,5.5482,0.7357,.70-.80,
WLD/USDT,2025-03-13,LONG,0.6484,0.84,0.87,1,True,3.5714,0.0348,.60-.70,
WLD/USDT,2025-03-19,LONG,0.6051,0.8956,0.8574,1,True,-4.2653,1.1235,.60-.70,1-1.5x
WLD/USDT,2025-03-22,LONG,0.6853,0.8264,0.8293,1,True,0.3509,0.223,.60-.70,
WLD/USDT,2025-03-26,LONG,0.5749,0.9293,0.9485,1,True,2.0661,0.0888,.55-.60,
WLD/USDT,2025-03-28,LONG,0.5899,0.8409,0.7792,1,True,-7.3374,2.0371,.55-.60,2-3x
WLD/USDT,2025-03-30,LONG,0.5538,0.779,0.7519,4,True,-3.4788,0.005,.55-.60,
WLD/USDT,2025-03-31,LONG,0.6791,0.7691,0.7519,3,True,-2.2364,0.2527,.60-.70,
WLD/USDT,2025-04-01,LONG,0.6656,0.8024,0.7519,2,True,-6.2936,0.8703,.60-.70,
WLD/USDT,2025-04-06,LONG,0.9016,0.6318,0.6496,1,True,2.8173,2.473,>.80,2-3x
BLUR/USDT,2024-08-27,LONG,0.7212,0.1664,0.1472,5,False,-11.5385,1.0609,.70-.80,1-1.5x
BLUR/USDT,2024-09-01,LONG,0.6304,0.1472,0.1588,5,False,7.8804,1.3104,.60-.70,1-1.5x
BLUR/USDT,2024-09-03,LONG,0.6042,0.1478,0.1651,4,True,11.705,0.8937,.60-.70,
BLUR/USDT,2024-09-06,LONG,0.7939,0.1588,0.1651,1,True,3.9673,0.1098,.70-.80,
BLUR/USDT,2024-09-09,LONG,0.6974,0.1798,0.1813,5,False,0.8343,0.7929,.60-.70,
BLUR/USDT,2024-09-28,LONG,0.7235,0.2369,0.1944,5,False,-17.9401,0.454,.70-.80,
BLUR/USDT,2024-10-01,LONG,0.6276,0.2173,0.2185,3,True,0.5522,0.4699,.60-.70,
BLUR/USDT,2024-10-07,LONG,0.5941,0.2266,0.2133,3,True,-5.8694,0.0643,.55-.60,
BLUR/USDT,2024-10-09,LONG,0.5931,0.2134,0.2133,1,True,-0.0469,1.5087,.55-.60,1.5-2x
BLUR/USDT,2024-10-14,LONG,0.5655,0.2572,0.246,1,True,-4.3546,0.5407,.55-.60,
BLUR/USDT,2024-10-21,LONG,0.5686,0.265,0.2527,2,True,-4.6415,1.0945,.55-.60,1-1.5x
BLUR/USDT,2024-10-24,LONG,0.7766,0.2526,0.2358,5,False,-6.6508,0.0071,.70-.80,
BLUR/USDT,2024-11-10,LONG,0.7132,0.2413,0.2761,1,True,14.4219,0.7189,.70-.80,
BLUR/USDT,2024-11-15,LONG,0.9892,0.2374,0.238,5,False,0.2527,0.8069,>.80,
BLUR/USDT,2024-11-16,LONG,0.9629,0.2633,0.2506,5,False,-4.8234,1.6092,>.80,1.5-2x
BLUR/USDT,2024-11-17,LONG,0.6899,0.2444,0.2634,5,False,7.7741,1.0263,.60-.70,1-1.5x
BLUR/USDT,2024-11-18,LONG,0.8899,0.2616,0.2634,4,True,0.6881,0.9942,>.80,
BLUR/USDT,2024-11-19,LONG,0.808,0.2522,0.2634,3,True,4.4409,0.503,>.80,
BLUR/USDT,2024-11-28,LONG,0.907,0.3172,0.3695,2,True,16.488,0.4325,>.80,
BLUR/USDT,2024-12-07,LONG,0.6021,0.4206,0.3918,5,False,-6.8474,0.6711,.60-.70,
BLUR/USDT,2024-12-09,LONG,0.5756,0.3475,0.3918,3,True,12.7482,2.2743,.55-.60,2-3x
BLUR/USDT,2024-12-10,LONG,0.6316,0.338,0.3918,2,True,15.9172,0.3982,.60-.70,
BLUR/USDT,2024-12-15,LONG,0.598,0.392,0.2942,3,True,-24.949,0.0509,.55-.60,
BLUR/USDT,2024-12-17,LONG,0.6632,0.3357,0.2942,1,True,-12.3622,1.2859,.60-.70,1-1.5x
BLUR/USDT,2024-12-22,LONG,0.6284,0.2553,0.2499,5,False,-2.1152,0.0,.60-.70,
BLUR/USDT,2024-12-25,LONG,0.6867,0.2693,0.2485,4,True,-7.7237,0.5215,.60-.70,
BLUR/USDT,2024-12-26,LONG,0.5601,0.2466,0.2485,3,True,0.7705,1.3162,.55-.60,1-1.5x
BLUR/USDT,2024-12-27,LONG,0.5791,0.2499,0.2485,2,True,-0.5602,0.2073,.55-.60,
BLUR/USDT,2024-12-30,LONG,0.6424,0.2476,0.2584,3,True,4.3619,0.062,.60-.70,
BLUR/USDT,2024-12-31,LONG,0.6474,0.2405,0.2584,2,True,7.4428,0.5145,.60-.70,
BLUR/USDT,2025-01-04,LONG,0.5735,0.2746,0.2751,2,True,0.1821,0.0916,.55-.60,
BLUR/USDT,2025-01-10,LONG,0.5705,0.2297,0.2092,3,True,-8.9247,0.4322,.55-.60,
BLUR/USDT,2025-01-11,LONG,0.5628,0.2287,0.2092,2,True,-8.5265,0.0942,.55-.60,
BLUR/USDT,2025-01-12,LONG,0.6571,0.2237,0.2092,1,True,-6.4819,0.4905,.60-.70,
BLUR/USDT,2025-01-27,LONG,0.5562,0.1867,0.1844,3,True,-1.2319,0.9134,.55-.60,
BLUR/USDT,2025-02-01,LONG,0.7829,0.1673,0.1488,2,True,-11.058,1.897,.70-.80,1.5-2x
BLUR/USDT,2025-02-02,LONG,0.8008,0.1435,0.1488,1,True,3.6934,2.3759,>.80,2-3x
BLUR/USDT,2025-02-05,LONG,0.6353,0.1328,0.1405,5,False,5.7982,0.7034,.60-.70,
BLUR/USDT,2025-02-07,LONG,0.849,0.131,0.1405,3,True,7.2519,0.5237,>.80,
BLUR/USDT,2025-02-08,LONG,0.577,0.136,0.1405,2,True,3.3088,0.7364,.55-.60,
BLUR/USDT,2025-02-09,LONG,0.9916,0.1347,0.1405,1,True,4.3059,0.1862,>.80,
BLUR/USDT,2025-02-12,LONG,0.5696,0.1455,0.1404,1,True,-3.5052,1.3115,.55-.60,1-1.5x
BLUR/USDT,2025-02-15,LONG,0.7994,0.1394,0.1403,1,True,0.6456,0.5588,.70-.80,
BLUR/USDT,2025-02-17,LONG,0.6223,0.1403,0.1495,5,False,6.5574,0.0,.60-.70,
BLUR/USDT,2025-02-19,LONG,0.5598,0.1369,0.147,4,True,7.3776,0.411,.55-.60,
BLUR/USDT,2025-02-22,LONG,0.5605,0.1495,0.147,1,True,-1.6722,1.4694,.55-.60,1-1.5x
BLUR/USDT,2025-02-26,LONG,0.7737,0.1323,0.1318,2,True,-0.3779,0.0176,.70-.80,
BLUR/USDT,2025-02-27,LONG,0.7241,0.1336,0.1318,1,True,-1.3473,0.2302,.70-.80,
BLUR/USDT,2025-03-05,LONG,0.6655,0.1208,0.096,5,False,-20.5298,0.6395,.60-.70,
BLUR/USDT,2025-03-09,LONG,0.6732,0.1029,0.1018,2,True,-1.069,1.898,.60-.70,1.5-2x
BLUR/USDT,2025-03-10,LONG,0.765,0.096,0.1018,1,True,6.0417,1.1825,.70-.80,1-1.5x
BLUR/USDT,2025-03-13,LONG,0.6078,0.1015,0.1044,1,True,2.8571,0.3195,.60-.70,
BLUR/USDT,2025-03-18,LONG,0.712,0.1055,0.1075,2,True,1.8957,0.3107,.70-.80,
BLUR/USDT,2025-03-21,LONG,0.5651,0.106,0.1137,2,True,7.2642,0.2518,.55-.60,
BLUR/USDT,2025-03-22,LONG,0.5943,0.1092,0.1137,1,True,4.1209,0.5789,.55-.60,
BLUR/USDT,2025-03-31,LONG,0.7999,0.1035,0.1003,5,False,-3.0918,0.0454,.70-.80,
BLUR/USDT,2025-04-01,LONG,0.6395,0.1057,0.0905,5,False,-14.3803,0.4973,.60-.70,
BLUR/USDT,2025-04-03,LONG,0.7108,0.1007,0.0862,5,False,-14.3992,0.7299,.70-.80,
BLUR/USDT,2025-04-04,LONG,0.6442,0.1015,0.0954,5,False,-6.0099,0.1737,.60-.70,
BLUR/USDT,2025-04-06,LONG,0.5858,0.0905,0.0954,3,True,5.4144,2.0432,.55-.60,2-3x
ZRO/USDT,2024-09-06,LONG,0.6338,3.2,3.626,5,False,13.3125,0.1259,.60-.70,
ZRO/USDT,2024-09-07,LONG,0.587,3.283,3.792,5,False,15.5041,0.4548,.55-.60,
ZRO/USDT,2024-09-08,LONG,0.6112,3.374,3.96,5,False,17.3681,0.4839,.60-.70,
ZRO/USDT,2024-09-19,LONG,0.5552,4.27,4.23,1,True,-0.9368,0.214,.55-.60,
ZRO/USDT,2024-09-23,LONG,0.7441,4.124,4.297,1,True,4.195,0.5845,.70-.80,
ZRO/USDT,2024-09-25,LONG,0.7398,4.422,5.006,3,True,13.2067,0.9424,.70-.80,
ZRO/USDT,2024-09-26,LONG,0.5776,5.023,5.006,2,True,-0.3384,3.3749,.55-.60,3-5x
ZRO/USDT,2024-09-27,LONG,0.5959,5.027,5.006,1,True,-0.4177,0.0196,.55-.60,
ZRO/USDT,2024-10-07,LONG,0.6299,4.225,4.065,4,True,-3.787,0.052,.60-.70,
ZRO/USDT,2024-10-09,LONG,0.7696,3.917,4.065,2,True,3.7784,0.978,.70-.80,
ZRO/USDT,2024-10-14,LONG,0.5652,4.233,3.898,4,True,-7.914,1.2769,.55-.60,1-1.5x
ZRO/USDT,2024-10-15,LONG,0.6867,4.114,3.898,3,True,-5.2504,0.5427,.60-.70,
ZRO/USDT,2024-10-17,LONG,0.6085,3.765,3.898,1,True,3.5325,1.0294,.60-.70,1-1.5x
ZRO/USDT,2024-10-21,LONG,0.7312,3.853,3.477,5,False,-9.7586,1.2632,.70-.80,1-1.5x
ZRO/USDT,2024-10-23,LONG,0.5694,3.703,3.488,5,False,-5.8061,0.6421,.55-.60,
ZRO/USDT,2024-10-24,LONG,0.5698,3.691,3.617,5,False,-2.0049,0.0885,.55-.60,
ZRO/USDT,2024-10-31,LONG,0.6484,3.329,3.096,3,True,-6.9991,1.5682,.60-.70,1.5-2x
ZRO/USDT,2024-11-11,LONG,0.9578,4.06,3.719,1,True,-8.399,1.0346,>.80,1-1.5x
ZRO/USDT,2024-11-15,LONG,0.9786,3.538,3.397,5,False,-3.9853,0.741,>.80,
ZRO/USDT,2024-11-16,LONG,0.9858,3.704,3.601,5,False,-2.7808,0.907,>.80,
ZRO/USDT,2024-11-17,LONG,0.7049,3.596,3.714,5,False,3.2814,0.5597,.70-.80,
ZRO/USDT,2024-11-19,LONG,0.7244,3.599,3.714,3,True,3.1953,1.0522,.70-.80,1-1.5x
ZRO/USDT,2024-11-28,LONG,0.7899,4.75,4.854,1,True,2.1895,0.4601,.70-.80,
ZRO/USDT,2024-12-01,LONG,0.8788,6.298,6.296,1,True,-0.0318,3.2567,>.80,3-5x
ZRO/USDT,2024-12-05,LONG,0.9421,6.309,5.876,4,True,-6.8632,0.1584,>.80,
ZRO/USDT,2024-12-06,LONG,0.7624,7.181,5.876,3,True,-18.173,1.6753,.70-.80,1.5-2x
ZRO/USDT,2024-12-13,LONG,0.6838,6.636,6.54,3,True,-1.4467,0.2376,.60-.70,
ZRO/USDT,2024-12-14,LONG,0.6286,6.427,6.54,2,True,1.7582,0.3713,.60-.70,
ZRO/USDT,2024-12-21,LONG,0.5727,5.493,5.894,3,True,7.3002,0.4244,.55-.60,
ZRO/USDT,2024-12-27,LONG,0.5947,5.462,5.255,2,True,-3.7898,0.849,.55-.60,
ZRO/USDT,2024-12-28,LONG,0.592,5.54,5.255,1,True,-5.1444,0.2308,.55-.60,
ZRO/USDT,2025-01-11,LONG,0.641,4.687,4.294,2,True,-8.3849,0.0475,.60-.70,
ZRO/USDT,2025-01-12,LONG,0.615,4.589,4.294,1,True,-6.4284,0.4555,.60-.70,
ZRO/USDT,2025-01-18,LONG,0.5973,4.6,4.004,4,True,-12.9565,1.5847,.55-.60,1.5-2x
ZRO/USDT,2025-01-27,LONG,0.7733,3.813,3.406,1,True,-10.674,0.3672,.70-.80,
ZRO/USDT,2025-01-29,LONG,0.7152,3.488,2.989,5,False,-14.3062,0.4372,.70-.80,
ZRO/USDT,2025-02-01,LONG,0.6581,3.313,2.586,5,False,-21.9439,1.9343,.60-.70,1.5-2x
ZRO/USDT,2025-02-02,LONG,0.5532,2.938,2.669,5,False,-9.1559,1.7406,.55-.60,1.5-2x
ZRO/USDT,2025-02-05,LONG,0.7347,2.722,2.9,5,False,6.5393,0.4879,.70-.80,
ZRO/USDT,2025-02-07,LONG,0.5774,2.669,2.9,3,True,8.6549,0.5835,.55-.60,
ZRO/USDT,2025-02-09,LONG,0.8927,2.734,2.9,1,True,6.0717,0.0273,>.80,
ZRO/USDT,2025-02-15,LONG,0.6912,2.994,2.895,1,True,-3.3066,0.7401,.60-.70,
ZRO/USDT,2025-02-25,LONG,0.6002,2.584,2.667,3,True,3.2121,0.7703,.60-.70,
ZRO/USDT,2025-02-26,LONG,0.5706,2.594,2.667,2,True,2.8142,0.0767,.55-.60,
ZRO/USDT,2025-02-27,LONG,0.6863,2.638,2.667,1,True,1.0993,0.3388,.60-.70,
ZRO/USDT,2025-03-01,LONG,0.5597,2.566,2.164,5,False,-15.6664,0.7488,.55-.60,
ZRO/USDT,2025-03-03,LONG,0.7076,2.341,2.1,5,False,-10.2947,2.5249,.70-.80,2-3x
ZRO/USDT,2025-03-05,LONG,0.5653,2.253,1.603,5,False,-28.8504,0.3388,.55-.60,
ZRO/USDT,2025-03-06,LONG,0.6973,2.164,1.671,5,False,-22.7819,0.6505,.60-.70,
ZRO/USDT,2025-03-07,LONG,0.6367,2.087,1.671,4,True,-19.9329,0.5874,.60-.70,
ZRO/USDT,2025-03-09,LONG,0.5655,1.759,1.671,2,True,-5.0028,2.3738,.55-.60,2-3x
ZRO/USDT,2025-03-10,LONG,0.7303,1.603,1.671,1,True,4.242,1.2678,.70-.80,1-1.5x
ZRO/USDT,2025-03-12,LONG,0.6831,1.805,1.771,2,True,-1.8837,1.0923,.60-.70,1-1.5x
ZRO/USDT,2025-03-13,LONG,0.7323,1.723,1.771,1,True,2.7858,0.6204,.70-.80,
ZRO/USDT,2025-03-15,LONG,0.6512,2.267,2.412,3,True,6.3961,2.8024,.60-.70,2-3x
ZRO/USDT,2025-03-16,LONG,0.6307,2.271,2.412,2,True,6.2087,0.0188,.60-.70,
ZRO/USDT,2025-03-17,LONG,0.6375,2.43,2.412,1,True,-0.7407,0.7391,.60-.70,
ZRO/USDT,2025-03-21,LONG,0.9978,3.193,2.841,3,True,-11.0241,1.999,>.80,1.5-2x
ZRO/USDT,2025-03-22,LONG,0.5598,3.321,2.841,2,True,-14.4535,0.3834,.55-.60,
ZRO/USDT,2025-03-23,LONG,0.5527,2.863,2.841,1,True,-0.7684,1.3431,.55-.60,1-1.5x
ZRO/USDT,2025-03-25,LONG,0.5667,3.032,3.13,2,True,3.2322,0.6589,.55-.60,
ZRO/USDT,2025-03-30,LONG,0.9408,2.838,2.807,1,True,-1.0923,1.1692,>.80,1-1.5x
ZRO/USDT,2025-04-03,LONG,0.6215,2.824,2.271,5,False,-19.5822,0.4006,.60-.70,
ZRO/USDT,2025-04-06,LONG,0.6793,2.521,2.271,2,True,-9.9167,1.8791,.60-.70,1.5-2x
ZK/USDT,2024-08-29,LONG,0.6335,0.1086,0.1066,4,True,-1.8416,0.1948,.60-.70,
ZK/USDT,2024-09-01,LONG,0.7546,0.0987,0.1066,1,True,8.0041,1.2122,.70-.80,1-1.5x
ZK/USDT,2024-09-03,LONG,0.7901,0.0985,0.1027,1,True,4.264,1.5588,.70-.80,1.5-2x
ZK/USDT,2024-09-05,LONG,0.7013,0.1005,0.099,1,True,-1.4925,0.4394,.70-.80,
ZK/USDT,2024-09-10,LONG,0.6206,0.1112,0.1146,2,True,3.0576,0.1439,.60-.70,
ZK/USDT,2024-09-13,LONG,0.8867,0.1187,0.1112,4,True,-6.3184,0.7511,>.80,
ZK/USDT,2024-09-14,LONG,0.6355,0.1158,0.1112,3,True,-3.9724,0.5107,.60-.70,
ZK/USDT,2024-09-16,LONG,0.8414,0.1067,0.1112,1,True,4.2174,0.5391,>.80,
ZK/USDT,2024-09-22,LONG,0.739,0.1224,0.1254,1,True,2.451,1.0738,.70-.80,1-1.5x
ZK/USDT,2024-09-25,LONG,0.5953,0.1314,0.1432,1,True,8.9802,0.4821,.55-.60,
ZK/USDT,2024-10-02,LONG,0.5901,0.1237,0.1291,4,True,4.3654,0.2991,.55-.60,
ZK/USDT,2024-10-03,LONG,0.6908,0.1191,0.1291,3,True,8.3963,0.7089,.60-.70,
ZK/USDT,2024-10-04,LONG,0.6282,0.1274,0.1291,2,True,1.3344,1.2857,.60-.70,1-1.5x
ZK/USDT,2024-10-05,LONG,0.6252,0.1245,0.1291,1,True,3.6948,0.4321,.60-.70,
ZK/USDT,2024-10-08,LONG,0.614,0.1271,0.1312,3,True,3.2258,0.6081,.60-.70,
ZK/USDT,2024-10-09,LONG,0.5721,0.1203,0.1312,2,True,9.0607,1.0244,.55-.60,1-1.5x
ZK/USDT,2024-10-17,LONG,0.5516,0.1262,0.1352,1,True,7.1315,0.634,.55-.60,
ZK/USDT,2024-10-23,LONG,0.5582,0.1365,0.1312,5,False,-3.8828,1.3053,.55-.60,1-1.5x
ZK/USDT,2024-10-24,LONG,0.699,0.1369,0.1372,5,False,0.2191,0.0707,.60-.70,
ZK/USDT,2024-10-26,LONG,0.5983,0.1297,0.1372,3,True,5.7826,0.6035,.55-.60,
ZK/USDT,2024-10-28,LONG,0.9493,0.1312,0.1372,1,True,4.5732,0.3167,>.80,
ZK/USDT,2024-10-30,LONG,0.6957,0.14,0.1198,4,True,-14.4286,0.486,.60-.70,
ZK/USDT,2024-10-31,LONG,0.6665,0.13,0.1198,3,True,-7.8462,1.6058,.60-.70,1.5-2x
ZK/USDT,2024-11-02,LONG,0.7733,0.1258,0.1198,1,True,-4.7695,0.7062,.70-.80,
ZK/USDT,2024-11-11,LONG,0.626,0.1548,0.145,2,True,-6.3307,0.8722,.60-.70,
ZK/USDT,2024-11-12,LONG,0.9762,0.1565,0.145,1,True,-7.3482,0.2206,>.80,
ZK/USDT,2024-11-16,LONG,0.9729,0.1506,0.1489,5,False,-1.1288,0.827,>.80,
ZK/USDT,2024-11-17,LONG,0.7047,0.1452,0.1558,5,False,7.3003,0.6571,.70-.80,
ZK/USDT,2024-11-19,LONG,0.7354,0.1444,0.1558,3,True,7.8947,1.1254,.70-.80,1-1.5x
ZK/USDT,2024-12-01,LONG,0.7527,0.2159,0.2271,1,True,5.1876,2.1721,.70-.80,2-3x
ZK/USDT,2024-12-09,LONG,0.5649,0.2088,0.2166,1,True,3.7356,2.4806,.55-.60,2-3x
ZK/USDT,2024-12-13,LONG,0.6225,0.2326,0.224,3,True,-3.6973,0.0982,.60-.70,
ZK/USDT,2024-12-14,LONG,0.6582,0.2247,0.224,2,True,-0.3115,0.484,.60-.70,
ZK/USDT,2024-12-18,LONG,0.6793,0.1982,0.2004,5,False,1.11,0.7724,.60-.70,
ZK/USDT,2024-12-23,LONG,0.7632,0.2004,0.2053,1,True,2.4451,1.8789,.70-.80,1.5-2x
ZK/USDT,2024-12-25,LONG,0.6888,0.2121,0.1926,2,True,-9.1938,0.4128,.60-.70,
ZK/USDT,2025-01-02,LONG,0.6126,0.2013,0.2148,1,True,6.7064,0.4665,.60-.70,
ZK/USDT,2025-01-11,LONG,0.5814,0.1815,0.171,2,True,-5.7851,0.2641,.55-.60,
ZK/USDT,2025-01-12,LONG,0.7399,0.1782,0.171,1,True,-4.0404,0.3551,.70-.80,
ZK/USDT,2025-01-17,LONG,0.5985,0.1907,0.1552,3,True,-18.6156,1.1002,.55-.60,1-1.5x
ZK/USDT,2025-01-18,LONG,0.5506,0.1759,0.1552,2,True,-11.7681,1.4355,.55-.60,1-1.5x
ZK/USDT,2025-01-21,LONG,0.7812,0.1598,0.1517,3,True,-5.0688,0.5289,.70-.80,
ZK/USDT,2025-01-22,LONG,0.6445,0.1567,0.1517,2,True,-3.1908,0.3506,.60-.70,
ZK/USDT,2025-01-23,LONG,0.7155,0.1559,0.1517,1,True,-2.694,0.0977,.70-.80,
ZK/USDT,2025-01-27,LONG,0.6425,0.1442,0.1326,1,True,-8.0444,0.6757,.60-.70,
ZK/USDT,2025-02-01,LONG,0.8927,0.1348,0.1218,2,True,-9.6439,2.0685,>.80,2-3x
ZK/USDT,2025-02-02,LONG,0.9833,0.1161,0.1218,1,True,4.9096,2.2889,>.80,2-3x
ZK/USDT,2025-02-05,LONG,0.588,0.1129,0.1104,5,False,-2.2143,0.0,.55-.60,
ZK/USDT,2025-02-06,LONG,0.8112,0.1065,0.1063,5,False,-0.1878,1.0101,>.80,1-1.5x
ZK/USDT,2025-02-07,LONG,0.6253,0.1035,0.1063,4,True,2.7053,0.5135,.60-.70,
ZK/USDT,2025-02-09,LONG,0.9595,0.1082,0.1063,2,True,-1.756,0.1897,>.80,
ZK/USDT,2025-02-15,LONG,0.7376,0.1076,0.1093,1,True,1.5799,0.7299,.70-.80,
ZK/USDT,2025-02-26,LONG,0.6544,0.099,0.0974,2,True,-1.6162,0.0223,.60-.70,
ZK/USDT,2025-02-27,LONG,0.5676,0.098,0.0974,1,True,-0.6122,0.2245,.55-.60,
ZK/USDT,2025-03-02,LONG,0.5739,0.1041,0.088,1,True,-15.4659,2.0216,.55-.60,2-3x
ZK/USDT,2025-03-05,LONG,0.7241,0.08664,0.08098,3,True,-6.5328,0.7463,.70-.80,
ZK/USDT,2025-03-12,LONG,0.6068,0.07076,0.06813,2,True,-3.7168,0.3393,.60-.70,
ZK/USDT,2025-03-13,LONG,0.6011,0.0661,0.06813,1,True,3.0711,0.9853,.60-.70,
ZK/USDT,2025-03-19,LONG,0.6544,0.07374,0.07129,1,True,-3.3225,0.6687,.60-.70,
ZK/USDT,2025-03-21,LONG,0.862,0.07172,0.08203,3,True,14.3753,0.0926,>.80,
ZK/USDT,2025-03-23,LONG,0.7585,0.08069,0.08203,1,True,1.6607,0.1394,.70-.80,
ZK/USDT,2025-04-01,LONG,0.6287,0.0663,0.05131,5,False,-22.6094,0.2116,.60-.70,
ZK/USDT,2025-04-03,LONG,0.5851,0.06116,0.04945,5,False,-19.1465,0.0106,.55-.60,
ZK/USDT,2025-04-04,LONG,0.5594,0.0597,0.05579,5,False,-6.5494,0.5478,.55-.60,
ZK/USDT,2025-04-05,LONG,0.6376,0.05949,0.05207,5,False,-12.4727,0.0813,.60-.70,
ZK/USDT,2025-04-06,LONG,0.6494,0.05131,0.05264,5,False,2.5921,2.6727,.60-.70,2-3x
RENDER/USDT,2024-10-08,LONG,0.5933,5.347,5.387,5,False,0.7481,0.3626,.55-.60,
RENDER/USDT,2024-10-10,LONG,0.5774,5.089,5.387,3,True,5.8558,0.0769,.55-.60,
RENDER/USDT,2024-10-12,LONG,0.5562,5.45,5.387,1,True,-1.156,0.1826,.55-.60,
RENDER/USDT,2024-10-14,LONG,0.5639,5.59,5.487,1,True,-1.8426,0.7704,.55-.60,
RENDER/USDT,2024-10-16,LONG,0.591,5.366,5.223,1,True,-2.6649,0.4923,.55-.60,
RENDER/USDT,2024-10-25,LONG,0.5901,4.612,4.792,1,True,3.9029,2.9315,.55-.60,2-3x
RENDER/USDT,2024-10-27,LONG,0.6457,4.872,4.696,5,False,-3.6125,0.4195,.60-.70,
RENDER/USDT,2024-10-31,LONG,0.6795,4.775,4.416,5,False,-7.5183,1.0462,.60-.70,1-1.5x
RENDER/USDT,2024-11-01,LONG,0.5507,4.696,5.048,5,False,7.4957,0.4316,.55-.60,
RENDER/USDT,2024-11-10,LONG,0.7576,5.631,6.92,1,True,22.8911,1.1338,.70-.80,1-1.5x
RENDER/USDT,2024-11-12,LONG,0.5579,7.208,6.998,1,True,-2.9134,0.5688,.55-.60,
RENDER/USDT,2024-11-16,LONG,0.9997,7.039,7.878,3,True,11.9193,0.2491,>.80,
RENDER/USDT,2024-11-17,LONG,0.9916,7.085,7.878,2,True,11.1927,0.0931,>.80,
RENDER/USDT,2024-11-18,LONG,0.7552,7.666,7.878,1,True,2.7655,1.1498,.70-.80,1-1.5x
RENDER/USDT,2024-11-23,LONG,0.9295,7.67,7.504,2,True,-2.1643,0.1755,>.80,
RENDER/USDT,2024-12-05,LONG,0.605,10.091,10.27,3,True,1.7739,3.1325,.60-.70,3-5x
RENDER/USDT,2024-12-14,LONG,0.5932,9.073,8.521,3,True,-6.084,0.5705,.55-.60,
RENDER/USDT,2024-12-16,LONG,0.57,8.904,8.521,1,True,-4.3014,0.728,.55-.60,
RENDER/USDT,2024-12-18,LONG,0.7489,7.766,7.372,2,True,-5.0734,1.4206,.70-.80,1-1.5x
RENDER/USDT,2024-12-21,LONG,0.5992,7.11,7.817,3,True,9.9437,0.5556,.55-.60,
RENDER/USDT,2024-12-23,LONG,0.7665,7.659,7.817,1,True,2.0629,1.318,.70-.80,1-1.5x
RENDER/USDT,2024-12-25,LONG,0.5868,7.548,6.843,4,True,-9.3402,0.626,.55-.60,
RENDER/USDT,2024-12-27,LONG,0.7195,6.994,6.843,2,True,-2.159,0.32,.70-.80,
RENDER/USDT,2024-12-31,LONG,0.6058,6.797,8.059,3,True,18.567,0.1898,.60-.70,
RENDER/USDT,2025-01-02,LONG,0.5812,7.63,8.059,1,True,5.6225,1.3573,.55-.60,1-1.5x
RENDER/USDT,2025-01-12,LONG,0.6441,7.114,6.97,1,True,-2.0242,0.6841,.60-.70,
RENDER/USDT,2025-01-18,LONG,0.552,7.471,7.244,3,True,-3.0384,1.1617,.55-.60,1-1.5x
RENDER/USDT,2025-01-27,LONG,0.564,6.222,5.875,3,True,-5.577,1.4373,.55-.60,1-1.5x
RENDER/USDT,2025-01-29,LONG,0.6003,5.481,5.875,1,True,7.1885,0.194,.60-.70,
RENDER/USDT,2025-01-31,LONG,0.5777,5.854,5.379,1,True,-8.1141,0.0639,.55-.60,
RENDER/USDT,2025-02-02,LONG,0.8943,4.699,5.044,1,True,7.342,1.9946,>.80,1.5-2x
RENDER/USDT,2025-02-04,LONG,0.6621,4.615,4.245,5,False,-8.0173,1.3504,.60-.70,1-1.5x
RENDER/USDT,2025-02-06,LONG,0.7461,4.188,4.459,5,False,6.4709,1.0304,.70-.80,1-1.5x
RENDER/USDT,2025-02-07,LONG,0.6293,4.134,4.459,4,True,7.8616,0.2163,.60-.70,
RENDER/USDT,2025-02-08,LONG,0.5702,4.259,4.459,3,True,4.6959,0.52,.55-.60,
RENDER/USDT,2025-02-09,LONG,0.9817,4.245,4.459,2,True,5.0412,0.0567,>.80,
RENDER/USDT,2025-02-12,LONG,0.7241,4.649,4.503,1,True,-3.1405,0.739,.70-.80,
RENDER/USDT,2025-02-15,LONG,0.6405,4.576,4.442,5,False,-2.9283,0.5352,.60-.70,
RENDER/USDT,2025-02-17,LONG,0.5541,4.381,4.442,3,True,1.3924,0.386,.55-.60,
RENDER/USDT,2025-02-23,LONG,0.6994,4.162,3.817,5,False,-8.2893,0.6177,.60-.70,
RENDER/USDT,2025-03-03,LONG,0.8113,3.723,3.528,1,True,-5.2377,2.3798,>.80,2-3x
RENDER/USDT,2025-03-05,LONG,0.7749,3.728,2.731,5,False,-26.7436,0.8287,.70-.80,
RENDER/USDT,2025-03-06,LONG,0.7509,3.808,2.957,5,False,-22.3477,0.3181,.70-.80,
RENDER/USDT,2025-03-09,LONG,0.9888,3.028,2.957,2,True,-2.3448,1.8094,>.80,1.5-2x
RENDER/USDT,2025-03-12,LONG,0.6996,3.079,3.158,2,True,2.5658,0.5261,.60-.70,
RENDER/USDT,2025-03-13,LONG,0.6537,2.966,3.158,1,True,6.4734,0.4715,.60-.70,
RENDER/USDT,2025-03-19,LONG,0.6635,3.429,3.317,1,True,-3.2663,0.7895,.60-.70,
RENDER/USDT,2025-03-22,LONG,0.5957,3.317,3.471,1,True,4.6427,0.4957,.55-.60,
RENDER/USDT,2025-03-31,LONG,0.5929,3.403,3.301,3,True,-2.9974,0.0641,.55-.60,
RENDER/USDT,2025-04-01,LONG,0.6236,3.694,3.301,2,True,-10.6389,1.768,.60-.70,1.5-2x
RENDER/USDT,2025-04-05,LONG,0.6625,3.166,2.963,2,True,-6.4119,0.3999,.60-.70,
TON/USDT,2024-08-28,LONG,0.9529,5.522,5.372,2,True,-2.7164,0.2969,>.80,
TON/USDT,2024-08-29,LONG,0.8395,5.455,5.372,1,True,-1.5215,0.2393,>.80,
TON/USDT,2024-09-05,LONG,0.564,4.811,5.22,4,True,8.5014,0.8205,.55-.60,
TON/USDT,2024-09-08,LONG,0.6395,4.896,5.22,1,True,6.6176,1.034,.60-.70,1-1.5x
TON/USDT,2024-09-10,LONG,0.7498,5.529,5.553,5,False,0.4341,1.126,.70-.80,1-1.5x
TON/USDT,2024-09-12,LONG,0.6297,5.582,5.522,5,False,-1.0749,0.6769,.60-.70,
TON/USDT,2024-09-18,LONG,0.6704,5.64,5.585,2,True,-0.9752,0.5729,.60-.70,
TON/USDT,2024-09-19,LONG,0.7882,5.684,5.585,1,True,-1.7417,0.2104,.70-.80,
TON/USDT,2024-09-23,LONG,0.5752,5.641,5.883,5,False,4.29,0.1155,.55-.60,
TON/USDT,2024-09-25,LONG,0.6234,5.736,5.71,5,False,-0.4533,0.7515,.60-.70,
TON/USDT,2024-10-06,LONG,0.6683,5.314,5.21,5,False,-1.9571,0.7051,.60-.70,
TON/USDT,2024-10-07,LONG,0.7129,5.197,5.242,5,False,0.8659,1.0104,.70-.80,1-1.5x
TON/USDT,2024-11-06,LONG,0.726,4.796,5.276,4,True,10.0083,1.2132,.70-.80,1-1.5x
TON/USDT,2024-11-07,LONG,0.7896,4.908,5.276,3,True,7.498,1.0022,.70-.80,1-1.5x
TON/USDT,2024-11-08,LONG,0.5609,4.924,5.276,2,True,7.1487,0.1399,.55-.60,
TON/USDT,2024-11-09,LONG,0.6604,5.243,5.276,1,True,0.6294,2.3531,.60-.70,2-3x
TON/USDT,2024-11-15,LONG,0.9245,5.38,5.383,2,True,0.0558,1.1354,>.80,1-1.5x
TON/USDT,2024-11-16,LONG,0.7663,5.649,5.383,1,True,-4.7088,1.909,.70-.80,1.5-2x
TON/USDT,2024-11-18,LONG,0.9011,5.577,5.451,4,True,-2.2593,1.2148,>.80,1-1.5x
TON/USDT,2024-11-19,LONG,0.9084,5.449,5.451,3,True,0.0367,0.7584,>.80,
TON/USDT,2024-11-20,LONG,0.5944,5.29,5.451,2,True,3.0435,0.9633,.55-.60,
TON/USDT,2024-11-24,LONG,0.7143,6.15,6.136,2,True,-0.2276,0.5666,.70-.80,
TON/USDT,2024-11-27,LONG,0.979,6.371,6.821,3,True,7.0633,0.8246,>.80,
TON/USDT,2024-11-28,LONG,0.9108,6.435,6.821,2,True,5.9984,0.2166,>.80,
TON/USDT,2024-11-29,LONG,0.6214,6.448,6.821,1,True,5.7847,0.045,.60-.70,
TON/USDT,2024-12-08,LONG,0.553,6.78,5.938,2,True,-12.4189,0.0618,.55-.60,
TON/USDT,2024-12-09,LONG,0.6138,5.779,5.938,1,True,2.7513,2.671,.60-.70,2-3x
TON/USDT,2024-12-13,LONG,0.6526,6.333,6.248,1,True,-1.3422,0.0326,.60-.70,
TON/USDT,2024-12-15,LONG,0.6657,6.392,6.059,1,True,-5.2096,0.5315,.60-.70,
TON/USDT,2024-12-18,LONG,0.7837,5.439,5.598,5,False,2.9233,1.4022,.70-.80,1-1.5x
TON/USDT,2024-12-21,LONG,0.8195,5.31,5.732,5,False,7.9473,0.5511,>.80,
TON/USDT,2024-12-22,LONG,0.5539,5.382,5.732,4,True,6.5032,0.2899,.55-.60,
TON/USDT,2024-12-23,LONG,0.7748,5.598,5.732,3,True,2.3937,0.8499,.70-.80,
TON/USDT,2024-12-25,LONG,0.8186,5.947,5.732,1,True,-3.6153,0.5342,>.80,
TON/USDT,2024-12-30,LONG,0.6229,5.58,5.726,5,False,2.6165,0.2691,.60-.70,
TON/USDT,2024-12-31,LONG,0.5717,5.507,5.724,5,False,3.9404,0.4052,.55-.60,
TON/USDT,2025-01-04,LONG,0.5657,5.726,5.724,1,True,-0.0349,0.3895,.55-.60,
TON/USDT,2025-01-10,LONG,0.5722,5.383,5.401,1,True,0.3344,1.278,.55-.60,1-1.5x
TON/USDT,2025-01-15,LONG,0.5688,5.515,5.475,1,True,-0.7253,1.2242,.55-.60,1-1.5x
TON/USDT,2025-01-18,LONG,0.5547,5.291,5.125,5,False,-3.1374,2.0498,.55-.60,2-3x
TON/USDT,2025-01-21,LONG,0.6271,5.205,4.93,5,False,-5.2834,1.0458,.60-.70,1-1.5x
TON/USDT,2025-01-22,LONG,0.7664,5.296,4.93,4,True,-6.9109,0.5296,.70-.80,
TON/USDT,2025-01-23,LONG,0.7011,5.125,4.93,3,True,-3.8049,0.9819,.70-.80,
TON/USDT,2025-01-28,LONG,0.5958,4.783,4.062,5,False,-15.0742,1.4281,.55-.60,1-1.5x
TON/USDT,2025-01-31,LONG,0.7367,4.828,4.075,3,True,-15.5965,0.041,.70-.80,
TON/USDT,2025-02-01,LONG,0.5553,4.604,4.075,2,True,-11.49,1.4684,.55-.60,1-1.5x
TON/USDT,2025-02-02,LONG,0.7007,4.062,4.075,1,True,0.32,2.9324,.70-.80,2-3x
TON/USDT,2025-02-05,LONG,0.8724,3.783,3.742,1,True,-1.0838,0.0324,>.80,
TON/USDT,2025-02-07,LONG,0.8655,3.717,3.832,5,False,3.0939,0.1708,>.80,
TON/USDT,2025-02-09,LONG,0.9685,3.813,3.832,3,True,0.4983,0.5638,>.80,
TON/USDT,2025-02-15,LONG,0.6187,3.794,3.779,1,True,-0.3954,0.3787,.60-.70,
TON/USDT,2025-02-17,LONG,0.6047,3.763,3.603,3,True,-4.2519,0.1232,.60-.70,
TON/USDT,2025-02-19,LONG,0.5696,3.547,3.603,1,True,1.5788,1.0069,.55-.60,1-1.5x
TON/USDT,2025-02-23,LONG,0.5874,3.766,3.327,5,False,-11.6569,0.243,.55-.60,
TON/USDT,2025-02-28,LONG,0.551,3.327,3.063,3,True,-7.9351,0.8531,.55-.60,
TON/USDT,2025-03-06,LONG,0.8849,3.039,2.99,1,True,-1.6124,0.0386,>.80,
TON/USDT,2025-03-08,LONG,0.7701,2.954,2.523,2,True,-14.5904,0.2821,.70-.80,
TON/USDT,2025-03-09,LONG,0.8566,2.649,2.523,1,True,-4.7565,2.1824,>.80,2-3x
TON/USDT,2025-03-13,LONG,0.7669,2.766,2.925,1,True,5.7484,0.1142,.70-.80,
TON/USDT,2025-03-15,LONG,0.6482,3.585,3.565,3,True,-0.5579,3.055,.60-.70,3-5x
TON/USDT,2025-03-16,LONG,0.8757,3.438,3.565,2,True,3.694,0.5758,>.80,
TON/USDT,2025-03-19,LONG,0.9918,3.656,3.703,1,True,1.2856,0.3605,>.80,
TON/USDT,2025-03-21,LONG,0.6284,3.587,3.668,1,True,2.2582,0.4418,.60-.70,
TON/USDT,2025-03-24,LONG,0.659,3.664,4.05,3,True,10.5349,0.0776,.60-.70,
TON/USDT,2025-03-26,LONG,0.6029,3.678,4.05,1,True,10.1142,0.3632,.60-.70,
TON/USDT,2025-03-29,LONG,0.6729,3.7,4.109,2,True,11.0541,0.4044,.60-.70,
TON/USDT,2025-03-30,LONG,0.6683,3.894,4.109,1,True,5.5213,0.8603,.60-.70,
TON/USDT,2025-04-02,LONG,0.5571,3.838,3.259,3,True,-15.086,0.8576,.55-.60,
TON/USDT,2025-04-03,LONG,0.8602,3.593,3.259,2,True,-9.2959,0.9734,>.80,
DOGS/USDT,2024-11-11,LONG,0.5529,0.000734,0.000646,1,True,-12.0403,0.2929,.55-.60,
DOGS/USDT,2024-11-13,LONG,0.7892,0.000666,0.000627,1,True,-5.8099,0.3074,.70-.80,
DOGS/USDT,2024-11-15,LONG,0.8847,0.000644,0.000654,1,True,1.5528,0.2767,>.80,
DOGS/USDT,2024-11-17,LONG,0.7773,0.000665,0.000713,1,True,7.2309,0.1793,.70-.80,
DOGS/USDT,2024-11-28,LONG,0.5597,0.000736,0.000754,5,False,2.5415,0.1031,.55-.60,
DOGS/USDT,2024-12-18,LONG,0.6128,0.000579,0.000555,2,True,-4.1976,1.5787,.60-.70,1.5-2x
DOGS/USDT,2024-12-23,LONG,0.6011,0.000564,0.000542,5,False,-3.9205,0.8277,.60-.70,
DOGS/USDT,2024-12-25,LONG,0.6367,0.000562,0.000527,5,False,-6.161,0.488,.60-.70,
DOGS/USDT,2025-01-17,LONG,0.552,0.000486,0.000339,5,False,-30.2613,1.6946,.55-.60,1.5-2x
DOGS/USDT,2025-01-18,LONG,0.6824,0.000431,0.000335,5,False,-22.15,1.9299,.60-.70,1.5-2x
DOGS/USDT,2025-01-19,LONG,0.6661,0.000362,0.000321,5,False,-11.5586,2.3467,.60-.70,2-3x
DOGS/USDT,2025-01-20,LONG,0.6266,0.000337,0.000321,4,True,-4.8382,1.031,.60-.70,1-1.5x
DOGS/USDT,2025-01-22,LONG,0.6011,0.000339,0.000321,2,True,-5.4277,0.297,.60-.70,
DOGS/USDT,2025-01-23,LONG,0.6131,0.000335,0.000321,1,True,-4.3841,0.1658,.60-.70,
DOGS/USDT,2025-01-27,LONG,0.5524,0.000294,0.000263,1,True,-10.6014,1.1586,.55-.60,1-1.5x
DOGS/USDT,2025-02-01,LONG,0.643,0.000246,0.000168,5,False,-31.857,2.1844,.60-.70,2-3x
DOGS/USDT,2025-02-02,LONG,0.7536,0.000207,0.000168,4,True,-18.9464,2.0561,.70-.80,2-3x
DOGS/USDT,2025-02-03,LONG,0.722,0.000202,0.000168,3,True,-17.0623,0.3021,.70-.80,
DOGS/USDT,2025-02-05,LONG,0.5706,0.000187,0.000168,1,True,-10.1768,0.2257,.55-.60,
DOGS/USDT,2025-02-08,LONG,0.6444,0.00018,0.000174,1,True,-3.005,1.4063,.60-.70,1-1.5x
DOGS/USDT,2025-02-12,LONG,0.6922,0.00019,0.000182,1,True,-4.5144,1.0112,.60-.70,1-1.5x
DOGS/USDT,2025-02-15,LONG,0.7151,0.000183,0.000181,1,True,-0.9836,0.8718,.70-.80,
DOGS/USDT,2025-02-17,LONG,0.6015,0.000178,0.000193,5,False,8.0202,0.2296,.60-.70,
DOGS/USDT,2025-02-23,LONG,0.6254,0.00018,0.000177,5,False,-1.8837,1.1286,.60-.70,1-1.5x
DOGS/USDT,2025-02-27,LONG,0.5609,0.000172,0.000156,5,False,-9.5652,0.4155,.55-.60,
DOGS/USDT,2025-03-02,LONG,0.6442,0.000199,0.000142,5,False,-28.9157,2.3568,.60-.70,2-3x
DOGS/USDT,2025-03-03,LONG,0.7685,0.000162,0.000133,5,False,-17.6035,2.1336,.70-.80,2-3x
DOGS/USDT,2025-03-06,LONG,0.7244,0.000149,0.000133,2,True,-10.7095,0.608,.70-.80,
DOGS/USDT,2025-03-07,LONG,0.5701,0.000142,0.000133,1,True,-5.791,0.6199,.55-.60,
DOGS/USDT,2025-03-11,LONG,0.6368,0.000124,0.000134,3,True,7.3092,0.5826,.60-.70,
DOGS/USDT,2025-03-12,LONG,0.8028,0.000129,0.000134,2,True,3.2457,0.4564,>.80,
DOGS/USDT,2025-03-13,LONG,0.6891,0.000129,0.000134,1,True,3.888,0.0717,.60-.70,
DOGS/USDT,2025-03-19,LONG,0.6318,0.000146,0.000145,1,True,-0.755,0.073,.60-.70,
DOGS/USDT,2025-03-22,LONG,0.5536,0.000158,0.000169,3,True,6.8398,0.2815,.55-.60,
DOGS/USDT,2025-03-23,LONG,0.5594,0.000159,0.000169,2,True,6.4353,0.0782,.55-.60,
DOGS/USDT,2025-04-03,LONG,0.572,0.000128,0.000127,2,True,-0.7053,0.582,.55-.60,
ZRX/USDT,2024-08-27,LONG,0.5572,0.3044,0.297,1,True,-2.431,1.2613,.55-.60,1-1.5x
ZRX/USDT,2024-09-01,LONG,0.7057,0.276,0.2936,1,True,6.3768,1.6489,.70-.80,1.5-2x
ZRX/USDT,2024-09-03,LONG,0.5905,0.2767,0.2847,1,True,2.8912,1.6265,.55-.60,1.5-2x
ZRX/USDT,2024-09-05,LONG,0.6851,0.2717,0.2835,4,True,4.343,1.2465,.60-.70,1-1.5x
ZRX/USDT,2024-09-13,LONG,0.5808,0.2987,0.2967,5,False,-0.6696,1.1261,.55-.60,1-1.5x
ZRX/USDT,2024-09-19,LONG,0.6556,0.3151,0.34,5,False,7.9023,1.634,.60-.70,1.5-2x
ZRX/USDT,2024-09-22,LONG,0.6654,0.3247,0.3671,5,False,13.0582,1.5427,.60-.70,1.5-2x
ZRX/USDT,2024-09-25,LONG,0.8308,0.3474,0.3558,3,True,2.418,0.6531,>.80,
ZRX/USDT,2024-09-26,LONG,0.5649,0.3565,0.3558,2,True,-0.1964,0.8205,.55-.60,
ZRX/USDT,2024-09-27,LONG,0.6272,0.3671,0.3558,1,True,-3.0782,0.9269,.60-.70,
ZRX/USDT,2024-10-03,LONG,0.6263,0.2954,0.31,2,True,4.9425,0.588,.60-.70,
ZRX/USDT,2024-10-04,LONG,0.5917,0.314,0.31,1,True,-1.2739,1.4425,.55-.60,1-1.5x
ZRX/USDT,2024-10-07,LONG,0.7863,0.3151,0.3241,5,False,2.8562,0.6532,.70-.80,
ZRX/USDT,2024-10-10,LONG,0.5819,0.3044,0.3362,5,False,10.4468,0.2606,.55-.60,
ZRX/USDT,2024-10-21,LONG,0.839,0.3588,0.3514,1,True,-2.0624,0.313,>.80,
ZRX/USDT,2024-10-26,LONG,0.5814,0.3165,0.3177,5,False,0.3791,0.3466,.55-.60,
ZRX/USDT,2024-10-27,LONG,0.8913,0.3219,0.3112,5,False,-3.324,0.5653,>.80,
ZRX/USDT,2024-10-28,LONG,0.9383,0.3209,0.3018,5,False,-5.952,0.1035,>.80,
ZRX/USDT,2024-10-29,LONG,0.7054,0.3372,0.2907,5,False,-13.79,1.6006,.70-.80,1.5-2x
ZRX/USDT,2024-10-31,LONG,0.571,0.3177,0.2792,4,True,-12.1184,1.8528,.55-.60,1.5-2x
ZRX/USDT,2024-11-02,LONG,0.6273,0.3018,0.2792,2,True,-7.4884,0.8767,.60-.70,
ZRX/USDT,2024-11-15,LONG,0.82,0.3587,0.4116,5,False,14.7477,0.9923,>.80,
ZRX/USDT,2024-11-16,LONG,0.8838,0.4029,0.4284,5,False,6.3291,2.3403,>.80,2-3x
ZRX/USDT,2024-11-17,LONG,0.6029,0.3681,0.4284,4,True,16.3814,1.5136,.60-.70,1.5-2x
ZRX/USDT,2024-11-18,LONG,0.5909,0.4749,0.4284,3,True,-9.7915,3.422,.55-.60,3-5x
ZRX/USDT,2024-11-19,LONG,0.6109,0.4344,0.4284,2,True,-1.3812,0.9692,.60-.70,
ZRX/USDT,2024-11-22,LONG,0.7487,0.452,0.4774,3,True,5.6195,0.6349,.70-.80,
ZRX/USDT,2024-11-23,LONG,0.695,0.4629,0.4774,2,True,3.1324,0.2817,.60-.70,
ZRX/USDT,2024-11-24,LONG,0.6875,0.508,0.4774,1,True,-6.0236,1.1396,.60-.70,1-1.5x
ZRX/USDT,2024-11-26,LONG,0.6107,0.6001,0.5769,1,True,-3.866,2.5579,.60-.70,2-3x
ZRX/USDT,2024-11-28,LONG,0.7086,0.5489,0.5715,1,True,4.1173,0.4699,.70-.80,
ZRX/USDT,2024-11-30,LONG,0.661,0.5838,0.6385,5,False,9.3696,0.2084,.60-.70,
ZRX/USDT,2024-12-01,LONG,0.5553,0.5942,0.6385,4,True,7.4554,0.1732,.55-.60,
ZRX/USDT,2024-12-02,LONG,0.6272,0.6163,0.6385,3,True,3.6021,0.3628,.60-.70,
ZRX/USDT,2024-12-06,LONG,0.6957,0.7519,0.6105,3,True,-18.8057,1.7169,.60-.70,1.5-2x
ZRX/USDT,2024-12-08,LONG,0.6797,0.7638,0.6105,1,True,-20.0707,0.0571,.60-.70,
ZRX/USDT,2024-12-11,LONG,0.5938,0.6255,0.6401,1,True,2.3341,1.1886,.55-.60,1-1.5x
ZRX/USDT,2024-12-15,LONG,0.6128,0.6246,0.5589,2,True,-10.5187,0.322,.60-.70,
ZRX/USDT,2024-12-16,LONG,0.694,0.5938,0.5589,1,True,-5.8774,0.6387,.60-.70,
ZRX/USDT,2024-12-23,LONG,0.6052,0.4792,0.4971,5,False,3.7354,0.6177,.60-.70,
ZRX/USDT,2024-12-25,LONG,0.5626,0.5055,0.4971,3,True,-1.6617,0.1879,.55-.60,
ZRX/USDT,2024-12-31,LONG,0.621,0.4572,0.536,5,False,17.2353,0.2815,.60-.70,
ZRX/USDT,2025-01-10,LONG,0.7254,0.509,0.4684,3,True,-7.9764,0.1522,.70-.80,
ZRX/USDT,2025-01-28,LONG,0.5784,0.3901,0.4013,1,True,2.8711,1.1223,.55-.60,1-1.5x
ZRX/USDT,2025-02-01,LONG,0.5938,0.379,0.3415,2,True,-9.8945,1.5823,.55-.60,1.5-2x
ZRX/USDT,2025-02-02,LONG,0.5775,0.3326,0.3415,1,True,2.6759,2.1391,.55-.60,2-3x
ZRX/USDT,2025-02-06,LONG,0.974,0.2911,0.31,5,False,6.4926,1.1864,>.80,1-1.5x
ZRX/USDT,2025-02-09,LONG,0.732,0.3101,0.31,2,True,-0.0322,0.1986,.70-.80,
ZRX/USDT,2025-02-16,LONG,0.7677,0.3268,0.3139,3,True,-3.9474,0.3671,.70-.80,
ZRX/USDT,2025-02-17,LONG,0.5626,0.3318,0.3139,2,True,-5.3948,0.3157,.55-.60,
ZRX/USDT,2025-02-18,LONG,0.6171,0.3122,0.3139,1,True,0.5445,1.2046,.60-.70,1-1.5x
ZRX/USDT,2025-03-03,LONG,0.5502,0.2714,0.2679,5,False,-1.2896,2.6061,.55-.60,2-3x
ZRX/USDT,2025-03-06,LONG,0.6292,0.2737,0.2398,5,False,-12.3858,0.7055,.60-.70,
ZRX/USDT,2025-03-10,LONG,0.6161,0.2295,0.2398,1,True,4.488,0.8283,.60-.70,
ZRX/USDT,2025-03-12,LONG,0.5741,0.2455,0.2514,2,True,2.4033,0.4179,.55-.60,
ZRX/USDT,2025-03-13,LONG,0.7674,0.2419,0.2514,1,True,3.9272,0.261,.70-.80,
ZRX/USDT,2025-03-16,LONG,0.5582,0.2419,0.2611,1,True,7.9372,0.9252,.55-.60,
ZRX/USDT,2025-03-19,LONG,0.6657,0.2679,0.2673,1,True,-0.224,0.5695,.60-.70,
ZRX/USDT,2025-03-21,LONG,0.8063,0.2564,0.2634,1,True,2.7301,0.7144,>.80,
ZRX/USDT,2025-03-23,LONG,0.596,0.2604,0.2834,2,True,8.8326,0.2736,.55-.60,
ZRX/USDT,2025-03-24,LONG,0.9936,0.2914,0.2834,1,True,-2.7454,2.4011,>.80,2-3x
ZRX/USDT,2025-03-28,LONG,0.6333,0.2577,0.2443,2,True,-5.1998,1.3321,.60-.70,1-1.5x
ZRX/USDT,2025-04-06,LONG,0.6546,0.2115,0.2136,1,True,0.9929,2.0421,.60-.70,2-3x
KSM/USDT,2024-08-27,LONG,0.5798,19.79,19.17,1,True,-3.1329,0.9387,.55-.60,
KSM/USDT,2024-08-30,LONG,0.5628,18.57,18.46,3,True,-0.5924,0.2684,.55-.60,
KSM/USDT,2024-09-03,LONG,0.5635,17.45,18.09,1,True,3.6676,1.3524,.55-.60,1-1.5x
KSM/USDT,2024-09-05,LONG,0.627,17.45,19.98,4,True,14.4986,0.8502,.60-.70,
KSM/USDT,2024-09-14,LONG,0.8287,21.62,20.75,4,True,-4.0241,1.9462,>.80,1.5-2x
KSM/USDT,2024-09-17,LONG,0.6045,20.15,20.75,1,True,2.9777,0.5627,.60-.70,
KSM/USDT,2024-09-22,LONG,0.6233,20.54,20.94,1,True,1.9474,0.8988,.60-.70,
KSM/USDT,2024-09-25,LONG,0.5531,21.61,22.21,1,True,2.7765,0.3279,.55-.60,
KSM/USDT,2024-09-30,LONG,0.5647,20.07,18.36,5,False,-8.5202,2.2481,.55-.60,2-3x
KSM/USDT,2024-10-04,LONG,0.5821,18.39,17.64,5,False,-4.0783,0.7829,.55-.60,
KSM/USDT,2024-10-07,LONG,0.6507,18.26,18.4,5,False,0.7667,1.0325,.60-.70,1-1.5x
KSM/USDT,2024-10-10,LONG,0.5812,17.51,18.52,5,False,5.7681,0.2277,.55-.60,
KSM/USDT,2024-10-18,LONG,0.7855,18.46,19.6,2,True,6.1755,1.3484,.70-.80,1-1.5x
KSM/USDT,2024-10-19,LONG,0.5524,18.41,19.6,1,True,6.4639,0.0766,.55-.60,
KSM/USDT,2024-10-27,LONG,0.7272,17.37,16.43,5,False,-5.4116,0.659,.70-.80,
KSM/USDT,2024-11-15,LONG,0.9878,19.98,22.02,3,True,10.2102,2.0051,>.80,2-3x
KSM/USDT,2024-11-16,LONG,0.9989,22.05,22.02,2,True,-0.1361,2.068,>.80,2-3x
KSM/USDT,2024-11-17,LONG,0.7531,20.52,22.02,1,True,7.3099,1.3008,.70-.80,1-1.5x
KSM/USDT,2024-11-19,LONG,0.7887,21.06,23.4,3,True,11.1111,0.7741,.70-.80,
KSM/USDT,2024-11-24,LONG,0.7634,40.77,40.14,1,True,-1.5453,0.7963,.70-.80,
KSM/USDT,2024-11-27,LONG,0.9954,37.48,41.17,3,True,9.8453,0.1213,>.80,
KSM/USDT,2024-11-28,LONG,0.8203,36.8,41.17,2,True,11.875,0.0612,>.80,
KSM/USDT,2024-11-29,LONG,0.9852,42.1,41.17,1,True,-2.209,0.4849,>.80,
KSM/USDT,2024-12-03,LONG,0.7621,44.97,45.57,1,True,1.3342,0.2506,.70-.80,
KSM/USDT,2024-12-15,LONG,0.5604,39.2,31.64,5,False,-19.2857,0.6763,.55-.60,
KSM/USDT,2024-12-16,LONG,0.5795,38.11,30.94,5,False,-18.814,0.4194,.55-.60,
KSM/USDT,2025-02-01,LONG,0.6878,23.97,21.31,2,True,-11.0972,1.4637,.60-.70,1-1.5x
KSM/USDT,2025-02-02,LONG,0.7731,20.45,21.31,1,True,4.2054,2.2556,.70-.80,2-3x
KSM/USDT,2025-02-06,LONG,0.6763,18.65,19.89,5,False,6.6488,0.7378,.60-.70,
KSM/USDT,2025-02-07,LONG,0.7079,18.64,19.89,4,True,6.706,0.0093,.70-.80,
KSM/USDT,2025-02-09,LONG,0.9675,19.08,19.89,2,True,4.2453,0.2839,>.80,
KSM/USDT,2025-02-12,LONG,0.6923,21.16,20.5,1,True,-3.1191,1.1916,.60-.70,1-1.5x
KSM/USDT,2025-02-15,LONG,0.6889,20.26,19.58,4,True,-3.3564,0.5246,.60-.70,
KSM/USDT,2025-02-25,LONG,0.6098,19.89,19.66,3,True,-1.1564,2.2634,.60-.70,2-3x
KSM/USDT,2025-02-26,LONG,0.7132,20.08,19.66,2,True,-2.0916,0.2267,.70-.80,
KSM/USDT,2025-02-27,LONG,0.649,19.88,19.66,1,True,-1.1066,0.2358,.60-.70,
KSM/USDT,2025-03-02,LONG,0.5505,21.06,17.96,1,True,-14.7198,2.0754,.55-.60,2-3x
KSM/USDT,2025-03-05,LONG,0.6874,18.5,15.66,5,False,-15.3514,0.7009,.60-.70,
KSM/USDT,2025-03-09,LONG,0.5819,16.53,15.94,2,True,-3.5693,0.9909,.55-.60,
KSM/USDT,2025-03-10,LONG,0.6358,15.66,15.94,1,True,1.788,0.9226,.60-.70,
KSM/USDT,2025-03-12,LONG,0.564,16.02,16.48,2,True,2.8714,0.0893,.55-.60,
KSM/USDT,2025-03-13,LONG,0.6623,15.9,16.48,1,True,3.6478,0.1333,.60-.70,
KSM/USDT,2025-03-16,LONG,0.5848,16.42,17.42,1,True,6.0901,0.5472,.55-.60,
KSM/USDT,2025-03-22,LONG,0.5622,16.95,18.1,4,True,6.7847,0.0126,.55-.60,
KSM/USDT,2025-03-24,LONG,0.7572,18.28,18.1,2,True,-0.9847,0.8546,.70-.80,
KSM/USDT,2025-03-30,LONG,0.597,15.85,14.99,5,False,-5.4259,0.0698,.55-.60,
KSM/USDT,2025-03-31,LONG,0.7274,15.79,14.9,5,False,-5.6365,0.1055,.70-.80,
KSM/USDT,2025-04-01,LONG,0.6795,15.99,12.88,5,False,-19.4497,0.352,.60-.70,
KSM/USDT,2025-04-06,LONG,0.6862,12.88,13.63,3,True,5.823,3.0415,.60-.70,3-5x
PHA/USDT,2024-08-27,LONG,0.8826,0.1246,0.1184,1,True,-4.9759,0.8374,>.80,
PHA/USDT,2024-08-30,LONG,0.7275,0.1105,0.1098,4,True,-0.6335,0.6878,.70-.80,
PHA/USDT,2024-08-31,LONG,0.6484,0.1088,0.1098,3,True,0.9191,0.41,.60-.70,
PHA/USDT,2024-09-01,LONG,0.7804,0.1145,0.1098,2,True,-4.1048,1.3679,.70-.80,1-1.5x
PHA/USDT,2024-09-02,LONG,0.9753,0.1133,0.1098,1,True,-3.0891,0.2728,>.80,
PHA/USDT,2024-09-16,LONG,0.557,0.1023,0.1172,5,False,14.565,0.7467,.55-.60,
PHA/USDT,2024-09-19,LONG,0.5839,0.1109,0.1172,2,True,5.6808,1.9457,.55-.60,1.5-2x
PHA/USDT,2024-09-22,LONG,0.5577,0.1182,0.126,4,True,6.599,0.2965,.55-.60,
PHA/USDT,2024-09-24,LONG,0.7898,0.1258,0.126,2,True,0.159,0.1595,.70-.80,
PHA/USDT,2024-09-25,LONG,0.6827,0.1264,0.126,1,True,-0.3165,0.1673,.60-.70,
PHA/USDT,2024-09-30,LONG,0.5692,0.1272,0.108,3,True,-15.0943,1.5404,.55-.60,1.5-2x
PHA/USDT,2024-10-02,LONG,0.7755,0.1103,0.108,1,True,-2.0852,0.6583,.70-.80,
PHA/USDT,2024-10-07,LONG,0.8067,0.1117,0.1139,5,False,1.9696,0.6829,>.80,
PHA/USDT,2024-10-10,LONG,0.5553,0.1065,0.1139,2,True,6.9484,0.024,.55-.60,
PHA/USDT,2024-10-19,LONG,0.5868,0.1161,0.1214,1,True,4.565,1.0739,.55-.60,1-1.5x
PHA/USDT,2024-10-27,LONG,0.7218,0.1044,0.1051,1,True,0.6705,0.6764,.70-.80,
PHA/USDT,2024-10-30,LONG,0.5739,0.1115,0.1046,2,True,-6.1883,0.1505,.55-.60,
PHA/USDT,2024-11-02,LONG,0.5637,0.1007,0.0981,1,True,-2.5819,1.0501,.55-.60,1-1.5x
PHA/USDT,2024-11-14,LONG,0.6068,0.1093,0.1255,5,False,14.8216,0.482,.60-.70,
PHA/USDT,2024-11-15,LONG,0.9905,0.1121,0.1255,4,True,11.9536,0.6586,>.80,
PHA/USDT,2024-11-16,LONG,0.9999,0.1181,0.1255,3,True,6.2659,1.3319,>.80,1-1.5x
PHA/USDT,2024-11-17,LONG,0.9999,0.1188,0.1255,2,True,5.6397,0.1475,>.80,
PHA/USDT,2024-11-18,LONG,0.8072,0.1316,0.1255,1,True,-4.6353,2.3971,>.80,2-3x
PHA/USDT,2024-11-22,LONG,0.5616,0.1293,0.1381,3,True,6.8059,0.8509,.55-.60,
PHA/USDT,2024-11-23,LONG,0.7515,0.1464,0.1381,2,True,-5.6694,2.5282,.70-.80,2-3x
PHA/USDT,2024-12-09,LONG,0.5616,0.168,0.1594,1,True,-5.119,2.425,.55-.60,2-3x
PHA/USDT,2024-12-14,LONG,0.5819,0.1633,0.1237,5,False,-24.2498,1.019,.55-.60,1-1.5x
PHA/USDT,2024-12-15,LONG,0.6084,0.1691,0.1254,5,False,-25.8427,0.5948,.60-.70,
PHA/USDT,2024-12-20,LONG,0.5634,0.1254,0.2816,5,False,124.5614,0.2136,.55-.60,
PHA/USDT,2024-12-23,LONG,0.5677,0.1275,0.2428,3,True,90.4314,1.3,.55-.60,1-1.5x
PHA/USDT,2024-12-24,LONG,0.6236,0.2008,0.2428,2,True,20.9163,3.8898,.60-.70,3-5x
PHA/USDT,2024-12-25,LONG,0.7059,0.2816,0.2428,1,True,-13.7784,2.3525,.70-.80,2-3x
PHA/USDT,2024-12-29,LONG,0.9864,0.4919,0.4119,1,True,-16.2635,0.4356,>.80,
PHA/USDT,2024-12-31,LONG,0.9561,0.393,0.3604,1,True,-8.2952,0.1573,>.80,
PHA/USDT,2025-01-02,LONG,0.967,0.3371,0.3654,4,True,8.3951,0.2196,>.80,
PHA/USDT,2025-01-04,LONG,0.7739,0.3491,0.3654,2,True,4.6691,0.0126,.70-.80,
PHA/USDT,2025-01-13,LONG,0.5815,0.2764,0.3723,3,True,34.6961,0.172,.55-.60,
PHA/USDT,2025-01-19,LONG,0.6558,0.2528,0.233,5,False,-7.8323,1.7159,.60-.70,1.5-2x
PHA/USDT,2025-01-22,LONG,0.622,0.2523,0.2147,5,False,-14.9029,0.0503,.60-.70,
PHA/USDT,2025-01-30,LONG,0.5597,0.1993,0.1547,5,False,-22.3783,0.3832,.55-.60,
PHA/USDT,2025-02-01,LONG,0.5803,0.1753,0.1499,5,False,-14.4894,1.4159,.55-.60,1-1.5x
PHA/USDT,2025-02-08,LONG,0.5541,0.1566,0.168,5,False,7.2797,1.0494,.55-.60,1-1.5x
PHA/USDT,2025-03-03,LONG,0.6347,0.1344,0.1256,5,False,-6.5476,2.477,.60-.70,2-3x
PHA/USDT,2025-03-04,LONG,0.5587,0.1311,0.1113,5,False,-15.103,0.3785,.55-.60,
PHA/USDT,2025-03-06,LONG,0.6114,0.1304,0.1146,5,False,-12.1166,0.4271,.60-.70,
PHA/USDT,2025-03-07,LONG,0.5838,0.1237,0.1173,5,False,-5.1738,0.8373,.55-.60,
PHA/USDT,2025-03-10,LONG,0.5621,0.1076,0.1222,5,False,13.5688,0.5107,.55-.60,
PHA/USDT,2025-03-12,LONG,0.6031,0.1173,0.1222,3,True,4.1773,0.3508,.60-.70,
PHA/USDT,2025-03-13,LONG,0.6143,0.1163,0.1222,2,True,5.0731,0.1271,.60-.70,
PHA/USDT,2025-03-19,LONG,0.5667,0.1247,0.1182,1,True,-5.2125,0.3942,.55-.60,
PHA/USDT,2025-03-21,LONG,0.5503,0.1137,0.1276,4,True,12.2252,0.59,.55-.60,
PHA/USDT,2025-03-23,LONG,0.5877,0.1256,0.1276,2,True,1.5924,0.0606,.55-.60,
PHA/USDT,2025-04-01,LONG,0.563,0.1026,0.0843,5,False,-17.8363,0.2391,.55-.60,
PHA/USDT,2025-04-05,LONG,0.6114,0.093,0.0843,1,True,-9.3548,0.0845,.60-.70,
CFG/USDT,2024-08-27,LONG,0.55,0.3456,0.3411,2,True,-1.3021,2.6942,.50-.55,2-3x
CFG/USDT,2024-08-30,LONG,0.6191,0.3375,0.33,5,False,-2.2222,0.2723,.60-.70,
CFG/USDT,2024-08-31,LONG,0.591,0.3351,0.33,4,True,-1.5219,0.1862,.55-.60,
CFG/USDT,2024-09-07,LONG,0.8531,0.3205,0.3554,5,False,10.8892,0.3715,>.80,
CFG/USDT,2024-09-08,LONG,0.7528,0.3239,0.3554,4,True,9.7252,0.2302,.70-.80,
CFG/USDT,2024-09-09,LONG,0.8661,0.3315,0.3554,3,True,7.2097,0.5098,>.80,
CFG/USDT,2024-09-10,LONG,0.6852,0.339,0.3554,2,True,4.8378,0.4891,.60-.70,
CFG/USDT,2024-09-16,LONG,0.6059,0.3309,0.3476,5,False,5.0468,0.3945,.60-.70,
CFG/USDT,2024-09-17,LONG,0.7069,0.3367,0.3598,5,False,6.8607,0.5409,.70-.80,
CFG/USDT,2024-09-18,LONG,0.7855,0.3375,0.3665,5,False,8.5926,0.0745,.70-.80,
CFG/USDT,2024-09-21,LONG,0.5894,0.3476,0.3665,2,True,5.4373,0.2607,.55-.60,
CFG/USDT,2024-09-22,LONG,0.5825,0.3598,0.3665,1,True,1.8621,1.2305,.55-.60,1-1.5x
CFG/USDT,2024-09-26,LONG,0.6282,0.3927,0.3279,5,False,-16.5011,1.3883,.60-.70,1-1.5x
CFG/USDT,2024-09-27,LONG,0.5784,0.3964,0.3426,5,False,-13.5721,0.3985,.55-.60,
CFG/USDT,2024-09-30,LONG,0.5656,0.3528,0.3426,2,True,-2.8912,2.3435,.55-.60,2-3x
CFG/USDT,2024-10-04,LONG,0.5923,0.3554,0.3442,1,True,-3.1514,0.9648,.55-.60,
CFG/USDT,2024-10-15,LONG,0.5871,0.3377,0.3311,4,True,-1.9544,0.9096,.55-.60,
CFG/USDT,2024-10-24,LONG,0.6166,0.3137,0.3115,5,False,-0.7013,1.1067,.60-.70,1-1.5x
CFG/USDT,2024-10-27,LONG,0.5855,0.2958,0.2913,5,False,-1.5213,0.9756,.55-.60,
CFG/USDT,2024-11-04,LONG,0.5651,0.2801,0.3215,3,True,14.7804,0.3746,.55-.60,
CFG/USDT,2024-11-15,LONG,0.698,0.2993,0.3358,3,True,12.1951,0.3298,.60-.70,
CFG/USDT,2024-11-16,LONG,0.9142,0.3247,0.3358,2,True,3.4185,1.6235,>.80,1.5-2x
CFG/USDT,2024-11-17,LONG,0.7662,0.3169,0.3358,1,True,5.964,0.4586,.70-.80,
CFG/USDT,2024-11-20,LONG,0.7479,0.3906,0.4084,2,True,4.5571,0.1358,.70-.80,
CFG/USDT,2024-12-02,LONG,0.5706,0.4101,0.4647,4,True,13.3138,0.7211,.55-.60,
CFG/USDT,2024-12-03,LONG,0.7392,0.4283,0.4647,3,True,8.4987,0.8173,.70-.80,
CFG/USDT,2024-12-05,LONG,0.9932,0.4552,0.4647,1,True,2.087,0.7136,>.80,
CFG/USDT,2024-12-13,LONG,0.6849,0.4011,0.356,5,False,-11.2441,0.4491,.60-.70,
CFG/USDT,2024-12-16,LONG,0.8039,0.4009,0.3213,3,True,-19.8553,1.2219,>.80,1-1.5x
CFG/USDT,2024-12-17,LONG,0.5502,0.39,0.3213,2,True,-17.6154,0.5428,.55-.60,
CFG/USDT,2024-12-18,LONG,0.8044,0.356,0.3213,1,True,-9.7472,1.6308,>.80,1.5-2x
CFG/USDT,2024-12-23,LONG,0.8247,0.3195,0.3396,1,True,6.2911,0.29,>.80,
CFG/USDT,2024-12-25,LONG,0.5794,0.324,0.3278,3,True,1.1728,0.7455,.55-.60,
CFG/USDT,2024-12-26,LONG,0.5824,0.3038,0.3278,2,True,7.8999,1.0076,.55-.60,1-1.5x
CFG/USDT,2024-12-27,LONG,0.7068,0.3111,0.3278,1,True,5.368,0.3914,.70-.80,
CFG/USDT,2024-12-30,LONG,0.6076,0.3069,0.3344,5,False,8.9606,0.2565,.60-.70,
CFG/USDT,2024-12-31,LONG,0.5531,0.301,0.3211,5,False,6.6777,0.3574,.55-.60,
CFG/USDT,2025-01-01,LONG,0.5829,0.3051,0.337,5,False,10.4556,0.2519,.55-.60,
CFG/USDT,2025-01-15,LONG,0.5583,0.2924,0.3122,1,True,6.7715,1.1119,.55-.60,1-1.5x
CFG/USDT,2025-01-23,LONG,0.6559,0.2654,0.26,1,True,-2.0347,0.3008,.60-.70,
CFG/USDT,2025-01-25,LONG,0.8812,0.258,0.2471,1,True,-4.2248,0.1469,>.80,
CFG/USDT,2025-01-27,LONG,0.8999,0.2477,0.2232,1,True,-9.891,0.0505,>.80,
CFG/USDT,2025-01-29,LONG,0.5722,0.2312,0.2341,1,True,1.2543,0.6934,.55-.60,
CFG/USDT,2025-01-31,LONG,0.7321,0.2329,0.1887,2,True,-18.9781,0.1004,.70-.80,
CFG/USDT,2025-02-01,LONG,0.7045,0.2157,0.1887,1,True,-12.5174,1.4075,.70-.80,1-1.5x
CFG/USDT,2025-02-05,LONG,0.5653,0.1884,0.1863,1,True,-1.1146,0.3464,.55-.60,
CFG/USDT,2025-02-10,LONG,0.5505,0.1883,0.1932,1,True,2.6022,0.3953,.55-.60,
CFG/USDT,2025-02-13,LONG,0.703,0.1839,0.174,5,False,-5.3834,1.1035,.70-.80,1-1.5x
CFG/USDT,2025-02-15,LONG,0.6601,0.1909,0.1832,5,False,-4.0335,0.1184,.60-.70,
CFG/USDT,2025-02-22,LONG,0.582,0.1873,0.1645,5,False,-12.173,1.9695,.55-.60,1.5-2x
CFG/USDT,2025-02-23,LONG,0.5882,0.1768,0.1645,4,True,-6.957,1.3198,.55-.60,1-1.5x
CFG/USDT,2025-02-25,LONG,0.5501,0.1616,0.1645,2,True,1.7946,0.7193,.55-.60,
CFG/USDT,2025-03-01,LONG,0.637,0.1599,0.1696,1,True,6.0663,0.1957,.60-.70,
CFG/USDT,2025-03-03,LONG,0.5642,0.1442,0.1406,1,True,-2.4965,2.511,.55-.60,2-3x
CFG/USDT,2025-03-07,LONG,0.9676,0.1441,0.1429,1,True,-0.8328,0.7199,>.80,
CFG/USDT,2025-03-10,LONG,0.6797,0.1142,0.1237,1,True,8.3187,0.3789,.60-.70,
CFG/USDT,2025-03-13,LONG,0.7248,0.1223,0.1225,1,True,0.1635,0.0108,.70-.80,
CFG/USDT,2025-03-15,LONG,0.668,0.1266,0.1442,5,False,13.9021,0.4607,.60-.70,
CFG/USDT,2025-03-17,LONG,0.7121,0.1286,0.1442,3,True,12.1306,0.6009,.70-.80,
CFG/USDT,2025-03-19,LONG,0.5532,0.1337,0.1442,1,True,7.8534,0.4514,.55-.60,
CFG/USDT,2025-03-23,LONG,0.5974,0.1522,0.1551,1,True,1.9054,0.2967,.55-.60,
CFG/USDT,2025-03-29,LONG,0.558,0.1364,0.1371,1,True,0.5132,1.5627,.55-.60,1.5-2x
CFG/USDT,2025-04-01,LONG,0.5802,0.1359,0.1247,4,True,-8.2414,0.3734,.55-.60,
CFG/USDT,2025-04-04,LONG,0.6534,0.12,0.1247,1,True,3.9167,0.5662,.60-.70,
CRO/USDT,2024-08-27,LONG,0.5637,0.08169,0.07864,5,False,-3.7336,0.9953,.55-.60,
CRO/USDT,2024-08-30,LONG,0.6052,0.08125,0.07846,5,False,-3.4338,0.3976,.60-.70,
CRO/USDT,2024-09-02,LONG,0.5931,0.0809,0.07604,5,False,-6.0074,1.24,.55-.60,1-1.5x
CRO/USDT,2024-09-03,LONG,0.6851,0.07861,0.07817,5,False,-0.5597,1.2503,.60-.70,1-1.5x
CRO/USDT,2024-09-10,LONG,0.6402,0.07957,0.07956,2,True,-0.0126,0.0562,.60-.70,
CRO/USDT,2024-09-13,LONG,0.6933,0.08355,0.08077,5,False,-3.3273,1.9678,.60-.70,1.5-2x
CRO/USDT,2024-09-16,LONG,0.7468,0.07918,0.08823,5,False,11.4297,0.7633,.70-.80,
CRO/USDT,2024-09-18,LONG,0.5563,0.08077,0.08588,5,False,6.3266,0.4486,.55-.60,
CRO/USDT,2024-09-19,LONG,0.6517,0.08277,0.08659,5,False,4.6152,1.0574,.60-.70,1-1.5x
CRO/USDT,2024-09-22,LONG,0.5601,0.08566,0.08659,2,True,1.0857,1.1876,.55-.60,1-1.5x
CRO/USDT,2024-09-25,LONG,0.9332,0.08469,0.08724,1,True,3.011,0.9177,>.80,
CRO/USDT,2024-10-07,LONG,0.631,0.07844,0.07723,5,False,-1.5426,1.2068,.60-.70,1-1.5x
CRO/USDT,2024-10-09,LONG,0.5825,0.07526,0.07856,5,False,4.3848,0.6126,.55-.60,
CRO/USDT,2024-10-10,LONG,0.6117,0.07603,0.07812,5,False,2.7489,0.461,.60-.70,
CRO/USDT,2024-10-11,LONG,0.7598,0.07756,0.07872,5,False,1.4956,0.9915,.70-.80,
CRO/USDT,2024-10-12,LONG,0.6264,0.07723,0.07755,5,False,0.4143,0.2174,.60-.70,
CRO/USDT,2024-10-13,LONG,0.6007,0.07603,0.07755,4,True,1.9992,0.792,.60-.70,
CRO/USDT,2024-10-14,LONG,0.567,0.07856,0.07755,3,True,-1.2856,1.5627,.55-.60,1.5-2x
CRO/USDT,2024-10-16,LONG,0.7722,0.07872,0.07755,1,True,-1.4863,0.3929,.70-.80,
CRO/USDT,2024-10-18,LONG,0.5859,0.07823,0.07788,1,True,-0.4474,0.4493,.55-.60,
CRO/USDT,2024-10-21,LONG,0.7031,0.07751,0.07722,1,True,-0.3741,1.4055,.70-.80,1-1.5x
CRO/USDT,2024-10-24,LONG,0.7012,0.07594,0.07468,4,True,-1.6592,0.1177,.70-.80,
CRO/USDT,2024-10-27,LONG,0.7346,0.0743,0.07468,1,True,0.5114,0.9531,.70-.80,
CRO/USDT,2024-10-29,LONG,0.5774,0.07677,0.07242,4,True,-5.6663,1.4105,.55-.60,1-1.5x
CRO/USDT,2024-11-06,LONG,0.8116,0.08557,0.10349,3,True,20.9419,3.968,>.80,3-5x
CRO/USDT,2024-11-07,LONG,0.58,0.09211,0.10349,2,True,12.3548,1.5587,.55-.60,1.5-2x
CRO/USDT,2024-11-08,LONG,0.9955,0.10883,0.10349,1,True,-4.9067,2.9197,>.80,2-3x
CRO/USDT,2024-11-10,LONG,0.8849,0.12382,0.17644,2,True,42.4972,2.6222,>.80,2-3x
CRO/USDT,2024-11-11,LONG,0.9013,0.21243,0.17644,1,True,-16.9421,4.1861,>.80,3-5x
CRO/USDT,2024-11-15,LONG,0.9991,0.16723,0.17101,3,True,2.2604,0.6112,>.80,
CRO/USDT,2024-11-16,LONG,0.9925,0.16539,0.17101,2,True,3.398,0.0603,>.80,
CRO/USDT,2024-11-17,LONG,0.9814,0.16026,0.17101,1,True,6.7078,0.1694,>.80,
CRO/USDT,2024-11-20,LONG,0.5559,0.17895,0.17825,5,False,-0.3912,0.2262,.55-.60,
CRO/USDT,2024-11-25,LONG,0.6475,0.17825,0.18048,2,True,1.2511,0.3901,.60-.70,
CRO/USDT,2024-11-30,LONG,0.5838,0.1867,0.2036,5,False,9.052,0.0936,.55-.60,
CRO/USDT,2024-12-05,LONG,0.5601,0.2036,0.20656,1,True,1.4538,1.0691,.55-.60,1-1.5x
CRO/USDT,2024-12-08,LONG,0.5583,0.20028,0.18602,5,False,-7.12,0.2818,.55-.60,
CRO/USDT,2024-12-10,LONG,0.65,0.17524,0.17996,5,False,2.6934,0.1595,.60-.70,
CRO/USDT,2024-12-16,LONG,0.5805,0.17733,0.19765,1,True,11.4589,0.2884,.55-.60,
CRO/USDT,2024-12-18,LONG,0.5904,0.17271,0.16259,5,False,-5.8595,1.993,.55-.60,1.5-2x
CRO/USDT,2024-12-20,LONG,0.5656,0.1644,0.16259,3,True,-1.101,0.1117,.55-.60,
CRO/USDT,2024-12-27,LONG,0.5932,0.14837,0.15071,5,False,1.5771,0.3012,.55-.60,
CRO/USDT,2024-12-31,LONG,0.5511,0.1411,0.16007,3,True,13.4444,0.1113,.55-.60,
CRO/USDT,2025-01-21,LONG,0.9338,0.13915,0.13832,3,True,-0.5965,1.3257,>.80,1-1.5x
CRO/USDT,2025-01-22,LONG,0.9627,0.14015,0.13832,2,True,-1.3057,0.1782,>.80,
CRO/USDT,2025-01-23,LONG,0.8066,0.13988,0.13832,1,True,-1.1152,0.0518,>.80,
CRO/USDT,2025-02-01,LONG,0.6811,0.12387,0.11376,2,True,-8.1618,1.4658,.60-.70,1-1.5x
CRO/USDT,2025-02-02,LONG,0.828,0.10834,0.11376,1,True,5.0028,3.0281,>.80,3-5x
CRO/USDT,2025-02-06,LONG,0.9241,0.09592,0.09255,5,False,-3.5133,1.3562,>.80,1-1.5x
CRO/USDT,2025-02-09,LONG,0.7233,0.09339,0.09255,2,True,-0.8995,0.2552,.70-.80,
CRO/USDT,2025-02-12,LONG,0.7335,0.0951,0.09104,1,True,-4.2692,0.7206,.70-.80,
CRO/USDT,2025-02-14,LONG,0.5871,0.09116,0.08777,3,True,-3.7187,0.0342,.55-.60,
CRO/USDT,2025-02-16,LONG,0.6204,0.08778,0.08777,1,True,-0.0114,0.2631,.60-.70,
CRO/USDT,2025-02-18,LONG,0.5612,0.08502,0.08597,2,True,1.1174,0.8222,.55-.60,
CRO/USDT,2025-03-01,LONG,0.5894,0.07383,0.08254,1,True,11.7974,0.11,.55-.60,
CRO/USDT,2025-03-06,LONG,0.953,0.08876,0.08478,2,True,-4.484,1.9994,>.80,1.5-2x
CRO/USDT,2025-03-15,LONG,0.5796,0.08407,0.08088,4,True,-3.7945,0.3332,.55-.60,
CRO/USDT,2025-03-20,LONG,0.5637,0.07991,0.10513,5,False,31.5605,0.2061,.55-.60,
CRO/USDT,2025-03-25,LONG,0.679,0.10513,0.10471,3,True,-0.3995,1.8152,.60-.70,1.5-2x
CRO/USDT,2025-03-29,LONG,0.6306,0.10088,0.0963,5,False,-4.54,0.6239,.60-.70,
CRO/USDT,2025-03-30,LONG,0.5727,0.10187,0.09408,5,False,-7.647,0.1745,.55-.60,
CRO/USDT,2025-04-06,LONG,0.8199,0.08146,0.08583,1,True,5.3646,1.6836,>.80,1.5-2x
HYPE/USDT,2026-01-17,LONG,0.5641,25.429,21.462,5,False,-15.6003,0.4278,.55-.60,
HYPE/USDT,2026-01-19,LONG,0.5531,23.736,23.229,5,False,-2.136,0.7488,.55-.60,
HYPE/USDT,2026-01-20,LONG,0.5738,20.988,23.229,4,True,10.6775,2.4436,.55-.60,2-3x
HYPE/USDT,2026-01-22,LONG,0.5586,21.462,23.229,2,True,8.2332,0.0852,.55-.60,
HYPE/USDT,2026-01-23,LONG,0.9251,22.66,23.229,1,True,2.511,1.1594,>.80,1-1.5x
HYPE/USDT,2026-01-26,LONG,0.8094,24.943,30.846,1,True,23.666,2.3145,>.80,2-3x
HYPE/USDT,2026-01-28,LONG,0.5583,34.475,30.817,1,True,-10.6106,1.5187,.55-.60,1.5-2x
HYPE/USDT,2026-02-01,LONG,0.9365,30.588,32.719,2,True,6.9668,0.1679,>.80,
HYPE/USDT,2026-02-02,LONG,0.9038,33.315,32.719,1,True,-1.789,1.1012,>.80,1-1.5x
HYPE/USDT,2026-02-04,LONG,0.8544,35.52,33.092,1,True,-6.8356,1.0519,>.80,1-1.5x
HYPE/USDT,2026-02-06,LONG,0.981,32.388,31.421,1,True,-2.9857,0.2525,>.80,
HYPE/USDT,2026-02-08,LONG,0.9584,32.449,28.85,2,True,-11.0913,0.3924,>.80,
HYPE/USDT,2026-02-11,LONG,0.777,29.396,31.59,2,True,7.4636,0.2325,.70-.80,
HYPE/USDT,2026-02-15,LONG,0.5741,30.728,28.706,3,True,-6.5803,0.4555,.55-.60,
HYPE/USDT,2026-02-16,LONG,0.5601,31.232,28.706,2,True,-8.0879,0.2893,.55-.60,
HYPE/USDT,2026-02-17,LONG,0.5904,29.52,28.706,1,True,-2.7575,1.0742,.55-.60,1-1.5x
HYPE/USDT,2026-02-22,LONG,0.6219,29.037,27.085,2,True,-6.7225,0.5675,.60-.70,
HYPE/USDT,2026-02-23,LONG,0.8014,26.387,27.085,1,True,2.6452,1.9685,>.80,1.5-2x
HYPE/USDT,2026-02-26,LONG,0.5645,28.131,27.31,1,True,-2.9185,0.1991,.55-.60,
HYPE/USDT,2026-03-06,LONG,0.7584,31.026,36.232,5,False,16.7795,0.3208,.70-.80,
HYPE/USDT,2026-03-10,LONG,0.5603,34.19,37.281,2,True,9.0407,0.2655,.55-.60,
HYPE/USDT,2026-03-22,LONG,0.5673,38.368,40.352,2,True,5.171,0.4276,.55-.60,
HYPE/USDT,2026-03-31,LONG,0.6383,36.596,36.843,5,False,0.6749,0.1673,.60-.70,
HYPE/USDT,2026-04-03,LONG,0.6716,35.621,38.76,5,False,8.8122,0.313,.60-.70,
HYPE/USDT,2026-04-06,LONG,0.7649,36.321,42.273,5,False,16.3872,0.4702,.70-.80,
HYPE/USDT,2026-04-07,LONG,0.5563,38.636,40.852,5,False,5.7356,1.9093,.55-.60,1.5-2x
HYPE/USDT,2026-04-09,LONG,0.5965,39.476,43.536,5,False,10.2847,0.6091,.55-.60,
HYPE/USDT,2026-04-11,LONG,0.6969,42.273,43.851,5,False,3.7329,0.5167,.60-.70,
HYPE/USDT,2026-04-12,LONG,0.8686,40.852,43.851,4,True,7.3411,1.0342,>.80,1-1.5x
HYPE/USDT,2026-04-13,LONG,0.5903,44.326,43.851,3,True,-1.0716,2.5637,.55-.60,2-3x
HYPE/USDT,2026-04-15,LONG,0.6515,44.66,43.851,1,True,-1.8115,0.7838,.60-.70,
HYPE/USDT,2026-04-17,LONG,0.9307,44.653,43.794,1,True,-1.9237,0.5525,>.80,
HYPE/USDT,2026-04-20,LONG,0.6757,40.738,39.755,1,True,-2.413,0.0139,.60-.70,
HYPE/USDT,2026-04-22,LONG,0.6713,41.146,41.502,3,True,0.8652,0.9805,.60-.70,
HYPE/USDT,2026-04-24,LONG,0.5692,41.163,41.502,1,True,0.8236,0.0965,.55-.60,
HYPE/USDT,2026-04-27,LONG,0.5664,41.663,39.964,2,True,-4.078,0.5425,.55-.60,
HYPE/USDT,2026-04-30,LONG,0.5586,39.717,41.258,2,True,3.88,0.1926,.55-.60,
HYPE/USDT,2026-05-01,LONG,0.6203,41.18,41.258,1,True,0.1894,1.1158,.60-.70,1-1.5x
HYPE/USDT,2026-05-10,LONG,0.5604,43.02,44.164,4,True,2.6592,0.1032,.55-.60,
HYPE/USDT,2026-05-13,LONG,0.686,38.849,44.164,1,True,13.6812,1.5474,.60-.70,1.5-2x
HYPE/USDT,2026-05-17,LONG,0.5528,45.713,48.1,2,True,5.2217,2.0541,.55-.60,2-3x
HYPE/USDT,2026-05-18,LONG,0.7873,47.778,48.1,1,True,0.674,1.0056,.70-.80,1-1.5x
HYPE/USDT,2026-05-25,LONG,0.9212,61.184,59.628,1,True,-2.5431,0.4351,>.80,
HYPE/USDT,2026-05-28,LONG,0.6598,61.555,73.63,4,True,19.6166,1.0407,.60-.70,1-1.5x
HYPE/USDT,2026-05-29,LONG,0.6819,64.463,73.63,3,True,14.2206,0.755,.60-.70,
HYPE/USDT,2026-05-30,LONG,0.5826,68.343,73.63,2,True,7.736,0.9565,.55-.60,
HYPE/USDT,2026-06-04,LONG,0.5632,64.434,59.776,1,True,-7.2291,2.017,.55-.60,2-3x
HYPE/USDT,2026-06-06,LONG,0.7388,56.541,59.742,1,True,5.6614,0.7944,.70-.80,
ME/USDT,2025-02-24,LONG,0.5598,1.324,1.347,5,False,1.7372,0.7238,.55-.60,
ME/USDT,2025-02-26,LONG,0.5749,1.351,1.347,3,True,-0.2961,0.0876,.55-.60,
ME/USDT,2025-02-27,LONG,0.825,1.363,1.347,2,True,-1.1739,0.0743,>.80,
ME/USDT,2025-03-03,LONG,0.6607,1.189,1.121,5,False,-5.7191,2.5022,.60-.70,2-3x
ME/USDT,2025-03-07,LONG,0.5748,1.158,1.04,4,True,-10.19,0.0176,.55-.60,
ME/USDT,2025-03-10,LONG,0.5724,1.023,1.04,1,True,1.6618,0.1165,.55-.60,
ME/USDT,2025-03-12,LONG,0.5707,1.047,1.068,1,True,2.0057,0.1362,.55-.60,
ME/USDT,2025-03-19,LONG,0.7208,1.145,1.118,1,True,-2.3581,0.1171,.70-.80,
ME/USDT,2025-03-21,LONG,0.7146,1.215,1.255,5,False,3.2922,1.5352,.70-.80,1.5-2x
ME/USDT,2025-03-22,LONG,0.5943,1.19,1.249,5,False,4.958,0.3723,.55-.60,
ME/USDT,2025-03-24,LONG,0.6009,1.193,1.048,5,False,-12.1542,0.65,.60-.70,
ME/USDT,2025-04-04,LONG,0.5874,0.936,0.813,3,True,-13.141,0.1223,.55-.60,
ME/USDT,2025-04-06,LONG,0.6555,0.8,0.813,1,True,1.625,2.5372,.60-.70,2-3x
EIGEN/USDT,2024-12-14,LONG,0.7363,4.63,5.024,1,True,8.5097,0.6458,.70-.80,
EIGEN/USDT,2024-12-31,LONG,0.7525,3.518,4.033,3,True,14.639,0.5844,.70-.80,
EIGEN/USDT,2025-01-09,LONG,0.6356,3.201,2.979,4,True,-6.9353,0.9808,.60-.70,
EIGEN/USDT,2025-01-10,LONG,0.6926,3.12,2.979,3,True,-4.5192,0.4063,.60-.70,
EIGEN/USDT,2025-01-11,LONG,0.5616,3.099,2.979,2,True,-3.8722,0.109,.55-.60,
EIGEN/USDT,2025-01-17,LONG,0.6146,3.448,2.592,5,False,-24.826,0.9764,.60-.70,
EIGEN/USDT,2025-01-18,LONG,0.7502,2.855,2.592,4,True,-9.2119,2.516,.70-.80,2-3x
EIGEN/USDT,2025-01-19,LONG,0.6154,2.703,2.592,3,True,-4.1065,0.8327,.60-.70,
EIGEN/USDT,2025-01-21,LONG,0.6711,2.771,2.592,1,True,-6.4598,0.2023,.60-.70,
EIGEN/USDT,2025-01-23,LONG,0.7356,2.733,2.805,2,True,2.6345,0.877,.70-.80,
EIGEN/USDT,2025-01-29,LONG,0.804,2.629,3.004,2,True,14.264,1.3807,>.80,1-1.5x
EIGEN/USDT,2025-02-01,LONG,0.7449,2.573,1.691,5,False,-34.2791,1.9592,.70-.80,1.5-2x
EIGEN/USDT,2025-02-02,LONG,0.5631,2.173,1.691,4,True,-22.1813,1.9355,.55-.60,1.5-2x
EIGEN/USDT,2025-02-05,LONG,0.6911,1.88,1.691,1,True,-10.0532,0.5804,.60-.70,
EIGEN/USDT,2025-02-07,LONG,0.7927,1.7,1.711,3,True,0.6471,0.0769,.70-.80,
EIGEN/USDT,2025-02-09,LONG,0.7987,1.667,1.711,1,True,2.6395,1.1689,.70-.80,1-1.5x
EIGEN/USDT,2025-02-12,LONG,0.7667,1.742,1.71,1,True,-1.837,0.7214,.70-.80,
EIGEN/USDT,2025-02-14,LONG,0.6423,1.744,1.721,5,False,-1.3188,0.2738,.60-.70,
EIGEN/USDT,2025-02-16,LONG,0.5724,1.698,1.972,5,False,16.1366,0.6606,.55-.60,
EIGEN/USDT,2025-02-24,LONG,0.6819,1.536,1.707,4,True,11.1328,2.5775,.60-.70,2-3x
EIGEN/USDT,2025-02-27,LONG,0.6783,1.71,1.707,1,True,-0.1754,0.1209,.60-.70,
EIGEN/USDT,2025-03-01,LONG,0.6117,1.603,1.423,2,True,-11.2289,0.8873,.60-.70,
EIGEN/USDT,2025-03-05,LONG,0.6627,1.482,1.087,5,False,-26.6532,0.4911,.60-.70,
EIGEN/USDT,2025-03-12,LONG,0.5817,1.135,1.095,4,True,-3.5242,0.1455,.55-.60,
EIGEN/USDT,2025-03-15,LONG,0.7425,1.168,1.095,1,True,-6.25,0.3949,.70-.80,
EIGEN/USDT,2025-03-22,LONG,0.6599,1.205,1.165,5,False,-3.3195,0.8209,.60-.70,
EIGEN/USDT,2025-03-25,LONG,0.5958,1.183,1.028,3,True,-13.1023,0.0662,.55-.60,
EIGEN/USDT,2025-03-26,LONG,0.5514,1.153,1.028,2,True,-10.8413,0.5091,.55-.60,
EIGEN/USDT,2025-03-27,LONG,0.6665,1.165,1.028,1,True,-11.7597,0.2182,.60-.70,
EIGEN/USDT,2025-03-30,LONG,0.6316,0.938,0.825,5,False,-12.0469,0.1299,.60-.70,
EIGEN/USDT,2025-04-06,LONG,0.6188,0.745,0.816,3,True,9.5302,1.9573,.60-.70,1.5-2x
NEIRO/USDT,2025-01-09,LONG,0.5663,0.000789,0.000776,5,False,-1.5843,0.1134,.55-.60,
NEIRO/USDT,2025-01-10,LONG,0.5795,0.000798,0.000842,5,False,5.4978,0.1781,.55-.60,
NEIRO/USDT,2025-01-18,LONG,0.568,0.000698,0.000582,5,False,-16.6141,2.3054,.55-.60,2-3x
NEIRO/USDT,2025-01-20,LONG,0.6446,0.000555,0.000554,4,True,-0.1081,0.5809,.60-.70,
NEIRO/USDT,2025-01-21,LONG,0.5535,0.000564,0.000554,3,True,-1.7373,0.1849,.55-.60,
NEIRO/USDT,2025-01-22,LONG,0.6306,0.00058,0.000554,2,True,-4.3981,0.3094,.60-.70,
NEIRO/USDT,2025-01-23,LONG,0.8615,0.000582,0.000554,1,True,-4.7103,0.0404,>.80,
NEIRO/USDT,2025-01-27,LONG,0.7899,0.000514,0.000445,1,True,-13.432,0.622,.70-.80,
NEIRO/USDT,2025-02-01,LONG,0.6569,0.000508,0.000369,3,True,-27.3371,1.6637,.60-.70,1.5-2x
NEIRO/USDT,2025-02-02,LONG,0.7511,0.00042,0.000369,2,True,-12.1371,1.6483,.70-.80,1.5-2x
NEIRO/USDT,2025-02-03,LONG,0.8023,0.000405,0.000369,1,True,-8.7719,0.3588,>.80,
NEIRO/USDT,2025-02-08,LONG,0.5667,0.000327,0.00032,3,True,-2.1088,1.0204,.55-.60,1-1.5x
NEIRO/USDT,2025-02-10,LONG,0.5525,0.000331,0.00032,1,True,-3.1448,0.415,.55-.60,
NEIRO/USDT,2025-02-15,LONG,0.5797,0.00036,0.000342,1,True,-4.9153,0.3363,.55-.60,
NEIRO/USDT,2025-02-24,LONG,0.5664,0.000321,0.000403,2,True,25.42,2.26,.55-.60,2-3x
NEIRO/USDT,2025-03-01,LONG,0.5501,0.000364,0.000317,2,True,-12.9599,1.5232,.55-.60,1.5-2x
NEIRO/USDT,2025-03-02,LONG,0.6136,0.000381,0.000317,1,True,-16.7105,0.5154,.60-.70,
NEIRO/USDT,2025-03-04,LONG,0.5998,0.000307,0.000256,4,True,-16.7534,0.3288,.55-.60,
NEIRO/USDT,2025-03-06,LONG,0.6642,0.000299,0.000256,2,True,-14.5291,0.6325,.60-.70,
NEIRO/USDT,2025-03-11,LONG,0.5618,0.000243,0.000256,5,False,5.3432,0.2618,.55-.60,
NEIRO/USDT,2025-03-13,LONG,0.5514,0.000257,0.000252,5,False,-1.9478,0.1572,.55-.60,
NEIRO/USDT,2025-03-16,LONG,0.5584,0.000256,0.000265,3,True,3.3945,0.9053,.55-.60,
NEIRO/USDT,2025-04-02,LONG,0.588,0.000172,0.000181,3,True,5.1654,1.7168,.55-.60,1.5-2x
NEIRO/USDT,2025-04-06,LONG,0.6752,0.000155,0.000165,1,True,6.3226,2.2937,.60-.70,2-3x
SCR/USDT,2025-01-17,LONG,0.6526,0.8624,0.7785,2,True,-9.7287,1.3399,.60-.70,1-1.5x
SCR/USDT,2025-01-18,LONG,0.8973,0.7677,0.7785,1,True,1.4068,2.0111,>.80,2-3x
SCR/USDT,2025-01-21,LONG,0.6195,0.7985,0.6792,5,False,-14.9405,0.2598,.60-.70,
SCR/USDT,2025-01-22,LONG,0.8564,0.7511,0.6723,5,False,-10.4913,1.1416,>.80,1-1.5x
SCR/USDT,2025-01-23,LONG,0.7375,0.7331,0.6194,5,False,-15.5095,0.5049,.70-.80,
SCR/USDT,2025-01-24,LONG,0.7447,0.7111,0.6539,5,False,-8.0439,0.6337,.70-.80,
SCR/USDT,2025-01-25,LONG,0.5752,0.6952,0.6711,5,False,-3.4666,0.4748,.55-.60,
SCR/USDT,2025-01-26,LONG,0.5674,0.6792,0.6711,4,True,-1.1926,0.4887,.55-.60,
SCR/USDT,2025-01-27,LONG,0.6551,0.6723,0.6711,3,True,-0.1785,0.2368,.60-.70,
SCR/USDT,2025-02-07,LONG,0.9063,0.5386,0.6074,3,True,12.7739,1.7767,>.80,1.5-2x
SCR/USDT,2025-02-08,LONG,0.6432,0.561,0.6074,2,True,8.2709,0.7739,.60-.70,
SCR/USDT,2025-02-09,LONG,0.9996,0.5655,0.6074,1,True,7.4094,0.1496,>.80,
SCR/USDT,2025-02-15,LONG,0.5876,0.6454,0.6319,5,False,-2.0917,0.3727,.55-.60,
SCR/USDT,2025-03-05,LONG,0.7116,0.4676,0.337,5,False,-27.9299,0.3294,.70-.80,
SCR/USDT,2025-03-12,LONG,0.7136,0.3524,0.3512,2,True,-0.3405,0.6127,.70-.80,
SCR/USDT,2025-03-13,LONG,0.57,0.3378,0.3512,1,True,3.9668,0.6011,.55-.60,
SCR/USDT,2025-03-19,LONG,0.6047,0.3681,0.3823,5,False,3.8576,1.0153,.60-.70,1-1.5x
SCR/USDT,2025-03-21,LONG,0.5735,0.3379,0.3723,5,False,10.1805,0.5703,.55-.60,
SCR/USDT,2025-04-01,LONG,0.5718,0.2772,0.2313,5,False,-16.5584,0.1426,.55-.60,
SCR/USDT,2025-04-05,LONG,0.7344,0.2652,0.2494,2,True,-5.9578,0.347,.70-.80,
GOAT/USDT,2025-02-23,LONG,0.6428,0.1071,0.0946,3,True,-11.6713,1.241,.60-.70,1-1.5x
GOAT/USDT,2025-02-24,LONG,0.5554,0.0832,0.0946,2,True,13.7019,2.7866,.55-.60,2-3x
GOAT/USDT,2025-02-25,LONG,0.5928,0.0899,0.0946,1,True,5.228,0.9745,.55-.60,
GOAT/USDT,2025-03-01,LONG,0.6688,0.0897,0.1032,1,True,15.0502,1.254,.60-.70,1-1.5x
GOAT/USDT,2025-03-03,LONG,0.7902,0.0795,0.07375,2,True,-7.2327,2.2288,.70-.80,2-3x
GOAT/USDT,2025-03-06,LONG,0.9026,0.0684,0.0541,5,False,-20.9064,0.7072,>.80,
GOAT/USDT,2025-03-07,LONG,0.6895,0.0629,0.05543,5,False,-11.876,0.7809,.60-.70,
GOAT/USDT,2025-03-08,LONG,0.6424,0.06152,0.05425,5,False,-11.8173,0.2131,.60-.70,
GOAT/USDT,2025-03-12,LONG,0.5857,0.05543,0.05716,2,True,3.1211,0.2368,.55-.60,
GOAT/USDT,2025-03-18,LONG,0.5517,0.05698,0.05908,5,False,3.6855,0.187,.55-.60,
GOAT/USDT,2025-04-03,LONG,0.5997,0.04448,0.03862,5,False,-13.1745,0.2811,.55-.60,
GOAT/USDT,2025-04-04,LONG,0.5953,0.04509,0.04324,5,False,-4.1029,0.3001,.55-.60,
GOAT/USDT,2025-04-05,LONG,0.5896,0.04433,0.04221,5,False,-4.7823,0.3791,.55-.60,
GOAT/USDT,2025-04-06,LONG,0.5868,0.03921,0.04892,5,False,24.7641,2.4234,.55-.60,2-3x
PENGU/USDT,2025-02-27,LONG,0.708,0.008098,0.009093,1,True,12.287,0.4227,.70-.80,
PENGU/USDT,2025-03-02,LONG,0.7768,0.009245,0.006729,2,True,-27.2147,0.7512,.70-.80,
PENGU/USDT,2025-03-03,LONG,0.7984,0.007106,0.006729,1,True,-5.3054,2.5709,.70-.80,2-3x
PENGU/USDT,2025-03-05,LONG,0.9805,0.006563,0.006082,3,True,-7.329,0.2779,>.80,
PENGU/USDT,2025-03-10,LONG,0.912,0.005593,0.006212,1,True,11.0674,0.1628,>.80,
PENGU/USDT,2025-03-15,LONG,0.7136,0.006716,0.00636,1,True,-5.3008,0.2927,.70-.80,
PENGU/USDT,2025-03-18,LONG,0.7161,0.006395,0.006432,2,True,0.5786,1.0936,.70-.80,1-1.5x
PENGU/USDT,2025-03-21,LONG,0.7736,0.006398,0.006332,1,True,-1.0316,0.065,.70-.80,
PENGU/USDT,2025-03-23,LONG,0.9091,0.006274,0.007035,2,True,12.1294,0.1489,>.80,
PENGU/USDT,2025-04-01,LONG,0.6011,0.005232,0.004042,5,False,-22.7446,0.4739,.60-.70,
PENGU/USDT,2025-04-02,LONG,0.6315,0.004755,0.004178,5,False,-12.1346,1.2522,.60-.70,1-1.5x
PENGU/USDT,2025-04-03,LONG,0.5537,0.004771,0.003864,5,False,-19.0107,0.0494,.55-.60,
PENGU/USDT,2025-04-05,LONG,0.6385,0.004679,0.004417,4,True,-5.5995,0.0572,.60-.70,
PENGU/USDT,2025-04-06,LONG,0.7405,0.004042,0.004417,3,True,9.2776,2.0665,.70-.80,2-3x
VIRTUAL/USDT,2026-01-10,LONG,0.7399,1.0474,1.0031,5,False,-4.2295,0.211,.70-.80,
VIRTUAL/USDT,2026-01-12,LONG,0.9565,0.9856,0.9913,4,True,0.5783,0.7986,>.80,
VIRTUAL/USDT,2026-01-13,LONG,0.7606,1.052,0.9913,3,True,-5.77,0.9649,.70-.80,
VIRTUAL/USDT,2026-01-14,LONG,0.571,1.0222,0.9913,2,True,-3.0229,0.4083,.55-.60,
VIRTUAL/USDT,2026-01-20,LONG,0.7658,0.7991,0.84,1,True,5.1183,1.1081,.70-.80,1-1.5x
VIRTUAL/USDT,2026-01-22,LONG,0.5859,0.8392,0.8246,2,True,-1.7398,0.0135,.55-.60,
VIRTUAL/USDT,2026-01-28,LONG,0.7162,0.8567,0.742,1,True,-13.3886,0.7569,.70-.80,
VIRTUAL/USDT,2026-02-01,LONG,0.6129,0.6109,0.6365,2,True,4.1905,1.0823,.60-.70,1-1.5x
VIRTUAL/USDT,2026-02-06,LONG,0.6272,0.5957,0.538,5,False,-9.6861,1.9507,.60-.70,1.5-2x
VIRTUAL/USDT,2026-02-09,LONG,0.5942,0.569,0.582,3,True,2.2847,0.2,.55-.60,
VIRTUAL/USDT,2026-02-11,LONG,0.5703,0.538,0.582,1,True,8.1784,0.5762,.55-.60,
VIRTUAL/USDT,2026-02-15,LONG,0.7913,0.6328,0.609,3,True,-3.7611,0.8932,.70-.80,
VIRTUAL/USDT,2026-02-16,LONG,0.6063,0.6558,0.609,2,True,-7.1363,0.434,.60-.70,
VIRTUAL/USDT,2026-02-17,LONG,0.6839,0.6447,0.609,1,True,-5.5375,0.2034,.60-.70,
VIRTUAL/USDT,2026-02-23,LONG,0.6127,0.5881,0.7077,5,False,20.3367,0.7783,.60-.70,
VIRTUAL/USDT,2026-02-25,LONG,0.5802,0.6939,0.7077,3,True,1.9888,2.1497,.55-.60,2-3x
VIRTUAL/USDT,2026-02-26,LONG,0.5841,0.6722,0.7077,2,True,5.2812,0.5185,.55-.60,
VIRTUAL/USDT,2026-03-04,LONG,0.5917,0.7524,0.7175,1,True,-4.6385,0.2312,.55-.60,
VIRTUAL/USDT,2026-03-06,LONG,0.6505,0.6903,0.6275,2,True,-9.0975,0.6684,.60-.70,
VIRTUAL/USDT,2026-03-07,LONG,0.7782,0.6676,0.6275,1,True,-6.0066,0.6038,.70-.80,
VIRTUAL/USDT,2026-03-20,LONG,0.5833,0.7049,0.6722,1,True,-4.639,0.0563,.55-.60,
VIRTUAL/USDT,2026-03-26,LONG,0.6581,0.6845,0.6564,2,True,-4.1052,1.2754,.60-.70,1-1.5x
VIRTUAL/USDT,2026-03-27,LONG,0.6344,0.6532,0.6564,1,True,0.4899,1.0537,.60-.70,1-1.5x
VIRTUAL/USDT,2026-03-30,LONG,0.6111,0.642,0.6544,1,True,1.9315,0.157,.60-.70,
VIRTUAL/USDT,2026-04-08,LONG,0.67,0.6577,0.6658,1,True,1.2316,1.1209,.60-.70,1-1.5x
VIRTUAL/USDT,2026-04-12,LONG,0.5576,0.643,0.6995,1,True,8.7869,1.822,.55-.60,1.5-2x
VIRTUAL/USDT,2026-04-14,LONG,0.8684,0.6698,0.6897,1,True,2.971,1.0403,>.80,1-1.5x
VIRTUAL/USDT,2026-04-17,LONG,0.6063,0.747,0.7033,1,True,-5.8501,0.268,.60-.70,
VIRTUAL/USDT,2026-04-20,LONG,0.8103,0.6891,0.6822,1,True,-1.0013,0.6341,>.80,
VIRTUAL/USDT,2026-04-22,LONG,0.8302,0.6918,0.702,2,True,1.4744,0.3198,>.80,
VIRTUAL/USDT,2026-04-23,LONG,0.6984,0.7021,0.702,1,True,-0.0142,0.338,.60-.70,
VIRTUAL/USDT,2026-04-28,LONG,0.5665,0.6901,0.6888,1,True,-0.1884,0.3428,.55-.60,
VIRTUAL/USDT,2026-04-30,LONG,0.5999,0.6861,0.7498,2,True,9.2844,0.1017,.55-.60,
VIRTUAL/USDT,2026-05-01,LONG,0.6023,0.6992,0.7498,1,True,7.2368,0.4943,.60-.70,
VIRTUAL/USDT,2026-05-04,LONG,0.7428,0.7363,0.9091,3,True,23.4687,0.696,.70-.80,
VIRTUAL/USDT,2026-05-10,LONG,0.5672,0.9067,0.7769,3,True,-14.3157,0.8413,.55-.60,
VIRTUAL/USDT,2026-05-11,LONG,0.6068,0.8621,0.7769,2,True,-9.8828,1.3429,.60-.70,1-1.5x
VIRTUAL/USDT,2026-05-17,LONG,0.7233,0.7023,0.722,1,True,2.8051,0.6317,.70-.80,
VIRTUAL/USDT,2026-05-21,LONG,0.5949,0.7529,0.7159,1,True,-4.9143,0.7733,.55-.60,
VIRTUAL/USDT,2026-05-27,LONG,0.579,0.7455,0.7155,1,True,-4.0241,1.5901,.55-.60,1.5-2x
VIRTUAL/USDT,2026-05-30,LONG,0.7179,0.7203,0.702,3,True,-2.5406,0.2842,.70-.80,
VIRTUAL/USDT,2026-05-31,LONG,0.9158,0.7215,0.702,2,True,-2.7027,0.0427,>.80,
VIRTUAL/USDT,2026-06-01,LONG,0.9219,0.7435,0.702,1,True,-5.5817,0.8002,>.80,
PNUT/USDT,2025-01-23,LONG,0.6299,0.3442,0.2295,5,False,-33.3236,0.4177,.60-.70,
PNUT/USDT,2025-01-25,LONG,0.6579,0.3096,0.2512,4,True,-18.863,0.3246,.60-.70,
PNUT/USDT,2025-01-26,LONG,0.654,0.2738,0.2512,3,True,-8.2542,1.4396,.60-.70,1-1.5x
PNUT/USDT,2025-02-01,LONG,0.8839,0.1986,0.1969,2,True,-0.856,2.3257,>.80,2-3x
PNUT/USDT,2025-02-02,LONG,0.9518,0.1824,0.1969,1,True,7.9496,0.9108,>.80,
PNUT/USDT,2025-02-05,LONG,0.7813,0.1815,0.1741,3,True,-4.0771,0.2062,.70-.80,
PNUT/USDT,2025-02-07,LONG,0.6815,0.1529,0.1741,1,True,13.8653,0.764,.60-.70,
PNUT/USDT,2025-02-18,LONG,0.5589,0.1434,0.22,4,True,53.417,0.4777,.55-.60,
PNUT/USDT,2025-02-20,LONG,0.7592,0.1442,0.22,2,True,52.5659,0.3764,.70-.80,
PNUT/USDT,2025-02-23,LONG,0.729,0.1788,0.1748,2,True,-2.2371,1.239,.70-.80,1-1.5x
PNUT/USDT,2025-02-24,LONG,0.7825,0.1498,0.1748,1,True,16.6889,1.0457,.70-.80,1-1.5x
PNUT/USDT,2025-02-26,LONG,0.6653,0.2097,0.2616,2,True,24.7496,1.2286,.60-.70,1-1.5x
PNUT/USDT,2025-03-01,LONG,0.7825,0.2215,0.1961,2,True,-11.4673,0.814,.70-.80,
PNUT/USDT,2025-03-02,LONG,0.6614,0.2377,0.1961,1,True,-17.5011,0.3879,.60-.70,
PNUT/USDT,2025-03-04,LONG,0.9273,0.2077,0.2034,1,True,-2.0703,0.3067,>.80,
PNUT/USDT,2025-03-06,LONG,0.9881,0.1979,0.183,1,True,-7.5291,0.1446,>.80,
PNUT/USDT,2025-03-08,LONG,0.81,0.1788,0.171,5,False,-4.3624,0.1245,>.80,
PNUT/USDT,2025-03-10,LONG,0.6725,0.1533,0.2009,5,False,31.0502,0.1195,.60-.70,
PNUT/USDT,2025-03-12,LONG,0.5821,0.1663,0.1813,5,False,9.0198,0.1219,.55-.60,
PNUT/USDT,2025-03-13,LONG,0.5882,0.171,0.172,5,False,0.5848,0.1515,.55-.60,
PNUT/USDT,2025-03-16,LONG,0.7487,0.1814,0.172,2,True,-5.1819,0.691,.70-.80,
PNUT/USDT,2025-03-19,LONG,0.5957,0.1777,0.1723,1,True,-3.0388,0.2619,.55-.60,
PNUT/USDT,2025-03-24,LONG,0.5815,0.2151,0.2081,2,True,-3.2543,0.5121,.55-.60,
PNUT/USDT,2025-04-06,LONG,0.588,0.1278,0.1388,3,True,8.6072,1.7177,.55-.60,1.5-2x
ACT/USDT,2025-01-28,LONG,0.593,0.1518,0.1874,1,True,23.4519,2.6157,.55-.60,2-3x
ACT/USDT,2025-01-30,LONG,0.8206,0.1848,0.1991,1,True,7.7381,0.1262,>.80,
ACT/USDT,2025-02-01,LONG,0.9115,0.1817,0.1836,1,True,1.0457,0.7731,>.80,
ACT/USDT,2025-02-05,LONG,0.8173,0.1971,0.1834,5,False,-6.9508,1.0314,>.80,1-1.5x
ACT/USDT,2025-02-06,LONG,0.8567,0.185,0.1834,4,True,-0.8649,0.4578,>.80,
ACT/USDT,2025-02-07,LONG,0.723,0.1878,0.1834,3,True,-2.3429,0.1196,.70-.80,
ACT/USDT,2025-02-08,LONG,0.9742,0.1902,0.1834,2,True,-3.5752,0.1104,>.80,
ACT/USDT,2025-02-09,LONG,0.9552,0.1847,0.1834,1,True,-0.7038,0.2492,>.80,
ACT/USDT,2025-02-17,LONG,0.5613,0.1818,0.1859,1,True,2.2552,0.0956,.55-.60,
ACT/USDT,2025-02-26,LONG,0.6507,0.2371,0.1949,5,False,-17.7984,1.7361,.60-.70,1.5-2x
ACT/USDT,2025-03-02,LONG,0.7055,0.2099,0.1949,1,True,-7.1463,0.4771,.70-.80,
ACT/USDT,2025-03-04,LONG,0.7988,0.1971,0.1947,1,True,-1.2177,0.1598,.70-.80,
ACT/USDT,2025-03-06,LONG,0.8702,0.1935,0.1912,1,True,-1.1886,0.0881,>.80,
ACT/USDT,2025-03-08,LONG,0.6189,0.1912,0.1964,4,True,2.7197,0.0,.60-.70,
ACT/USDT,2025-03-10,LONG,0.6815,0.1937,0.1964,2,True,1.3939,0.0455,.60-.70,
ACT/USDT,2025-03-11,LONG,0.5721,0.1978,0.1964,1,True,-0.7078,0.3112,.55-.60,
ACT/USDT,2025-04-01,LONG,0.6784,0.0812,0.0611,2,True,-24.7537,4.4786,.60-.70,3-5x
ACT/USDT,2025-04-02,LONG,0.8252,0.0522,0.0611,1,True,17.0498,2.4372,>.80,2-3x
ACT/USDT,2025-04-06,LONG,0.5558,0.0534,0.0572,3,True,7.1161,0.0483,.55-.60,
