symbol,date,entry,entry_level,entry_level_type,exit_level_type,psi_in,atr_in,bars_held,exit_type,ret_pct,hold_bin
1INCH/USDT,2026-06-03 16:55:00+00:00,0.08,0.0772,SessionLow,,0.980086,0.00061429,60,time_stop,0.0,41-60
1INCH/USDT,2026-06-05 17:30:00+00:00,0.0697,0.0688,SessionLow,,0.967071,0.00097857,60,time_stop,-1.004304,41-60
1INCH/USDT,2026-06-05 20:50:00+00:00,0.0686,0.068257,Round_5bp,,0.824914,0.00014286,60,time_stop,0.58309,41-60
1INCH/USDT,2026-06-06 08:25:00+00:00,0.0678,0.067461,Round_5bp,,0.808353,2.143e-05,60,time_stop,0.589971,41-60
1INCH/USDT,2026-06-06 09:30:00+00:00,0.0682,0.067859,Round_5bp,,0.809649,5e-05,60,time_stop,0.0,41-60
1INCH/USDT,2026-06-07 01:05:00+00:00,0.0686,0.0678,PDC,,0.918548,5.714e-05,60,time_stop,1.166181,41-60
1INCH/USDT,2026-06-07 01:25:00+00:00,0.069,0.0686,SessionHigh,,0.906344,8.571e-05,60,time_stop,0.57971,41-60
1INCH/USDT,2026-06-07 05:00:00+00:00,0.0694,0.069,PDH,,0.894832,2.857e-05,60,time_stop,1.008646,41-60
1INCH/USDT,2026-06-07 07:55:00+00:00,0.0726,0.0694,SessionHigh,,0.960723,0.00035714,60,time_stop,-3.99449,41-60
1INCH/USDT,2026-06-08 15:15:00+00:00,0.0718,0.0714,PDC,,0.999568,2.857e-05,60,time_stop,1.114206,41-60
1INCH/USDT,2026-06-08 17:25:00+00:00,0.0726,0.0718,SessionHigh,,0.961305,0.00022143,60,time_stop,0.0,41-60
1INCH/USDT,2026-06-09 20:20:00+00:00,0.0702,0.0701,SessionLow,,0.91254,7.14e-06,60,time_stop,0.0,41-60
1INCH/USDT,2026-06-10 13:40:00+00:00,0.0706,0.0693,SessionLow,,0.942738,9.286e-05,60,time_stop,0.0,41-60
1INCH/USDT,2026-06-11 01:40:00+00:00,0.0706,0.0693,PDL,SessionHigh,0.948327,9.286e-05,52,bearish_break_level,-0.708215,41-60
1INCH/USDT,2026-06-11 03:55:00+00:00,0.0731,0.0706,PDH,SessionHigh,0.952174,0.00017857,25,bearish_break_level,-4.103967,21-40
1INCH/USDT,2026-06-11 14:30:00+00:00,0.0718,0.0714,WeeklyOpen,,0.984797,2.857e-05,60,time_stop,1.253482,41-60
1INCH/USDT,2026-06-12 14:35:00+00:00,0.0718,0.0706,SessionLow,,0.860999,8.571e-05,60,time_stop,0.696379,41-60
1INCH/USDT,2026-06-13 11:55:00+00:00,0.0727,0.0723,PDC,,0.999568,2.857e-05,60,time_stop,0.0,41-60
AAVE/USDT,2026-06-02 01:55:00+00:00,79.72,79.12,PDC,SessionHigh,0.942594,0.04285714,1,bearish_break_level,-1.179127,1-2
AAVE/USDT,2026-06-02 03:00:00+00:00,79.43,77.7,SessionLow,SessionHigh,0.866936,0.30857143,24,bearish_break_level,-1.397457,21-40
AAVE/USDT,2026-06-02 13:35:00+00:00,77.59,77.32,SessionLow,Round_10bp,0.952652,0.01928571,6,bearish_break_level,-1.005284,6-10
AAVE/USDT,2026-06-02 23:15:00+00:00,74.65,73.47,SessionLow,SessionHigh,0.802042,0.43142857,45,bearish_break_level,0.415271,41-60
AAVE/USDT,2026-06-02 23:35:00+00:00,75.2,72.66,SessionLow,SessionHigh,0.780527,0.62285714,41,bearish_break_level,-0.319149,41-60
AAVE/USDT,2026-06-03 03:50:00+00:00,76.49,74.96,SessionLow,SessionHigh,0.806132,0.18857143,6,bearish_break_level,-2.314028,6-10
AAVE/USDT,2026-06-03 20:10:00+00:00,75.06,74.3094,Round_10bp,PDC,0.841988,0.60357143,53,bearish_break_level,-1.705302,41-60
AAVE/USDT,2026-06-04 02:20:00+00:00,71.55,68.72,SessionLow,,0.760943,0.56357143,60,time_stop,1.63522,41-60
AAVE/USDT,2026-06-04 02:40:00+00:00,71.77,71.41115,Round_5bp,,0.855278,0.455,60,time_stop,1.323673,41-60
AAVE/USDT,2026-06-05 15:55:00+00:00,61.86,61.35,SessionLow,,0.812852,0.135,60,time_stop,-0.161655,41-60
AAVE/USDT,2026-06-05 19:05:00+00:00,62.29,60.12,SessionLow,,0.807023,0.28785714,60,time_stop,3.756622,41-60
AAVE/USDT,2026-06-05 19:45:00+00:00,61.05,59.51,SessionLow,,0.758608,0.58428571,60,time_stop,5.864046,41-60
AAVE/USDT,2026-06-06 05:20:00+00:00,59.71,58.82,SessionLow,,0.759294,0.12714286,60,time_stop,4.823313,41-60
AAVE/USDT,2026-06-06 06:50:00+00:00,61.04,60.7348,Round_5bp,,0.741769,0.09142857,60,time_stop,-1.195937,41-60
AAVE/USDT,2026-06-06 09:35:00+00:00,62.41,61.7859,Round_10bp,,0.694126,0.04642857,60,time_stop,-3.364845,41-60
AAVE/USDT,2026-06-07 01:35:00+00:00,62.41,60.89,PDC,SessionHigh,0.900267,0.10857143,12,bearish_break_level,-0.528761,11-20
AAVE/USDT,2026-06-07 16:00:00+00:00,64.56,64.11,SessionHigh,SessionHigh,0.999568,0.03214286,17,bearish_break_level,-1.812268,11-20
AAVE/USDT,2026-06-08 01:05:00+00:00,63.85,63.75,PDC,SessionHigh,0.963446,0.00714286,10,bearish_break_level,-1.111981,6-10
AAVE/USDT,2026-06-08 09:20:00+00:00,63.06,62.76,SessionLow,,0.908167,0.02142857,60,time_stop,2.172534,41-60
AAVE/USDT,2026-06-09 02:35:00+00:00,61.96,59.69,SessionLow,,0.866082,0.16214286,60,time_stop,3.131052,41-60
AAVE/USDT,2026-06-09 17:05:00+00:00,60.71,59.47,SessionLow,,0.910189,0.08857143,60,time_stop,0.0,41-60
AAVE/USDT,2026-06-10 07:00:00+00:00,61.62,60.71,PDC,SessionHigh,0.999568,0.065,28,bearish_break_level,-1.346965,21-40
AAVE/USDT,2026-06-10 12:30:00+00:00,61.56,60.71,PDC,,0.857583,0.06,60,time_stop,0.0,41-60
AAVE/USDT,2026-06-11 02:00:00+00:00,62.46,60.92,PDC,,0.943852,0.16,60,time_stop,0.0,41-60
AAVE/USDT,2026-06-11 16:00:00+00:00,63.75,63.38,SessionHigh,WeeklyOpen,0.983024,0.09214286,4,bearish_break_level,-0.847059,3-5
AAVE/USDT,2026-06-12 03:00:00+00:00,64.61,64.05,SessionLow,,0.846717,0.03857143,60,time_stop,0.866739,41-60
AAVE/USDT,2026-06-12 03:10:00+00:00,65.17,64.58,PDH,,0.831844,0.08428571,60,time_stop,0.0,41-60
AAVE/USDT,2026-06-12 15:10:00+00:00,65.5,65.39,SessionHigh,,0.921746,0.09642857,60,time_stop,0.0,41-60
AAVE/USDT,2026-06-13 02:25:00+00:00,65.48,64.7,PDC,,0.981637,0.05571429,60,time_stop,0.229078,41-60
AAVE/USDT,2026-06-13 06:35:00+00:00,65.63,65.5,PDH,,0.987365,0.01071429,60,time_stop,0.0,41-60
AAVE/USDT,2026-06-13 12:30:00+00:00,67.19,65.63,SessionHigh,,0.911773,0.11142857,60,time_stop,2.664087,41-60
AAVE/USDT,2026-06-13 15:15:00+00:00,67.41,67.19,SessionHigh,SessionHigh,0.971679,0.01571429,53,bearish_break_level,-1.275775,41-60
AAVE/USDT,2026-06-13 15:20:00+00:00,68.98,67.41,SessionHigh,SessionHigh,0.93471,0.12785714,52,bearish_break_level,-3.52276,41-60
AAVE/USDT,2026-06-14 16:00:00+00:00,65.51,65.39,SessionLow,,0.903596,0.00857143,60,time_stop,1.770722,41-60
ADA/USDT,2026-06-02 00:30:00+00:00,0.23038,0.22992,SessionLow,SessionLow,0.734137,0.00015071,12,bearish_break_level,-0.989669,11-20
ADA/USDT,2026-06-02 00:45:00+00:00,0.22997,0.22967,SessionLow,SessionLow,0.734203,0.00021643,9,bearish_break_level,-0.81315,6-10
ADA/USDT,2026-06-02 01:40:00+00:00,0.22813,0.22735,SessionLow,SessionLow,0.744106,0.00040571,5,bearish_break_level,-1.187919,3-5
ADA/USDT,2026-06-02 05:10:00+00:00,0.22637,0.2256,PDL,Round_5bp,0.720554,0.00052,3,bearish_break_level,-0.516853,3-5
ADA/USDT,2026-06-02 07:15:00+00:00,0.2247,0.2235765,Round_5bp,Round_5bp,0.750149,0.00041857,25,bearish_break_level,-0.712061,21-40
ADA/USDT,2026-06-02 12:40:00+00:00,0.223,0.222,SessionLow,SessionLow,0.73348,0.00024643,21,bearish_break_level,-1.793722,21-40
ADA/USDT,2026-06-02 14:10:00+00:00,0.2226,0.22167,SessionLow,SessionLow,0.756018,0.00044643,3,bearish_break_level,-1.617251,3-5
ADA/USDT,2026-06-02 19:35:00+00:00,0.21415,0.21307925,Round_5bp,Round_5bp,0.684822,0.00046357,4,bearish_break_level,0.719122,3-5
ADA/USDT,2026-06-03 04:00:00+00:00,0.2109,0.208791,Round_10bp,SessionHigh,0.751362,0.0007,17,bearish_break_level,1.697487,11-20
ADA/USDT,2026-06-03 17:10:00+00:00,0.20832,0.2079,SessionLow,PDL,0.754845,0.00060214,8,bearish_break_level,0.484831,6-10
ADA/USDT,2026-06-03 19:30:00+00:00,0.20637,0.206,SessionLow,SessionLow,0.751926,0.00027286,5,bearish_break_level,-0.722004,3-5
ADA/USDT,2026-06-03 21:55:00+00:00,0.20519,0.20416405,Round_5bp,SessionHigh,0.70576,0.00047929,28,bearish_break_level,-1.95916,21-40
ADA/USDT,2026-06-04 02:20:00+00:00,0.19443,0.1924857,Round_10bp,PDC,0.69821,0.0017,26,bearish_break_level,2.833925,21-40
ADA/USDT,2026-06-04 03:00:00+00:00,0.19736,0.1963732,Round_5bp,PDC,0.715021,0.00134286,18,bearish_break_level,1.307256,11-20
ADA/USDT,2026-06-04 03:30:00+00:00,0.19906,0.1980647,Round_5bp,PDC,0.764465,0.00063857,12,bearish_break_level,0.442078,11-20
ADA/USDT,2026-06-04 03:40:00+00:00,0.19966,0.1986617,Round_5bp,PDC,0.696308,0.000575,10,bearish_break_level,0.140238,6-10
ADA/USDT,2026-06-04 05:40:00+00:00,0.19764,0.1966518,Round_5bp,Round_5bp,0.734075,0.00049,27,bearish_break_level,-1.143493,21-40
ADA/USDT,2026-06-04 09:40:00+00:00,0.18976,0.18837,SessionLow,Round_5bp,0.731469,0.00061071,18,bearish_break_level,-0.985455,11-20
ADA/USDT,2026-06-04 10:25:00+00:00,0.18927,0.18817,SessionLow,Round_5bp,0.740164,0.00079643,9,bearish_break_level,-0.729117,6-10
ADA/USDT,2026-06-04 13:30:00+00:00,0.18962,0.1877238,Round_10bp,Round_5bp,0.690811,0.00071571,1,bearish_break_level,-0.490455,1-2
ADA/USDT,2026-06-04 16:35:00+00:00,0.18813,0.18718935,Round_5bp,SessionLow,0.752859,0.00065429,42,bearish_break_level,-1.823207,41-60
ADA/USDT,2026-06-04 17:30:00+00:00,0.18863,0.1867437,Round_10bp,SessionLow,0.71123,0.00080643,31,bearish_break_level,-2.083444,21-40
ADA/USDT,2026-06-04 18:20:00+00:00,0.18807,0.18712965,Round_5bp,SessionLow,0.716136,0.00070214,21,bearish_break_level,-1.791886,21-40
ADA/USDT,2026-06-04 20:10:00+00:00,0.18531,0.18467,SessionLow,SessionLow,0.741861,0.00074143,14,bearish_break_level,-1.322109,11-20
ADA/USDT,2026-06-04 21:40:00+00:00,0.18159,0.18049,SessionLow,Round_5bp,0.789326,0.00074643,2,bearish_break_level,-0.424032,1-2
ADA/USDT,2026-06-04 22:15:00+00:00,0.18168,0.1807716,Round_5bp,Round_5bp,0.707337,0.00090286,2,bearish_break_level,-0.192646,1-2
ADA/USDT,2026-06-05 02:45:00+00:00,0.16583,0.16522,SessionLow,SessionLow,0.731538,0.00113714,2,bearish_break_level,-1.477417,1-2
ADA/USDT,2026-06-05 03:55:00+00:00,0.15929,0.15907,SessionLow,Round_10bp,0.736567,0.00096214,48,bearish_break_level,2.442087,41-60
ADA/USDT,2026-06-05 05:10:00+00:00,0.16807,0.16722965,Round_5bp,Round_10bp,0.713229,0.00149929,33,bearish_break_level,-2.909502,21-40
ADA/USDT,2026-06-05 09:00:00+00:00,0.16143,0.16062285,Round_5bp,Round_5bp,0.718747,0.00074643,36,bearish_break_level,0.266369,21-40
ADA/USDT,2026-06-05 11:30:00+00:00,0.16341,0.16259295,Round_5bp,Round_5bp,0.753804,0.0007,6,bearish_break_level,-0.948534,6-10
ADA/USDT,2026-06-05 13:50:00+00:00,0.16133,0.16052335,Round_5bp,,0.687034,0.00089786,60,time_stop,-2.349222,41-60
ADA/USDT,2026-06-05 14:05:00+00:00,0.16061,0.1588,SessionLow,,0.719115,0.00122571,60,time_stop,-2.085798,41-60
ADA/USDT,2026-06-05 16:40:00+00:00,0.16,0.1592,Round_5bp,,0.748302,0.00143643,60,time_stop,1.225,41-60
ADA/USDT,2026-06-05 16:50:00+00:00,0.1621,0.160479,Round_10bp,,0.745038,0.00135143,60,time_stop,1.08575,41-60
ADA/USDT,2026-06-06 00:05:00+00:00,0.1591,0.15789,SessionHigh,SessionHigh,0.711698,0.000615,2,bearish_break_level,-0.458831,1-2
ADA/USDT,2026-06-06 00:30:00+00:00,0.16045,0.1593,SessionHigh,SessionHigh,0.729337,0.00072214,7,bearish_break_level,1.177937,6-10
ADA/USDT,2026-06-06 01:55:00+00:00,0.15896,0.1581652,Round_5bp,Round_10bp,0.704992,0.00057143,12,bearish_break_level,-2.038249,11-20
ADA/USDT,2026-06-06 03:35:00+00:00,0.15532,0.1545434,Round_5bp,SessionLow,0.737648,0.00058429,8,bearish_break_level,-2.594643,6-10
ADA/USDT,2026-06-06 04:40:00+00:00,0.14957,0.14902,SessionLow,PDL,0.732451,0.00089857,26,bearish_break_level,3.122284,21-40
ADA/USDT,2026-06-06 06:10:00+00:00,0.15522,0.15495,PDL,PDL,0.750687,0.00065071,8,bearish_break_level,-0.631362,6-10
ADA/USDT,2026-06-06 07:35:00+00:00,0.15718,0.1563941,Round_5bp,Round_5bp,0.76438,0.00051643,21,bearish_break_level,1.189719,21-40
ADA/USDT,2026-06-06 09:10:00+00:00,0.15971,0.15891145,Round_5bp,Round_5bp,0.684027,0.00038071,2,bearish_break_level,-0.413249,1-2
ADA/USDT,2026-06-06 12:15:00+00:00,0.15643,0.15564785,Round_5bp,Round_5bp,0.779785,0.00028429,15,bearish_break_level,1.080355,11-20
ADA/USDT,2026-06-06 12:50:00+00:00,0.1593,0.157707,Round_10bp,Round_5bp,0.749294,0.00061,8,bearish_break_level,-0.740741,6-10
ADA/USDT,2026-06-06 14:05:00+00:00,0.1605,0.1596975,Round_5bp,Round_5bp,0.716699,0.00031857,20,bearish_break_level,-1.29595,11-20
ADA/USDT,2026-06-06 14:15:00+00:00,0.16138,0.1605731,Round_5bp,Round_5bp,0.721165,0.00042286,18,bearish_break_level,-1.83418,11-20
ADA/USDT,2026-06-06 15:40:00+00:00,0.15925,0.15845375,Round_5bp,Round_5bp,0.775655,0.00036929,1,bearish_break_level,-0.521193,1-2
ADA/USDT,2026-06-06 21:20:00+00:00,0.15875,0.15795625,Round_5bp,SessionHigh,0.749544,0.00025214,35,bearish_break_level,-0.749606,21-40
ADA/USDT,2026-06-07 00:00:00+00:00,0.158,0.1575,PDC,SessionHigh,0.737459,0.00020571,3,bearish_break_level,-0.278481,3-5
ADA/USDT,2026-06-07 00:30:00+00:00,0.15825,0.1575,PDC,SessionHigh,0.75622,0.00035,10,bearish_break_level,1.503949,6-10
ADA/USDT,2026-06-07 00:45:00+00:00,0.15765,0.15715,SessionLow,SessionHigh,0.72062,0.00037214,7,bearish_break_level,1.890263,6-10
ADA/USDT,2026-06-07 01:05:00+00:00,0.161,0.1588,SessionHigh,SessionHigh,0.762766,0.00055071,3,bearish_break_level,-0.229814,3-5
ADA/USDT,2026-06-07 01:35:00+00:00,0.16192,0.1611104,Round_5bp,SessionHigh,0.721992,0.00070286,2,bearish_break_level,-0.605237,1-2
ADA/USDT,2026-06-07 03:20:00+00:00,0.16216,0.16199,SessionHigh,SessionHigh,0.694518,0.00039786,1,bearish_break_level,-0.271337,1-2
ADA/USDT,2026-06-07 06:40:00+00:00,0.16296,0.16254,PDH,SessionHigh,0.689777,0.00026571,5,bearish_break_level,-0.62592,3-5
ADA/USDT,2026-06-07 08:30:00+00:00,0.16302,0.16254,PDH,SessionHigh,0.729885,9.286e-05,2,bearish_break_level,0.503006,1-2
ADA/USDT,2026-06-07 08:35:00+00:00,0.16435,0.16302,SessionHigh,SessionHigh,0.723321,0.00018786,1,bearish_break_level,-0.310313,1-2
ADA/USDT,2026-06-07 08:55:00+00:00,0.1654,0.16485,SessionHigh,Round_5bp,0.721061,0.00031357,5,bearish_break_level,0.187424,3-5
ADA/USDT,2026-06-07 09:00:00+00:00,0.16627,0.1654,SessionHigh,Round_5bp,0.776948,0.00037571,4,bearish_break_level,-0.336802,3-5
ADA/USDT,2026-06-07 14:25:00+00:00,0.16354,0.1627223,Round_5bp,PDH,0.732227,0.00012929,7,bearish_break_level,-0.904977,6-10
ADA/USDT,2026-06-07 17:20:00+00:00,0.16374,0.1629213,Round_5bp,Round_5bp,0.738234,0.00023929,6,bearish_break_level,-0.604617,6-10
ADA/USDT,2026-06-07 18:05:00+00:00,0.16355,0.16273225,Round_5bp,PDH,0.712039,0.00037143,10,bearish_break_level,-0.953837,6-10
ADA/USDT,2026-06-08 01:05:00+00:00,0.16455,0.16434,SessionLow,SessionLow,0.700927,0.00064071,2,bearish_break_level,-1.09997,1-2
ADA/USDT,2026-06-08 02:20:00+00:00,0.16414,0.1633193,Round_5bp,Round_5bp,0.707452,0.00030429,57,bearish_break_level,-1.7546,41-60
ADA/USDT,2026-06-08 06:00:00+00:00,0.16094,0.1605,SessionLow,Round_5bp,0.757339,0.00013786,13,bearish_break_level,0.198832,11-20
ADA/USDT,2026-06-08 07:20:00+00:00,0.16244,0.1616278,Round_5bp,SessionHigh,0.712083,0.00018286,49,bearish_break_level,2.961093,41-60
ADA/USDT,2026-06-08 11:20:00+00:00,0.16744,0.16665,SessionHigh,SessionHigh,0.73069,0.00047571,1,bearish_break_level,-0.113473,1-2
ADA/USDT,2026-06-08 14:25:00+00:00,0.16703,0.16619485,Round_5bp,SessionHigh,0.735013,0.00013929,10,bearish_break_level,2.107406,6-10
ADA/USDT,2026-06-08 15:00:00+00:00,0.16906,0.16825,SessionHigh,SessionHigh,0.712129,0.00020286,3,bearish_break_level,0.881344,3-5
ADA/USDT,2026-06-08 15:05:00+00:00,0.17016,0.16904,PDH,SessionHigh,0.745222,0.00028143,2,bearish_break_level,0.229196,1-2
ADA/USDT,2026-06-08 15:10:00+00:00,0.17143,0.17016,SessionHigh,SessionHigh,0.744286,0.00039143,1,bearish_break_level,-0.513329,1-2
ADA/USDT,2026-06-08 17:55:00+00:00,0.16935,0.16904,PDH,Round_5bp,0.763514,0.00040786,16,bearish_break_level,1.009743,11-20
ADA/USDT,2026-06-08 18:25:00+00:00,0.17203,0.17116985,Round_5bp,Round_5bp,0.748159,0.00055,10,bearish_break_level,-0.563855,6-10
ADA/USDT,2026-06-08 19:00:00+00:00,0.17198,0.1702602,Round_10bp,Round_5bp,0.725885,0.00059214,3,bearish_break_level,-0.534946,3-5
ADA/USDT,2026-06-08 19:20:00+00:00,0.17175,0.17089125,Round_5bp,SessionHigh,0.711134,0.00047929,26,bearish_break_level,0.983988,21-40
ADA/USDT,2026-06-08 20:40:00+00:00,0.17066,0.16904,PDH,SessionHigh,0.778385,0.000335,10,bearish_break_level,1.62897,6-10
ADA/USDT,2026-06-08 21:35:00+00:00,0.17443,0.17355785,Round_5bp,SessionHigh,0.712001,0.00052929,2,bearish_break_level,-0.355443,1-2
ADA/USDT,2026-06-08 22:45:00+00:00,0.17187,0.17101065,Round_5bp,PDC,0.717618,0.00035214,17,bearish_break_level,-1.355676,11-20
ADA/USDT,2026-06-09 01:45:00+00:00,0.16682,0.16654,SessionLow,PDC,0.700222,0.00021714,46,bearish_break_level,1.870279,41-60
ADA/USDT,2026-06-09 04:30:00+00:00,0.1676,0.16604,SessionLow,PDC,0.709372,0.00021714,13,bearish_break_level,1.396181,11-20
ADA/USDT,2026-06-09 05:15:00+00:00,0.16906,0.1682147,Round_5bp,PDC,0.742926,0.00044857,4,bearish_break_level,0.520525,3-5
ADA/USDT,2026-06-09 06:15:00+00:00,0.17082,0.17036,PDC,SessionHigh,0.713662,0.00033,2,bearish_break_level,-0.450767,1-2
ADA/USDT,2026-06-09 07:10:00+00:00,0.17069,0.17036,PDC,SessionHigh,0.702641,0.00024786,9,bearish_break_level,-0.257777,6-10
ADA/USDT,2026-06-09 14:50:00+00:00,0.16504,0.16478,SessionLow,SessionLow,0.727575,0.00057071,8,bearish_break_level,-0.605914,6-10
ADA/USDT,2026-06-09 16:40:00+00:00,0.16174,0.16101,SessionLow,Round_5bp,0.742733,0.000545,52,bearish_break_level,3.635464,41-60
ADA/USDT,2026-06-09 20:15:00+00:00,0.16989,0.16904055,Round_5bp,Round_5bp,0.765452,0.00034643,9,bearish_break_level,-1.336159,6-10
ADA/USDT,2026-06-10 00:10:00+00:00,0.16635,0.16554,PDC,SessionHigh,0.772034,0.00020071,1,bearish_break_level,-0.29456,1-2
ADA/USDT,2026-06-10 00:45:00+00:00,0.16496,0.16478,SessionLow,SessionHigh,0.731242,0.000315,11,bearish_break_level,-0.018186,11-20
ADA/USDT,2026-06-10 01:00:00+00:00,0.16664,0.16635,SessionHigh,SessionHigh,0.710248,0.00039214,8,bearish_break_level,-1.026164,6-10
ADA/USDT,2026-06-10 05:25:00+00:00,0.16133,0.16047,SessionLow,Round_5bp,0.705668,0.000245,13,bearish_break_level,-0.923573,11-20
ADA/USDT,2026-06-10 06:05:00+00:00,0.16055,0.16016,SessionLow,Round_5bp,0.718843,0.00025357,5,bearish_break_level,-0.44223,3-5
ADA/USDT,2026-06-10 08:35:00+00:00,0.15943,0.15925,SessionLow,Round_10bp,0.723466,0.00023857,9,bearish_break_level,-0.564511,6-10
ADA/USDT,2026-06-10 08:55:00+00:00,0.1598,0.15916,SessionLow,Round_10bp,0.781944,0.00032071,5,bearish_break_level,-0.794743,3-5
ADA/USDT,2026-06-10 09:35:00+00:00,0.16056,0.15853,SessionLow,PDC,0.743941,0.00048857,50,bearish_break_level,2.995765,41-60
ADA/USDT,2026-06-10 15:00:00+00:00,0.16505,0.1633995,Round_10bp,Round_10bp,0.699503,0.00038357,1,bearish_break_level,-1.011815,1-2
ADA/USDT,2026-06-10 15:25:00+00:00,0.1662,0.16585,WeeklyOpen,PDC,0.689234,0.00053786,4,bearish_break_level,-0.854392,3-5
ADA/USDT,2026-06-10 18:05:00+00:00,0.16236,0.16101,PDL,PDL,0.71973,0.00033143,21,bearish_break_level,-1.145602,21-40
ADA/USDT,2026-06-11 00:10:00+00:00,0.16165,0.16104,SessionLow,SessionHigh,0.695862,0.00027143,2,bearish_break_level,-0.061862,1-2
ADA/USDT,2026-06-11 00:15:00+00:00,0.16216,0.16156,PDC,SessionHigh,0.692083,0.00030071,1,bearish_break_level,-0.376172,1-2
ADA/USDT,2026-06-11 00:30:00+00:00,0.16206,0.16156,PDC,SessionHigh,0.715551,0.00033929,1,bearish_break_level,-0.431939,1-2
ADA/USDT,2026-06-11 01:35:00+00:00,0.16254,0.16156,PDC,SessionHigh,0.720465,0.00030714,8,bearish_break_level,0.135351,6-10
ADA/USDT,2026-06-11 01:40:00+00:00,0.16338,0.16254,SessionHigh,SessionHigh,0.713258,0.00033071,7,bearish_break_level,-0.379483,6-10
ADA/USDT,2026-06-11 01:45:00+00:00,0.16406,0.16338,SessionHigh,SessionHigh,0.700384,0.00032214,6,bearish_break_level,-0.792393,6-10
ADA/USDT,2026-06-11 05:45:00+00:00,0.16643,0.16585,WeeklyOpen,WeeklyOpen,0.708169,0.00031929,10,bearish_break_level,-0.648921,6-10
ADA/USDT,2026-06-11 08:20:00+00:00,0.16806,0.16766,SessionHigh,SessionHigh,0.720353,0.00024357,4,bearish_break_level,-0.130906,3-5
ADA/USDT,2026-06-11 11:10:00+00:00,0.16604,0.16585,WeeklyOpen,PDH,0.781463,8.286e-05,14,bearish_break_level,-0.554083,11-20
ADA/USDT,2026-06-11 11:50:00+00:00,0.16697,0.16613515,Round_5bp,PDH,0.767227,0.00010714,6,bearish_break_level,-1.107983,6-10
ADA/USDT,2026-06-11 12:40:00+00:00,0.16626,0.1654287,Round_5bp,PDH,0.780906,0.00031143,28,bearish_break_level,-0.890172,21-40
ADA/USDT,2026-06-11 13:50:00+00:00,0.16606,0.16585,WeeklyOpen,PDH,0.733779,0.00023357,14,bearish_break_level,-0.770806,11-20
ADA/USDT,2026-06-11 14:45:00+00:00,0.16634,0.16585,WeeklyOpen,PDH,0.702303,0.00039143,3,bearish_break_level,-0.937838,3-5
ADA/USDT,2026-06-11 15:35:00+00:00,0.16735,0.16651325,Round_5bp,WeeklyOpen,0.704249,0.00052929,14,bearish_break_level,-1.320586,11-20
ADA/USDT,2026-06-11 16:35:00+00:00,0.16604,0.16585,WeeklyOpen,WeeklyOpen,0.707988,0.00024714,2,bearish_break_level,-0.542038,1-2
ADA/USDT,2026-06-11 17:45:00+00:00,0.16923,0.16875,SessionHigh,SessionHigh,0.735548,0.00048429,4,bearish_break_level,0.13591,3-5
ADA/USDT,2026-06-11 17:50:00+00:00,0.1704,0.16923,SessionHigh,SessionHigh,0.757351,0.00055429,3,bearish_break_level,-0.551643,3-5
ADA/USDT,2026-06-12 00:20:00+00:00,0.17054,0.17029,PDC,SessionHigh,0.733923,0.00034643,4,bearish_break_level,-0.111411,3-5
ADA/USDT,2026-06-12 00:30:00+00:00,0.17055,0.17029,PDC,SessionHigh,0.729868,0.00039714,2,bearish_break_level,-0.117268,1-2
ADA/USDT,2026-06-12 02:35:00+00:00,0.17155,0.17086,SessionHigh,SessionHigh,0.741509,0.00019857,4,bearish_break_level,-0.285631,3-5
ADA/USDT,2026-06-12 04:25:00+00:00,0.17286,0.17233,SessionHigh,PDH,0.708275,0.00012286,12,bearish_break_level,-0.983455,11-20
ADA/USDT,2026-06-12 14:00:00+00:00,0.16904,0.16795,SessionLow,SessionHigh,0.767188,0.00035571,13,bearish_break_level,2.478703,11-20
ADA/USDT,2026-06-12 14:35:00+00:00,0.1717,0.169983,Round_10bp,SessionHigh,0.728807,0.000565,6,bearish_break_level,0.891089,6-10
ADA/USDT,2026-06-12 18:40:00+00:00,0.17198,0.17029,PDC,PDH,0.685997,0.00027929,2,bearish_break_level,-0.284917,1-2
ADA/USDT,2026-06-12 19:20:00+00:00,0.17221,0.17134895,Round_5bp,PDC,0.751604,0.00025857,19,bearish_break_level,-1.544626,11-20
ADA/USDT,2026-06-12 22:10:00+00:00,0.16979,0.16894105,Round_5bp,PDC,0.692652,8.857e-05,28,bearish_break_level,-0.111903,21-40
ADA/USDT,2026-06-13 00:55:00+00:00,0.17051,0.17028,SessionHigh,SessionHigh,0.691381,0.00017357,15,bearish_break_level,1.395813,11-20
ADA/USDT,2026-06-13 01:10:00+00:00,0.17092,0.17051,SessionHigh,SessionHigh,0.736204,0.00022,12,bearish_break_level,1.152586,11-20
ADA/USDT,2026-06-13 07:00:00+00:00,0.17151,0.17065245,Round_5bp,SessionHigh,0.76458,5.857e-05,9,bearish_break_level,1.014518,6-10
ADA/USDT,2026-06-13 15:10:00+00:00,0.17493,0.17443,PDH,SessionHigh,0.755345,7.5e-05,5,bearish_break_level,0.234379,3-5
ADA/USDT,2026-06-13 15:15:00+00:00,0.17547,0.17493,SessionHigh,SessionHigh,0.754187,0.00012,4,bearish_break_level,-0.074087,3-5
ADA/USDT,2026-06-13 21:40:00+00:00,0.17322,0.1714878,Round_10bp,SessionHigh,0.76429,0.00025357,31,bearish_break_level,-0.813994,21-40
ADA/USDT,2026-06-14 00:10:00+00:00,0.17207,0.17141,PDC,SessionHigh,0.748357,0.00017714,1,bearish_break_level,-0.151101,1-2
ADA/USDT,2026-06-14 02:15:00+00:00,0.17365,0.17299,SessionHigh,SessionHigh,0.72104,0.00016071,7,bearish_break_level,-0.771667,6-10
ADA/USDT,2026-06-14 03:50:00+00:00,0.1735,0.1726325,Round_5bp,SessionHigh,0.728518,0.00016929,1,bearish_break_level,-0.172911,1-2
ADA/USDT,2026-06-14 07:25:00+00:00,0.17159,0.17141,PDC,PDC,0.743462,0.00013,22,bearish_break_level,-0.629407,21-40
ADA/USDT,2026-06-14 10:00:00+00:00,0.17083,0.17031,SessionLow,SessionLow,0.795796,0.00013429,13,bearish_break_level,-0.632207,11-20
ADA/USDT,2026-06-14 11:20:00+00:00,0.16996,0.1696,PDL,PDL,0.784283,0.00012786,15,bearish_break_level,-0.576606,11-20
ADA/USDT,2026-06-14 14:50:00+00:00,0.16613,0.16585,WeeklyOpen,,0.75688,0.00019071,60,time_stop,0.018058,41-60
ADA/USDT,2026-06-14 15:10:00+00:00,0.16709,0.16625455,Round_5bp,,0.749624,0.00022571,60,time_stop,-0.556586,41-60
ALGO/USDT,2026-06-02 00:15:00+00:00,0.11981,0.1191,PDC,SessionHigh,0.868714,5.286e-05,1,bearish_break_level,-0.166931,1-2
ALGO/USDT,2026-06-02 01:45:00+00:00,0.11945,0.1191,PDC,PDC,0.828085,0.00011429,3,bearish_break_level,-0.828799,3-5
ALGO/USDT,2026-06-02 02:30:00+00:00,0.11938,0.11792,SessionLow,SessionHigh,0.797865,0.00027643,45,bearish_break_level,-0.887921,41-60
ALGO/USDT,2026-06-02 03:30:00+00:00,0.12201,0.12019,SessionHigh,SessionHigh,0.766801,0.00029357,33,bearish_break_level,-3.024342,21-40
ALGO/USDT,2026-06-02 07:00:00+00:00,0.11776,0.11711,SessionLow,,0.735717,0.00039857,60,time_stop,0.467052,41-60
ALGO/USDT,2026-06-02 11:00:00+00:00,0.11804,0.11745,PDL,,0.858649,4.429e-05,60,time_stop,-2.084039,41-60
ALGO/USDT,2026-06-02 15:05:00+00:00,0.11819,0.11745,PDL,SessionLow,0.770526,0.000525,53,bearish_break_level,-3.739741,41-60
ALGO/USDT,2026-06-02 17:20:00+00:00,0.11934,0.1187433,Round_5bp,SessionLow,0.739639,0.00016929,26,bearish_break_level,-4.667337,21-40
ALGO/USDT,2026-06-02 19:40:00+00:00,0.11412,0.11377,SessionLow,SessionLow,0.787085,0.00037,38,bearish_break_level,-1.735016,21-40
ALGO/USDT,2026-06-03 00:10:00+00:00,0.11284,0.1115,PDL,SessionLow,0.759963,0.00011214,39,bearish_break_level,-2.038284,21-40
ALGO/USDT,2026-06-03 04:30:00+00:00,0.11074,0.10998,SessionLow,,0.805489,0.00014714,60,time_stop,3.205707,41-60
ALGO/USDT,2026-06-03 17:20:00+00:00,0.10825,0.1075,SessionLow,SessionLow,0.749617,0.00016,41,bearish_break_level,-2.235566,41-60
ALGO/USDT,2026-06-03 20:10:00+00:00,0.10775,0.10709,SessionLow,SessionLow,0.724544,0.00017929,7,bearish_break_level,-1.781903,6-10
ALGO/USDT,2026-06-04 00:20:00+00:00,0.10654,0.10642,SessionLow,PDL,0.756428,0.00010286,2,bearish_break_level,-0.854139,1-2
ALGO/USDT,2026-06-04 00:40:00+00:00,0.10583,0.105,SessionLow,PDL,0.717832,0.00029714,1,bearish_break_level,-0.283473,1-2
ALGO/USDT,2026-06-04 02:10:00+00:00,0.10182,0.10048,SessionLow,,0.770479,0.00046357,60,time_stop,3.830289,41-60
ALGO/USDT,2026-06-04 21:55:00+00:00,0.09997,0.09948,SessionLow,PDC,0.86355,0.00021357,53,bearish_break_level,-1.010303,41-60
ALGO/USDT,2026-06-04 23:40:00+00:00,0.10003,0.09944,SessionLow,PDC,0.859845,4.214e-05,32,bearish_break_level,-1.069679,21-40
ALGO/USDT,2026-06-05 00:15:00+00:00,0.10037,0.10003,PDC,PDC,0.766126,6.643e-05,25,bearish_break_level,-1.404802,21-40
ALGO/USDT,2026-06-05 00:25:00+00:00,0.10094,0.10037,SessionHigh,PDC,0.760581,0.00010714,23,bearish_break_level,-1.961561,21-40
ALGO/USDT,2026-06-05 02:00:00+00:00,0.10006,0.09984,SessionLow,PDC,0.796441,0.00010429,4,bearish_break_level,-1.09934,3-5
ALGO/USDT,2026-06-05 03:15:00+00:00,0.09816,0.0969,SessionLow,SessionLow,0.733258,0.00031571,37,bearish_break_level,-5.42991,21-40
ALGO/USDT,2026-06-05 03:30:00+00:00,0.09794,0.0974503,Round_5bp,SessionLow,0.745806,0.00032286,34,bearish_break_level,-5.21748,21-40
ALGO/USDT,2026-06-05 06:25:00+00:00,0.09383,0.0928917,Round_10bp,,0.738077,0.00058071,60,time_stop,-0.671427,41-60
ALGO/USDT,2026-06-05 12:00:00+00:00,0.09257,0.09243,SessionLow,SessionLow,0.848396,0.00012857,23,bearish_break_level,-2.527817,21-40
ALGO/USDT,2026-06-05 12:40:00+00:00,0.09235,0.09166,SessionLow,SessionLow,0.741619,0.00027214,15,bearish_break_level,-2.295615,11-20
ALGO/USDT,2026-06-05 14:20:00+00:00,0.09093,0.0898,SessionLow,,0.733615,0.00031857,60,time_stop,-0.384911,41-60
ALGO/USDT,2026-06-05 16:05:00+00:00,0.08976,0.0894,SessionLow,,0.741435,0.000205,60,time_stop,4.645722,41-60
ALGO/USDT,2026-06-05 18:00:00+00:00,0.09295,0.09248525,Round_5bp,,0.72275,0.00024929,60,time_stop,0.892953,41-60
ALGO/USDT,2026-06-06 00:15:00+00:00,0.09397,0.09285,PDC,SessionHigh,0.765216,0.00015786,4,bearish_break_level,0.095775,3-5
ALGO/USDT,2026-06-06 00:50:00+00:00,0.09473,0.09463,SessionHigh,SessionHigh,0.760846,0.00026929,34,bearish_break_level,-2.280165,21-40
ALGO/USDT,2026-06-06 01:00:00+00:00,0.09541,0.09473,SessionHigh,SessionHigh,0.76896,0.00031786,32,bearish_break_level,-2.976627,21-40
ALGO/USDT,2026-06-06 15:55:00+00:00,0.09343,0.09285,PDC,PDC,0.83011,0.00018571,18,bearish_break_level,-1.284384,11-20
ALGO/USDT,2026-06-06 21:00:00+00:00,0.09204,0.0915798,Round_5bp,SessionHigh,0.775689,7.143e-05,41,bearish_break_level,-0.097784,41-60
ALGO/USDT,2026-06-07 00:00:00+00:00,0.09204,0.09179,PDC,SessionHigh,0.76047,1.786e-05,5,bearish_break_level,-0.097784,3-5
ALGO/USDT,2026-06-07 00:30:00+00:00,0.09236,0.09187,SessionLow,SessionHigh,0.723677,0.00010357,2,bearish_break_level,-0.119099,1-2
ALGO/USDT,2026-06-07 03:15:00+00:00,0.09406,0.09373,SessionHigh,SessionHigh,0.800848,2.357e-05,23,bearish_break_level,-0.318945,21-40
ALGO/USDT,2026-06-07 06:20:00+00:00,0.09463,0.0936837,Round_10bp,,0.772415,6.214e-05,60,time_stop,2.335412,41-60
ALGO/USDT,2026-06-07 06:30:00+00:00,0.09519,0.09463,SessionHigh,,0.767759,0.00010214,60,time_stop,1.733375,41-60
ALGO/USDT,2026-06-07 06:35:00+00:00,0.09555,0.09519,SessionHigh,,0.790824,0.00012786,60,time_stop,1.350078,41-60
ALGO/USDT,2026-06-07 08:45:00+00:00,0.09713,0.09555,SessionHigh,,0.870967,0.00012,60,time_stop,-3.572532,41-60
ALGO/USDT,2026-06-07 14:20:00+00:00,0.09434,0.0933966,Round_10bp,PDC,0.820372,0.00030929,59,bearish_break_level,-3.444986,41-60
ALGO/USDT,2026-06-08 00:20:00+00:00,0.09436,0.09396,SessionLow,SessionLow,0.76402,0.00016929,57,bearish_break_level,-2.564646,41-60
ALGO/USDT,2026-06-08 03:10:00+00:00,0.09392,0.09366,SessionLow,SessionLow,0.779219,0.00014,23,bearish_break_level,-2.108177,21-40
ALGO/USDT,2026-06-08 06:00:00+00:00,0.09253,0.09173,SessionLow,,0.74034,0.000145,60,time_stop,1.113152,41-60
ALGO/USDT,2026-06-08 09:20:00+00:00,0.09345,0.09298275,Round_5bp,,0.766324,3.643e-05,60,time_stop,1.048689,41-60
ALGO/USDT,2026-06-08 10:30:00+00:00,0.09356,0.0930922,Round_5bp,,0.770721,9.357e-05,60,time_stop,2.126977,41-60
ALGO/USDT,2026-06-08 11:20:00+00:00,0.09443,0.0934857,Round_10bp,,0.781019,0.00010643,60,time_stop,-0.402414,41-60
ALGO/USDT,2026-06-08 12:55:00+00:00,0.09494,0.0944653,Round_5bp,,0.8059,0.00013786,60,time_stop,-1.674742,41-60
ALGO/USDT,2026-06-08 15:00:00+00:00,0.09555,0.0945945,Round_10bp,,0.735235,0.00014643,60,time_stop,-2.721088,41-60
ALGO/USDT,2026-06-08 18:00:00+00:00,0.09376,0.0932912,Round_5bp,,0.756874,9.143e-05,60,time_stop,-1.31186,41-60
ALGO/USDT,2026-06-09 00:15:00+00:00,0.09242,0.09197,SessionLow,SessionLow,0.743371,7.214e-05,2,bearish_break_level,-0.735771,1-2
ALGO/USDT,2026-06-09 00:40:00+00:00,0.09125,0.09105,SessionLow,SessionLow,0.764281,0.00020643,2,bearish_break_level,-0.427397,1-2
ALGO/USDT,2026-06-09 04:50:00+00:00,0.09317,0.09077,SessionLow,SessionHigh,0.832813,0.00017143,24,bearish_break_level,-0.890845,21-40
ALGO/USDT,2026-06-09 17:05:00+00:00,0.08974,0.08851,SessionLow,,0.739399,0.00025857,60,time_stop,2.039224,41-60
ALGO/USDT,2026-06-10 00:10:00+00:00,0.09143,0.09094,PDC,SessionHigh,0.725564,3.5e-05,2,bearish_break_level,-0.098436,1-2
ALGO/USDT,2026-06-10 00:45:00+00:00,0.09123,0.09094,PDC,SessionHigh,0.747581,0.00011857,51,bearish_break_level,-0.712485,41-60
ALGO/USDT,2026-06-10 06:40:00+00:00,0.09094,0.09058,SessionLow,SessionLow,0.868068,2.214e-05,21,bearish_break_level,-0.527821,21-40
ALGO/USDT,2026-06-10 07:00:00+00:00,0.09106,0.09094,PDC,SessionLow,0.869553,3.071e-05,17,bearish_break_level,-0.658906,11-20
ALGO/USDT,2026-06-10 09:10:00+00:00,0.09024,0.09005,SessionLow,SessionLow,0.806453,8.643e-05,27,bearish_break_level,-1.108156,21-40
ALGO/USDT,2026-06-10 10:45:00+00:00,0.08993,0.08948035,Round_5bp,SessionLow,0.782423,2.714e-05,8,bearish_break_level,-0.767263,6-10
ALGO/USDT,2026-06-10 12:35:00+00:00,0.09076,0.0903062,Round_5bp,Round_5bp,0.752802,0.00010857,5,bearish_break_level,-0.440723,3-5
ALGO/USDT,2026-06-10 13:30:00+00:00,0.09073,0.09027635,Round_5bp,,0.773664,0.000135,60,time_stop,-0.639259,41-60
ALGO/USDT,2026-06-10 20:20:00+00:00,0.08895,0.08874,SessionLow,SessionLow,0.757365,7.286e-05,18,bearish_break_level,-1.517707,11-20
ALGO/USDT,2026-06-11 00:20:00+00:00,0.08686,0.08666,SessionLow,PDC,0.740961,6.429e-05,1,bearish_break_level,-0.218743,1-2
ALGO/USDT,2026-06-11 00:40:00+00:00,0.08714,0.08654,SessionLow,SessionHigh,0.775117,0.00015643,5,bearish_break_level,0.459031,3-5
ALGO/USDT,2026-06-11 05:00:00+00:00,0.08917,0.08872415,Round_5bp,SessionHigh,0.800493,0.00010429,12,bearish_break_level,-0.482225,11-20
ALGO/USDT,2026-06-11 23:50:00+00:00,0.08873,0.08828635,Round_5bp,SessionHigh,0.818404,8.929e-05,15,bearish_break_level,-0.191592,11-20
ALGO/USDT,2026-06-12 00:25:00+00:00,0.08895,0.08873,PDC,SessionHigh,0.770873,8.643e-05,8,bearish_break_level,-0.438449,6-10
ALGO/USDT,2026-06-12 00:45:00+00:00,0.08915,0.08873,PDC,SessionHigh,0.767861,0.00012071,4,bearish_break_level,-0.661806,3-5
ALGO/USDT,2026-06-12 02:50:00+00:00,0.08887,0.08873,PDC,SessionLow,0.777354,2.214e-05,44,bearish_break_level,-1.350287,41-60
ALGO/USDT,2026-06-12 08:35:00+00:00,0.0895,0.08761,SessionLow,SessionHigh,0.86925,0.00013929,5,bearish_break_level,-0.558659,3-5
ALGO/USDT,2026-06-12 12:00:00+00:00,0.08888,0.08873,PDC,PDC,0.816027,2.929e-05,20,bearish_break_level,-0.888839,11-20
ALGO/USDT,2026-06-12 17:05:00+00:00,0.08816,0.08716,SessionLow,,0.79325,0.00012286,60,time_stop,-0.759982,41-60
ALGO/USDT,2026-06-13 06:05:00+00:00,0.08713,0.08661,SessionLow,SessionHigh,0.843649,3.714e-05,39,bearish_break_level,1.503501,21-40
ALGO/USDT,2026-06-13 06:30:00+00:00,0.08802,0.0871398,Round_10bp,SessionHigh,0.809195,0.00010071,34,bearish_break_level,0.477164,21-40
ALGO/USDT,2026-06-13 07:55:00+00:00,0.08872,0.08802,SessionHigh,SessionHigh,0.804698,5e-05,17,bearish_break_level,-0.3156,11-20
ALGO/USDT,2026-06-13 14:55:00+00:00,0.08896,0.08875,SessionHigh,SessionHigh,0.931234,1.5e-05,29,bearish_break_level,-1.157824,21-40
ALGO/USDT,2026-06-13 15:30:00+00:00,0.08908,0.08896,SessionHigh,SessionHigh,0.909958,2.357e-05,22,bearish_break_level,-1.290974,21-40
ALGO/USDT,2026-06-13 21:40:00+00:00,0.08941,0.0885159,Round_10bp,SessionHigh,0.856088,7.429e-05,16,bearish_break_level,-0.771726,11-20
ALGO/USDT,2026-06-14 00:30:00+00:00,0.0915,0.09128,SessionHigh,SessionHigh,0.771043,0.00021214,4,bearish_break_level,0.874317,3-5
ALGO/USDT,2026-06-14 00:35:00+00:00,0.09208,0.0915,SessionHigh,SessionHigh,0.77477,0.00025643,3,bearish_break_level,0.238923,3-5
ALGO/USDT,2026-06-14 00:40:00+00:00,0.09242,0.09212,SessionHigh,SessionHigh,0.785998,0.00028357,2,bearish_break_level,-0.129842,1-2
ALGO/USDT,2026-06-14 01:15:00+00:00,0.09364,0.0928,SessionHigh,SessionHigh,0.750292,0.00043857,3,bearish_break_level,-0.886373,3-5
ALGO/USDT,2026-06-14 08:45:00+00:00,0.09184,0.0913808,Round_5bp,Round_5bp,0.758787,7.214e-05,54,bearish_break_level,-1.16507,41-60
ALGO/USDT,2026-06-14 12:20:00+00:00,0.09199,0.09153005,Round_5bp,Round_5bp,0.71345,9.786e-05,11,bearish_break_level,-1.326231,11-20
ALICE/USDT,2026-06-03 05:40:00+00:00,0.1109,0.1097,PDL,,0.999568,8.571e-05,60,time_stop,0.0,41-60
ALICE/USDT,2026-06-07 03:15:00+00:00,0.1222,0.1109,PDH,,0.999568,0.00080714,60,time_stop,0.0,41-60
ANKR/USDT,2026-06-02 18:20:00+00:00,0.00431,0.0043,SessionLow,,0.93424,1.214e-05,60,time_stop,1.856148,41-60
ANKR/USDT,2026-06-02 20:15:00+00:00,0.00439,0.00419,SessionLow,,0.854099,2.286e-05,60,time_stop,0.0,41-60
ANKR/USDT,2026-06-05 13:25:00+00:00,0.00374,0.00372,SessionLow,,0.995999,3e-05,60,time_stop,0.0,41-60
ANKR/USDT,2026-06-08 15:40:00+00:00,0.00377,0.00372,PDL,,0.999568,3.57e-06,60,time_stop,5.570292,41-60
ANKR/USDT,2026-06-08 16:00:00+00:00,0.00398,0.00377,SessionHigh,,0.975306,1.857e-05,60,time_stop,0.0,41-60
APE/USDT,2026-06-02 01:40:00+00:00,0.1458,0.1448,SessionLow,Round_10bp,0.78858,0.00029286,2,bearish_break_level,-1.165981,1-2
APE/USDT,2026-06-02 02:30:00+00:00,0.1445,0.1435,SessionLow,SessionHigh,0.755756,0.00037143,29,bearish_break_level,3.460208,21-40
APE/USDT,2026-06-02 02:35:00+00:00,0.1449,0.1446,WeeklyOpen,SessionHigh,0.753253,0.0004,28,bearish_break_level,3.174603,21-40
APE/USDT,2026-06-02 04:20:00+00:00,0.1482,0.1479,PDC,SessionHigh,0.731107,0.00017857,7,bearish_break_level,0.877193,6-10
APE/USDT,2026-06-02 04:40:00+00:00,0.15,0.1482,SessionHigh,SessionHigh,0.751729,0.00030714,3,bearish_break_level,-0.333333,3-5
APE/USDT,2026-06-02 04:45:00+00:00,0.151,0.15,SessionHigh,SessionHigh,0.747781,0.00037857,2,bearish_break_level,-0.993377,1-2
APE/USDT,2026-06-02 05:15:00+00:00,0.151,0.14949,Round_10bp,SessionHigh,0.736963,0.00060714,2,bearish_break_level,-1.788079,1-2
APE/USDT,2026-06-02 16:10:00+00:00,0.1498,0.148302,Round_10bp,PDH,0.811543,0.00082143,6,bearish_break_level,1.201602,6-10
APE/USDT,2026-06-02 17:05:00+00:00,0.1536,0.1534,SessionHigh,SessionHigh,0.796673,0.00072857,7,bearish_break_level,0.585938,6-10
APE/USDT,2026-06-02 17:20:00+00:00,0.1565,0.1553,SessionHigh,SessionHigh,0.797336,0.00058571,4,bearish_break_level,-1.277955,3-5
APE/USDT,2026-06-02 18:05:00+00:00,0.1566,0.155817,Round_5bp,PDH,0.76784,0.00076429,45,bearish_break_level,-2.873563,41-60
APE/USDT,2026-06-02 19:20:00+00:00,0.1526,0.1523,PDH,PDH,0.74357,0.00017857,30,bearish_break_level,-0.327654,21-40
APE/USDT,2026-06-03 00:15:00+00:00,0.1512,0.1501,SessionHigh,SessionHigh,0.713538,0.00036429,9,bearish_break_level,0.793651,6-10
APE/USDT,2026-06-03 00:25:00+00:00,0.1521,0.1512,SessionHigh,SessionHigh,0.711597,0.00045,7,bearish_break_level,0.197239,6-10
APE/USDT,2026-06-03 01:50:00+00:00,0.15,0.1461,SessionLow,SessionHigh,0.689636,0.00080714,56,bearish_break_level,2.266667,41-60
APE/USDT,2026-06-03 04:40:00+00:00,0.1493,0.147807,Round_10bp,SessionHigh,0.725606,0.00025714,22,bearish_break_level,2.746149,21-40
APE/USDT,2026-06-03 04:50:00+00:00,0.1501,0.1493495,Round_5bp,SessionHigh,0.725391,0.00031429,20,bearish_break_level,2.198534,11-20
APE/USDT,2026-06-03 04:55:00+00:00,0.1508,0.150046,Round_5bp,SessionHigh,0.750827,0.00036429,19,bearish_break_level,1.724138,11-20
APE/USDT,2026-06-03 05:00:00+00:00,0.1523,0.150777,Round_10bp,SessionHigh,0.719541,0.00047143,18,bearish_break_level,0.722259,11-20
APE/USDT,2026-06-03 06:00:00+00:00,0.1553,0.1545,SessionHigh,SessionHigh,0.755786,0.00037143,6,bearish_break_level,-1.223439,6-10
APE/USDT,2026-06-03 21:30:00+00:00,0.1479,0.146421,Round_10bp,PDC,0.811729,0.00056429,29,bearish_break_level,0.0,21-40
APE/USDT,2026-06-04 02:05:00+00:00,0.1337,0.1303,SessionLow,,0.728539,0.00137857,60,time_stop,2.393418,41-60
APE/USDT,2026-06-04 05:35:00+00:00,0.1376,0.136912,Round_5bp,Round_5bp,0.788008,0.00037857,21,bearish_break_level,-2.252907,21-40
APE/USDT,2026-06-04 12:05:00+00:00,0.1312,0.1303,SessionLow,,0.789021,0.00018571,60,time_stop,9.375,41-60
APE/USDT,2026-06-04 12:40:00+00:00,0.1362,0.134838,Round_10bp,,0.740426,0.00042143,60,time_stop,3.744493,41-60
APE/USDT,2026-06-05 01:20:00+00:00,0.1352,0.1347,SessionLow,SessionLow,0.817568,0.00019286,17,bearish_break_level,-1.997041,11-20
APE/USDT,2026-06-05 04:10:00+00:00,0.1314,0.1303,PDL,PDL,0.752021,0.00027857,19,bearish_break_level,-1.141553,11-20
APE/USDT,2026-06-05 06:25:00+00:00,0.1225,0.1215,SessionLow,,0.715942,0.00097857,60,time_stop,4.571429,41-60
APE/USDT,2026-06-05 07:25:00+00:00,0.1233,0.1215,SessionLow,,0.7729,0.00102857,60,time_stop,1.865369,41-60
APE/USDT,2026-06-05 13:30:00+00:00,0.1311,0.1303,PDL,Round_5bp,0.729974,0.00048571,25,bearish_break_level,-6.025934,21-40
APE/USDT,2026-06-05 16:10:00+00:00,0.1232,0.1215,SessionLow,Round_5bp,0.72971,0.00047857,4,bearish_break_level,0.243506,3-5
APE/USDT,2026-06-05 19:20:00+00:00,0.1188,0.1171,SessionLow,Round_5bp,0.708312,0.00060714,50,bearish_break_level,4.124579,41-60
APE/USDT,2026-06-06 00:00:00+00:00,0.1259,0.1237,PDC,SessionHigh,0.772857,0.00042857,21,bearish_break_level,-1.191422,21-40
APE/USDT,2026-06-06 02:50:00+00:00,0.1239,0.1237,PDC,SessionLow,0.767995,0.00020714,2,bearish_break_level,-2.663438,1-2
APE/USDT,2026-06-06 04:50:00+00:00,0.1164,0.1149,SessionLow,,0.806986,0.00051429,60,time_stop,6.271478,41-60
APE/USDT,2026-06-06 05:20:00+00:00,0.1171,0.1146,SessionLow,PDC,0.76928,0.00065714,57,bearish_break_level,3.757472,41-60
APE/USDT,2026-06-06 05:25:00+00:00,0.1193,0.1171,PDL,PDC,0.756426,0.00072857,56,bearish_break_level,1.844091,41-60
APE/USDT,2026-06-07 00:50:00+00:00,0.1241,0.1215,PDC,SessionHigh,0.855039,0.00018571,1,bearish_break_level,-0.805802,1-2
APE/USDT,2026-06-07 01:30:00+00:00,0.1281,0.1259,SessionHigh,SessionHigh,0.752465,0.00061429,6,bearish_break_level,-0.78064,6-10
APE/USDT,2026-06-07 20:40:00+00:00,0.1205,0.1192,SessionLow,PDC,0.860915,0.00017857,32,bearish_break_level,0.580913,21-40
APE/USDT,2026-06-08 08:05:00+00:00,0.1247,0.1242,SessionHigh,SessionHigh,0.751251,0.00018571,5,bearish_break_level,-1.363272,3-5
APE/USDT,2026-06-08 11:40:00+00:00,0.127,0.1266,SessionHigh,SessionHigh,0.721738,0.00032857,10,bearish_break_level,0.629921,6-10
APE/USDT,2026-06-08 11:55:00+00:00,0.129,0.1278,SessionHigh,SessionHigh,0.731366,0.00039286,7,bearish_break_level,-0.930233,6-10
APE/USDT,2026-06-08 12:40:00+00:00,0.129,0.12771,Round_10bp,SessionHigh,0.724612,0.0005,5,bearish_break_level,0.0,3-5
APE/USDT,2026-06-08 12:45:00+00:00,0.1295,0.129,SessionHigh,SessionHigh,0.737459,0.00042857,4,bearish_break_level,-0.3861,3-5
APE/USDT,2026-06-08 12:55:00+00:00,0.1302,0.1295,SessionHigh,SessionHigh,0.71731,0.00045,2,bearish_break_level,-0.921659,1-2
APE/USDT,2026-06-09 01:25:00+00:00,0.1234,0.1228,SessionLow,SessionLow,0.781311,0.0002,14,bearish_break_level,-1.701783,11-20
APE/USDT,2026-06-09 02:55:00+00:00,0.1217,0.1213,SessionLow,Round_5bp,0.720263,0.00018571,27,bearish_break_level,1.479047,21-40
APE/USDT,2026-06-09 05:35:00+00:00,0.1257,0.1254,SessionHigh,SessionHigh,0.690443,0.00037857,4,bearish_break_level,-0.875099,3-5
APE/USDT,2026-06-09 08:25:00+00:00,0.1254,0.124773,Round_5bp,Round_10bp,0.72724,0.00016429,6,bearish_break_level,-0.956938,6-10
APE/USDT,2026-06-09 10:55:00+00:00,0.124,0.12338,Round_5bp,Round_10bp,0.7942,3.571e-05,39,bearish_break_level,-0.806452,21-40
APE/USDT,2026-06-09 15:00:00+00:00,0.122,0.121,WeeklyOpen,SessionLow,0.798603,0.0003,12,bearish_break_level,-1.311475,11-20
APE/USDT,2026-06-09 16:25:00+00:00,0.1201,0.1194,SessionLow,Round_5bp,0.750695,0.00023571,46,bearish_break_level,1.998335,41-60
APE/USDT,2026-06-09 16:30:00+00:00,0.1206,0.1201,PDL,Round_5bp,0.749885,0.00027143,45,bearish_break_level,1.575456,41-60
APE/USDT,2026-06-09 17:00:00+00:00,0.1206,0.1194,SessionLow,Round_5bp,0.757223,0.00044286,39,bearish_break_level,1.575456,21-40
APE/USDT,2026-06-09 20:10:00+00:00,0.123,0.121,WeeklyOpen,Round_5bp,0.739603,0.00014286,1,bearish_break_level,-0.406504,1-2
APE/USDT,2026-06-10 03:30:00+00:00,0.1204,0.119798,Round_5bp,,0.84703,0.00015,60,time_stop,-1.245847,41-60
APE/USDT,2026-06-10 11:00:00+00:00,0.1177,0.1166,SessionLow,Round_5bp,0.957755,7.857e-05,2,bearish_break_level,-0.594732,1-2
APE/USDT,2026-06-10 11:35:00+00:00,0.1164,0.1161,SessionLow,,0.876984,0.00021429,60,time_stop,4.725086,41-60
APE/USDT,2026-06-11 03:40:00+00:00,0.1181,0.1165,PDC,SessionHigh,0.842507,0.00011429,28,bearish_break_level,3.302286,21-40
APE/USDT,2026-06-11 04:05:00+00:00,0.1209,0.1205,SessionHigh,SessionHigh,0.815477,0.00031429,23,bearish_break_level,0.909843,21-40
APE/USDT,2026-06-11 04:40:00+00:00,0.1226,0.121,WeeklyOpen,SessionHigh,0.894292,0.00043571,16,bearish_break_level,-0.489396,11-20
APE/USDT,2026-06-11 10:00:00+00:00,0.1252,0.125,SessionHigh,,0.891608,1.429e-05,60,time_stop,0.638978,41-60
APE/USDT,2026-06-11 13:25:00+00:00,0.1258,0.1252,SessionHigh,,0.873735,4.286e-05,60,time_stop,3.577107,41-60
APE/USDT,2026-06-11 13:45:00+00:00,0.1273,0.1258,SessionHigh,,0.912565,0.00018571,60,time_stop,2.356638,41-60
APE/USDT,2026-06-11 17:50:00+00:00,0.1303,0.1294,SessionHigh,,0.745337,0.00030714,60,time_stop,0.460476,41-60
APE/USDT,2026-06-11 21:10:00+00:00,0.1309,0.1303,SessionHigh,,0.917818,4.286e-05,60,time_stop,0.0,41-60
APE/USDT,2026-06-12 09:20:00+00:00,0.1289,0.1274,SessionLow,,0.894635,0.00010714,60,time_stop,-1.163693,41-60
APE/USDT,2026-06-12 17:30:00+00:00,0.1284,0.1274,SessionLow,,0.999568,7.143e-05,60,time_stop,1.168224,41-60
APE/USDT,2026-06-13 07:45:00+00:00,0.1285,0.127,SessionLow,,0.978609,0.00010714,60,time_stop,2.178988,41-60
APE/USDT,2026-06-13 23:10:00+00:00,0.1305,0.127,SessionLow,,0.947705,0.00024286,60,time_stop,-2.068966,41-60
APE/USDT,2026-06-14 18:00:00+00:00,0.1228,0.1226,SessionLow,,0.935097,1.429e-05,60,time_stop,4.071661,41-60
APT/USDT,2026-06-02 07:05:00+00:00,0.929,0.9,SessionLow,,0.994947,0.00635714,60,time_stop,-0.753498,41-60
APT/USDT,2026-06-02 10:00:00+00:00,0.922,0.898,SessionLow,SessionLow,0.914218,0.00392857,53,bearish_break_level,-5.856833,41-60
APT/USDT,2026-06-02 18:40:00+00:00,0.853,0.85,SessionLow,SessionLow,0.885469,0.00021429,8,bearish_break_level,-0.937866,6-10
APT/USDT,2026-06-02 20:45:00+00:00,0.845,0.815,SessionLow,,0.787844,0.00214286,60,time_stop,-4.142012,41-60
APT/USDT,2026-06-02 23:10:00+00:00,0.83,0.8217,Round_10bp,,0.769535,0.00221429,60,time_stop,0.481928,41-60
APT/USDT,2026-06-03 03:25:00+00:00,0.834,0.81,PDL,,0.826572,0.00171429,60,time_stop,1.678657,41-60
APT/USDT,2026-06-03 04:55:00+00:00,0.837,0.834,SessionHigh,SessionHigh,0.919069,0.00021429,53,bearish_break_level,0.358423,41-60
APT/USDT,2026-06-03 06:35:00+00:00,0.848,0.837,SessionHigh,SessionHigh,0.901525,0.00078571,33,bearish_break_level,-0.943396,21-40
APT/USDT,2026-06-04 00:50:00+00:00,0.824,0.793,SessionLow,SessionLow,0.873812,0.0045,14,bearish_break_level,-8.859223,11-20
APT/USDT,2026-06-04 02:50:00+00:00,0.787,0.751,SessionLow,SessionHigh,0.788531,0.00471429,32,bearish_break_level,27.318933,21-40
APT/USDT,2026-06-04 12:05:00+00:00,0.801,0.75,SessionLow,,0.856195,0.00364286,60,time_stop,-5.118602,41-60
APT/USDT,2026-06-04 23:10:00+00:00,0.768,0.74,SessionLow,,0.925276,0.00342857,60,time_stop,0.0,41-60
APT/USDT,2026-06-05 04:35:00+00:00,0.776,0.768,PDC,SessionHigh,0.910356,0.00057143,9,bearish_break_level,-0.386598,6-10
APT/USDT,2026-06-06 06:50:00+00:00,0.655,0.65,PDL,SessionHigh,0.999568,0.00035714,5,bearish_break_level,-0.458015,3-5
APT/USDT,2026-06-06 15:25:00+00:00,0.659,0.64,SessionLow,,0.865925,0.00135714,60,time_stop,-2.883156,41-60
APT/USDT,2026-06-06 21:50:00+00:00,0.658,0.64,SessionLow,PDC,0.894307,0.00128571,37,bearish_break_level,-1.215805,21-40
APT/USDT,2026-06-07 01:05:00+00:00,0.669,0.65,SessionLow,,0.848579,0.00192857,60,time_stop,1.644245,41-60
APT/USDT,2026-06-07 05:10:00+00:00,0.68,0.669,SessionHigh,,0.941618,0.00078571,60,time_stop,0.0,41-60
APT/USDT,2026-06-08 06:15:00+00:00,0.669,0.664,SessionLow,,0.936448,0.00035714,60,time_stop,0.597907,41-60
APT/USDT,2026-06-09 19:40:00+00:00,0.661,0.645,SessionLow,,0.845493,0.00114286,60,time_stop,1.512859,41-60
APT/USDT,2026-06-10 02:30:00+00:00,0.662,0.65538,Round_10bp,Round_10bp,0.976556,0.00171429,27,bearish_break_level,-1.661631,21-40
APT/USDT,2026-06-10 06:15:00+00:00,0.658,0.646,SessionLow,SessionLow,0.753377,0.0025,49,bearish_break_level,-2.887538,41-60
APT/USDT,2026-06-10 10:30:00+00:00,0.646,0.639,SessionLow,,0.825794,0.00085714,60,time_stop,-0.464396,41-60
APT/USDT,2026-06-10 11:05:00+00:00,0.64,0.637,SessionLow,,0.852576,0.00285714,60,time_stop,0.46875,41-60
APT/USDT,2026-06-10 11:30:00+00:00,0.638,0.632,SessionLow,,0.823966,0.0035,60,time_stop,0.783699,41-60
APT/USDT,2026-06-10 20:00:00+00:00,0.632,0.63,SessionLow,SessionLow,0.989399,0.00107143,2,bearish_break_level,-1.107595,1-2
APT/USDT,2026-06-10 20:20:00+00:00,0.633,0.625,SessionLow,Round_10bp,0.962158,0.00214286,3,bearish_break_level,-1.105845,3-5
APT/USDT,2026-06-10 21:20:00+00:00,0.623,0.61,SessionLow,SessionHigh,0.871486,0.00535714,45,bearish_break_level,-0.160514,41-60
APT/USDT,2026-06-10 22:00:00+00:00,0.613,0.607,SessionLow,SessionHigh,0.819881,0.00592857,37,bearish_break_level,1.468189,21-40
APT/USDT,2026-06-11 00:00:00+00:00,0.624,0.605,PDL,SessionHigh,0.740829,0.00171429,13,bearish_break_level,-0.320513,11-20
APT/USDT,2026-06-11 17:35:00+00:00,0.646,0.645,SessionHigh,,0.925863,0.0015,60,time_stop,0.0,41-60
APT/USDT,2026-06-12 09:20:00+00:00,0.644,0.63,SessionLow,SessionHigh,0.944391,0.001,40,bearish_break_level,0.465839,21-40
APT/USDT,2026-06-13 13:20:00+00:00,0.677,0.652,SessionLow,,0.999568,0.00178571,60,time_stop,0.0,41-60
ARB/USDT,2026-06-02 02:30:00+00:00,0.1002,0.0996,SessionLow,PDL,0.928649,0.00017857,54,bearish_break_level,-1.896208,41-60
ARB/USDT,2026-06-02 07:05:00+00:00,0.0989,0.0983,SessionLow,SessionLow,0.739849,0.00023571,35,bearish_break_level,-1.82002,21-40
ARB/USDT,2026-06-02 07:45:00+00:00,0.0992,0.0977,SessionLow,SessionLow,0.80109,0.00065714,27,bearish_break_level,-2.116935,21-40
ARB/USDT,2026-06-02 13:35:00+00:00,0.0989,0.0963,SessionLow,SessionLow,0.796552,0.00024286,10,bearish_break_level,-3.64004,6-10
ARB/USDT,2026-06-03 00:10:00+00:00,0.0939,0.0912,PDL,SessionHigh,0.827273,0.00025714,37,bearish_break_level,-2.875399,21-40
ARB/USDT,2026-06-03 03:50:00+00:00,0.0911,0.09,SessionLow,,0.849044,0.00037143,60,time_stop,5.049396,41-60
ARB/USDT,2026-06-03 06:00:00+00:00,0.0941,0.093159,Round_10bp,SessionHigh,0.795252,0.00021429,52,bearish_break_level,1.168969,41-60
ARB/USDT,2026-06-03 06:30:00+00:00,0.0947,0.0941,SessionHigh,SessionHigh,0.807317,0.00010714,46,bearish_break_level,0.527983,41-60
ARB/USDT,2026-06-03 06:35:00+00:00,0.0957,0.0947,SessionHigh,SessionHigh,0.780538,0.00017857,45,bearish_break_level,-0.522466,41-60
ARB/USDT,2026-06-03 10:05:00+00:00,0.0962,0.0957,SessionHigh,SessionHigh,0.8417,3.571e-05,3,bearish_break_level,-1.039501,3-5
ARB/USDT,2026-06-04 02:15:00+00:00,0.0887,0.087,SessionLow,,0.840619,0.00052143,60,time_stop,4.396843,41-60
ARB/USDT,2026-06-04 02:50:00+00:00,0.0908,0.090346,Round_5bp,,0.806551,0.00057143,60,time_stop,-0.330396,41-60
ARB/USDT,2026-06-04 03:30:00+00:00,0.0918,0.090882,Round_10bp,,0.836168,0.0002,60,time_stop,-1.416122,41-60
ARB/USDT,2026-06-04 11:45:00+00:00,0.0881,0.0865,SessionLow,,0.844349,0.00011429,60,time_stop,4.199773,41-60
ARB/USDT,2026-06-05 03:15:00+00:00,0.0862,0.0856,SessionLow,SessionLow,0.883047,0.00018571,33,bearish_break_level,-2.668213,21-40
ARB/USDT,2026-06-05 20:45:00+00:00,0.0811,0.078,SessionLow,,0.71094,0.00022143,60,time_stop,-1.726264,41-60
ARB/USDT,2026-06-06 02:10:00+00:00,0.0799,0.0797,PDC,SessionHigh,0.838125,1.429e-05,2,bearish_break_level,-0.250313,1-2
ARB/USDT,2026-06-06 04:55:00+00:00,0.0753,0.075,SessionLow,,0.883937,0.00031429,60,time_stop,3.984064,41-60
ARB/USDT,2026-06-06 18:10:00+00:00,0.0793,0.0789035,Round_5bp,,0.967323,2.857e-05,60,time_stop,0.75662,41-60
ARB/USDT,2026-06-07 00:00:00+00:00,0.0803,0.0799,PDC,PDH,0.934425,2.857e-05,16,bearish_break_level,-0.373599,11-20
ARB/USDT,2026-06-07 00:30:00+00:00,0.0804,0.0803,SessionHigh,PDH,0.942934,3.571e-05,10,bearish_break_level,-0.497512,6-10
ARB/USDT,2026-06-07 02:05:00+00:00,0.0828,0.0822,SessionHigh,SessionHigh,0.875148,0.00033571,6,bearish_break_level,-1.570048,6-10
ARB/USDT,2026-06-07 02:40:00+00:00,0.0824,0.081576,Round_10bp,,0.851351,0.00035714,60,time_stop,2.427184,41-60
ARB/USDT,2026-06-07 06:35:00+00:00,0.0835,0.0831,SessionHigh,,0.818982,0.00010714,60,time_stop,1.077844,41-60
ARB/USDT,2026-06-07 07:00:00+00:00,0.0844,0.0835,SessionHigh,,0.784178,0.00017143,60,time_stop,0.0,41-60
ARB/USDT,2026-06-07 22:10:00+00:00,0.084,0.0799,PDC,SessionHigh,0.828828,0.00029286,3,bearish_break_level,-1.190476,3-5
ARB/USDT,2026-06-07 22:15:00+00:00,0.0849,0.084051,Round_10bp,SessionHigh,0.814822,0.00035714,2,bearish_break_level,-2.237927,1-2
ARB/USDT,2026-06-08 09:20:00+00:00,0.0819,0.0817,SessionLow,,0.94761,1.429e-05,60,time_stop,2.075702,41-60
ARB/USDT,2026-06-08 14:05:00+00:00,0.0836,0.0835,SessionHigh,,0.920929,7.14e-06,60,time_stop,0.0,41-60
ARB/USDT,2026-06-08 20:00:00+00:00,0.0843,0.0836,SessionHigh,SessionHigh,0.956176,5e-05,4,bearish_break_level,-0.948992,3-5
ARB/USDT,2026-06-09 03:25:00+00:00,0.0811,0.0787,SessionLow,,0.803564,0.00017143,60,time_stop,1.35635,41-60
ARB/USDT,2026-06-09 17:30:00+00:00,0.0804,0.0784,SessionLow,,0.867719,0.00025,60,time_stop,0.0,41-60
ARB/USDT,2026-06-10 10:55:00+00:00,0.0791,0.0771,SessionLow,,0.946177,0.00014286,60,time_stop,1.517067,41-60
ARB/USDT,2026-06-10 12:30:00+00:00,0.0792,0.0784,PDL,,0.934074,0.00010714,60,time_stop,0.126263,41-60
ARB/USDT,2026-06-10 23:20:00+00:00,0.0773,0.0767,SessionLow,,0.958581,4.286e-05,60,time_stop,5.174644,41-60
ARB/USDT,2026-06-11 01:15:00+00:00,0.0784,0.0763,PDL,,0.843947,0.00015,60,time_stop,3.69898,41-60
ARB/USDT,2026-06-11 01:55:00+00:00,0.0793,0.0784,SessionHigh,,0.859692,0.00021429,60,time_stop,2.522068,41-60
ARB/USDT,2026-06-11 03:55:00+00:00,0.0813,0.0793,SessionHigh,,0.835284,0.00014286,60,time_stop,0.0,41-60
ARB/USDT,2026-06-11 12:05:00+00:00,0.082,0.0813,SessionHigh,SessionHigh,0.999568,5e-05,1,bearish_break_level,-3.04878,1-2
ARB/USDT,2026-06-11 19:05:00+00:00,0.0832,0.083,WeeklyOpen,,0.922285,0.00051429,60,time_stop,-0.480769,41-60
ARB/USDT,2026-06-12 00:10:00+00:00,0.0839,0.0828,PDC,SessionHigh,0.794863,0.00012143,50,bearish_break_level,-0.476758,41-60
ARB/USDT,2026-06-12 09:30:00+00:00,0.0849,0.083,WeeklyOpen,SessionHigh,0.922851,0.00017143,1,bearish_break_level,-1.060071,1-2
ARB/USDT,2026-06-12 09:50:00+00:00,0.0849,0.084051,Round_10bp,SessionHigh,0.909031,0.0003,1,bearish_break_level,-0.117786,1-2
ARB/USDT,2026-06-12 13:55:00+00:00,0.0826,0.0823,SessionLow,SessionHigh,0.787175,0.00014286,12,bearish_break_level,0.968523,11-20
ARB/USDT,2026-06-13 00:30:00+00:00,0.0849,0.084,SessionLow,,0.970837,0.00014286,60,time_stop,0.117786,41-60
ARB/USDT,2026-06-13 00:50:00+00:00,0.0847,0.0834,SessionLow,,0.943856,0.00034286,60,time_stop,0.354191,41-60
ARB/USDT,2026-06-13 04:55:00+00:00,0.085,0.0834,SessionLow,SessionHigh,0.821717,0.00011429,53,bearish_break_level,0.705882,41-60
ARB/USDT,2026-06-13 08:35:00+00:00,0.0862,0.0852,SessionHigh,SessionHigh,0.895014,7.143e-05,9,bearish_break_level,-0.696056,6-10
ARB/USDT,2026-06-13 11:25:00+00:00,0.0863,0.0856,PDH,,0.882334,5e-05,60,time_stop,0.23175,41-60
ARB/USDT,2026-06-13 11:30:00+00:00,0.0865,0.0863,SessionHigh,,0.860575,6.429e-05,60,time_stop,0.0,41-60
ARB/USDT,2026-06-13 21:20:00+00:00,0.086,0.08557,Round_5bp,,0.947784,0.00025714,60,time_stop,-0.232558,41-60
ARB/USDT,2026-06-14 00:45:00+00:00,0.0858,0.0849,PDC,SessionHigh,0.881562,0.00010714,26,bearish_break_level,-2.797203,21-40
ARB/USDT,2026-06-14 03:00:00+00:00,0.0848,0.0834,PDL,PDC,0.775771,0.00027143,14,bearish_break_level,-1.533019,11-20
ARB/USDT,2026-06-14 12:30:00+00:00,0.0836,0.0828,SessionLow,SessionLow,0.956264,5.714e-05,29,bearish_break_level,-1.674641,21-40
ARB/USDT,2026-06-14 18:15:00+00:00,0.0825,0.0817,SessionLow,,0.880878,9.286e-05,60,time_stop,2.909091,41-60
ARB/USDT,2026-06-14 18:25:00+00:00,0.082,0.0815,SessionLow,,0.850628,0.0002,60,time_stop,3.536585,41-60
ASTR/USDT,2026-06-10 19:30:00+00:00,0.005067,0.00504,PDH,,0.999568,1.93e-06,60,time_stop,0.0,41-60
ASTR/USDT,2026-06-11 00:50:00+00:00,0.006386,0.005067,PDH,SessionHigh,0.963607,9.421e-05,1,bearish_break_level,-0.407141,1-2
ASTR/USDT,2026-06-11 04:10:00+00:00,0.007048,0.006719,SessionHigh,SessionHigh,0.82528,2.35e-05,34,bearish_break_level,-9.761635,21-40
ASTR/USDT,2026-06-14 09:40:00+00:00,0.0059,0.005177,PDH,,0.999568,5.164e-05,60,time_stop,0.0,41-60
ATOM/USDT,2026-06-02 00:05:00+00:00,1.898,1.895,PDC,PDC,0.710801,0.00585714,8,bearish_break_level,-0.684932,6-10
ATOM/USDT,2026-06-02 00:50:00+00:00,1.898,1.885,SessionLow,PDC,0.717518,0.02114286,9,bearish_break_level,-1.317176,6-10
ATOM/USDT,2026-06-02 02:15:00+00:00,1.924,1.863,SessionLow,Round_5bp,0.689033,0.02714286,28,bearish_break_level,-0.883576,21-40
ATOM/USDT,2026-06-02 02:25:00+00:00,1.897,1.887515,Round_5bp,Round_5bp,0.691813,0.02714286,26,bearish_break_level,0.527148,21-40
ATOM/USDT,2026-06-02 06:45:00+00:00,1.898,1.87902,Round_10bp,PDC,0.738705,0.02192857,23,bearish_break_level,-1.633298,21-40
ATOM/USDT,2026-06-02 07:00:00+00:00,1.882,1.86318,Round_10bp,PDC,0.71347,0.01864286,20,bearish_break_level,-0.797024,11-20
ATOM/USDT,2026-06-02 08:30:00+00:00,1.885,1.861,SessionLow,PDC,0.734596,0.01707143,2,bearish_break_level,-0.954907,1-2
ATOM/USDT,2026-06-02 08:35:00+00:00,1.895,1.885525,Round_5bp,PDC,0.719867,0.01778571,1,bearish_break_level,-1.477573,1-2
ATOM/USDT,2026-06-02 09:30:00+00:00,1.867,1.861,SessionLow,Round_10bp,0.721406,0.01742857,4,bearish_break_level,0.482057,3-5
ATOM/USDT,2026-06-02 14:40:00+00:00,1.852,1.819,SessionLow,Round_5bp,0.705927,0.03114286,22,bearish_break_level,-0.053996,21-40
ATOM/USDT,2026-06-02 16:55:00+00:00,1.841,1.814,SessionLow,,0.725124,0.01485714,60,time_stop,-0.162955,41-60
ATOM/USDT,2026-06-02 19:35:00+00:00,1.804,1.8,SessionLow,,0.760387,0.01221429,60,time_stop,2.882483,41-60
ATOM/USDT,2026-06-03 02:45:00+00:00,1.852,1.83348,Round_10bp,SessionHigh,0.715585,0.006,7,bearish_break_level,0.539957,6-10
ATOM/USDT,2026-06-03 03:15:00+00:00,1.905,1.86,SessionHigh,SessionHigh,0.722976,0.00942857,1,bearish_break_level,-2.257218,1-2
ATOM/USDT,2026-06-03 11:20:00+00:00,1.926,1.91,SessionHigh,SessionHigh,0.742684,0.00735714,2,bearish_break_level,-0.934579,1-2
ATOM/USDT,2026-06-03 15:25:00+00:00,1.908,1.88892,Round_10bp,,0.722718,0.01564286,60,time_stop,-2.672956,41-60
ATOM/USDT,2026-06-03 15:50:00+00:00,1.923,1.90377,Round_10bp,,0.713401,0.01814286,60,time_stop,-2.964119,41-60
ATOM/USDT,2026-06-03 22:25:00+00:00,1.887,1.86813,Round_10bp,PDC,0.708954,0.01478571,19,bearish_break_level,-2.119767,11-20
ATOM/USDT,2026-06-03 23:20:00+00:00,1.86,1.8414,Round_10bp,PDC,0.713071,0.019,8,bearish_break_level,-0.698925,6-10
ATOM/USDT,2026-06-03 23:35:00+00:00,1.87,1.86065,Round_5bp,PDC,0.704863,0.01221429,5,bearish_break_level,-1.229947,3-5
ATOM/USDT,2026-06-04 00:05:00+00:00,1.868,1.847,SessionLow,Round_5bp,0.699697,0.0205,6,bearish_break_level,-1.498929,6-10
ATOM/USDT,2026-06-04 01:25:00+00:00,1.827,1.817,SessionLow,SessionLow,0.739295,0.01378571,6,bearish_break_level,-1.477833,6-10
ATOM/USDT,2026-06-04 02:15:00+00:00,1.8,1.782,Round_10bp,,0.703816,0.0145,60,time_stop,-0.333333,41-60
ATOM/USDT,2026-06-04 06:00:00+00:00,1.829,1.81071,Round_10bp,PDL,0.705666,0.01964286,23,bearish_break_level,-1.476217,21-40
ATOM/USDT,2026-06-04 08:30:00+00:00,1.794,1.78503,Round_5bp,SessionLow,0.701097,0.01057143,12,bearish_break_level,-2.898551,11-20
ATOM/USDT,2026-06-04 10:50:00+00:00,1.705,1.639,SessionLow,PDL,0.696876,0.01314286,46,bearish_break_level,5.571848,41-60
ATOM/USDT,2026-06-04 22:35:00+00:00,1.797,1.788015,Round_5bp,SessionHigh,0.813036,0.00635714,21,bearish_break_level,0.055648,21-40
ATOM/USDT,2026-06-05 00:15:00+00:00,1.805,1.786,PDC,SessionHigh,0.697225,0.00364286,1,bearish_break_level,-0.387812,1-2
ATOM/USDT,2026-06-05 01:15:00+00:00,1.789,1.78,SessionLow,SessionLow,0.713888,0.00735714,24,bearish_break_level,-1.509223,21-40
ATOM/USDT,2026-06-05 08:55:00+00:00,1.728,1.714,SessionLow,SessionLow,0.763185,0.00728571,32,bearish_break_level,-1.215278,21-40
ATOM/USDT,2026-06-05 09:20:00+00:00,1.736,1.72732,Round_5bp,SessionLow,0.715467,0.00671429,27,bearish_break_level,-1.670507,21-40
ATOM/USDT,2026-06-05 11:40:00+00:00,1.72,1.707,SessionLow,SessionLow,0.786991,0.00457143,5,bearish_break_level,-1.744186,3-5
ATOM/USDT,2026-06-05 12:20:00+00:00,1.702,1.69,SessionLow,,0.738828,0.00757143,60,time_stop,-0.705053,41-60
ATOM/USDT,2026-06-05 15:35:00+00:00,1.688,1.673,SessionLow,SessionLow,0.726816,0.00335714,42,bearish_break_level,-5.21327,41-60
ATOM/USDT,2026-06-05 15:55:00+00:00,1.682,1.668,SessionLow,SessionLow,0.710417,0.00578571,38,bearish_break_level,-4.875149,21-40
ATOM/USDT,2026-06-05 18:30:00+00:00,1.646,1.642,SessionLow,SessionLow,0.719357,0.004,7,bearish_break_level,-2.794654,6-10
ATOM/USDT,2026-06-05 20:30:00+00:00,1.655,1.6,SessionLow,SessionHigh,0.813728,0.00392857,49,bearish_break_level,1.329305,41-60
ATOM/USDT,2026-06-06 00:15:00+00:00,1.673,1.631,PDC,SessionHigh,0.71655,0.00678571,4,bearish_break_level,0.239091,3-5
ATOM/USDT,2026-06-06 00:25:00+00:00,1.678,1.676,SessionHigh,SessionHigh,0.711993,0.009,2,bearish_break_level,-0.059595,1-2
ATOM/USDT,2026-06-06 00:30:00+00:00,1.681,1.678,SessionHigh,SessionHigh,0.770419,0.00921429,1,bearish_break_level,-0.237954,1-2
ATOM/USDT,2026-06-06 02:20:00+00:00,1.657,1.648715,Round_5bp,SessionLow,0.765418,0.00421429,22,bearish_break_level,-3.439952,21-40
ATOM/USDT,2026-06-06 03:55:00+00:00,1.64,1.623,SessionLow,SessionLow,0.769872,0.00464286,3,bearish_break_level,-2.439024,3-5
ATOM/USDT,2026-06-07 00:15:00+00:00,1.621,1.607,PDC,SessionHigh,0.815614,0.001,1,bearish_break_level,-0.555213,1-2
ATOM/USDT,2026-06-07 01:00:00+00:00,1.633,1.624835,Round_5bp,SessionHigh,0.761466,0.00607143,22,bearish_break_level,0.734844,21-40
ATOM/USDT,2026-06-07 01:05:00+00:00,1.651,1.63449,Round_10bp,SessionHigh,0.737934,0.00735714,21,bearish_break_level,-0.363416,21-40
ATOM/USDT,2026-06-07 01:10:00+00:00,1.657,1.651,SessionHigh,SessionHigh,0.731586,0.00778571,20,bearish_break_level,-0.7242,11-20
ATOM/USDT,2026-06-07 01:20:00+00:00,1.661,1.657,SessionHigh,SessionHigh,0.765809,0.00807143,18,bearish_break_level,-0.963275,11-20
ATOM/USDT,2026-06-07 05:40:00+00:00,1.689,1.674,SessionHigh,SessionHigh,0.74601,0.00107143,1,bearish_break_level,-0.35524,1-2
ATOM/USDT,2026-06-07 08:55:00+00:00,1.719,1.715,SessionHigh,SessionHigh,0.797876,0.00107143,5,bearish_break_level,-1.105294,3-5
ATOM/USDT,2026-06-07 22:10:00+00:00,1.727,1.681,PDH,SessionHigh,0.908075,0.00507143,12,bearish_break_level,-1.215981,11-20
ATOM/USDT,2026-06-08 01:00:00+00:00,1.738,1.728,SessionHigh,Round_5bp,0.821334,0.00528571,3,bearish_break_level,-1.841197,3-5
ATOM/USDT,2026-06-08 02:00:00+00:00,1.721,1.706,PDC,PDH,0.752418,0.00421429,19,bearish_break_level,1.045904,11-20
ATOM/USDT,2026-06-08 06:00:00+00:00,1.715,1.706,PDC,Round_5bp,0.723479,0.0015,12,bearish_break_level,0.233236,11-20
ATOM/USDT,2026-06-08 06:20:00+00:00,1.724,1.71538,Round_5bp,Round_5bp,0.729253,0.00192857,8,bearish_break_level,-0.290023,6-10
ATOM/USDT,2026-06-08 09:50:00+00:00,1.744,1.72656,Round_10bp,SessionHigh,0.741047,0.00285714,14,bearish_break_level,-0.172018,11-20
ATOM/USDT,2026-06-08 11:10:00+00:00,1.75,1.741,PDH,SessionHigh,0.71737,0.00171429,10,bearish_break_level,-0.514286,6-10
ATOM/USDT,2026-06-08 12:35:00+00:00,1.75,1.741,PDH,SessionHigh,0.738753,0.00128571,40,bearish_break_level,0.514286,21-40
ATOM/USDT,2026-06-08 12:55:00+00:00,1.758,1.75,SessionHigh,SessionHigh,0.742939,0.00185714,36,bearish_break_level,0.056883,21-40
ATOM/USDT,2026-06-08 13:25:00+00:00,1.766,1.758,SessionHigh,SessionHigh,0.735393,0.00178571,30,bearish_break_level,-0.396376,21-40
ATOM/USDT,2026-06-08 15:10:00+00:00,1.77,1.767,SessionHigh,SessionHigh,0.796404,0.00128571,9,bearish_break_level,-0.621469,6-10
ATOM/USDT,2026-06-08 17:45:00+00:00,1.774,1.76513,Round_5bp,SessionHigh,0.749057,0.00207143,24,bearish_break_level,0.676437,21-40
ATOM/USDT,2026-06-08 19:30:00+00:00,1.797,1.793,SessionHigh,SessionHigh,0.756873,0.0015,3,bearish_break_level,-0.612131,3-5
ATOM/USDT,2026-06-08 20:40:00+00:00,1.802,1.79299,Round_5bp,SessionHigh,0.72071,0.00321429,13,bearish_break_level,-0.721421,11-20
ATOM/USDT,2026-06-08 20:45:00+00:00,1.809,1.802,SessionHigh,SessionHigh,0.71381,0.00371429,12,bearish_break_level,-1.105583,11-20
ATOM/USDT,2026-06-09 00:15:00+00:00,1.758,1.752,SessionLow,SessionLow,0.768391,0.00385714,2,bearish_break_level,-0.796359,1-2
ATOM/USDT,2026-06-09 00:55:00+00:00,1.745,1.722,SessionLow,,0.703474,0.00821429,60,time_stop,-0.229226,41-60
ATOM/USDT,2026-06-09 02:30:00+00:00,1.731,1.722345,Round_5bp,,0.734016,0.00235714,60,time_stop,3.004044,41-60
ATOM/USDT,2026-06-09 07:10:00+00:00,1.783,1.775,SessionHigh,SessionHigh,0.751497,0.00328571,20,bearish_break_level,-1.06562,11-20
ATOM/USDT,2026-06-09 13:50:00+00:00,1.753,1.72,SessionLow,SessionHigh,0.782944,0.00235714,29,bearish_break_level,1.369082,21-40
ATOM/USDT,2026-06-10 00:15:00+00:00,1.769,1.760155,Round_5bp,SessionHigh,0.807645,0.00192857,43,bearish_break_level,0.904466,41-60
ATOM/USDT,2026-06-10 00:55:00+00:00,1.808,1.798,PDH,SessionHigh,0.793466,0.00814286,35,bearish_break_level,-1.272124,21-40
ATOM/USDT,2026-06-10 09:35:00+00:00,1.823,1.81,SessionHigh,SessionHigh,0.835288,0.00421429,9,bearish_break_level,-1.426221,6-10
ATOM/USDT,2026-06-10 12:30:00+00:00,1.866,1.835,SessionHigh,SessionHigh,0.785538,0.0055,1,bearish_break_level,-1.018221,1-2
ATOM/USDT,2026-06-10 21:05:00+00:00,1.752,1.744,SessionLow,SessionHigh,0.873962,0.004,38,bearish_break_level,0.856164,21-40
ATOM/USDT,2026-06-10 21:30:00+00:00,1.748,1.744,SessionLow,SessionHigh,0.870876,0.0045,33,bearish_break_level,1.086957,21-40
ATOM/USDT,2026-06-11 00:00:00+00:00,1.765,1.726,PDL,SessionHigh,0.803757,0.00278571,3,bearish_break_level,0.113314,3-5
ATOM/USDT,2026-06-11 00:05:00+00:00,1.769,1.765,SessionHigh,SessionHigh,0.768152,0.00307143,2,bearish_break_level,-0.113058,1-2
ATOM/USDT,2026-06-11 00:30:00+00:00,1.786,1.77707,Round_5bp,SessionHigh,0.761589,0.00964286,21,bearish_break_level,0.391937,21-40
ATOM/USDT,2026-06-11 01:00:00+00:00,1.802,1.8,SessionHigh,SessionHigh,0.73565,0.01121429,15,bearish_break_level,-0.499445,11-20
ATOM/USDT,2026-06-11 04:45:00+00:00,1.849,1.846,SessionHigh,SessionHigh,0.784652,0.00378571,18,bearish_break_level,-0.703083,11-20
ATOM/USDT,2026-06-11 06:35:00+00:00,1.864,1.858,SessionHigh,SessionHigh,0.771444,0.00335714,13,bearish_break_level,-2.306867,11-20
ATOM/USDT,2026-06-11 06:40:00+00:00,1.866,1.864,SessionHigh,SessionHigh,0.771838,0.0035,12,bearish_break_level,-2.411576,11-20
ATOM/USDT,2026-06-11 11:30:00+00:00,1.924,1.902,SessionHigh,SessionHigh,0.783026,0.00735714,14,bearish_break_level,-0.675676,11-20
ATOM/USDT,2026-06-11 11:50:00+00:00,1.935,1.924,SessionHigh,SessionHigh,0.840596,0.00814286,10,bearish_break_level,-1.24031,6-10
ATOM/USDT,2026-06-11 12:00:00+00:00,1.96,1.935,SessionHigh,SessionHigh,0.774628,0.00992857,8,bearish_break_level,-2.5,6-10
ATOM/USDT,2026-06-11 16:35:00+00:00,1.971,1.968,SessionHigh,SessionHigh,0.803486,0.00528571,4,bearish_break_level,-0.913242,3-5
ATOM/USDT,2026-06-11 18:20:00+00:00,2.005,2.001,SessionHigh,SessionHigh,0.801322,0.00385714,9,bearish_break_level,-0.548628,6-10
ATOM/USDT,2026-06-12 02:30:00+00:00,1.998,1.959,SessionLow,PDH,0.756307,0.00642857,37,bearish_break_level,1.501502,21-40
ATOM/USDT,2026-06-12 09:20:00+00:00,1.976,1.959,SessionLow,SessionLow,0.842628,0.00121429,35,bearish_break_level,-1.467611,21-40
ATOM/USDT,2026-06-12 12:35:00+00:00,1.963,1.945,SessionLow,MonthlyOpen,0.828098,0.00471429,1,bearish_break_level,-0.305655,1-2
ATOM/USDT,2026-06-12 15:05:00+00:00,1.952,1.907,SessionLow,,0.790535,0.00385714,60,time_stop,1.02459,41-60
ATOM/USDT,2026-06-13 00:10:00+00:00,1.969,1.96,PDC,SessionHigh,0.78646,0.00064286,1,bearish_break_level,-0.711021,1-2
ATOM/USDT,2026-06-13 00:25:00+00:00,1.961,1.951195,Round_5bp,PDC,0.794358,0.00585714,1,bearish_break_level,-0.407955,1-2
ATOM/USDT,2026-06-13 00:45:00+00:00,1.999,1.995,SessionHigh,SessionHigh,0.757563,0.01142857,2,bearish_break_level,-0.250125,1-2
ATOM/USDT,2026-06-13 17:35:00+00:00,1.966,1.96,PDC,MonthlyOpen,0.823452,0.00178571,59,bearish_break_level,-0.813835,41-60
ATOM/USDT,2026-06-14 00:15:00+00:00,1.924,1.92,SessionLow,MonthlyOpen,0.793458,0.00285714,50,bearish_break_level,0.10395,41-60
ATOM/USDT,2026-06-14 00:25:00+00:00,1.925,1.919,SessionLow,MonthlyOpen,0.828754,0.00378571,48,bearish_break_level,0.051948,41-60
ATOM/USDT,2026-06-14 00:45:00+00:00,1.925,1.919,SessionLow,MonthlyOpen,0.770472,0.00464286,44,bearish_break_level,0.051948,41-60
ATOM/USDT,2026-06-14 03:35:00+00:00,1.964,1.945,PDL,MonthlyOpen,0.787107,0.00142857,10,bearish_break_level,-1.934827,6-10
ATOM/USDT,2026-06-14 04:40:00+00:00,1.95,1.94025,Round_5bp,Round_5bp,0.747758,0.00585714,16,bearish_break_level,-1.538462,11-20
ATOM/USDT,2026-06-14 05:10:00+00:00,1.932,1.918,SessionLow,Round_5bp,0.809888,0.00771429,10,bearish_break_level,-0.621118,6-10
ATOM/USDT,2026-06-14 18:35:00+00:00,1.971,1.964,MonthlyOpen,,0.888291,0.00264286,60,time_stop,2.68899,41-60
AUDIO/USDT,2026-06-02 01:50:00+00:00,0.01873,0.01751,PDL,,0.906027,8.714e-05,60,time_stop,0.0,41-60
AUDIO/USDT,2026-06-03 08:30:00+00:00,0.0182,0.01717,SessionLow,,0.999568,7.357e-05,60,time_stop,0.0,41-60
AUDIO/USDT,2026-06-04 05:15:00+00:00,0.0158,0.01577,SessionLow,,0.87088,5.429e-05,60,time_stop,7.025316,41-60
AUDIO/USDT,2026-06-05 05:55:00+00:00,0.01679,0.016,SessionLow,,0.982447,0.00016214,60,time_stop,-2.084574,41-60
AUDIO/USDT,2026-06-05 09:20:00+00:00,0.01644,0.015,SessionLow,,0.887415,0.00010286,60,time_stop,0.0,41-60
AUDIO/USDT,2026-06-05 15:20:00+00:00,0.01403,0.01384,SessionLow,,0.937014,0.00027643,60,time_stop,0.0,41-60
AUDIO/USDT,2026-06-06 09:20:00+00:00,0.01371,0.01303,SessionLow,,0.999568,4.857e-05,60,time_stop,0.0,41-60
AUDIO/USDT,2026-06-06 21:10:00+00:00,0.01469,0.01214,SessionLow,SessionHigh,0.970497,0.00030571,1,bearish_break_level,-16.201498,1-2
AUDIO/USDT,2026-06-07 01:30:00+00:00,0.01328,0.01231,PDC,,0.890733,6.929e-05,60,time_stop,26.656627,41-60
AUDIO/USDT,2026-06-07 04:25:00+00:00,0.01551,0.01328,SessionHigh,SessionHigh,0.960846,0.00015929,34,bearish_break_level,8.25274,21-40
AUDIO/USDT,2026-06-07 05:10:00+00:00,0.01559,0.01551,SessionHigh,SessionHigh,0.944803,0.00016571,25,bearish_break_level,7.697242,21-40
AUDIO/USDT,2026-06-07 05:50:00+00:00,0.01682,0.0156,SessionHigh,SessionHigh,0.838863,9.429e-05,17,bearish_break_level,-0.178359,11-20
AUDIO/USDT,2026-06-08 06:20:00+00:00,0.01549,0.01479,SessionLow,,0.853049,5e-05,60,time_stop,0.0,41-60
AUDIO/USDT,2026-06-09 08:40:00+00:00,0.01513,0.01,SessionLow,,0.954187,0.00036643,60,time_stop,-5.287508,41-60
AUDIO/USDT,2026-06-10 00:30:00+00:00,0.01632,0.01538,PDC,SessionHigh,0.999568,6.714e-05,31,bearish_break_level,-1.960784,21-40
AUDIO/USDT,2026-06-10 04:15:00+00:00,0.0143,0.01405,SessionLow,,0.899975,0.00015714,60,time_stop,0.0,41-60
AUDIO/USDT,2026-06-11 17:15:00+00:00,0.02797,0.0153,SessionLow,,0.983533,0.00207857,60,time_stop,-44.440472,41-60
AUDIO/USDT,2026-06-12 04:30:00+00:00,0.01583,0.01493,PDL,SessionHigh,0.988414,6.429e-05,13,bearish_break_level,-1.200253,11-20
AUDIO/USDT,2026-06-12 13:05:00+00:00,0.01574,0.01476,SessionLow,,0.884665,7e-05,60,time_stop,0.063532,41-60
AUDIO/USDT,2026-06-14 01:00:00+00:00,0.01565,0.0153,PDC,,0.960856,2.5e-05,60,time_stop,0.063898,41-60
AUDIO/USDT,2026-06-14 12:05:00+00:00,0.01564,0.01461,SessionLow,,0.885226,7.357e-05,60,time_stop,0.063939,41-60
AVAX/USDT,2026-06-02 01:20:00+00:00,8.889,8.876,SessionLow,WeeklyOpen,0.789258,0.00421429,3,bearish_break_level,-1.046237,3-5
AVAX/USDT,2026-06-02 01:45:00+00:00,8.829,8.796,SessionLow,WeeklyOpen,0.702172,0.01321429,2,bearish_break_level,-0.362442,1-2
AVAX/USDT,2026-06-02 02:20:00+00:00,8.744,8.691,PDL,WeeklyOpen,0.728944,0.02321429,32,bearish_break_level,0.594694,21-40
AVAX/USDT,2026-06-02 02:25:00+00:00,8.796,8.75202,Round_5bp,WeeklyOpen,0.699498,0.02692857,31,bearish_break_level,0.0,21-40
AVAX/USDT,2026-06-02 06:25:00+00:00,8.71,8.691,PDL,Round_5bp,0.72301,0.019,28,bearish_break_level,-0.149254,21-40
AVAX/USDT,2026-06-02 06:55:00+00:00,8.709,8.691,PDL,Round_5bp,0.744428,0.02092857,22,bearish_break_level,-0.137788,21-40
AVAX/USDT,2026-06-02 12:40:00+00:00,8.708,8.691,PDL,PDL,0.73786,0.00192857,17,bearish_break_level,-0.815342,11-20
AVAX/USDT,2026-06-02 13:05:00+00:00,8.702,8.691,PDL,PDL,0.70768,0.005,12,bearish_break_level,-0.746955,11-20
AVAX/USDT,2026-06-02 15:25:00+00:00,8.395,8.386,SessionLow,SessionLow,0.703206,0.04678571,49,bearish_break_level,-2.477665,41-60
AVAX/USDT,2026-06-02 22:20:00+00:00,8.285,8.243575,Round_5bp,SessionLow,0.694222,0.01971429,8,bearish_break_level,-2.063971,6-10
AVAX/USDT,2026-06-02 23:30:00+00:00,8.089,8.041,SessionLow,SessionHigh,0.750786,0.03107143,11,bearish_break_level,1.545308,11-20
AVAX/USDT,2026-06-02 23:35:00+00:00,8.131,8.090345,Round_5bp,SessionHigh,0.751071,0.03407143,10,bearish_break_level,1.020785,6-10
AVAX/USDT,2026-06-03 00:10:00+00:00,8.193,8.182,SessionLow,SessionHigh,0.724115,0.027,3,bearish_break_level,0.256316,3-5
AVAX/USDT,2026-06-03 01:25:00+00:00,8.259,8.217705,Round_5bp,SessionHigh,0.741431,0.01407143,2,bearish_break_level,-0.3027,1-2
AVAX/USDT,2026-06-03 10:10:00+00:00,8.334,8.29233,Round_5bp,SessionHigh,0.726356,0.00914286,1,bearish_break_level,-0.215983,1-2
AVAX/USDT,2026-06-03 14:35:00+00:00,8.289,8.247555,Round_5bp,PDC,0.707238,0.01457143,20,bearish_break_level,-2.207745,11-20
AVAX/USDT,2026-06-03 16:35:00+00:00,8.089,8.041,PDL,PDC,0.707493,0.01964286,15,bearish_break_level,0.420324,11-20
AVAX/USDT,2026-06-03 17:30:00+00:00,8.19,8.138,PDC,PDC,0.710653,0.01942857,4,bearish_break_level,-0.818071,3-5
AVAX/USDT,2026-06-03 20:10:00+00:00,8.097,8.041,PDL,PDL,0.726619,0.02228571,7,bearish_break_level,-1.284426,6-10
AVAX/USDT,2026-06-03 21:50:00+00:00,8.154,8.138,PDC,PDC,0.728744,0.03078571,6,bearish_break_level,-0.797155,6-10
AVAX/USDT,2026-06-03 22:30:00+00:00,8.131,8.090345,Round_5bp,PDC,0.705297,0.02428571,4,bearish_break_level,-0.578035,3-5
AVAX/USDT,2026-06-04 00:30:00+00:00,8.014,7.993,SessionLow,SessionLow,0.707352,0.01678571,9,bearish_break_level,-1.547292,6-10
AVAX/USDT,2026-06-04 00:40:00+00:00,7.993,7.945,SessionLow,SessionLow,0.710345,0.02471429,7,bearish_break_level,-1.288628,6-10
AVAX/USDT,2026-06-04 01:30:00+00:00,7.876,7.83662,Round_5bp,SessionLow,0.717973,0.04064286,6,bearish_break_level,-4.40579,6-10
AVAX/USDT,2026-06-04 02:20:00+00:00,7.813,7.73487,Round_10bp,PDC,0.714582,0.07285714,19,bearish_break_level,2.854217,11-20
AVAX/USDT,2026-06-04 03:05:00+00:00,7.97,7.927,PDL,PDC,0.741363,0.06285714,10,bearish_break_level,0.828105,6-10
AVAX/USDT,2026-06-04 18:20:00+00:00,7.783,7.70517,Round_10bp,,0.718707,0.01842857,60,time_stop,-2.094308,41-60
AVAX/USDT,2026-06-05 04:05:00+00:00,7.395,7.297,SessionLow,SessionLow,0.703517,0.03557143,23,bearish_break_level,-2.50169,21-40
AVAX/USDT,2026-06-05 04:10:00+00:00,7.426,7.38887,Round_5bp,SessionLow,0.705372,0.03778571,22,bearish_break_level,-2.908699,21-40
AVAX/USDT,2026-06-05 04:55:00+00:00,7.484,7.44658,Round_5bp,SessionLow,0.725159,0.035,13,bearish_break_level,-3.661144,11-20
AVAX/USDT,2026-06-05 05:25:00+00:00,7.429,7.391855,Round_5bp,SessionLow,0.710104,0.03171429,7,bearish_break_level,-2.947907,6-10
AVAX/USDT,2026-06-05 05:50:00+00:00,7.307,7.264,SessionLow,SessionLow,0.699583,0.03864286,2,bearish_break_level,-1.327494,1-2
AVAX/USDT,2026-06-05 12:20:00+00:00,7.124,7.08838,Round_5bp,Round_5bp,0.722092,0.01707143,1,bearish_break_level,-0.589556,1-2
AVAX/USDT,2026-06-05 19:20:00+00:00,6.63,6.591,SessionLow,Round_5bp,0.710676,0.04607143,13,bearish_break_level,3.665158,11-20
AVAX/USDT,2026-06-06 00:00:00+00:00,6.819,6.71,PDC,SessionHigh,0.701779,0.029,5,bearish_break_level,0.014665,3-5
AVAX/USDT,2026-06-06 00:20:00+00:00,6.832,6.819,SessionHigh,SessionHigh,0.729174,0.0265,1,bearish_break_level,-0.175644,1-2
AVAX/USDT,2026-06-06 01:00:00+00:00,6.933,6.895,SessionHigh,SessionHigh,0.686465,0.01785714,2,bearish_break_level,-0.721189,1-2
AVAX/USDT,2026-06-06 02:35:00+00:00,6.726,6.702,SessionLow,PDC,0.768163,0.01142857,4,bearish_break_level,-0.966399,3-5
AVAX/USDT,2026-06-06 04:10:00+00:00,6.374,6.358,SessionLow,SessionLow,0.78565,0.02235714,4,bearish_break_level,-2.117979,3-5
AVAX/USDT,2026-06-06 05:10:00+00:00,6.382,6.31818,Round_10bp,Round_5bp,0.690079,0.04757143,1,bearish_break_level,-0.579756,1-2
AVAX/USDT,2026-06-06 07:10:00+00:00,6.614,6.58093,Round_5bp,PDC,0.718866,0.01585714,34,bearish_break_level,0.786211,21-40
AVAX/USDT,2026-06-06 08:55:00+00:00,6.75,6.71625,Round_5bp,PDC,0.72491,0.01342857,13,bearish_break_level,-1.244444,11-20
AVAX/USDT,2026-06-06 11:30:00+00:00,6.675,6.60825,Round_10bp,Round_5bp,0.734215,0.01407143,12,bearish_break_level,0.2397,11-20
AVAX/USDT,2026-06-06 11:55:00+00:00,6.703,6.669485,Round_5bp,Round_5bp,0.748105,0.01228571,7,bearish_break_level,-0.179024,6-10
AVAX/USDT,2026-06-06 14:00:00+00:00,6.791,6.757045,Round_5bp,Round_5bp,0.723472,0.01242857,6,bearish_break_level,0.014725,6-10
AVAX/USDT,2026-06-06 14:10:00+00:00,6.831,6.796845,Round_5bp,Round_5bp,0.71397,0.01528571,4,bearish_break_level,-0.570927,3-5
AVAX/USDT,2026-06-06 15:25:00+00:00,6.649,6.615755,Round_5bp,PDC,0.742212,0.02371429,10,bearish_break_level,0.676794,6-10
AVAX/USDT,2026-06-06 19:10:00+00:00,6.663,6.629685,Round_5bp,Round_5bp,0.717946,0.00971429,10,bearish_break_level,-1.080594,6-10
AVAX/USDT,2026-06-06 20:40:00+00:00,6.601,6.591,PDL,PDC,0.772076,0.00807143,51,bearish_break_level,0.924102,41-60
AVAX/USDT,2026-06-06 22:10:00+00:00,6.602,6.591,PDL,PDC,0.721164,0.01485714,33,bearish_break_level,0.908816,21-40
AVAX/USDT,2026-06-07 01:00:00+00:00,6.71,6.662,SessionLow,SessionHigh,0.778269,0.00457143,6,bearish_break_level,1.624441,6-10
AVAX/USDT,2026-06-07 01:05:00+00:00,6.788,6.71,SessionHigh,SessionHigh,0.713589,0.01014286,5,bearish_break_level,0.456688,3-5
AVAX/USDT,2026-06-07 01:25:00+00:00,6.838,6.813,SessionHigh,SessionHigh,0.731603,0.01371429,1,bearish_break_level,-0.277859,1-2
AVAX/USDT,2026-06-07 06:25:00+00:00,6.805,6.770975,Round_5bp,SessionHigh,0.691194,0.00635714,3,bearish_break_level,0.293902,3-5
AVAX/USDT,2026-06-07 06:35:00+00:00,6.835,6.800825,Round_5bp,SessionHigh,0.693904,0.0085,1,bearish_break_level,-0.146306,1-2
AVAX/USDT,2026-06-07 08:35:00+00:00,6.846,6.81177,Round_5bp,SessionHigh,0.718955,0.00564286,5,bearish_break_level,0.087642,3-5
AVAX/USDT,2026-06-07 08:45:00+00:00,6.873,6.846,SessionHigh,SessionHigh,0.736781,0.00564286,3,bearish_break_level,-0.305543,3-5
AVAX/USDT,2026-06-07 15:05:00+00:00,6.692,6.677,PDC,Round_5bp,0.753025,0.01478571,22,bearish_break_level,-0.283921,21-40
AVAX/USDT,2026-06-07 16:40:00+00:00,6.708,6.677,PDC,Round_5bp,0.748018,0.00528571,3,bearish_break_level,-0.521765,3-5
AVAX/USDT,2026-06-07 17:15:00+00:00,6.733,6.677,PDC,Round_5bp,0.694528,0.00914286,20,bearish_break_level,-0.93569,11-20
AVAX/USDT,2026-06-07 19:50:00+00:00,6.547,6.529,SessionLow,SessionHigh,0.728911,0.0185,29,bearish_break_level,4.353139,21-40
AVAX/USDT,2026-06-07 21:10:00+00:00,6.621,6.587895,Round_5bp,SessionHigh,0.759949,0.01364286,13,bearish_break_level,3.18683,11-20
AVAX/USDT,2026-06-07 23:25:00+00:00,6.79,6.75605,Round_5bp,PDC,0.705898,0.02285714,8,bearish_break_level,0.05891,6-10
AVAX/USDT,2026-06-08 00:25:00+00:00,6.807,6.782,SessionLow,SessionHigh,0.735993,0.01771429,3,bearish_break_level,0.749229,3-5
AVAX/USDT,2026-06-08 05:00:00+00:00,6.604,6.591,SessionLow,Round_5bp,0.748093,0.00628571,8,bearish_break_level,-0.575409,6-10
AVAX/USDT,2026-06-08 06:00:00+00:00,6.625,6.591875,Round_5bp,Round_5bp,0.706887,0.00885714,50,bearish_break_level,0.950943,41-60
AVAX/USDT,2026-06-08 14:10:00+00:00,6.75,6.71625,Round_5bp,SessionHigh,0.699265,0.01628571,16,bearish_break_level,1.096296,11-20
AVAX/USDT,2026-06-08 14:45:00+00:00,6.791,6.757045,Round_5bp,SessionHigh,0.705642,0.01735714,9,bearish_break_level,0.485937,6-10
AVAX/USDT,2026-06-08 15:00:00+00:00,6.827,6.807,PDC,SessionHigh,0.72007,0.01457143,6,bearish_break_level,-0.043943,6-10
AVAX/USDT,2026-06-08 21:10:00+00:00,6.868,6.83366,Round_5bp,PDC,0.691317,0.00992857,12,bearish_break_level,-1.121142,11-20
AVAX/USDT,2026-06-09 00:15:00+00:00,6.781,6.774,PDC,SessionHigh,0.748674,0.00378571,1,bearish_break_level,-1.047043,1-2
AVAX/USDT,2026-06-09 00:40:00+00:00,6.632,6.597,SessionLow,,0.70654,0.01835714,60,time_stop,2.382388,41-60
AVAX/USDT,2026-06-09 02:00:00+00:00,6.68,6.6466,Round_5bp,SessionHigh,0.741364,0.00642857,57,bearish_break_level,1.257485,41-60
AVAX/USDT,2026-06-09 14:55:00+00:00,6.591,6.551,PDL,Round_5bp,0.758738,0.01692857,5,bearish_break_level,0.0,3-5
AVAX/USDT,2026-06-09 16:45:00+00:00,6.512,6.47944,Round_5bp,Round_5bp,0.758586,0.01942857,20,bearish_break_level,1.812039,11-20
AVAX/USDT,2026-06-09 17:10:00+00:00,6.579,6.551,PDL,Round_5bp,0.732439,0.02721429,15,bearish_break_level,0.775194,11-20
AVAX/USDT,2026-06-10 06:15:00+00:00,6.518,6.505,SessionLow,SessionLow,0.755334,0.00478571,29,bearish_break_level,-0.981896,21-40
AVAX/USDT,2026-06-10 08:50:00+00:00,6.465,6.45,PDL,Round_5bp,0.755107,0.00821429,31,bearish_break_level,-0.464037,21-40
AVAX/USDT,2026-06-10 10:00:00+00:00,6.491,6.436,SessionLow,Round_5bp,0.69566,0.00742857,17,bearish_break_level,-0.862733,11-20
AVAX/USDT,2026-06-10 11:40:00+00:00,6.449,6.434,SessionLow,Round_5bp,0.76329,0.01028571,4,bearish_break_level,-0.12405,3-5
AVAX/USDT,2026-06-10 11:45:00+00:00,6.468,6.45,PDL,Round_5bp,0.761425,0.01164286,3,bearish_break_level,-0.41744,3-5
AVAX/USDT,2026-06-10 15:30:00+00:00,6.587,6.554065,Round_5bp,Round_5bp,0.686706,0.00928571,26,bearish_break_level,-2.231668,21-40
AVAX/USDT,2026-06-10 17:45:00+00:00,6.474,6.434,SessionLow,Round_5bp,0.703131,0.01642857,13,bearish_break_level,0.432499,11-20
AVAX/USDT,2026-06-10 18:25:00+00:00,6.527,6.494365,Round_5bp,Round_5bp,0.747601,0.01107143,5,bearish_break_level,-0.383024,3-5
AVAX/USDT,2026-06-10 21:35:00+00:00,6.392,6.37,SessionLow,SessionLow,0.758246,0.00907143,4,bearish_break_level,-1.126408,3-5
AVAX/USDT,2026-06-10 23:15:00+00:00,6.358,6.32,SessionLow,SessionHigh,0.708323,0.01157143,14,bearish_break_level,0.959421,11-20
AVAX/USDT,2026-06-11 00:10:00+00:00,6.412,6.396,PDC,SessionHigh,0.726965,0.00942857,3,bearish_break_level,0.10917,3-5
AVAX/USDT,2026-06-11 00:15:00+00:00,6.447,6.412,SessionHigh,SessionHigh,0.719989,0.01192857,2,bearish_break_level,-0.434311,1-2
AVAX/USDT,2026-06-11 01:40:00+00:00,6.512,6.474,SessionHigh,SessionHigh,0.735178,0.0075,1,bearish_break_level,-0.184275,1-2
AVAX/USDT,2026-06-11 03:55:00+00:00,6.615,6.516,SessionHigh,SessionHigh,0.784315,0.01514286,2,bearish_break_level,-0.42328,1-2
AVAX/USDT,2026-06-11 06:20:00+00:00,6.61,6.57695,Round_5bp,SessionHigh,0.723586,0.00521429,15,bearish_break_level,-0.453858,11-20
AVAX/USDT,2026-06-11 08:25:00+00:00,6.627,6.615,SessionHigh,SessionHigh,0.74846,0.00607143,3,bearish_break_level,-0.045269,3-5
AVAX/USDT,2026-06-11 08:30:00+00:00,6.635,6.627,SessionHigh,SessionHigh,0.731003,0.00664286,2,bearish_break_level,-0.165787,1-2
AVAX/USDT,2026-06-11 15:10:00+00:00,6.549,6.516255,Round_5bp,SessionHigh,0.740842,0.01457143,30,bearish_break_level,1.038326,21-40
AVAX/USDT,2026-06-11 19:30:00+00:00,6.695,6.661525,Round_5bp,SessionHigh,0.75186,0.00371429,3,bearish_break_level,-0.358476,3-5
AVAX/USDT,2026-06-12 02:05:00+00:00,6.652,6.613,SessionLow,SessionHigh,0.713905,0.00635714,17,bearish_break_level,0.165364,11-20
AVAX/USDT,2026-06-12 02:40:00+00:00,6.674,6.649,PDC,SessionHigh,0.717182,0.00628571,10,bearish_break_level,-0.164819,6-10
AVAX/USDT,2026-06-12 04:15:00+00:00,6.67,6.649,PDC,SessionHigh,0.811439,0.00421429,11,bearish_break_level,-0.569715,11-20
AVAX/USDT,2026-06-12 16:10:00+00:00,6.603,6.53697,Round_10bp,PDC,0.745482,0.01678571,13,bearish_break_level,0.287748,11-20
AVAX/USDT,2026-06-13 00:55:00+00:00,6.597,6.57,PDC,SessionHigh,0.71926,0.00357143,18,bearish_break_level,0.257693,11-20
AVAX/USDT,2026-06-13 01:40:00+00:00,6.635,6.603,SessionHigh,SessionHigh,0.707738,0.00492857,9,bearish_break_level,-0.316503,6-10
AVAX/USDT,2026-06-13 04:45:00+00:00,6.617,6.583915,Round_5bp,SessionHigh,0.723176,0.00328571,43,bearish_break_level,0.740517,41-60
AVAX/USDT,2026-06-13 15:25:00+00:00,6.74,6.717,SessionHigh,SessionHigh,0.734426,0.00528571,8,bearish_break_level,-0.326409,6-10
AVAX/USDT,2026-06-13 16:00:00+00:00,6.766,6.755,SessionHigh,SessionHigh,0.751241,0.00764286,1,bearish_break_level,-0.70943,1-2
AVAX/USDT,2026-06-13 17:00:00+00:00,6.705,6.696,PDH,,0.723062,0.00857143,60,time_stop,0.700969,41-60
AVAX/USDT,2026-06-14 01:15:00+00:00,6.731,6.71,PDC,SessionHigh,0.72766,0.00392857,3,bearish_break_level,-0.22285,3-5
AVAX/USDT,2026-06-14 03:50:00+00:00,6.723,6.71,PDC,PDC,0.778369,0.0025,9,bearish_break_level,-0.416481,6-10
AVAX/USDT,2026-06-14 05:05:00+00:00,6.684,6.67,SessionLow,SessionLow,0.738578,0.00507143,4,bearish_break_level,-0.388989,3-5
AVAX/USDT,2026-06-14 05:35:00+00:00,6.672,6.658,SessionLow,Round_5bp,0.714421,0.00735714,15,bearish_break_level,-0.239808,11-20
AVAX/USDT,2026-06-14 09:40:00+00:00,6.676,6.628,SessionLow,SessionLow,0.734141,0.00514286,35,bearish_break_level,-0.988616,21-40
AVAX/USDT,2026-06-14 17:45:00+00:00,6.51,6.496,SessionLow,SessionLow,0.757533,0.01121429,7,bearish_break_level,-1.582181,6-10
AVAX/USDT,2026-06-14 18:35:00+00:00,6.4,6.383,SessionLow,Round_5bp,0.71133,0.01742857,42,bearish_break_level,4.671875,41-60
AXL/USDT,2026-06-02 08:15:00+00:00,0.055,0.054,PDH,,0.999568,7.143e-05,60,time_stop,0.0,41-60
AXL/USDT,2026-06-05 12:35:00+00:00,0.042,0.041,SessionLow,,0.984521,7.143e-05,60,time_stop,-2.380952,41-60
AXL/USDT,2026-06-11 20:50:00+00:00,0.046,0.04,PDH,,0.999568,0.00042857,60,time_stop,0.0,41-60
AXL/USDT,2026-06-13 01:20:00+00:00,0.047,0.046,PDH,,0.999568,7.143e-05,60,time_stop,0.0,41-60
AXS/USDT,2026-06-04 02:20:00+00:00,1.006,1.003,SessionLow,,0.948212,0.01221429,60,time_stop,2.982107,41-60
AXS/USDT,2026-06-04 12:35:00+00:00,1.032,1.0,SessionLow,,0.886564,0.00228571,60,time_stop,0.0,41-60
AXS/USDT,2026-06-05 00:05:00+00:00,1.055,1.009,PDC,,0.84572,0.00328571,60,time_stop,0.0,41-60
AXS/USDT,2026-06-05 13:20:00+00:00,0.915,0.907,SessionLow,,0.967873,0.01114286,60,time_stop,4.262295,41-60
AXS/USDT,2026-06-06 09:20:00+00:00,0.869,0.867,SessionLow,,0.999568,0.00014286,60,time_stop,0.0,41-60
AXS/USDT,2026-06-07 06:50:00+00:00,0.95,0.869,PDC,,0.999568,0.00578571,60,time_stop,0.0,41-60
AXS/USDT,2026-06-12 23:45:00+00:00,0.97,0.851,PDL,,0.999568,0.0085,60,time_stop,0.0,41-60
AXS/USDT,2026-06-13 21:40:00+00:00,0.975,0.97,PDH,,0.999568,0.00035714,60,time_stop,0.0,41-60
BAND/USDT,2026-06-06 20:25:00+00:00,0.163,0.161,SessionLow,,0.999568,0.00014286,60,time_stop,0.0,41-60
BAND/USDT,2026-06-07 18:20:00+00:00,0.166,0.163,PDC,,0.999568,0.00021429,60,time_stop,0.0,41-60
BAND/USDT,2026-06-14 00:00:00+00:00,0.169,0.153,PDH,,0.999568,0.00114286,60,time_stop,0.0,41-60
BAT/USDT,2026-06-02 16:55:00+00:00,0.1018,0.1016,SessionLow,SessionLow,0.919326,1.429e-05,33,bearish_break_level,-2.946955,21-40
BAT/USDT,2026-06-02 20:05:00+00:00,0.1014,0.0988,SessionLow,PDC,0.783843,0.00040714,49,bearish_break_level,-0.887574,41-60
BAT/USDT,2026-06-04 00:15:00+00:00,0.102,0.1018,PDC,SessionHigh,0.87284,1.429e-05,2,bearish_break_level,-2.254902,1-2
BAT/USDT,2026-06-04 02:10:00+00:00,0.0967,0.0935,SessionLow,,0.862717,0.00074286,60,time_stop,2.585315,41-60
BAT/USDT,2026-06-04 23:00:00+00:00,0.097,0.096515,Round_5bp,PDC,0.895411,0.00014286,14,bearish_break_level,-1.649485,11-20
BAT/USDT,2026-06-05 00:15:00+00:00,0.0959,0.0954205,Round_5bp,PDC,0.797671,0.00031429,13,bearish_break_level,0.0,11-20
BAT/USDT,2026-06-05 07:20:00+00:00,0.0886,0.0878,SessionLow,,0.799533,0.00034286,60,time_stop,3.498871,41-60
BAT/USDT,2026-06-05 16:20:00+00:00,0.0878,0.0866,SessionLow,SessionLow,0.941301,0.00045,33,bearish_break_level,-5.125285,21-40
BAT/USDT,2026-06-05 20:35:00+00:00,0.0856,0.084744,Round_10bp,PDC,0.805645,0.00016429,44,bearish_break_level,-1.051402,41-60
BAT/USDT,2026-06-05 23:05:00+00:00,0.0862,0.085769,Round_5bp,PDC,0.846647,9.286e-05,14,bearish_break_level,-1.740139,11-20
BAT/USDT,2026-06-06 00:20:00+00:00,0.0851,0.0846745,Round_5bp,,0.791428,0.00022143,60,time_stop,-2.820212,41-60
BAT/USDT,2026-06-06 00:25:00+00:00,0.0855,0.0850725,Round_5bp,,0.785551,0.00022143,60,time_stop,-3.274854,41-60
BAT/USDT,2026-06-06 08:20:00+00:00,0.0856,0.0809,SessionLow,,0.856571,0.00033571,60,time_stop,-1.985981,41-60
BAT/USDT,2026-06-07 00:00:00+00:00,0.0835,0.0814,PDC,,0.884779,0.00015,60,time_stop,2.51497,41-60
BAT/USDT,2026-06-07 00:15:00+00:00,0.0842,0.0835,SessionHigh,,0.912356,0.0003,60,time_stop,1.662708,41-60
BAT/USDT,2026-06-07 00:20:00+00:00,0.0847,0.0842765,Round_5bp,,0.900267,0.00044286,60,time_stop,1.062574,41-60
BAT/USDT,2026-06-07 01:10:00+00:00,0.0856,0.084744,Round_10bp,,0.843759,0.00092857,60,time_stop,0.0,41-60
BAT/USDT,2026-06-08 09:00:00+00:00,0.0873,0.086427,Round_10bp,,0.904872,5.714e-05,60,time_stop,4.467354,41-60
BAT/USDT,2026-06-08 13:20:00+00:00,0.0912,0.0902,SessionHigh,,0.906302,0.00027143,60,time_stop,1.973684,41-60
BAT/USDT,2026-06-08 17:25:00+00:00,0.093,0.0912,SessionHigh,SessionHigh,0.907466,0.00012857,12,bearish_break_level,-0.107527,11-20
BAT/USDT,2026-06-08 20:15:00+00:00,0.0938,0.093,SessionHigh,SessionHigh,0.829196,5.714e-05,3,bearish_break_level,-0.319829,3-5
BAT/USDT,2026-06-08 21:20:00+00:00,0.0965,0.0957,SessionHigh,SessionHigh,0.782095,0.00029286,11,bearish_break_level,-1.450777,11-20
BAT/USDT,2026-06-09 00:15:00+00:00,0.0952,0.0941,SessionLow,,0.743489,0.00028571,60,time_stop,-0.52521,41-60
BAT/USDT,2026-06-09 19:05:00+00:00,0.0934,0.0921,SessionLow,,0.842064,0.00014286,60,time_stop,0.321199,41-60
BAT/USDT,2026-06-11 00:25:00+00:00,0.0916,0.0905,SessionLow,,0.762931,0.00064286,60,time_stop,-0.436681,41-60
BAT/USDT,2026-06-11 00:45:00+00:00,0.0953,0.0943,PDC,,0.741069,0.0011,60,time_stop,-4.302204,41-60
BAT/USDT,2026-06-11 12:40:00+00:00,0.0915,0.0910425,Round_5bp,,0.895786,0.00010714,60,time_stop,0.218579,41-60
BAT/USDT,2026-06-11 16:00:00+00:00,0.0915,0.0910425,Round_5bp,,0.814384,0.00012857,60,time_stop,0.0,41-60
BAT/USDT,2026-06-11 17:30:00+00:00,0.0917,0.0912415,Round_5bp,,0.811019,0.00026429,60,time_stop,-0.218103,41-60
BAT/USDT,2026-06-12 00:00:00+00:00,0.0933,0.0915,PDC,SessionHigh,0.990325,0.00012857,3,bearish_break_level,-2.143623,3-5
BAT/USDT,2026-06-12 00:20:00+00:00,0.0915,0.0913,SessionLow,,0.969706,0.00030714,60,time_stop,0.983607,41-60
BAT/USDT,2026-06-12 00:25:00+00:00,0.093,0.0915,PDC,,0.955882,0.00042143,60,time_stop,-0.645161,41-60
BAT/USDT,2026-06-12 13:20:00+00:00,0.0894,0.0893,SessionLow,,0.990152,0.00022857,60,time_stop,0.671141,41-60
BAT/USDT,2026-06-13 00:15:00+00:00,0.0878,0.087,SessionLow,,0.995997,0.00028571,60,time_stop,1.480638,41-60
BAT/USDT,2026-06-14 09:20:00+00:00,0.0882,0.0874,PDC,,0.999568,5.714e-05,60,time_stop,0.0,41-60
BCH/USDT,2026-06-02 02:20:00+00:00,289.7,287.1,SessionLow,,0.74649,0.53571429,60,time_stop,-0.345185,41-60
BCH/USDT,2026-06-02 02:30:00+00:00,291.0,289.545,Round_5bp,,0.733048,0.62857143,60,time_stop,-1.271478,41-60
BCH/USDT,2026-06-02 07:15:00+00:00,288.7,287.2565,Round_5bp,Round_5bp,0.70054,0.42142857,25,bearish_break_level,-1.593349,21-40
BCH/USDT,2026-06-02 10:15:00+00:00,283.6,283.1,SessionLow,Round_10bp,0.818106,0.24285714,49,bearish_break_level,-0.141044,41-60
BCH/USDT,2026-06-02 14:35:00+00:00,284.0,283.1,SessionLow,Round_10bp,0.817885,0.35,9,bearish_break_level,-0.774648,6-10
BCH/USDT,2026-06-02 15:25:00+00:00,282.7,281.8,SessionLow,Round_5bp,0.685774,0.67857143,1,bearish_break_level,-0.424478,1-2
BCH/USDT,2026-06-02 19:35:00+00:00,278.6,277.4,SessionLow,Round_5bp,0.721859,0.72142857,26,bearish_break_level,1.328069,21-40
BCH/USDT,2026-06-02 23:30:00+00:00,267.3,265.5,SessionLow,SessionHigh,0.694754,1.96428571,13,bearish_break_level,1.30939,11-20
BCH/USDT,2026-06-02 23:40:00+00:00,267.9,266.5605,Round_5bp,SessionHigh,0.714404,2.17857143,11,bearish_break_level,1.082493,11-20
BCH/USDT,2026-06-03 00:15:00+00:00,270.6,270.0,SessionHigh,SessionHigh,0.713029,1.12142857,4,bearish_break_level,0.07391,3-5
BCH/USDT,2026-06-03 01:50:00+00:00,262.1,260.9,SessionLow,Round_10bp,0.752934,1.12142857,19,bearish_break_level,-0.610454,11-20
BCH/USDT,2026-06-03 01:55:00+00:00,263.4,262.083,Round_5bp,Round_10bp,0.730171,1.17142857,18,bearish_break_level,-1.100987,11-20
BCH/USDT,2026-06-03 02:00:00+00:00,264.5,263.1775,Round_5bp,Round_10bp,0.718492,1.27857143,17,bearish_break_level,-1.512287,11-20
BCH/USDT,2026-06-03 09:30:00+00:00,252.7,250.173,Round_10bp,Round_5bp,0.786927,0.58571429,59,bearish_break_level,-3.403245,41-60
BCH/USDT,2026-06-03 14:35:00+00:00,245.9,243.441,Round_10bp,Round_5bp,0.702799,0.72857143,21,bearish_break_level,-0.93534,21-40
BCH/USDT,2026-06-03 16:30:00+00:00,245.0,243.775,Round_5bp,Round_10bp,0.724782,0.64285714,42,bearish_break_level,-1.102041,41-60
BCH/USDT,2026-06-03 20:55:00+00:00,242.7,241.4,SessionLow,Round_5bp,0.735392,0.60714286,33,bearish_break_level,-0.123609,21-40
BCH/USDT,2026-06-03 22:00:00+00:00,249.4,248.153,Round_5bp,Round_5bp,0.711657,0.82857143,20,bearish_break_level,-2.806736,11-20
BCH/USDT,2026-06-03 23:25:00+00:00,241.9,240.7,SessionLow,Round_5bp,0.708834,0.47857143,3,bearish_break_level,0.206697,3-5
BCH/USDT,2026-06-03 23:35:00+00:00,243.4,242.183,Round_5bp,Round_5bp,0.706878,0.67142857,1,bearish_break_level,-0.410846,1-2
BCH/USDT,2026-06-04 00:15:00+00:00,244.4,242.4,PDC,SessionHigh,0.74618,0.49285714,1,bearish_break_level,-0.368249,1-2
BCH/USDT,2026-06-04 00:50:00+00:00,241.4,240.193,Round_5bp,PDL,0.709546,1.23571429,3,bearish_break_level,-0.455675,3-5
BCH/USDT,2026-06-04 01:25:00+00:00,235.7,234.5,SessionLow,SessionLow,0.75576,1.82857143,6,bearish_break_level,-0.806109,6-10
BCH/USDT,2026-06-04 03:20:00+00:00,247.0,246.4,SessionHigh,SessionHigh,0.72206,1.36428571,5,bearish_break_level,0.323887,3-5
BCH/USDT,2026-06-04 03:25:00+00:00,247.7,247.0,SessionHigh,SessionHigh,0.734735,1.22142857,4,bearish_break_level,0.040371,3-5
BCH/USDT,2026-06-04 08:15:00+00:00,245.2,242.4,PDC,Round_5bp,0.720025,0.40714286,2,bearish_break_level,-0.530179,1-2
BCH/USDT,2026-06-04 11:45:00+00:00,242.7,240.7,PDL,SessionHigh,0.712098,0.27857143,21,bearish_break_level,2.266172,21-40
BCH/USDT,2026-06-04 11:55:00+00:00,245.2,242.748,Round_10bp,SessionHigh,0.707802,0.40714286,19,bearish_break_level,1.223491,11-20
BCH/USDT,2026-06-04 15:00:00+00:00,247.4,246.163,Round_5bp,Round_5bp,0.696719,0.37142857,38,bearish_break_level,-0.485044,21-40
BCH/USDT,2026-06-04 23:40:00+00:00,245.3,244.0735,Round_5bp,PDC,0.827118,0.13571429,6,bearish_break_level,-0.244598,6-10
BCH/USDT,2026-06-05 00:20:00+00:00,245.2,244.1,SessionLow,SessionHigh,0.793737,0.3,2,bearish_break_level,-0.040783,1-2
BCH/USDT,2026-06-05 00:25:00+00:00,245.9,245.3,PDC,SessionHigh,0.793358,0.4,1,bearish_break_level,-0.325336,1-2
BCH/USDT,2026-06-05 04:55:00+00:00,240.1,239.8,SessionLow,SessionLow,0.797087,0.32142857,10,bearish_break_level,-1.624323,6-10
BCH/USDT,2026-06-05 07:30:00+00:00,223.7,221.0,SessionLow,,0.769733,0.44285714,60,time_stop,0.536433,41-60
BCH/USDT,2026-06-05 09:40:00+00:00,226.4,225.268,Round_5bp,,0.728976,0.60714286,60,time_stop,-2.606007,41-60
BCH/USDT,2026-06-05 13:10:00+00:00,222.9,220.0,SessionLow,,0.689315,0.55714286,60,time_stop,-1.301032,41-60
BCH/USDT,2026-06-05 13:25:00+00:00,224.0,222.88,Round_5bp,,0.719783,0.63571429,60,time_stop,-3.303571,41-60
BCH/USDT,2026-06-05 14:20:00+00:00,220.5,215.0,SessionLow,SessionLow,0.742611,1.12857143,59,bearish_break_level,-4.761905,41-60
BCH/USDT,2026-06-05 16:05:00+00:00,214.0,212.8,SessionLow,SessionLow,0.715692,0.72857143,38,bearish_break_level,-1.869159,21-40
BCH/USDT,2026-06-05 16:20:00+00:00,216.6,211.7,SessionLow,SessionLow,0.733659,0.95,35,bearish_break_level,-3.047091,21-40
BCH/USDT,2026-06-05 18:40:00+00:00,216.5,215.4175,Round_5bp,SessionLow,0.724733,0.42857143,7,bearish_break_level,-3.002309,6-10
BCH/USDT,2026-06-05 20:45:00+00:00,219.3,210.0,SessionLow,SessionLow,0.686391,0.66428571,36,bearish_break_level,-4.833561,21-40
BCH/USDT,2026-06-06 00:00:00+00:00,210.6,208.7,PDL,Round_5bp,0.79094,0.69285714,4,bearish_break_level,0.189934,3-5
BCH/USDT,2026-06-06 00:25:00+00:00,211.9,210.8405,Round_5bp,SessionHigh,0.739892,0.97857143,2,bearish_break_level,0.141576,1-2
BCH/USDT,2026-06-06 04:45:00+00:00,203.8,203.3,SessionLow,SessionHigh,0.775071,0.77142857,23,bearish_break_level,7.212954,21-40
BCH/USDT,2026-06-06 05:50:00+00:00,210.3,203.3,SessionLow,SessionHigh,0.714004,0.56428571,10,bearish_break_level,3.899192,6-10
BCH/USDT,2026-06-06 06:00:00+00:00,211.5,210.4425,Round_5bp,SessionHigh,0.709079,0.62142857,8,bearish_break_level,3.309693,6-10
BCH/USDT,2026-06-06 07:15:00+00:00,225.2,223.2,SessionHigh,SessionHigh,0.790081,1.22857143,1,bearish_break_level,-0.310835,1-2
BCH/USDT,2026-06-06 15:00:00+00:00,219.9,218.8005,Round_5bp,,0.747597,0.17142857,60,time_stop,-2.592087,41-60
BCH/USDT,2026-06-07 00:30:00+00:00,217.3,216.6,SessionLow,PDC,0.776902,0.12857143,2,bearish_break_level,-0.230097,1-2
BCH/USDT,2026-06-07 04:40:00+00:00,223.7,222.2,SessionHigh,SessionHigh,0.731658,0.41428571,4,bearish_break_level,-0.134108,3-5
BCH/USDT,2026-06-07 04:50:00+00:00,224.9,223.7,SessionHigh,SessionHigh,0.747039,0.52142857,2,bearish_break_level,-0.666963,1-2
BCH/USDT,2026-06-07 06:40:00+00:00,226.4,226.1,SessionHigh,SessionHigh,0.749637,0.21428571,23,bearish_break_level,-0.795053,21-40
BCH/USDT,2026-06-07 09:15:00+00:00,228.8,226.4,SessionHigh,SessionHigh,0.827989,0.46428571,1,bearish_break_level,-0.437063,1-2
BCH/USDT,2026-06-07 22:15:00+00:00,232.4,230.076,Round_10bp,Round_5bp,0.860981,0.97142857,1,bearish_break_level,-0.55938,1-2
BCH/USDT,2026-06-08 00:15:00+00:00,230.2,229.7,SessionHigh,SessionHigh,0.803067,0.37142857,1,bearish_break_level,-0.217202,1-2
BCH/USDT,2026-06-08 01:40:00+00:00,222.4,221.0,SessionLow,Round_10bp,0.755464,1.25,11,bearish_break_level,-0.584532,11-20
BCH/USDT,2026-06-08 07:50:00+00:00,217.2,216.7,SessionLow,SessionLow,0.746867,0.50714286,6,bearish_break_level,-7.918969,6-10
BCH/USDT,2026-06-08 08:25:00+00:00,202.1,200.0,SessionLow,Round_5bp,0.692421,1.91428571,29,bearish_break_level,1.434933,21-40
BCH/USDT,2026-06-08 19:35:00+00:00,210.1,209.0495,Round_5bp,Round_10bp,0.820226,0.35,33,bearish_break_level,0.475964,21-40
BCH/USDT,2026-06-09 14:40:00+00:00,203.4,203.1,SessionLow,,0.854619,0.22857143,60,time_stop,0.294985,41-60
BCH/USDT,2026-06-09 23:30:00+00:00,203.5,202.0,SessionLow,SessionHigh,0.884648,0.10714286,9,bearish_break_level,-0.04914,6-10
BCH/USDT,2026-06-10 00:20:00+00:00,204.0,203.5,PDC,SessionHigh,0.884462,0.21428571,2,bearish_break_level,-1.372549,1-2
BCH/USDT,2026-06-10 00:35:00+00:00,201.6,201.2,SessionLow,,0.844444,0.54285714,60,time_stop,-0.694444,41-60
BCH/USDT,2026-06-10 00:55:00+00:00,203.1,202.0,PDL,,0.852881,0.58571429,60,time_stop,-1.427868,41-60
BCH/USDT,2026-06-10 04:40:00+00:00,199.9,199.4,SessionLow,,0.802018,0.12857143,60,time_stop,-1.450725,41-60
BCH/USDT,2026-06-10 05:25:00+00:00,199.6,197.6,SessionLow,SessionLow,0.761339,0.46428571,59,bearish_break_level,-1.452906,41-60
BCH/USDT,2026-06-10 10:30:00+00:00,196.9,196.7,SessionLow,,0.776292,0.09285714,60,time_stop,1.574403,41-60
BCH/USDT,2026-06-10 11:15:00+00:00,195.1,194.3,SessionLow,,0.784242,0.33571429,60,time_stop,2.511533,41-60
BCH/USDT,2026-06-10 12:30:00+00:00,197.9,194.2,SessionLow,,0.778215,0.41428571,60,time_stop,0.151592,41-60
BCH/USDT,2026-06-11 00:10:00+00:00,195.5,193.3,PDL,SessionHigh,0.775341,0.15714286,2,bearish_break_level,0.102302,1-2
BCH/USDT,2026-06-11 00:15:00+00:00,196.4,195.5,SessionHigh,SessionHigh,0.76331,0.22142857,1,bearish_break_level,-0.356415,1-2
BCH/USDT,2026-06-11 00:40:00+00:00,196.5,194.535,Round_10bp,SessionHigh,0.784807,0.72857143,3,bearish_break_level,0.458015,3-5
BCH/USDT,2026-06-11 00:45:00+00:00,197.6,196.5,SessionHigh,SessionHigh,0.766549,0.80714286,2,bearish_break_level,-0.101215,1-2
BCH/USDT,2026-06-11 03:55:00+00:00,198.9,196.911,Round_10bp,SessionHigh,0.814585,0.25714286,25,bearish_break_level,0.653595,21-40
BCH/USDT,2026-06-11 04:05:00+00:00,200.2,198.9,SessionHigh,SessionHigh,0.76991,0.35,23,bearish_break_level,0.0,21-40
BCH/USDT,2026-06-11 17:40:00+00:00,203.9,202.3,SessionHigh,PDH,0.795881,0.30714286,17,bearish_break_level,-0.245218,11-20
BCH/USDT,2026-06-11 19:45:00+00:00,205.6,203.544,Round_10bp,SessionHigh,0.797269,0.21428571,7,bearish_break_level,-0.77821,6-10
BCH/USDT,2026-06-11 22:25:00+00:00,206.2,204.2,PDH,SessionHigh,0.782552,0.15714286,2,bearish_break_level,0.872939,1-2
BCH/USDT,2026-06-11 22:30:00+00:00,209.3,206.2,SessionHigh,SessionHigh,0.77042,0.37857143,1,bearish_break_level,-0.621118,1-2
BCH/USDT,2026-06-12 00:50:00+00:00,205.8,205.3,SessionLow,PDC,0.78227,0.23571429,2,bearish_break_level,-0.485909,1-2
BCH/USDT,2026-06-12 04:50:00+00:00,205.8,204.8,SessionLow,PDC,0.750908,0.05714286,53,bearish_break_level,-0.485909,41-60
BCH/USDT,2026-06-12 12:00:00+00:00,205.7,204.8,SessionLow,PDC,0.941751,0.06428571,4,bearish_break_level,-0.145843,3-5
BCH/USDT,2026-06-12 14:35:00+00:00,205.4,204.3,SessionLow,,0.840796,0.07857143,60,time_stop,-0.681597,41-60
BCH/USDT,2026-06-12 15:15:00+00:00,208.3,207.2,SessionHigh,,0.791102,0.37857143,60,time_stop,-2.06433,41-60
BCH/USDT,2026-06-12 20:20:00+00:00,204.5,204.0,SessionLow,SessionLow,0.790648,0.03571429,39,bearish_break_level,-1.662592,21-40
BCH/USDT,2026-06-13 00:10:00+00:00,202.6,201.1,PDL,SessionHigh,0.765395,0.35714286,1,bearish_break_level,-0.148075,1-2
BCH/USDT,2026-06-13 07:15:00+00:00,205.1,201.1,PDL,,0.89883,0.27142857,60,time_stop,1.365188,41-60
BCH/USDT,2026-06-13 07:25:00+00:00,206.9,205.1,SessionHigh,,0.897502,0.40714286,60,time_stop,0.918318,41-60
BCH/USDT,2026-06-13 09:20:00+00:00,207.7,207.0,SessionHigh,,0.800688,0.05714286,60,time_stop,0.52961,41-60
BCH/USDT,2026-06-13 12:20:00+00:00,208.8,208.0,SessionHigh,PDH,0.771109,0.08571429,26,bearish_break_level,-0.239464,21-40
BCH/USDT,2026-06-13 19:40:00+00:00,207.7,206.6615,Round_5bp,PDH,0.786697,0.06428571,54,bearish_break_level,0.481464,41-60
BCH/USDT,2026-06-13 21:45:00+00:00,209.4,207.306,Round_10bp,PDH,0.769404,0.15,29,bearish_break_level,-0.334288,21-40
BCH/USDT,2026-06-14 00:25:00+00:00,208.8,208.5,SessionLow,,0.859742,0.11428571,60,time_stop,-1.676245,41-60
BCH/USDT,2026-06-14 08:45:00+00:00,204.0,203.6,SessionLow,,0.93331,0.03571429,60,time_stop,-0.784314,41-60
BCH/USDT,2026-06-14 09:30:00+00:00,203.0,202.6,SessionLow,,0.852976,0.16428571,60,time_stop,-0.295567,41-60
BCH/USDT,2026-06-14 15:00:00+00:00,201.5,199.8,SessionLow,Round_5bp,0.788296,0.30714286,39,bearish_break_level,-0.297767,21-40
BLUR/USDT,2026-06-08 02:50:00+00:00,0.018,0.016,PDH,,0.999568,0.00014286,60,time_stop,0.0,41-60
BNB/USDT,2026-06-02 01:00:00+00:00,691.03,690.3,SessionLow,WeeklyOpen,0.719664,0.98714286,5,bearish_break_level,-0.282187,3-5
BNB/USDT,2026-06-02 01:15:00+00:00,692.34,689.88,SessionLow,WeeklyOpen,0.719081,1.19928571,2,bearish_break_level,-0.470867,1-2
BNB/USDT,2026-06-02 01:40:00+00:00,686.94,685.5,SessionLow,SessionHigh,0.722946,1.34785714,28,bearish_break_level,0.930212,21-40
BNB/USDT,2026-06-02 02:20:00+00:00,687.03,683.59485,Round_5bp,SessionHigh,0.701936,1.80928571,20,bearish_break_level,0.916991,11-20
BNB/USDT,2026-06-02 07:15:00+00:00,685.51,681.41,SessionLow,Round_5bp,0.7081,0.88,18,bearish_break_level,-0.500357,11-20
BNB/USDT,2026-06-02 09:30:00+00:00,679.04,677.0,SessionLow,Round_5bp,0.710536,0.81785714,50,bearish_break_level,-0.8836,41-60
BNB/USDT,2026-06-02 09:55:00+00:00,677.46,676.76,SessionLow,Round_5bp,0.766448,0.72142857,45,bearish_break_level,-0.652437,41-60
BNB/USDT,2026-06-02 10:10:00+00:00,679.09,676.11,SessionLow,Round_5bp,0.724026,0.98428571,42,bearish_break_level,-0.890898,41-60
BNB/USDT,2026-06-02 13:15:00+00:00,676.22,675.17,SessionLow,Round_5bp,0.758244,0.85357143,5,bearish_break_level,-0.470261,3-5
BNB/USDT,2026-06-02 13:45:00+00:00,674.92,673.04,SessionLow,PDL,0.739397,0.72071429,7,bearish_break_level,-0.728975,6-10
BNB/USDT,2026-06-02 14:30:00+00:00,673.34,667.01,SessionLow,Round_5bp,0.679721,2.055,5,bearish_break_level,0.100989,3-5
BNB/USDT,2026-06-02 14:35:00+00:00,674.71,673.78,PDL,Round_5bp,0.685217,2.22571429,4,bearish_break_level,-0.102266,3-5
BNB/USDT,2026-06-02 16:05:00+00:00,665.34,662.0133,Round_5bp,Round_5bp,0.737172,2.84571429,6,bearish_break_level,0.150299,6-10
BNB/USDT,2026-06-02 19:35:00+00:00,657.44,653.51,SessionLow,SessionLow,0.694405,1.505,39,bearish_break_level,-2.041251,21-40
BNB/USDT,2026-06-03 01:45:00+00:00,648.55,647.74,SessionLow,SessionLow,0.810581,0.85714286,8,bearish_break_level,-0.433274,6-10
BNB/USDT,2026-06-03 03:30:00+00:00,639.88,638.06,SessionLow,SessionLow,0.707933,1.19142857,2,bearish_break_level,-1.325248,1-2
BNB/USDT,2026-06-03 04:00:00+00:00,638.06,631.4,SessionLow,,0.708234,2.09857143,60,time_stop,0.935649,41-60
BNB/USDT,2026-06-03 05:10:00+00:00,642.41,639.19795,Round_5bp,PDL,0.734288,1.63642857,50,bearish_break_level,-0.079389,41-60
BNB/USDT,2026-06-03 13:30:00+00:00,635.22,632.0439,Round_5bp,SessionLow,0.767681,1.00857143,3,bearish_break_level,-0.747772,3-5
BNB/USDT,2026-06-03 14:00:00+00:00,633.22,630.47,SessionLow,SessionLow,0.716822,1.61928571,28,bearish_break_level,-1.966141,21-40
BNB/USDT,2026-06-03 14:30:00+00:00,631.68,630.47,SessionLow,SessionLow,0.715777,1.44785714,22,bearish_break_level,-1.72714,21-40
BNB/USDT,2026-06-03 14:35:00+00:00,634.26,631.0887,Round_5bp,SessionLow,0.70394,1.52357143,21,bearish_break_level,-2.126888,21-40
BNB/USDT,2026-06-03 19:40:00+00:00,626.52,623.3874,Round_5bp,SessionLow,0.727681,0.60714286,13,bearish_break_level,-1.240184,11-20
BNB/USDT,2026-06-03 21:00:00+00:00,623.96,617.45,SessionLow,SessionHigh,0.704526,1.55357143,39,bearish_break_level,-0.136227,21-40
BNB/USDT,2026-06-04 00:10:00+00:00,623.94,622.24,PDC,SessionHigh,0.743574,0.61214286,1,bearish_break_level,-0.133026,1-2
BNB/USDT,2026-06-04 00:40:00+00:00,616.64,613.04,SessionLow,Round_5bp,0.689014,1.87071429,1,bearish_break_level,-0.481642,1-2
BNB/USDT,2026-06-04 02:45:00+00:00,609.26,606.2137,Round_5bp,PDL,0.728422,3.81785714,23,bearish_break_level,1.035683,21-40
BNB/USDT,2026-06-04 05:40:00+00:00,605.92,602.8904,Round_5bp,Round_5bp,0.754521,2.04714286,44,bearish_break_level,-1.817072,41-60
BNB/USDT,2026-06-05 00:15:00+00:00,604.13,603.09,SessionLow,SessionHigh,0.712632,0.95,5,bearish_break_level,0.278086,3-5
BNB/USDT,2026-06-05 00:20:00+00:00,606.18,604.49,PDC,SessionHigh,0.704952,1.12142857,4,bearish_break_level,-0.061038,3-5
BNB/USDT,2026-06-05 06:05:00+00:00,585.45,580.0,SessionLow,SessionLow,0.719388,2.28071429,3,bearish_break_level,-2.363994,3-5
BNB/USDT,2026-06-05 09:10:00+00:00,590.32,587.3684,Round_5bp,Round_5bp,0.735688,0.67428571,28,bearish_break_level,0.276121,21-40
BNB/USDT,2026-06-05 09:15:00+00:00,593.44,590.4728,Round_5bp,Round_5bp,0.706657,0.89714286,27,bearish_break_level,-0.251078,21-40
BNB/USDT,2026-06-05 12:10:00+00:00,589.97,588.62,PDL,Round_5bp,0.716283,1.13857143,20,bearish_break_level,-0.537315,11-20
BNB/USDT,2026-06-05 12:55:00+00:00,590.13,588.62,PDL,Round_5bp,0.699563,0.93428571,11,bearish_break_level,-0.564282,11-20
BNB/USDT,2026-06-05 14:00:00+00:00,584.2,581.279,Round_5bp,Round_5bp,0.691503,1.76285714,9,bearish_break_level,0.011982,6-10
BNB/USDT,2026-06-05 15:50:00+00:00,579.35,576.45325,Round_5bp,Round_5bp,0.735166,2.16928571,4,bearish_break_level,-1.108138,3-5
BNB/USDT,2026-06-05 16:20:00+00:00,582.23,579.31885,Round_5bp,Round_5bp,0.736857,2.80714286,2,bearish_break_level,-1.597307,1-2
BNB/USDT,2026-06-05 16:50:00+00:00,576.36,570.5964,Round_10bp,Round_5bp,0.720407,3.10571429,22,bearish_break_level,-1.688181,21-40
BNB/USDT,2026-06-05 19:05:00+00:00,560.0,558.64,SessionLow,,0.785837,2.45571429,60,time_stop,2.951786,41-60
BNB/USDT,2026-06-05 23:50:00+00:00,572.04,569.1798,Round_5bp,SessionHigh,0.715635,1.26285714,5,bearish_break_level,0.629327,3-5
BNB/USDT,2026-06-06 01:30:00+00:00,579.28,577.54,SessionHigh,SessionHigh,0.718442,0.845,1,bearish_break_level,-0.393592,1-2
BNB/USDT,2026-06-06 03:10:00+00:00,574.31,572.93,SessionLow,SessionLow,0.696691,0.77714286,3,bearish_break_level,-0.34302,3-5
BNB/USDT,2026-06-06 03:50:00+00:00,573.67,572.04,PDC,SessionLow,0.72903,0.64428571,4,bearish_break_level,-1.042411,3-5
BNB/USDT,2026-06-06 10:50:00+00:00,572.98,572.04,PDC,Round_5bp,0.756086,0.725,51,bearish_break_level,-0.008726,41-60
BNB/USDT,2026-06-06 15:45:00+00:00,575.87,572.99065,Round_5bp,,0.715505,0.54571429,60,time_stop,-0.064251,41-60
BNB/USDT,2026-06-06 22:45:00+00:00,573.25,572.04,PDC,SessionHigh,0.756221,0.39714286,19,bearish_break_level,0.157,11-20
BNB/USDT,2026-06-07 00:30:00+00:00,575.07,574.42,PDC,SessionHigh,0.702071,0.48071429,15,bearish_break_level,0.671223,11-20
BNB/USDT,2026-06-07 01:05:00+00:00,577.34,574.42,PDC,SessionHigh,0.714076,0.65142857,8,bearish_break_level,0.275401,6-10
BNB/USDT,2026-06-07 01:10:00+00:00,578.76,577.34,SessionHigh,SessionHigh,0.702237,0.73214286,7,bearish_break_level,0.029373,6-10
BNB/USDT,2026-06-07 01:15:00+00:00,579.94,578.76,SessionHigh,SessionHigh,0.691578,0.80571429,6,bearish_break_level,-0.174156,6-10
BNB/USDT,2026-06-07 05:00:00+00:00,582.42,581.83,SessionHigh,SessionHigh,0.72823,0.34428571,11,bearish_break_level,0.453281,11-20
BNB/USDT,2026-06-07 05:10:00+00:00,583.69,582.42,SessionHigh,SessionHigh,0.761633,0.395,9,bearish_break_level,0.234714,6-10
BNB/USDT,2026-06-07 05:15:00+00:00,585.1,583.3,PDH,SessionHigh,0.753441,0.51642857,8,bearish_break_level,-0.006836,6-10
BNB/USDT,2026-06-07 05:45:00+00:00,586.71,585.1,SessionHigh,SessionHigh,0.728255,0.46428571,2,bearish_break_level,-0.281229,1-2
BNB/USDT,2026-06-07 08:25:00+00:00,590.32,587.3684,Round_5bp,SessionHigh,0.754755,0.56142857,11,bearish_break_level,1.070606,11-20
BNB/USDT,2026-06-07 08:35:00+00:00,593.86,590.51,SessionHigh,SessionHigh,0.689795,0.76785714,9,bearish_break_level,0.468124,6-10
BNB/USDT,2026-06-07 08:40:00+00:00,594.86,593.86,SessionHigh,SessionHigh,0.700673,0.84714286,8,bearish_break_level,0.29923,6-10
BNB/USDT,2026-06-07 20:00:00+00:00,590.13,587.17935,Round_5bp,SessionHigh,0.711894,0.94571429,27,bearish_break_level,2.455391,21-40
BNB/USDT,2026-06-08 00:20:00+00:00,604.75,603.72,SessionLow,SessionHigh,0.735266,0.545,2,bearish_break_level,0.11079,1-2
BNB/USDT,2026-06-08 00:25:00+00:00,605.83,604.21,PDC,SessionHigh,0.719323,0.65428571,1,bearish_break_level,-0.067676,1-2
BNB/USDT,2026-06-08 01:20:00+00:00,601.43,600.47,SessionLow,PDC,0.713697,1.37071429,9,bearish_break_level,0.176247,6-10
BNB/USDT,2026-06-08 01:45:00+00:00,603.58,600.0,SessionLow,PDC,0.752121,1.12071429,4,bearish_break_level,-0.180589,3-5
BNB/USDT,2026-06-08 03:10:00+00:00,603.76,600.7412,Round_5bp,PDC,0.716214,0.68,5,bearish_break_level,-0.180535,3-5
BNB/USDT,2026-06-08 07:45:00+00:00,597.64,594.6518,Round_5bp,PDC,0.739292,0.47214286,51,bearish_break_level,0.374808,41-60
BNB/USDT,2026-06-08 15:25:00+00:00,605.9,604.21,PDC,PDC,0.730402,0.515,21,bearish_break_level,-0.379601,21-40
BNB/USDT,2026-06-08 18:25:00+00:00,609.69,608.71,SessionHigh,PDH,0.748674,0.46071429,2,bearish_break_level,-0.408404,1-2
BNB/USDT,2026-06-08 22:50:00+00:00,605.0,604.21,PDC,PDC,0.722873,0.48214286,7,bearish_break_level,-0.347107,6-10
BNB/USDT,2026-06-09 03:10:00+00:00,598.93,595.93535,Round_5bp,SessionHigh,0.708959,0.38928571,32,bearish_break_level,0.809777,21-40
BNB/USDT,2026-06-09 05:25:00+00:00,603.9,603.01,SessionHigh,SessionHigh,0.727911,0.49571429,5,bearish_break_level,-0.019871,3-5
BNB/USDT,2026-06-09 05:30:00+00:00,604.62,603.9,SessionHigh,SessionHigh,0.713696,0.54714286,4,bearish_break_level,-0.13893,3-5
BNB/USDT,2026-06-09 07:45:00+00:00,604.03,601.98,PDC,WeeklyOpen,0.713661,0.52428571,4,bearish_break_level,-0.22681,3-5
BNB/USDT,2026-06-09 17:00:00+00:00,590.98,588.0251,Round_5bp,PDL,0.708539,0.94928571,11,bearish_break_level,0.094758,11-20
BNB/USDT,2026-06-09 18:15:00+00:00,593.86,592.57,PDL,,0.713826,0.45214286,60,time_stop,-0.074092,41-60
BNB/USDT,2026-06-10 00:10:00+00:00,593.86,592.4,PDC,SessionHigh,0.710972,0.22928571,2,bearish_break_level,-0.052201,1-2
BNB/USDT,2026-06-10 03:05:00+00:00,587.57,586.81,SessionLow,SessionLow,0.758005,0.43928571,18,bearish_break_level,-0.430587,11-20
BNB/USDT,2026-06-10 05:25:00+00:00,585.7,583.84,SessionLow,PDL,0.695773,0.55071429,40,bearish_break_level,-0.283422,21-40
BNB/USDT,2026-06-10 06:40:00+00:00,586.17,585.01,PDL,PDL,0.735962,0.63714286,25,bearish_break_level,-0.363376,21-40
BNB/USDT,2026-06-10 06:55:00+00:00,586.11,585.01,PDL,PDL,0.7305,0.615,22,bearish_break_level,-0.353176,21-40
BNB/USDT,2026-06-10 10:10:00+00:00,583.66,582.0,SessionLow,PDL,0.710067,0.26428571,10,bearish_break_level,-0.171333,6-10
BNB/USDT,2026-06-10 11:10:00+00:00,582.28,581.49,SessionLow,PDL,0.702927,0.59,15,bearish_break_level,0.365803,11-20
BNB/USDT,2026-06-10 13:40:00+00:00,596.1,594.17,SessionHigh,SessionHigh,0.719114,0.73571429,1,bearish_break_level,-0.135883,1-2
BNB/USDT,2026-06-10 14:10:00+00:00,593.97,592.4,PDC,PDC,0.797179,0.88571429,2,bearish_break_level,-0.395643,1-2
BNB/USDT,2026-06-10 15:45:00+00:00,597.43,596.1,SessionHigh,SessionHigh,0.800474,1.09,3,bearish_break_level,-0.267814,3-5
BNB/USDT,2026-06-11 00:10:00+00:00,588.04,586.41,PDC,SessionHigh,0.757188,0.41642857,2,bearish_break_level,0.132644,1-2
BNB/USDT,2026-06-11 00:15:00+00:00,589.77,588.31,SessionHigh,SessionHigh,0.717588,0.54,1,bearish_break_level,-0.16108,1-2
BNB/USDT,2026-06-11 01:10:00+00:00,591.33,589.86,SessionHigh,SessionHigh,0.709879,0.69785714,10,bearish_break_level,0.284105,6-10
BNB/USDT,2026-06-11 03:55:00+00:00,596.89,593.86,SessionHigh,PDH,0.742042,0.65,1,bearish_break_level,-0.115599,1-2
BNB/USDT,2026-06-11 08:05:00+00:00,599.08,598.07,SessionHigh,SessionHigh,0.703381,0.38285714,7,bearish_break_level,0.307138,6-10
BNB/USDT,2026-06-11 08:15:00+00:00,601.67,601.01,SessionHigh,SessionHigh,0.71122,0.49785714,5,bearish_break_level,-0.124653,3-5
BNB/USDT,2026-06-11 08:20:00+00:00,602.37,601.67,SessionHigh,SessionHigh,0.717499,0.54785714,4,bearish_break_level,-0.240716,3-5
BNB/USDT,2026-06-11 17:05:00+00:00,598.59,597.43,PDH,PDH,0.753098,0.57285714,3,bearish_break_level,-0.384236,3-5
BNB/USDT,2026-06-11 17:45:00+00:00,605.32,603.36,SessionHigh,SessionHigh,0.741237,1.20928571,3,bearish_break_level,-0.112337,3-5
BNB/USDT,2026-06-11 18:25:00+00:00,605.02,604.21,WeeklyOpen,SessionHigh,0.744273,1.275,8,bearish_break_level,-0.295858,6-10
BNB/USDT,2026-06-11 19:40:00+00:00,605.31,604.21,WeeklyOpen,WeeklyOpen,0.70976,0.69285714,7,bearish_break_level,-0.341974,6-10
BNB/USDT,2026-06-11 23:40:00+00:00,605.94,604.21,WeeklyOpen,PDH,0.707346,0.32285714,4,bearish_break_level,-0.290458,3-5
BNB/USDT,2026-06-12 00:05:00+00:00,605.11,604.21,WeeklyOpen,PDC,0.713983,0.405,9,bearish_break_level,-0.011568,6-10
BNB/USDT,2026-06-12 00:30:00+00:00,605.23,604.21,WeeklyOpen,PDC,0.706,0.65642857,4,bearish_break_level,-0.031393,3-5
BNB/USDT,2026-06-12 02:00:00+00:00,602.14,601.32,SessionLow,PDH,0.759098,0.44071429,12,bearish_break_level,0.367024,11-20
BNB/USDT,2026-06-12 07:10:00+00:00,598.82,597.43,SessionLow,SessionHigh,0.754193,0.36285714,37,bearish_break_level,1.237434,21-40
BNB/USDT,2026-06-12 09:30:00+00:00,607.38,606.31,PDH,SessionHigh,0.809905,0.20714286,9,bearish_break_level,-0.189338,6-10
BNB/USDT,2026-06-12 11:20:00+00:00,607.17,606.31,PDH,SessionHigh,0.729609,0.55214286,3,bearish_break_level,-0.135053,3-5
BNB/USDT,2026-06-12 11:25:00+00:00,608.25,607.38,SessionHigh,SessionHigh,0.727105,0.56857143,2,bearish_break_level,-0.312372,1-2
BNB/USDT,2026-06-12 13:10:00+00:00,606.72,605.94,PDC,PDH,0.741032,0.49,6,bearish_break_level,-0.341179,6-10
BNB/USDT,2026-06-12 13:45:00+00:00,605.09,604.21,WeeklyOpen,SessionHigh,0.742384,0.47928571,19,bearish_break_level,0.917219,11-20
BNB/USDT,2026-06-12 14:25:00+00:00,608.03,606.31,PDH,SessionHigh,0.686147,0.78928571,11,bearish_break_level,0.429255,11-20
BNB/USDT,2026-06-12 14:35:00+00:00,609.46,608.59,SessionHigh,SessionHigh,0.686056,0.90857143,9,bearish_break_level,0.193614,6-10
BNB/USDT,2026-06-12 15:00:00+00:00,610.67,609.69,SessionHigh,SessionHigh,0.707237,0.83071429,4,bearish_break_level,-0.004913,3-5
BNB/USDT,2026-06-12 16:00:00+00:00,606.71,605.94,PDC,PDC,0.720271,1.01428571,46,bearish_break_level,-0.344481,41-60
BNB/USDT,2026-06-12 17:30:00+00:00,606.65,605.94,PDC,PDC,0.709448,0.58071429,28,bearish_break_level,-0.334625,21-40
BNB/USDT,2026-06-12 18:10:00+00:00,607.46,606.31,PDH,PDC,0.71573,0.58857143,20,bearish_break_level,-0.46752,11-20
BNB/USDT,2026-06-13 00:10:00+00:00,604.23,603.37,PDC,SessionHigh,0.776218,0.21928571,13,bearish_break_level,-0.057925,11-20
BNB/USDT,2026-06-13 01:05:00+00:00,605.27,604.21,WeeklyOpen,SessionHigh,0.715957,0.26142857,2,bearish_break_level,-0.22965,1-2
BNB/USDT,2026-06-13 01:20:00+00:00,604.14,603.37,PDC,SessionHigh,0.713282,0.31785714,10,bearish_break_level,0.182077,6-10
BNB/USDT,2026-06-13 01:55:00+00:00,606.21,605.29,SessionHigh,SessionHigh,0.703611,0.33714286,3,bearish_break_level,-0.160011,3-5
BNB/USDT,2026-06-13 05:55:00+00:00,600.34,599.6,SessionLow,PDC,0.767934,0.14214286,14,bearish_break_level,0.29983,11-20
BNB/USDT,2026-06-13 10:15:00+00:00,604.1,603.37,PDC,SessionHigh,0.776768,0.18214286,44,bearish_break_level,0.761463,41-60
BNB/USDT,2026-06-13 11:50:00+00:00,606.34,604.21,WeeklyOpen,SessionHigh,0.751891,0.12285714,25,bearish_break_level,0.389221,21-40
BNB/USDT,2026-06-13 12:50:00+00:00,608.33,606.65,SessionHigh,SessionHigh,0.761834,0.29285714,13,bearish_break_level,0.060822,11-20
BNB/USDT,2026-06-13 13:25:00+00:00,609.61,608.49,SessionHigh,SessionHigh,0.794974,0.24,6,bearish_break_level,-0.149276,6-10
BNB/USDT,2026-06-14 00:30:00+00:00,610.03,609.19,PDC,SessionHigh,0.727374,0.36642857,29,bearish_break_level,-0.063931,21-40
BNB/USDT,2026-06-14 01:10:00+00:00,610.5,609.19,PDC,SessionHigh,0.735369,0.23857143,21,bearish_break_level,-0.140868,21-40
BNB/USDT,2026-06-14 03:20:00+00:00,609.46,608.66,SessionLow,PDC,0.712224,0.14214286,16,bearish_break_level,-0.180488,11-20
BNB/USDT,2026-06-14 06:15:00+00:00,611.85,608.25,SessionLow,PDH,0.728711,0.25785714,3,bearish_break_level,-0.163439,3-5
BNB/USDT,2026-06-14 10:30:00+00:00,612.72,611.9,PDH,SessionHigh,0.732438,0.37357143,1,bearish_break_level,-0.079971,1-2
BNB/USDT,2026-06-14 15:00:00+00:00,607.33,606.02,SessionLow,PDC,0.72042,0.55642857,15,bearish_break_level,0.164655,11-20
BONK/USDT,2026-06-02 02:25:00+00:00,5.43e-06,5.39e-06,SessionLow,Round_5bp,0.763887,1e-08,42,bearish_break_level,0.0,41-60
BONK/USDT,2026-06-02 02:55:00+00:00,5.47e-06,5.43e-06,WeeklyOpen,Round_5bp,0.764984,1e-08,36,bearish_break_level,-0.731261,21-40
BONK/USDT,2026-06-02 07:15:00+00:00,5.43e-06,5.39e-06,SessionLow,WeeklyOpen,0.784998,1e-08,25,bearish_break_level,-0.736648,21-40
BONK/USDT,2026-06-02 10:50:00+00:00,5.46e-06,5.39e-06,SessionLow,Round_5bp,0.809318,1e-08,5,bearish_break_level,-0.549451,3-5
BONK/USDT,2026-06-02 15:40:00+00:00,5.08e-06,5.02e-06,SessionLow,Round_10bp,0.785871,3e-08,2,bearish_break_level,-0.393701,1-2
BONK/USDT,2026-06-02 16:10:00+00:00,5.17e-06,5.14e-06,Round_5bp,,0.771793,3e-08,60,time_stop,-1.160542,41-60
BONK/USDT,2026-06-02 19:45:00+00:00,5.07e-06,4.98e-06,SessionLow,Round_10bp,0.754956,2e-08,27,bearish_break_level,0.0,21-40
BONK/USDT,2026-06-02 19:50:00+00:00,5.1e-06,5.07e-06,Round_5bp,Round_10bp,0.749538,2e-08,26,bearish_break_level,-0.588235,21-40
BONK/USDT,2026-06-02 23:10:00+00:00,4.99e-06,4.95e-06,SessionLow,SessionHigh,0.759257,1e-08,53,bearish_break_level,-0.200401,41-60
BONK/USDT,2026-06-02 23:30:00+00:00,4.95e-06,4.93e-06,SessionLow,SessionHigh,0.744757,2e-08,49,bearish_break_level,0.606061,41-60
BONK/USDT,2026-06-03 00:00:00+00:00,5.02e-06,5e-06,PDC,SessionHigh,0.745129,1e-08,43,bearish_break_level,-0.796813,41-60
BONK/USDT,2026-06-03 00:15:00+00:00,5.03e-06,5.02e-06,SessionHigh,SessionHigh,0.757082,1e-08,40,bearish_break_level,-0.994036,21-40
BONK/USDT,2026-06-03 04:00:00+00:00,4.99e-06,4.93e-06,SessionLow,SessionHigh,0.779001,1e-08,18,bearish_break_level,2.40481,11-20
BONK/USDT,2026-06-03 04:45:00+00:00,5.02e-06,4.99e-06,Round_5bp,SessionHigh,0.809191,1e-08,9,bearish_break_level,1.792829,6-10
BONK/USDT,2026-06-03 05:10:00+00:00,5.16e-06,5.12e-06,SessionHigh,SessionHigh,0.824729,1e-08,4,bearish_break_level,-0.968992,3-5
BONK/USDT,2026-06-03 06:30:00+00:00,5.18e-06,5.15e-06,Round_5bp,SessionHigh,0.818578,1e-08,33,bearish_break_level,-0.579151,21-40
BONK/USDT,2026-06-03 10:10:00+00:00,5.21e-06,5.19e-06,SessionHigh,SessionHigh,0.764953,1e-08,20,bearish_break_level,0.0,11-20
BONK/USDT,2026-06-03 11:20:00+00:00,5.25e-06,5.22e-06,SessionHigh,SessionHigh,0.791341,0.0,6,bearish_break_level,-0.761905,6-10
BONK/USDT,2026-06-03 19:45:00+00:00,5.1e-06,5.07e-06,Round_5bp,Round_5bp,0.746158,1e-08,2,bearish_break_level,-1.372549,1-2
BONK/USDT,2026-06-03 22:00:00+00:00,5.17e-06,5.14e-06,Round_5bp,Round_5bp,0.736133,2e-08,12,bearish_break_level,-2.12766,11-20
BONK/USDT,2026-06-04 00:30:00+00:00,4.99e-06,4.98e-06,SessionLow,SessionLow,0.742846,1e-08,10,bearish_break_level,-2.805611,6-10
BONK/USDT,2026-06-04 00:40:00+00:00,4.99e-06,4.94e-06,SessionLow,SessionLow,0.736879,1e-08,8,bearish_break_level,-2.805611,6-10
BONK/USDT,2026-06-04 01:30:00+00:00,4.88e-06,4.85e-06,SessionLow,SessionLow,0.729284,3e-08,6,bearish_break_level,-5.942623,6-10
BONK/USDT,2026-06-04 14:00:00+00:00,4.88e-06,4.86e-06,Round_5bp,Round_5bp,0.740292,1e-08,42,bearish_break_level,-1.02459,41-60
BONK/USDT,2026-06-05 01:30:00+00:00,4.71e-06,4.67e-06,SessionLow,SessionLow,0.769892,1e-08,11,bearish_break_level,-1.273885,11-20
BONK/USDT,2026-06-05 03:15:00+00:00,4.62e-06,4.57e-06,SessionLow,PDL,0.739548,1e-08,30,bearish_break_level,-1.298701,21-40
BONK/USDT,2026-06-05 04:05:00+00:00,4.63e-06,4.59e-06,PDL,PDL,0.736158,1e-08,20,bearish_break_level,-1.511879,11-20
BONK/USDT,2026-06-05 06:05:00+00:00,4.53e-06,4.5e-06,SessionLow,SessionLow,0.761322,2e-08,2,bearish_break_level,-1.324503,1-2
BONK/USDT,2026-06-05 14:10:00+00:00,4.37e-06,4.32e-06,SessionLow,SessionLow,0.793581,2e-08,55,bearish_break_level,-3.432494,41-60
BONK/USDT,2026-06-05 16:55:00+00:00,4.39e-06,4.25e-06,SessionLow,SessionLow,0.83363,2e-08,22,bearish_break_level,-3.872437,21-40
BONK/USDT,2026-06-05 21:45:00+00:00,4.4e-06,4.36e-06,Round_10bp,SessionHigh,0.756491,1e-08,51,bearish_break_level,-2.727273,41-60
BONK/USDT,2026-06-06 00:25:00+00:00,4.34e-06,4.31e-06,SessionHigh,SessionHigh,0.781096,1e-08,19,bearish_break_level,-1.382488,11-20
BONK/USDT,2026-06-06 04:50:00+00:00,4.08e-06,4.03e-06,SessionLow,,0.784058,2e-08,60,time_stop,4.166667,41-60
BONK/USDT,2026-06-06 05:05:00+00:00,4.04e-06,4.01e-06,SessionLow,PDC,0.784841,3e-08,59,bearish_break_level,4.455446,41-60
BONK/USDT,2026-06-06 08:25:00+00:00,4.28e-06,4.25e-06,PDC,PDC,0.762839,0.0,19,bearish_break_level,-1.401869,11-20
BONK/USDT,2026-06-06 12:45:00+00:00,4.25e-06,4.23e-06,Round_5bp,,0.792452,1e-08,60,time_stop,-1.411765,41-60
BONK/USDT,2026-06-06 12:50:00+00:00,4.28e-06,4.25e-06,PDC,,0.784437,1e-08,60,time_stop,-2.102804,41-60
BONK/USDT,2026-06-07 01:00:00+00:00,4.25e-06,4.23e-06,PDC,PDH,0.883864,0.0,24,bearish_break_level,1.411765,21-40
BONK/USDT,2026-06-07 01:05:00+00:00,4.28e-06,4.25e-06,SessionHigh,PDH,0.868217,0.0,23,bearish_break_level,0.700935,21-40
BONK/USDT,2026-06-07 01:30:00+00:00,4.34e-06,4.31e-06,SessionHigh,PDH,0.869399,1e-08,18,bearish_break_level,-0.691244,11-20
BONK/USDT,2026-06-07 08:45:00+00:00,4.39e-06,4.36e-06,SessionHigh,SessionHigh,0.950532,1e-08,7,bearish_break_level,0.22779,6-10
BONK/USDT,2026-06-07 14:25:00+00:00,4.36e-06,4.34e-06,PDH,,0.78195,1e-08,60,time_stop,-1.834862,41-60
BONK/USDT,2026-06-08 02:00:00+00:00,4.39e-06,4.36e-06,SessionLow,SessionLow,0.821761,1e-08,43,bearish_break_level,-1.366743,41-60
BONK/USDT,2026-06-08 06:15:00+00:00,4.37e-06,4.33e-06,SessionLow,,0.791267,0.0,60,time_stop,1.144165,41-60
BONK/USDT,2026-06-08 11:20:00+00:00,4.45e-06,4.42e-06,PDC,SessionHigh,0.831819,0.0,23,bearish_break_level,0.449438,21-40
BONK/USDT,2026-06-08 12:55:00+00:00,4.48e-06,4.45e-06,SessionHigh,SessionHigh,0.833973,0.0,4,bearish_break_level,-0.223214,3-5
BONK/USDT,2026-06-09 01:30:00+00:00,4.36e-06,4.33e-06,PDL,,0.873516,0.0,60,time_stop,2.06422,41-60
BONK/USDT,2026-06-09 04:30:00+00:00,4.39e-06,4.31e-06,SessionLow,SessionHigh,0.778312,1e-08,60,bearish_break_level,0.0,41-60
BONK/USDT,2026-06-09 04:35:00+00:00,4.42e-06,4.39e-06,SessionHigh,SessionHigh,0.771703,1e-08,59,bearish_break_level,-0.678733,41-60
BONK/USDT,2026-06-09 05:30:00+00:00,4.45e-06,4.42e-06,WeeklyOpen,SessionHigh,0.797139,1e-08,48,bearish_break_level,-1.348315,41-60
BONK/USDT,2026-06-09 17:00:00+00:00,4.31e-06,4.25e-06,SessionLow,,0.817098,1e-08,60,time_stop,1.856148,41-60
BONK/USDT,2026-06-09 17:10:00+00:00,4.33e-06,4.31e-06,Round_5bp,,0.810812,1e-08,60,time_stop,1.385681,41-60
BONK/USDT,2026-06-10 12:30:00+00:00,4.31e-06,4.23e-06,SessionLow,,0.963731,1e-08,60,time_stop,-0.696056,41-60
BONK/USDT,2026-06-10 13:40:00+00:00,4.36e-06,4.34e-06,Round_5bp,,0.894228,0.0,60,time_stop,-1.834862,41-60
BONK/USDT,2026-06-11 00:05:00+00:00,4.23e-06,4.16e-06,PDL,SessionHigh,0.798277,1e-08,29,bearish_break_level,1.182033,21-40
BONK/USDT,2026-06-11 00:15:00+00:00,4.26e-06,4.23e-06,SessionHigh,SessionHigh,0.79016,1e-08,27,bearish_break_level,0.469484,21-40
BONK/USDT,2026-06-11 01:05:00+00:00,4.29e-06,4.26e-06,SessionHigh,SessionHigh,0.819606,1e-08,17,bearish_break_level,-0.2331,11-20
BONK/USDT,2026-06-11 04:50:00+00:00,4.36e-06,4.34e-06,SessionHigh,SessionHigh,0.794788,1e-08,14,bearish_break_level,-1.146789,11-20
BONK/USDT,2026-06-11 17:50:00+00:00,4.45e-06,4.44e-06,SessionHigh,,0.918895,1e-08,60,time_stop,0.0,41-60
BONK/USDT,2026-06-12 08:35:00+00:00,4.42e-06,4.36e-06,SessionLow,SessionHigh,0.946301,0.0,49,bearish_break_level,0.452489,41-60
BONK/USDT,2026-06-12 09:20:00+00:00,4.43e-06,4.42e-06,WeeklyOpen,SessionHigh,0.938528,1e-08,40,bearish_break_level,0.225734,21-40
BONK/USDT,2026-06-12 09:30:00+00:00,4.45e-06,4.43e-06,Round_5bp,SessionHigh,0.909006,1e-08,38,bearish_break_level,-0.224719,21-40
BONK/USDT,2026-06-12 09:35:00+00:00,4.47e-06,4.45e-06,PDH,SessionHigh,0.903763,1e-08,37,bearish_break_level,-0.671141,21-40
BONK/USDT,2026-06-12 14:35:00+00:00,4.52e-06,4.49e-06,SessionHigh,SessionHigh,0.858286,1e-08,2,bearish_break_level,-1.327434,1-2
BONK/USDT,2026-06-13 00:25:00+00:00,4.4e-06,4.39e-06,PDC,,0.906329,0.0,60,time_stop,0.0,41-60
BONK/USDT,2026-06-13 11:55:00+00:00,4.48e-06,4.4e-06,SessionHigh,,0.999568,1e-08,60,time_stop,0.0,41-60
BONK/USDT,2026-06-13 21:40:00+00:00,4.55e-06,4.48e-06,SessionHigh,SessionHigh,0.999568,0.0,13,bearish_break_level,-1.098901,11-20
BONK/USDT,2026-06-14 02:35:00+00:00,4.51e-06,4.5e-06,PDC,SessionHigh,0.929641,0.0,6,bearish_break_level,-0.665188,6-10
BRETT/USDT,2026-06-13 17:20:00+00:00,0.006025,0.006018,PDH,,0.999568,3.6e-07,60,time_stop,0.0,41-60
BTC/USDT,2026-06-02 00:45:00+00:00,71187.11,71111.4,SessionLow,PDC,0.697359,68.60857143,6,bearish_break_level,0.187169,6-10
BTC/USDT,2026-06-02 01:40:00+00:00,70957.05,70811.67,SessionLow,PDL,0.685802,109.88642857,4,bearish_break_level,-0.603562,3-5
BTC/USDT,2026-06-02 02:20:00+00:00,70539.42,70100.0,SessionLow,PDL,0.696884,188.29357143,4,bearish_break_level,0.098172,3-5
BTC/USDT,2026-06-02 05:10:00+00:00,70844.07,70698.91,PDL,PDL,0.714998,113.70285714,3,bearish_break_level,-0.340932,3-5
BTC/USDT,2026-06-02 07:05:00+00:00,69989.95,69762.39,SessionLow,SessionLow,0.717263,125.61785714,23,bearish_break_level,-0.495385,21-40
BTC/USDT,2026-06-02 09:15:00+00:00,69622.26,69510.52,SessionLow,SessionLow,0.728424,92.45,40,bearish_break_level,-0.7307,21-40
BTC/USDT,2026-06-02 10:05:00+00:00,69645.06,69375.0,SessionLow,SessionLow,0.722668,97.04642857,30,bearish_break_level,-0.763198,21-40
BTC/USDT,2026-06-02 11:35:00+00:00,69521.67,69375.0,SessionLow,SessionLow,0.734185,77.50214286,12,bearish_break_level,-0.587069,11-20
BTC/USDT,2026-06-02 12:20:00+00:00,69433.58,69245.61,SessionLow,SessionLow,0.712682,95.00785714,3,bearish_break_level,-0.460944,3-5
BTC/USDT,2026-06-02 12:40:00+00:00,69216.63,69113.53,SessionLow,SessionLow,0.755601,110.53714286,16,bearish_break_level,-0.852136,11-20
BTC/USDT,2026-06-02 14:10:00+00:00,68573.52,68472.9,SessionLow,SessionLow,0.706204,143.43928571,2,bearish_break_level,-0.759754,1-2
BTC/USDT,2026-06-02 15:40:00+00:00,67271.11,67100.07,SessionLow,SessionLow,0.712757,206.45642857,45,bearish_break_level,-0.437454,41-60
BTC/USDT,2026-06-02 15:55:00+00:00,67310.19,67100.07,SessionLow,SessionLow,0.723825,193.40142857,42,bearish_break_level,-0.495259,41-60
BTC/USDT,2026-06-02 16:10:00+00:00,67933.56,67593.8922,Round_5bp,SessionLow,0.724557,212.51714286,39,bearish_break_level,-1.408332,21-40
BTC/USDT,2026-06-02 18:55:00+00:00,67343.95,67100.07,SessionLow,SessionLow,0.733967,90.13357143,6,bearish_break_level,-0.545142,6-10
BTC/USDT,2026-06-03 00:15:00+00:00,67113.09,66777.52455,Round_5bp,SessionHigh,0.73227,175.07785714,1,bearish_break_level,-0.34503,1-2
BTC/USDT,2026-06-03 00:30:00+00:00,67010.81,66764.81,PDC,SessionHigh,0.76895,184.51785714,3,bearish_break_level,-0.016132,3-5
BTC/USDT,2026-06-03 01:50:00+00:00,66983.75,66491.24,SessionLow,PDC,0.706703,145.81142857,13,bearish_break_level,-0.58235,11-20
BTC/USDT,2026-06-03 02:35:00+00:00,66847.82,66764.81,PDC,PDC,0.765445,148.85785714,4,bearish_break_level,-0.380192,3-5
BTC/USDT,2026-06-03 03:50:00+00:00,65900.0,65666.0,SessionLow,SessionHigh,0.771125,188.68571429,18,bearish_break_level,1.746464,11-20
BTC/USDT,2026-06-03 05:35:00+00:00,66915.62,66764.81,PDC,SessionHigh,0.72347,168.07285714,5,bearish_break_level,0.508536,3-5
BTC/USDT,2026-06-03 14:45:00+00:00,66861.45,66764.81,PDC,PDC,0.718142,159.81357143,4,bearish_break_level,-0.40913,3-5
BTC/USDT,2026-06-03 23:25:00+00:00,64486.78,64376.46,SessionLow,Round_5bp,0.736558,220.17214286,2,bearish_break_level,-0.290401,1-2
BTC/USDT,2026-06-04 00:00:00+00:00,64310.54,64106.48,PDL,SessionLow,0.73907,212.34857143,5,bearish_break_level,-1.4316,3-5
BTC/USDT,2026-06-04 00:30:00+00:00,63703.21,63389.87,SessionLow,Round_5bp,0.710511,226.96142857,3,bearish_break_level,-0.653484,3-5
BTC/USDT,2026-06-04 00:40:00+00:00,63622.57,63094.15,SessionLow,Round_5bp,0.681483,297.90571429,1,bearish_break_level,-0.527564,1-2
BTC/USDT,2026-06-04 02:05:00+00:00,62036.1,61392.86,SessionLow,Round_5bp,0.717124,368.56571429,9,bearish_break_level,2.037362,6-10
BTC/USDT,2026-06-04 05:40:00+00:00,64269.01,64151.82,PDC,PDL,0.782896,145.36714286,2,bearish_break_level,-0.369167,1-2
BTC/USDT,2026-06-04 06:35:00+00:00,64356.61,64151.82,PDC,PDL,0.744113,165.36642857,4,bearish_break_level,-0.503336,3-5
BTC/USDT,2026-06-04 11:15:00+00:00,62545.44,62232.7128,Round_5bp,Round_5bp,0.726352,184.74357143,24,bearish_break_level,1.287736,21-40
BTC/USDT,2026-06-04 13:55:00+00:00,64205.19,63884.16405,Round_5bp,PDL,0.737367,274.00071429,7,bearish_break_level,-0.321781,6-10
BTC/USDT,2026-06-04 14:05:00+00:00,64297.71,64106.48,PDL,PDL,0.718954,298.85214286,5,bearish_break_level,-0.465211,3-5
BTC/USDT,2026-06-04 20:30:00+00:00,63567.29,63249.45355,Round_5bp,PDC,0.708798,168.515,42,bearish_break_level,0.272153,41-60
BTC/USDT,2026-06-05 00:05:00+00:00,63805.79,63740.29,SessionLow,SessionHigh,0.718479,113.52285714,1,bearish_break_level,-0.216642,1-2
BTC/USDT,2026-06-05 01:05:00+00:00,63180.0,63079.34,SessionLow,SessionLow,0.701823,168.56928571,15,bearish_break_level,-0.45182,11-20
BTC/USDT,2026-06-05 03:15:00+00:00,62782.77,62346.2,SessionLow,SessionLow,0.691521,192.33428571,33,bearish_break_level,-0.979759,21-40
BTC/USDT,2026-06-05 04:55:00+00:00,63619.4,63301.303,Round_5bp,SessionLow,0.710124,222.60571429,13,bearish_break_level,-2.28193,11-20
BTC/USDT,2026-06-05 06:05:00+00:00,62455.61,62143.33195,Round_5bp,Round_5bp,0.750194,247.43214286,1,bearish_break_level,-0.532538,1-2
BTC/USDT,2026-06-05 06:25:00+00:00,61725.96,61392.86,PDL,Round_5bp,0.706535,331.055,7,bearish_break_level,-0.115851,6-10
BTC/USDT,2026-06-05 07:35:00+00:00,62822.34,62508.2283,Round_5bp,,0.709335,265.87857143,60,time_stop,-1.251529,41-60
BTC/USDT,2026-06-05 14:05:00+00:00,61118.49,60587.51,SessionLow,SessionLow,0.703083,309.44,4,bearish_break_level,-1.17786,3-5
BTC/USDT,2026-06-05 14:30:00+00:00,60730.87,60358.58,SessionLow,Round_5bp,0.702894,374.025,12,bearish_break_level,-0.184239,11-20
BTC/USDT,2026-06-05 15:40:00+00:00,60337.58,60169.02,SessionLow,PDL,0.746874,338.29285714,18,bearish_break_level,1.212859,11-20
BTC/USDT,2026-06-05 16:10:00+00:00,61080.27,60025.3,SessionLow,PDL,0.715558,383.63,12,bearish_break_level,-0.017813,11-20
BTC/USDT,2026-06-05 23:35:00+00:00,60823.86,60519.7407,Round_5bp,SessionHigh,0.709568,242.24857143,7,bearish_break_level,0.911698,6-10
BTC/USDT,2026-06-06 01:25:00+00:00,61310.19,60975.21,SessionLow,PDC,0.710041,136.81357143,7,bearish_break_level,-0.497813,6-10
BTC/USDT,2026-06-06 02:20:00+00:00,60920.59,60711.76,SessionLow,PDC,0.716452,153.02428571,7,bearish_break_level,0.13035,6-10
BTC/USDT,2026-06-06 03:25:00+00:00,60789.52,60711.76,SessionLow,SessionLow,0.77452,120.94785714,9,bearish_break_level,-1.013102,6-10
BTC/USDT,2026-06-07 00:15:00+00:00,60863.26,60799.62,SessionLow,PDC,0.717566,58.70928571,2,bearish_break_level,-0.082776,1-2
BTC/USDT,2026-06-07 01:00:00+00:00,61099.77,60765.04,SessionLow,SessionHigh,0.705447,92.96357143,6,bearish_break_level,0.754553,6-10
BTC/USDT,2026-06-07 01:15:00+00:00,61510.64,61380.25,SessionHigh,SessionHigh,0.705309,131.54571429,3,bearish_break_level,0.081547,3-5
BTC/USDT,2026-06-07 01:25:00+00:00,61636.92,61510.96,PDH,SessionHigh,0.718274,146.695,1,bearish_break_level,-0.123497,1-2
BTC/USDT,2026-06-07 02:45:00+00:00,61513.93,61206.36035,Round_5bp,PDH,0.748168,99.49142857,3,bearish_break_level,-0.119127,3-5
BTC/USDT,2026-06-07 04:15:00+00:00,61632.88,61510.96,PDH,SessionHigh,0.806377,72.29357143,13,bearish_break_level,0.55803,11-20
BTC/USDT,2026-06-07 05:10:00+00:00,61968.33,61883.45,SessionHigh,SessionHigh,0.718276,73.90285714,2,bearish_break_level,0.013684,1-2
BTC/USDT,2026-06-07 05:15:00+00:00,62097.92,61968.33,SessionHigh,SessionHigh,0.715321,98.74428571,1,bearish_break_level,-0.195031,1-2
BTC/USDT,2026-06-07 20:10:00+00:00,61576.88,61510.96,PDH,SessionHigh,0.777252,165.89071429,25,bearish_break_level,2.639627,21-40
BTC/USDT,2026-06-07 20:20:00+00:00,61777.32,61510.96,PDH,SessionHigh,0.756446,166.22857143,23,bearish_break_level,2.306607,21-40
BTC/USDT,2026-06-08 01:15:00+00:00,63153.31,63085.8,SessionLow,PDC,0.712185,184.51285714,26,bearish_break_level,0.096638,21-40
BTC/USDT,2026-06-08 04:45:00+00:00,62858.59,62678.09,SessionLow,PDC,0.735582,83.24857143,39,bearish_break_level,0.452921,21-40
BTC/USDT,2026-06-08 05:15:00+00:00,62658.59,62558.59,SessionLow,PDC,0.744818,105.11285714,33,bearish_break_level,0.773557,21-40
BTC/USDT,2026-06-08 05:45:00+00:00,62556.69,62434.41,SessionLow,PDC,0.726545,117.66,27,bearish_break_level,0.937709,21-40
BTC/USDT,2026-06-08 09:45:00+00:00,63482.83,63303.49,PDC,PDC,0.731889,114.02071429,10,bearish_break_level,-0.411781,6-10
BTC/USDT,2026-06-08 11:10:00+00:00,63414.07,63303.49,PDC,SessionHigh,0.711146,104.01928571,22,bearish_break_level,0.504431,21-40
BTC/USDT,2026-06-08 20:40:00+00:00,63391.93,63303.49,PDC,PDC,0.728478,85.40928571,40,bearish_break_level,-0.557516,21-40
BTC/USDT,2026-06-09 00:05:00+00:00,63099.08,63034.18,SessionLow,PDC,0.741124,121.61571429,1,bearish_break_level,-0.172094,1-2
BTC/USDT,2026-06-09 00:40:00+00:00,62679.01,62552.76,SessionLow,SessionHigh,0.709195,138.58714286,50,bearish_break_level,0.975111,41-60
BTC/USDT,2026-06-09 00:50:00+00:00,62570.61,62434.41,PDL,SessionHigh,0.701806,157.99214286,48,bearish_break_level,1.150045,41-60
BTC/USDT,2026-06-09 04:30:00+00:00,63173.13,62857.26435,Round_5bp,SessionHigh,0.701458,102.75428571,4,bearish_break_level,0.185316,3-5
BTC/USDT,2026-06-09 04:35:00+00:00,63270.48,63178.0,SessionHigh,SessionHigh,0.692224,114.15357143,3,bearish_break_level,0.031168,3-5
BTC/USDT,2026-06-09 04:45:00+00:00,63398.14,63303.49,WeeklyOpen,SessionHigh,0.758345,119.01714286,1,bearish_break_level,-0.170257,1-2
BTC/USDT,2026-06-09 05:10:00+00:00,63264.63,63107.85,PDC,SessionHigh,0.715705,135.75214286,5,bearish_break_level,0.249492,3-5
BTC/USDT,2026-06-09 05:30:00+00:00,63500.0,63303.49,WeeklyOpen,SessionHigh,0.722615,135.00142857,1,bearish_break_level,-0.122094,1-2
BTC/USDT,2026-06-09 07:05:00+00:00,63429.87,63303.49,WeeklyOpen,WeeklyOpen,0.717856,58.28285714,4,bearish_break_level,-0.817738,3-5
BTC/USDT,2026-06-09 07:30:00+00:00,63174.81,62858.93595,Round_5bp,PDC,0.701577,106.68785714,7,bearish_break_level,-0.40437,6-10
BTC/USDT,2026-06-09 07:40:00+00:00,63193.19,63107.85,PDC,PDC,0.70184,107.965,5,bearish_break_level,-0.433338,3-5
BTC/USDT,2026-06-09 16:20:00+00:00,61073.64,60900.0,SessionLow,,0.724778,139.435,60,time_stop,1.396085,41-60
BTC/USDT,2026-06-09 16:40:00+00:00,61227.17,60811.24,SessionLow,,0.692801,187.52714286,60,time_stop,1.001451,41-60
BTC/USDT,2026-06-10 00:00:00+00:00,61821.03,61712.86,PDC,SessionHigh,0.735672,79.82928571,13,bearish_break_level,-0.097491,11-20
BTC/USDT,2026-06-10 00:45:00+00:00,61652.04,61469.54,SessionLow,SessionHigh,0.721253,83.68785714,4,bearish_break_level,0.176345,3-5
BTC/USDT,2026-06-10 00:55:00+00:00,61869.99,61712.86,PDC,SessionHigh,0.696998,95.14571429,2,bearish_break_level,-0.176548,1-2
BTC/USDT,2026-06-10 01:10:00+00:00,61808.29,61712.86,PDC,PDC,0.733069,103.00714286,6,bearish_break_level,-0.260936,6-10
BTC/USDT,2026-06-10 02:20:00+00:00,61429.44,61348.54,SessionLow,,0.705851,116.51428571,60,time_stop,0.390513,41-60
BTC/USDT,2026-06-10 05:20:00+00:00,61156.89,61076.72,SessionLow,PDC,0.717569,86.89071429,32,bearish_break_level,0.789723,21-40
BTC/USDT,2026-06-10 09:25:00+00:00,61227.17,60921.03415,Round_5bp,PDC,0.699141,117.475,42,bearish_break_level,0.578893,41-60
BTC/USDT,2026-06-10 13:35:00+00:00,62174.16,61712.86,PDC,SessionHigh,0.711066,179.32214286,3,bearish_break_level,0.083121,3-5
BTC/USDT,2026-06-10 13:40:00+00:00,62363.01,62174.16,SessionHigh,SessionHigh,0.707716,141.19214286,2,bearish_break_level,-0.219954,1-2
BTC/USDT,2026-06-10 14:20:00+00:00,62140.01,61829.30995,Round_5bp,SessionHigh,0.697998,203.04571429,17,bearish_break_level,0.247522,11-20
BTC/USDT,2026-06-10 17:45:00+00:00,62029.8,61712.86,PDC,PDC,0.714431,163.77357143,44,bearish_break_level,-0.718671,41-60
BTC/USDT,2026-06-10 19:30:00+00:00,61956.88,61712.86,PDC,PDC,0.713059,117.21785714,23,bearish_break_level,-0.601822,21-40
BTC/USDT,2026-06-10 20:55:00+00:00,61801.54,61712.86,PDC,PDC,0.744178,93.92428571,6,bearish_break_level,-0.351982,6-10
BTC/USDT,2026-06-11 00:15:00+00:00,61901.82,61666.1,SessionHigh,SessionHigh,0.770242,102.935,14,bearish_break_level,0.301316,11-20
BTC/USDT,2026-06-11 06:30:00+00:00,62927.59,62850.0,PDH,SessionHigh,0.714548,83.38,3,bearish_break_level,-0.156466,3-5
BTC/USDT,2026-06-11 08:30:00+00:00,62954.0,62850.0,PDH,SessionHigh,0.735036,44.03928571,2,bearish_break_level,-0.174508,1-2
BTC/USDT,2026-06-11 09:30:00+00:00,62913.72,62850.0,PDH,SessionHigh,0.735114,55.87571429,7,bearish_break_level,0.004832,6-10
BTC/USDT,2026-06-11 10:35:00+00:00,62923.43,62850.0,PDH,SessionHigh,0.788708,31.33071429,6,bearish_break_level,0.293833,6-10
BTC/USDT,2026-06-11 10:55:00+00:00,63161.77,63093.13,SessionHigh,SessionHigh,0.705869,43.44571429,2,bearish_break_level,-0.084624,1-2
BTC/USDT,2026-06-11 13:05:00+00:00,62914.06,62850.0,PDH,PDH,0.756229,119.135,5,bearish_break_level,-0.204422,3-5
BTC/USDT,2026-06-11 13:45:00+00:00,63073.36,62850.0,PDH,WeeklyOpen,0.703049,108.89785714,2,bearish_break_level,-0.023623,1-2
BTC/USDT,2026-06-11 14:50:00+00:00,62980.2,62850.0,PDH,PDH,0.731062,129.25285714,7,bearish_break_level,-0.38031,6-10
BTC/USDT,2026-06-11 17:30:00+00:00,63245.68,62929.4516,Round_5bp,SessionHigh,0.701575,164.36857143,4,bearish_break_level,0.358349,3-5
BTC/USDT,2026-06-12 00:05:00+00:00,63775.66,63603.92,PDC,SessionHigh,0.694037,79.88285714,1,bearish_break_level,-0.122805,1-2
BTC/USDT,2026-06-12 00:30:00+00:00,63652.58,63558.09,SessionLow,PDC,0.710571,84.59571429,6,bearish_break_level,-0.23025,6-10
BTC/USDT,2026-06-12 00:35:00+00:00,63701.7,63603.92,PDC,PDC,0.696163,86.04928571,5,bearish_break_level,-0.307182,3-5
BTC/USDT,2026-06-12 01:05:00+00:00,63540.38,63470.94,SessionLow,PDC,0.69826,80.96428571,17,bearish_break_level,-0.017752,11-20
BTC/USDT,2026-06-12 01:30:00+00:00,63371.23,63303.49,WeeklyOpen,PDC,0.728541,70.16214286,12,bearish_break_level,0.249119,11-20
BTC/USDT,2026-06-12 02:10:00+00:00,63708.44,63603.92,PDC,PDC,0.731449,69.20642857,4,bearish_break_level,-0.281501,3-5
BTC/USDT,2026-06-12 05:55:00+00:00,63375.57,63303.49,WeeklyOpen,WeeklyOpen,0.727276,74.87857143,4,bearish_break_level,-0.277331,3-5
BTC/USDT,2026-06-12 06:45:00+00:00,62998.71,62870.0,SessionLow,SessionHigh,0.722176,82.91285714,34,bearish_break_level,1.345853,21-40
BTC/USDT,2026-06-12 09:25:00+00:00,63757.33,63603.92,PDC,SessionHigh,0.713413,57.53071429,2,bearish_break_level,0.139984,1-2
BTC/USDT,2026-06-12 14:25:00+00:00,63610.75,63303.49,WeeklyOpen,SessionHigh,0.702486,146.49714286,7,bearish_break_level,0.463774,6-10
BTC/USDT,2026-06-12 14:35:00+00:00,63781.09,63603.92,PDC,SessionHigh,0.698235,160.25142857,5,bearish_break_level,0.195465,3-5
BTC/USDT,2026-06-12 16:00:00+00:00,63674.05,63603.92,PDC,PDH,0.719429,187.40928571,3,bearish_break_level,0.243506,3-5
BTC/USDT,2026-06-12 16:35:00+00:00,63976.11,63908.87,PDH,PDH,0.788818,159.73785714,9,bearish_break_level,-0.237948,6-10
BTC/USDT,2026-06-13 01:25:00+00:00,63654.32,63586.66,PDC,SessionHigh,0.739797,39.07,10,bearish_break_level,0.207763,6-10
BTC/USDT,2026-06-13 02:55:00+00:00,63652.55,63478.3,SessionLow,PDC,0.699254,46.24285714,6,bearish_break_level,-0.225851,6-10
BTC/USDT,2026-06-13 03:05:00+00:00,63686.03,63586.66,PDC,PDC,0.696707,51.39928571,4,bearish_break_level,-0.278303,3-5
BTC/USDT,2026-06-13 03:50:00+00:00,63548.11,63451.3,SessionLow,PDC,0.754547,63.82928571,3,bearish_break_level,-0.071521,3-5
BTC/USDT,2026-06-13 06:25:00+00:00,63686.04,63586.66,PDC,SessionHigh,0.722085,19.47214286,18,bearish_break_level,0.195365,11-20
BTC/USDT,2026-06-13 21:40:00+00:00,64599.31,64276.31345,Round_5bp,SessionHigh,0.700092,54.94142857,46,bearish_break_level,0.02017,41-60
BTC/USDT,2026-06-13 22:20:00+00:00,64472.4,64386.53,PDH,SessionHigh,0.775251,76.755,38,bearish_break_level,0.217054,21-40
BTC/USDT,2026-06-14 00:30:00+00:00,64540.93,64440.92,PDC,SessionHigh,0.724254,48.48071429,12,bearish_break_level,0.110643,11-20
BTC/USDT,2026-06-14 05:40:00+00:00,64388.72,64318.16,SessionLow,PDC,0.741922,30.87642857,1,bearish_break_level,-0.032537,1-2
BTC/USDT,2026-06-14 07:20:00+00:00,64345.72,64245.85,SessionLow,PDC,0.72591,40.37071429,23,bearish_break_level,-0.010335,21-40
BTC/USDT,2026-06-14 09:40:00+00:00,64567.89,64440.92,PDC,SessionHigh,0.692394,41.50571429,13,bearish_break_level,0.062988,11-20
BTC/USDT,2026-06-14 11:05:00+00:00,64512.68,64440.92,PDC,PDC,0.729521,29.83285714,18,bearish_break_level,-0.274613,11-20
BTC/USDT,2026-06-14 13:40:00+00:00,64371.46,64245.85,SessionLow,SessionLow,0.704543,40.18857143,9,bearish_break_level,-0.307357,6-10
BTC/USDT,2026-06-14 17:40:00+00:00,63857.22,63782.49,SessionLow,SessionLow,0.701362,60.53571429,3,bearish_break_level,-0.237295,3-5
BTC/USDT,2026-06-14 18:30:00+00:00,63778.91,63688.72,SessionLow,SessionHigh,0.732187,52.29928571,58,bearish_break_level,2.745704,41-60
CAKE/USDT,2026-06-02 16:15:00+00:00,1.374,1.356,SessionLow,SessionLow,0.818244,0.00292857,38,bearish_break_level,-1.892285,21-40
CAKE/USDT,2026-06-03 00:10:00+00:00,1.328,1.311,PDL,SessionHigh,0.899243,0.00121429,39,bearish_break_level,-0.677711,21-40
CAKE/USDT,2026-06-03 01:00:00+00:00,1.336,1.328,SessionHigh,SessionHigh,0.873423,0.00178571,29,bearish_break_level,-1.272455,21-40
CAKE/USDT,2026-06-03 05:00:00+00:00,1.328,1.311,PDL,SessionHigh,0.814852,0.00121429,20,bearish_break_level,1.129518,11-20
CAKE/USDT,2026-06-03 05:40:00+00:00,1.351,1.336,SessionHigh,SessionHigh,0.860732,0.00285714,12,bearish_break_level,-0.592154,11-20
CAKE/USDT,2026-06-03 17:30:00+00:00,1.307,1.29,SessionLow,SessionLow,0.841027,0.00121429,39,bearish_break_level,-1.836266,21-40
CAKE/USDT,2026-06-03 21:35:00+00:00,1.292,1.275,SessionLow,PDC,0.832094,0.0035,34,bearish_break_level,-0.696594,21-40
CAKE/USDT,2026-06-04 02:40:00+00:00,1.223,1.2,SessionLow,Round_5bp,0.775991,0.0055,30,bearish_break_level,1.390025,21-40
CAKE/USDT,2026-06-04 12:30:00+00:00,1.243,1.236785,Round_5bp,,0.843183,0.00214286,60,time_stop,1.60901,41-60
CAKE/USDT,2026-06-04 13:05:00+00:00,1.25,1.24375,Round_5bp,,0.870637,0.00264286,60,time_stop,1.04,41-60
CAKE/USDT,2026-06-05 04:25:00+00:00,1.236,1.22,SessionLow,SessionHigh,0.867235,0.00114286,14,bearish_break_level,-0.728155,11-20
CAKE/USDT,2026-06-05 04:55:00+00:00,1.243,1.236,SessionHigh,SessionHigh,0.88455,0.00164286,8,bearish_break_level,-1.287208,6-10
CAKE/USDT,2026-06-05 17:30:00+00:00,1.176,1.164,SessionLow,SessionLow,0.98798,0.00435714,16,bearish_break_level,-2.295918,11-20
CAKE/USDT,2026-06-05 19:45:00+00:00,1.157,1.131,SessionLow,,0.854785,0.00371429,60,time_stop,0.864304,41-60
CAKE/USDT,2026-06-06 00:15:00+00:00,1.167,1.149,PDC,SessionHigh,0.779263,0.00314286,39,bearish_break_level,-0.856898,21-40
CAKE/USDT,2026-06-06 05:20:00+00:00,1.157,1.131,PDL,,0.837135,0.00314286,60,time_stop,3.197926,41-60
CAKE/USDT,2026-06-06 08:25:00+00:00,1.184,1.175,SessionHigh,SessionHigh,0.788646,0.00064286,25,bearish_break_level,-0.675676,21-40
CAKE/USDT,2026-06-06 09:00:00+00:00,1.194,1.184,SessionHigh,SessionHigh,0.78461,0.00135714,18,bearish_break_level,-1.507538,11-20
CAKE/USDT,2026-06-06 14:00:00+00:00,1.218,1.194,SessionHigh,SessionHigh,0.940986,0.003,14,bearish_break_level,-1.231527,11-20
CAKE/USDT,2026-06-07 00:00:00+00:00,1.219,1.2,PDC,,0.999568,0.00135714,60,time_stop,1.394586,41-60
CAKE/USDT,2026-06-07 01:05:00+00:00,1.226,1.218,PDH,,0.987097,0.00185714,60,time_stop,1.549755,41-60
CAKE/USDT,2026-06-07 01:25:00+00:00,1.232,1.229,SessionHigh,,0.934575,0.00092857,60,time_stop,1.055195,41-60
CAKE/USDT,2026-06-07 03:25:00+00:00,1.236,1.232,SessionHigh,,0.84654,0.00028571,60,time_stop,0.728155,41-60
CAKE/USDT,2026-06-07 05:10:00+00:00,1.239,1.236,SessionHigh,,0.861914,0.00021429,60,time_stop,1.937046,41-60
CAKE/USDT,2026-06-07 05:15:00+00:00,1.243,1.239,SessionHigh,,0.825244,0.0005,60,time_stop,1.60901,41-60
CAKE/USDT,2026-06-07 08:35:00+00:00,1.252,1.245,SessionHigh,SessionHigh,0.876231,0.0005,42,bearish_break_level,-0.399361,41-60
CAKE/USDT,2026-06-07 08:45:00+00:00,1.256,1.252,SessionHigh,SessionHigh,0.837037,0.00078571,40,bearish_break_level,-0.716561,21-40
CAKE/USDT,2026-06-07 08:55:00+00:00,1.259,1.256,SessionHigh,SessionHigh,0.83009,0.001,38,bearish_break_level,-0.953137,21-40
CAKE/USDT,2026-06-07 09:15:00+00:00,1.263,1.26,SessionHigh,SessionHigh,0.823554,0.00128571,34,bearish_break_level,-1.266825,21-40
CAKE/USDT,2026-06-07 22:15:00+00:00,1.28,1.272,SessionHigh,PDH,0.753263,0.00264286,21,bearish_break_level,-2.03125,21-40
CAKE/USDT,2026-06-08 07:10:00+00:00,1.263,1.247,SessionLow,,0.790238,0.00114286,60,time_stop,4.038005,41-60
CAKE/USDT,2026-06-08 08:00:00+00:00,1.29,1.28,PDH,,0.778836,0.00307143,60,time_stop,2.403101,41-60
CAKE/USDT,2026-06-08 08:05:00+00:00,1.292,1.29,SessionHigh,,0.783047,0.00321429,60,time_stop,2.244582,41-60
CAKE/USDT,2026-06-08 12:55:00+00:00,1.32,1.314,SessionHigh,SessionHigh,0.832088,0.00042857,56,bearish_break_level,-0.681818,41-60
CAKE/USDT,2026-06-08 16:20:00+00:00,1.328,1.321,SessionHigh,SessionHigh,0.928619,0.0005,15,bearish_break_level,-1.28012,11-20
CAKE/USDT,2026-06-09 03:35:00+00:00,1.314,1.297,SessionLow,,0.893467,0.00121429,60,time_stop,2.207002,41-60
CAKE/USDT,2026-06-09 04:30:00+00:00,1.321,1.314,SessionHigh,,0.896659,0.00171429,60,time_stop,1.665405,41-60
CAKE/USDT,2026-06-09 04:40:00+00:00,1.328,1.321,SessionHigh,,0.86684,0.00221429,60,time_stop,1.129518,41-60
CAKE/USDT,2026-06-09 04:45:00+00:00,1.33,1.328,PDH,,0.877014,0.00114286,60,time_stop,0.977444,41-60
CAKE/USDT,2026-06-09 04:55:00+00:00,1.336,1.33,SessionHigh,,0.858791,0.00157143,60,time_stop,0.523952,41-60
CAKE/USDT,2026-06-09 05:05:00+00:00,1.341,1.336,SessionHigh,SessionHigh,0.825252,0.00192857,60,bearish_break_level,-1.118568,41-60
CAKE/USDT,2026-06-09 05:15:00+00:00,1.343,1.341,SessionHigh,SessionHigh,0.823949,0.00207143,58,bearish_break_level,-1.265823,41-60
CAKE/USDT,2026-06-09 17:00:00+00:00,1.292,1.275,SessionLow,,0.796042,0.00228571,60,time_stop,2.167183,41-60
CAKE/USDT,2026-06-09 17:20:00+00:00,1.307,1.300465,Round_5bp,,0.896135,0.00285714,60,time_stop,0.994644,41-60
CAKE/USDT,2026-06-09 20:00:00+00:00,1.314,1.311,PDC,,0.796853,0.00028571,60,time_stop,0.456621,41-60
CAKE/USDT,2026-06-10 07:20:00+00:00,1.314,1.297,SessionLow,SessionLow,0.895135,0.00121429,44,bearish_break_level,-1.826484,41-60
CAKE/USDT,2026-06-10 12:30:00+00:00,1.3,1.28,WeeklyOpen,PDC,0.843165,0.00214286,30,bearish_break_level,0.692308,21-40
CAKE/USDT,2026-06-10 13:30:00+00:00,1.307,1.300465,Round_5bp,PDC,0.83623,0.00192857,18,bearish_break_level,0.153022,11-20
CAKE/USDT,2026-06-10 13:35:00+00:00,1.314,1.30743,Round_5bp,PDC,0.823046,0.00242857,17,bearish_break_level,-0.380518,11-20
CAKE/USDT,2026-06-10 13:40:00+00:00,1.32,1.3134,Round_5bp,PDC,0.826971,0.00142857,16,bearish_break_level,-0.833333,11-20
CAKE/USDT,2026-06-11 00:00:00+00:00,1.3,1.283,PDC,SessionHigh,0.813744,0.00121429,31,bearish_break_level,-0.384615,21-40
CAKE/USDT,2026-06-11 01:00:00+00:00,1.307,1.3,SessionHigh,SessionHigh,0.832421,0.00171429,19,bearish_break_level,-0.918133,11-20
CAKE/USDT,2026-06-11 01:05:00+00:00,1.317,1.307,SessionHigh,SessionHigh,0.814623,0.00242857,18,bearish_break_level,-1.670463,11-20
CAKE/USDT,2026-06-11 17:45:00+00:00,1.328,1.321,SessionHigh,,0.965601,0.00171429,60,time_stop,0.60241,41-60
CAKE/USDT,2026-06-11 17:50:00+00:00,1.334,1.328,SessionHigh,,0.947428,0.00214286,60,time_stop,0.149925,41-60
CAKE/USDT,2026-06-12 08:50:00+00:00,1.334,1.317,SessionLow,,0.91354,0.00121429,60,time_stop,0.149925,41-60
CAKE/USDT,2026-06-12 15:10:00+00:00,1.341,1.336,PDH,SessionHigh,0.940794,0.00157143,26,bearish_break_level,-1.267711,21-40
CAKE/USDT,2026-06-13 02:35:00+00:00,1.327,1.304,PDL,,0.999568,0.00157143,60,time_stop,0.075358,41-60
CAKE/USDT,2026-06-13 08:05:00+00:00,1.336,1.328,SessionHigh,,0.950208,0.00057143,60,time_stop,1.347305,41-60
CAKE/USDT,2026-06-13 08:15:00+00:00,1.341,1.336,SessionHigh,,0.91262,0.00092857,60,time_stop,0.969426,41-60
CAKE/USDT,2026-06-13 08:35:00+00:00,1.354,1.347,SessionHigh,,0.940165,0.00185714,60,time_stop,0.0,41-60
CAKE/USDT,2026-06-14 05:50:00+00:00,1.359,1.338,PDC,SessionHigh,0.999568,0.0015,27,bearish_break_level,-0.220751,21-40
CAKE/USDT,2026-06-14 05:55:00+00:00,1.361,1.359,SessionHigh,SessionHigh,0.995764,0.00164286,26,bearish_break_level,-0.367377,21-40
CAKE/USDT,2026-06-14 06:00:00+00:00,1.374,1.361,SessionHigh,SessionHigh,0.988368,0.00257143,25,bearish_break_level,-1.310044,21-40
CAKE/USDT,2026-06-14 06:55:00+00:00,1.381,1.374,SessionHigh,SessionHigh,0.97384,0.00307143,14,bearish_break_level,-1.810282,11-20
CELO/USDT,2026-06-02 09:30:00+00:00,0.07212,0.07002,PDL,,0.999568,0.00015,60,time_stop,0.0,41-60
CELR/USDT,2026-06-02 13:25:00+00:00,0.002692,0.002687,SessionLow,SessionLow,0.999568,3.6e-07,24,bearish_break_level,-7.503715,21-40
CELR/USDT,2026-06-02 16:20:00+00:00,0.002482,0.00247,SessionLow,,0.872716,7.07e-06,60,time_stop,0.0,41-60
CELR/USDT,2026-06-03 06:15:00+00:00,0.002608,0.002482,PDC,SessionHigh,0.999568,9e-06,31,bearish_break_level,-1.955521,21-40
CELR/USDT,2026-06-04 03:05:00+00:00,0.00243,0.002384,SessionLow,,0.911213,6.86e-06,60,time_stop,0.164609,41-60
CELR/USDT,2026-06-05 09:25:00+00:00,0.002258,0.002196,SessionLow,,0.940725,4.43e-06,60,time_stop,0.0,41-60
CELR/USDT,2026-06-05 19:40:00+00:00,0.002072,0.002066,SessionLow,,0.990531,1.414e-05,60,time_stop,0.772201,41-60
CELR/USDT,2026-06-06 01:10:00+00:00,0.002182,0.002026,SessionLow,,0.834722,1.557e-05,60,time_stop,0.0,41-60
CELR/USDT,2026-06-08 04:15:00+00:00,0.002354,0.002182,PDH,,0.999568,1.229e-05,60,time_stop,0.0,41-60
CELR/USDT,2026-06-13 06:35:00+00:00,0.002194,0.002063,PDH,,0.999568,9.36e-06,60,time_stop,0.0,41-60
CELR/USDT,2026-06-13 20:45:00+00:00,0.002217,0.002194,SessionHigh,SessionHigh,0.999568,1.64e-06,32,bearish_break_level,-5.999098,21-40
CELR/USDT,2026-06-14 01:15:00+00:00,0.002198,0.002084,PDC,,0.85577,8.14e-06,60,time_stop,0.0,41-60
CHZ/USDT,2026-06-02 00:35:00+00:00,0.03963,0.03737,PDH,SessionHigh,0.789103,0.00019,17,bearish_break_level,-11.304567,11-20
CHZ/USDT,2026-06-02 03:45:00+00:00,0.03602,0.03515,SessionLow,,0.824214,6.214e-05,60,time_stop,1.249306,41-60
CHZ/USDT,2026-06-02 19:45:00+00:00,0.03383,0.03313,SessionLow,,0.92547,0.00016643,60,time_stop,-1.980491,41-60
CHZ/USDT,2026-06-02 23:30:00+00:00,0.03232,0.03222,SessionLow,SessionHigh,0.8328,9.143e-05,50,bearish_break_level,-1.299505,41-60
CHZ/USDT,2026-06-03 00:15:00+00:00,0.03316,0.03232,PDC,SessionHigh,0.875084,0.00015143,41,bearish_break_level,-3.799759,41-60
CHZ/USDT,2026-06-03 03:50:00+00:00,0.03443,0.0319,SessionLow,,0.811695,0.00027071,60,time_stop,0.726111,41-60
CHZ/USDT,2026-06-03 05:15:00+00:00,0.03468,0.0346,SessionHigh,,0.83974,1.786e-05,60,time_stop,0.0,41-60
CHZ/USDT,2026-06-04 02:45:00+00:00,0.02939,0.02922,SessionLow,SessionLow,0.909898,0.00025,30,bearish_break_level,-1.361007,21-40
CHZ/USDT,2026-06-04 03:30:00+00:00,0.02996,0.0296604,Round_10bp,SessionLow,0.873369,5.286e-05,21,bearish_break_level,-3.23765,21-40
CHZ/USDT,2026-06-04 09:50:00+00:00,0.02746,0.02722,SessionLow,,0.83217,8.857e-05,60,time_stop,4.734159,41-60
CHZ/USDT,2026-06-04 11:50:00+00:00,0.02783,0.02722,SessionLow,,0.822832,7.643e-05,60,time_stop,1.185771,41-60
CHZ/USDT,2026-06-05 04:05:00+00:00,0.02518,0.025,SessionLow,SessionLow,0.899945,7.357e-05,27,bearish_break_level,-3.018268,21-40
CHZ/USDT,2026-06-05 09:20:00+00:00,0.02459,0.02408,SessionLow,,0.849887,3.643e-05,60,time_stop,1.423343,41-60
CHZ/USDT,2026-06-05 16:15:00+00:00,0.0246,0.02401,SessionLow,,0.939028,0.00010857,60,time_stop,-0.365854,41-60
CHZ/USDT,2026-06-05 19:40:00+00:00,0.02381,0.0235,SessionLow,,0.895674,0.00010071,60,time_stop,4.913902,41-60
CHZ/USDT,2026-06-06 00:00:00+00:00,0.02498,0.02471,PDC,SessionHigh,0.780653,1.929e-05,32,bearish_break_level,0.440352,21-40
CHZ/USDT,2026-06-06 01:45:00+00:00,0.02522,0.02498,SessionHigh,SessionHigh,0.880292,1.714e-05,11,bearish_break_level,-0.515464,11-20
CHZ/USDT,2026-06-07 05:25:00+00:00,0.02575,0.025,PDC,,0.96046,5.357e-05,60,time_stop,0.0,41-60
CHZ/USDT,2026-06-07 10:45:00+00:00,0.02594,0.02575,SessionHigh,SessionHigh,0.987389,1.357e-05,17,bearish_break_level,-3.85505,11-20
CHZ/USDT,2026-06-07 22:10:00+00:00,0.02542,0.02476,SessionLow,,0.999568,4.714e-05,60,time_stop,0.0,41-60
CHZ/USDT,2026-06-08 16:25:00+00:00,0.02587,0.02457,SessionLow,SessionHigh,0.95563,9.286e-05,42,bearish_break_level,1.894086,41-60
CHZ/USDT,2026-06-08 18:05:00+00:00,0.02751,0.02587,SessionHigh,SessionHigh,0.907308,0.00011714,22,bearish_break_level,-4.180298,21-40
CHZ/USDT,2026-06-09 01:45:00+00:00,0.02608,0.02568,SessionLow,,0.922847,2.929e-05,60,time_stop,1.226994,41-60
CHZ/USDT,2026-06-09 04:30:00+00:00,0.02592,0.02531,SessionLow,,0.809944,4.357e-05,60,time_stop,3.009259,41-60
CHZ/USDT,2026-06-09 09:20:00+00:00,0.0267,0.0264,SessionHigh,SessionHigh,0.917565,2.643e-05,50,bearish_break_level,2.322097,41-60
CHZ/USDT,2026-06-09 10:50:00+00:00,0.02683,0.0267,SessionHigh,SessionHigh,0.9328,9.29e-06,32,bearish_break_level,1.826314,21-40
CHZ/USDT,2026-06-09 12:00:00+00:00,0.02799,0.02683,SessionHigh,SessionHigh,0.877686,8.286e-05,18,bearish_break_level,-2.393712,11-20
CHZ/USDT,2026-06-09 12:35:00+00:00,0.02821,0.02799,SessionHigh,SessionHigh,0.912098,9.857e-05,11,bearish_break_level,-3.15491,11-20
CHZ/USDT,2026-06-09 17:20:00+00:00,0.02925,0.02878,SessionHigh,SessionHigh,0.746103,0.00021786,8,bearish_break_level,-4.478632,6-10
CHZ/USDT,2026-06-09 23:35:00+00:00,0.0284,0.028116,Round_10bp,SessionHigh,0.931079,0.00015,58,bearish_break_level,-2.922535,41-60
CHZ/USDT,2026-06-10 04:05:00+00:00,0.02874,0.0284,PDC,SessionHigh,0.844912,2.429e-05,4,bearish_break_level,-4.070981,3-5
CHZ/USDT,2026-06-10 15:30:00+00:00,0.02878,0.02695,SessionLow,SessionHigh,0.999568,0.00013071,15,bearish_break_level,-3.578874,11-20
CHZ/USDT,2026-06-11 00:45:00+00:00,0.02718,0.02593,PDL,SessionHigh,0.863655,8.929e-05,34,bearish_break_level,-1.949963,21-40
CHZ/USDT,2026-06-11 14:45:00+00:00,0.0299,0.02888,SessionHigh,SessionHigh,0.908693,0.000265,3,bearish_break_level,-2.006689,3-5
CHZ/USDT,2026-06-12 08:20:00+00:00,0.02726,0.027,SessionLow,Round_5bp,0.982513,1.857e-05,51,bearish_break_level,-0.29347,41-60
CHZ/USDT,2026-06-12 10:50:00+00:00,0.0273,0.027027,Round_10bp,Round_5bp,0.850709,1.857e-05,21,bearish_break_level,-0.43956,21-40
CHZ/USDT,2026-06-13 03:45:00+00:00,0.03346,0.0257,PDL,SessionHigh,0.999568,0.00055429,9,bearish_break_level,-21.936641,6-10
CHZ/USDT,2026-06-14 07:20:00+00:00,0.02679,0.02596,PDC,SessionHigh,0.999568,6.429e-05,13,bearish_break_level,-3.9567,11-20
COMP/USDT,2026-06-02 00:25:00+00:00,18.73,17.45,SessionLow,SessionHigh,0.97228,0.105,1,bearish_break_level,-5.445809,1-2
COMP/USDT,2026-06-03 00:10:00+00:00,17.51,17.3,PDL,SessionHigh,0.999568,0.015,3,bearish_break_level,5.996573,3-5
COMP/USDT,2026-06-03 00:15:00+00:00,17.57,17.51,SessionHigh,SessionHigh,0.995614,0.01928571,2,bearish_break_level,5.634604,1-2
COMP/USDT,2026-06-03 00:20:00+00:00,18.57,17.57,SessionHigh,SessionHigh,0.984646,0.09142857,1,bearish_break_level,-0.05385,1-2
COMP/USDT,2026-06-03 16:05:00+00:00,17.65,17.23,SessionLow,,0.999568,0.03285714,60,time_stop,0.0,41-60
COMP/USDT,2026-06-04 00:20:00+00:00,17.3,17.28,SessionLow,SessionHigh,0.995921,0.02785714,21,bearish_break_level,-1.445087,21-40
COMP/USDT,2026-06-04 00:40:00+00:00,17.83,17.68,SessionHigh,SessionHigh,0.959231,0.09428571,17,bearish_break_level,-4.374649,11-20
COMP/USDT,2026-06-05 00:20:00+00:00,16.89,16.86,PDL,SessionHigh,0.948929,0.00357143,1,bearish_break_level,-0.17762,1-2
COMP/USDT,2026-06-05 00:30:00+00:00,16.88,16.86,PDL,SessionHigh,0.927597,0.00857143,1,bearish_break_level,-0.118483,1-2
COMP/USDT,2026-06-05 07:40:00+00:00,16.25,16.06,SessionLow,,0.89557,0.05142857,60,time_stop,0.123077,41-60
COMP/USDT,2026-06-06 00:15:00+00:00,16.27,15.76,PDL,SessionHigh,0.850226,0.03642857,1,bearish_break_level,-0.245851,1-2
COMP/USDT,2026-06-06 21:15:00+00:00,15.44,15.23,SessionLow,,0.969377,0.03071429,60,time_stop,6.34715,41-60
COMP/USDT,2026-06-07 00:15:00+00:00,15.86,15.44,PDC,,0.893248,0.05,60,time_stop,3.530895,41-60
COMP/USDT,2026-06-08 00:50:00+00:00,16.79,16.42,PDH,,0.869581,0.15857143,60,time_stop,0.0,41-60
COMP/USDT,2026-06-09 00:10:00+00:00,18.01,15.98,PDC,SessionHigh,0.999568,0.14785714,2,bearish_break_level,-3.109384,1-2
COMP/USDT,2026-06-10 00:10:00+00:00,18.39,18.37,PDH,SessionHigh,0.991706,0.00642857,12,bearish_break_level,2.175095,11-20
COMP/USDT,2026-06-10 00:20:00+00:00,18.45,18.37,PDH,SessionHigh,0.971648,0.04142857,10,bearish_break_level,1.842818,6-10
COMP/USDT,2026-06-10 07:50:00+00:00,18.21,17.91,SessionLow,,0.992251,0.08428571,60,time_stop,0.0,41-60
COMP/USDT,2026-06-11 00:25:00+00:00,18.24,18.21,PDC,SessionHigh,0.999568,0.00285714,8,bearish_break_level,-0.712719,6-10
COMP/USDT,2026-06-11 20:10:00+00:00,18.25,18.09,SessionLow,PDH,0.999568,0.01142857,49,bearish_break_level,-10.958904,41-60
COMP/USDT,2026-06-12 00:20:00+00:00,16.97,16.25,SessionLow,,0.865151,0.19428571,60,time_stop,7.542722,41-60
COMP/USDT,2026-06-13 00:15:00+00:00,16.63,15.98,SessionLow,,0.995645,0.18285714,60,time_stop,5.291642,41-60
COMP/USDT,2026-06-14 00:15:00+00:00,17.52,17.07,SessionLow,PDC,0.995614,0.06928571,1,bearish_break_level,-2.054795,1-2
COTI/USDT,2026-06-03 22:55:00+00:00,0.0123,0.01178,PDL,PDH,0.999568,3.714e-05,37,bearish_break_level,-10.569106,21-40
COTI/USDT,2026-06-04 13:55:00+00:00,0.01126,0.0109,SessionLow,,0.924451,2.571e-05,60,time_stop,0.0,41-60
COTI/USDT,2026-06-08 00:35:00+00:00,0.00998,0.00987,PDH,,0.999568,4.5e-05,60,time_stop,0.200401,41-60
COTI/USDT,2026-06-08 01:10:00+00:00,0.01,0.00998,SessionHigh,,0.98718,4.643e-05,60,time_stop,0.0,41-60
COTI/USDT,2026-06-09 19:55:00+00:00,0.01079,0.01,PDH,,0.911939,5.643e-05,60,time_stop,0.0,41-60
COTI/USDT,2026-06-10 16:45:00+00:00,0.013,0.01079,PDH,SessionHigh,0.999568,0.00015786,23,bearish_break_level,-4.076923,21-40
COTI/USDT,2026-06-10 18:20:00+00:00,0.01324,0.013,SessionHigh,SessionHigh,0.936671,1.714e-05,4,bearish_break_level,-5.81571,3-5
COTI/USDT,2026-06-11 03:25:00+00:00,0.00955,0.00904,SessionLow,,0.984454,0.00028143,60,time_stop,0.0,41-60
COTI/USDT,2026-06-12 04:40:00+00:00,0.01486,0.00955,PDC,,0.999568,0.00037929,60,time_stop,0.0,41-60
COTI/USDT,2026-06-12 14:30:00+00:00,0.01515,0.01486,SessionHigh,SessionHigh,0.999568,2.071e-05,12,bearish_break_level,-3.828383,11-20
CRV/USDT,2026-06-02 21:05:00+00:00,0.2039,0.1969,SessionLow,,0.825879,0.0005,60,time_stop,-2.206964,41-60
CRV/USDT,2026-06-03 03:05:00+00:00,0.2036,0.1994,PDC,,0.906662,0.0003,60,time_stop,1.719057,41-60
CRV/USDT,2026-06-03 05:00:00+00:00,0.2039,0.2036,SessionHigh,SessionHigh,0.964015,2.143e-05,52,bearish_break_level,0.784698,41-60
CRV/USDT,2026-06-03 06:30:00+00:00,0.2071,0.2039,SessionHigh,SessionHigh,0.882246,0.00022857,34,bearish_break_level,-0.772574,21-40
CRV/USDT,2026-06-04 02:20:00+00:00,0.1948,0.1922,SessionLow,,0.780271,0.00092143,60,time_stop,0.821355,41-60
CRV/USDT,2026-06-04 11:55:00+00:00,0.1919,0.1905,SessionLow,,0.89827,0.0001,60,time_stop,3.074518,41-60
CRV/USDT,2026-06-05 00:30:00+00:00,0.1948,0.1905,PDL,SessionHigh,0.903547,0.00030714,22,bearish_break_level,-2.207392,21-40
CRV/USDT,2026-06-05 03:05:00+00:00,0.1882,0.1876,SessionLow,SessionLow,0.847902,0.00055714,38,bearish_break_level,-4.357067,21-40
CRV/USDT,2026-06-05 07:45:00+00:00,0.1833,0.18,SessionLow,,0.780305,0.00023571,60,time_stop,0.0,41-60
CRV/USDT,2026-06-05 16:10:00+00:00,0.1805,0.1792,SessionLow,SessionLow,0.821267,0.00034286,32,bearish_break_level,-3.102493,21-40
CRV/USDT,2026-06-05 19:25:00+00:00,0.1753,0.173,SessionLow,,0.718128,0.00078571,60,time_stop,4.563605,41-60
CRV/USDT,2026-06-05 19:35:00+00:00,0.1763,0.1754185,Round_5bp,,0.725811,0.00065,60,time_stop,4.424277,41-60
CRV/USDT,2026-06-05 20:25:00+00:00,0.1841,0.1831795,Round_5bp,,0.787688,0.00079286,60,time_stop,0.0,41-60
CRV/USDT,2026-06-05 23:55:00+00:00,0.1821,0.1811895,Round_5bp,SessionHigh,0.741151,0.00051429,25,bearish_break_level,-0.21966,21-40
CRV/USDT,2026-06-06 03:05:00+00:00,0.1821,0.1807,SessionLow,PDC,0.771126,0.00034286,5,bearish_break_level,-1.317957,3-5
CRV/USDT,2026-06-06 05:10:00+00:00,0.1724,0.1702,SessionLow,SessionHigh,0.747159,0.00083571,50,bearish_break_level,5.452436,41-60
CRV/USDT,2026-06-06 07:15:00+00:00,0.1821,0.1811895,Round_5bp,SessionHigh,0.72353,0.00045714,25,bearish_break_level,-0.164745,21-40
CRV/USDT,2026-06-06 12:45:00+00:00,0.1821,0.180279,Round_10bp,SessionHigh,0.756735,0.00014286,28,bearish_break_level,0.329489,21-40
CRV/USDT,2026-06-06 13:45:00+00:00,0.1841,0.1831795,Round_5bp,SessionHigh,0.77566,0.00028571,16,bearish_break_level,-0.760456,11-20
CRV/USDT,2026-06-06 22:55:00+00:00,0.1841,0.1831795,Round_5bp,,0.863792,7.143e-05,60,time_stop,3.802281,41-60
CRV/USDT,2026-06-06 23:30:00+00:00,0.1861,0.1851,SessionHigh,,0.874499,0.00021429,60,time_stop,2.686728,41-60
CRV/USDT,2026-06-06 23:40:00+00:00,0.1871,0.1861,SessionHigh,,0.836867,0.00028571,60,time_stop,2.137894,41-60
CRV/USDT,2026-06-07 01:05:00+00:00,0.189,0.1871,PDH,,0.815386,0.00013571,60,time_stop,1.164021,41-60
CRV/USDT,2026-06-07 01:15:00+00:00,0.1892,0.189,SessionHigh,,0.800848,0.00015,60,time_stop,1.057082,41-60
CRV/USDT,2026-06-07 03:05:00+00:00,0.1911,0.1902,SessionHigh,,0.787694,6.429e-05,60,time_stop,0.052329,41-60
CRV/USDT,2026-06-07 08:35:00+00:00,0.1919,0.1912,SessionHigh,SessionHigh,0.921515,5e-05,42,bearish_break_level,-0.05211,41-60
CRV/USDT,2026-06-07 08:40:00+00:00,0.1923,0.1919,SessionHigh,SessionHigh,0.891429,7.857e-05,41,bearish_break_level,-0.26001,41-60
CRV/USDT,2026-06-07 08:45:00+00:00,0.1933,0.1923,SessionHigh,SessionHigh,0.863919,0.00015,40,bearish_break_level,-0.775996,21-40
CRV/USDT,2026-06-07 09:15:00+00:00,0.1943,0.1933,SessionHigh,SessionHigh,0.862974,0.00022143,34,bearish_break_level,-1.28667,21-40
CRV/USDT,2026-06-07 14:25:00+00:00,0.1933,0.1923335,Round_5bp,SessionHigh,0.790851,0.00039286,52,bearish_break_level,-0.206932,41-60
CRV/USDT,2026-06-07 17:00:00+00:00,0.1943,0.1933285,Round_5bp,SessionHigh,0.817728,7.143e-05,21,bearish_break_level,-0.720535,21-40
CRV/USDT,2026-06-07 17:05:00+00:00,0.1954,0.1943,SessionHigh,SessionHigh,0.813697,0.00015,20,bearish_break_level,-1.279427,11-20
CRV/USDT,2026-06-08 00:35:00+00:00,0.1976,0.195,PDC,SessionHigh,0.764216,0.00018571,7,bearish_break_level,-0.809717,6-10
CRV/USDT,2026-06-08 01:20:00+00:00,0.1975,0.195,PDC,SessionHigh,0.750158,0.00069286,46,bearish_break_level,-0.759494,41-60
CRV/USDT,2026-06-08 03:05:00+00:00,0.1985,0.1975075,Round_5bp,SessionHigh,0.782194,0.00014286,25,bearish_break_level,-1.259446,21-40
CRV/USDT,2026-06-08 07:25:00+00:00,0.1997,0.1986,SessionHigh,SessionHigh,0.794394,7.857e-05,18,bearish_break_level,-0.250376,11-20
CRV/USDT,2026-06-08 07:30:00+00:00,0.2009,0.1997,SessionHigh,SessionHigh,0.789912,0.00016429,17,bearish_break_level,-0.846192,11-20
CRV/USDT,2026-06-09 02:55:00+00:00,0.1976,0.195,WeeklyOpen,,0.827494,0.00018571,60,time_stop,1.062753,41-60
CRV/USDT,2026-06-09 15:00:00+00:00,0.1976,0.195,WeeklyOpen,SessionHigh,0.747712,0.00052143,14,bearish_break_level,-0.253036,11-20
CRV/USDT,2026-06-09 15:10:00+00:00,0.1997,0.197703,Round_10bp,SessionHigh,0.736336,0.00067143,12,bearish_break_level,-1.301953,11-20
CRV/USDT,2026-06-09 17:00:00+00:00,0.1997,0.1987015,Round_5bp,SessionHigh,0.717361,0.00052857,33,bearish_break_level,1.402103,21-40
CRV/USDT,2026-06-09 17:05:00+00:00,0.2009,0.1997,SessionHigh,SessionHigh,0.717049,0.00061429,32,bearish_break_level,0.796416,21-40
CRV/USDT,2026-06-09 17:10:00+00:00,0.2018,0.2009,SessionHigh,SessionHigh,0.739371,0.00087143,31,bearish_break_level,0.346878,21-40
CRV/USDT,2026-06-09 17:15:00+00:00,0.2052,0.2018,PDH,SessionHigh,0.763956,0.00111429,30,bearish_break_level,-1.315789,21-40
CRV/USDT,2026-06-10 01:00:00+00:00,0.2041,0.2014,PDC,,0.804789,0.00019286,60,time_stop,0.783929,41-60
CRV/USDT,2026-06-10 03:25:00+00:00,0.2053,0.2041,SessionHigh,,0.907004,8.571e-05,60,time_stop,1.558695,41-60
CRV/USDT,2026-06-10 03:35:00+00:00,0.2057,0.2052,PDH,,0.895881,0.00011429,60,time_stop,1.361206,41-60
CRV/USDT,2026-06-10 07:30:00+00:00,0.2063,0.2057,SessionHigh,SessionHigh,0.893525,4.286e-05,15,bearish_break_level,0.824043,11-20
CRV/USDT,2026-06-10 07:35:00+00:00,0.2071,0.2063,SessionHigh,SessionHigh,0.883862,0.0001,14,bearish_break_level,0.434573,11-20
CRV/USDT,2026-06-10 08:10:00+00:00,0.2085,0.2074,SessionHigh,SessionHigh,0.844435,0.0002,7,bearish_break_level,-0.239808,6-10
CRV/USDT,2026-06-10 13:35:00+00:00,0.2139,0.212,SessionHigh,SessionHigh,0.767263,0.0007,4,bearish_break_level,-1.636279,3-5
CRV/USDT,2026-06-10 14:20:00+00:00,0.2132,0.212134,Round_5bp,SessionHigh,0.743734,0.00083571,29,bearish_break_level,2.157598,21-40
CRV/USDT,2026-06-10 15:45:00+00:00,0.2154,0.2148,SessionHigh,SessionHigh,0.754264,0.00063571,12,bearish_break_level,1.114206,11-20
CRV/USDT,2026-06-10 16:05:00+00:00,0.2167,0.2154,SessionHigh,SessionHigh,0.772919,0.00072857,8,bearish_break_level,0.507614,6-10
CRV/USDT,2026-06-10 16:15:00+00:00,0.2181,0.2167,SessionHigh,SessionHigh,0.744908,0.00055714,6,bearish_break_level,-0.137552,6-10
CRV/USDT,2026-06-10 16:30:00+00:00,0.2209,0.2181,SessionHigh,SessionHigh,0.782057,0.00045714,3,bearish_break_level,-1.40335,3-5
CRV/USDT,2026-06-10 17:20:00+00:00,0.2222,0.2209,SessionHigh,SessionHigh,0.734648,0.00103571,1,bearish_break_level,-1.39514,1-2
CRV/USDT,2026-06-10 17:40:00+00:00,0.219,0.217905,Round_5bp,Round_5bp,0.734468,0.00132143,19,bearish_break_level,-3.652968,11-20
CRV/USDT,2026-06-11 00:10:00+00:00,0.2127,0.2113,PDC,SessionHigh,0.773121,0.00032857,28,bearish_break_level,6.299953,21-40
CRV/USDT,2026-06-11 00:15:00+00:00,0.2167,0.2127,SessionHigh,SessionHigh,0.769968,0.00061429,27,bearish_break_level,4.337794,21-40
CRV/USDT,2026-06-11 01:35:00+00:00,0.2209,0.22,SessionHigh,SessionHigh,0.789115,0.0003,11,bearish_break_level,2.354006,11-20
CRV/USDT,2026-06-11 01:45:00+00:00,0.225,0.2234,SessionHigh,SessionHigh,0.788105,0.00049286,9,bearish_break_level,0.488889,6-10
CRV/USDT,2026-06-11 02:10:00+00:00,0.2283,0.2267,SessionHigh,SessionHigh,0.784889,0.00070714,4,bearish_break_level,-0.963644,3-5
CRV/USDT,2026-06-11 02:15:00+00:00,0.2293,0.2283,SessionHigh,SessionHigh,0.787133,0.00070714,3,bearish_break_level,-1.395552,3-5
CRV/USDT,2026-06-11 03:05:00+00:00,0.2322,0.2297,SessionHigh,SessionHigh,0.732297,0.00105,7,bearish_break_level,0.516796,6-10
CRV/USDT,2026-06-11 03:25:00+00:00,0.2337,0.2322,SessionHigh,SessionHigh,0.785899,0.00097143,3,bearish_break_level,-0.12837,3-5
CRV/USDT,2026-06-11 03:30:00+00:00,0.2367,0.2337,SessionHigh,SessionHigh,0.73849,0.00118571,2,bearish_break_level,-1.39417,1-2
CRV/USDT,2026-06-11 04:10:00+00:00,0.2381,0.2373,SessionHigh,SessionHigh,0.720286,0.00107143,10,bearish_break_level,-0.125997,6-10
CRV/USDT,2026-06-11 04:20:00+00:00,0.2409,0.2396,SessionHigh,SessionHigh,0.727757,0.00109286,8,bearish_break_level,-1.286841,6-10
CRV/USDT,2026-06-11 04:35:00+00:00,0.2427,0.2412,SessionHigh,SessionHigh,0.745913,0.00111429,5,bearish_break_level,-2.018953,3-5
CRV/USDT,2026-06-11 04:45:00+00:00,0.2442,0.2427,SessionHigh,SessionHigh,0.736884,0.00100714,3,bearish_break_level,-2.620803,3-5
CRV/USDT,2026-06-11 06:50:00+00:00,0.2483,0.2473,SessionHigh,SessionHigh,0.70712,0.00119286,7,bearish_break_level,-1.167942,6-10
CRV/USDT,2026-06-11 07:05:00+00:00,0.2489,0.2483,SessionHigh,SessionHigh,0.740553,0.00113571,4,bearish_break_level,-1.406187,3-5
CRV/USDT,2026-06-11 08:50:00+00:00,0.2549,0.2521,SessionHigh,SessionHigh,0.719564,0.00067857,2,bearish_break_level,-0.902315,1-2
CRV/USDT,2026-06-11 10:00:00+00:00,0.2599,0.2583,SessionHigh,SessionHigh,0.736724,0.00190714,2,bearish_break_level,-1.923817,1-2
CRV/USDT,2026-06-11 21:30:00+00:00,0.2536,0.252332,Round_5bp,SessionHigh,0.710978,0.00105,34,bearish_break_level,-0.118297,21-40
CRV/USDT,2026-06-12 00:10:00+00:00,0.2569,0.2553,PDC,SessionHigh,0.747322,0.00155,2,bearish_break_level,-1.401323,1-2
CRV/USDT,2026-06-12 00:25:00+00:00,0.2552,0.2533,SessionLow,PDC,0.827072,0.00192143,1,bearish_break_level,-0.626959,1-2
CRV/USDT,2026-06-12 00:45:00+00:00,0.2569,0.2553,PDC,SessionHigh,0.73565,0.00146429,18,bearish_break_level,0.544959,11-20
CRV/USDT,2026-06-12 02:10:00+00:00,0.2617,0.2599,PDH,SessionHigh,0.78443,0.0007,1,bearish_break_level,-1.299198,1-2
CRV/USDT,2026-06-12 03:15:00+00:00,0.2602,0.2553,PDC,SessionHigh,0.707782,0.00273571,11,bearish_break_level,-0.76864,11-20
CRV/USDT,2026-06-12 07:05:00+00:00,0.2489,0.2454,SessionLow,SessionLow,0.711319,0.00058571,36,bearish_break_level,-2.008839,21-40
CRV/USDT,2026-06-12 11:20:00+00:00,0.2457,0.2423,SessionLow,SessionLow,0.733719,0.00035714,28,bearish_break_level,-1.994302,21-40
CRV/USDT,2026-06-12 14:25:00+00:00,0.2457,0.2408,SessionLow,SessionLow,0.732222,0.00045714,35,bearish_break_level,-2.686203,21-40
CRV/USDT,2026-06-13 00:20:00+00:00,0.2381,0.2348,SessionLow,SessionHigh,0.823281,0.00059286,19,bearish_break_level,0.50399,11-20
CRV/USDT,2026-06-13 00:50:00+00:00,0.2396,0.2381,SessionHigh,SessionHigh,0.876388,0.00039286,13,bearish_break_level,-0.125209,11-20
CRV/USDT,2026-06-13 11:05:00+00:00,0.2367,0.2322,SessionLow,SessionHigh,0.878878,0.00032143,40,bearish_break_level,3.295311,21-40
CRV/USDT,2026-06-13 11:55:00+00:00,0.2409,0.2396955,Round_5bp,SessionHigh,0.919683,0.00062143,30,bearish_break_level,1.494396,21-40
CRV/USDT,2026-06-13 14:15:00+00:00,0.2457,0.2445,SessionHigh,SessionHigh,0.787899,0.00065714,2,bearish_break_level,-0.4884,1-2
CRV/USDT,2026-06-13 19:25:00+00:00,0.2395,0.2383025,Round_5bp,,0.834451,0.0001,60,time_stop,0.041754,41-60
CRV/USDT,2026-06-14 08:25:00+00:00,0.2367,0.2334,SessionLow,SessionLow,0.936483,0.00023571,9,bearish_break_level,-1.985636,6-10
CRV/USDT,2026-06-14 08:35:00+00:00,0.2381,0.2369095,Round_5bp,SessionLow,0.91242,0.00033571,7,bearish_break_level,-2.561949,6-10
CRV/USDT,2026-06-14 14:55:00+00:00,0.2337,0.2305,SessionLow,SessionLow,0.851231,0.00022857,40,bearish_break_level,-3.252033,21-40
CTSI/USDT,2026-06-02 17:20:00+00:00,0.02681,0.02658,SessionLow,,0.904807,1.643e-05,60,time_stop,0.0,41-60
CTSI/USDT,2026-06-07 20:10:00+00:00,0.02417,0.02363,PDH,,0.999568,3.857e-05,60,time_stop,1.448076,41-60
CTSI/USDT,2026-06-08 00:25:00+00:00,0.02452,0.02417,PDH,,0.948068,2.5e-05,60,time_stop,0.0,41-60
CTSI/USDT,2026-06-09 00:05:00+00:00,0.02494,0.02324,PDL,,0.868492,0.00012143,60,time_stop,0.0,41-60
CTSI/USDT,2026-06-12 15:00:00+00:00,0.0241,0.02201,PDH,,0.999568,0.00018714,60,time_stop,0.0,41-60
DASH/USDT,2026-06-02 00:50:00+00:00,39.76,39.5612,Round_5bp,PDH,0.696937,0.12071429,47,bearish_break_level,0.578471,41-60
DASH/USDT,2026-06-02 03:25:00+00:00,40.1,39.699,Round_10bp,PDH,0.701491,0.03928571,16,bearish_break_level,-0.274314,11-20
DASH/USDT,2026-06-02 03:50:00+00:00,40.47,40.14,SessionHigh,PDH,0.799523,0.05714286,11,bearish_break_level,-1.186064,11-20
DASH/USDT,2026-06-02 07:20:00+00:00,39.39,39.08,SessionLow,PDC,0.756438,0.05285714,35,bearish_break_level,-0.228484,21-40
DASH/USDT,2026-06-02 14:35:00+00:00,38.75,38.1,SessionLow,,0.849139,0.17857143,60,time_stop,-1.935484,41-60
DASH/USDT,2026-06-03 00:10:00+00:00,38.22,36.99,PDL,WeeklyOpen,0.7603,0.14214286,10,bearish_break_level,2.407117,6-10
DASH/USDT,2026-06-03 00:20:00+00:00,38.54,38.22,SessionHigh,WeeklyOpen,0.718638,0.16785714,8,bearish_break_level,1.556824,6-10
DASH/USDT,2026-06-03 00:30:00+00:00,38.81,38.58,SessionHigh,WeeklyOpen,0.749552,0.18714286,6,bearish_break_level,0.850296,6-10
DASH/USDT,2026-06-03 00:35:00+00:00,38.91,38.81,SessionHigh,WeeklyOpen,0.774192,0.14642857,5,bearish_break_level,0.591108,3-5
DASH/USDT,2026-06-04 01:30:00+00:00,37.75,37.5,SessionLow,SessionLow,0.869456,0.15785714,5,bearish_break_level,-1.562914,3-5
DASH/USDT,2026-06-04 02:05:00+00:00,35.92,34.97,SessionLow,Round_10bp,0.848207,0.37214286,31,bearish_break_level,3.285078,21-40
DASH/USDT,2026-06-04 02:55:00+00:00,36.65,36.2835,Round_10bp,Round_10bp,0.809315,0.32285714,21,bearish_break_level,1.227831,21-40
DASH/USDT,2026-06-04 03:05:00+00:00,37.25,36.99,PDL,Round_10bp,0.795201,0.32357143,19,bearish_break_level,-0.402685,11-20
DASH/USDT,2026-06-04 09:45:00+00:00,34.77,34.4,SessionLow,Round_5bp,0.713295,0.08357143,14,bearish_break_level,-0.747771,11-20
DASH/USDT,2026-06-04 11:45:00+00:00,34.25,34.19,SessionLow,,0.772512,0.05,60,time_stop,4.759124,41-60
DASH/USDT,2026-06-04 22:20:00+00:00,33.78,33.5,SessionLow,SessionLow,0.780324,0.16214286,55,bearish_break_level,-2.309059,41-60
DASH/USDT,2026-06-05 00:15:00+00:00,33.94,33.61,PDC,SessionLow,0.722324,0.02857143,32,bearish_break_level,-2.769593,21-40
DASH/USDT,2026-06-05 00:25:00+00:00,34.08,33.9096,Round_5bp,SessionLow,0.715239,0.04428571,30,bearish_break_level,-3.169014,21-40
DASH/USDT,2026-06-05 00:30:00+00:00,34.22,34.0489,Round_5bp,SessionLow,0.736238,0.05714286,29,bearish_break_level,-3.565167,21-40
DASH/USDT,2026-06-05 04:05:00+00:00,33.13,32.58,SessionLow,PDL,0.724797,0.125,11,bearish_break_level,0.935708,11-20
DASH/USDT,2026-06-05 04:55:00+00:00,33.53,33.36235,Round_5bp,PDL,0.762194,0.13071429,1,bearish_break_level,-0.268416,1-2
DASH/USDT,2026-06-05 14:30:00+00:00,31.24,30.9276,Round_10bp,Round_5bp,0.835555,0.02071429,35,bearish_break_level,-0.768246,21-40
DASH/USDT,2026-06-05 19:45:00+00:00,30.39,29.74,SessionLow,SessionHigh,0.752837,0.135,55,bearish_break_level,4.146101,41-60
DASH/USDT,2026-06-06 06:35:00+00:00,31.14,29.74,PDL,SessionHigh,0.728663,0.09928571,33,bearish_break_level,3.243417,21-40
DASH/USDT,2026-06-06 09:15:00+00:00,32.25,32.0,SessionHigh,SessionHigh,0.806452,0.03357143,1,bearish_break_level,-0.310078,1-2
DASH/USDT,2026-06-06 23:50:00+00:00,32.83,32.5,SessionHigh,SessionHigh,0.820317,0.09285714,1,bearish_break_level,-0.517819,1-2
DASH/USDT,2026-06-07 00:00:00+00:00,32.81,32.66,PDC,PDH,0.834596,0.11571429,3,bearish_break_level,-1.188662,3-5
DASH/USDT,2026-06-07 01:25:00+00:00,33.5,33.25,SessionHigh,SessionHigh,0.776398,0.07785714,6,bearish_break_level,-0.119403,6-10
DASH/USDT,2026-06-07 05:45:00+00:00,34.0,33.75,SessionHigh,SessionHigh,0.770379,0.03857143,18,bearish_break_level,3.764706,11-20
DASH/USDT,2026-06-07 05:55:00+00:00,34.06,34.0,SessionHigh,SessionHigh,0.784305,0.04357143,16,bearish_break_level,3.581914,11-20
DASH/USDT,2026-06-07 06:00:00+00:00,34.25,34.07,SessionHigh,SessionHigh,0.794066,0.05714286,15,bearish_break_level,3.007299,11-20
DASH/USDT,2026-06-07 06:05:00+00:00,34.5,34.25,SessionHigh,SessionHigh,0.790397,0.08,14,bearish_break_level,2.26087,11-20
DASH/USDT,2026-06-07 07:00:00+00:00,35.5,35.36,SessionHigh,SessionHigh,0.790706,0.12857143,3,bearish_break_level,-0.619718,3-5
DASH/USDT,2026-06-07 08:50:00+00:00,36.2,36.15,SessionHigh,SessionHigh,0.743519,0.20357143,6,bearish_break_level,0.331492,6-10
DASH/USDT,2026-06-07 09:15:00+00:00,36.5,36.38,SessionHigh,SessionHigh,0.74646,0.15642857,1,bearish_break_level,-0.493151,1-2
DASH/USDT,2026-06-07 11:10:00+00:00,36.75,36.62,SessionHigh,SessionHigh,0.708112,0.065,8,bearish_break_level,2.965986,6-10
DASH/USDT,2026-06-07 11:20:00+00:00,37.0,36.75,SessionHigh,SessionHigh,0.715657,0.08285714,6,bearish_break_level,2.27027,6-10
DASH/USDT,2026-06-07 11:40:00+00:00,37.78,37.5,SessionHigh,SessionHigh,0.724821,0.13928571,2,bearish_break_level,0.158814,1-2
DASH/USDT,2026-06-07 16:10:00+00:00,36.93,36.74535,Round_5bp,,0.737152,0.14428571,60,time_stop,0.297861,41-60
DASH/USDT,2026-06-08 00:05:00+00:00,36.9,36.76,PDC,SessionHigh,0.758444,0.06714286,1,bearish_break_level,-0.433604,1-2
DASH/USDT,2026-06-08 03:20:00+00:00,36.64,36.54,SessionLow,SessionHigh,0.801323,0.05214286,16,bearish_break_level,0.709607,11-20
DASH/USDT,2026-06-08 07:15:00+00:00,37.17,36.76,PDC,SessionHigh,0.798752,0.03571429,12,bearish_break_level,-0.188324,11-20
DASH/USDT,2026-06-08 18:50:00+00:00,36.84,36.6558,Round_5bp,PDC,0.715086,0.09428571,55,bearish_break_level,-0.515744,41-60
DASH/USDT,2026-06-08 23:35:00+00:00,36.74,36.54,SessionLow,PDC,0.717853,0.07642857,6,bearish_break_level,0.272183,6-10
DASH/USDT,2026-06-08 23:40:00+00:00,36.85,36.76,PDC,PDC,0.725193,0.08428571,5,bearish_break_level,-0.027137,3-5
DASH/USDT,2026-06-08 23:55:00+00:00,36.88,36.76,PDC,PDC,0.781309,0.11928571,2,bearish_break_level,-0.10846,1-2
DASH/USDT,2026-06-09 01:20:00+00:00,36.19,35.8281,Round_10bp,SessionHigh,0.726209,0.17785714,21,bearish_break_level,2.293451,21-40
DASH/USDT,2026-06-09 01:30:00+00:00,36.67,36.3033,Round_10bp,SessionHigh,0.739197,0.16428571,19,bearish_break_level,0.954459,11-20
DASH/USDT,2026-06-09 04:35:00+00:00,37.08,36.88,PDC,PDH,0.724326,0.07,24,bearish_break_level,0.916936,21-40
DASH/USDT,2026-06-09 05:35:00+00:00,37.45,37.0755,Round_10bp,PDH,0.741136,0.09142857,12,bearish_break_level,-0.080107,11-20
DASH/USDT,2026-06-09 08:35:00+00:00,37.75,37.54,PDH,SessionHigh,0.719864,0.02928571,9,bearish_break_level,0.609272,6-10
DASH/USDT,2026-06-09 08:40:00+00:00,38.0,37.75,SessionHigh,SessionHigh,0.698094,0.04714286,8,bearish_break_level,-0.052632,6-10
DASH/USDT,2026-06-09 15:05:00+00:00,36.46,36.2777,Round_5bp,PDL,0.798964,0.08571429,4,bearish_break_level,-0.438837,3-5
DASH/USDT,2026-06-09 16:10:00+00:00,35.55,35.5,SessionLow,Round_5bp,0.763702,0.11714286,16,bearish_break_level,1.631505,11-20
DASH/USDT,2026-06-09 23:20:00+00:00,35.27,35.23,SessionLow,SessionHigh,0.801724,0.04142857,35,bearish_break_level,-0.226822,21-40
DASH/USDT,2026-06-10 03:15:00+00:00,34.6,34.36,SessionLow,Round_10bp,0.773402,0.09357143,24,bearish_break_level,-0.520231,21-40
DASH/USDT,2026-06-10 08:30:00+00:00,34.67,34.25,SessionLow,,0.859154,0.03,60,time_stop,0.663398,41-60
DASH/USDT,2026-06-10 11:20:00+00:00,34.05,34.0,SessionLow,SessionHigh,0.753023,0.07,51,bearish_break_level,3.964758,41-60
DASH/USDT,2026-06-11 00:15:00+00:00,34.1,33.64,PDC,SessionHigh,0.842772,0.04785714,7,bearish_break_level,-0.234604,6-10
DASH/USDT,2026-06-11 03:55:00+00:00,34.98,34.53,SessionHigh,SessionHigh,0.675414,0.08142857,2,bearish_break_level,-0.657519,1-2
DASH/USDT,2026-06-11 12:45:00+00:00,34.97,34.79515,Round_5bp,,0.849879,0.02142857,60,time_stop,2.230483,41-60
DASH/USDT,2026-06-11 21:10:00+00:00,36.11,36.0,SessionHigh,PDH,0.699713,0.055,37,bearish_break_level,-1.301579,21-40
DASH/USDT,2026-06-12 08:45:00+00:00,35.2,34.99,SessionLow,,0.809666,0.015,60,time_stop,1.022727,41-60
DASH/USDT,2026-06-13 00:20:00+00:00,34.6,34.41,SessionLow,,0.804829,0.025,60,time_stop,-0.375723,41-60
DASH/USDT,2026-06-13 07:25:00+00:00,34.96,34.41,SessionLow,,0.798515,0.03928571,60,time_stop,0.0,41-60
DASH/USDT,2026-06-13 12:35:00+00:00,35.21,34.96,SessionHigh,,0.99189,0.01785714,60,time_stop,0.0,41-60
DASH/USDT,2026-06-13 21:40:00+00:00,35.71,35.21,SessionHigh,SessionHigh,0.999568,0.03571429,9,bearish_break_level,-0.392047,6-10
DASH/USDT,2026-06-14 00:40:00+00:00,35.71,35.55,SessionHigh,SessionHigh,0.815764,0.03,35,bearish_break_level,2.100252,21-40
DASH/USDT,2026-06-14 03:00:00+00:00,36.29,35.71,PDH,SessionHigh,0.771916,0.04142857,7,bearish_break_level,0.468449,6-10
DASH/USDT,2026-06-14 03:20:00+00:00,36.62,36.29,SessionHigh,SessionHigh,0.764063,0.065,3,bearish_break_level,-0.43692,3-5
DASH/USDT,2026-06-14 12:05:00+00:00,35.52,35.38,PDC,SessionLow,0.925449,0.02071429,30,bearish_break_level,-1.351351,21-40
DGB/USDT,2026-06-02 12:30:00+00:00,0.00319,0.00307,SessionLow,SessionHigh,0.938354,8.57e-06,13,bearish_break_level,-2.194357,11-20
DGB/USDT,2026-06-02 17:55:00+00:00,0.003,0.00299,SessionLow,,0.877289,3.57e-06,60,time_stop,-0.666667,41-60
DGB/USDT,2026-06-03 04:25:00+00:00,0.00302,0.00293,SessionLow,SessionHigh,0.843772,1.071e-05,19,bearish_break_level,-0.662252,11-20
DGB/USDT,2026-06-03 19:25:00+00:00,0.00294,0.00291,SessionLow,,0.831567,2.14e-06,60,time_stop,-2.721088,41-60
DGB/USDT,2026-06-03 20:15:00+00:00,0.00297,0.0029403,Round_10bp,,0.785676,4.29e-06,60,time_stop,-3.703704,41-60
DGB/USDT,2026-06-04 02:55:00+00:00,0.00286,0.00283,SessionLow,,0.95501,4.29e-06,60,time_stop,0.0,41-60
DGB/USDT,2026-06-04 15:35:00+00:00,0.00295,0.00275,SessionLow,,0.947327,1.429e-05,60,time_stop,0.0,41-60
DGB/USDT,2026-06-05 00:00:00+00:00,0.00297,0.00279,PDC,SessionHigh,0.961714,2.643e-05,35,bearish_break_level,-5.050505,21-40
DGB/USDT,2026-06-05 03:30:00+00:00,0.00276,0.00273,SessionLow,SessionLow,0.9065,1.929e-05,32,bearish_break_level,-2.898551,21-40
DGB/USDT,2026-06-05 14:05:00+00:00,0.00269,0.00262,SessionLow,,0.923698,5e-06,60,time_stop,0.0,41-60
DGB/USDT,2026-06-05 20:05:00+00:00,0.00279,0.00259,SessionLow,,0.951136,2.143e-05,60,time_stop,-8.243728,41-60
DGB/USDT,2026-06-05 23:05:00+00:00,0.00284,0.00279,PDC,,0.903292,3.57e-06,60,time_stop,-5.985915,41-60
DGB/USDT,2026-06-06 01:50:00+00:00,0.00267,0.00256,PDL,SessionHigh,0.897823,7.86e-06,33,bearish_break_level,-1.123596,21-40
DGB/USDT,2026-06-06 21:10:00+00:00,0.00292,0.00277,SessionHigh,SessionHigh,0.945801,1.071e-05,1,bearish_break_level,-4.452055,1-2
DGB/USDT,2026-06-07 00:10:00+00:00,0.00285,0.00279,PDC,SessionHigh,0.921884,4.29e-06,30,bearish_break_level,-0.701754,21-40
DGB/USDT,2026-06-07 14:40:00+00:00,0.00279,0.00274,SessionLow,,0.999568,3.57e-06,60,time_stop,3.225806,41-60
DGB/USDT,2026-06-07 16:10:00+00:00,0.00288,0.00279,PDC,,0.956594,6.43e-06,60,time_stop,0.0,41-60
DGB/USDT,2026-06-08 01:15:00+00:00,0.003,0.00296,PDC,SessionHigh,0.927599,2.86e-06,56,bearish_break_level,-1.333333,41-60
DGB/USDT,2026-06-09 00:45:00+00:00,0.00262,0.0026,SessionLow,,0.936276,5.71e-06,60,time_stop,-4.198473,41-60
DGB/USDT,2026-06-09 06:20:00+00:00,0.00256,0.00251,SessionLow,,0.87022,3.57e-06,60,time_stop,0.0,41-60
DGB/USDT,2026-06-09 16:20:00+00:00,0.00239,0.00236,PDL,,0.979707,1.643e-05,60,time_stop,5.020921,41-60
DGB/USDT,2026-06-10 00:20:00+00:00,0.00257,0.00251,PDC,SessionHigh,0.904962,4.29e-06,36,bearish_break_level,-3.501946,21-40
DGB/USDT,2026-06-10 06:05:00+00:00,0.00246,0.00238,SessionLow,,0.833531,7.86e-06,60,time_stop,-2.845528,41-60
DGB/USDT,2026-06-10 16:00:00+00:00,0.00259,0.00251,PDC,SessionHigh,0.930204,1.071e-05,15,bearish_break_level,-3.088803,11-20
DGB/USDT,2026-06-11 01:35:00+00:00,0.0024,0.00239,SessionLow,,0.940021,9.29e-06,60,time_stop,4.583333,41-60
DGB/USDT,2026-06-11 12:55:00+00:00,0.00239,0.00238,PDL,,0.970467,7.1e-07,60,time_stop,8.786611,41-60
DGB/USDT,2026-06-12 09:20:00+00:00,0.00244,0.00242,PDC,SessionHigh,0.999568,1.43e-06,9,bearish_break_level,-0.819672,6-10
DGB/USDT,2026-06-12 10:20:00+00:00,0.00237,0.00232,SessionLow,,0.945428,1.357e-05,60,time_stop,-2.109705,41-60
DGB/USDT,2026-06-12 16:55:00+00:00,0.00255,0.00232,SessionLow,,0.975322,2.714e-05,60,time_stop,0.0,41-60
DGB/USDT,2026-06-13 01:45:00+00:00,0.0026,0.00255,PDC,SessionLow,0.999568,3.57e-06,58,bearish_break_level,-8.076923,41-60
DGB/USDT,2026-06-13 01:55:00+00:00,0.00263,0.0026,SessionHigh,SessionLow,0.988614,1.643e-05,56,bearish_break_level,-9.125475,41-60
DGB/USDT,2026-06-13 02:25:00+00:00,0.00299,0.00263,SessionHigh,SessionLow,0.959765,5.071e-05,50,bearish_break_level,-20.06689,41-60
DGB/USDT,2026-06-13 18:00:00+00:00,0.00242,0.00237,SessionLow,,0.999568,3.57e-06,60,time_stop,4.958678,41-60
DGB/USDT,2026-06-14 13:50:00+00:00,0.00255,0.00244,SessionLow,PDH,0.918865,7.86e-06,11,bearish_break_level,-0.784314,11-20
DGB/USDT,2026-06-14 13:55:00+00:00,0.003,0.00255,SessionHigh,PDH,0.898121,4e-05,10,bearish_break_level,-15.666667,6-10
DOGE/USDT,2026-06-02 00:35:00+00:00,0.101,0.1007,SessionLow,Round_5bp,0.717394,0.00012643,6,bearish_break_level,-0.386139,6-10
DOGE/USDT,2026-06-02 00:50:00+00:00,0.10099,0.1007,SessionLow,Round_5bp,0.721457,0.00014071,3,bearish_break_level,-0.376275,3-5
DOGE/USDT,2026-06-02 02:20:00+00:00,0.10025,0.09974875,Round_5bp,Round_5bp,0.727825,0.00020786,21,bearish_break_level,0.249377,21-40
DOGE/USDT,2026-06-02 05:05:00+00:00,0.10005,0.09989,WeeklyOpen,WeeklyOpen,0.698465,0.00017429,6,bearish_break_level,-0.29985,6-10
DOGE/USDT,2026-06-02 07:05:00+00:00,0.09896,0.0988,SessionLow,Round_5bp,0.736878,0.00010429,5,bearish_break_level,-0.030315,3-5
DOGE/USDT,2026-06-02 10:10:00+00:00,0.0992,0.098704,Round_5bp,SessionLow,0.746302,9.143e-05,47,bearish_break_level,-1.25,41-60
DOGE/USDT,2026-06-02 13:40:00+00:00,0.09873,0.0985,SessionLow,SessionLow,0.735301,7.714e-05,5,bearish_break_level,-0.779905,3-5
DOGE/USDT,2026-06-02 14:10:00+00:00,0.0981,0.09787,PDL,SessionLow,0.759039,0.000145,2,bearish_break_level,-1.630989,1-2
DOGE/USDT,2026-06-02 15:05:00+00:00,0.09641,0.09592795,Round_5bp,Round_5bp,0.726771,0.00050357,5,bearish_break_level,-1.618089,3-5
DOGE/USDT,2026-06-02 16:05:00+00:00,0.09529,0.09481355,Round_5bp,SessionLow,0.70134,0.000405,41,bearish_break_level,-2.927904,41-60
DOGE/USDT,2026-06-02 19:35:00+00:00,0.09336,0.0925,SessionLow,Round_5bp,0.735837,0.00029071,20,bearish_break_level,0.739075,11-20
DOGE/USDT,2026-06-02 23:05:00+00:00,0.09267,0.09220665,Round_5bp,Round_10bp,0.701426,0.00039143,4,bearish_break_level,-1.510737,3-5
DOGE/USDT,2026-06-03 00:00:00+00:00,0.0928,0.09267,PDC,SessionHigh,0.719476,0.00032571,14,bearish_break_level,0.0,11-20
DOGE/USDT,2026-06-03 00:10:00+00:00,0.09309,0.0928,SessionHigh,SessionHigh,0.716527,0.00031643,12,bearish_break_level,-0.311526,11-20
DOGE/USDT,2026-06-03 01:15:00+00:00,0.09294,0.0928,SessionLow,SessionLow,0.699146,0.00011786,5,bearish_break_level,-0.537981,3-5
DOGE/USDT,2026-06-03 01:50:00+00:00,0.09291,0.09244,SessionLow,SessionLow,0.727861,0.00016286,19,bearish_break_level,-0.850285,11-20
DOGE/USDT,2026-06-03 03:50:00+00:00,0.0916,0.09127,PDL,SessionHigh,0.732878,0.00019357,21,bearish_break_level,2.303493,21-40
DOGE/USDT,2026-06-03 17:30:00+00:00,0.0928,0.092336,Round_5bp,PDC,0.727532,0.00016714,4,bearish_break_level,-0.344828,3-5
DOGE/USDT,2026-06-03 20:10:00+00:00,0.09236,0.0914364,Round_10bp,PDL,0.717827,0.00028714,8,bearish_break_level,-1.385881,6-10
DOGE/USDT,2026-06-03 21:00:00+00:00,0.09163,0.09074,SessionLow,PDC,0.740636,0.00036214,41,bearish_break_level,-1.669759,41-60
DOGE/USDT,2026-06-04 01:55:00+00:00,0.08859,0.0884,SessionLow,PDC,0.711508,0.00044143,24,bearish_break_level,3.03646,21-40
DOGE/USDT,2026-06-04 02:05:00+00:00,0.08729,0.086,SessionLow,PDC,0.755439,0.00075571,22,bearish_break_level,4.57097,21-40
DOGE/USDT,2026-06-04 02:40:00+00:00,0.08962,0.0891719,Round_5bp,PDC,0.694322,0.00071786,15,bearish_break_level,1.852265,11-20
DOGE/USDT,2026-06-04 05:35:00+00:00,0.09045,0.08999775,Round_5bp,Round_5bp,0.753604,0.00021214,5,bearish_break_level,-0.552792,3-5
DOGE/USDT,2026-06-04 12:30:00+00:00,0.08926,0.0888137,Round_5bp,Round_10bp,0.757143,0.00033357,9,bearish_break_level,-0.739413,6-10
DOGE/USDT,2026-06-04 13:30:00+00:00,0.08904,0.0881496,Round_10bp,,0.708078,0.00028786,60,time_stop,0.651393,41-60
DOGE/USDT,2026-06-05 01:15:00+00:00,0.08793,0.08749035,Round_5bp,PDL,0.74149,0.00025357,53,bearish_break_level,-2.922779,41-60
DOGE/USDT,2026-06-05 03:00:00+00:00,0.08632,0.0862,SessionLow,PDL,0.75618,0.00019786,32,bearish_break_level,-1.112141,21-40
DOGE/USDT,2026-06-05 03:10:00+00:00,0.0861,0.086,PDL,PDL,0.718788,0.00023429,30,bearish_break_level,-0.859466,21-40
DOGE/USDT,2026-06-05 03:15:00+00:00,0.08693,0.08606,SessionLow,PDL,0.714159,0.00029357,29,bearish_break_level,-1.806051,21-40
DOGE/USDT,2026-06-05 04:00:00+00:00,0.08605,0.0859,SessionLow,PDL,0.732986,0.000275,20,bearish_break_level,-0.801859,11-20
DOGE/USDT,2026-06-05 04:50:00+00:00,0.0867,0.086,PDL,PDL,0.712856,0.00028929,10,bearish_break_level,-1.545559,6-10
DOGE/USDT,2026-06-05 10:00:00+00:00,0.08531,0.08488345,Round_5bp,Round_10bp,0.695071,0.00016571,30,bearish_break_level,-2.531942,21-40
DOGE/USDT,2026-06-05 10:30:00+00:00,0.08504,0.0846148,Round_5bp,Round_10bp,0.711307,0.00014429,24,bearish_break_level,-2.222484,21-40
DOGE/USDT,2026-06-06 04:00:00+00:00,0.08131,0.08065,SessionLow,PDC,0.717038,0.00015857,1,bearish_break_level,-1.451236,1-2
DOGE/USDT,2026-06-06 04:45:00+00:00,0.07874,0.07798,SessionLow,Round_5bp,0.781875,0.00037214,1,bearish_break_level,-0.482601,1-2
DOGE/USDT,2026-06-06 07:05:00+00:00,0.08086,0.0804557,Round_5bp,PDC,0.71947,0.00014857,5,bearish_break_level,0.408113,3-5
DOGE/USDT,2026-06-06 07:40:00+00:00,0.08166,0.0812517,Round_5bp,PDC,0.747688,0.00016214,28,bearish_break_level,-1.236836,21-40
DOGE/USDT,2026-06-06 11:00:00+00:00,0.08101,0.0801999,Round_10bp,PDC,0.720781,0.00021214,51,bearish_break_level,0.197506,41-60
DOGE/USDT,2026-06-06 18:25:00+00:00,0.0812,0.080794,Round_5bp,Round_5bp,0.686822,9.571e-05,4,bearish_break_level,-0.517241,3-5
DOGE/USDT,2026-06-06 21:30:00+00:00,0.08166,0.08133,PDC,SessionHigh,0.73101,8.929e-05,41,bearish_break_level,0.171443,41-60
DOGE/USDT,2026-06-07 00:00:00+00:00,0.08197,0.08187,PDC,SessionHigh,0.72678,4.071e-05,11,bearish_break_level,-0.207393,11-20
DOGE/USDT,2026-06-07 01:00:00+00:00,0.08231,0.08187,PDC,SessionHigh,0.712569,5.571e-05,2,bearish_break_level,0.813996,1-2
DOGE/USDT,2026-06-07 01:05:00+00:00,0.08314,0.08231,SessionHigh,SessionHigh,0.710865,0.000115,1,bearish_break_level,-0.192446,1-2
DOGE/USDT,2026-06-07 01:25:00+00:00,0.08374,0.08345,SessionHigh,SessionHigh,0.715495,0.00017357,1,bearish_break_level,-0.453786,1-2
DOGE/USDT,2026-06-07 04:30:00+00:00,0.08324,0.083,PDH,SessionHigh,0.746571,7.143e-05,6,bearish_break_level,0.552619,6-10
DOGE/USDT,2026-06-07 06:25:00+00:00,0.0847,0.08432,SessionHigh,SessionHigh,0.733466,0.00010214,7,bearish_break_level,-0.070838,6-10
DOGE/USDT,2026-06-07 08:45:00+00:00,0.08552,0.08508,SessionHigh,SessionHigh,0.700784,7.571e-05,7,bearish_break_level,0.011693,6-10
DOGE/USDT,2026-06-07 09:15:00+00:00,0.08596,0.08574,SessionHigh,SessionHigh,0.719242,7.857e-05,1,bearish_break_level,-0.500233,1-2
DOGE/USDT,2026-06-07 22:00:00+00:00,0.08418,0.0837591,Round_5bp,SessionHigh,0.685589,6.857e-05,3,bearish_break_level,2.39962,3-5
DOGE/USDT,2026-06-08 00:35:00+00:00,0.08673,0.08642,SessionHigh,PDC,0.699089,0.00011214,5,bearish_break_level,-0.772512,3-5
DOGE/USDT,2026-06-08 01:35:00+00:00,0.08516,0.085,SessionLow,PDC,0.775266,0.00021286,21,bearish_break_level,0.81024,21-40
DOGE/USDT,2026-06-08 04:50:00+00:00,0.08519,0.085,SessionLow,SessionLow,0.750632,0.00013643,3,bearish_break_level,-0.493016,3-5
DOGE/USDT,2026-06-08 05:50:00+00:00,0.08473,0.08453,SessionLow,,0.744449,0.00011571,60,time_stop,1.203824,41-60
DOGE/USDT,2026-06-08 14:25:00+00:00,0.08638,0.08627,PDC,SessionHigh,0.700751,0.0001,10,bearish_break_level,0.960871,6-10
DOGE/USDT,2026-06-08 15:10:00+00:00,0.08734,0.08708,SessionHigh,SessionHigh,0.734013,9.643e-05,1,bearish_break_level,-0.148844,1-2
DOGE/USDT,2026-06-08 17:55:00+00:00,0.0868,0.08627,PDC,SessionHigh,0.755895,8e-05,46,bearish_break_level,0.645161,41-60
DOGE/USDT,2026-06-09 02:40:00+00:00,0.08483,0.08462,SessionLow,SessionHigh,0.7229,8.357e-05,25,bearish_break_level,1.662148,21-40
DOGE/USDT,2026-06-09 04:40:00+00:00,0.08642,0.08633,PDC,SessionHigh,0.734151,0.00011214,1,bearish_break_level,-0.208285,1-2
DOGE/USDT,2026-06-09 06:05:00+00:00,0.08654,0.08633,PDC,SessionHigh,0.750638,0.00010143,4,bearish_break_level,0.057777,3-5
DOGE/USDT,2026-06-09 14:25:00+00:00,0.08487,0.08462,SessionLow,Round_5bp,0.734051,0.00014071,4,bearish_break_level,-0.424178,3-5
DOGE/USDT,2026-06-09 14:50:00+00:00,0.08481,0.08453,PDL,PDL,0.720899,0.00016571,8,bearish_break_level,-0.577762,6-10
DOGE/USDT,2026-06-09 17:00:00+00:00,0.08472,0.0842964,Round_5bp,,0.726149,0.000215,60,time_stop,0.082625,41-60
DOGE/USDT,2026-06-09 17:10:00+00:00,0.08508,0.0846546,Round_5bp,,0.732411,0.00020143,60,time_stop,-0.340856,41-60
DOGE/USDT,2026-06-09 23:00:00+00:00,0.08467,0.08453,PDL,SessionHigh,0.732684,6.214e-05,18,bearish_break_level,-0.023621,11-20
DOGE/USDT,2026-06-10 00:00:00+00:00,0.08482,0.08455,PDC,SessionHigh,0.813026,8.357e-05,6,bearish_break_level,-0.200424,6-10
DOGE/USDT,2026-06-10 05:35:00+00:00,0.08361,0.08331,PDL,PDL,0.704509,7.071e-05,44,bearish_break_level,-0.550173,41-60
DOGE/USDT,2026-06-10 09:25:00+00:00,0.08329,0.08293,SessionLow,PDL,0.709219,0.00014357,20,bearish_break_level,-0.432225,11-20
DOGE/USDT,2026-06-10 09:35:00+00:00,0.08361,0.08331,PDL,PDL,0.726217,0.00016643,18,bearish_break_level,-0.8133,11-20
DOGE/USDT,2026-06-10 13:35:00+00:00,0.0848,0.08455,PDC,PDC,0.760556,0.00021643,16,bearish_break_level,-0.648585,11-20
DOGE/USDT,2026-06-10 15:50:00+00:00,0.0854,0.08455,PDC,SessionHigh,0.772388,0.00026214,1,bearish_break_level,-0.081967,1-2
DOGE/USDT,2026-06-10 17:00:00+00:00,0.08443,0.08400785,Round_5bp,Round_5bp,0.722643,0.00019786,5,bearish_break_level,-0.568518,3-5
DOGE/USDT,2026-06-10 17:45:00+00:00,0.08394,0.0835203,Round_5bp,Round_5bp,0.719845,0.00017786,13,bearish_break_level,-0.702883,11-20
DOGE/USDT,2026-06-10 18:55:00+00:00,0.08391,0.08331,PDL,SessionLow,0.694001,0.00015786,26,bearish_break_level,-1.78763,21-40
DOGE/USDT,2026-06-10 20:10:00+00:00,0.08308,0.08293,SessionLow,SessionLow,0.689511,0.00012786,11,bearish_break_level,-0.806452,11-20
DOGE/USDT,2026-06-10 21:20:00+00:00,0.08245,0.08227,SessionLow,Round_5bp,0.740528,7.071e-05,6,bearish_break_level,-0.448757,6-10
DOGE/USDT,2026-06-11 00:15:00+00:00,0.08356,0.08306,PDC,SessionHigh,0.711423,0.000115,1,bearish_break_level,-0.179512,1-2
DOGE/USDT,2026-06-11 01:35:00+00:00,0.08421,0.08403,SessionHigh,SessionHigh,0.721895,9.143e-05,24,bearish_break_level,0.332502,21-40
DOGE/USDT,2026-06-11 08:10:00+00:00,0.0851,0.0846745,Round_5bp,PDH,0.705916,5.571e-05,6,bearish_break_level,0.176263,6-10
DOGE/USDT,2026-06-11 17:30:00+00:00,0.08595,0.08543,PDH,SessionHigh,0.727944,0.00018714,7,bearish_break_level,0.430483,6-10
DOGE/USDT,2026-06-11 18:10:00+00:00,0.08669,0.08627,WeeklyOpen,SessionHigh,0.678408,0.00028571,2,bearish_break_level,-0.357596,1-2
DOGE/USDT,2026-06-11 23:40:00+00:00,0.08642,0.08627,WeeklyOpen,WeeklyOpen,0.783409,2.643e-05,2,bearish_break_level,-0.428142,1-2
DOGE/USDT,2026-06-12 01:05:00+00:00,0.08595,0.08576,SessionLow,PDC,0.697088,0.00011714,4,bearish_break_level,-0.244328,3-5
DOGE/USDT,2026-06-12 02:05:00+00:00,0.08625,0.08581875,Round_5bp,SessionHigh,0.723459,0.00010857,4,bearish_break_level,0.0,3-5
DOGE/USDT,2026-06-12 08:15:00+00:00,0.08642,0.08627,WeeklyOpen,PDH,0.728057,9e-05,26,bearish_break_level,0.034714,21-40
DOGE/USDT,2026-06-12 12:20:00+00:00,0.08723,0.08705,PDH,PDH,0.808657,4.571e-05,18,bearish_break_level,-0.343918,11-20
DOGE/USDT,2026-06-12 14:15:00+00:00,0.0884,0.08757,SessionHigh,SessionHigh,0.750563,0.00019214,1,bearish_break_level,-0.599548,1-2
DOGE/USDT,2026-06-12 14:30:00+00:00,0.09043,0.0894,SessionHigh,Round_10bp,0.782996,0.00044143,2,bearish_break_level,-0.132699,1-2
DOGE/USDT,2026-06-12 16:10:00+00:00,0.08818,0.0877391,Round_5bp,Round_5bp,0.736221,0.00047357,25,bearish_break_level,-0.612384,21-40
DOGE/USDT,2026-06-12 23:05:00+00:00,0.08624,0.08609,PDC,WeeklyOpen,0.715553,0.00013071,2,bearish_break_level,-0.614564,1-2
DOGE/USDT,2026-06-13 00:55:00+00:00,0.08615,0.08593,PDC,SessionHigh,0.72003,3.143e-05,10,bearish_break_level,0.603598,6-10
DOGE/USDT,2026-06-13 01:35:00+00:00,0.08644,0.08627,WeeklyOpen,SessionHigh,0.714822,5e-05,2,bearish_break_level,0.266081,1-2
DOGE/USDT,2026-06-13 01:40:00+00:00,0.08675,0.08644,SessionHigh,SessionHigh,0.713507,7.286e-05,1,bearish_break_level,-0.092219,1-2
DOGE/USDT,2026-06-13 02:55:00+00:00,0.0865,0.08627,WeeklyOpen,Round_5bp,0.690401,6.929e-05,4,bearish_break_level,-0.323699,3-5
DOGE/USDT,2026-06-13 03:50:00+00:00,0.08639,0.08627,WeeklyOpen,Round_5bp,0.742033,9.286e-05,13,bearish_break_level,-0.300961,11-20
DOGE/USDT,2026-06-13 11:15:00+00:00,0.08791,0.08751,SessionHigh,SessionHigh,0.732815,5.214e-05,1,bearish_break_level,-0.182004,1-2
DOGE/USDT,2026-06-13 12:45:00+00:00,0.08854,0.08818,SessionHigh,SessionHigh,0.795499,6.5e-05,1,bearish_break_level,-0.090355,1-2
DOGE/USDT,2026-06-13 21:40:00+00:00,0.08829,0.08784855,Round_5bp,PDC,0.72776,7.786e-05,37,bearish_break_level,-0.566316,21-40
DOGE/USDT,2026-06-14 00:25:00+00:00,0.0879,0.08781,SessionLow,PDC,0.743088,5.143e-05,4,bearish_break_level,-0.125142,3-5
DOGE/USDT,2026-06-14 01:10:00+00:00,0.08782,0.08765,SessionLow,SessionHigh,0.72371,3.643e-05,6,bearish_break_level,0.011387,6-10
DOGE/USDT,2026-06-14 01:50:00+00:00,0.08798,0.08789,PDC,SessionHigh,0.731475,5.857e-05,7,bearish_break_level,-0.079564,6-10
DOGE/USDT,2026-06-14 03:55:00+00:00,0.08817,0.08804,SessionHigh,SessionHigh,0.793233,2.571e-05,2,bearish_break_level,-0.215493,1-2
DOGE/USDT,2026-06-14 04:15:00+00:00,0.08798,0.08789,PDC,SessionLow,0.709635,4.643e-05,6,bearish_break_level,-0.522846,6-10
DOGE/USDT,2026-06-14 04:50:00+00:00,0.08761,0.08752,SessionLow,SessionLow,0.708807,7.5e-05,8,bearish_break_level,-0.365255,6-10
DOGE/USDT,2026-06-14 14:45:00+00:00,0.08585,0.08574,SessionLow,WeeklyOpen,0.737361,6e-05,45,bearish_break_level,0.384391,41-60
DOGE/USDT,2026-06-14 15:00:00+00:00,0.08615,0.08588,PDL,WeeklyOpen,0.795386,7.786e-05,42,bearish_break_level,0.034823,41-60
DOGE/USDT,2026-06-14 15:30:00+00:00,0.08611,0.08588,PDL,WeeklyOpen,0.750392,0.00012571,36,bearish_break_level,0.081291,21-40
DOGE/USDT,2026-06-14 17:00:00+00:00,0.08648,0.08627,WeeklyOpen,WeeklyOpen,0.771565,0.00010143,18,bearish_break_level,-0.346901,11-20
DOT/USDT,2026-06-02 05:25:00+00:00,1.133,1.131,SessionLow,Round_5bp,0.735697,0.00128571,49,bearish_break_level,-0.70609,41-60
DOT/USDT,2026-06-02 06:00:00+00:00,1.14,1.131,SessionLow,Round_5bp,0.710686,0.00214286,42,bearish_break_level,-1.315789,41-60
DOT/USDT,2026-06-02 06:15:00+00:00,1.131,1.124,SessionLow,Round_5bp,0.74106,0.00371429,39,bearish_break_level,-0.530504,21-40
DOT/USDT,2026-06-02 06:55:00+00:00,1.134,1.12833,Round_5bp,Round_5bp,0.728535,0.00335714,31,bearish_break_level,-0.793651,21-40
DOT/USDT,2026-06-02 09:40:00+00:00,1.137,1.126,PDL,Round_5bp,0.720264,0.00128571,40,bearish_break_level,0.263852,21-40
DOT/USDT,2026-06-02 15:55:00+00:00,1.098,1.087,SessionLow,Round_5bp,0.716124,0.00442857,5,bearish_break_level,1.092896,3-5
DOT/USDT,2026-06-02 19:35:00+00:00,1.088,1.081,SessionLow,Round_5bp,0.715151,0.00228571,51,bearish_break_level,-0.827206,41-60
DOT/USDT,2026-06-02 23:35:00+00:00,1.072,1.062,SessionLow,Round_5bp,0.756752,0.00407143,3,bearish_break_level,0.652985,3-5
DOT/USDT,2026-06-03 01:45:00+00:00,1.081,1.077,SessionLow,SessionHigh,0.6883,0.00178571,6,bearish_break_level,0.277521,6-10
DOT/USDT,2026-06-03 03:50:00+00:00,1.074,1.064,SessionLow,PDC,0.715153,0.00314286,5,bearish_break_level,0.18622,3-5
DOT/USDT,2026-06-03 07:10:00+00:00,1.111,1.105,SessionHigh,SessionHigh,0.769772,0.00092857,26,bearish_break_level,-0.360036,21-40
DOT/USDT,2026-06-03 08:45:00+00:00,1.116,1.112,SessionHigh,SessionHigh,0.742895,0.00028571,7,bearish_break_level,-0.806452,6-10
DOT/USDT,2026-06-03 11:35:00+00:00,1.131,1.124,SessionHigh,SessionHigh,0.752025,0.00114286,7,bearish_break_level,-1.414677,6-10
DOT/USDT,2026-06-03 19:00:00+00:00,1.119,1.113405,Round_5bp,,0.694854,0.00271429,60,time_stop,-1.251117,41-60
DOT/USDT,2026-06-03 21:10:00+00:00,1.104,1.09848,Round_5bp,SessionHigh,0.748076,0.00214286,39,bearish_break_level,-0.543478,21-40
DOT/USDT,2026-06-04 00:05:00+00:00,1.111,1.105,PDC,SessionHigh,0.755542,0.003,4,bearish_break_level,-1.170117,3-5
DOT/USDT,2026-06-04 01:00:00+00:00,1.096,1.091,SessionLow,SessionLow,0.722923,0.00214286,6,bearish_break_level,-1.824818,6-10
DOT/USDT,2026-06-04 02:05:00+00:00,1.038,1.019,SessionLow,,0.760597,0.00964286,60,time_stop,3.179191,41-60
DOT/USDT,2026-06-04 02:45:00+00:00,1.061,1.055695,Round_5bp,,0.748481,0.01085714,60,time_stop,-0.565504,41-60
DOT/USDT,2026-06-04 07:45:00+00:00,1.055,1.049725,Round_5bp,Round_5bp,0.760941,0.00264286,16,bearish_break_level,-1.706161,11-20
DOT/USDT,2026-06-04 09:35:00+00:00,1.021,1.016,SessionLow,Round_5bp,0.723714,0.00242857,56,bearish_break_level,3.036239,41-60
DOT/USDT,2026-06-04 11:55:00+00:00,1.031,1.013,SessionLow,Round_5bp,0.714216,0.00235714,28,bearish_break_level,2.036857,21-40
DOT/USDT,2026-06-04 12:20:00+00:00,1.039,1.02861,Round_10bp,Round_5bp,0.708012,0.0025,23,bearish_break_level,1.251203,21-40
DOT/USDT,2026-06-04 15:55:00+00:00,1.069,1.064,PDL,Round_5bp,0.734175,0.00164286,38,bearish_break_level,-0.841908,21-40
DOT/USDT,2026-06-04 22:55:00+00:00,1.043,1.03257,Round_10bp,Round_5bp,0.793573,0.00235714,11,bearish_break_level,-0.479386,11-20
DOT/USDT,2026-06-05 00:40:00+00:00,1.042,1.038,SessionLow,SessionLow,0.787716,0.00192857,5,bearish_break_level,-1.439539,3-5
DOT/USDT,2026-06-05 03:15:00+00:00,1.021,1.008,SessionLow,PDL,0.806515,0.00414286,6,bearish_break_level,-0.979432,6-10
DOT/USDT,2026-06-05 05:10:00+00:00,1.015,1.006,SessionLow,SessionLow,0.68974,0.00414286,10,bearish_break_level,-1.970443,6-10
DOT/USDT,2026-06-05 05:20:00+00:00,1.02,1.0149,Round_5bp,SessionLow,0.705937,0.00421429,8,bearish_break_level,-2.45098,6-10
DOT/USDT,2026-06-05 06:30:00+00:00,0.973,0.95,SessionLow,,0.686601,0.00721429,60,time_stop,2.158273,41-60
DOT/USDT,2026-06-05 12:05:00+00:00,0.994,0.98406,Round_10bp,SessionLow,0.759163,0.00171429,42,bearish_break_level,-4.627767,41-60
DOT/USDT,2026-06-05 16:10:00+00:00,0.954,0.943,SessionLow,Round_5bp,0.720285,0.01071429,27,bearish_break_level,-0.314465,21-40
DOT/USDT,2026-06-05 16:40:00+00:00,0.958,0.95321,Round_5bp,Round_5bp,0.708252,0.00585714,21,bearish_break_level,-0.730689,21-40
DOT/USDT,2026-06-05 21:00:00+00:00,0.95,0.92,SessionLow,Round_10bp,0.747027,0.00214286,32,bearish_break_level,-1.473684,21-40
DOT/USDT,2026-06-06 00:20:00+00:00,0.956,0.938,PDC,SessionHigh,0.788539,0.00221429,9,bearish_break_level,0.627615,6-10
DOT/USDT,2026-06-06 01:00:00+00:00,0.966,0.956,SessionHigh,SessionHigh,0.859351,0.002,1,bearish_break_level,-0.414079,1-2
DOT/USDT,2026-06-06 04:45:00+00:00,0.9,0.891,Round_10bp,Round_5bp,0.738739,0.00471429,26,bearish_break_level,2.666667,21-40
DOT/USDT,2026-06-06 08:05:00+00:00,0.943,0.938,PDC,,0.734881,0.00135714,60,time_stop,-0.106045,41-60
DOT/USDT,2026-06-06 16:00:00+00:00,0.944,0.93928,Round_5bp,,0.842734,0.00192857,60,time_stop,-1.483051,41-60
DOT/USDT,2026-06-07 00:40:00+00:00,0.944,0.93,PDC,SessionHigh,0.782803,0.001,41,bearish_break_level,2.012712,41-60
DOT/USDT,2026-06-07 01:05:00+00:00,0.953,0.944,SessionHigh,SessionHigh,0.830903,0.00171429,36,bearish_break_level,1.049318,21-40
DOT/USDT,2026-06-07 09:20:00+00:00,0.977,0.97,SessionHigh,SessionHigh,0.84187,0.0005,9,bearish_break_level,-0.921187,6-10
DOT/USDT,2026-06-07 22:15:00+00:00,1.001,0.985,SessionHigh,SessionHigh,0.729812,0.00335714,12,bearish_break_level,-3.196803,11-20
DOT/USDT,2026-06-08 00:15:00+00:00,0.971,0.969,PDC,SessionHigh,0.868807,0.0025,25,bearish_break_level,0.0,21-40
DOT/USDT,2026-06-08 02:05:00+00:00,0.974,0.958,SessionLow,SessionHigh,0.776813,0.00214286,3,bearish_break_level,-0.308008,3-5
DOT/USDT,2026-06-08 05:15:00+00:00,0.956,0.955,SessionLow,PDC,0.784411,0.00121429,41,bearish_break_level,0.732218,41-60
DOT/USDT,2026-06-08 06:05:00+00:00,0.961,0.956195,Round_5bp,PDC,0.77007,0.00157143,31,bearish_break_level,0.208117,21-40
DOT/USDT,2026-06-08 14:40:00+00:00,0.982,0.98,SessionHigh,SessionHigh,0.83641,0.001,14,bearish_break_level,0.203666,11-20
DOT/USDT,2026-06-08 15:05:00+00:00,0.985,0.982,SessionHigh,SessionHigh,0.903675,0.00071429,9,bearish_break_level,-0.101523,6-10
DOT/USDT,2026-06-08 15:10:00+00:00,0.987,0.985,SessionHigh,SessionHigh,0.838538,0.00085714,8,bearish_break_level,-0.303951,6-10
DOT/USDT,2026-06-08 18:10:00+00:00,0.99,0.98505,Round_5bp,SessionHigh,0.769627,0.00114286,46,bearish_break_level,-0.909091,41-60
DOT/USDT,2026-06-09 09:25:00+00:00,0.975,0.969,WeeklyOpen,PDC,0.809117,0.00071429,3,bearish_break_level,-1.333333,3-5
DOT/USDT,2026-06-09 16:40:00+00:00,0.959,0.93,SessionLow,SessionHigh,0.704511,0.00328571,55,bearish_break_level,0.417101,41-60
DOT/USDT,2026-06-10 00:30:00+00:00,0.962,0.953,PDC,SessionHigh,0.779944,0.00064286,24,bearish_break_level,-1.351351,21-40
DOT/USDT,2026-06-10 06:40:00+00:00,0.951,0.94,SessionLow,,0.850364,0.00142857,60,time_stop,-1.051525,41-60
DOT/USDT,2026-06-10 13:30:00+00:00,0.95,0.9405,Round_10bp,,0.805622,0.00064286,60,time_stop,0.315789,41-60
DOT/USDT,2026-06-10 19:45:00+00:00,0.923,0.922,SessionLow,SessionLow,0.944659,0.00228571,13,bearish_break_level,-0.758397,11-20
DOT/USDT,2026-06-10 22:35:00+00:00,0.942,0.909,SessionLow,SessionHigh,0.763094,0.00307143,45,bearish_break_level,-1.273885,41-60
DOT/USDT,2026-06-11 00:10:00+00:00,0.92,0.906,PDL,SessionHigh,0.827518,0.001,26,bearish_break_level,1.086957,21-40
DOT/USDT,2026-06-11 00:15:00+00:00,0.925,0.92,SessionHigh,SessionHigh,0.80869,0.00135714,25,bearish_break_level,0.540541,21-40
DOT/USDT,2026-06-11 02:00:00+00:00,0.938,0.925,SessionHigh,SessionHigh,0.782372,0.00092857,4,bearish_break_level,-0.852878,3-5
DOT/USDT,2026-06-11 04:45:00+00:00,0.949,0.93951,Round_10bp,SessionHigh,0.797686,0.00271429,3,bearish_break_level,-0.316122,3-5
DOT/USDT,2026-06-11 12:30:00+00:00,0.942,0.93729,Round_5bp,,0.838196,0.00842857,60,time_stop,2.653928,41-60
DOT/USDT,2026-06-12 01:40:00+00:00,0.948,0.946,SessionLow,,0.763029,0.0035,60,time_stop,1.265823,41-60
DOT/USDT,2026-06-12 15:00:00+00:00,0.973,0.972,SessionHigh,SessionHigh,0.761152,0.00128571,9,bearish_break_level,-1.747174,6-10
DOT/USDT,2026-06-13 01:15:00+00:00,0.967,0.959,SessionLow,,0.836619,0.00071429,60,time_stop,0.41365,41-60
DOT/USDT,2026-06-13 01:35:00+00:00,0.968,0.967,SessionHigh,,0.867825,0.00078571,60,time_stop,0.309917,41-60
DOT/USDT,2026-06-13 01:40:00+00:00,0.97,0.968,SessionHigh,,0.85319,0.00092857,60,time_stop,0.103093,41-60
DOT/USDT,2026-06-13 04:45:00+00:00,0.971,0.97,SessionHigh,SessionHigh,0.853579,7.143e-05,27,bearish_break_level,0.720906,21-40
DOT/USDT,2026-06-13 06:55:00+00:00,0.979,0.971,SessionHigh,SessionHigh,0.850656,0.00057143,1,bearish_break_level,-0.102145,1-2
DOT/USDT,2026-06-13 07:45:00+00:00,0.986,0.982,SessionHigh,SessionHigh,0.883166,0.00178571,2,bearish_break_level,-0.709939,1-2
DOT/USDT,2026-06-14 01:05:00+00:00,0.978,0.976,PDC,,0.800966,0.00221429,60,time_stop,-0.920245,41-60
DOT/USDT,2026-06-14 04:00:00+00:00,0.984,0.973,SessionLow,,0.761609,0.00078571,60,time_stop,-1.52439,41-60
EGLD/USDT,2026-06-02 08:00:00+00:00,3.54,3.52,SessionLow,,0.990714,0.00857143,60,time_stop,0.564972,41-60
EGLD/USDT,2026-06-05 08:00:00+00:00,2.93,2.32,SessionLow,,0.967337,0.04357143,60,time_stop,-0.682594,41-60
EGLD/USDT,2026-06-13 01:10:00+00:00,2.84,2.76,PDH,,0.999568,0.00571429,60,time_stop,0.0,41-60
EGLD/USDT,2026-06-13 07:30:00+00:00,2.94,2.84,SessionHigh,,0.999568,0.00714286,60,time_stop,0.0,41-60
EGLD/USDT,2026-06-13 16:55:00+00:00,3.08,2.94,SessionHigh,,0.999568,0.01,60,time_stop,0.0,41-60
EIGEN/USDT,2026-06-05 12:00:00+00:00,0.2181,0.2006,PDH,,0.999568,0.00125,60,time_stop,0.0,41-60
EIGEN/USDT,2026-06-06 20:40:00+00:00,0.1596,0.142,SessionLow,,0.968129,0.0025,60,time_stop,0.0,41-60
EIGEN/USDT,2026-06-07 17:05:00+00:00,0.1645,0.1596,PDH,,0.999568,0.00035,60,time_stop,0.0,41-60
EIGEN/USDT,2026-06-11 08:50:00+00:00,0.1654,0.1575,PDH,,0.999568,0.00056429,60,time_stop,0.0,41-60
EIGEN/USDT,2026-06-11 18:15:00+00:00,0.1809,0.1654,SessionHigh,,0.999568,0.00110714,60,time_stop,0.0,41-60
ENA/USDT,2026-06-02 17:25:00+00:00,0.0951,0.0884,SessionHigh,SessionHigh,0.868963,0.00089286,29,bearish_break_level,-0.315457,21-40
ENA/USDT,2026-06-02 17:35:00+00:00,0.0966,0.0951,SessionHigh,SessionHigh,0.856868,0.001,27,bearish_break_level,-1.863354,21-40
ENA/USDT,2026-06-02 17:55:00+00:00,0.0968,0.0966,SessionHigh,SessionHigh,0.861254,0.0006,23,bearish_break_level,-2.066116,21-40
ENA/USDT,2026-06-02 18:00:00+00:00,0.1007,0.0968,SessionHigh,SessionHigh,0.836329,0.00087857,22,bearish_break_level,-5.858987,21-40
ENA/USDT,2026-06-03 04:45:00+00:00,0.0941,0.0906,SessionLow,SessionHigh,0.862885,0.00025,55,bearish_break_level,7.332625,41-60
ENA/USDT,2026-06-03 06:35:00+00:00,0.1007,0.0955,SessionHigh,SessionHigh,0.906954,0.00037143,33,bearish_break_level,0.297915,21-40
ENA/USDT,2026-06-03 07:10:00+00:00,0.1019,0.1007,PDH,SessionHigh,0.814063,0.00045714,26,bearish_break_level,-0.883219,21-40
ENA/USDT,2026-06-03 13:15:00+00:00,0.1089,0.1027,SessionHigh,SessionHigh,0.855882,0.00044286,8,bearish_break_level,-0.275482,6-10
ENA/USDT,2026-06-03 13:20:00+00:00,0.1092,0.1089,SessionHigh,SessionHigh,0.856997,0.00046429,7,bearish_break_level,-0.549451,6-10
ENA/USDT,2026-06-03 13:45:00+00:00,0.1109,0.1107,SessionHigh,SessionHigh,0.935233,0.00058571,2,bearish_break_level,-2.07394,1-2
ENA/USDT,2026-06-04 02:40:00+00:00,0.1067,0.1048,SessionLow,SessionHigh,0.792852,0.00038571,14,bearish_break_level,2.436739,11-20
ENA/USDT,2026-06-04 03:30:00+00:00,0.111,0.1089,SessionHigh,SessionHigh,0.797943,0.00044286,4,bearish_break_level,-1.531532,3-5
ENA/USDT,2026-06-04 03:40:00+00:00,0.1126,0.111,SessionHigh,SessionHigh,0.789862,0.00055714,2,bearish_break_level,-2.930728,1-2
ENA/USDT,2026-06-04 15:25:00+00:00,0.0986,0.0963,SessionLow,,0.91761,0.00016429,60,time_stop,3.144016,41-60
ENA/USDT,2026-06-04 23:00:00+00:00,0.0956,0.0935,SessionLow,PDC,0.894262,0.00073571,47,bearish_break_level,-4.916318,41-60
ENA/USDT,2026-06-05 04:55:00+00:00,0.0895,0.0888,SessionLow,,0.890334,0.0002,60,time_stop,-4.24581,41-60
ENA/USDT,2026-06-05 08:30:00+00:00,0.0883,0.0875,WeeklyOpen,,0.835263,7.857e-05,60,time_stop,2.378256,41-60
ENA/USDT,2026-06-05 13:20:00+00:00,0.0904,0.0857,SessionLow,SessionLow,0.823052,0.00033571,26,bearish_break_level,-6.858407,21-40
ENA/USDT,2026-06-05 16:45:00+00:00,0.0869,0.0834,SessionLow,SessionHigh,0.800635,0.00028571,59,bearish_break_level,8.975834,41-60
ENA/USDT,2026-06-06 06:25:00+00:00,0.0912,0.0898,SessionLow,SessionHigh,0.847283,0.0002,16,bearish_break_level,0.548246,11-20
ENA/USDT,2026-06-06 06:45:00+00:00,0.0982,0.0977,SessionHigh,SessionHigh,0.803848,0.0006,12,bearish_break_level,-6.619145,11-20
ENA/USDT,2026-06-07 01:15:00+00:00,0.0936,0.0894,PDL,,0.999568,0.0003,60,time_stop,0.0,41-60
ENA/USDT,2026-06-09 04:10:00+00:00,0.0816,0.081,SessionLow,,0.817194,4.286e-05,60,time_stop,3.063725,41-60
ENA/USDT,2026-06-09 13:00:00+00:00,0.0849,0.084051,Round_10bp,SessionLow,0.999568,5.714e-05,40,bearish_break_level,-8.598351,21-40
ENA/USDT,2026-06-09 23:00:00+00:00,0.0855,0.0776,SessionLow,PDC,0.999568,0.00056429,24,bearish_break_level,-5.497076,21-40
ENA/USDT,2026-06-10 16:40:00+00:00,0.0769,0.0767,SessionLow,SessionLow,0.970139,0.00030714,12,bearish_break_level,-2.210663,11-20
ENA/USDT,2026-06-10 21:50:00+00:00,0.0718,0.071,SessionLow,,0.822601,0.00033571,60,time_stop,0.557103,41-60
ENA/USDT,2026-06-11 03:30:00+00:00,0.0747,0.0722,PDC,,0.955903,0.00017857,60,time_stop,4.283802,41-60
ENA/USDT,2026-06-11 03:55:00+00:00,0.0779,0.0747,SessionHigh,,0.91976,0.00040714,60,time_stop,0.0,41-60
ENA/USDT,2026-06-12 07:35:00+00:00,0.0769,0.0767,PDC,,0.999568,1.429e-05,60,time_stop,0.780234,41-60
ENA/USDT,2026-06-12 09:20:00+00:00,0.0775,0.0769,SessionHigh,,0.922525,4.286e-05,60,time_stop,0.0,41-60
ENA/USDT,2026-06-13 07:25:00+00:00,0.0828,0.0775,PDH,,0.999568,0.00037857,60,time_stop,0.0,41-60
ENA/USDT,2026-06-13 13:50:00+00:00,0.0855,0.0828,SessionHigh,,0.999568,0.00019286,60,time_stop,1.637427,41-60
ENA/USDT,2026-06-13 14:00:00+00:00,0.0857,0.0855,SessionHigh,,0.989537,0.00020714,60,time_stop,1.400233,41-60
ENA/USDT,2026-06-13 15:20:00+00:00,0.0865,0.0857,SessionHigh,,0.93391,5.714e-05,60,time_stop,0.462428,41-60
ENA/USDT,2026-06-13 15:25:00+00:00,0.0869,0.0865,SessionHigh,,0.917414,8.571e-05,60,time_stop,0.0,41-60
ENA/USDT,2026-06-13 21:40:00+00:00,0.0871,0.0869,SessionHigh,,0.993778,5e-05,60,time_stop,-4.477612,41-60
ENJ/USDT,2026-06-05 17:05:00+00:00,0.04872,0.0412,PDL,SessionHigh,0.999568,0.00053714,21,bearish_break_level,-17.898194,21-40
ENJ/USDT,2026-06-08 00:35:00+00:00,0.0401,0.04,PDH,,0.999568,7.14e-06,60,time_stop,0.0,41-60
ENJ/USDT,2026-06-11 16:00:00+00:00,0.03605,0.036,PDH,,0.999568,4.29e-06,60,time_stop,-0.027739,41-60
ENJ/USDT,2026-06-12 12:55:00+00:00,0.03604,0.036,PDL,PDH,0.973092,2.86e-06,16,bearish_break_level,-1.775805,11-20
ENJ/USDT,2026-06-13 02:00:00+00:00,0.038,0.02563,PDL,,0.894305,0.00088357,60,time_stop,0.0,41-60
ENJ/USDT,2026-06-14 03:40:00+00:00,0.038,0.0315,PDC,PDH,0.999568,0.00046429,15,bearish_break_level,-17.078947,11-20
ENJ/USDT,2026-06-14 05:05:00+00:00,0.03891,0.0315,PDC,,0.971886,0.00099214,60,time_stop,7.941403,41-60
ENJ/USDT,2026-06-14 09:55:00+00:00,0.042,0.03891,SessionHigh,,0.832121,0.00022214,60,time_stop,28.571429,41-60
ENJ/USDT,2026-06-14 11:20:00+00:00,0.054,0.042,MonthlyOpen,SessionHigh,0.839493,0.00085714,48,bearish_break_level,-1.296296,41-60
ENS/USDT,2026-06-02 23:25:00+00:00,5.33,5.32,SessionLow,,0.980535,0.00071429,60,time_stop,0.0,41-60
ENS/USDT,2026-06-04 21:25:00+00:00,5.11,5.06,SessionLow,,0.999568,0.00357143,60,time_stop,0.0,41-60
ENS/USDT,2026-06-05 17:00:00+00:00,4.68,4.1,SessionLow,,0.935439,0.04142857,60,time_stop,0.0,41-60
ENS/USDT,2026-06-06 22:30:00+00:00,5.32,4.68,PDC,,0.999568,0.04857143,60,time_stop,0.0,41-60
ENS/USDT,2026-06-07 04:40:00+00:00,4.8,4.79,SessionLow,,0.969576,0.03857143,60,time_stop,0.0,41-60
ENS/USDT,2026-06-08 03:45:00+00:00,4.69,4.3,SessionLow,,0.993001,0.06357143,60,time_stop,0.0,41-60
ENS/USDT,2026-06-10 21:20:00+00:00,5.75,4.55,PDH,PDH,0.999568,0.08571429,49,bearish_break_level,-24.695652,41-60
ENS/USDT,2026-06-11 19:55:00+00:00,5.81,4.33,SessionLow,,0.999568,0.10571429,60,time_stop,0.0,41-60
ETC/USDT,2026-06-02 00:25:00+00:00,8.3,8.03,SessionLow,SessionHigh,0.930398,0.11214286,40,bearish_break_level,-3.012048,21-40
ETC/USDT,2026-06-02 12:20:00+00:00,8.1,7.96,PDL,Round_5bp,0.970928,0.01,39,bearish_break_level,-5.432099,21-40
ETC/USDT,2026-06-02 15:30:00+00:00,7.7,7.69,SessionLow,Round_5bp,0.969785,0.03714286,1,bearish_break_level,-0.519481,1-2
ETC/USDT,2026-06-03 00:00:00+00:00,7.68,7.6,PDL,,0.809559,0.01642857,60,time_stop,1.432292,41-60
ETC/USDT,2026-06-03 00:15:00+00:00,7.69,7.68,SessionHigh,,0.79896,0.00642857,60,time_stop,3.120936,41-60
ETC/USDT,2026-06-03 07:20:00+00:00,7.97,7.96,WeeklyOpen,SessionHigh,0.722469,0.01071429,18,bearish_break_level,-0.125471,11-20
ETC/USDT,2026-06-04 00:20:00+00:00,7.78,7.76,SessionHigh,SessionHigh,0.808447,0.00214286,1,bearish_break_level,-0.514139,1-2
ETC/USDT,2026-06-04 00:30:00+00:00,7.77,7.74,SessionLow,PDC,0.776376,0.01785714,3,bearish_break_level,-0.772201,3-5
ETC/USDT,2026-06-04 00:40:00+00:00,7.75,7.69,SessionLow,PDC,0.763894,0.03357143,1,bearish_break_level,-0.516129,1-2
ETC/USDT,2026-06-04 02:20:00+00:00,7.45,7.42,SessionLow,SessionHigh,0.783129,0.02928571,9,bearish_break_level,2.95302,6-10
ETC/USDT,2026-06-04 09:45:00+00:00,7.29,7.25,SessionLow,,0.919371,0.02857143,60,time_stop,2.331962,41-60
ETC/USDT,2026-06-04 12:35:00+00:00,7.45,7.2,SessionLow,,0.804632,0.01785714,60,time_stop,0.0,41-60
ETC/USDT,2026-06-04 18:30:00+00:00,7.48,7.4426,Round_5bp,,0.876832,0.00214286,60,time_stop,-2.941176,41-60
ETC/USDT,2026-06-05 01:05:00+00:00,7.37,7.31,SessionHigh,SessionHigh,0.749797,0.02071429,19,bearish_break_level,-3.527815,11-20
ETC/USDT,2026-06-05 06:00:00+00:00,7.04,7.01,SessionLow,SessionLow,0.773011,0.00214286,7,bearish_break_level,-2.698864,6-10
ETC/USDT,2026-06-05 06:40:00+00:00,6.89,6.85,SessionLow,Round_5bp,0.760173,0.01857143,56,bearish_break_level,-0.580552,41-60
ETC/USDT,2026-06-05 12:05:00+00:00,6.92,6.85,SessionLow,SessionLow,0.91583,0.00785714,43,bearish_break_level,-2.890173,41-60
ETC/USDT,2026-06-06 00:25:00+00:00,6.88,6.8,SessionLow,SessionHigh,0.710947,0.01142857,19,bearish_break_level,-1.453488,11-20
ETC/USDT,2026-06-07 05:10:00+00:00,7.02,6.93,SessionHigh,,0.872682,0.00642857,60,time_stop,1.566952,41-60
ETC/USDT,2026-06-07 09:20:00+00:00,7.13,7.02,SessionHigh,SessionHigh,0.897212,0.00785714,27,bearish_break_level,-1.12202,21-40
ETC/USDT,2026-06-07 22:10:00+00:00,7.09,7.05455,Round_5bp,SessionHigh,0.999568,0.00285714,4,bearish_break_level,0.282087,3-5
ETC/USDT,2026-06-08 00:15:00+00:00,7.23,7.09,PDC,SessionHigh,0.758338,0.01214286,3,bearish_break_level,-0.968188,3-5
ETC/USDT,2026-06-08 00:20:00+00:00,7.24,7.23,SessionHigh,SessionHigh,0.753177,0.01857143,2,bearish_break_level,-1.104972,1-2
ETC/USDT,2026-06-08 09:20:00+00:00,7.06,7.04,SessionLow,,0.936472,0.00142857,60,time_stop,0.566572,41-60
ETC/USDT,2026-06-09 00:15:00+00:00,7.07,7.01,SessionLow,SessionLow,0.995359,0.02071429,3,bearish_break_level,-1.131542,3-5
ETC/USDT,2026-06-09 05:55:00+00:00,7.14,6.95,SessionLow,Round_10bp,0.859028,0.01357143,9,bearish_break_level,-0.980392,6-10
ETC/USDT,2026-06-09 14:05:00+00:00,7.0,6.965,Round_5bp,,0.990769,0.01428571,60,time_stop,-0.714286,41-60
ETC/USDT,2026-06-09 15:05:00+00:00,7.06,6.91,SessionLow,,0.871696,0.03214286,60,time_stop,-1.558074,41-60
ETC/USDT,2026-06-09 17:00:00+00:00,6.92,6.85,SessionLow,,0.844645,0.02,60,time_stop,2.601156,41-60
ETC/USDT,2026-06-09 17:10:00+00:00,6.95,6.91525,Round_5bp,,0.796024,0.02214286,60,time_stop,2.158273,41-60
ETC/USDT,2026-06-10 05:40:00+00:00,7.01,6.99,SessionLow,SessionHigh,0.924362,0.00357143,42,bearish_break_level,-1.28388,41-60
ETC/USDT,2026-06-10 10:00:00+00:00,6.91,6.88,SessionLow,,0.923642,0.01214286,60,time_stop,0.0,41-60
ETC/USDT,2026-06-10 21:50:00+00:00,6.87,6.86,SessionLow,PDC,0.901236,0.00571429,28,bearish_break_level,1.310044,21-40
ETC/USDT,2026-06-11 17:30:00+00:00,7.24,7.01,PDH,SessionHigh,0.999568,0.01642857,4,bearish_break_level,1.243094,3-5
ETC/USDT,2026-06-11 17:35:00+00:00,7.3,7.24,SessionHigh,SessionHigh,0.995227,0.02071429,3,bearish_break_level,0.410959,3-5
ETC/USDT,2026-06-11 17:40:00+00:00,7.35,7.3,SessionHigh,SessionHigh,0.98728,0.02428571,2,bearish_break_level,-0.272109,1-2
ETC/USDT,2026-06-12 00:25:00+00:00,7.25,7.24,SessionLow,Round_5bp,0.96532,0.005,1,bearish_break_level,-0.551724,1-2
ETC/USDT,2026-06-12 00:35:00+00:00,7.25,7.21,SessionLow,SessionHigh,0.92044,0.01142857,45,bearish_break_level,0.689655,41-60
ETC/USDT,2026-06-12 03:15:00+00:00,7.34,7.27,PDC,SessionHigh,0.871385,0.00642857,13,bearish_break_level,-0.544959,11-20
ETC/USDT,2026-06-12 09:20:00+00:00,7.25,7.21,SessionLow,,0.903448,0.00285714,60,time_stop,-0.275862,41-60
ETC/USDT,2026-06-12 18:25:00+00:00,7.23,7.13,SessionLow,,0.890544,0.01928571,60,time_stop,-1.383126,41-60
ETC/USDT,2026-06-13 00:15:00+00:00,7.2,7.13,PDL,SessionHigh,0.819712,0.005,1,bearish_break_level,-0.138889,1-2
ETC/USDT,2026-06-13 09:20:00+00:00,7.17,7.11,SessionLow,,0.979101,0.00428571,60,time_stop,0.0,41-60
ETC/USDT,2026-06-14 09:10:00+00:00,7.3,7.15,SessionLow,SessionHigh,0.999568,0.01071429,2,bearish_break_level,-2.876712,1-2
ETH/USDT,2026-06-02 01:10:00+00:00,1997.81,1993.1,SessionLow,SessionLow,0.717634,2.44071429,5,bearish_break_level,-0.702269,3-5
ETH/USDT,2026-06-02 07:15:00+00:00,1988.05,1982.89,WeeklyOpen,WeeklyOpen,0.701598,3.39428571,18,bearish_break_level,-0.491436,11-20
ETH/USDT,2026-06-02 07:35:00+00:00,1987.39,1982.89,WeeklyOpen,WeeklyOpen,0.696914,4.085,14,bearish_break_level,-0.45839,11-20
ETH/USDT,2026-06-02 08:25:00+00:00,1985.68,1982.89,WeeklyOpen,WeeklyOpen,0.701886,2.87428571,4,bearish_break_level,-0.372668,3-5
ETH/USDT,2026-06-02 16:05:00+00:00,1921.43,1911.82285,Round_5bp,,0.690056,9.60928571,60,time_stop,-0.658364,41-60
ETH/USDT,2026-06-02 16:10:00+00:00,1932.7,1923.0365,Round_5bp,,0.727297,9.96285714,60,time_stop,-1.582242,41-60
ETH/USDT,2026-06-02 23:30:00+00:00,1851.86,1842.6007,Round_5bp,SessionHigh,0.743438,10.03714286,10,bearish_break_level,0.737097,6-10
ETH/USDT,2026-06-03 00:05:00+00:00,1862.56,1859.58,SessionLow,SessionHigh,0.734217,8.48714286,3,bearish_break_level,0.158384,3-5
ETH/USDT,2026-06-03 00:10:00+00:00,1868.05,1861.12,PDC,SessionHigh,0.755371,7.95,2,bearish_break_level,-0.135971,1-2
ETH/USDT,2026-06-03 01:15:00+00:00,1863.97,1861.12,PDC,SessionLow,0.715837,4.76928571,5,bearish_break_level,-0.737673,3-5
ETH/USDT,2026-06-03 01:45:00+00:00,1856.62,1850.22,SessionLow,PDC,0.679491,4.32142857,7,bearish_break_level,-0.136269,6-10
ETH/USDT,2026-06-03 03:20:00+00:00,1849.44,1846.64,SessionLow,SessionLow,0.774419,3.42,2,bearish_break_level,-0.634787,1-2
ETH/USDT,2026-06-03 03:50:00+00:00,1833.48,1819.58,SessionLow,SessionHigh,0.722334,6.22642857,26,bearish_break_level,2.13092,21-40
ETH/USDT,2026-06-03 04:20:00+00:00,1843.99,1840.0,PDL,SessionHigh,0.7425,7.13714286,20,bearish_break_level,1.548815,11-20
ETH/USDT,2026-06-03 04:40:00+00:00,1844.62,1840.0,PDL,SessionHigh,0.73572,6.46428571,16,bearish_break_level,1.514133,11-20
ETH/USDT,2026-06-03 04:55:00+00:00,1851.46,1842.2027,Round_5bp,SessionHigh,0.723687,5.36357143,13,bearish_break_level,1.139101,11-20
ETH/USDT,2026-06-03 06:35:00+00:00,1883.14,1880.0,SessionHigh,SessionHigh,0.772364,3.55785714,1,bearish_break_level,-0.123198,1-2
ETH/USDT,2026-06-03 13:50:00+00:00,1869.73,1861.12,PDC,Round_5bp,0.752606,5.04428571,5,bearish_break_level,-0.647152,3-5
ETH/USDT,2026-06-04 00:00:00+00:00,1816.84,1814.11,PDC,SessionLow,0.716698,6.25642857,5,bearish_break_level,-1.685894,3-5
ETH/USDT,2026-06-04 00:30:00+00:00,1800.87,1786.21,SessionLow,Round_5bp,0.700626,8.34428571,9,bearish_break_level,-1.306035,6-10
ETH/USDT,2026-06-04 01:25:00+00:00,1773.97,1770.5,PDL,PDL,0.743375,12.48071429,12,bearish_break_level,-0.367537,11-20
ETH/USDT,2026-06-04 04:20:00+00:00,1816.87,1814.11,PDC,Round_5bp,0.732769,5.57714286,8,bearish_break_level,-1.185555,6-10
ETH/USDT,2026-06-04 08:50:00+00:00,1773.09,1770.5,PDL,Round_5bp,0.759524,5.395,5,bearish_break_level,-0.923247,3-5
ETH/USDT,2026-06-04 12:00:00+00:00,1756.16,1747.3792,Round_5bp,Round_5bp,0.75964,5.30714286,15,bearish_break_level,0.525009,11-20
ETH/USDT,2026-06-04 14:40:00+00:00,1772.79,1770.5,PDL,Round_5bp,0.705826,6.73,31,bearish_break_level,-0.486803,21-40
ETH/USDT,2026-06-04 14:55:00+00:00,1774.4,1770.5,PDL,Round_5bp,0.706667,5.905,28,bearish_break_level,-0.577096,21-40
ETH/USDT,2026-06-04 18:15:00+00:00,1768.18,1759.3391,Round_5bp,Round_5bp,0.714049,5.81928571,21,bearish_break_level,0.15383,21-40
ETH/USDT,2026-06-04 19:10:00+00:00,1774.88,1770.5,PDL,Round_5bp,0.723452,4.96071429,10,bearish_break_level,-0.224241,6-10
ETH/USDT,2026-06-04 20:40:00+00:00,1773.19,1770.5,PDL,PDL,0.705062,4.18642857,11,bearish_break_level,-0.534066,11-20
ETH/USDT,2026-06-04 23:00:00+00:00,1774.56,1770.5,PDL,PDL,0.706358,5.90357143,3,bearish_break_level,-0.820485,3-5
ETH/USDT,2026-06-05 00:05:00+00:00,1766.93,1765.1,SessionLow,SessionLow,0.70901,4.11857143,2,bearish_break_level,-0.283543,1-2
ETH/USDT,2026-06-05 00:20:00+00:00,1770.27,1760.84,SessionLow,SessionHigh,0.721961,4.43857143,2,bearish_break_level,0.054229,1-2
ETH/USDT,2026-06-05 06:40:00+00:00,1667.34,1650.6666,Round_10bp,Round_5bp,0.725018,16.04071429,4,bearish_break_level,-1.229503,3-5
ETH/USDT,2026-06-05 07:25:00+00:00,1660.45,1652.14775,Round_5bp,Round_5bp,0.700136,12.44285714,22,bearish_break_level,1.13945,21-40
ETH/USDT,2026-06-05 22:35:00+00:00,1602.59,1594.57705,Round_5bp,SessionHigh,0.716665,5.99571429,19,bearish_break_level,-0.304507,11-20
ETH/USDT,2026-06-06 00:05:00+00:00,1600.3,1598.33,SessionHigh,SessionHigh,0.741749,7.90642857,1,bearish_break_level,-0.161845,1-2
ETH/USDT,2026-06-06 01:15:00+00:00,1586.53,1584.77,SessionLow,SessionLow,0.742544,3.63785714,11,bearish_break_level,-0.644173,11-20
ETH/USDT,2026-06-06 01:25:00+00:00,1592.89,1579.04,SessionLow,SessionLow,0.694725,4.49142857,9,bearish_break_level,-1.040875,6-10
ETH/USDT,2026-06-06 01:45:00+00:00,1587.37,1583.32,PDC,SessionLow,0.74787,4.20785714,5,bearish_break_level,-0.69675,3-5
ETH/USDT,2026-06-06 02:20:00+00:00,1577.26,1568.38,SessionLow,PDC,0.722742,4.90214286,7,bearish_break_level,-0.074179,6-10
ETH/USDT,2026-06-06 03:10:00+00:00,1570.04,1568.38,SessionLow,SessionLow,0.738614,4.77642857,12,bearish_break_level,-1.778299,11-20
ETH/USDT,2026-06-06 06:15:00+00:00,1577.28,1569.3936,Round_5bp,Round_5bp,0.715387,9.36428571,5,bearish_break_level,-0.602303,3-5
ETH/USDT,2026-06-06 07:30:00+00:00,1573.08,1565.2146,Round_5bp,PDC,0.724458,5.16571429,19,bearish_break_level,0.394767,11-20
ETH/USDT,2026-06-06 09:30:00+00:00,1585.51,1583.32,PDC,Round_5bp,0.713832,4.09928571,2,bearish_break_level,-0.377796,1-2
ETH/USDT,2026-06-06 18:25:00+00:00,1565.29,1557.46355,Round_5bp,,0.750306,4.06285714,60,time_stop,-0.329651,41-60
ETH/USDT,2026-06-06 19:05:00+00:00,1563.04,1555.2248,Round_5bp,SessionHigh,0.710162,3.61285714,60,bearish_break_level,0.374271,41-60
ETH/USDT,2026-06-07 01:00:00+00:00,1575.06,1567.1847,Round_5bp,SessionHigh,0.728463,3.10285714,4,bearish_break_level,0.987899,3-5
ETH/USDT,2026-06-07 01:15:00+00:00,1595.35,1584.83,SessionHigh,SessionHigh,0.720832,4.17428571,1,bearish_break_level,-0.296487,1-2
ETH/USDT,2026-06-07 02:45:00+00:00,1593.06,1585.0947,Round_5bp,PDH,0.749268,3.51428571,7,bearish_break_level,0.315745,6-10
ETH/USDT,2026-06-07 05:15:00+00:00,1608.22,1600.82,PDH,SessionHigh,0.73953,3.75857143,1,bearish_break_level,-0.35132,1-2
ETH/USDT,2026-06-07 05:35:00+00:00,1608.77,1600.82,PDH,SessionHigh,0.698366,4.54142857,1,bearish_break_level,-0.146074,1-2
ETH/USDT,2026-06-07 06:15:00+00:00,1604.8,1600.82,PDH,SessionHigh,0.750358,4.83571429,33,bearish_break_level,2.112413,21-40
ETH/USDT,2026-06-07 06:25:00+00:00,1620.04,1608.99,SessionHigh,SessionHigh,0.707552,4.71357143,31,bearish_break_level,1.151823,21-40
ETH/USDT,2026-06-07 08:45:00+00:00,1629.7,1621.5515,Round_5bp,SessionHigh,0.730175,2.91357143,3,bearish_break_level,0.552249,3-5
ETH/USDT,2026-06-08 00:05:00+00:00,1688.92,1684.58,SessionLow,SessionHigh,0.717255,5.39785714,7,bearish_break_level,1.148663,6-10
ETH/USDT,2026-06-08 01:30:00+00:00,1679.27,1674.45,SessionLow,PDC,0.71347,7.36642857,21,bearish_break_level,0.366826,21-40
ETH/USDT,2026-06-08 04:15:00+00:00,1668.61,1666.1,SessionLow,SessionLow,0.785689,3.58142857,4,bearish_break_level,-0.576528,3-5
ETH/USDT,2026-06-08 12:55:00+00:00,1695.24,1690.75,PDC,Round_5bp,0.727271,6.15,6,bearish_break_level,-0.452443,6-10
ETH/USDT,2026-06-08 13:05:00+00:00,1693.54,1690.75,PDC,Round_5bp,0.723494,6.33214286,4,bearish_break_level,-0.352516,3-5
ETH/USDT,2026-06-08 13:20:00+00:00,1695.37,1690.75,PDC,Round_5bp,0.711212,4.82928571,1,bearish_break_level,-0.460077,1-2
ETH/USDT,2026-06-08 13:50:00+00:00,1689.35,1680.90325,Round_5bp,PDC,0.692152,5.12642857,1,bearish_break_level,-0.463492,1-2
ETH/USDT,2026-06-08 15:50:00+00:00,1694.48,1690.75,PDC,PDC,0.740434,5.57,12,bearish_break_level,-0.526415,11-20
ETH/USDT,2026-06-08 22:20:00+00:00,1694.97,1690.75,PDC,Round_5bp,0.697854,3.86285714,17,bearish_break_level,-0.30384,11-20
ETH/USDT,2026-06-09 00:40:00+00:00,1670.05,1664.57,SessionLow,,0.734537,5.67714286,60,time_stop,1.444268,41-60
ETH/USDT,2026-06-09 02:40:00+00:00,1660.34,1655.55,SessionLow,PDC,0.710055,2.47285714,39,bearish_break_level,1.705675,21-40
ETH/USDT,2026-06-09 04:50:00+00:00,1693.97,1690.73,PDC,PDC,0.7049,4.13571429,13,bearish_break_level,-0.313465,11-20
ETH/USDT,2026-06-09 12:00:00+00:00,1679.86,1671.4607,Round_5bp,SessionLow,0.780067,2.71785714,27,bearish_break_level,-1.911469,21-40
ETH/USDT,2026-06-09 14:50:00+00:00,1641.2,1634.96,SessionLow,PDL,0.751346,7.09714286,7,bearish_break_level,-0.077992,6-10
ETH/USDT,2026-06-09 16:20:00+00:00,1629.39,1623.52,SessionLow,PDL,0.687033,4.90285714,17,bearish_break_level,0.730335,11-20
ETH/USDT,2026-06-09 22:05:00+00:00,1647.54,1644.85,PDL,PDL,0.709461,2.05071429,9,bearish_break_level,-0.356289,6-10
ETH/USDT,2026-06-10 00:25:00+00:00,1642.98,1639.13,PDC,SessionHigh,0.738262,2.87928571,1,bearish_break_level,-0.520396,1-2
ETH/USDT,2026-06-10 03:05:00+00:00,1629.47,1623.34,SessionLow,SessionLow,0.713603,2.56357143,26,bearish_break_level,-0.774485,21-40
ETH/USDT,2026-06-10 05:20:00+00:00,1620.24,1616.85,SessionLow,PDC,0.701509,2.71785714,32,bearish_break_level,0.951094,21-40
ETH/USDT,2026-06-10 07:40:00+00:00,1640.82,1639.13,PDC,PDC,0.737637,3.06285714,4,bearish_break_level,-0.315086,3-5
ETH/USDT,2026-06-10 09:25:00+00:00,1619.21,1613.91,PDL,PDC,0.726609,3.54428571,42,bearish_break_level,1.097449,41-60
ETH/USDT,2026-06-10 13:30:00+00:00,1641.29,1639.13,PDC,SessionHigh,0.729161,3.94928571,3,bearish_break_level,1.361734,3-5
ETH/USDT,2026-06-10 15:10:00+00:00,1641.49,1639.13,PDC,Round_5bp,0.700262,4.78357143,7,bearish_break_level,0.278406,6-10
ETH/USDT,2026-06-10 15:20:00+00:00,1649.52,1641.2724,Round_5bp,Round_5bp,0.708327,5.13142857,5,bearish_break_level,-0.209758,3-5
ETH/USDT,2026-06-10 16:50:00+00:00,1641.24,1633.0338,Round_5bp,PDC,0.704839,7.51357143,7,bearish_break_level,-0.82986,6-10
ETH/USDT,2026-06-10 17:00:00+00:00,1647.03,1638.79485,Round_5bp,PDC,0.692777,5.75714286,5,bearish_break_level,-1.178485,3-5
ETH/USDT,2026-06-10 22:35:00+00:00,1616.98,1613.91,PDL,SessionHigh,0.730783,3.95428571,21,bearish_break_level,0.8386,21-40
ETH/USDT,2026-06-10 23:15:00+00:00,1617.23,1613.91,PDL,SessionHigh,0.749111,3.08357143,13,bearish_break_level,0.823012,11-20
ETH/USDT,2026-06-11 00:00:00+00:00,1625.25,1620.63,PDC,SessionHigh,0.744599,2.29142857,4,bearish_break_level,0.325488,3-5
ETH/USDT,2026-06-11 01:10:00+00:00,1639.45,1633.78,SessionHigh,SessionHigh,0.750175,2.19571429,7,bearish_break_level,0.234225,6-10
ETH/USDT,2026-06-11 01:40:00+00:00,1647.59,1644.19,SessionHigh,SessionHigh,0.701912,1.97285714,1,bearish_break_level,-0.260987,1-2
ETH/USDT,2026-06-11 06:10:00+00:00,1656.14,1647.8593,Round_5bp,SessionHigh,0.714215,1.29857143,3,bearish_break_level,0.116536,3-5
ETH/USDT,2026-06-11 11:50:00+00:00,1669.37,1665.3,SessionHigh,PDH,0.739825,2.53071429,2,bearish_break_level,-0.36361,1-2
ETH/USDT,2026-06-11 17:25:00+00:00,1652.18,1635.6582,Round_10bp,SessionHigh,0.722617,4.52571429,5,bearish_break_level,1.933203,3-5
ETH/USDT,2026-06-11 17:45:00+00:00,1693.1,1676.169,Round_10bp,SessionHigh,0.732879,7.76428571,1,bearish_break_level,-0.530388,1-2
ETH/USDT,2026-06-11 20:45:00+00:00,1669.33,1667.34,PDH,PDC,0.700315,2.69071429,39,bearish_break_level,0.0623,21-40
ETH/USDT,2026-06-12 00:05:00+00:00,1677.91,1670.37,SessionLow,SessionHigh,0.700558,2.61214286,1,bearish_break_level,-0.154955,1-2
ETH/USDT,2026-06-12 04:20:00+00:00,1677.35,1674.62,PDC,PDC,0.709284,1.70785714,9,bearish_break_level,-0.315975,6-10
ETH/USDT,2026-06-12 06:45:00+00:00,1656.9,1653.63,SessionLow,PDC,0.738819,1.475,23,bearish_break_level,0.948156,21-40
ETH/USDT,2026-06-12 10:45:00+00:00,1676.52,1674.62,PDC,PDC,0.701892,1.665,15,bearish_break_level,-0.40262,11-20
ETH/USDT,2026-06-12 11:00:00+00:00,1677.68,1674.62,PDC,PDC,0.767274,1.51642857,12,bearish_break_level,-0.471484,11-20
ETH/USDT,2026-06-12 11:20:00+00:00,1678.16,1674.62,PDC,PDC,0.739351,1.47928571,8,bearish_break_level,-0.499952,6-10
ETH/USDT,2026-06-12 14:00:00+00:00,1665.34,1653.63,SessionLow,PDC,0.715367,3.885,8,bearish_break_level,0.391512,6-10
ETH/USDT,2026-06-12 15:50:00+00:00,1669.85,1661.50075,Round_5bp,PDC,0.725589,6.09928571,5,bearish_break_level,-0.055694,3-5
ETH/USDT,2026-06-13 00:20:00+00:00,1668.78,1666.54,PDC,SessionHigh,0.733923,1.12714286,1,bearish_break_level,-0.119848,1-2
ETH/USDT,2026-06-13 00:30:00+00:00,1668.22,1666.54,PDC,SessionHigh,0.711462,1.30785714,2,bearish_break_level,-0.076129,1-2
ETH/USDT,2026-06-13 01:05:00+00:00,1669.63,1666.54,PDC,SessionHigh,0.730219,0.90785714,4,bearish_break_level,-0.101819,3-5
ETH/USDT,2026-06-13 02:55:00+00:00,1668.26,1666.54,PDC,PDC,0.71301,1.12428571,5,bearish_break_level,-0.228382,3-5
ETH/USDT,2026-06-13 03:45:00+00:00,1665.53,1663.45,SessionLow,PDC,0.754297,1.07642857,4,bearish_break_level,-0.113477,3-5
ETH/USDT,2026-06-13 04:25:00+00:00,1665.64,1663.45,SessionLow,PDC,0.72892,0.78428571,16,bearish_break_level,-0.109267,11-20
ETH/USDT,2026-06-13 06:50:00+00:00,1668.36,1666.54,PDC,SessionHigh,0.733238,0.77857143,16,bearish_break_level,0.437555,11-20
ETH/USDT,2026-06-13 12:45:00+00:00,1680.98,1678.78,SessionHigh,SessionHigh,0.712408,0.56571429,3,bearish_break_level,-0.117194,3-5
ETH/USDT,2026-06-13 21:40:00+00:00,1688.04,1679.5998,Round_5bp,SessionHigh,0.712933,1.71785714,38,bearish_break_level,-0.39691,21-40
ETH/USDT,2026-06-14 00:25:00+00:00,1681.58,1679.86,SessionLow,SessionHigh,0.761571,0.88,5,bearish_break_level,-0.014272,3-5
ETH/USDT,2026-06-14 00:35:00+00:00,1682.96,1680.93,PDC,SessionHigh,0.711922,0.78357143,3,bearish_break_level,-0.096259,3-5
ETH/USDT,2026-06-14 00:55:00+00:00,1681.91,1679.86,SessionLow,PDC,0.726204,0.86071429,44,bearish_break_level,-0.173018,41-60
ETH/USDT,2026-06-14 01:15:00+00:00,1688.84,1684.49,SessionHigh,PDC,0.764336,1.23285714,40,bearish_break_level,-0.582648,21-40
ETH/USDT,2026-06-14 04:15:00+00:00,1681.87,1679.86,SessionLow,PDC,0.715866,0.55571429,4,bearish_break_level,-0.170643,3-5
ETH/USDT,2026-06-14 05:00:00+00:00,1679.29,1676.83,SessionLow,PDC,0.721519,0.8,2,bearish_break_level,-0.07265,1-2
ETH/USDT,2026-06-14 05:50:00+00:00,1678.47,1675.0,SessionLow,PDC,0.724799,0.87,7,bearish_break_level,0.010724,6-10
ETH/USDT,2026-06-14 07:20:00+00:00,1676.82,1674.65,SessionLow,SessionLow,0.729587,0.64,23,bearish_break_level,-0.432962,21-40
ETH/USDT,2026-06-14 09:30:00+00:00,1674.17,1669.56,SessionLow,SessionLow,0.717164,1.28571429,37,bearish_break_level,-0.384071,21-40
ETH/USDT,2026-06-14 12:40:00+00:00,1669.05,1667.26,SessionLow,Round_5bp,0.710162,0.95142857,22,bearish_break_level,-0.638687,21-40
ETH/USDT,2026-06-14 14:45:00+00:00,1657.22,1654.78,SessionLow,PDL,0.750822,1.62357143,25,bearish_break_level,0.273349,21-40
FARTCOIN/USDT,2026-06-03 05:00:00+00:00,0.142,0.1325,PDL,,0.933687,0.00067857,60,time_stop,0.0,41-60
FARTCOIN/USDT,2026-06-04 03:40:00+00:00,0.142,0.13,SessionLow,,0.892411,0.00085714,60,time_stop,0.0,41-60
FARTCOIN/USDT,2026-06-06 04:55:00+00:00,0.1066,0.1038,SessionLow,,0.951096,0.00104286,60,time_stop,-6.19137,41-60
FARTCOIN/USDT,2026-06-07 06:35:00+00:00,0.1123,0.1,PDL,,0.999568,0.00087857,60,time_stop,2.404274,41-60
FARTCOIN/USDT,2026-06-07 06:55:00+00:00,0.115,0.1123,SessionHigh,,0.993972,0.00107143,60,time_stop,0.0,41-60
FARTCOIN/USDT,2026-06-07 17:05:00+00:00,0.1219,0.115,SessionHigh,,0.999568,0.00049286,60,time_stop,0.0,41-60
FARTCOIN/USDT,2026-06-11 02:10:00+00:00,0.1299,0.1219,PDH,,0.999568,0.00057143,60,time_stop,0.0,41-60
FET/USDT,2026-06-02 00:30:00+00:00,0.2792,0.2736,SessionHigh,SessionHigh,0.712835,0.00159286,1,bearish_break_level,-0.859599,1-2
FET/USDT,2026-06-02 00:50:00+00:00,0.2784,0.276,WeeklyOpen,WeeklyOpen,0.721766,0.00161429,7,bearish_break_level,-1.724138,6-10
FET/USDT,2026-06-02 01:20:00+00:00,0.276,0.2741,PDC,WeeklyOpen,0.705053,0.00177143,1,bearish_break_level,-0.869565,1-2
FET/USDT,2026-06-02 02:55:00+00:00,0.2717,0.2703415,Round_5bp,Round_5bp,0.715773,0.00135,10,bearish_break_level,0.588885,6-10
FET/USDT,2026-06-02 03:30:00+00:00,0.276,0.2741,PDC,Round_5bp,0.732962,0.0013,3,bearish_break_level,-0.978261,3-5
FET/USDT,2026-06-02 03:35:00+00:00,0.277,0.276,WeeklyOpen,Round_5bp,0.748709,0.00137143,2,bearish_break_level,-1.33574,1-2
FET/USDT,2026-06-02 04:50:00+00:00,0.2774,0.274626,Round_10bp,SessionHigh,0.716665,0.00148571,6,bearish_break_level,1.225667,6-10
FET/USDT,2026-06-02 06:15:00+00:00,0.2698,0.268451,Round_5bp,Round_10bp,0.727289,0.00222143,9,bearish_break_level,0.555967,6-10
FET/USDT,2026-06-02 07:20:00+00:00,0.2768,0.276,WeeklyOpen,Round_10bp,0.745088,0.00110714,1,bearish_break_level,-0.975434,1-2
FET/USDT,2026-06-02 07:30:00+00:00,0.2768,0.2741,PDC,Round_5bp,0.770251,0.00137857,7,bearish_break_level,-0.975434,6-10
FET/USDT,2026-06-02 08:10:00+00:00,0.2757,0.2741,PDC,Round_5bp,0.709421,0.00111429,7,bearish_break_level,-0.870511,6-10
FET/USDT,2026-06-02 11:00:00+00:00,0.2754,0.2741,PDC,WeeklyOpen,0.715524,0.00072143,2,bearish_break_level,-0.363108,1-2
FET/USDT,2026-06-02 11:45:00+00:00,0.277,0.276,WeeklyOpen,Round_10bp,0.734305,0.00124286,6,bearish_break_level,-2.202166,6-10
FET/USDT,2026-06-02 12:20:00+00:00,0.2736,0.270864,Round_10bp,Round_5bp,0.716981,0.00160714,1,bearish_break_level,-0.584795,1-2
FET/USDT,2026-06-02 15:10:00+00:00,0.2683,0.2669585,Round_5bp,SessionLow,0.735619,0.00233571,4,bearish_break_level,-3.503541,3-5
FET/USDT,2026-06-02 16:10:00+00:00,0.2613,0.2599935,Round_5bp,Round_5bp,0.750058,0.00277857,24,bearish_break_level,1.875239,21-40
FET/USDT,2026-06-02 19:05:00+00:00,0.2538,0.2523,SessionLow,Round_5bp,0.71957,0.0018,2,bearish_break_level,-0.197006,1-2
FET/USDT,2026-06-02 21:25:00+00:00,0.2508,0.249546,Round_5bp,SessionHigh,0.713015,0.00175714,35,bearish_break_level,-1.834131,21-40
FET/USDT,2026-06-02 22:25:00+00:00,0.2508,0.249546,Round_5bp,SessionHigh,0.712245,0.00122857,23,bearish_break_level,-1.834131,21-40
FET/USDT,2026-06-03 00:05:00+00:00,0.2455,0.2429,PDC,SessionHigh,0.732131,0.00117143,3,bearish_break_level,0.285132,3-5
FET/USDT,2026-06-03 00:10:00+00:00,0.2473,0.2455,SessionHigh,SessionHigh,0.719354,0.0013,2,bearish_break_level,-0.444804,1-2
FET/USDT,2026-06-03 00:40:00+00:00,0.2486,0.2478,SessionHigh,SessionHigh,0.726839,0.00115,2,bearish_break_level,-0.925181,1-2
FET/USDT,2026-06-03 04:30:00+00:00,0.2568,0.2553,SessionHigh,SessionHigh,0.724438,0.00141429,1,bearish_break_level,-0.778816,1-2
FET/USDT,2026-06-03 04:45:00+00:00,0.2583,0.2578,SessionHigh,SessionHigh,0.740472,0.0017,5,bearish_break_level,2.32288,3-5
FET/USDT,2026-06-03 04:55:00+00:00,0.2613,0.2583,SessionHigh,SessionHigh,0.716688,0.00155,3,bearish_break_level,1.148106,3-5
FET/USDT,2026-06-03 06:30:00+00:00,0.2645,0.261855,Round_10bp,Round_5bp,0.716686,0.0017,27,bearish_break_level,-0.26465,21-40
FET/USDT,2026-06-03 07:30:00+00:00,0.2653,0.262647,Round_10bp,Round_5bp,0.786994,0.001,15,bearish_break_level,-0.565398,11-20
FET/USDT,2026-06-03 09:40:00+00:00,0.2613,0.2599935,Round_5bp,SessionHigh,0.717751,0.00112143,12,bearish_break_level,1.722158,11-20
FET/USDT,2026-06-03 10:55:00+00:00,0.2698,0.2688,SessionHigh,SessionHigh,0.719842,0.00112143,6,bearish_break_level,-0.185322,6-10
FET/USDT,2026-06-03 20:10:00+00:00,0.2613,0.2599935,Round_5bp,Round_5bp,0.706269,0.00106429,14,bearish_break_level,-1.760429,11-20
FET/USDT,2026-06-03 21:00:00+00:00,0.2563,0.253737,Round_10bp,Round_5bp,0.709523,0.00152857,4,bearish_break_level,0.156067,3-5
FET/USDT,2026-06-03 21:45:00+00:00,0.2641,0.261459,Round_10bp,Round_5bp,0.749076,0.00145,10,bearish_break_level,-1.249527,6-10
FET/USDT,2026-06-03 22:15:00+00:00,0.262,0.26069,Round_5bp,Round_5bp,0.725323,0.00104286,4,bearish_break_level,-0.458015,3-5
FET/USDT,2026-06-04 00:00:00+00:00,0.2568,0.2548,PDC,SessionHigh,0.713767,0.00105714,4,bearish_break_level,-0.194704,3-5
FET/USDT,2026-06-04 00:15:00+00:00,0.2583,0.2568,SessionHigh,SessionHigh,0.74432,0.00087143,1,bearish_break_level,-0.774293,1-2
FET/USDT,2026-06-04 01:25:00+00:00,0.2449,0.2432,SessionLow,Round_5bp,0.735889,0.00219286,34,bearish_break_level,3.674969,21-40
FET/USDT,2026-06-04 02:05:00+00:00,0.241,0.2336,SessionLow,Round_5bp,0.731137,0.00294286,26,bearish_break_level,5.352697,21-40
FET/USDT,2026-06-04 11:05:00+00:00,0.2228,0.2215,SessionLow,Round_10bp,0.727224,0.00127857,1,bearish_break_level,-0.897666,1-2
FET/USDT,2026-06-04 11:45:00+00:00,0.2215,0.2192,SessionLow,SessionLow,0.778248,0.00097143,6,bearish_break_level,-1.941309,6-10
FET/USDT,2026-06-04 13:00:00+00:00,0.225,0.223875,Round_5bp,Round_5bp,0.723088,0.00399286,3,bearish_break_level,-1.155556,3-5
FET/USDT,2026-06-04 14:00:00+00:00,0.2265,0.2253675,Round_5bp,Round_5bp,0.723688,0.00145,1,bearish_break_level,-0.573951,1-2
FET/USDT,2026-06-04 17:45:00+00:00,0.2237,0.2225815,Round_5bp,Round_10bp,0.715575,0.0007,5,bearish_break_level,-0.581135,3-5
FET/USDT,2026-06-04 17:50:00+00:00,0.225,0.223875,Round_5bp,Round_10bp,0.720987,0.0009,4,bearish_break_level,-1.155556,3-5
FET/USDT,2026-06-04 21:40:00+00:00,0.2162,0.2149,SessionLow,Round_10bp,0.735245,0.00092143,18,bearish_break_level,0.601295,11-20
FET/USDT,2026-06-04 22:20:00+00:00,0.2159,0.2145,SessionLow,Round_10bp,0.791673,0.00114286,10,bearish_break_level,0.741084,6-10
FET/USDT,2026-06-04 22:40:00+00:00,0.2162,0.2145,SessionLow,Round_10bp,0.743202,0.001,6,bearish_break_level,0.601295,6-10
FET/USDT,2026-06-05 01:05:00+00:00,0.2111,0.21,SessionLow,Round_5bp,0.742097,0.00106429,1,bearish_break_level,-0.52108,1-2
FET/USDT,2026-06-05 01:15:00+00:00,0.2108,0.2098,SessionLow,SessionLow,0.723466,0.00119286,19,bearish_break_level,-1.70778,11-20
FET/USDT,2026-06-05 03:05:00+00:00,0.2091,0.2061,SessionLow,SessionHigh,0.694427,0.00074286,30,bearish_break_level,3.204209,21-40
FET/USDT,2026-06-05 05:20:00+00:00,0.2162,0.215119,Round_5bp,SessionHigh,0.731535,0.00098571,3,bearish_break_level,-0.185014,3-5
FET/USDT,2026-06-05 05:25:00+00:00,0.2178,0.2162,PDC,SessionHigh,0.72683,0.001,2,bearish_break_level,-0.918274,1-2
FET/USDT,2026-06-05 06:25:00+00:00,0.2019,0.1974,SessionLow,,0.712074,0.00216429,60,time_stop,0.495295,41-60
FET/USDT,2026-06-05 14:15:00+00:00,0.2011,0.1974,SessionLow,SessionLow,0.758256,0.00075,12,bearish_break_level,-4.027847,11-20
FET/USDT,2026-06-05 15:00:00+00:00,0.2,0.1974,SessionLow,SessionLow,0.696729,0.00097143,3,bearish_break_level,-3.5,3-5
FET/USDT,2026-06-05 15:25:00+00:00,0.1924,0.1921,SessionLow,SessionLow,0.725919,0.00115,2,bearish_break_level,-0.467775,1-2
FET/USDT,2026-06-05 20:05:00+00:00,0.1935,0.191565,Round_10bp,,0.719311,0.00085714,60,time_stop,5.322997,41-60
FET/USDT,2026-06-06 00:20:00+00:00,0.2025,0.200475,Round_10bp,SessionHigh,0.751432,0.00115,11,bearish_break_level,-1.432099,11-20
FET/USDT,2026-06-06 02:20:00+00:00,0.201,0.197,PDC,SessionLow,0.758739,0.00074286,12,bearish_break_level,-3.283582,11-20
FET/USDT,2026-06-06 05:10:00+00:00,0.1896,0.1852,SessionLow,,0.749574,0.00082143,60,time_stop,1.318565,41-60
FET/USDT,2026-06-06 09:35:00+00:00,0.1985,0.1975075,Round_5bp,,0.824636,0.00056429,60,time_stop,-2.015113,41-60
FET/USDT,2026-06-06 18:15:00+00:00,0.1933,0.1923335,Round_5bp,Round_10bp,0.828128,0.00024286,50,bearish_break_level,1.18986,41-60
FET/USDT,2026-06-06 21:30:00+00:00,0.1992,0.197,PDC,Round_10bp,0.73694,0.00033571,11,bearish_break_level,-1.807229,11-20
FET/USDT,2026-06-07 01:05:00+00:00,0.2049,0.2019,SessionHigh,SessionHigh,0.781975,0.00051429,16,bearish_break_level,0.732064,11-20
FET/USDT,2026-06-07 01:35:00+00:00,0.2078,0.2064,SessionHigh,SessionHigh,0.754589,0.0007,10,bearish_break_level,-0.673725,6-10
FET/USDT,2026-06-07 02:45:00+00:00,0.2076,0.205524,Round_10bp,Round_5bp,0.713619,0.00037143,1,bearish_break_level,-0.578035,1-2
FET/USDT,2026-06-07 03:40:00+00:00,0.2063,0.2052685,Round_5bp,Round_5bp,0.716584,0.00225,28,bearish_break_level,0.048473,21-40
FET/USDT,2026-06-07 07:20:00+00:00,0.2105,0.2094475,Round_5bp,,0.705152,0.00057857,60,time_stop,-1.52019,41-60
FET/USDT,2026-06-07 11:30:00+00:00,0.2076,0.205524,Round_10bp,Round_5bp,0.728873,0.00027143,21,bearish_break_level,-0.578035,21-40
FET/USDT,2026-06-07 12:15:00+00:00,0.2073,0.2062635,Round_5bp,Round_5bp,0.724662,0.00101429,12,bearish_break_level,-0.434153,11-20
FET/USDT,2026-06-07 13:00:00+00:00,0.2076,0.206562,Round_5bp,Round_5bp,0.729423,0.00093571,3,bearish_break_level,-0.578035,3-5
FET/USDT,2026-06-07 13:25:00+00:00,0.2076,0.206562,Round_5bp,Round_10bp,0.717645,0.00077143,58,bearish_break_level,1.493256,41-60
FET/USDT,2026-06-07 14:55:00+00:00,0.2126,0.210474,Round_10bp,Round_10bp,0.72242,0.00087857,40,bearish_break_level,-0.893697,21-40
FET/USDT,2026-06-07 15:25:00+00:00,0.2132,0.212134,Round_5bp,Round_10bp,0.707761,0.00114286,34,bearish_break_level,-1.172608,21-40
FET/USDT,2026-06-07 17:05:00+00:00,0.2152,0.213048,Round_10bp,Round_10bp,0.735179,0.00069286,14,bearish_break_level,-2.091078,11-20
FET/USDT,2026-06-08 00:35:00+00:00,0.2139,0.2134,SessionHigh,SessionHigh,0.721052,0.00092857,2,bearish_break_level,-0.607761,1-2
FET/USDT,2026-06-08 05:25:00+00:00,0.2064,0.2041,SessionLow,,0.715204,0.00041429,60,time_stop,2.180233,41-60
FET/USDT,2026-06-08 06:00:00+00:00,0.2076,0.206562,Round_5bp,PDC,0.702407,0.0005,56,bearish_break_level,1.830443,41-60
FET/USDT,2026-06-08 09:45:00+00:00,0.2132,0.212134,Round_5bp,PDC,0.72215,0.00090714,11,bearish_break_level,-0.844278,11-20
FET/USDT,2026-06-08 12:25:00+00:00,0.2132,0.211068,Round_10bp,Round_5bp,0.744068,0.00069286,16,bearish_break_level,0.093809,11-20
FET/USDT,2026-06-08 12:40:00+00:00,0.2146,0.213527,Round_5bp,Round_5bp,0.734755,0.00066429,13,bearish_break_level,-0.55918,11-20
FET/USDT,2026-06-08 13:20:00+00:00,0.2157,0.2146215,Round_5bp,Round_5bp,0.72492,0.00092143,5,bearish_break_level,-1.066296,3-5
FET/USDT,2026-06-08 13:50:00+00:00,0.2146,0.213527,Round_5bp,Round_5bp,0.706416,0.00107143,2,bearish_break_level,-0.55918,1-2
FET/USDT,2026-06-08 17:25:00+00:00,0.2146,0.213527,Round_5bp,Round_5bp,0.704143,0.00054286,33,bearish_break_level,-1.164958,21-40
FET/USDT,2026-06-08 18:55:00+00:00,0.2146,0.213527,Round_5bp,Round_5bp,0.710864,0.00041429,15,bearish_break_level,-1.164958,11-20
FET/USDT,2026-06-09 01:00:00+00:00,0.2076,0.2064,SessionLow,Round_5bp,0.715616,0.00035714,11,bearish_break_level,0.096339,11-20
FET/USDT,2026-06-09 03:00:00+00:00,0.2064,0.2052,SessionLow,PDC,0.713079,0.00047857,25,bearish_break_level,0.872093,21-40
FET/USDT,2026-06-09 04:30:00+00:00,0.2076,0.206562,Round_5bp,PDC,0.718038,0.00033571,7,bearish_break_level,0.289017,6-10
FET/USDT,2026-06-09 05:10:00+00:00,0.2093,0.2082535,Round_5bp,SessionHigh,0.71635,0.00042857,12,bearish_break_level,0.668896,11-20
FET/USDT,2026-06-09 05:15:00+00:00,0.2101,0.2095,PDC,SessionHigh,0.713709,0.00046429,11,bearish_break_level,0.285578,11-20
FET/USDT,2026-06-09 05:30:00+00:00,0.2114,0.2101,SessionHigh,SessionHigh,0.737616,0.00055714,8,bearish_break_level,-0.331126,6-10
FET/USDT,2026-06-09 05:35:00+00:00,0.212,0.2114,SessionHigh,SessionHigh,0.735064,0.0006,7,bearish_break_level,-0.613208,6-10
FET/USDT,2026-06-09 10:55:00+00:00,0.2076,0.2052,SessionLow,Round_5bp,0.717825,0.00024286,3,bearish_break_level,-0.578035,3-5
FET/USDT,2026-06-09 12:00:00+00:00,0.2076,0.206562,Round_5bp,Round_5bp,0.742026,0.00033571,5,bearish_break_level,-0.578035,3-5
FET/USDT,2026-06-09 13:00:00+00:00,0.2064,0.2052,SessionLow,PDL,0.746371,0.00034286,14,bearish_break_level,-1.405039,11-20
FET/USDT,2026-06-09 14:55:00+00:00,0.2024,0.2003,SessionLow,SessionLow,0.760948,0.00058571,7,bearish_break_level,-1.581028,6-10
FET/USDT,2026-06-09 19:05:00+00:00,0.2027,0.2016865,Round_5bp,Round_5bp,0.711277,0.00035,21,bearish_break_level,0.641342,21-40
FET/USDT,2026-06-10 00:55:00+00:00,0.2003,0.1992,SessionLow,PDC,0.762111,0.00015714,9,bearish_break_level,-0.549176,6-10
FET/USDT,2026-06-10 01:50:00+00:00,0.2003,0.1992,SessionLow,PDC,0.770642,0.00023571,4,bearish_break_level,-0.549176,3-5
FET/USDT,2026-06-10 03:15:00+00:00,0.1989,0.1974,PDL,Round_5bp,0.831414,0.00031429,7,bearish_break_level,-0.502765,6-10
FET/USDT,2026-06-10 05:30:00+00:00,0.1973,0.1968,SessionLow,PDL,0.762951,0.00011429,6,bearish_break_level,-0.405474,6-10
FET/USDT,2026-06-10 06:35:00+00:00,0.198,0.1965,SessionLow,SessionHigh,0.722343,0.0002,11,bearish_break_level,1.767677,11-20
FET/USDT,2026-06-10 07:25:00+00:00,0.2019,0.2015,SessionHigh,SessionHigh,0.766016,0.00038571,1,bearish_break_level,-0.198118,1-2
FET/USDT,2026-06-10 09:35:00+00:00,0.1968,0.195,SessionLow,SessionLow,0.754963,0.00034286,17,bearish_break_level,-1.219512,11-20
FET/USDT,2026-06-10 12:15:00+00:00,0.1943,0.1927,SessionLow,Round_10bp,0.743924,0.00015714,20,bearish_break_level,2.521873,11-20
FET/USDT,2026-06-10 15:20:00+00:00,0.1968,0.194832,Round_10bp,PDL,0.738122,0.00068571,10,bearish_break_level,-0.609756,6-10
FET/USDT,2026-06-10 19:40:00+00:00,0.1901,0.1899,SessionLow,SessionLow,0.79156,0.00022857,17,bearish_break_level,-1.525513,11-20
FET/USDT,2026-06-11 01:40:00+00:00,0.187,0.1829,PDL,SessionHigh,0.740778,0.00029286,10,bearish_break_level,-0.427807,6-10
FET/USDT,2026-06-11 03:30:00+00:00,0.1879,0.186021,Round_10bp,SessionHigh,0.764605,0.00023571,12,bearish_break_level,0.478978,11-20
FET/USDT,2026-06-11 03:35:00+00:00,0.1888,0.1879,SessionHigh,SessionHigh,0.752542,0.0003,11,bearish_break_level,0.0,11-20
FET/USDT,2026-06-11 03:55:00+00:00,0.1901,0.1888,SessionHigh,SessionHigh,0.787642,0.00027857,7,bearish_break_level,-0.683851,6-10
FET/USDT,2026-06-11 06:30:00+00:00,0.1918,0.191,SessionHigh,SessionHigh,0.758994,0.00013571,6,bearish_break_level,-0.990615,6-10
FET/USDT,2026-06-11 18:35:00+00:00,0.1918,0.190841,Round_5bp,SessionHigh,0.817823,0.00108571,4,bearish_break_level,0.208551,3-5
FET/USDT,2026-06-11 19:55:00+00:00,0.1944,0.193428,Round_5bp,SessionHigh,0.757439,0.00072143,6,bearish_break_level,-1.131687,6-10
FET/USDT,2026-06-11 22:00:00+00:00,0.1955,0.1945225,Round_5bp,Round_5bp,0.761291,0.00035,17,bearish_break_level,-1.68798,11-20
FET/USDT,2026-06-11 23:40:00+00:00,0.1933,0.1923335,Round_5bp,SessionHigh,0.731481,0.00018571,14,bearish_break_level,-0.569064,11-20
FET/USDT,2026-06-11 23:45:00+00:00,0.1944,0.193428,Round_5bp,SessionHigh,0.736241,0.00023571,13,bearish_break_level,-1.131687,11-20
FET/USDT,2026-06-12 00:05:00+00:00,0.1933,0.1922,PDC,SessionHigh,0.728325,0.00047143,9,bearish_break_level,-0.569064,6-10
FET/USDT,2026-06-12 02:45:00+00:00,0.1933,0.1922,PDC,SessionHigh,0.747447,8.571e-05,11,bearish_break_level,-0.569064,11-20
FET/USDT,2026-06-12 08:30:00+00:00,0.191,0.1886,SessionLow,SessionHigh,0.776151,0.00017143,23,bearish_break_level,0.628272,21-40
FET/USDT,2026-06-12 09:20:00+00:00,0.1919,0.1909405,Round_5bp,SessionHigh,0.833884,0.00025714,13,bearish_break_level,0.156331,11-20
FET/USDT,2026-06-12 09:30:00+00:00,0.1929,0.1919355,Round_5bp,SessionHigh,0.806643,0.00032857,11,bearish_break_level,-0.362882,11-20
FET/USDT,2026-06-12 10:15:00+00:00,0.1936,0.1933,SessionHigh,SessionHigh,0.856793,0.00020714,2,bearish_break_level,-0.72314,1-2
FET/USDT,2026-06-12 12:30:00+00:00,0.1921,0.1911395,Round_5bp,PDC,0.843949,0.00016429,1,bearish_break_level,-1.145237,1-2
FET/USDT,2026-06-12 14:40:00+00:00,0.1919,0.1909405,Round_5bp,SessionHigh,0.752905,0.00024286,7,bearish_break_level,0.781657,6-10
FET/USDT,2026-06-12 14:50:00+00:00,0.1929,0.1919355,Round_5bp,SessionHigh,0.791184,0.00030714,5,bearish_break_level,0.259202,3-5
FET/USDT,2026-06-12 15:10:00+00:00,0.1945,0.1936,SessionHigh,SessionHigh,0.760327,0.00037143,1,bearish_break_level,-0.565553,1-2
FET/USDT,2026-06-12 19:40:00+00:00,0.1909,0.1886,SessionLow,SessionLow,0.769353,0.00016429,30,bearish_break_level,-2.514405,21-40
FET/USDT,2026-06-12 22:45:00+00:00,0.1877,0.1861,SessionLow,PDL,0.793661,0.00031429,57,bearish_break_level,-1.598295,41-60
FET/USDT,2026-06-13 06:50:00+00:00,0.1893,0.1847,SessionLow,SessionHigh,0.90868,0.00032857,1,bearish_break_level,-0.633914,1-2
FET/USDT,2026-06-13 09:55:00+00:00,0.1929,0.1922,SessionHigh,SessionHigh,0.810272,0.00022857,2,bearish_break_level,0.05184,1-2
FET/USDT,2026-06-13 10:00:00+00:00,0.1936,0.1929,SessionHigh,SessionHigh,0.806256,0.00027857,1,bearish_break_level,-0.309917,1-2
FET/USDT,2026-06-13 11:15:00+00:00,0.1968,0.1965,SessionHigh,SessionHigh,0.82488,0.00040714,4,bearish_break_level,0.203252,3-5
FET/USDT,2026-06-13 11:20:00+00:00,0.1979,0.1968,SessionHigh,SessionHigh,0.787579,0.00038571,3,bearish_break_level,-0.353714,3-5
FET/USDT,2026-06-13 11:30:00+00:00,0.1985,0.198,SessionHigh,SessionHigh,0.790409,0.00052143,1,bearish_break_level,-0.654912,1-2
FET/USDT,2026-06-13 12:00:00+00:00,0.2003,0.1988,SessionHigh,SessionHigh,0.756681,0.00083571,5,bearish_break_level,0.599101,3-5
FET/USDT,2026-06-13 12:20:00+00:00,0.2028,0.2025,SessionHigh,SessionHigh,0.78398,0.00087143,1,bearish_break_level,-0.641026,1-2
FET/USDT,2026-06-13 12:40:00+00:00,0.2015,0.2004925,Round_5bp,SessionHigh,0.730706,0.00075714,3,bearish_break_level,0.942928,3-5
FET/USDT,2026-06-13 12:45:00+00:00,0.2027,0.2016865,Round_5bp,SessionHigh,0.724349,0.00080714,2,bearish_break_level,0.345338,1-2
FET/USDT,2026-06-13 12:50:00+00:00,0.2043,0.2028,SessionHigh,SessionHigh,0.723454,0.00082857,1,bearish_break_level,-0.440529,1-2
FET/USDT,2026-06-13 14:00:00+00:00,0.2076,0.206562,Round_5bp,SessionHigh,0.71703,0.00132857,2,bearish_break_level,-1.734104,1-2
FET/USDT,2026-06-13 14:25:00+00:00,0.2052,0.204174,Round_5bp,Round_5bp,0.737615,0.00124286,1,bearish_break_level,-0.584795,1-2
FET/USDT,2026-06-13 14:55:00+00:00,0.2052,0.204174,Round_5bp,SessionHigh,0.72215,0.00090714,6,bearish_break_level,1.364522,6-10
FET/USDT,2026-06-13 16:30:00+00:00,0.2052,0.204174,Round_5bp,Round_5bp,0.717031,0.00093571,3,bearish_break_level,-0.584795,3-5
FET/USDT,2026-06-13 17:40:00+00:00,0.2114,0.2096,SessionHigh,SessionHigh,0.704652,0.00065,2,bearish_break_level,-0.946074,1-2
FET/USDT,2026-06-13 18:10:00+00:00,0.2076,0.206562,Round_5bp,Round_5bp,0.747365,0.00132857,1,bearish_break_level,-0.578035,1-2
FET/USDT,2026-06-13 19:30:00+00:00,0.2076,0.206562,Round_5bp,Round_5bp,0.717162,0.00042857,5,bearish_break_level,-0.578035,3-5
FET/USDT,2026-06-13 21:30:00+00:00,0.2076,0.206562,Round_5bp,SessionHigh,0.727793,8.571e-05,36,bearish_break_level,0.385356,21-40
FET/USDT,2026-06-14 00:10:00+00:00,0.2089,0.2076,PDC,SessionHigh,0.759988,0.00029286,4,bearish_break_level,-0.239349,3-5
FET/USDT,2026-06-14 00:20:00+00:00,0.2096,0.2089,SessionHigh,SessionHigh,0.750762,0.00034286,2,bearish_break_level,-0.572519,1-2
FET/USDT,2026-06-14 01:15:00+00:00,0.2108,0.2096,SessionHigh,SessionHigh,0.741406,0.00042857,3,bearish_break_level,-0.664137,3-5
FET/USDT,2026-06-14 01:45:00+00:00,0.2117,0.2108,SessionHigh,SessionHigh,0.751152,0.00045,2,bearish_break_level,-1.086443,1-2
FET/USDT,2026-06-14 03:55:00+00:00,0.2146,0.2139,SessionHigh,SessionHigh,0.75629,0.00053571,1,bearish_break_level,-0.55918,1-2
FET/USDT,2026-06-14 05:35:00+00:00,0.2094,0.2076,PDC,WeeklyOpen,0.752917,0.00070714,11,bearish_break_level,0.620821,11-20
FET/USDT,2026-06-14 06:05:00+00:00,0.2134,0.2126,WeeklyOpen,WeeklyOpen,0.756341,0.00059286,5,bearish_break_level,-1.26523,3-5
FET/USDT,2026-06-14 07:45:00+00:00,0.2108,0.209746,Round_5bp,PDH,0.701132,0.00075714,2,bearish_break_level,-0.56926,1-2
FET/USDT,2026-06-14 10:40:00+00:00,0.2126,0.2114,PDH,WeeklyOpen,0.711376,0.00047857,3,bearish_break_level,-0.84666,3-5
FIL/USDT,2026-06-02 00:10:00+00:00,0.957,0.946,PDC,SessionHigh,0.752745,0.00342857,2,bearish_break_level,-0.104493,1-2
FIL/USDT,2026-06-02 00:30:00+00:00,0.952,0.943,SessionLow,SessionHigh,0.730112,0.00421429,13,bearish_break_level,-1.05042,11-20
FIL/USDT,2026-06-02 00:50:00+00:00,0.957,0.952215,Round_5bp,SessionHigh,0.746274,0.00378571,9,bearish_break_level,-1.567398,6-10
FIL/USDT,2026-06-02 01:40:00+00:00,0.949,0.942,SessionLow,SessionHigh,0.742626,0.00192857,24,bearish_break_level,1.159115,21-40
FIL/USDT,2026-06-02 02:45:00+00:00,0.954,0.94923,Round_5bp,SessionHigh,0.738597,0.00185714,11,bearish_break_level,0.628931,11-20
FIL/USDT,2026-06-02 03:30:00+00:00,0.96,0.957,SessionHigh,SessionHigh,0.767,0.00114286,2,bearish_break_level,0.0,1-2
FIL/USDT,2026-06-02 03:35:00+00:00,0.961,0.96,SessionHigh,SessionHigh,0.765437,0.00264286,1,bearish_break_level,-0.104058,1-2
FIL/USDT,2026-06-02 16:30:00+00:00,0.91,0.90545,Round_5bp,Round_5bp,0.733476,0.00514286,9,bearish_break_level,-0.32967,6-10
FIL/USDT,2026-06-02 19:25:00+00:00,0.874,0.863,SessionLow,SessionLow,0.732328,0.00642857,48,bearish_break_level,-3.775744,41-60
FIL/USDT,2026-06-02 19:35:00+00:00,0.866,0.857,SessionLow,SessionLow,0.704783,0.00792857,46,bearish_break_level,-2.886836,41-60
FIL/USDT,2026-06-02 20:55:00+00:00,0.879,0.874605,Round_5bp,SessionLow,0.732976,0.00235714,30,bearish_break_level,-4.323094,21-40
FIL/USDT,2026-06-03 00:10:00+00:00,0.874,0.866,PDC,SessionHigh,0.730824,0.00742857,5,bearish_break_level,1.144165,3-5
FIL/USDT,2026-06-03 00:30:00+00:00,0.885,0.879,SessionHigh,SessionHigh,0.769895,0.00457143,1,bearish_break_level,-0.112994,1-2
FIL/USDT,2026-06-03 01:35:00+00:00,0.881,0.859,SessionLow,Round_5bp,0.725058,0.00392857,10,bearish_break_level,-0.340522,6-10
FIL/USDT,2026-06-03 02:30:00+00:00,0.883,0.878585,Round_5bp,Round_5bp,0.726201,0.00564286,20,bearish_break_level,-1.132503,11-20
FIL/USDT,2026-06-03 03:50:00+00:00,0.872,0.854,SessionLow,Round_5bp,0.744279,0.00878571,4,bearish_break_level,0.114679,3-5
FIL/USDT,2026-06-03 05:10:00+00:00,0.904,0.885,SessionHigh,SessionHigh,0.729872,0.00307143,1,bearish_break_level,-0.221239,1-2
FIL/USDT,2026-06-03 10:50:00+00:00,0.926,0.924,SessionHigh,SessionHigh,0.789465,0.00942857,5,bearish_break_level,1.727862,3-5
FIL/USDT,2026-06-03 12:40:00+00:00,0.977,0.974,SessionHigh,SessionHigh,0.708061,0.01107143,1,bearish_break_level,-0.921187,1-2
FIL/USDT,2026-06-03 21:35:00+00:00,0.949,0.944255,Round_5bp,PDC,0.728116,0.00757143,30,bearish_break_level,-0.316122,21-40
FIL/USDT,2026-06-04 00:30:00+00:00,0.937,0.919,SessionLow,Round_5bp,0.741467,0.00557143,8,bearish_break_level,-2.241195,6-10
FIL/USDT,2026-06-04 01:40:00+00:00,0.913,0.90387,Round_10bp,SessionLow,0.75103,0.00485714,4,bearish_break_level,-11.829135,3-5
FIL/USDT,2026-06-04 15:05:00+00:00,0.887,0.87813,Round_10bp,,0.823396,0.00064286,60,time_stop,-1.916573,41-60
FIL/USDT,2026-06-05 00:05:00+00:00,0.882,0.853,PDC,SessionHigh,0.896789,0.00207143,8,bearish_break_level,-0.226757,6-10
FIL/USDT,2026-06-05 02:00:00+00:00,0.864,0.85968,Round_5bp,SessionLow,0.847158,0.00185714,13,bearish_break_level,-4.398148,11-20
FIL/USDT,2026-06-05 10:45:00+00:00,0.801,0.784,SessionLow,SessionLow,0.755456,0.00121429,17,bearish_break_level,-3.370787,11-20
FIL/USDT,2026-06-05 11:25:00+00:00,0.792,0.781,SessionLow,SessionLow,0.802795,0.00342857,9,bearish_break_level,-2.272727,6-10
FIL/USDT,2026-06-05 11:40:00+00:00,0.793,0.789035,Round_5bp,SessionLow,0.830384,0.00392857,6,bearish_break_level,-2.395965,6-10
FIL/USDT,2026-06-05 12:55:00+00:00,0.8,0.773,SessionLow,SessionLow,0.748226,0.00335714,13,bearish_break_level,-4.5,11-20
FIL/USDT,2026-06-05 14:10:00+00:00,0.786,0.764,SessionLow,SessionLow,0.716069,0.00585714,28,bearish_break_level,-7.888041,21-40
FIL/USDT,2026-06-05 19:05:00+00:00,0.72,0.718,SessionLow,,0.740633,0.00471429,60,time_stop,4.027778,41-60
FIL/USDT,2026-06-05 23:10:00+00:00,0.749,0.745255,Round_5bp,PDC,0.752483,0.00092857,12,bearish_break_level,-0.133511,11-20
FIL/USDT,2026-06-06 01:10:00+00:00,0.744,0.729,SessionLow,PDL,0.758932,0.00307143,36,bearish_break_level,-5.241935,21-40
FIL/USDT,2026-06-06 04:30:00+00:00,0.72,0.687,SessionLow,,0.768098,0.00521429,60,time_stop,0.972222,41-60
FIL/USDT,2026-06-06 08:20:00+00:00,0.728,0.72436,Round_5bp,,0.807195,0.0005,60,time_stop,0.961538,41-60
FIL/USDT,2026-06-06 19:05:00+00:00,0.732,0.72834,Round_5bp,,0.877665,0.00021429,60,time_stop,-1.912568,41-60
FIL/USDT,2026-06-07 00:40:00+00:00,0.741,0.718,PDC,SessionHigh,0.909232,0.00164286,4,bearish_break_level,-0.134953,3-5
FIL/USDT,2026-06-07 01:15:00+00:00,0.748,0.742,SessionHigh,SessionHigh,0.904508,0.00228571,18,bearish_break_level,-2.941176,11-20
FIL/USDT,2026-06-07 09:20:00+00:00,0.755,0.74745,Round_10bp,,0.819151,0.00521429,60,time_stop,-1.192053,41-60
FIL/USDT,2026-06-08 00:05:00+00:00,0.788,0.781,SessionLow,SessionHigh,0.776289,0.00092857,14,bearish_break_level,-2.664975,11-20
FIL/USDT,2026-06-08 02:00:00+00:00,0.789,0.767,SessionLow,SessionHigh,0.768261,0.00307143,24,bearish_break_level,-0.633714,21-40
FIL/USDT,2026-06-08 02:10:00+00:00,0.792,0.789,SessionHigh,SessionHigh,0.765516,0.00371429,22,bearish_break_level,-1.010101,21-40
FIL/USDT,2026-06-08 04:45:00+00:00,0.776,0.765,SessionLow,SessionLow,0.785527,0.00407143,55,bearish_break_level,-3.479381,41-60
FIL/USDT,2026-06-08 06:00:00+00:00,0.794,0.76,SessionLow,SessionLow,0.771492,0.00357143,40,bearish_break_level,-5.667506,21-40
FIL/USDT,2026-06-08 21:10:00+00:00,0.795,0.749,SessionLow,PDC,0.999568,0.00328571,42,bearish_break_level,-1.257862,41-60
FIL/USDT,2026-06-09 02:00:00+00:00,0.795,0.738,SessionLow,SessionHigh,0.787806,0.00742857,1,bearish_break_level,-1.761006,1-2
FIL/USDT,2026-06-09 08:40:00+00:00,0.786,0.723,SessionLow,SessionHigh,0.952538,0.0045,30,bearish_break_level,-1.272265,21-40
FIL/USDT,2026-06-09 13:00:00+00:00,0.801,0.792,PDC,SessionHigh,0.800966,0.00064286,1,bearish_break_level,-2.247191,1-2
FIL/USDT,2026-06-10 03:55:00+00:00,0.763,0.749,SessionLow,,0.854889,0.00278571,60,time_stop,-0.78637,41-60
FIL/USDT,2026-06-10 05:35:00+00:00,0.756,0.742,SessionLow,,0.853832,0.00271429,60,time_stop,-3.174603,41-60
FIL/USDT,2026-06-10 10:45:00+00:00,0.754,0.732,SessionLow,,0.855871,0.00157143,60,time_stop,-0.66313,41-60
FIL/USDT,2026-06-10 21:25:00+00:00,0.741,0.725,SessionLow,PDC,0.787936,0.00207143,48,bearish_break_level,-1.349528,41-60
FIL/USDT,2026-06-11 01:40:00+00:00,0.749,0.731,SessionLow,,0.804156,0.00278571,60,time_stop,2.403204,41-60
FIL/USDT,2026-06-11 04:40:00+00:00,0.767,0.76,SessionHigh,SessionHigh,0.879021,0.00128571,59,bearish_break_level,-2.477184,41-60
FIL/USDT,2026-06-12 02:50:00+00:00,0.768,0.767,SessionLow,,0.969952,0.00035714,60,time_stop,-3.255208,41-60
FIL/USDT,2026-06-12 04:05:00+00:00,0.766,0.744,SessionLow,,0.812201,0.00157143,60,time_stop,-2.610966,41-60
FIL/USDT,2026-06-12 04:50:00+00:00,0.767,0.743,SessionLow,,0.774461,0.00535714,60,time_stop,-2.607562,41-60
FIL/USDT,2026-06-12 08:55:00+00:00,0.746,0.743,SessionLow,,0.8878,0.00021429,60,time_stop,0.80429,41-60
FIL/USDT,2026-06-13 02:00:00+00:00,0.767,0.766,PDC,SessionHigh,0.954675,7.143e-05,2,bearish_break_level,-1.173403,1-2
FIL/USDT,2026-06-13 02:25:00+00:00,0.766,0.758,SessionLow,PDC,0.899065,0.00128571,21,bearish_break_level,-0.130548,21-40
FIL/USDT,2026-06-13 15:20:00+00:00,0.795,0.794,SessionHigh,SessionHigh,0.93681,7.143e-05,28,bearish_break_level,0.251572,21-40
FIL/USDT,2026-06-13 15:35:00+00:00,0.8,0.795,SessionHigh,SessionHigh,0.909104,0.00042857,25,bearish_break_level,-0.375,21-40
FIL/USDT,2026-06-14 05:15:00+00:00,0.776,0.766,SessionLow,,0.744705,0.00071429,60,time_stop,0.0,41-60
FIL/USDT,2026-06-14 16:10:00+00:00,0.774,0.745,SessionLow,,0.847037,0.00292857,60,time_stop,-2.45478,41-60
FLOKI/USDT,2026-06-02 10:55:00+00:00,2.817e-05,2.799e-05,SessionLow,SessionLow,0.894406,1e-08,39,bearish_break_level,-1.455449,21-40
FLOKI/USDT,2026-06-02 14:30:00+00:00,2.727e-05,2.699e-05,SessionLow,Round_10bp,0.809293,1e-07,11,bearish_break_level,-2.346901,11-20
FLOKI/USDT,2026-06-02 15:05:00+00:00,2.709e-05,2.691e-05,SessionLow,Round_10bp,0.79299,1.4e-07,4,bearish_break_level,-1.698044,3-5
FLOKI/USDT,2026-06-02 15:40:00+00:00,2.655e-05,2.637e-05,SessionLow,,0.794851,1.2e-07,60,time_stop,0.677966,41-60
FLOKI/USDT,2026-06-02 19:45:00+00:00,2.674e-05,2.624e-05,SessionLow,SessionLow,0.738746,8e-08,44,bearish_break_level,-2.76739,41-60
FLOKI/USDT,2026-06-02 23:55:00+00:00,2.649e-05,2.636e-05,Round_5bp,SessionHigh,0.745713,7e-08,43,bearish_break_level,-0.453001,41-60
FLOKI/USDT,2026-06-03 00:10:00+00:00,2.655e-05,2.649e-05,PDC,SessionHigh,0.744142,6e-08,40,bearish_break_level,-0.677966,21-40
FLOKI/USDT,2026-06-03 00:15:00+00:00,2.66e-05,2.655e-05,SessionHigh,SessionHigh,0.745872,6e-08,39,bearish_break_level,-0.864662,21-40
FLOKI/USDT,2026-06-03 04:00:00+00:00,2.624e-05,2.6e-05,PDL,SessionHigh,0.783919,6e-08,36,bearish_break_level,3.239329,21-40
FLOKI/USDT,2026-06-03 05:00:00+00:00,2.674e-05,2.649e-05,PDC,SessionHigh,0.79104,5e-08,24,bearish_break_level,1.308901,21-40
FLOKI/USDT,2026-06-03 05:05:00+00:00,2.691e-05,2.674e-05,SessionHigh,SessionHigh,0.778178,7e-08,23,bearish_break_level,0.668896,21-40
FLOKI/USDT,2026-06-03 05:55:00+00:00,2.709e-05,2.699e-05,SessionHigh,SessionHigh,0.805768,5e-08,13,bearish_break_level,0.0,11-20
FLOKI/USDT,2026-06-03 06:30:00+00:00,2.724e-05,2.709e-05,SessionHigh,SessionHigh,0.81165,2e-08,6,bearish_break_level,-0.550661,6-10
FLOKI/USDT,2026-06-03 18:00:00+00:00,2.685e-05,2.672e-05,Round_5bp,Round_10bp,0.777662,5e-08,14,bearish_break_level,-0.856611,11-20
FLOKI/USDT,2026-06-03 18:55:00+00:00,2.685e-05,2.658e-05,Round_10bp,Round_10bp,0.751419,5e-08,3,bearish_break_level,-0.856611,3-5
FLOKI/USDT,2026-06-04 00:40:00+00:00,2.624e-05,2.6e-05,PDL,PDL,0.733512,7e-08,7,bearish_break_level,-2.248476,6-10
FLOKI/USDT,2026-06-04 01:35:00+00:00,2.565e-05,2.547e-05,SessionLow,SessionLow,0.742753,1.2e-07,3,bearish_break_level,-1.7154,3-5
FLOKI/USDT,2026-06-04 03:05:00+00:00,2.552e-05,2.526e-05,Round_10bp,,0.744393,1e-07,60,time_stop,-1.880878,41-60
FLOKI/USDT,2026-06-04 03:15:00+00:00,2.564e-05,2.551e-05,Round_5bp,Round_10bp,0.731939,7e-08,59,bearish_break_level,-3.237129,41-60
FLOKI/USDT,2026-06-04 06:15:00+00:00,2.552e-05,2.539e-05,Round_5bp,Round_10bp,0.753404,3e-08,23,bearish_break_level,-2.782132,21-40
FLOKI/USDT,2026-06-04 11:45:00+00:00,2.458e-05,2.435e-05,SessionLow,,0.81062,2e-08,60,time_stop,2.847844,41-60
FLOKI/USDT,2026-06-04 12:30:00+00:00,2.528e-05,2.503e-05,Round_10bp,,0.798099,7e-08,60,time_stop,0.0,41-60
FLOKI/USDT,2026-06-04 13:30:00+00:00,2.528e-05,2.503e-05,Round_10bp,,0.803126,5e-08,60,time_stop,0.949367,41-60
FLOKI/USDT,2026-06-04 15:05:00+00:00,2.552e-05,2.526e-05,Round_10bp,,0.795484,2e-08,60,time_stop,-0.940439,41-60
FLOKI/USDT,2026-06-04 18:30:00+00:00,2.552e-05,2.526e-05,Round_10bp,Round_5bp,0.796671,2e-08,25,bearish_break_level,-1.371473,21-40
FLOKI/USDT,2026-06-05 01:30:00+00:00,2.481e-05,2.458e-05,SessionLow,SessionHigh,0.805396,3e-08,10,bearish_break_level,-0.927046,6-10
FLOKI/USDT,2026-06-05 04:05:00+00:00,2.435e-05,2.412e-05,SessionLow,PDL,0.780065,7e-08,19,bearish_break_level,-0.944559,11-20
FLOKI/USDT,2026-06-05 06:25:00+00:00,2.323e-05,2.302e-05,SessionLow,Round_10bp,0.748571,1.1e-07,22,bearish_break_level,2.884201,21-40
FLOKI/USDT,2026-06-05 06:30:00+00:00,2.345e-05,2.322e-05,Round_10bp,Round_10bp,0.752011,1.3e-07,21,bearish_break_level,1.918977,21-40
FLOKI/USDT,2026-06-05 07:25:00+00:00,2.367e-05,2.343e-05,Round_10bp,Round_10bp,0.791962,1.1e-07,10,bearish_break_level,0.971694,6-10
FLOKI/USDT,2026-06-05 07:45:00+00:00,2.412e-05,2.388e-05,Round_10bp,Round_10bp,0.761032,8e-08,6,bearish_break_level,-0.912106,6-10
FLOKI/USDT,2026-06-05 13:20:00+00:00,2.412e-05,2.388e-05,Round_10bp,Round_10bp,0.8238,5e-08,5,bearish_break_level,-0.912106,3-5
FLOKI/USDT,2026-06-05 14:05:00+00:00,2.367e-05,2.343e-05,Round_10bp,,0.763734,1e-07,60,time_stop,-4.942966,41-60
FLOKI/USDT,2026-06-05 16:10:00+00:00,2.323e-05,2.302e-05,SessionLow,SessionLow,0.755991,7e-08,37,bearish_break_level,-3.443823,21-40
FLOKI/USDT,2026-06-05 16:15:00+00:00,2.345e-05,2.322e-05,Round_10bp,SessionLow,0.76126,8e-08,36,bearish_break_level,-4.34968,21-40
FLOKI/USDT,2026-06-05 16:55:00+00:00,2.367e-05,2.343e-05,Round_10bp,SessionLow,0.793353,8e-08,28,bearish_break_level,-5.238699,21-40
FLOKI/USDT,2026-06-05 18:55:00+00:00,2.28e-05,2.263e-05,SessionLow,SessionLow,0.741968,1e-07,4,bearish_break_level,-1.622807,3-5
FLOKI/USDT,2026-06-05 19:20:00+00:00,2.26e-05,2.243e-05,SessionLow,,0.769406,1.3e-07,60,time_stop,3.761062,41-60
FLOKI/USDT,2026-06-05 19:45:00+00:00,2.302e-05,2.279e-05,Round_10bp,,0.744175,1.3e-07,60,time_stop,2.736751,41-60
FLOKI/USDT,2026-06-05 20:30:00+00:00,2.345e-05,2.322e-05,Round_10bp,SessionHigh,0.737254,6e-08,58,bearish_break_level,0.0,41-60
FLOKI/USDT,2026-06-06 00:45:00+00:00,2.365e-05,2.357e-05,SessionHigh,SessionHigh,0.751861,4e-08,7,bearish_break_level,-0.845666,6-10
FLOKI/USDT,2026-06-06 04:50:00+00:00,2.238e-05,2.203e-05,SessionLow,SessionHigh,0.755423,1e-07,54,bearish_break_level,5.227882,41-60
FLOKI/USDT,2026-06-06 07:05:00+00:00,2.323e-05,2.3e-05,Round_10bp,SessionHigh,0.744322,8e-08,27,bearish_break_level,1.377529,21-40
FLOKI/USDT,2026-06-06 08:25:00+00:00,2.367e-05,2.343e-05,Round_10bp,SessionHigh,0.73757,3e-08,11,bearish_break_level,-0.506971,11-20
FLOKI/USDT,2026-06-06 15:35:00+00:00,2.323e-05,2.3e-05,Round_10bp,,0.799773,5e-08,60,time_stop,-0.904003,41-60
FLOKI/USDT,2026-06-06 22:50:00+00:00,2.323e-05,2.3e-05,Round_10bp,SessionHigh,0.943549,1e-08,45,bearish_break_level,2.884201,41-60
FLOKI/USDT,2026-06-07 00:30:00+00:00,2.345e-05,2.323e-05,PDC,SessionHigh,0.951094,2e-08,25,bearish_break_level,1.918977,21-40
FLOKI/USDT,2026-06-07 01:05:00+00:00,2.367e-05,2.345e-05,SessionHigh,SessionHigh,0.92406,3e-08,18,bearish_break_level,0.971694,11-20
FLOKI/USDT,2026-06-07 01:10:00+00:00,2.383e-05,2.367e-05,PDH,SessionHigh,0.912336,4e-08,17,bearish_break_level,0.293747,11-20
FLOKI/USDT,2026-06-07 01:15:00+00:00,2.39e-05,2.383e-05,SessionHigh,SessionHigh,0.903689,5e-08,16,bearish_break_level,0.0,11-20
FLOKI/USDT,2026-06-07 02:05:00+00:00,2.408e-05,2.39e-05,SessionHigh,SessionHigh,0.85773,4e-08,6,bearish_break_level,-0.747508,6-10
FLOKI/USDT,2026-06-07 02:10:00+00:00,2.416e-05,2.408e-05,SessionHigh,SessionHigh,0.853144,5e-08,5,bearish_break_level,-1.076159,3-5
FLOKI/USDT,2026-06-07 05:15:00+00:00,2.435e-05,2.43e-05,SessionHigh,SessionHigh,0.78008,5e-08,49,bearish_break_level,2.464066,41-60
FLOKI/USDT,2026-06-07 08:35:00+00:00,2.458e-05,2.435e-05,SessionHigh,SessionHigh,0.8586,2e-08,9,bearish_break_level,1.505289,6-10
FLOKI/USDT,2026-06-07 08:45:00+00:00,2.488e-05,2.458e-05,SessionHigh,SessionHigh,0.846788,4e-08,7,bearish_break_level,0.28135,6-10
FLOKI/USDT,2026-06-07 08:55:00+00:00,2.504e-05,2.496e-05,SessionHigh,SessionHigh,0.845107,5e-08,5,bearish_break_level,-0.359425,3-5
FLOKI/USDT,2026-06-07 20:20:00+00:00,2.412e-05,2.388e-05,Round_10bp,Round_10bp,0.827647,3e-08,26,bearish_break_level,2.736318,21-40
FLOKI/USDT,2026-06-08 00:35:00+00:00,2.504e-05,2.478e-05,PDC,SessionHigh,0.830232,2e-08,6,bearish_break_level,-0.91853,6-10
FLOKI/USDT,2026-06-08 06:00:00+00:00,2.435e-05,2.411e-05,SessionLow,,0.826454,3e-08,60,time_stop,0.123203,41-60
FLOKI/USDT,2026-06-08 18:30:00+00:00,2.504e-05,2.479e-05,Round_10bp,Round_10bp,0.804455,2e-08,16,bearish_break_level,-0.91853,11-20
FLOKI/USDT,2026-06-09 01:30:00+00:00,2.412e-05,2.39e-05,SessionLow,PDL,0.831461,3e-08,12,bearish_break_level,-0.621891,11-20
FLOKI/USDT,2026-06-09 03:15:00+00:00,2.412e-05,2.39e-05,SessionLow,,0.814863,3e-08,60,time_stop,1.907131,41-60
FLOKI/USDT,2026-06-09 04:40:00+00:00,2.452e-05,2.433e-05,PDC,SessionHigh,0.792039,3e-08,58,bearish_break_level,-0.693312,41-60
FLOKI/USDT,2026-06-09 04:50:00+00:00,2.458e-05,2.452e-05,SessionHigh,SessionHigh,0.782622,3e-08,56,bearish_break_level,-0.93572,41-60
FLOKI/USDT,2026-06-09 16:25:00+00:00,2.387e-05,2.367e-05,SessionLow,PDC,0.791906,5e-08,19,bearish_break_level,1.04734,11-20
FLOKI/USDT,2026-06-09 17:10:00+00:00,2.412e-05,2.388e-05,Round_10bp,PDC,0.767684,8e-08,10,bearish_break_level,0.0,6-10
FLOKI/USDT,2026-06-09 19:00:00+00:00,2.419e-05,2.411e-05,PDL,PDC,0.791459,2e-08,37,bearish_break_level,-0.289376,21-40
FLOKI/USDT,2026-06-09 19:40:00+00:00,2.431e-05,2.419e-05,Round_5bp,PDC,0.817966,1e-08,29,bearish_break_level,-0.781571,21-40
FLOKI/USDT,2026-06-10 00:30:00+00:00,2.434e-05,2.412e-05,PDC,SessionHigh,0.850536,2e-08,14,bearish_break_level,-0.862777,11-20
FLOKI/USDT,2026-06-10 07:15:00+00:00,2.412e-05,2.39e-05,SessionLow,PDC,0.816081,2e-08,23,bearish_break_level,-0.912106,21-40
FLOKI/USDT,2026-06-10 12:30:00+00:00,2.412e-05,2.367e-05,SessionLow,PDH,0.846271,3e-08,21,bearish_break_level,0.953566,21-40
FLOKI/USDT,2026-06-10 13:30:00+00:00,2.43e-05,2.412e-05,PDC,PDH,0.836136,5e-08,9,bearish_break_level,0.205761,6-10
FLOKI/USDT,2026-06-10 13:40:00+00:00,2.458e-05,2.435e-05,SessionHigh,PDH,0.83289,3e-08,7,bearish_break_level,-0.93572,6-10
FLOKI/USDT,2026-06-10 18:05:00+00:00,2.435e-05,2.412e-05,PDC,PDC,0.764304,5e-08,37,bearish_break_level,-1.848049,21-40
FLOKI/USDT,2026-06-10 23:25:00+00:00,2.434e-05,2.41e-05,Round_10bp,PDH,0.837077,2e-08,23,bearish_break_level,0.944947,21-40
FLOKI/USDT,2026-06-11 00:10:00+00:00,2.435e-05,2.392e-05,PDC,PDH,0.815121,8e-08,14,bearish_break_level,0.903491,11-20
FLOKI/USDT,2026-06-11 01:05:00+00:00,2.479e-05,2.435e-05,SessionHigh,PDH,0.825577,6e-08,3,bearish_break_level,-0.887455,3-5
FLOKI/USDT,2026-06-11 04:05:00+00:00,2.511e-05,2.504e-05,SessionHigh,SessionHigh,0.772129,7e-08,24,bearish_break_level,-1.194743,21-40
FLOKI/USDT,2026-06-11 17:25:00+00:00,2.458e-05,2.433e-05,Round_10bp,Round_10bp,0.852288,3e-08,35,bearish_break_level,0.93572,21-40
FLOKI/USDT,2026-06-12 09:20:00+00:00,2.481e-05,2.458e-05,SessionLow,SessionHigh,0.934728,2e-08,40,bearish_break_level,-0.120919,21-40
FLOKI/USDT,2026-06-12 11:20:00+00:00,2.502e-05,2.481e-05,SessionHigh,SessionHigh,0.90311,1e-08,16,bearish_break_level,-0.959233,11-20
FLOKI/USDT,2026-06-12 14:20:00+00:00,2.482e-05,2.458e-05,SessionLow,,0.87351,3e-08,60,time_stop,0.886382,41-60
FLOKI/USDT,2026-06-12 14:40:00+00:00,2.547e-05,2.528e-05,SessionHigh,,0.833516,9e-08,60,time_stop,-1.688261,41-60
FLOKI/USDT,2026-06-12 14:50:00+00:00,2.552e-05,2.526e-05,Round_10bp,,0.827346,1.1e-07,60,time_stop,-1.880878,41-60
FLOKI/USDT,2026-06-13 01:40:00+00:00,2.5e-05,2.481e-05,PDC,SessionHigh,0.978994,1e-08,21,bearish_break_level,-1.4,21-40
FLOKI/USDT,2026-06-13 06:50:00+00:00,2.481e-05,2.458e-05,PDL,SessionHigh,0.846324,2e-08,30,bearish_break_level,0.080613,21-40
FLOKI/USDT,2026-06-13 08:40:00+00:00,2.504e-05,2.481e-05,PDC,SessionHigh,0.865382,2e-08,8,bearish_break_level,-0.838658,6-10
FLOKI/USDT,2026-06-13 15:15:00+00:00,2.485e-05,2.481e-05,PDC,,0.990005,0.0,60,time_stop,1.488934,41-60
FLOKI/USDT,2026-06-14 00:05:00+00:00,2.539e-05,2.528e-05,PDH,SessionHigh,0.91812,1e-08,11,bearish_break_level,-1.220953,11-20
FLOKI/USDT,2026-06-14 14:50:00+00:00,2.465e-05,2.458e-05,PDL,PDL,0.888697,2e-08,36,bearish_break_level,-0.486815,21-40
FLOW/USDT,2026-06-09 23:00:00+00:00,0.05643,0.0259,PDH,PDH,0.999568,0.00218071,24,bearish_break_level,-56.016303,21-40
FLOW/USDT,2026-06-10 01:35:00+00:00,0.027,0.02482,SessionLow,,0.961834,0.00254071,60,time_stop,0.0,41-60
FLOW/USDT,2026-06-11 00:00:00+00:00,0.02822,0.027,PDC,,0.999568,8.714e-05,60,time_stop,2.267895,41-60
FLOW/USDT,2026-06-11 04:20:00+00:00,0.02886,0.02822,SessionHigh,,0.968702,4.571e-05,60,time_stop,0.0,41-60
FLOW/USDT,2026-06-12 04:50:00+00:00,0.048,0.02714,PDC,SessionHigh,0.871723,0.00149,52,bearish_break_level,-37.5,41-60
GALA/USDT,2026-06-02 10:45:00+00:00,0.00319,0.00309,SessionLow,SessionHigh,0.959829,7.14e-06,44,bearish_break_level,-8.777429,41-60
GALA/USDT,2026-06-03 01:45:00+00:00,0.00287,0.00285,PDL,SessionHigh,0.999568,1.43e-06,22,bearish_break_level,-0.696864,21-40
GALA/USDT,2026-06-03 05:05:00+00:00,0.00296,0.00281,SessionLow,SessionHigh,0.820347,1.071e-05,4,bearish_break_level,0.0,3-5
GALA/USDT,2026-06-03 05:50:00+00:00,0.00297,0.0029403,Round_10bp,SessionHigh,0.832077,1.571e-05,54,bearish_break_level,-0.3367,41-60
GALA/USDT,2026-06-04 11:25:00+00:00,0.00267,0.00266,SessionLow,SessionHigh,0.924246,7.1e-07,48,bearish_break_level,4.11985,41-60
GALA/USDT,2026-06-05 06:55:00+00:00,0.00255,0.00248,SessionLow,,0.922339,1.714e-05,60,time_stop,0.784314,41-60
GALA/USDT,2026-06-05 16:50:00+00:00,0.00255,0.00247,SessionLow,SessionLow,0.904664,1e-05,26,bearish_break_level,-5.098039,21-40
GALA/USDT,2026-06-05 20:05:00+00:00,0.00251,0.00242,SessionLow,,0.840913,9.29e-06,60,time_stop,-1.593625,41-60
GALA/USDT,2026-06-06 08:25:00+00:00,0.0025,0.00236,SessionLow,SessionHigh,0.939581,1e-05,11,bearish_break_level,-0.4,11-20
GALA/USDT,2026-06-07 01:00:00+00:00,0.0025,0.00244,PDC,,0.886913,4.29e-06,60,time_stop,0.0,41-60
GALA/USDT,2026-06-07 09:20:00+00:00,0.00257,0.0025,SessionHigh,,0.999568,5e-06,60,time_stop,0.0,41-60
GALA/USDT,2026-06-07 22:10:00+00:00,0.00264,0.00257,SessionHigh,,0.999568,5e-06,60,time_stop,1.515152,41-60
GALA/USDT,2026-06-07 22:15:00+00:00,0.00268,0.00264,SessionHigh,,0.99492,7.86e-06,60,time_stop,0.0,41-60
GALA/USDT,2026-06-08 15:20:00+00:00,0.00269,0.00268,PDH,,0.999568,7.1e-07,60,time_stop,0.0,41-60
GALA/USDT,2026-06-09 12:40:00+00:00,0.00263,0.00257,SessionLow,SessionLow,0.950242,4.29e-06,45,bearish_break_level,-4.18251,41-60
GALA/USDT,2026-06-10 12:30:00+00:00,0.00256,0.00251,SessionLow,,0.951725,3.57e-06,60,time_stop,0.0,41-60
GALA/USDT,2026-06-11 07:00:00+00:00,0.00267,0.00256,PDH,,0.999568,7.86e-06,60,time_stop,2.996255,41-60
GALA/USDT,2026-06-11 07:15:00+00:00,0.00275,0.00267,SessionHigh,,0.985343,1.357e-05,60,time_stop,0.0,41-60
GALA/USDT,2026-06-12 09:20:00+00:00,0.00266,0.00265,SessionLow,,0.93705,7.1e-07,60,time_stop,1.879699,41-60
GALA/USDT,2026-06-12 17:05:00+00:00,0.00265,0.0026,SessionLow,,0.903855,3.57e-06,60,time_stop,0.0,41-60
GALA/USDT,2026-06-13 07:25:00+00:00,0.00267,0.00265,PDC,,0.999568,1.43e-06,60,time_stop,0.0,41-60
GALA/USDT,2026-06-13 13:20:00+00:00,0.0027,0.00267,SessionHigh,SessionHigh,0.951631,2.14e-06,1,bearish_break_level,-0.37037,1-2
GALA/USDT,2026-06-13 22:25:00+00:00,0.00269,0.00263,SessionLow,,0.965422,4.29e-06,60,time_stop,-1.115242,41-60
GIGA/USDT,2026-06-02 16:25:00+00:00,0.003578,0.002868,PDL,SessionHigh,0.999568,5.071e-05,39,bearish_break_level,-11.067636,21-40
GIGA/USDT,2026-06-03 13:15:00+00:00,0.002766,0.002733,SessionLow,,0.999568,2.36e-06,60,time_stop,0.0,41-60
GIGA/USDT,2026-06-05 16:05:00+00:00,0.002234,0.001724,SessionLow,,0.80404,3.643e-05,60,time_stop,-6.401074,41-60
GIGA/USDT,2026-06-07 18:35:00+00:00,0.002299,0.001959,PDL,,0.999568,2.429e-05,60,time_stop,0.0,41-60
GRT/USDT,2026-06-02 02:25:00+00:00,0.0246,0.024477,Round_5bp,PDC,0.75089,5.714e-05,41,bearish_break_level,0.406504,41-60
GRT/USDT,2026-06-02 03:00:00+00:00,0.0249,0.0248,PDL,PDC,0.767683,5e-05,34,bearish_break_level,-0.803213,21-40
GRT/USDT,2026-06-02 10:00:00+00:00,0.0243,0.0242,SessionLow,,0.818099,3.571e-05,60,time_stop,-0.823045,41-60
GRT/USDT,2026-06-02 13:10:00+00:00,0.0249,0.0248,PDL,SessionLow,0.871209,4.286e-05,28,bearish_break_level,-5.62249,21-40
GRT/USDT,2026-06-02 14:30:00+00:00,0.0241,0.0239795,Round_5bp,SessionLow,0.81698,0.0001,12,bearish_break_level,-2.489627,11-20
GRT/USDT,2026-06-02 19:55:00+00:00,0.0233,0.0232,SessionLow,SessionLow,0.780769,2.857e-05,42,bearish_break_level,-3.004292,41-60
GRT/USDT,2026-06-02 23:30:00+00:00,0.0227,0.0226,SessionLow,SessionHigh,0.725816,5e-05,48,bearish_break_level,1.762115,41-60
GRT/USDT,2026-06-02 23:35:00+00:00,0.0228,0.022686,Round_5bp,SessionHigh,0.727104,5.714e-05,47,bearish_break_level,1.315789,41-60
GRT/USDT,2026-06-03 00:00:00+00:00,0.0231,0.023,PDC,SessionHigh,0.747831,7.857e-05,42,bearish_break_level,0.0,41-60
GRT/USDT,2026-06-03 00:15:00+00:00,0.0232,0.0231,SessionHigh,SessionHigh,0.795766,8.571e-05,39,bearish_break_level,-0.431034,21-40
GRT/USDT,2026-06-03 01:25:00+00:00,0.0233,0.0232,SessionHigh,SessionHigh,0.750895,7.14e-06,25,bearish_break_level,-0.858369,21-40
GRT/USDT,2026-06-03 04:25:00+00:00,0.0232,0.023,PDC,SessionHigh,0.767218,7.857e-05,22,bearish_break_level,1.724138,21-40
GRT/USDT,2026-06-03 04:50:00+00:00,0.0233,0.0231835,Round_5bp,SessionHigh,0.821608,6.429e-05,17,bearish_break_level,1.287554,11-20
GRT/USDT,2026-06-03 05:00:00+00:00,0.0235,0.0233,SessionHigh,SessionHigh,0.764358,5.714e-05,15,bearish_break_level,0.425532,11-20
GRT/USDT,2026-06-03 05:50:00+00:00,0.0237,0.0235,SessionHigh,SessionHigh,0.800561,3.571e-05,5,bearish_break_level,-0.421941,3-5
GRT/USDT,2026-06-03 07:15:00+00:00,0.0239,0.0238,SessionHigh,SessionHigh,0.738888,2.857e-05,49,bearish_break_level,1.25523,41-60
GRT/USDT,2026-06-03 10:30:00+00:00,0.024,0.0239,SessionHigh,SessionHigh,0.784421,7.14e-06,10,bearish_break_level,0.833333,6-10
GRT/USDT,2026-06-03 10:40:00+00:00,0.0241,0.024,SessionHigh,SessionHigh,0.780901,1.429e-05,8,bearish_break_level,0.414938,6-10
GRT/USDT,2026-06-03 13:05:00+00:00,0.024,0.02388,Round_5bp,Round_5bp,0.828003,2.857e-05,33,bearish_break_level,-0.833333,21-40
GRT/USDT,2026-06-03 21:30:00+00:00,0.0233,0.0231835,Round_5bp,Round_5bp,0.75549,4.286e-05,13,bearish_break_level,0.858369,11-20
GRT/USDT,2026-06-04 01:35:00+00:00,0.0224,0.0223,SessionLow,Round_5bp,0.792298,5.714e-05,2,bearish_break_level,-0.446429,1-2
GRT/USDT,2026-06-04 02:10:00+00:00,0.0217,0.0216,SessionLow,Round_5bp,0.760777,0.00011429,52,bearish_break_level,2.764977,41-60
GRT/USDT,2026-06-04 02:25:00+00:00,0.0221,0.0219895,Round_5bp,Round_5bp,0.712684,0.00013571,49,bearish_break_level,0.904977,41-60
GRT/USDT,2026-06-04 10:20:00+00:00,0.0215,0.0213,SessionLow,PDL,0.730147,4.286e-05,60,bearish_break_level,4.651163,41-60
GRT/USDT,2026-06-04 12:00:00+00:00,0.0217,0.021483,Round_10bp,PDL,0.810491,1.429e-05,40,bearish_break_level,3.686636,21-40
GRT/USDT,2026-06-04 21:50:00+00:00,0.0215,0.0213925,Round_5bp,SessionHigh,0.789422,4.286e-05,36,bearish_break_level,0.930233,21-40
GRT/USDT,2026-06-04 23:05:00+00:00,0.0217,0.021483,Round_10bp,SessionHigh,0.828468,2.143e-05,21,bearish_break_level,0.0,21-40
GRT/USDT,2026-06-05 00:40:00+00:00,0.0218,0.0217,PDC,SessionHigh,0.784542,7.14e-06,2,bearish_break_level,-0.458716,1-2
GRT/USDT,2026-06-05 01:35:00+00:00,0.0217,0.0215,SessionLow,PDC,0.792715,5e-05,12,bearish_break_level,-0.460829,11-20
GRT/USDT,2026-06-05 06:25:00+00:00,0.0202,0.0199,SessionLow,Round_5bp,0.786963,0.00011429,39,bearish_break_level,2.475248,21-40
GRT/USDT,2026-06-05 07:25:00+00:00,0.0204,0.020196,Round_10bp,Round_5bp,0.763065,0.00012857,27,bearish_break_level,1.470588,21-40
GRT/USDT,2026-06-05 12:20:00+00:00,0.0203,0.0201985,Round_5bp,SessionLow,0.741872,2.143e-05,21,bearish_break_level,-2.463054,21-40
GRT/USDT,2026-06-05 13:30:00+00:00,0.0204,0.020196,Round_10bp,SessionLow,0.731487,2.143e-05,7,bearish_break_level,-2.941176,6-10
GRT/USDT,2026-06-05 14:15:00+00:00,0.02,0.0198,Round_10bp,Round_5bp,0.725486,7.857e-05,22,bearish_break_level,-2.0,21-40
GRT/USDT,2026-06-05 16:10:00+00:00,0.0197,0.0196,SessionLow,Round_5bp,0.738,5e-05,6,bearish_break_level,0.507614,6-10
GRT/USDT,2026-06-05 16:20:00+00:00,0.0199,0.0198005,Round_5bp,Round_5bp,0.729568,6.429e-05,4,bearish_break_level,-0.502513,3-5
GRT/USDT,2026-06-05 19:50:00+00:00,0.0197,0.019503,Round_10bp,Round_5bp,0.724873,0.0001,2,bearish_break_level,-0.507614,1-2
GRT/USDT,2026-06-05 20:50:00+00:00,0.0202,0.019998,Round_10bp,Round_5bp,0.734357,6.429e-05,32,bearish_break_level,-1.980198,21-40
GRT/USDT,2026-06-06 00:05:00+00:00,0.0202,0.0198,PDC,SessionHigh,0.746185,7.857e-05,3,bearish_break_level,-0.49505,3-5
GRT/USDT,2026-06-06 02:45:00+00:00,0.0201,0.0199995,Round_5bp,PDC,0.744619,1.429e-05,17,bearish_break_level,-3.9801,11-20
GRT/USDT,2026-06-06 04:45:00+00:00,0.019,0.0188,SessionLow,Round_5bp,0.793706,0.00010714,38,bearish_break_level,3.157895,21-40
GRT/USDT,2026-06-06 07:30:00+00:00,0.0197,0.019503,Round_10bp,Round_5bp,0.782802,1.429e-05,5,bearish_break_level,-0.507614,3-5
GRT/USDT,2026-06-06 08:05:00+00:00,0.0197,0.0196015,Round_5bp,Round_5bp,0.764009,4.286e-05,15,bearish_break_level,-0.507614,11-20
GRT/USDT,2026-06-06 12:55:00+00:00,0.0197,0.0196015,Round_5bp,Round_10bp,0.795434,1.429e-05,26,bearish_break_level,-1.015228,21-40
GRT/USDT,2026-06-06 16:05:00+00:00,0.0197,0.019503,Round_10bp,Round_5bp,0.804495,2.857e-05,4,bearish_break_level,-0.507614,3-5
GRT/USDT,2026-06-06 19:20:00+00:00,0.0197,0.0196015,Round_5bp,Round_5bp,0.758631,1.429e-05,3,bearish_break_level,-0.507614,3-5
GRT/USDT,2026-06-06 21:35:00+00:00,0.0197,0.0196015,Round_5bp,Round_10bp,0.786746,1.429e-05,27,bearish_break_level,0.507614,21-40
GRT/USDT,2026-06-07 00:05:00+00:00,0.02,0.0197,PDC,SessionHigh,0.787611,7.143e-05,30,bearish_break_level,-0.5,21-40
GRT/USDT,2026-06-07 09:00:00+00:00,0.0204,0.0195,SessionLow,SessionHigh,0.927411,6.429e-05,20,bearish_break_level,-1.960784,11-20
GRT/USDT,2026-06-07 22:15:00+00:00,0.0205,0.0202,PDH,SessionHigh,0.995707,6.429e-05,1,bearish_break_level,-0.97561,1-2
GRT/USDT,2026-06-08 04:15:00+00:00,0.0201,0.0199,SessionLow,Round_10bp,0.831094,2.143e-05,16,bearish_break_level,-1.492537,11-20
GRT/USDT,2026-06-08 06:00:00+00:00,0.0199,0.0198,SessionLow,Round_5bp,0.827994,2.857e-05,32,bearish_break_level,-0.502513,21-40
GRT/USDT,2026-06-08 11:10:00+00:00,0.0201,0.019899,Round_10bp,SessionHigh,0.836455,1.429e-05,10,bearish_break_level,0.0,6-10
GRT/USDT,2026-06-08 11:15:00+00:00,0.0202,0.020099,Round_5bp,SessionHigh,0.822872,2.143e-05,9,bearish_break_level,-0.49505,6-10
GRT/USDT,2026-06-08 11:20:00+00:00,0.0203,0.0202,PDC,SessionHigh,0.812077,2.857e-05,8,bearish_break_level,-0.985222,6-10
GRT/USDT,2026-06-08 12:55:00+00:00,0.0203,0.0202,PDC,SessionHigh,0.824238,2.857e-05,7,bearish_break_level,-0.492611,6-10
GRT/USDT,2026-06-08 15:05:00+00:00,0.0203,0.0202,PDC,SessionHigh,0.792878,7.14e-06,22,bearish_break_level,-0.492611,21-40
GRT/USDT,2026-06-08 18:00:00+00:00,0.0203,0.0202,PDC,SessionHigh,0.82277,1.429e-05,24,bearish_break_level,-0.492611,21-40
GRT/USDT,2026-06-08 21:10:00+00:00,0.0203,0.0202,PDC,SessionHigh,0.922034,7.14e-06,10,bearish_break_level,-0.985222,6-10
GRT/USDT,2026-06-09 04:35:00+00:00,0.02,0.0198,PDL,,0.903973,2.143e-05,60,time_stop,0.0,41-60
GRT/USDT,2026-06-09 10:50:00+00:00,0.0199,0.0197,SessionLow,PDC,0.959371,3.571e-05,3,bearish_break_level,-0.502513,3-5
GRT/USDT,2026-06-09 11:20:00+00:00,0.0199,0.0198,PDL,PDC,0.893207,2.857e-05,1,bearish_break_level,-0.502513,1-2
GRT/USDT,2026-06-09 15:45:00+00:00,0.0195,0.0194,SessionLow,SessionLow,0.782729,3.571e-05,8,bearish_break_level,-2.051282,6-10
GRT/USDT,2026-06-09 16:30:00+00:00,0.0193,0.0191,SessionLow,Round_5bp,0.773703,6.429e-05,2,bearish_break_level,-0.518135,1-2
GRT/USDT,2026-06-09 20:40:00+00:00,0.0199,0.0198,PDL,PDC,0.733967,2.143e-05,9,bearish_break_level,-0.502513,6-10
GRT/USDT,2026-06-10 00:50:00+00:00,0.0195,0.0194,SessionLow,Round_5bp,0.813451,2.143e-05,17,bearish_break_level,-0.512821,11-20
GRT/USDT,2026-06-10 02:30:00+00:00,0.0194,0.0193,SessionLow,Round_10bp,0.8059,2.857e-05,3,bearish_break_level,-1.030928,3-5
GRT/USDT,2026-06-10 03:05:00+00:00,0.0194,0.0192,SessionLow,Round_5bp,0.811544,5.714e-05,19,bearish_break_level,-1.030928,11-20
GRT/USDT,2026-06-10 09:35:00+00:00,0.0191,0.019,SessionLow,PDL,0.871535,2.857e-05,8,bearish_break_level,-0.52356,6-10
GRT/USDT,2026-06-10 10:20:00+00:00,0.0191,0.019,SessionLow,PDL,0.822868,4.286e-05,8,bearish_break_level,-1.04712,6-10
GRT/USDT,2026-06-10 16:00:00+00:00,0.0193,0.0191,PDL,Round_5bp,0.803632,2.143e-05,8,bearish_break_level,-0.518135,6-10
GRT/USDT,2026-06-10 17:05:00+00:00,0.0192,0.0191,PDL,Round_5bp,0.849883,4.286e-05,4,bearish_break_level,-0.520833,3-5
GRT/USDT,2026-06-11 00:15:00+00:00,0.0188,0.0185,PDL,SessionHigh,0.862061,2.857e-05,32,bearish_break_level,0.531915,21-40
GRT/USDT,2026-06-11 03:50:00+00:00,0.019,0.018905,Round_5bp,SessionHigh,0.877209,1.429e-05,6,bearish_break_level,1.052632,6-10
GRT/USDT,2026-06-11 03:55:00+00:00,0.0193,0.019,SessionHigh,SessionHigh,0.857294,3.571e-05,5,bearish_break_level,-0.518135,3-5
GRT/USDT,2026-06-11 05:30:00+00:00,0.0193,0.0192035,Round_5bp,SessionHigh,0.830336,5e-05,5,bearish_break_level,-0.518135,3-5
GRT/USDT,2026-06-11 06:25:00+00:00,0.0193,0.019107,Round_10bp,Round_5bp,0.796882,5.714e-05,3,bearish_break_level,-0.518135,3-5
GRT/USDT,2026-06-11 06:55:00+00:00,0.0193,0.0192035,Round_5bp,Round_10bp,0.790559,7.143e-05,1,bearish_break_level,-1.036269,1-2
GRT/USDT,2026-06-11 09:05:00+00:00,0.0193,0.0192035,Round_5bp,Round_5bp,0.731028,3.571e-05,2,bearish_break_level,-0.518135,1-2
GRT/USDT,2026-06-11 11:35:00+00:00,0.0195,0.0194,SessionHigh,SessionHigh,0.721818,1.429e-05,1,bearish_break_level,-0.512821,1-2
GRT/USDT,2026-06-11 13:45:00+00:00,0.0193,0.0192035,Round_5bp,Round_10bp,0.783311,7.143e-05,17,bearish_break_level,-1.036269,11-20
GRT/USDT,2026-06-11 18:00:00+00:00,0.0197,0.0196,PDH,SessionHigh,0.756613,5.714e-05,7,bearish_break_level,-0.507614,6-10
GRT/USDT,2026-06-12 00:05:00+00:00,0.0198,0.0196,PDC,SessionHigh,0.923889,1.429e-05,13,bearish_break_level,0.505051,11-20
GRT/USDT,2026-06-12 00:25:00+00:00,0.0199,0.0198,SessionHigh,SessionHigh,0.945666,2.143e-05,9,bearish_break_level,0.0,6-10
GRT/USDT,2026-06-12 01:00:00+00:00,0.02,0.0199,SessionHigh,SessionHigh,0.973537,2.857e-05,2,bearish_break_level,-0.5,1-2
GRT/USDT,2026-06-12 02:05:00+00:00,0.0199,0.0198005,Round_5bp,Round_5bp,0.893949,2.857e-05,2,bearish_break_level,-0.502513,1-2
GRT/USDT,2026-06-12 03:00:00+00:00,0.0199,0.0198005,Round_5bp,SessionHigh,0.843076,2.857e-05,7,bearish_break_level,0.0,6-10
GRT/USDT,2026-06-12 04:10:00+00:00,0.0199,0.0198005,Round_5bp,Round_5bp,0.789873,4.286e-05,1,bearish_break_level,-0.502513,1-2
GRT/USDT,2026-06-12 08:05:00+00:00,0.0198,0.0197,PDH,Round_5bp,0.777645,7.14e-06,42,bearish_break_level,0.0,41-60
GRT/USDT,2026-06-12 08:55:00+00:00,0.0198,0.0197,PDH,Round_5bp,0.778572,2.143e-05,32,bearish_break_level,0.0,21-40
GRT/USDT,2026-06-12 09:00:00+00:00,0.0199,0.0198005,Round_5bp,Round_5bp,0.775644,2.857e-05,31,bearish_break_level,-0.502513,21-40
GRT/USDT,2026-06-12 12:35:00+00:00,0.02,0.0198,Round_10bp,SessionHigh,0.821814,2.143e-05,1,bearish_break_level,-1.5,1-2
GRT/USDT,2026-06-12 15:00:00+00:00,0.0198,0.0196,PDC,SessionHigh,0.843955,1.429e-05,3,bearish_break_level,0.505051,3-5
GRT/USDT,2026-06-12 15:10:00+00:00,0.02,0.0198,Round_10bp,SessionHigh,0.801836,2.857e-05,1,bearish_break_level,-0.5,1-2
GRT/USDT,2026-06-12 17:55:00+00:00,0.0198,0.0197,PDH,SessionHigh,0.818266,7.14e-06,42,bearish_break_level,0.505051,41-60
GRT/USDT,2026-06-12 19:55:00+00:00,0.0198,0.0197,PDH,SessionHigh,0.807876,1.429e-05,18,bearish_break_level,0.505051,11-20
GRT/USDT,2026-06-12 21:00:00+00:00,0.02,0.0199,Round_5bp,SessionHigh,0.826839,2.857e-05,5,bearish_break_level,-0.5,3-5
GRT/USDT,2026-06-12 21:30:00+00:00,0.02,0.0199,Round_5bp,SessionHigh,0.796947,3.571e-05,31,bearish_break_level,-0.5,21-40
GRT/USDT,2026-06-13 00:00:00+00:00,0.02,0.0197,PDC,SessionHigh,0.772987,3.571e-05,1,bearish_break_level,-0.5,1-2
GRT/USDT,2026-06-13 01:30:00+00:00,0.02,0.0199,Round_5bp,SessionHigh,0.774908,7.14e-06,16,bearish_break_level,-1.0,11-20
GRT/USDT,2026-06-13 02:55:00+00:00,0.0199,0.0198005,Round_5bp,Round_5bp,0.771699,2.857e-05,1,bearish_break_level,-0.502513,1-2
GRT/USDT,2026-06-13 04:05:00+00:00,0.0197,0.0196,PDL,PDC,0.796197,4.286e-05,3,bearish_break_level,-0.507614,3-5
GRT/USDT,2026-06-13 04:40:00+00:00,0.0197,0.0196,PDL,PDC,0.792554,3.571e-05,6,bearish_break_level,-0.507614,6-10
GRT/USDT,2026-06-13 06:05:00+00:00,0.0197,0.0196,PDL,PDC,0.77644,2.143e-05,5,bearish_break_level,-0.507614,3-5
GRT/USDT,2026-06-13 06:45:00+00:00,0.0198,0.0196,PDL,SessionHigh,0.765554,2.857e-05,10,bearish_break_level,0.505051,6-10
GRT/USDT,2026-06-13 07:25:00+00:00,0.02,0.0198,Round_10bp,SessionHigh,0.767709,3.571e-05,2,bearish_break_level,-0.5,1-2
GRT/USDT,2026-06-13 08:20:00+00:00,0.02,0.0199,Round_5bp,SessionHigh,0.756224,4.286e-05,60,bearish_break_level,-0.5,41-60
GRT/USDT,2026-06-13 14:05:00+00:00,0.02,0.0199,Round_5bp,PDH,0.941449,1.429e-05,5,bearish_break_level,0.0,3-5
GRT/USDT,2026-06-13 14:15:00+00:00,0.0201,0.02,SessionHigh,PDH,0.911924,2.143e-05,3,bearish_break_level,-0.497512,3-5
GRT/USDT,2026-06-13 18:20:00+00:00,0.0199,0.0198005,Round_5bp,Round_5bp,0.776517,1.429e-05,5,bearish_break_level,-0.502513,3-5
GRT/USDT,2026-06-13 19:05:00+00:00,0.0199,0.0198005,Round_5bp,Round_5bp,0.775732,2.857e-05,3,bearish_break_level,-0.502513,3-5
GRT/USDT,2026-06-13 19:25:00+00:00,0.0199,0.0198005,Round_5bp,Round_5bp,0.776812,3.571e-05,7,bearish_break_level,-0.502513,6-10
GRT/USDT,2026-06-13 21:30:00+00:00,0.02,0.0198,Round_10bp,PDH,0.766352,1.429e-05,7,bearish_break_level,-0.5,6-10
GRT/USDT,2026-06-13 21:40:00+00:00,0.0201,0.0199995,Round_5bp,PDH,0.757446,2.143e-05,5,bearish_break_level,-0.995025,3-5
GRT/USDT,2026-06-13 22:10:00+00:00,0.02,0.0199,Round_5bp,PDH,0.751065,5e-05,10,bearish_break_level,-0.5,6-10
GRT/USDT,2026-06-13 22:15:00+00:00,0.0201,0.0199995,Round_5bp,PDH,0.731787,5.714e-05,9,bearish_break_level,-0.995025,6-10
GRT/USDT,2026-06-14 00:25:00+00:00,0.0203,0.0199,SessionLow,SessionHigh,0.754399,5.714e-05,5,bearish_break_level,-0.985222,3-5
GRT/USDT,2026-06-14 03:25:00+00:00,0.0201,0.0199,SessionLow,WeeklyOpen,0.747132,4.286e-05,3,bearish_break_level,-0.995025,3-5
GRT/USDT,2026-06-14 09:45:00+00:00,0.0199,0.0197,SessionLow,Round_10bp,0.759921,2.143e-05,9,bearish_break_level,-0.502513,6-10
GRT/USDT,2026-06-14 09:50:00+00:00,0.02,0.0199,Round_5bp,Round_10bp,0.755667,2.857e-05,8,bearish_break_level,-1.0,6-10
GRT/USDT,2026-06-14 12:30:00+00:00,0.02,0.0199,Round_5bp,Round_5bp,0.792541,2.143e-05,5,bearish_break_level,-1.0,3-5
GRT/USDT,2026-06-14 13:15:00+00:00,0.02,0.0198,Round_10bp,Round_10bp,0.808209,3.571e-05,10,bearish_break_level,-1.0,6-10
GRT/USDT,2026-06-14 13:45:00+00:00,0.0198,0.0197,SessionLow,Round_10bp,0.759843,5.714e-05,4,bearish_break_level,0.0,3-5
GRT/USDT,2026-06-14 13:50:00+00:00,0.02,0.0198,Round_10bp,Round_10bp,0.750494,7.143e-05,3,bearish_break_level,-1.0,3-5
GTC/USDT,2026-06-12 00:45:00+00:00,0.087,0.07,PDH,SessionHigh,0.999568,0.00121429,16,bearish_break_level,-8.045977,11-20
HBAR/USDT,2026-06-02 00:05:00+00:00,0.09234,0.09213,PDC,SessionHigh,0.72336,5.857e-05,1,bearish_break_level,-0.573966,1-2
HBAR/USDT,2026-06-02 01:00:00+00:00,0.09171,0.09161,PDL,PDL,0.730943,0.00010857,11,bearish_break_level,-0.425254,11-20
HBAR/USDT,2026-06-02 01:25:00+00:00,0.09187,0.09116,SessionLow,PDL,0.699205,0.00012429,6,bearish_break_level,-0.598672,6-10
HBAR/USDT,2026-06-02 03:05:00+00:00,0.09235,0.09188825,Round_5bp,SessionHigh,0.745871,0.00014857,3,bearish_break_level,-0.368165,3-5
HBAR/USDT,2026-06-02 06:30:00+00:00,0.09085,0.09023,SessionLow,,0.734418,0.00015,60,time_stop,-0.89158,41-60
HBAR/USDT,2026-06-02 07:05:00+00:00,0.09051,0.09023,SessionLow,SessionLow,0.691741,0.00015,59,bearish_break_level,-0.685007,41-60
HBAR/USDT,2026-06-02 10:05:00+00:00,0.09034,0.09,SessionLow,SessionLow,0.772129,6.143e-05,23,bearish_break_level,-0.498118,21-40
HBAR/USDT,2026-06-02 14:10:00+00:00,0.09015,0.08978,SessionLow,SessionLow,0.725446,5.571e-05,2,bearish_break_level,-1.042707,1-2
HBAR/USDT,2026-06-02 15:05:00+00:00,0.08942,0.0889729,Round_5bp,Round_5bp,0.738741,0.00032786,2,bearish_break_level,-0.413778,1-2
HBAR/USDT,2026-06-02 15:55:00+00:00,0.08832,0.08795,SessionLow,Round_5bp,0.708091,0.00032214,6,bearish_break_level,0.543478,6-10
HBAR/USDT,2026-06-02 18:45:00+00:00,0.08761,0.0875,SessionLow,SessionLow,0.702424,0.00012571,9,bearish_break_level,-1.187079,6-10
HBAR/USDT,2026-06-02 19:45:00+00:00,0.08756,0.08656,SessionLow,Round_10bp,0.694122,0.00018571,36,bearish_break_level,-0.605299,21-40
HBAR/USDT,2026-06-02 20:35:00+00:00,0.08765,0.08721175,Round_5bp,Round_10bp,0.715181,0.00029071,26,bearish_break_level,-0.707359,21-40
HBAR/USDT,2026-06-02 23:05:00+00:00,0.08699,0.08612,SessionLow,SessionHigh,0.684269,0.00028571,17,bearish_break_level,0.045982,11-20
HBAR/USDT,2026-06-02 23:35:00+00:00,0.0865,0.08584,SessionLow,SessionHigh,0.733294,0.00031357,11,bearish_break_level,0.612717,11-20
HBAR/USDT,2026-06-03 01:55:00+00:00,0.08684,0.08667,PDC,SessionLow,0.718179,0.00010143,19,bearish_break_level,-1.001842,11-20
HBAR/USDT,2026-06-03 04:00:00+00:00,0.08599,0.08556005,Round_5bp,PDL,0.768012,0.00015643,2,bearish_break_level,-0.360507,1-2
HBAR/USDT,2026-06-03 05:05:00+00:00,0.08821,0.08776895,Round_5bp,SessionHigh,0.736135,0.00026429,38,bearish_break_level,-0.136039,21-40
HBAR/USDT,2026-06-03 05:10:00+00:00,0.08847,0.08821,SessionHigh,SessionHigh,0.740762,0.00026,37,bearish_break_level,-0.429524,21-40
HBAR/USDT,2026-06-03 06:30:00+00:00,0.08884,0.08862,SessionHigh,SessionHigh,0.688986,8e-05,21,bearish_break_level,-0.844214,21-40
HBAR/USDT,2026-06-03 06:35:00+00:00,0.08901,0.08884,SessionHigh,SessionHigh,0.69037,8.286e-05,20,bearish_break_level,-1.033592,11-20
HBAR/USDT,2026-06-03 19:10:00+00:00,0.08691,0.08667,PDC,SessionHigh,0.718338,9.714e-05,60,bearish_break_level,-1.714417,41-60
HBAR/USDT,2026-06-03 21:30:00+00:00,0.08599,0.08584,PDL,SessionHigh,0.718408,0.00017071,32,bearish_break_level,-0.662868,21-40
HBAR/USDT,2026-06-04 00:00:00+00:00,0.08557,0.08526,PDC,SessionHigh,0.742424,0.00011,2,bearish_break_level,-0.175295,1-2
HBAR/USDT,2026-06-04 01:30:00+00:00,0.08422,0.08329,SessionLow,Round_5bp,0.770347,0.00029,4,bearish_break_level,-1.222987,3-5
HBAR/USDT,2026-06-04 02:05:00+00:00,0.08294,0.0816,SessionLow,PDL,0.736064,0.00051071,9,bearish_break_level,1.748252,6-10
HBAR/USDT,2026-06-04 09:45:00+00:00,0.08396,0.0835402,Round_5bp,PDC,0.775921,0.00018,38,bearish_break_level,1.429252,21-40
HBAR/USDT,2026-06-04 11:25:00+00:00,0.08344,0.0830228,Round_5bp,PDC,0.696843,0.00015571,18,bearish_break_level,2.061361,11-20
HBAR/USDT,2026-06-04 21:45:00+00:00,0.08438,0.0839581,Round_5bp,PDC,0.747367,0.00018357,27,bearish_break_level,-1.13771,21-40
HBAR/USDT,2026-06-04 23:40:00+00:00,0.08363,0.08321185,Round_5bp,PDC,0.791521,0.00011643,4,bearish_break_level,-0.251106,3-5
HBAR/USDT,2026-06-05 00:40:00+00:00,0.08359,0.08342,SessionLow,PDC,0.723007,7.143e-05,4,bearish_break_level,-0.478526,3-5
HBAR/USDT,2026-06-05 01:15:00+00:00,0.08344,0.08294,SessionLow,SessionHigh,0.699927,9.429e-05,5,bearish_break_level,-0.047939,3-5
HBAR/USDT,2026-06-05 02:45:00+00:00,0.08241,0.08228,SessionLow,SessionLow,0.716438,0.00012286,4,bearish_break_level,-0.533916,3-5
HBAR/USDT,2026-06-05 04:05:00+00:00,0.08195,0.08146,SessionLow,Round_5bp,0.698613,0.00020929,5,bearish_break_level,0.732154,3-5
HBAR/USDT,2026-06-05 06:25:00+00:00,0.0803,0.07918,SessionLow,PDL,0.727106,0.00036,5,bearish_break_level,0.834371,3-5
HBAR/USDT,2026-06-05 11:35:00+00:00,0.08051,0.08010745,Round_5bp,Round_5bp,0.744758,0.00022571,25,bearish_break_level,2.148801,21-40
HBAR/USDT,2026-06-05 12:15:00+00:00,0.08116,0.0807542,Round_5bp,Round_5bp,0.723701,0.00024786,17,bearish_break_level,1.330705,11-20
HBAR/USDT,2026-06-05 15:30:00+00:00,0.07949,0.07902,SessionLow,SessionLow,0.77559,0.00039643,44,bearish_break_level,-2.264436,41-60
HBAR/USDT,2026-06-06 00:05:00+00:00,0.08106,0.0805,SessionHigh,SessionHigh,0.708977,0.00020357,6,bearish_break_level,0.074019,6-10
HBAR/USDT,2026-06-06 03:45:00+00:00,0.07891,0.0788,SessionLow,SessionLow,0.744312,0.00014214,5,bearish_break_level,-1.292612,3-5
HBAR/USDT,2026-06-06 04:00:00+00:00,0.07884,0.07866,SessionLow,SessionLow,0.738575,0.00016,2,bearish_break_level,-1.204972,1-2
HBAR/USDT,2026-06-06 04:50:00+00:00,0.0777,0.07716,SessionLow,PDC,0.723901,0.000205,59,bearish_break_level,1.904762,41-60
HBAR/USDT,2026-06-06 05:10:00+00:00,0.07726,0.07693,SessionLow,PDC,0.673856,0.00024143,55,bearish_break_level,2.485115,41-60
HBAR/USDT,2026-06-07 01:05:00+00:00,0.0805,0.07961,PDC,SessionHigh,0.733121,7.5e-05,7,bearish_break_level,0.68323,6-10
HBAR/USDT,2026-06-07 01:25:00+00:00,0.08116,0.08097,SessionHigh,SessionHigh,0.6855,0.00012214,3,bearish_break_level,-0.135535,3-5
HBAR/USDT,2026-06-07 03:15:00+00:00,0.08146,0.08124,PDH,SessionHigh,0.704651,7.929e-05,8,bearish_break_level,-0.171863,6-10
HBAR/USDT,2026-06-07 04:55:00+00:00,0.08165,0.08154,SessionHigh,SessionHigh,0.745126,8.5e-05,12,bearish_break_level,-0.097979,11-20
HBAR/USDT,2026-06-07 06:35:00+00:00,0.08195,0.08124,PDH,SessionHigh,0.687839,8.571e-05,5,bearish_break_level,-0.366077,3-5
HBAR/USDT,2026-06-07 09:00:00+00:00,0.08244,0.08195,SessionHigh,SessionHigh,0.699201,8.357e-05,4,bearish_break_level,-0.194081,3-5
HBAR/USDT,2026-06-07 14:20:00+00:00,0.08111,0.08070445,Round_5bp,PDH,0.707497,3.429e-05,6,bearish_break_level,-0.049316,6-10
HBAR/USDT,2026-06-08 00:35:00+00:00,0.0825,0.08208,SessionHigh,SessionHigh,0.715466,4.929e-05,5,bearish_break_level,-0.266667,3-5
HBAR/USDT,2026-06-08 02:10:00+00:00,0.08213,0.08193,PDC,SessionLow,0.730911,0.00010643,30,bearish_break_level,-0.949714,21-40
HBAR/USDT,2026-06-08 05:45:00+00:00,0.081,0.08082,SessionLow,,0.742975,7.857e-05,60,time_stop,1.259259,41-60
HBAR/USDT,2026-06-08 09:20:00+00:00,0.08177,0.08136115,Round_5bp,Round_5bp,0.776548,6.214e-05,20,bearish_break_level,-0.232359,11-20
HBAR/USDT,2026-06-08 10:30:00+00:00,0.08202,0.0816099,Round_5bp,Round_5bp,0.773649,5.786e-05,6,bearish_break_level,-0.536455,6-10
HBAR/USDT,2026-06-08 11:20:00+00:00,0.08227,0.08185865,Round_5bp,Round_5bp,0.770532,0.000115,8,bearish_break_level,-0.388963,6-10
HBAR/USDT,2026-06-08 15:00:00+00:00,0.0829,0.08253,SessionHigh,SessionHigh,0.739344,8.071e-05,4,bearish_break_level,0.144753,3-5
HBAR/USDT,2026-06-08 15:05:00+00:00,0.08303,0.0829,SessionHigh,SessionHigh,0.741942,7.857e-05,3,bearish_break_level,-0.012044,3-5
HBAR/USDT,2026-06-08 15:10:00+00:00,0.08319,0.08303,SessionHigh,SessionHigh,0.757038,9e-05,2,bearish_break_level,-0.204351,1-2
HBAR/USDT,2026-06-09 03:55:00+00:00,0.08048,0.08,SessionLow,SessionHigh,0.722086,6.786e-05,10,bearish_break_level,0.944334,6-10
HBAR/USDT,2026-06-09 05:15:00+00:00,0.08146,0.08135,SessionHigh,PDC,0.726865,9.857e-05,7,bearish_break_level,-0.233243,6-10
HBAR/USDT,2026-06-09 14:55:00+00:00,0.07968,0.07937,SessionLow,SessionLow,0.707859,0.00013286,16,bearish_break_level,-1.041667,11-20
HBAR/USDT,2026-06-09 16:30:00+00:00,0.07935,0.07885,SessionLow,,0.740607,0.00010571,60,time_stop,0.642722,41-60
HBAR/USDT,2026-06-10 04:10:00+00:00,0.07873,0.07841,SessionLow,,0.770559,2.286e-05,60,time_stop,-0.495364,41-60
HBAR/USDT,2026-06-10 07:00:00+00:00,0.0786,0.0783,SessionLow,SessionLow,0.749882,2.357e-05,28,bearish_break_level,-0.903308,21-40
HBAR/USDT,2026-06-10 11:10:00+00:00,0.07803,0.07789,SessionLow,Round_5bp,0.760802,0.00011857,36,bearish_break_level,1.063693,21-40
HBAR/USDT,2026-06-10 13:40:00+00:00,0.07918,0.07885,PDL,Round_5bp,0.698911,5e-05,6,bearish_break_level,-0.404142,6-10
HBAR/USDT,2026-06-10 14:20:00+00:00,0.07902,0.07885,PDL,SessionHigh,0.722587,8.429e-05,11,bearish_break_level,0.22779,11-20
HBAR/USDT,2026-06-10 15:55:00+00:00,0.07948,0.0790826,Round_5bp,PDC,0.725931,0.00016857,3,bearish_break_level,-0.893306,3-5
HBAR/USDT,2026-06-10 20:25:00+00:00,0.07806,0.07769,SessionLow,SessionLow,0.728281,6.5e-05,10,bearish_break_level,-0.935178,6-10
HBAR/USDT,2026-06-10 22:10:00+00:00,0.07714,0.077,SessionLow,SessionHigh,0.725374,7.643e-05,47,bearish_break_level,1.892663,41-60
HBAR/USDT,2026-06-11 00:25:00+00:00,0.0781,0.07789,SessionHigh,SessionHigh,0.802751,5.286e-05,20,bearish_break_level,0.640205,11-20
HBAR/USDT,2026-06-11 01:00:00+00:00,0.07847,0.07811,SessionHigh,SessionHigh,0.754535,5.643e-05,13,bearish_break_level,0.165668,11-20
HBAR/USDT,2026-06-11 01:15:00+00:00,0.07863,0.07854,SessionHigh,SessionHigh,0.72007,5.357e-05,10,bearish_break_level,-0.038153,6-10
HBAR/USDT,2026-06-11 01:40:00+00:00,0.07881,0.07863,SessionHigh,SessionHigh,0.748412,5.143e-05,5,bearish_break_level,-0.266464,3-5
HBAR/USDT,2026-06-11 17:25:00+00:00,0.07789,0.077,PDL,SessionHigh,0.719983,0.00016357,6,bearish_break_level,1.348055,6-10
HBAR/USDT,2026-06-11 18:55:00+00:00,0.07949,0.07909255,Round_5bp,SessionHigh,0.739945,0.00013571,2,bearish_break_level,-0.301925,1-2
HBAR/USDT,2026-06-11 22:05:00+00:00,0.07978,0.07962,PDH,SessionHigh,0.745374,6.5e-05,13,bearish_break_level,-0.651792,11-20
HBAR/USDT,2026-06-11 22:30:00+00:00,0.0801,0.07984,SessionHigh,SessionHigh,0.719998,7.071e-05,8,bearish_break_level,-1.048689,6-10
HBAR/USDT,2026-06-11 23:15:00+00:00,0.07958,0.0791821,Round_5bp,PDH,0.724763,0.00010571,4,bearish_break_level,-0.087962,3-5
HBAR/USDT,2026-06-12 02:10:00+00:00,0.08005,0.07935,SessionLow,SessionHigh,0.733474,5.571e-05,37,bearish_break_level,0.074953,21-40
HBAR/USDT,2026-06-12 03:50:00+00:00,0.08022,0.0801,PDH,SessionHigh,0.771664,1.071e-05,17,bearish_break_level,-0.137123,11-20
HBAR/USDT,2026-06-12 14:25:00+00:00,0.07867,0.07833,SessionLow,PDC,0.75916,6.714e-05,13,bearish_break_level,0.648278,11-20
HBAR/USDT,2026-06-12 23:50:00+00:00,0.07789,0.0777,SessionLow,PDC,0.799706,2.5e-05,4,bearish_break_level,-0.166902,3-5
HBAR/USDT,2026-06-13 00:45:00+00:00,0.07798,0.07789,PDC,SessionHigh,0.781077,3.714e-05,3,bearish_break_level,-0.089767,3-5
HBAR/USDT,2026-06-13 01:15:00+00:00,0.07806,0.07789,PDC,SessionHigh,0.800077,4.643e-05,14,bearish_break_level,-0.064053,11-20
HBAR/USDT,2026-06-13 04:50:00+00:00,0.07767,0.07743,SessionLow,PDL,0.782004,4.357e-05,6,bearish_break_level,-0.424874,6-10
HBAR/USDT,2026-06-13 06:55:00+00:00,0.07764,0.07688,SessionLow,SessionHigh,0.7239,6.643e-05,42,bearish_break_level,0.631118,41-60
HBAR/USDT,2026-06-13 08:30:00+00:00,0.07808,0.07789,PDC,SessionHigh,0.705864,2.214e-05,23,bearish_break_level,0.064037,21-40
HBAR/USDT,2026-06-13 13:05:00+00:00,0.07884,0.07862,SessionHigh,SessionHigh,0.690185,3.286e-05,13,bearish_break_level,-0.608828,11-20
HBAR/USDT,2026-06-14 00:25:00+00:00,0.0785,0.07835,PDC,SessionHigh,0.766621,2.429e-05,5,bearish_break_level,-0.025478,3-5
HBAR/USDT,2026-06-14 01:30:00+00:00,0.07895,0.07857,SessionHigh,SessionHigh,0.748995,5.071e-05,1,bearish_break_level,-0.126662,1-2
HBAR/USDT,2026-06-14 08:45:00+00:00,0.07933,0.07922,SessionHigh,SessionHigh,0.78089,3.929e-05,2,bearish_break_level,-0.100845,1-2
HBAR/USDT,2026-06-14 16:15:00+00:00,0.07752,0.07729,SessionLow,SessionLow,0.738397,2.571e-05,21,bearish_break_level,-0.799794,21-40
HBAR/USDT,2026-06-14 17:45:00+00:00,0.07719,0.07708,SessionLow,SessionLow,0.721197,6.714e-05,3,bearish_break_level,-0.375696,3-5
HYPE/USDT,2026-06-02 00:40:00+00:00,74.86,74.63,SessionHigh,SessionHigh,0.716115,0.18,2,bearish_break_level,-0.227091,1-2
HYPE/USDT,2026-06-02 01:40:00+00:00,73.36,73.01,WeeklyOpen,SessionHigh,0.760001,0.37357143,18,bearish_break_level,2.153762,11-20
HYPE/USDT,2026-06-02 02:15:00+00:00,73.31,73.01,WeeklyOpen,SessionHigh,0.711508,0.30857143,11,bearish_break_level,2.223435,11-20
HYPE/USDT,2026-06-02 02:55:00+00:00,74.79,74.0421,Round_10bp,SessionHigh,0.783189,0.225,3,bearish_break_level,0.200562,3-5
HYPE/USDT,2026-06-02 04:15:00+00:00,74.8,74.426,Round_5bp,Round_5bp,0.704273,0.275,6,bearish_break_level,-1.390374,6-10
HYPE/USDT,2026-06-02 06:05:00+00:00,73.31,73.01,WeeklyOpen,SessionLow,0.701162,0.28428571,10,bearish_break_level,-1.609603,6-10
HYPE/USDT,2026-06-02 07:05:00+00:00,71.88,71.42,SessionLow,Round_5bp,0.735122,0.22142857,11,bearish_break_level,0.166945,11-20
HYPE/USDT,2026-06-02 09:20:00+00:00,71.6,71.242,Round_5bp,Round_5bp,0.745592,0.14071429,5,bearish_break_level,-0.75419,3-5
HYPE/USDT,2026-06-02 11:35:00+00:00,72.88,72.5156,Round_5bp,WeeklyOpen,0.685279,0.23,5,bearish_break_level,-0.082327,3-5
HYPE/USDT,2026-06-02 13:40:00+00:00,73.67,73.30165,Round_5bp,PDC,0.746642,0.23214286,8,bearish_break_level,-0.488666,6-10
HYPE/USDT,2026-06-02 19:50:00+00:00,70.83,70.1217,Round_10bp,Round_5bp,0.695392,0.33071429,5,bearish_break_level,-0.225893,3-5
HYPE/USDT,2026-06-02 22:50:00+00:00,68.1,67.96,SessionLow,SessionHigh,0.74811,0.32357143,20,bearish_break_level,3.274596,11-20
HYPE/USDT,2026-06-02 22:55:00+00:00,68.78,68.0922,Round_10bp,SessionHigh,0.688906,0.37214286,19,bearish_break_level,2.253562,11-20
HYPE/USDT,2026-06-02 23:55:00+00:00,69.81,69.1119,Round_10bp,SessionHigh,0.704531,0.42142857,7,bearish_break_level,0.744879,6-10
HYPE/USDT,2026-06-03 00:10:00+00:00,70.49,70.0,SessionHigh,SessionHigh,0.694215,0.38071429,4,bearish_break_level,-0.226983,3-5
HYPE/USDT,2026-06-03 00:20:00+00:00,70.89,70.8,SessionHigh,SessionHigh,0.741667,0.35285714,2,bearish_break_level,-0.789956,1-2
HYPE/USDT,2026-06-03 01:15:00+00:00,69.51,69.37,SessionLow,PDC,0.715818,0.23928571,3,bearish_break_level,-0.431593,3-5
HYPE/USDT,2026-06-03 01:20:00+00:00,69.81,69.46095,Round_5bp,PDC,0.731767,0.22571429,2,bearish_break_level,-0.859476,1-2
HYPE/USDT,2026-06-03 01:40:00+00:00,68.69,68.58,SessionLow,Round_5bp,0.743348,0.23857143,22,bearish_break_level,2.081817,21-40
HYPE/USDT,2026-06-03 02:45:00+00:00,70.07,69.81,PDC,Round_5bp,0.731131,0.16857143,9,bearish_break_level,0.071357,6-10
HYPE/USDT,2026-06-03 04:30:00+00:00,71.97,71.61015,Round_5bp,SessionHigh,0.722738,0.45642857,8,bearish_break_level,1.570099,6-10
HYPE/USDT,2026-06-03 04:40:00+00:00,72.32,71.9584,Round_5bp,SessionHigh,0.703465,0.43928571,6,bearish_break_level,1.07854,6-10
HYPE/USDT,2026-06-03 04:45:00+00:00,72.56,72.33,SessionHigh,SessionHigh,0.730897,0.41785714,5,bearish_break_level,0.744212,3-5
HYPE/USDT,2026-06-03 05:00:00+00:00,73.0,72.82,SessionHigh,SessionHigh,0.695382,0.34142857,2,bearish_break_level,0.136986,1-2
HYPE/USDT,2026-06-03 07:50:00+00:00,73.31,72.94345,Round_5bp,WeeklyOpen,0.767783,0.18285714,4,bearish_break_level,-1.186741,3-5
HYPE/USDT,2026-06-03 10:00:00+00:00,72.08,71.7196,Round_5bp,SessionHigh,0.696334,0.15357143,40,bearish_break_level,2.108768,21-40
HYPE/USDT,2026-06-03 10:05:00+00:00,72.44,72.0778,Round_5bp,SessionHigh,0.693443,0.16571429,39,bearish_break_level,1.601325,21-40
HYPE/USDT,2026-06-03 10:35:00+00:00,72.88,72.1512,Round_10bp,SessionHigh,0.690634,0.19,33,bearish_break_level,0.987925,21-40
HYPE/USDT,2026-06-03 11:00:00+00:00,73.18,73.01,WeeklyOpen,SessionHigh,0.710485,0.32714286,28,bearish_break_level,0.573927,21-40
HYPE/USDT,2026-06-03 11:15:00+00:00,73.31,73.01,WeeklyOpen,SessionHigh,0.726738,0.29428571,25,bearish_break_level,0.39558,21-40
HYPE/USDT,2026-06-03 12:50:00+00:00,73.31,72.94345,Round_5bp,SessionHigh,0.698146,0.2,6,bearish_break_level,0.39558,6-10
HYPE/USDT,2026-06-03 13:00:00+00:00,73.47,73.01,WeeklyOpen,SessionHigh,0.695091,0.23357143,4,bearish_break_level,0.176943,3-5
HYPE/USDT,2026-06-03 17:45:00+00:00,73.58,73.2121,Round_5bp,SessionHigh,0.700147,0.25571429,16,bearish_break_level,0.747486,11-20
HYPE/USDT,2026-06-03 18:50:00+00:00,74.4,74.26,SessionHigh,SessionHigh,0.771207,0.24357143,3,bearish_break_level,-0.362903,3-5
HYPE/USDT,2026-06-03 19:15:00+00:00,74.19,73.81905,Round_5bp,Round_5bp,0.691651,0.29642857,14,bearish_break_level,-0.957002,11-20
HYPE/USDT,2026-06-03 21:25:00+00:00,74.9,74.151,Round_10bp,SessionHigh,0.72421,0.36357143,1,bearish_break_level,-0.427236,1-2
HYPE/USDT,2026-06-04 00:00:00+00:00,75.44,74.76,PDC,PDH,0.746102,0.34,1,bearish_break_level,-0.424178,1-2
HYPE/USDT,2026-06-04 01:30:00+00:00,73.31,72.67,SessionLow,SessionLow,0.716295,0.36285714,4,bearish_break_level,-1.186741,3-5
HYPE/USDT,2026-06-04 03:35:00+00:00,73.64,73.2718,Round_5bp,WeeklyOpen,0.716215,0.28142857,27,bearish_break_level,-1.059207,21-40
HYPE/USDT,2026-06-04 07:05:00+00:00,69.9,69.37,SessionLow,SessionLow,0.754037,0.39071429,4,bearish_break_level,-1.788269,3-5
HYPE/USDT,2026-06-04 07:30:00+00:00,69.05,68.65,SessionLow,SessionLow,0.760634,0.53785714,4,bearish_break_level,-1.448226,3-5
HYPE/USDT,2026-06-04 08:15:00+00:00,67.87,67.18,SessionLow,Round_5bp,0.749099,0.55714286,9,bearish_break_level,0.780905,6-10
HYPE/USDT,2026-06-04 13:50:00+00:00,66.81,66.1419,Round_10bp,Round_10bp,0.711861,0.52928571,16,bearish_break_level,1.466846,11-20
HYPE/USDT,2026-06-04 14:45:00+00:00,67.28,66.9436,Round_5bp,Round_10bp,0.691042,0.29857143,5,bearish_break_level,0.758026,3-5
HYPE/USDT,2026-06-04 22:55:00+00:00,64.56,64.2372,Round_5bp,PDC,0.691517,0.29142857,13,bearish_break_level,-0.542131,11-20
HYPE/USDT,2026-06-05 01:30:00+00:00,65.75,65.06,SessionHigh,SessionHigh,0.763151,0.30714286,5,bearish_break_level,-0.015209,3-5
HYPE/USDT,2026-06-05 01:50:00+00:00,65.95,65.77,SessionHigh,SessionHigh,0.77503,0.21428571,1,bearish_break_level,-0.318423,1-2
HYPE/USDT,2026-06-05 03:15:00+00:00,63.43,62.59,PDL,PDL,0.70733,0.32357143,7,bearish_break_level,-1.529245,6-10
HYPE/USDT,2026-06-05 04:00:00+00:00,62.5,61.55,SessionLow,Round_5bp,0.749618,0.42785714,2,bearish_break_level,0.32,1-2
HYPE/USDT,2026-06-05 04:05:00+00:00,63.07,62.4393,Round_10bp,Round_5bp,0.714973,0.46857143,1,bearish_break_level,-0.58665,1-2
HYPE/USDT,2026-06-05 06:00:00+00:00,61.79,61.12,SessionLow,SessionLow,0.771345,0.51785714,3,bearish_break_level,-3.625182,3-5
HYPE/USDT,2026-06-05 07:30:00+00:00,61.3,60.687,Round_10bp,Round_5bp,0.736065,0.45714286,22,bearish_break_level,0.032626,21-40
HYPE/USDT,2026-06-05 14:30:00+00:00,62.17,61.85915,Round_5bp,Round_5bp,0.692287,0.41785714,4,bearish_break_level,-1.07769,3-5
HYPE/USDT,2026-06-05 17:00:00+00:00,59.86,59.5607,Round_5bp,,0.718684,0.71357143,60,time_stop,0.050117,41-60
HYPE/USDT,2026-06-05 19:45:00+00:00,58.75,58.45625,Round_5bp,SessionHigh,0.740708,0.52285714,55,bearish_break_level,3.046809,41-60
HYPE/USDT,2026-06-05 23:05:00+00:00,59.87,59.57065,Round_5bp,SessionHigh,0.704996,0.26,15,bearish_break_level,1.119091,11-20
HYPE/USDT,2026-06-06 00:15:00+00:00,60.71,60.46,SessionHigh,SessionHigh,0.706936,0.25142857,1,bearish_break_level,-0.28002,1-2
HYPE/USDT,2026-06-06 00:55:00+00:00,60.87,60.56565,Round_5bp,SessionHigh,0.753055,0.235,5,bearish_break_level,-1.281419,3-5
HYPE/USDT,2026-06-06 01:05:00+00:00,61.12,60.94,SessionHigh,SessionHigh,0.772088,0.21857143,3,bearish_break_level,-1.685209,3-5
HYPE/USDT,2026-06-06 02:10:00+00:00,59.55,59.25225,Round_5bp,PDC,0.696645,0.21142857,1,bearish_break_level,-0.570949,1-2
HYPE/USDT,2026-06-06 02:20:00+00:00,59.53,59.21,SessionLow,PDC,0.701721,0.24142857,1,bearish_break_level,-0.134386,1-2
HYPE/USDT,2026-06-06 02:40:00+00:00,59.69,59.39155,Round_5bp,PDC,0.717811,0.20714286,7,bearish_break_level,-0.351818,6-10
HYPE/USDT,2026-06-06 05:10:00+00:00,58.31,58.01845,Round_5bp,Round_5bp,0.692003,0.255,4,bearish_break_level,0.977534,3-5
HYPE/USDT,2026-06-06 14:35:00+00:00,58.75,58.45625,Round_5bp,Round_10bp,0.751691,0.08928571,36,bearish_break_level,-2.67234,21-40
HYPE/USDT,2026-06-06 15:35:00+00:00,58.35,57.7665,Round_10bp,Round_10bp,0.746977,0.145,24,bearish_break_level,-2.005141,21-40
HYPE/USDT,2026-06-06 17:20:00+00:00,57.73,57.37,SessionLow,Round_10bp,0.734525,0.16071429,3,bearish_break_level,-0.952711,3-5
HYPE/USDT,2026-06-06 18:50:00+00:00,56.62,56.35,SessionLow,Round_5bp,0.732964,0.23285714,18,bearish_break_level,-0.794772,11-20
HYPE/USDT,2026-06-06 19:45:00+00:00,56.02,55.82,SessionLow,Round_5bp,0.720462,0.34,7,bearish_break_level,0.267762,6-10
HYPE/USDT,2026-06-06 21:15:00+00:00,57.0,56.715,Round_5bp,Round_5bp,0.70914,0.15642857,31,bearish_break_level,-0.754386,21-40
HYPE/USDT,2026-06-07 00:00:00+00:00,56.84,56.57,PDC,SessionHigh,0.714469,0.10285714,3,bearish_break_level,-0.527797,3-5
HYPE/USDT,2026-06-07 01:00:00+00:00,57.63,57.34185,Round_5bp,SessionHigh,0.713514,0.17571429,5,bearish_break_level,1.162589,3-5
HYPE/USDT,2026-06-07 01:05:00+00:00,57.91,57.63,SessionHigh,SessionHigh,0.713807,0.205,4,bearish_break_level,0.673459,3-5
HYPE/USDT,2026-06-07 01:10:00+00:00,58.22,57.9289,Round_5bp,SessionHigh,0.731812,0.20785714,3,bearish_break_level,0.13741,3-5
HYPE/USDT,2026-06-07 01:20:00+00:00,58.47,58.26,SessionHigh,SessionHigh,0.742295,0.22642857,1,bearish_break_level,-0.290747,1-2
HYPE/USDT,2026-06-07 01:45:00+00:00,58.25,57.95875,Round_5bp,Round_5bp,0.717459,0.18928571,20,bearish_break_level,-0.497854,11-20
HYPE/USDT,2026-06-07 04:45:00+00:00,59.06,58.92,SessionHigh,SessionHigh,0.704458,0.11642857,1,bearish_break_level,-0.118524,1-2
HYPE/USDT,2026-06-07 05:35:00+00:00,59.48,59.1826,Round_5bp,SessionHigh,0.728008,0.20571429,3,bearish_break_level,0.268998,3-5
HYPE/USDT,2026-06-07 05:40:00+00:00,59.75,59.45125,Round_5bp,SessionHigh,0.69677,0.22571429,2,bearish_break_level,-0.1841,1-2
HYPE/USDT,2026-06-07 08:00:00+00:00,60.01,59.92,SessionHigh,SessionHigh,0.756581,0.01071429,11,bearish_break_level,-0.166639,11-20
HYPE/USDT,2026-06-07 08:20:00+00:00,60.09,60.01,SessionHigh,SessionHigh,0.73103,0.01857143,7,bearish_break_level,-0.299551,6-10
HYPE/USDT,2026-06-07 08:25:00+00:00,60.23,60.09,SessionHigh,SessionHigh,0.723179,0.03357143,6,bearish_break_level,-0.531297,6-10
HYPE/USDT,2026-06-07 14:15:00+00:00,58.85,58.55575,Round_5bp,,0.714282,0.10928571,60,time_stop,-1.699235,41-60
HYPE/USDT,2026-06-07 17:30:00+00:00,59.24,58.9438,Round_5bp,,0.753966,0.08357143,60,time_stop,-0.168805,41-60
HYPE/USDT,2026-06-08 00:15:00+00:00,60.81,60.08,SessionHigh,SessionHigh,0.741646,0.21071429,3,bearish_break_level,0.95379,3-5
HYPE/USDT,2026-06-08 02:50:00+00:00,61.53,61.22235,Round_5bp,SessionHigh,0.731138,0.19214286,5,bearish_break_level,0.276288,3-5
HYPE/USDT,2026-06-08 06:05:00+00:00,62.5,62.11,SessionHigh,SessionHigh,0.714845,0.22,5,bearish_break_level,0.32,3-5
HYPE/USDT,2026-06-08 06:15:00+00:00,62.69,62.5,SessionHigh,SessionHigh,0.731809,0.225,3,bearish_break_level,0.015952,3-5
HYPE/USDT,2026-06-08 06:25:00+00:00,62.81,62.69,SessionHigh,SessionHigh,0.732015,0.20428571,1,bearish_break_level,-0.175131,1-2
HYPE/USDT,2026-06-08 06:45:00+00:00,63.17,62.95,SessionHigh,SessionHigh,0.73033,0.20428571,15,bearish_break_level,-0.189964,11-20
HYPE/USDT,2026-06-08 11:50:00+00:00,62.17,61.85915,Round_5bp,Round_5bp,0.742545,0.12357143,15,bearish_break_level,1.14203,11-20
HYPE/USDT,2026-06-08 12:35:00+00:00,62.17,61.85915,Round_5bp,Round_5bp,0.726699,0.17357143,6,bearish_break_level,1.14203,6-10
HYPE/USDT,2026-06-08 15:15:00+00:00,65.18,65.08,SessionHigh,SessionHigh,0.712699,0.16928571,4,bearish_break_level,-0.414237,3-5
HYPE/USDT,2026-06-08 15:20:00+00:00,65.35,65.18,SessionHigh,SessionHigh,0.711552,0.17357143,3,bearish_break_level,-0.673298,3-5
HYPE/USDT,2026-06-08 15:25:00+00:00,65.58,65.35,SessionHigh,SessionHigh,0.714516,0.17071429,2,bearish_break_level,-1.021653,1-2
HYPE/USDT,2026-06-08 15:45:00+00:00,65.59,64.9341,Round_10bp,SessionHigh,0.693211,0.21285714,1,bearish_break_level,-0.945266,1-2
HYPE/USDT,2026-06-08 17:15:00+00:00,63.98,63.6601,Round_5bp,Round_5bp,0.714605,0.20857143,16,bearish_break_level,0.547046,11-20
HYPE/USDT,2026-06-08 18:00:00+00:00,64.36,64.0382,Round_5bp,Round_5bp,0.715146,0.21714286,7,bearish_break_level,-0.046613,6-10
HYPE/USDT,2026-06-09 00:00:00+00:00,63.97,63.28,PDC,SessionHigh,0.716434,0.15928571,7,bearish_break_level,-1.985306,6-10
HYPE/USDT,2026-06-09 01:40:00+00:00,62.47,62.15765,Round_5bp,Round_5bp,0.764757,0.185,6,bearish_break_level,-0.432207,6-10
HYPE/USDT,2026-06-09 01:45:00+00:00,62.79,62.47605,Round_5bp,Round_5bp,0.689955,0.12142857,5,bearish_break_level,-0.93964,3-5
HYPE/USDT,2026-06-09 03:15:00+00:00,62.75,62.43625,Round_5bp,SessionLow,0.736094,0.19214286,10,bearish_break_level,-2.167331,6-10
HYPE/USDT,2026-06-09 08:30:00+00:00,62.48,61.8552,Round_10bp,Round_5bp,0.738963,0.06071429,12,bearish_break_level,-0.160051,11-20
HYPE/USDT,2026-06-09 14:55:00+00:00,59.88,59.67,SessionLow,WeeklyOpen,0.75217,0.12785714,1,bearish_break_level,-0.250501,1-2
HYPE/USDT,2026-06-09 16:40:00+00:00,58.99,58.6,SessionLow,SessionLow,0.785065,0.09857143,37,bearish_break_level,-1.457874,21-40
HYPE/USDT,2026-06-09 17:05:00+00:00,59.22,58.6,SessionLow,SessionLow,0.76729,0.17571429,32,bearish_break_level,-1.840594,21-40
HYPE/USDT,2026-06-09 17:50:00+00:00,59.32,59.0234,Round_5bp,SessionLow,0.699943,0.22214286,23,bearish_break_level,-2.006069,21-40
HYPE/USDT,2026-06-09 17:55:00+00:00,59.75,59.37,PDL,SessionLow,0.700638,0.24142857,22,bearish_break_level,-2.711297,21-40
HYPE/USDT,2026-06-09 20:05:00+00:00,58.83,58.53585,Round_5bp,PDL,0.692566,0.115,12,bearish_break_level,0.798912,11-20
HYPE/USDT,2026-06-09 20:55:00+00:00,59.51,59.37,PDL,PDL,0.731632,0.12571429,2,bearish_break_level,-0.352882,1-2
HYPE/USDT,2026-06-09 23:25:00+00:00,57.76,57.42,SessionLow,SessionHigh,0.749198,0.11357143,10,bearish_break_level,0.328947,6-10
HYPE/USDT,2026-06-10 05:10:00+00:00,55.36,55.26,SessionLow,Round_5bp,0.773075,0.14571429,32,bearish_break_level,0.993497,21-40
HYPE/USDT,2026-06-10 07:30:00+00:00,56.15,55.5885,Round_10bp,Round_5bp,0.709679,0.03714286,4,bearish_break_level,-0.427427,3-5
HYPE/USDT,2026-06-10 09:30:00+00:00,55.93,55.65035,Round_5bp,Round_5bp,0.718464,0.07642857,7,bearish_break_level,-0.33971,6-10
HYPE/USDT,2026-06-10 12:10:00+00:00,55.13,54.97,SessionLow,Round_10bp,0.749478,0.18785714,6,bearish_break_level,2.031562,6-10
HYPE/USDT,2026-06-11 00:10:00+00:00,53.49,53.19,PDC,SessionHigh,0.702468,0.11571429,5,bearish_break_level,-1.439521,3-5
HYPE/USDT,2026-06-11 00:55:00+00:00,53.09,52.76,PDL,SessionHigh,0.748325,0.13428571,4,bearish_break_level,1.90243,3-5
HYPE/USDT,2026-06-11 05:50:00+00:00,55.65,55.47,SessionHigh,,0.779814,0.09285714,60,time_stop,0.287511,41-60
HYPE/USDT,2026-06-11 06:10:00+00:00,55.96,55.78,SessionHigh,,0.718176,0.11071429,60,time_stop,1.608292,41-60
HYPE/USDT,2026-06-11 15:20:00+00:00,57.0,56.715,Round_5bp,Round_5bp,0.743711,0.10285714,4,bearish_break_level,0.017544,3-5
HYPE/USDT,2026-06-11 19:20:00+00:00,59.15,59.01,SessionHigh,Round_5bp,0.705024,0.25071429,6,bearish_break_level,-0.591716,6-10
HYPE/USDT,2026-06-11 20:05:00+00:00,58.98,58.6851,Round_5bp,Round_5bp,0.713049,0.24714286,35,bearish_break_level,-1.017294,21-40
HYPE/USDT,2026-06-11 21:00:00+00:00,58.64,58.33,PDH,Round_5bp,0.747638,0.14857143,24,bearish_break_level,-0.443383,21-40
HYPE/USDT,2026-06-11 22:05:00+00:00,59.1,58.8045,Round_5bp,Round_5bp,0.789966,0.11,11,bearish_break_level,-1.218274,11-20
HYPE/USDT,2026-06-11 23:10:00+00:00,58.78,58.33,PDH,SessionHigh,0.693726,0.11714286,19,bearish_break_level,1.037768,11-20
HYPE/USDT,2026-06-12 00:00:00+00:00,59.11,58.94,PDC,SessionHigh,0.718394,0.18071429,9,bearish_break_level,0.473693,6-10
HYPE/USDT,2026-06-12 00:05:00+00:00,59.33,59.11,SessionHigh,SessionHigh,0.719811,0.205,8,bearish_break_level,0.101129,6-10
HYPE/USDT,2026-06-12 02:35:00+00:00,59.3,58.94,PDC,PDC,0.731653,0.13571429,28,bearish_break_level,-0.961214,21-40
HYPE/USDT,2026-06-12 07:05:00+00:00,57.43,56.84,SessionLow,PDH,0.741425,0.15,37,bearish_break_level,2.786,21-40
HYPE/USDT,2026-06-12 08:05:00+00:00,57.81,57.52095,Round_5bp,PDH,0.738721,0.06928571,25,bearish_break_level,2.110362,21-40
HYPE/USDT,2026-06-12 08:45:00+00:00,58.31,58.01845,Round_5bp,PDH,0.715069,0.07214286,17,bearish_break_level,1.23478,11-20
HYPE/USDT,2026-06-12 08:55:00+00:00,58.55,58.25725,Round_5bp,PDH,0.701209,0.08928571,15,bearish_break_level,0.819812,11-20
HYPE/USDT,2026-06-12 09:35:00+00:00,59.11,58.94,PDC,PDH,0.762795,0.09928571,7,bearish_break_level,-0.135341,6-10
HYPE/USDT,2026-06-12 10:50:00+00:00,59.2,58.94,PDC,PDH,0.746798,0.07714286,8,bearish_break_level,0.101351,6-10
HYPE/USDT,2026-06-12 12:15:00+00:00,60.38,60.26,SessionHigh,SessionHigh,0.776842,0.17357143,4,bearish_break_level,0.314674,3-5
HYPE/USDT,2026-06-12 14:50:00+00:00,60.26,59.56,PDH,SessionHigh,0.718221,0.355,5,bearish_break_level,1.01228,3-5
HYPE/USDT,2026-06-12 17:00:00+00:00,61.29,60.98355,Round_5bp,,0.744153,0.36285714,60,time_stop,-1.517376,41-60
HYPE/USDT,2026-06-12 17:25:00+00:00,62.25,61.6275,Round_10bp,,0.698309,0.37357143,60,time_stop,-2.811245,41-60
HYPE/USDT,2026-06-13 00:55:00+00:00,59.35,58.96,SessionLow,PDC,0.736221,0.07,4,bearish_break_level,-0.522325,3-5
HYPE/USDT,2026-06-13 01:40:00+00:00,59.36,59.0632,Round_5bp,SessionHigh,0.683987,0.08071429,9,bearish_break_level,0.454852,6-10
HYPE/USDT,2026-06-13 02:20:00+00:00,59.69,59.34,PDC,SessionHigh,0.748081,0.08357143,1,bearish_break_level,-0.100519,1-2
HYPE/USDT,2026-06-13 03:35:00+00:00,58.52,58.44,SessionLow,Round_5bp,0.73906,0.12071429,9,bearish_break_level,-0.205058,6-10
HYPE/USDT,2026-06-13 04:35:00+00:00,58.52,58.2,SessionLow,SessionLow,0.699201,0.07142857,5,bearish_break_level,-1.708817,3-5
HYPE/USDT,2026-06-13 05:05:00+00:00,57.62,57.52,SessionLow,SessionLow,0.696905,0.13571429,3,bearish_break_level,-0.468587,3-5
HYPE/USDT,2026-06-13 06:00:00+00:00,57.94,57.6503,Round_5bp,Round_10bp,0.717352,0.17285714,42,bearish_break_level,1.259924,41-60
HYPE/USDT,2026-06-13 12:50:00+00:00,59.52,59.34,PDC,PDC,0.754118,0.10714286,11,bearish_break_level,-0.638441,11-20
HYPE/USDT,2026-06-13 15:00:00+00:00,60.43,60.3,SessionHigh,SessionHigh,0.771553,0.18214286,6,bearish_break_level,-0.661923,6-10
HYPE/USDT,2026-06-13 16:10:00+00:00,59.85,59.55075,Round_5bp,Round_5bp,0.749544,0.08428571,1,bearish_break_level,-0.417711,1-2
HYPE/USDT,2026-06-13 16:45:00+00:00,60.04,59.7398,Round_5bp,Round_5bp,0.762685,0.11,8,bearish_break_level,-1.349101,6-10
HYPE/USDT,2026-06-13 16:55:00+00:00,60.25,59.93,WeeklyOpen,Round_5bp,0.724107,0.14714286,6,bearish_break_level,-1.692946,6-10
HYPE/USDT,2026-06-13 17:45:00+00:00,59.57,59.27215,Round_5bp,WeeklyOpen,0.766685,0.165,20,bearish_break_level,0.235018,11-20
HYPE/USDT,2026-06-13 18:20:00+00:00,59.69,59.34,PDC,WeeklyOpen,0.723512,0.115,13,bearish_break_level,0.033506,11-20
HYPE/USDT,2026-06-13 19:45:00+00:00,60.03,59.72985,Round_5bp,Round_5bp,0.757831,0.09571429,11,bearish_break_level,-0.433117,11-20
HYPE/USDT,2026-06-13 21:05:00+00:00,60.0,59.93,WeeklyOpen,SessionHigh,0.781295,0.03785714,8,bearish_break_level,1.033333,6-10
HYPE/USDT,2026-06-13 21:15:00+00:00,60.21,59.93,WeeklyOpen,SessionHigh,0.7413,0.06285714,6,bearish_break_level,0.68095,6-10
HYPE/USDT,2026-06-14 00:30:00+00:00,60.99,60.52,SessionLow,SessionHigh,0.709722,0.10214286,4,bearish_break_level,-0.360715,3-5
HYPE/USDT,2026-06-14 01:05:00+00:00,60.94,60.86,PDH,SessionHigh,0.734073,0.085,4,bearish_break_level,-0.229734,3-5
HYPE/USDT,2026-06-14 01:20:00+00:00,61.13,61.05,SessionHigh,SessionHigh,0.718397,0.07928571,1,bearish_break_level,-0.539833,1-2
HYPE/USDT,2026-06-14 04:40:00+00:00,60.26,60.05,SessionLow,SessionLow,0.705861,0.1,9,bearish_break_level,-0.497843,6-10
HYPE/USDT,2026-06-14 06:10:00+00:00,60.27,59.96,SessionLow,Round_5bp,0.753745,0.04428571,22,bearish_break_level,-0.8296,21-40
HYPE/USDT,2026-06-14 07:15:00+00:00,60.38,59.81,SessionLow,Round_5bp,0.712609,0.09428571,9,bearish_break_level,-1.010268,6-10
HYPE/USDT,2026-06-14 07:50:00+00:00,60.11,59.93,WeeklyOpen,Round_5bp,0.755303,0.10285714,2,bearish_break_level,-0.56563,1-2
HYPE/USDT,2026-06-14 09:35:00+00:00,60.31,60.00845,Round_5bp,PDH,0.724626,0.07285714,6,bearish_break_level,0.530592,6-10
HYPE/USDT,2026-06-14 10:20:00+00:00,61.36,60.86,PDH,SessionHigh,0.726299,0.14285714,1,bearish_break_level,-0.293351,1-2
HYPE/USDT,2026-06-14 13:40:00+00:00,61.29,60.98355,Round_5bp,,0.711354,0.08285714,60,time_stop,-1.713167,41-60
HYPE/USDT,2026-06-14 18:35:00+00:00,60.02,59.93,WeeklyOpen,PDC,0.750821,0.06571429,13,bearish_break_level,0.849717,11-20
ICP/USDT,2026-06-02 01:20:00+00:00,2.925,2.88,SessionLow,SessionLow,0.720965,0.01057143,3,bearish_break_level,-2.598291,3-5
ICP/USDT,2026-06-02 01:40:00+00:00,2.886,2.849,SessionLow,,0.728511,0.0145,60,time_stop,2.009702,41-60
ICP/USDT,2026-06-02 08:25:00+00:00,3.003,2.99,SessionHigh,SessionHigh,0.778414,0.005,10,bearish_break_level,-2.031302,6-10
ICP/USDT,2026-06-02 11:45:00+00:00,3.059,3.01,SessionHigh,SessionHigh,0.740536,0.0035,6,bearish_break_level,-1.013403,6-10
ICP/USDT,2026-06-02 11:50:00+00:00,3.079,3.059,SessionHigh,SessionHigh,0.713169,0.00492857,5,bearish_break_level,-1.656382,3-5
ICP/USDT,2026-06-02 11:55:00+00:00,3.147,3.078,PDH,SessionHigh,0.713514,0.00978571,4,bearish_break_level,-3.781379,3-5
ICP/USDT,2026-06-03 00:10:00+00:00,2.985,2.963,PDC,SessionHigh,0.743645,0.007,10,bearish_break_level,0.871022,6-10
ICP/USDT,2026-06-03 00:30:00+00:00,3.003,2.987,SessionHigh,SessionHigh,0.716596,0.00421429,6,bearish_break_level,0.2664,6-10
ICP/USDT,2026-06-03 00:45:00+00:00,3.038,3.003,SessionHigh,SessionHigh,0.739401,0.00535714,3,bearish_break_level,-0.888743,3-5
ICP/USDT,2026-06-03 02:10:00+00:00,3.13,3.096,SessionHigh,SessionHigh,0.703104,0.00978571,2,bearish_break_level,-0.191693,1-2
ICP/USDT,2026-06-03 04:55:00+00:00,3.155,3.12345,Round_10bp,PDH,0.727651,0.01664286,7,bearish_break_level,-1.901743,6-10
ICP/USDT,2026-06-03 09:50:00+00:00,3.06,3.0447,Round_5bp,Round_5bp,0.810555,0.01221429,10,bearish_break_level,-0.392157,6-10
ICP/USDT,2026-06-03 10:55:00+00:00,3.045,3.029775,Round_5bp,,0.792628,0.01214286,60,time_stop,4.597701,41-60
ICP/USDT,2026-06-03 21:30:00+00:00,3.172,3.15614,Round_5bp,SessionHigh,0.718414,0.02471429,39,bearish_break_level,-1.481715,21-40
ICP/USDT,2026-06-03 21:45:00+00:00,3.171,3.155145,Round_5bp,SessionHigh,0.710564,0.02707143,36,bearish_break_level,-1.450646,21-40
ICP/USDT,2026-06-03 23:50:00+00:00,3.111,3.07989,Round_10bp,SessionHigh,0.73915,0.00992857,11,bearish_break_level,0.450016,11-20
ICP/USDT,2026-06-04 00:00:00+00:00,3.125,3.111,PDC,SessionHigh,0.730208,0.01092857,9,bearish_break_level,0.0,6-10
ICP/USDT,2026-06-04 00:10:00+00:00,3.19,3.17,SessionHigh,SessionHigh,0.711975,0.01557143,7,bearish_break_level,-2.037618,6-10
ICP/USDT,2026-06-04 08:20:00+00:00,2.734,2.686,SessionLow,SessionLow,0.741922,0.01142857,12,bearish_break_level,-2.706657,11-20
ICP/USDT,2026-06-04 12:40:00+00:00,2.722,2.625,SessionLow,,0.693415,0.01557143,60,time_stop,7.310801,41-60
ICP/USDT,2026-06-04 15:00:00+00:00,2.738,2.71062,Round_10bp,,0.706031,0.00385714,60,time_stop,2.264427,41-60
ICP/USDT,2026-06-04 15:50:00+00:00,2.836,2.82182,Round_5bp,,0.741614,0.01342857,60,time_stop,1.022567,41-60
ICP/USDT,2026-06-05 00:05:00+00:00,2.752,2.688,PDC,SessionHigh,0.753436,0.0055,5,bearish_break_level,-1.017442,3-5
ICP/USDT,2026-06-05 01:10:00+00:00,2.697,2.672,SessionLow,SessionHigh,0.746888,0.01207143,18,bearish_break_level,-2.113459,11-20
ICP/USDT,2026-06-05 11:50:00+00:00,2.442,2.4,SessionLow,Round_10bp,0.704356,0.00892857,1,bearish_break_level,-0.941851,1-2
ICP/USDT,2026-06-05 14:05:00+00:00,2.335,2.332,SessionLow,Round_10bp,0.744503,0.00721429,59,bearish_break_level,-7.922912,41-60
ICP/USDT,2026-06-05 15:20:00+00:00,2.274,2.259,SessionLow,Round_10bp,0.760573,0.02228571,44,bearish_break_level,-5.452946,41-60
ICP/USDT,2026-06-05 19:05:00+00:00,2.197,2.15,SessionLow,Round_5bp,0.683774,0.02628571,25,bearish_break_level,8.010924,21-40
ICP/USDT,2026-06-05 20:10:00+00:00,2.301,2.27799,Round_10bp,Round_5bp,0.729043,0.01764286,12,bearish_break_level,3.129074,11-20
ICP/USDT,2026-06-06 00:05:00+00:00,2.345,2.291,PDC,SessionHigh,0.717453,0.01164286,5,bearish_break_level,-1.535181,3-5
ICP/USDT,2026-06-06 03:50:00+00:00,2.255,2.23245,Round_10bp,SessionLow,0.731112,0.01057143,4,bearish_break_level,-2.660754,3-5
ICP/USDT,2026-06-06 05:05:00+00:00,2.213,2.172,SessionLow,SessionHigh,0.723927,0.00885714,59,bearish_break_level,4.699503,41-60
ICP/USDT,2026-06-06 12:10:00+00:00,2.315,2.303425,Round_5bp,SessionHigh,0.798394,0.00071429,20,bearish_break_level,-0.043197,11-20
ICP/USDT,2026-06-06 12:20:00+00:00,2.339,2.31561,Round_10bp,SessionHigh,0.790421,0.00242857,18,bearish_break_level,-1.068833,11-20
ICP/USDT,2026-06-07 00:45:00+00:00,2.351,2.318,PDC,SessionHigh,0.806548,0.00585714,29,bearish_break_level,0.850702,21-40
ICP/USDT,2026-06-07 02:00:00+00:00,2.376,2.351,SessionHigh,SessionHigh,0.898887,0.00178571,14,bearish_break_level,-0.210438,11-20
ICP/USDT,2026-06-07 03:45:00+00:00,2.327,2.304,SessionLow,SessionHigh,0.884217,0.00821429,43,bearish_break_level,4.641169,41-60
ICP/USDT,2026-06-07 04:35:00+00:00,2.387,2.36313,Round_10bp,SessionHigh,0.804359,0.01171429,33,bearish_break_level,2.010892,21-40
ICP/USDT,2026-06-07 05:35:00+00:00,2.424,2.388,SessionHigh,SessionHigh,0.725551,0.00435714,21,bearish_break_level,0.453795,21-40
ICP/USDT,2026-06-07 06:15:00+00:00,2.433,2.424,SessionHigh,SessionHigh,0.745626,0.00321429,13,bearish_break_level,0.082203,11-20
ICP/USDT,2026-06-07 06:25:00+00:00,2.439,2.433,SessionHigh,SessionHigh,0.740324,0.00364286,11,bearish_break_level,-0.164002,11-20
ICP/USDT,2026-06-07 06:30:00+00:00,2.447,2.439,SessionHigh,SessionHigh,0.772514,0.00421429,10,bearish_break_level,-0.490396,6-10
ICP/USDT,2026-06-07 06:35:00+00:00,2.484,2.447,SessionHigh,SessionHigh,0.767164,0.00685714,9,bearish_break_level,-1.972625,6-10
ICP/USDT,2026-06-07 22:10:00+00:00,2.387,2.291,SessionLow,,0.739074,0.00685714,60,time_stop,-0.544617,41-60
ICP/USDT,2026-06-08 08:20:00+00:00,2.358,2.301,SessionLow,,0.802527,0.00407143,60,time_stop,-0.890585,41-60
ICP/USDT,2026-06-09 00:00:00+00:00,2.328,2.313,PDC,SessionLow,0.912316,0.00671429,8,bearish_break_level,-2.448454,6-10
ICP/USDT,2026-06-09 02:00:00+00:00,2.286,2.271,SessionLow,,0.795039,0.00107143,60,time_stop,1.224847,41-60
ICP/USDT,2026-06-09 02:10:00+00:00,2.305,2.301,PDL,,0.764904,0.00242857,60,time_stop,0.390456,41-60
ICP/USDT,2026-06-09 10:20:00+00:00,2.308,2.301,PDL,SessionHigh,0.972275,0.003,33,bearish_break_level,1.646447,21-40
ICP/USDT,2026-06-09 13:00:00+00:00,2.355,2.313,PDC,SessionHigh,0.735209,0.00307143,1,bearish_break_level,-0.382166,1-2
ICP/USDT,2026-06-09 13:45:00+00:00,2.332,2.301,PDL,SessionLow,0.719684,0.00885714,30,bearish_break_level,-3.64494,21-40
ICP/USDT,2026-06-09 17:15:00+00:00,2.292,2.229,SessionLow,,0.707006,0.00678571,60,time_stop,0.56719,41-60
ICP/USDT,2026-06-10 00:50:00+00:00,2.3,2.289,PDC,SessionHigh,0.864595,0.00078571,23,bearish_break_level,-2.173913,21-40
ICP/USDT,2026-06-10 01:05:00+00:00,2.324,2.3,SessionHigh,SessionHigh,0.845855,0.0025,20,bearish_break_level,-3.184165,11-20
ICP/USDT,2026-06-10 04:05:00+00:00,2.278,2.25522,Round_10bp,PDC,0.807282,0.00185714,2,bearish_break_level,0.219491,1-2
ICP/USDT,2026-06-10 10:05:00+00:00,2.223,2.212,SessionLow,,0.820249,0.00342857,60,time_stop,3.868646,41-60
ICP/USDT,2026-06-10 22:20:00+00:00,2.179,2.175,SessionLow,,0.82398,0.00335714,60,time_stop,2.937127,41-60
ICP/USDT,2026-06-11 00:20:00+00:00,2.214,2.193,PDC,SessionHigh,0.758647,0.0015,51,bearish_break_level,2.077687,41-60
ICP/USDT,2026-06-11 00:25:00+00:00,2.243,2.214,SessionHigh,SessionHigh,0.735736,0.00357143,50,bearish_break_level,0.757914,41-60
ICP/USDT,2026-06-11 03:55:00+00:00,2.279,2.243,SessionHigh,SessionHigh,0.832388,0.00257143,8,bearish_break_level,-0.833699,6-10
ICP/USDT,2026-06-11 11:50:00+00:00,2.319,2.291,SessionHigh,SessionHigh,0.885756,0.00428571,23,bearish_break_level,-1.552393,21-40
ICP/USDT,2026-06-12 00:35:00+00:00,2.31,2.279,PDC,SessionHigh,0.922913,0.00221429,7,bearish_break_level,-2.164502,6-10
ICP/USDT,2026-06-12 02:50:00+00:00,2.3,2.2885,Round_5bp,PDC,0.903915,0.00285714,42,bearish_break_level,-1.73913,41-60
ICP/USDT,2026-06-12 13:05:00+00:00,2.295,2.241,SessionLow,,0.916923,0.00385714,60,time_stop,0.217865,41-60
ICP/USDT,2026-06-13 01:05:00+00:00,2.387,2.29,PDC,SessionHigh,0.936498,0.00692857,6,bearish_break_level,-3.058232,6-10
ICP/USDT,2026-06-13 02:00:00+00:00,2.324,2.31238,Round_5bp,SessionHigh,0.96337,0.01657143,3,bearish_break_level,1.333907,3-5
ICP/USDT,2026-06-13 02:05:00+00:00,2.349,2.32551,Round_10bp,SessionHigh,0.956939,0.01914286,2,bearish_break_level,0.255428,1-2
ICP/USDT,2026-06-13 04:30:00+00:00,2.412,2.374,WeeklyOpen,SessionHigh,0.775095,0.00621429,15,bearish_break_level,-0.497512,11-20
ICP/USDT,2026-06-13 04:40:00+00:00,2.44,2.423,SessionHigh,SessionHigh,0.777226,0.00864286,13,bearish_break_level,-1.639344,11-20
ICP/USDT,2026-06-13 14:55:00+00:00,2.501,2.483,SessionHigh,SessionHigh,0.946371,0.00128571,16,bearish_break_level,0.159936,11-20
ICP/USDT,2026-06-13 15:05:00+00:00,2.527,2.501,SessionHigh,SessionHigh,0.89963,0.00314286,14,bearish_break_level,-0.870598,11-20
ICP/USDT,2026-06-13 15:20:00+00:00,2.55,2.541,SessionHigh,SessionHigh,0.894144,0.00478571,11,bearish_break_level,-1.764706,11-20
ICP/USDT,2026-06-14 00:05:00+00:00,2.517,2.499,PDC,SessionHigh,0.868411,0.01471429,3,bearish_break_level,-1.470004,3-5
ICP/USDT,2026-06-14 02:05:00+00:00,2.521,2.439,SessionLow,SessionHigh,0.720384,0.00871429,9,bearish_break_level,-2.816343,6-10
ICP/USDT,2026-06-14 03:35:00+00:00,2.424,2.409,SessionLow,,0.707844,0.00907143,60,time_stop,-1.031353,41-60
ICP/USDT,2026-06-14 08:40:00+00:00,2.5,2.399,SessionLow,SessionHigh,0.758353,0.00721429,21,bearish_break_level,1.96,21-40
ICP/USDT,2026-06-14 10:05:00+00:00,2.529,2.499,PDC,SessionHigh,0.848959,0.00207143,4,bearish_break_level,0.790826,3-5
ICP/USDT,2026-06-14 10:10:00+00:00,2.573,2.529,SessionHigh,SessionHigh,0.829539,0.00521429,3,bearish_break_level,-0.932763,3-5
ILV/USDT,2026-06-03 02:05:00+00:00,3.78,3.77,PDL,SessionHigh,0.96238,0.00071429,53,bearish_break_level,-3.174603,41-60
ILV/USDT,2026-06-07 22:10:00+00:00,3.36,2.01,PDL,,0.999568,0.09642857,60,time_stop,0.0,41-60
ILV/USDT,2026-06-11 00:50:00+00:00,3.55,3.36,PDH,,0.999568,0.01357143,60,time_stop,0.0,41-60
IMX/USDT,2026-06-03 18:15:00+00:00,0.1587,0.1456,SessionHigh,SessionHigh,0.999568,0.00093571,2,bearish_break_level,-8.254568,1-2
IMX/USDT,2026-06-05 05:00:00+00:00,0.1404,0.1359,SessionLow,SessionHigh,0.946549,0.00032143,14,bearish_break_level,-3.418803,11-20
IMX/USDT,2026-06-05 18:40:00+00:00,0.1289,0.1204,SessionLow,,0.986354,0.00169286,60,time_stop,0.0,41-60
IMX/USDT,2026-06-06 02:45:00+00:00,0.1399,0.1289,PDC,SessionHigh,0.999568,0.00078571,16,bearish_break_level,-10.650465,11-20
IMX/USDT,2026-06-08 10:55:00+00:00,0.14,0.1215,PDL,,0.999568,0.00132143,60,time_stop,0.0,41-60
IMX/USDT,2026-06-09 07:10:00+00:00,0.147,0.14,PDH,SessionHigh,0.999568,0.0005,12,bearish_break_level,-0.544218,11-20
IMX/USDT,2026-06-09 14:20:00+00:00,0.138,0.1369,SessionLow,,0.949476,7.857e-05,60,time_stop,0.0,41-60
IMX/USDT,2026-06-13 04:40:00+00:00,0.1425,0.1358,PDH,,0.999568,0.00047857,60,time_stop,0.0,41-60
INJ/USDT,2026-06-02 01:20:00+00:00,7.015,6.912,SessionLow,SessionHigh,0.691006,0.01035714,3,bearish_break_level,-1.468282,3-5
INJ/USDT,2026-06-02 02:20:00+00:00,6.972,6.864,SessionLow,SessionHigh,0.704728,0.02585714,21,bearish_break_level,2.667814,21-40
INJ/USDT,2026-06-02 02:35:00+00:00,7.065,7.015,SessionHigh,SessionHigh,0.750837,0.02514286,18,bearish_break_level,1.316348,11-20
INJ/USDT,2026-06-02 02:45:00+00:00,7.095,7.065,SessionHigh,SessionHigh,0.748912,0.01992857,16,bearish_break_level,0.887949,11-20
INJ/USDT,2026-06-02 03:10:00+00:00,7.167,7.115,SessionHigh,SessionHigh,0.832644,0.02507143,11,bearish_break_level,-0.125576,11-20
INJ/USDT,2026-06-02 03:40:00+00:00,7.282,7.272,SessionHigh,SessionHigh,0.70322,0.01907143,5,bearish_break_level,-1.702829,3-5
INJ/USDT,2026-06-02 07:10:00+00:00,7.091,6.961,PDC,SessionHigh,0.684442,0.02935714,35,bearish_break_level,2.185869,21-40
INJ/USDT,2026-06-02 13:45:00+00:00,7.214,7.14186,Round_10bp,PDC,0.717947,0.00521429,11,bearish_break_level,-4.851677,11-20
INJ/USDT,2026-06-02 14:50:00+00:00,7.0,6.864,SessionLow,Round_10bp,0.708036,0.04428571,14,bearish_break_level,-3.971429,11-20
INJ/USDT,2026-06-02 15:15:00+00:00,6.899,6.864,SessionLow,Round_10bp,0.690318,0.05192857,9,bearish_break_level,-2.565589,6-10
INJ/USDT,2026-06-02 16:05:00+00:00,6.822,6.722,SessionLow,Round_5bp,0.700176,0.04442857,10,bearish_break_level,-0.57168,6-10
INJ/USDT,2026-06-02 16:10:00+00:00,6.89,6.8211,Round_10bp,Round_5bp,0.691814,0.04928571,9,bearish_break_level,-1.552975,6-10
INJ/USDT,2026-06-02 20:45:00+00:00,6.643,6.57657,Round_10bp,Round_5bp,0.731814,0.03314286,31,bearish_break_level,-2.348337,21-40
INJ/USDT,2026-06-03 00:15:00+00:00,6.649,6.487,PDL,SessionHigh,0.70175,0.01892857,7,bearish_break_level,-0.99263,6-10
INJ/USDT,2026-06-03 00:25:00+00:00,6.681,6.649,SessionHigh,SessionHigh,0.69862,0.0165,5,bearish_break_level,-1.466846,3-5
INJ/USDT,2026-06-03 01:10:00+00:00,6.515,6.487,PDL,WeeklyOpen,0.705728,0.03028571,6,bearish_break_level,-0.291635,6-10
INJ/USDT,2026-06-03 03:35:00+00:00,6.423,6.329,SessionLow,SessionHigh,0.722323,0.01221429,37,bearish_break_level,5.838393,21-40
INJ/USDT,2026-06-03 05:10:00+00:00,6.681,6.647595,Round_5bp,SessionHigh,0.726815,0.02035714,18,bearish_break_level,1.751235,11-20
INJ/USDT,2026-06-03 06:35:00+00:00,6.897,6.87,SessionHigh,SessionHigh,0.765403,0.01542857,1,bearish_break_level,-1.435407,1-2
INJ/USDT,2026-06-03 07:30:00+00:00,6.962,6.938,SessionHigh,SessionHigh,0.751944,0.03685714,3,bearish_break_level,-0.574548,3-5
INJ/USDT,2026-06-03 13:55:00+00:00,6.918,6.88341,Round_5bp,PDL,0.697452,0.01392857,41,bearish_break_level,-6.707141,41-60
INJ/USDT,2026-06-03 14:10:00+00:00,6.857,6.822715,Round_5bp,PDL,0.696047,0.02092857,38,bearish_break_level,-5.877206,21-40
INJ/USDT,2026-06-03 17:55:00+00:00,6.55,6.51,WeeklyOpen,Round_5bp,0.718157,0.02328571,3,bearish_break_level,-0.519084,3-5
INJ/USDT,2026-06-03 20:40:00+00:00,6.536,6.50332,Round_5bp,PDL,0.696282,0.01264286,2,bearish_break_level,-1.499388,1-2
INJ/USDT,2026-06-03 21:35:00+00:00,6.743,6.709285,Round_5bp,PDC,0.734215,0.03142857,34,bearish_break_level,-4.330417,21-40
INJ/USDT,2026-06-04 00:45:00+00:00,6.406,6.372,SessionLow,WeeklyOpen,0.701521,0.01764286,5,bearish_break_level,0.234155,3-5
INJ/USDT,2026-06-04 01:30:00+00:00,6.374,6.343,SessionLow,SessionLow,0.700225,0.03757143,6,bearish_break_level,-5.349859,6-10
INJ/USDT,2026-06-04 02:05:00+00:00,6.182,6.033,SessionLow,Round_5bp,0.757651,0.05657143,24,bearish_break_level,3.494015,21-40
INJ/USDT,2026-06-04 10:10:00+00:00,6.015,5.969,SessionLow,Round_5bp,0.757445,0.01892857,8,bearish_break_level,0.016625,6-10
INJ/USDT,2026-06-04 10:25:00+00:00,6.042,6.01179,Round_5bp,Round_5bp,0.728213,0.01571429,5,bearish_break_level,-0.430321,3-5
INJ/USDT,2026-06-04 11:45:00+00:00,5.898,5.865,SessionLow,SessionLow,0.714243,0.01514286,19,bearish_break_level,-2.356731,11-20
INJ/USDT,2026-06-04 13:35:00+00:00,5.839,5.759,SessionLow,SessionLow,0.790885,0.02178571,6,bearish_break_level,-1.969515,6-10
INJ/USDT,2026-06-04 14:10:00+00:00,5.797,5.724,SessionLow,SessionLow,0.732325,0.03257143,5,bearish_break_level,-2.29429,3-5
INJ/USDT,2026-06-04 16:45:00+00:00,5.839,5.809805,Round_5bp,SessionLow,0.706468,0.01428571,20,bearish_break_level,-4.401439,11-20
INJ/USDT,2026-06-04 19:40:00+00:00,5.565,5.552,SessionLow,,0.756038,0.00364286,60,time_stop,-1.024259,41-60
INJ/USDT,2026-06-04 23:05:00+00:00,5.487,5.459565,Round_5bp,SessionHigh,0.682217,0.02514286,22,bearish_break_level,-1.020594,21-40
INJ/USDT,2026-06-04 23:50:00+00:00,5.454,5.42673,Round_5bp,SessionHigh,0.731692,0.04028571,13,bearish_break_level,-0.421709,11-20
INJ/USDT,2026-06-05 11:15:00+00:00,5.508,5.378,SessionLow,SessionHigh,0.805903,0.0125,1,bearish_break_level,-10.203341,1-2
INJ/USDT,2026-06-05 16:30:00+00:00,4.987,4.962065,Round_5bp,,0.757121,0.03728571,60,time_stop,2.666934,41-60
INJ/USDT,2026-06-05 18:40:00+00:00,4.969,4.944155,Round_5bp,,0.691519,0.01992857,60,time_stop,3.139465,41-60
INJ/USDT,2026-06-05 19:45:00+00:00,4.956,4.90644,Round_10bp,SessionHigh,0.691499,0.02571429,55,bearish_break_level,4.88297,41-60
INJ/USDT,2026-06-05 23:40:00+00:00,5.125,5.099375,Round_5bp,SessionHigh,0.7383,0.01007143,8,bearish_break_level,1.42439,6-10
INJ/USDT,2026-06-06 00:15:00+00:00,5.213,5.158,PDC,SessionHigh,0.731406,0.01535714,1,bearish_break_level,-0.287742,1-2
INJ/USDT,2026-06-06 02:20:00+00:00,5.174,5.149,SessionLow,PDC,0.770575,0.01135714,7,bearish_break_level,-1.758794,6-10
INJ/USDT,2026-06-06 03:15:00+00:00,5.074,5.05,SessionLow,SessionLow,0.77084,0.01835714,12,bearish_break_level,-2.325581,11-20
INJ/USDT,2026-06-06 04:50:00+00:00,4.914,4.89,SessionLow,PDC,0.723761,0.01971429,15,bearish_break_level,4.395604,11-20
INJ/USDT,2026-06-06 08:30:00+00:00,5.279,5.252,SessionHigh,SessionHigh,0.734285,0.00864286,6,bearish_break_level,0.397803,6-10
INJ/USDT,2026-06-06 08:40:00+00:00,5.323,5.279,SessionHigh,SessionHigh,0.712188,0.01178571,4,bearish_break_level,-0.432087,3-5
INJ/USDT,2026-06-06 09:10:00+00:00,5.354,5.30046,Round_10bp,SessionHigh,0.75959,0.01271429,2,bearish_break_level,0.186776,1-2
INJ/USDT,2026-06-06 09:15:00+00:00,5.379,5.352105,Round_5bp,SessionHigh,0.723618,0.0145,1,bearish_break_level,-0.278862,1-2
INJ/USDT,2026-06-06 11:30:00+00:00,5.189,5.158,PDC,Round_10bp,0.717104,0.02442857,10,bearish_break_level,-1.194835,6-10
INJ/USDT,2026-06-06 11:45:00+00:00,5.213,5.186935,Round_5bp,Round_10bp,0.76196,0.01835714,7,bearish_break_level,-1.649722,6-10
INJ/USDT,2026-06-06 13:40:00+00:00,5.178,5.12622,Round_10bp,,0.727871,0.00364286,60,time_stop,-2.684434,41-60
INJ/USDT,2026-06-07 00:30:00+00:00,5.178,5.169,PDC,SessionHigh,0.871411,0.007,23,bearish_break_level,2.33681,21-40
INJ/USDT,2026-06-07 01:00:00+00:00,5.198,5.178,SessionHigh,SessionHigh,0.837143,0.005,17,bearish_break_level,1.943055,11-20
INJ/USDT,2026-06-07 01:15:00+00:00,5.278,5.268,SessionHigh,SessionHigh,0.811248,0.00778571,14,bearish_break_level,0.397878,11-20
INJ/USDT,2026-06-07 01:55:00+00:00,5.331,5.318,SessionHigh,SessionHigh,0.795503,0.01257143,6,bearish_break_level,-0.600263,6-10
INJ/USDT,2026-06-07 02:05:00+00:00,5.338,5.331,SessionHigh,SessionHigh,0.787972,0.01307143,4,bearish_break_level,-0.730611,3-5
INJ/USDT,2026-06-07 03:30:00+00:00,5.303,5.24997,Round_10bp,SessionHigh,0.739981,0.01035714,19,bearish_break_level,1.131435,11-20
INJ/USDT,2026-06-07 12:25:00+00:00,5.117,5.1,SessionLow,PDH,0.726798,0.0115,51,bearish_break_level,5.491499,41-60
INJ/USDT,2026-06-07 12:35:00+00:00,5.122,5.093,SessionLow,PDH,0.713688,0.01528571,49,bearish_break_level,5.38852,41-60
INJ/USDT,2026-06-07 14:00:00+00:00,5.227,5.200865,Round_5bp,PDH,0.736825,0.0075,32,bearish_break_level,3.271475,21-40
INJ/USDT,2026-06-07 15:20:00+00:00,5.381,5.354095,Round_5bp,PDH,0.756834,0.01357143,16,bearish_break_level,0.315926,11-20
INJ/USDT,2026-06-07 22:05:00+00:00,5.308,5.25492,Round_10bp,SessionHigh,0.833109,0.01557143,3,bearish_break_level,2.769405,3-5
INJ/USDT,2026-06-08 00:20:00+00:00,5.499,5.48,SessionHigh,PDH,0.676057,0.011,10,bearish_break_level,0.018185,6-10
INJ/USDT,2026-06-08 00:25:00+00:00,5.514,5.499,SessionHigh,PDH,0.686093,0.01207143,9,bearish_break_level,-0.253899,6-10
INJ/USDT,2026-06-08 00:30:00+00:00,5.542,5.514,SessionHigh,PDH,0.721098,0.01407143,8,bearish_break_level,-0.757849,6-10
INJ/USDT,2026-06-08 02:15:00+00:00,5.575,5.563,SessionHigh,SessionHigh,0.724998,0.01514286,6,bearish_break_level,-0.233184,6-10
INJ/USDT,2026-06-08 02:40:00+00:00,5.602,5.585,SessionHigh,SessionHigh,0.774951,0.0105,1,bearish_break_level,-0.714031,1-2
INJ/USDT,2026-06-08 06:25:00+00:00,5.456,5.42872,Round_5bp,SessionHigh,0.708094,0.00607143,48,bearish_break_level,3.042522,41-60
INJ/USDT,2026-06-08 09:40:00+00:00,5.613,5.584935,Round_5bp,SessionHigh,0.759465,0.02021429,9,bearish_break_level,0.160342,6-10
INJ/USDT,2026-06-08 18:25:00+00:00,5.813,5.799,SessionHigh,SessionHigh,0.738316,0.014,10,bearish_break_level,-0.55049,6-10
INJ/USDT,2026-06-08 18:55:00+00:00,5.881,5.863,SessionHigh,SessionHigh,0.759893,0.01392857,4,bearish_break_level,-1.700391,3-5
INJ/USDT,2026-06-08 23:00:00+00:00,5.762,5.73319,Round_5bp,PDC,0.716959,0.00957143,16,bearish_break_level,-3.158625,11-20
INJ/USDT,2026-06-09 06:20:00+00:00,5.681,5.665,SessionHigh,SessionHigh,0.780894,0.01078571,6,bearish_break_level,-0.563281,6-10
INJ/USDT,2026-06-09 07:55:00+00:00,5.673,5.644635,Round_5bp,SessionHigh,0.779411,0.004,14,bearish_break_level,0.299665,11-20
INJ/USDT,2026-06-09 08:45:00+00:00,5.727,5.713,SessionHigh,SessionHigh,0.712144,0.01828571,4,bearish_break_level,-0.646063,3-5
INJ/USDT,2026-06-09 08:50:00+00:00,5.738,5.727,SessionHigh,SessionHigh,0.767035,0.01907143,3,bearish_break_level,-0.836528,3-5
INJ/USDT,2026-06-09 16:40:00+00:00,5.468,5.43,SessionLow,,0.778388,0.02364286,60,time_stop,3.895391,41-60
INJ/USDT,2026-06-09 23:35:00+00:00,5.55,5.52225,Round_5bp,PDC,0.848846,0.01264286,19,bearish_break_level,-1.081081,11-20
INJ/USDT,2026-06-10 02:05:00+00:00,5.456,5.438,SessionLow,SessionLow,0.830633,0.00928571,3,bearish_break_level,-1.392962,3-5
INJ/USDT,2026-06-10 04:40:00+00:00,5.333,5.308,SessionLow,SessionLow,0.726693,0.00778571,10,bearish_break_level,-0.975061,6-10
INJ/USDT,2026-06-10 06:15:00+00:00,5.301,5.255,SessionLow,SessionLow,0.713134,0.00885714,22,bearish_break_level,-1.282777,21-40
INJ/USDT,2026-06-10 08:30:00+00:00,5.264,5.233,SessionLow,SessionLow,0.831614,0.00707143,2,bearish_break_level,-2.355623,1-2
INJ/USDT,2026-06-10 13:05:00+00:00,5.151,5.05,SessionLow,Round_10bp,0.748378,0.0095,30,bearish_break_level,2.795574,21-40
INJ/USDT,2026-06-10 21:35:00+00:00,4.994,4.96,SessionLow,SessionHigh,0.803171,0.00964286,55,bearish_break_level,0.881057,41-60
INJ/USDT,2026-06-11 00:05:00+00:00,4.993,4.954,PDC,SessionHigh,0.750134,0.01085714,25,bearish_break_level,0.901262,21-40
INJ/USDT,2026-06-11 01:40:00+00:00,5.102,4.993,SessionHigh,SessionHigh,0.689124,0.00778571,6,bearish_break_level,-1.25441,6-10
INJ/USDT,2026-06-11 03:55:00+00:00,5.289,5.102,SessionHigh,,0.698062,0.03457143,60,time_stop,-0.472679,41-60
INJ/USDT,2026-06-11 06:10:00+00:00,5.317,5.290415,Round_5bp,,0.767139,0.002,60,time_stop,-1.673876,41-60
INJ/USDT,2026-06-11 21:10:00+00:00,5.434,5.401,SessionHigh,SessionHigh,0.800199,0.00378571,11,bearish_break_level,-0.496872,11-20
INJ/USDT,2026-06-11 21:15:00+00:00,5.461,5.434,SessionHigh,SessionHigh,0.728534,0.00521429,10,bearish_break_level,-0.98883,6-10
INJ/USDT,2026-06-11 22:20:00+00:00,5.464,5.40936,Round_10bp,PDH,0.728897,0.00985714,22,bearish_break_level,-0.805271,21-40
INJ/USDT,2026-06-11 22:30:00+00:00,5.481,5.464,SessionHigh,PDH,0.755941,0.00914286,20,bearish_break_level,-1.112936,11-20
INJ/USDT,2026-06-12 02:15:00+00:00,5.502,5.42,SessionLow,SessionHigh,0.774656,0.00585714,7,bearish_break_level,1.74482,6-10
INJ/USDT,2026-06-12 02:20:00+00:00,5.531,5.502,SessionHigh,SessionHigh,0.775197,0.00792857,6,bearish_break_level,1.211354,6-10
INJ/USDT,2026-06-12 02:25:00+00:00,5.572,5.531,SessionHigh,SessionHigh,0.771187,0.01085714,5,bearish_break_level,0.466619,3-5
INJ/USDT,2026-06-12 02:30:00+00:00,5.581,5.572,SessionHigh,SessionHigh,0.813512,0.0115,4,bearish_break_level,0.304605,3-5
INJ/USDT,2026-06-12 04:35:00+00:00,5.586,5.55807,Round_5bp,WeeklyOpen,0.856994,0.00628571,57,bearish_break_level,-3.276047,41-60
INJ/USDT,2026-06-12 12:00:00+00:00,5.344,5.338,SessionLow,SessionLow,0.931186,0.00507143,20,bearish_break_level,-3.106287,11-20
INJ/USDT,2026-06-12 14:00:00+00:00,5.242,5.178,SessionLow,,0.800178,0.01721429,60,time_stop,-2.289203,41-60
INJ/USDT,2026-06-13 00:55:00+00:00,5.146,5.081,PDL,SessionHigh,0.858831,0.008,19,bearish_break_level,-0.991061,11-20
INJ/USDT,2026-06-13 01:40:00+00:00,5.16,5.146,SessionHigh,SessionHigh,0.809103,0.00564286,10,bearish_break_level,-1.25969,6-10
INJ/USDT,2026-06-13 07:25:00+00:00,5.377,5.055,SessionLow,SessionHigh,0.864047,0.023,7,bearish_break_level,-0.632323,6-10
INJ/USDT,2026-06-13 23:35:00+00:00,5.261,5.234695,Round_5bp,SessionHigh,0.881729,0.00371429,14,bearish_break_level,-0.076031,11-20
INJ/USDT,2026-06-14 00:00:00+00:00,5.268,5.261,PDC,SessionHigh,0.84202,0.00435714,9,bearish_break_level,-0.208808,6-10
INJ/USDT,2026-06-14 01:45:00+00:00,5.291,5.261,PDC,SessionHigh,0.790213,0.00321429,6,bearish_break_level,-0.378,6-10
INJ/USDT,2026-06-14 05:35:00+00:00,5.15,5.118,SessionLow,,0.782611,0.00721429,60,time_stop,-0.15534,41-60
INJ/USDT,2026-06-14 06:10:00+00:00,5.193,5.167035,Round_5bp,,0.823864,0.01014286,60,time_stop,-0.982091,41-60
INJ/USDT,2026-06-14 09:35:00+00:00,5.166,5.117,SessionLow,SessionLow,0.737283,0.00371429,38,bearish_break_level,-1.935734,21-40
INJ/USDT,2026-06-14 17:25:00+00:00,5.075,5.003,SessionLow,,0.937041,0.00514286,60,time_stop,3.448276,41-60
INJ/USDT,2026-06-14 18:00:00+00:00,4.957,4.938,SessionLow,,0.834526,0.01628571,60,time_stop,5.910833,41-60
IOTA/USDT,2026-06-02 11:40:00+00:00,0.0563,0.0559,SessionLow,SessionLow,0.977052,2.857e-05,32,bearish_break_level,-2.309059,21-40
IOTA/USDT,2026-06-03 01:00:00+00:00,0.0546,0.0527,SessionLow,PDC,0.824769,0.00032857,18,bearish_break_level,0.915751,11-20
IOTA/USDT,2026-06-03 10:30:00+00:00,0.0533,0.0530335,Round_5bp,Round_10bp,0.803946,2.143e-05,31,bearish_break_level,0.562852,21-40
IOTA/USDT,2026-06-03 11:55:00+00:00,0.0541,0.0538295,Round_5bp,Round_10bp,0.83384,0.00010714,14,bearish_break_level,-0.924214,11-20
IOTA/USDT,2026-06-03 17:35:00+00:00,0.0529,0.0526355,Round_5bp,Round_5bp,0.804465,2.143e-05,4,bearish_break_level,-0.567108,3-5
IOTA/USDT,2026-06-03 19:00:00+00:00,0.0524,0.052138,Round_5bp,SessionLow,0.785343,0.00019286,12,bearish_break_level,-2.671756,11-20
IOTA/USDT,2026-06-03 21:40:00+00:00,0.0514,0.0509,SessionLow,PDL,0.773045,8.571e-05,33,bearish_break_level,-2.723735,21-40
IOTA/USDT,2026-06-04 00:35:00+00:00,0.0501,0.05,SessionLow,SessionHigh,0.734655,0.00023571,6,bearish_break_level,-1.197605,6-10
IOTA/USDT,2026-06-04 02:10:00+00:00,0.0478,0.0465,SessionLow,Round_5bp,0.682823,0.00045714,29,bearish_break_level,2.51046,21-40
IOTA/USDT,2026-06-04 03:00:00+00:00,0.0491,0.048609,Round_10bp,Round_5bp,0.777189,0.00034286,19,bearish_break_level,-0.203666,11-20
IOTA/USDT,2026-06-05 00:15:00+00:00,0.0478,0.0472,PDC,SessionHigh,0.833705,0.00012143,1,bearish_break_level,-0.41841,1-2
IOTA/USDT,2026-06-05 02:35:00+00:00,0.0473,0.0471,SessionLow,PDC,0.807981,6.429e-05,9,bearish_break_level,-1.268499,6-10
IOTA/USDT,2026-06-05 13:05:00+00:00,0.0459,0.0456705,Round_5bp,SessionLow,0.807794,5e-05,37,bearish_break_level,-5.010893,21-40
IOTA/USDT,2026-06-06 05:00:00+00:00,0.0416,0.0415,SessionLow,,0.888264,0.00027857,60,time_stop,14.182692,41-60
IOTA/USDT,2026-06-06 05:15:00+00:00,0.0426,0.042387,Round_5bp,,0.867988,0.00035714,60,time_stop,11.502347,41-60
IOTA/USDT,2026-06-06 05:20:00+00:00,0.0428,0.042586,Round_5bp,,0.845176,0.00037143,60,time_stop,10.981308,41-60
IOTA/USDT,2026-06-07 01:40:00+00:00,0.0454,0.0448,SessionLow,SessionHigh,0.833681,0.0001,18,bearish_break_level,0.660793,11-20
IOTA/USDT,2026-06-07 07:50:00+00:00,0.0459,0.0448,SessionLow,,0.81777,7.857e-05,60,time_stop,0.0,41-60
IOTA/USDT,2026-06-07 09:20:00+00:00,0.0459,0.0456705,Round_5bp,,0.800623,2.857e-05,60,time_stop,-0.87146,41-60
IOTA/USDT,2026-06-07 16:30:00+00:00,0.0459,0.045441,Round_10bp,SessionHigh,0.933955,4.286e-05,38,bearish_break_level,-1.089325,21-40
IOTA/USDT,2026-06-07 17:15:00+00:00,0.0461,0.0458695,Round_5bp,SessionHigh,0.908676,5.714e-05,29,bearish_break_level,-1.518438,21-40
IOTA/USDT,2026-06-07 18:15:00+00:00,0.0466,0.0465,SessionHigh,SessionHigh,0.854291,5e-05,17,bearish_break_level,-2.575107,11-20
IOTA/USDT,2026-06-08 11:05:00+00:00,0.0486,0.0482,SessionHigh,SessionHigh,0.863545,0.00011429,15,bearish_break_level,-1.440329,11-20
IOTA/USDT,2026-06-08 12:45:00+00:00,0.0489,0.0488,SessionHigh,SessionHigh,0.802904,0.00012857,36,bearish_break_level,-1.840491,21-40
IOTA/USDT,2026-06-09 09:20:00+00:00,0.0464,0.0461,SessionLow,PDL,0.999568,2.143e-05,5,bearish_break_level,-0.431034,3-5
IOTA/USDT,2026-06-09 11:45:00+00:00,0.0464,0.046168,Round_5bp,SessionLow,0.927497,1.429e-05,52,bearish_break_level,-3.232759,41-60
IOTA/USDT,2026-06-09 13:10:00+00:00,0.0467,0.0464,PDL,SessionLow,0.831282,2.857e-05,35,bearish_break_level,-3.85439,21-40
IOTA/USDT,2026-06-09 16:25:00+00:00,0.0455,0.0449,SessionLow,PDL,0.8063,0.00016429,60,bearish_break_level,0.659341,41-60
IOTA/USDT,2026-06-09 19:00:00+00:00,0.0458,0.045342,Round_10bp,PDL,0.779791,3.571e-05,29,bearish_break_level,0.0,21-40
IOTA/USDT,2026-06-09 19:40:00+00:00,0.0463,0.045837,Round_10bp,PDL,0.777426,7.143e-05,21,bearish_break_level,-1.079914,21-40
IOTA/USDT,2026-06-10 02:40:00+00:00,0.0449,0.0446,SessionLow,PDL,0.894514,9.286e-05,25,bearish_break_level,-0.222717,21-40
IOTA/USDT,2026-06-10 10:40:00+00:00,0.045,0.044775,Round_5bp,Round_5bp,0.974479,1.429e-05,15,bearish_break_level,-0.444444,11-20
IOTA/USDT,2026-06-10 16:35:00+00:00,0.0459,0.0458,SessionHigh,SessionHigh,0.846613,7.14e-06,3,bearish_break_level,-0.653595,3-5
IOTA/USDT,2026-06-10 23:25:00+00:00,0.0445,0.044,SessionLow,SessionHigh,0.883234,0.00010714,32,bearish_break_level,0.449438,21-40
IOTA/USDT,2026-06-11 00:30:00+00:00,0.0449,0.0445,PDC,SessionHigh,0.863072,6.429e-05,19,bearish_break_level,-0.445434,11-20
IOTA/USDT,2026-06-11 01:05:00+00:00,0.0452,0.045,SessionHigh,SessionHigh,0.846223,6.429e-05,12,bearish_break_level,-1.106195,11-20
IOTA/USDT,2026-06-11 03:35:00+00:00,0.0455,0.0454,SessionHigh,SessionHigh,0.761821,6.429e-05,29,bearish_break_level,-1.318681,21-40
IOTA/USDT,2026-06-11 13:55:00+00:00,0.0457,0.0455,SessionHigh,SessionHigh,0.858258,1.429e-05,6,bearish_break_level,-0.218818,6-10
IOTA/USDT,2026-06-11 18:30:00+00:00,0.0462,0.045969,Round_5bp,SessionHigh,0.873195,8.571e-05,5,bearish_break_level,-1.731602,3-5
IOTA/USDT,2026-06-12 02:55:00+00:00,0.0471,0.0462,SessionLow,,0.93687,6.429e-05,60,time_stop,0.212314,41-60
IOTA/USDT,2026-06-12 04:25:00+00:00,0.0472,0.0471,SessionHigh,,0.922035,7.14e-06,60,time_stop,0.0,41-60
IOTA/USDT,2026-06-12 12:40:00+00:00,0.0469,0.0468,PDH,,0.947198,7.14e-06,60,time_stop,1.492537,41-60
IOTA/USDT,2026-06-13 02:05:00+00:00,0.0468,0.0463,SessionLow,SessionLow,0.830119,6.429e-05,40,bearish_break_level,-1.923077,21-40
IOTA/USDT,2026-06-13 13:10:00+00:00,0.0471,0.0469,SessionHigh,SessionHigh,0.949482,3.571e-05,14,bearish_break_level,0.0,11-20
IOTA/USDT,2026-06-13 14:15:00+00:00,0.0472,0.0471,SessionHigh,SessionHigh,0.909269,2.143e-05,1,bearish_break_level,-0.211864,1-2
IOTA/USDT,2026-06-14 01:10:00+00:00,0.047,0.0466,PDC,SessionHigh,0.901557,2.857e-05,28,bearish_break_level,-0.851064,21-40
IOTA/USDT,2026-06-14 09:20:00+00:00,0.0458,0.0457,SessionLow,,0.905248,7.14e-06,60,time_stop,1.091703,41-60
IOTA/USDT,2026-06-14 16:45:00+00:00,0.046,0.04577,Round_5bp,,0.79589,4.286e-05,60,time_stop,3.913043,41-60
IOTA/USDT,2026-06-14 18:15:00+00:00,0.0459,0.0456705,Round_5bp,,0.811603,1.429e-05,60,time_stop,4.357298,41-60
JTO/USDT,2026-06-06 02:45:00+00:00,0.7,0.6789,PDH,,0.999568,0.00150714,60,time_stop,0.0,41-60
JTO/USDT,2026-06-07 10:20:00+00:00,0.6257,0.5919,SessionLow,,0.989414,0.02864286,60,time_stop,5.657663,41-60
JTO/USDT,2026-06-08 07:10:00+00:00,0.6093,0.5974,SessionLow,SessionHigh,0.873151,0.00085,50,bearish_break_level,0.21336,41-60
JTO/USDT,2026-06-08 16:30:00+00:00,0.6392,0.6339,SessionHigh,SessionHigh,0.795612,0.00037857,7,bearish_break_level,-2.81602,6-10
JTO/USDT,2026-06-08 19:50:00+00:00,0.6665,0.6494,SessionHigh,SessionHigh,0.795512,0.00235,1,bearish_break_level,-2.505626,1-2
JTO/USDT,2026-06-09 02:55:00+00:00,0.602,0.5873,SessionLow,,0.853977,0.00105,60,time_stop,7.69103,41-60
JTO/USDT,2026-06-09 04:30:00+00:00,0.6175,0.6024,PDC,SessionHigh,0.847288,0.00110714,60,bearish_break_level,-0.129555,41-60
JTO/USDT,2026-06-09 06:20:00+00:00,0.6483,0.6325,SessionHigh,SessionHigh,0.855542,0.0022,38,bearish_break_level,-4.874287,21-40
JTO/USDT,2026-06-10 02:55:00+00:00,0.6131,0.5873,PDL,,0.820479,0.00183571,60,time_stop,0.0,41-60
JTO/USDT,2026-06-10 12:30:00+00:00,0.5852,0.5709,SessionLow,,0.960474,0.00403571,60,time_stop,0.93985,41-60
JTO/USDT,2026-06-11 01:15:00+00:00,0.5845,0.5702,PDL,,0.952606,0.00102143,60,time_stop,0.0,41-60
JTO/USDT,2026-06-11 18:15:00+00:00,0.5431,0.5299,SessionLow,,0.871111,0.00095714,60,time_stop,2.246363,41-60
JTO/USDT,2026-06-12 08:35:00+00:00,0.5427,0.5299,PDL,,0.996423,0.00094286,60,time_stop,0.0,41-60
JTO/USDT,2026-06-12 15:20:00+00:00,0.5452,0.542474,Round_5bp,,0.999568,0.00017857,60,time_stop,-2.953045,41-60
JTO/USDT,2026-06-12 23:50:00+00:00,0.5423,0.5291,SessionLow,PDC,0.999568,0.00094286,14,bearish_break_level,-2.102157,11-20
JTO/USDT,2026-06-13 16:05:00+00:00,0.5541,0.5304,SessionLow,,0.999568,0.00169286,60,time_stop,0.0,41-60
JTO/USDT,2026-06-14 16:20:00+00:00,0.5419,0.5287,SessionLow,,0.956463,0.00094286,60,time_stop,0.0,41-60
JUP/USDT,2026-06-03 19:20:00+00:00,0.182,0.1798,SessionLow,,0.979914,0.0064,60,time_stop,0.0,41-60
JUP/USDT,2026-06-04 01:00:00+00:00,0.1907,0.182,PDC,SessionHigh,0.982003,0.00062143,11,bearish_break_level,-4.562139,11-20
JUP/USDT,2026-06-04 21:45:00+00:00,0.178,0.1707,SessionLow,,0.999568,0.00053571,60,time_stop,-4.157303,41-60
JUP/USDT,2026-06-06 16:10:00+00:00,0.1787,0.17,PDL,,0.999568,0.00062143,60,time_stop,0.0,41-60
JUP/USDT,2026-06-07 22:10:00+00:00,0.155,0.1483,SessionLow,PDC,0.919729,0.00082143,31,bearish_break_level,-6.709677,21-40
JUP/USDT,2026-06-08 01:10:00+00:00,0.1622,0.1446,SessionLow,SessionHigh,0.798316,0.002,55,bearish_break_level,-7.521578,41-60
JUP/USDT,2026-06-08 16:20:00+00:00,0.1295,0.1286,SessionLow,,0.98433,0.00161429,60,time_stop,0.0,41-60
JUP/USDT,2026-06-09 09:20:00+00:00,0.1506,0.1295,PDC,,0.999568,0.00150714,60,time_stop,0.0,41-60
JUP/USDT,2026-06-09 15:10:00+00:00,0.1598,0.1506,SessionHigh,,0.989044,0.00065714,60,time_stop,0.0,41-60
JUP/USDT,2026-06-12 08:00:00+00:00,0.1614,0.1425,SessionLow,,0.939382,0.00135,60,time_stop,0.0,41-60
JUP/USDT,2026-06-12 17:25:00+00:00,0.1675,0.1614,SessionHigh,,0.999568,0.00043571,60,time_stop,0.0,41-60
JUP/USDT,2026-06-13 09:20:00+00:00,0.1674,0.1661,SessionLow,,0.935814,9.286e-05,60,time_stop,0.0,41-60
KAVA/USDT,2026-06-02 06:20:00+00:00,0.05246,0.05239,SessionLow,,0.943085,0.00126214,60,time_stop,0.0,41-60
KAVA/USDT,2026-06-03 06:10:00+00:00,0.05664,0.05246,PDC,,0.999568,0.00029857,60,time_stop,0.0,41-60
KAVA/USDT,2026-06-03 14:20:00+00:00,0.05256,0.05246,PDC,,0.976903,0.00030571,60,time_stop,0.0,41-60
KAVA/USDT,2026-06-04 06:10:00+00:00,0.05246,0.05153,SessionLow,,0.898489,6.643e-05,60,time_stop,0.0,41-60
KAVA/USDT,2026-06-05 01:45:00+00:00,0.05013,0.04916,PDL,SessionHigh,0.999568,6.929e-05,9,bearish_break_level,-8.817076,6-10
KAVA/USDT,2026-06-05 06:10:00+00:00,0.04612,0.045,SessionLow,,0.875039,8e-05,60,time_stop,-6.33131,41-60
KAVA/USDT,2026-06-05 16:20:00+00:00,0.03803,0.0321,SessionLow,,0.987985,0.00121643,60,time_stop,10.912438,41-60
KAVA/USDT,2026-06-06 00:25:00+00:00,0.04379,0.04218,PDC,,0.967194,0.000115,60,time_stop,0.0,41-60
KAVA/USDT,2026-06-06 08:25:00+00:00,0.04186,0.03373,SessionLow,,0.867566,0.00126929,60,time_stop,-18.63354,41-60
KAVA/USDT,2026-06-07 06:10:00+00:00,0.04406,0.04285,PDC,,0.999568,8.643e-05,60,time_stop,2.178847,41-60
KAVA/USDT,2026-06-07 09:05:00+00:00,0.04502,0.04406,SessionHigh,,0.925734,6.857e-05,60,time_stop,0.0,41-60
KAVA/USDT,2026-06-08 06:10:00+00:00,0.04569,0.04478,PDC,,0.999568,6.5e-05,60,time_stop,0.984898,41-60
KAVA/USDT,2026-06-08 08:35:00+00:00,0.04614,0.04569,SessionHigh,,0.968471,3.214e-05,60,time_stop,0.0,41-60
KAVA/USDT,2026-06-11 12:00:00+00:00,0.04387,0.0418,PDL,,0.999568,0.00014786,60,time_stop,0.0,41-60
KAVA/USDT,2026-06-12 03:00:00+00:00,0.04597,0.04387,PDH,,0.999568,0.00015,60,time_stop,0.0,41-60
KAVA/USDT,2026-06-12 13:55:00+00:00,0.04614,0.04597,SessionHigh,SessionHigh,0.999568,1.214e-05,40,bearish_break_level,-5.830082,21-40
KAVA/USDT,2026-06-12 17:20:00+00:00,0.0436,0.04345,SessionLow,,0.925346,0.00020286,60,time_stop,0.0,41-60
KNC/USDT,2026-06-05 08:00:00+00:00,0.115,0.1134,SessionLow,,0.937193,0.0005,60,time_stop,-1.217391,41-60
KNC/USDT,2026-06-05 20:05:00+00:00,0.1125,0.1001,SessionLow,,0.96955,0.00088571,60,time_stop,5.244444,41-60
KNC/USDT,2026-06-06 21:05:00+00:00,0.1167,0.1017,SessionLow,,0.976629,0.00226429,60,time_stop,0.0,41-60
KNC/USDT,2026-06-07 09:05:00+00:00,0.1212,0.1167,PDC,,0.999568,0.00032143,60,time_stop,0.0,41-60
KNC/USDT,2026-06-08 16:20:00+00:00,0.1214,0.1212,PDH,,0.999568,1.429e-05,60,time_stop,0.0,41-60
KSM/USDT,2026-06-02 13:00:00+00:00,4.55,4.39,PDC,SessionHigh,0.999568,0.01142857,27,bearish_break_level,-1.318681,21-40
KSM/USDT,2026-06-02 18:20:00+00:00,4.21,4.15,SessionLow,,0.882888,0.02857143,60,time_stop,0.0,41-60
KSM/USDT,2026-06-03 03:55:00+00:00,4.26,4.21,PDC,,0.999568,0.00357143,60,time_stop,0.0,41-60
KSM/USDT,2026-06-03 13:00:00+00:00,4.35,4.26,SessionHigh,,0.999568,0.00642857,60,time_stop,0.0,41-60
KSM/USDT,2026-06-04 13:00:00+00:00,3.98,3.73,SessionLow,,0.999568,0.01785714,60,time_stop,0.0,41-60
KSM/USDT,2026-06-05 03:30:00+00:00,4.0,3.98,PDC,SessionHigh,0.999568,0.00142857,32,bearish_break_level,-7.5,21-40
KSM/USDT,2026-06-05 13:00:00+00:00,3.75,3.7,SessionLow,,0.999568,0.00357143,60,time_stop,0.0,41-60
KSM/USDT,2026-06-06 13:00:00+00:00,3.95,3.75,PDC,,0.999568,0.01428571,60,time_stop,0.0,41-60
KSM/USDT,2026-06-06 21:20:00+00:00,3.53,3.41,SessionLow,PDC,0.995157,0.04714286,36,bearish_break_level,-1.983003,21-40
KSM/USDT,2026-06-07 07:00:00+00:00,3.65,3.46,SessionLow,SessionHigh,0.999568,0.01357143,5,bearish_break_level,-0.547945,3-5
KSM/USDT,2026-06-09 13:00:00+00:00,3.82,3.74,PDC,,0.999568,0.00571429,60,time_stop,0.0,41-60
KSM/USDT,2026-06-11 04:40:00+00:00,3.72,3.38,PDL,,0.999568,0.02428571,60,time_stop,0.0,41-60
KSM/USDT,2026-06-12 12:50:00+00:00,3.79,3.76,PDH,SessionHigh,0.999568,0.00214286,28,bearish_break_level,-3.693931,21-40
KSM/USDT,2026-06-12 12:55:00+00:00,3.83,3.79,SessionHigh,SessionHigh,0.995395,0.005,27,bearish_break_level,-4.699739,21-40
KSM/USDT,2026-06-13 06:30:00+00:00,3.69,3.65,PDL,SessionHigh,0.999568,0.00285714,58,bearish_break_level,-1.355014,41-60
KSM/USDT,2026-06-13 13:20:00+00:00,3.76,3.64,SessionLow,,0.949889,0.00857143,60,time_stop,0.0,41-60
LDO/USDT,2026-06-02 01:25:00+00:00,0.333,0.332,PDH,SessionHigh,0.888628,7.143e-05,7,bearish_break_level,-1.501502,6-10
LDO/USDT,2026-06-02 03:00:00+00:00,0.328,0.324,WeeklyOpen,WeeklyOpen,0.861005,0.00092857,52,bearish_break_level,-1.829268,41-60
LDO/USDT,2026-06-02 16:10:00+00:00,0.308,0.303,SessionLow,Round_10bp,0.888307,0.00085714,28,bearish_break_level,-0.324675,21-40
LDO/USDT,2026-06-02 20:05:00+00:00,0.304,0.30096,Round_10bp,SessionLow,0.784232,0.00071429,35,bearish_break_level,-2.302632,21-40
LDO/USDT,2026-06-02 23:40:00+00:00,0.301,0.297,SessionLow,SessionHigh,0.79929,0.00092857,49,bearish_break_level,-0.996678,41-60
LDO/USDT,2026-06-03 04:05:00+00:00,0.302,0.298,SessionLow,SessionHigh,0.838279,0.00057143,28,bearish_break_level,1.324503,21-40
LDO/USDT,2026-06-03 05:05:00+00:00,0.309,0.306,SessionHigh,SessionHigh,0.869869,0.00078571,16,bearish_break_level,-0.970874,11-20
LDO/USDT,2026-06-03 10:30:00+00:00,0.313,0.31,SessionHigh,,0.916548,0.00021429,60,time_stop,0.319489,41-60
LDO/USDT,2026-06-03 11:00:00+00:00,0.314,0.313,SessionHigh,SessionHigh,0.911531,0.00028571,57,bearish_break_level,-1.273885,41-60
LDO/USDT,2026-06-03 21:45:00+00:00,0.302,0.296,SessionLow,PDC,0.78857,0.00057143,15,bearish_break_level,-0.993377,11-20
LDO/USDT,2026-06-03 21:55:00+00:00,0.305,0.30195,Round_10bp,PDC,0.780577,0.00064286,13,bearish_break_level,-1.967213,11-20
LDO/USDT,2026-06-05 09:05:00+00:00,0.26,0.25,SessionLow,,0.877045,0.00071429,60,time_stop,0.0,41-60
LDO/USDT,2026-06-07 22:10:00+00:00,0.269,0.256,SessionLow,,0.999568,0.00092857,60,time_stop,0.0,41-60
LDO/USDT,2026-06-13 21:15:00+00:00,0.299,0.263,PDH,,0.999568,0.00257143,60,time_stop,0.0,41-60
LINK/USDT,2026-06-02 01:40:00+00:00,8.953,8.918,SessionLow,SessionLow,0.699477,0.01757143,4,bearish_break_level,-0.79303,3-5
LINK/USDT,2026-06-02 03:25:00+00:00,9.003,8.984,WeeklyOpen,Round_5bp,0.702784,0.02371429,16,bearish_break_level,-0.444296,11-20
LINK/USDT,2026-06-02 12:10:00+00:00,8.816,8.795,SessionLow,PDL,0.698572,0.01064286,17,bearish_break_level,0.294918,11-20
LINK/USDT,2026-06-02 12:45:00+00:00,8.839,8.795,SessionLow,PDL,0.708624,0.01064286,10,bearish_break_level,0.03394,6-10
LINK/USDT,2026-06-02 13:25:00+00:00,8.879,8.859,PDL,PDL,0.73399,0.00664286,2,bearish_break_level,-0.416714,1-2
LINK/USDT,2026-06-02 16:00:00+00:00,8.595,8.552025,Round_5bp,SessionLow,0.708514,0.03178571,41,bearish_break_level,-1.303083,41-60
LINK/USDT,2026-06-02 16:10:00+00:00,8.702,8.61498,Round_10bp,SessionLow,0.730014,0.03392857,39,bearish_break_level,-2.516663,21-40
LINK/USDT,2026-06-02 21:10:00+00:00,8.569,8.526155,Round_5bp,SessionHigh,0.716348,0.02007143,38,bearish_break_level,-1.925546,21-40
LINK/USDT,2026-06-03 00:15:00+00:00,8.428,8.382,PDC,SessionHigh,0.719811,0.02271429,1,bearish_break_level,-0.284765,1-2
LINK/USDT,2026-06-03 01:50:00+00:00,8.385,8.362,SessionLow,PDC,0.727336,0.008,16,bearish_break_level,-0.310078,11-20
LINK/USDT,2026-06-03 01:55:00+00:00,8.418,8.382,PDC,PDC,0.704978,0.00928571,15,bearish_break_level,-0.700879,11-20
LINK/USDT,2026-06-03 03:20:00+00:00,8.351,8.337,SessionLow,SessionLow,0.733606,0.00857143,2,bearish_break_level,-0.502934,1-2
LINK/USDT,2026-06-03 03:50:00+00:00,8.24,8.2,SessionLow,SessionHigh,0.709061,0.02028571,17,bearish_break_level,2.779126,11-20
LINK/USDT,2026-06-03 06:25:00+00:00,8.526,8.503,SessionHigh,SessionHigh,0.720643,0.01121429,5,bearish_break_level,0.082102,3-5
LINK/USDT,2026-06-03 06:35:00+00:00,8.55,8.534,SessionHigh,SessionHigh,0.707087,0.01292857,3,bearish_break_level,-0.19883,3-5
LINK/USDT,2026-06-03 07:05:00+00:00,8.517,8.474415,Round_5bp,SessionHigh,0.700692,0.01335714,8,bearish_break_level,0.305272,6-10
LINK/USDT,2026-06-03 11:00:00+00:00,8.607,8.57,SessionHigh,SessionHigh,0.708792,0.01114286,1,bearish_break_level,-0.127803,1-2
LINK/USDT,2026-06-03 13:15:00+00:00,8.561,8.518195,Round_5bp,Round_5bp,0.749044,0.00985714,12,bearish_break_level,-1.179769,11-20
LINK/USDT,2026-06-03 15:25:00+00:00,8.474,8.43163,Round_5bp,PDC,0.722481,0.01471429,7,bearish_break_level,-1.32169,6-10
LINK/USDT,2026-06-03 16:35:00+00:00,8.29,8.272,PDL,PDL,0.740747,0.02364286,20,bearish_break_level,-0.337756,11-20
LINK/USDT,2026-06-03 16:45:00+00:00,8.305,8.272,PDL,PDL,0.773462,0.02757143,18,bearish_break_level,-0.51776,11-20
LINK/USDT,2026-06-03 21:10:00+00:00,8.29,8.272,PDL,PDC,0.698249,0.03428571,13,bearish_break_level,0.977081,11-20
LINK/USDT,2026-06-03 21:40:00+00:00,8.407,8.364965,Round_5bp,PDC,0.721447,0.03378571,7,bearish_break_level,-0.428215,6-10
LINK/USDT,2026-06-03 23:30:00+00:00,8.372,8.33014,Round_5bp,SessionHigh,0.707821,0.01392857,11,bearish_break_level,-1.457238,11-20
LINK/USDT,2026-06-04 00:30:00+00:00,8.274,8.25,SessionLow,Round_10bp,0.7188,0.02242857,1,bearish_break_level,-0.894368,1-2
LINK/USDT,2026-06-04 01:30:00+00:00,8.124,8.09,SessionLow,PDL,0.733803,0.05692857,13,bearish_break_level,-0.430822,11-20
LINK/USDT,2026-06-04 05:15:00+00:00,8.147,8.119,PDL,Round_5bp,0.738482,0.022,2,bearish_break_level,-0.405057,1-2
LINK/USDT,2026-06-04 07:35:00+00:00,8.131,8.119,PDL,,0.74799,0.02328571,60,time_stop,-0.627229,41-60
LINK/USDT,2026-06-04 12:20:00+00:00,8.0,7.92,Round_10bp,PDL,0.70018,0.02064286,17,bearish_break_level,0.775,11-20
LINK/USDT,2026-06-04 14:10:00+00:00,8.131,8.090345,Round_5bp,PDL,0.711048,0.03007143,12,bearish_break_level,-0.35666,11-20
LINK/USDT,2026-06-04 18:25:00+00:00,8.088,8.04756,Round_5bp,,0.703071,0.02535714,60,time_stop,-1.755687,41-60
LINK/USDT,2026-06-04 19:20:00+00:00,8.1,8.0595,Round_5bp,PDC,0.755854,0.01442857,59,bearish_break_level,-1.493827,41-60
LINK/USDT,2026-06-04 22:55:00+00:00,7.998,7.95801,Round_5bp,PDC,0.727884,0.01521429,16,bearish_break_level,-0.237559,11-20
LINK/USDT,2026-06-05 00:20:00+00:00,8.015,7.979,SessionLow,SessionHigh,0.702293,0.01678571,8,bearish_break_level,-1.147848,6-10
LINK/USDT,2026-06-05 00:25:00+00:00,8.034,8.015,SessionHigh,SessionHigh,0.726132,0.01235714,7,bearish_break_level,-1.381628,6-10
LINK/USDT,2026-06-05 01:10:00+00:00,7.934,7.92,SessionLow,Round_5bp,0.707067,0.01978571,12,bearish_break_level,-0.088228,11-20
LINK/USDT,2026-06-05 02:35:00+00:00,7.884,7.861,SessionLow,SessionLow,0.712604,0.01057143,6,bearish_break_level,-1.445967,6-10
LINK/USDT,2026-06-05 04:05:00+00:00,7.873,7.767,SessionLow,Round_5bp,0.707318,0.02978571,1,bearish_break_level,-0.431856,1-2
LINK/USDT,2026-06-05 12:55:00+00:00,7.54,7.5023,Round_5bp,Round_10bp,0.734733,0.018,27,bearish_break_level,-2.904509,21-40
LINK/USDT,2026-06-05 15:20:00+00:00,7.34,7.321,SessionLow,Round_10bp,0.719887,0.01985714,3,bearish_break_level,-0.790191,3-5
LINK/USDT,2026-06-05 15:45:00+00:00,7.321,7.28,SessionLow,SessionLow,0.817084,0.031,4,bearish_break_level,-1.379593,3-5
LINK/USDT,2026-06-05 16:10:00+00:00,7.281,7.22,SessionLow,Round_5bp,0.707176,0.03978571,28,bearish_break_level,0.302156,21-40
LINK/USDT,2026-06-06 02:10:00+00:00,7.382,7.342,SessionLow,SessionLow,0.69639,0.01028571,2,bearish_break_level,-0.839881,1-2
LINK/USDT,2026-06-06 04:50:00+00:00,7.09,7.049,SessionLow,SessionHigh,0.808062,0.01957143,47,bearish_break_level,4.753173,41-60
LINK/USDT,2026-06-06 23:10:00+00:00,7.38,7.3431,Round_5bp,PDC,0.735654,0.00564286,15,bearish_break_level,0.135501,11-20
LINK/USDT,2026-06-07 00:30:00+00:00,7.429,7.387,SessionLow,SessionHigh,0.725252,0.00542857,4,bearish_break_level,-0.296137,3-5
LINK/USDT,2026-06-07 01:00:00+00:00,7.44,7.4,PDC,SessionHigh,0.760244,0.00792857,7,bearish_break_level,1.438172,6-10
LINK/USDT,2026-06-07 01:05:00+00:00,7.489,7.44,SessionHigh,SessionHigh,0.750084,0.01114286,6,bearish_break_level,0.774469,6-10
LINK/USDT,2026-06-07 01:10:00+00:00,7.506,7.489,SessionHigh,SessionHigh,0.729009,0.01235714,5,bearish_break_level,0.54623,3-5
LINK/USDT,2026-06-07 01:25:00+00:00,7.602,7.55,SessionHigh,SessionHigh,0.74137,0.02107143,2,bearish_break_level,-0.723494,1-2
LINK/USDT,2026-06-07 03:15:00+00:00,7.592,7.55404,Round_5bp,SessionHigh,0.718029,0.00692857,32,bearish_break_level,0.30295,21-40
LINK/USDT,2026-06-07 06:15:00+00:00,7.652,7.61374,Round_5bp,SessionHigh,0.7838,0.01007143,7,bearish_break_level,0.653424,6-10
LINK/USDT,2026-06-07 06:20:00+00:00,7.664,7.652,SessionHigh,SessionHigh,0.743008,0.00807143,6,bearish_break_level,0.495825,6-10
LINK/USDT,2026-06-07 08:35:00+00:00,7.742,7.723,SessionHigh,SessionHigh,0.72248,0.00657143,9,bearish_break_level,1.007492,6-10
LINK/USDT,2026-06-07 08:45:00+00:00,7.782,7.742,SessionHigh,SessionHigh,0.698683,0.00678571,7,bearish_break_level,0.488306,6-10
LINK/USDT,2026-06-07 08:55:00+00:00,7.806,7.76697,Round_5bp,SessionHigh,0.697631,0.01035714,5,bearish_break_level,0.179349,3-5
LINK/USDT,2026-06-07 09:00:00+00:00,7.817,7.806,SessionHigh,SessionHigh,0.717182,0.01114286,4,bearish_break_level,0.038378,3-5
LINK/USDT,2026-06-07 14:20:00+00:00,7.742,7.70329,Round_5bp,Round_5bp,0.750934,0.00421429,6,bearish_break_level,-0.012917,6-10
LINK/USDT,2026-06-07 19:50:00+00:00,7.595,7.557025,Round_5bp,SessionHigh,0.710479,0.01964286,29,bearish_break_level,4.318631,21-40
LINK/USDT,2026-06-07 20:20:00+00:00,7.678,7.63961,Round_5bp,SessionHigh,0.661566,0.0185,23,bearish_break_level,3.190935,21-40
LINK/USDT,2026-06-08 00:00:00+00:00,7.91,7.89,PDC,SessionHigh,0.768093,0.01178571,2,bearish_break_level,-0.151707,1-2
LINK/USDT,2026-06-08 00:25:00+00:00,7.942,7.911,SessionHigh,PDH,0.720973,0.01321429,4,bearish_break_level,0.327373,3-5
LINK/USDT,2026-06-08 04:15:00+00:00,7.833,7.822,SessionLow,SessionLow,0.74926,0.0165,6,bearish_break_level,-0.536193,6-10
LINK/USDT,2026-06-08 05:20:00+00:00,7.775,7.736,SessionLow,Round_5bp,0.806496,0.01378571,5,bearish_break_level,-0.360129,3-5
LINK/USDT,2026-06-08 10:00:00+00:00,7.923,7.89,PDC,PDC,0.726772,0.01428571,13,bearish_break_level,-0.567967,11-20
LINK/USDT,2026-06-08 11:20:00+00:00,7.986,7.94607,Round_5bp,PDH,0.711508,0.01607143,4,bearish_break_level,-0.175307,3-5
LINK/USDT,2026-06-08 11:35:00+00:00,8.0,7.96,Round_5bp,PDH,0.716349,0.01535714,1,bearish_break_level,-0.35,1-2
LINK/USDT,2026-06-08 12:55:00+00:00,8.031,8.005,PDH,SessionHigh,0.708249,0.01,1,bearish_break_level,-0.21168,1-2
LINK/USDT,2026-06-08 14:55:00+00:00,8.056,8.005,PDH,SessionHigh,0.739972,0.01135714,7,bearish_break_level,-0.372393,6-10
LINK/USDT,2026-06-08 15:00:00+00:00,8.079,8.056,SessionHigh,SessionHigh,0.711872,0.013,6,bearish_break_level,-0.656022,6-10
LINK/USDT,2026-06-08 18:55:00+00:00,8.014,8.005,PDH,SessionHigh,0.697537,0.00707143,27,bearish_break_level,1.0856,21-40
LINK/USDT,2026-06-08 19:05:00+00:00,8.046,8.005,PDH,SessionHigh,0.702559,0.0095,25,bearish_break_level,0.683569,21-40
LINK/USDT,2026-06-08 22:40:00+00:00,8.019,8.005,PDH,PDH,0.739341,0.01371429,13,bearish_break_level,-0.473875,11-20
LINK/USDT,2026-06-09 00:40:00+00:00,7.851,7.826,SessionLow,WeeklyOpen,0.71715,0.01942857,34,bearish_break_level,0.101898,21-40
LINK/USDT,2026-06-09 03:00:00+00:00,7.864,7.82468,Round_5bp,WeeklyOpen,0.720091,0.0065,6,bearish_break_level,-0.063581,6-10
LINK/USDT,2026-06-09 05:30:00+00:00,8.006,7.981,PDC,SessionHigh,0.733362,0.01107143,3,bearish_break_level,0.112416,3-5
LINK/USDT,2026-06-09 05:35:00+00:00,8.03,8.006,SessionHigh,SessionHigh,0.7128,0.01278571,2,bearish_break_level,-0.1868,1-2
LINK/USDT,2026-06-09 08:45:00+00:00,7.924,7.88438,Round_5bp,,0.711781,0.00892857,60,time_stop,0.328117,41-60
LINK/USDT,2026-06-09 12:00:00+00:00,7.923,7.89,WeeklyOpen,WeeklyOpen,0.799461,0.00714286,26,bearish_break_level,-0.530102,21-40
LINK/USDT,2026-06-09 13:45:00+00:00,7.95,7.89,WeeklyOpen,WeeklyOpen,0.733187,0.012,5,bearish_break_level,-0.867925,3-5
LINK/USDT,2026-06-09 16:30:00+00:00,7.749,7.703,SessionLow,WeeklyOpen,0.747381,0.00978571,38,bearish_break_level,1.380823,21-40
LINK/USDT,2026-06-09 16:50:00+00:00,7.702,7.656,SessionLow,WeeklyOpen,0.73966,0.01714286,34,bearish_break_level,1.999481,21-40
LINK/USDT,2026-06-09 19:30:00+00:00,7.885,7.845575,Round_5bp,WeeklyOpen,0.734138,0.003,2,bearish_break_level,-0.367787,1-2
LINK/USDT,2026-06-10 00:15:00+00:00,7.847,7.834,PDC,SessionHigh,0.754726,0.00707143,3,bearish_break_level,-0.152925,3-5
LINK/USDT,2026-06-10 00:45:00+00:00,7.812,7.8,SessionLow,SessionHigh,0.747105,0.00814286,11,bearish_break_level,-0.15361,11-20
LINK/USDT,2026-06-10 01:50:00+00:00,7.817,7.799,SessionLow,SessionLow,0.771516,0.01,8,bearish_break_level,-0.946655,6-10
LINK/USDT,2026-06-10 03:40:00+00:00,7.746,7.727,SessionLow,SessionLow,0.726742,0.0025,11,bearish_break_level,-0.490576,11-20
LINK/USDT,2026-06-10 06:35:00+00:00,7.723,7.686,SessionLow,SessionLow,0.720138,0.00364286,26,bearish_break_level,-0.751003,21-40
LINK/USDT,2026-06-10 09:00:00+00:00,7.673,7.665,SessionLow,PDL,0.834808,0.01142857,25,bearish_break_level,-0.664668,21-40
LINK/USDT,2026-06-10 09:55:00+00:00,7.708,7.66946,Round_5bp,PDL,0.696463,0.01035714,14,bearish_break_level,-1.115724,11-20
LINK/USDT,2026-06-10 12:30:00+00:00,7.797,7.656,PDL,WeeklyOpen,0.782529,0.01321429,16,bearish_break_level,1.038861,11-20
LINK/USDT,2026-06-10 13:35:00+00:00,7.845,7.805775,Round_5bp,WeeklyOpen,0.741485,0.02371429,3,bearish_break_level,0.42065,3-5
LINK/USDT,2026-06-10 17:55:00+00:00,7.676,7.656,PDL,PDL,0.719119,0.01314286,8,bearish_break_level,-0.468994,6-10
LINK/USDT,2026-06-10 20:15:00+00:00,7.616,7.592,SessionLow,SessionLow,0.708208,0.00592857,11,bearish_break_level,-1.06355,11-20
LINK/USDT,2026-06-11 00:10:00+00:00,7.589,7.577,PDC,SessionHigh,0.716025,0.00542857,2,bearish_break_level,0.237185,1-2
LINK/USDT,2026-06-11 00:15:00+00:00,7.622,7.592,SessionHigh,SessionHigh,0.691346,0.00778571,1,bearish_break_level,-0.196799,1-2
LINK/USDT,2026-06-11 00:45:00+00:00,7.624,7.58588,Round_5bp,SessionHigh,0.683426,0.01357143,16,bearish_break_level,1.062434,11-20
LINK/USDT,2026-06-11 06:20:00+00:00,7.813,7.773935,Round_5bp,SessionHigh,0.779147,0.00528571,29,bearish_break_level,0.255984,21-40
LINK/USDT,2026-06-11 08:30:00+00:00,7.842,7.826,SessionHigh,SessionHigh,0.739321,0.00678571,3,bearish_break_level,-0.114767,3-5
LINK/USDT,2026-06-11 17:45:00+00:00,7.923,7.89,WeeklyOpen,SessionHigh,0.732825,0.02357143,2,bearish_break_level,-0.239808,1-2
LINK/USDT,2026-06-11 18:00:00+00:00,7.928,7.897,PDH,SessionHigh,0.748333,0.024,2,bearish_break_level,-0.290111,1-2
LINK/USDT,2026-06-11 18:15:00+00:00,7.945,7.905275,Round_5bp,SessionHigh,0.715343,0.02571429,1,bearish_break_level,-0.28949,1-2
LINK/USDT,2026-06-11 21:10:00+00:00,7.958,7.89,WeeklyOpen,PDC,0.698825,0.01128571,37,bearish_break_level,-0.879618,21-40
LINK/USDT,2026-06-11 23:35:00+00:00,7.899,7.89,WeeklyOpen,PDC,0.757407,0.00557143,8,bearish_break_level,-0.139258,6-10
LINK/USDT,2026-06-11 23:40:00+00:00,7.91,7.897,PDH,PDC,0.750736,0.00721429,7,bearish_break_level,-0.278129,6-10
LINK/USDT,2026-06-12 00:25:00+00:00,7.893,7.884,SessionLow,SessionHigh,0.73591,0.00821429,7,bearish_break_level,-0.012669,6-10
LINK/USDT,2026-06-12 00:30:00+00:00,7.907,7.89,WeeklyOpen,SessionHigh,0.746484,0.00928571,6,bearish_break_level,-0.189705,6-10
LINK/USDT,2026-06-12 00:40:00+00:00,7.919,7.904,PDC,SessionHigh,0.782851,0.00785714,4,bearish_break_level,-0.340952,3-5
LINK/USDT,2026-06-12 01:10:00+00:00,7.893,7.877,SessionLow,WeeklyOpen,0.714295,0.0085,3,bearish_break_level,-0.405423,3-5
LINK/USDT,2026-06-12 04:15:00+00:00,7.915,7.89,WeeklyOpen,SessionHigh,0.708076,0.00435714,6,bearish_break_level,-0.037903,6-10
LINK/USDT,2026-06-12 05:40:00+00:00,7.851,7.837,SessionLow,SessionLow,0.723758,0.00957143,10,bearish_break_level,-1.159088,6-10
LINK/USDT,2026-06-12 08:15:00+00:00,7.861,7.821695,Round_5bp,WeeklyOpen,0.715054,0.00621429,3,bearish_break_level,0.050884,3-5
LINK/USDT,2026-06-12 09:25:00+00:00,7.927,7.904,PDC,SessionHigh,0.722534,0.00757143,3,bearish_break_level,-0.113536,3-5
LINK/USDT,2026-06-12 14:30:00+00:00,7.911,7.89,WeeklyOpen,PDH,0.737857,0.01435714,5,bearish_break_level,0.632031,3-5
LINK/USDT,2026-06-12 14:35:00+00:00,7.914,7.904,PDC,PDH,0.737731,0.0145,4,bearish_break_level,0.593884,3-5
LINK/USDT,2026-06-12 23:55:00+00:00,7.87,7.83065,Round_5bp,WeeklyOpen,0.759284,0.00485714,6,bearish_break_level,0.101652,6-10
LINK/USDT,2026-06-13 00:15:00+00:00,7.879,7.87,PDC,WeeklyOpen,0.745055,0.00585714,2,bearish_break_level,-0.012692,1-2
LINK/USDT,2026-06-13 00:35:00+00:00,7.899,7.89,WeeklyOpen,SessionHigh,0.775598,0.00835714,1,bearish_break_level,-0.113938,1-2
LINK/USDT,2026-06-13 04:40:00+00:00,7.905,7.89,WeeklyOpen,,0.767796,0.00142857,60,time_stop,0.885515,41-60
LINK/USDT,2026-06-13 06:45:00+00:00,7.925,7.89,WeeklyOpen,SessionHigh,0.706762,0.003,39,bearish_break_level,0.44164,21-40
LINK/USDT,2026-06-13 08:35:00+00:00,7.979,7.95,SessionHigh,SessionHigh,0.729438,0.00207143,17,bearish_break_level,-0.238125,11-20
LINK/USDT,2026-06-13 12:45:00+00:00,8.006,7.986,SessionHigh,SessionHigh,0.728372,0.00157143,10,bearish_break_level,-0.137397,6-10
LINK/USDT,2026-06-13 12:55:00+00:00,8.03,8.006,PDH,SessionHigh,0.706647,0.00328571,8,bearish_break_level,-0.435866,6-10
LINK/USDT,2026-06-13 15:35:00+00:00,8.032,8.006,PDH,SessionHigh,0.762342,0.00157143,3,bearish_break_level,-0.149402,3-5
LINK/USDT,2026-06-14 00:40:00+00:00,7.984,7.967,SessionLow,SessionHigh,0.727109,0.00192857,8,bearish_break_level,0.250501,6-10
LINK/USDT,2026-06-14 01:15:00+00:00,8.012,7.977,PDC,SessionHigh,0.740099,0.0045,1,bearish_break_level,-0.09985,1-2
LINK/USDT,2026-06-14 06:15:00+00:00,7.954,7.916,SessionLow,SessionLow,0.751439,0.00271429,17,bearish_break_level,-0.741765,11-20
LINK/USDT,2026-06-14 07:50:00+00:00,7.914,7.89,WeeklyOpen,Round_5bp,0.728328,0.00521429,39,bearish_break_level,-0.063179,21-40
LINK/USDT,2026-06-14 09:30:00+00:00,7.906,7.89,WeeklyOpen,Round_5bp,0.705616,0.00471429,19,bearish_break_level,0.037946,11-20
LINK/USDT,2026-06-14 14:50:00+00:00,7.82,7.794,SessionLow,PDL,0.811751,0.01078571,17,bearish_break_level,0.473146,11-20
LINK/USDT,2026-06-14 18:25:00+00:00,7.802,7.789,SessionLow,SessionHigh,0.752715,0.01228571,43,bearish_break_level,3.704178,41-60
LSK/USDT,2026-06-04 03:20:00+00:00,0.142,0.11,SessionHigh,,0.863183,0.00228571,60,time_stop,0.0,41-60
LTC/USDT,2026-06-02 00:25:00+00:00,50.65,50.58,SessionLow,PDC,0.721949,0.06,4,bearish_break_level,0.019743,3-5
LTC/USDT,2026-06-02 01:20:00+00:00,50.66,50.58,SessionLow,SessionLow,0.758205,0.06714286,2,bearish_break_level,-0.33557,1-2
LTC/USDT,2026-06-02 02:20:00+00:00,50.14,49.95,SessionLow,PDL,0.705547,0.08357143,10,bearish_break_level,-0.139609,6-10
LTC/USDT,2026-06-02 03:50:00+00:00,50.28,50.13,PDL,PDL,0.713843,0.04071429,13,bearish_break_level,-0.875099,11-20
LTC/USDT,2026-06-02 04:25:00+00:00,50.24,50.13,PDL,PDL,0.72583,0.03857143,6,bearish_break_level,-0.796178,6-10
LTC/USDT,2026-06-02 05:10:00+00:00,49.58,49.43,SessionLow,SessionLow,0.691995,0.08857143,5,bearish_break_level,-0.423558,3-5
LTC/USDT,2026-06-02 07:15:00+00:00,49.62,49.26,SessionLow,SessionLow,0.696025,0.05785714,25,bearish_break_level,-0.886739,21-40
LTC/USDT,2026-06-02 09:35:00+00:00,49.36,49.18,SessionLow,SessionLow,0.763246,0.05357143,55,bearish_break_level,-0.911669,41-60
LTC/USDT,2026-06-02 14:15:00+00:00,48.99,48.91,SessionLow,SessionLow,0.713564,0.065,2,bearish_break_level,-1.326801,1-2
LTC/USDT,2026-06-02 16:15:00+00:00,48.45,48.20775,Round_5bp,Round_5bp,0.693642,0.185,26,bearish_break_level,-0.350877,21-40
LTC/USDT,2026-06-02 19:35:00+00:00,47.78,47.44,SessionLow,Round_5bp,0.693467,0.10571429,36,bearish_break_level,-0.502302,21-40
LTC/USDT,2026-06-02 19:45:00+00:00,47.99,47.75005,Round_5bp,Round_5bp,0.712472,0.13428571,34,bearish_break_level,-0.937695,21-40
LTC/USDT,2026-06-03 00:00:00+00:00,47.02,46.97,PDC,SessionHigh,0.741712,0.13785714,4,bearish_break_level,0.212675,3-5
LTC/USDT,2026-06-03 00:10:00+00:00,47.14,47.02,SessionHigh,SessionHigh,0.720568,0.11642857,2,bearish_break_level,-0.042427,1-2
LTC/USDT,2026-06-03 00:15:00+00:00,47.22,47.14,SessionHigh,SessionHigh,0.71836,0.10714286,1,bearish_break_level,-0.211775,1-2
LTC/USDT,2026-06-03 01:15:00+00:00,47.5,47.45,SessionHigh,SessionHigh,0.726021,0.10857143,1,bearish_break_level,-0.063158,1-2
LTC/USDT,2026-06-03 05:00:00+00:00,48.11,47.75,SessionHigh,SessionHigh,0.725802,0.09857143,6,bearish_break_level,-0.498857,6-10
LTC/USDT,2026-06-03 06:35:00+00:00,48.39,48.34,SessionHigh,SessionHigh,0.714371,0.075,6,bearish_break_level,-0.206654,6-10
LTC/USDT,2026-06-04 00:00:00+00:00,47.38,47.23,PDC,SessionHigh,0.740813,0.07,4,bearish_break_level,-0.21106,3-5
LTC/USDT,2026-06-04 00:05:00+00:00,47.44,47.38,SessionHigh,SessionHigh,0.761532,0.06928571,3,bearish_break_level,-0.337268,3-5
LTC/USDT,2026-06-04 00:30:00+00:00,47.01,46.93,SessionLow,PDL,0.738931,0.09714286,4,bearish_break_level,-0.638162,3-5
LTC/USDT,2026-06-04 00:40:00+00:00,47.08,46.7,SessionLow,PDL,0.759613,0.13785714,2,bearish_break_level,-0.785896,1-2
LTC/USDT,2026-06-04 04:10:00+00:00,46.94,46.86,PDL,PDL,0.724201,0.09785714,30,bearish_break_level,-0.298253,21-40
LTC/USDT,2026-06-04 07:35:00+00:00,46.46,46.2277,Round_5bp,Round_5bp,0.713561,0.07857143,17,bearish_break_level,-0.581145,11-20
LTC/USDT,2026-06-04 11:20:00+00:00,45.36,45.1332,Round_5bp,Round_5bp,0.702814,0.09071429,23,bearish_break_level,2.358907,21-40
LTC/USDT,2026-06-04 14:00:00+00:00,46.92,46.86,PDL,Round_10bp,0.767793,0.14357143,7,bearish_break_level,-1.044331,6-10
LTC/USDT,2026-06-04 21:45:00+00:00,45.49,45.26255,Round_5bp,SessionHigh,0.716565,0.11071429,29,bearish_break_level,0.043966,21-40
LTC/USDT,2026-06-04 23:35:00+00:00,45.64,45.4118,Round_5bp,SessionHigh,0.745171,0.13071429,7,bearish_break_level,-0.284838,6-10
LTC/USDT,2026-06-05 00:20:00+00:00,45.66,45.54,PDC,PDC,0.732635,0.09071429,23,bearish_break_level,-0.65703,21-40
LTC/USDT,2026-06-05 07:45:00+00:00,44.15,43.92925,Round_5bp,PDL,0.71599,0.22142857,51,bearish_break_level,-0.883352,41-60
LTC/USDT,2026-06-05 09:10:00+00:00,44.29,44.0,PDL,PDL,0.700125,0.07142857,34,bearish_break_level,-1.196658,21-40
LTC/USDT,2026-06-05 12:15:00+00:00,44.23,44.0,PDL,Round_10bp,0.713338,0.07714286,36,bearish_break_level,-2.780918,21-40
LTC/USDT,2026-06-05 13:05:00+00:00,44.29,44.0,PDL,Round_10bp,0.701985,0.12285714,26,bearish_break_level,-2.912621,21-40
LTC/USDT,2026-06-05 14:30:00+00:00,43.51,43.29245,Round_5bp,Round_10bp,0.707078,0.18214286,9,bearish_break_level,-1.172144,6-10
LTC/USDT,2026-06-05 16:50:00+00:00,43.84,43.6208,Round_5bp,Round_5bp,0.72227,0.24142857,18,bearish_break_level,-0.775547,11-20
LTC/USDT,2026-06-05 17:00:00+00:00,44.05,44.0,PDL,Round_5bp,0.770726,0.24857143,16,bearish_break_level,-1.248581,11-20
LTC/USDT,2026-06-05 19:25:00+00:00,42.57,42.25,SessionLow,Round_5bp,0.696981,0.235,1,bearish_break_level,-0.469814,1-2
LTC/USDT,2026-06-06 00:00:00+00:00,43.64,43.26,PDC,SessionHigh,0.717579,0.14142857,4,bearish_break_level,0.114574,3-5
LTC/USDT,2026-06-06 00:05:00+00:00,43.7,43.64,SessionHigh,SessionHigh,0.728272,0.13428571,3,bearish_break_level,-0.022883,3-5
LTC/USDT,2026-06-06 00:15:00+00:00,43.79,43.7,SessionHigh,SessionHigh,0.787474,0.14071429,1,bearish_break_level,-0.228363,1-2
LTC/USDT,2026-06-06 10:50:00+00:00,42.5,42.25,PDL,Round_5bp,0.754722,0.095,32,bearish_break_level,0.588235,21-40
LTC/USDT,2026-06-06 12:00:00+00:00,42.94,42.7253,Round_5bp,Round_5bp,0.716852,0.03142857,18,bearish_break_level,-0.442478,11-20
LTC/USDT,2026-06-06 21:30:00+00:00,41.84,41.4216,Round_10bp,Round_5bp,0.690478,0.09214286,15,bearish_break_level,-1.864245,11-20
LTC/USDT,2026-06-06 23:40:00+00:00,41.3,41.0935,Round_5bp,SessionHigh,0.715605,0.03428571,5,bearish_break_level,0.145278,3-5
LTC/USDT,2026-06-07 01:05:00+00:00,41.82,41.54,SessionHigh,SessionHigh,0.738847,0.04928571,19,bearish_break_level,-0.5978,11-20
LTC/USDT,2026-06-07 01:10:00+00:00,41.89,41.82,SessionHigh,SessionHigh,0.73388,0.04642857,18,bearish_break_level,-0.763905,11-20
LTC/USDT,2026-06-07 04:35:00+00:00,41.49,41.34,SessionLow,Round_5bp,0.730285,0.06714286,9,bearish_break_level,0.313329,6-10
LTC/USDT,2026-06-07 05:00:00+00:00,41.72,41.5114,Round_5bp,Round_5bp,0.807054,0.075,4,bearish_break_level,-0.239693,3-5
LTC/USDT,2026-06-07 08:55:00+00:00,42.41,42.25,SessionHigh,SessionHigh,0.701389,0.05928571,5,bearish_break_level,-0.141476,3-5
LTC/USDT,2026-06-07 19:45:00+00:00,41.36,41.2,SessionLow,SessionHigh,0.751495,0.08142857,30,bearish_break_level,3.626692,21-40
LTC/USDT,2026-06-08 00:15:00+00:00,42.85,42.72,SessionLow,PDC,0.785363,0.04142857,11,bearish_break_level,-0.653442,11-20
LTC/USDT,2026-06-08 02:00:00+00:00,42.37,42.11,SessionLow,Round_5bp,0.738636,0.09428571,25,bearish_break_level,-0.283219,21-40
LTC/USDT,2026-06-08 03:10:00+00:00,42.67,42.45665,Round_5bp,Round_5bp,0.71802,0.05642857,11,bearish_break_level,-0.984298,11-20
LTC/USDT,2026-06-08 11:20:00+00:00,43.26,43.11,SessionHigh,SessionHigh,0.709423,0.07857143,5,bearish_break_level,-0.416089,3-5
LTC/USDT,2026-06-08 12:45:00+00:00,43.36,43.26,SessionHigh,SessionHigh,0.727492,0.05285714,5,bearish_break_level,-0.161439,3-5
LTC/USDT,2026-06-08 12:55:00+00:00,43.43,43.35,PDH,SessionHigh,0.747238,0.045,3,bearish_break_level,-0.322358,3-5
LTC/USDT,2026-06-08 17:25:00+00:00,43.26,42.95,PDC,SessionHigh,0.717066,0.05785714,29,bearish_break_level,0.508553,21-40
LTC/USDT,2026-06-08 18:00:00+00:00,43.43,43.35,PDH,SessionHigh,0.721259,0.07,22,bearish_break_level,0.115128,21-40
LTC/USDT,2026-06-08 21:05:00+00:00,43.61,43.35,PDH,SessionHigh,0.709741,0.055,11,bearish_break_level,-0.321027,11-20
LTC/USDT,2026-06-09 00:15:00+00:00,43.08,43.0,SessionLow,SessionHigh,0.733252,0.03785714,1,bearish_break_level,-0.766017,1-2
LTC/USDT,2026-06-09 00:40:00+00:00,42.53,42.32,SessionLow,WeeklyOpen,0.716017,0.10142857,51,bearish_break_level,0.75241,41-60
LTC/USDT,2026-06-09 04:35:00+00:00,42.94,42.7253,Round_5bp,WeeklyOpen,0.717379,0.03285714,4,bearish_break_level,-0.209595,3-5
LTC/USDT,2026-06-09 04:40:00+00:00,43.04,42.95,WeeklyOpen,WeeklyOpen,0.707695,0.04,3,bearish_break_level,-0.44145,3-5
LTC/USDT,2026-06-09 12:00:00+00:00,42.63,42.26,SessionLow,Round_5bp,0.733215,0.04,16,bearish_break_level,-0.30495,11-20
LTC/USDT,2026-06-09 16:40:00+00:00,41.96,41.87,SessionLow,SessionHigh,0.714465,0.08214286,21,bearish_break_level,2.526215,21-40
LTC/USDT,2026-06-09 19:50:00+00:00,43.5,43.3,SessionHigh,SessionHigh,0.717783,0.03428571,1,bearish_break_level,-0.137931,1-2
LTC/USDT,2026-06-10 00:15:00+00:00,43.14,42.93,PDC,SessionHigh,0.70615,0.02642857,6,bearish_break_level,-0.533148,6-10
LTC/USDT,2026-06-10 00:50:00+00:00,42.96,42.91,SessionLow,SessionHigh,0.703457,0.03571429,9,bearish_break_level,0.0,6-10
LTC/USDT,2026-06-10 00:55:00+00:00,43.19,42.93,PDC,SessionHigh,0.703294,0.05214286,8,bearish_break_level,-0.532531,6-10
LTC/USDT,2026-06-10 03:40:00+00:00,42.58,42.5,SessionLow,SessionLow,0.74932,0.01357143,19,bearish_break_level,-0.634101,11-20
LTC/USDT,2026-06-10 06:40:00+00:00,42.51,42.31,SessionLow,SessionLow,0.74774,0.04214286,32,bearish_break_level,-0.988003,21-40
LTC/USDT,2026-06-10 11:20:00+00:00,42.1,41.97,SessionLow,PDC,0.793053,0.025,55,bearish_break_level,1.710214,41-60
LTC/USDT,2026-06-10 11:50:00+00:00,42.11,41.95,SessionLow,PDC,0.78922,0.04714286,49,bearish_break_level,1.68606,41-60
LTC/USDT,2026-06-10 13:40:00+00:00,43.07,42.93,PDC,PDC,0.679403,0.04428571,27,bearish_break_level,-0.58045,21-40
LTC/USDT,2026-06-10 18:00:00+00:00,41.94,41.78,SessionLow,PDL,0.720727,0.06285714,10,bearish_break_level,-0.500715,6-10
LTC/USDT,2026-06-10 19:00:00+00:00,41.9,41.73,SessionLow,PDL,0.725069,0.04285714,10,bearish_break_level,-0.763723,6-10
LTC/USDT,2026-06-10 23:30:00+00:00,41.72,41.5114,Round_5bp,SessionHigh,0.740822,0.03928571,10,bearish_break_level,0.575264,6-10
LTC/USDT,2026-06-11 00:10:00+00:00,41.89,41.73,PDC,SessionHigh,0.753084,0.03571429,2,bearish_break_level,0.167104,1-2
LTC/USDT,2026-06-11 00:15:00+00:00,42.01,41.89,SessionHigh,SessionHigh,0.737581,0.045,1,bearish_break_level,-0.119019,1-2
LTC/USDT,2026-06-11 01:10:00+00:00,42.16,42.02,SessionHigh,SessionHigh,0.722322,0.05071429,1,bearish_break_level,-0.118596,1-2
LTC/USDT,2026-06-11 03:30:00+00:00,42.55,42.1245,Round_10bp,,0.702111,0.04285714,60,time_stop,0.470035,41-60
LTC/USDT,2026-06-11 16:35:00+00:00,42.31,42.09845,Round_5bp,SessionHigh,0.722591,0.05428571,15,bearish_break_level,1.158119,11-20
LTC/USDT,2026-06-12 00:20:00+00:00,42.57,42.5,PDC,SessionHigh,0.744498,0.02,4,bearish_break_level,0.234907,3-5
LTC/USDT,2026-06-12 01:50:00+00:00,42.53,42.46,SessionLow,SessionHigh,0.788596,0.02071429,5,bearish_break_level,0.352692,3-5
LTC/USDT,2026-06-12 02:05:00+00:00,42.65,42.5,PDC,SessionHigh,0.807343,0.02642857,2,bearish_break_level,0.07034,1-2
LTC/USDT,2026-06-12 03:20:00+00:00,42.51,42.46,SessionLow,SessionHigh,0.753522,0.02714286,20,bearish_break_level,0.42343,11-20
LTC/USDT,2026-06-12 04:25:00+00:00,42.8,42.75,SessionHigh,SessionHigh,0.762401,0.03,7,bearish_break_level,-0.257009,6-10
LTC/USDT,2026-06-12 06:40:00+00:00,42.31,42.25,SessionLow,SessionHigh,0.690258,0.04142857,40,bearish_break_level,1.819901,21-40
LTC/USDT,2026-06-12 07:55:00+00:00,42.54,42.3273,Round_5bp,SessionHigh,0.712884,0.01928571,25,bearish_break_level,1.269394,21-40
LTC/USDT,2026-06-12 08:00:00+00:00,42.63,42.5,PDC,SessionHigh,0.699718,0.02571429,24,bearish_break_level,1.055595,21-40
LTC/USDT,2026-06-12 09:00:00+00:00,42.88,42.8,SessionHigh,SessionHigh,0.722999,0.04357143,12,bearish_break_level,0.466418,11-20
LTC/USDT,2026-06-12 09:25:00+00:00,43.0,42.91,PDH,SessionHigh,0.751451,0.01785714,7,bearish_break_level,0.186047,6-10
LTC/USDT,2026-06-12 09:30:00+00:00,43.06,43.0,SessionHigh,SessionHigh,0.779928,0.02214286,6,bearish_break_level,0.046447,6-10
LTC/USDT,2026-06-12 09:45:00+00:00,43.13,43.06,SessionHigh,SessionHigh,0.732441,0.02571429,3,bearish_break_level,-0.115929,3-5
LTC/USDT,2026-06-12 14:35:00+00:00,43.32,43.18,SessionHigh,SessionHigh,0.7272,0.07285714,1,bearish_break_level,-0.253924,1-2
LTC/USDT,2026-06-12 16:40:00+00:00,43.16,42.95,WeeklyOpen,,0.745592,0.085,60,time_stop,-0.139018,41-60
LTC/USDT,2026-06-12 18:55:00+00:00,43.0,42.95,WeeklyOpen,,0.762784,0.01071429,60,time_stop,0.046512,41-60
LTC/USDT,2026-06-12 20:40:00+00:00,43.0,42.95,WeeklyOpen,,0.759965,0.03428571,60,time_stop,1.186047,41-60
LTC/USDT,2026-06-12 22:20:00+00:00,42.97,42.91,PDH,PDH,0.709934,0.025,51,bearish_break_level,0.767978,41-60
LTC/USDT,2026-06-13 00:10:00+00:00,43.08,43.02,PDC,PDH,0.731973,0.01,29,bearish_break_level,0.510678,21-40
LTC/USDT,2026-06-13 00:20:00+00:00,43.17,43.12,SessionHigh,PDH,0.721023,0.01714286,27,bearish_break_level,0.301135,21-40
LTC/USDT,2026-06-13 01:30:00+00:00,43.43,43.31,SessionHigh,PDH,0.759297,0.02642857,13,bearish_break_level,-0.299332,11-20
LTC/USDT,2026-06-13 01:40:00+00:00,43.51,43.43,SessionHigh,PDH,0.757984,0.02428571,11,bearish_break_level,-0.482648,11-20
LTC/USDT,2026-06-13 08:35:00+00:00,43.86,43.51,PDH,SessionHigh,0.757611,0.02642857,5,bearish_break_level,-0.524396,3-5
LTC/USDT,2026-06-13 12:40:00+00:00,43.91,43.86,SessionHigh,SessionHigh,0.766618,0.00714286,7,bearish_break_level,0.091095,6-10
LTC/USDT,2026-06-13 12:45:00+00:00,44.01,43.91,SessionHigh,SessionHigh,0.725834,0.01428571,6,bearish_break_level,-0.136333,6-10
LTC/USDT,2026-06-14 00:10:00+00:00,44.53,44.28,PDC,SessionHigh,0.758405,0.02,1,bearish_break_level,-0.202111,1-2
LTC/USDT,2026-06-14 00:50:00+00:00,44.43,44.37,PDH,PDH,0.769884,0.045,43,bearish_break_level,-0.315102,41-60
LTC/USDT,2026-06-14 05:55:00+00:00,44.19,44.03,SessionLow,PDC,0.795528,0.02571429,55,bearish_break_level,0.090518,41-60
LTC/USDT,2026-06-14 07:50:00+00:00,44.03,43.96,SessionLow,PDC,0.784086,0.02785714,32,bearish_break_level,0.454236,21-40
LTC/USDT,2026-06-14 09:45:00+00:00,44.23,44.00885,Round_5bp,PDC,0.726096,0.02857143,9,bearish_break_level,0.0,6-10
LTC/USDT,2026-06-14 13:35:00+00:00,43.97,43.88,SessionLow,Round_5bp,0.728866,0.01642857,11,bearish_break_level,-0.318399,11-20
LTC/USDT,2026-06-14 14:20:00+00:00,44.07,43.88,SessionLow,Round_5bp,0.746208,0.03071429,2,bearish_break_level,-0.544588,1-2
LTC/USDT,2026-06-14 15:05:00+00:00,43.95,43.76,SessionLow,PDC,0.764685,0.04642857,21,bearish_break_level,0.614334,21-40
MANA/USDT,2026-06-02 04:40:00+00:00,0.0835,0.081,SessionLow,SessionHigh,0.889937,0.00017857,1,bearish_break_level,-0.598802,1-2
MANA/USDT,2026-06-02 09:20:00+00:00,0.0812,0.0806,SessionLow,,0.846626,4.286e-05,60,time_stop,-1.477833,41-60
MANA/USDT,2026-06-02 16:15:00+00:00,0.0797,0.079,SessionLow,,0.903891,5e-05,60,time_stop,-2.132999,41-60
MANA/USDT,2026-06-02 19:00:00+00:00,0.0791,0.0774,SessionLow,,0.824322,0.00012143,60,time_stop,-2.528445,41-60
MANA/USDT,2026-06-03 05:00:00+00:00,0.0795,0.0771,PDL,,0.980227,0.00017143,60,time_stop,0.0,41-60
MANA/USDT,2026-06-04 02:40:00+00:00,0.0786,0.0729,SessionLow,,0.896504,0.0006,60,time_stop,0.0,41-60
MANA/USDT,2026-06-04 12:35:00+00:00,0.0733,0.0702,SessionLow,,0.931419,0.00022143,60,time_stop,-1.364256,41-60
MANA/USDT,2026-06-05 03:55:00+00:00,0.072,0.0714,SessionLow,SessionHigh,0.9428,4.286e-05,25,bearish_break_level,-2.777778,21-40
MANA/USDT,2026-06-05 09:20:00+00:00,0.0694,0.0685,SessionLow,,0.820198,6.429e-05,60,time_stop,0.0,41-60
MANA/USDT,2026-06-05 16:15:00+00:00,0.068,0.0664,SessionLow,SessionHigh,0.995537,0.00032857,28,bearish_break_level,-1.470588,21-40
MANA/USDT,2026-06-06 06:10:00+00:00,0.0649,0.0638,SessionLow,,0.935834,0.00021429,60,time_stop,2.311248,41-60
MANA/USDT,2026-06-06 17:05:00+00:00,0.0667,0.0664,PDL,,0.999568,2.143e-05,60,time_stop,-4.347826,41-60
MANA/USDT,2026-06-07 00:50:00+00:00,0.0667,0.0638,PDL,SessionHigh,0.89324,0.00020714,1,bearish_break_level,-0.29985,1-2
MANA/USDT,2026-06-07 09:20:00+00:00,0.0686,0.068,SessionHigh,,0.946416,4.286e-05,60,time_stop,0.0,41-60
MANA/USDT,2026-06-08 14:05:00+00:00,0.0674,0.0648,SessionLow,,0.913208,0.00018571,60,time_stop,0.0,41-60
MANA/USDT,2026-06-10 17:20:00+00:00,0.0652,0.0643,SessionLow,SessionHigh,0.970507,6.429e-05,45,bearish_break_level,-3.220859,41-60
MANA/USDT,2026-06-10 21:20:00+00:00,0.0658,0.0631,SessionLow,PDL,0.825292,0.00077143,10,bearish_break_level,-4.255319,6-10
MANA/USDT,2026-06-10 23:05:00+00:00,0.0652,0.063,SessionLow,PDC,0.828638,0.00035714,23,bearish_break_level,-0.153374,21-40
MANA/USDT,2026-06-11 03:45:00+00:00,0.0658,0.0649,SessionLow,SessionHigh,0.850377,6.429e-05,2,bearish_break_level,-4.255319,1-2
MANA/USDT,2026-06-11 08:30:00+00:00,0.0643,0.063,PDL,SessionHigh,0.895694,9.286e-05,59,bearish_break_level,4.199067,41-60
MANA/USDT,2026-06-12 09:20:00+00:00,0.0671,0.0666,PDC,,0.999568,3.571e-05,60,time_stop,1.788376,41-60
MANA/USDT,2026-06-12 10:15:00+00:00,0.068,0.0671,SessionHigh,,0.985964,0.0001,60,time_stop,0.441176,41-60
MANA/USDT,2026-06-13 07:55:00+00:00,0.0673,0.0666,PDL,,0.958038,5e-05,60,time_stop,0.0,41-60
MANA/USDT,2026-06-13 17:45:00+00:00,0.0672,0.0666,PDL,,0.924277,4.286e-05,60,time_stop,0.0,41-60
METIS/USDT,2026-06-05 20:15:00+00:00,2.48,2.1,SessionLow,,0.910332,0.02714286,60,time_stop,0.0,41-60
METIS/USDT,2026-06-07 03:15:00+00:00,2.61,2.48,PDH,,0.999568,0.00928571,60,time_stop,0.0,41-60
METIS/USDT,2026-06-07 11:05:00+00:00,2.72,2.61,SessionHigh,,0.999568,0.00785714,60,time_stop,0.0,41-60
METIS/USDT,2026-06-13 16:30:00+00:00,2.75,2.69,SessionLow,SessionHigh,0.940744,0.00428571,14,bearish_break_level,-6.181818,11-20
ME/USDT,2026-06-04 16:45:00+00:00,0.13,0.07,SessionLow,SessionHigh,0.999568,0.00428571,14,bearish_break_level,-24.384615,11-20
ME/USDT,2026-06-05 11:05:00+00:00,0.0738,0.06,SessionLow,,0.862833,0.00098571,60,time_stop,-5.01355,41-60
ME/USDT,2026-06-07 09:20:00+00:00,0.0585,0.0551,PDC,,0.999568,0.00024286,60,time_stop,0.0,41-60
ME/USDT,2026-06-13 09:20:00+00:00,0.0586,0.0585,PDH,,0.999568,7.14e-06,60,time_stop,0.0,41-60
NEAR/USDT,2026-06-02 00:30:00+00:00,2.61,2.6,SessionLow,SessionLow,0.698975,0.01221429,2,bearish_break_level,-1.264368,1-2
NEAR/USDT,2026-06-02 00:50:00+00:00,2.599,2.586005,Round_5bp,SessionHigh,0.693349,0.01485714,7,bearish_break_level,1.308195,6-10
NEAR/USDT,2026-06-02 02:05:00+00:00,2.579,2.575,SessionLow,Round_5bp,0.692986,0.02228571,6,bearish_break_level,2.404033,6-10
NEAR/USDT,2026-06-02 02:15:00+00:00,2.592,2.561,SessionLow,Round_5bp,0.743645,0.02492857,4,bearish_break_level,1.890432,3-5
NEAR/USDT,2026-06-02 02:30:00+00:00,2.654,2.62746,Round_10bp,Round_5bp,0.741377,0.02378571,1,bearish_break_level,-0.489827,1-2
NEAR/USDT,2026-06-02 02:55:00+00:00,2.652,2.641,PDC,SessionHigh,0.729399,0.01628571,8,bearish_break_level,2.639517,6-10
NEAR/USDT,2026-06-02 03:30:00+00:00,2.748,2.707,PDH,SessionHigh,0.734753,0.01657143,1,bearish_break_level,-0.946143,1-2
NEAR/USDT,2026-06-02 05:45:00+00:00,2.593,2.580035,Round_5bp,PDC,0.706546,0.01885714,34,bearish_break_level,1.465484,21-40
NEAR/USDT,2026-06-02 07:35:00+00:00,2.623,2.609885,Round_5bp,PDC,0.747195,0.01192857,12,bearish_break_level,0.304994,11-20
NEAR/USDT,2026-06-02 10:00:00+00:00,2.631,2.617845,Round_5bp,Round_5bp,0.74628,0.01242857,38,bearish_break_level,2.736602,21-40
NEAR/USDT,2026-06-02 11:05:00+00:00,2.708,2.69446,Round_5bp,Round_5bp,0.740345,0.01621429,25,bearish_break_level,-0.184638,21-40
NEAR/USDT,2026-06-02 12:25:00+00:00,2.721,2.707,PDH,Round_5bp,0.706489,0.01271429,9,bearish_break_level,-0.661521,6-10
NEAR/USDT,2026-06-02 15:35:00+00:00,2.485,2.477,SessionLow,PDC,0.723283,0.0325,28,bearish_break_level,5.875252,21-40
NEAR/USDT,2026-06-02 15:45:00+00:00,2.485,2.47,SessionLow,PDC,0.725231,0.02928571,26,bearish_break_level,5.875252,21-40
NEAR/USDT,2026-06-02 15:55:00+00:00,2.485,2.47,SessionLow,PDC,0.737841,0.028,24,bearish_break_level,5.875252,21-40
NEAR/USDT,2026-06-02 18:30:00+00:00,2.589,2.576055,Round_5bp,PDC,0.731785,0.01864286,21,bearish_break_level,0.115875,21-40
NEAR/USDT,2026-06-02 20:50:00+00:00,2.728,2.707,PDH,SessionHigh,0.724176,0.0315,10,bearish_break_level,-0.293255,6-10
NEAR/USDT,2026-06-02 21:20:00+00:00,2.727,2.713365,Round_5bp,SessionHigh,0.727917,0.028,4,bearish_break_level,-0.256692,3-5
NEAR/USDT,2026-06-02 21:35:00+00:00,2.771,2.707,PDH,SessionHigh,0.738355,0.03042857,1,bearish_break_level,-1.840491,1-2
NEAR/USDT,2026-06-02 23:40:00+00:00,2.623,2.609885,Round_5bp,SessionHigh,0.750923,0.02435714,8,bearish_break_level,3.126191,6-10
NEAR/USDT,2026-06-03 00:00:00+00:00,2.655,2.63,PDC,SessionHigh,0.735223,0.0215,4,bearish_break_level,1.883239,3-5
NEAR/USDT,2026-06-03 04:10:00+00:00,2.727,2.713365,Round_5bp,SessionHigh,0.731602,0.02828571,4,bearish_break_level,2.786945,3-5
NEAR/USDT,2026-06-03 05:50:00+00:00,2.861,2.846695,Round_5bp,Round_5bp,0.75597,0.01835714,24,bearish_break_level,-0.419434,21-40
NEAR/USDT,2026-06-03 08:20:00+00:00,2.854,2.83973,Round_5bp,SessionHigh,0.732406,0.01214286,3,bearish_break_level,1.051156,3-5
NEAR/USDT,2026-06-03 09:35:00+00:00,2.854,2.83973,Round_5bp,SessionHigh,0.721782,0.02357143,13,bearish_break_level,2.277505,11-20
NEAR/USDT,2026-06-03 10:45:00+00:00,2.951,2.92149,Round_10bp,SessionHigh,0.736036,0.01892857,2,bearish_break_level,0.169434,1-2
NEAR/USDT,2026-06-03 10:50:00+00:00,2.971,2.951,SessionHigh,SessionHigh,0.757191,0.01985714,1,bearish_break_level,-0.504881,1-2
NEAR/USDT,2026-06-03 14:30:00+00:00,2.988,2.97306,Round_5bp,Round_5bp,0.765091,0.02771429,20,bearish_break_level,-4.417671,11-20
NEAR/USDT,2026-06-03 19:30:00+00:00,2.861,2.846695,Round_5bp,Round_5bp,0.760189,0.01557143,22,bearish_break_level,-0.419434,21-40
NEAR/USDT,2026-06-03 19:35:00+00:00,2.888,2.85912,Round_10bp,Round_5bp,0.706761,0.0175,21,bearish_break_level,-1.350416,21-40
NEAR/USDT,2026-06-03 21:05:00+00:00,2.872,2.84328,Round_10bp,Round_5bp,0.727638,0.02028571,3,bearish_break_level,-0.800836,3-5
NEAR/USDT,2026-06-03 21:15:00+00:00,2.861,2.846695,Round_5bp,Round_5bp,0.744794,0.0195,1,bearish_break_level,-0.419434,1-2
NEAR/USDT,2026-06-04 00:10:00+00:00,2.848,2.837,SessionHigh,SessionHigh,0.681603,0.01185714,1,bearish_break_level,-0.351124,1-2
NEAR/USDT,2026-06-04 00:30:00+00:00,2.824,2.781,SessionLow,PDC,0.720957,0.01728571,3,bearish_break_level,-0.743626,3-5
NEAR/USDT,2026-06-04 01:10:00+00:00,2.785,2.766,SessionLow,SessionLow,0.708099,0.02428571,3,bearish_break_level,-3.518851,3-5
NEAR/USDT,2026-06-04 02:40:00+00:00,2.768,2.75416,Round_5bp,PDL,0.748731,0.03178571,28,bearish_break_level,-5.455202,21-40
NEAR/USDT,2026-06-04 03:40:00+00:00,2.785,2.771075,Round_5bp,PDL,0.776952,0.03242857,16,bearish_break_level,-6.032316,11-20
NEAR/USDT,2026-06-04 05:30:00+00:00,2.561,2.536,SessionLow,Round_5bp,0.730104,0.02371429,15,bearish_break_level,-1.99141,11-20
NEAR/USDT,2026-06-04 06:15:00+00:00,2.561,2.53539,Round_10bp,Round_5bp,0.70336,0.02064286,6,bearish_break_level,-1.99141,6-10
NEAR/USDT,2026-06-04 06:50:00+00:00,2.525,2.51,SessionLow,SessionLow,0.721534,0.02,2,bearish_break_level,-2.772277,1-2
NEAR/USDT,2026-06-04 09:10:00+00:00,2.339,2.298,WeeklyOpen,Round_5bp,0.726061,0.02071429,2,bearish_break_level,-0.555793,1-2
NEAR/USDT,2026-06-04 15:10:00+00:00,2.439,2.426805,Round_5bp,Round_5bp,0.742223,0.01464286,1,bearish_break_level,-0.574006,1-2
NEAR/USDT,2026-06-04 19:45:00+00:00,2.363,2.351185,Round_5bp,Round_10bp,0.717024,0.00735714,15,bearish_break_level,-2.79306,11-20
NEAR/USDT,2026-06-05 00:10:00+00:00,2.229,2.216,SessionHigh,SessionHigh,0.720408,0.01771429,1,bearish_break_level,-0.98699,1-2
NEAR/USDT,2026-06-05 00:20:00+00:00,2.235,2.206,SessionLow,SessionHigh,0.716041,0.01478571,4,bearish_break_level,0.939597,3-5
NEAR/USDT,2026-06-05 00:25:00+00:00,2.27,2.235,SessionHigh,SessionHigh,0.721822,0.01642857,3,bearish_break_level,-0.61674,3-5
NEAR/USDT,2026-06-05 00:30:00+00:00,2.275,2.27,SessionHigh,SessionHigh,0.730768,0.01607143,2,bearish_break_level,-0.835165,1-2
NEAR/USDT,2026-06-05 01:10:00+00:00,2.254,2.24273,Round_5bp,SessionLow,0.6843,0.01442857,13,bearish_break_level,-2.484472,11-20
NEAR/USDT,2026-06-05 02:30:00+00:00,2.206,2.197,PDC,SessionLow,0.684849,0.01392857,2,bearish_break_level,-2.130553,1-2
NEAR/USDT,2026-06-05 06:50:00+00:00,2.095,2.084525,Round_5bp,SessionLow,0.720639,0.02971429,3,bearish_break_level,-2.4821,3-5
NEAR/USDT,2026-06-05 08:30:00+00:00,2.07,2.05965,Round_5bp,Round_5bp,0.758295,0.02057143,1,bearish_break_level,-0.57971,1-2
NEAR/USDT,2026-06-05 12:20:00+00:00,2.053,2.042735,Round_5bp,Round_5bp,0.723071,0.01307143,12,bearish_break_level,0.243546,11-20
NEAR/USDT,2026-06-05 13:10:00+00:00,2.07,2.05965,Round_5bp,Round_5bp,0.739771,0.01385714,2,bearish_break_level,-0.57971,1-2
NEAR/USDT,2026-06-05 15:40:00+00:00,1.933,1.91,SessionLow,Round_10bp,0.7459,0.01885714,1,bearish_break_level,-0.931195,1-2
NEAR/USDT,2026-06-05 17:35:00+00:00,1.964,1.95418,Round_5bp,Round_5bp,0.711065,0.01921429,14,bearish_break_level,-2.494908,11-20
NEAR/USDT,2026-06-05 18:05:00+00:00,1.972,1.96214,Round_5bp,Round_5bp,0.72199,0.01692857,8,bearish_break_level,-2.890467,6-10
NEAR/USDT,2026-06-05 19:50:00+00:00,1.973,1.963135,Round_5bp,Round_5bp,0.735343,0.02057143,24,bearish_break_level,2.432843,21-40
NEAR/USDT,2026-06-05 22:40:00+00:00,1.996,1.98602,Round_5bp,Round_10bp,0.738767,0.01342857,10,bearish_break_level,-2.755511,6-10
NEAR/USDT,2026-06-06 01:25:00+00:00,1.98,1.957,SessionLow,PDC,0.723296,0.00857143,29,bearish_break_level,-1.616162,21-40
NEAR/USDT,2026-06-06 02:50:00+00:00,1.995,1.985025,Round_5bp,PDC,0.754138,0.00914286,12,bearish_break_level,-2.35589,11-20
NEAR/USDT,2026-06-06 04:45:00+00:00,1.85,1.836,SessionLow,Round_5bp,0.715206,0.01585714,2,bearish_break_level,0.756757,1-2
NEAR/USDT,2026-06-06 06:10:00+00:00,1.961,1.951195,Round_5bp,Round_5bp,0.727717,0.01864286,10,bearish_break_level,-1.835798,6-10
NEAR/USDT,2026-06-06 06:20:00+00:00,1.968,1.96,PDC,Round_5bp,0.746426,0.01585714,8,bearish_break_level,-2.184959,6-10
NEAR/USDT,2026-06-06 11:20:00+00:00,1.895,1.885525,Round_5bp,Round_5bp,0.729083,0.00685714,4,bearish_break_level,0.369393,3-5
NEAR/USDT,2026-06-06 14:10:00+00:00,1.887,1.877565,Round_5bp,Round_5bp,0.742968,0.00521429,10,bearish_break_level,-2.490726,6-10
NEAR/USDT,2026-06-06 15:40:00+00:00,1.895,1.885525,Round_5bp,Round_5bp,0.727771,0.00828571,47,bearish_break_level,-1.635884,41-60
NEAR/USDT,2026-06-06 15:55:00+00:00,1.895,1.885525,Round_5bp,Round_5bp,0.718206,0.00742857,44,bearish_break_level,-1.635884,41-60
NEAR/USDT,2026-06-06 16:45:00+00:00,1.903,1.893485,Round_5bp,Round_5bp,0.742879,0.0095,34,bearish_break_level,-2.049396,21-40
NEAR/USDT,2026-06-06 17:00:00+00:00,1.887,1.877565,Round_5bp,Round_5bp,0.749656,0.01121429,31,bearish_break_level,-1.218866,21-40
NEAR/USDT,2026-06-07 00:30:00+00:00,1.881,1.857,SessionLow,SessionHigh,0.720841,0.00507143,12,bearish_break_level,1.541733,11-20
NEAR/USDT,2026-06-07 01:05:00+00:00,1.915,1.901,SessionHigh,SessionHigh,0.730801,0.00635714,5,bearish_break_level,-0.261097,3-5
NEAR/USDT,2026-06-07 01:45:00+00:00,1.941,1.918,SessionHigh,SessionHigh,0.78694,0.00664286,6,bearish_break_level,-0.15456,6-10
NEAR/USDT,2026-06-07 03:45:00+00:00,1.835,1.82,SessionLow,Round_5bp,0.710049,0.011,12,bearish_break_level,2.016349,11-20
NEAR/USDT,2026-06-07 03:50:00+00:00,1.842,1.836,PDL,Round_5bp,0.707034,0.0115,11,bearish_break_level,1.628664,11-20
NEAR/USDT,2026-06-07 03:55:00+00:00,1.85,1.84075,Round_5bp,Round_5bp,0.704487,0.0115,10,bearish_break_level,1.189189,6-10
NEAR/USDT,2026-06-07 04:15:00+00:00,1.869,1.859655,Round_5bp,Round_5bp,0.707645,0.0095,6,bearish_break_level,0.160514,6-10
NEAR/USDT,2026-06-07 05:10:00+00:00,1.879,1.869605,Round_5bp,Round_5bp,0.726404,0.00492857,20,bearish_break_level,2.448111,11-20
NEAR/USDT,2026-06-07 05:50:00+00:00,1.903,1.893485,Round_5bp,Round_5bp,0.747464,0.00657143,12,bearish_break_level,1.156069,11-20
NEAR/USDT,2026-06-07 13:25:00+00:00,1.903,1.893485,Round_5bp,Round_5bp,0.735397,0.00442857,4,bearish_break_level,0.36784,3-5
NEAR/USDT,2026-06-07 14:15:00+00:00,1.938,1.91862,Round_10bp,SessionHigh,0.728323,0.00792857,5,bearish_break_level,1.341589,3-5
NEAR/USDT,2026-06-07 14:30:00+00:00,1.984,1.963,SessionHigh,SessionHigh,0.733797,0.01085714,2,bearish_break_level,-1.008065,1-2
NEAR/USDT,2026-06-07 15:25:00+00:00,2.047,2.033,SessionHigh,SessionHigh,0.722314,0.01214286,15,bearish_break_level,-0.097704,11-20
NEAR/USDT,2026-06-07 16:30:00+00:00,2.095,2.083,SessionHigh,SessionHigh,0.757687,0.01207143,2,bearish_break_level,-2.386635,1-2
NEAR/USDT,2026-06-07 17:00:00+00:00,2.045,2.034775,Round_5bp,Round_5bp,0.722966,0.01285714,4,bearish_break_level,0.635697,3-5
NEAR/USDT,2026-06-07 17:40:00+00:00,2.045,2.034775,Round_5bp,Round_5bp,0.711786,0.01057143,56,bearish_break_level,0.635697,41-60
NEAR/USDT,2026-06-07 18:20:00+00:00,2.045,2.034775,Round_5bp,Round_5bp,0.72537,0.01035714,48,bearish_break_level,0.635697,41-60
NEAR/USDT,2026-06-07 18:30:00+00:00,2.069,2.058655,Round_5bp,Round_5bp,0.662592,0.01121429,46,bearish_break_level,-0.531658,41-60
NEAR/USDT,2026-06-07 19:25:00+00:00,1.98,1.9701,Round_5bp,Round_5bp,0.71625,0.01007143,35,bearish_break_level,3.939394,21-40
NEAR/USDT,2026-06-07 19:45:00+00:00,1.972,1.96214,Round_5bp,Round_5bp,0.666793,0.00821429,31,bearish_break_level,4.361055,21-40
NEAR/USDT,2026-06-08 00:35:00+00:00,2.083,2.07,SessionHigh,SessionHigh,0.736672,0.00542857,2,bearish_break_level,0.0,1-2
NEAR/USDT,2026-06-08 01:35:00+00:00,2.045,2.021,SessionLow,SessionHigh,0.764082,0.01271429,11,bearish_break_level,1.662592,11-20
NEAR/USDT,2026-06-08 02:10:00+00:00,2.07,2.05965,Round_5bp,SessionHigh,0.667043,0.00857143,4,bearish_break_level,0.434783,3-5
NEAR/USDT,2026-06-08 02:20:00+00:00,2.095,2.084525,Round_5bp,SessionHigh,0.726649,0.00878571,2,bearish_break_level,-0.763723,1-2
NEAR/USDT,2026-06-08 02:25:00+00:00,2.103,2.095,PDH,SessionHigh,0.689504,0.0085,1,bearish_break_level,-1.141227,1-2
NEAR/USDT,2026-06-08 03:05:00+00:00,2.095,2.084525,Round_5bp,SessionHigh,0.781319,0.009,2,bearish_break_level,-0.572792,1-2
NEAR/USDT,2026-06-08 03:10:00+00:00,2.107,2.095,PDH,SessionHigh,0.72544,0.01007143,1,bearish_break_level,-1.13906,1-2
NEAR/USDT,2026-06-08 05:50:00+00:00,2.033,2.01,SessionLow,SessionHigh,0.761048,0.01007143,6,bearish_break_level,3.738318,6-10
NEAR/USDT,2026-06-08 06:15:00+00:00,2.122,2.108,SessionHigh,SessionHigh,0.681868,0.01464286,1,bearish_break_level,-0.61263,1-2
NEAR/USDT,2026-06-08 07:35:00+00:00,2.184,2.17308,Round_5bp,Round_5bp,0.739408,0.01378571,12,bearish_break_level,-2.289377,11-20
NEAR/USDT,2026-06-08 08:05:00+00:00,2.145,2.134275,Round_5bp,Round_5bp,0.749726,0.01357143,6,bearish_break_level,-0.512821,6-10
NEAR/USDT,2026-06-08 12:55:00+00:00,2.196,2.17404,Round_10bp,SessionHigh,0.749861,0.01335714,3,bearish_break_level,-1.639344,3-5
NEAR/USDT,2026-06-08 14:25:00+00:00,2.145,2.134275,Round_5bp,SessionHigh,0.716722,0.0075,11,bearish_break_level,1.864802,11-20
NEAR/USDT,2026-06-08 15:10:00+00:00,2.194,2.18303,Round_5bp,SessionHigh,0.703601,0.0055,2,bearish_break_level,-0.41021,1-2
NEAR/USDT,2026-06-08 15:40:00+00:00,2.194,2.18303,Round_5bp,SessionHigh,0.674707,0.00928571,3,bearish_break_level,0.77484,3-5
NEAR/USDT,2026-06-08 17:20:00+00:00,2.185,2.174075,Round_5bp,Round_5bp,0.725812,0.01028571,2,bearish_break_level,0.594966,1-2
NEAR/USDT,2026-06-09 00:15:00+00:00,2.132,2.118,SessionLow,SessionLow,0.701149,0.00292857,3,bearish_break_level,-2.298311,3-5
NEAR/USDT,2026-06-09 00:45:00+00:00,2.094,2.08353,Round_5bp,Round_5bp,0.719274,0.01078571,21,bearish_break_level,-1.719198,21-40
NEAR/USDT,2026-06-09 03:05:00+00:00,2.07,2.045,WeeklyOpen,Round_5bp,0.75071,0.00642857,1,bearish_break_level,-0.57971,1-2
NEAR/USDT,2026-06-09 04:35:00+00:00,2.094,2.08353,Round_5bp,Round_5bp,0.785882,0.0035,1,bearish_break_level,-0.52531,1-2
NEAR/USDT,2026-06-09 05:35:00+00:00,2.172,2.145,PDC,SessionHigh,0.707199,0.01064286,5,bearish_break_level,0.0,3-5
NEAR/USDT,2026-06-09 05:50:00+00:00,2.185,2.172,SessionHigh,SessionHigh,0.780568,0.00814286,2,bearish_break_level,-0.594966,1-2
NEAR/USDT,2026-06-09 06:05:00+00:00,2.184,2.17308,Round_5bp,SessionHigh,0.730227,0.00907143,2,bearish_break_level,-1.144689,1-2
NEAR/USDT,2026-06-09 06:20:00+00:00,2.172,2.16114,Round_5bp,SessionHigh,0.742292,0.01178571,13,bearish_break_level,0.0,11-20
NEAR/USDT,2026-06-09 07:05:00+00:00,2.192,2.17008,Round_10bp,SessionHigh,0.786604,0.00592857,4,bearish_break_level,-0.912409,3-5
NEAR/USDT,2026-06-09 09:05:00+00:00,2.184,2.16216,Round_10bp,PDC,0.738288,0.01035714,7,bearish_break_level,-2.289377,6-10
NEAR/USDT,2026-06-09 09:55:00+00:00,2.145,2.134275,Round_5bp,Round_5bp,0.747118,0.00764286,58,bearish_break_level,-2.890443,41-60
NEAR/USDT,2026-06-09 10:05:00+00:00,2.158,2.145,PDC,Round_5bp,0.756197,0.00707143,56,bearish_break_level,-3.47544,41-60
NEAR/USDT,2026-06-09 11:45:00+00:00,2.159,2.145,PDC,Round_5bp,0.741365,0.00635714,36,bearish_break_level,-3.520148,21-40
NEAR/USDT,2026-06-09 12:00:00+00:00,2.172,2.16114,Round_5bp,Round_5bp,0.766991,0.00457143,33,bearish_break_level,-4.097606,21-40
NEAR/USDT,2026-06-09 12:35:00+00:00,2.172,2.16114,Round_5bp,Round_5bp,0.763998,0.0055,26,bearish_break_level,-4.097606,21-40
NEAR/USDT,2026-06-09 13:00:00+00:00,2.171,2.145,PDC,Round_5bp,0.699557,0.00707143,21,bearish_break_level,-4.053432,21-40
NEAR/USDT,2026-06-09 13:05:00+00:00,2.184,2.17308,Round_5bp,Round_5bp,0.699417,0.00885714,20,bearish_break_level,-4.624542,11-20
NEAR/USDT,2026-06-09 13:30:00+00:00,2.158,2.145,PDC,Round_5bp,0.715739,0.01328571,15,bearish_break_level,-3.47544,11-20
NEAR/USDT,2026-06-09 13:55:00+00:00,2.185,2.174075,Round_5bp,Round_5bp,0.777069,0.01271429,10,bearish_break_level,-4.668192,6-10
NEAR/USDT,2026-06-09 14:50:00+00:00,2.095,2.084525,Round_5bp,Round_5bp,0.710238,0.01185714,7,bearish_break_level,-0.572792,6-10
NEAR/USDT,2026-06-09 15:40:00+00:00,2.07,2.05965,Round_5bp,Round_5bp,0.74518,0.01057143,4,bearish_break_level,-0.57971,3-5
NEAR/USDT,2026-06-09 16:05:00+00:00,2.07,2.05965,Round_5bp,Round_5bp,0.758062,0.01335714,1,bearish_break_level,-0.57971,1-2
NEAR/USDT,2026-06-09 16:15:00+00:00,2.07,2.05965,Round_5bp,SessionHigh,0.774467,0.01421429,41,bearish_break_level,5.410628,41-60
NEAR/USDT,2026-06-09 18:10:00+00:00,2.119,2.108405,Round_5bp,SessionHigh,0.683715,0.01278571,18,bearish_break_level,2.973101,11-20
NEAR/USDT,2026-06-09 21:00:00+00:00,2.238,2.22681,Round_5bp,SessionHigh,0.729856,0.01307143,3,bearish_break_level,0.0,3-5
NEAR/USDT,2026-06-10 00:20:00+00:00,2.15,2.143,SessionLow,SessionHigh,0.704674,0.00407143,15,bearish_break_level,1.627907,11-20
NEAR/USDT,2026-06-10 00:45:00+00:00,2.133,2.12,SessionLow,SessionHigh,0.73199,0.00592857,10,bearish_break_level,2.437881,6-10
NEAR/USDT,2026-06-10 00:50:00+00:00,2.145,2.134275,Round_5bp,SessionHigh,0.744945,0.00557143,9,bearish_break_level,1.864802,6-10
NEAR/USDT,2026-06-10 01:15:00+00:00,2.172,2.159,PDC,SessionHigh,0.731112,0.0075,4,bearish_break_level,0.598527,3-5
NEAR/USDT,2026-06-10 01:30:00+00:00,2.195,2.177,SessionHigh,SessionHigh,0.716049,0.0075,1,bearish_break_level,-0.455581,1-2
NEAR/USDT,2026-06-10 03:25:00+00:00,2.172,2.159,PDC,PDC,0.686087,0.00578571,5,bearish_break_level,-1.197053,3-5
NEAR/USDT,2026-06-10 07:15:00+00:00,2.07,2.05965,Round_5bp,Round_5bp,0.726674,0.013,11,bearish_break_level,-0.531401,11-20
NEAR/USDT,2026-06-10 07:35:00+00:00,2.106,2.08494,Round_10bp,Round_5bp,0.763545,0.01278571,7,bearish_break_level,-2.231719,6-10
NEAR/USDT,2026-06-10 08:30:00+00:00,2.095,2.084525,Round_5bp,Round_5bp,0.72397,0.00835714,1,bearish_break_level,-0.572792,1-2
NEAR/USDT,2026-06-10 09:35:00+00:00,2.095,2.084525,Round_5bp,Round_5bp,0.747824,0.00792857,1,bearish_break_level,-0.572792,1-2
NEAR/USDT,2026-06-10 11:40:00+00:00,2.045,2.034775,Round_5bp,PDL,0.719282,0.00435714,3,bearish_break_level,-0.586797,3-5
NEAR/USDT,2026-06-10 13:30:00+00:00,2.13,2.1087,Round_10bp,Round_5bp,0.717108,0.014,6,bearish_break_level,-0.422535,6-10
NEAR/USDT,2026-06-10 17:00:00+00:00,2.07,2.05965,Round_5bp,Round_5bp,0.758707,0.00814286,4,bearish_break_level,-0.57971,3-5
NEAR/USDT,2026-06-10 19:30:00+00:00,2.033,2.01267,Round_10bp,Round_5bp,0.715829,0.00664286,3,bearish_break_level,-0.590261,3-5
NEAR/USDT,2026-06-10 21:00:00+00:00,1.983,1.98,SessionLow,SessionLow,0.72733,0.00771429,2,bearish_break_level,-2.269289,1-2
NEAR/USDT,2026-06-10 21:55:00+00:00,1.961,1.951195,Round_5bp,PDC,0.73128,0.0095,35,bearish_break_level,0.509944,21-40
NEAR/USDT,2026-06-10 22:25:00+00:00,1.971,1.95129,Round_10bp,PDC,0.753943,0.00678571,29,bearish_break_level,0.0,21-40
NEAR/USDT,2026-06-10 23:20:00+00:00,1.971,1.961145,Round_5bp,PDC,0.743335,0.00678571,18,bearish_break_level,0.0,11-20
NEAR/USDT,2026-06-10 23:25:00+00:00,1.979,1.969105,Round_5bp,PDC,0.691829,0.00657143,17,bearish_break_level,-0.404245,11-20
NEAR/USDT,2026-06-11 00:15:00+00:00,1.996,1.985,SessionHigh,PDC,0.771061,0.00485714,7,bearish_break_level,-1.252505,6-10
NEAR/USDT,2026-06-11 01:00:00+00:00,1.995,1.971,SessionLow,SessionHigh,0.72013,0.00607143,9,bearish_break_level,0.150376,6-10
NEAR/USDT,2026-06-11 06:00:00+00:00,2.054,2.045,WeeklyOpen,SessionHigh,0.757918,0.00714286,10,bearish_break_level,0.0,6-10
NEAR/USDT,2026-06-11 06:10:00+00:00,2.07,2.05965,Round_5bp,SessionHigh,0.713182,0.00707143,8,bearish_break_level,-0.772947,6-10
NEAR/USDT,2026-06-11 08:20:00+00:00,2.058,2.045,WeeklyOpen,WeeklyOpen,0.772968,0.00614286,7,bearish_break_level,-1.214772,6-10
NEAR/USDT,2026-06-11 13:45:00+00:00,2.033,2.01267,Round_10bp,Round_5bp,0.701528,0.01035714,2,bearish_break_level,-0.590261,1-2
NEAR/USDT,2026-06-11 17:05:00+00:00,1.988,1.979,PDC,SessionHigh,0.750675,0.00607143,15,bearish_break_level,3.722334,11-20
NEAR/USDT,2026-06-11 18:10:00+00:00,2.045,2.034775,Round_5bp,SessionHigh,0.723303,0.01571429,2,bearish_break_level,0.831296,1-2
NEAR/USDT,2026-06-11 18:15:00+00:00,2.077,2.045,WeeklyOpen,SessionHigh,0.746547,0.01742857,1,bearish_break_level,-0.722195,1-2
NEAR/USDT,2026-06-12 00:05:00+00:00,2.077,2.062,PDC,SessionHigh,0.734879,0.00442857,2,bearish_break_level,-0.722195,1-2
NEAR/USDT,2026-06-12 00:50:00+00:00,2.069,2.062,PDC,WeeklyOpen,0.733491,0.00485714,5,bearish_break_level,-1.546641,3-5
NEAR/USDT,2026-06-12 02:05:00+00:00,2.07,2.062,PDC,SessionHigh,0.747133,0.00521429,6,bearish_break_level,1.207729,6-10
NEAR/USDT,2026-06-12 02:30:00+00:00,2.102,2.095,SessionHigh,SessionHigh,0.728658,0.00464286,1,bearish_break_level,-0.333016,1-2
NEAR/USDT,2026-06-12 02:50:00+00:00,2.107,2.103,SessionHigh,SessionHigh,0.739052,0.00607143,1,bearish_break_level,-0.949217,1-2
NEAR/USDT,2026-06-12 04:25:00+00:00,2.095,2.084525,Round_5bp,Round_5bp,0.731955,0.00985714,14,bearish_break_level,-1.76611,11-20
NEAR/USDT,2026-06-12 06:30:00+00:00,2.036,2.033,SessionLow,PDC,0.75185,0.0055,3,bearish_break_level,1.031434,3-5
NEAR/USDT,2026-06-12 08:25:00+00:00,2.12,2.111,PDH,SessionHigh,0.787408,0.00742857,3,bearish_break_level,-0.04717,3-5
NEAR/USDT,2026-06-12 10:15:00+00:00,2.147,2.136265,Round_5bp,SessionHigh,0.732367,0.0065,1,bearish_break_level,-1.304145,1-2
NEAR/USDT,2026-06-12 10:30:00+00:00,2.095,2.084525,Round_5bp,PDH,0.73575,0.00928571,9,bearish_break_level,0.381862,6-10
NEAR/USDT,2026-06-12 12:30:00+00:00,2.118,2.10741,Round_5bp,PDH,0.715168,0.00407143,4,bearish_break_level,-0.708215,3-5
NEAR/USDT,2026-06-12 13:05:00+00:00,2.102,2.09149,Round_5bp,PDC,0.701892,0.008,20,bearish_break_level,-2.093245,11-20
NEAR/USDT,2026-06-12 14:00:00+00:00,2.072,2.05128,Round_10bp,PDC,0.772729,0.00835714,9,bearish_break_level,-0.675676,6-10
NEAR/USDT,2026-06-12 18:10:00+00:00,2.051,2.045,WeeklyOpen,Round_10bp,0.710672,0.00192857,1,bearish_break_level,-1.072647,1-2
NEAR/USDT,2026-06-12 20:00:00+00:00,2.012,2.005,SessionLow,Round_10bp,0.735018,0.004,9,bearish_break_level,-1.043738,6-10
NEAR/USDT,2026-06-13 01:20:00+00:00,2.012,2.009,PDC,SessionHigh,0.77469,0.00021429,4,bearish_break_level,-0.347913,3-5
NEAR/USDT,2026-06-13 01:55:00+00:00,2.02,2.005,SessionLow,SessionHigh,0.699111,0.00178571,16,bearish_break_level,0.049505,11-20
NEAR/USDT,2026-06-13 04:10:00+00:00,2.011,2.004,SessionLow,SessionLow,0.745337,0.00357143,11,bearish_break_level,-0.745898,11-20
NEAR/USDT,2026-06-13 04:30:00+00:00,2.012,2.009,PDC,SessionLow,0.781315,0.00214286,7,bearish_break_level,-0.795229,6-10
NEAR/USDT,2026-06-13 06:25:00+00:00,2.004,1.996,SessionLow,SessionHigh,0.762287,0.00057143,7,bearish_break_level,0.399202,6-10
NEAR/USDT,2026-06-13 06:45:00+00:00,2.021,2.009,PDC,SessionHigh,0.769778,0.00178571,3,bearish_break_level,-0.445324,3-5
NEAR/USDT,2026-06-13 07:10:00+00:00,2.021,2.009,PDC,SessionHigh,0.73619,0.00464286,4,bearish_break_level,1.187531,3-5
NEAR/USDT,2026-06-13 07:25:00+00:00,2.054,2.029,SessionHigh,SessionHigh,0.749897,0.007,1,bearish_break_level,-0.438169,1-2
NEAR/USDT,2026-06-13 12:10:00+00:00,2.052,2.045,WeeklyOpen,SessionHigh,0.727463,0.00335714,10,bearish_break_level,0.097466,6-10
NEAR/USDT,2026-06-13 12:20:00+00:00,2.058,2.054,SessionHigh,SessionHigh,0.767444,0.00335714,8,bearish_break_level,-0.194363,6-10
NEAR/USDT,2026-06-13 14:05:00+00:00,2.072,2.06164,Round_5bp,SessionHigh,0.683109,0.00528571,1,bearish_break_level,-0.482625,1-2
NEAR/USDT,2026-06-13 15:00:00+00:00,2.078,2.072,SessionHigh,SessionHigh,0.73133,0.00614286,6,bearish_break_level,2.358037,6-10
NEAR/USDT,2026-06-13 15:25:00+00:00,2.136,2.119,SessionHigh,SessionHigh,0.725923,0.009,1,bearish_break_level,-0.421348,1-2
NEAR/USDT,2026-06-13 15:50:00+00:00,2.171,2.153,SessionHigh,SessionHigh,0.757442,0.01364286,2,bearish_break_level,-2.210963,1-2
NEAR/USDT,2026-06-13 17:30:00+00:00,2.145,2.134275,Round_5bp,Round_5bp,0.785984,0.01157143,34,bearish_break_level,-2.237762,21-40
NEAR/USDT,2026-06-13 21:25:00+00:00,2.106,2.08494,Round_10bp,Round_5bp,0.717867,0.00592857,5,bearish_break_level,0.997151,3-5
NEAR/USDT,2026-06-14 00:55:00+00:00,2.126,2.119,SessionLow,PDC,0.712673,0.00242857,1,bearish_break_level,-0.56444,1-2
NEAR/USDT,2026-06-14 01:10:00+00:00,2.127,2.114,SessionLow,SessionHigh,0.697137,0.00342857,8,bearish_break_level,1.598496,6-10
NEAR/USDT,2026-06-14 01:15:00+00:00,2.132,2.127,PDC,SessionHigh,0.737247,0.00378571,7,bearish_break_level,1.360225,6-10
NEAR/USDT,2026-06-14 01:20:00+00:00,2.136,2.132,SessionHigh,SessionHigh,0.718849,0.00407143,6,bearish_break_level,1.170412,6-10
NEAR/USDT,2026-06-14 04:55:00+00:00,2.119,2.111,SessionLow,SessionLow,0.7491,0.00371429,6,bearish_break_level,-0.802265,6-10
NEAR/USDT,2026-06-14 05:35:00+00:00,2.111,2.102,SessionLow,SessionLow,0.738509,0.00392857,25,bearish_break_level,-0.852676,21-40
NEAR/USDT,2026-06-14 08:00:00+00:00,2.103,2.093,SessionLow,SessionLow,0.74288,0.00107143,16,bearish_break_level,-0.808369,11-20
NEAR/USDT,2026-06-14 09:25:00+00:00,2.095,2.086,SessionLow,PDC,0.727785,0.003,15,bearish_break_level,1.145585,11-20
NEAR/USDT,2026-06-14 09:30:00+00:00,2.106,2.09547,Round_5bp,PDC,0.720919,0.00378571,14,bearish_break_level,0.617284,11-20
NEAR/USDT,2026-06-14 14:40:00+00:00,2.07,2.062,SessionLow,,0.733729,0.0075,60,time_stop,1.400966,41-60
NEAR/USDT,2026-06-14 18:10:00+00:00,2.095,2.084525,Round_5bp,Round_5bp,0.724588,0.00342857,32,bearish_break_level,0.811456,21-40
NEIRO/USDT,2026-06-06 21:10:00+00:00,6.23e-05,5.505e-05,SessionLow,,0.98272,1.59e-06,60,time_stop,0.0,41-60
NEIRO/USDT,2026-06-09 04:15:00+00:00,6.836e-05,5.5e-05,SessionLow,,0.936341,9.5e-07,60,time_stop,0.0,41-60
NEO/USDT,2026-06-02 00:35:00+00:00,2.86,2.59,SessionLow,SessionHigh,0.982105,0.055,1,bearish_break_level,-0.699301,1-2
NEO/USDT,2026-06-02 14:10:00+00:00,2.62,2.58,SessionLow,,0.951269,0.005,60,time_stop,-4.580153,41-60
NEO/USDT,2026-06-03 00:15:00+00:00,2.58,2.5,PDL,SessionHigh,0.999568,0.00571429,1,bearish_break_level,-0.387597,1-2
NEO/USDT,2026-06-04 01:00:00+00:00,2.47,2.44,SessionLow,SessionLow,0.996134,0.02928571,12,bearish_break_level,-4.8583,11-20
NEO/USDT,2026-06-04 02:35:00+00:00,2.36,2.35,SessionLow,,0.852233,0.02142857,60,time_stop,1.694915,41-60
NEO/USDT,2026-06-05 00:15:00+00:00,2.46,2.35,PDC,SessionHigh,0.72102,0.00785714,2,bearish_break_level,-0.813008,1-2
NEO/USDT,2026-06-05 07:25:00+00:00,2.21,2.18,SessionLow,Round_10bp,0.881591,0.00785714,23,bearish_break_level,-0.904977,21-40
NEO/USDT,2026-06-06 00:15:00+00:00,2.11,2.09,PDL,SessionHigh,0.905177,0.00142857,46,bearish_break_level,-0.473934,41-60
NEO/USDT,2026-06-06 00:25:00+00:00,2.13,2.11,SessionHigh,SessionHigh,0.92283,0.00571429,44,bearish_break_level,-1.408451,41-60
NEO/USDT,2026-06-06 02:45:00+00:00,2.2,2.178,Round_10bp,SessionHigh,0.846235,0.00142857,16,bearish_break_level,-4.545455,11-20
NEO/USDT,2026-06-06 16:55:00+00:00,2.13,2.11935,Round_5bp,,0.999568,0.00071429,60,time_stop,0.0,41-60
NEO/USDT,2026-06-07 00:15:00+00:00,2.24,2.13,PDC,,0.999568,0.00785714,60,time_stop,0.0,41-60
NEO/USDT,2026-06-08 00:25:00+00:00,2.13,2.11,PDL,,0.999568,0.00857143,60,time_stop,0.0,41-60
NEO/USDT,2026-06-08 11:10:00+00:00,2.2,2.11,PDL,,0.995223,0.00785714,60,time_stop,0.0,41-60
NEO/USDT,2026-06-09 00:10:00+00:00,2.26,2.19,PDC,SessionHigh,0.872631,0.00571429,6,bearish_break_level,-0.442478,6-10
NEO/USDT,2026-06-09 00:55:00+00:00,2.26,2.2487,Round_5bp,SessionHigh,0.901366,0.00785714,1,bearish_break_level,-0.442478,1-2
NEO/USDT,2026-06-10 00:25:00+00:00,2.26,2.09,SessionLow,,0.978417,0.01642857,60,time_stop,0.0,41-60
NEO/USDT,2026-06-10 07:30:00+00:00,2.37,2.26,PDH,,0.999568,0.00785714,60,time_stop,0.0,41-60
NEO/USDT,2026-06-10 15:50:00+00:00,2.14,2.11,WeeklyOpen,,0.922891,0.01285714,60,time_stop,3.738318,41-60
NEO/USDT,2026-06-10 16:15:00+00:00,2.15,2.11,WeeklyOpen,,0.903279,0.01785714,60,time_stop,3.255814,41-60
NEO/USDT,2026-06-10 20:35:00+00:00,2.22,2.15,PDL,SessionHigh,0.834815,0.005,55,bearish_break_level,-5.855856,41-60
NEO/USDT,2026-06-11 00:25:00+00:00,2.24,2.22,PDC,SessionHigh,0.965942,0.00142857,9,bearish_break_level,-6.696429,6-10
NEO/USDT,2026-06-11 15:45:00+00:00,2.11,2.09,PDL,,0.999568,0.00142857,60,time_stop,14.691943,41-60
NEO/USDT,2026-06-11 20:05:00+00:00,2.42,2.11,WeeklyOpen,SessionHigh,0.863546,0.02214286,22,bearish_break_level,-11.157025,21-40
NEO/USDT,2026-06-12 00:20:00+00:00,2.26,2.18,PDC,SessionHigh,0.873388,0.00785714,2,bearish_break_level,-0.884956,1-2
NEO/USDT,2026-06-12 21:35:00+00:00,2.16,2.11,WeeklyOpen,SessionHigh,0.98882,0.01428571,33,bearish_break_level,3.240741,21-40
NEO/USDT,2026-06-13 00:10:00+00:00,2.24,2.16,PDC,SessionHigh,0.849673,0.00571429,2,bearish_break_level,-0.446429,1-2
NEO/USDT,2026-06-13 00:25:00+00:00,2.24,2.2288,Round_5bp,,0.907241,0.00714286,60,time_stop,0.0,41-60
NEO/USDT,2026-06-14 00:10:00+00:00,2.21,2.15,PDL,,0.879715,0.00857143,60,time_stop,0.0,41-60
OCEAN/USDT,2026-06-08 14:20:00+00:00,0.0863,0.0862,PDL,,0.999568,7.14e-06,60,time_stop,0.0,41-60
OCEAN/USDT,2026-06-10 02:35:00+00:00,0.1756,0.0863,PDH,,0.999568,0.00637857,60,time_stop,0.0,41-60
ONDO/USDT,2026-06-02 01:25:00+00:00,0.3572,0.3507,SessionLow,SessionLow,0.82762,0.00099286,8,bearish_break_level,-3.135498,6-10
ONDO/USDT,2026-06-02 02:30:00+00:00,0.3531,0.346,SessionLow,SessionHigh,0.765993,0.00177143,17,bearish_break_level,1.897479,11-20
ONDO/USDT,2026-06-02 03:50:00+00:00,0.3666,0.3608,SessionHigh,SessionHigh,0.758743,0.00097857,1,bearish_break_level,-1.854883,1-2
ONDO/USDT,2026-06-02 08:00:00+00:00,0.3569,0.3558,WeeklyOpen,SessionHigh,0.828372,9.286e-05,57,bearish_break_level,2.549734,41-60
ONDO/USDT,2026-06-02 17:50:00+00:00,0.3959,0.3942,SessionHigh,SessionHigh,0.803146,0.00368571,4,bearish_break_level,-2.096489,3-5
ONDO/USDT,2026-06-03 03:10:00+00:00,0.3858,0.3837,SessionLow,SessionHigh,0.711753,0.00022143,26,bearish_break_level,0.544323,21-40
ONDO/USDT,2026-06-03 03:50:00+00:00,0.384,0.3809,SessionLow,SessionHigh,0.698814,0.00077143,18,bearish_break_level,1.015625,11-20
ONDO/USDT,2026-06-03 06:00:00+00:00,0.4112,0.4097,SessionHigh,SessionHigh,0.724857,0.00300714,9,bearish_break_level,-0.340467,6-10
ONDO/USDT,2026-06-03 11:00:00+00:00,0.4225,0.42,SessionHigh,SessionHigh,0.735261,0.00087857,7,bearish_break_level,-0.284024,6-10
ONDO/USDT,2026-06-03 11:10:00+00:00,0.428,0.4225,SessionHigh,SessionHigh,0.735838,0.00127143,5,bearish_break_level,-1.565421,3-5
ONDO/USDT,2026-06-04 00:00:00+00:00,0.4234,0.4219,PDC,SessionHigh,0.8036,0.00184286,7,bearish_break_level,-3.117619,6-10
ONDO/USDT,2026-06-04 00:45:00+00:00,0.425,0.4102,SessionLow,SessionHigh,0.698637,0.00210714,4,bearish_break_level,-3.482353,3-5
ONDO/USDT,2026-06-04 10:00:00+00:00,0.3596,0.3539,SessionLow,,0.748844,0.00112857,60,time_stop,7.313682,41-60
ONDO/USDT,2026-06-04 15:00:00+00:00,0.3859,0.3809,PDL,,0.76026,0.00121429,60,time_stop,-1.632547,41-60
ONDO/USDT,2026-06-04 15:30:00+00:00,0.383,0.3809,PDL,,0.850559,0.00167857,60,time_stop,0.052219,41-60
ONDO/USDT,2026-06-04 20:15:00+00:00,0.3815,0.3795925,Round_5bp,Round_10bp,0.834445,0.0013,7,bearish_break_level,-0.498034,6-10
ONDO/USDT,2026-06-04 20:20:00+00:00,0.3832,0.381284,Round_5bp,Round_10bp,0.771188,0.00142143,6,bearish_break_level,-0.939457,6-10
ONDO/USDT,2026-06-04 23:00:00+00:00,0.3738,0.370062,Round_10bp,PDC,0.725924,0.00091429,20,bearish_break_level,-0.749064,11-20
ONDO/USDT,2026-06-05 01:15:00+00:00,0.3693,0.3633,SessionLow,PDC,0.767909,0.00117857,10,bearish_break_level,-1.516382,6-10
ONDO/USDT,2026-06-05 03:10:00+00:00,0.3632,0.3591,SessionLow,SessionLow,0.703956,0.00136429,34,bearish_break_level,-1.927313,21-40
ONDO/USDT,2026-06-05 04:00:00+00:00,0.3594,0.359,SessionLow,SessionLow,0.768185,0.00097143,24,bearish_break_level,-0.890373,21-40
ONDO/USDT,2026-06-05 04:10:00+00:00,0.3614,0.359593,Round_5bp,SessionLow,0.741782,0.00079286,22,bearish_break_level,-1.438849,21-40
ONDO/USDT,2026-06-05 04:25:00+00:00,0.365,0.36135,Round_10bp,SessionLow,0.708738,0.00088571,19,bearish_break_level,-2.410959,11-20
ONDO/USDT,2026-06-05 06:40:00+00:00,0.359,0.35,SessionLow,,0.735505,0.00171429,60,time_stop,-1.699164,41-60
ONDO/USDT,2026-06-05 09:20:00+00:00,0.3533,0.3515335,Round_5bp,,0.770685,0.00014286,60,time_stop,-1.61336,41-60
ONDO/USDT,2026-06-05 12:20:00+00:00,0.3541,0.348,SessionLow,SessionLow,0.778877,0.00078571,30,bearish_break_level,-2.146286,21-40
ONDO/USDT,2026-06-05 12:55:00+00:00,0.3548,0.3539,PDL,SessionLow,0.856873,0.00083571,23,bearish_break_level,-2.339346,21-40
ONDO/USDT,2026-06-05 19:35:00+00:00,0.3288,0.3217,SessionLow,SessionHigh,0.771,0.00231429,54,bearish_break_level,5.86983,41-60
ONDO/USDT,2026-06-06 00:10:00+00:00,0.3521,0.3481,SessionLow,SessionHigh,0.714123,0.00255,2,bearish_break_level,-1.590457,1-2
ONDO/USDT,2026-06-06 01:45:00+00:00,0.3395,0.3389,SessionLow,SessionLow,0.731893,0.0006,6,bearish_break_level,-1.649485,6-10
ONDO/USDT,2026-06-06 04:55:00+00:00,0.32,0.3177,SessionLow,,0.756056,0.00118571,60,time_stop,3.59375,41-60
ONDO/USDT,2026-06-06 05:20:00+00:00,0.3274,0.3138,SessionLow,,0.704182,0.00202143,60,time_stop,1.252291,41-60
ONDO/USDT,2026-06-06 13:40:00+00:00,0.3315,0.3217,PDL,,0.85769,0.00071429,60,time_stop,-0.81448,41-60
ONDO/USDT,2026-06-06 21:15:00+00:00,0.325,0.3217,PDL,SessionHigh,0.835095,0.00025,52,bearish_break_level,3.692308,41-60
ONDO/USDT,2026-06-06 21:45:00+00:00,0.3284,0.325116,Round_10bp,SessionHigh,0.751478,0.00049286,46,bearish_break_level,2.618758,41-60
ONDO/USDT,2026-06-07 01:00:00+00:00,0.3322,0.3295,PDC,SessionHigh,0.782916,0.00024286,7,bearish_break_level,1.444913,6-10
ONDO/USDT,2026-06-07 01:30:00+00:00,0.3377,0.3322,SessionHigh,SessionHigh,0.715447,0.00058571,1,bearish_break_level,-0.207285,1-2
ONDO/USDT,2026-06-07 05:45:00+00:00,0.341,0.339295,Round_5bp,SessionHigh,0.74633,0.00061429,8,bearish_break_level,1.788856,6-10
ONDO/USDT,2026-06-07 11:45:00+00:00,0.3489,0.3471555,Round_5bp,,0.776586,0.00065,60,time_stop,1.089137,41-60
ONDO/USDT,2026-06-07 22:45:00+00:00,0.3446,0.342877,Round_5bp,SessionHigh,0.8692,0.00175,38,bearish_break_level,2.292513,21-40
ONDO/USDT,2026-06-08 00:05:00+00:00,0.3483,0.3414,PDC,SessionHigh,0.791017,0.00072143,22,bearish_break_level,1.205857,21-40
ONDO/USDT,2026-06-08 00:50:00+00:00,0.3535,0.3483,SessionHigh,SessionHigh,0.797843,0.00109286,13,bearish_break_level,-0.282885,11-20
ONDO/USDT,2026-06-08 00:55:00+00:00,0.3548,0.3535,SessionHigh,SessionHigh,0.795332,0.00095714,12,bearish_break_level,-0.648253,11-20
ONDO/USDT,2026-06-08 06:25:00+00:00,0.3586,0.3563,SessionHigh,SessionHigh,0.740426,0.00132143,12,bearish_break_level,-1.812605,11-20
ONDO/USDT,2026-06-08 16:15:00+00:00,0.3785,0.3712,SessionHigh,SessionHigh,0.826357,0.00156429,7,bearish_break_level,-3.46103,6-10
ONDO/USDT,2026-06-09 00:05:00+00:00,0.3668,0.3637,PDC,SessionHigh,0.802265,0.00092857,1,bearish_break_level,-0.954198,1-2
ONDO/USDT,2026-06-09 03:10:00+00:00,0.3671,0.3558,MonthlyOpen,,0.74462,0.00080714,60,time_stop,2.506129,41-60
ONDO/USDT,2026-06-09 17:00:00+00:00,0.3558,0.3478,SessionLow,,0.823298,0.00143571,60,time_stop,3.204047,41-60
ONDO/USDT,2026-06-09 18:15:00+00:00,0.3608,0.3558,MonthlyOpen,,0.77975,0.00035714,60,time_stop,-2.134146,41-60
ONDO/USDT,2026-06-09 18:20:00+00:00,0.3623,0.3604885,Round_5bp,,0.771106,0.00046429,60,time_stop,-2.539332,41-60
ONDO/USDT,2026-06-10 13:40:00+00:00,0.3582,0.3414,WeeklyOpen,,0.851481,0.00120714,60,time_stop,-5.388051,41-60
ONDO/USDT,2026-06-10 16:20:00+00:00,0.3491,0.3478,PDL,SessionLow,0.841885,0.00097857,52,bearish_break_level,-4.812375,41-60
ONDO/USDT,2026-06-10 21:05:00+00:00,0.3333,0.3314,SessionLow,Round_10bp,0.857004,0.00070714,6,bearish_break_level,-1.320132,6-10
ONDO/USDT,2026-06-11 00:05:00+00:00,0.3347,0.3271,PDC,WeeklyOpen,0.765751,0.00137143,26,bearish_break_level,0.687183,21-40
ONDO/USDT,2026-06-11 01:05:00+00:00,0.3377,0.3347,SessionHigh,WeeklyOpen,0.754593,0.00076429,14,bearish_break_level,-0.207285,11-20
ONDO/USDT,2026-06-11 02:00:00+00:00,0.3412,0.3378,SessionHigh,WeeklyOpen,0.775813,0.00047143,3,bearish_break_level,-1.23095,3-5
ONDO/USDT,2026-06-11 03:55:00+00:00,0.3459,0.3202,SessionLow,,0.717699,0.00323571,60,time_stop,1.185314,41-60
ONDO/USDT,2026-06-11 06:30:00+00:00,0.35,0.3461,SessionHigh,,0.781427,0.00029286,60,time_stop,0.0,41-60
ONDO/USDT,2026-06-11 13:45:00+00:00,0.354,0.35,SessionHigh,SessionHigh,0.999568,0.00028571,15,bearish_break_level,-2.40113,11-20
ONDO/USDT,2026-06-11 13:50:00+00:00,0.3562,0.354,SessionHigh,SessionHigh,0.995932,0.00044286,14,bearish_break_level,-3.00393,11-20
ONDO/USDT,2026-06-11 19:55:00+00:00,0.3636,0.3588,SessionHigh,SessionHigh,0.71673,0.00034286,26,bearish_break_level,-0.550055,21-40
ONDO/USDT,2026-06-12 01:15:00+00:00,0.373,0.3616,PDC,SessionHigh,0.845151,0.00081429,13,bearish_break_level,-1.420912,11-20
ONDO/USDT,2026-06-12 06:25:00+00:00,0.3643,0.3567,SessionLow,,0.861718,0.00132857,60,time_stop,-1.262696,41-60
ONDO/USDT,2026-06-12 18:40:00+00:00,0.3679,0.3637,PDH,SessionLow,0.872161,0.00072857,58,bearish_break_level,-4.213101,41-60
ONDO/USDT,2026-06-13 02:25:00+00:00,0.3609,0.3524,PDL,,0.794187,0.00058571,60,time_stop,0.387919,41-60
ONDO/USDT,2026-06-13 07:25:00+00:00,0.3623,0.3609,SessionHigh,SessionHigh,0.971116,0.0001,47,bearish_break_level,-0.441623,41-60
ONDO/USDT,2026-06-13 12:50:00+00:00,0.373,0.3724,SessionHigh,SessionHigh,0.894789,0.00087857,2,bearish_break_level,-2.198391,1-2
ONDO/USDT,2026-06-13 12:55:00+00:00,0.3755,0.373,PDH,SessionHigh,0.881893,0.00105714,1,bearish_break_level,-2.849534,1-2
ONDO/USDT,2026-06-14 07:05:00+00:00,0.361,0.358,SessionLow,,0.952677,0.00021429,60,time_stop,-1.634349,41-60
ONDO/USDT,2026-06-14 09:20:00+00:00,0.3551,0.3533,SessionLow,SessionLow,0.863658,0.00012857,59,bearish_break_level,-1.999437,41-60
ONDO/USDT,2026-06-14 15:05:00+00:00,0.3562,0.3472,SessionLow,,0.85417,0.00094286,60,time_stop,-1.151039,41-60
ONE/USDT,2026-06-02 00:30:00+00:00,0.00198,0.00197,SessionLow,,0.885309,3.57e-06,60,time_stop,-1.515152,41-60
ONE/USDT,2026-06-02 13:40:00+00:00,0.00198,0.00194,SessionLow,SessionLow,0.97729,2.86e-06,12,bearish_break_level,-6.060606,11-20
ONE/USDT,2026-06-02 18:10:00+00:00,0.00187,0.0018513,Round_10bp,,0.842587,1.43e-06,60,time_stop,-3.208556,41-60
ONE/USDT,2026-06-02 22:45:00+00:00,0.00183,0.0018,SessionLow,,0.874053,2.14e-06,60,time_stop,-2.73224,41-60
ONE/USDT,2026-06-02 23:45:00+00:00,0.00178,0.00177,SessionLow,,0.831407,7.86e-06,60,time_stop,0.561798,41-60
ONE/USDT,2026-06-03 04:25:00+00:00,0.00179,0.00178,PDC,,0.910573,1.43e-06,60,time_stop,3.910615,41-60
ONE/USDT,2026-06-03 05:00:00+00:00,0.00181,0.00179,SessionHigh,,0.920856,2.86e-06,60,time_stop,2.762431,41-60
ONE/USDT,2026-06-03 08:15:00+00:00,0.00186,0.00181,SessionHigh,SessionHigh,0.898148,3.57e-06,25,bearish_break_level,-0.537634,21-40
ONE/USDT,2026-06-04 01:35:00+00:00,0.00173,0.00171,SessionLow,SessionLow,0.957368,1.143e-05,5,bearish_break_level,-5.780347,3-5
ONE/USDT,2026-06-04 02:05:00+00:00,0.00165,0.00163,SessionLow,,0.931823,2e-05,60,time_stop,3.030303,41-60
ONE/USDT,2026-06-04 09:45:00+00:00,0.00164,0.00163,SessionLow,,0.886231,5.71e-06,60,time_stop,3.658537,41-60
ONE/USDT,2026-06-05 01:45:00+00:00,0.00167,0.00165,PDC,SessionHigh,0.885562,1.43e-06,15,bearish_break_level,-3.592814,11-20
ONE/USDT,2026-06-05 04:25:00+00:00,0.00162,0.0016,SessionLow,PDL,0.819435,1.43e-06,16,bearish_break_level,-1.234568,11-20
ONE/USDT,2026-06-05 06:50:00+00:00,0.00155,0.00154,SessionLow,,0.857001,7.14e-06,60,time_stop,0.0,41-60
ONE/USDT,2026-06-05 09:35:00+00:00,0.00155,0.00154,SessionLow,,0.81378,1.43e-06,60,time_stop,0.0,41-60
ONE/USDT,2026-06-05 16:20:00+00:00,0.00152,0.00148,SessionLow,SessionLow,0.934056,7.86e-06,32,bearish_break_level,-3.947368,21-40
ONE/USDT,2026-06-05 19:40:00+00:00,0.00147,0.00146,SessionLow,,0.79867,5e-06,60,time_stop,4.761905,41-60
ONE/USDT,2026-06-06 00:10:00+00:00,0.00154,0.00151,PDC,SessionHigh,0.798598,1e-05,8,bearish_break_level,-0.649351,6-10
ONE/USDT,2026-06-06 06:00:00+00:00,0.00147,0.00142,SessionLow,,0.782092,3.57e-06,60,time_stop,2.721088,41-60
ONE/USDT,2026-06-07 00:30:00+00:00,0.00152,0.00151,PDC,,0.999568,7.1e-07,60,time_stop,1.973684,41-60
ONE/USDT,2026-06-07 01:05:00+00:00,0.00153,0.00152,SessionHigh,,0.966212,1.43e-06,60,time_stop,1.30719,41-60
ONE/USDT,2026-06-07 19:35:00+00:00,0.0015,0.00149,SessionLow,,0.824609,4.29e-06,60,time_stop,3.333333,41-60
ONE/USDT,2026-06-07 22:10:00+00:00,0.00155,0.00149,SessionLow,,0.841095,6.43e-06,60,time_stop,0.0,41-60
ONE/USDT,2026-06-08 11:10:00+00:00,0.00155,0.00152,SessionLow,SessionHigh,0.891294,2.14e-06,34,bearish_break_level,-0.645161,21-40
ONE/USDT,2026-06-08 13:55:00+00:00,0.00156,0.00155,PDH,SessionHigh,0.874669,7.1e-07,1,bearish_break_level,-1.282051,1-2
ONE/USDT,2026-06-09 17:20:00+00:00,0.00146,0.00144,SessionLow,,0.917548,1.43e-06,60,time_stop,0.684932,41-60
ONE/USDT,2026-06-10 01:35:00+00:00,0.00146,0.00145,PDC,SessionHigh,0.949136,7.1e-07,25,bearish_break_level,-1.369863,21-40
ONE/USDT,2026-06-10 06:05:00+00:00,0.00145,0.00144,PDL,,0.89419,7.1e-07,60,time_stop,0.0,41-60
ONE/USDT,2026-06-10 13:20:00+00:00,0.00146,0.00145,PDC,SessionHigh,0.999568,7.1e-07,29,bearish_break_level,0.0,21-40
ONE/USDT,2026-06-10 22:45:00+00:00,0.00145,0.00143,SessionLow,,0.950772,1.43e-06,60,time_stop,2.068966,41-60
ONE/USDT,2026-06-11 00:55:00+00:00,0.00148,0.00145,PDC,,0.851164,2.14e-06,60,time_stop,0.0,41-60
ONE/USDT,2026-06-11 06:05:00+00:00,0.0015,0.00148,SessionHigh,SessionHigh,0.987614,1.43e-06,2,bearish_break_level,-1.333333,1-2
ONE/USDT,2026-06-11 18:35:00+00:00,0.00152,0.00147,PDH,SessionHigh,0.825955,3.57e-06,50,bearish_break_level,-1.315789,41-60
ONE/USDT,2026-06-12 00:45:00+00:00,0.00151,0.0015,PDC,SessionHigh,0.930653,7.1e-07,14,bearish_break_level,-1.986755,11-20
ONE/USDT,2026-06-12 04:50:00+00:00,0.0015,0.00148,SessionLow,PDC,0.825568,1.43e-06,54,bearish_break_level,-0.666667,41-60
ONE/USDT,2026-06-12 18:25:00+00:00,0.0015,0.00148,SessionLow,PDC,0.910079,1.43e-06,11,bearish_break_level,-0.666667,11-20
ONE/USDT,2026-06-13 06:10:00+00:00,0.00149,0.00147,SessionLow,,0.978026,2.86e-06,60,time_stop,0.671141,41-60
ONE/USDT,2026-06-13 09:20:00+00:00,0.0015,0.00149,PDC,,0.871088,7.1e-07,60,time_stop,0.0,41-60
ONE/USDT,2026-06-14 00:55:00+00:00,0.0015,0.00149,PDC,PDH,0.999568,7.1e-07,22,bearish_break_level,-0.666667,21-40
ONE/USDT,2026-06-14 13:35:00+00:00,0.0015,0.00148,SessionLow,PDH,0.972075,2.14e-06,22,bearish_break_level,-0.666667,21-40
ONT/USDT,2026-06-02 09:30:00+00:00,0.05219,0.05078,PDL,SessionHigh,0.999568,9.786e-05,11,bearish_break_level,-0.977199,11-20
ONT/USDT,2026-06-02 16:25:00+00:00,0.05362,0.05,SessionLow,PDH,0.796053,0.00025857,34,bearish_break_level,-8.858635,21-40
ONT/USDT,2026-06-02 22:35:00+00:00,0.05,0.04887,SessionLow,PDC,0.975272,8.071e-05,19,bearish_break_level,-0.36,11-20
ONT/USDT,2026-06-03 11:45:00+00:00,0.05113,0.0491,SessionLow,SessionHigh,0.852759,0.00014286,5,bearish_break_level,-0.117348,3-5
ONT/USDT,2026-06-04 02:20:00+00:00,0.05338,0.05067,PDC,SessionHigh,0.999568,0.00019357,8,bearish_break_level,-9.610341,6-10
ONT/USDT,2026-06-04 03:05:00+00:00,0.0484,0.04825,SessionLow,SessionHigh,0.953939,0.00057071,21,bearish_break_level,-1.735537,21-40
ONT/USDT,2026-06-05 11:20:00+00:00,0.04596,0.04433,SessionLow,,0.947701,0.00016429,60,time_stop,6.679721,41-60
ONT/USDT,2026-06-06 04:50:00+00:00,0.04487,0.04372,SessionLow,,0.877845,0.00015714,60,time_stop,7.599733,41-60
ONT/USDT,2026-06-07 01:35:00+00:00,0.04658,0.04596,PDC,SessionHigh,0.920651,4.429e-05,14,bearish_break_level,-4.572778,11-20
ONT/USDT,2026-06-07 02:00:00+00:00,0.04699,0.04658,SessionHigh,SessionHigh,0.925106,7.357e-05,9,bearish_break_level,-5.405405,6-10
ONT/USDT,2026-06-07 03:20:00+00:00,0.04463,0.04445,SessionLow,SessionHigh,0.849684,0.00019429,26,bearish_break_level,5.019045,21-40
ONT/USDT,2026-06-08 14:10:00+00:00,0.04888,0.0477,SessionLow,SessionHigh,0.999568,8.429e-05,33,bearish_break_level,-3.559738,21-40
ONT/USDT,2026-06-08 19:30:00+00:00,0.04895,0.04714,SessionLow,PDC,0.829818,0.00012929,60,bearish_break_level,-3.697651,41-60
ONT/USDT,2026-06-09 05:40:00+00:00,0.04824,0.04554,SessionLow,,0.956774,0.00019286,60,time_stop,1.3267,41-60
ONT/USDT,2026-06-09 12:10:00+00:00,0.04908,0.0488346,Round_5bp,SessionHigh,0.980732,1.429e-05,33,bearish_break_level,-0.122249,21-40
ONT/USDT,2026-06-10 01:55:00+00:00,0.04516,0.04503,PDL,SessionHigh,0.942212,9.29e-06,9,bearish_break_level,-0.930027,6-10
ONT/USDT,2026-06-10 02:50:00+00:00,0.04664,0.04474,SessionLow,,0.898096,0.000175,60,time_stop,0.0,41-60
ONT/USDT,2026-06-10 13:10:00+00:00,0.04745,0.04664,SessionHigh,,0.999568,5.786e-05,60,time_stop,0.252898,41-60
ONT/USDT,2026-06-10 17:30:00+00:00,0.04757,0.04745,SessionHigh,SessionHigh,0.957787,8.57e-06,58,bearish_break_level,-3.867984,41-60
ONT/USDT,2026-06-11 00:30:00+00:00,0.04638,0.04583,PDC,,0.918108,3.929e-05,60,time_stop,0.0,41-60
ONT/USDT,2026-06-11 11:55:00+00:00,0.04839,0.04638,SessionHigh,SessionHigh,0.999568,0.00014357,35,bearish_break_level,-5.166357,21-40
ONT/USDT,2026-06-11 17:45:00+00:00,0.04967,0.04858,SessionHigh,SessionHigh,0.891048,0.00028429,1,bearish_break_level,-0.161063,1-2
ONT/USDT,2026-06-12 13:20:00+00:00,0.04875,0.04856,SessionLow,SessionLow,0.910107,1.357e-05,36,bearish_break_level,-3.241026,21-40
ONT/USDT,2026-06-12 17:35:00+00:00,0.04722,0.04717,SessionLow,,0.839318,3.57e-06,60,time_stop,2.287166,41-60
ONT/USDT,2026-06-13 06:20:00+00:00,0.04807,0.04789,SessionLow,,0.995746,4.214e-05,60,time_stop,0.0,41-60
ONT/USDT,2026-06-13 14:20:00+00:00,0.04683,0.04663,SessionLow,,0.990362,0.00023429,60,time_stop,0.0,41-60
ONT/USDT,2026-06-14 09:20:00+00:00,0.04644,0.04637,SessionLow,,0.963917,5e-06,60,time_stop,0.0,41-60
OP/USDT,2026-06-02 01:40:00+00:00,0.121,0.12,SessionLow,SessionLow,0.753863,0.00042857,7,bearish_break_level,-1.652893,6-10
OP/USDT,2026-06-02 02:20:00+00:00,0.12,0.119,SessionLow,PDH,0.829447,0.0005,22,bearish_break_level,3.333333,21-40
OP/USDT,2026-06-02 04:05:00+00:00,0.125,0.124,PDC,PDH,0.778867,0.00028571,1,bearish_break_level,-0.8,1-2
OP/USDT,2026-06-02 10:55:00+00:00,0.125,0.124,PDC,PDH,0.803377,0.00021429,29,bearish_break_level,-0.8,21-40
OP/USDT,2026-06-02 13:25:00+00:00,0.126,0.124,PDC,SessionHigh,0.798124,0.00021429,1,bearish_break_level,-0.793651,1-2
OP/USDT,2026-06-02 14:30:00+00:00,0.119,0.118,SessionLow,SessionLow,0.794931,0.00085714,11,bearish_break_level,-1.680672,11-20
OP/USDT,2026-06-02 16:05:00+00:00,0.117,0.116,SessionLow,,0.793768,0.0005,60,time_stop,1.709402,41-60
OP/USDT,2026-06-02 16:10:00+00:00,0.118,0.117,WeeklyOpen,,0.787507,0.00064286,60,time_stop,0.847458,41-60
OP/USDT,2026-06-02 19:45:00+00:00,0.118,0.116,SessionLow,SessionLow,0.750369,0.0005,43,bearish_break_level,-2.542373,41-60
OP/USDT,2026-06-02 23:40:00+00:00,0.115,0.114,SessionLow,SessionHigh,0.733711,0.00035714,43,bearish_break_level,2.608696,41-60
OP/USDT,2026-06-03 01:50:00+00:00,0.118,0.117,WeeklyOpen,SessionHigh,0.746541,7.143e-05,17,bearish_break_level,0.0,11-20
OP/USDT,2026-06-03 03:00:00+00:00,0.119,0.118,SessionHigh,SessionHigh,0.856293,7.143e-05,3,bearish_break_level,-0.840336,3-5
OP/USDT,2026-06-03 04:00:00+00:00,0.117,0.115,PDC,SessionHigh,0.740531,0.0005,18,bearish_break_level,4.273504,11-20
OP/USDT,2026-06-03 04:05:00+00:00,0.118,0.117,WeeklyOpen,SessionHigh,0.743567,0.00057143,17,bearish_break_level,3.389831,11-20
OP/USDT,2026-06-03 05:00:00+00:00,0.121,0.12,SessionHigh,SessionHigh,0.773388,0.00042857,6,bearish_break_level,0.826446,6-10
OP/USDT,2026-06-03 05:05:00+00:00,0.122,0.121,SessionHigh,SessionHigh,0.736618,0.0005,5,bearish_break_level,0.0,3-5
OP/USDT,2026-06-03 07:35:00+00:00,0.126,0.125,SessionHigh,SessionHigh,0.751425,0.00021429,17,bearish_break_level,0.0,11-20
OP/USDT,2026-06-03 08:00:00+00:00,0.127,0.126,PDH,SessionHigh,0.743523,0.00021429,12,bearish_break_level,-0.787402,11-20
OP/USDT,2026-06-03 09:45:00+00:00,0.128,0.126,PDH,SessionHigh,0.756791,0.0005,2,bearish_break_level,-0.78125,1-2
OP/USDT,2026-06-03 10:25:00+00:00,0.13,0.129,SessionHigh,,0.752622,0.00057143,60,time_stop,-1.538462,41-60
OP/USDT,2026-06-03 10:35:00+00:00,0.131,0.13,SessionHigh,,0.743489,0.00057143,60,time_stop,-3.053435,41-60
OP/USDT,2026-06-04 00:05:00+00:00,0.124,0.123,PDC,SessionHigh,0.802327,0.00021429,4,bearish_break_level,-1.612903,3-5
OP/USDT,2026-06-04 02:05:00+00:00,0.111,0.109,SessionLow,PDL,0.764247,0.00114286,29,bearish_break_level,2.702703,21-40
OP/USDT,2026-06-04 08:50:00+00:00,0.107,0.106,SessionLow,Round_10bp,0.729109,0.00028571,3,bearish_break_level,-0.934579,3-5
OP/USDT,2026-06-04 09:45:00+00:00,0.106,0.105,SessionLow,Round_10bp,0.763019,0.00035714,4,bearish_break_level,-0.943396,3-5
OP/USDT,2026-06-04 11:45:00+00:00,0.106,0.105,SessionLow,Round_10bp,0.738548,0.00014286,4,bearish_break_level,0.0,3-5
OP/USDT,2026-06-04 12:20:00+00:00,0.107,0.10593,Round_10bp,PDL,0.736256,0.00028571,44,bearish_break_level,6.542056,41-60
OP/USDT,2026-06-04 16:35:00+00:00,0.116,0.115,PDL,WeeklyOpen,0.754259,0.00035714,8,bearish_break_level,0.0,6-10
OP/USDT,2026-06-04 19:15:00+00:00,0.118,0.117,WeeklyOpen,WeeklyOpen,0.759855,0.00042857,10,bearish_break_level,-1.694915,6-10
OP/USDT,2026-06-04 22:55:00+00:00,0.111,0.10989,Round_10bp,PDC,0.764026,0.00014286,15,bearish_break_level,0.0,11-20
OP/USDT,2026-06-05 00:20:00+00:00,0.112,0.111,SessionLow,PDC,0.744461,0.00028571,7,bearish_break_level,-0.892857,6-10
OP/USDT,2026-06-05 01:15:00+00:00,0.11,0.109,SessionLow,SessionLow,0.739695,0.00042857,21,bearish_break_level,-1.818182,21-40
OP/USDT,2026-06-05 01:30:00+00:00,0.111,0.10989,Round_10bp,SessionLow,0.74398,0.00035714,18,bearish_break_level,-2.702703,11-20
OP/USDT,2026-06-05 03:15:00+00:00,0.109,0.108,SessionLow,SessionLow,0.739039,0.00028571,30,bearish_break_level,-1.834862,21-40
OP/USDT,2026-06-05 04:55:00+00:00,0.109,0.108,SessionLow,SessionLow,0.730417,0.00021429,10,bearish_break_level,-1.834862,6-10
OP/USDT,2026-06-05 06:35:00+00:00,0.104,0.103,SessionLow,Round_10bp,0.820017,0.00057143,5,bearish_break_level,-0.961538,3-5
OP/USDT,2026-06-05 07:20:00+00:00,0.103,0.102,SessionLow,Round_10bp,0.783176,0.00042857,9,bearish_break_level,2.912621,6-10
OP/USDT,2026-06-05 09:10:00+00:00,0.106,0.105,PDL,Round_10bp,0.699543,0.00021429,11,bearish_break_level,0.0,11-20
OP/USDT,2026-06-05 09:15:00+00:00,0.107,0.10593,Round_10bp,Round_10bp,0.699529,0.00021429,10,bearish_break_level,-0.934579,6-10
OP/USDT,2026-06-05 12:05:00+00:00,0.103,0.102,SessionLow,Round_10bp,0.738432,0.00028571,5,bearish_break_level,-0.970874,3-5
OP/USDT,2026-06-05 13:10:00+00:00,0.103,0.102,SessionLow,Round_10bp,0.752279,0.00021429,7,bearish_break_level,0.0,6-10
OP/USDT,2026-06-05 14:05:00+00:00,0.102,0.1,SessionLow,Round_10bp,0.730572,0.00057143,10,bearish_break_level,0.0,6-10
OP/USDT,2026-06-05 16:15:00+00:00,0.099,0.098,SessionLow,SessionLow,0.756562,0.00035714,28,bearish_break_level,-5.050505,21-40
OP/USDT,2026-06-05 19:30:00+00:00,0.094,0.093,SessionLow,,0.833135,0.0005,60,time_stop,3.191489,41-60
OP/USDT,2026-06-06 09:20:00+00:00,0.097,0.09603,Round_10bp,,0.795728,7.143e-05,60,time_stop,0.0,41-60
OP/USDT,2026-06-07 22:10:00+00:00,0.096,0.094,SessionLow,,0.999568,0.00014286,60,time_stop,4.166667,41-60
OP/USDT,2026-06-08 00:00:00+00:00,0.1,0.096,PDC,,0.930083,0.00028571,60,time_stop,0.0,41-60
OP/USDT,2026-06-09 07:55:00+00:00,0.096,0.094,PDL,,0.999568,0.00014286,60,time_stop,0.0,41-60
OP/USDT,2026-06-10 21:30:00+00:00,0.091,0.088,SessionLow,,0.917333,0.00064286,60,time_stop,1.098901,41-60
OP/USDT,2026-06-10 23:40:00+00:00,0.091,0.09009,Round_10bp,,0.847682,7.143e-05,60,time_stop,1.098901,41-60
OP/USDT,2026-06-11 00:15:00+00:00,0.092,0.091,PDC,,0.806352,0.00014286,60,time_stop,2.173913,41-60
OP/USDT,2026-06-11 04:45:00+00:00,0.094,0.092,SessionHigh,,0.852672,0.00014286,60,time_stop,0.0,41-60
OP/USDT,2026-06-11 17:30:00+00:00,0.096,0.094,SessionHigh,,0.999568,0.00014286,60,time_stop,0.0,41-60
OP/USDT,2026-06-12 04:30:00+00:00,0.097,0.096,PDH,SessionHigh,0.999568,7.143e-05,1,bearish_break_level,-1.030928,1-2
OP/USDT,2026-06-12 09:30:00+00:00,0.099,0.096,PDH,SessionHigh,0.920301,0.00021429,38,bearish_break_level,0.0,21-40
OP/USDT,2026-06-12 10:05:00+00:00,0.1,0.099,SessionHigh,SessionHigh,0.941984,0.00028571,31,bearish_break_level,-1.0,21-40
OP/USDT,2026-06-13 01:50:00+00:00,0.101,0.09,SessionHigh,SessionHigh,0.864953,0.00078571,58,bearish_break_level,2.970297,41-60
OP/USDT,2026-06-13 06:05:00+00:00,0.102,0.101,PDH,SessionHigh,0.945694,7.143e-05,7,bearish_break_level,1.960784,6-10
OP/USDT,2026-06-13 06:25:00+00:00,0.103,0.102,SessionHigh,SessionHigh,0.958161,0.00014286,3,bearish_break_level,0.970874,3-5
OP/USDT,2026-06-13 06:30:00+00:00,0.105,0.103,SessionHigh,SessionHigh,0.935986,0.00028571,2,bearish_break_level,-0.952381,1-2
OP/USDT,2026-06-13 07:25:00+00:00,0.106,0.105,SessionHigh,SessionHigh,0.901367,0.00042857,3,bearish_break_level,0.0,3-5
OP/USDT,2026-06-13 07:35:00+00:00,0.107,0.106,SessionHigh,SessionHigh,0.876891,0.00042857,1,bearish_break_level,-0.934579,1-2
OP/USDT,2026-06-13 08:05:00+00:00,0.107,0.10593,Round_10bp,SessionHigh,0.852974,0.00035714,10,bearish_break_level,0.0,6-10
OP/USDT,2026-06-13 08:30:00+00:00,0.109,0.108,SessionHigh,SessionHigh,0.832891,0.00042857,5,bearish_break_level,-1.834862,3-5
OP/USDT,2026-06-13 10:00:00+00:00,0.109,0.10791,Round_10bp,SessionHigh,0.760599,0.00028571,4,bearish_break_level,-0.917431,3-5
OP/USDT,2026-06-13 12:10:00+00:00,0.109,0.10791,Round_10bp,SessionHigh,0.729231,0.00028571,3,bearish_break_level,-0.917431,3-5
OP/USDT,2026-06-13 12:50:00+00:00,0.108,0.10692,Round_10bp,,0.729857,0.00035714,60,time_stop,0.925926,41-60
OP/USDT,2026-06-13 13:15:00+00:00,0.109,0.10791,Round_10bp,,0.728891,0.00035714,60,time_stop,0.0,41-60
OP/USDT,2026-06-13 13:25:00+00:00,0.11,0.109,SessionHigh,,0.732833,0.00035714,60,time_stop,-0.909091,41-60
OP/USDT,2026-06-13 15:20:00+00:00,0.109,0.10791,Round_10bp,,0.742102,0.00042857,60,time_stop,0.0,41-60
OP/USDT,2026-06-13 15:35:00+00:00,0.109,0.10791,Round_10bp,,0.738777,0.00042857,60,time_stop,-0.917431,41-60
OP/USDT,2026-06-13 16:55:00+00:00,0.108,0.10692,Round_10bp,,0.740987,0.00021429,60,time_stop,0.0,41-60
OP/USDT,2026-06-13 19:45:00+00:00,0.109,0.10791,Round_10bp,,0.754606,0.00014286,60,time_stop,-1.834862,41-60
OP/USDT,2026-06-14 03:25:00+00:00,0.107,0.10593,Round_10bp,PDC,0.848745,0.00028571,8,bearish_break_level,-0.934579,6-10
OP/USDT,2026-06-14 04:55:00+00:00,0.105,0.104,SessionLow,PDC,0.767275,0.00028571,16,bearish_break_level,0.952381,11-20
PENGU/USDT,2026-06-02 07:05:00+00:00,0.007334,0.007262,SessionLow,Round_5bp,0.739082,1.864e-05,15,bearish_break_level,-0.05454,11-20
PENGU/USDT,2026-06-02 13:25:00+00:00,0.007409,0.00737196,Round_5bp,PDL,0.802474,9.5e-06,3,bearish_break_level,-0.364422,3-5
PENGU/USDT,2026-06-02 14:30:00+00:00,0.007191,0.007102,SessionLow,Round_5bp,0.808804,3.421e-05,10,bearish_break_level,-1.237658,6-10
PENGU/USDT,2026-06-02 19:45:00+00:00,0.007,0.006869,SessionLow,SessionLow,0.713646,2.879e-05,44,bearish_break_level,-4.114286,41-60
PENGU/USDT,2026-06-02 23:30:00+00:00,0.006809,0.006712,SessionLow,SessionHigh,0.771268,3.721e-05,27,bearish_break_level,1.277721,21-40
PENGU/USDT,2026-06-03 00:05:00+00:00,0.006885,0.006852,PDC,SessionHigh,0.738877,2.95e-05,20,bearish_break_level,0.159768,11-20
PENGU/USDT,2026-06-03 00:50:00+00:00,0.006971,0.006962,SessionHigh,SessionHigh,0.771933,1.25e-05,11,bearish_break_level,-1.075886,11-20
PENGU/USDT,2026-06-03 04:00:00+00:00,0.006847,0.006756,SessionLow,SessionHigh,0.756881,2.286e-05,19,bearish_break_level,2.366,11-20
PENGU/USDT,2026-06-03 04:10:00+00:00,0.006866,0.006852,PDC,SessionHigh,0.754232,2.421e-05,17,bearish_break_level,2.082726,11-20
PENGU/USDT,2026-06-03 05:10:00+00:00,0.007079,0.007045,SessionHigh,SessionHigh,0.727572,1.743e-05,5,bearish_break_level,-0.98884,3-5
PENGU/USDT,2026-06-03 06:35:00+00:00,0.007176,0.007122,SessionHigh,SessionHigh,0.738263,1.779e-05,17,bearish_break_level,0.027871,11-20
PENGU/USDT,2026-06-03 07:15:00+00:00,0.007198,0.007176,SessionHigh,SessionHigh,0.727654,9.57e-06,9,bearish_break_level,-0.277855,6-10
PENGU/USDT,2026-06-03 14:50:00+00:00,0.007239,0.00720281,Round_5bp,Round_5bp,0.759343,1.1e-05,11,bearish_break_level,-1.892527,11-20
PENGU/USDT,2026-06-03 16:45:00+00:00,0.007006,0.00693594,Round_10bp,Round_10bp,0.751605,2.15e-05,17,bearish_break_level,0.32829,11-20
PENGU/USDT,2026-06-03 17:25:00+00:00,0.007043,0.00697257,Round_10bp,Round_10bp,0.754172,2.657e-05,9,bearish_break_level,-0.198779,6-10
PENGU/USDT,2026-06-04 00:00:00+00:00,0.007157,0.007067,PDC,SessionHigh,0.721146,1.257e-05,2,bearish_break_level,-0.125751,1-2
PENGU/USDT,2026-06-04 00:40:00+00:00,0.00704,0.006946,SessionLow,SessionLow,0.706226,3.264e-05,8,bearish_break_level,-2.96875,6-10
PENGU/USDT,2026-06-04 02:05:00+00:00,0.006659,0.00645,SessionLow,Round_5bp,0.720587,6.986e-05,60,bearish_break_level,2.58297,41-60
PENGU/USDT,2026-06-04 03:05:00+00:00,0.007,0.006965,Round_5bp,Round_5bp,0.728329,6.379e-05,48,bearish_break_level,-2.414286,41-60
PENGU/USDT,2026-06-04 05:55:00+00:00,0.006883,0.00681417,Round_10bp,Round_5bp,0.737401,1.993e-05,14,bearish_break_level,-0.755485,11-20
PENGU/USDT,2026-06-04 23:35:00+00:00,0.006781,0.006756,PDL,SessionHigh,0.770494,2.271e-05,12,bearish_break_level,0.825837,11-20
PENGU/USDT,2026-06-05 03:15:00+00:00,0.006696,0.006587,SessionLow,Round_5bp,0.705358,2.236e-05,18,bearish_break_level,-0.776583,11-20
PENGU/USDT,2026-06-05 06:25:00+00:00,0.006334,0.006229,SessionLow,,0.704342,5.1e-05,60,time_stop,3.094411,41-60
PENGU/USDT,2026-06-05 09:00:00+00:00,0.00646,0.00645,PDL,Round_5bp,0.78273,1.229e-05,60,bearish_break_level,-2.182663,41-60
PENGU/USDT,2026-06-05 13:00:00+00:00,0.006496,0.00643104,Round_10bp,Round_5bp,0.721047,2.186e-05,12,bearish_break_level,-2.724754,11-20
PENGU/USDT,2026-06-05 16:05:00+00:00,0.006253,0.006217,SessionLow,Round_10bp,0.699412,3.243e-05,26,bearish_break_level,3.086518,21-40
PENGU/USDT,2026-06-05 20:50:00+00:00,0.006479,0.00645,PDL,Round_10bp,0.740401,3.543e-05,15,bearish_break_level,-1.913876,11-20
PENGU/USDT,2026-06-05 21:00:00+00:00,0.006496,0.00646352,Round_5bp,Round_10bp,0.723037,2.907e-05,13,bearish_break_level,-2.170567,11-20
PENGU/USDT,2026-06-06 00:30:00+00:00,0.00635,0.006334,SessionHigh,SessionHigh,0.742642,1.979e-05,7,bearish_break_level,0.330709,6-10
PENGU/USDT,2026-06-06 00:55:00+00:00,0.006379,0.006369,SessionHigh,SessionHigh,0.723567,1.579e-05,2,bearish_break_level,-0.125412,1-2
PENGU/USDT,2026-06-06 01:30:00+00:00,0.00635,0.006272,SessionLow,SessionLow,0.69869,1.643e-05,6,bearish_break_level,-1.685039,6-10
PENGU/USDT,2026-06-06 03:30:00+00:00,0.006181,0.006158,SessionLow,SessionLow,0.783269,8.79e-06,8,bearish_break_level,-2.620935,6-10
PENGU/USDT,2026-06-06 04:00:00+00:00,0.006181,0.006158,SessionLow,SessionLow,0.779431,9.93e-06,2,bearish_break_level,-2.620935,1-2
PENGU/USDT,2026-06-06 04:50:00+00:00,0.005956,0.005856,SessionLow,Round_5bp,0.750657,3.171e-05,30,bearish_break_level,4.079919,21-40
PENGU/USDT,2026-06-06 05:10:00+00:00,0.005929,0.005856,SessionLow,Round_5bp,0.692798,4.271e-05,26,bearish_break_level,4.553888,21-40
PENGU/USDT,2026-06-06 07:05:00+00:00,0.006191,0.00612909,Round_10bp,Round_5bp,0.707614,1.571e-05,3,bearish_break_level,0.12922,3-5
PENGU/USDT,2026-06-06 07:10:00+00:00,0.006228,0.00619686,Round_5bp,Round_5bp,0.771527,1.471e-05,2,bearish_break_level,-0.465639,1-2
PENGU/USDT,2026-06-06 09:20:00+00:00,0.006414,0.00638193,Round_5bp,SessionHigh,0.751971,1.079e-05,5,bearish_break_level,-0.87309,3-5
PENGU/USDT,2026-06-06 09:25:00+00:00,0.006441,0.006414,SessionHigh,SessionHigh,0.736988,1.271e-05,4,bearish_break_level,-1.28862,3-5
PENGU/USDT,2026-06-06 09:30:00+00:00,0.006467,0.006441,SessionHigh,SessionHigh,0.718196,1.364e-05,3,bearish_break_level,-1.68548,3-5
PENGU/USDT,2026-06-06 11:45:00+00:00,0.006292,0.006263,PDC,SessionHigh,0.71845,1.65e-05,32,bearish_break_level,1.970757,21-40
PENGU/USDT,2026-06-06 14:35:00+00:00,0.006447,0.00641476,Round_5bp,Round_5bp,0.691712,1.986e-05,8,bearish_break_level,-3.614084,6-10
PENGU/USDT,2026-06-06 23:05:00+00:00,0.006275,0.006263,PDC,SessionHigh,0.728463,1.29e-06,42,bearish_break_level,5.099602,41-60
PENGU/USDT,2026-06-07 00:30:00+00:00,0.006321,0.006295,PDC,SessionHigh,0.716458,3.29e-06,25,bearish_break_level,4.334757,21-40
PENGU/USDT,2026-06-07 01:00:00+00:00,0.00635,0.006321,SessionHigh,SessionHigh,0.772397,3.93e-06,19,bearish_break_level,3.858268,11-20
PENGU/USDT,2026-06-07 01:05:00+00:00,0.006408,0.00635,SessionHigh,SessionHigh,0.727218,8.07e-06,18,bearish_break_level,2.918227,11-20
PENGU/USDT,2026-06-07 01:10:00+00:00,0.006441,0.006408,SessionHigh,SessionHigh,0.719051,1.043e-05,17,bearish_break_level,2.390933,11-20
PENGU/USDT,2026-06-07 01:55:00+00:00,0.006586,0.006556,SessionHigh,SessionHigh,0.732738,1.986e-05,8,bearish_break_level,0.136654,6-10
PENGU/USDT,2026-06-07 02:00:00+00:00,0.006647,0.006586,SessionHigh,SessionHigh,0.737642,2.421e-05,7,bearish_break_level,-0.782308,6-10
PENGU/USDT,2026-06-07 02:10:00+00:00,0.006677,0.006659,SessionHigh,SessionHigh,0.749306,2.493e-05,5,bearish_break_level,-1.228096,3-5
PENGU/USDT,2026-06-07 04:50:00+00:00,0.006738,0.006696,SessionHigh,SessionHigh,0.723939,1.536e-05,8,bearish_break_level,0.593648,6-10
PENGU/USDT,2026-06-07 05:05:00+00:00,0.006776,0.006738,SessionHigh,SessionHigh,0.761872,1.807e-05,5,bearish_break_level,0.029516,3-5
PENGU/USDT,2026-06-07 05:10:00+00:00,0.006809,0.006776,SessionHigh,SessionHigh,0.761528,1.964e-05,4,bearish_break_level,-0.45528,3-5
PENGU/USDT,2026-06-07 05:15:00+00:00,0.006885,0.006809,SessionHigh,SessionHigh,0.747779,2.507e-05,3,bearish_break_level,-1.554103,3-5
PENGU/USDT,2026-06-07 05:40:00+00:00,0.006783,0.00674909,Round_5bp,SessionHigh,0.705286,3.393e-05,38,bearish_break_level,1.680672,21-40
PENGU/USDT,2026-06-07 17:05:00+00:00,0.0068,0.006766,Round_5bp,Round_10bp,0.720712,8.5e-06,23,bearish_break_level,-2.294118,21-40
PENGU/USDT,2026-06-07 19:50:00+00:00,0.006615,0.00654885,Round_10bp,SessionHigh,0.855978,2.221e-05,29,bearish_break_level,4.822373,21-40
PENGU/USDT,2026-06-07 23:35:00+00:00,0.007,0.006965,Round_5bp,SessionHigh,0.753008,2.85e-05,17,bearish_break_level,-0.942857,11-20
PENGU/USDT,2026-06-08 00:00:00+00:00,0.007012,0.006909,PDC,SessionHigh,0.770577,3.493e-05,12,bearish_break_level,-1.112379,11-20
PENGU/USDT,2026-06-08 03:30:00+00:00,0.006776,0.006764,SessionLow,SessionLow,0.733895,7.57e-06,13,bearish_break_level,-1.16588,11-20
PENGU/USDT,2026-06-08 04:15:00+00:00,0.006756,0.006718,SessionLow,SessionLow,0.730418,1.093e-05,4,bearish_break_level,-0.873298,3-5
PENGU/USDT,2026-06-08 04:55:00+00:00,0.006712,0.006681,SessionLow,Round_5bp,0.766969,1.443e-05,28,bearish_break_level,0.998212,21-40
PENGU/USDT,2026-06-09 00:10:00+00:00,0.006809,0.006778,PDC,SessionHigh,0.790125,1.043e-05,2,bearish_break_level,-0.91056,1-2
PENGU/USDT,2026-06-09 04:30:00+00:00,0.006738,0.006681,PDL,SessionHigh,0.823489,4.36e-06,35,bearish_break_level,0.682695,21-40
PENGU/USDT,2026-06-09 05:30:00+00:00,0.006847,0.006834,SessionHigh,SessionHigh,0.783098,1.236e-05,23,bearish_break_level,-0.920111,21-40
PENGU/USDT,2026-06-09 05:40:00+00:00,0.006863,0.006847,SessionHigh,SessionHigh,0.761369,9.14e-06,21,bearish_break_level,-1.1511,21-40
PENGU/USDT,2026-06-09 12:00:00+00:00,0.006781,0.00671319,Round_10bp,PDC,0.792874,6.57e-06,7,bearish_break_level,-0.265448,6-10
PENGU/USDT,2026-06-09 14:25:00+00:00,0.00669,0.006681,PDL,Round_5bp,0.735949,1.779e-05,13,bearish_break_level,-0.971599,11-20
PENGU/USDT,2026-06-09 16:25:00+00:00,0.006593,0.00656003,Round_5bp,Round_10bp,0.761185,1.971e-05,2,bearish_break_level,-0.894889,1-2
PENGU/USDT,2026-06-09 17:20:00+00:00,0.006774,0.00674013,Round_5bp,PDC,0.74341,3.2e-05,17,bearish_break_level,-1.136699,11-20
PENGU/USDT,2026-06-09 19:50:00+00:00,0.006702,0.006681,PDL,,0.732383,7.43e-06,60,time_stop,-0.387944,41-60
PENGU/USDT,2026-06-09 19:55:00+00:00,0.006729,0.00669536,Round_5bp,,0.731516,3.86e-06,60,time_stop,-0.787636,41-60
PENGU/USDT,2026-06-09 21:10:00+00:00,0.0068,0.006766,Round_5bp,,0.711925,6.93e-06,60,time_stop,-0.426471,41-60
PENGU/USDT,2026-06-10 01:00:00+00:00,0.006771,0.006676,PDC,SessionHigh,0.767993,6.79e-06,15,bearish_break_level,-1.329198,11-20
PENGU/USDT,2026-06-10 06:40:00+00:00,0.006655,0.00662173,Round_5bp,SessionLow,0.863074,3.79e-06,23,bearish_break_level,-0.901578,21-40
PENGU/USDT,2026-06-10 09:00:00+00:00,0.006596,0.006582,SessionLow,SessionLow,0.815362,8.64e-06,4,bearish_break_level,-0.773196,3-5
PENGU/USDT,2026-06-10 10:55:00+00:00,0.00662,0.006545,SessionLow,SessionHigh,0.780373,5.36e-06,36,bearish_break_level,1.888218,21-40
PENGU/USDT,2026-06-10 11:15:00+00:00,0.006542,0.006534,SessionLow,SessionHigh,0.801728,1.207e-05,32,bearish_break_level,3.103027,21-40
PENGU/USDT,2026-06-10 11:45:00+00:00,0.006561,0.006511,SessionLow,SessionHigh,0.775248,1.786e-05,26,bearish_break_level,2.804451,21-40
PENGU/USDT,2026-06-10 13:40:00+00:00,0.006792,0.006771,SessionHigh,SessionHigh,0.733143,9.86e-06,3,bearish_break_level,-0.691991,3-5
PENGU/USDT,2026-06-10 22:00:00+00:00,0.006358,0.006346,SessionLow,Round_5bp,0.758634,9.14e-06,11,bearish_break_level,0.786411,11-20
PENGU/USDT,2026-06-11 01:15:00+00:00,0.006441,0.006362,PDC,,0.741958,5.64e-06,60,time_stop,4.300574,41-60
PENGU/USDT,2026-06-11 01:35:00+00:00,0.006485,0.006441,SessionHigh,,0.793969,8.79e-06,60,time_stop,4.996145,41-60
PENGU/USDT,2026-06-11 01:40:00+00:00,0.006513,0.006485,SessionHigh,,0.744119,1.079e-05,60,time_stop,4.544757,41-60
PENGU/USDT,2026-06-11 03:30:00+00:00,0.006555,0.006513,SessionHigh,,0.741358,3.43e-06,60,time_stop,3.874905,41-60
PENGU/USDT,2026-06-11 03:45:00+00:00,0.006598,0.006555,SessionHigh,,0.787309,6.5e-06,60,time_stop,2.849348,41-60
PENGU/USDT,2026-06-11 03:55:00+00:00,0.006779,0.006622,SessionHigh,,0.742374,2.7e-05,60,time_stop,0.10326,41-60
PENGU/USDT,2026-06-11 19:30:00+00:00,0.006847,0.0068,PDH,PDC,0.756549,5.64e-06,55,bearish_break_level,-1.03695,41-60
PENGU/USDT,2026-06-12 04:30:00+00:00,0.00683,0.006776,SessionLow,SessionHigh,0.859761,3.86e-06,20,bearish_break_level,-1.639824,11-20
PENGU/USDT,2026-06-12 08:20:00+00:00,0.006734,0.006644,SessionLow,PDC,0.821109,6.43e-06,52,bearish_break_level,0.10395,41-60
PENGU/USDT,2026-06-12 14:35:00+00:00,0.006809,0.00677496,Round_5bp,PDH,0.78899,1.636e-05,12,bearish_break_level,0.822441,11-20
PENGU/USDT,2026-06-13 01:40:00+00:00,0.006771,0.006681,PDC,SessionHigh,0.917358,6.43e-06,21,bearish_break_level,-0.546448,21-40
PENGU/USDT,2026-06-13 01:50:00+00:00,0.006803,0.006771,SessionHigh,SessionHigh,0.838163,8.71e-06,19,bearish_break_level,-1.014258,11-20
PENGU/USDT,2026-06-13 06:00:00+00:00,0.006663,0.006626,SessionLow,,0.778019,1e-05,60,time_stop,2.161189,41-60
PENGU/USDT,2026-06-13 12:50:00+00:00,0.006847,0.006809,SessionHigh,SessionHigh,0.81916,2.86e-06,20,bearish_break_level,-0.160654,11-20
PENGU/USDT,2026-06-13 15:05:00+00:00,0.006888,0.006879,SessionHigh,SessionHigh,0.855539,4.29e-06,7,bearish_break_level,-0.203252,6-10
PENGU/USDT,2026-06-13 15:35:00+00:00,0.006923,0.006896,SessionHigh,SessionHigh,0.838535,6.79e-06,1,bearish_break_level,-0.707786,1-2
PENGU/USDT,2026-06-13 17:35:00+00:00,0.006847,0.00677853,Round_10bp,,0.762805,7.79e-06,60,time_stop,-1.022346,41-60
PENGU/USDT,2026-06-14 01:20:00+00:00,0.006812,0.006768,PDC,SessionHigh,0.760516,4e-06,3,bearish_break_level,-0.13212,3-5
PENGU/USDT,2026-06-14 03:15:00+00:00,0.006843,0.006833,SessionHigh,SessionHigh,0.763828,3.07e-06,14,bearish_break_level,-0.803741,11-20
PENGU/USDT,2026-06-14 07:25:00+00:00,0.006728,0.006708,SessionLow,Round_10bp,0.749546,3.93e-06,22,bearish_break_level,-0.906659,21-40
PENGU/USDT,2026-06-14 09:30:00+00:00,0.006675,0.006667,SessionLow,SessionLow,0.770788,4.93e-06,46,bearish_break_level,-0.764045,41-60
PENGU/USDT,2026-06-14 14:45:00+00:00,0.006527,0.006498,SessionLow,SessionLow,0.73986,9.57e-06,38,bearish_break_level,-0.796691,21-40
PEPE/USDT,2026-06-02 02:20:00+00:00,3.36e-06,3.34e-06,SessionLow,Round_5bp,0.790665,1e-08,4,bearish_break_level,0.297619,3-5
PEPE/USDT,2026-06-02 02:25:00+00:00,3.37e-06,3.36e-06,WeeklyOpen,Round_5bp,0.779933,1e-08,3,bearish_break_level,0.0,3-5
PEPE/USDT,2026-06-02 07:15:00+00:00,3.34e-06,3.32e-06,PDL,,0.747157,1e-08,60,time_stop,-0.598802,41-60
PEPE/USDT,2026-06-02 10:20:00+00:00,3.33e-06,3.32e-06,PDL,PDL,0.800468,0.0,46,bearish_break_level,-0.900901,41-60
PEPE/USDT,2026-06-02 13:15:00+00:00,3.34e-06,3.32e-06,PDL,PDL,0.791474,0.0,11,bearish_break_level,-1.197605,11-20
PEPE/USDT,2026-06-02 19:50:00+00:00,3.19e-06,3.16e-06,Round_10bp,Round_10bp,0.760142,1e-08,36,bearish_break_level,-3.134796,21-40
PEPE/USDT,2026-06-03 00:10:00+00:00,3.12e-06,3.11e-06,PDC,SessionHigh,0.743392,1e-08,41,bearish_break_level,-0.961538,41-60
PEPE/USDT,2026-06-03 03:55:00+00:00,3.08e-06,3.07e-06,PDL,SessionHigh,0.820342,1e-08,19,bearish_break_level,2.272727,11-20
PEPE/USDT,2026-06-03 05:05:00+00:00,3.17e-06,3.16e-06,SessionHigh,SessionHigh,0.794789,1e-08,5,bearish_break_level,-0.630915,3-5
PEPE/USDT,2026-06-03 05:55:00+00:00,3.18e-06,3.17e-06,SessionHigh,SessionHigh,0.791206,1e-08,27,bearish_break_level,0.628931,21-40
PEPE/USDT,2026-06-03 06:35:00+00:00,3.2e-06,3.19e-06,SessionHigh,SessionHigh,0.810871,1e-08,19,bearish_break_level,0.0,11-20
PEPE/USDT,2026-06-03 06:40:00+00:00,3.21e-06,3.2e-06,SessionHigh,SessionHigh,0.801571,0.0,18,bearish_break_level,-0.311526,11-20
PEPE/USDT,2026-06-03 10:30:00+00:00,3.24e-06,3.23e-06,SessionHigh,SessionHigh,0.783605,0.0,13,bearish_break_level,-0.308642,11-20
PEPE/USDT,2026-06-04 00:40:00+00:00,3.09e-06,3.07e-06,SessionLow,SessionLow,0.736354,1e-08,7,bearish_break_level,-1.941748,6-10
PEPE/USDT,2026-06-04 01:25:00+00:00,3.02e-06,2.98e-06,SessionLow,SessionLow,0.740625,2e-08,7,bearish_break_level,-5.629139,6-10
PEPE/USDT,2026-06-04 02:05:00+00:00,2.91e-06,2.85e-06,SessionLow,PDL,0.743034,4e-08,39,bearish_break_level,4.123711,21-40
PEPE/USDT,2026-06-04 03:30:00+00:00,3.08e-06,3.05e-06,PDL,PDL,0.74588,1e-08,22,bearish_break_level,-1.623377,21-40
PEPE/USDT,2026-06-04 03:40:00+00:00,3.11e-06,3.08e-06,Round_10bp,PDL,0.737421,1e-08,20,bearish_break_level,-2.572347,11-20
PEPE/USDT,2026-06-05 00:35:00+00:00,2.96e-06,2.94e-06,PDC,SessionHigh,0.755123,0.0,3,bearish_break_level,-0.675676,3-5
PEPE/USDT,2026-06-05 01:15:00+00:00,2.93e-06,2.91e-06,SessionLow,PDC,0.75573,1e-08,10,bearish_break_level,0.0,6-10
PEPE/USDT,2026-06-05 02:45:00+00:00,2.9e-06,2.88e-06,SessionLow,SessionLow,0.75648,1e-08,39,bearish_break_level,-3.103448,21-40
PEPE/USDT,2026-06-05 04:05:00+00:00,2.89e-06,2.87e-06,SessionLow,SessionLow,0.733825,1e-08,23,bearish_break_level,-2.768166,21-40
PEPE/USDT,2026-06-05 06:25:00+00:00,2.75e-06,2.7e-06,SessionLow,,0.726753,3e-08,60,time_stop,1.818182,41-60
PEPE/USDT,2026-06-05 09:10:00+00:00,2.78e-06,2.75e-06,Round_10bp,,0.730462,1e-08,60,time_stop,-1.798561,41-60
PEPE/USDT,2026-06-05 11:15:00+00:00,2.81e-06,2.78e-06,Round_10bp,,0.743994,0.0,60,time_stop,-3.202847,41-60
PEPE/USDT,2026-06-05 13:00:00+00:00,2.78e-06,2.75e-06,Round_10bp,,0.755397,1e-08,60,time_stop,-0.359712,41-60
PEPE/USDT,2026-06-05 13:20:00+00:00,2.81e-06,2.78e-06,Round_10bp,,0.754611,1e-08,60,time_stop,-2.135231,41-60
PEPE/USDT,2026-06-05 14:05:00+00:00,2.73e-06,2.7e-06,SessionLow,SessionLow,0.741907,2e-08,60,bearish_break_level,-4.029304,41-60
PEPE/USDT,2026-06-05 16:45:00+00:00,2.73e-06,2.7e-06,Round_10bp,SessionLow,0.740416,1e-08,28,bearish_break_level,-4.029304,21-40
PEPE/USDT,2026-06-05 16:55:00+00:00,2.78e-06,2.75e-06,Round_10bp,SessionLow,0.727407,2e-08,26,bearish_break_level,-5.755396,21-40
PEPE/USDT,2026-06-05 19:10:00+00:00,2.63e-06,2.62e-06,SessionLow,,0.731078,2e-08,60,time_stop,3.802281,41-60
PEPE/USDT,2026-06-05 19:20:00+00:00,2.64e-06,2.61e-06,SessionLow,,0.722943,2e-08,60,time_stop,3.409091,41-60
PEPE/USDT,2026-06-06 02:20:00+00:00,2.7e-06,2.69e-06,PDC,PDC,0.727347,1e-08,8,bearish_break_level,-1.111111,6-10
PEPE/USDT,2026-06-06 02:50:00+00:00,2.7e-06,2.69e-06,PDC,PDC,0.725542,0.0,2,bearish_break_level,-1.111111,1-2
PEPE/USDT,2026-06-06 03:50:00+00:00,2.67e-06,2.66e-06,SessionLow,SessionLow,0.729369,0.0,3,bearish_break_level,-1.498127,3-5
PEPE/USDT,2026-06-06 04:40:00+00:00,2.55e-06,2.53e-06,SessionLow,PDL,0.729916,1e-08,10,bearish_break_level,1.960784,6-10
PEPE/USDT,2026-06-06 05:45:00+00:00,2.63e-06,2.61e-06,PDL,SessionHigh,0.728618,1e-08,47,bearish_break_level,3.041825,41-60
PEPE/USDT,2026-06-07 00:45:00+00:00,2.69e-06,2.67e-06,PDC,SessionHigh,0.782587,0.0,19,bearish_break_level,1.486989,11-20
PEPE/USDT,2026-06-07 01:05:00+00:00,2.72e-06,2.69e-06,SessionHigh,SessionHigh,0.784668,0.0,15,bearish_break_level,0.367647,11-20
PEPE/USDT,2026-06-07 01:15:00+00:00,2.73e-06,2.72e-06,SessionHigh,SessionHigh,0.782212,0.0,13,bearish_break_level,0.0,11-20
PEPE/USDT,2026-06-07 01:25:00+00:00,2.75e-06,2.73e-06,SessionHigh,SessionHigh,0.780089,1e-08,11,bearish_break_level,-0.727273,11-20
PEPE/USDT,2026-06-07 08:40:00+00:00,2.78e-06,2.75e-06,Round_10bp,SessionHigh,0.8017,1e-08,8,bearish_break_level,0.719424,6-10
PEPE/USDT,2026-06-07 08:45:00+00:00,2.79e-06,2.78e-06,SessionHigh,SessionHigh,0.800871,1e-08,7,bearish_break_level,0.358423,6-10
PEPE/USDT,2026-06-07 17:00:00+00:00,2.78e-06,2.77e-06,PDH,PDH,0.774965,0.0,24,bearish_break_level,-1.079137,21-40
PEPE/USDT,2026-06-08 00:35:00+00:00,2.84e-06,2.81e-06,PDC,SessionHigh,0.766834,0.0,2,bearish_break_level,-0.352113,1-2
PEPE/USDT,2026-06-08 02:00:00+00:00,2.8e-06,2.77e-06,SessionLow,SessionLow,0.747912,1e-08,45,bearish_break_level,-1.428571,41-60
PEPE/USDT,2026-06-08 04:00:00+00:00,2.82e-06,2.81e-06,PDC,SessionLow,0.769072,0.0,21,bearish_break_level,-2.12766,21-40
PEPE/USDT,2026-06-08 06:00:00+00:00,2.77e-06,2.76e-06,SessionLow,,0.756261,0.0,60,time_stop,1.444043,41-60
PEPE/USDT,2026-06-08 11:35:00+00:00,2.83e-06,2.81e-06,PDC,SessionHigh,0.80037,0.0,20,bearish_break_level,-0.353357,11-20
PEPE/USDT,2026-06-08 12:40:00+00:00,2.83e-06,2.81e-06,PDC,SessionHigh,0.800418,1e-08,7,bearish_break_level,-0.353357,6-10
PEPE/USDT,2026-06-08 13:10:00+00:00,2.85e-06,2.84e-06,SessionHigh,SessionHigh,0.808201,0.0,1,bearish_break_level,-1.052632,1-2
PEPE/USDT,2026-06-09 04:30:00+00:00,2.8e-06,2.77e-06,SessionLow,SessionHigh,0.811854,0.0,18,bearish_break_level,1.071429,11-20
PEPE/USDT,2026-06-09 04:50:00+00:00,2.83e-06,2.81e-06,PDC,SessionHigh,0.782628,0.0,14,bearish_break_level,0.0,11-20
PEPE/USDT,2026-06-09 05:35:00+00:00,2.84e-06,2.83e-06,SessionHigh,SessionHigh,0.785192,0.0,5,bearish_break_level,-0.352113,3-5
PEPE/USDT,2026-06-09 12:20:00+00:00,2.83e-06,2.81e-06,PDC,PDL,0.808185,0.0,24,bearish_break_level,-2.826855,21-40
PEPE/USDT,2026-06-09 15:05:00+00:00,2.76e-06,2.74e-06,SessionLow,PDL,0.81816,0.0,12,bearish_break_level,-1.086957,11-20
PEPE/USDT,2026-06-09 16:40:00+00:00,2.72e-06,2.7e-06,SessionLow,PDC,0.765748,1e-08,50,bearish_break_level,2.941176,41-60
PEPE/USDT,2026-06-10 01:10:00+00:00,2.78e-06,2.77e-06,PDC,SessionHigh,0.84552,0.0,13,bearish_break_level,-1.079137,11-20
PEPE/USDT,2026-06-10 01:15:00+00:00,2.79e-06,2.78e-06,SessionHigh,SessionHigh,0.844322,0.0,12,bearish_break_level,-1.433692,11-20
PEPE/USDT,2026-06-10 04:55:00+00:00,2.73e-06,2.72e-06,SessionLow,,0.843778,0.0,60,time_stop,-0.3663,41-60
PEPE/USDT,2026-06-10 06:05:00+00:00,2.73e-06,2.72e-06,SessionLow,SessionLow,0.81829,0.0,51,bearish_break_level,-1.098901,41-60
PEPE/USDT,2026-06-10 10:30:00+00:00,2.72e-06,2.7e-06,PDL,SessionHigh,0.811092,0.0,44,bearish_break_level,1.838235,41-60
PEPE/USDT,2026-06-10 12:30:00+00:00,2.75e-06,2.7e-06,PDL,SessionHigh,0.834366,0.0,20,bearish_break_level,0.727273,11-20
PEPE/USDT,2026-06-10 13:35:00+00:00,2.78e-06,2.77e-06,PDC,SessionHigh,0.815423,1e-08,7,bearish_break_level,-0.359712,6-10
PEPE/USDT,2026-06-10 18:55:00+00:00,2.72e-06,2.7e-06,PDL,PDL,0.83233,0.0,13,bearish_break_level,-1.470588,11-20
PEPE/USDT,2026-06-10 22:40:00+00:00,2.68e-06,2.65e-06,SessionLow,SessionHigh,0.801614,0.0,28,bearish_break_level,0.746269,21-40
PEPE/USDT,2026-06-11 01:40:00+00:00,2.73e-06,2.72e-06,SessionHigh,SessionHigh,0.775801,0.0,10,bearish_break_level,-0.3663,6-10
PEPE/USDT,2026-06-11 03:55:00+00:00,2.78e-06,2.73e-06,SessionHigh,SessionHigh,0.759449,0.0,2,bearish_break_level,-0.719424,1-2
PEPE/USDT,2026-06-11 13:45:00+00:00,2.78e-06,2.75e-06,Round_10bp,SessionHigh,0.797205,1e-08,43,bearish_break_level,-1.079137,41-60
PEPE/USDT,2026-06-11 19:30:00+00:00,2.81e-06,2.8e-06,PDH,WeeklyOpen,0.842227,0.0,11,bearish_break_level,-0.355872,11-20
PEPE/USDT,2026-06-11 21:10:00+00:00,2.81e-06,2.8e-06,PDH,WeeklyOpen,0.806206,0.0,19,bearish_break_level,-0.355872,11-20
PEPE/USDT,2026-06-12 03:35:00+00:00,2.81e-06,2.78e-06,PDC,SessionHigh,0.88212,0.0,6,bearish_break_level,-0.355872,6-10
PEPE/USDT,2026-06-12 03:50:00+00:00,2.82e-06,2.81e-06,WeeklyOpen,SessionHigh,0.916487,0.0,3,bearish_break_level,-0.70922,3-5
PEPE/USDT,2026-06-12 08:15:00+00:00,2.8e-06,2.78e-06,PDC,SessionHigh,0.781278,0.0,26,bearish_break_level,1.071429,21-40
PEPE/USDT,2026-06-12 09:20:00+00:00,2.82e-06,2.81e-06,WeeklyOpen,SessionHigh,0.8129,0.0,13,bearish_break_level,0.35461,11-20
PEPE/USDT,2026-06-12 09:40:00+00:00,2.84e-06,2.83e-06,PDH,SessionHigh,0.780584,0.0,9,bearish_break_level,-0.352113,6-10
PEPE/USDT,2026-06-12 14:30:00+00:00,2.83e-06,2.81e-06,WeeklyOpen,SessionHigh,0.794649,0.0,3,bearish_break_level,0.0,3-5
PEPE/USDT,2026-06-12 14:35:00+00:00,2.84e-06,2.83e-06,PDH,SessionHigh,0.791278,0.0,2,bearish_break_level,-0.352113,1-2
PEPE/USDT,2026-06-12 15:00:00+00:00,2.86e-06,2.84e-06,SessionHigh,SessionHigh,0.79405,1e-08,6,bearish_break_level,-0.699301,6-10
PEPE/USDT,2026-06-12 16:10:00+00:00,2.83e-06,2.81e-06,WeeklyOpen,PDH,0.805776,1e-08,23,bearish_break_level,-0.706714,21-40
PEPE/USDT,2026-06-12 19:35:00+00:00,2.83e-06,2.81e-06,WeeklyOpen,PDH,0.761779,0.0,28,bearish_break_level,-0.706714,21-40
PEPE/USDT,2026-06-12 22:25:00+00:00,2.82e-06,2.81e-06,WeeklyOpen,,0.857379,0.0,60,time_stop,0.35461,41-60
PEPE/USDT,2026-06-13 01:15:00+00:00,2.83e-06,2.81e-06,WeeklyOpen,SessionHigh,0.826704,0.0,34,bearish_break_level,-0.706714,21-40
PEPE/USDT,2026-06-13 06:50:00+00:00,2.81e-06,2.8e-06,PDC,SessionHigh,0.916065,0.0,8,bearish_break_level,0.711744,6-10
PEPE/USDT,2026-06-13 07:25:00+00:00,2.84e-06,2.81e-06,WeeklyOpen,SessionHigh,0.863203,0.0,1,bearish_break_level,-0.352113,1-2
PEPE/USDT,2026-06-13 14:25:00+00:00,2.85e-06,2.84e-06,SessionHigh,PDH,0.908128,0.0,8,bearish_break_level,0.0,6-10
PEPE/USDT,2026-06-13 14:35:00+00:00,2.86e-06,2.85e-06,SessionHigh,PDH,0.854512,0.0,6,bearish_break_level,-0.34965,6-10
PEPE/USDT,2026-06-13 15:30:00+00:00,2.88e-06,2.86e-06,PDH,SessionHigh,0.87905,0.0,36,bearish_break_level,-1.041667,21-40
PEPE/USDT,2026-06-13 21:40:00+00:00,2.88e-06,2.86e-06,PDH,SessionHigh,0.890432,0.0,4,bearish_break_level,-0.347222,3-5
PEPE/USDT,2026-06-14 01:15:00+00:00,2.86e-06,2.83e-06,SessionLow,PDC,0.825035,0.0,5,bearish_break_level,-0.34965,3-5
PEPE/USDT,2026-06-14 07:35:00+00:00,2.83e-06,2.82e-06,SessionLow,WeeklyOpen,0.907885,0.0,21,bearish_break_level,-1.060071,21-40
PEPE/USDT,2026-06-14 09:45:00+00:00,2.84e-06,2.81e-06,WeeklyOpen,WeeklyOpen,0.829358,1e-08,45,bearish_break_level,-1.408451,41-60
PEPE/USDT,2026-06-14 14:20:00+00:00,2.81e-06,2.8e-06,PDL,WeeklyOpen,0.805583,0.0,17,bearish_break_level,-0.711744,11-20
QNT/USDT,2026-06-02 09:45:00+00:00,72.86,72.19,PDH,SessionHigh,0.999568,0.04285714,29,bearish_break_level,3.335163,21-40
QNT/USDT,2026-06-02 11:05:00+00:00,74.33,72.86,SessionHigh,SessionHigh,0.916325,0.105,13,bearish_break_level,1.291538,11-20
QNT/USDT,2026-06-02 11:25:00+00:00,74.72,74.33,SessionHigh,SessionHigh,0.915911,0.13285714,9,bearish_break_level,0.762848,6-10
QNT/USDT,2026-06-02 11:30:00+00:00,76.18,74.72,SessionHigh,SessionHigh,0.877496,0.23714286,8,bearish_break_level,-1.168286,6-10
QNT/USDT,2026-06-02 11:55:00+00:00,76.79,76.18,SessionHigh,SessionHigh,0.885513,0.28071429,3,bearish_break_level,-1.953379,3-5
QNT/USDT,2026-06-03 16:00:00+00:00,75.93,72.43,SessionLow,SessionHigh,0.89693,0.36857143,4,bearish_break_level,-4.925589,3-5
QNT/USDT,2026-06-03 23:50:00+00:00,73.89,72.19,PDL,PDC,0.999568,0.12142857,7,bearish_break_level,-4.736771,6-10
QNT/USDT,2026-06-04 03:25:00+00:00,69.85,68.0,SessionLow,,0.773355,0.13214286,60,time_stop,2.219041,41-60
QNT/USDT,2026-06-05 10:55:00+00:00,66.09,65.0,SessionLow,,0.974806,0.31642857,60,time_stop,-0.272356,41-60
QNT/USDT,2026-06-05 16:45:00+00:00,65.31,64.9,SessionLow,Round_5bp,0.797046,0.10142857,38,bearish_break_level,2.771398,21-40
QNT/USDT,2026-06-05 21:45:00+00:00,67.5,63.79,SessionLow,,0.710294,0.43714286,60,time_stop,0.148148,41-60
QNT/USDT,2026-06-06 02:30:00+00:00,67.6,67.5,PDC,SessionHigh,0.976467,0.00714286,19,bearish_break_level,-4.142012,11-20
QNT/USDT,2026-06-06 03:00:00+00:00,68.16,67.61,SessionHigh,SessionHigh,0.907492,0.09142857,13,bearish_break_level,-4.929577,11-20
QNT/USDT,2026-06-06 07:00:00+00:00,67.31,64.8,SessionLow,,0.816082,0.17928571,60,time_stop,0.0,41-60
QNT/USDT,2026-06-06 18:45:00+00:00,67.02,63.03,SessionLow,,0.837565,0.285,60,time_stop,4.38675,41-60
QNT/USDT,2026-06-06 21:15:00+00:00,67.39,66.7161,Round_10bp,SessionHigh,0.78897,0.04428571,32,bearish_break_level,0.29678,21-40
QNT/USDT,2026-06-07 05:15:00+00:00,70.08,67.59,PDC,,0.966735,0.17785714,60,time_stop,0.014269,41-60
QNT/USDT,2026-06-07 17:20:00+00:00,67.78,67.59,PDC,,0.990809,0.195,60,time_stop,0.014754,41-60
QNT/USDT,2026-06-08 00:50:00+00:00,70.61,67.79,PDC,,0.999568,0.20142857,60,time_stop,0.0,41-60
QNT/USDT,2026-06-08 22:00:00+00:00,77.57,67.29,SessionLow,PDC,0.949432,0.965,28,bearish_break_level,-14.980018,21-40
QNT/USDT,2026-06-09 03:05:00+00:00,70.4,65.95,SessionLow,,0.85327,0.31785714,60,time_stop,0.0,41-60
QNT/USDT,2026-06-09 13:45:00+00:00,70.4,65.0,SessionLow,SessionHigh,0.94705,0.38571429,1,bearish_break_level,-3.991477,1-2
QNT/USDT,2026-06-09 21:30:00+00:00,67.36,64.88,SessionLow,,0.947491,0.17714286,60,time_stop,-0.786817,41-60
QNT/USDT,2026-06-10 13:20:00+00:00,72.68,66.83,PDC,SessionLow,0.999568,0.86928571,54,bearish_break_level,-10.55311,41-60
QNT/USDT,2026-06-10 18:40:00+00:00,65.82,64.58,SessionLow,SessionLow,0.870608,0.24,38,bearish_break_level,-2.658766,21-40
QNT/USDT,2026-06-11 19:00:00+00:00,67.56,63.39,SessionLow,,0.999568,0.29785714,60,time_stop,2.101835,41-60
QNT/USDT,2026-06-11 21:55:00+00:00,68.33,67.56,SessionHigh,SessionHigh,0.984137,0.07071429,52,bearish_break_level,-2.209864,41-60
QNT/USDT,2026-06-11 22:45:00+00:00,68.91,68.33,SessionHigh,SessionHigh,0.934941,0.11214286,42,bearish_break_level,-3.032942,41-60
QNT/USDT,2026-06-11 22:50:00+00:00,68.98,68.91,SessionHigh,SessionHigh,0.925457,0.11714286,41,bearish_break_level,-3.131342,41-60
QNT/USDT,2026-06-12 00:30:00+00:00,69.37,68.98,PDH,SessionHigh,0.855453,0.02785714,21,bearish_break_level,-3.675941,21-40
QNT/USDT,2026-06-12 01:55:00+00:00,70.17,69.37,SessionHigh,SessionHigh,0.807922,0.05714286,4,bearish_break_level,-4.77412,3-5
QNT/USDT,2026-06-12 20:25:00+00:00,66.57,64.19,SessionLow,,0.925954,0.17,60,time_stop,0.0,41-60
QNT/USDT,2026-06-13 16:15:00+00:00,64.87,64.4,SessionLow,,0.999568,0.03357143,60,time_stop,4.208417,41-60
QNT/USDT,2026-06-13 20:55:00+00:00,67.6,64.34,SessionLow,WeeklyOpen,0.85158,0.28785714,9,bearish_break_level,-2.95858,6-10
QNT/USDT,2026-06-13 21:20:00+00:00,67.79,67.6,SessionHigh,WeeklyOpen,0.92545,0.28428571,4,bearish_break_level,-3.230565,3-5
QNT/USDT,2026-06-14 09:20:00+00:00,67.24,65.83,PDC,,0.999568,0.10071429,60,time_stop,0.0,41-60
QTUM/USDT,2026-06-04 01:05:00+00:00,0.803,0.8,PDH,SessionHigh,0.999568,0.00021429,22,bearish_break_level,-5.728518,21-40
QTUM/USDT,2026-06-06 11:30:00+00:00,0.748,0.7,PDL,,0.999568,0.00342857,60,time_stop,0.0,41-60
QTUM/USDT,2026-06-06 20:30:00+00:00,0.68,0.65,SessionLow,,0.986987,0.00914286,60,time_stop,0.0,41-60
QTUM/USDT,2026-06-07 23:05:00+00:00,1.19,0.68,PDC,PDH,0.999568,0.03642857,15,bearish_break_level,-18.739496,11-20
QTUM/USDT,2026-06-08 22:30:00+00:00,0.685,0.684,SessionLow,,0.919592,0.00385714,60,time_stop,0.0,41-60
QTUM/USDT,2026-06-09 10:30:00+00:00,0.706,0.685,PDC,SessionHigh,0.999568,0.0015,47,bearish_break_level,-0.849858,41-60
QTUM/USDT,2026-06-10 16:05:00+00:00,0.682,0.68,PDL,,0.999568,0.00014286,60,time_stop,0.0,41-60
QTUM/USDT,2026-06-11 20:00:00+00:00,1.123,0.651,PDL,SessionHigh,0.999568,0.03371429,8,bearish_break_level,-8.370436,6-10
QTUM/USDT,2026-06-12 02:30:00+00:00,1.031,1.029,PDC,WeeklyOpen,0.987767,0.00014286,45,bearish_break_level,12.99709,41-60
QTUM/USDT,2026-06-12 02:35:00+00:00,1.19,1.031,SessionHigh,WeeklyOpen,0.94294,0.0115,44,bearish_break_level,-2.10084,41-60
QTUM/USDT,2026-06-12 15:10:00+00:00,0.693,0.681,SessionLow,,0.968101,0.00085714,60,time_stop,0.0,41-60
QTUM/USDT,2026-06-12 20:35:00+00:00,0.696,0.69252,Round_5bp,,0.988679,0.00021429,60,time_stop,15.229885,41-60
QTUM/USDT,2026-06-13 08:05:00+00:00,0.746,0.743,SessionLow,,0.971993,0.00021429,60,time_stop,-6.568365,41-60
QTUM/USDT,2026-06-13 23:55:00+00:00,0.748,0.697,SessionLow,PDC,0.999568,0.00364286,1,bearish_break_level,-1.470588,1-2
RENDER/USDT,2026-06-02 01:20:00+00:00,2.13,2.11,PDC,SessionLow,0.764951,0.00407143,3,bearish_break_level,-2.206573,3-5
RENDER/USDT,2026-06-02 02:55:00+00:00,2.141,2.11959,Round_10bp,SessionHigh,0.783213,0.00957143,3,bearish_break_level,0.373657,3-5
RENDER/USDT,2026-06-02 03:00:00+00:00,2.153,2.143,SessionHigh,SessionHigh,0.770998,0.01042857,2,bearish_break_level,-0.185787,1-2
RENDER/USDT,2026-06-02 04:00:00+00:00,2.219,2.204,SessionHigh,SessionHigh,0.754133,0.01171429,11,bearish_break_level,-2.208202,11-20
RENDER/USDT,2026-06-02 10:10:00+00:00,2.2,2.178,Round_10bp,SessionHigh,0.784255,0.00557143,22,bearish_break_level,0.909091,21-40
RENDER/USDT,2026-06-02 14:20:00+00:00,2.191,2.180045,Round_5bp,Round_5bp,0.762318,0.015,53,bearish_break_level,-5.385669,41-60
RENDER/USDT,2026-06-02 16:00:00+00:00,2.017,2.014,SessionLow,Round_5bp,0.739807,0.01085714,33,bearish_break_level,2.776401,21-40
RENDER/USDT,2026-06-02 23:35:00+00:00,2.03,2.002,SessionLow,SessionHigh,0.717177,0.00571429,26,bearish_break_level,4.187192,21-40
RENDER/USDT,2026-06-03 00:15:00+00:00,2.069,2.057,SessionHigh,SessionHigh,0.70631,0.00735714,18,bearish_break_level,2.223296,11-20
RENDER/USDT,2026-06-03 02:10:00+00:00,2.153,2.143,SessionHigh,SessionHigh,0.799007,0.00564286,5,bearish_break_level,-0.510915,3-5
RENDER/USDT,2026-06-03 05:05:00+00:00,2.219,2.213,SessionHigh,SessionHigh,0.744537,0.01471429,17,bearish_break_level,0.225327,11-20
RENDER/USDT,2026-06-03 08:45:00+00:00,2.24,2.233,SessionHigh,SessionHigh,0.751724,0.00557143,7,bearish_break_level,-2.901786,6-10
RENDER/USDT,2026-06-03 10:50:00+00:00,2.239,2.227805,Round_5bp,SessionHigh,0.77392,0.00457143,6,bearish_break_level,0.491291,6-10
RENDER/USDT,2026-06-03 10:55:00+00:00,2.26,2.24,SessionHigh,SessionHigh,0.769511,0.00821429,5,bearish_break_level,-0.442478,3-5
RENDER/USDT,2026-06-03 11:00:00+00:00,2.263,2.26,SessionHigh,SessionHigh,0.767657,0.01042857,4,bearish_break_level,-0.574459,3-5
RENDER/USDT,2026-06-03 16:40:00+00:00,2.14,2.1293,Round_5bp,Round_5bp,0.778532,0.00492857,49,bearish_break_level,-1.635514,41-60
RENDER/USDT,2026-06-03 18:00:00+00:00,2.139,2.11761,Round_10bp,Round_5bp,0.727162,0.00335714,33,bearish_break_level,-1.589528,21-40
RENDER/USDT,2026-06-03 19:00:00+00:00,2.172,2.15028,Round_10bp,Round_5bp,0.765893,0.0075,21,bearish_break_level,-3.084715,21-40
RENDER/USDT,2026-06-03 21:30:00+00:00,2.164,2.15318,Round_5bp,Round_5bp,0.766062,0.014,15,bearish_break_level,1.571165,11-20
RENDER/USDT,2026-06-04 00:35:00+00:00,2.156,2.147,SessionLow,SessionLow,0.744501,0.00935714,7,bearish_break_level,-1.669759,6-10
RENDER/USDT,2026-06-04 02:05:00+00:00,2.012,1.981,SessionLow,,0.771372,0.02935714,60,time_stop,-1.888668,41-60
RENDER/USDT,2026-06-04 06:15:00+00:00,2.038,1.966,SessionLow,SessionLow,0.740273,0.00892857,13,bearish_break_level,-5.593719,11-20
RENDER/USDT,2026-06-04 10:00:00+00:00,1.887,1.857,SessionLow,SessionLow,0.692139,0.0065,18,bearish_break_level,-2.384738,11-20
RENDER/USDT,2026-06-04 10:15:00+00:00,1.864,1.855,SessionLow,SessionLow,0.714101,0.00721429,15,bearish_break_level,-1.180258,11-20
RENDER/USDT,2026-06-04 11:40:00+00:00,1.837,1.835,SessionLow,,0.719081,0.00271429,60,time_stop,9.471965,41-60
RENDER/USDT,2026-06-04 13:40:00+00:00,1.93,1.92035,Round_5bp,Round_5bp,0.696239,0.01092857,40,bearish_break_level,2.331606,21-40
RENDER/USDT,2026-06-04 14:10:00+00:00,1.945,1.92555,Round_10bp,Round_5bp,0.795196,0.00978571,34,bearish_break_level,1.542416,21-40
RENDER/USDT,2026-06-04 15:30:00+00:00,1.931,1.91169,Round_10bp,Round_5bp,0.713208,0.00557143,18,bearish_break_level,2.278612,11-20
RENDER/USDT,2026-06-04 15:40:00+00:00,1.955,1.945225,Round_5bp,Round_5bp,0.717536,0.00757143,16,bearish_break_level,1.023018,11-20
RENDER/USDT,2026-06-04 20:30:00+00:00,1.948,1.92852,Round_10bp,Round_5bp,0.722634,0.00464286,9,bearish_break_level,-1.950719,6-10
RENDER/USDT,2026-06-05 00:05:00+00:00,1.889,1.863,SessionLow,SessionHigh,0.710387,0.00521429,2,bearish_break_level,-1.005823,1-2
RENDER/USDT,2026-06-05 01:05:00+00:00,1.826,1.823,SessionLow,Round_5bp,0.733377,0.01057143,14,bearish_break_level,0.383352,11-20
RENDER/USDT,2026-06-05 03:10:00+00:00,1.771,1.762,SessionLow,PDL,0.731349,0.00857143,27,bearish_break_level,3.500847,21-40
RENDER/USDT,2026-06-05 06:25:00+00:00,1.722,1.674,SessionLow,,0.757982,0.01721429,60,time_stop,-0.232288,41-60
RENDER/USDT,2026-06-05 11:05:00+00:00,1.718,1.70941,Round_5bp,Round_5bp,0.743526,0.00392857,41,bearish_break_level,-2.211874,41-60
RENDER/USDT,2026-06-05 14:05:00+00:00,1.704,1.671,SessionLow,Round_5bp,0.741166,0.00992857,5,bearish_break_level,-1.408451,3-5
RENDER/USDT,2026-06-05 14:15:00+00:00,1.718,1.70082,Round_10bp,Round_5bp,0.737608,0.01121429,3,bearish_break_level,-2.211874,3-5
RENDER/USDT,2026-06-05 14:55:00+00:00,1.668,1.661,SessionLow,SessionLow,0.764348,0.01428571,4,bearish_break_level,-1.558753,3-5
RENDER/USDT,2026-06-05 19:40:00+00:00,1.606,1.562,SessionLow,SessionHigh,0.682341,0.00771429,57,bearish_break_level,5.417186,41-60
RENDER/USDT,2026-06-05 22:25:00+00:00,1.702,1.68498,Round_10bp,SessionHigh,0.711844,0.008,24,bearish_break_level,-0.52879,21-40
RENDER/USDT,2026-06-06 00:10:00+00:00,1.695,1.659,PDC,SessionHigh,0.68776,0.00971429,3,bearish_break_level,-0.117994,3-5
RENDER/USDT,2026-06-06 02:40:00+00:00,1.689,1.648,SessionLow,SessionLow,0.690371,0.00528571,4,bearish_break_level,-3.256365,3-5
RENDER/USDT,2026-06-06 21:15:00+00:00,1.59,1.5741,Round_10bp,SessionHigh,0.764019,0.00114286,50,bearish_break_level,3.459119,41-60
RENDER/USDT,2026-06-07 01:00:00+00:00,1.613,1.586,PDC,SessionHigh,0.850103,0.0025,5,bearish_break_level,1.983881,3-5
RENDER/USDT,2026-06-07 01:45:00+00:00,1.654,1.65,SessionHigh,SessionHigh,0.778629,0.00635714,1,bearish_break_level,-0.846433,1-2
RENDER/USDT,2026-06-07 05:15:00+00:00,1.663,1.658,SessionHigh,PDH,0.767401,0.00292857,25,bearish_break_level,1.864101,21-40
RENDER/USDT,2026-06-07 05:30:00+00:00,1.666,1.663,SessionHigh,PDH,0.797569,0.00214286,22,bearish_break_level,1.680672,21-40
RENDER/USDT,2026-06-07 06:10:00+00:00,1.673,1.671,SessionHigh,PDH,0.801243,0.00264286,14,bearish_break_level,1.25523,11-20
RENDER/USDT,2026-06-07 06:15:00+00:00,1.676,1.673,SessionHigh,PDH,0.766391,0.00285714,13,bearish_break_level,1.073986,11-20
RENDER/USDT,2026-06-07 06:25:00+00:00,1.679,1.676,SessionHigh,PDH,0.761779,0.00114286,11,bearish_break_level,0.893389,11-20
RENDER/USDT,2026-06-07 06:35:00+00:00,1.693,1.683,SessionHigh,PDH,0.789121,0.00214286,9,bearish_break_level,0.059067,6-10
RENDER/USDT,2026-06-07 06:40:00+00:00,1.695,1.693,SessionHigh,PDH,0.842546,0.00221429,8,bearish_break_level,-0.058997,6-10
RENDER/USDT,2026-06-07 08:55:00+00:00,1.708,1.703,SessionHigh,SessionHigh,0.718657,0.00271429,5,bearish_break_level,-0.117096,3-5
RENDER/USDT,2026-06-07 09:00:00+00:00,1.719,1.708,SessionHigh,SessionHigh,0.715111,0.0035,4,bearish_break_level,-0.756254,3-5
RENDER/USDT,2026-06-08 00:35:00+00:00,1.699,1.677,PDC,SessionHigh,0.749154,0.00157143,8,bearish_break_level,-2.472042,6-10
RENDER/USDT,2026-06-08 02:30:00+00:00,1.678,1.648,SessionLow,PDC,0.753539,0.00278571,18,bearish_break_level,-1.370679,11-20
RENDER/USDT,2026-06-08 04:45:00+00:00,1.638,1.634,SessionLow,,0.825172,0.0035,60,time_stop,0.1221,41-60
RENDER/USDT,2026-06-08 05:55:00+00:00,1.635,1.631,SessionLow,,0.763709,0.00078571,60,time_stop,2.691131,41-60
RENDER/USDT,2026-06-08 10:00:00+00:00,1.679,1.677,PDC,Round_10bp,0.767967,0.00285714,15,bearish_break_level,-1.072067,11-20
RENDER/USDT,2026-06-08 16:40:00+00:00,1.658,1.64971,Round_5bp,,0.85612,0.00864286,60,time_stop,1.206273,41-60
RENDER/USDT,2026-06-09 01:30:00+00:00,1.615,1.59885,Round_10bp,,0.837452,0.00421429,60,time_stop,2.414861,41-60
RENDER/USDT,2026-06-09 04:35:00+00:00,1.629,1.593,SessionLow,SessionHigh,0.732701,0.00414286,57,bearish_break_level,1.104972,41-60
RENDER/USDT,2026-06-09 05:30:00+00:00,1.65,1.64175,Round_5bp,SessionHigh,0.783754,0.00407143,46,bearish_break_level,-0.181818,41-60
RENDER/USDT,2026-06-09 05:45:00+00:00,1.652,1.65,SessionHigh,SessionHigh,0.732341,0.00164286,43,bearish_break_level,-0.302663,41-60
RENDER/USDT,2026-06-09 06:25:00+00:00,1.654,1.652,SessionHigh,SessionHigh,0.806741,0.00135714,35,bearish_break_level,-0.423216,21-40
RENDER/USDT,2026-06-09 13:00:00+00:00,1.633,1.631,PDL,SessionLow,0.86304,0.00185714,35,bearish_break_level,-3.061849,21-40
RENDER/USDT,2026-06-09 17:00:00+00:00,1.6,1.568,SessionLow,PDL,0.81765,0.00385714,37,bearish_break_level,1.8125,21-40
RENDER/USDT,2026-06-10 04:15:00+00:00,1.598,1.593,SessionLow,SessionLow,0.976439,0.00035714,4,bearish_break_level,-0.938673,3-5
RENDER/USDT,2026-06-10 11:30:00+00:00,1.538,1.531,SessionLow,,0.838806,0.00221429,60,time_stop,0.520156,41-60
RENDER/USDT,2026-06-10 13:30:00+00:00,1.591,1.57509,Round_10bp,,0.758299,0.00321429,60,time_stop,-3.519799,41-60
RENDER/USDT,2026-06-10 20:50:00+00:00,1.516,1.504,SessionLow,SessionHigh,0.780869,0.00378571,46,bearish_break_level,0.659631,41-60
RENDER/USDT,2026-06-10 21:15:00+00:00,1.513,1.499,SessionLow,SessionHigh,0.716084,0.00307143,41,bearish_break_level,0.85922,41-60
RENDER/USDT,2026-06-10 21:35:00+00:00,1.514,1.50643,Round_5bp,SessionHigh,0.749713,0.00414286,37,bearish_break_level,0.792602,21-40
RENDER/USDT,2026-06-10 22:45:00+00:00,1.519,1.489,SessionLow,SessionHigh,0.715704,0.00392857,23,bearish_break_level,0.460829,21-40
RENDER/USDT,2026-06-11 03:55:00+00:00,1.572,1.552,SessionHigh,,0.705565,0.004,60,time_stop,0.445293,41-60
RENDER/USDT,2026-06-11 04:50:00+00:00,1.576,1.572,SessionHigh,Round_10bp,0.766769,0.00314286,54,bearish_break_level,-0.888325,41-60
RENDER/USDT,2026-06-11 16:55:00+00:00,1.547,1.539265,Round_5bp,SessionHigh,0.813723,0.00428571,16,bearish_break_level,3.490627,11-20
RENDER/USDT,2026-06-11 17:40:00+00:00,1.586,1.581,SessionHigh,SessionHigh,0.785418,0.0055,7,bearish_break_level,0.945776,6-10
RENDER/USDT,2026-06-11 18:45:00+00:00,1.605,1.596975,Round_5bp,SessionHigh,0.756193,0.00457143,20,bearish_break_level,-0.062305,11-20
RENDER/USDT,2026-06-11 20:00:00+00:00,1.623,1.616,SessionHigh,SessionHigh,0.805238,0.00342857,5,bearish_break_level,-1.170672,3-5
RENDER/USDT,2026-06-11 20:05:00+00:00,1.629,1.623,SessionHigh,SessionHigh,0.763326,0.00342857,4,bearish_break_level,-1.534684,3-5
RENDER/USDT,2026-06-11 20:15:00+00:00,1.635,1.629,PDH,SessionHigh,0.762147,0.00385714,2,bearish_break_level,-1.896024,1-2
RENDER/USDT,2026-06-11 21:05:00+00:00,1.661,1.643,SessionHigh,SessionHigh,0.705154,0.00764286,12,bearish_break_level,-1.324503,11-20
RENDER/USDT,2026-06-11 21:10:00+00:00,1.671,1.661,SessionHigh,SessionHigh,0.707363,0.00785714,11,bearish_break_level,-1.915021,11-20
RENDER/USDT,2026-06-12 00:10:00+00:00,1.661,1.634,PDC,SessionHigh,0.741072,0.00192857,2,bearish_break_level,-1.92655,1-2
RENDER/USDT,2026-06-12 02:15:00+00:00,1.633,1.623,SessionLow,PDC,0.840464,0.001,2,bearish_break_level,-0.306185,1-2
RENDER/USDT,2026-06-12 04:45:00+00:00,1.666,1.662,SessionHigh,SessionHigh,0.812861,0.00271429,12,bearish_break_level,-2.220888,11-20
RENDER/USDT,2026-06-12 08:20:00+00:00,1.646,1.609,SessionLow,Round_5bp,0.790819,0.00264286,12,bearish_break_level,-0.060753,11-20
RENDER/USDT,2026-06-12 09:40:00+00:00,1.673,1.671,PDH,SessionHigh,0.794553,0.00321429,1,bearish_break_level,-0.478183,1-2
RENDER/USDT,2026-06-12 14:50:00+00:00,1.681,1.671,PDH,SessionHigh,0.778326,0.0035,13,bearish_break_level,-1.427722,11-20
RENDER/USDT,2026-06-12 15:10:00+00:00,1.705,1.693,SessionHigh,SessionHigh,0.730774,0.00521429,9,bearish_break_level,-2.815249,6-10
RENDER/USDT,2026-06-13 00:15:00+00:00,1.679,1.642,PDC,SessionHigh,0.901045,0.00307143,38,bearish_break_level,-0.83383,21-40
RENDER/USDT,2026-06-13 06:55:00+00:00,1.697,1.692,SessionHigh,SessionHigh,0.83381,0.00228571,13,bearish_break_level,2.474956,11-20
RENDER/USDT,2026-06-13 07:15:00+00:00,1.704,1.697,SessionHigh,SessionHigh,0.86699,0.00278571,9,bearish_break_level,2.053991,6-10
RENDER/USDT,2026-06-13 07:20:00+00:00,1.722,1.705,PDH,SessionHigh,0.867888,0.0055,8,bearish_break_level,0.987224,6-10
RENDER/USDT,2026-06-13 07:25:00+00:00,1.729,1.722,SessionHigh,SessionHigh,0.860753,0.0065,7,bearish_break_level,0.578369,6-10
RENDER/USDT,2026-06-13 07:45:00+00:00,1.745,1.742,SessionHigh,SessionHigh,0.841901,0.01157143,3,bearish_break_level,-0.34384,3-5
RENDER/USDT,2026-06-13 08:15:00+00:00,1.753,1.749,SessionHigh,SessionHigh,0.853363,0.01071429,7,bearish_break_level,-1.083856,6-10
RENDER/USDT,2026-06-13 09:05:00+00:00,1.734,1.72533,Round_5bp,SessionHigh,0.78941,0.0045,22,bearish_break_level,0.922722,21-40
RENDER/USDT,2026-06-13 12:20:00+00:00,1.777,1.775,SessionHigh,SessionHigh,0.811124,0.00192857,8,bearish_break_level,-0.225098,6-10
RENDER/USDT,2026-06-14 00:35:00+00:00,1.778,1.753,SessionLow,,0.876746,0.00507143,60,time_stop,-1.631046,41-60
RENDER/USDT,2026-06-14 01:40:00+00:00,1.77,1.749,SessionLow,,0.899661,0.00535714,60,time_stop,0.621469,41-60
RENDER/USDT,2026-06-14 06:05:00+00:00,1.781,1.749,SessionLow,,0.828862,0.00357143,60,time_stop,-1.179113,41-60
RENDER/USDT,2026-06-14 15:30:00+00:00,1.739,1.709,SessionLow,,0.819971,0.00371429,60,time_stop,0.575043,41-60
REQ/USDT,2026-06-04 13:20:00+00:00,0.0564,0.0545,SessionLow,,0.921433,0.00162143,60,time_stop,0.0,41-60
REQ/USDT,2026-06-07 08:45:00+00:00,0.0559,0.0537,PDH,,0.999568,0.00015714,60,time_stop,0.0,41-60
REQ/USDT,2026-06-08 15:25:00+00:00,0.0712,0.0559,PDH,,0.999568,0.00109286,60,time_stop,0.0,41-60
REQ/USDT,2026-06-14 12:00:00+00:00,0.0577,0.0519,PDH,,0.999568,0.00044286,60,time_stop,0.0,41-60
RLC/USDT,2026-06-08 03:20:00+00:00,0.385,0.346,SessionLow,,0.967527,0.00278571,60,time_stop,0.0,41-60
RLC/USDT,2026-06-09 06:15:00+00:00,0.39,0.385,PDH,,0.999568,0.00035714,60,time_stop,0.0,41-60
RLC/USDT,2026-06-12 04:50:00+00:00,0.36,0.32,SessionLow,,0.857607,0.00285714,60,time_stop,0.0,41-60
RLC/USDT,2026-06-14 17:00:00+00:00,0.341,0.253,SessionLow,,0.984463,0.01392857,60,time_stop,0.0,41-60
RVN/USDT,2026-06-02 00:30:00+00:00,0.00525,0.00519,SessionLow,SessionHigh,0.904456,5.71e-06,3,bearish_break_level,-1.142857,3-5
RVN/USDT,2026-06-02 02:50:00+00:00,0.00514,0.00512,PDL,,0.827599,4.29e-06,60,time_stop,-0.389105,41-60
RVN/USDT,2026-06-02 11:50:00+00:00,0.0051,0.00508,SessionLow,SessionLow,0.905277,1.43e-06,31,bearish_break_level,-2.941176,21-40
RVN/USDT,2026-06-02 21:30:00+00:00,0.0049,0.00483,SessionLow,Round_10bp,0.819889,5e-06,4,bearish_break_level,-1.020408,3-5
RVN/USDT,2026-06-03 00:20:00+00:00,0.00485,0.00478,PDL,SessionHigh,0.776029,2.571e-05,46,bearish_break_level,-1.85567,41-60
RVN/USDT,2026-06-03 00:35:00+00:00,0.00487,0.00484565,Round_5bp,SessionHigh,0.744503,2.143e-05,43,bearish_break_level,-2.258727,41-60
RVN/USDT,2026-06-03 05:30:00+00:00,0.00494,0.0049,SessionHigh,SessionHigh,0.824397,1.286e-05,25,bearish_break_level,-1.012146,21-40
RVN/USDT,2026-06-03 23:30:00+00:00,0.00486,0.00478,PDL,PDC,0.946044,5.71e-06,9,bearish_break_level,-1.440329,6-10
RVN/USDT,2026-06-04 00:30:00+00:00,0.0047,0.00469,SessionLow,PDL,0.899155,3.571e-05,9,bearish_break_level,-8.723404,6-10
RVN/USDT,2026-06-04 03:05:00+00:00,0.00466,0.00424,SessionLow,,0.779249,3.357e-05,60,time_stop,-1.502146,41-60
RVN/USDT,2026-06-04 06:30:00+00:00,0.00471,0.0046629,Round_10bp,,0.861077,3.57e-06,60,time_stop,-2.547771,41-60
RVN/USDT,2026-06-05 00:15:00+00:00,0.00462,0.00443,PDC,SessionHigh,0.905109,1.357e-05,2,bearish_break_level,0.4329,1-2
RVN/USDT,2026-06-05 00:20:00+00:00,0.00465,0.00462,SessionHigh,SessionHigh,0.896608,1.571e-05,1,bearish_break_level,-0.215054,1-2
RVN/USDT,2026-06-05 00:30:00+00:00,0.00466,0.0046367,Round_5bp,SessionHigh,0.919189,1.786e-05,1,bearish_break_level,-0.429185,1-2
RVN/USDT,2026-06-05 10:25:00+00:00,0.00442,0.00434,SessionLow,Round_10bp,0.858868,1e-05,12,bearish_break_level,-0.904977,11-20
RVN/USDT,2026-06-05 16:00:00+00:00,0.00429,0.00423,SessionLow,SessionLow,0.825081,4.29e-06,39,bearish_break_level,-12.354312,21-40
RVN/USDT,2026-06-05 16:30:00+00:00,0.00434,0.0042,SessionLow,SessionLow,0.799264,2.071e-05,33,bearish_break_level,-13.364055,21-40
RVN/USDT,2026-06-05 20:00:00+00:00,0.00419,0.00376,SessionLow,SessionHigh,0.789355,7.143e-05,52,bearish_break_level,0.477327,41-60
RVN/USDT,2026-06-06 00:15:00+00:00,0.00427,0.0042,PDC,SessionHigh,0.759352,5e-06,1,bearish_break_level,-1.405152,1-2
RVN/USDT,2026-06-06 06:00:00+00:00,0.00408,0.00406,SessionLow,,0.86925,2.86e-06,60,time_stop,0.980392,41-60
RVN/USDT,2026-06-06 09:25:00+00:00,0.00417,0.00396,SessionLow,,0.835349,1.5e-05,60,time_stop,0.479616,41-60
RVN/USDT,2026-06-07 03:35:00+00:00,0.00424,0.0042188,Round_5bp,SessionHigh,0.869877,1.43e-06,55,bearish_break_level,0.0,41-60
RVN/USDT,2026-06-07 08:05:00+00:00,0.00427,0.00424,SessionHigh,SessionHigh,0.938506,2.14e-06,1,bearish_break_level,-0.702576,1-2
RVN/USDT,2026-06-08 00:15:00+00:00,0.00424,0.00421,SessionLow,Round_10bp,0.867252,1e-05,11,bearish_break_level,0.707547,11-20
RVN/USDT,2026-06-08 00:40:00+00:00,0.0043,0.0042785,Round_5bp,Round_10bp,0.814255,1.429e-05,6,bearish_break_level,-0.697674,6-10
RVN/USDT,2026-06-08 05:55:00+00:00,0.00426,0.00417,SessionLow,,0.839173,7.14e-06,60,time_stop,0.469484,41-60
RVN/USDT,2026-06-08 10:10:00+00:00,0.00431,0.0042669,Round_10bp,PDH,0.726915,7.86e-06,26,bearish_break_level,-0.928074,21-40
RVN/USDT,2026-06-08 13:05:00+00:00,0.00434,0.0042966,Round_10bp,SessionHigh,0.767607,8.57e-06,41,bearish_break_level,-1.612903,41-60
RVN/USDT,2026-06-08 15:10:00+00:00,0.00436,0.00435,SessionHigh,SessionHigh,0.817546,7.1e-07,16,bearish_break_level,-2.06422,11-20
RVN/USDT,2026-06-09 00:30:00+00:00,0.00434,0.00427,SessionLow,SessionHigh,0.931432,1.071e-05,2,bearish_break_level,-0.230415,1-2
RVN/USDT,2026-06-09 05:05:00+00:00,0.00434,0.00429,PDC,,0.841569,1.143e-05,60,time_stop,0.460829,41-60
RVN/USDT,2026-06-09 05:15:00+00:00,0.00436,0.00434,SessionHigh,,0.798157,1.286e-05,60,time_stop,0.0,41-60
RVN/USDT,2026-06-09 17:00:00+00:00,0.0043,0.00419,SessionLow,,0.79546,1.143e-05,60,time_stop,-1.860465,41-60
RVN/USDT,2026-06-10 00:15:00+00:00,0.00429,0.00422,PDC,SessionHigh,0.901051,5e-06,2,bearish_break_level,0.0,1-2
RVN/USDT,2026-06-10 00:20:00+00:00,0.0043,0.00429,SessionHigh,SessionHigh,0.893075,7.86e-06,1,bearish_break_level,-0.232558,1-2
RVN/USDT,2026-06-10 05:10:00+00:00,0.00418,0.00417,SessionLow,SessionLow,0.839542,7.1e-07,50,bearish_break_level,-1.196172,41-60
RVN/USDT,2026-06-10 09:35:00+00:00,0.00416,0.00413,SessionLow,,0.875207,5e-06,60,time_stop,1.923077,41-60
RVN/USDT,2026-06-10 13:30:00+00:00,0.00419,0.00411,SessionLow,,0.859674,5.71e-06,60,time_stop,0.0,41-60
RVN/USDT,2026-06-10 13:35:00+00:00,0.00421,0.00419,PDL,,0.850887,7.86e-06,60,time_stop,-0.475059,41-60
RVN/USDT,2026-06-10 19:40:00+00:00,0.0041,0.00407,SessionLow,SessionLow,0.859165,1.143e-05,19,bearish_break_level,-1.707317,11-20
RVN/USDT,2026-06-10 21:55:00+00:00,0.00404,0.00403,SessionLow,SessionHigh,0.82996,7.86e-06,32,bearish_break_level,1.980198,21-40
RVN/USDT,2026-06-11 00:15:00+00:00,0.0041,0.00401,PDL,SessionHigh,0.771499,6.43e-06,4,bearish_break_level,0.487805,3-5
RVN/USDT,2026-06-11 00:25:00+00:00,0.00412,0.0041,SessionHigh,SessionHigh,0.7492,7.86e-06,2,bearish_break_level,0.0,1-2
RVN/USDT,2026-06-11 03:00:00+00:00,0.00411,0.0040689,Round_10bp,SessionHigh,0.79333,1.143e-05,55,bearish_break_level,1.216545,41-60
RVN/USDT,2026-06-11 07:20:00+00:00,0.00418,0.00416,SessionHigh,SessionHigh,0.802758,4.29e-06,3,bearish_break_level,-0.478469,3-5
RVN/USDT,2026-06-11 13:45:00+00:00,0.00417,0.0041283,Round_10bp,SessionHigh,0.901397,2.86e-06,39,bearish_break_level,0.0,21-40
RVN/USDT,2026-06-11 14:45:00+00:00,0.00419,0.00416905,Round_5bp,SessionHigh,0.912182,5.71e-06,27,bearish_break_level,-0.477327,21-40
RVN/USDT,2026-06-11 16:10:00+00:00,0.0042,0.00419,SessionHigh,SessionHigh,0.839794,7.1e-07,10,bearish_break_level,-0.714286,6-10
RVN/USDT,2026-06-11 17:50:00+00:00,0.00425,0.00421,SessionHigh,,0.832772,7.86e-06,60,time_stop,0.0,41-60
RVN/USDT,2026-06-12 00:20:00+00:00,0.0043,0.00425,PDH,SessionHigh,0.999568,3.57e-06,4,bearish_break_level,0.697674,3-5
RVN/USDT,2026-06-12 00:25:00+00:00,0.00431,0.0043,SessionHigh,SessionHigh,0.996013,5e-06,3,bearish_break_level,0.464037,3-5
RVN/USDT,2026-06-12 00:35:00+00:00,0.00434,0.00431,SessionHigh,SessionHigh,0.987547,7.86e-06,1,bearish_break_level,-0.230415,1-2
RVN/USDT,2026-06-12 04:20:00+00:00,0.0043,0.0042785,Round_5bp,,0.869667,1.43e-06,60,time_stop,0.697674,41-60
RVN/USDT,2026-06-12 14:50:00+00:00,0.00433,0.00421,SessionLow,,0.763385,8.57e-06,60,time_stop,-0.692841,41-60
RVN/USDT,2026-06-12 15:10:00+00:00,0.00435,0.00432825,Round_5bp,,0.814391,1e-05,60,time_stop,-1.149425,41-60
RVN/USDT,2026-06-12 18:45:00+00:00,0.00428,0.0042586,Round_5bp,,0.833484,1.214e-05,60,time_stop,-0.700935,41-60
RVN/USDT,2026-06-13 00:10:00+00:00,0.00435,0.00425,PDC,SessionHigh,0.846426,1.071e-05,6,bearish_break_level,0.45977,6-10
RVN/USDT,2026-06-13 00:20:00+00:00,0.00436,0.00435,SessionHigh,SessionHigh,0.833712,1.143e-05,4,bearish_break_level,0.229358,3-5
RVN/USDT,2026-06-13 00:30:00+00:00,0.00437,0.00436,SessionHigh,SessionHigh,0.875796,1e-05,2,bearish_break_level,0.0,1-2
RVN/USDT,2026-06-13 00:35:00+00:00,0.00439,0.00437,PDH,SessionHigh,0.877068,1.143e-05,1,bearish_break_level,-0.455581,1-2
RVN/USDT,2026-06-13 09:40:00+00:00,0.00442,0.00441,SessionHigh,SessionHigh,0.864955,5.71e-06,7,bearish_break_level,-0.226244,6-10
RVN/USDT,2026-06-13 16:25:00+00:00,0.00443,0.00442,SessionHigh,SessionHigh,0.973316,1.43e-06,2,bearish_break_level,-3.386005,1-2
RVN/USDT,2026-06-14 00:20:00+00:00,0.00441,0.00432,PDC,SessionHigh,0.902073,6.43e-06,1,bearish_break_level,-0.453515,1-2
SAND/USDT,2026-06-03 11:20:00+00:00,0.099,0.0589,SessionLow,SessionHigh,0.999568,0.00286429,39,bearish_break_level,-23.232323,21-40
SAND/USDT,2026-06-05 20:35:00+00:00,0.0549,0.051,SessionLow,,0.951955,0.00027857,60,time_stop,-7.468124,41-60
SAND/USDT,2026-06-06 02:45:00+00:00,0.0547,0.0508,PDL,SessionHigh,0.953711,0.00027857,18,bearish_break_level,-7.678245,11-20
SAND/USDT,2026-06-08 23:55:00+00:00,0.0502,0.0501,PDH,,0.999568,7.14e-06,60,time_stop,0.0,41-60
SEI/USDT,2026-06-02 01:05:00+00:00,0.07291,0.07098,PDH,SessionHigh,0.936915,0.00057071,5,bearish_break_level,-2.482513,3-5
SEI/USDT,2026-06-02 09:25:00+00:00,0.06954,0.0688446,Round_10bp,,0.884544,0.00011143,60,time_stop,-3.940178,41-60
SEI/USDT,2026-06-02 20:45:00+00:00,0.07021,0.066,SessionLow,SessionLow,0.928056,0.00030071,32,bearish_break_level,-11.095286,21-40
SEI/USDT,2026-06-02 23:45:00+00:00,0.06692,0.06242,SessionLow,PDC,0.848812,0.000665,4,bearish_break_level,-6.724447,3-5
SEI/USDT,2026-06-03 00:10:00+00:00,0.06596,0.06242,PDL,,0.773462,0.00096071,60,time_stop,-5.366889,41-60
SEI/USDT,2026-06-03 13:20:00+00:00,0.06447,0.06242,PDL,,0.999568,0.00014643,60,time_stop,-3.831239,41-60
SEI/USDT,2026-06-03 20:15:00+00:00,0.06273,0.062,SessionLow,PDL,0.897426,5.214e-05,50,bearish_break_level,-6.153356,41-60
SEI/USDT,2026-06-04 18:10:00+00:00,0.05696,0.05352,SessionLow,SessionLow,0.999568,0.00024571,31,bearish_break_level,-8.374298,21-40
SEI/USDT,2026-06-04 23:05:00+00:00,0.05558,0.05213,SessionLow,PDC,0.785798,0.00024643,59,bearish_break_level,-7.844548,41-60
SEI/USDT,2026-06-05 18:30:00+00:00,0.04791,0.04528,SessionLow,,0.840916,0.00018786,60,time_stop,-1.502818,41-60
SEI/USDT,2026-06-06 00:55:00+00:00,0.05021,0.04719,PDC,SessionHigh,0.873801,0.00021571,20,bearish_break_level,-0.278829,11-20
SEI/USDT,2026-06-07 04:00:00+00:00,0.0488,0.04792,PDC,SessionHigh,0.999568,6.286e-05,28,bearish_break_level,0.409836,21-40
SEI/USDT,2026-06-07 04:05:00+00:00,0.049,0.0488,SessionHigh,SessionHigh,0.995626,7.714e-05,27,bearish_break_level,0.0,21-40
SEI/USDT,2026-06-07 06:15:00+00:00,0.04911,0.049,SessionHigh,SessionHigh,0.909392,7.86e-06,1,bearish_break_level,-0.223987,1-2
SEI/USDT,2026-06-07 16:05:00+00:00,0.05161,0.0506,SessionHigh,SessionHigh,0.999568,7.214e-05,10,bearish_break_level,-4.378996,6-10
SEI/USDT,2026-06-07 20:20:00+00:00,0.04881,0.04792,PDC,,0.788552,0.00011286,60,time_stop,2.438025,41-60
SEI/USDT,2026-06-08 22:50:00+00:00,0.05171,0.05,PDC,PDH,0.999568,0.00012214,14,bearish_break_level,-4.563914,11-20
SEI/USDT,2026-06-10 22:00:00+00:00,0.046,0.045,SessionLow,,0.91241,7.143e-05,60,time_stop,2.456522,41-60
SEI/USDT,2026-06-11 01:25:00+00:00,0.04713,0.046,PDC,,0.899647,8.071e-05,60,time_stop,1.676215,41-60
SEI/USDT,2026-06-11 04:55:00+00:00,0.04792,0.04713,SessionHigh,,0.921756,5.643e-05,60,time_stop,0.0,41-60
SEI/USDT,2026-06-11 17:30:00+00:00,0.04911,0.04792,SessionHigh,,0.999568,8.5e-05,60,time_stop,0.0,41-60
SEI/USDT,2026-06-12 08:55:00+00:00,0.0504,0.04911,PDH,SessionHigh,0.999568,9.214e-05,57,bearish_break_level,1.626984,41-60
SEI/USDT,2026-06-12 10:45:00+00:00,0.05161,0.0504,SessionHigh,SessionHigh,0.908515,8.643e-05,35,bearish_break_level,-0.755668,21-40
SEI/USDT,2026-06-12 13:20:00+00:00,0.05339,0.05244,SessionHigh,SessionHigh,0.89498,6.786e-05,4,bearish_break_level,-4.064432,3-5
SEI/USDT,2026-06-13 00:55:00+00:00,0.05348,0.05288,PDC,,0.96473,4.286e-05,60,time_stop,0.0,41-60
SEI/USDT,2026-06-13 06:35:00+00:00,0.05423,0.05348,SessionHigh,SessionHigh,0.970284,5.357e-05,56,bearish_break_level,-3.171676,41-60
SEI/USDT,2026-06-13 09:55:00+00:00,0.05735,0.05423,SessionHigh,SessionHigh,0.962614,0.00022286,16,bearish_break_level,-8.439407,11-20
SEI/USDT,2026-06-13 13:25:00+00:00,0.05264,0.05251,SessionLow,,0.921227,9.29e-06,60,time_stop,0.0,41-60
SEI/USDT,2026-06-13 23:30:00+00:00,0.05405,0.05247,SessionLow,,0.765912,0.00022929,60,time_stop,0.629047,41-60
SHIB/USDT,2026-06-02 01:55:00+00:00,5.52e-06,5.48e-06,SessionLow,PDC,0.759598,1e-08,1,bearish_break_level,-0.362319,1-2
SHIB/USDT,2026-06-02 02:20:00+00:00,5.45e-06,5.41e-06,SessionLow,PDC,0.747642,2e-08,23,bearish_break_level,0.550459,21-40
SHIB/USDT,2026-06-02 02:30:00+00:00,5.5e-06,5.44e-06,Round_10bp,PDC,0.753865,3e-08,21,bearish_break_level,-0.363636,21-40
SHIB/USDT,2026-06-02 03:00:00+00:00,5.53e-06,5.52e-06,PDC,PDC,0.743438,3e-08,15,bearish_break_level,-0.904159,11-20
SHIB/USDT,2026-06-02 08:05:00+00:00,5.48e-06,5.46e-06,WeeklyOpen,Round_10bp,0.739909,1e-08,37,bearish_break_level,-0.912409,21-40
SHIB/USDT,2026-06-02 10:10:00+00:00,5.48e-06,5.45e-06,Round_5bp,Round_10bp,0.758178,0.0,12,bearish_break_level,-0.912409,11-20
SHIB/USDT,2026-06-02 11:35:00+00:00,5.48e-06,5.46e-06,WeeklyOpen,Round_10bp,0.776045,1e-08,30,bearish_break_level,-0.912409,21-40
SHIB/USDT,2026-06-02 16:05:00+00:00,5.32e-06,5.29e-06,Round_5bp,Round_10bp,0.735495,2e-08,30,bearish_break_level,-0.93985,21-40
SHIB/USDT,2026-06-02 23:00:00+00:00,5.14e-06,5.13e-06,SessionLow,SessionHigh,0.737714,1e-08,14,bearish_break_level,0.77821,11-20
SHIB/USDT,2026-06-03 01:05:00+00:00,5.24e-06,5.21e-06,Round_5bp,SessionHigh,0.724742,1e-08,1,bearish_break_level,-0.763359,1-2
SHIB/USDT,2026-06-03 01:30:00+00:00,5.24e-06,5.2e-06,PDC,SessionHigh,0.711086,1e-08,7,bearish_break_level,0.19084,6-10
SHIB/USDT,2026-06-03 02:55:00+00:00,5.25e-06,5.22e-06,Round_5bp,PDC,0.732533,1e-08,9,bearish_break_level,-1.333333,6-10
SHIB/USDT,2026-06-03 03:50:00+00:00,5.18e-06,5.17e-06,SessionLow,PDC,0.722024,1e-08,5,bearish_break_level,-0.19305,3-5
SHIB/USDT,2026-06-03 04:20:00+00:00,5.2e-06,5.17e-06,SessionLow,SessionHigh,0.721364,1e-08,14,bearish_break_level,1.923077,11-20
SHIB/USDT,2026-06-03 04:25:00+00:00,5.22e-06,5.2e-06,PDC,SessionHigh,0.718894,1e-08,13,bearish_break_level,1.532567,11-20
SHIB/USDT,2026-06-03 07:15:00+00:00,5.33e-06,5.28e-06,Round_10bp,SessionHigh,0.730964,1e-08,18,bearish_break_level,-0.187617,11-20
SHIB/USDT,2026-06-03 10:35:00+00:00,5.35e-06,5.34e-06,SessionHigh,SessionHigh,0.747556,1e-08,1,bearish_break_level,-0.747664,1-2
SHIB/USDT,2026-06-03 12:30:00+00:00,5.33e-06,5.3e-06,Round_5bp,Round_5bp,0.752713,1e-08,21,bearish_break_level,-0.375235,21-40
SHIB/USDT,2026-06-03 16:25:00+00:00,5.21e-06,5.2e-06,PDC,Round_5bp,0.748873,1e-08,54,bearish_break_level,-1.151631,41-60
SHIB/USDT,2026-06-03 16:55:00+00:00,5.24e-06,5.2e-06,PDC,Round_5bp,0.729002,1e-08,48,bearish_break_level,-1.717557,41-60
SHIB/USDT,2026-06-03 18:40:00+00:00,5.25e-06,5.22e-06,Round_5bp,Round_5bp,0.751337,1e-08,27,bearish_break_level,-1.904762,21-40
SHIB/USDT,2026-06-03 21:00:00+00:00,5.18e-06,5.15e-06,SessionLow,SessionHigh,0.731917,1e-08,38,bearish_break_level,0.3861,21-40
SHIB/USDT,2026-06-03 21:20:00+00:00,5.21e-06,5.2e-06,PDC,SessionHigh,0.775326,1e-08,34,bearish_break_level,-0.191939,21-40
SHIB/USDT,2026-06-04 00:00:00+00:00,5.22e-06,5.21e-06,PDC,SessionHigh,0.733782,1e-08,2,bearish_break_level,-0.383142,1-2
SHIB/USDT,2026-06-04 00:40:00+00:00,5.15e-06,5.12e-06,SessionLow,PDL,0.729427,1e-08,5,bearish_break_level,-0.582524,3-5
SHIB/USDT,2026-06-04 01:30:00+00:00,5.07e-06,5.05e-06,SessionLow,SessionLow,0.726584,2e-08,5,bearish_break_level,-1.577909,3-5
SHIB/USDT,2026-06-04 02:05:00+00:00,4.96e-06,4.87e-06,SessionLow,PDL,0.737264,3e-08,30,bearish_break_level,3.225806,21-40
SHIB/USDT,2026-06-04 03:00:00+00:00,5.09e-06,5.04e-06,Round_10bp,PDL,0.729365,3e-08,19,bearish_break_level,0.589391,11-20
SHIB/USDT,2026-06-04 13:35:00+00:00,5.02e-06,4.99e-06,Round_5bp,,0.711206,1e-08,60,time_stop,0.199203,41-60
SHIB/USDT,2026-06-04 21:10:00+00:00,4.96e-06,4.94e-06,Round_5bp,PDC,0.754687,0.0,46,bearish_break_level,-1.209677,41-60
SHIB/USDT,2026-06-04 21:45:00+00:00,4.9e-06,4.87e-06,SessionLow,PDC,0.724483,1e-08,39,bearish_break_level,0.0,21-40
SHIB/USDT,2026-06-04 22:55:00+00:00,4.93e-06,4.88e-06,Round_10bp,PDC,0.728874,1e-08,25,bearish_break_level,-0.608519,21-40
SHIB/USDT,2026-06-05 02:35:00+00:00,4.89e-06,4.87e-06,PDL,SessionLow,0.772358,1e-08,5,bearish_break_level,-1.226994,3-5
SHIB/USDT,2026-06-05 03:05:00+00:00,4.85e-06,4.83e-06,SessionLow,SessionLow,0.773846,1e-08,37,bearish_break_level,-2.061856,21-40
SHIB/USDT,2026-06-05 05:35:00+00:00,4.88e-06,4.87e-06,PDL,SessionLow,0.790262,0.0,7,bearish_break_level,-2.663934,6-10
SHIB/USDT,2026-06-05 05:55:00+00:00,4.82e-06,4.8e-06,SessionLow,SessionLow,0.762973,1e-08,3,bearish_break_level,-1.452282,3-5
SHIB/USDT,2026-06-05 06:25:00+00:00,4.69e-06,4.58e-06,SessionLow,Round_5bp,0.76116,3e-08,8,bearish_break_level,-0.426439,6-10
SHIB/USDT,2026-06-05 18:15:00+00:00,4.57e-06,4.55e-06,Round_5bp,Round_5bp,0.747256,1e-08,12,bearish_break_level,-3.282276,11-20
SHIB/USDT,2026-06-06 00:30:00+00:00,4.6e-06,4.5e-06,PDC,SessionHigh,0.774478,1e-08,9,bearish_break_level,-1.086957,6-10
SHIB/USDT,2026-06-06 01:00:00+00:00,4.62e-06,4.6e-06,SessionHigh,SessionHigh,0.798304,1e-08,3,bearish_break_level,-1.515152,3-5
SHIB/USDT,2026-06-06 05:45:00+00:00,4.48e-06,4.46e-06,Round_5bp,PDC,0.739624,2e-08,6,bearish_break_level,-0.446429,6-10
SHIB/USDT,2026-06-07 00:50:00+00:00,4.57e-06,4.53e-06,PDC,SessionHigh,0.871863,0.0,27,bearish_break_level,1.531729,21-40
SHIB/USDT,2026-06-07 01:05:00+00:00,4.59e-06,4.57e-06,SessionHigh,SessionHigh,0.912713,1e-08,24,bearish_break_level,1.089325,21-40
SHIB/USDT,2026-06-07 01:15:00+00:00,4.64e-06,4.59e-06,Round_10bp,SessionHigh,0.87229,1e-08,22,bearish_break_level,0.0,21-40
SHIB/USDT,2026-06-07 04:50:00+00:00,4.68e-06,4.65e-06,SessionHigh,SessionHigh,0.83288,0.0,39,bearish_break_level,0.42735,21-40
SHIB/USDT,2026-06-07 06:50:00+00:00,4.73e-06,4.69e-06,SessionHigh,SessionHigh,0.78498,0.0,15,bearish_break_level,-0.634249,11-20
SHIB/USDT,2026-06-07 08:55:00+00:00,4.77e-06,4.75e-06,SessionHigh,SessionHigh,0.781762,1e-08,5,bearish_break_level,-0.419287,3-5
SHIB/USDT,2026-06-07 09:05:00+00:00,4.78e-06,4.77e-06,SessionHigh,SessionHigh,0.800645,1e-08,3,bearish_break_level,-0.627615,3-5
SHIB/USDT,2026-06-07 20:45:00+00:00,4.64e-06,4.59e-06,Round_10bp,SessionHigh,0.831004,1e-08,26,bearish_break_level,1.293103,21-40
SHIB/USDT,2026-06-07 22:15:00+00:00,4.81e-06,4.78e-06,SessionHigh,SessionHigh,0.822783,2e-08,8,bearish_break_level,-2.286902,6-10
SHIB/USDT,2026-06-08 09:20:00+00:00,4.71e-06,4.69e-06,Round_5bp,PDH,0.843186,0.0,28,bearish_break_level,0.849257,21-40
SHIB/USDT,2026-06-08 09:30:00+00:00,4.72e-06,4.71e-06,SessionHigh,PDH,0.832679,0.0,26,bearish_break_level,0.635593,21-40
SHIB/USDT,2026-06-08 11:20:00+00:00,4.75e-06,4.72e-06,SessionHigh,PDH,0.788133,0.0,4,bearish_break_level,0.0,3-5
SHIB/USDT,2026-06-08 11:35:00+00:00,4.81e-06,4.75e-06,SessionHigh,PDH,0.814601,1e-08,1,bearish_break_level,-1.247401,1-2
SHIB/USDT,2026-06-09 01:30:00+00:00,4.69e-06,4.67e-06,SessionLow,SessionHigh,0.842186,0.0,60,bearish_break_level,0.639659,41-60
SHIB/USDT,2026-06-09 08:00:00+00:00,4.73e-06,4.68e-06,Round_10bp,PDC,0.853746,2e-08,1,bearish_break_level,-0.845666,1-2
SHIB/USDT,2026-06-09 14:55:00+00:00,4.63e-06,4.6e-06,SessionLow,PDC,0.858484,1e-08,13,bearish_break_level,0.0,11-20
SHIB/USDT,2026-06-09 18:05:00+00:00,4.66e-06,4.58e-06,SessionLow,,0.759031,1e-08,60,time_stop,0.643777,41-60
SHIB/USDT,2026-06-10 00:10:00+00:00,4.7e-06,4.69e-06,PDC,WeeklyOpen,0.909787,0.0,1,bearish_break_level,-0.212766,1-2
SHIB/USDT,2026-06-10 02:55:00+00:00,4.62e-06,4.6e-06,SessionLow,,0.872285,1e-08,60,time_stop,0.649351,41-60
SHIB/USDT,2026-06-10 15:55:00+00:00,4.76e-06,4.75e-06,SessionHigh,PDH,0.897233,0.0,20,bearish_break_level,-1.05042,11-20
SHIB/USDT,2026-06-11 01:40:00+00:00,4.69e-06,4.58e-06,PDL,SessionHigh,0.9098,1e-08,40,bearish_break_level,-1.066098,21-40
SHIB/USDT,2026-06-11 03:55:00+00:00,4.71e-06,4.69e-06,SessionHigh,SessionHigh,0.954476,0.0,13,bearish_break_level,-1.4862,11-20
SHIB/USDT,2026-06-11 04:00:00+00:00,4.74e-06,4.71e-06,SessionHigh,SessionHigh,0.939598,0.0,12,bearish_break_level,-2.109705,11-20
SHIB/USDT,2026-06-11 08:30:00+00:00,4.76e-06,4.74e-06,SessionHigh,PDH,0.882228,1e-08,46,bearish_break_level,-0.840336,41-60
SHIB/USDT,2026-06-11 15:00:00+00:00,4.77e-06,4.76e-06,PDH,SessionHigh,0.892641,0.0,34,bearish_break_level,2.096436,21-40
SHIB/USDT,2026-06-11 17:35:00+00:00,4.84e-06,4.78e-06,SessionHigh,SessionHigh,0.828662,0.0,3,bearish_break_level,0.619835,3-5
SHIB/USDT,2026-06-11 17:45:00+00:00,4.9e-06,4.84e-06,SessionHigh,SessionHigh,0.812367,1e-08,1,bearish_break_level,-0.612245,1-2
SHIB/USDT,2026-06-12 09:20:00+00:00,4.85e-06,4.78e-06,SessionLow,,0.875323,1e-08,60,time_stop,-0.824742,41-60
SHIB/USDT,2026-06-12 14:55:00+00:00,4.93e-06,4.92e-06,SessionHigh,SessionHigh,0.904978,1e-08,7,bearish_break_level,-0.608519,6-10
SHIB/USDT,2026-06-12 15:50:00+00:00,4.89e-06,4.87e-06,Round_5bp,,0.845849,1e-08,60,time_stop,0.0,41-60
SHIB/USDT,2026-06-13 06:05:00+00:00,4.9e-06,4.83e-06,PDC,SessionHigh,0.999568,0.0,39,bearish_break_level,1.428571,21-40
SHIB/USDT,2026-06-13 07:45:00+00:00,4.93e-06,4.9e-06,SessionHigh,SessionHigh,0.953274,0.0,19,bearish_break_level,0.811359,11-20
SHIB/USDT,2026-06-13 08:05:00+00:00,4.94e-06,4.93e-06,SessionHigh,SessionHigh,0.946087,0.0,15,bearish_break_level,0.607287,11-20
SHIB/USDT,2026-06-13 11:25:00+00:00,5.01e-06,5e-06,SessionHigh,SessionHigh,0.818411,0.0,9,bearish_break_level,0.798403,6-10
SHIB/USDT,2026-06-13 11:55:00+00:00,5.07e-06,5.03e-06,SessionHigh,SessionHigh,0.801506,0.0,3,bearish_break_level,-0.394477,3-5
SHIB/USDT,2026-06-13 21:05:00+00:00,5.02e-06,4.99e-06,Round_5bp,,0.789992,0.0,60,time_stop,0.398406,41-60
SHIB/USDT,2026-06-14 01:15:00+00:00,5.02e-06,4.99e-06,PDC,SessionHigh,0.83113,0.0,20,bearish_break_level,-0.398406,11-20
SHIB/USDT,2026-06-14 01:20:00+00:00,5.04e-06,5.02e-06,SessionHigh,SessionHigh,0.826653,0.0,19,bearish_break_level,-0.793651,11-20
SHIB/USDT,2026-06-14 04:25:00+00:00,5.02e-06,4.99e-06,PDC,,0.85923,0.0,60,time_stop,-0.59761,41-60
SHIB/USDT,2026-06-14 07:35:00+00:00,5.02e-06,4.99e-06,PDC,PDC,0.836522,0.0,57,bearish_break_level,-1.593625,41-60
SHIB/USDT,2026-06-14 13:35:00+00:00,4.93e-06,4.91e-06,SessionLow,SessionLow,0.851986,0.0,10,bearish_break_level,-0.608519,6-10
SHIB/USDT,2026-06-14 15:05:00+00:00,4.92e-06,4.89e-06,SessionLow,,0.856296,1e-08,60,time_stop,0.0,41-60
SNX/USDT,2026-06-03 05:50:00+00:00,0.281,0.265,PDL,,0.999568,0.00114286,60,time_stop,0.0,41-60
SNX/USDT,2026-06-04 03:00:00+00:00,0.262,0.257,SessionLow,,0.944571,0.00128571,60,time_stop,0.0,41-60
SNX/USDT,2026-06-07 22:10:00+00:00,0.245,0.214,PDL,,0.999568,0.00221429,60,time_stop,0.0,41-60
SNX/USDT,2026-06-10 16:10:00+00:00,0.249,0.245,PDH,SessionHigh,0.999568,0.00028571,24,bearish_break_level,-6.425703,21-40
SNX/USDT,2026-06-11 20:00:00+00:00,0.249,0.233,PDL,,0.999568,0.00114286,60,time_stop,0.0,41-60
SOL/USDT,2026-06-02 00:30:00+00:00,81.11,80.97,SessionLow,PDC,0.725384,0.09071429,4,bearish_break_level,-0.184934,3-5
SOL/USDT,2026-06-02 01:15:00+00:00,80.97,80.83,SessionLow,SessionLow,0.738482,0.07071429,2,bearish_break_level,-0.308756,1-2
SOL/USDT,2026-06-02 01:40:00+00:00,80.44,80.2,SessionLow,SessionLow,0.731426,0.11357143,4,bearish_break_level,-0.596718,3-5
SOL/USDT,2026-06-02 07:05:00+00:00,79.39,79.16,PDL,PDL,0.750162,0.13571429,28,bearish_break_level,-0.730571,21-40
SOL/USDT,2026-06-02 14:10:00+00:00,78.77,78.49,SessionLow,Round_5bp,0.741606,0.14285714,16,bearish_break_level,-3.402311,11-20
SOL/USDT,2026-06-03 00:15:00+00:00,75.14,74.76,SessionHigh,SessionHigh,0.707293,0.31071429,1,bearish_break_level,-0.452489,1-2
SOL/USDT,2026-06-03 03:50:00+00:00,72.96,72.42,SessionLow,SessionHigh,0.753478,0.26285714,33,bearish_break_level,2.987939,21-40
SOL/USDT,2026-06-03 04:00:00+00:00,73.46,72.79,PDL,SessionHigh,0.711657,0.31571429,31,bearish_break_level,2.286959,21-40
SOL/USDT,2026-06-03 07:45:00+00:00,75.42,75.33,SessionHigh,SessionHigh,0.737811,0.06642857,2,bearish_break_level,-0.2917,1-2
SOL/USDT,2026-06-03 10:05:00+00:00,75.53,75.15235,Round_5bp,SessionHigh,0.774475,0.12,1,bearish_break_level,-0.291275,1-2
SOL/USDT,2026-06-03 14:40:00+00:00,74.32,74.22,PDC,Round_10bp,0.722519,0.20285714,10,bearish_break_level,-0.928418,6-10
SOL/USDT,2026-06-03 16:25:00+00:00,72.52,72.17,SessionLow,Round_5bp,0.719833,0.31214286,16,bearish_break_level,1.199669,11-20
SOL/USDT,2026-06-03 17:15:00+00:00,73.06,72.79,PDL,Round_5bp,0.782687,0.24928571,6,bearish_break_level,0.451684,6-10
SOL/USDT,2026-06-03 19:00:00+00:00,73.13,72.79,PDL,PDL,0.761558,0.17214286,3,bearish_break_level,-0.847805,3-5
SOL/USDT,2026-06-03 20:10:00+00:00,72.3,71.9385,Round_5bp,Round_5bp,0.749696,0.29428571,5,bearish_break_level,-0.77455,3-5
SOL/USDT,2026-06-04 00:30:00+00:00,71.07,70.6,SessionLow,Round_5bp,0.723637,0.27571429,7,bearish_break_level,-0.872379,6-10
SOL/USDT,2026-06-04 03:30:00+00:00,71.45,70.99,PDL,PDC,0.759599,0.42,4,bearish_break_level,-0.139958,3-5
SOL/USDT,2026-06-04 09:55:00+00:00,68.76,68.4162,Round_5bp,Round_5bp,0.714384,0.22285714,2,bearish_break_level,-0.61082,1-2
SOL/USDT,2026-06-04 21:05:00+00:00,69.05,68.70475,Round_5bp,Round_5bp,0.713604,0.20357143,2,bearish_break_level,-0.709631,1-2
SOL/USDT,2026-06-04 22:55:00+00:00,68.5,68.1575,Round_5bp,PDC,0.756655,0.21785714,13,bearish_break_level,0.189781,11-20
SOL/USDT,2026-06-05 01:05:00+00:00,68.22,67.73,SessionLow,Round_5bp,0.727383,0.26214286,22,bearish_break_level,-1.363237,21-40
SOL/USDT,2026-06-05 02:35:00+00:00,67.95,67.73,SessionLow,Round_5bp,0.716312,0.19571429,4,bearish_break_level,-0.971302,3-5
SOL/USDT,2026-06-05 03:15:00+00:00,67.78,67.06,SessionLow,SessionLow,0.724729,0.28071429,36,bearish_break_level,-3.880201,21-40
SOL/USDT,2026-06-05 06:05:00+00:00,66.3,65.9685,Round_5bp,SessionLow,0.74925,0.33357143,2,bearish_break_level,-1.73454,1-2
SOL/USDT,2026-06-05 07:30:00+00:00,65.74,65.4113,Round_5bp,,0.787793,0.46071429,60,time_stop,-0.760572,41-60
SOL/USDT,2026-06-06 00:55:00+00:00,64.77,64.68,SessionHigh,SessionHigh,0.747357,0.19285714,3,bearish_break_level,-0.663888,3-5
SOL/USDT,2026-06-06 02:20:00+00:00,63.74,63.36,SessionLow,PDC,0.730838,0.18642857,5,bearish_break_level,-0.329463,3-5
SOL/USDT,2026-06-06 04:35:00+00:00,60.64,60.52,SessionLow,Round_10bp,0.721143,0.39571429,4,bearish_break_level,0.049472,3-5
SOL/USDT,2026-06-06 04:50:00+00:00,61.31,60.6969,Round_10bp,Round_10bp,0.740877,0.45,1,bearish_break_level,-1.043875,1-2
SOL/USDT,2026-06-06 06:20:00+00:00,63.19,62.87405,Round_5bp,Round_5bp,0.729535,0.38571429,50,bearish_break_level,-2.595347,41-60
SOL/USDT,2026-06-06 07:10:00+00:00,62.96,62.6452,Round_5bp,Round_5bp,0.774438,0.25642857,40,bearish_break_level,-2.239517,21-40
SOL/USDT,2026-06-06 07:40:00+00:00,63.0,62.685,Round_5bp,Round_5bp,0.742714,0.23071429,34,bearish_break_level,-2.301587,21-40
SOL/USDT,2026-06-06 16:40:00+00:00,61.82,61.49,PDL,Round_5bp,0.758161,0.20428571,5,bearish_break_level,0.016176,3-5
SOL/USDT,2026-06-06 18:10:00+00:00,61.61,61.49,PDL,Round_5bp,0.727736,0.18,4,bearish_break_level,0.259698,3-5
SOL/USDT,2026-06-06 18:25:00+00:00,62.1,61.49,PDL,Round_5bp,0.746611,0.19142857,1,bearish_break_level,-0.531401,1-2
SOL/USDT,2026-06-06 19:05:00+00:00,62.07,61.75965,Round_5bp,PDL,0.780317,0.17,12,bearish_break_level,-1.047205,11-20
SOL/USDT,2026-06-06 20:15:00+00:00,61.64,61.49,PDL,Round_5bp,0.736591,0.11214286,21,bearish_break_level,-0.04867,21-40
SOL/USDT,2026-06-07 00:15:00+00:00,62.13,62.06,SessionLow,SessionHigh,0.698946,0.09571429,4,bearish_break_level,0.643811,3-5
SOL/USDT,2026-06-07 01:00:00+00:00,62.76,62.1324,Round_10bp,SessionHigh,0.718213,0.15928571,6,bearish_break_level,1.258764,6-10
SOL/USDT,2026-06-07 01:05:00+00:00,63.05,62.76,SessionHigh,SessionHigh,0.717372,0.20214286,5,bearish_break_level,0.793021,3-5
SOL/USDT,2026-06-07 01:15:00+00:00,63.51,63.2,SessionHigh,SessionHigh,0.748454,0.21428571,3,bearish_break_level,0.062982,3-5
SOL/USDT,2026-06-07 07:35:00+00:00,64.94,64.84,PDH,PDH,0.758938,0.095,6,bearish_break_level,-0.538959,6-10
SOL/USDT,2026-06-07 08:35:00+00:00,65.19,64.84,PDH,SessionHigh,0.712539,0.10428571,5,bearish_break_level,0.966406,3-5
SOL/USDT,2026-06-07 08:45:00+00:00,65.58,65.23,SessionHigh,SessionHigh,0.719138,0.12928571,3,bearish_break_level,0.365965,3-5
SOL/USDT,2026-06-07 11:35:00+00:00,65.06,64.84,PDH,PDH,0.745224,0.11071429,38,bearish_break_level,-0.537965,21-40
SOL/USDT,2026-06-07 12:45:00+00:00,64.19,63.86905,Round_5bp,PDH,0.711009,0.20857143,24,bearish_break_level,0.810095,21-40
SOL/USDT,2026-06-07 16:10:00+00:00,65.08,64.84,PDH,Round_5bp,0.702692,0.12,36,bearish_break_level,-1.352182,21-40
SOL/USDT,2026-06-07 22:05:00+00:00,65.0,64.675,Round_5bp,SessionHigh,0.738076,0.10571429,2,bearish_break_level,2.846154,1-2
SOL/USDT,2026-06-08 00:25:00+00:00,66.53,66.04,SessionLow,SessionHigh,0.694129,0.19214286,3,bearish_break_level,0.616263,3-5
SOL/USDT,2026-06-08 00:35:00+00:00,67.08,66.45,PDC,SessionHigh,0.705408,0.21214286,1,bearish_break_level,-0.208706,1-2
SOL/USDT,2026-06-08 02:10:00+00:00,66.46,66.1277,Round_5bp,PDC,0.717705,0.19071429,1,bearish_break_level,-0.391213,1-2
SOL/USDT,2026-06-08 09:15:00+00:00,66.09,65.75955,Round_5bp,SessionHigh,0.717396,0.14428571,30,bearish_break_level,0.832199,21-40
SOL/USDT,2026-06-08 11:15:00+00:00,66.71,66.45,PDC,SessionHigh,0.751284,0.17785714,6,bearish_break_level,-0.104932,6-10
SOL/USDT,2026-06-08 12:55:00+00:00,67.26,66.9237,Round_5bp,SessionHigh,0.731798,0.22071429,1,bearish_break_level,-0.341957,1-2
SOL/USDT,2026-06-08 13:50:00+00:00,66.93,66.59535,Round_5bp,Round_5bp,0.726014,0.19571429,2,bearish_break_level,-0.597639,1-2
SOL/USDT,2026-06-08 14:55:00+00:00,67.28,66.9436,Round_5bp,SessionHigh,0.756472,0.17928571,4,bearish_break_level,0.505351,3-5
SOL/USDT,2026-06-08 15:00:00+00:00,67.48,67.31,SessionHigh,SessionHigh,0.718434,0.16928571,3,bearish_break_level,0.207469,3-5
SOL/USDT,2026-06-08 15:10:00+00:00,67.81,67.48,SessionHigh,SessionHigh,0.718772,0.16071429,1,bearish_break_level,-0.280195,1-2
SOL/USDT,2026-06-09 00:15:00+00:00,66.73,66.56,SessionLow,Round_10bp,0.743829,0.13,1,bearish_break_level,-0.914132,1-2
SOL/USDT,2026-06-09 07:40:00+00:00,66.9,66.8,PDC,PDC,0.775476,0.10285714,13,bearish_break_level,-0.433483,11-20
SOL/USDT,2026-06-09 14:20:00+00:00,65.12,65.0,PDL,Round_5bp,0.737395,0.24428571,1,bearish_break_level,-0.537469,1-2
SOL/USDT,2026-06-09 14:30:00+00:00,64.98,64.76,SessionLow,PDL,0.72326,0.26071429,1,bearish_break_level,-0.353955,1-2
SOL/USDT,2026-06-09 15:05:00+00:00,65.17,64.84415,Round_5bp,PDL,0.720194,0.28642857,4,bearish_break_level,-0.460335,3-5
SOL/USDT,2026-06-09 16:40:00+00:00,64.08,63.53,SessionLow,Round_5bp,0.717961,0.25214286,13,bearish_break_level,1.10799,11-20
SOL/USDT,2026-06-09 18:15:00+00:00,65.46,65.0,PDL,PDL,0.711596,0.21785714,45,bearish_break_level,-0.870761,41-60
SOL/USDT,2026-06-10 00:00:00+00:00,65.11,64.96,PDC,SessionHigh,0.740094,0.11,3,bearish_break_level,-0.168945,3-5
SOL/USDT,2026-06-10 02:55:00+00:00,64.41,64.29,SessionLow,SessionLow,0.732689,0.11714286,27,bearish_break_level,-0.496817,21-40
SOL/USDT,2026-06-10 05:25:00+00:00,64.13,63.92,SessionLow,Round_5bp,0.723683,0.115,31,bearish_break_level,0.109153,21-40
SOL/USDT,2026-06-10 09:25:00+00:00,63.48,63.14,SessionLow,PDL,0.69924,0.14571429,4,bearish_break_level,-0.094518,3-5
SOL/USDT,2026-06-10 09:35:00+00:00,63.71,63.53,PDL,PDL,0.693734,0.135,2,bearish_break_level,-0.455188,1-2
SOL/USDT,2026-06-10 09:55:00+00:00,63.63,63.53,PDL,PDL,0.71577,0.13642857,4,bearish_break_level,-0.45576,3-5
SOL/USDT,2026-06-10 10:50:00+00:00,63.63,63.53,PDL,PDL,0.719734,0.13142857,14,bearish_break_level,-0.282885,11-20
SOL/USDT,2026-06-10 11:05:00+00:00,63.27,63.06,SessionLow,PDL,0.709467,0.18142857,11,bearish_break_level,0.284495,11-20
SOL/USDT,2026-06-10 17:00:00+00:00,64.95,64.62525,Round_5bp,PDC,0.710391,0.19857143,1,bearish_break_level,-0.354119,1-2
SOL/USDT,2026-06-10 19:30:00+00:00,63.79,63.53,PDL,Round_5bp,0.731539,0.17428571,4,bearish_break_level,-0.376235,3-5
SOL/USDT,2026-06-10 21:15:00+00:00,62.85,62.7,SessionLow,SessionHigh,0.715731,0.115,37,bearish_break_level,1.177407,21-40
SOL/USDT,2026-06-10 22:10:00+00:00,62.58,62.41,SessionLow,SessionHigh,0.741468,0.15357143,26,bearish_break_level,1.613934,21-40
SOL/USDT,2026-06-11 00:10:00+00:00,63.42,63.35,SessionHigh,SessionHigh,0.726535,0.09642857,2,bearish_break_level,0.268054,1-2
SOL/USDT,2026-06-11 11:50:00+00:00,65.99,65.61,SessionHigh,PDH,0.759675,0.08357143,6,bearish_break_level,-1.348689,6-10
SOL/USDT,2026-06-11 15:35:00+00:00,65.75,65.67,PDH,PDH,0.702111,0.16785714,9,bearish_break_level,-0.288973,6-10
SOL/USDT,2026-06-11 17:45:00+00:00,67.13,66.45,WeeklyOpen,SessionHigh,0.712518,0.25928571,1,bearish_break_level,-0.283033,1-2
SOL/USDT,2026-06-11 21:00:00+00:00,66.59,66.45,WeeklyOpen,SessionHigh,0.707757,0.07357143,39,bearish_break_level,0.345397,21-40
SOL/USDT,2026-06-12 00:30:00+00:00,66.98,66.85,PDC,SessionHigh,0.699159,0.08785714,3,bearish_break_level,0.02986,3-5
SOL/USDT,2026-06-12 03:35:00+00:00,66.96,66.85,PDC,PDC,0.700909,0.08,24,bearish_break_level,-0.448029,21-40
SOL/USDT,2026-06-12 04:15:00+00:00,67.0,66.85,PDC,PDC,0.772417,0.06571429,16,bearish_break_level,-0.507463,11-20
SOL/USDT,2026-06-12 06:45:00+00:00,66.15,66.0,SessionLow,SessionHigh,0.709247,0.10142857,34,bearish_break_level,1.798942,21-40
SOL/USDT,2026-06-12 08:20:00+00:00,67.03,66.85,PDC,SessionHigh,0.757721,0.10071429,15,bearish_break_level,0.462479,11-20
SOL/USDT,2026-06-12 09:00:00+00:00,66.92,66.85,PDC,SessionHigh,0.720198,0.09285714,7,bearish_break_level,0.627615,6-10
SOL/USDT,2026-06-12 12:15:00+00:00,66.93,66.85,PDC,PDC,0.790569,0.06714286,4,bearish_break_level,-0.328702,3-5
SOL/USDT,2026-06-12 14:50:00+00:00,67.88,67.2012,Round_10bp,SessionHigh,0.731899,0.24571429,2,bearish_break_level,-0.044196,1-2
SOL/USDT,2026-06-12 16:10:00+00:00,67.71,67.36,PDH,Round_5bp,0.70459,0.31642857,12,bearish_break_level,0.162458,11-20
SOL/USDT,2026-06-12 21:20:00+00:00,66.92,66.85,PDC,PDC,0.719704,0.04857143,2,bearish_break_level,-0.239091,1-2
SOL/USDT,2026-06-13 03:35:00+00:00,66.84,66.75,SessionLow,PDC,0.708599,0.05642857,22,bearish_break_level,-0.179533,21-40
SOL/USDT,2026-06-13 05:05:00+00:00,66.74,66.66,SessionLow,PDC,0.701217,0.04571429,4,bearish_break_level,-0.029967,3-5
SOL/USDT,2026-06-13 06:35:00+00:00,66.94,66.79,PDC,SessionHigh,0.707535,0.02714286,16,bearish_break_level,0.612489,11-20
SOL/USDT,2026-06-13 10:45:00+00:00,67.57,67.5,SessionHigh,SessionHigh,0.692136,0.03571429,2,bearish_break_level,-0.236791,1-2
SOL/USDT,2026-06-13 11:20:00+00:00,67.93,67.83,SessionHigh,SessionHigh,0.696634,0.07142857,4,bearish_break_level,-0.103047,3-5
SOL/USDT,2026-06-14 05:35:00+00:00,68.2,68.06,SessionLow,,0.750499,0.095,60,time_stop,0.322581,41-60
SOL/USDT,2026-06-14 09:30:00+00:00,68.27,68.0,SessionLow,SessionLow,0.724565,0.045,48,bearish_break_level,-0.996045,41-60
SOL/USDT,2026-06-14 13:05:00+00:00,67.83,67.73,SessionLow,SessionLow,0.755547,0.05857143,5,bearish_break_level,-0.353826,3-5
SOL/USDT,2026-06-14 13:45:00+00:00,67.73,67.53,SessionLow,SessionLow,0.731583,0.07142857,10,bearish_break_level,-1.077809,6-10
SOL/USDT,2026-06-14 14:45:00+00:00,67.12,66.98,SessionLow,,0.739427,0.09714286,60,time_stop,0.700238,41-60
STORJ/USDT,2026-06-03 05:05:00+00:00,0.0922,0.0889,PDL,,0.999568,0.00023571,60,time_stop,0.0,41-60
STORJ/USDT,2026-06-04 13:55:00+00:00,0.0846,0.0802,SessionLow,,0.999568,0.00045714,60,time_stop,0.0,41-60
STORJ/USDT,2026-06-09 10:10:00+00:00,0.0801,0.0777,PDH,,0.999568,0.00017143,60,time_stop,0.0,41-60
STORJ/USDT,2026-06-11 12:20:00+00:00,0.069,0.0673,SessionLow,,0.979509,0.00103571,60,time_stop,0.0,41-60
STORJ/USDT,2026-06-12 02:50:00+00:00,0.0806,0.069,PDC,,0.999568,0.00082857,60,time_stop,0.0,41-60
STORJ/USDT,2026-06-13 00:15:00+00:00,0.077,0.0749,PDC,,0.906124,0.00015,60,time_stop,0.0,41-60
SUI/USDT,2026-06-02 00:45:00+00:00,0.8728,0.8713,SessionLow,PDC,0.730951,0.00205,8,bearish_break_level,0.171861,6-10
SUI/USDT,2026-06-02 01:40:00+00:00,0.8691,0.8648,SessionLow,Round_5bp,0.716439,0.00292143,12,bearish_break_level,-0.644345,11-20
SUI/USDT,2026-06-02 02:00:00+00:00,0.8625,0.8616,SessionLow,Round_5bp,0.728649,0.0028,8,bearish_break_level,0.115942,6-10
SUI/USDT,2026-06-02 06:00:00+00:00,0.8542,0.8531,SessionLow,PDL,0.749521,0.00247143,8,bearish_break_level,0.339499,6-10
SUI/USDT,2026-06-02 06:20:00+00:00,0.8541,0.8512,SessionLow,PDL,0.780841,0.00235,4,bearish_break_level,0.351247,3-5
SUI/USDT,2026-06-02 12:20:00+00:00,0.8473,0.8430635,Round_5bp,Round_5bp,0.734565,0.00244286,35,bearish_break_level,-2.018175,21-40
SUI/USDT,2026-06-02 12:40:00+00:00,0.8489,0.8446555,Round_5bp,Round_5bp,0.720865,0.0026,31,bearish_break_level,-2.202851,21-40
SUI/USDT,2026-06-02 15:35:00+00:00,0.8199,0.8158005,Round_5bp,Round_10bp,0.763514,0.00644286,3,bearish_break_level,-0.475668,3-5
SUI/USDT,2026-06-02 21:05:00+00:00,0.833,0.828835,Round_5bp,Round_5bp,0.731976,0.00359286,1,bearish_break_level,-0.552221,1-2
SUI/USDT,2026-06-03 00:15:00+00:00,0.8169,0.8135,SessionHigh,SessionHigh,0.715076,0.00373571,1,bearish_break_level,-0.306035,1-2
SUI/USDT,2026-06-03 04:25:00+00:00,0.8124,0.8087,PDC,SessionHigh,0.712305,0.00395,26,bearish_break_level,2.818808,21-40
SUI/USDT,2026-06-03 05:05:00+00:00,0.8344,0.8323,SessionHigh,SessionHigh,0.739417,0.00421429,18,bearish_break_level,0.107862,11-20
SUI/USDT,2026-06-03 13:15:00+00:00,0.8374,0.833213,Round_5bp,Round_5bp,0.73244,0.00222143,33,bearish_break_level,-1.719608,21-40
SUI/USDT,2026-06-03 13:30:00+00:00,0.8372,0.833014,Round_5bp,Round_5bp,0.732234,0.00226429,30,bearish_break_level,-1.69613,21-40
SUI/USDT,2026-06-03 21:05:00+00:00,0.8198,0.8087,PDC,SessionHigh,0.717133,0.00481429,11,bearish_break_level,2.512808,11-20
SUI/USDT,2026-06-04 01:00:00+00:00,0.8174,0.813313,Round_5bp,Round_5bp,0.734032,0.00520714,2,bearish_break_level,-1.162222,1-2
SUI/USDT,2026-06-04 02:05:00+00:00,0.7748,0.7521,SessionLow,,0.742556,0.01174286,60,time_stop,2.439339,41-60
SUI/USDT,2026-06-04 02:15:00+00:00,0.7847,0.7807765,Round_5bp,,0.744932,0.01201429,60,time_stop,0.75188,41-60
SUI/USDT,2026-06-04 02:30:00+00:00,0.7952,0.791224,Round_5bp,,0.73152,0.01187857,60,time_stop,-0.465292,41-60
SUI/USDT,2026-06-04 03:00:00+00:00,0.805,0.7931,PDL,PDL,0.722497,0.01063571,57,bearish_break_level,-1.590062,41-60
SUI/USDT,2026-06-04 05:35:00+00:00,0.8002,0.796199,Round_5bp,PDL,0.706307,0.00360714,26,bearish_break_level,-0.99975,21-40
SUI/USDT,2026-06-04 07:10:00+00:00,0.7944,0.7931,PDL,PDL,0.708287,0.00306429,7,bearish_break_level,-0.276939,6-10
SUI/USDT,2026-06-04 08:45:00+00:00,0.786,0.78207,Round_5bp,Round_5bp,0.704855,0.00389286,2,bearish_break_level,-0.076336,1-2
SUI/USDT,2026-06-04 11:45:00+00:00,0.7674,0.759726,Round_10bp,PDL,0.723216,0.0027,13,bearish_break_level,3.21866,11-20
SUI/USDT,2026-06-04 13:55:00+00:00,0.7974,0.7931,PDL,Round_5bp,0.709444,0.00349286,22,bearish_break_level,-0.576875,21-40
SUI/USDT,2026-06-04 20:10:00+00:00,0.7787,0.7748065,Round_5bp,Round_5bp,0.706309,0.00215714,21,bearish_break_level,-2.362913,21-40
SUI/USDT,2026-06-04 21:45:00+00:00,0.7653,0.7614735,Round_5bp,Round_5bp,0.702991,0.00260714,2,bearish_break_level,-0.653339,1-2
SUI/USDT,2026-06-04 22:55:00+00:00,0.7681,0.7642595,Round_5bp,PDC,0.708337,0.00264286,13,bearish_break_level,-0.650957,11-20
SUI/USDT,2026-06-04 23:40:00+00:00,0.7669,0.7630655,Round_5bp,PDC,0.730877,0.00267857,4,bearish_break_level,-0.495501,3-5
SUI/USDT,2026-06-05 05:25:00+00:00,0.7439,0.7401805,Round_5bp,SessionLow,0.724871,0.00297857,6,bearish_break_level,-2.500336,6-10
SUI/USDT,2026-06-05 06:05:00+00:00,0.729,0.7216,SessionLow,SessionLow,0.721715,0.00298571,2,bearish_break_level,-3.484225,1-2
SUI/USDT,2026-06-05 06:40:00+00:00,0.7109,0.703791,Round_10bp,Round_5bp,0.747817,0.00620714,3,bearish_break_level,-1.533268,3-5
SUI/USDT,2026-06-05 10:25:00+00:00,0.718,0.71441,Round_5bp,Round_5bp,0.732161,0.00158571,5,bearish_break_level,-0.501393,3-5
SUI/USDT,2026-06-05 14:15:00+00:00,0.7071,0.7035645,Round_5bp,Round_5bp,0.706453,0.00516429,16,bearish_break_level,-2.17791,11-20
SUI/USDT,2026-06-05 14:30:00+00:00,0.7109,0.703791,Round_10bp,Round_5bp,0.730013,0.00555714,13,bearish_break_level,-2.700802,11-20
SUI/USDT,2026-06-05 17:30:00+00:00,0.7107,0.7071465,Round_5bp,SessionLow,0.714678,0.00325714,21,bearish_break_level,-5.163923,21-40
SUI/USDT,2026-06-05 20:45:00+00:00,0.7101,0.7065495,Round_5bp,Round_5bp,0.710481,0.00334286,31,bearish_break_level,-1.422335,21-40
SUI/USDT,2026-06-05 22:15:00+00:00,0.7071,0.7035645,Round_5bp,Round_5bp,0.729547,0.00268571,13,bearish_break_level,-1.004101,11-20
SUI/USDT,2026-06-06 02:25:00+00:00,0.7018,0.6967,SessionLow,PDC,0.680388,0.00282857,6,bearish_break_level,-0.512967,6-10
SUI/USDT,2026-06-06 05:05:00+00:00,0.6694,0.6633,SessionLow,Round_5bp,0.759428,0.00300714,5,bearish_break_level,2.524649,3-5
SUI/USDT,2026-06-06 07:10:00+00:00,0.7036,0.700082,Round_5bp,Round_5bp,0.714564,0.00243571,3,bearish_break_level,-0.511654,3-5
SUI/USDT,2026-06-06 07:35:00+00:00,0.7036,0.700082,Round_5bp,Round_5bp,0.717843,0.00248571,5,bearish_break_level,-0.511654,3-5
SUI/USDT,2026-06-06 10:20:00+00:00,0.6961,0.6926195,Round_5bp,Round_5bp,0.719835,0.00255714,24,bearish_break_level,0.560264,21-40
SUI/USDT,2026-06-06 11:45:00+00:00,0.7007,0.6971965,Round_5bp,Round_5bp,0.757813,0.00170714,7,bearish_break_level,-0.0999,6-10
SUI/USDT,2026-06-06 11:55:00+00:00,0.7036,0.7023,PDC,Round_5bp,0.729724,0.00191429,5,bearish_break_level,-0.511654,3-5
SUI/USDT,2026-06-06 13:20:00+00:00,0.718,0.71441,Round_5bp,Round_5bp,0.712787,0.00267857,13,bearish_break_level,0.501393,11-20
SUI/USDT,2026-06-06 14:35:00+00:00,0.7253,0.7216735,Round_5bp,Round_5bp,0.728623,0.00232143,19,bearish_break_level,-1.502826,11-20
SUI/USDT,2026-06-06 17:30:00+00:00,0.7107,0.7071465,Round_5bp,,0.711864,0.00190714,60,time_stop,-0.196989,41-60
SUI/USDT,2026-06-06 18:00:00+00:00,0.7072,0.703664,Round_5bp,,0.721233,0.00177143,60,time_stop,1.0181,41-60
SUI/USDT,2026-06-06 19:05:00+00:00,0.7107,0.7071465,Round_5bp,,0.729448,0.00112857,60,time_stop,1.027156,41-60
SUI/USDT,2026-06-06 21:10:00+00:00,0.7103,0.7067485,Round_5bp,SessionHigh,0.706082,0.00075,43,bearish_break_level,1.281149,41-60
SUI/USDT,2026-06-06 22:15:00+00:00,0.7107,0.7071465,Round_5bp,SessionHigh,0.711905,0.00117857,30,bearish_break_level,1.224145,21-40
SUI/USDT,2026-06-07 00:30:00+00:00,0.7217,0.718,PDC,SessionHigh,0.74466,0.00052857,3,bearish_break_level,-0.318692,3-5
SUI/USDT,2026-06-07 01:05:00+00:00,0.7375,0.7253,SessionHigh,SessionHigh,0.706651,0.00172857,5,bearish_break_level,0.867797,3-5
SUI/USDT,2026-06-07 01:10:00+00:00,0.7432,0.7375,SessionHigh,SessionHigh,0.70663,0.00215714,4,bearish_break_level,0.094187,3-5
SUI/USDT,2026-06-07 01:40:00+00:00,0.7515,0.7477425,Round_5bp,SessionHigh,0.716779,0.00357143,2,bearish_break_level,-0.292748,1-2
SUI/USDT,2026-06-07 01:45:00+00:00,0.7558,0.7515,SessionHigh,SessionHigh,0.716033,0.00387857,1,bearish_break_level,-0.860016,1-2
SUI/USDT,2026-06-07 03:15:00+00:00,0.7539,0.7501305,Round_5bp,Round_5bp,0.772692,0.00229286,1,bearish_break_level,-0.51731,1-2
SUI/USDT,2026-06-07 06:15:00+00:00,0.7535,0.745965,Round_10bp,SessionHigh,0.737023,0.00175714,31,bearish_break_level,0.544127,21-40
SUI/USDT,2026-06-07 08:45:00+00:00,0.7634,0.755766,Round_10bp,SessionHigh,0.702792,0.00162143,1,bearish_break_level,-0.759759,1-2
SUI/USDT,2026-06-07 11:20:00+00:00,0.7515,0.7477425,Round_5bp,Round_10bp,0.708813,0.00067143,40,bearish_break_level,-0.505655,21-40
SUI/USDT,2026-06-07 11:35:00+00:00,0.7553,0.7515235,Round_5bp,Round_10bp,0.722829,0.00092143,37,bearish_break_level,-1.006223,21-40
SUI/USDT,2026-06-07 20:30:00+00:00,0.7402,0.736499,Round_5bp,SessionHigh,0.721714,0.00117857,21,bearish_break_level,3.093758,21-40
SUI/USDT,2026-06-07 22:45:00+00:00,0.7626,0.758787,Round_5bp,Round_5bp,0.758787,0.0057,1,bearish_break_level,-0.445843,1-2
SUI/USDT,2026-06-08 01:20:00+00:00,0.7553,0.7515,SessionLow,SessionLow,0.722573,0.00209286,36,bearish_break_level,-1.509334,21-40
SUI/USDT,2026-06-08 05:45:00+00:00,0.7326,0.729,SessionLow,Round_5bp,0.712824,0.00123571,31,bearish_break_level,2.388752,21-40
SUI/USDT,2026-06-08 06:00:00+00:00,0.7402,0.732798,Round_10bp,Round_5bp,0.71553,0.00149286,28,bearish_break_level,1.337476,21-40
SUI/USDT,2026-06-08 11:20:00+00:00,0.7597,0.7576,PDC,SessionHigh,0.748085,0.00167143,21,bearish_break_level,0.921416,21-40
SUI/USDT,2026-06-08 11:35:00+00:00,0.7634,0.759583,Round_5bp,SessionHigh,0.718701,0.00166429,18,bearish_break_level,0.432277,11-20
SUI/USDT,2026-06-08 11:50:00+00:00,0.7584,0.7576,PDC,SessionHigh,0.789116,0.0019,15,bearish_break_level,1.094409,11-20
SUI/USDT,2026-06-08 12:20:00+00:00,0.7553,0.7515235,Round_5bp,SessionHigh,0.743198,0.0024,9,bearish_break_level,1.509334,6-10
SUI/USDT,2026-06-08 12:35:00+00:00,0.7601,0.7576,PDC,SessionHigh,0.792491,0.00263571,6,bearish_break_level,0.868307,6-10
SUI/USDT,2026-06-08 12:55:00+00:00,0.7681,0.7669,SessionHigh,SessionHigh,0.733045,0.00252857,2,bearish_break_level,-0.182268,1-2
SUI/USDT,2026-06-08 16:15:00+00:00,0.7692,0.765354,Round_5bp,Round_5bp,0.712028,0.00163571,15,bearish_break_level,-1.300052,11-20
SUI/USDT,2026-06-08 17:50:00+00:00,0.7626,0.758787,Round_5bp,PDC,0.766084,0.00142857,28,bearish_break_level,-0.957252,21-40
SUI/USDT,2026-06-09 00:15:00+00:00,0.755,0.7541,PDC,Round_10bp,0.71466,0.00093571,1,bearish_break_level,-0.966887,1-2
SUI/USDT,2026-06-09 01:30:00+00:00,0.747,0.73953,Round_10bp,SessionHigh,0.727069,0.00269286,42,bearish_break_level,1.419009,41-60
SUI/USDT,2026-06-09 02:40:00+00:00,0.7439,0.7401805,Round_5bp,SessionHigh,0.711071,0.00154286,28,bearish_break_level,1.841645,21-40
SUI/USDT,2026-06-09 04:35:00+00:00,0.7575,0.7541,PDC,SessionHigh,0.779779,0.00128571,5,bearish_break_level,0.013201,3-5
SUI/USDT,2026-06-09 04:45:00+00:00,0.7614,0.7592,SessionHigh,SessionHigh,0.718667,0.00129286,3,bearish_break_level,-0.499081,3-5
SUI/USDT,2026-06-09 06:05:00+00:00,0.7589,0.7576,WeeklyOpen,WeeklyOpen,0.707721,0.00090714,9,bearish_break_level,-0.474371,6-10
SUI/USDT,2026-06-09 07:50:00+00:00,0.7564,0.7541,PDC,Round_10bp,0.780256,0.00106429,3,bearish_break_level,-1.057641,3-5
SUI/USDT,2026-06-09 12:00:00+00:00,0.7592,0.7541,PDC,WeeklyOpen,0.734754,0.00085,14,bearish_break_level,-0.44784,11-20
SUI/USDT,2026-06-09 13:00:00+00:00,0.7577,0.7541,PDC,WeeklyOpen,0.73106,0.00121429,2,bearish_break_level,-0.250759,1-2
SUI/USDT,2026-06-09 14:50:00+00:00,0.7402,0.736499,Round_5bp,Round_5bp,0.716801,0.00233571,17,bearish_break_level,-1.01324,11-20
SUI/USDT,2026-06-09 16:30:00+00:00,0.7402,0.736499,Round_5bp,Round_10bp,0.718825,0.00182857,1,bearish_break_level,-1.01324,1-2
SUI/USDT,2026-06-09 16:40:00+00:00,0.7364,0.732718,Round_5bp,PDC,0.724305,0.00237143,31,bearish_break_level,1.846822,21-40
SUI/USDT,2026-06-09 19:05:00+00:00,0.7538,0.750031,Round_5bp,PDC,0.727213,0.00134286,2,bearish_break_level,-0.504112,1-2
SUI/USDT,2026-06-09 20:00:00+00:00,0.7553,0.7541,PDC,PDC,0.756045,0.00166429,15,bearish_break_level,-0.503111,11-20
SUI/USDT,2026-06-09 20:15:00+00:00,0.7592,0.7576,WeeklyOpen,PDC,0.723938,0.00162143,12,bearish_break_level,-1.014226,11-20
SUI/USDT,2026-06-09 22:15:00+00:00,0.7515,0.7477425,Round_5bp,Round_5bp,0.726598,0.00070714,7,bearish_break_level,-0.505655,6-10
SUI/USDT,2026-06-10 00:00:00+00:00,0.7515,0.7477,PDC,SessionHigh,0.81901,0.00027143,3,bearish_break_level,-0.385895,3-5
SUI/USDT,2026-06-10 00:50:00+00:00,0.7515,0.7477,PDC,SessionHigh,0.714409,0.00105714,8,bearish_break_level,0.0,6-10
SUI/USDT,2026-06-10 00:55:00+00:00,0.7553,0.7515,SessionHigh,SessionHigh,0.717826,0.00132857,7,bearish_break_level,-0.503111,6-10
SUI/USDT,2026-06-10 03:25:00+00:00,0.7446,0.74,SessionLow,SessionLow,0.743273,0.00064286,14,bearish_break_level,-0.940102,11-20
SUI/USDT,2026-06-10 04:45:00+00:00,0.7406,0.7376,SessionLow,Round_10bp,0.733351,0.00077143,39,bearish_break_level,0.540103,21-40
SUI/USDT,2026-06-10 05:50:00+00:00,0.7402,0.7364,SessionLow,Round_10bp,0.743817,0.00078571,26,bearish_break_level,0.594434,21-40
SUI/USDT,2026-06-10 07:15:00+00:00,0.7493,0.7477,PDC,Round_10bp,0.730205,0.00065,9,bearish_break_level,-0.627252,6-10
SUI/USDT,2026-06-10 09:25:00+00:00,0.7402,0.7356,SessionLow,Round_10bp,0.75601,0.00169286,19,bearish_break_level,-0.97271,11-20
SUI/USDT,2026-06-10 11:05:00+00:00,0.7355,0.733,SessionLow,SessionHigh,0.78209,0.00096429,34,bearish_break_level,2.692046,21-40
SUI/USDT,2026-06-10 11:40:00+00:00,0.7364,0.7327,SessionLow,SessionHigh,0.711733,0.00142857,27,bearish_break_level,2.56654,21-40
SUI/USDT,2026-06-10 14:20:00+00:00,0.7553,0.7515235,Round_5bp,WeeklyOpen,0.716106,0.0018,9,bearish_break_level,-0.198597,6-10
SUI/USDT,2026-06-10 17:45:00+00:00,0.7402,0.736499,Round_5bp,Round_5bp,0.722926,0.00195714,28,bearish_break_level,-1.283437,21-40
SUI/USDT,2026-06-10 18:50:00+00:00,0.7402,0.736499,Round_5bp,Round_5bp,0.729331,0.00081429,15,bearish_break_level,-1.283437,11-20
SUI/USDT,2026-06-10 19:35:00+00:00,0.7402,0.736499,Round_5bp,Round_5bp,0.728143,0.00108571,6,bearish_break_level,-1.283437,6-10
SUI/USDT,2026-06-10 19:55:00+00:00,0.7341,0.7317,SessionLow,Round_5bp,0.717902,0.00159286,2,bearish_break_level,-0.463152,1-2
SUI/USDT,2026-06-10 20:20:00+00:00,0.7364,0.732718,Round_5bp,SessionLow,0.720325,0.00209286,9,bearish_break_level,-1.778924,6-10
SUI/USDT,2026-06-10 22:30:00+00:00,0.7216,0.7156,SessionLow,SessionHigh,0.724202,0.00085714,25,bearish_break_level,1.635255,21-40
SUI/USDT,2026-06-10 23:20:00+00:00,0.7253,0.7216735,Round_5bp,SessionHigh,0.719362,0.00119286,15,bearish_break_level,1.116779,11-20
SUI/USDT,2026-06-11 00:00:00+00:00,0.729,0.7253,PDC,SessionHigh,0.72326,0.00090714,7,bearish_break_level,0.603567,6-10
SUI/USDT,2026-06-11 00:15:00+00:00,0.7316,0.729,SessionHigh,SessionHigh,0.764291,0.00117143,4,bearish_break_level,0.246036,3-5
SUI/USDT,2026-06-11 01:00:00+00:00,0.7364,0.735,SessionHigh,SessionHigh,0.727616,0.00115,18,bearish_break_level,0.0,11-20
SUI/USDT,2026-06-11 01:40:00+00:00,0.7407,0.7364,SessionHigh,SessionHigh,0.766503,0.00068571,10,bearish_break_level,-0.580532,6-10
SUI/USDT,2026-06-11 02:50:00+00:00,0.7402,0.736499,Round_5bp,SessionHigh,0.726518,0.00067857,14,bearish_break_level,1.850851,11-20
SUI/USDT,2026-06-11 03:30:00+00:00,0.7446,0.742,SessionHigh,SessionHigh,0.757295,0.00094286,6,bearish_break_level,1.248993,6-10
SUI/USDT,2026-06-11 03:55:00+00:00,0.7592,0.7446,SessionHigh,SessionHigh,0.78645,0.00162857,1,bearish_break_level,-0.698103,1-2
SUI/USDT,2026-06-11 08:20:00+00:00,0.7515,0.7477425,Round_5bp,Round_5bp,0.763709,0.00022143,39,bearish_break_level,-0.199601,21-40
SUI/USDT,2026-06-11 10:50:00+00:00,0.7515,0.7477425,Round_5bp,Round_5bp,0.832131,0.00032143,9,bearish_break_level,-0.199601,6-10
SUI/USDT,2026-06-11 11:50:00+00:00,0.7545,0.7507275,Round_5bp,Round_5bp,0.833949,0.00115,28,bearish_break_level,-0.901259,21-40
SUI/USDT,2026-06-11 13:45:00+00:00,0.7515,0.743985,Round_10bp,Round_5bp,0.728715,0.00094286,5,bearish_break_level,-0.505655,3-5
SUI/USDT,2026-06-11 15:20:00+00:00,0.7515,0.743985,Round_10bp,Round_5bp,0.763026,0.00071429,12,bearish_break_level,-0.505655,11-20
SUI/USDT,2026-06-11 18:15:00+00:00,0.7653,0.7614735,Round_5bp,,0.736398,0.00290714,60,time_stop,-1.306677,41-60
SUI/USDT,2026-06-12 00:05:00+00:00,0.7576,0.7538,SessionLow,WeeklyOpen,0.708724,0.0014,10,bearish_break_level,-0.501584,6-10
SUI/USDT,2026-06-12 02:05:00+00:00,0.7539,0.7484,SessionLow,SessionHigh,0.736187,0.00097857,8,bearish_break_level,0.596896,6-10
SUI/USDT,2026-06-12 07:05:00+00:00,0.7515,0.7461,SessionLow,SessionHigh,0.728375,0.00084286,36,bearish_break_level,1.037924,21-40
SUI/USDT,2026-06-12 08:20:00+00:00,0.7576,0.7553,PDC,SessionHigh,0.74478,0.00050714,21,bearish_break_level,0.224393,21-40
SUI/USDT,2026-06-12 08:30:00+00:00,0.7584,0.7576,WeeklyOpen,SessionHigh,0.736974,0.00056429,19,bearish_break_level,0.118671,11-20
SUI/USDT,2026-06-12 10:15:00+00:00,0.7588,0.7576,WeeklyOpen,PDC,0.716196,0.00057143,2,bearish_break_level,-0.658935,1-2
SUI/USDT,2026-06-12 12:10:00+00:00,0.7586,0.7576,WeeklyOpen,SessionHigh,0.755878,0.00034286,34,bearish_break_level,0.250461,21-40
SUI/USDT,2026-06-12 14:35:00+00:00,0.7592,0.7553,PDC,SessionHigh,0.749703,0.00105,5,bearish_break_level,0.171233,3-5
SUI/USDT,2026-06-12 14:55:00+00:00,0.7631,0.7618,SessionHigh,SessionHigh,0.750171,0.00165714,1,bearish_break_level,-0.340716,1-2
SUI/USDT,2026-06-12 15:10:00+00:00,0.7688,0.7669,SessionHigh,PDH,0.743177,0.0022,2,bearish_break_level,-0.455255,1-2
SUI/USDT,2026-06-12 16:10:00+00:00,0.7553,0.7461,SessionLow,PDC,0.74176,0.00320714,1,bearish_break_level,-0.503111,1-2
SUI/USDT,2026-06-13 01:15:00+00:00,0.7539,0.7511,PDC,WeeklyOpen,0.793136,0.0002,13,bearish_break_level,-0.013264,11-20
SUI/USDT,2026-06-13 01:35:00+00:00,0.7553,0.7539,SessionHigh,WeeklyOpen,0.763266,0.00027143,9,bearish_break_level,-0.198597,6-10
SUI/USDT,2026-06-13 01:40:00+00:00,0.7579,0.7553,SessionHigh,WeeklyOpen,0.760042,0.00045714,8,bearish_break_level,-0.540968,6-10
SUI/USDT,2026-06-13 03:45:00+00:00,0.7513,0.749,SessionLow,PDC,0.738757,0.00057143,24,bearish_break_level,-0.412618,21-40
SUI/USDT,2026-06-13 06:50:00+00:00,0.7551,0.7482,SessionLow,SessionHigh,0.756834,0.00073571,37,bearish_break_level,1.417031,21-40
SUI/USDT,2026-06-13 08:35:00+00:00,0.7653,0.7642,SessionHigh,SessionHigh,0.766842,7.857e-05,16,bearish_break_level,0.065334,11-20
SUI/USDT,2026-06-13 09:15:00+00:00,0.7669,0.7653,SessionHigh,SessionHigh,0.79565,0.00019286,8,bearish_break_level,-0.143435,6-10
SUI/USDT,2026-06-13 12:05:00+00:00,0.7692,0.765354,Round_5bp,PDH,0.761636,0.00027857,4,bearish_break_level,-0.117005,3-5
SUI/USDT,2026-06-14 01:15:00+00:00,0.7692,0.7642,SessionLow,SessionHigh,0.72397,0.00057857,9,bearish_break_level,-0.130005,6-10
SUI/USDT,2026-06-14 06:00:00+00:00,0.765,0.7596,SessionLow,SessionLow,0.774894,0.00066429,9,bearish_break_level,-0.836601,6-10
SUI/USDT,2026-06-14 09:40:00+00:00,0.7617,0.7559,SessionLow,WeeklyOpen,0.758854,0.00060714,45,bearish_break_level,-0.866483,41-60
SUI/USDT,2026-06-14 15:15:00+00:00,0.7483,0.7461,SessionLow,Round_5bp,0.778586,0.00093571,37,bearish_break_level,-0.080182,21-40
SUI/USDT,2026-06-14 16:20:00+00:00,0.7515,0.7482,PDL,Round_5bp,0.776788,0.00038571,24,bearish_break_level,-0.505655,21-40
SUSHI/USDT,2026-06-03 01:20:00+00:00,0.207,0.194,PDL,SessionHigh,0.999568,0.00092857,60,bearish_break_level,4.830918,41-60
SUSHI/USDT,2026-06-03 04:30:00+00:00,0.21,0.207,SessionHigh,SessionHigh,0.969729,0.00028571,22,bearish_break_level,3.333333,21-40
SUSHI/USDT,2026-06-03 04:55:00+00:00,0.216,0.214,SessionHigh,SessionHigh,0.903788,0.00071429,17,bearish_break_level,0.462963,11-20
SUSHI/USDT,2026-06-03 05:00:00+00:00,0.22,0.216,SessionHigh,SessionHigh,0.908869,0.001,16,bearish_break_level,-1.363636,11-20
SUSHI/USDT,2026-06-03 05:05:00+00:00,0.221,0.22,SessionHigh,SessionHigh,0.898054,0.00107143,15,bearish_break_level,-1.809955,11-20
SUSHI/USDT,2026-06-03 19:15:00+00:00,0.235,0.231,SessionHigh,,0.881732,0.00028571,60,time_stop,2.978723,41-60
SUSHI/USDT,2026-06-03 21:45:00+00:00,0.237,0.235,SessionHigh,SessionHigh,0.886445,0.00014286,35,bearish_break_level,0.0,21-40
SUSHI/USDT,2026-06-04 00:15:00+00:00,0.242,0.237,PDH,SessionHigh,0.876472,0.00035714,5,bearish_break_level,-2.066116,3-5
SUSHI/USDT,2026-06-04 16:35:00+00:00,0.213,0.201,SessionLow,,0.962425,0.00085714,60,time_stop,2.347418,41-60
SUSHI/USDT,2026-06-06 07:30:00+00:00,0.167,0.166,SessionLow,,0.965272,7.143e-05,60,time_stop,0.0,41-60
SUSHI/USDT,2026-06-11 04:35:00+00:00,0.177,0.16,PDH,,0.999568,0.00121429,60,time_stop,1.694915,41-60
SUSHI/USDT,2026-06-11 05:15:00+00:00,0.18,0.177,SessionHigh,,0.992167,0.00142857,60,time_stop,0.0,41-60
SUSHI/USDT,2026-06-11 15:25:00+00:00,0.182,0.18,SessionHigh,SessionHigh,0.999568,0.00014286,3,bearish_break_level,-1.648352,3-5
THETA/USDT,2026-06-02 00:05:00+00:00,0.193,0.192,PDC,SessionHigh,0.944383,7.143e-05,27,bearish_break_level,-2.072539,21-40
THETA/USDT,2026-06-02 04:10:00+00:00,0.191,0.189,SessionLow,Round_5bp,0.883115,0.00014286,7,bearish_break_level,-0.52356,6-10
THETA/USDT,2026-06-02 09:30:00+00:00,0.192,0.189,SessionLow,PDC,0.78008,0.00021429,20,bearish_break_level,-1.5625,11-20
THETA/USDT,2026-06-02 15:25:00+00:00,0.183,0.181,SessionLow,SessionLow,0.858823,0.00085714,51,bearish_break_level,-3.825137,41-60
THETA/USDT,2026-06-02 16:15:00+00:00,0.182,0.178,SessionLow,SessionLow,0.79769,0.001,41,bearish_break_level,-3.296703,41-60
THETA/USDT,2026-06-02 16:20:00+00:00,0.183,0.182085,Round_5bp,SessionLow,0.788688,0.001,40,bearish_break_level,-3.825137,21-40
THETA/USDT,2026-06-02 17:45:00+00:00,0.183,0.182085,Round_5bp,SessionLow,0.727336,7.143e-05,23,bearish_break_level,-3.825137,21-40
THETA/USDT,2026-06-02 18:25:00+00:00,0.182,0.18109,Round_5bp,SessionLow,0.805392,0.00035714,15,bearish_break_level,-3.296703,11-20
THETA/USDT,2026-06-02 18:35:00+00:00,0.183,0.182085,Round_5bp,SessionLow,0.810102,0.0005,13,bearish_break_level,-3.825137,11-20
THETA/USDT,2026-06-02 19:45:00+00:00,0.181,0.176,SessionLow,,0.761725,0.00221429,60,time_stop,-1.657459,41-60
THETA/USDT,2026-06-02 19:50:00+00:00,0.182,0.18109,Round_5bp,,0.755938,0.00228571,60,time_stop,-2.197802,41-60
THETA/USDT,2026-06-03 01:10:00+00:00,0.182,0.178,PDC,,0.888713,0.00028571,60,time_stop,4.945055,41-60
THETA/USDT,2026-06-03 01:15:00+00:00,0.191,0.182,SessionHigh,,0.87786,0.001,60,time_stop,0.0,41-60
THETA/USDT,2026-06-03 17:25:00+00:00,0.186,0.18414,Round_10bp,,0.995677,0.00064286,60,time_stop,-0.537634,41-60
THETA/USDT,2026-06-03 21:05:00+00:00,0.18,0.178,PDC,PDC,0.764356,0.00064286,43,bearish_break_level,-1.111111,41-60
THETA/USDT,2026-06-04 05:05:00+00:00,0.178,0.174,SessionLow,PDL,0.76122,0.00028571,42,bearish_break_level,-5.617978,41-60
THETA/USDT,2026-06-04 14:15:00+00:00,0.169,0.168,SessionLow,,0.968169,7.143e-05,60,time_stop,0.0,41-60
THETA/USDT,2026-06-04 17:35:00+00:00,0.169,0.167,SessionLow,,0.968355,0.00014286,60,time_stop,-4.142012,41-60
THETA/USDT,2026-06-04 23:30:00+00:00,0.163,0.162,SessionLow,SessionHigh,0.954919,0.00057143,38,bearish_break_level,-1.840491,21-40
THETA/USDT,2026-06-05 00:50:00+00:00,0.164,0.163,PDC,SessionHigh,0.88346,7.143e-05,22,bearish_break_level,-2.439024,21-40
THETA/USDT,2026-06-05 09:20:00+00:00,0.155,0.15,SessionLow,,0.942275,0.00035714,60,time_stop,0.0,41-60
THETA/USDT,2026-06-05 16:20:00+00:00,0.156,0.15,SessionLow,SessionLow,0.729897,0.00071429,31,bearish_break_level,-6.410256,21-40
THETA/USDT,2026-06-05 19:15:00+00:00,0.147,0.145,SessionLow,,0.813342,0.00078571,60,time_stop,3.401361,41-60
THETA/USDT,2026-06-06 00:05:00+00:00,0.152,0.149,PDC,SessionHigh,0.787244,0.0005,3,bearish_break_level,-1.315789,3-5
THETA/USDT,2026-06-06 01:00:00+00:00,0.153,0.152,SessionHigh,SessionHigh,0.793787,0.00057143,3,bearish_break_level,-1.30719,3-5
THETA/USDT,2026-06-06 09:40:00+00:00,0.15,0.149,PDC,PDC,0.880601,7.143e-05,12,bearish_break_level,-2.666667,11-20
THETA/USDT,2026-06-06 11:35:00+00:00,0.148,0.142,SessionLow,,0.793679,0.00121429,60,time_stop,1.351351,41-60
THETA/USDT,2026-06-06 14:30:00+00:00,0.151,0.149,PDC,,0.812782,0.00014286,60,time_stop,-0.662252,41-60
THETA/USDT,2026-06-06 16:00:00+00:00,0.15,0.149,PDC,,0.756018,0.00021429,60,time_stop,-1.333333,41-60
THETA/USDT,2026-06-07 00:25:00+00:00,0.15,0.148,PDC,,0.822662,0.00014286,60,time_stop,0.666667,41-60
THETA/USDT,2026-06-07 02:20:00+00:00,0.151,0.15,SessionHigh,,0.788554,7.143e-05,60,time_stop,0.662252,41-60
THETA/USDT,2026-06-07 06:25:00+00:00,0.152,0.151,SessionHigh,SessionHigh,0.89632,7.143e-05,35,bearish_break_level,1.315789,21-40
THETA/USDT,2026-06-07 09:10:00+00:00,0.155,0.152,SessionHigh,SessionHigh,0.924635,0.00021429,2,bearish_break_level,-0.645161,1-2
THETA/USDT,2026-06-08 09:20:00+00:00,0.151,0.149,PDC,,0.999568,0.00014286,60,time_stop,14.569536,41-60
THETA/USDT,2026-06-08 10:40:00+00:00,0.153,0.151,SessionHigh,SessionHigh,0.960711,0.00014286,45,bearish_break_level,3.267974,41-60
THETA/USDT,2026-06-08 13:05:00+00:00,0.165,0.153,SessionHigh,SessionHigh,0.895426,0.00085714,16,bearish_break_level,-4.242424,11-20
THETA/USDT,2026-06-08 13:40:00+00:00,0.173,0.165,SessionHigh,SessionHigh,0.874309,0.00142857,9,bearish_break_level,-8.67052,6-10
THETA/USDT,2026-06-09 04:10:00+00:00,0.151,0.15,SessionLow,,0.991445,0.00071429,60,time_stop,1.324503,41-60
THETA/USDT,2026-06-09 14:00:00+00:00,0.151,0.15,SessionLow,,0.960486,7.143e-05,60,time_stop,0.662252,41-60
THETA/USDT,2026-06-09 18:05:00+00:00,0.151,0.149,PDL,,0.890076,0.00014286,60,time_stop,0.662252,41-60
THETA/USDT,2026-06-10 04:00:00+00:00,0.152,0.149,WeeklyOpen,,0.955054,0.00021429,60,time_stop,0.0,41-60
THETA/USDT,2026-06-10 18:40:00+00:00,0.162,0.152,PDC,SessionHigh,0.865934,0.00071429,32,bearish_break_level,-7.407407,21-40
THETA/USDT,2026-06-10 23:30:00+00:00,0.164,0.148,PDL,PDH,0.7763,0.00114286,22,bearish_break_level,-10.365854,21-40
THETA/USDT,2026-06-11 03:10:00+00:00,0.155,0.147,PDL,,0.864168,0.00057143,60,time_stop,1.935484,41-60
THETA/USDT,2026-06-12 08:45:00+00:00,0.156,0.154,SessionLow,,0.924422,0.00014286,60,time_stop,-0.641026,41-60
THETA/USDT,2026-06-12 23:35:00+00:00,0.155,0.154,SessionLow,SessionHigh,0.885053,7.143e-05,30,bearish_break_level,1.290323,21-40
THETA/USDT,2026-06-13 01:15:00+00:00,0.157,0.155,PDC,SessionHigh,0.883218,0.00014286,10,bearish_break_level,0.0,6-10
THETA/USDT,2026-06-13 01:45:00+00:00,0.158,0.157,SessionHigh,SessionHigh,0.908896,0.00021429,4,bearish_break_level,-0.632911,3-5
THETA/USDT,2026-06-13 12:35:00+00:00,0.161,0.158,SessionHigh,,0.926296,0.00021429,60,time_stop,0.0,41-60
THETA/USDT,2026-06-13 21:55:00+00:00,0.163,0.161,SessionHigh,,0.999568,0.00014286,60,time_stop,0.0,41-60
THETA/USDT,2026-06-14 09:30:00+00:00,0.16,0.159,SessionLow,,0.950675,7.143e-05,60,time_stop,-0.625,41-60
TIA/USDT,2026-06-02 04:25:00+00:00,0.4013,0.3998,PDC,PDH,0.98624,0.00010714,45,bearish_break_level,-0.224271,41-60
TIA/USDT,2026-06-02 15:25:00+00:00,0.3864,0.3773,SessionLow,,0.920992,0.00235,60,time_stop,-5.150104,41-60
TIA/USDT,2026-06-02 22:00:00+00:00,0.368,0.3665,SessionLow,SessionLow,0.881632,0.00010714,10,bearish_break_level,-1.630435,6-10
TIA/USDT,2026-06-03 02:45:00+00:00,0.36,0.3584,PDL,,0.903466,0.00011429,60,time_stop,2.055556,41-60
TIA/USDT,2026-06-03 03:10:00+00:00,0.3647,0.36,SessionHigh,,0.791688,0.00045,60,time_stop,0.740335,41-60
TIA/USDT,2026-06-03 05:05:00+00:00,0.3674,0.3647,SessionHigh,SessionHigh,0.83216,0.00019286,51,bearish_break_level,-0.898204,41-60
TIA/USDT,2026-06-03 13:45:00+00:00,0.38,0.3763,SessionHigh,SessionHigh,0.961669,0.00026429,31,bearish_break_level,-2.5,21-40
TIA/USDT,2026-06-04 12:05:00+00:00,0.3526,0.3429,SessionLow,,0.916982,0.00069286,60,time_stop,0.0,41-60
TIA/USDT,2026-06-06 09:35:00+00:00,0.2915,0.2803,SessionLow,,0.953266,0.0008,60,time_stop,3.190395,41-60
TIA/USDT,2026-06-06 14:10:00+00:00,0.3008,0.299296,Round_5bp,,0.792191,0.00012143,60,time_stop,0.0,41-60
TIA/USDT,2026-06-07 00:30:00+00:00,0.3032,0.3008,PDC,,0.999568,0.00017143,60,time_stop,0.0,41-60
TIA/USDT,2026-06-07 08:45:00+00:00,0.3153,0.3032,SessionHigh,SessionHigh,0.999568,0.00086429,7,bearish_break_level,-0.507453,6-10
TIA/USDT,2026-06-08 00:40:00+00:00,0.3219,0.32,SessionHigh,SessionHigh,0.858632,0.00026429,5,bearish_break_level,-1.149425,3-5
TIA/USDT,2026-06-08 03:05:00+00:00,0.3182,0.3164,SessionLow,SessionLow,0.815818,0.00012857,25,bearish_break_level,-1.162791,21-40
TIA/USDT,2026-06-08 03:10:00+00:00,0.32,0.3182,PDC,SessionLow,0.801574,0.00025714,24,bearish_break_level,-1.71875,21-40
TIA/USDT,2026-06-08 06:00:00+00:00,0.3163,0.3145,SessionLow,SessionHigh,0.81012,0.00026429,34,bearish_break_level,0.031616,21-40
TIA/USDT,2026-06-08 08:25:00+00:00,0.3182,0.316609,Round_5bp,SessionHigh,0.799116,0.00013571,5,bearish_break_level,-0.565682,3-5
TIA/USDT,2026-06-08 08:30:00+00:00,0.3219,0.3182,PDC,SessionHigh,0.77945,0.0004,4,bearish_break_level,-1.708605,3-5
TIA/USDT,2026-06-08 09:15:00+00:00,0.3182,0.316609,Round_5bp,SessionHigh,0.784878,0.00092143,33,bearish_break_level,0.597109,21-40
TIA/USDT,2026-06-08 11:20:00+00:00,0.3237,0.3219,SessionHigh,SessionHigh,0.757341,0.00026429,8,bearish_break_level,-1.112141,6-10
TIA/USDT,2026-06-08 15:20:00+00:00,0.3256,0.3237,SessionHigh,SessionHigh,0.769406,0.00026429,7,bearish_break_level,-0.583538,6-10
TIA/USDT,2026-06-08 16:15:00+00:00,0.3274,0.3256,SessionHigh,SessionHigh,0.770819,0.00066429,3,bearish_break_level,-1.16066,3-5
TIA/USDT,2026-06-09 07:05:00+00:00,0.3231,0.309,SessionLow,,0.928785,0.00100714,60,time_stop,-0.03095,41-60
TIA/USDT,2026-06-11 03:55:00+00:00,0.3203,0.3142,PDC,,0.999568,0.00043571,60,time_stop,0.0,41-60
TIA/USDT,2026-06-12 09:20:00+00:00,0.3191,0.3181,PDC,,0.999568,7.143e-05,60,time_stop,5.233469,41-60
TIA/USDT,2026-06-12 12:55:00+00:00,0.3358,0.3191,SessionHigh,SessionHigh,0.948574,0.00119286,28,bearish_break_level,-2.680167,21-40
TIA/USDT,2026-06-12 22:45:00+00:00,0.3402,0.3379,SessionHigh,,0.954871,0.00016429,60,time_stop,0.0,41-60
TIA/USDT,2026-06-13 14:40:00+00:00,0.3477,0.3228,SessionLow,,0.950868,0.00177857,60,time_stop,1.150417,41-60
TIA/USDT,2026-06-13 15:10:00+00:00,0.3517,0.3477,SessionHigh,,0.939063,0.00206429,60,time_stop,0.0,41-60
TIA/USDT,2026-06-14 03:25:00+00:00,0.3605,0.3385,SessionLow,,0.989068,0.00251429,60,time_stop,0.0,41-60
TIA/USDT,2026-06-14 18:15:00+00:00,0.3408,0.3255,SessionLow,,0.962034,0.00195714,60,time_stop,3.0223,41-60
TLM/USDT,2026-06-04 04:35:00+00:00,0.001284,0.001217,PDH,,0.999568,4.79e-06,60,time_stop,0.778816,41-60
TLM/USDT,2026-06-04 06:15:00+00:00,0.001294,0.001284,SessionHigh,,0.959722,7.1e-07,60,time_stop,0.0,41-60
TLM/USDT,2026-06-06 20:25:00+00:00,0.001052,0.000876,SessionLow,,0.995177,2.143e-05,60,time_stop,0.0,41-60
TRUMP/USDT,2026-06-02 00:35:00+00:00,2.035,2.032,PDC,SessionHigh,0.8779,0.00021429,18,bearish_break_level,-2.113022,11-20
TRUMP/USDT,2026-06-02 02:20:00+00:00,2.025,1.992,SessionLow,SessionHigh,0.816609,0.00542857,56,bearish_break_level,-1.234568,41-60
TRUMP/USDT,2026-06-02 04:45:00+00:00,2.054,2.042,SessionHigh,SessionHigh,0.839719,0.00285714,27,bearish_break_level,-2.629017,21-40
TRUMP/USDT,2026-06-02 10:00:00+00:00,1.996,1.982,SessionLow,SessionHigh,0.86402,0.00228571,41,bearish_break_level,2.655311,41-60
TRUMP/USDT,2026-06-02 13:00:00+00:00,2.06,2.032,PDC,SessionHigh,0.841979,0.00457143,5,bearish_break_level,-0.533981,3-5
TRUMP/USDT,2026-06-02 13:05:00+00:00,2.073,2.06,SessionHigh,SessionHigh,0.825888,0.0055,4,bearish_break_level,-1.157742,3-5
TRUMP/USDT,2026-06-02 19:45:00+00:00,2.012,1.935,SessionLow,SessionHigh,0.827661,0.00807143,60,bearish_break_level,-2.137177,41-60
TRUMP/USDT,2026-06-03 00:20:00+00:00,1.96,1.91,PDL,SessionHigh,0.796355,0.00871429,5,bearish_break_level,0.459184,3-5
TRUMP/USDT,2026-06-04 02:05:00+00:00,1.851,1.789,SessionLow,Round_5bp,0.800782,0.01857143,21,bearish_break_level,2.593193,21-40
TRUMP/USDT,2026-06-04 10:20:00+00:00,1.775,1.763,SessionLow,,0.786759,0.00857143,60,time_stop,3.887324,41-60
TRUMP/USDT,2026-06-04 11:20:00+00:00,1.769,1.763,SessionLow,,0.83364,0.00214286,60,time_stop,4.239683,41-60
TRUMP/USDT,2026-06-05 01:40:00+00:00,1.817,1.78,SessionLow,SessionHigh,0.847593,0.00442857,6,bearish_break_level,-0.38525,6-10
TRUMP/USDT,2026-06-05 04:25:00+00:00,1.771,1.763,PDL,,0.802378,0.00057143,60,time_stop,-3.049125,41-60
TRUMP/USDT,2026-06-05 05:50:00+00:00,1.813,1.735,SessionLow,,0.732923,0.00814286,60,time_stop,-5.295091,41-60
TRUMP/USDT,2026-06-05 16:10:00+00:00,1.623,1.588,SessionLow,SessionLow,0.803168,0.01285714,43,bearish_break_level,-3.265558,41-60
TRUMP/USDT,2026-06-05 21:55:00+00:00,1.634,1.569,SessionLow,Round_5bp,0.732105,0.00714286,24,bearish_break_level,-3.549572,21-40
TRUMP/USDT,2026-06-06 00:10:00+00:00,1.607,1.576,PDC,SessionHigh,0.800522,0.00607143,1,bearish_break_level,-0.124456,1-2
TRUMP/USDT,2026-06-06 04:20:00+00:00,1.55,1.534,SessionLow,SessionLow,0.732324,0.00714286,3,bearish_break_level,-3.225806,3-5
TRUMP/USDT,2026-06-06 07:15:00+00:00,1.614,1.576,PDC,SessionHigh,0.791565,0.008,7,bearish_break_level,-2.788104,6-10
TRUMP/USDT,2026-06-07 02:00:00+00:00,1.632,1.59,PDC,SessionHigh,0.892515,0.003,13,bearish_break_level,-0.919118,11-20
TRUMP/USDT,2026-06-07 09:05:00+00:00,1.671,1.635,SessionHigh,SessionHigh,0.935617,0.00385714,5,bearish_break_level,-1.555955,3-5
TRUMP/USDT,2026-06-07 14:45:00+00:00,1.641,1.632795,Round_5bp,,0.865257,0.00057143,60,time_stop,-3.717246,41-60
TRUMP/USDT,2026-06-07 20:00:00+00:00,1.593,1.58,SessionLow,,0.843614,0.00535714,60,time_stop,6.277464,41-60
TRUMP/USDT,2026-06-08 00:05:00+00:00,1.693,1.646,PDC,SessionHigh,0.798321,0.00471429,16,bearish_break_level,-2.835204,11-20
TRUMP/USDT,2026-06-08 02:00:00+00:00,1.693,1.646,PDC,,0.791136,0.00685714,60,time_stop,0.472534,41-60
TRUMP/USDT,2026-06-08 07:00:00+00:00,1.701,1.693,SessionHigh,,0.938947,0.00057143,60,time_stop,0.0,41-60
TRUMP/USDT,2026-06-09 09:20:00+00:00,1.681,1.616,SessionLow,,0.940152,0.00464286,60,time_stop,0.0,41-60
TRUMP/USDT,2026-06-09 17:00:00+00:00,1.628,1.616,SessionLow,,0.916324,0.00307143,60,time_stop,1.965602,41-60
TRUMP/USDT,2026-06-10 01:10:00+00:00,1.677,1.66,PDC,SessionHigh,0.945472,0.00121429,25,bearish_break_level,-1.192606,21-40
TRUMP/USDT,2026-06-10 13:30:00+00:00,1.665,1.643,SessionLow,PDH,0.866923,0.00207143,4,bearish_break_level,-1.741742,3-5
TRUMP/USDT,2026-06-10 13:40:00+00:00,1.685,1.677,SessionHigh,PDH,0.853607,0.003,2,bearish_break_level,-2.908012,1-2
TRUMP/USDT,2026-06-10 16:05:00+00:00,1.692,1.636,SessionLow,SessionHigh,0.848687,0.004,1,bearish_break_level,-0.650118,1-2
TRUMP/USDT,2026-06-10 16:25:00+00:00,1.689,1.680555,Round_5bp,,0.91848,0.00535714,60,time_stop,-0.236827,41-60
TRUMP/USDT,2026-06-10 22:40:00+00:00,1.622,1.61,SessionLow,,0.887789,0.00621429,60,time_stop,2.342787,41-60
TRUMP/USDT,2026-06-11 01:25:00+00:00,1.65,1.622,PDC,SessionHigh,0.888434,0.002,54,bearish_break_level,3.272727,41-60
TRUMP/USDT,2026-06-11 01:55:00+00:00,1.66,1.65,SessionHigh,SessionHigh,0.922389,0.00271429,48,bearish_break_level,2.650602,41-60
TRUMP/USDT,2026-06-11 03:55:00+00:00,1.691,1.66,SessionHigh,SessionHigh,0.803008,0.00221429,24,bearish_break_level,0.768776,21-40
TRUMP/USDT,2026-06-11 05:40:00+00:00,1.722,1.692,PDH,SessionHigh,0.870258,0.00221429,3,bearish_break_level,-1.045296,3-5
TRUMP/USDT,2026-06-11 21:40:00+00:00,1.745,1.737,SessionHigh,,0.958662,0.00057143,60,time_stop,0.0,41-60
TRUMP/USDT,2026-06-12 04:55:00+00:00,1.775,1.745,PDH,SessionHigh,0.999568,0.00214286,28,bearish_break_level,-0.84507,21-40
TRUMP/USDT,2026-06-12 05:05:00+00:00,1.781,1.775,SessionHigh,SessionHigh,0.986442,0.00257143,26,bearish_break_level,-1.179113,21-40
TRUMP/USDT,2026-06-12 05:25:00+00:00,1.794,1.781,SessionHigh,SessionHigh,0.967789,0.0035,22,bearish_break_level,-1.895206,21-40
TRUMP/USDT,2026-06-12 08:05:00+00:00,1.82,1.807,SessionHigh,SessionHigh,0.838423,0.00692857,9,bearish_break_level,2.362637,6-10
TRUMP/USDT,2026-06-12 09:15:00+00:00,2.004,1.942,SessionHigh,SessionHigh,0.764674,0.024,1,bearish_break_level,-2.245509,1-2
TRUMP/USDT,2026-06-12 10:45:00+00:00,2.184,2.16216,Round_10bp,,0.837072,0.051,60,time_stop,-4.029304,41-60
TRUMP/USDT,2026-06-13 05:10:00+00:00,2.517,2.221,PDH,,0.67176,0.02964286,60,time_stop,-6.197855,41-60
TRUMP/USDT,2026-06-13 21:45:00+00:00,2.338,2.221,PDH,PDC,0.921126,0.00914286,37,bearish_break_level,-8.896493,21-40
TRUMP/USDT,2026-06-14 01:05:00+00:00,2.417,2.13,SessionLow,SessionHigh,0.748209,0.02478571,44,bearish_break_level,-13.280927,41-60
TRUMP/USDT,2026-06-14 05:30:00+00:00,2.261,2.045,SessionLow,,0.902293,0.0425,60,time_stop,-9.553295,41-60
TRUMP/USDT,2026-06-14 10:00:00+00:00,2.051,2.037,SessionLow,,0.836399,0.003,60,time_stop,-2.486592,41-60
TRUMP/USDT,2026-06-14 16:15:00+00:00,2.008,2.0,SessionLow,SessionLow,0.919125,0.00057143,7,bearish_break_level,-1.89243,6-10
TRX/USDT,2026-06-02 08:35:00+00:00,0.343,0.34,SessionLow,,0.6966,0.00045,60,time_stop,-0.145773,41-60
TRX/USDT,2026-06-02 09:25:00+00:00,0.3428,0.34,SessionLow,Round_5bp,0.768347,0.00062857,58,bearish_break_level,-0.816803,41-60
TRX/USDT,2026-06-02 14:05:00+00:00,0.3419,0.34,SessionLow,Round_5bp,0.730332,0.00045714,2,bearish_break_level,-0.555718,1-2
TRX/USDT,2026-06-02 16:35:00+00:00,0.3385,0.335115,Round_10bp,Round_10bp,0.721371,0.00022857,38,bearish_break_level,-1.447563,21-40
TRX/USDT,2026-06-02 16:45:00+00:00,0.3402,0.3385,PDL,Round_10bp,0.713187,0.00035,36,bearish_break_level,-1.940035,21-40
TRX/USDT,2026-06-02 21:20:00+00:00,0.3369,0.3335,SessionLow,Round_10bp,0.69512,0.00072143,23,bearish_break_level,-0.682695,21-40
TRX/USDT,2026-06-03 01:25:00+00:00,0.3353,0.33,SessionLow,SessionHigh,0.731694,0.00037857,3,bearish_break_level,-0.178944,3-5
TRX/USDT,2026-06-03 03:30:00+00:00,0.3335,0.3308,PDL,SessionHigh,0.736992,0.00078571,42,bearish_break_level,-0.53973,41-60
TRX/USDT,2026-06-03 04:15:00+00:00,0.3317,0.3292,SessionLow,SessionHigh,0.775455,0.00067143,33,bearish_break_level,0.0,21-40
TRX/USDT,2026-06-03 06:35:00+00:00,0.3353,0.3336235,Round_5bp,SessionHigh,0.707848,0.00012857,5,bearish_break_level,-1.073665,3-5
TRX/USDT,2026-06-03 06:45:00+00:00,0.3357,0.3353,SessionHigh,SessionHigh,0.708776,0.00015714,3,bearish_break_level,-1.19154,3-5
TRX/USDT,2026-06-03 14:55:00+00:00,0.3369,0.3364,SessionHigh,SessionHigh,0.743655,0.00036429,7,bearish_break_level,-1.276343,6-10
TRX/USDT,2026-06-04 02:35:00+00:00,0.3336,0.3286,SessionLow,,0.722688,0.00087857,60,time_stop,0.119904,41-60
TRX/USDT,2026-06-04 11:35:00+00:00,0.3303,0.3266,SessionLow,,0.817592,0.00026429,60,time_stop,-0.696337,41-60
TRX/USDT,2026-06-04 15:50:00+00:00,0.3326,0.3266,SessionLow,,0.820331,0.00042857,60,time_stop,-0.871918,41-60
TRX/USDT,2026-06-04 17:00:00+00:00,0.3291,0.3274545,Round_5bp,,0.794157,0.00116429,60,time_stop,1.367366,41-60
TRX/USDT,2026-06-04 18:05:00+00:00,0.3296,0.3292,PDL,,0.81818,0.00014286,60,time_stop,1.122573,41-60
TRX/USDT,2026-06-05 00:05:00+00:00,0.3344,0.3332,PDC,SessionHigh,0.708373,0.00025,6,bearish_break_level,-0.358852,6-10
TRX/USDT,2026-06-05 01:20:00+00:00,0.3295,0.3256,SessionLow,PDL,0.743735,0.00122143,56,bearish_break_level,-1.335357,41-60
TRX/USDT,2026-06-05 02:15:00+00:00,0.3305,0.3266,PDL,PDL,0.716371,0.00119286,45,bearish_break_level,-1.633888,41-60
TRX/USDT,2026-06-05 04:30:00+00:00,0.3304,0.3256,SessionLow,PDL,0.694426,0.00066429,18,bearish_break_level,-1.604116,11-20
TRX/USDT,2026-06-05 13:00:00+00:00,0.3273,0.3244,SessionLow,SessionLow,0.807178,0.00040714,4,bearish_break_level,-1.22212,3-5
TRX/USDT,2026-06-06 14:00:00+00:00,0.3224,0.3181,PDL,SessionHigh,0.811756,0.00049286,22,bearish_break_level,-0.744417,21-40
TRX/USDT,2026-06-06 17:10:00+00:00,0.3234,0.320166,Round_10bp,SessionHigh,0.795711,0.00024286,37,bearish_break_level,-0.834879,21-40
TRX/USDT,2026-06-06 18:55:00+00:00,0.3244,0.3234,SessionHigh,SessionHigh,0.759937,0.0001,16,bearish_break_level,-1.140567,11-20
TRX/USDT,2026-06-07 07:10:00+00:00,0.3257,0.3236,SessionLow,,0.796273,0.00028571,60,time_stop,0.89039,41-60
TRX/USDT,2026-06-07 10:10:00+00:00,0.3286,0.326,PDC,SessionHigh,0.877744,0.00020714,26,bearish_break_level,-0.699939,21-40
TRX/USDT,2026-06-07 13:45:00+00:00,0.3286,0.3263,PDH,SessionHigh,0.866126,0.00019286,29,bearish_break_level,0.42605,21-40
TRX/USDT,2026-06-07 14:15:00+00:00,0.3307,0.3286,SessionHigh,SessionHigh,0.826989,0.00031429,23,bearish_break_level,-0.211672,21-40
TRX/USDT,2026-06-07 20:55:00+00:00,0.3241,0.3236,SessionLow,SessionHigh,0.759877,0.00038571,31,bearish_break_level,0.246837,21-40
TRX/USDT,2026-06-08 01:15:00+00:00,0.3286,0.3218,SessionLow,SessionLow,0.767794,0.00122143,13,bearish_break_level,-2.251978,11-20
TRX/USDT,2026-06-08 01:45:00+00:00,0.3286,0.3218,SessionLow,SessionLow,0.752945,0.00219286,7,bearish_break_level,-2.251978,6-10
TRX/USDT,2026-06-08 03:20:00+00:00,0.3286,0.3212,SessionLow,,0.800524,0.00110714,60,time_stop,-1.125989,41-60
TRX/USDT,2026-06-08 04:10:00+00:00,0.3317,0.328383,Round_10bp,,0.811973,0.00134286,60,time_stop,-2.050045,41-60
TRX/USDT,2026-06-09 00:10:00+00:00,0.3321,0.3209,PDC,WeeklyOpen,0.75683,0.0008,2,bearish_break_level,-1.174345,1-2
TRX/USDT,2026-06-09 02:30:00+00:00,0.3318,0.3209,PDC,WeeklyOpen,0.777969,0.0008,27,bearish_break_level,-0.030139,21-40
TRX/USDT,2026-06-09 11:10:00+00:00,0.3237,0.3104,SessionLow,Round_10bp,0.938166,0.00102143,34,bearish_break_level,-0.679642,21-40
TRX/USDT,2026-06-09 18:10:00+00:00,0.325,0.3209,PDC,Round_10bp,0.746652,0.00048571,12,bearish_break_level,-1.076923,11-20
TRX/USDT,2026-06-10 01:25:00+00:00,0.3253,0.3244,PDC,SessionHigh,0.775562,0.00011429,6,bearish_break_level,-0.399631,6-10
TRX/USDT,2026-06-10 04:15:00+00:00,0.3232,0.3197,SessionLow,PDC,0.745654,0.00048571,54,bearish_break_level,-0.990099,41-60
TRX/USDT,2026-06-10 11:00:00+00:00,0.3272,0.3197,SessionLow,SessionHigh,0.864945,0.00051429,31,bearish_break_level,-1.864303,21-40
TRX/USDT,2026-06-10 11:35:00+00:00,0.3317,0.3272,SessionHigh,SessionHigh,0.910758,0.00083571,24,bearish_break_level,-3.195659,21-40
TRX/USDT,2026-06-10 19:25:00+00:00,0.3236,0.3194,SessionLow,PDC,0.717817,0.0006,31,bearish_break_level,-0.092707,21-40
TRX/USDT,2026-06-11 00:45:00+00:00,0.3229,0.3194,PDL,SessionHigh,0.735704,0.00057143,31,bearish_break_level,-1.114896,21-40
TRX/USDT,2026-06-11 01:50:00+00:00,0.3234,0.3228,PDC,SessionHigh,0.764302,0.00032143,18,bearish_break_level,-1.26778,11-20
TRX/USDT,2026-06-11 04:10:00+00:00,0.3239,0.3194,PDL,SessionHigh,0.805025,0.00063571,22,bearish_break_level,-1.142328,21-40
TRX/USDT,2026-06-11 13:25:00+00:00,0.323,0.3194,PDL,PDC,0.822945,0.0003,1,bearish_break_level,-1.20743,1-2
TRX/USDT,2026-06-11 13:50:00+00:00,0.3236,0.3194,PDL,SessionHigh,0.82743,0.0009,22,bearish_break_level,-0.247219,21-40
TRX/USDT,2026-06-11 19:45:00+00:00,0.3161,0.3146,SessionLow,,0.774793,0.00010714,60,time_stop,0.727618,41-60
TRX/USDT,2026-06-11 20:10:00+00:00,0.315,0.3146,SessionLow,,0.756019,0.0002,60,time_stop,1.079365,41-60
TRX/USDT,2026-06-11 22:20:00+00:00,0.3153,0.3117,SessionLow,SessionHigh,0.806748,0.00049286,36,bearish_break_level,0.729464,21-40
TRX/USDT,2026-06-12 12:15:00+00:00,0.3139,0.3082,SessionLow,Round_10bp,0.884683,0.00085714,5,bearish_break_level,-0.987576,3-5
TRX/USDT,2026-06-13 13:55:00+00:00,0.3192,0.316008,Round_10bp,SessionHigh,0.847248,0.00077143,7,bearish_break_level,-1.12782,6-10
TRX/USDT,2026-06-13 23:25:00+00:00,0.3189,0.315711,Round_10bp,SessionHigh,0.85932,0.00054286,15,bearish_break_level,-0.062716,11-20
TRX/USDT,2026-06-14 01:20:00+00:00,0.3179,0.3082,SessionLow,,0.778932,0.00145714,60,time_stop,-0.094369,41-60
TRX/USDT,2026-06-14 11:20:00+00:00,0.3087,0.3082,SessionLow,SessionHigh,0.804545,0.00053571,27,bearish_break_level,3.304179,21-40
UNI/USDT,2026-06-02 00:15:00+00:00,3.029,2.957,SessionLow,SessionHigh,0.696,0.02678571,5,bearish_break_level,-0.462199,3-5
UNI/USDT,2026-06-02 00:50:00+00:00,3.013,2.98287,Round_10bp,SessionLow,0.717895,0.02357143,14,bearish_break_level,-2.987056,11-20
UNI/USDT,2026-06-02 02:20:00+00:00,2.944,2.905,SessionLow,Round_10bp,0.712965,0.01107143,22,bearish_break_level,-0.169837,21-40
UNI/USDT,2026-06-02 04:55:00+00:00,2.97,2.9403,Round_10bp,,0.719132,0.01814286,60,time_stop,-1.346801,41-60
UNI/USDT,2026-06-02 09:05:00+00:00,2.927,2.912365,Round_5bp,Round_5bp,0.724143,0.02585714,33,bearish_break_level,-0.102494,21-40
UNI/USDT,2026-06-02 15:00:00+00:00,2.867,2.852665,Round_5bp,Round_5bp,0.7282,0.02414286,10,bearish_break_level,-2.825253,6-10
UNI/USDT,2026-06-02 15:30:00+00:00,2.807,2.8,SessionLow,Round_5bp,0.733342,0.03421429,4,bearish_break_level,-0.74813,3-5
UNI/USDT,2026-06-02 18:00:00+00:00,2.867,2.83833,Round_10bp,,0.704873,0.02814286,60,time_stop,-3.17405,41-60
UNI/USDT,2026-06-02 18:15:00+00:00,2.866,2.85167,Round_5bp,,0.753372,0.02421429,60,time_stop,-2.686671,41-60
UNI/USDT,2026-06-03 00:00:00+00:00,2.819,2.806,PDC,SessionHigh,0.715918,0.03885714,2,bearish_break_level,1.596311,1-2
UNI/USDT,2026-06-03 00:45:00+00:00,2.844,2.81556,Round_10bp,Round_5bp,0.705838,0.04628571,3,bearish_break_level,-0.070323,3-5
UNI/USDT,2026-06-03 02:15:00+00:00,2.828,2.81386,Round_5bp,Round_5bp,0.742306,0.02014286,3,bearish_break_level,-0.424328,3-5
UNI/USDT,2026-06-03 02:55:00+00:00,2.831,2.816845,Round_5bp,Round_10bp,0.712664,0.01385714,15,bearish_break_level,-1.024373,11-20
UNI/USDT,2026-06-03 03:10:00+00:00,2.823,2.79477,Round_10bp,Round_10bp,0.7472,0.01592857,12,bearish_break_level,-0.743889,11-20
UNI/USDT,2026-06-03 04:45:00+00:00,2.822,2.79378,Round_10bp,SessionHigh,0.730204,0.03085714,5,bearish_break_level,1.594614,3-5
UNI/USDT,2026-06-03 04:50:00+00:00,2.838,2.82381,Round_5bp,SessionHigh,0.745946,0.03228571,4,bearish_break_level,1.021846,3-5
UNI/USDT,2026-06-03 07:35:00+00:00,2.875,2.84625,Round_10bp,SessionHigh,0.719009,0.02778571,4,bearish_break_level,-1.391304,3-5
UNI/USDT,2026-06-03 10:25:00+00:00,2.913,2.898435,Round_5bp,SessionHigh,0.706528,0.01921429,1,bearish_break_level,-1.064195,1-2
UNI/USDT,2026-06-03 11:15:00+00:00,2.963,2.925,SessionHigh,SessionHigh,0.715325,0.01971429,1,bearish_break_level,-0.911239,1-2
UNI/USDT,2026-06-03 13:30:00+00:00,2.929,2.914355,Round_5bp,Round_5bp,0.700451,0.0235,1,bearish_break_level,-0.409696,1-2
UNI/USDT,2026-06-03 19:45:00+00:00,2.883,2.85417,Round_10bp,Round_10bp,0.712509,0.03128571,33,bearish_break_level,-1.248699,21-40
UNI/USDT,2026-06-03 21:10:00+00:00,2.831,2.816845,Round_5bp,Round_10bp,0.745568,0.02771429,16,bearish_break_level,0.565171,11-20
UNI/USDT,2026-06-03 21:25:00+00:00,2.854,2.82546,Round_10bp,Round_10bp,0.715623,0.02757143,13,bearish_break_level,-0.24527,11-20
UNI/USDT,2026-06-04 00:00:00+00:00,2.826,2.811,PDC,SessionLow,0.728725,0.02121429,6,bearish_break_level,-2.335456,6-10
UNI/USDT,2026-06-04 01:30:00+00:00,2.701,2.685,SessionLow,Round_10bp,0.753913,0.05435714,34,bearish_break_level,2.369493,21-40
UNI/USDT,2026-06-04 03:55:00+00:00,2.83,2.8017,Round_10bp,Round_10bp,0.731148,0.042,5,bearish_break_level,-2.29682,3-5
UNI/USDT,2026-06-04 04:15:00+00:00,2.792,2.743,PDL,Round_10bp,0.714042,0.04485714,1,bearish_break_level,-0.967049,1-2
UNI/USDT,2026-06-04 07:05:00+00:00,2.751,2.737245,Round_5bp,PDL,0.701582,0.04407143,5,bearish_break_level,-0.981461,3-5
UNI/USDT,2026-06-05 00:35:00+00:00,2.656,2.623,PDC,SessionHigh,0.762855,0.00235714,5,bearish_break_level,-2.183735,3-5
UNI/USDT,2026-06-05 01:30:00+00:00,2.63,2.583,SessionLow,SessionLow,0.765177,0.01092857,19,bearish_break_level,-2.509506,11-20
UNI/USDT,2026-06-05 04:25:00+00:00,2.591,2.578045,Round_5bp,SessionLow,0.764154,0.00521429,18,bearish_break_level,-2.354303,11-20
UNI/USDT,2026-06-05 06:35:00+00:00,2.46,2.343,SessionLow,Round_10bp,0.72595,0.02678571,57,bearish_break_level,2.682927,41-60
UNI/USDT,2026-06-05 07:25:00+00:00,2.514,2.50143,Round_5bp,Round_10bp,0.735081,0.03421429,47,bearish_break_level,0.477327,41-60
UNI/USDT,2026-06-05 21:35:00+00:00,2.497,2.47203,Round_10bp,,0.705272,0.00542857,60,time_stop,-1.682018,41-60
UNI/USDT,2026-06-06 00:35:00+00:00,2.455,2.438,PDC,SessionHigh,0.749785,0.00492857,29,bearish_break_level,-1.303462,21-40
UNI/USDT,2026-06-06 05:20:00+00:00,2.406,2.321,SessionLow,,0.751256,0.01228571,60,time_stop,1.454697,41-60
UNI/USDT,2026-06-06 22:40:00+00:00,2.482,2.438,PDC,SessionHigh,0.975959,0.01664286,44,bearish_break_level,0.926672,41-60
UNI/USDT,2026-06-07 00:20:00+00:00,2.5,2.444,PDC,SessionHigh,0.925771,0.005,24,bearish_break_level,0.2,21-40
UNI/USDT,2026-06-07 01:15:00+00:00,2.515,2.5,SessionHigh,SessionHigh,0.827039,0.00507143,13,bearish_break_level,-0.397614,11-20
UNI/USDT,2026-06-07 09:10:00+00:00,2.607,2.576,SessionHigh,SessionHigh,0.993754,0.00892857,33,bearish_break_level,-2.263138,21-40
UNI/USDT,2026-06-08 02:30:00+00:00,2.567,2.551,SessionLow,SessionHigh,0.817772,0.00114286,46,bearish_break_level,-1.168679,41-60
UNI/USDT,2026-06-08 08:20:00+00:00,2.546,2.537,SessionLow,SessionLow,0.955452,0.00142857,36,bearish_break_level,-2.120974,21-40
UNI/USDT,2026-06-08 11:25:00+00:00,2.522,2.492,SessionLow,,0.797616,0.00528571,60,time_stop,1.308485,41-60
UNI/USDT,2026-06-08 17:10:00+00:00,2.575,2.557,PDC,,0.842871,0.00142857,60,time_stop,0.0,41-60
UNI/USDT,2026-06-09 00:35:00+00:00,2.483,2.479,SessionLow,,0.986681,0.01085714,60,time_stop,1.127668,41-60
UNI/USDT,2026-06-10 00:40:00+00:00,2.468,2.439,PDC,,0.884515,0.00207143,60,time_stop,0.0,41-60
UNI/USDT,2026-06-10 09:25:00+00:00,2.459,2.432,SessionLow,,0.993771,0.0045,60,time_stop,1.098007,41-60
UNI/USDT,2026-06-10 12:30:00+00:00,2.475,2.427,PDL,,0.909058,0.00542857,60,time_stop,-0.565657,41-60
UNI/USDT,2026-06-10 12:55:00+00:00,2.484,2.475,SessionHigh,,0.883915,0.00607143,60,time_stop,-0.925926,41-60
UNI/USDT,2026-06-10 13:45:00+00:00,2.502,2.485,SessionHigh,Round_10bp,0.831682,0.00278571,52,bearish_break_level,-2.677858,41-60
UNI/USDT,2026-06-10 21:50:00+00:00,2.415,2.394,SessionLow,,0.839818,0.00335714,60,time_stop,-0.041408,41-60
UNI/USDT,2026-06-11 03:30:00+00:00,2.454,2.415,PDC,SessionHigh,0.861858,0.00285714,26,bearish_break_level,1.100244,21-40
UNI/USDT,2026-06-11 03:55:00+00:00,2.493,2.454,SessionHigh,SessionHigh,0.880399,0.00564286,21,bearish_break_level,-0.481348,21-40
UNI/USDT,2026-06-11 10:25:00+00:00,2.524,2.517,SessionHigh,SessionHigh,0.936216,0.00421429,11,bearish_break_level,-0.752773,11-20
UNI/USDT,2026-06-11 11:10:00+00:00,2.551,2.524,SessionHigh,SessionHigh,0.890044,0.00242857,2,bearish_break_level,-1.803214,1-2
UNI/USDT,2026-06-11 15:40:00+00:00,2.562,2.514,PDH,SessionHigh,0.862381,0.00342857,16,bearish_break_level,-2.302888,11-20
UNI/USDT,2026-06-11 17:30:00+00:00,2.548,2.321,SessionLow,PDH,0.843663,0.03342857,37,bearish_break_level,-2.472527,21-40
UNI/USDT,2026-06-12 04:40:00+00:00,2.542,2.485,PDC,SessionHigh,0.999568,0.00407143,9,bearish_break_level,-1.966955,6-10
UNI/USDT,2026-06-12 09:20:00+00:00,2.502,2.479,SessionLow,,0.823481,0.0015,60,time_stop,1.918465,41-60
UNI/USDT,2026-06-12 15:30:00+00:00,2.575,2.55,SessionHigh,SessionHigh,0.831244,0.00178571,3,bearish_break_level,-1.320388,3-5
UNI/USDT,2026-06-13 00:55:00+00:00,2.502,2.497,PDC,,0.871147,0.00035714,60,time_stop,0.0,41-60
UNI/USDT,2026-06-13 14:15:00+00:00,2.502,2.497,PDC,SessionHigh,0.960252,0.00457143,48,bearish_break_level,0.919265,41-60
UNI/USDT,2026-06-14 17:15:00+00:00,2.493,2.47,SessionLow,,0.841108,0.00164286,60,time_stop,3.690333,41-60
VET/USDT,2026-06-02 06:45:00+00:00,0.005873,0.005852,SessionLow,SessionHigh,0.97676,1.5e-06,57,bearish_break_level,-2.077303,41-60
VET/USDT,2026-06-02 08:30:00+00:00,0.005916,0.00578,PDL,SessionHigh,0.846864,9.57e-06,36,bearish_break_level,-2.789047,21-40
VET/USDT,2026-06-02 12:20:00+00:00,0.005762,0.005751,SessionLow,SessionHigh,0.888847,1.257e-05,22,bearish_break_level,-0.208261,21-40
VET/USDT,2026-06-02 14:20:00+00:00,0.005783,0.00575,SessionLow,PDL,0.810939,4.421e-05,1,bearish_break_level,-2.507349,1-2
VET/USDT,2026-06-02 15:40:00+00:00,0.00553,0.0055,SessionLow,,0.802143,1.929e-05,60,time_stop,4.701627,41-60
VET/USDT,2026-06-02 19:45:00+00:00,0.00579,0.005499,SessionLow,SessionHigh,0.758348,2.079e-05,55,bearish_break_level,-8.117444,41-60
VET/USDT,2026-06-02 23:35:00+00:00,0.0055,0.005455,SessionLow,SessionHigh,0.884268,2.714e-05,9,bearish_break_level,-3.272727,6-10
VET/USDT,2026-06-03 01:45:00+00:00,0.0057,0.00532,SessionLow,SessionHigh,0.819392,2.714e-05,17,bearish_break_level,-2.245614,11-20
VET/USDT,2026-06-03 07:20:00+00:00,0.005767,0.00570933,Round_10bp,,0.802302,4.43e-06,60,time_stop,-0.971042,41-60
VET/USDT,2026-06-03 23:20:00+00:00,0.005603,0.00554697,Round_10bp,PDC,0.85679,1.193e-05,24,bearish_break_level,-2.73068,21-40
VET/USDT,2026-06-04 01:45:00+00:00,0.005419,0.00538,SessionLow,SessionLow,0.801901,1.871e-05,3,bearish_break_level,-2.195977,3-5
VET/USDT,2026-06-04 10:30:00+00:00,0.005391,0.005239,SessionLow,,0.810996,2.557e-05,60,time_stop,1.6509,41-60
VET/USDT,2026-06-04 18:25:00+00:00,0.005372,0.00534514,Round_5bp,,0.823404,1.164e-05,60,time_stop,5.975428,41-60
VET/USDT,2026-06-05 06:25:00+00:00,0.004904,0.004866,SessionLow,,0.771788,1.907e-05,60,time_stop,4.853181,41-60
VET/USDT,2026-06-05 16:45:00+00:00,0.004921,0.004825,SessionLow,SessionLow,0.769258,1.486e-05,12,bearish_break_level,-2.824629,11-20
VET/USDT,2026-06-05 19:25:00+00:00,0.004685,0.004638,SessionLow,,0.759842,1.864e-05,60,time_stop,3.585912,41-60
VET/USDT,2026-06-05 20:10:00+00:00,0.004799,0.004632,SessionLow,PDC,0.718375,2.679e-05,57,bearish_break_level,0.604293,41-60
VET/USDT,2026-06-06 02:50:00+00:00,0.004776,0.004753,SessionLow,SessionLow,0.809273,1.93e-06,26,bearish_break_level,-6.072027,21-40
VET/USDT,2026-06-06 03:55:00+00:00,0.004761,0.004714,SessionLow,SessionLow,0.810654,9.43e-06,13,bearish_break_level,-5.776097,11-20
VET/USDT,2026-06-06 04:15:00+00:00,0.004787,0.004588,SessionLow,SessionLow,0.794585,3.436e-05,9,bearish_break_level,-6.287863,6-10
VET/USDT,2026-06-06 07:30:00+00:00,0.004671,0.004486,SessionLow,,0.734419,1.293e-05,60,time_stop,0.685078,41-60
VET/USDT,2026-06-06 13:25:00+00:00,0.004755,0.00470745,Round_10bp,,0.808183,3.71e-06,60,time_stop,-0.189274,41-60
VET/USDT,2026-06-07 00:45:00+00:00,0.004771,0.004614,PDC,,0.820377,1.121e-05,60,time_stop,0.0,41-60
VET/USDT,2026-06-07 06:00:00+00:00,0.004846,0.004771,SessionHigh,SessionHigh,0.991241,5.36e-06,3,bearish_break_level,-1.877837,3-5
VET/USDT,2026-06-08 06:25:00+00:00,0.004999,0.004856,PDC,,0.999568,1.021e-05,60,time_stop,0.0,41-60
VET/USDT,2026-06-08 11:55:00+00:00,0.005095,0.004999,SessionHigh,SessionHigh,0.989431,6.86e-06,5,bearish_break_level,-5.848871,3-5
VET/USDT,2026-06-08 13:20:00+00:00,0.004978,0.004797,SessionLow,,0.924085,3.421e-05,60,time_stop,-2.591402,41-60
VET/USDT,2026-06-09 04:45:00+00:00,0.004947,0.004782,SessionLow,,0.967521,1.179e-05,60,time_stop,-0.626642,41-60
VET/USDT,2026-06-09 14:50:00+00:00,0.004867,0.004782,SessionLow,Round_10bp,0.925639,1.243e-05,47,bearish_break_level,-1.314978,41-60
VET/USDT,2026-06-10 09:25:00+00:00,0.004689,0.004679,SessionLow,,0.853649,5.29e-06,60,time_stop,4.862444,41-60
VET/USDT,2026-06-10 18:55:00+00:00,0.004718,0.004676,SessionLow,,0.903706,2.021e-05,60,time_stop,-2.861382,41-60
VET/USDT,2026-06-11 00:50:00+00:00,0.004725,0.004583,PDL,,0.85889,1.014e-05,60,time_stop,0.973545,41-60
VET/USDT,2026-06-11 04:35:00+00:00,0.004771,0.004725,SessionHigh,,0.9664,3.29e-06,60,time_stop,2.263676,41-60
VET/USDT,2026-06-11 06:35:00+00:00,0.004879,0.004771,SessionHigh,SessionHigh,0.930392,7.71e-06,46,bearish_break_level,-2.090592,41-60
VET/USDT,2026-06-11 23:20:00+00:00,0.004829,0.00478071,Round_10bp,,0.873741,1.85e-05,60,time_stop,3.209774,41-60
VET/USDT,2026-06-12 05:40:00+00:00,0.005218,0.004984,PDH,SessionHigh,0.969587,1.671e-05,6,bearish_break_level,-6.880031,6-10
VET/USDT,2026-06-12 09:20:00+00:00,0.004892,0.004856,WeeklyOpen,,0.940229,2.36e-06,60,time_stop,3.495503,41-60
VET/USDT,2026-06-12 13:45:00+00:00,0.005063,0.004732,SessionLow,PDH,0.881233,3.507e-05,56,bearish_break_level,-3.100928,41-60
VET/USDT,2026-06-13 04:40:00+00:00,0.004963,0.004923,PDC,,0.971123,2.86e-06,60,time_stop,3.385049,41-60
VET/USDT,2026-06-13 09:20:00+00:00,0.005131,0.004963,SessionHigh,SessionHigh,0.947357,1.2e-05,14,bearish_break_level,-0.506724,11-20
VET/USDT,2026-06-14 12:20:00+00:00,0.005166,0.005007,SessionLow,,0.977676,1.486e-05,60,time_stop,0.0,41-60
VIRTUAL/USDT,2026-06-02 11:50:00+00:00,0.7584,0.7374,PDH,SessionHigh,0.999568,0.0015,30,bearish_break_level,-2.597574,21-40
VIRTUAL/USDT,2026-06-03 05:00:00+00:00,0.7212,0.7034,WeeklyOpen,SessionHigh,0.980936,0.0024,2,bearish_break_level,-2.537438,1-2
VIRTUAL/USDT,2026-06-03 06:05:00+00:00,0.7395,0.7034,WeeklyOpen,,0.908043,0.00522857,60,time_stop,0.0,41-60
VIRTUAL/USDT,2026-06-04 03:05:00+00:00,0.6977,0.68,SessionLow,,0.826471,0.00380714,60,time_stop,-2.594238,41-60
VIRTUAL/USDT,2026-06-05 08:05:00+00:00,0.74,0.6224,SessionLow,SessionHigh,0.999568,0.0084,50,bearish_break_level,-4.0,41-60
VIRTUAL/USDT,2026-06-07 01:00:00+00:00,0.5517,0.5305,PDC,,0.883546,0.00151429,60,time_stop,0.0,41-60
VIRTUAL/USDT,2026-06-07 22:10:00+00:00,0.5738,0.5517,SessionHigh,SessionHigh,0.999568,0.00157857,53,bearish_break_level,1.132799,41-60
VIRTUAL/USDT,2026-06-08 00:35:00+00:00,0.5869,0.5738,PDH,SessionHigh,0.958841,0.00093571,24,bearish_break_level,-1.124553,21-40
VIRTUAL/USDT,2026-06-08 11:20:00+00:00,0.5836,0.5672,SessionLow,SessionHigh,0.887096,0.00164286,12,bearish_break_level,-0.565456,11-20
VIRTUAL/USDT,2026-06-09 18:20:00+00:00,0.5663,0.5552,SessionLow,,0.945067,0.00093571,60,time_stop,2.030726,41-60
VIRTUAL/USDT,2026-06-11 08:20:00+00:00,0.566,0.5549,PDL,,0.999568,0.00079286,60,time_stop,0.0,41-60
VIRTUAL/USDT,2026-06-12 01:20:00+00:00,0.5909,0.5765,PDC,,0.875404,0.00102857,60,time_stop,0.0,41-60
VIRTUAL/USDT,2026-06-12 08:45:00+00:00,0.6023,0.5909,SessionHigh,,0.999568,0.00230714,60,time_stop,2.507056,41-60
VIRTUAL/USDT,2026-06-12 09:25:00+00:00,0.6174,0.6023,SessionHigh,SessionHigh,0.965885,0.00338571,59,bearish_break_level,-16.666667,41-60
VIRTUAL/USDT,2026-06-13 00:40:00+00:00,0.5541,0.5145,PDC,,0.999568,0.00282857,60,time_stop,20.66414,41-60
VIRTUAL/USDT,2026-06-13 00:45:00+00:00,0.6686,0.5541,SessionHigh,,0.994737,0.01100714,60,time_stop,0.0,41-60
VIRTUAL/USDT,2026-06-13 23:20:00+00:00,0.5302,0.5145,PDC,,0.982809,0.0121,60,time_stop,2.998868,41-60
VIRTUAL/USDT,2026-06-14 13:45:00+00:00,0.66,0.5461,PDC,SessionHigh,0.999568,0.00813571,1,bearish_break_level,-21.969697,1-2
VTHO/USDT,2026-06-02 02:25:00+00:00,0.000491,0.00049,SessionLow,,0.947651,3.6e-07,60,time_stop,0.0,41-60
VTHO/USDT,2026-06-02 16:20:00+00:00,0.00046,0.000453,SessionLow,Round_5bp,0.876086,1.79e-06,7,bearish_break_level,-0.434783,6-10
VTHO/USDT,2026-06-03 02:05:00+00:00,0.000456,0.00045,PDL,,0.928201,4.3e-07,60,time_stop,0.0,41-60
VTHO/USDT,2026-06-03 07:35:00+00:00,0.000464,0.000456,SessionHigh,SessionHigh,0.990461,5.7e-07,21,bearish_break_level,-0.862069,21-40
VTHO/USDT,2026-06-03 23:00:00+00:00,0.000461,0.00045869,Round_5bp,PDC,0.962403,1.4e-07,20,bearish_break_level,-1.735358,11-20
VTHO/USDT,2026-06-04 02:40:00+00:00,0.000444,0.00043,SessionLow,,0.873464,2.64e-06,60,time_stop,-2.027027,41-60
VTHO/USDT,2026-06-05 01:20:00+00:00,0.000434,0.000432,SessionLow,SessionLow,0.812024,7.9e-07,19,bearish_break_level,-2.534562,11-20
VTHO/USDT,2026-06-05 04:30:00+00:00,0.000431,0.000423,SessionLow,SessionLow,0.806964,5.7e-07,44,bearish_break_level,-4.640371,41-60
VTHO/USDT,2026-06-05 14:35:00+00:00,0.00041,0.000408,SessionLow,SessionLow,0.757866,3.29e-06,14,bearish_break_level,-1.95122,11-20
VTHO/USDT,2026-06-05 16:40:00+00:00,0.000405,0.0004,SessionLow,,0.856759,1.07e-06,60,time_stop,4.197531,41-60
VTHO/USDT,2026-06-05 21:25:00+00:00,0.000422,0.000393,SessionLow,PDC,0.877462,2.07e-06,48,bearish_break_level,-5.21327,41-60
VTHO/USDT,2026-06-06 05:10:00+00:00,0.000381,0.00038,SessionLow,,0.938369,1.5e-06,60,time_stop,1.049869,41-60
VTHO/USDT,2026-06-06 19:00:00+00:00,0.000396,0.000393,PDL,Round_5bp,0.94146,2.1e-07,31,bearish_break_level,-0.505051,21-40
VTHO/USDT,2026-06-07 01:15:00+00:00,0.000399,0.000389,SessionLow,,0.821189,1.14e-06,60,time_stop,0.0,41-60
VTHO/USDT,2026-06-07 09:45:00+00:00,0.000405,0.000403,SessionHigh,SessionHigh,0.915371,5.7e-07,6,bearish_break_level,-1.234568,6-10
VTHO/USDT,2026-06-07 15:20:00+00:00,0.000395,0.000385,SessionLow,,0.864178,1.79e-06,60,time_stop,-2.278481,41-60
VTHO/USDT,2026-06-07 15:30:00+00:00,0.000398,0.000395,PDC,,0.85776,2e-06,60,time_stop,-3.015075,41-60
VTHO/USDT,2026-06-08 03:40:00+00:00,0.000396,0.00039,PDC,,0.946759,4.3e-07,60,time_stop,0.0,41-60
VTHO/USDT,2026-06-08 09:20:00+00:00,0.000399,0.000396,SessionHigh,,0.97577,2.1e-07,60,time_stop,1.503759,41-60
VTHO/USDT,2026-06-08 13:40:00+00:00,0.000405,0.000399,SessionHigh,SessionHigh,0.96053,4.3e-07,34,bearish_break_level,-0.246914,21-40
VTHO/USDT,2026-06-08 15:10:00+00:00,0.000412,0.000405,PDH,SessionHigh,0.912131,5e-07,16,bearish_break_level,-1.941748,11-20
VTHO/USDT,2026-06-09 06:30:00+00:00,0.000394,0.000393,SessionLow,,0.950971,7e-08,60,time_stop,-0.253807,41-60
VTHO/USDT,2026-06-09 13:35:00+00:00,0.000395,0.000393,SessionLow,Round_10bp,0.891536,1.4e-07,6,bearish_break_level,-1.012658,6-10
VTHO/USDT,2026-06-09 14:50:00+00:00,0.000404,0.000388,SessionLow,,0.859407,1.64e-06,60,time_stop,-3.217822,41-60
VTHO/USDT,2026-06-09 16:40:00+00:00,0.000401,0.000388,SessionLow,,0.824631,1.93e-06,60,time_stop,-2.493766,41-60
VTHO/USDT,2026-06-09 22:30:00+00:00,0.000393,0.00039104,Round_5bp,PDC,0.881211,1.4e-07,29,bearish_break_level,-0.763359,21-40
VTHO/USDT,2026-06-10 16:05:00+00:00,0.000396,0.00038,SessionLow,SessionHigh,0.975576,1.14e-06,1,bearish_break_level,-3.282828,1-2
VTHO/USDT,2026-06-10 18:50:00+00:00,0.000384,0.00038208,Round_5bp,,0.90641,6.4e-07,60,time_stop,-1.041667,41-60
VTHO/USDT,2026-06-10 21:55:00+00:00,0.00038,0.000378,SessionLow,WeeklyOpen,0.760503,1.29e-06,60,bearish_break_level,1.842105,41-60
VTHO/USDT,2026-06-11 01:20:00+00:00,0.000381,0.00038,PDC,WeeklyOpen,0.831764,7e-08,19,bearish_break_level,1.574803,11-20
VTHO/USDT,2026-06-11 02:45:00+00:00,0.00039,0.000381,SessionHigh,WeeklyOpen,0.876923,6.4e-07,2,bearish_break_level,-0.769231,1-2
VTHO/USDT,2026-06-11 13:55:00+00:00,0.000395,0.00039,WeeklyOpen,PDH,0.945048,5e-07,40,bearish_break_level,-1.265823,21-40
VTHO/USDT,2026-06-11 22:45:00+00:00,0.000399,0.000396,PDH,,0.876473,2.1e-07,60,time_stop,0.0,41-60
VTHO/USDT,2026-06-12 12:50:00+00:00,0.000398,0.000395,SessionLow,,0.999568,2.1e-07,60,time_stop,-0.502513,41-60
VTHO/USDT,2026-06-13 00:35:00+00:00,0.000396,0.000393,PDL,,0.96904,2.1e-07,60,time_stop,0.0,41-60
VTHO/USDT,2026-06-13 08:35:00+00:00,0.000399,0.000396,SessionHigh,,0.999568,2.1e-07,60,time_stop,0.501253,41-60
VTHO/USDT,2026-06-13 09:25:00+00:00,0.000401,0.000399,PDH,,0.981689,3.6e-07,60,time_stop,1.246883,41-60
VTHO/USDT,2026-06-13 14:05:00+00:00,0.000406,0.000401,SessionHigh,SessionHigh,0.886115,3.6e-07,6,bearish_break_level,-0.738916,6-10
VTHO/USDT,2026-06-13 21:40:00+00:00,0.000402,0.00039999,Round_5bp,PDC,0.990118,2.1e-07,36,bearish_break_level,-0.497512,21-40
VTHO/USDT,2026-06-14 07:05:00+00:00,0.000398,0.000396,SessionLow,,0.996021,4.3e-07,60,time_stop,0.0,41-60
WIF/USDT,2026-06-03 05:05:00+00:00,0.181,0.174,PDL,,0.999568,0.0005,60,time_stop,2.762431,41-60
WIF/USDT,2026-06-03 09:20:00+00:00,0.183,0.181,SessionHigh,,0.938464,0.00014286,60,time_stop,4.918033,41-60
WIF/USDT,2026-06-03 09:50:00+00:00,0.185,0.183,SessionHigh,,0.972267,0.00028571,60,time_stop,3.783784,41-60
WIF/USDT,2026-06-03 10:00:00+00:00,0.186,0.185,SessionHigh,,0.939305,0.00035714,60,time_stop,3.225806,41-60
WIF/USDT,2026-06-03 12:10:00+00:00,0.189,0.186,SessionHigh,,0.821499,0.00021429,60,time_stop,1.587302,41-60
WIF/USDT,2026-06-03 13:15:00+00:00,0.192,0.189,WeeklyOpen,,0.823756,0.00042857,60,time_stop,0.0,41-60
WIF/USDT,2026-06-03 22:05:00+00:00,0.194,0.192,PDH,PDH,0.999568,0.00014286,39,bearish_break_level,-6.185567,21-40
WIF/USDT,2026-06-04 13:20:00+00:00,0.169,0.168,SessionLow,,0.942873,0.00028571,60,time_stop,5.325444,41-60
WIF/USDT,2026-06-05 07:25:00+00:00,0.156,0.15,SessionLow,,0.871838,0.00092857,60,time_stop,0.641026,41-60
WIF/USDT,2026-06-05 16:55:00+00:00,0.155,0.15,SessionLow,,0.897517,0.0005,60,time_stop,0.0,41-60
WIF/USDT,2026-06-05 20:50:00+00:00,0.155,0.149,SessionLow,,0.825673,0.00042857,60,time_stop,0.0,41-60
WIF/USDT,2026-06-06 05:20:00+00:00,0.145,0.141,SessionLow,,0.936575,0.00085714,60,time_stop,4.827586,41-60
WIF/USDT,2026-06-07 01:05:00+00:00,0.155,0.149,PDC,,0.912577,0.00042857,60,time_stop,0.645161,41-60
WIF/USDT,2026-06-07 02:50:00+00:00,0.156,0.155,PDH,,0.970107,7.143e-05,60,time_stop,0.0,41-60
WIF/USDT,2026-06-07 09:20:00+00:00,0.16,0.156,SessionHigh,,0.999568,0.00028571,60,time_stop,0.0,41-60
WIF/USDT,2026-06-10 13:40:00+00:00,0.155,0.149,SessionLow,PDL,0.931748,0.00042857,59,bearish_break_level,-3.225806,41-60
WIF/USDT,2026-06-11 04:50:00+00:00,0.154,0.149,PDL,,0.999568,0.00035714,60,time_stop,0.0,41-60
WIF/USDT,2026-06-11 17:25:00+00:00,0.156,0.154,SessionHigh,,0.999568,0.00014286,60,time_stop,1.282051,41-60
WIF/USDT,2026-06-11 17:35:00+00:00,0.158,0.156,SessionHigh,,0.982767,0.00028571,60,time_stop,0.0,41-60
WIF/USDT,2026-06-12 09:40:00+00:00,0.16,0.158,PDH,WeeklyOpen,0.999568,0.00014286,9,bearish_break_level,-0.625,6-10
WIF/USDT,2026-06-13 01:30:00+00:00,0.159,0.157,PDL,,0.923499,0.00014286,60,time_stop,0.0,41-60
WIF/USDT,2026-06-13 09:20:00+00:00,0.161,0.159,SessionHigh,,0.999568,0.00014286,60,time_stop,0.0,41-60
WIF/USDT,2026-06-13 14:45:00+00:00,0.162,0.161,PDH,,0.992989,7.143e-05,60,time_stop,0.617284,41-60
WIF/USDT,2026-06-13 14:50:00+00:00,0.163,0.162,SessionHigh,,0.9821,0.00014286,60,time_stop,0.0,41-60
WIF/USDT,2026-06-14 00:05:00+00:00,0.161,0.16,PDC,SessionHigh,0.986061,0.00028571,10,bearish_break_level,-1.242236,6-10
WIF/USDT,2026-06-14 01:00:00+00:00,0.161,0.159,SessionLow,SessionHigh,0.887214,0.00035714,51,bearish_break_level,-1.863354,41-60
WLD/USDT,2026-06-02 11:25:00+00:00,0.4999,0.4567,SessionHigh,SessionHigh,0.999568,0.00308571,10,bearish_break_level,-22.664533,6-10
WLD/USDT,2026-06-03 00:05:00+00:00,0.3868,0.3849,PDC,SessionHigh,0.904004,0.00074286,25,bearish_break_level,0.827301,21-40
WLD/USDT,2026-06-03 00:30:00+00:00,0.3984,0.3868,SessionHigh,SessionHigh,0.84987,0.00132857,20,bearish_break_level,-2.108434,11-20
WLD/USDT,2026-06-03 00:55:00+00:00,0.3991,0.3984,SessionHigh,SessionHigh,0.889044,0.00114286,15,bearish_break_level,-2.28013,11-20
WLD/USDT,2026-06-03 09:20:00+00:00,0.4371,0.4155,SessionHigh,,0.900582,0.00154286,60,time_stop,29.878746,41-60
WLD/USDT,2026-06-03 10:25:00+00:00,0.4775,0.4371,SessionHigh,,0.943509,0.00541429,60,time_stop,18.890052,41-60
WLD/USDT,2026-06-03 14:10:00+00:00,0.5677,0.5064,SessionHigh,SessionHigh,0.896847,0.00437857,16,bearish_break_level,-2.74793,11-20
WLD/USDT,2026-06-04 01:35:00+00:00,0.5122,0.5114,SessionLow,SessionLow,0.838843,0.00404286,5,bearish_break_level,-5.076142,3-5
WLD/USDT,2026-06-04 03:00:00+00:00,0.5555,0.4862,SessionLow,PDH,0.667268,0.00680714,5,bearish_break_level,0.252025,3-5
WLD/USDT,2026-06-04 05:45:00+00:00,0.5143,0.5117285,Round_5bp,,0.738411,0.00315714,60,time_stop,1.399961,41-60
WLD/USDT,2026-06-04 12:45:00+00:00,0.4908,0.4596,SessionLow,SessionHigh,0.907872,0.00969286,35,bearish_break_level,13.264059,21-40
WLD/USDT,2026-06-05 00:40:00+00:00,0.5427,0.5243,PDC,SessionHigh,0.829126,0.00131429,6,bearish_break_level,-0.036853,6-10
WLD/USDT,2026-06-05 00:45:00+00:00,0.5552,0.5427,SessionHigh,SessionHigh,0.814483,0.00220714,5,bearish_break_level,-2.287464,3-5
WLD/USDT,2026-06-05 07:25:00+00:00,0.532,0.4791,SessionLow,SessionHigh,0.798104,0.00614286,3,bearish_break_level,1.12782,3-5
WLD/USDT,2026-06-05 10:50:00+00:00,0.5724,0.5621,SessionHigh,SessionHigh,0.806319,0.0032,15,bearish_break_level,-3.633823,11-20
WLD/USDT,2026-06-06 03:25:00+00:00,0.3946,0.3629,SessionLow,,0.665626,0.0133,60,time_stop,9.300558,41-60
WLD/USDT,2026-06-07 00:55:00+00:00,0.4346,0.3933,PDC,SessionHigh,0.818456,0.00295,3,bearish_break_level,-2.600092,3-5
WLD/USDT,2026-06-07 01:00:00+00:00,0.4419,0.4346,SessionHigh,SessionHigh,0.810042,0.00347143,2,bearish_break_level,-4.209097,1-2
WLD/USDT,2026-06-07 01:05:00+00:00,0.4498,0.4419,SessionHigh,SessionHigh,0.812194,0.00464286,1,bearish_break_level,-5.891507,1-2
WLD/USDT,2026-06-07 01:45:00+00:00,0.4653,0.4501,SessionHigh,SessionHigh,0.851272,0.00953571,4,bearish_break_level,-1.13905,3-5
WLD/USDT,2026-06-07 14:55:00+00:00,0.4812,0.4744,SessionHigh,SessionHigh,0.785522,0.0025,10,bearish_break_level,-2.036575,6-10
WLD/USDT,2026-06-08 04:30:00+00:00,0.4784,0.4648,SessionLow,,0.735283,0.00255,60,time_stop,-3.783445,41-60
WLD/USDT,2026-06-08 11:30:00+00:00,0.4723,0.4563,SessionLow,,0.840142,0.00256429,60,time_stop,8.553885,41-60
WLD/USDT,2026-06-08 13:55:00+00:00,0.4886,0.4722,PDC,,0.7813,0.00116429,60,time_stop,19.422841,41-60
WLD/USDT,2026-06-08 17:50:00+00:00,0.5313,0.5233,SessionHigh,SessionHigh,0.84084,0.00155,17,bearish_break_level,4.084321,11-20
WLD/USDT,2026-06-08 18:00:00+00:00,0.5363,0.5313,SessionHigh,SessionHigh,0.806164,0.00190714,15,bearish_break_level,3.113929,11-20
WLD/USDT,2026-06-08 18:15:00+00:00,0.5499,0.5363,SessionHigh,SessionHigh,0.810315,0.00287857,12,bearish_break_level,0.563739,11-20
WLD/USDT,2026-06-08 18:35:00+00:00,0.5621,0.5499,SessionHigh,SessionHigh,0.756212,0.00341429,8,bearish_break_level,-1.618929,6-10
WLD/USDT,2026-06-09 05:45:00+00:00,0.5077,0.4905,PDC,SessionHigh,0.924413,0.00123571,45,bearish_break_level,1.024227,41-60
WLD/USDT,2026-06-09 07:20:00+00:00,0.5204,0.5077,SessionHigh,SessionHigh,0.955529,0.00090714,26,bearish_break_level,-1.441199,21-40
WLD/USDT,2026-06-09 12:20:00+00:00,0.5307,0.5221,SessionHigh,SessionHigh,0.787242,0.00176429,20,bearish_break_level,1.24364,11-20
WLD/USDT,2026-06-09 12:40:00+00:00,0.5399,0.5307,SessionHigh,SessionHigh,0.78175,0.00242143,16,bearish_break_level,-0.481571,11-20
WLD/USDT,2026-06-09 13:45:00+00:00,0.5439,0.5399,SessionHigh,SessionHigh,0.748336,0.00094286,3,bearish_break_level,-1.213458,3-5
WLD/USDT,2026-06-09 13:50:00+00:00,0.5552,0.5439,SessionHigh,SessionHigh,0.752176,0.00109286,2,bearish_break_level,-3.224063,1-2
WLD/USDT,2026-06-09 17:15:00+00:00,0.507,0.4899,SessionLow,,0.710654,0.00173571,60,time_stop,0.019724,41-60
WLD/USDT,2026-06-10 00:20:00+00:00,0.5188,0.5037,PDC,SessionHigh,0.759048,0.00107857,4,bearish_break_level,-3.238242,3-5
WLD/USDT,2026-06-10 05:05:00+00:00,0.5059,0.502,SessionLow,,0.915296,0.00027857,60,time_stop,-0.889504,41-60
WLD/USDT,2026-06-10 05:10:00+00:00,0.508,0.50546,Round_5bp,,0.908084,0.00042857,60,time_stop,-1.299213,41-60
WLD/USDT,2026-06-10 07:15:00+00:00,0.5014,0.4844,SessionLow,,0.908758,0.0029,60,time_stop,-3.88911,41-60
WLD/USDT,2026-06-10 12:20:00+00:00,0.4919,0.4819,SessionLow,SessionHigh,0.957479,0.00252857,29,bearish_break_level,1.280748,21-40
WLD/USDT,2026-06-10 15:40:00+00:00,0.4779,0.473,SessionLow,SessionLow,0.848341,0.0048,10,bearish_break_level,-7.093534,6-10
WLD/USDT,2026-06-10 23:20:00+00:00,0.4544,0.4308,SessionLow,SessionHigh,0.956864,0.00168571,50,bearish_break_level,3.147007,41-60
WLD/USDT,2026-06-11 02:10:00+00:00,0.4589,0.4558,SessionHigh,SessionHigh,0.814362,0.00022143,16,bearish_break_level,2.135542,11-20
WLD/USDT,2026-06-11 02:35:00+00:00,0.4702,0.4589,SessionHigh,SessionHigh,0.862539,0.00102857,11,bearish_break_level,-0.319013,11-20
WLD/USDT,2026-06-11 07:20:00+00:00,0.4943,0.4718,SessionHigh,SessionHigh,0.796551,0.00176429,1,bearish_break_level,-0.32369,1-2
WLD/USDT,2026-06-11 07:30:00+00:00,0.4976,0.492624,Round_10bp,SessionHigh,0.749028,0.00225714,11,bearish_break_level,-2.471865,11-20
WLD/USDT,2026-06-12 00:10:00+00:00,0.5075,0.5038,PDC,SessionHigh,0.921811,0.00026429,2,bearish_break_level,-2.187192,1-2
WLD/USDT,2026-06-12 00:35:00+00:00,0.5075,0.4964,SessionLow,SessionHigh,0.869187,0.00185,19,bearish_break_level,-1.477833,11-20
WLD/USDT,2026-06-12 09:50:00+00:00,0.4967,0.48,SessionLow,SessionLow,0.932438,0.00163571,46,bearish_break_level,-4.932555,41-60
WLD/USDT,2026-06-12 15:35:00+00:00,0.4692,0.4686,SessionLow,,0.841106,4.286e-05,60,time_stop,-1.278772,41-60
WLD/USDT,2026-06-13 01:25:00+00:00,0.4794,0.4632,PDL,SessionHigh,0.999568,0.00115714,23,bearish_break_level,-2.607426,21-40
WLD/USDT,2026-06-13 14:25:00+00:00,0.5182,0.5007,SessionHigh,SessionHigh,0.897354,0.00125,19,bearish_break_level,-1.466615,11-20
WLD/USDT,2026-06-13 14:35:00+00:00,0.526,0.5182,SessionHigh,SessionHigh,0.890814,0.00308571,17,bearish_break_level,-2.927757,11-20
WLD/USDT,2026-06-13 15:20:00+00:00,0.5346,0.5261,SessionHigh,SessionHigh,0.876279,0.0037,8,bearish_break_level,-4.489338,6-10
WLD/USDT,2026-06-14 06:05:00+00:00,0.5176,0.5,PDC,SessionHigh,0.999568,0.00125714,58,bearish_break_level,-3.496909,41-60
XDC/USDT,2026-06-02 01:00:00+00:00,0.03352,0.0332,SessionLow,SessionHigh,0.811692,3.871e-05,1,bearish_break_level,-0.229714,1-2
XDC/USDT,2026-06-02 02:05:00+00:00,0.033682,0.033166,SessionLow,SessionHigh,0.775603,8.493e-05,14,bearish_break_level,-1.315243,11-20
XDC/USDT,2026-06-02 11:10:00+00:00,0.03354,0.032663,PDL,,0.876689,0.00010143,60,time_stop,-2.61777,41-60
XDC/USDT,2026-06-02 17:20:00+00:00,0.032731,0.032549,SessionLow,Round_5bp,0.896562,2.107e-05,1,bearish_break_level,-0.400232,1-2
XDC/USDT,2026-06-02 23:10:00+00:00,0.03224,0.032199,SessionLow,SessionHigh,0.932966,5.543e-05,20,bearish_break_level,0.07134,11-20
XDC/USDT,2026-06-03 00:25:00+00:00,0.032492,0.03244,PDC,SessionHigh,0.91075,6.121e-05,5,bearish_break_level,-0.704789,3-5
XDC/USDT,2026-06-03 01:00:00+00:00,0.032668,0.032263,SessionLow,SessionHigh,0.859765,4.9e-05,14,bearish_break_level,-2.127464,11-20
XDC/USDT,2026-06-03 03:55:00+00:00,0.031667,0.030947,SessionLow,Round_5bp,0.776011,0.00012471,10,bearish_break_level,-0.533679,6-10
XDC/USDT,2026-06-03 05:10:00+00:00,0.032164,0.0315,PDL,,0.749617,5.971e-05,60,time_stop,0.0,41-60
XDC/USDT,2026-06-03 21:45:00+00:00,0.031706,0.0315,PDL,SessionHigh,0.859503,6.671e-05,48,bearish_break_level,-4.560651,41-60
XDC/USDT,2026-06-04 02:05:00+00:00,0.0309,0.03026,SessionLow,,0.772854,0.0001415,60,time_stop,1.110032,41-60
XDC/USDT,2026-06-04 10:10:00+00:00,0.03098,0.03,SessionLow,,0.925954,7.014e-05,60,time_stop,0.003228,41-60
XDC/USDT,2026-06-04 11:10:00+00:00,0.03098,0.03,SessionLow,,0.837104,0.00021,60,time_stop,0.003228,41-60
XDC/USDT,2026-06-04 21:45:00+00:00,0.030754,0.029829,SessionLow,,0.775755,6.607e-05,60,time_stop,0.695844,41-60
XDC/USDT,2026-06-05 00:35:00+00:00,0.0309,0.029829,PDL,,0.755361,0.00013957,60,time_stop,0.210356,41-60
XDC/USDT,2026-06-05 00:40:00+00:00,0.030967,0.0309,SessionHigh,,0.756214,0.00014436,60,time_stop,-0.006458,41-60
XDC/USDT,2026-06-05 06:05:00+00:00,0.031119,0.030968,SessionHigh,SessionHigh,0.760832,1.1e-05,56,bearish_break_level,-1.172917,41-60
XDC/USDT,2026-06-05 12:15:00+00:00,0.031451,0.031119,SessionHigh,PDH,0.905839,2.386e-05,16,bearish_break_level,-0.012718,11-20
XDC/USDT,2026-06-05 14:20:00+00:00,0.029884,0.02985,PDC,SessionLow,0.902094,0.00011329,53,bearish_break_level,-2.958105,41-60
XDC/USDT,2026-06-05 14:50:00+00:00,0.030519,0.02975,SessionLow,SessionLow,0.803356,0.00017736,47,bearish_break_level,-4.977227,41-60
XDC/USDT,2026-06-05 17:20:00+00:00,0.030053,0.029749,SessionLow,SessionLow,0.755199,2.171e-05,17,bearish_break_level,-3.50381,11-20
XDC/USDT,2026-06-05 18:05:00+00:00,0.030263,0.02922,SessionLow,SessionLow,0.727967,0.00015743,8,bearish_break_level,-4.173413,6-10
XDC/USDT,2026-06-05 18:10:00+00:00,0.030411,0.03025894,Round_5bp,SessionLow,0.748016,0.000168,7,bearish_break_level,-4.639769,6-10
XDC/USDT,2026-06-05 18:50:00+00:00,0.030158,0.029,SessionLow,SessionLow,0.715477,0.00033014,9,bearish_break_level,-5.29876,6-10
XDC/USDT,2026-06-05 21:55:00+00:00,0.030234,0.02856,SessionLow,PDC,0.739931,0.00011957,25,bearish_break_level,-1.610769,21-40
XDC/USDT,2026-06-06 01:45:00+00:00,0.02938,0.029,SessionLow,,0.73718,8.057e-05,60,time_stop,0.459496,41-60
XDC/USDT,2026-06-06 06:30:00+00:00,0.029515,0.029,SessionLow,,0.768714,3.679e-05,60,time_stop,1.836354,41-60
XDC/USDT,2026-06-06 10:15:00+00:00,0.029941,0.029,SessionLow,,0.814767,0.00010379,60,time_stop,-0.557764,41-60
XDC/USDT,2026-06-06 20:45:00+00:00,0.029774,0.029,SessionLow,,0.928989,5.336e-05,60,time_stop,1.249412,41-60
XDC/USDT,2026-06-07 00:00:00+00:00,0.030097,0.029906,PDC,,0.822139,1.364e-05,60,time_stop,0.711034,41-60
XDC/USDT,2026-06-07 01:00:00+00:00,0.030146,0.030097,SessionHigh,,0.850673,1.714e-05,60,time_stop,2.013534,41-60
XDC/USDT,2026-06-07 02:05:00+00:00,0.030274,0.030146,SessionHigh,SessionHigh,0.835657,1.264e-05,50,bearish_break_level,1.403845,41-60
XDC/USDT,2026-06-07 02:10:00+00:00,0.030311,0.030274,SessionHigh,SessionHigh,0.834225,1.179e-05,49,bearish_break_level,1.280063,41-60
XDC/USDT,2026-06-07 05:20:00+00:00,0.030752,0.030311,SessionHigh,SessionHigh,0.859003,3.15e-05,11,bearish_break_level,-0.172347,11-20
XDC/USDT,2026-06-07 12:15:00+00:00,0.030835,0.030754,SessionHigh,SessionHigh,0.868209,5.93e-06,43,bearish_break_level,-4.56624,41-60
XDC/USDT,2026-06-07 15:55:00+00:00,0.03082,0.029427,SessionLow,SessionHigh,0.7934,0.00020014,22,bearish_break_level,-0.061648,21-40
XDC/USDT,2026-06-07 22:20:00+00:00,0.029724,0.0291,SessionLow,PDC,0.786606,4.457e-05,20,bearish_break_level,0.410443,11-20
XDC/USDT,2026-06-07 22:25:00+00:00,0.030048,0.02974752,Round_10bp,PDC,0.779448,6.771e-05,19,bearish_break_level,-0.672258,11-20
XDC/USDT,2026-06-08 01:45:00+00:00,0.030107,0.029846,SessionLow,,0.883802,1.864e-05,60,time_stop,2.149002,41-60
XDC/USDT,2026-06-08 07:10:00+00:00,0.031729,0.030754,SessionHigh,SessionHigh,0.935578,0.00011586,34,bearish_break_level,-0.497967,21-40
XDC/USDT,2026-06-09 19:20:00+00:00,0.031141,0.031053,SessionLow,PDC,0.894788,7.45e-05,8,bearish_break_level,0.125237,6-10
XDC/USDT,2026-06-10 09:20:00+00:00,0.030815,0.030752,SessionLow,,0.841693,4.5e-06,60,time_stop,0.0,41-60
XDC/USDT,2026-06-10 20:45:00+00:00,0.031257,0.029602,SessionLow,PDH,0.797915,0.0002905,22,bearish_break_level,1.343699,21-40
XDC/USDT,2026-06-10 21:15:00+00:00,0.031546,0.03123054,Round_10bp,PDH,0.83649,0.00031114,16,bearish_break_level,0.415267,11-20
XDC/USDT,2026-06-11 02:55:00+00:00,0.032196,0.030613,SessionLow,SessionHigh,0.903106,0.00018907,3,bearish_break_level,-0.350975,3-5
XDC/USDT,2026-06-11 07:00:00+00:00,0.032569,0.032481,PDH,SessionHigh,0.794732,7.93e-06,11,bearish_break_level,-5.09073,11-20
XDC/USDT,2026-06-12 04:50:00+00:00,0.033057,0.029648,SessionLow,,0.788778,0.0002435,60,time_stop,-0.057476,41-60
XDC/USDT,2026-06-13 04:35:00+00:00,0.030728,0.030248,PDC,SessionHigh,0.968564,3.429e-05,57,bearish_break_level,-1.555584,41-60
XDC/USDT,2026-06-13 11:00:00+00:00,0.031046,0.030248,PDC,,0.94508,5.986e-05,60,time_stop,-0.351092,41-60
XDC/USDT,2026-06-14 03:40:00+00:00,0.030968,0.030027,PDL,SessionHigh,0.84188,6.693e-05,58,bearish_break_level,-1.443425,41-60
XDC/USDT,2026-06-14 09:35:00+00:00,0.030261,0.02993,SessionLow,,0.956036,9.779e-05,60,time_stop,0.386636,41-60
XDC/USDT,2026-06-14 13:40:00+00:00,0.030369,0.02993,SessionLow,,0.836211,6.279e-05,60,time_stop,-0.714544,41-60
XLM/USDT,2026-06-02 01:15:00+00:00,0.2378,0.236611,Round_5bp,Round_10bp,0.733426,0.00184786,34,bearish_break_level,-1.8545,21-40
XLM/USDT,2026-06-02 04:10:00+00:00,0.2342,0.23323,SessionLow,SessionLow,0.73197,0.00101643,14,bearish_break_level,-1.545687,11-20
XLM/USDT,2026-06-02 06:00:00+00:00,0.23031,0.22902,SessionLow,Round_5bp,0.742448,0.00092071,17,bearish_break_level,-0.004342,11-20
XLM/USDT,2026-06-02 08:40:00+00:00,0.22869,0.228,SessionLow,Round_5bp,0.737422,0.00072929,30,bearish_break_level,1.499847,21-40
XLM/USDT,2026-06-02 09:40:00+00:00,0.22972,0.2285714,Round_5bp,Round_5bp,0.712429,0.00086571,18,bearish_break_level,1.04475,11-20
XLM/USDT,2026-06-02 12:45:00+00:00,0.2321,0.2309395,Round_5bp,Round_5bp,0.748017,0.00064071,6,bearish_break_level,0.551486,6-10
XLM/USDT,2026-06-02 13:40:00+00:00,0.23176,0.2306012,Round_5bp,SessionLow,0.739579,0.00110929,9,bearish_break_level,-2.947014,6-10
XLM/USDT,2026-06-02 15:20:00+00:00,0.218,0.21682,SessionLow,Round_5bp,0.748863,0.00264286,14,bearish_break_level,2.018349,11-20
XLM/USDT,2026-06-02 15:35:00+00:00,0.2167,0.21636,SessionLow,Round_5bp,0.748051,0.00259714,11,bearish_break_level,2.630365,11-20
XLM/USDT,2026-06-02 23:50:00+00:00,0.22211,0.22099945,Round_5bp,PDC,0.698949,0.00123286,27,bearish_break_level,-0.117059,21-40
XLM/USDT,2026-06-03 00:15:00+00:00,0.22734,0.2262033,Round_5bp,PDC,0.739644,0.00145357,22,bearish_break_level,-2.414885,21-40
XLM/USDT,2026-06-03 02:20:00+00:00,0.22322,0.22159,SessionLow,SessionLow,0.728099,0.00096643,7,bearish_break_level,-0.958695,6-10
XLM/USDT,2026-06-03 03:05:00+00:00,0.22178,0.22108,SessionLow,SessionLow,0.747961,0.00078429,4,bearish_break_level,-0.937866,3-5
XLM/USDT,2026-06-03 05:05:00+00:00,0.22518,0.2240541,Round_5bp,Round_5bp,0.739993,0.00086071,19,bearish_break_level,1.767475,11-20
XLM/USDT,2026-06-03 06:25:00+00:00,0.23014,0.2278386,Round_10bp,Round_5bp,0.74494,0.001365,3,bearish_break_level,-0.425828,3-5
XLM/USDT,2026-06-03 15:15:00+00:00,0.2274,0.226263,Round_5bp,Round_5bp,0.735091,0.00130714,2,bearish_break_level,-0.949868,1-2
XLM/USDT,2026-06-03 16:55:00+00:00,0.22299,0.22211,PDC,PDC,0.70919,0.00079929,9,bearish_break_level,-0.618862,6-10
XLM/USDT,2026-06-03 17:10:00+00:00,0.2223,0.2211885,Round_5bp,PDC,0.721819,0.00083714,6,bearish_break_level,-0.310391,6-10
XLM/USDT,2026-06-03 17:20:00+00:00,0.22333,0.22211,PDC,PDC,0.735028,0.00087357,4,bearish_break_level,-0.770161,3-5
XLM/USDT,2026-06-03 18:25:00+00:00,0.21855,0.21707,SessionLow,SessionLow,0.69935,0.00095214,12,bearish_break_level,-1.079844,11-20
XLM/USDT,2026-06-03 19:15:00+00:00,0.21771,0.21682,SessionLow,SessionLow,0.697536,0.00062571,2,bearish_break_level,-0.698176,1-2
XLM/USDT,2026-06-03 20:05:00+00:00,0.21417,0.213,SessionLow,SessionLow,0.740831,0.00086214,7,bearish_break_level,-1.578186,6-10
XLM/USDT,2026-06-03 21:15:00+00:00,0.21297,0.21190515,Round_5bp,PDL,0.725515,0.00123714,8,bearish_break_level,0.483636,6-10
XLM/USDT,2026-06-03 23:10:00+00:00,0.21035,0.20879,SessionLow,Round_5bp,0.72615,0.00071143,9,bearish_break_level,-0.594248,6-10
XLM/USDT,2026-06-04 00:40:00+00:00,0.20785,0.20529,SessionLow,SessionLow,0.724647,0.00117571,7,bearish_break_level,-1.756074,6-10
XLM/USDT,2026-06-04 01:30:00+00:00,0.20292,0.2013,SessionLow,SessionLow,0.712899,0.00148786,6,bearish_break_level,-2.365464,6-10
XLM/USDT,2026-06-04 02:25:00+00:00,0.21215,0.21013,SessionHigh,SessionHigh,0.724237,0.00234143,2,bearish_break_level,-0.494933,1-2
XLM/USDT,2026-06-04 02:45:00+00:00,0.2139,0.21289,SessionHigh,SessionHigh,0.716381,0.00245786,6,bearish_break_level,2.384292,6-10
XLM/USDT,2026-06-04 03:10:00+00:00,0.22035,0.2181,SessionHigh,SessionHigh,0.740506,0.00253571,1,bearish_break_level,-0.612662,1-2
XLM/USDT,2026-06-04 04:40:00+00:00,0.21379,0.21272105,Round_5bp,Round_5bp,0.743608,0.00105286,7,bearish_break_level,-2.366809,6-10
XLM/USDT,2026-06-04 05:30:00+00:00,0.21035,0.20879,PDL,Round_5bp,0.73643,0.00123143,27,bearish_break_level,-0.594248,21-40
XLM/USDT,2026-06-04 06:35:00+00:00,0.2125,0.210375,Round_10bp,Round_5bp,0.692475,0.00104714,14,bearish_break_level,-1.6,11-20
XLM/USDT,2026-06-04 12:45:00+00:00,0.2091,0.20879,PDL,PDC,0.761748,0.00066143,7,bearish_break_level,-0.382592,6-10
XLM/USDT,2026-06-04 12:50:00+00:00,0.2111,0.2091,PDC,PDC,0.745552,0.00080429,6,bearish_break_level,-1.326386,6-10
XLM/USDT,2026-06-04 13:30:00+00:00,0.21162,0.2091,PDC,PDC,0.745179,0.00132643,15,bearish_break_level,-1.781495,11-20
XLM/USDT,2026-06-04 17:30:00+00:00,0.2066,0.205567,Round_5bp,Round_5bp,0.704051,0.00075214,1,bearish_break_level,-0.595353,1-2
XLM/USDT,2026-06-04 19:00:00+00:00,0.20991,0.20879,PDL,Round_5bp,0.704699,0.00075571,27,bearish_break_level,-2.162832,21-40
XLM/USDT,2026-06-05 00:45:00+00:00,0.2018,0.200791,Round_5bp,SessionLow,0.705649,0.00096286,5,bearish_break_level,-1.645193,3-5
XLM/USDT,2026-06-05 01:15:00+00:00,0.1999,0.19848,SessionLow,Round_10bp,0.711471,0.00110429,9,bearish_break_level,-0.375188,6-10
XLM/USDT,2026-06-05 06:05:00+00:00,0.19576,0.19459,SessionLow,SessionLow,0.738386,0.00066857,2,bearish_break_level,-1.384348,1-2
XLM/USDT,2026-06-05 08:40:00+00:00,0.19112,0.1901644,Round_5bp,Round_10bp,0.750242,0.00085786,10,bearish_break_level,0.779615,6-10
XLM/USDT,2026-06-05 14:05:00+00:00,0.1907,0.18659,SessionLow,SessionLow,0.742187,0.00092143,15,bearish_break_level,-2.616675,11-20
XLM/USDT,2026-06-05 14:25:00+00:00,0.19227,0.19130865,Round_5bp,SessionLow,0.733055,0.00090071,11,bearish_break_level,-3.411869,11-20
XLM/USDT,2026-06-05 16:10:00+00:00,0.18884,0.18547,SessionLow,Round_5bp,0.712836,0.00108714,4,bearish_break_level,-0.180047,3-5
XLM/USDT,2026-06-05 19:20:00+00:00,0.18884,0.1878958,Round_5bp,SessionHigh,0.713344,0.001325,23,bearish_break_level,8.102097,21-40
XLM/USDT,2026-06-05 21:05:00+00:00,0.20292,0.2027,SessionHigh,SessionHigh,0.723853,0.00110929,2,bearish_break_level,0.601222,1-2
XLM/USDT,2026-06-05 21:35:00+00:00,0.2072,0.20537,SessionHigh,SessionHigh,0.738041,0.00140643,2,bearish_break_level,-0.535714,1-2
XLM/USDT,2026-06-05 23:00:00+00:00,0.20614,0.2040786,Round_10bp,Round_5bp,0.722003,0.00110286,3,bearish_break_level,-2.149025,3-5
XLM/USDT,2026-06-06 00:05:00+00:00,0.2055,0.20487,SessionHigh,SessionHigh,0.732354,0.00107143,2,bearish_break_level,-0.642336,1-2
XLM/USDT,2026-06-06 00:55:00+00:00,0.20414,0.2027,SessionLow,SessionLow,0.737414,0.00112571,3,bearish_break_level,-1.19036,3-5
XLM/USDT,2026-06-06 01:55:00+00:00,0.19931,0.19762,SessionLow,SessionLow,0.740263,0.00106286,15,bearish_break_level,-1.781145,11-20
XLM/USDT,2026-06-06 02:25:00+00:00,0.19788,0.1968906,Round_5bp,SessionLow,0.714814,0.00091714,9,bearish_break_level,-1.071356,6-10
XLM/USDT,2026-06-06 05:15:00+00:00,0.1918,0.190841,Round_5bp,Round_5bp,0.731731,0.00097571,56,bearish_break_level,3.774765,41-60
XLM/USDT,2026-06-06 06:00:00+00:00,0.19669,0.19570655,Round_5bp,Round_5bp,0.713324,0.001195,47,bearish_break_level,1.194774,41-60
XLM/USDT,2026-06-06 06:50:00+00:00,0.195,0.194025,Round_5bp,Round_5bp,0.722523,0.00044214,37,bearish_break_level,2.071795,21-40
XLM/USDT,2026-06-06 08:10:00+00:00,0.20292,0.2019054,Round_5bp,Round_5bp,0.748209,0.00087571,21,bearish_break_level,-1.912084,21-40
XLM/USDT,2026-06-06 08:50:00+00:00,0.20467,0.20364,PDC,Round_5bp,0.75148,0.00093,13,bearish_break_level,-2.75077,11-20
XLM/USDT,2026-06-06 12:00:00+00:00,0.19924,0.1982438,Round_5bp,Round_5bp,0.701791,0.00041857,28,bearish_break_level,2.27364,21-40
XLM/USDT,2026-06-06 15:25:00+00:00,0.2027,0.2016865,Round_5bp,SessionHigh,0.772596,0.000975,8,bearish_break_level,5.0074,6-10
XLM/USDT,2026-06-06 15:45:00+00:00,0.20787,0.2069,SessionHigh,SessionHigh,0.743641,0.00097786,4,bearish_break_level,2.395728,3-5
XLM/USDT,2026-06-06 16:00:00+00:00,0.21388,0.21179,SessionHigh,SessionHigh,0.78205,0.001525,1,bearish_break_level,-0.481578,1-2
XLM/USDT,2026-06-06 18:00:00+00:00,0.20886,0.2083,PDH,Round_5bp,0.753491,0.00139,15,bearish_break_level,-1.670976,11-20
XLM/USDT,2026-06-06 20:10:00+00:00,0.2032,0.202184,Round_5bp,PDH,0.743461,0.00047786,14,bearish_break_level,2.101378,11-20
XLM/USDT,2026-06-06 20:15:00+00:00,0.20414,0.2031193,Round_5bp,PDH,0.729234,0.00051071,13,bearish_break_level,1.631233,11-20
XLM/USDT,2026-06-06 21:30:00+00:00,0.21189,0.2083,PDH,Round_10bp,0.737385,0.00084857,3,bearish_break_level,-1.033555,3-5
XLM/USDT,2026-06-06 22:00:00+00:00,0.21035,0.20929825,Round_5bp,Round_10bp,0.702936,0.00100143,4,bearish_break_level,-0.309009,3-5
XLM/USDT,2026-06-07 00:00:00+00:00,0.21311,0.2125,PDC,SessionHigh,0.72209,0.00088571,1,bearish_break_level,-0.699169,1-2
XLM/USDT,2026-06-07 00:35:00+00:00,0.21329,0.2125,PDC,Round_10bp,0.715333,0.00097071,1,bearish_break_level,-1.026771,1-2
XLM/USDT,2026-06-07 02:10:00+00:00,0.21386,0.2117214,Round_10bp,Round_5bp,0.712232,0.00153643,23,bearish_break_level,-1.426167,21-40
XLM/USDT,2026-06-07 02:40:00+00:00,0.2125,0.2114375,Round_5bp,Round_5bp,0.731649,0.00130571,17,bearish_break_level,-0.795294,11-20
XLM/USDT,2026-06-07 02:45:00+00:00,0.21409,0.2125,PDC,Round_5bp,0.742432,0.00126071,16,bearish_break_level,-1.532066,11-20
XLM/USDT,2026-06-07 05:05:00+00:00,0.21164,0.2105818,Round_5bp,PDC,0.757698,0.00090214,10,bearish_break_level,-0.25515,6-10
XLM/USDT,2026-06-07 08:45:00+00:00,0.2069,0.2058655,Round_5bp,,0.716813,0.00065786,60,time_stop,-1.851136,41-60
XLM/USDT,2026-06-07 12:45:00+00:00,0.20251,0.20199,SessionLow,Round_5bp,0.71085,0.00055,50,bearish_break_level,2.143104,41-60
XLM/USDT,2026-06-07 13:25:00+00:00,0.20386,0.2028407,Round_5bp,Round_5bp,0.691982,0.00037143,42,bearish_break_level,1.466693,41-60
XLM/USDT,2026-06-07 15:05:00+00:00,0.20403,0.20300985,Round_5bp,Round_5bp,0.723751,0.00061643,22,bearish_break_level,1.38215,21-40
XLM/USDT,2026-06-07 16:25:00+00:00,0.20292,0.2019054,Round_5bp,Round_5bp,0.718467,0.00035,6,bearish_break_level,1.936724,6-10
XLM/USDT,2026-06-07 17:05:00+00:00,0.20939,0.20834305,Round_5bp,Round_5bp,0.711321,0.00081143,47,bearish_break_level,-3.667797,41-60
XLM/USDT,2026-06-07 18:30:00+00:00,0.20831,0.20726845,Round_5bp,Round_5bp,0.703417,0.00053214,30,bearish_break_level,-3.168355,21-40
XLM/USDT,2026-06-07 23:40:00+00:00,0.2066,0.205567,Round_5bp,PDC,0.719401,0.00076643,4,bearish_break_level,-0.595353,3-5
XLM/USDT,2026-06-08 00:35:00+00:00,0.20769,0.20611,PDC,SessionHigh,0.739465,0.000755,1,bearish_break_level,-0.520006,1-2
XLM/USDT,2026-06-08 01:40:00+00:00,0.20349,0.20247255,Round_5bp,SessionLow,0.689164,0.00085714,20,bearish_break_level,-1.43496,11-20
XLM/USDT,2026-06-08 03:10:00+00:00,0.2027,0.20151,SessionLow,SessionLow,0.760864,0.00043214,2,bearish_break_level,-1.050814,1-2
XLM/USDT,2026-06-08 03:40:00+00:00,0.20149,0.2005,SessionLow,SessionLow,0.761523,0.00051857,6,bearish_break_level,-1.215941,6-10
XLM/USDT,2026-06-08 04:55:00+00:00,0.20048,0.1999,PDL,Round_5bp,0.701583,0.00041357,40,bearish_break_level,0.763168,21-40
XLM/USDT,2026-06-08 06:30:00+00:00,0.20052,0.1999,PDL,Round_5bp,0.733173,0.00032143,21,bearish_break_level,0.743068,21-40
XLM/USDT,2026-06-08 11:10:00+00:00,0.2013,0.1999,PDL,Round_10bp,0.711907,0.00035786,10,bearish_break_level,-0.089419,6-10
XLM/USDT,2026-06-08 11:55:00+00:00,0.20308,0.2020646,Round_5bp,Round_10bp,0.725715,0.000465,1,bearish_break_level,-0.965137,1-2
XLM/USDT,2026-06-08 12:25:00+00:00,0.20198,0.2009701,Round_5bp,Round_5bp,0.692774,0.00051214,13,bearish_break_level,-0.133677,11-20
XLM/USDT,2026-06-08 14:10:00+00:00,0.20251,0.20149745,Round_5bp,Round_5bp,0.705193,0.00054643,21,bearish_break_level,-1.343144,21-40
XLM/USDT,2026-06-08 16:05:00+00:00,0.20088,0.1999,PDL,Round_5bp,0.750322,0.00063214,17,bearish_break_level,-0.542613,11-20
XLM/USDT,2026-06-08 17:25:00+00:00,0.20098,0.1999,PDL,Round_5bp,0.738864,0.0005,1,bearish_break_level,-0.592099,1-2
XLM/USDT,2026-06-08 17:50:00+00:00,0.20088,0.1999,PDL,Round_5bp,0.704314,0.00034714,11,bearish_break_level,-0.014934,11-20
XLM/USDT,2026-06-08 18:20:00+00:00,0.20191,0.20090045,Round_5bp,Round_5bp,0.743714,0.00048429,5,bearish_break_level,-0.524986,3-5
XLM/USDT,2026-06-08 19:20:00+00:00,0.20194,0.2009303,Round_5bp,SessionHigh,0.694305,0.00028857,25,bearish_break_level,2.307616,21-40
XLM/USDT,2026-06-08 19:30:00+00:00,0.20295,0.20193525,Round_5bp,SessionHigh,0.69611,0.00022571,23,bearish_break_level,1.798473,21-40
XLM/USDT,2026-06-08 21:05:00+00:00,0.20654,0.2055073,Round_5bp,SessionHigh,0.738942,0.000575,4,bearish_break_level,0.02905,3-5
XLM/USDT,2026-06-08 22:40:00+00:00,0.20757,0.20653215,Round_5bp,SessionHigh,0.738006,0.00053643,2,bearish_break_level,-0.616659,1-2
XLM/USDT,2026-06-09 00:00:00+00:00,0.20312,0.20214,PDC,SessionHigh,0.697683,0.00046929,1,bearish_break_level,-0.541552,1-2
XLM/USDT,2026-06-09 00:15:00+00:00,0.20421,0.20172,SessionLow,SessionHigh,0.712137,0.00074714,1,bearish_break_level,-0.959796,1-2
XLM/USDT,2026-06-09 00:40:00+00:00,0.19971,0.19931,SessionLow,SessionLow,0.740208,0.00100571,20,bearish_break_level,-1.657403,11-20
XLM/USDT,2026-06-09 02:25:00+00:00,0.19777,0.19631,SessionLow,SessionHigh,0.731392,0.00047071,48,bearish_break_level,2.396723,41-60
XLM/USDT,2026-06-09 05:55:00+00:00,0.2027,0.2016865,Round_5bp,SessionHigh,0.714224,0.00020786,6,bearish_break_level,-0.093735,6-10
XLM/USDT,2026-06-09 11:55:00+00:00,0.19693,0.19573,SessionLow,PDL,0.702806,0.00031357,40,bearish_break_level,0.177728,21-40
XLM/USDT,2026-06-09 12:55:00+00:00,0.19953,0.19853235,Round_5bp,PDL,0.787698,0.00050071,28,bearish_break_level,-1.12765,21-40
XLM/USDT,2026-06-09 13:40:00+00:00,0.2005,0.1994975,Round_5bp,PDL,0.713764,0.00050071,19,bearish_break_level,-1.605985,11-20
XLM/USDT,2026-06-09 14:30:00+00:00,0.19931,0.198,PDL,PDL,0.714704,0.00094857,9,bearish_break_level,-1.018514,6-10
XLM/USDT,2026-06-09 16:10:00+00:00,0.19394,0.1928,SessionLow,SessionLow,0.744841,0.00046786,2,bearish_break_level,-0.850779,1-2
XLM/USDT,2026-06-09 16:40:00+00:00,0.19342,0.1918,SessionLow,Round_5bp,0.725926,0.00066357,11,bearish_break_level,1.209803,11-20
XLM/USDT,2026-06-10 02:20:00+00:00,0.18831,0.18771,SessionLow,SessionLow,0.760468,0.00026357,6,bearish_break_level,-0.796559,6-10
XLM/USDT,2026-06-10 03:05:00+00:00,0.18741,0.18681,SessionLow,Round_5bp,0.720777,0.00034857,18,bearish_break_level,-0.496238,11-20
XLM/USDT,2026-06-10 06:40:00+00:00,0.18548,0.18437,SessionLow,Round_5bp,0.686188,0.00017357,59,bearish_break_level,-1.191503,41-60
XLM/USDT,2026-06-10 08:10:00+00:00,0.18374,0.18261,SessionLow,Round_5bp,0.720145,0.00061357,41,bearish_break_level,-0.255796,41-60
XLM/USDT,2026-06-10 09:55:00+00:00,0.18498,0.1831302,Round_10bp,Round_5bp,0.705147,0.00054357,20,bearish_break_level,-0.924424,11-20
XLM/USDT,2026-06-10 11:45:00+00:00,0.18437,0.18344815,Round_5bp,Round_5bp,0.73995,0.00050929,20,bearish_break_level,1.811575,11-20
XLM/USDT,2026-06-10 13:30:00+00:00,0.18884,0.1878958,Round_5bp,Round_5bp,0.736015,0.00073643,27,bearish_break_level,-0.180047,21-40
XLM/USDT,2026-06-11 00:15:00+00:00,0.18447,0.1827,SessionLow,SessionHigh,0.720876,0.00030643,2,bearish_break_level,-0.281889,1-2
XLM/USDT,2026-06-11 01:00:00+00:00,0.1853,0.18463,SessionHigh,SessionHigh,0.729466,0.00030571,4,bearish_break_level,-0.102536,3-5
XLM/USDT,2026-06-11 02:00:00+00:00,0.1864,0.185468,Round_5bp,SessionHigh,0.689807,0.00036214,9,bearish_break_level,0.26824,6-10
XLM/USDT,2026-06-11 03:45:00+00:00,0.1907,0.18914,SessionHigh,PDH,0.701711,0.00044357,3,bearish_break_level,0.576822,3-5
XLM/USDT,2026-06-11 03:50:00+00:00,0.19119,0.1907,SessionHigh,PDH,0.741214,0.00044929,2,bearish_break_level,0.319054,1-2
XLM/USDT,2026-06-11 06:15:00+00:00,0.19086,0.1899057,Round_5bp,Round_5bp,0.708099,0.00023429,30,bearish_break_level,-0.083831,21-40
XLM/USDT,2026-06-11 12:35:00+00:00,0.1879,0.1869605,Round_5bp,Round_5bp,0.774906,0.00049429,17,bearish_break_level,-0.447046,11-20
XLM/USDT,2026-06-11 18:40:00+00:00,0.19342,0.19277,PDH,PDH,0.703427,0.00048143,11,bearish_break_level,-0.837556,11-20
XLM/USDT,2026-06-12 01:50:00+00:00,0.1904,0.18998,SessionLow,Round_5bp,0.702347,0.00016714,5,bearish_break_level,0.157563,3-5
XLM/USDT,2026-06-12 02:20:00+00:00,0.1918,0.190841,Round_5bp,SessionHigh,0.72907,0.00033857,15,bearish_break_level,2.419187,11-20
XLM/USDT,2026-06-12 02:35:00+00:00,0.19352,0.19227,PDC,SessionHigh,0.712451,0.00046143,12,bearish_break_level,1.508888,11-20
XLM/USDT,2026-06-12 02:40:00+00:00,0.1951,0.19352,SessionHigh,SessionHigh,0.711094,0.00057429,11,bearish_break_level,0.686827,11-20
XLM/USDT,2026-06-12 02:50:00+00:00,0.19576,0.1951,SessionHigh,SessionHigh,0.712277,0.00057,9,bearish_break_level,0.347364,6-10
XLM/USDT,2026-06-12 14:00:00+00:00,0.19112,0.1901644,Round_5bp,PDC,0.736557,0.00031929,8,bearish_break_level,0.0,6-10
XLM/USDT,2026-06-12 15:05:00+00:00,0.19361,0.19264195,Round_5bp,PDC,0.738749,0.00046357,7,bearish_break_level,-1.327411,6-10
XLM/USDT,2026-06-12 19:05:00+00:00,0.18986,0.1885,SessionLow,SessionLow,0.750434,0.00017643,35,bearish_break_level,-0.869061,21-40
XLM/USDT,2026-06-12 22:40:00+00:00,0.18863,0.18821,SessionLow,Round_5bp,0.761602,9.714e-05,4,bearish_break_level,-0.487727,3-5
XLM/USDT,2026-06-12 23:25:00+00:00,0.18796,0.18771,SessionLow,PDC,0.794302,0.00011429,7,bearish_break_level,-0.244733,6-10
XLM/USDT,2026-06-13 00:20:00+00:00,0.18772,0.1874,SessionLow,PDC,0.762751,0.00010143,4,bearish_break_level,-0.09056,3-5
XLM/USDT,2026-06-13 00:30:00+00:00,0.18792,0.18771,PDL,PDC,0.750959,0.00014286,2,bearish_break_level,-0.196892,1-2
XLM/USDT,2026-06-13 01:10:00+00:00,0.18813,0.1874,SessionLow,PDC,0.763553,0.00020929,2,bearish_break_level,-0.249827,1-2
XLM/USDT,2026-06-13 01:45:00+00:00,0.1885,0.18817,SessionHigh,SessionHigh,0.753363,0.00019286,7,bearish_break_level,-0.583554,6-10
XLM/USDT,2026-06-13 04:35:00+00:00,0.1853,0.18379,SessionLow,SessionHigh,0.711448,0.00031071,47,bearish_break_level,2.66055,41-60
XLM/USDT,2026-06-13 06:30:00+00:00,0.18659,0.18565705,Round_5bp,SessionHigh,0.741987,7.5e-05,24,bearish_break_level,1.950801,21-40
XLM/USDT,2026-06-13 06:50:00+00:00,0.1874,0.186463,Round_5bp,SessionHigh,0.732921,0.00013286,20,bearish_break_level,1.510139,11-20
XLM/USDT,2026-06-13 07:25:00+00:00,0.18998,0.18771,PDL,SessionHigh,0.815049,0.00033571,13,bearish_break_level,0.131593,11-20
XLM/USDT,2026-06-13 09:10:00+00:00,0.19112,0.1901644,Round_5bp,SessionHigh,0.750907,9.714e-05,3,bearish_break_level,-0.005232,3-5
XLM/USDT,2026-06-13 09:20:00+00:00,0.19136,0.19114,SessionHigh,SessionHigh,0.749153,0.000115,1,bearish_break_level,-0.130644,1-2
XLM/USDT,2026-06-13 17:15:00+00:00,0.18804,0.18771,PDL,,0.703606,0.00029929,60,time_stop,0.005318,41-60
XLM/USDT,2026-06-13 17:35:00+00:00,0.18851,0.18796,PDC,,0.781322,0.00016929,60,time_stop,-0.090181,41-60
XLM/USDT,2026-06-13 18:25:00+00:00,0.18743,0.18649285,Round_5bp,Round_5bp,0.711449,0.000265,55,bearish_break_level,-0.405485,41-60
XLM/USDT,2026-06-13 21:40:00+00:00,0.18851,0.18756745,Round_5bp,Round_5bp,0.755875,9.786e-05,16,bearish_break_level,-0.976076,11-20
XLM/USDT,2026-06-13 22:25:00+00:00,0.18834,0.18796,PDC,Round_5bp,0.730931,0.00015143,7,bearish_break_level,-0.886694,6-10
XLM/USDT,2026-06-14 00:10:00+00:00,0.1867,0.18635,SessionLow,SessionHigh,0.722894,5.429e-05,6,bearish_break_level,0.171398,6-10
XLM/USDT,2026-06-14 00:30:00+00:00,0.18705,0.18671,PDC,SessionHigh,0.757761,0.00016571,2,bearish_break_level,-0.016038,1-2
XLM/USDT,2026-06-14 01:05:00+00:00,0.18743,0.18671,PDC,SessionHigh,0.740548,0.00030429,4,bearish_break_level,0.58155,3-5
XLM/USDT,2026-06-14 01:10:00+00:00,0.18802,0.18743,SessionHigh,SessionHigh,0.741268,0.00034643,3,bearish_break_level,0.265929,3-5
XLM/USDT,2026-06-14 01:15:00+00:00,0.18895,0.18802,SessionHigh,SessionHigh,0.755581,0.00038714,2,bearish_break_level,-0.227573,1-2
XLM/USDT,2026-06-14 06:00:00+00:00,0.18674,0.185,SessionLow,SessionLow,0.731695,0.00014429,58,bearish_break_level,-1.269144,41-60
XLM/USDT,2026-06-14 06:25:00+00:00,0.18705,0.18671,PDC,SessionLow,0.758105,0.00016571,53,bearish_break_level,-1.432772,41-60
XLM/USDT,2026-06-14 08:45:00+00:00,0.18739,0.18671,PDC,SessionLow,0.801376,7.143e-05,25,bearish_break_level,-1.611612,21-40
XLM/USDT,2026-06-14 11:50:00+00:00,0.18435,0.18355,SessionLow,SessionLow,0.787042,0.00015929,7,bearish_break_level,-0.672634,6-10
XLM/USDT,2026-06-14 16:10:00+00:00,0.18311,0.18219445,Round_5bp,PDL,0.758769,0.00016571,8,bearish_break_level,0.010922,6-10
XLM/USDT,2026-06-14 18:15:00+00:00,0.18278,0.18176,SessionLow,Round_5bp,0.790235,0.00018214,1,bearish_break_level,-0.563519,1-2
XRP/USDT,2026-06-02 01:10:00+00:00,1.2894,1.2873,SessionLow,SessionLow,0.72927,0.00225,4,bearish_break_level,-0.496355,3-5
XRP/USDT,2026-06-02 06:00:00+00:00,1.2693,1.2667,SessionLow,SessionLow,0.723079,0.00269286,10,bearish_break_level,-0.338769,6-10
XRP/USDT,2026-06-02 10:05:00+00:00,1.2622,1.2572,SessionLow,SessionLow,0.714416,0.00252143,48,bearish_break_level,-0.56251,41-60
XRP/USDT,2026-06-02 23:05:00+00:00,1.209,1.202955,Round_5bp,SessionHigh,0.728879,0.00541429,15,bearish_break_level,0.942928,11-20
XRP/USDT,2026-06-03 00:05:00+00:00,1.2183,1.2169,SessionHigh,SessionHigh,0.738554,0.00395,3,bearish_break_level,0.172371,3-5
XRP/USDT,2026-06-03 00:15:00+00:00,1.2253,1.2214,SessionHigh,SessionHigh,0.733347,0.0039,1,bearish_break_level,-0.399902,1-2
XRP/USDT,2026-06-03 01:50:00+00:00,1.2262,1.220069,Round_5bp,SessionLow,0.729349,0.00318571,22,bearish_break_level,-2.446583,21-40
XRP/USDT,2026-06-03 04:40:00+00:00,1.2147,1.2115,PDC,SessionHigh,0.70148,0.00571429,8,bearish_break_level,1.251338,6-10
XRP/USDT,2026-06-03 16:30:00+00:00,1.2137,1.2115,PDC,Round_5bp,0.704929,0.00379286,6,bearish_break_level,0.288374,6-10
XRP/USDT,2026-06-03 22:25:00+00:00,1.2143,1.2115,PDC,PDC,0.80349,0.00342857,2,bearish_break_level,-0.395289,1-2
XRP/USDT,2026-06-04 00:30:00+00:00,1.195,1.1884,PDL,PDL,0.704578,0.00395714,9,bearish_break_level,-1.330544,6-10
XRP/USDT,2026-06-04 01:55:00+00:00,1.1634,1.1593,SessionLow,SessionHigh,0.711013,0.00652143,28,bearish_break_level,3.867973,21-40
XRP/USDT,2026-06-04 02:05:00+00:00,1.1562,1.143,SessionLow,SessionHigh,0.743754,0.00897857,26,bearish_break_level,4.51479,21-40
XRP/USDT,2026-06-04 08:15:00+00:00,1.1677,1.1618615,Round_5bp,,0.711387,0.00449286,60,time_stop,0.351118,41-60
XRP/USDT,2026-06-04 11:15:00+00:00,1.1466,1.143,SessionLow,Round_5bp,0.693764,0.00317143,25,bearish_break_level,1.613466,21-40
XRP/USDT,2026-06-04 12:45:00+00:00,1.181,1.175095,Round_5bp,Round_5bp,0.67913,0.00442857,7,bearish_break_level,-1.346317,6-10
XRP/USDT,2026-06-04 18:20:00+00:00,1.1733,1.1674335,Round_5bp,,0.698364,0.0035,60,time_stop,-0.954573,41-60
XRP/USDT,2026-06-04 22:55:00+00:00,1.1674,1.161563,Round_5bp,PDC,0.731821,0.00324286,13,bearish_break_level,0.034264,11-20
XRP/USDT,2026-06-05 00:20:00+00:00,1.1697,1.166,SessionLow,SessionHigh,0.737029,0.00268571,2,bearish_break_level,0.247927,1-2
XRP/USDT,2026-06-05 01:30:00+00:00,1.1606,1.154797,Round_5bp,SessionLow,0.729075,0.00424286,8,bearish_break_level,-0.827158,6-10
XRP/USDT,2026-06-05 01:45:00+00:00,1.1564,1.1522,SessionLow,SessionLow,0.732816,0.00429286,5,bearish_break_level,-0.466966,3-5
XRP/USDT,2026-06-05 04:05:00+00:00,1.1449,1.133451,Round_10bp,PDL,0.763463,0.00484286,2,bearish_break_level,-0.63761,1-2
XRP/USDT,2026-06-05 04:55:00+00:00,1.1472,1.1427,PDL,Round_5bp,0.682252,0.00532143,1,bearish_break_level,-0.427127,1-2
XRP/USDT,2026-06-05 05:50:00+00:00,1.1287,1.1264,SessionLow,SessionLow,0.708427,0.00455,2,bearish_break_level,-0.770798,1-2
XRP/USDT,2026-06-05 13:00:00+00:00,1.1254,1.119773,Round_5bp,,0.756036,0.00467857,60,time_stop,-1.510574,41-60
XRP/USDT,2026-06-05 18:55:00+00:00,1.0884,1.0826,SessionLow,SessionLow,0.737201,0.00391429,2,bearish_break_level,-1.139287,1-2
XRP/USDT,2026-06-05 19:20:00+00:00,1.0783,1.07,SessionLow,Round_5bp,0.776505,0.00523571,10,bearish_break_level,2.216452,6-10
XRP/USDT,2026-06-06 00:05:00+00:00,1.1088,1.1066,SessionHigh,SessionHigh,0.681074,0.00391429,1,bearish_break_level,-0.261544,1-2
XRP/USDT,2026-06-06 01:30:00+00:00,1.1109,1.1053455,Round_5bp,Round_5bp,0.725499,0.00308571,6,bearish_break_level,-1.062202,6-10
XRP/USDT,2026-06-06 02:20:00+00:00,1.099,1.0964,PDC,Round_5bp,0.731651,0.00275714,8,bearish_break_level,-0.309372,6-10
XRP/USDT,2026-06-06 02:40:00+00:00,1.0989,1.0964,PDC,Round_5bp,0.757268,0.00215,4,bearish_break_level,-0.3003,3-5
XRP/USDT,2026-06-06 03:10:00+00:00,1.0909,1.0897,SessionLow,Round_5bp,0.731546,0.00257857,6,bearish_break_level,-0.504171,6-10
XRP/USDT,2026-06-06 04:35:00+00:00,1.0557,1.0538,SessionLow,PDC,0.724107,0.00532143,25,bearish_break_level,3.144833,21-40
XRP/USDT,2026-06-06 05:05:00+00:00,1.0591,1.0538045,Round_5bp,PDC,0.728053,0.00617857,19,bearish_break_level,2.81371,11-20
XRP/USDT,2026-06-06 05:10:00+00:00,1.0636,1.058282,Round_5bp,PDC,0.724991,0.00616429,18,bearish_break_level,2.378714,11-20
XRP/USDT,2026-06-06 08:10:00+00:00,1.098,1.0964,PDC,PDC,0.69935,0.00312857,59,bearish_break_level,-0.282332,41-60
XRP/USDT,2026-06-06 15:40:00+00:00,1.099,1.0964,PDC,PDC,0.742082,0.00354286,8,bearish_break_level,-0.627843,6-10
XRP/USDT,2026-06-06 16:00:00+00:00,1.0995,1.0964,PDC,PDC,0.681004,0.00351429,4,bearish_break_level,-0.673033,3-5
XRP/USDT,2026-06-06 21:10:00+00:00,1.0919,1.0864405,Round_5bp,SessionHigh,0.76035,0.00148571,35,bearish_break_level,0.036633,21-40
XRP/USDT,2026-06-07 00:15:00+00:00,1.0933,1.0916,SessionLow,SessionHigh,0.696067,0.00072143,6,bearish_break_level,-0.137199,6-10
XRP/USDT,2026-06-07 01:00:00+00:00,1.096,1.0897,SessionLow,SessionHigh,0.748408,0.00179286,7,bearish_break_level,1.733577,6-10
XRP/USDT,2026-06-07 01:05:00+00:00,1.1024,1.0968,SessionHigh,SessionHigh,0.736936,0.00217143,6,bearish_break_level,1.142961,6-10
XRP/USDT,2026-06-07 01:25:00+00:00,1.115,1.1108,SessionHigh,SessionHigh,0.695639,0.00314286,2,bearish_break_level,0.0,1-2
XRP/USDT,2026-06-07 01:30:00+00:00,1.1167,1.114,PDH,SessionHigh,0.703507,0.00332143,1,bearish_break_level,-0.152234,1-2
XRP/USDT,2026-06-07 02:45:00+00:00,1.1218,1.114,PDH,SessionHigh,0.758646,0.00298571,1,bearish_break_level,-0.205028,1-2
XRP/USDT,2026-06-07 07:05:00+00:00,1.1292,1.123554,Round_5bp,SessionHigh,0.732331,0.00185,1,bearish_break_level,-0.159405,1-2
XRP/USDT,2026-06-07 07:35:00+00:00,1.1348,1.1317,SessionHigh,SessionHigh,0.724783,0.00162143,1,bearish_break_level,-0.140994,1-2
XRP/USDT,2026-06-07 08:55:00+00:00,1.156,1.1483,SessionHigh,Round_5bp,0.730914,0.00282857,13,bearish_break_level,-1.271626,11-20
XRP/USDT,2026-06-07 09:25:00+00:00,1.1613,1.1554935,Round_5bp,Round_5bp,0.752102,0.00467857,7,bearish_break_level,-1.722208,6-10
XRP/USDT,2026-06-07 17:10:00+00:00,1.1447,1.1389765,Round_5bp,Round_5bp,0.720529,0.00134286,18,bearish_break_level,-0.131039,11-20
XRP/USDT,2026-06-08 00:15:00+00:00,1.1516,1.1496,SessionLow,SessionHigh,0.702014,0.00148571,5,bearish_break_level,1.154915,3-5
XRP/USDT,2026-06-08 03:10:00+00:00,1.1609,1.1556,PDC,PDC,0.696348,0.00141429,4,bearish_break_level,-0.568524,3-5
XRP/USDT,2026-06-08 04:50:00+00:00,1.1432,1.14,SessionLow,SessionLow,0.744668,0.00240714,10,bearish_break_level,-0.796011,6-10
XRP/USDT,2026-06-08 05:55:00+00:00,1.1371,1.1341,SessionLow,,0.692464,0.0019,60,time_stop,0.738721,41-60
XRP/USDT,2026-06-08 09:10:00+00:00,1.1447,1.1389765,Round_5bp,PDH,0.682197,0.00147143,46,bearish_break_level,2.087883,41-60
XRP/USDT,2026-06-08 12:35:00+00:00,1.1577,1.1556,PDC,PDH,0.742995,0.00337857,5,bearish_break_level,0.941522,3-5
XRP/USDT,2026-06-08 12:55:00+00:00,1.1714,1.165543,Round_5bp,PDH,0.748292,0.00349286,1,bearish_break_level,-0.23903,1-2
XRP/USDT,2026-06-08 13:50:00+00:00,1.1658,1.159971,Round_5bp,SessionHigh,0.732135,0.00415714,14,bearish_break_level,0.574713,11-20
XRP/USDT,2026-06-08 14:10:00+00:00,1.165,1.159175,Round_5bp,SessionHigh,0.732036,0.00437143,10,bearish_break_level,0.643777,6-10
XRP/USDT,2026-06-08 15:05:00+00:00,1.1792,1.1716,PDH,SessionHigh,0.723278,0.00315714,2,bearish_break_level,0.067843,1-2
XRP/USDT,2026-06-08 16:05:00+00:00,1.174,1.16813,Round_5bp,PDH,0.742567,0.00425,5,bearish_break_level,-0.698467,3-5
XRP/USDT,2026-06-08 16:15:00+00:00,1.1748,1.1716,PDH,PDH,0.738706,0.004,3,bearish_break_level,-0.766088,3-5
XRP/USDT,2026-06-08 18:40:00+00:00,1.1757,1.1716,PDH,SessionHigh,0.740852,0.00321429,9,bearish_break_level,0.51884,6-10
XRP/USDT,2026-06-08 20:25:00+00:00,1.1729,1.1716,PDH,SessionHigh,0.712037,0.00366429,13,bearish_break_level,0.861113,11-20
XRP/USDT,2026-06-09 00:05:00+00:00,1.1706,1.1674,PDC,SessionHigh,0.717949,0.00185714,1,bearish_break_level,-0.375876,1-2
XRP/USDT,2026-06-09 01:20:00+00:00,1.1553,1.152,SessionLow,WeeklyOpen,0.716856,0.00273571,24,bearish_break_level,-0.216394,21-40
XRP/USDT,2026-06-09 01:35:00+00:00,1.1572,1.1556,WeeklyOpen,WeeklyOpen,0.735683,0.0022,21,bearish_break_level,-0.380228,21-40
XRP/USDT,2026-06-09 08:50:00+00:00,1.1695,1.1674,PDC,WeeklyOpen,0.730002,0.00152857,28,bearish_break_level,-1.351005,21-40
XRP/USDT,2026-06-09 12:00:00+00:00,1.1617,1.1556,WeeklyOpen,SessionLow,0.739887,0.00195,28,bearish_break_level,-1.558061,21-40
XRP/USDT,2026-06-09 13:40:00+00:00,1.1592,1.1556,WeeklyOpen,SessionLow,0.727579,0.00241429,8,bearish_break_level,-1.345756,6-10
XRP/USDT,2026-06-09 16:20:00+00:00,1.1275,1.125,SessionLow,,0.727962,0.00312143,60,time_stop,0.913525,41-60
XRP/USDT,2026-06-09 16:40:00+00:00,1.1272,1.1189,SessionLow,,0.726204,0.00399286,60,time_stop,0.842796,41-60
XRP/USDT,2026-06-09 17:00:00+00:00,1.1353,1.1296235,Round_5bp,,0.702499,0.00442143,60,time_stop,-0.044041,41-60
XRP/USDT,2026-06-09 19:55:00+00:00,1.1444,1.138678,Round_5bp,PDC,0.747756,0.00237857,53,bearish_break_level,-0.734009,41-60
XRP/USDT,2026-06-09 23:15:00+00:00,1.1376,1.1341,PDL,PDC,0.726808,0.00113571,13,bearish_break_level,-0.140647,11-20
XRP/USDT,2026-06-10 04:10:00+00:00,1.1206,1.1189,PDL,PDL,0.751678,0.00087143,4,bearish_break_level,-0.321256,3-5
XRP/USDT,2026-06-10 04:45:00+00:00,1.1152,1.1138,SessionLow,SessionLow,0.725106,0.0011,6,bearish_break_level,-0.286944,6-10
XRP/USDT,2026-06-10 06:15:00+00:00,1.1128,1.1107,SessionLow,SessionLow,0.740771,0.00132143,3,bearish_break_level,-0.476276,3-5
XRP/USDT,2026-06-10 11:40:00+00:00,1.1025,1.1013,SessionLow,PDL,0.733745,0.00136429,16,bearish_break_level,1.278912,11-20
XRP/USDT,2026-06-10 13:35:00+00:00,1.1302,1.124549,Round_5bp,PDC,0.722901,0.00345714,2,bearish_break_level,0.300832,1-2
XRP/USDT,2026-06-10 19:30:00+00:00,1.1026,1.0991,SessionLow,SessionLow,0.765017,0.00252857,20,bearish_break_level,-0.879739,11-20
XRP/USDT,2026-06-10 21:15:00+00:00,1.0957,1.0919,SessionLow,SessionHigh,0.711693,0.00202143,38,bearish_break_level,0.520215,21-40
XRP/USDT,2026-06-10 22:30:00+00:00,1.0962,1.090719,Round_5bp,SessionHigh,0.722119,0.00162143,23,bearish_break_level,0.474366,21-40
XRP/USDT,2026-06-10 23:15:00+00:00,1.0938,1.09,SessionLow,SessionHigh,0.732944,0.00177143,14,bearish_break_level,0.694825,11-20
XRP/USDT,2026-06-11 01:40:00+00:00,1.1177,1.1102,SessionHigh,SessionHigh,0.71473,0.00209286,33,bearish_break_level,-0.062629,21-40
XRP/USDT,2026-06-11 03:30:00+00:00,1.1146,1.109027,Round_5bp,SessionHigh,0.705168,0.0016,11,bearish_break_level,0.215324,11-20
XRP/USDT,2026-06-11 08:10:00+00:00,1.1193,1.1137035,Round_5bp,SessionHigh,0.70793,0.00078571,6,bearish_break_level,0.169749,6-10
XRP/USDT,2026-06-11 13:35:00+00:00,1.1133,1.1077335,Round_5bp,Round_5bp,0.679873,0.00218571,8,bearish_break_level,-0.197611,6-10
XRP/USDT,2026-06-11 17:40:00+00:00,1.1332,1.127534,Round_5bp,SessionHigh,0.7353,0.00342857,2,bearish_break_level,0.30886,1-2
XRP/USDT,2026-06-11 17:45:00+00:00,1.143,1.1332,SessionHigh,SessionHigh,0.731151,0.00394286,1,bearish_break_level,-0.551181,1-2
XRP/USDT,2026-06-11 21:10:00+00:00,1.1423,1.1374,PDH,PDC,0.687223,0.00175714,51,bearish_break_level,-0.525256,41-60
XRP/USDT,2026-06-12 01:40:00+00:00,1.138,1.1363,SessionLow,PDH,0.713426,0.00121429,10,bearish_break_level,0.59754,6-10
XRP/USDT,2026-06-12 02:05:00+00:00,1.1463,1.1409,PDC,PDH,0.707281,0.00139286,5,bearish_break_level,-0.130856,3-5
XRP/USDT,2026-06-12 04:30:00+00:00,1.1502,1.1489,PDH,SessionHigh,0.739816,0.00162857,2,bearish_break_level,-0.165189,1-2
XRP/USDT,2026-06-12 07:10:00+00:00,1.1323,1.1295,SessionLow,SessionHigh,0.765257,0.0012,30,bearish_break_level,1.466043,21-40
XRP/USDT,2026-06-12 10:35:00+00:00,1.1441,1.1409,PDC,PDC,0.721467,0.00133571,21,bearish_break_level,-0.480727,21-40
XRP/USDT,2026-06-12 16:05:00+00:00,1.1314,1.1261,SessionLow,Round_5bp,0.731401,0.00414286,13,bearish_break_level,0.088386,11-20
XRP/USDT,2026-06-13 01:05:00+00:00,1.1373,1.1352,SessionHigh,SessionHigh,0.736272,0.00062143,3,bearish_break_level,0.026378,3-5
XRP/USDT,2026-06-13 05:40:00+00:00,1.1325,1.1313,PDC,SessionHigh,0.722226,0.00056429,23,bearish_break_level,0.821192,21-40
XRP/USDT,2026-06-13 11:10:00+00:00,1.1479,1.1458,SessionHigh,SessionHigh,0.764093,0.00037857,7,bearish_break_level,-0.008712,6-10
XRP/USDT,2026-06-13 12:45:00+00:00,1.1526,1.1507,SessionHigh,SessionHigh,0.741768,0.00047143,6,bearish_break_level,-0.08676,6-10
XRP/USDT,2026-06-13 12:55:00+00:00,1.1542,1.1527,SessionHigh,SessionHigh,0.724858,0.00067857,4,bearish_break_level,-0.225264,3-5
XRP/USDT,2026-06-13 14:15:00+00:00,1.157,1.1548,SessionHigh,PDH,0.726707,0.00122143,1,bearish_break_level,-0.224719,1-2
XRP/USDT,2026-06-13 15:30:00+00:00,1.1568,1.1556,WeeklyOpen,SessionHigh,0.708669,0.00057857,3,bearish_break_level,0.043223,3-5
XRP/USDT,2026-06-14 00:25:00+00:00,1.1505,1.1493,PDC,SessionHigh,0.722585,0.00057857,5,bearish_break_level,-0.173837,3-5
XRP/USDT,2026-06-14 01:15:00+00:00,1.1561,1.1514,SessionHigh,WeeklyOpen,0.737906,0.00092857,9,bearish_break_level,-0.242194,6-10
XRP/USDT,2026-06-14 05:05:00+00:00,1.1487,1.1473,SessionLow,PDC,0.731421,0.00058571,2,bearish_break_level,-0.121877,1-2
XRP/USDT,2026-06-14 06:05:00+00:00,1.1514,1.1493,PDC,PDC,0.695237,0.00107857,8,bearish_break_level,-0.303978,6-10
XRP/USDT,2026-06-14 08:35:00+00:00,1.1468,1.1439,SessionLow,PDC,0.762356,0.00041429,23,bearish_break_level,-0.02616,21-40
XRP/USDT,2026-06-14 09:30:00+00:00,1.1446,1.142,SessionLow,PDC,0.733483,0.00067857,12,bearish_break_level,0.165997,11-20
XRP/USDT,2026-06-14 13:40:00+00:00,1.1378,1.1354,SessionLow,SessionLow,0.77317,0.00078571,8,bearish_break_level,-0.333978,6-10
YFI/USDT,2026-06-02 20:05:00+00:00,2180.0,2171.0,SessionLow,PDC,0.864778,0.64285714,56,bearish_break_level,-2.889908,41-60
YFI/USDT,2026-06-03 09:20:00+00:00,2122.0,2074.0,SessionLow,,0.978438,3.42857143,60,time_stop,6.126296,41-60
YFI/USDT,2026-06-04 01:40:00+00:00,2099.0,2065.0,SessionLow,Round_10bp,0.99234,15.78571429,34,bearish_break_level,0.047642,21-40
YFI/USDT,2026-06-04 12:25:00+00:00,2004.0,1969.0,SessionLow,,0.96943,2.5,60,time_stop,0.798403,41-60
YFI/USDT,2026-06-05 07:30:00+00:00,1985.0,1956.0,SessionLow,,0.962511,2.07142857,60,time_stop,0.0,41-60
YFI/USDT,2026-06-05 20:05:00+00:00,1827.0,1810.0,SessionLow,SessionLow,0.777236,1.92857143,42,bearish_break_level,-4.761905,41-60
YFI/USDT,2026-06-06 02:20:00+00:00,1817.0,1740.0,PDL,,0.90314,5.5,60,time_stop,0.0,41-60
YFI/USDT,2026-06-06 16:10:00+00:00,1828.0,1817.0,SessionHigh,SessionHigh,0.999568,0.78571429,51,bearish_break_level,-5.853392,41-60
YFI/USDT,2026-06-07 05:45:00+00:00,1814.0,1716.0,PDL,,0.999568,7.0,60,time_stop,0.0,41-60
YFI/USDT,2026-06-07 22:10:00+00:00,1868.0,1814.0,SessionHigh,,0.999568,3.85714286,60,time_stop,1.017131,41-60
YFI/USDT,2026-06-07 22:15:00+00:00,1887.0,1868.0,SessionHigh,,0.995447,5.21428571,60,time_stop,0.0,41-60
YFI/USDT,2026-06-09 00:25:00+00:00,1965.0,1887.0,PDH,,0.999568,7.0,60,time_stop,-4.936387,41-60
YFI/USDT,2026-06-09 13:45:00+00:00,1910.0,1868.0,SessionLow,,0.999568,3.0,60,time_stop,-4.293194,41-60
YFI/USDT,2026-06-09 23:00:00+00:00,1971.0,1828.0,SessionLow,PDC,0.999568,10.21428571,25,bearish_break_level,-8.016235,21-40
YFI/USDT,2026-06-11 20:10:00+00:00,1919.0,1808.0,PDL,,0.999568,7.85714286,60,time_stop,0.0,41-60
YFI/USDT,2026-06-12 20:15:00+00:00,1968.0,1855.0,SessionLow,,0.999568,8.07142857,60,time_stop,0.0,41-60
ZEC/USDT,2026-06-02 00:10:00+00:00,544.41,542.78,SessionLow,SessionHigh,0.709411,1.09785714,5,bearish_break_level,0.778825,3-5
ZEC/USDT,2026-06-02 00:20:00+00:00,546.53,543.79735,Round_5bp,SessionHigh,0.698714,1.49642857,3,bearish_break_level,0.387902,3-5
ZEC/USDT,2026-06-02 01:00:00+00:00,546.73,546.05,PDC,PDC,0.689885,2.18071429,5,bearish_break_level,-0.722477,3-5
ZEC/USDT,2026-06-02 01:40:00+00:00,542.78,539.54,SessionLow,SessionLow,0.70339,2.50642857,3,bearish_break_level,-0.827223,3-5
ZEC/USDT,2026-06-02 02:20:00+00:00,545.14,532.38,SessionLow,Round_5bp,0.691253,3.56642857,3,bearish_break_level,1.375793,3-5
ZEC/USDT,2026-06-02 02:30:00+00:00,555.19,549.6381,Round_10bp,Round_5bp,0.696402,4.68428571,1,bearish_break_level,-0.459302,1-2
ZEC/USDT,2026-06-02 03:10:00+00:00,560.39,559.31,SessionHigh,SessionHigh,0.719707,5.27857143,9,bearish_break_level,2.300184,6-10
ZEC/USDT,2026-06-02 03:30:00+00:00,566.66,563.8267,Round_5bp,SessionHigh,0.702681,4.67642857,5,bearish_break_level,1.168249,3-5
ZEC/USDT,2026-06-02 03:40:00+00:00,568.5,566.57,PDH,SessionHigh,0.710333,3.91857143,3,bearish_break_level,0.840809,3-5
ZEC/USDT,2026-06-02 03:45:00+00:00,570.88,569.01,SessionHigh,SessionHigh,0.776658,3.82285714,2,bearish_break_level,0.420404,1-2
ZEC/USDT,2026-06-02 03:50:00+00:00,576.81,571.0419,Round_10bp,SessionHigh,0.764553,4.06142857,1,bearish_break_level,-0.611987,1-2
ZEC/USDT,2026-06-02 04:15:00+00:00,569.17,566.32415,Round_5bp,Round_5bp,0.742455,4.21857143,6,bearish_break_level,0.054465,6-10
ZEC/USDT,2026-06-02 05:50:00+00:00,555.88,553.35,WeeklyOpen,WeeklyOpen,0.713852,3.40214286,3,bearish_break_level,-1.176513,3-5
ZEC/USDT,2026-06-02 06:25:00+00:00,549.32,546.05,PDC,Round_5bp,0.731724,3.14857143,6,bearish_break_level,0.003641,6-10
ZEC/USDT,2026-06-02 07:40:00+00:00,555.97,553.19015,Round_5bp,Round_5bp,0.731854,2.92071429,16,bearish_break_level,0.437074,11-20
ZEC/USDT,2026-06-02 10:10:00+00:00,562.68,553.35,WeeklyOpen,SessionHigh,0.70683,3.42071429,13,bearish_break_level,2.427668,11-20
ZEC/USDT,2026-06-02 13:25:00+00:00,584.7,583.62,SessionHigh,SessionHigh,0.700746,2.71928571,1,bearish_break_level,-1.429793,1-2
ZEC/USDT,2026-06-02 15:45:00+00:00,570.58,566.57,PDH,SessionHigh,0.70614,4.53,6,bearish_break_level,5.341933,6-10
ZEC/USDT,2026-06-02 15:55:00+00:00,578.66,566.57,PDH,SessionHigh,0.686888,4.04785714,4,bearish_break_level,3.871012,3-5
ZEC/USDT,2026-06-02 16:05:00+00:00,592.44,585.0,SessionHigh,SessionHigh,0.701467,4.94571429,2,bearish_break_level,1.455,1-2
ZEC/USDT,2026-06-02 20:35:00+00:00,590.34,584.4366,Round_10bp,SessionHigh,0.76965,5.95714286,14,bearish_break_level,3.601314,11-20
ZEC/USDT,2026-06-02 20:45:00+00:00,596.74,590.7726,Round_10bp,SessionHigh,0.725813,4.85714286,12,bearish_break_level,2.490197,11-20
ZEC/USDT,2026-06-02 22:35:00+00:00,597.39,591.4161,Round_10bp,SessionHigh,0.748517,4.77,19,bearish_break_level,2.454008,11-20
ZEC/USDT,2026-06-03 00:45:00+00:00,638.23,635.03885,Round_5bp,PDH,0.711067,9.77071429,11,bearish_break_level,-3.251179,11-20
ZEC/USDT,2026-06-03 04:40:00+00:00,608.5,601.42,SessionLow,PDH,0.71163,5.06928571,7,bearish_break_level,1.78636,6-10
ZEC/USDT,2026-06-03 08:40:00+00:00,625.0,622.57,PDH,Round_5bp,0.725227,2.25714286,1,bearish_break_level,-0.4464,1-2
ZEC/USDT,2026-06-03 09:20:00+00:00,612.4,609.59,PDC,Round_5bp,0.792523,2.11357143,13,bearish_break_level,-1.260614,11-20
ZEC/USDT,2026-06-03 10:05:00+00:00,616.0,612.92,Round_5bp,Round_5bp,0.694313,4.32571429,4,bearish_break_level,-1.837662,3-5
ZEC/USDT,2026-06-03 10:55:00+00:00,600.53,597.52735,Round_5bp,Round_5bp,0.758478,4.13571429,6,bearish_break_level,0.341365,6-10
ZEC/USDT,2026-06-03 11:40:00+00:00,594.84,592.98,SessionLow,Round_5bp,0.706412,4.47,6,bearish_break_level,0.141214,6-10
ZEC/USDT,2026-06-03 12:30:00+00:00,604.91,598.8609,Round_10bp,Round_5bp,0.78216,4.02142857,38,bearish_break_level,1.481212,21-40
ZEC/USDT,2026-06-03 13:15:00+00:00,620.0,616.9,Round_5bp,Round_5bp,0.702015,4.43357143,29,bearish_break_level,-0.98871,21-40
ZEC/USDT,2026-06-03 14:45:00+00:00,627.16,622.57,PDH,Round_5bp,0.774248,1.295,11,bearish_break_level,-2.119076,11-20
ZEC/USDT,2026-06-03 17:20:00+00:00,598.11,595.11945,Round_5bp,PDC,0.728064,3.86928571,5,bearish_break_level,0.49322,3-5
ZEC/USDT,2026-06-03 18:30:00+00:00,602.95,599.93525,Round_5bp,Round_10bp,0.722488,2.61571429,44,bearish_break_level,2.723277,41-60
ZEC/USDT,2026-06-03 23:05:00+00:00,617.48,614.3926,Round_5bp,PDH,0.727128,1.99428571,9,bearish_break_level,-0.665609,6-10
ZEC/USDT,2026-06-03 23:25:00+00:00,620.0,616.9,Round_5bp,PDH,0.765397,0.95428571,5,bearish_break_level,-1.069355,3-5
ZEC/USDT,2026-06-04 00:10:00+00:00,627.16,613.37,PDC,SessionHigh,0.737978,3.14071429,1,bearish_break_level,-0.271063,1-2
ZEC/USDT,2026-06-04 00:50:00+00:00,626.44,620.1756,Round_10bp,SessionHigh,0.723699,4.35714286,3,bearish_break_level,-0.657685,3-5
ZEC/USDT,2026-06-04 01:30:00+00:00,605.37,602.95,SessionLow,SessionLow,0.738544,4.46428571,6,bearish_break_level,-6.006244,6-10
ZEC/USDT,2026-06-04 03:00:00+00:00,597.47,587.86,PDL,Round_5bp,0.71897,8.93071429,11,bearish_break_level,-1.109679,11-20
ZEC/USDT,2026-06-04 03:25:00+00:00,593.9,590.9305,Round_5bp,Round_5bp,0.727504,3.36214286,6,bearish_break_level,-0.515238,6-10
ZEC/USDT,2026-06-04 04:00:00+00:00,594.0,591.03,Round_5bp,Round_10bp,0.767956,2.85642857,34,bearish_break_level,-1.210438,21-40
ZEC/USDT,2026-06-04 07:40:00+00:00,572.89,570.02555,Round_5bp,SessionLow,0.772272,5.55071429,22,bearish_break_level,-6.613835,21-40
ZEC/USDT,2026-06-04 10:55:00+00:00,536.31,530.27,SessionLow,Round_5bp,0.703036,3.74571429,9,bearish_break_level,-1.176558,6-10
ZEC/USDT,2026-06-04 11:50:00+00:00,538.91,533.5209,Round_10bp,Round_10bp,0.730846,3.63428571,10,bearish_break_level,-0.909243,6-10
ZEC/USDT,2026-06-04 12:35:00+00:00,538.91,536.21545,Round_5bp,Round_10bp,0.726765,4.05642857,1,bearish_break_level,-0.909243,1-2
ZEC/USDT,2026-06-04 14:15:00+00:00,525.8,523.171,Round_5bp,Round_10bp,0.765806,4.75214286,1,bearish_break_level,-1.015595,1-2
ZEC/USDT,2026-06-04 17:20:00+00:00,533.1,530.4345,Round_5bp,SessionLow,0.699942,4.15642857,48,bearish_break_level,-6.347777,41-60
ZEC/USDT,2026-06-04 19:15:00+00:00,526.74,524.1063,Round_5bp,SessionLow,0.7567,3.405,25,bearish_break_level,-5.216995,21-40
ZEC/USDT,2026-06-04 20:40:00+00:00,525.47,520.2153,Round_10bp,SessionLow,0.710769,3.72357143,8,bearish_break_level,-4.987916,6-10
ZEC/USDT,2026-06-04 22:15:00+00:00,470.48,462.47,SessionLow,SessionLow,0.708748,9.89857143,4,bearish_break_level,-3.711104,3-5
ZEC/USDT,2026-06-04 22:25:00+00:00,460.25,458.6,SessionLow,SessionLow,0.748972,10.26571429,2,bearish_break_level,-1.570885,1-2
ZEC/USDT,2026-06-04 22:45:00+00:00,466.19,451.17,SessionLow,Round_5bp,0.690098,10.25928571,8,bearish_break_level,-3.346275,6-10
ZEC/USDT,2026-06-04 23:35:00+00:00,456.44,449.42,SessionLow,PDC,0.71806,6.47928571,5,bearish_break_level,-0.499518,3-5
ZEC/USDT,2026-06-04 23:50:00+00:00,455.73,444.77,SessionLow,PDC,0.693496,6.93142857,2,bearish_break_level,-0.344502,1-2
ZEC/USDT,2026-06-05 00:10:00+00:00,457.87,449.42,SessionLow,SessionHigh,0.706176,5.80428571,1,bearish_break_level,-1.793085,1-2
ZEC/USDT,2026-06-05 04:25:00+00:00,407.28,405.2436,Round_5bp,SessionLow,0.733372,7.87,33,bearish_break_level,-34.752504,21-40
ZEC/USDT,2026-06-05 06:25:00+00:00,352.46,340.0,SessionLow,SessionLow,0.711851,9.95642857,9,bearish_break_level,-24.60421,6-10
ZEC/USDT,2026-06-05 07:35:00+00:00,310.25,308.69875,Round_5bp,Round_10bp,0.722408,19.145,36,bearish_break_level,6.955681,21-40
ZEC/USDT,2026-06-05 08:25:00+00:00,318.64,317.0468,Round_5bp,Round_10bp,0.682667,13.12714286,26,bearish_break_level,4.139468,21-40
ZEC/USDT,2026-06-05 13:15:00+00:00,318.14,314.9586,Round_10bp,Round_10bp,0.726089,12.10142857,19,bearish_break_level,-0.600365,11-20
ZEC/USDT,2026-06-05 14:20:00+00:00,331.35,329.69325,Round_5bp,Round_10bp,0.72536,7.70142857,6,bearish_break_level,-4.563151,6-10
ZEC/USDT,2026-06-05 21:25:00+00:00,374.63,372.75685,Round_5bp,Round_10bp,0.717033,8.905,3,bearish_break_level,0.832822,3-5
ZEC/USDT,2026-06-05 22:40:00+00:00,378.36,376.4682,Round_5bp,SessionHigh,0.715778,5.48642857,19,bearish_break_level,3.200655,11-20
ZEC/USDT,2026-06-05 23:35:00+00:00,379.04,375.2496,Round_10bp,SessionHigh,0.713571,8.12857143,8,bearish_break_level,3.015513,6-10
ZEC/USDT,2026-06-06 00:00:00+00:00,397.6,390.47,PDC,SessionHigh,0.727708,8.11857143,3,bearish_break_level,-1.79326,3-5
ZEC/USDT,2026-06-06 00:40:00+00:00,397.6,390.47,PDC,PDC,0.723985,6.57714286,7,bearish_break_level,-4.336016,6-10
ZEC/USDT,2026-06-06 01:10:00+00:00,390.47,388.51765,Round_5bp,PDC,0.75122,6.35071429,1,bearish_break_level,-2.589187,1-2
ZEC/USDT,2026-06-06 02:20:00+00:00,374.35,373.05,SessionLow,SessionLow,0.713355,5.76,20,bearish_break_level,-3.216241,11-20
ZEC/USDT,2026-06-06 03:10:00+00:00,372.42,371.23,SessionLow,SessionLow,0.72815,3.90214286,10,bearish_break_level,-2.714677,6-10
ZEC/USDT,2026-06-06 04:40:00+00:00,356.7,353.27,SessionLow,Round_5bp,0.750099,3.52642857,24,bearish_break_level,5.130362,21-40
ZEC/USDT,2026-06-06 06:50:00+00:00,376.61,374.72695,Round_5bp,PDC,0.729526,4.10357143,5,bearish_break_level,3.066833,3-5
ZEC/USDT,2026-06-06 07:40:00+00:00,383.48,381.5626,Round_5bp,,0.705857,4.20071429,60,time_stop,-5.189319,41-60
ZEC/USDT,2026-06-06 09:35:00+00:00,379.04,375.2496,Round_10bp,SessionLow,0.707133,3.90642857,58,bearish_break_level,-9.228577,41-60
ZEC/USDT,2026-06-06 10:45:00+00:00,367.64,365.8018,Round_5bp,SessionLow,0.698504,3.08285714,44,bearish_break_level,-6.413883,41-60
ZEC/USDT,2026-06-06 11:35:00+00:00,369.86,368.0107,Round_5bp,SessionLow,0.741512,1.91571429,34,bearish_break_level,-6.975612,21-40
ZEC/USDT,2026-06-06 15:00:00+00:00,342.0,339.78,SessionLow,Round_5bp,0.742486,6.28214286,10,bearish_break_level,3.839181,6-10
ZEC/USDT,2026-06-06 15:20:00+00:00,341.5,339.7925,Round_5bp,Round_5bp,0.754712,5.94857143,6,bearish_break_level,3.991215,6-10
ZEC/USDT,2026-06-06 15:40:00+00:00,354.0,352.23,Round_5bp,Round_5bp,0.746132,3.75285714,2,bearish_break_level,0.319209,1-2
ZEC/USDT,2026-06-06 17:50:00+00:00,360.99,359.18505,Round_5bp,Round_10bp,0.776726,3.26,18,bearish_break_level,-1.288124,11-20
ZEC/USDT,2026-06-06 21:30:00+00:00,356.73,353.1627,Round_10bp,SessionHigh,0.756543,2.43785714,38,bearish_break_level,2.539736,21-40
ZEC/USDT,2026-06-06 21:50:00+00:00,355.67,353.89165,Round_5bp,SessionHigh,0.740354,1.96071429,34,bearish_break_level,2.845334,21-40
ZEC/USDT,2026-06-07 00:15:00+00:00,365.43,363.60285,Round_5bp,SessionHigh,0.685765,2.91928571,5,bearish_break_level,0.098514,3-5
ZEC/USDT,2026-06-07 00:30:00+00:00,369.86,366.1614,Round_10bp,SessionHigh,0.709861,2.985,2,bearish_break_level,-1.100416,1-2
ZEC/USDT,2026-06-07 00:50:00+00:00,373.12,370.21,SessionHigh,SessionHigh,0.703485,3.17785714,3,bearish_break_level,0.51994,3-5
ZEC/USDT,2026-06-07 01:25:00+00:00,385.66,382.6,SessionHigh,SessionHigh,0.744287,3.18,2,bearish_break_level,-0.570451,1-2
ZEC/USDT,2026-06-07 03:00:00+00:00,380.51,378.60745,Round_5bp,SessionHigh,0.740805,2.19714286,29,bearish_break_level,1.353447,21-40
ZEC/USDT,2026-06-07 05:50:00+00:00,404.84,401.09,PDH,SessionHigh,0.730256,4.63928571,14,bearish_break_level,0.172908,11-20
ZEC/USDT,2026-06-07 08:20:00+00:00,392.29,388.3671,Round_10bp,PDH,0.739539,2.745,11,bearish_break_level,1.713018,11-20
ZEC/USDT,2026-06-07 10:20:00+00:00,399.2,395.208,Round_10bp,Round_10bp,0.698665,3.06,2,bearish_break_level,-0.999499,1-2
ZEC/USDT,2026-06-07 12:15:00+00:00,404.29,401.09,PDH,PDH,0.724086,4.36857143,2,bearish_break_level,-1.590443,1-2
ZEC/USDT,2026-06-07 12:45:00+00:00,407.28,403.2072,Round_10bp,Round_5bp,0.717509,4.67,16,bearish_break_level,2.239246,11-20
ZEC/USDT,2026-06-07 13:10:00+00:00,404.84,402.8158,Round_5bp,Round_5bp,0.756947,4.265,11,bearish_break_level,2.855449,11-20
ZEC/USDT,2026-06-07 14:00:00+00:00,418.31,414.1269,Round_10bp,Round_5bp,0.739578,3.12,1,bearish_break_level,-0.456599,1-2
ZEC/USDT,2026-06-07 17:05:00+00:00,422.25,420.13875,Round_5bp,Round_5bp,0.725955,3.34928571,13,bearish_break_level,-0.196566,11-20
ZEC/USDT,2026-06-07 19:00:00+00:00,412.64,410.5768,Round_5bp,SessionHigh,0.73746,2.31857143,39,bearish_break_level,5.416344,21-40
ZEC/USDT,2026-06-07 20:00:00+00:00,412.76,408.6324,Round_10bp,SessionHigh,0.696513,2.67428571,27,bearish_break_level,5.385696,21-40
ZEC/USDT,2026-06-07 22:05:00+00:00,429.94,425.6406,Round_10bp,SessionHigh,0.712764,4.91214286,2,bearish_break_level,1.174582,1-2
ZEC/USDT,2026-06-08 00:10:00+00:00,437.76,435.5,SessionLow,WeeklyOpen,0.789735,2.72,1,bearish_break_level,-1.194719,1-2
ZEC/USDT,2026-06-08 00:20:00+00:00,435.15,432.53,SessionLow,SessionHigh,0.773381,2.905,2,bearish_break_level,0.606687,1-2
ZEC/USDT,2026-06-08 01:05:00+00:00,429.91,425.0,SessionLow,Round_5bp,0.691759,4.26571429,48,bearish_break_level,-0.837385,41-60
ZEC/USDT,2026-06-08 01:35:00+00:00,427.36,423.4,SessionLow,Round_5bp,0.736085,3.87142857,42,bearish_break_level,-0.245694,41-60
ZEC/USDT,2026-06-08 01:40:00+00:00,429.79,427.64105,Round_5bp,Round_5bp,0.709829,3.67357143,41,bearish_break_level,-0.809698,41-60
ZEC/USDT,2026-06-08 03:05:00+00:00,435.6,433.422,Round_5bp,Round_5bp,0.703002,1.67857143,24,bearish_break_level,-2.132691,21-40
ZEC/USDT,2026-06-08 03:45:00+00:00,430.97,426.6603,Round_10bp,Round_5bp,0.728476,1.655,16,bearish_break_level,-1.081282,11-20
ZEC/USDT,2026-06-08 04:05:00+00:00,433.0,430.835,Round_5bp,Round_5bp,0.757293,2.09928571,12,bearish_break_level,-1.545035,11-20
ZEC/USDT,2026-06-08 05:30:00+00:00,425.68,422.0,SessionLow,SessionHigh,0.710965,1.44714286,21,bearish_break_level,2.84486,21-40
ZEC/USDT,2026-06-08 05:40:00+00:00,428.3,426.1585,Round_5bp,SessionHigh,0.711061,1.63357143,19,bearish_break_level,2.215737,11-20
ZEC/USDT,2026-06-08 08:25:00+00:00,433.34,431.1733,Round_5bp,Round_5bp,0.706825,1.66285714,24,bearish_break_level,-1.746896,21-40
ZEC/USDT,2026-06-08 09:10:00+00:00,430.47,428.31765,Round_5bp,Round_5bp,0.704637,2.16785714,15,bearish_break_level,-1.09183,11-20
ZEC/USDT,2026-06-08 11:25:00+00:00,435.6,431.244,Round_10bp,WeeklyOpen,0.714373,2.32,3,bearish_break_level,-0.048209,3-5
ZEC/USDT,2026-06-08 13:20:00+00:00,435.02,432.8449,Round_5bp,WeeklyOpen,0.721821,3.53357143,2,bearish_break_level,-0.241368,1-2
ZEC/USDT,2026-06-08 13:25:00+00:00,437.57,435.38215,Round_5bp,WeeklyOpen,0.720143,3.27928571,1,bearish_break_level,-0.822726,1-2
ZEC/USDT,2026-06-08 14:50:00+00:00,437.39,435.20305,Round_5bp,SessionHigh,0.722679,1.87571429,9,bearish_break_level,1.906765,6-10
ZEC/USDT,2026-06-08 15:00:00+00:00,442.74,437.76,WeeklyOpen,SessionHigh,0.767594,2.085,7,bearish_break_level,0.67534,6-10
ZEC/USDT,2026-06-08 15:20:00+00:00,448.17,445.71,SessionHigh,SessionHigh,0.776235,2.86214286,3,bearish_break_level,-0.544436,3-5
ZEC/USDT,2026-06-08 15:40:00+00:00,448.38,446.1381,Round_5bp,PDH,0.716286,3.06357143,5,bearish_break_level,-0.98131,3-5
ZEC/USDT,2026-06-08 16:25:00+00:00,449.89,446.63,PDH,Round_5bp,0.703692,3.70785714,23,bearish_break_level,-0.864656,21-40
ZEC/USDT,2026-06-08 17:55:00+00:00,449.18,446.63,PDH,Round_5bp,0.729056,2.18785714,5,bearish_break_level,-0.707957,3-5
ZEC/USDT,2026-06-08 20:15:00+00:00,452.05,449.78975,Round_5bp,SessionHigh,0.728284,3.05285714,5,bearish_break_level,3.196549,3-5
ZEC/USDT,2026-06-08 22:45:00+00:00,463.64,461.3218,Round_5bp,Round_10bp,0.688351,4.01071429,12,bearish_break_level,-1.740575,11-20
ZEC/USDT,2026-06-08 23:50:00+00:00,457.49,455.20255,Round_5bp,SessionHigh,0.728391,2.81571429,3,bearish_break_level,-0.109292,3-5
ZEC/USDT,2026-06-09 00:40:00+00:00,452.43,447.57,SessionLow,Round_5bp,0.737896,2.58,8,bearish_break_level,-1.293018,6-10
ZEC/USDT,2026-06-09 01:30:00+00:00,449.79,446.58,SessionLow,SessionLow,0.697962,2.26785714,4,bearish_break_level,-1.10496,3-5
ZEC/USDT,2026-06-09 01:55:00+00:00,447.86,444.82,SessionLow,SessionLow,0.720645,1.98357143,19,bearish_break_level,-1.071763,11-20
ZEC/USDT,2026-06-09 02:05:00+00:00,448.42,444.48,SessionLow,SessionLow,0.699896,1.98285714,17,bearish_break_level,-1.195308,11-20
ZEC/USDT,2026-06-09 03:45:00+00:00,445.73,441.7,SessionLow,Round_5bp,0.727315,1.70428571,26,bearish_break_level,1.370785,21-40
ZEC/USDT,2026-06-09 06:20:00+00:00,468.97,462.1,SessionHigh,SessionHigh,0.790812,2.94928571,1,bearish_break_level,-0.390217,1-2
ZEC/USDT,2026-06-09 07:00:00+00:00,470.0,467.65,Round_5bp,Round_5bp,0.700605,3.25,4,bearish_break_level,-0.444681,3-5
ZEC/USDT,2026-06-09 07:05:00+00:00,474.72,469.9728,Round_10bp,Round_5bp,0.714477,3.75285714,3,bearish_break_level,-1.43453,3-5
ZEC/USDT,2026-06-09 07:15:00+00:00,469.99,467.64005,Round_5bp,Round_5bp,0.736893,4.02071429,1,bearish_break_level,-0.442563,1-2
ZEC/USDT,2026-06-09 08:50:00+00:00,478.7,476.3065,Round_5bp,SessionHigh,0.711145,3.94285714,6,bearish_break_level,-0.12325,6-10
ZEC/USDT,2026-06-09 09:00:00+00:00,479.55,475.87,PDH,SessionHigh,0.726247,3.935,4,bearish_break_level,-0.300282,3-5
ZEC/USDT,2026-06-09 10:50:00+00:00,477.0,472.23,Round_10bp,Round_5bp,0.733388,2.60214286,13,bearish_break_level,-1.951782,11-20
ZEC/USDT,2026-06-09 14:50:00+00:00,464.89,462.56555,Round_5bp,Round_5bp,0.710935,2.32571429,6,bearish_break_level,-2.949085,6-10
ZEC/USDT,2026-06-09 16:00:00+00:00,437.0,434.815,Round_5bp,WeeklyOpen,0.727394,5.23285714,10,bearish_break_level,-0.425629,6-10
ZEC/USDT,2026-06-09 17:30:00+00:00,460.0,455.4,Round_10bp,PDC,0.707485,6.19785714,2,bearish_break_level,-0.652174,1-2
ZEC/USDT,2026-06-09 21:05:00+00:00,449.18,446.9341,Round_5bp,Round_5bp,0.715995,2.72928571,2,bearish_break_level,-0.578833,1-2
ZEC/USDT,2026-06-10 00:45:00+00:00,429.94,425.77,SessionLow,SessionHigh,0.709022,2.25714286,3,bearish_break_level,1.042006,3-5
ZEC/USDT,2026-06-10 05:50:00+00:00,430.97,428.37,PDC,Round_10bp,0.700983,2.24357143,32,bearish_break_level,-0.923498,21-40
ZEC/USDT,2026-06-10 09:25:00+00:00,425.99,422.7,SessionLow,PDL,0.744023,2.14857143,19,bearish_break_level,-1.429611,11-20
ZEC/USDT,2026-06-10 09:55:00+00:00,424.8,423.17,PDL,PDL,0.719795,1.68428571,13,bearish_break_level,-1.153484,11-20
ZEC/USDT,2026-06-10 10:10:00+00:00,419.72,416.48,SessionLow,PDL,0.730215,2.16285714,10,bearish_break_level,0.042886,6-10
ZEC/USDT,2026-06-10 13:15:00+00:00,422.25,420.13875,Round_5bp,Round_5bp,0.719677,2.94928571,6,bearish_break_level,5.309651,6-10
ZEC/USDT,2026-06-10 13:25:00+00:00,427.81,425.67095,Round_5bp,Round_5bp,0.701084,3.43285714,4,bearish_break_level,3.941002,3-5
ZEC/USDT,2026-06-10 14:20:00+00:00,441.39,437.76,WeeklyOpen,Round_5bp,0.69846,4.53285714,1,bearish_break_level,-0.591314,1-2
ZEC/USDT,2026-06-10 14:55:00+00:00,436.18,433.9991,Round_5bp,WeeklyOpen,0.745659,3.05928571,8,bearish_break_level,-0.596084,6-10
ZEC/USDT,2026-06-10 15:20:00+00:00,440.4,435.996,Round_10bp,WeeklyOpen,0.706863,3.42714286,3,bearish_break_level,-1.548592,3-5
ZEC/USDT,2026-06-10 18:45:00+00:00,424.8,423.17,PDL,PDC,0.75735,2.3,5,bearish_break_level,0.0,3-5
ZEC/USDT,2026-06-11 01:40:00+00:00,420.67,418.68,SessionHigh,SessionHigh,0.712707,1.54928571,1,bearish_break_level,-0.641833,1-2
ZEC/USDT,2026-06-11 05:35:00+00:00,425.52,423.3924,Round_5bp,Round_5bp,0.716261,1.48714286,2,bearish_break_level,-0.989378,1-2
ZEC/USDT,2026-06-11 14:40:00+00:00,422.25,420.13875,Round_5bp,Round_10bp,0.72493,2.27071429,4,bearish_break_level,-0.570752,3-5
ZEC/USDT,2026-06-11 19:30:00+00:00,438.78,437.76,WeeklyOpen,WeeklyOpen,0.772131,2.55357143,2,bearish_break_level,-0.685993,1-2
ZEC/USDT,2026-06-11 21:10:00+00:00,440.94,437.76,WeeklyOpen,WeeklyOpen,0.726297,1.85285714,8,bearish_break_level,-1.077244,6-10
ZEC/USDT,2026-06-11 22:25:00+00:00,438.65,437.76,WeeklyOpen,SessionHigh,0.714329,2.01071429,22,bearish_break_level,-2.507694,21-40
ZEC/USDT,2026-06-11 22:35:00+00:00,436.79,434.60605,Round_5bp,SessionHigh,0.73477,2.30214286,20,bearish_break_level,-2.092539,11-20
ZEC/USDT,2026-06-12 00:00:00+00:00,428.64,428.21,PDC,SessionHigh,0.718476,2.17714286,3,bearish_break_level,-0.230963,3-5
ZEC/USDT,2026-06-12 00:30:00+00:00,428.48,426.01,SessionLow,SessionHigh,0.725454,1.88214286,5,bearish_break_level,0.606796,3-5
ZEC/USDT,2026-06-12 00:35:00+00:00,428.93,428.21,PDC,SessionHigh,0.71546,1.855,4,bearish_break_level,0.501247,3-5
ZEC/USDT,2026-06-12 00:45:00+00:00,430.97,429.94,SessionHigh,SessionHigh,0.724855,1.71214286,2,bearish_break_level,0.025524,1-2
ZEC/USDT,2026-06-12 03:45:00+00:00,435.77,433.59115,Round_5bp,Round_5bp,0.716437,1.16571429,15,bearish_break_level,-0.784818,11-20
ZEC/USDT,2026-06-12 03:50:00+00:00,436.78,436.18,SessionHigh,Round_5bp,0.717152,1.01928571,14,bearish_break_level,-1.014241,11-20
ZEC/USDT,2026-06-12 06:00:00+00:00,427.21,425.07395,Round_5bp,SessionLow,0.707467,1.48214286,6,bearish_break_level,-2.200323,6-10
ZEC/USDT,2026-06-12 06:45:00+00:00,419.44,416.97,SessionLow,SessionHigh,0.711438,1.53571429,34,bearish_break_level,4.672897,21-40
ZEC/USDT,2026-06-12 09:40:00+00:00,440.9,438.6955,Round_5bp,SessionHigh,0.722736,1.21214286,4,bearish_break_level,0.0,3-5
ZEC/USDT,2026-06-12 09:45:00+00:00,441.38,440.9,SessionHigh,SessionHigh,0.742849,1.27071429,3,bearish_break_level,-0.10875,3-5
ZEC/USDT,2026-06-12 12:45:00+00:00,436.18,433.9991,Round_5bp,Round_5bp,0.747141,0.89214286,5,bearish_break_level,-0.878078,3-5
ZEC/USDT,2026-06-12 17:05:00+00:00,420.95,418.84525,Round_5bp,Round_5bp,0.718062,2.49857143,21,bearish_break_level,-1.351704,21-40
ZEC/USDT,2026-06-13 00:20:00+00:00,419.01,414.29,SessionHigh,SessionHigh,0.714192,1.22,1,bearish_break_level,-0.229111,1-2
ZEC/USDT,2026-06-13 03:05:00+00:00,416.99,414.90505,Round_5bp,,0.723454,0.7,60,time_stop,-0.388499,41-60
ZEC/USDT,2026-06-13 11:10:00+00:00,412.21,409.74,SessionLow,,0.704716,0.48642857,60,time_stop,-0.08976,41-60
ZEC/USDT,2026-06-13 18:20:00+00:00,411.67,411.06,PDC,Round_5bp,0.709159,1.24642857,20,bearish_break_level,0.041295,11-20
ZEC/USDT,2026-06-13 18:25:00+00:00,413.55,411.48225,Round_5bp,Round_5bp,0.713499,1.13857143,19,bearish_break_level,-0.413493,11-20
ZEC/USDT,2026-06-13 20:55:00+00:00,413.55,409.4145,Round_10bp,Round_5bp,0.780986,0.66285714,19,bearish_break_level,2.350381,11-20
ZEC/USDT,2026-06-13 21:45:00+00:00,428.59,426.44705,Round_5bp,Round_5bp,0.731715,2.33571429,9,bearish_break_level,-1.24128,6-10
ZEC/USDT,2026-06-14 00:05:00+00:00,420.79,418.99,PDC,SessionHigh,0.731797,1.69428571,8,bearish_break_level,0.527579,6-10
ZEC/USDT,2026-06-14 06:05:00+00:00,428.22,426.0789,Round_5bp,PDH,0.705741,1.26642857,2,bearish_break_level,-0.425015,1-2
ZEC/USDT,2026-06-14 06:10:00+00:00,428.93,428.37,SessionHigh,PDH,0.716806,1.21857143,1,bearish_break_level,-0.58984,1-2
ZEC/USDT,2026-06-14 17:00:00+00:00,425.52,421.2648,Round_10bp,Round_5bp,0.714112,0.77214286,7,bearish_break_level,-0.803723,6-10
ZEN/USDT,2026-06-02 02:30:00+00:00,5.73,5.67,SessionLow,,0.894336,0.00928571,60,time_stop,1.04712,41-60
ZEN/USDT,2026-06-02 16:10:00+00:00,5.51,5.36,SessionLow,,0.827193,0.01857143,60,time_stop,0.725953,41-60
ZEN/USDT,2026-06-02 23:35:00+00:00,5.24,5.23,SessionLow,,0.994157,0.02357143,60,time_stop,0.381679,41-60
ZEN/USDT,2026-06-03 05:50:00+00:00,5.53,5.26,PDC,,0.966836,0.01928571,60,time_stop,0.542495,41-60
ZEN/USDT,2026-06-03 05:55:00+00:00,5.56,5.53,SessionHigh,,0.97647,0.02142857,60,time_stop,0.0,41-60
ZEN/USDT,2026-06-03 11:05:00+00:00,5.58,5.56,SessionHigh,,0.986421,0.00142857,60,time_stop,0.0,41-60
ZEN/USDT,2026-06-04 02:15:00+00:00,5.12,5.0,SessionLow,Round_5bp,0.812358,0.04357143,2,bearish_break_level,1.367188,1-2
ZEN/USDT,2026-06-04 03:15:00+00:00,5.28,5.26,PDL,,0.777817,0.02428571,60,time_stop,-3.977273,41-60
ZEN/USDT,2026-06-05 04:55:00+00:00,4.94,4.82,SessionLow,SessionLow,0.788806,0.00857143,13,bearish_break_level,-4.048583,11-20
ZEN/USDT,2026-06-05 09:00:00+00:00,4.33,4.32,SessionLow,,0.772358,0.00071429,60,time_stop,2.078522,41-60
ZEN/USDT,2026-06-05 11:00:00+00:00,4.42,4.3,SessionLow,,0.786082,0.00857143,60,time_stop,-5.882353,41-60
ZEN/USDT,2026-06-05 18:35:00+00:00,4.15,4.14,SessionLow,,0.807371,0.01285714,60,time_stop,1.204819,41-60
ZEN/USDT,2026-06-06 02:40:00+00:00,4.26,4.25,SessionHigh,SessionHigh,0.806827,0.00071429,13,bearish_break_level,-2.347418,11-20
ZEN/USDT,2026-06-06 05:20:00+00:00,4.07,3.96,SessionLow,,0.739872,0.02214286,60,time_stop,2.457002,41-60
ZEN/USDT,2026-06-07 06:05:00+00:00,4.39,4.14,PDC,SessionHigh,0.999568,0.01785714,39,bearish_break_level,1.594533,21-40
ZEN/USDT,2026-06-07 07:35:00+00:00,4.45,4.39,SessionHigh,SessionHigh,0.940504,0.00428571,21,bearish_break_level,0.224719,21-40
ZEN/USDT,2026-06-07 08:45:00+00:00,4.47,4.45,SessionHigh,SessionHigh,0.906775,0.00142857,7,bearish_break_level,-0.223714,6-10
ZEN/USDT,2026-06-07 11:45:00+00:00,4.48,4.4576,Round_5bp,SessionHigh,0.858253,0.00142857,10,bearish_break_level,-1.339286,6-10
ZEN/USDT,2026-06-07 22:10:00+00:00,4.6,4.5,SessionHigh,SessionHigh,0.999568,0.00714286,1,bearish_break_level,-0.217391,1-2
ZEN/USDT,2026-06-08 11:20:00+00:00,4.46,4.38,SessionLow,,0.972523,0.02071429,60,time_stop,-1.345291,41-60
ZEN/USDT,2026-06-09 11:05:00+00:00,4.43,4.34,SessionLow,SessionLow,0.999568,0.00642857,56,bearish_break_level,-4.514673,41-60
ZEN/USDT,2026-06-09 15:55:00+00:00,4.28,4.23,SessionLow,,0.89982,0.01142857,60,time_stop,0.0,41-60
ZEN/USDT,2026-06-10 08:35:00+00:00,4.32,4.28,PDC,SessionHigh,0.999568,0.00285714,9,bearish_break_level,-0.925926,6-10
ZEN/USDT,2026-06-11 02:40:00+00:00,4.22,4.14,PDL,,0.932243,0.00571429,60,time_stop,0.0,41-60
ZEN/USDT,2026-06-11 09:15:00+00:00,4.32,4.22,SessionHigh,SessionHigh,0.999568,0.00714286,37,bearish_break_level,-0.925926,21-40
ZEN/USDT,2026-06-11 09:50:00+00:00,4.33,4.32,PDH,SessionHigh,0.988429,0.00785714,30,bearish_break_level,-1.154734,21-40
ZEN/USDT,2026-06-12 15:15:00+00:00,4.4,4.32,SessionLow,,0.858014,0.00928571,60,time_stop,0.0,41-60
ZEN/USDT,2026-06-13 12:25:00+00:00,4.35,4.27,SessionLow,,0.999568,0.00571429,60,time_stop,1.149425,41-60
ZEN/USDT,2026-06-13 21:15:00+00:00,4.44,4.4,PDC,SessionHigh,0.999568,0.00285714,11,bearish_break_level,-6.081081,11-20
ZEN/USDT,2026-06-13 22:05:00+00:00,4.47,4.44,SessionHigh,SessionHigh,0.971011,0.005,1,bearish_break_level,-6.711409,1-2
ZEN/USDT,2026-06-14 02:15:00+00:00,4.48,4.17,PDL,,0.804577,0.02214286,60,time_stop,0.0,41-60
ZIL/USDT,2026-06-02 00:30:00+00:00,0.00382,0.00381,SessionLow,,0.841079,3.57e-06,60,time_stop,-0.26178,41-60
ZIL/USDT,2026-06-02 14:45:00+00:00,0.00364,0.00362,SessionLow,SessionLow,0.915993,5.71e-06,8,bearish_break_level,-1.923077,6-10
ZIL/USDT,2026-06-03 00:20:00+00:00,0.00374,0.00342,SessionLow,SessionHigh,0.99338,3.357e-05,1,bearish_break_level,-6.684492,1-2
ZIL/USDT,2026-06-03 09:20:00+00:00,0.00353,0.00351235,Round_5bp,,0.798446,1.43e-06,60,time_stop,-0.849858,41-60
ZIL/USDT,2026-06-04 00:20:00+00:00,0.00363,0.00359,SessionLow,PDC,0.955777,5.71e-06,2,bearish_break_level,-0.550964,1-2
ZIL/USDT,2026-06-04 02:50:00+00:00,0.00346,0.0034,SessionLow,,0.825315,5.71e-06,60,time_stop,0.0,41-60
ZIL/USDT,2026-06-05 00:15:00+00:00,0.00345,0.00327,PDL,SessionHigh,0.837388,1.286e-05,1,bearish_break_level,-3.188406,1-2
ZIL/USDT,2026-06-05 00:25:00+00:00,0.00336,0.0033432,Round_5bp,PDL,0.835558,2.929e-05,45,bearish_break_level,-3.27381,41-60
ZIL/USDT,2026-06-05 09:15:00+00:00,0.00321,0.00312,SessionLow,PDL,0.833207,6.43e-06,26,bearish_break_level,-2.492212,21-40
ZIL/USDT,2026-06-05 14:45:00+00:00,0.00315,0.00311,SessionLow,SessionLow,0.848133,4.29e-06,18,bearish_break_level,-3.809524,11-20
ZIL/USDT,2026-06-05 19:40:00+00:00,0.00301,0.003,SessionLow,,0.822534,2.86e-06,60,time_stop,0.996678,41-60
ZIL/USDT,2026-06-06 00:45:00+00:00,0.00311,0.00304,PDC,SessionHigh,0.862319,1.571e-05,32,bearish_break_level,-2.572347,21-40
ZIL/USDT,2026-06-07 00:15:00+00:00,0.00298,0.00295,PDL,,0.999568,2.14e-06,60,time_stop,4.026846,41-60
ZIL/USDT,2026-06-07 00:25:00+00:00,0.00307,0.00298,SessionHigh,,0.988286,8.57e-06,60,time_stop,0.977199,41-60
ZIL/USDT,2026-06-07 01:10:00+00:00,0.0031,0.00307,SessionHigh,,0.962194,1.071e-05,60,time_stop,0.0,41-60
ZIL/USDT,2026-06-08 00:20:00+00:00,0.00313,0.00305,SessionLow,,0.898819,1.5e-05,60,time_stop,-3.194888,41-60
ZIL/USDT,2026-06-08 18:35:00+00:00,0.00306,0.0030294,Round_10bp,,0.999568,2.14e-06,60,time_stop,0.0,41-60
ZIL/USDT,2026-06-09 00:15:00+00:00,0.00315,0.00306,PDC,SessionHigh,0.971055,6.43e-06,2,bearish_break_level,-0.634921,1-2
ZIL/USDT,2026-06-09 18:20:00+00:00,0.003,0.00298,PDL,,0.912019,1.143e-05,60,time_stop,0.0,41-60
ZIL/USDT,2026-06-10 00:10:00+00:00,0.00311,0.003,PDC,SessionHigh,0.960359,7.86e-06,4,bearish_break_level,0.0,3-5
ZIL/USDT,2026-06-10 00:25:00+00:00,0.00313,0.00311,SessionHigh,SessionHigh,0.9694,1.214e-05,1,bearish_break_level,-0.638978,1-2
ZIL/USDT,2026-06-11 00:10:00+00:00,0.00304,0.00297,PDL,SessionHigh,0.856302,1e-05,4,bearish_break_level,2.302632,3-5
ZIL/USDT,2026-06-12 00:25:00+00:00,0.00316,0.00308,SessionLow,,0.945297,1.429e-05,60,time_stop,0.632911,41-60
ZIL/USDT,2026-06-12 09:50:00+00:00,0.00319,0.00318,WeeklyOpen,,0.999568,7.1e-07,60,time_stop,-3.448276,41-60
ZIL/USDT,2026-06-12 15:10:00+00:00,0.00312,0.00308,SessionLow,,0.900557,2.86e-06,60,time_stop,-1.282051,41-60
ZIL/USDT,2026-06-13 00:20:00+00:00,0.00314,0.00308,PDL,SessionHigh,0.977306,4.29e-06,1,bearish_break_level,-0.318471,1-2
ZIL/USDT,2026-06-13 15:05:00+00:00,0.0031,0.00306,SessionLow,,0.999568,2.86e-06,60,time_stop,3.225806,41-60
ZIL/USDT,2026-06-14 00:15:00+00:00,0.00324,0.0032,PDH,SessionHigh,0.999568,2.86e-06,5,bearish_break_level,-1.54321,3-5
ZIL/USDT,2026-06-14 00:20:00+00:00,0.00325,0.00324,SessionHigh,SessionHigh,0.995852,3.57e-06,4,bearish_break_level,-1.846154,3-5
ZIL/USDT,2026-06-14 00:25:00+00:00,0.00326,0.00325,SessionHigh,SessionHigh,0.989149,4.29e-06,3,bearish_break_level,-2.147239,3-5
ZRX/USDT,2026-06-02 00:30:00+00:00,0.1036,0.1031,PDL,,0.990761,0.00017857,60,time_stop,0.0,41-60
ZRX/USDT,2026-06-02 14:30:00+00:00,0.1014,0.1002,SessionLow,,0.96172,0.00025,60,time_stop,0.0,41-60
ZRX/USDT,2026-06-04 00:15:00+00:00,0.0976,0.0973,PDC,PDC,0.920212,6.429e-05,2,bearish_break_level,-0.614754,1-2
ZRX/USDT,2026-06-04 00:40:00+00:00,0.1012,0.097,SessionLow,SessionHigh,0.885298,0.00069286,2,bearish_break_level,-3.063241,1-2
ZRX/USDT,2026-06-04 04:15:00+00:00,0.0964,0.0934,SessionLow,,0.817486,0.00021429,60,time_stop,0.0,41-60
ZRX/USDT,2026-06-04 22:10:00+00:00,0.0906,0.0905,SessionLow,SessionHigh,0.976776,7.14e-06,25,bearish_break_level,0.662252,21-40
ZRX/USDT,2026-06-05 00:10:00+00:00,0.0913,0.0906,PDC,SessionHigh,0.829479,5e-05,1,bearish_break_level,-0.109529,1-2
ZRX/USDT,2026-06-05 00:20:00+00:00,0.0917,0.0912415,Round_5bp,PDL,0.819778,0.00051429,32,bearish_break_level,-1.853871,21-40
ZRX/USDT,2026-06-05 00:30:00+00:00,0.0915,0.0910425,Round_5bp,PDL,0.847717,0.00063571,30,bearish_break_level,-1.639344,21-40
ZRX/USDT,2026-06-05 18:35:00+00:00,0.0824,0.0817,SessionLow,,0.999568,5e-05,60,time_stop,-0.849515,41-60
ZRX/USDT,2026-06-06 00:15:00+00:00,0.0832,0.0817,PDL,SessionHigh,0.943717,0.00016429,3,bearish_break_level,1.081731,3-5
ZRX/USDT,2026-06-06 15:45:00+00:00,0.0791,0.0766,SessionLow,,0.999568,0.00017857,60,time_stop,-2.78129,41-60
ZRX/USDT,2026-06-07 00:20:00+00:00,0.088,0.0769,PDC,SessionHigh,0.892633,0.00079286,2,bearish_break_level,-2.954545,1-2
ZRX/USDT,2026-06-07 00:25:00+00:00,0.0883,0.088,SessionHigh,SessionHigh,0.883418,0.00081429,1,bearish_break_level,-3.284258,1-2
ZRX/USDT,2026-06-08 00:15:00+00:00,0.0876,0.0858,PDC,SessionHigh,0.999568,0.00012857,1,bearish_break_level,-0.228311,1-2
ZRX/USDT,2026-06-09 00:10:00+00:00,0.0874,0.079,PDL,,0.94181,0.00062857,60,time_stop,-0.457666,41-60
ZRX/USDT,2026-06-09 13:30:00+00:00,0.0879,0.087021,Round_10bp,SessionHigh,0.999568,6.429e-05,9,bearish_break_level,-5.119454,6-10
ZRX/USDT,2026-06-10 00:10:00+00:00,0.0866,0.0834,PDC,SessionHigh,0.999568,0.00022857,1,bearish_break_level,-1.501155,1-2
ZRX/USDT,2026-06-10 00:20:00+00:00,0.0861,0.085239,Round_10bp,,0.989472,0.00062857,60,time_stop,3.135889,41-60
ZRX/USDT,2026-06-10 01:10:00+00:00,0.0888,0.087,SessionHigh,,0.938225,0.00132857,60,time_stop,0.0,41-60
ZRX/USDT,2026-06-12 00:20:00+00:00,0.0904,0.0895,PDH,SessionHigh,0.999568,6.429e-05,3,bearish_break_level,-5.088496,3-5
ZRX/USDT,2026-06-12 00:25:00+00:00,0.0905,0.0904,SessionHigh,SessionHigh,0.996019,7.143e-05,2,bearish_break_level,-5.19337,1-2
ZRX/USDT,2026-06-12 00:50:00+00:00,0.0901,0.0858,WeeklyOpen,,0.918157,0.00072857,60,time_stop,-0.221976,41-60
ZRX/USDT,2026-06-13 00:20:00+00:00,0.0899,0.0836,PDL,,0.999568,0.00045,60,time_stop,0.0,41-60
ZRX/USDT,2026-06-13 13:25:00+00:00,0.0901,0.0899,SessionHigh,SessionHigh,0.999568,1.429e-05,11,bearish_break_level,-1.553829,11-20
