symbol,swing_bars,date,entry,entry_level,entry_lvl_type,exit_lvl_type,psi_in,bars_held,exit_type,ret_pct,hold_bin
1INCH/USDT,10,2026-06-05 17:30:00+00:00,0.0697,0.0688,SwingHigh,SwingHigh,0.967071,11,bearish_break,-4.878049,11-20
1INCH/USDT,10,2026-06-05 19:20:00+00:00,0.0669,0.0663,SwingLow,,0.854704,60,time_stop,3.139013,41-60
AAVE/USDT,10,2026-06-02 03:00:00+00:00,79.43,77.73,SwingHigh,,0.866936,60,time_stop,-2.240967,41-60
AAVE/USDT,10,2026-06-02 22:10:00+00:00,76.48,74.56,SwingLow,,0.911162,60,time_stop,-1.987448,41-60
AAVE/USDT,10,2026-06-03 06:45:00+00:00,76.17,74.72,SwingLow,SwingHigh,0.900276,43,bearish_break,0.065643,41-60
AAVE/USDT,10,2026-06-12 03:00:00+00:00,64.61,64.07,SwingLow,,0.846717,60,time_stop,0.866739,41-60
AAVE/USDT,10,2026-06-13 21:40:00+00:00,66.83,66.74,SwingLow,,0.96767,60,time_stop,0.164597,41-60
ADA/USDT,10,2026-06-02 03:15:00+00:00,0.22828,0.2279,SwingLow,SwingLow,0.713215,4,bearish_break,-0.367969,3-5
ADA/USDT,10,2026-06-02 04:00:00+00:00,0.22846,0.2279,SwingLow,,0.709913,60,time_stop,-1.834019,41-60
ADA/USDT,10,2026-06-02 08:25:00+00:00,0.22438,0.22404,SwingLow,SwingLow,0.719818,43,bearish_break,-0.632855,41-60
ADA/USDT,10,2026-06-02 10:55:00+00:00,0.22457,0.22404,SwingLow,SwingLow,0.722629,13,bearish_break,-0.716926,11-20
ADA/USDT,10,2026-06-04 07:30:00+00:00,0.19643,0.19593,SwingLow,,0.748815,60,time_stop,-2.138166,41-60
ADA/USDT,10,2026-06-04 11:45:00+00:00,0.18947,0.18876,SwingLow,SwingLow,0.734663,28,bearish_break,-0.480287,21-40
ADA/USDT,10,2026-06-04 12:15:00+00:00,0.18926,0.18876,SwingLow,SwingLow,0.780422,22,bearish_break,-0.369862,21-40
ADA/USDT,10,2026-06-04 17:30:00+00:00,0.18863,0.18693,SwingLow,SwingLow,0.71123,8,bearish_break,-1.001962,6-10
ADA/USDT,10,2026-06-04 18:20:00+00:00,0.18807,0.18693,SwingLow,SwingHigh,0.716136,9,bearish_break,-0.552986,6-10
ADA/USDT,10,2026-06-04 22:40:00+00:00,0.18084,0.18046,SwingLow,,0.680237,60,time_stop,-11.004203,41-60
ADA/USDT,10,2026-06-05 11:35:00+00:00,0.16394,0.16341,SwingHigh,SwingLow,0.758658,42,bearish_break,-2.860803,41-60
ADA/USDT,10,2026-06-05 13:10:00+00:00,0.16401,0.16341,SwingHigh,SwingLow,0.696928,23,bearish_break,-2.902262,21-40
ADA/USDT,10,2026-06-05 19:45:00+00:00,0.16171,0.15882,SwingHigh,SwingLow,0.757939,2,bearish_break,-0.735885,1-2
ADA/USDT,10,2026-06-05 20:15:00+00:00,0.16146,0.16061,SwingHigh,SwingHigh,0.730435,22,bearish_break,-1.36876,21-40
ADA/USDT,10,2026-06-05 21:50:00+00:00,0.16386,0.16338,SwingLow,SwingHigh,0.72655,3,bearish_break,-2.813377,3-5
ADA/USDT,10,2026-06-05 22:15:00+00:00,0.16061,0.15925,SwingLow,SwingHigh,0.702439,1,bearish_break,-0.379802,1-2
ADA/USDT,10,2026-06-05 22:35:00+00:00,0.16061,0.15925,SwingLow,SwingHigh,0.701412,2,bearish_break,-0.217919,1-2
ADA/USDT,10,2026-06-06 00:30:00+00:00,0.16045,0.15925,SwingLow,SwingHigh,0.729337,9,bearish_break,0.09972,6-10
ADA/USDT,10,2026-06-06 05:30:00+00:00,0.15328,0.15259,SwingLow,,0.722535,60,time_stop,0.835073,41-60
ADA/USDT,10,2026-06-06 22:15:00+00:00,0.15695,0.15655,SwingHigh,SwingHigh,0.702538,5,bearish_break,-0.605288,3-5
ADA/USDT,10,2026-06-07 04:40:00+00:00,0.16216,0.16165,SwingHigh,SwingHigh,0.699296,8,bearish_break,-0.72151,6-10
ADA/USDT,10,2026-06-07 04:55:00+00:00,0.16282,0.16165,SwingHigh,SwingHigh,0.692735,5,bearish_break,-1.123941,3-5
ADA/USDT,10,2026-06-07 17:00:00+00:00,0.16275,0.16236,SwingLow,SwingLow,0.709326,23,bearish_break,-0.466974,21-40
ADA/USDT,10,2026-06-08 01:35:00+00:00,0.16256,0.16215,SwingHigh,SwingHigh,0.700162,22,bearish_break,0.504429,21-40
ADA/USDT,10,2026-06-08 12:55:00+00:00,0.16762,0.16704,SwingHigh,SwingHigh,0.722402,6,bearish_break,-0.847154,6-10
ADA/USDT,10,2026-06-08 16:05:00+00:00,0.17023,0.16965,SwingHigh,,0.712275,60,time_stop,1.080891,41-60
ADA/USDT,10,2026-06-08 17:25:00+00:00,0.16871,0.16704,SwingHigh,SwingHigh,0.704651,56,bearish_break,1.630016,41-60
ADA/USDT,10,2026-06-08 22:50:00+00:00,0.172,0.17175,SwingHigh,,0.710848,60,time_stop,-3.395349,41-60
ADA/USDT,10,2026-06-09 01:45:00+00:00,0.16682,0.16656,SwingLow,SwingLow,0.700222,32,bearish_break,-0.46757,21-40
ADA/USDT,10,2026-06-09 01:55:00+00:00,0.16684,0.16656,SwingLow,SwingLow,0.708706,30,bearish_break,-0.479501,21-40
ADA/USDT,10,2026-06-09 08:50:00+00:00,0.16945,0.16923,SwingLow,SwingLow,0.743064,6,bearish_break,-0.182945,6-10
ADA/USDT,10,2026-06-10 01:00:00+00:00,0.16664,0.16636,SwingLow,SwingLow,0.710248,8,bearish_break,-1.026164,6-10
ADA/USDT,10,2026-06-10 12:30:00+00:00,0.16284,0.16,SwingLow,SwingHigh,0.75191,50,bearish_break,0.067551,41-60
ADA/USDT,10,2026-06-10 14:40:00+00:00,0.16364,0.16304,SwingHigh,SwingHigh,0.712419,24,bearish_break,-0.421657,21-40
ADA/USDT,10,2026-06-10 18:55:00+00:00,0.16445,0.16338,SwingHigh,SwingHigh,0.728293,23,bearish_break,-2.547887,21-40
ADA/USDT,10,2026-06-10 22:40:00+00:00,0.16114,0.16061,SwingHigh,SwingHigh,0.686502,12,bearish_break,-0.111704,11-20
ADA/USDT,10,2026-06-11 00:40:00+00:00,0.16145,0.16124,SwingHigh,,0.71903,60,time_stop,2.73769,41-60
ADA/USDT,10,2026-06-11 15:20:00+00:00,0.16647,0.16626,SwingHigh,SwingLow,0.812134,37,bearish_break,1.555836,21-40
ADA/USDT,10,2026-06-11 23:40:00+00:00,0.17183,0.17106,SwingLow,,0.71024,60,time_stop,0.308444,41-60
ADA/USDT,10,2026-06-12 02:35:00+00:00,0.17155,0.17086,SwingLow,SwingHigh,0.741509,34,bearish_break,-0.227339,21-40
ADA/USDT,10,2026-06-12 08:55:00+00:00,0.17056,0.16929,SwingHigh,SwingHigh,0.745052,15,bearish_break,0.527674,11-20
ADA/USDT,10,2026-06-12 16:55:00+00:00,0.1734,0.17258,SwingLow,SwingHigh,0.79996,14,bearish_break,-1.470588,11-20
ADA/USDT,10,2026-06-12 23:40:00+00:00,0.16958,0.16902,SwingHigh,,0.682845,60,time_stop,0.636868,41-60
ADA/USDT,10,2026-06-13 14:00:00+00:00,0.17409,0.17372,SwingHigh,SwingHigh,0.804839,47,bearish_break,-1.160319,41-60
ADA/USDT,10,2026-06-14 02:15:00+00:00,0.17365,0.17298,SwingHigh,SwingHigh,0.72104,60,bearish_break,-1.347538,41-60
ADA/USDT,10,2026-06-14 06:25:00+00:00,0.17231,0.17198,SwingHigh,SwingHigh,0.790897,10,bearish_break,-0.580349,6-10
ALGO/USDT,10,2026-06-02 12:00:00+00:00,0.11831,0.11788,SwingHigh,SwingLow,0.877333,40,bearish_break,-1.064999,21-40
ALGO/USDT,10,2026-06-05 02:00:00+00:00,0.10006,0.09984,SwingHigh,,0.796441,60,time_stop,-5.496702,41-60
ALGO/USDT,10,2026-06-05 20:30:00+00:00,0.09364,0.09058,SwingHigh,,0.697153,60,time_stop,1.890218,41-60
ALGO/USDT,10,2026-06-07 06:20:00+00:00,0.09463,0.09376,SwingLow,,0.772415,60,time_stop,2.335412,41-60
ALGO/USDT,10,2026-06-10 00:10:00+00:00,0.09143,0.09094,SwingLow,,0.725564,60,time_stop,-0.929673,41-60
ALGO/USDT,10,2026-06-10 00:45:00+00:00,0.09123,0.09094,SwingLow,,0.747581,60,time_stop,-0.657678,41-60
ALGO/USDT,10,2026-06-10 10:45:00+00:00,0.08993,0.08955,SwingLow,SwingHigh,0.782423,54,bearish_break,-0.311353,41-60
ALGO/USDT,10,2026-06-10 12:30:00+00:00,0.09022,0.08955,SwingLow,SwingHigh,0.777766,33,bearish_break,-0.631789,21-40
ALGO/USDT,10,2026-06-10 15:20:00+00:00,0.08992,0.08964,SwingLow,SwingLow,0.713606,18,bearish_break,-0.478203,11-20
ALGO/USDT,10,2026-06-11 03:25:00+00:00,0.08813,0.08786,SwingHigh,,0.781033,60,time_stop,1.066606,41-60
ALGO/USDT,10,2026-06-11 05:00:00+00:00,0.08917,0.08867,SwingHigh,,0.800493,60,time_stop,0.078502,41-60
ALGO/USDT,10,2026-06-11 06:10:00+00:00,0.08907,0.08867,SwingHigh,,0.733844,60,time_stop,0.190861,41-60
ALGO/USDT,10,2026-06-12 08:35:00+00:00,0.0895,0.08767,SwingLow,,0.86925,60,time_stop,-0.938547,41-60
APE/USDT,10,2026-06-02 15:20:00+00:00,0.1457,0.1442,SwingLow,SwingLow,0.792383,3,bearish_break,-1.441318,3-5
APE/USDT,10,2026-06-03 21:50:00+00:00,0.1501,0.1479,SwingLow,SwingLow,0.778882,31,bearish_break,-2.931379,21-40
APE/USDT,10,2026-06-04 05:35:00+00:00,0.1376,0.1369,SwingLow,SwingLow,0.788008,20,bearish_break,-1.744186,11-20
APE/USDT,10,2026-06-05 21:00:00+00:00,0.1279,0.1259,SwingLow,,0.734915,60,time_stop,-3.283815,41-60
APE/USDT,10,2026-06-09 05:30:00+00:00,0.1254,0.1235,SwingLow,,0.700482,60,time_stop,-1.515152,41-60
APT/USDT,10,2026-06-06 08:15:00+00:00,1.009,0.652,SwingHigh,SwingHigh,0.724117,25,bearish_break,-36.570862,21-40
APT/USDT,10,2026-06-06 09:20:00+00:00,0.66,0.655,SwingHigh,SwingHigh,0.845507,12,bearish_break,-3.030303,11-20
APT/USDT,10,2026-06-08 12:05:00+00:00,0.679,0.673,SwingLow,,0.876927,60,time_stop,0.736377,41-60
APT/USDT,10,2026-06-10 12:30:00+00:00,0.643,0.638,SwingLow,,0.853546,60,time_stop,0.0,41-60
ARB/USDT,10,2026-06-03 04:55:00+00:00,0.0918,0.0911,SwingLow,,0.810828,60,time_stop,4.248366,41-60
ARB/USDT,10,2026-06-05 09:15:00+00:00,0.0849,0.0842,SwingLow,,0.800193,60,time_stop,-3.180212,41-60
ARB/USDT,10,2026-06-13 23:00:00+00:00,0.0849,0.0847,SwingLow,SwingLow,0.848355,47,bearish_break,-1.766784,41-60
ATOM/USDT,10,2026-06-02 00:35:00+00:00,1.936,1.909,SwingLow,SwingHigh,0.736528,8,bearish_break,-2.530992,6-10
ATOM/USDT,10,2026-06-02 08:30:00+00:00,1.885,1.863,SwingLow,SwingHigh,0.734596,47,bearish_break,0.583554,41-60
ATOM/USDT,10,2026-06-02 20:35:00+00:00,1.859,1.793,SwingLow,SwingLow,0.704269,34,bearish_break,-2.097902,21-40
ATOM/USDT,10,2026-06-03 00:25:00+00:00,1.849,1.847,SwingLow,SwingLow,0.709741,26,bearish_break,-0.919416,21-40
ATOM/USDT,10,2026-06-03 08:50:00+00:00,1.907,1.891,SwingLow,SwingHigh,0.754488,14,bearish_break,-0.786576,11-20
ATOM/USDT,10,2026-06-03 11:50:00+00:00,1.913,1.88,SwingLow,SwingLow,0.709276,58,bearish_break,-1.725039,41-60
ATOM/USDT,10,2026-06-03 15:20:00+00:00,1.889,1.887,SwingLow,SwingLow,0.754136,16,bearish_break,-0.476443,11-20
ATOM/USDT,10,2026-06-04 04:10:00+00:00,1.87,1.84,SwingLow,SwingHigh,0.701427,6,bearish_break,-0.909091,6-10
ATOM/USDT,10,2026-06-04 12:20:00+00:00,1.773,1.705,SwingLow,,0.727769,60,time_stop,3.271292,41-60
ATOM/USDT,10,2026-06-04 23:05:00+00:00,1.818,1.797,SwingLow,SwingLow,0.817884,25,bearish_break,-2.090209,21-40
ATOM/USDT,10,2026-06-05 00:30:00+00:00,1.811,1.797,SwingLow,SwingLow,0.711895,8,bearish_break,-1.711761,6-10
ATOM/USDT,10,2026-06-05 01:30:00+00:00,1.798,1.789,SwingHigh,SwingLow,0.68522,5,bearish_break,-0.278087,3-5
ATOM/USDT,10,2026-06-05 04:50:00+00:00,1.815,1.789,SwingHigh,SwingHigh,0.757221,48,bearish_break,-5.564738,41-60
ATOM/USDT,10,2026-06-05 13:30:00+00:00,1.722,1.707,SwingLow,SwingLow,0.757766,58,bearish_break,-4.645761,41-60
ATOM/USDT,10,2026-06-06 07:10:00+00:00,1.641,1.602,SwingLow,,0.720484,60,time_stop,-1.157831,41-60
ATOM/USDT,10,2026-06-06 21:40:00+00:00,1.63,1.628,SwingLow,,0.866371,60,time_stop,2.699387,41-60
ATOM/USDT,10,2026-06-07 00:15:00+00:00,1.621,1.607,SwingLow,,0.815614,60,time_stop,3.269587,41-60
ATOM/USDT,10,2026-06-08 02:00:00+00:00,1.721,1.706,SwingHigh,SwingLow,0.752418,44,bearish_break,-0.871586,41-60
ATOM/USDT,10,2026-06-08 06:00:00+00:00,1.715,1.706,SwingHigh,,0.723479,60,time_stop,1.516035,41-60
ATOM/USDT,10,2026-06-09 04:40:00+00:00,1.752,1.729,SwingLow,,0.725786,60,time_stop,0.513699,41-60
ATOM/USDT,10,2026-06-10 15:20:00+00:00,1.811,1.778,SwingLow,,0.764462,60,time_stop,-1.325235,41-60
ATOM/USDT,10,2026-06-13 01:10:00+00:00,2.032,1.994,SwingLow,,0.812985,60,time_stop,-0.836614,41-60
ATOM/USDT,10,2026-06-14 01:15:00+00:00,1.947,1.925,SwingHigh,,0.769968,60,time_stop,-1.386749,41-60
ATOM/USDT,10,2026-06-14 04:35:00+00:00,1.941,1.925,SwingHigh,,0.740982,60,time_stop,0.05152,41-60
AUDIO/USDT,10,2026-06-12 19:35:00+00:00,0.01577,0.01575,SwingLow,,0.868531,60,time_stop,0.0,41-60
AUDIO/USDT,10,2026-06-13 09:20:00+00:00,0.01189,0.00989,SwingLow,,0.900878,60,time_stop,0.0,41-60
AVAX/USDT,10,2026-06-04 16:40:00+00:00,7.777,7.758,SwingHigh,SwingLow,0.716878,11,bearish_break,-0.848656,11-20
AVAX/USDT,10,2026-06-04 23:35:00+00:00,7.665,7.62,SwingLow,SwingLow,0.718815,30,bearish_break,-0.704501,21-40
AVAX/USDT,10,2026-06-05 10:00:00+00:00,7.264,7.211,SwingLow,SwingLow,0.717525,3,bearish_break,-1.335352,3-5
AVAX/USDT,10,2026-06-05 13:30:00+00:00,7.21,7.199,SwingLow,SwingLow,0.713205,1,bearish_break,-0.596394,1-2
AVAX/USDT,10,2026-06-06 14:00:00+00:00,6.791,6.762,SwingLow,,0.723472,60,time_stop,-2.370785,41-60
AVAX/USDT,10,2026-06-06 14:10:00+00:00,6.831,6.791,SwingHigh,,0.71397,60,time_stop,-2.459376,41-60
AVAX/USDT,10,2026-06-06 22:45:00+00:00,6.637,6.62,SwingLow,SwingHigh,0.720491,26,bearish_break,0.376676,21-40
AVAX/USDT,10,2026-06-07 13:10:00+00:00,6.654,6.638,SwingLow,,0.70733,60,time_stop,0.886685,41-60
AVAX/USDT,10,2026-06-07 21:10:00+00:00,6.621,6.591,SwingLow,SwingHigh,0.759949,25,bearish_break,1.903036,21-40
AVAX/USDT,10,2026-06-07 22:05:00+00:00,6.637,6.616,SwingHigh,SwingHigh,0.709627,14,bearish_break,1.657375,11-20
AVAX/USDT,10,2026-06-08 00:25:00+00:00,6.807,6.777,SwingHigh,SwingLow,0.735993,8,bearish_break,-0.837373,6-10
AVAX/USDT,10,2026-06-09 03:35:00+00:00,6.637,6.63,SwingLow,SwingHigh,0.709483,54,bearish_break,1.099895,41-60
AVAX/USDT,10,2026-06-09 03:50:00+00:00,6.65,6.643,SwingHigh,SwingHigh,0.758293,51,bearish_break,0.902256,41-60
AVAX/USDT,10,2026-06-09 07:05:00+00:00,6.775,6.762,SwingHigh,SwingHigh,0.770767,12,bearish_break,-0.95941,11-20
AVAX/USDT,10,2026-06-09 19:30:00+00:00,6.67,6.65,SwingHigh,SwingHigh,0.700798,42,bearish_break,-0.734633,41-60
AVAX/USDT,10,2026-06-09 20:15:00+00:00,6.698,6.65,SwingHigh,SwingHigh,0.701918,33,bearish_break,-1.149597,21-40
AVAX/USDT,10,2026-06-10 15:30:00+00:00,6.587,6.551,SwingHigh,SwingHigh,0.686706,10,bearish_break,-0.743889,6-10
AVAX/USDT,10,2026-06-10 15:50:00+00:00,6.591,6.551,SwingHigh,SwingHigh,0.699539,6,bearish_break,-0.804127,6-10
AVAX/USDT,10,2026-06-10 17:50:00+00:00,6.49,6.474,SwingLow,SwingLow,0.699212,12,bearish_break,0.1849,11-20
AVAX/USDT,10,2026-06-10 18:30:00+00:00,6.537,6.522,SwingHigh,SwingLow,0.717155,4,bearish_break,-0.535414,3-5
AVAX/USDT,10,2026-06-10 19:30:00+00:00,6.492,6.474,SwingLow,,0.707804,60,time_stop,-1.124461,41-60
AVAX/USDT,10,2026-06-11 13:45:00+00:00,6.597,6.548,SwingLow,SwingLow,0.753283,6,bearish_break,-0.985296,6-10
AVAX/USDT,10,2026-06-11 14:50:00+00:00,6.583,6.563,SwingLow,SwingLow,0.748964,2,bearish_break,-0.94182,1-2
AVAX/USDT,10,2026-06-11 17:30:00+00:00,6.65,6.558,SwingHigh,SwingLow,0.748207,21,bearish_break,0.090226,21-40
AVAX/USDT,10,2026-06-11 19:30:00+00:00,6.695,6.669,SwingLow,SwingLow,0.75186,11,bearish_break,-1.165049,11-20
AVAX/USDT,10,2026-06-12 02:40:00+00:00,6.674,6.652,SwingLow,SwingLow,0.717182,30,bearish_break,-0.629308,21-40
AVAX/USDT,10,2026-06-12 04:15:00+00:00,6.67,6.652,SwingLow,SwingLow,0.811439,11,bearish_break,-0.569715,11-20
AVAX/USDT,10,2026-06-12 07:55:00+00:00,6.583,6.555,SwingLow,,0.702581,60,time_stop,0.486101,41-60
AVAX/USDT,10,2026-06-13 12:15:00+00:00,6.68,6.67,SwingLow,SwingHigh,0.754892,20,bearish_break,-0.179641,11-20
AVAX/USDT,10,2026-06-13 12:55:00+00:00,6.691,6.67,SwingLow,SwingHigh,0.728792,12,bearish_break,-0.343745,11-20
AVAX/USDT,10,2026-06-13 15:00:00+00:00,6.685,6.67,SwingLow,,0.760834,60,time_stop,0.598355,41-60
AVAX/USDT,10,2026-06-13 15:10:00+00:00,6.717,6.679,SwingHigh,,0.70358,60,time_stop,0.119101,41-60
AVAX/USDT,10,2026-06-13 23:10:00+00:00,6.729,6.722,SwingLow,SwingLow,0.7157,11,bearish_break,-0.208055,11-20
AVAX/USDT,10,2026-06-14 16:10:00+00:00,6.532,6.517,SwingLow,SwingHigh,0.761902,14,bearish_break,-0.260257,11-20
BAT/USDT,10,2026-06-09 03:45:00+00:00,0.0947,0.0937,SwingLow,,0.745429,60,time_stop,0.0,41-60
BCH/USDT,10,2026-06-01 23:00:00+00:00,291.8,290.6,SwingLow,SwingLow,0.721687,34,bearish_break,-0.685401,21-40
BCH/USDT,10,2026-06-02 03:55:00+00:00,291.8,291.5,SwingLow,SwingHigh,0.745117,17,bearish_break,-0.651131,11-20
BCH/USDT,10,2026-06-03 04:35:00+00:00,246.8,246.5,SwingLow,SwingHigh,0.717819,20,bearish_break,2.633712,11-20
BCH/USDT,10,2026-06-03 18:50:00+00:00,250.6,247.2,SwingLow,SwingHigh,0.746573,7,bearish_break,-2.952913,6-10
BCH/USDT,10,2026-06-04 02:45:00+00:00,243.3,240.3,SwingHigh,,0.794202,60,time_stop,0.041102,41-60
BCH/USDT,10,2026-06-04 02:55:00+00:00,243.2,242.8,SwingLow,,0.719962,60,time_stop,0.411184,41-60
BCH/USDT,10,2026-06-05 14:20:00+00:00,220.5,215.0,SwingHigh,,0.742611,60,time_stop,-4.761905,41-60
BCH/USDT,10,2026-06-07 04:30:00+00:00,222.2,217.9,SwingLow,,0.745115,60,time_stop,2.070207,41-60
BCH/USDT,10,2026-06-08 00:35:00+00:00,231.6,230.3,SwingHigh,,0.798646,60,time_stop,-4.663212,41-60
BCH/USDT,10,2026-06-08 02:30:00+00:00,223.5,221.9,SwingLow,,0.731634,60,time_stop,-1.163311,41-60
BCH/USDT,10,2026-06-08 06:10:00+00:00,223.3,220.8,SwingHigh,SwingHigh,0.721399,17,bearish_break,-2.955665,11-20
BCH/USDT,10,2026-06-08 20:50:00+00:00,212.5,209.9,SwingHigh,,0.760767,60,time_stop,-3.152941,41-60
BCH/USDT,10,2026-06-09 18:35:00+00:00,204.0,203.3,SwingLow,,0.832956,60,time_stop,-0.245098,41-60
BCH/USDT,10,2026-06-11 13:25:00+00:00,200.8,199.4,SwingLow,SwingHigh,0.877086,13,bearish_break,-0.249004,11-20
BCH/USDT,10,2026-06-11 16:20:00+00:00,200.3,199.4,SwingLow,,0.860783,60,time_stop,1.847229,41-60
BCH/USDT,10,2026-06-11 23:40:00+00:00,206.0,205.6,SwingHigh,SwingHigh,0.788657,16,bearish_break,-0.582524,11-20
BNB/USDT,10,2026-06-02 18:05:00+00:00,666.79,665.53,SwingHigh,SwingLow,0.72315,3,bearish_break,-0.178467,3-5
BNB/USDT,10,2026-06-04 03:00:00+00:00,611.9,609.04,SwingLow,SwingHigh,0.70514,22,bearish_break,0.581794,21-40
BNB/USDT,10,2026-06-04 09:45:00+00:00,595.22,594.47,SwingHigh,SwingHigh,0.731011,8,bearish_break,-0.235207,6-10
BNB/USDT,10,2026-06-04 11:55:00+00:00,595.26,594.47,SwingHigh,SwingLow,0.733009,17,bearish_break,0.408225,11-20
BNB/USDT,10,2026-06-04 13:55:00+00:00,603.93,602.06,SwingLow,SwingHigh,0.710207,27,bearish_break,0.22188,21-40
BNB/USDT,10,2026-06-04 19:25:00+00:00,608.96,606.72,SwingHigh,SwingHigh,0.730006,8,bearish_break,-0.858841,6-10
BNB/USDT,10,2026-06-04 23:50:00+00:00,605.21,599.95,SwingHigh,SwingHigh,0.698469,16,bearish_break,-1.031047,11-20
BNB/USDT,10,2026-06-05 01:30:00+00:00,601.89,599.95,SwingHigh,SwingLow,0.7294,8,bearish_break,-0.136238,6-10
BNB/USDT,10,2026-06-05 04:10:00+00:00,597.88,594.06,SwingLow,,0.705702,60,time_stop,-1.264468,41-60
BNB/USDT,10,2026-06-05 04:55:00+00:00,601.01,600.07,SwingHigh,,0.72733,60,time_stop,-0.780353,41-60
BNB/USDT,10,2026-06-05 10:50:00+00:00,592.16,591.2,SwingHigh,SwingHigh,0.730845,4,bearish_break,-0.320859,3-5
BNB/USDT,10,2026-06-05 14:15:00+00:00,589.92,586.8,SwingHigh,SwingHigh,0.73592,6,bearish_break,-0.957757,6-10
BNB/USDT,10,2026-06-06 01:30:00+00:00,579.28,576.77,SwingHigh,SwingLow,0.718442,3,bearish_break,-0.452286,3-5
BNB/USDT,10,2026-06-06 06:00:00+00:00,578.5,576.54,SwingLow,SwingHigh,0.728593,45,bearish_break,-0.321521,41-60
BNB/USDT,10,2026-06-06 08:25:00+00:00,583.3,576.54,SwingLow,SwingHigh,0.738761,16,bearish_break,-1.14178,11-20
BNB/USDT,10,2026-06-06 15:45:00+00:00,575.87,573.42,SwingHigh,SwingHigh,0.715505,14,bearish_break,-0.321253,11-20
BNB/USDT,10,2026-06-06 16:45:00+00:00,574.29,573.42,SwingHigh,SwingHigh,0.72946,2,bearish_break,-0.047015,1-2
BNB/USDT,10,2026-06-06 18:30:00+00:00,574.66,573.42,SwingHigh,SwingHigh,0.735951,4,bearish_break,-0.165315,3-5
BNB/USDT,10,2026-06-06 18:55:00+00:00,574.18,573.42,SwingHigh,SwingHigh,0.775263,13,bearish_break,-0.15152,11-20
BNB/USDT,10,2026-06-06 19:05:00+00:00,575.02,574.02,SwingHigh,SwingHigh,0.770813,11,bearish_break,-0.297381,11-20
BNB/USDT,10,2026-06-06 20:10:00+00:00,573.99,573.31,SwingHigh,,0.736131,60,time_stop,0.831025,41-60
BNB/USDT,10,2026-06-06 20:45:00+00:00,575.5,574.47,SwingLow,,0.735566,60,time_stop,0.596003,41-60
BNB/USDT,10,2026-06-06 23:05:00+00:00,573.93,573.31,SwingHigh,SwingLow,0.725275,40,bearish_break,0.604603,21-40
BNB/USDT,10,2026-06-06 23:35:00+00:00,574.65,573.31,SwingHigh,SwingLow,0.715167,34,bearish_break,0.478552,21-40
BNB/USDT,10,2026-06-07 02:05:00+00:00,580.71,578.76,SwingLow,SwingLow,0.718809,4,bearish_break,-0.569992,3-5
BNB/USDT,10,2026-06-07 11:05:00+00:00,594.49,592.2,SwingLow,SwingHigh,0.708816,13,bearish_break,-1.118606,11-20
BNB/USDT,10,2026-06-08 09:05:00+00:00,598.28,597.64,SwingLow,SwingLow,0.741179,16,bearish_break,-0.145417,11-20
BNB/USDT,10,2026-06-08 10:00:00+00:00,599.94,597.64,SwingLow,SwingLow,0.70388,5,bearish_break,-0.421709,3-5
BNB/USDT,10,2026-06-08 12:35:00+00:00,601.49,599.32,SwingHigh,SwingLow,0.716064,12,bearish_break,-0.116378,11-20
BNB/USDT,10,2026-06-08 14:15:00+00:00,601.53,600.4,SwingHigh,SwingLow,0.747369,1,bearish_break,-0.076472,1-2
BNB/USDT,10,2026-06-08 14:30:00+00:00,601.84,600.4,SwingHigh,SwingLow,0.721965,57,bearish_break,0.810847,41-60
BNB/USDT,10,2026-06-09 05:25:00+00:00,603.9,602.81,SwingLow,SwingLow,0.727911,49,bearish_break,-0.632555,41-60
BNB/USDT,10,2026-06-09 06:05:00+00:00,604.25,602.81,SwingLow,SwingLow,0.734461,41,bearish_break,-0.690112,41-60
BNB/USDT,10,2026-06-09 18:15:00+00:00,593.86,592.4,SwingHigh,,0.713826,60,time_stop,-0.074092,41-60
BNB/USDT,10,2026-06-10 07:10:00+00:00,587.43,585.89,SwingHigh,SwingHigh,0.733773,16,bearish_break,-0.35068,11-20
BNB/USDT,10,2026-06-10 07:35:00+00:00,589.34,587.78,SwingHigh,SwingHigh,0.723852,11,bearish_break,-0.673635,11-20
BNB/USDT,10,2026-06-10 23:30:00+00:00,586.53,583.46,SwingLow,SwingLow,0.725692,13,bearish_break,0.354628,11-20
BNB/USDT,10,2026-06-11 03:30:00+00:00,593.86,591.99,SwingLow,SwingHigh,0.712877,18,bearish_break,0.021891,11-20
BNB/USDT,10,2026-06-11 06:15:00+00:00,596.39,595.09,SwingHigh,SwingLow,0.730239,48,bearish_break,0.487936,41-60
BNB/USDT,10,2026-06-11 07:55:00+00:00,598.07,595.78,SwingHigh,SwingLow,0.711848,28,bearish_break,0.205662,21-40
BNB/USDT,10,2026-06-11 11:50:00+00:00,601.78,599.11,SwingHigh,SwingLow,0.708017,8,bearish_break,-0.578284,6-10
BNB/USDT,10,2026-06-11 12:55:00+00:00,600.11,599.11,SwingHigh,SwingLow,0.7376,5,bearish_break,-0.051657,3-5
BNB/USDT,10,2026-06-11 13:45:00+00:00,601.83,599.11,SwingHigh,SwingHigh,0.723815,6,bearish_break,-0.563282,6-10
BNB/USDT,10,2026-06-11 16:30:00+00:00,599.53,598.51,SwingLow,SwingLow,0.738091,4,bearish_break,-0.155122,3-5
BNB/USDT,10,2026-06-11 17:30:00+00:00,602.79,598.51,SwingLow,SwingLow,0.704538,33,bearish_break,0.074653,21-40
BNB/USDT,10,2026-06-12 00:30:00+00:00,605.23,604.18,SwingLow,SwingLow,0.706,10,bearish_break,-0.351932,6-10
BNB/USDT,10,2026-06-12 00:35:00+00:00,605.28,604.63,SwingLow,SwingLow,0.71653,9,bearish_break,-0.360164,6-10
BNB/USDT,10,2026-06-12 11:20:00+00:00,607.17,606.23,SwingHigh,SwingLow,0.729609,3,bearish_break,-0.135053,3-5
BNB/USDT,10,2026-06-12 14:25:00+00:00,608.03,606.23,SwingHigh,SwingLow,0.686147,18,bearish_break,-0.386494,11-20
BNB/USDT,10,2026-06-12 14:35:00+00:00,609.46,608.21,SwingLow,SwingLow,0.686056,16,bearish_break,-0.620221,11-20
BNB/USDT,10,2026-06-12 15:00:00+00:00,610.67,609.46,SwingLow,SwingLow,0.707237,11,bearish_break,-0.817135,11-20
BNB/USDT,10,2026-06-12 16:40:00+00:00,608.06,606.72,SwingLow,SwingLow,0.711668,7,bearish_break,-0.128277,6-10
BNB/USDT,10,2026-06-12 18:10:00+00:00,607.46,606.72,SwingLow,SwingHigh,0.71573,2,bearish_break,-0.243637,1-2
BNB/USDT,10,2026-06-13 10:15:00+00:00,604.1,603.37,SwingHigh,,0.776768,60,time_stop,1.023009,41-60
BNB/USDT,10,2026-06-13 21:00:00+00:00,609.39,608.58,SwingLow,,0.714041,60,time_stop,0.109946,41-60
BNB/USDT,10,2026-06-13 21:35:00+00:00,609.28,608.58,SwingLow,,0.721855,60,time_stop,0.12802,41-60
BNB/USDT,10,2026-06-13 23:40:00+00:00,610.03,609.16,SwingHigh,SwingLow,0.710411,60,bearish_break,-0.273757,41-60
BNB/USDT,10,2026-06-14 00:30:00+00:00,610.03,609.16,SwingHigh,SwingLow,0.727374,50,bearish_break,-0.273757,41-60
BNB/USDT,10,2026-06-14 01:10:00+00:00,610.5,609.16,SwingHigh,SwingLow,0.735369,42,bearish_break,-0.350532,41-60
BNB/USDT,10,2026-06-14 10:30:00+00:00,612.72,610.86,SwingHigh,SwingHigh,0.732438,10,bearish_break,-0.117509,6-10
BONK/USDT,10,2026-06-13 00:25:00+00:00,4.4e-06,4.39e-06,SwingHigh,,0.906329,60,time_stop,0.0,41-60
BTC/USDT,10,2026-06-01 19:50:00+00:00,71607.14,71500.0,SwingLow,SwingHigh,0.725303,12,bearish_break,-0.098677,11-20
BTC/USDT,10,2026-06-01 22:25:00+00:00,71317.36,71221.49,SwingHigh,SwingHigh,0.715583,3,bearish_break,-0.239857,3-5
BTC/USDT,10,2026-06-01 23:30:00+00:00,71338.07,71221.49,SwingHigh,SwingLow,0.777921,5,bearish_break,0.114217,3-5
BTC/USDT,10,2026-06-01 23:35:00+00:00,71531.61,71377.52,SwingLow,SwingLow,0.757124,4,bearish_break,-0.156658,3-5
BTC/USDT,10,2026-06-02 01:10:00+00:00,71379.69,71221.49,SwingHigh,SwingLow,0.739068,3,bearish_break,-0.16918,3-5
BTC/USDT,10,2026-06-02 05:10:00+00:00,70844.07,70668.46,SwingLow,SwingHigh,0.714998,5,bearish_break,-0.341652,3-5
BTC/USDT,10,2026-06-02 05:30:00+00:00,70707.14,70555.9,SwingHigh,SwingHigh,0.734118,1,bearish_break,-0.148655,1-2
BTC/USDT,10,2026-06-02 18:00:00+00:00,67536.61,67428.57,SwingLow,SwingHigh,0.709171,3,bearish_break,0.009876,3-5
BTC/USDT,10,2026-06-02 20:30:00+00:00,67298.47,66993.23,SwingLow,SwingHigh,0.718915,8,bearish_break,0.209039,6-10
BTC/USDT,10,2026-06-02 21:05:00+00:00,67651.34,67528.34,SwingHigh,SwingHigh,0.71062,1,bearish_break,-0.313652,1-2
BTC/USDT,10,2026-06-02 21:15:00+00:00,67703.23,67428.57,SwingLow,SwingHigh,0.734436,7,bearish_break,-0.227759,6-10
BTC/USDT,10,2026-06-02 22:20:00+00:00,67395.19,66993.23,SwingLow,SwingLow,0.710438,1,bearish_break,-0.08278,1-2
BTC/USDT,10,2026-06-03 02:35:00+00:00,66847.82,66723.47,SwingLow,SwingHigh,0.765445,1,bearish_break,-0.082635,1-2
BTC/USDT,10,2026-06-03 05:00:00+00:00,66947.18,66386.73,SwingLow,SwingLow,0.705273,37,bearish_break,0.394654,21-40
BTC/USDT,10,2026-06-03 05:40:00+00:00,67031.12,66878.35,SwingHigh,SwingLow,0.728157,29,bearish_break,0.268935,21-40
BTC/USDT,10,2026-06-03 10:35:00+00:00,67367.35,67279.67,SwingLow,SwingLow,0.785596,1,bearish_break,-0.188504,1-2
BTC/USDT,10,2026-06-03 11:15:00+00:00,67366.65,67235.53,SwingHigh,SwingLow,0.719006,3,bearish_break,-0.197783,3-5
BTC/USDT,10,2026-06-03 13:15:00+00:00,67216.5,67122.47,SwingHigh,SwingHigh,0.739884,2,bearish_break,-0.515915,1-2
BTC/USDT,10,2026-06-03 22:05:00+00:00,65587.32,65500.0,SwingLow,SwingLow,0.717594,58,bearish_break,-3.619145,41-60
BTC/USDT,10,2026-06-04 06:15:00+00:00,64376.49,64200.94,SwingLow,SwingLow,0.722919,7,bearish_break,-0.393249,6-10
BTC/USDT,10,2026-06-04 06:35:00+00:00,64356.61,64200.94,SwingLow,SwingLow,0.744113,3,bearish_break,-0.36248,3-5
BTC/USDT,10,2026-06-04 12:30:00+00:00,63537.54,63322.8,SwingLow,SwingLow,0.708987,10,bearish_break,-0.542183,6-10
BTC/USDT,10,2026-06-04 18:35:00+00:00,63964.44,63851.63,SwingHigh,SwingHigh,0.709022,1,bearish_break,-0.057219,1-2
BTC/USDT,10,2026-06-04 19:25:00+00:00,64125.53,64018.7,SwingHigh,SwingHigh,0.723838,3,bearish_break,-0.520448,3-5
BTC/USDT,10,2026-06-04 23:30:00+00:00,63623.07,63554.04,SwingHigh,SwingHigh,0.761625,17,bearish_break,-0.346384,11-20
BTC/USDT,10,2026-06-05 01:30:00+00:00,63448.75,63326.97,SwingHigh,SwingHigh,0.718278,1,bearish_break,-0.199263,1-2
BTC/USDT,10,2026-06-05 04:05:00+00:00,62927.26,62480.15,SwingLow,SwingLow,0.69276,5,bearish_break,0.284265,3-5
BTC/USDT,10,2026-06-05 04:55:00+00:00,63619.4,63326.97,SwingHigh,SwingHigh,0.710124,8,bearish_break,-0.795088,6-10
BTC/USDT,10,2026-06-05 07:35:00+00:00,62822.34,62480.15,SwingLow,SwingHigh,0.709335,6,bearish_break,-0.066648,6-10
BTC/USDT,10,2026-06-05 07:55:00+00:00,63007.38,62933.48,SwingHigh,SwingHigh,0.700429,2,bearish_break,-0.360132,1-2
BTC/USDT,10,2026-06-05 09:05:00+00:00,62740.2,62592.18,SwingHigh,SwingHigh,0.737781,10,bearish_break,0.179534,6-10
BTC/USDT,10,2026-06-05 09:25:00+00:00,63111.16,62933.48,SwingHigh,SwingHigh,0.725693,6,bearish_break,-0.40931,6-10
BTC/USDT,10,2026-06-05 13:30:00+00:00,62259.05,62133.29,SwingLow,,0.716576,60,time_stop,-3.276809,41-60
BTC/USDT,10,2026-06-05 20:40:00+00:00,61287.29,61200.28,SwingLow,SwingLow,0.725033,29,bearish_break,0.218577,21-40
BTC/USDT,10,2026-06-05 22:30:00+00:00,61610.69,61448.55,SwingHigh,SwingLow,0.75215,7,bearish_break,-0.307479,6-10
BTC/USDT,10,2026-06-05 23:50:00+00:00,60991.0,60823.61,SwingHigh,SwingHigh,0.731105,4,bearish_break,0.635159,3-5
BTC/USDT,10,2026-06-06 02:30:00+00:00,60934.7,60823.61,SwingHigh,SwingLow,0.736626,5,bearish_break,0.107164,3-5
BTC/USDT,10,2026-06-06 07:40:00+00:00,61060.82,60917.35,SwingHigh,SwingLow,0.753611,4,bearish_break,-0.277772,3-5
BTC/USDT,10,2026-06-06 08:10:00+00:00,61122.31,60917.35,SwingHigh,SwingLow,0.726238,22,bearish_break,-0.550372,21-40
BTC/USDT,10,2026-06-06 09:55:00+00:00,60993.63,60917.35,SwingHigh,SwingLow,0.720344,1,bearish_break,-0.34056,1-2
BTC/USDT,10,2026-06-06 12:05:00+00:00,61068.64,60966.57,SwingLow,SwingLow,0.711623,3,bearish_break,-0.281929,3-5
BTC/USDT,10,2026-06-06 12:30:00+00:00,60810.33,60728.58,SwingLow,SwingLow,0.73985,12,bearish_break,-0.087419,11-20
BTC/USDT,10,2026-06-06 12:40:00+00:00,60810.82,60728.58,SwingLow,SwingLow,0.729843,10,bearish_break,-0.088224,6-10
BTC/USDT,10,2026-06-06 13:05:00+00:00,61037.92,60967.83,SwingHigh,SwingLow,0.72768,5,bearish_break,-0.45996,3-5
BTC/USDT,10,2026-06-06 14:10:00+00:00,60961.04,60872.17,SwingHigh,SwingLow,0.749777,9,bearish_break,-0.263168,6-10
BTC/USDT,10,2026-06-06 15:40:00+00:00,60903.34,60728.58,SwingLow,SwingLow,0.710691,1,bearish_break,-0.098977,1-2
BTC/USDT,10,2026-06-06 17:30:00+00:00,60768.25,60614.29,SwingLow,SwingLow,0.717915,1,bearish_break,-0.180324,1-2
BTC/USDT,10,2026-06-06 19:05:00+00:00,60736.69,60614.29,SwingLow,SwingLow,0.695755,2,bearish_break,-0.08606,1-2
BTC/USDT,10,2026-06-06 19:45:00+00:00,60645.43,60578.46,SwingLow,SwingHigh,0.709587,28,bearish_break,-0.075752,21-40
BTC/USDT,10,2026-06-06 19:55:00+00:00,60674.07,60578.46,SwingLow,SwingHigh,0.720439,26,bearish_break,-0.122919,21-40
BTC/USDT,10,2026-06-06 20:30:00+00:00,60670.99,60578.46,SwingLow,SwingHigh,0.727152,19,bearish_break,-0.117849,11-20
BTC/USDT,10,2026-06-06 20:40:00+00:00,60714.21,60614.29,SwingLow,SwingHigh,0.747364,17,bearish_break,-0.188951,11-20
BTC/USDT,10,2026-06-06 20:45:00+00:00,60742.5,60674.07,SwingHigh,SwingHigh,0.744881,16,bearish_break,-0.235436,11-20
BTC/USDT,10,2026-06-06 22:10:00+00:00,60647.61,60578.46,SwingLow,SwingLow,0.719953,3,bearish_break,-0.321035,3-5
BTC/USDT,10,2026-06-06 22:15:00+00:00,60762.45,60614.29,SwingLow,SwingLow,0.717891,2,bearish_break,-0.509426,1-2
BTC/USDT,10,2026-06-07 01:00:00+00:00,61099.77,60740.38,SwingLow,SwingLow,0.705447,15,bearish_break,0.392424,11-20
BTC/USDT,10,2026-06-07 04:15:00+00:00,61632.88,61519.64,SwingLow,SwingLow,0.806377,15,bearish_break,0.027777,11-20
BTC/USDT,10,2026-06-07 06:20:00+00:00,61859.92,61790.78,SwingLow,SwingHigh,0.727333,41,bearish_break,0.959992,41-60
BTC/USDT,10,2026-06-07 07:30:00+00:00,62252.03,62162.99,SwingHigh,SwingHigh,0.733946,27,bearish_break,0.32407,21-40
BTC/USDT,10,2026-06-07 07:45:00+00:00,62242.23,62162.99,SwingHigh,SwingHigh,0.708611,24,bearish_break,0.339866,21-40
BTC/USDT,10,2026-06-07 14:20:00+00:00,62067.26,61823.71,SwingLow,SwingHigh,0.717804,41,bearish_break,0.177759,41-60
BTC/USDT,10,2026-06-07 16:10:00+00:00,62130.92,62011.99,SwingLow,SwingHigh,0.73118,19,bearish_break,0.075116,11-20
BTC/USDT,10,2026-06-07 18:30:00+00:00,62276.32,62213.98,SwingHigh,SwingHigh,0.729575,1,bearish_break,-0.093695,1-2
BTC/USDT,10,2026-06-07 20:05:00+00:00,61533.28,61447.11,SwingHigh,SwingLow,0.730628,21,bearish_break,0.257275,21-40
BTC/USDT,10,2026-06-07 21:10:00+00:00,61968.33,61769.14,SwingLow,SwingLow,0.724224,8,bearish_break,-0.446583,6-10
BTC/USDT,10,2026-06-07 22:10:00+00:00,63717.66,61871.54,SwingHigh,SwingLow,0.704765,13,bearish_break,-1.333524,11-20
BTC/USDT,10,2026-06-08 01:40:00+00:00,63120.45,63037.41,SwingLow,SwingLow,0.73196,4,bearish_break,-0.018885,3-5
BTC/USDT,10,2026-06-08 01:55:00+00:00,63180.52,63037.41,SwingLow,SwingLow,0.717925,1,bearish_break,-0.113943,1-2
BTC/USDT,10,2026-06-08 02:20:00+00:00,63146.79,63037.41,SwingLow,SwingLow,0.727731,1,bearish_break,-0.135003,1-2
BTC/USDT,10,2026-06-08 03:05:00+00:00,63256.42,63037.41,SwingLow,SwingLow,0.718896,6,bearish_break,-0.219092,6-10
BTC/USDT,10,2026-06-08 06:15:00+00:00,63150.2,63008.14,SwingHigh,SwingLow,0.741656,1,bearish_break,-0.215344,1-2
BTC/USDT,10,2026-06-08 07:10:00+00:00,63068.66,63000.0,SwingLow,SwingLow,0.781878,10,bearish_break,0.118331,6-10
BTC/USDT,10,2026-06-08 07:25:00+00:00,63239.9,63165.49,SwingHigh,SwingLow,0.741062,7,bearish_break,-0.152767,6-10
BTC/USDT,10,2026-06-08 07:45:00+00:00,63344.1,63201.02,SwingLow,SwingLow,0.723119,3,bearish_break,-0.317015,3-5
BTC/USDT,10,2026-06-08 08:30:00+00:00,63160.78,63029.52,SwingLow,SwingHigh,0.788087,3,bearish_break,-0.121769,3-5
BTC/USDT,10,2026-06-08 09:45:00+00:00,63482.83,63272.5,SwingLow,SwingHigh,0.731889,7,bearish_break,-0.472805,6-10
BTC/USDT,10,2026-06-08 11:10:00+00:00,63414.07,63272.5,SwingLow,SwingHigh,0.711146,10,bearish_break,-0.810656,6-10
BTC/USDT,10,2026-06-08 11:15:00+00:00,63548.39,63461.47,SwingHigh,SwingHigh,0.701414,9,bearish_break,-1.020309,6-10
BTC/USDT,10,2026-06-08 12:30:00+00:00,63232.24,63099.18,SwingHigh,SwingHigh,0.749601,21,bearish_break,0.890701,21-40
BTC/USDT,10,2026-06-08 12:40:00+00:00,63589.33,63461.47,SwingHigh,SwingHigh,0.702302,19,bearish_break,0.324142,11-20
BTC/USDT,10,2026-06-08 13:20:00+00:00,63814.26,63722.95,SwingLow,SwingHigh,0.703972,11,bearish_break,-0.029476,11-20
BTC/USDT,10,2026-06-08 14:05:00+00:00,63813.82,63722.95,SwingLow,SwingHigh,0.727578,2,bearish_break,-0.028787,1-2
BTC/USDT,10,2026-06-08 16:00:00+00:00,63860.31,63785.46,SwingLow,SwingHigh,0.720852,6,bearish_break,-0.213826,6-10
BTC/USDT,10,2026-06-08 16:15:00+00:00,63933.19,63866.55,SwingHigh,SwingHigh,0.742561,3,bearish_break,-0.327576,3-5
BTC/USDT,10,2026-06-08 17:25:00+00:00,63621.57,63478.65,SwingHigh,SwingHigh,0.74378,3,bearish_break,-0.384665,3-5
BTC/USDT,10,2026-06-08 19:30:00+00:00,63546.11,63478.65,SwingHigh,SwingHigh,0.744446,2,bearish_break,-0.092799,1-2
BTC/USDT,10,2026-06-08 19:45:00+00:00,63530.09,63434.9,SwingLow,SwingLow,0.70957,1,bearish_break,-0.07875,1-2
BTC/USDT,10,2026-06-08 21:00:00+00:00,63598.53,63478.65,SwingHigh,SwingLow,0.720898,13,bearish_break,-0.243732,11-20
BTC/USDT,10,2026-06-08 21:05:00+00:00,63771.72,63547.14,SwingLow,SwingLow,0.714959,12,bearish_break,-0.514648,11-20
BTC/USDT,10,2026-06-08 23:05:00+00:00,63596.95,63434.9,SwingLow,SwingLow,0.705404,2,bearish_break,-0.718698,1-2
BTC/USDT,10,2026-06-09 03:10:00+00:00,62928.7,62784.94,SwingLow,SwingLow,0.73396,4,bearish_break,-0.356086,3-5
BTC/USDT,10,2026-06-09 03:25:00+00:00,62827.23,62764.24,SwingHigh,SwingLow,0.72358,1,bearish_break,-0.195154,1-2
BTC/USDT,10,2026-06-09 04:05:00+00:00,62896.91,62784.94,SwingLow,SwingHigh,0.795118,4,bearish_break,-0.137002,3-5
BTC/USDT,10,2026-06-09 04:30:00+00:00,63173.13,62784.94,SwingLow,SwingHigh,0.701458,24,bearish_break,0.330045,21-40
BTC/USDT,10,2026-06-09 07:30:00+00:00,63174.81,62896.91,SwingHigh,SwingHigh,0.701577,18,bearish_break,-0.604038,11-20
BTC/USDT,10,2026-06-09 08:40:00+00:00,62992.1,62896.91,SwingHigh,SwingHigh,0.710819,4,bearish_break,-0.315738,3-5
BTC/USDT,10,2026-06-09 08:50:00+00:00,62971.72,62896.91,SwingHigh,SwingHigh,0.716423,2,bearish_break,-0.283476,1-2
BTC/USDT,10,2026-06-09 09:15:00+00:00,62893.19,62793.21,SwingLow,SwingLow,0.747824,3,bearish_break,-0.357638,3-5
BTC/USDT,10,2026-06-09 10:55:00+00:00,62775.34,62699.59,SwingLow,SwingLow,0.741585,1,bearish_break,-0.26297,1-2
BTC/USDT,10,2026-06-09 11:55:00+00:00,62731.66,62648.94,SwingHigh,SwingLow,0.743897,6,bearish_break,-0.1069,6-10
BTC/USDT,10,2026-06-09 12:00:00+00:00,62832.64,62699.59,SwingLow,SwingLow,0.742027,5,bearish_break,-0.267441,3-5
BTC/USDT,10,2026-06-09 12:15:00+00:00,62815.1,62743.64,SwingLow,SwingLow,0.716298,2,bearish_break,-0.239592,1-2
BTC/USDT,10,2026-06-09 16:45:00+00:00,61348.55,61227.17,SwingLow,SwingLow,0.691439,23,bearish_break,0.45561,21-40
BTC/USDT,10,2026-06-09 18:05:00+00:00,61821.85,61712.91,SwingLow,SwingLow,0.750909,7,bearish_break,-0.313465,6-10
BTC/USDT,10,2026-06-09 18:55:00+00:00,61799.31,61712.91,SwingLow,SwingHigh,0.710492,3,bearish_break,-0.021408,3-5
BTC/USDT,10,2026-06-09 19:20:00+00:00,61827.77,61751.82,SwingHigh,SwingHigh,0.727944,4,bearish_break,-0.029162,3-5
BTC/USDT,10,2026-06-09 21:35:00+00:00,61876.92,61751.82,SwingHigh,SwingHigh,0.730044,1,bearish_break,-0.059134,1-2
BTC/USDT,10,2026-06-09 23:15:00+00:00,61866.81,61782.03,SwingHigh,SwingHigh,0.725875,1,bearish_break,-0.175361,1-2
BTC/USDT,10,2026-06-10 00:55:00+00:00,61869.99,61782.03,SwingHigh,SwingHigh,0.696998,5,bearish_break,-0.20236,3-5
BTC/USDT,10,2026-06-10 01:30:00+00:00,61841.27,61778.35,SwingLow,SwingHigh,0.710426,1,bearish_break,-0.217832,1-2
BTC/USDT,10,2026-06-10 03:45:00+00:00,61561.29,61471.04,SwingLow,SwingLow,0.734515,9,bearish_break,-0.369745,6-10
BTC/USDT,10,2026-06-10 03:55:00+00:00,61567.04,61471.04,SwingLow,SwingLow,0.741734,7,bearish_break,-0.37905,6-10
BTC/USDT,10,2026-06-10 06:10:00+00:00,61387.18,61318.59,SwingLow,SwingLow,0.748197,2,bearish_break,-0.061902,1-2
BTC/USDT,10,2026-06-10 06:15:00+00:00,61464.97,61357.29,SwingHigh,SwingLow,0.774759,1,bearish_break,-0.188384,1-2
BTC/USDT,10,2026-06-10 06:40:00+00:00,61427.6,61357.29,SwingHigh,SwingLow,0.705229,17,bearish_break,0.210622,11-20
BTC/USDT,10,2026-06-10 07:00:00+00:00,61562.64,61471.04,SwingLow,SwingLow,0.736265,13,bearish_break,-0.009194,11-20
BTC/USDT,10,2026-06-10 07:15:00+00:00,61685.77,61471.04,SwingLow,SwingLow,0.720414,10,bearish_break,-0.208784,6-10
BTC/USDT,10,2026-06-10 07:30:00+00:00,61754.92,61622.33,SwingLow,SwingLow,0.719275,7,bearish_break,-0.320525,6-10
BTC/USDT,10,2026-06-10 09:35:00+00:00,61401.81,61318.59,SwingLow,SwingLow,0.697755,2,bearish_break,-0.284422,1-2
BTC/USDT,10,2026-06-10 12:30:00+00:00,61699.84,61167.4,SwingLow,SwingHigh,0.740746,5,bearish_break,-0.191621,3-5
BTC/USDT,10,2026-06-10 12:45:00+00:00,61745.56,61662.17,SwingHigh,SwingHigh,0.728109,2,bearish_break,-0.265525,1-2
BTC/USDT,10,2026-06-10 13:35:00+00:00,62174.16,61672.64,SwingLow,SwingLow,0.711066,38,bearish_break,-0.319409,21-40
BTC/USDT,10,2026-06-10 14:20:00+00:00,62140.01,61862.35,SwingLow,SwingLow,0.697998,29,bearish_break,-0.264628,21-40
BTC/USDT,10,2026-06-10 15:20:00+00:00,62274.17,62093.82,SwingHigh,SwingLow,0.735265,17,bearish_break,-0.479493,11-20
BTC/USDT,10,2026-06-10 15:40:00+00:00,62405.59,62287.13,SwingLow,SwingLow,0.72201,13,bearish_break,-0.689073,11-20
BTC/USDT,10,2026-06-10 15:50:00+00:00,62850.0,62287.13,SwingLow,SwingLow,0.712616,11,bearish_break,-1.391297,11-20
BTC/USDT,10,2026-06-10 16:30:00+00:00,62360.17,62287.13,SwingLow,SwingLow,0.740941,3,bearish_break,-0.61674,3-5
BTC/USDT,10,2026-06-10 16:55:00+00:00,62198.64,62093.82,SwingHigh,SwingHigh,0.718952,2,bearish_break,-0.082478,1-2
BTC/USDT,10,2026-06-10 17:55:00+00:00,61948.82,61862.35,SwingLow,SwingHigh,0.719584,3,bearish_break,0.003471,3-5
BTC/USDT,10,2026-06-10 19:35:00+00:00,62036.1,61940.23,SwingLow,SwingLow,0.707692,2,bearish_break,-0.138129,1-2
BTC/USDT,10,2026-06-10 23:15:00+00:00,61319.72,61199.12,SwingLow,SwingHigh,0.712191,13,bearish_break,0.824205,11-20
BTC/USDT,10,2026-06-11 00:10:00+00:00,61666.1,61540.06,SwingHigh,SwingHigh,0.741246,2,bearish_break,0.257873,1-2
BTC/USDT,10,2026-06-11 00:15:00+00:00,61901.82,61707.86,SwingLow,SwingHigh,0.770242,1,bearish_break,-0.123906,1-2
BTC/USDT,10,2026-06-11 01:10:00+00:00,62051.52,61918.71,SwingHigh,SwingHigh,0.712361,46,bearish_break,0.945424,41-60
BTC/USDT,10,2026-06-11 06:10:00+00:00,62793.82,62697.5,SwingHigh,SwingHigh,0.723694,10,bearish_break,-0.15113,6-10
BTC/USDT,10,2026-06-11 06:20:00+00:00,62988.25,62790.16,SwingHigh,SwingHigh,0.70889,8,bearish_break,-0.45934,6-10
BTC/USDT,10,2026-06-11 07:25:00+00:00,62762.84,62697.5,SwingHigh,SwingHigh,0.712443,2,bearish_break,-0.065293,1-2
BTC/USDT,10,2026-06-11 09:30:00+00:00,62913.72,62790.16,SwingHigh,SwingHigh,0.735114,9,bearish_break,-0.120896,6-10
BTC/USDT,10,2026-06-11 10:45:00+00:00,62970.41,62905.4,SwingLow,SwingLow,0.738478,15,bearish_break,0.085008,11-20
BTC/USDT,10,2026-06-11 10:50:00+00:00,63071.38,62913.72,SwingHigh,SwingLow,0.741118,14,bearish_break,-0.075216,11-20
BTC/USDT,10,2026-06-11 11:30:00+00:00,63203.98,63108.32,SwingLow,SwingLow,0.766017,6,bearish_break,-0.284855,6-10
BTC/USDT,10,2026-06-11 11:50:00+00:00,63193.08,63108.32,SwingLow,SwingLow,0.74844,2,bearish_break,-0.267656,1-2
BTC/USDT,10,2026-06-11 13:45:00+00:00,63073.36,62913.72,SwingHigh,SwingLow,0.703049,4,bearish_break,-0.260807,3-5
BTC/USDT,10,2026-06-11 13:50:00+00:00,63248.11,63108.32,SwingLow,SwingLow,0.716409,3,bearish_break,-0.53638,3-5
BTC/USDT,10,2026-06-11 14:20:00+00:00,62976.37,62829.87,SwingLow,SwingHigh,0.703202,2,bearish_break,-0.036395,1-2
BTC/USDT,10,2026-06-11 14:25:00+00:00,63013.86,62913.72,SwingHigh,SwingHigh,0.698526,1,bearish_break,-0.095868,1-2
BTC/USDT,10,2026-06-11 14:45:00+00:00,62910.95,62829.87,SwingLow,SwingHigh,0.764992,2,bearish_break,-0.25331,1-2
BTC/USDT,10,2026-06-11 14:50:00+00:00,62980.2,62905.4,SwingLow,SwingHigh,0.731062,1,bearish_break,-0.362987,1-2
BTC/USDT,10,2026-06-11 15:55:00+00:00,62737.78,62598.72,SwingLow,SwingLow,0.738553,1,bearish_break,-0.050193,1-2
BTC/USDT,10,2026-06-11 17:30:00+00:00,63245.68,62918.57,SwingHigh,SwingHigh,0.701575,17,bearish_break,0.34766,11-20
BTC/USDT,10,2026-06-11 23:40:00+00:00,63681.71,63550.8,SwingHigh,SwingHigh,0.703755,18,bearish_break,-0.322966,11-20
BTC/USDT,10,2026-06-12 00:05:00+00:00,63775.66,63548.19,SwingHigh,SwingHigh,0.694037,13,bearish_break,-0.469803,11-20
BTC/USDT,10,2026-06-12 00:30:00+00:00,63652.58,63548.19,SwingHigh,SwingHigh,0.710571,8,bearish_break,-0.277349,6-10
BTC/USDT,10,2026-06-12 02:00:00+00:00,63488.98,63418.08,SwingHigh,SwingHigh,0.748685,4,bearish_break,0.246893,3-5
BTC/USDT,10,2026-06-12 02:05:00+00:00,63631.06,63526.04,SwingLow,SwingHigh,0.713248,3,bearish_break,0.023055,3-5
BTC/USDT,10,2026-06-12 02:35:00+00:00,63605.24,63526.04,SwingLow,SwingLow,0.714321,6,bearish_break,-0.064633,6-10
BTC/USDT,10,2026-06-12 03:35:00+00:00,63492.52,63418.08,SwingHigh,SwingHigh,0.719691,17,bearish_break,0.22042,11-20
BTC/USDT,10,2026-06-12 04:20:00+00:00,63720.35,63651.07,SwingHigh,SwingHigh,0.730809,8,bearish_break,-0.137915,6-10
BTC/USDT,10,2026-06-12 07:55:00+00:00,63142.53,63010.85,SwingLow,SwingLow,0.772106,9,bearish_break,0.410357,6-10
BTC/USDT,10,2026-06-12 09:20:00+00:00,63662.51,63521.73,SwingHigh,SwingHigh,0.745816,13,bearish_break,0.01709,11-20
BTC/USDT,10,2026-06-12 11:05:00+00:00,63835.63,63766.04,SwingHigh,SwingHigh,0.748828,11,bearish_break,-0.237939,11-20
BTC/USDT,10,2026-06-12 11:45:00+00:00,63839.27,63766.04,SwingHigh,SwingHigh,0.740403,3,bearish_break,-0.243627,3-5
BTC/USDT,10,2026-06-12 14:35:00+00:00,63781.09,63580.48,SwingLow,SwingHigh,0.698235,1,bearish_break,-0.387497,1-2
BTC/USDT,10,2026-06-12 16:00:00+00:00,63674.05,63580.48,SwingLow,SwingLow,0.719429,16,bearish_break,0.235308,11-20
BTC/USDT,10,2026-06-12 16:10:00+00:00,63904.41,63768.06,SwingLow,SwingLow,0.721445,14,bearish_break,-0.126016,11-20
BTC/USDT,10,2026-06-12 16:25:00+00:00,63867.78,63783.94,SwingHigh,SwingLow,0.703113,11,bearish_break,-0.068736,11-20
BTC/USDT,10,2026-06-12 16:35:00+00:00,63976.11,63847.83,SwingHigh,SwingLow,0.788818,9,bearish_break,-0.237948,6-10
BTC/USDT,10,2026-06-12 17:45:00+00:00,63849.63,63783.94,SwingHigh,SwingLow,0.747444,4,bearish_break,-0.120627,3-5
BTC/USDT,10,2026-06-12 18:10:00+00:00,63870.71,63783.94,SwingHigh,SwingLow,0.721117,1,bearish_break,-0.211881,1-2
BTC/USDT,10,2026-06-12 18:40:00+00:00,63866.1,63783.94,SwingHigh,SwingLow,0.751578,1,bearish_break,-0.042965,1-2
BTC/USDT,10,2026-06-12 23:50:00+00:00,63556.13,63477.78,SwingLow,SwingHigh,0.72886,35,bearish_break,0.088772,21-40
BTC/USDT,10,2026-06-13 00:30:00+00:00,63569.04,63477.78,SwingLow,SwingHigh,0.734982,27,bearish_break,0.068445,21-40
BTC/USDT,10,2026-06-13 05:55:00+00:00,63595.59,63515.61,SwingLow,SwingHigh,0.724033,48,bearish_break,0.2325,41-60
BTC/USDT,10,2026-06-13 06:25:00+00:00,63686.04,63565.76,SwingHigh,SwingHigh,0.722085,42,bearish_break,0.090145,41-60
BTC/USDT,10,2026-06-13 10:40:00+00:00,63876.28,63811.22,SwingHigh,SwingHigh,0.709996,38,bearish_break,0.342334,21-40
BTC/USDT,10,2026-06-13 11:10:00+00:00,63925.87,63811.22,SwingHigh,SwingHigh,0.726732,32,bearish_break,0.264494,21-40
BTC/USDT,10,2026-06-13 15:50:00+00:00,64292.46,64201.96,SwingLow,SwingHigh,0.726693,3,bearish_break,-0.278244,3-5
BTC/USDT,10,2026-06-13 18:35:00+00:00,64244.58,64179.44,SwingHigh,SwingHigh,0.70831,53,bearish_break,0.327063,41-60
BTC/USDT,10,2026-06-13 18:40:00+00:00,64270.11,64201.96,SwingLow,SwingHigh,0.730706,52,bearish_break,0.28721,41-60
BTC/USDT,10,2026-06-13 19:55:00+00:00,64320.66,64254.99,SwingHigh,SwingHigh,0.690883,37,bearish_break,0.208393,21-40
BTC/USDT,10,2026-06-13 21:40:00+00:00,64599.31,64254.99,SwingHigh,SwingHigh,0.700092,16,bearish_break,-0.223857,11-20
BTC/USDT,10,2026-06-13 22:20:00+00:00,64472.4,64404.94,SwingLow,SwingHigh,0.775251,8,bearish_break,-0.027454,6-10
BTC/USDT,10,2026-06-13 23:15:00+00:00,64577.82,64404.94,SwingLow,SwingHigh,0.717421,6,bearish_break,-0.269303,6-10
BTC/USDT,10,2026-06-14 00:30:00+00:00,64540.93,64461.52,SwingHigh,SwingHigh,0.724254,23,bearish_break,0.009792,21-40
BTC/USDT,10,2026-06-14 01:05:00+00:00,64612.43,64523.42,SwingHigh,SwingHigh,0.738066,16,bearish_break,-0.100878,11-20
BTC/USDT,10,2026-06-14 02:00:00+00:00,64592.84,64523.42,SwingHigh,SwingHigh,0.729344,5,bearish_break,-0.070581,3-5
BTC/USDT,10,2026-06-14 03:15:00+00:00,64535.28,64461.52,SwingHigh,SwingLow,0.72169,15,bearish_break,-0.096257,11-20
BTC/USDT,10,2026-06-14 07:25:00+00:00,64368.79,64284.4,SwingHigh,,0.735233,60,time_stop,0.187684,41-60
BTC/USDT,10,2026-06-14 09:30:00+00:00,64503.0,64375.03,SwingHigh,SwingHigh,0.704305,48,bearish_break,-0.379207,41-60
CHZ/USDT,10,2026-06-04 12:45:00+00:00,0.02811,0.02741,SwingHigh,SwingLow,0.762752,38,bearish_break,-0.142298,21-40
CHZ/USDT,10,2026-06-09 10:50:00+00:00,0.02683,0.0267,SwingLow,,0.9328,60,time_stop,-0.409989,41-60
CHZ/USDT,10,2026-06-09 22:30:00+00:00,0.02878,0.02792,SwingHigh,,0.868031,60,time_stop,-1.320361,41-60
CHZ/USDT,10,2026-06-10 04:05:00+00:00,0.02874,0.0284,SwingLow,,0.844912,60,time_stop,-6.228253,41-60
COTI/USDT,10,2026-06-09 19:55:00+00:00,0.01079,0.01,SwingLow,,0.911939,60,time_stop,0.0,41-60
CRV/USDT,10,2026-06-05 20:25:00+00:00,0.1841,0.1833,SwingLow,,0.787688,60,time_stop,0.0,41-60
CRV/USDT,10,2026-06-08 00:35:00+00:00,0.1976,0.195,SwingHigh,,0.764216,60,time_stop,-0.809717,41-60
CRV/USDT,10,2026-06-08 01:20:00+00:00,0.1975,0.195,SwingHigh,,0.750158,60,time_stop,0.556962,41-60
CRV/USDT,10,2026-06-08 03:05:00+00:00,0.1985,0.1976,SwingLow,,0.782194,60,time_stop,1.662469,41-60
CRV/USDT,10,2026-06-11 08:25:00+00:00,0.2489,0.2454,SwingHigh,SwingHigh,0.708016,47,bearish_break,-2.651667,41-60
CRV/USDT,10,2026-06-11 15:40:00+00:00,0.2536,0.2501,SwingHigh,SwingHigh,0.721289,8,bearish_break,-2.799685,6-10
CRV/USDT,10,2026-06-12 03:15:00+00:00,0.2602,0.2551,SwingLow,SwingLow,0.707782,23,bearish_break,-0.730208,21-40
DASH/USDT,10,2026-06-03 03:00:00+00:00,39.5,38.86,SwingLow,,0.705183,60,time_stop,1.037975,41-60
DASH/USDT,10,2026-06-03 15:25:00+00:00,40.03,39.66,SwingHigh,SwingLow,0.768836,19,bearish_break,-1.673745,11-20
DASH/USDT,10,2026-06-05 09:20:00+00:00,31.41,30.68,SwingLow,,0.700633,60,time_stop,-1.464502,41-60
DASH/USDT,10,2026-06-05 20:15:00+00:00,31.06,31.0,SwingLow,,0.74027,60,time_stop,1.899549,41-60
DASH/USDT,10,2026-06-09 08:35:00+00:00,37.75,37.53,SwingHigh,SwingHigh,0.719864,12,bearish_break,-0.741722,11-20
DASH/USDT,10,2026-06-10 00:45:00+00:00,35.32,35.22,SwingLow,SwingHigh,0.694737,18,bearish_break,-0.368063,11-20
DASH/USDT,10,2026-06-11 04:15:00+00:00,34.81,34.75,SwingLow,,0.780663,60,time_stop,-1.062913,41-60
DGB/USDT,10,2026-06-02 20:20:00+00:00,0.00303,0.003,SwingHigh,,0.809924,60,time_stop,-1.320132,41-60
DGB/USDT,10,2026-06-13 18:00:00+00:00,0.00242,0.00237,SwingHigh,SwingHigh,0.999568,51,bearish_break,4.958678,41-60
DOGE/USDT,10,2026-06-01 22:45:00+00:00,0.10085,0.10004,SwingHigh,SwingHigh,0.703132,40,bearish_break,-1.04115,21-40
DOGE/USDT,10,2026-06-02 03:05:00+00:00,0.10086,0.10075,SwingLow,SwingLow,0.720579,21,bearish_break,-0.35693,21-40
DOGE/USDT,10,2026-06-02 17:20:00+00:00,0.09592,0.09567,SwingHigh,SwingLow,0.725979,4,bearish_break,-0.29191,3-5
DOGE/USDT,10,2026-06-03 19:35:00+00:00,0.09233,0.09212,SwingHigh,SwingHigh,0.730989,19,bearish_break,-0.628182,11-20
DOGE/USDT,10,2026-06-03 22:30:00+00:00,0.09235,0.09212,SwingHigh,SwingHigh,0.702601,4,bearish_break,-0.422306,3-5
DOGE/USDT,10,2026-06-04 13:30:00+00:00,0.08904,0.08811,SwingLow,SwingHigh,0.708078,3,bearish_break,0.134771,3-5
DOGE/USDT,10,2026-06-04 17:05:00+00:00,0.08929,0.08917,SwingHigh,SwingLow,0.727277,5,bearish_break,-0.470377,3-5
DOGE/USDT,10,2026-06-05 01:15:00+00:00,0.08793,0.08746,SwingLow,SwingLow,0.74149,53,bearish_break,-2.922779,41-60
DOGE/USDT,10,2026-06-05 04:50:00+00:00,0.0867,0.08606,SwingLow,SwingLow,0.712856,10,bearish_break,-1.545559,6-10
DOGE/USDT,10,2026-06-05 13:30:00+00:00,0.0846,0.08451,SwingLow,SwingHigh,0.750835,1,bearish_break,-0.295508,1-2
DOGE/USDT,10,2026-06-05 14:35:00+00:00,0.08344,0.08335,SwingHigh,SwingHigh,0.769465,29,bearish_break,-0.323586,21-40
DOGE/USDT,10,2026-06-05 15:00:00+00:00,0.08255,0.08235,SwingLow,SwingHigh,0.716293,24,bearish_break,0.75106,21-40
DOGE/USDT,10,2026-06-05 16:50:00+00:00,0.08293,0.08235,SwingLow,SwingHigh,0.698833,2,bearish_break,0.289401,1-2
DOGE/USDT,10,2026-06-05 17:20:00+00:00,0.08263,0.08235,SwingLow,SwingLow,0.719075,48,bearish_break,0.411473,41-60
DOGE/USDT,10,2026-06-06 15:30:00+00:00,0.08171,0.08142,SwingHigh,SwingHigh,0.717736,26,bearish_break,-1.162648,21-40
DOGE/USDT,10,2026-06-06 23:40:00+00:00,0.08187,0.08173,SwingLow,,0.782751,60,time_stop,2.01539,41-60
DOGE/USDT,10,2026-06-07 01:00:00+00:00,0.08231,0.08173,SwingLow,,0.712569,60,time_stop,1.907423,41-60
DOGE/USDT,10,2026-06-07 04:55:00+00:00,0.08389,0.08349,SwingHigh,,0.712164,60,time_stop,1.072833,41-60
DOGE/USDT,10,2026-06-07 13:50:00+00:00,0.08399,0.08385,SwingLow,,0.728665,60,time_stop,0.583403,41-60
DOGE/USDT,10,2026-06-07 14:00:00+00:00,0.08408,0.08385,SwingLow,,0.708287,60,time_stop,0.118934,41-60
DOGE/USDT,10,2026-06-08 01:40:00+00:00,0.08545,0.08511,SwingHigh,SwingHigh,0.699982,23,bearish_break,0.175541,21-40
DOGE/USDT,10,2026-06-08 06:15:00+00:00,0.0853,0.08511,SwingHigh,SwingLow,0.709048,48,bearish_break,0.328253,41-60
DOGE/USDT,10,2026-06-08 11:10:00+00:00,0.08611,0.08568,SwingLow,SwingLow,0.703424,12,bearish_break,-0.15097,11-20
DOGE/USDT,10,2026-06-08 16:15:00+00:00,0.08746,0.08726,SwingHigh,SwingHigh,0.70828,28,bearish_break,-0.560256,21-40
DOGE/USDT,10,2026-06-08 17:55:00+00:00,0.0868,0.08634,SwingLow,SwingHigh,0.755895,8,bearish_break,0.195853,6-10
DOGE/USDT,10,2026-06-08 20:25:00+00:00,0.08645,0.08634,SwingLow,SwingHigh,0.719144,34,bearish_break,0.497397,21-40
DOGE/USDT,10,2026-06-08 21:05:00+00:00,0.08729,0.08707,SwingHigh,SwingHigh,0.734023,26,bearish_break,-0.469699,21-40
DOGE/USDT,10,2026-06-08 21:10:00+00:00,0.0874,0.08726,SwingHigh,SwingHigh,0.718289,25,bearish_break,-0.594966,21-40
DOGE/USDT,10,2026-06-09 04:40:00+00:00,0.08642,0.08633,SwingHigh,SwingLow,0.734151,53,bearish_break,-0.786855,41-60
DOGE/USDT,10,2026-06-09 05:30:00+00:00,0.08673,0.086,SwingLow,SwingLow,0.736817,43,bearish_break,-1.141474,41-60
DOGE/USDT,10,2026-06-09 07:50:00+00:00,0.08636,0.086,SwingLow,SwingLow,0.783988,15,bearish_break,-0.717925,11-20
DOGE/USDT,10,2026-06-09 17:00:00+00:00,0.08472,0.08428,SwingHigh,SwingLow,0.726149,9,bearish_break,0.306893,6-10
DOGE/USDT,10,2026-06-09 21:00:00+00:00,0.0856,0.08538,SwingLow,SwingLow,0.71946,8,bearish_break,-0.946262,6-10
DOGE/USDT,10,2026-06-10 13:30:00+00:00,0.08447,0.0838,SwingHigh,SwingHigh,0.783104,39,bearish_break,-0.686634,21-40
DOGE/USDT,10,2026-06-10 14:50:00+00:00,0.08447,0.08428,SwingHigh,SwingHigh,0.753747,23,bearish_break,-0.686634,21-40
DOGE/USDT,10,2026-06-10 15:00:00+00:00,0.08476,0.08428,SwingHigh,SwingHigh,0.690431,21,bearish_break,-1.026428,21-40
DOGE/USDT,10,2026-06-10 15:20:00+00:00,0.08467,0.08428,SwingHigh,SwingHigh,0.707716,17,bearish_break,-0.921224,11-20
DOGE/USDT,10,2026-06-10 16:55:00+00:00,0.084,0.0838,SwingHigh,SwingHigh,0.731234,6,bearish_break,-0.059524,6-10
DOGE/USDT,10,2026-06-11 09:50:00+00:00,0.08517,0.08497,SwingHigh,SwingLow,0.700178,45,bearish_break,-0.399202,41-60
DOGE/USDT,10,2026-06-11 13:45:00+00:00,0.0851,0.08483,SwingHigh,SwingLow,0.750557,5,bearish_break,-0.352526,3-5
DOGE/USDT,10,2026-06-11 14:30:00+00:00,0.08496,0.08483,SwingHigh,SwingLow,0.703536,22,bearish_break,-0.223635,21-40
DOGE/USDT,10,2026-06-11 15:10:00+00:00,0.08493,0.08483,SwingHigh,SwingLow,0.720024,14,bearish_break,-0.18839,11-20
DOGE/USDT,10,2026-06-11 18:25:00+00:00,0.08641,0.08632,SwingLow,SwingHigh,0.772775,8,bearish_break,-0.208309,6-10
DOGE/USDT,10,2026-06-11 22:05:00+00:00,0.08655,0.08641,SwingHigh,SwingHigh,0.699521,8,bearish_break,-0.254188,6-10
DOGE/USDT,10,2026-06-12 10:30:00+00:00,0.08661,0.08651,SwingHigh,,0.691499,60,time_stop,2.828773,41-60
DOGE/USDT,10,2026-06-12 12:00:00+00:00,0.08697,0.08665,SwingLow,,0.752466,60,time_stop,2.046683,41-60
DOGE/USDT,10,2026-06-12 14:50:00+00:00,0.09012,0.08939,SwingLow,SwingHigh,0.71279,39,bearish_break,-2.640923,21-40
DOGE/USDT,10,2026-06-13 06:45:00+00:00,0.08676,0.0865,SwingHigh,,0.748655,60,time_stop,1.348548,41-60
DOGE/USDT,10,2026-06-13 21:40:00+00:00,0.08829,0.08775,SwingHigh,SwingHigh,0.72776,15,bearish_break,-0.634273,11-20
DOGE/USDT,10,2026-06-13 23:55:00+00:00,0.08789,0.08775,SwingHigh,SwingHigh,0.775174,11,bearish_break,-0.273069,11-20
DOGE/USDT,10,2026-06-14 00:25:00+00:00,0.0879,0.08775,SwingHigh,SwingHigh,0.743088,5,bearish_break,-0.284414,3-5
DOGE/USDT,10,2026-06-14 01:15:00+00:00,0.08789,0.08775,SwingHigh,SwingHigh,0.71995,8,bearish_break,0.022756,6-10
DOGE/USDT,10,2026-06-14 06:05:00+00:00,0.08777,0.08766,SwingHigh,SwingLow,0.71568,60,bearish_break,-0.808932,41-60
DOGE/USDT,10,2026-06-14 15:30:00+00:00,0.08611,0.08587,SwingLow,SwingHigh,0.750392,30,bearish_break,0.301939,21-40
DOT/USDT,10,2026-06-02 17:05:00+00:00,1.119,1.113,SwingLow,SwingHigh,0.725607,15,bearish_break,-0.714924,11-20
DOT/USDT,10,2026-06-03 05:00:00+00:00,1.097,1.088,SwingLow,,0.698695,60,time_stop,0.911577,41-60
DOT/USDT,10,2026-06-04 15:10:00+00:00,1.06,1.051,SwingHigh,,0.731084,60,time_stop,0.0,41-60
DOT/USDT,10,2026-06-04 18:05:00+00:00,1.074,1.062,SwingHigh,,0.715482,60,time_stop,-2.886406,41-60
DOT/USDT,10,2026-06-04 19:00:00+00:00,1.066,1.051,SwingHigh,,0.759843,60,time_stop,-1.782364,41-60
DOT/USDT,10,2026-06-05 10:55:00+00:00,0.998,0.996,SwingHigh,,0.822786,60,time_stop,-4.509018,41-60
DOT/USDT,10,2026-06-06 01:00:00+00:00,0.966,0.956,SwingLow,,0.859351,60,time_stop,-3.830228,41-60
DOT/USDT,10,2026-06-06 17:40:00+00:00,0.963,0.931,SwingHigh,SwingHigh,0.759224,33,bearish_break,-3.426791,21-40
DOT/USDT,10,2026-06-06 18:00:00+00:00,0.943,0.931,SwingHigh,SwingHigh,0.82326,29,bearish_break,-1.378579,21-40
DOT/USDT,10,2026-06-07 03:30:00+00:00,0.964,0.953,SwingHigh,,0.781516,60,time_stop,0.622407,41-60
DOT/USDT,10,2026-06-08 21:20:00+00:00,0.99,0.984,SwingHigh,,0.878184,60,time_stop,-3.232323,41-60
DOT/USDT,10,2026-06-09 04:35:00+00:00,0.971,0.958,SwingHigh,,0.825206,60,time_stop,0.411946,41-60
DOT/USDT,10,2026-06-09 13:10:00+00:00,0.972,0.965,SwingHigh,,0.758662,60,time_stop,-1.028807,41-60
DOT/USDT,10,2026-06-11 15:40:00+00:00,0.95,0.949,SwingLow,,0.79827,60,time_stop,1.894737,41-60
ENA/USDT,10,2026-06-05 23:00:00+00:00,0.0953,0.0904,SwingHigh,,0.824704,60,time_stop,-4.302204,41-60
ENA/USDT,10,2026-06-09 04:10:00+00:00,0.0816,0.081,SwingHigh,,0.817194,60,time_stop,3.063725,41-60
ETC/USDT,10,2026-06-01 23:20:00+00:00,8.43,8.1,SwingHigh,SwingHigh,0.916665,29,bearish_break,-2.491103,21-40
ETC/USDT,10,2026-06-07 05:10:00+00:00,7.02,6.93,SwingLow,,0.872682,60,time_stop,1.566952,41-60
ETC/USDT,10,2026-06-12 02:25:00+00:00,7.27,7.25,SwingLow,,0.859236,60,time_stop,-0.825309,41-60
ETH/USDT,10,2026-06-01 21:10:00+00:00,1999.71,1995.12,SwingHigh,SwingHigh,0.692367,10,bearish_break,-0.658595,6-10
ETH/USDT,10,2026-06-01 22:25:00+00:00,1999.85,1995.12,SwingHigh,SwingHigh,0.707879,2,bearish_break,-0.320024,1-2
ETH/USDT,10,2026-06-01 22:40:00+00:00,1995.31,1991.63,SwingLow,SwingHigh,0.71344,2,bearish_break,0.346312,1-2
ETH/USDT,10,2026-06-01 22:45:00+00:00,2004.82,1995.12,SwingHigh,SwingHigh,0.710014,1,bearish_break,-0.129687,1-2
ETH/USDT,10,2026-06-01 23:35:00+00:00,2007.28,2002.92,SwingLow,SwingHigh,0.757884,8,bearish_break,-0.23066,6-10
ETH/USDT,10,2026-06-02 03:30:00+00:00,2002.07,1998.19,SwingHigh,SwingHigh,0.703813,17,bearish_break,-0.298191,11-20
ETH/USDT,10,2026-06-02 10:50:00+00:00,1983.37,1978.93,SwingLow,SwingLow,0.707787,3,bearish_break,-0.068066,3-5
ETH/USDT,10,2026-06-02 11:20:00+00:00,1981.15,1978.93,SwingLow,SwingLow,0.70385,9,bearish_break,-0.284178,6-10
ETH/USDT,10,2026-06-02 11:50:00+00:00,1981.58,1978.93,SwingLow,SwingLow,0.711852,3,bearish_break,-0.305817,3-5
ETH/USDT,10,2026-06-02 12:20:00+00:00,1981.18,1978.93,SwingLow,SwingLow,0.798364,2,bearish_break,-0.283669,1-2
ETH/USDT,10,2026-06-02 20:30:00+00:00,1903.86,1899.37,SwingLow,SwingHigh,0.781488,8,bearish_break,-0.091393,6-10
ETH/USDT,10,2026-06-02 20:45:00+00:00,1903.92,1899.37,SwingLow,SwingHigh,0.740153,5,bearish_break,-0.094542,3-5
ETH/USDT,10,2026-06-02 21:55:00+00:00,1902.43,1899.37,SwingLow,SwingHigh,0.731541,6,bearish_break,-0.016295,6-10
ETH/USDT,10,2026-06-03 00:50:00+00:00,1870.05,1866.82,SwingLow,SwingLow,0.723275,9,bearish_break,-0.776985,6-10
ETH/USDT,10,2026-06-03 01:25:00+00:00,1868.12,1864.86,SwingHigh,SwingLow,0.721825,2,bearish_break,-0.674475,1-2
ETH/USDT,10,2026-06-03 09:05:00+00:00,1880.88,1878.65,SwingLow,SwingHigh,0.743852,6,bearish_break,-0.316873,6-10
ETH/USDT,10,2026-06-03 11:15:00+00:00,1887.71,1883.49,SwingHigh,SwingLow,0.69263,3,bearish_break,-0.208189,3-5
ETH/USDT,10,2026-06-03 12:05:00+00:00,1878.33,1874.04,SwingHigh,SwingHigh,0.734847,1,bearish_break,-0.208696,1-2
ETH/USDT,10,2026-06-03 18:20:00+00:00,1826.11,1821.57,SwingLow,SwingHigh,0.734292,11,bearish_break,-0.065166,11-20
ETH/USDT,10,2026-06-04 06:35:00+00:00,1799.03,1796.02,SwingLow,SwingHigh,0.718618,24,bearish_break,-1.409649,21-40
ETH/USDT,10,2026-06-04 08:00:00+00:00,1782.86,1776.15,SwingHigh,SwingHigh,0.710167,7,bearish_break,-0.515464,6-10
ETH/USDT,10,2026-06-04 10:30:00+00:00,1762.76,1758.13,SwingLow,SwingLow,0.749877,56,bearish_break,1.337675,41-60
ETH/USDT,10,2026-06-04 15:35:00+00:00,1778.69,1775.59,SwingHigh,SwingLow,0.736253,1,bearish_break,-0.176534,1-2
ETH/USDT,10,2026-06-04 18:15:00+00:00,1768.18,1761.05,SwingHigh,SwingLow,0.714049,3,bearish_break,0.413985,3-5
ETH/USDT,10,2026-06-04 18:45:00+00:00,1778.12,1775.59,SwingHigh,SwingLow,0.740216,2,bearish_break,-0.078735,1-2
ETH/USDT,10,2026-06-04 19:15:00+00:00,1779.87,1775.59,SwingHigh,SwingLow,0.744317,7,bearish_break,-0.247209,6-10
ETH/USDT,10,2026-06-04 19:25:00+00:00,1784.69,1778.57,SwingLow,SwingLow,0.706714,5,bearish_break,-0.516616,3-5
ETH/USDT,10,2026-06-04 19:55:00+00:00,1778.33,1775.59,SwingHigh,SwingLow,0.787024,1,bearish_break,-0.417808,1-2
ETH/USDT,10,2026-06-04 21:00:00+00:00,1776.64,1774.26,SwingLow,SwingLow,0.738775,4,bearish_break,-0.276364,3-5
ETH/USDT,10,2026-06-04 22:00:00+00:00,1763.19,1761.05,SwingHigh,SwingHigh,0.756779,5,bearish_break,-0.238772,3-5
ETH/USDT,10,2026-06-05 00:20:00+00:00,1770.27,1762.66,SwingLow,SwingHigh,0.721961,2,bearish_break,0.054229,1-2
ETH/USDT,10,2026-06-05 10:30:00+00:00,1682.35,1678.26,SwingHigh,SwingHigh,0.7117,6,bearish_break,-0.752519,6-10
ETH/USDT,10,2026-06-05 11:15:00+00:00,1676.41,1672.27,SwingHigh,SwingHigh,0.738316,3,bearish_break,-0.181936,3-5
ETH/USDT,10,2026-06-05 11:25:00+00:00,1678.34,1672.27,SwingHigh,SwingHigh,0.748547,1,bearish_break,-0.296722,1-2
ETH/USDT,10,2026-06-05 21:00:00+00:00,1614.13,1603.35,SwingLow,SwingHigh,0.721729,20,bearish_break,-0.778128,11-20
ETH/USDT,10,2026-06-06 00:05:00+00:00,1600.3,1597.22,SwingLow,SwingLow,0.741749,2,bearish_break,-0.409298,1-2
ETH/USDT,10,2026-06-06 00:25:00+00:00,1595.97,1592.01,SwingLow,SwingLow,0.708999,2,bearish_break,-0.112784,1-2
ETH/USDT,10,2026-06-06 05:55:00+00:00,1568.13,1563.69,SwingLow,SwingHigh,0.719374,17,bearish_break,-0.031247,11-20
ETH/USDT,10,2026-06-06 08:10:00+00:00,1578.19,1575.27,SwingHigh,SwingHigh,0.711652,19,bearish_break,-0.585481,11-20
ETH/USDT,10,2026-06-06 08:25:00+00:00,1587.56,1575.27,SwingHigh,SwingHigh,0.754631,16,bearish_break,-1.172239,11-20
ETH/USDT,10,2026-06-06 09:25:00+00:00,1581.76,1576.64,SwingHigh,SwingHigh,0.755714,4,bearish_break,-0.809857,3-5
ETH/USDT,10,2026-06-06 11:20:00+00:00,1561.36,1559.16,SwingHigh,SwingLow,0.762967,12,bearish_break,-0.265153,11-20
ETH/USDT,10,2026-06-06 12:40:00+00:00,1563.35,1559.16,SwingHigh,SwingLow,0.726465,9,bearish_break,-0.019829,6-10
ETH/USDT,10,2026-06-06 13:40:00+00:00,1562.55,1559.16,SwingHigh,SwingHigh,0.712793,2,bearish_break,-0.375028,1-2
ETH/USDT,10,2026-06-06 13:45:00+00:00,1563.58,1561.25,SwingLow,SwingHigh,0.70734,1,bearish_break,-0.440655,1-2
ETH/USDT,10,2026-06-06 14:45:00+00:00,1564.54,1562.55,SwingHigh,SwingLow,0.702368,1,bearish_break,-0.054968,1-2
ETH/USDT,10,2026-06-06 15:40:00+00:00,1564.28,1561.25,SwingLow,SwingHigh,0.700037,2,bearish_break,-0.279362,1-2
ETH/USDT,10,2026-06-06 16:50:00+00:00,1565.67,1562.55,SwingHigh,SwingLow,0.724285,1,bearish_break,-0.186502,1-2
ETH/USDT,10,2026-06-06 17:00:00+00:00,1563.21,1561.23,SwingHigh,SwingLow,0.728796,1,bearish_break,-0.099795,1-2
ETH/USDT,10,2026-06-06 18:55:00+00:00,1557.2,1554.08,SwingHigh,SwingLow,0.71102,1,bearish_break,-0.119445,1-2
ETH/USDT,10,2026-06-06 19:05:00+00:00,1563.04,1554.08,SwingHigh,SwingLow,0.710162,1,bearish_break,-0.123477,1-2
ETH/USDT,10,2026-06-06 21:30:00+00:00,1563.31,1560.78,SwingLow,SwingLow,0.711897,5,bearish_break,-0.314717,3-5
ETH/USDT,10,2026-06-06 22:05:00+00:00,1555.64,1554.08,SwingHigh,SwingLow,0.727594,3,bearish_break,0.076496,3-5
ETH/USDT,10,2026-06-06 22:45:00+00:00,1559.77,1556.83,SwingHigh,SwingLow,0.724579,2,bearish_break,-0.055777,1-2
ETH/USDT,10,2026-06-06 23:00:00+00:00,1562.2,1558.23,SwingLow,SwingLow,0.726798,4,bearish_break,-0.171553,3-5
ETH/USDT,10,2026-06-07 01:00:00+00:00,1575.06,1566.9,SwingHigh,SwingLow,0.728463,17,bearish_break,0.537122,11-20
ETH/USDT,10,2026-06-07 02:45:00+00:00,1593.06,1586.33,SwingLow,SwingHigh,0.749268,17,bearish_break,-0.28122,11-20
ETH/USDT,10,2026-06-07 04:30:00+00:00,1589.53,1586.33,SwingLow,,0.710222,60,time_stop,2.848012,41-60
ETH/USDT,10,2026-06-07 08:20:00+00:00,1615.05,1612.46,SwingLow,SwingHigh,0.794613,45,bearish_break,0.206805,41-60
ETH/USDT,10,2026-06-07 10:20:00+00:00,1632.49,1630.57,SwingHigh,SwingHigh,0.738739,21,bearish_break,-0.863711,21-40
ETH/USDT,10,2026-06-07 11:40:00+00:00,1632.31,1630.57,SwingHigh,SwingHigh,0.7218,5,bearish_break,-0.852779,3-5
ETH/USDT,10,2026-06-07 12:55:00+00:00,1620.08,1617.76,SwingHigh,SwingLow,0.716773,37,bearish_break,0.349983,21-40
ETH/USDT,10,2026-06-07 13:25:00+00:00,1622.2,1617.76,SwingHigh,SwingLow,0.733299,31,bearish_break,0.218839,21-40
ETH/USDT,10,2026-06-07 13:50:00+00:00,1618.62,1616.8,SwingLow,SwingLow,0.723529,26,bearish_break,0.440499,21-40
ETH/USDT,10,2026-06-07 14:00:00+00:00,1619.62,1617.76,SwingHigh,SwingLow,0.714544,24,bearish_break,0.378484,21-40
ETH/USDT,10,2026-06-07 14:30:00+00:00,1635.13,1630.57,SwingHigh,SwingLow,0.71876,18,bearish_break,-0.573655,11-20
ETH/USDT,10,2026-06-07 17:10:00+00:00,1634.94,1630.66,SwingHigh,SwingHigh,0.708688,22,bearish_break,-0.645895,21-40
ETH/USDT,10,2026-06-07 18:10:00+00:00,1634.11,1630.66,SwingHigh,SwingHigh,0.709038,10,bearish_break,-0.595431,6-10
ETH/USDT,10,2026-06-07 18:25:00+00:00,1632.63,1630.66,SwingHigh,SwingHigh,0.763267,7,bearish_break,-0.50532,6-10
ETH/USDT,10,2026-06-07 20:20:00+00:00,1630.96,1623.44,SwingLow,SwingHigh,0.739323,2,bearish_break,-0.297984,1-2
ETH/USDT,10,2026-06-07 21:25:00+00:00,1629.78,1627.76,SwingLow,,0.740905,60,time_stop,3.51029,41-60
ETH/USDT,10,2026-06-07 21:50:00+00:00,1629.54,1627.76,SwingLow,,0.738731,60,time_stop,3.303386,41-60
ETH/USDT,10,2026-06-07 22:00:00+00:00,1635.73,1632.63,SwingHigh,,0.710177,60,time_stop,2.974819,41-60
ETH/USDT,10,2026-06-07 22:10:00+00:00,1706.19,1632.63,SwingHigh,,0.715118,60,time_stop,-0.896149,41-60
ETH/USDT,10,2026-06-07 23:20:00+00:00,1677.0,1675.21,SwingHigh,SwingLow,0.748463,51,bearish_break,0.057245,41-60
ETH/USDT,10,2026-06-08 01:30:00+00:00,1679.27,1675.21,SwingHigh,SwingLow,0.71347,25,bearish_break,-0.07801,21-40
ETH/USDT,10,2026-06-08 03:00:00+00:00,1684.39,1682.21,SwingLow,SwingLow,0.740068,7,bearish_break,-0.381741,6-10
ETH/USDT,10,2026-06-08 07:15:00+00:00,1670.4,1666.21,SwingLow,SwingLow,0.730398,13,bearish_break,-0.357998,11-20
ETH/USDT,10,2026-06-08 12:35:00+00:00,1684.49,1680.08,SwingHigh,SwingLow,0.714875,16,bearish_break,-0.176314,11-20
ETH/USDT,10,2026-06-08 13:05:00+00:00,1693.54,1690.5,SwingLow,SwingLow,0.723494,10,bearish_break,-0.709756,6-10
ETH/USDT,10,2026-06-08 13:50:00+00:00,1689.35,1680.08,SwingHigh,SwingLow,0.692152,1,bearish_break,-0.463492,1-2
ETH/USDT,10,2026-06-08 14:30:00+00:00,1687.57,1685.88,SwingHigh,SwingHigh,0.734303,26,bearish_break,0.23762,21-40
ETH/USDT,10,2026-06-08 15:50:00+00:00,1694.48,1690.5,SwingLow,SwingHigh,0.740434,10,bearish_break,-0.171144,6-10
ETH/USDT,10,2026-06-08 16:05:00+00:00,1695.75,1693.37,SwingHigh,SwingHigh,0.777399,7,bearish_break,-0.245909,6-10
ETH/USDT,10,2026-06-08 16:15:00+00:00,1701.21,1693.37,SwingHigh,SwingHigh,0.733025,5,bearish_break,-0.566068,3-5
ETH/USDT,10,2026-06-08 16:35:00+00:00,1692.3,1690.5,SwingLow,SwingHigh,0.721824,1,bearish_break,-0.042546,1-2
ETH/USDT,10,2026-06-08 17:45:00+00:00,1683.33,1681.06,SwingHigh,SwingHigh,0.760109,4,bearish_break,0.380199,3-5
ETH/USDT,10,2026-06-08 18:00:00+00:00,1691.79,1685.88,SwingHigh,SwingHigh,0.748073,1,bearish_break,-0.121765,1-2
ETH/USDT,10,2026-06-08 18:50:00+00:00,1683.81,1681.06,SwingHigh,SwingLow,0.704677,4,bearish_break,0.062952,3-5
ETH/USDT,10,2026-06-08 18:55:00+00:00,1685.63,1683.81,SwingHigh,SwingLow,0.702493,3,bearish_break,-0.045087,3-5
ETH/USDT,10,2026-06-08 19:00:00+00:00,1687.94,1686.11,SwingLow,SwingLow,0.705657,2,bearish_break,-0.181879,1-2
ETH/USDT,10,2026-06-08 19:25:00+00:00,1686.9,1683.81,SwingHigh,SwingHigh,0.728745,10,bearish_break,-0.351532,6-10
ETH/USDT,10,2026-06-08 20:50:00+00:00,1688.77,1686.72,SwingLow,SwingLow,0.72379,13,bearish_break,0.913683,11-20
ETH/USDT,10,2026-06-08 22:20:00+00:00,1694.97,1688.73,SwingHigh,SwingHigh,0.697854,17,bearish_break,-0.30384,11-20
ETH/USDT,10,2026-06-09 02:00:00+00:00,1670.12,1667.85,SwingLow,SwingLow,0.725023,3,bearish_break,-0.335904,3-5
ETH/USDT,10,2026-06-09 03:15:00+00:00,1670.16,1667.85,SwingLow,SwingLow,0.719283,3,bearish_break,-0.345476,3-5
ETH/USDT,10,2026-06-09 04:20:00+00:00,1669.56,1667.85,SwingLow,SwingHigh,0.715581,1,bearish_break,-0.144349,1-2
ETH/USDT,10,2026-06-09 04:50:00+00:00,1693.97,1690.73,SwingHigh,SwingHigh,0.7049,12,bearish_break,-0.195399,11-20
ETH/USDT,10,2026-06-09 09:05:00+00:00,1676.91,1674.44,SwingLow,SwingLow,0.708329,5,bearish_break,-0.373306,3-5
ETH/USDT,10,2026-06-09 11:55:00+00:00,1672.49,1670.6,SwingLow,SwingLow,0.789214,9,bearish_break,0.099851,6-10
ETH/USDT,10,2026-06-09 12:00:00+00:00,1679.86,1671.69,SwingHigh,SwingLow,0.780067,8,bearish_break,-0.339314,6-10
ETH/USDT,10,2026-06-09 17:10:00+00:00,1641.75,1638.55,SwingLow,SwingLow,0.737135,7,bearish_break,-0.028019,6-10
ETH/USDT,10,2026-06-09 19:30:00+00:00,1655.32,1651.57,SwingHigh,SwingHigh,0.725648,21,bearish_break,-0.079139,21-40
ETH/USDT,10,2026-06-09 19:50:00+00:00,1655.2,1651.57,SwingHigh,SwingHigh,0.725712,17,bearish_break,-0.071895,11-20
ETH/USDT,10,2026-06-09 20:35:00+00:00,1658.55,1656.24,SwingLow,SwingHigh,0.731998,8,bearish_break,-0.273733,6-10
ETH/USDT,10,2026-06-09 22:05:00+00:00,1647.54,1644.79,SwingLow,SwingHigh,0.709461,4,bearish_break,-0.01396,3-5
ETH/USDT,10,2026-06-09 22:30:00+00:00,1650.33,1645.8,SwingHigh,SwingHigh,0.758197,1,bearish_break,-0.19996,1-2
ETH/USDT,10,2026-06-10 00:25:00+00:00,1642.98,1638.96,SwingHigh,SwingLow,0.738262,14,bearish_break,-0.373711,11-20
ETH/USDT,10,2026-06-10 01:15:00+00:00,1645.22,1640.5,SwingLow,SwingLow,0.700544,4,bearish_break,-0.509354,3-5
ETH/USDT,10,2026-06-10 12:30:00+00:00,1635.92,1623.02,SwingHigh,SwingHigh,0.750583,6,bearish_break,-0.157098,6-10
ETH/USDT,10,2026-06-10 12:35:00+00:00,1640.32,1637.32,SwingHigh,SwingHigh,0.735272,5,bearish_break,-0.424917,3-5
ETH/USDT,10,2026-06-10 12:50:00+00:00,1639.26,1637.32,SwingHigh,SwingHigh,0.745194,2,bearish_break,-0.360529,1-2
ETH/USDT,10,2026-06-10 13:30:00+00:00,1641.29,1637.02,SwingHigh,SwingHigh,0.729161,52,bearish_break,-0.747583,41-60
ETH/USDT,10,2026-06-10 15:20:00+00:00,1649.52,1643.59,SwingHigh,SwingHigh,0.708327,30,bearish_break,-1.242786,21-40
ETH/USDT,10,2026-06-10 17:00:00+00:00,1647.03,1637.02,SwingHigh,SwingHigh,0.692777,10,bearish_break,-1.093483,6-10
ETH/USDT,10,2026-06-10 19:55:00+00:00,1631.93,1628.58,SwingHigh,SwingLow,0.754726,1,bearish_break,-0.229789,1-2
ETH/USDT,10,2026-06-10 21:40:00+00:00,1623.97,1620.64,SwingHigh,SwingHigh,0.743152,13,bearish_break,-0.414417,11-20
ETH/USDT,10,2026-06-10 22:50:00+00:00,1618.93,1617.24,SwingLow,SwingLow,0.761686,3,bearish_break,-0.213104,3-5
ETH/USDT,10,2026-06-10 23:20:00+00:00,1620.16,1617.24,SwingLow,SwingLow,0.72669,12,bearish_break,0.640677,11-20
ETH/USDT,10,2026-06-10 23:40:00+00:00,1623.48,1620.64,SwingHigh,SwingLow,0.72097,8,bearish_break,0.434868,6-10
ETH/USDT,10,2026-06-11 00:00:00+00:00,1625.25,1620.64,SwingHigh,SwingLow,0.744599,4,bearish_break,0.325488,3-5
ETH/USDT,10,2026-06-11 03:30:00+00:00,1650.85,1638.24,SwingLow,SwingHigh,0.761643,18,bearish_break,0.136899,11-20
ETH/USDT,10,2026-06-11 06:15:00+00:00,1660.4,1657.28,SwingHigh,SwingHigh,0.718395,11,bearish_break,-0.427006,11-20
ETH/USDT,10,2026-06-11 09:30:00+00:00,1660.58,1657.28,SwingHigh,SwingLow,0.747079,6,bearish_break,-0.136097,6-10
ETH/USDT,10,2026-06-11 09:50:00+00:00,1661.69,1657.72,SwingLow,SwingLow,0.734547,2,bearish_break,-0.202806,1-2
ETH/USDT,10,2026-06-11 10:30:00+00:00,1657.52,1655.72,SwingHigh,SwingLow,0.731819,6,bearish_break,0.053695,6-10
ETH/USDT,10,2026-06-11 11:40:00+00:00,1662.79,1660.4,SwingLow,SwingLow,0.72146,8,bearish_break,-0.819707,6-10
ETH/USDT,10,2026-06-11 13:45:00+00:00,1657.95,1652.39,SwingLow,SwingHigh,0.700732,2,bearish_break,-0.135107,1-2
ETH/USDT,10,2026-06-11 15:55:00+00:00,1644.59,1642.74,SwingLow,SwingLow,0.71476,12,bearish_break,-0.289434,11-20
ETH/USDT,10,2026-06-11 17:30:00+00:00,1670.69,1653.31,SwingHigh,SwingHigh,0.737345,19,bearish_break,0.548875,11-20
ETH/USDT,10,2026-06-11 22:15:00+00:00,1681.22,1679.37,SwingLow,SwingLow,0.706299,1,bearish_break,-0.193312,1-2
ETH/USDT,10,2026-06-11 22:35:00+00:00,1678.96,1677.21,SwingHigh,SwingLow,0.771923,2,bearish_break,-0.19119,1-2
ETH/USDT,10,2026-06-12 00:30:00+00:00,1675.02,1672.44,SwingLow,SwingHigh,0.714673,2,bearish_break,-0.025074,1-2
ETH/USDT,10,2026-06-12 00:50:00+00:00,1675.62,1673.84,SwingHigh,SwingHigh,0.710036,1,bearish_break,-0.115778,1-2
ETH/USDT,10,2026-06-12 04:15:00+00:00,1674.09,1671.91,SwingLow,SwingLow,0.713383,9,bearish_break,0.031062,6-10
ETH/USDT,10,2026-06-12 04:20:00+00:00,1677.35,1672.44,SwingLow,SwingLow,0.709284,8,bearish_break,-0.163353,6-10
ETH/USDT,10,2026-06-12 10:45:00+00:00,1676.52,1674.83,SwingHigh,SwingHigh,0.701892,10,bearish_break,-0.208766,6-10
ETH/USDT,10,2026-06-12 11:00:00+00:00,1677.68,1674.83,SwingHigh,SwingHigh,0.767274,7,bearish_break,-0.277765,6-10
ETH/USDT,10,2026-06-12 11:20:00+00:00,1678.16,1674.83,SwingHigh,SwingHigh,0.739351,3,bearish_break,-0.306288,3-5
ETH/USDT,10,2026-06-12 14:35:00+00:00,1676.08,1671.08,SwingHigh,SwingLow,0.72648,1,bearish_break,-0.251778,1-2
ETH/USDT,10,2026-06-12 17:00:00+00:00,1674.53,1671.08,SwingHigh,SwingHigh,0.733875,13,bearish_break,-0.471774,11-20
ETH/USDT,10,2026-06-12 17:45:00+00:00,1669.99,1668.22,SwingLow,SwingHigh,0.712618,4,bearish_break,-0.201199,3-5
ETH/USDT,10,2026-06-12 22:20:00+00:00,1666.72,1664.46,SwingHigh,SwingLow,0.728774,2,bearish_break,-0.238192,1-2
ETH/USDT,10,2026-06-12 23:55:00+00:00,1666.54,1664.46,SwingHigh,SwingHigh,0.712811,6,bearish_break,0.014401,6-10
ETH/USDT,10,2026-06-13 00:10:00+00:00,1667.77,1665.33,SwingLow,SwingHigh,0.714559,3,bearish_break,-0.059361,3-5
ETH/USDT,10,2026-06-13 00:30:00+00:00,1668.22,1665.33,SwingLow,SwingHigh,0.711462,26,bearish_break,-0.06414,21-40
ETH/USDT,10,2026-06-13 07:25:00+00:00,1674.42,1670.06,SwingHigh,SwingHigh,0.732659,35,bearish_break,-0.056736,21-40
ETH/USDT,10,2026-06-13 15:30:00+00:00,1683.29,1680.9,SwingHigh,SwingHigh,0.738502,6,bearish_break,-0.397436,6-10
ETH/USDT,10,2026-06-13 17:30:00+00:00,1677.26,1674.89,SwingLow,SwingLow,0.724873,17,bearish_break,0.019079,11-20
ETH/USDT,10,2026-06-13 18:20:00+00:00,1677.09,1674.89,SwingLow,SwingLow,0.71553,7,bearish_break,0.029217,6-10
ETH/USDT,10,2026-06-13 18:35:00+00:00,1681.21,1679.36,SwingLow,SwingLow,0.728332,4,bearish_break,-0.215916,3-5
ETH/USDT,10,2026-06-13 19:30:00+00:00,1677.04,1674.89,SwingLow,SwingLow,0.712622,6,bearish_break,0.031007,6-10
ETH/USDT,10,2026-06-13 19:45:00+00:00,1680.17,1678.24,SwingHigh,SwingLow,0.745132,3,bearish_break,-0.155341,3-5
ETH/USDT,10,2026-06-13 21:30:00+00:00,1676.92,1674.89,SwingLow,SwingHigh,0.811156,16,bearish_break,0.329771,11-20
ETH/USDT,10,2026-06-13 21:40:00+00:00,1688.04,1678.24,SwingHigh,SwingHigh,0.712933,14,bearish_break,-0.331153,11-20
ETH/USDT,10,2026-06-14 00:20:00+00:00,1680.69,1678.24,SwingHigh,SwingHigh,0.72962,28,bearish_break,0.098769,21-40
ETH/USDT,10,2026-06-14 01:15:00+00:00,1688.84,1684.85,SwingHigh,SwingHigh,0.764336,17,bearish_break,-0.384287,11-20
ETH/USDT,10,2026-06-14 11:30:00+00:00,1676.53,1673.93,SwingHigh,SwingHigh,0.735872,12,bearish_break,-0.35311,11-20
ETH/USDT,10,2026-06-14 16:05:00+00:00,1664.31,1662.4,SwingLow,SwingHigh,0.740354,22,bearish_break,-0.125578,21-40
FET/USDT,10,2026-06-02 03:05:00+00:00,0.2738,0.272,SwingLow,SwingHigh,0.726861,23,bearish_break,0.219138,21-40
FET/USDT,10,2026-06-02 03:15:00+00:00,0.2744,0.272,SwingLow,SwingHigh,0.708714,21,bearish_break,0.0,21-40
FET/USDT,10,2026-06-02 06:35:00+00:00,0.2728,0.272,SwingLow,SwingLow,0.762193,31,bearish_break,-0.696481,21-40
FET/USDT,10,2026-06-02 14:15:00+00:00,0.2713,0.2698,SwingLow,SwingHigh,0.704507,21,bearish_break,-5.381496,21-40
FET/USDT,10,2026-06-02 17:35:00+00:00,0.2638,0.2621,SwingLow,SwingHigh,0.731475,12,bearish_break,-2.691433,11-20
FET/USDT,10,2026-06-04 03:00:00+00:00,0.2508,0.2486,SwingLow,SwingLow,0.738202,46,bearish_break,-2.830941,41-60
FET/USDT,10,2026-06-04 06:35:00+00:00,0.2463,0.2449,SwingLow,SwingLow,0.730737,3,bearish_break,-1.055623,3-5
FET/USDT,10,2026-06-04 09:55:00+00:00,0.2311,0.2294,SwingLow,SwingLow,0.73542,2,bearish_break,-0.99524,1-2
FET/USDT,10,2026-06-04 13:00:00+00:00,0.225,0.2238,SwingHigh,SwingHigh,0.723088,3,bearish_break,-1.155556,3-5
FET/USDT,10,2026-06-04 13:30:00+00:00,0.2265,0.2212,SwingHigh,SwingLow,0.721381,13,bearish_break,-0.04415,11-20
FET/USDT,10,2026-06-04 13:55:00+00:00,0.2255,0.2238,SwingHigh,SwingLow,0.734721,8,bearish_break,0.399113,6-10
FET/USDT,10,2026-06-06 12:50:00+00:00,0.1958,0.1916,SwingLow,,0.736778,60,time_stop,-1.838611,41-60
FET/USDT,10,2026-06-06 15:30:00+00:00,0.1933,0.1921,SwingHigh,,0.763612,60,time_stop,0.620797,41-60
FET/USDT,10,2026-06-06 18:15:00+00:00,0.1933,0.1921,SwingHigh,,0.828128,60,time_stop,2.431454,41-60
FET/USDT,10,2026-06-07 05:20:00+00:00,0.209,0.2081,SwingLow,SwingLow,0.717169,5,bearish_break,-0.76555,3-5
FET/USDT,10,2026-06-07 06:10:00+00:00,0.2074,0.2064,SwingHigh,,0.70654,60,time_stop,-0.819672,41-60
FET/USDT,10,2026-06-07 06:25:00+00:00,0.2094,0.2081,SwingLow,,0.754157,60,time_stop,-1.766953,41-60
FET/USDT,10,2026-06-07 08:25:00+00:00,0.2093,0.2085,SwingHigh,,0.716283,60,time_stop,-0.812231,41-60
FET/USDT,10,2026-06-07 14:05:00+00:00,0.2088,0.2076,SwingLow,SwingHigh,0.794796,44,bearish_break,1.532567,41-60
FET/USDT,10,2026-06-07 16:35:00+00:00,0.2165,0.2159,SwingHigh,SwingHigh,0.717479,14,bearish_break,-2.078522,11-20
FET/USDT,10,2026-06-07 21:00:00+00:00,0.2064,0.2052,SwingLow,SwingLow,0.727402,51,bearish_break,0.726744,41-60
FET/USDT,10,2026-06-08 11:15:00+00:00,0.2121,0.2114,SwingHigh,SwingHigh,0.715995,13,bearish_break,-0.565771,11-20
FET/USDT,10,2026-06-08 17:55:00+00:00,0.2152,0.2146,SwingHigh,SwingHigh,0.715467,10,bearish_break,-0.604089,6-10
FET/USDT,10,2026-06-08 18:15:00+00:00,0.2161,0.2158,SwingLow,SwingHigh,0.72997,6,bearish_break,-1.018047,6-10
FET/USDT,10,2026-06-09 12:00:00+00:00,0.2076,0.2064,SwingHigh,SwingLow,0.742026,5,bearish_break,-0.578035,3-5
FET/USDT,10,2026-06-09 20:05:00+00:00,0.2043,0.2027,SwingLow,SwingLow,0.753075,20,bearish_break,-1.370534,11-20
FET/USDT,10,2026-06-11 01:40:00+00:00,0.187,0.1829,SwingHigh,,0.740778,60,time_stop,2.566845,41-60
FET/USDT,10,2026-06-11 03:30:00+00:00,0.1879,0.1862,SwingLow,,0.764605,60,time_stop,2.288451,41-60
FET/USDT,10,2026-06-13 17:30:00+00:00,0.2096,0.208,SwingLow,,0.756085,60,time_stop,-0.333969,41-60
FET/USDT,10,2026-06-14 00:20:00+00:00,0.2096,0.2089,SwingHigh,,0.750762,60,time_stop,-0.954198,41-60
FET/USDT,10,2026-06-14 07:15:00+00:00,0.2108,0.2094,SwingHigh,SwingHigh,0.745775,9,bearish_break,-0.85389,6-10
FET/USDT,10,2026-06-14 07:45:00+00:00,0.2108,0.2094,SwingHigh,SwingHigh,0.701132,3,bearish_break,-0.85389,3-5
FET/USDT,10,2026-06-14 15:35:00+00:00,0.1997,0.1992,SwingLow,,0.714624,60,time_stop,2.15323,41-60
FIL/USDT,10,2026-06-02 04:40:00+00:00,0.957,0.956,SwingLow,SwingLow,0.805342,20,bearish_break,-2.507837,11-20
FIL/USDT,10,2026-06-03 09:05:00+00:00,0.905,0.877,SwingLow,,0.709271,60,time_stop,7.292818,41-60
FIL/USDT,10,2026-06-07 09:40:00+00:00,0.77,0.755,SwingHigh,,0.79996,60,time_stop,-3.116883,41-60
FIL/USDT,10,2026-06-07 12:20:00+00:00,0.761,0.75,SwingHigh,,0.792517,60,time_stop,-1.971091,41-60
FIL/USDT,10,2026-06-09 08:40:00+00:00,0.786,0.723,SwingHigh,,0.952538,60,time_stop,0.127226,41-60
FIL/USDT,10,2026-06-09 11:25:00+00:00,0.773,0.759,SwingLow,SwingHigh,0.837407,30,bearish_break,1.681759,21-40
FIL/USDT,10,2026-06-11 12:45:00+00:00,0.766,0.749,SwingLow,,0.902327,60,time_stop,-0.391645,41-60
FIL/USDT,10,2026-06-14 03:15:00+00:00,0.788,0.776,SwingLow,,0.804076,60,time_stop,-1.522843,41-60
FIL/USDT,10,2026-06-14 16:10:00+00:00,0.774,0.745,SwingHigh,,0.847037,60,time_stop,-2.45478,41-60
FLOKI/USDT,10,2026-06-05 09:10:00+00:00,2.39e-05,2.367e-05,SwingHigh,,0.73904,60,time_stop,-0.962343,41-60
FLOKI/USDT,10,2026-06-05 21:35:00+00:00,2.387e-05,2.367e-05,SwingLow,,0.720759,60,time_stop,-2.68119,41-60
FLOKI/USDT,10,2026-06-08 00:35:00+00:00,2.504e-05,2.478e-05,SwingHigh,,0.830232,60,time_stop,-2.835463,41-60
FLOKI/USDT,10,2026-06-09 19:00:00+00:00,2.419e-05,2.412e-05,SwingLow,,0.791459,60,time_stop,-0.289376,41-60
FLOW/USDT,10,2026-06-12 04:50:00+00:00,0.048,0.02714,SwingLow,,0.871723,60,time_stop,-37.5,41-60
GRT/USDT,10,2026-06-06 19:10:00+00:00,0.0196,0.0195,SwingHigh,,0.774268,60,time_stop,2.040816,41-60
GRT/USDT,10,2026-06-06 19:45:00+00:00,0.0196,0.0195,SwingHigh,,0.767335,60,time_stop,2.040816,41-60
GRT/USDT,10,2026-06-06 23:40:00+00:00,0.02,0.0196,SwingLow,,0.734926,60,time_stop,-0.5,41-60
GRT/USDT,10,2026-06-09 04:35:00+00:00,0.02,0.0198,SwingHigh,,0.903973,60,time_stop,0.0,41-60
GRT/USDT,10,2026-06-11 09:05:00+00:00,0.0193,0.0192,SwingHigh,SwingHigh,0.731028,4,bearish_break,-1.036269,3-5
GRT/USDT,10,2026-06-12 17:55:00+00:00,0.0198,0.0197,SwingHigh,,0.818266,60,time_stop,-0.505051,41-60
GRT/USDT,10,2026-06-12 19:55:00+00:00,0.0198,0.0197,SwingHigh,,0.807876,60,time_stop,0.505051,41-60
GRT/USDT,10,2026-06-13 00:00:00+00:00,0.02,0.0197,SwingHigh,,0.772987,60,time_stop,-1.5,41-60
GRT/USDT,10,2026-06-13 14:15:00+00:00,0.0201,0.02,SwingLow,,0.911924,60,time_stop,-0.995025,41-60
HBAR/USDT,10,2026-06-01 19:40:00+00:00,0.09335,0.09322,SwingLow,SwingLow,0.733356,9,bearish_break,-0.299946,6-10
HBAR/USDT,10,2026-06-02 21:35:00+00:00,0.08811,0.08786,SwingHigh,SwingHigh,0.71716,5,bearish_break,-0.567472,3-5
HBAR/USDT,10,2026-06-03 05:00:00+00:00,0.08785,0.08649,SwingLow,SwingHigh,0.739464,51,bearish_break,-0.330108,41-60
HBAR/USDT,10,2026-06-03 06:10:00+00:00,0.08822,0.08809,SwingHigh,SwingHigh,0.74317,37,bearish_break,-0.74813,21-40
HBAR/USDT,10,2026-06-03 18:05:00+00:00,0.08624,0.08599,SwingLow,SwingLow,0.774441,22,bearish_break,-0.765306,21-40
HBAR/USDT,10,2026-06-03 18:40:00+00:00,0.08618,0.08599,SwingLow,SwingLow,0.714736,15,bearish_break,-0.696217,11-20
HBAR/USDT,10,2026-06-03 21:45:00+00:00,0.08651,0.08599,SwingLow,,0.69905,60,time_stop,-2.138481,41-60
HBAR/USDT,10,2026-06-04 03:00:00+00:00,0.08496,0.08439,SwingLow,,0.70708,60,time_stop,1.188795,41-60
HBAR/USDT,10,2026-06-05 20:55:00+00:00,0.08088,0.08068,SwingLow,SwingLow,0.744682,27,bearish_break,-0.346192,21-40
HBAR/USDT,10,2026-06-06 07:15:00+00:00,0.07939,0.07918,SwingHigh,SwingHigh,0.754671,34,bearish_break,-1.070664,21-40
HBAR/USDT,10,2026-06-08 09:45:00+00:00,0.08183,0.08158,SwingLow,,0.720934,60,time_stop,0.745448,41-60
HBAR/USDT,10,2026-06-08 11:10:00+00:00,0.08183,0.08158,SwingLow,,0.758563,60,time_stop,0.611023,41-60
HBAR/USDT,10,2026-06-11 21:00:00+00:00,0.07923,0.0791,SwingHigh,SwingHigh,0.777195,57,bearish_break,0.227187,41-60
HBAR/USDT,10,2026-06-12 02:10:00+00:00,0.08005,0.07935,SwingLow,SwingLow,0.733474,51,bearish_break,-0.824485,41-60
HBAR/USDT,10,2026-06-13 00:45:00+00:00,0.07798,0.07784,SwingHigh,SwingHigh,0.781077,20,bearish_break,0.038471,11-20
HBAR/USDT,10,2026-06-13 01:15:00+00:00,0.07806,0.07784,SwingHigh,SwingHigh,0.800077,14,bearish_break,-0.064053,11-20
HBAR/USDT,10,2026-06-13 12:20:00+00:00,0.07862,0.07846,SwingHigh,SwingHigh,0.769731,50,bearish_break,-0.457899,41-60
HBAR/USDT,10,2026-06-13 15:35:00+00:00,0.07854,0.07846,SwingHigh,SwingHigh,0.74247,11,bearish_break,-0.356506,11-20
HBAR/USDT,10,2026-06-13 21:35:00+00:00,0.07862,0.07801,SwingLow,,0.722877,60,time_stop,-0.050878,41-60
HBAR/USDT,10,2026-06-14 01:30:00+00:00,0.07895,0.0785,SwingLow,SwingHigh,0.748995,53,bearish_break,-0.367321,41-60
HBAR/USDT,10,2026-06-14 05:00:00+00:00,0.07903,0.0785,SwingLow,SwingHigh,0.7521,11,bearish_break,-0.468177,11-20
HYPE/USDT,10,2026-06-01 21:30:00+00:00,72.53,72.18,SwingLow,SwingHigh,0.726224,4,bearish_break,0.63422,3-5
HYPE/USDT,10,2026-06-01 22:50:00+00:00,73.75,73.1,SwingHigh,SwingLow,0.690501,25,bearish_break,0.59661,21-40
HYPE/USDT,10,2026-06-02 03:00:00+00:00,75.08,74.74,SwingLow,SwingLow,0.750026,10,bearish_break,-0.599361,6-10
HYPE/USDT,10,2026-06-02 10:50:00+00:00,72.23,71.31,SwingLow,SwingHigh,0.680244,38,bearish_break,0.899903,21-40
HYPE/USDT,10,2026-06-02 11:25:00+00:00,72.74,72.29,SwingLow,SwingHigh,0.729988,31,bearish_break,0.192466,21-40
HYPE/USDT,10,2026-06-03 02:30:00+00:00,69.5,69.36,SwingLow,SwingHigh,0.709211,44,bearish_break,4.0,41-60
HYPE/USDT,10,2026-06-03 03:45:00+00:00,70.2,69.36,SwingLow,SwingHigh,0.714118,29,bearish_break,2.962963,21-40
HYPE/USDT,10,2026-06-03 07:40:00+00:00,72.73,72.6,SwingHigh,SwingHigh,0.738151,15,bearish_break,-0.508731,11-20
HYPE/USDT,10,2026-06-03 09:10:00+00:00,72.85,72.6,SwingHigh,SwingHigh,0.740972,19,bearish_break,-1.070693,11-20
HYPE/USDT,10,2026-06-03 12:50:00+00:00,73.31,72.88,SwingLow,SwingLow,0.698146,15,bearish_break,-1.186741,11-20
HYPE/USDT,10,2026-06-03 16:55:00+00:00,72.5,72.41,SwingHigh,SwingHigh,0.716719,5,bearish_break,-0.8,3-5
HYPE/USDT,10,2026-06-03 21:10:00+00:00,73.68,73.52,SwingHigh,SwingHigh,0.74077,44,bearish_break,-0.12215,41-60
HYPE/USDT,10,2026-06-04 03:05:00+00:00,73.48,72.74,SwingLow,SwingHigh,0.741453,30,bearish_break,-0.598802,21-40
HYPE/USDT,10,2026-06-04 03:35:00+00:00,73.64,73.31,SwingHigh,SwingHigh,0.716215,24,bearish_break,-0.814775,21-40
HYPE/USDT,10,2026-06-04 18:35:00+00:00,67.36,66.81,SwingLow,SwingLow,0.713984,5,bearish_break,-1.128266,3-5
HYPE/USDT,10,2026-06-05 01:20:00+00:00,65.06,64.17,SwingLow,SwingLow,0.735438,16,bearish_break,-0.799262,11-20
HYPE/USDT,10,2026-06-05 01:30:00+00:00,65.75,64.99,SwingLow,SwingLow,0.763151,14,bearish_break,-1.840304,11-20
HYPE/USDT,10,2026-06-05 14:35:00+00:00,63.52,62.17,SwingLow,SwingLow,0.67555,3,bearish_break,-3.180101,3-5
HYPE/USDT,10,2026-06-06 00:35:00+00:00,60.94,60.54,SwingLow,SwingLow,0.782657,24,bearish_break,-2.543485,21-40
HYPE/USDT,10,2026-06-06 01:25:00+00:00,60.38,60.09,SwingHigh,SwingLow,0.734285,14,bearish_break,-1.639616,11-20
HYPE/USDT,10,2026-06-06 07:10:00+00:00,59.9,59.69,SwingLow,SwingHigh,0.779933,34,bearish_break,-1.619366,21-40
HYPE/USDT,10,2026-06-06 20:55:00+00:00,56.57,56.39,SwingLow,,0.726124,60,time_stop,3.040481,41-60
HYPE/USDT,10,2026-06-06 22:50:00+00:00,56.6,56.39,SwingLow,SwingLow,0.761619,57,bearish_break,2.190813,41-60
HYPE/USDT,10,2026-06-06 23:35:00+00:00,56.83,56.39,SwingLow,SwingLow,0.69866,48,bearish_break,1.77723,41-60
HYPE/USDT,10,2026-06-07 15:40:00+00:00,59.06,58.55,SwingHigh,,0.695973,60,time_stop,-1.354555,41-60
HYPE/USDT,10,2026-06-07 16:40:00+00:00,58.66,58.55,SwingHigh,,0.730569,60,time_stop,-0.102284,41-60
HYPE/USDT,10,2026-06-07 22:10:00+00:00,59.47,58.11,SwingHigh,,0.761138,60,time_stop,4.287876,41-60
HYPE/USDT,10,2026-06-08 06:40:00+00:00,62.95,62.7,SwingLow,,0.756605,60,time_stop,-1.699762,41-60
HYPE/USDT,10,2026-06-08 10:05:00+00:00,61.62,61.4,SwingLow,,0.772323,60,time_stop,4.673807,41-60
HYPE/USDT,10,2026-06-08 11:10:00+00:00,61.63,61.4,SwingLow,,0.711603,60,time_stop,5.370761,41-60
HYPE/USDT,10,2026-06-08 12:35:00+00:00,62.17,61.89,SwingHigh,SwingHigh,0.726699,46,bearish_break,3.731703,41-60
HYPE/USDT,10,2026-06-08 15:10:00+00:00,65.08,64.5,SwingHigh,SwingHigh,0.715343,15,bearish_break,-0.906577,11-20
HYPE/USDT,10,2026-06-10 13:25:00+00:00,56.56,56.1,SwingLow,SwingHigh,0.745518,40,bearish_break,-1.396747,21-40
HYPE/USDT,10,2026-06-10 13:30:00+00:00,56.71,56.56,SwingHigh,SwingHigh,0.729862,39,bearish_break,-1.657556,21-40
HYPE/USDT,10,2026-06-10 22:40:00+00:00,53.43,52.92,SwingHigh,SwingLow,0.683688,7,bearish_break,-1.235261,6-10
HYPE/USDT,10,2026-06-11 01:10:00+00:00,54.49,53.07,SwingLow,,0.738103,60,time_stop,2.697743,41-60
HYPE/USDT,10,2026-06-11 04:50:00+00:00,54.94,54.8,SwingHigh,SwingHigh,0.746794,33,bearish_break,1.437932,21-40
HYPE/USDT,10,2026-06-11 09:55:00+00:00,56.16,55.97,SwingHigh,,0.757694,60,time_stop,1.317664,41-60
HYPE/USDT,10,2026-06-11 13:35:00+00:00,56.44,56.35,SwingLow,SwingHigh,0.75664,19,bearish_break,0.549256,11-20
HYPE/USDT,10,2026-06-11 19:15:00+00:00,58.96,58.5,SwingHigh,SwingHigh,0.713227,14,bearish_break,-0.797151,11-20
HYPE/USDT,10,2026-06-11 23:15:00+00:00,58.89,58.78,SwingHigh,SwingHigh,0.727237,26,bearish_break,-0.679232,21-40
HYPE/USDT,10,2026-06-12 00:00:00+00:00,59.11,58.92,SwingHigh,SwingHigh,0.718394,17,bearish_break,-1.048892,11-20
HYPE/USDT,10,2026-06-12 02:20:00+00:00,59.02,58.5,SwingHigh,SwingHigh,0.691534,31,bearish_break,-0.491359,21-40
HYPE/USDT,10,2026-06-12 09:35:00+00:00,59.11,58.94,SwingHigh,SwingLow,0.762795,40,bearish_break,2.199289,21-40
HYPE/USDT,10,2026-06-12 15:10:00+00:00,61.28,60.27,SwingLow,SwingLow,0.725573,7,bearish_break,-2.268277,6-10
HYPE/USDT,10,2026-06-12 18:40:00+00:00,62.01,61.91,SwingHigh,SwingLow,0.714501,5,bearish_break,-1.499758,3-5
HYPE/USDT,10,2026-06-13 02:40:00+00:00,59.69,59.49,SwingHigh,SwingHigh,0.716453,4,bearish_break,-0.770648,3-5
HYPE/USDT,10,2026-06-13 06:45:00+00:00,58.51,58.09,SwingLow,,0.750136,60,time_stop,-0.803281,41-60
HYPE/USDT,10,2026-06-13 19:15:00+00:00,59.88,59.77,SwingLow,,0.726917,60,time_stop,1.068804,41-60
HYPE/USDT,10,2026-06-13 19:45:00+00:00,60.03,59.77,SwingLow,,0.757831,60,time_stop,1.615859,41-60
HYPE/USDT,10,2026-06-14 07:15:00+00:00,60.38,59.81,SwingHigh,,0.712609,60,time_stop,1.440874,41-60
HYPE/USDT,10,2026-06-14 11:35:00+00:00,61.22,60.98,SwingLow,SwingLow,0.732469,33,bearish_break,-1.617119,21-40
HYPE/USDT,10,2026-06-14 13:40:00+00:00,61.29,60.98,SwingLow,SwingLow,0.711354,8,bearish_break,-1.729483,6-10
HYPE/USDT,10,2026-06-14 18:40:00+00:00,60.24,60.01,SwingHigh,,0.76504,60,time_stop,6.208499,41-60
ICP/USDT,10,2026-06-03 04:05:00+00:00,3.115,3.094,SwingHigh,SwingHigh,0.716991,47,bearish_break,-0.802568,41-60
ICP/USDT,10,2026-06-05 17:10:00+00:00,2.281,2.268,SwingLow,SwingLow,0.779309,11,bearish_break,-2.542744,11-20
ICP/USDT,10,2026-06-07 04:35:00+00:00,2.387,2.363,SwingLow,,0.804359,60,time_stop,3.896104,41-60
ICP/USDT,10,2026-06-09 04:30:00+00:00,2.314,2.275,SwingLow,,0.731643,60,time_stop,0.0,41-60
ICP/USDT,10,2026-06-09 13:00:00+00:00,2.355,2.312,SwingLow,,0.735209,60,time_stop,-1.146497,41-60
ICP/USDT,10,2026-06-09 17:55:00+00:00,2.328,2.292,SwingLow,,0.710575,60,time_stop,-1.675258,41-60
ICP/USDT,10,2026-06-10 04:05:00+00:00,2.278,2.254,SwingLow,SwingHigh,0.807282,14,bearish_break,-1.316945,11-20
ICP/USDT,10,2026-06-13 01:05:00+00:00,2.387,2.29,SwingLow,SwingLow,0.936498,22,bearish_break,-2.09468,21-40
ICP/USDT,10,2026-06-14 17:20:00+00:00,2.413,2.409,SwingLow,SwingHigh,0.782896,32,bearish_break,0.331538,21-40
INJ/USDT,10,2026-06-01 22:50:00+00:00,7.065,7.003,SwingLow,SwingHigh,0.697834,12,bearish_break,-1.472045,11-20
INJ/USDT,10,2026-06-02 13:45:00+00:00,7.214,7.141,SwingLow,,0.717947,60,time_stop,-7.416135,41-60
INJ/USDT,10,2026-06-04 11:45:00+00:00,5.898,5.865,SwingHigh,SwingHigh,0.714243,18,bearish_break,-1.76331,11-20
INJ/USDT,10,2026-06-04 23:45:00+00:00,5.431,5.39,SwingLow,,0.785274,60,time_stop,-0.147303,41-60
INJ/USDT,10,2026-06-06 11:30:00+00:00,5.189,5.158,SwingLow,SwingHigh,0.717104,45,bearish_break,-1.830796,41-60
INJ/USDT,10,2026-06-06 16:40:00+00:00,5.116,5.096,SwingLow,,0.815148,60,time_stop,-0.019547,41-60
INJ/USDT,10,2026-06-07 14:00:00+00:00,5.227,5.194,SwingLow,SwingHigh,0.736825,49,bearish_break,2.027932,41-60
INJ/USDT,10,2026-06-11 06:10:00+00:00,5.317,5.289,SwingHigh,,0.767139,60,time_stop,-1.673876,41-60
IOTA/USDT,10,2026-06-03 07:50:00+00:00,0.0559,0.0528,SwingLow,SwingHigh,0.799844,53,bearish_break,-4.293381,41-60
IOTA/USDT,10,2026-06-04 03:00:00+00:00,0.0491,0.0486,SwingLow,,0.777189,60,time_stop,-1.01833,41-60
IOTA/USDT,10,2026-06-04 19:20:00+00:00,0.0493,0.0489,SwingLow,,0.796099,60,time_stop,-3.448276,41-60
IOTA/USDT,10,2026-06-05 05:20:00+00:00,0.0467,0.0464,SwingLow,,0.797735,60,time_stop,-3.85439,41-60
IOTA/USDT,10,2026-06-05 09:20:00+00:00,0.0449,0.0447,SwingLow,,0.852261,60,time_stop,1.113586,41-60
IOTA/USDT,10,2026-06-07 02:40:00+00:00,0.0463,0.0454,SwingHigh,SwingLow,0.810974,17,bearish_break,-2.591793,11-20
IOTA/USDT,10,2026-06-12 15:45:00+00:00,0.0476,0.047,SwingLow,SwingLow,0.834964,52,bearish_break,-0.840336,41-60
IOTA/USDT,10,2026-06-13 09:20:00+00:00,0.0466,0.0459,SwingLow,,0.89359,60,time_stop,1.072961,41-60
IOTA/USDT,10,2026-06-14 13:45:00+00:00,0.0462,0.0459,SwingHigh,,0.908672,60,time_stop,-0.649351,41-60
JTO/USDT,10,2026-06-07 14:25:00+00:00,0.6611,0.6481,SwingHigh,,0.844318,60,time_stop,-7.759794,41-60
JTO/USDT,10,2026-06-07 22:10:00+00:00,0.622,0.6098,SwingHigh,,0.872614,60,time_stop,-1.993569,41-60
JTO/USDT,10,2026-06-11 18:15:00+00:00,0.5431,0.5301,SwingLow,,0.871111,60,time_stop,2.246363,41-60
JUP/USDT,10,2026-06-12 08:00:00+00:00,0.1614,0.1425,SwingHigh,,0.939382,60,time_stop,0.0,41-60
KAVA/USDT,10,2026-06-05 20:20:00+00:00,0.04218,0.03803,SwingLow,,0.935957,60,time_stop,3.816975,41-60
KAVA/USDT,10,2026-06-06 14:00:00+00:00,0.04,0.03406,SwingHigh,,0.975701,60,time_stop,0.0,41-60
LINK/USDT,10,2026-06-01 23:00:00+00:00,9.046,9.029,SwingLow,SwingLow,0.709824,17,bearish_break,-0.342693,11-20
LINK/USDT,10,2026-06-02 10:55:00+00:00,8.857,8.835,SwingLow,SwingLow,0.740343,13,bearish_break,-0.395168,11-20
LINK/USDT,10,2026-06-02 13:10:00+00:00,8.851,8.837,SwingLow,SwingHigh,0.709213,11,bearish_break,-0.463224,11-20
LINK/USDT,10,2026-06-02 13:45:00+00:00,8.847,8.837,SwingLow,SwingHigh,0.71602,4,bearish_break,-0.418221,3-5
LINK/USDT,10,2026-06-02 17:20:00+00:00,8.659,8.632,SwingLow,SwingLow,0.705944,12,bearish_break,-0.681372,11-20
LINK/USDT,10,2026-06-02 17:55:00+00:00,8.653,8.632,SwingLow,SwingLow,0.712137,5,bearish_break,-0.612504,3-5
LINK/USDT,10,2026-06-02 20:50:00+00:00,8.55,8.5,SwingLow,SwingLow,0.724619,17,bearish_break,-1.204678,11-20
LINK/USDT,10,2026-06-03 17:15:00+00:00,8.29,8.241,SwingLow,SwingHigh,0.701049,36,bearish_break,-1.037394,21-40
LINK/USDT,10,2026-06-03 20:10:00+00:00,8.262,8.241,SwingLow,SwingHigh,0.731244,1,bearish_break,-0.702009,1-2
LINK/USDT,10,2026-06-04 05:15:00+00:00,8.147,8.115,SwingLow,SwingLow,0.738482,15,bearish_break,0.564625,11-20
LINK/USDT,10,2026-06-04 07:35:00+00:00,8.131,8.115,SwingLow,,0.74799,60,time_stop,-0.627229,41-60
LINK/USDT,10,2026-06-04 10:30:00+00:00,7.904,7.89,SwingLow,,0.75363,60,time_stop,2.226721,41-60
LINK/USDT,10,2026-06-05 13:30:00+00:00,7.64,7.611,SwingLow,SwingLow,0.709554,18,bearish_break,-3.089005,11-20
LINK/USDT,10,2026-06-05 16:55:00+00:00,7.499,7.453,SwingLow,SwingHigh,0.784281,12,bearish_break,-1.026804,11-20
LINK/USDT,10,2026-06-06 08:00:00+00:00,7.383,7.37,SwingLow,,0.734883,60,time_stop,-0.027089,41-60
LINK/USDT,10,2026-06-07 03:15:00+00:00,7.592,7.547,SwingHigh,SwingHigh,0.718029,14,bearish_break,-0.737619,11-20
LINK/USDT,10,2026-06-07 22:10:00+00:00,7.945,7.672,SwingHigh,SwingHigh,0.759784,38,bearish_break,-1.258653,21-40
LINK/USDT,10,2026-06-07 23:10:00+00:00,7.889,7.861,SwingHigh,SwingHigh,0.763775,26,bearish_break,-0.557739,21-40
LINK/USDT,10,2026-06-08 03:40:00+00:00,7.871,7.861,SwingHigh,,0.755002,60,time_stop,0.050819,41-60
LINK/USDT,10,2026-06-08 20:40:00+00:00,8.034,8.025,SwingHigh,SwingHigh,0.781043,22,bearish_break,-0.348519,21-40
LINK/USDT,10,2026-06-08 23:00:00+00:00,8.051,8.025,SwingHigh,SwingHigh,0.723386,43,bearish_break,-3.018259,41-60
LINK/USDT,10,2026-06-09 01:20:00+00:00,7.849,7.834,SwingHigh,SwingHigh,0.728587,15,bearish_break,-0.52236,11-20
LINK/USDT,10,2026-06-09 13:00:00+00:00,7.941,7.924,SwingLow,SwingLow,0.755932,5,bearish_break,-0.705201,3-5
LINK/USDT,10,2026-06-09 19:30:00+00:00,7.885,7.843,SwingHigh,SwingHigh,0.734138,49,bearish_break,-1.001902,41-60
LINK/USDT,10,2026-06-11 04:55:00+00:00,7.809,7.797,SwingHigh,SwingHigh,0.761155,13,bearish_break,-0.499424,11-20
LINK/USDT,10,2026-06-11 08:20:00+00:00,7.812,7.797,SwingHigh,SwingLow,0.768221,10,bearish_break,-0.179211,6-10
LINK/USDT,10,2026-06-11 09:40:00+00:00,7.801,7.789,SwingHigh,SwingHigh,0.73697,47,bearish_break,-0.11537,41-60
LINK/USDT,10,2026-06-12 20:10:00+00:00,7.846,7.831,SwingHigh,,0.72869,60,time_stop,0.560795,41-60
LINK/USDT,10,2026-06-13 04:40:00+00:00,7.905,7.89,SwingHigh,,0.767796,60,time_stop,0.885515,41-60
LINK/USDT,10,2026-06-13 06:45:00+00:00,7.925,7.887,SwingLow,,0.706762,60,time_stop,0.744479,41-60
LINK/USDT,10,2026-06-13 12:45:00+00:00,8.006,7.984,SwingHigh,,0.728372,60,time_stop,0.237322,41-60
LTC/USDT,10,2026-06-01 19:45:00+00:00,50.93,50.86,SwingLow,SwingLow,0.750982,27,bearish_break,-0.667583,21-40
LTC/USDT,10,2026-06-01 20:35:00+00:00,50.99,50.86,SwingLow,SwingLow,0.727451,17,bearish_break,-0.784468,11-20
LTC/USDT,10,2026-06-01 21:25:00+00:00,50.77,50.7,SwingLow,SwingLow,0.745442,7,bearish_break,-0.35454,6-10
LTC/USDT,10,2026-06-02 08:15:00+00:00,49.63,49.53,SwingHigh,SwingHigh,0.737317,4,bearish_break,-0.241789,3-5
LTC/USDT,10,2026-06-02 18:00:00+00:00,48.52,48.44,SwingHigh,SwingHigh,0.714052,42,bearish_break,-0.597692,41-60
LTC/USDT,10,2026-06-03 04:55:00+00:00,47.73,47.63,SwingHigh,SwingHigh,0.829804,57,bearish_break,0.628536,41-60
LTC/USDT,10,2026-06-03 09:50:00+00:00,48.27,48.12,SwingHigh,SwingHigh,0.710475,5,bearish_break,-0.082867,3-5
LTC/USDT,10,2026-06-03 10:10:00+00:00,48.37,48.12,SwingHigh,SwingHigh,0.696355,1,bearish_break,-0.289436,1-2
LTC/USDT,10,2026-06-03 12:30:00+00:00,48.17,48.12,SwingHigh,SwingHigh,0.715505,21,bearish_break,-0.726593,21-40
LTC/USDT,10,2026-06-03 12:40:00+00:00,48.17,48.12,SwingHigh,SwingHigh,0.729576,19,bearish_break,-0.726593,11-20
LTC/USDT,10,2026-06-03 21:15:00+00:00,47.62,47.47,SwingHigh,SwingLow,0.805511,16,bearish_break,0.0,11-20
LTC/USDT,10,2026-06-04 03:00:00+00:00,46.32,45.82,SwingLow,,0.754688,60,time_stop,-0.280656,41-60
LTC/USDT,10,2026-06-04 06:15:00+00:00,46.76,46.46,SwingLow,SwingHigh,0.764917,22,bearish_break,-1.283148,21-40
LTC/USDT,10,2026-06-04 07:35:00+00:00,46.46,46.23,SwingHigh,SwingHigh,0.713561,6,bearish_break,-0.645717,6-10
LTC/USDT,10,2026-06-04 08:35:00+00:00,46.28,46.23,SwingHigh,SwingLow,0.718043,5,bearish_break,-0.194468,3-5
LTC/USDT,10,2026-06-04 13:30:00+00:00,46.55,46.16,SwingLow,,0.737973,60,time_stop,0.042965,41-60
LTC/USDT,10,2026-06-05 00:20:00+00:00,45.66,45.53,SwingHigh,SwingHigh,0.732635,8,bearish_break,-1.248357,6-10
LTC/USDT,10,2026-06-05 01:30:00+00:00,45.68,45.33,SwingHigh,SwingHigh,0.729893,7,bearish_break,-0.372154,6-10
LTC/USDT,10,2026-06-05 15:00:00+00:00,43.43,43.26,SwingLow,SwingLow,0.718677,6,bearish_break,-0.552613,6-10
LTC/USDT,10,2026-06-05 16:15:00+00:00,43.76,43.26,SwingLow,SwingLow,0.728449,11,bearish_break,0.0,11-20
LTC/USDT,10,2026-06-05 16:40:00+00:00,43.35,43.26,SwingLow,SwingLow,0.718057,6,bearish_break,0.94579,6-10
LTC/USDT,10,2026-06-05 20:25:00+00:00,43.26,43.09,SwingHigh,SwingLow,0.727996,19,bearish_break,1.479427,11-20
LTC/USDT,10,2026-06-06 08:10:00+00:00,42.94,42.6,SwingHigh,,0.721651,60,time_stop,0.13973,41-60
LTC/USDT,10,2026-06-06 12:50:00+00:00,43.0,42.6,SwingHigh,,0.690764,60,time_stop,-2.395349,41-60
LTC/USDT,10,2026-06-07 06:15:00+00:00,41.9,41.7,SwingHigh,,0.733753,60,time_stop,0.811456,41-60
LTC/USDT,10,2026-06-07 22:10:00+00:00,42.94,41.71,SwingLow,,0.690869,60,time_stop,-0.628784,41-60
LTC/USDT,10,2026-06-07 23:25:00+00:00,43.0,42.83,SwingHigh,,0.690998,60,time_stop,-1.744186,41-60
LTC/USDT,10,2026-06-08 16:30:00+00:00,43.23,43.08,SwingLow,SwingLow,0.727058,6,bearish_break,-0.693963,6-10
LTC/USDT,10,2026-06-09 06:05:00+00:00,42.9,42.85,SwingLow,SwingLow,0.786978,32,bearish_break,-0.32634,21-40
LTC/USDT,10,2026-06-10 13:30:00+00:00,42.89,42.65,SwingHigh,SwingHigh,0.690893,13,bearish_break,-0.862672,11-20
LTC/USDT,10,2026-06-10 15:40:00+00:00,42.75,42.57,SwingLow,SwingHigh,0.715746,13,bearish_break,-0.584795,11-20
LTC/USDT,10,2026-06-10 15:50:00+00:00,42.94,42.65,SwingHigh,SwingHigh,0.70104,11,bearish_break,-1.024686,11-20
LTC/USDT,10,2026-06-11 01:10:00+00:00,42.16,42.01,SwingHigh,SwingHigh,0.722322,51,bearish_break,1.13852,41-60
LTC/USDT,10,2026-06-11 19:30:00+00:00,42.83,42.6,SwingHigh,,0.715309,60,time_stop,-0.37357,41-60
LTC/USDT,10,2026-06-12 04:25:00+00:00,42.8,42.71,SwingLow,SwingLow,0.762401,8,bearish_break,-0.350467,6-10
LTC/USDT,10,2026-06-12 08:30:00+00:00,42.77,42.71,SwingLow,,0.773569,60,time_stop,0.070143,41-60
LTC/USDT,10,2026-06-13 21:40:00+00:00,44.23,43.94,SwingLow,SwingLow,0.78606,57,bearish_break,0.4974,41-60
LTC/USDT,10,2026-06-14 00:10:00+00:00,44.53,44.27,SwingHigh,SwingLow,0.758405,27,bearish_break,-0.179654,21-40
LTC/USDT,10,2026-06-14 01:10:00+00:00,44.48,44.43,SwingHigh,SwingLow,0.784647,15,bearish_break,-0.067446,11-20
NEAR/USDT,10,2026-06-02 03:15:00+00:00,2.684,2.662,SwingLow,,0.725001,60,time_stop,-1.974665,41-60
NEAR/USDT,10,2026-06-02 10:00:00+00:00,2.631,2.62,SwingHigh,SwingLow,0.74628,35,bearish_break,2.584569,21-40
NEAR/USDT,10,2026-06-03 08:30:00+00:00,2.911,2.861,SwingHigh,SwingHigh,0.738305,12,bearish_break,-2.507729,11-20
NEAR/USDT,10,2026-06-03 09:00:00+00:00,2.872,2.861,SwingHigh,SwingHigh,0.769247,6,bearish_break,-1.183844,6-10
NEAR/USDT,10,2026-06-03 11:50:00+00:00,2.888,2.87,SwingHigh,SwingLow,0.726654,47,bearish_break,2.354571,41-60
NEAR/USDT,10,2026-06-03 21:15:00+00:00,2.861,2.848,SwingHigh,SwingLow,0.744794,5,bearish_break,0.034953,3-5
NEAR/USDT,10,2026-06-03 21:25:00+00:00,2.872,2.848,SwingHigh,SwingLow,0.703185,3,bearish_break,-0.348189,3-5
NEAR/USDT,10,2026-06-03 21:30:00+00:00,2.895,2.871,SwingLow,SwingLow,0.703176,2,bearish_break,-1.139896,1-2
NEAR/USDT,10,2026-06-04 03:00:00+00:00,2.771,2.716,SwingLow,SwingLow,0.709951,45,bearish_break,-9.418982,41-60
NEAR/USDT,10,2026-06-04 14:05:00+00:00,2.395,2.382,SwingHigh,SwingHigh,0.700092,7,bearish_break,-1.127349,6-10
NEAR/USDT,10,2026-06-04 16:05:00+00:00,2.425,2.396,SwingHigh,SwingHigh,0.730828,20,bearish_break,-1.773196,11-20
NEAR/USDT,10,2026-06-05 02:30:00+00:00,2.206,2.197,SwingLow,SwingHigh,0.684849,30,bearish_break,-1.178604,21-40
NEAR/USDT,10,2026-06-05 08:30:00+00:00,2.07,2.058,SwingLow,SwingLow,0.758295,2,bearish_break,-1.642512,1-2
NEAR/USDT,10,2026-06-05 13:10:00+00:00,2.07,2.058,SwingHigh,SwingLow,0.739771,7,bearish_break,-2.028986,6-10
NEAR/USDT,10,2026-06-05 13:25:00+00:00,2.061,2.058,SwingHigh,SwingLow,0.727898,4,bearish_break,-1.601164,3-5
NEAR/USDT,10,2026-06-06 11:35:00+00:00,1.91,1.895,SwingLow,SwingHigh,0.717762,10,bearish_break,-0.942408,6-10
NEAR/USDT,10,2026-06-06 11:45:00+00:00,1.915,1.903,SwingHigh,SwingHigh,0.748885,8,bearish_break,-1.201044,6-10
NEAR/USDT,10,2026-06-06 12:50:00+00:00,1.915,1.91,SwingHigh,SwingHigh,0.748965,7,bearish_break,-0.678851,6-10
NEAR/USDT,10,2026-06-06 13:20:00+00:00,1.91,1.903,SwingHigh,SwingHigh,0.722315,1,bearish_break,-0.418848,1-2
NEAR/USDT,10,2026-06-07 00:30:00+00:00,1.881,1.857,SwingLow,SwingHigh,0.720841,31,bearish_break,-0.903775,21-40
NEAR/USDT,10,2026-06-07 04:15:00+00:00,1.869,1.857,SwingLow,SwingHigh,0.707645,2,bearish_break,-0.58855,1-2
NEAR/USDT,10,2026-06-07 04:35:00+00:00,1.881,1.869,SwingHigh,SwingLow,0.728182,3,bearish_break,-0.637959,3-5
NEAR/USDT,10,2026-06-07 08:25:00+00:00,1.918,1.915,SwingHigh,SwingHigh,0.719579,16,bearish_break,-0.417101,11-20
NEAR/USDT,10,2026-06-07 13:30:00+00:00,1.91,1.902,SwingHigh,,0.735624,60,time_stop,8.324607,41-60
NEAR/USDT,10,2026-06-07 22:10:00+00:00,2.074,2.02,SwingLow,SwingHigh,0.696792,39,bearish_break,-2.555448,21-40
NEAR/USDT,10,2026-06-08 01:35:00+00:00,2.045,2.02,SwingLow,SwingHigh,0.764082,32,bearish_break,-0.0489,21-40
NEAR/USDT,10,2026-06-10 01:15:00+00:00,2.172,2.159,SwingLow,SwingHigh,0.731112,4,bearish_break,0.598527,3-5
NEAR/USDT,10,2026-06-10 03:25:00+00:00,2.172,2.159,SwingLow,SwingLow,0.686087,5,bearish_break,-1.197053,3-5
NEAR/USDT,10,2026-06-11 01:40:00+00:00,2.009,1.997,SwingHigh,,0.711727,60,time_stop,3.384769,41-60
NEAR/USDT,10,2026-06-11 04:40:00+00:00,2.029,2.021,SwingLow,SwingHigh,0.736881,36,bearish_break,0.197141,21-40
NEAR/USDT,10,2026-06-11 11:40:00+00:00,2.045,2.037,SwingHigh,SwingHigh,0.747098,20,bearish_break,-1.613692,11-20
NEAR/USDT,10,2026-06-11 17:30:00+00:00,2.028,1.997,SwingLow,,0.749429,60,time_stop,1.676529,41-60
NEAR/USDT,10,2026-06-12 00:05:00+00:00,2.077,2.062,SwingLow,SwingLow,0.734879,13,bearish_break,-1.540684,11-20
NEAR/USDT,10,2026-06-12 00:50:00+00:00,2.069,2.062,SwingLow,SwingLow,0.733491,4,bearish_break,-1.159981,3-5
NEAR/USDT,10,2026-06-12 01:50:00+00:00,2.058,2.054,SwingLow,,0.712063,60,time_stop,-0.194363,41-60
NEAR/USDT,10,2026-06-12 02:05:00+00:00,2.07,2.062,SwingLow,,0.747133,60,time_stop,1.207729,41-60
NEAR/USDT,10,2026-06-12 05:55:00+00:00,2.059,2.054,SwingLow,SwingLow,0.698492,19,bearish_break,2.13696,11-20
NEAR/USDT,10,2026-06-12 08:25:00+00:00,2.12,2.109,SwingLow,SwingLow,0.787408,34,bearish_break,-0.801887,21-40
NEAR/USDT,10,2026-06-12 10:15:00+00:00,2.147,2.136,SwingLow,SwingLow,0.732367,12,bearish_break,-2.049371,11-20
NEAR/USDT,10,2026-06-12 12:30:00+00:00,2.118,2.108,SwingHigh,SwingHigh,0.715168,4,bearish_break,-0.708215,3-5
NEAR/USDT,10,2026-06-12 14:50:00+00:00,2.094,2.058,SwingLow,SwingLow,0.729551,11,bearish_break,-1.91022,11-20
NEAR/USDT,10,2026-06-12 17:05:00+00:00,2.062,2.058,SwingLow,SwingLow,0.723209,12,bearish_break,-0.824442,11-20
NEAR/USDT,10,2026-06-12 18:10:00+00:00,2.051,2.045,SwingLow,SwingHigh,0.710672,2,bearish_break,-1.267674,1-2
NEAR/USDT,10,2026-06-12 19:35:00+00:00,2.037,2.029,SwingHigh,SwingLow,0.751367,27,bearish_break,-2.405498,21-40
NEAR/USDT,10,2026-06-13 11:15:00+00:00,2.033,2.029,SwingHigh,,0.728701,60,time_stop,5.066404,41-60
NEAR/USDT,10,2026-06-13 18:40:00+00:00,2.126,2.119,SwingLow,SwingLow,0.75236,15,bearish_break,-1.081844,11-20
NEAR/USDT,10,2026-06-13 19:40:00+00:00,2.127,2.112,SwingHigh,SwingLow,0.717253,3,bearish_break,-1.12835,3-5
NEAR/USDT,10,2026-06-13 21:35:00+00:00,2.119,2.112,SwingHigh,,0.730101,60,time_stop,1.60453,41-60
NEAR/USDT,10,2026-06-14 16:05:00+00:00,2.078,2.07,SwingLow,,0.732086,60,time_stop,1.539942,41-60
NEAR/USDT,10,2026-06-14 18:10:00+00:00,2.095,2.086,SwingHigh,SwingLow,0.724588,47,bearish_break,3.627685,41-60
NEO/USDT,10,2026-06-04 05:10:00+00:00,2.4,2.36,SwingLow,,0.827892,60,time_stop,-1.666667,41-60
NEO/USDT,10,2026-06-04 15:10:00+00:00,2.45,2.36,SwingLow,,0.91483,60,time_stop,-2.857143,41-60
NEO/USDT,10,2026-06-06 02:45:00+00:00,2.2,2.18,SwingHigh,,0.846235,60,time_stop,-3.636364,41-60
ONDO/USDT,10,2026-06-04 06:30:00+00:00,0.3914,0.3835,SwingLow,SwingLow,0.756337,19,bearish_break,-4.343383,11-20
ONDO/USDT,10,2026-06-04 22:50:00+00:00,0.37,0.365,SwingLow,,0.811399,60,time_stop,-1.837838,41-60
ONDO/USDT,10,2026-06-05 09:20:00+00:00,0.3533,0.3513,SwingLow,,0.770685,60,time_stop,-1.61336,41-60
ONDO/USDT,10,2026-06-05 17:30:00+00:00,0.3431,0.338,SwingHigh,SwingHigh,0.700495,11,bearish_break,-1.836199,11-20
ONDO/USDT,10,2026-06-08 09:20:00+00:00,0.3532,0.3521,SwingHigh,,0.803849,60,time_stop,2.746319,41-60
ONDO/USDT,10,2026-06-09 18:15:00+00:00,0.3608,0.3558,SwingLow,,0.77975,60,time_stop,-2.134146,41-60
ONDO/USDT,10,2026-06-10 23:30:00+00:00,0.3335,0.3307,SwingLow,,0.799806,60,time_stop,3.718141,41-60
ONDO/USDT,10,2026-06-11 02:00:00+00:00,0.3412,0.3377,SwingHigh,,0.775813,60,time_stop,2.579132,41-60
ONDO/USDT,10,2026-06-11 06:30:00+00:00,0.35,0.3459,SwingHigh,,0.781427,60,time_stop,0.0,41-60
ONDO/USDT,10,2026-06-13 02:25:00+00:00,0.3609,0.3527,SwingHigh,,0.794187,60,time_stop,0.387919,41-60
ONE/USDT,10,2026-06-01 21:15:00+00:00,0.00201,0.002,SwingLow,,0.82573,60,time_stop,-1.492537,41-60
ONE/USDT,10,2026-06-03 05:00:00+00:00,0.00181,0.00179,SwingLow,,0.920856,60,time_stop,2.762431,41-60
ONE/USDT,10,2026-06-09 01:45:00+00:00,0.0015,0.00149,SwingLow,,0.882167,60,time_stop,-1.333333,41-60
OP/USDT,10,2026-06-03 21:35:00+00:00,0.124,0.123,SwingHigh,,0.802793,60,time_stop,-8.870968,41-60
OP/USDT,10,2026-06-03 21:45:00+00:00,0.124,0.123,SwingHigh,,0.766275,60,time_stop,-8.870968,41-60
OP/USDT,10,2026-06-12 09:30:00+00:00,0.099,0.096,SwingHigh,,0.920301,60,time_stop,-2.020202,41-60
OP/USDT,10,2026-06-13 06:05:00+00:00,0.102,0.101,SwingHigh,,0.945694,60,time_stop,4.901961,41-60
OP/USDT,10,2026-06-13 15:20:00+00:00,0.109,0.108,SwingHigh,SwingLow,0.742102,2,bearish_break,-0.917431,1-2
OP/USDT,10,2026-06-13 15:35:00+00:00,0.109,0.108,SwingHigh,SwingLow,0.738777,3,bearish_break,-0.917431,3-5
OP/USDT,10,2026-06-13 17:30:00+00:00,0.11,0.108,SwingHigh,SwingLow,0.733851,16,bearish_break,-1.818182,11-20
OP/USDT,10,2026-06-13 19:45:00+00:00,0.109,0.108,SwingHigh,SwingLow,0.754606,8,bearish_break,-0.917431,6-10
OP/USDT,10,2026-06-14 10:45:00+00:00,0.108,0.106,SwingHigh,SwingHigh,0.837669,26,bearish_break,-2.777778,21-40
OP/USDT,10,2026-06-14 11:50:00+00:00,0.108,0.106,SwingHigh,SwingHigh,0.829374,13,bearish_break,-2.777778,11-20
PENGU/USDT,10,2026-06-03 04:00:00+00:00,0.006847,0.006756,SwingHigh,,0.756881,60,time_stop,4.834234,41-60
PENGU/USDT,10,2026-06-04 03:00:00+00:00,0.006962,0.006885,SwingLow,,0.755908,60,time_stop,-2.95892,41-60
PENGU/USDT,10,2026-06-04 06:10:00+00:00,0.006923,0.006885,SwingLow,,0.761465,60,time_stop,-4.131157,41-60
PENGU/USDT,10,2026-06-05 22:10:00+00:00,0.006396,0.006358,SwingHigh,SwingLow,0.712476,15,bearish_break,-2.845528,11-20
PENGU/USDT,10,2026-06-05 22:40:00+00:00,0.006367,0.006358,SwingHigh,SwingLow,0.766076,9,bearish_break,-2.403016,6-10
PENGU/USDT,10,2026-06-07 08:40:00+00:00,0.006867,0.00684,SwingHigh,SwingLow,0.724288,16,bearish_break,-2.009611,11-20
PENGU/USDT,10,2026-06-08 00:00:00+00:00,0.007012,0.006909,SwingLow,SwingLow,0.770577,14,bearish_break,-2.424415,11-20
PENGU/USDT,10,2026-06-08 07:10:00+00:00,0.006809,0.006764,SwingHigh,SwingLow,0.741291,58,bearish_break,0.45528,41-60
PENGU/USDT,10,2026-06-08 15:20:00+00:00,0.006986,0.006926,SwingLow,,0.778129,60,time_stop,-1.674778,41-60
PENGU/USDT,10,2026-06-09 01:30:00+00:00,0.006647,0.006622,SwingLow,,0.727076,60,time_stop,3.324808,41-60
PENGU/USDT,10,2026-06-09 17:20:00+00:00,0.006774,0.006738,SwingLow,,0.74341,60,time_stop,-0.856215,41-60
PENGU/USDT,10,2026-06-09 21:00:00+00:00,0.00677,0.006716,SwingLow,SwingLow,0.716875,22,bearish_break,-1.078287,21-40
PENGU/USDT,10,2026-06-10 01:00:00+00:00,0.006771,0.006676,SwingLow,SwingLow,0.767993,21,bearish_break,-1.713189,21-40
PENGU/USDT,10,2026-06-11 01:15:00+00:00,0.006441,0.006362,SwingLow,,0.741958,60,time_stop,4.300574,41-60
PENGU/USDT,10,2026-06-11 04:50:00+00:00,0.006835,0.00675,SwingHigh,,0.739796,60,time_stop,-1.50695,41-60
PENGU/USDT,10,2026-06-11 13:45:00+00:00,0.006735,0.006644,SwingHigh,SwingHigh,0.798935,15,bearish_break,-1.677803,11-20
PENGU/USDT,10,2026-06-12 14:35:00+00:00,0.006809,0.006771,SwingLow,,0.78899,60,time_stop,-0.719636,41-60
PENGU/USDT,10,2026-06-13 21:40:00+00:00,0.006809,0.006715,SwingLow,,0.755967,60,time_stop,-0.132178,41-60
PEPE/USDT,10,2026-06-03 04:45:00+00:00,3.12e-06,3.1e-06,SwingLow,,0.807728,60,time_stop,2.564103,41-60
PEPE/USDT,10,2026-06-03 17:20:00+00:00,3.15e-06,3.14e-06,SwingLow,SwingLow,0.775355,41,bearish_break,-0.952381,41-60
PEPE/USDT,10,2026-06-03 19:40:00+00:00,3.18e-06,3.14e-06,SwingLow,SwingLow,0.747922,13,bearish_break,-1.886792,11-20
PEPE/USDT,10,2026-06-03 20:10:00+00:00,3.15e-06,3.14e-06,SwingLow,SwingLow,0.758226,7,bearish_break,-0.952381,6-10
PEPE/USDT,10,2026-06-03 21:35:00+00:00,3.15e-06,3.14e-06,SwingLow,,0.726755,60,time_stop,-5.079365,41-60
PEPE/USDT,10,2026-06-04 19:25:00+00:00,3.03e-06,3.02e-06,SwingHigh,SwingHigh,0.782972,5,bearish_break,-0.990099,3-5
PEPE/USDT,10,2026-06-05 16:50:00+00:00,2.75e-06,2.73e-06,SwingLow,SwingLow,0.722654,4,bearish_break,0.727273,3-5
PEPE/USDT,10,2026-06-06 07:45:00+00:00,2.69e-06,2.67e-06,SwingLow,SwingLow,0.735505,57,bearish_break,-1.115242,41-60
PEPE/USDT,10,2026-06-07 07:55:00+00:00,2.77e-06,2.75e-06,SwingLow,SwingLow,0.800805,51,bearish_break,-0.722022,41-60
PEPE/USDT,10,2026-06-07 08:40:00+00:00,2.78e-06,2.75e-06,SwingHigh,SwingLow,0.8017,42,bearish_break,-1.079137,41-60
PEPE/USDT,10,2026-06-07 20:55:00+00:00,2.75e-06,2.73e-06,SwingLow,SwingHigh,0.824644,52,bearish_break,1.090909,41-60
PEPE/USDT,10,2026-06-07 23:25:00+00:00,2.81e-06,2.8e-06,SwingHigh,SwingHigh,0.785502,22,bearish_break,-1.067616,21-40
PEPE/USDT,10,2026-06-08 03:00:00+00:00,2.81e-06,2.8e-06,SwingHigh,,0.741732,60,time_stop,-0.355872,41-60
PEPE/USDT,10,2026-06-10 12:30:00+00:00,2.75e-06,2.7e-06,SwingHigh,,0.834366,60,time_stop,-1.090909,41-60
QNT/USDT,10,2026-06-13 20:55:00+00:00,67.6,64.34,SwingHigh,,0.85158,60,time_stop,-2.618343,41-60
RENDER/USDT,10,2026-06-03 04:55:00+00:00,2.179,2.142,SwingLow,,0.762893,60,time_stop,-0.18357,41-60
RENDER/USDT,10,2026-06-05 02:00:00+00:00,1.858,1.837,SwingLow,SwingLow,0.708026,45,bearish_break,-3.390743,41-60
RENDER/USDT,10,2026-06-05 13:15:00+00:00,1.729,1.697,SwingLow,SwingLow,0.722897,46,bearish_break,-3.123193,41-60
RENDER/USDT,10,2026-06-06 00:10:00+00:00,1.695,1.659,SwingHigh,,0.68776,60,time_stop,-6.430678,41-60
RENDER/USDT,10,2026-06-07 08:50:00+00:00,1.703,1.67,SwingHigh,SwingHigh,0.760047,39,bearish_break,-2.818555,21-40
RENDER/USDT,10,2026-06-08 16:40:00+00:00,1.658,1.65,SwingHigh,,0.85612,60,time_stop,1.206273,41-60
RENDER/USDT,10,2026-06-08 18:00:00+00:00,1.678,1.658,SwingLow,,0.787471,60,time_stop,0.0,41-60
RENDER/USDT,10,2026-06-11 04:50:00+00:00,1.576,1.572,SwingLow,,0.766769,60,time_stop,-0.888325,41-60
RENDER/USDT,10,2026-06-11 08:45:00+00:00,1.579,1.577,SwingHigh,,0.862939,60,time_stop,-1.266624,41-60
RENDER/USDT,10,2026-06-13 21:45:00+00:00,1.799,1.747,SwingHigh,,0.790308,60,time_stop,-1.778766,41-60
RVN/USDT,10,2026-06-03 05:05:00+00:00,0.0049,0.00476,SwingLow,,0.831391,60,time_stop,-0.204082,41-60
RVN/USDT,10,2026-06-06 09:25:00+00:00,0.00417,0.00396,SwingHigh,,0.835349,60,time_stop,0.479616,41-60
RVN/USDT,10,2026-06-08 18:15:00+00:00,0.0044,0.00427,SwingLow,,0.817881,60,time_stop,-2.5,41-60
RVN/USDT,10,2026-06-09 04:35:00+00:00,0.00433,0.00428,SwingLow,,0.845527,60,time_stop,0.692841,41-60
RVN/USDT,10,2026-06-10 00:15:00+00:00,0.00429,0.00422,SwingLow,SwingHigh,0.901051,30,bearish_break,-2.797203,21-40
RVN/USDT,10,2026-06-11 14:45:00+00:00,0.00419,0.00417,SwingHigh,,0.912182,60,time_stop,1.431981,41-60
RVN/USDT,10,2026-06-12 04:20:00+00:00,0.0043,0.00428,SwingHigh,,0.869667,60,time_stop,0.697674,41-60
SEI/USDT,10,2026-06-02 01:05:00+00:00,0.07291,0.07091,SwingLow,,0.936915,60,time_stop,-5.34906,41-60
SEI/USDT,10,2026-06-06 07:50:00+00:00,0.04675,0.04395,SwingLow,,0.73775,60,time_stop,2.502674,41-60
SHIB/USDT,10,2026-06-01 22:55:00+00:00,5.53e-06,5.52e-06,SwingLow,SwingLow,0.794994,37,bearish_break,-0.542495,21-40
SHIB/USDT,10,2026-06-02 03:00:00+00:00,5.53e-06,5.52e-06,SwingLow,,0.743438,60,time_stop,-1.265823,41-60
SHIB/USDT,10,2026-06-02 10:10:00+00:00,5.48e-06,5.45e-06,SwingHigh,,0.758178,60,time_stop,-2.554745,41-60
SHIB/USDT,10,2026-06-02 12:05:00+00:00,5.48e-06,5.44e-06,SwingLow,SwingLow,0.770484,39,bearish_break,-2.919708,21-40
SHIB/USDT,10,2026-06-02 13:00:00+00:00,5.48e-06,5.44e-06,SwingLow,SwingLow,0.763391,28,bearish_break,-2.919708,21-40
SHIB/USDT,10,2026-06-02 13:35:00+00:00,5.48e-06,5.44e-06,SwingLow,SwingLow,0.757804,21,bearish_break,-2.919708,21-40
SHIB/USDT,10,2026-06-03 21:40:00+00:00,5.24e-06,5.22e-06,SwingLow,SwingLow,0.717496,23,bearish_break,-0.572519,21-40
SHIB/USDT,10,2026-06-05 05:15:00+00:00,4.87e-06,4.85e-06,SwingLow,,0.798017,60,time_stop,-1.848049,41-60
SHIB/USDT,10,2026-06-07 00:50:00+00:00,4.57e-06,4.53e-06,SwingLow,,0.871863,60,time_stop,2.625821,41-60
SHIB/USDT,10,2026-06-11 13:45:00+00:00,4.78e-06,4.72e-06,SwingLow,,0.921543,60,time_stop,1.882845,41-60
SOL/USDT,10,2026-06-01 22:45:00+00:00,81.28,80.77,SwingHigh,SwingHigh,0.702915,19,bearish_break,-0.332185,11-20
SOL/USDT,10,2026-06-02 03:05:00+00:00,80.91,80.67,SwingLow,SwingLow,0.714064,21,bearish_break,-0.506736,21-40
SOL/USDT,10,2026-06-02 03:25:00+00:00,80.92,80.67,SwingLow,SwingLow,0.710113,17,bearish_break,-0.519031,11-20
SOL/USDT,10,2026-06-02 10:55:00+00:00,79.48,79.36,SwingLow,SwingLow,0.721758,3,bearish_break,-0.452944,3-5
SOL/USDT,10,2026-06-02 17:35:00+00:00,77.01,76.9,SwingLow,SwingLow,0.759367,9,bearish_break,-0.636281,6-10
SOL/USDT,10,2026-06-03 00:30:00+00:00,74.88,74.75,SwingLow,SwingHigh,0.706336,8,bearish_break,-0.066774,6-10
SOL/USDT,10,2026-06-03 11:00:00+00:00,75.61,75.37,SwingLow,SwingHigh,0.729058,14,bearish_break,-0.819997,11-20
SOL/USDT,10,2026-06-04 05:30:00+00:00,70.52,70.15,SwingLow,SwingLow,0.775396,19,bearish_break,-0.879183,11-20
SOL/USDT,10,2026-06-04 19:10:00+00:00,69.34,69.17,SwingLow,SwingHigh,0.746943,7,bearish_break,-0.158639,6-10
SOL/USDT,10,2026-06-04 21:00:00+00:00,68.75,68.62,SwingLow,SwingLow,0.735697,4,bearish_break,-0.450909,3-5
SOL/USDT,10,2026-06-05 09:45:00+00:00,66.27,66.1,SwingLow,SwingLow,0.746298,16,bearish_break,-0.528142,11-20
SOL/USDT,10,2026-06-05 10:55:00+00:00,66.33,66.1,SwingLow,SwingLow,0.710436,2,bearish_break,-0.618122,1-2
SOL/USDT,10,2026-06-05 11:50:00+00:00,66.27,66.1,SwingLow,SwingLow,0.721743,2,bearish_break,-1.192093,1-2
SOL/USDT,10,2026-06-05 13:10:00+00:00,66.35,66.14,SwingHigh,SwingLow,0.71402,6,bearish_break,-0.798794,6-10
SOL/USDT,10,2026-06-05 17:55:00+00:00,65.12,65.05,SwingHigh,SwingHigh,0.70592,5,bearish_break,-1.197789,3-5
SOL/USDT,10,2026-06-05 18:05:00+00:00,65.2,65.05,SwingHigh,SwingHigh,0.707237,3,bearish_break,-1.319018,3-5
SOL/USDT,10,2026-06-05 23:35:00+00:00,63.19,62.75,SwingLow,SwingLow,0.722427,20,bearish_break,1.487577,11-20
SOL/USDT,10,2026-06-06 00:30:00+00:00,64.47,64.31,SwingLow,SwingLow,0.706364,9,bearish_break,-0.527377,6-10
SOL/USDT,10,2026-06-06 00:35:00+00:00,64.59,64.49,SwingLow,SwingLow,0.726647,8,bearish_break,-0.712185,6-10
SOL/USDT,10,2026-06-06 08:25:00+00:00,63.42,62.96,SwingHigh,SwingLow,0.712415,19,bearish_break,-1.939451,11-20
SOL/USDT,10,2026-06-06 09:50:00+00:00,62.71,62.57,SwingLow,SwingLow,0.765458,2,bearish_break,-0.829214,1-2
SOL/USDT,10,2026-06-06 13:35:00+00:00,62.39,62.17,SwingLow,SwingLow,0.702434,3,bearish_break,-0.096169,3-5
SOL/USDT,10,2026-06-06 17:25:00+00:00,61.85,61.64,SwingLow,SwingLow,0.730677,6,bearish_break,-0.565885,6-10
SOL/USDT,10,2026-06-06 18:50:00+00:00,61.71,61.64,SwingLow,SwingLow,0.715582,5,bearish_break,0.518555,3-5
SOL/USDT,10,2026-06-06 19:05:00+00:00,62.07,61.64,SwingLow,SwingLow,0.780317,2,bearish_break,-0.064443,1-2
SOL/USDT,10,2026-06-06 19:45:00+00:00,61.85,61.7,SwingLow,SwingLow,0.690159,3,bearish_break,-0.646726,3-5
SOL/USDT,10,2026-06-06 20:55:00+00:00,61.91,61.7,SwingLow,SwingHigh,0.753472,12,bearish_break,0.048457,11-20
SOL/USDT,10,2026-06-06 21:20:00+00:00,62.2,62.1,SwingHigh,SwingHigh,0.71165,7,bearish_break,-0.418006,6-10
SOL/USDT,10,2026-06-06 22:15:00+00:00,61.92,61.7,SwingLow,SwingHigh,0.691925,2,bearish_break,-0.629845,1-2
SOL/USDT,10,2026-06-06 22:50:00+00:00,61.8,61.7,SwingLow,SwingHigh,0.718432,6,bearish_break,0.275081,6-10
SOL/USDT,10,2026-06-06 23:00:00+00:00,62.01,61.75,SwingHigh,SwingHigh,0.691065,4,bearish_break,-0.064506,3-5
SOL/USDT,10,2026-06-06 23:40:00+00:00,62.18,62.06,SwingLow,SwingLow,0.738289,47,bearish_break,2.573175,41-60
SOL/USDT,10,2026-06-07 00:15:00+00:00,62.13,62.06,SwingLow,SwingLow,0.698946,40,bearish_break,2.655722,21-40
SOL/USDT,10,2026-06-07 03:25:00+00:00,63.98,63.89,SwingLow,SwingLow,0.743465,2,bearish_break,-0.312598,1-2
SOL/USDT,10,2026-06-07 10:10:00+00:00,64.86,64.78,SwingHigh,SwingHigh,0.695961,6,bearish_break,-0.35461,6-10
SOL/USDT,10,2026-06-07 12:45:00+00:00,64.19,63.95,SwingHigh,SwingHigh,0.711009,24,bearish_break,0.810095,21-40
SOL/USDT,10,2026-06-07 18:00:00+00:00,65.43,65.22,SwingHigh,SwingHigh,0.72247,11,bearish_break,-0.718325,11-20
SOL/USDT,10,2026-06-07 22:00:00+00:00,64.67,64.56,SwingLow,SwingLow,0.732214,27,bearish_break,2.226689,21-40
SOL/USDT,10,2026-06-07 23:55:00+00:00,66.45,66.22,SwingLow,SwingLow,0.830415,4,bearish_break,-0.511663,3-5
SOL/USDT,10,2026-06-08 01:45:00+00:00,66.09,65.96,SwingHigh,SwingLow,0.699435,3,bearish_break,0.090785,3-5
SOL/USDT,10,2026-06-08 02:20:00+00:00,66.51,66.22,SwingLow,SwingLow,0.707312,20,bearish_break,-0.571343,11-20
SOL/USDT,10,2026-06-08 09:15:00+00:00,66.09,65.77,SwingHigh,SwingHigh,0.717396,21,bearish_break,-0.060524,21-40
SOL/USDT,10,2026-06-08 10:30:00+00:00,66.36,65.79,SwingLow,SwingHigh,0.719875,6,bearish_break,-0.467149,6-10
SOL/USDT,10,2026-06-08 12:05:00+00:00,66.31,66.18,SwingHigh,SwingLow,0.753012,13,bearish_break,0.88976,11-20
SOL/USDT,10,2026-06-08 12:25:00+00:00,66.38,66.18,SwingHigh,SwingLow,0.731488,9,bearish_break,0.783368,6-10
SOL/USDT,10,2026-06-08 14:55:00+00:00,67.28,66.93,SwingHigh,SwingHigh,0.756472,23,bearish_break,-0.401308,21-40
SOL/USDT,10,2026-06-08 16:10:00+00:00,67.46,67.26,SwingHigh,SwingHigh,0.738127,8,bearish_break,-0.667062,6-10
SOL/USDT,10,2026-06-08 17:25:00+00:00,67.11,66.93,SwingHigh,SwingLow,0.708185,2,bearish_break,-0.417225,1-2
SOL/USDT,10,2026-06-08 17:55:00+00:00,67.35,67.26,SwingHigh,SwingLow,0.691326,10,bearish_break,-0.163326,6-10
SOL/USDT,10,2026-06-08 18:20:00+00:00,67.5,67.37,SwingLow,SwingLow,0.751808,5,bearish_break,-0.385185,3-5
SOL/USDT,10,2026-06-08 18:40:00+00:00,67.39,67.26,SwingHigh,SwingLow,0.739343,1,bearish_break,-0.222585,1-2
SOL/USDT,10,2026-06-08 18:50:00+00:00,67.37,67.26,SwingHigh,SwingLow,0.709748,15,bearish_break,-0.163277,11-20
SOL/USDT,10,2026-06-08 18:55:00+00:00,67.44,67.37,SwingLow,SwingLow,0.74915,14,bearish_break,-0.266904,11-20
SOL/USDT,10,2026-06-08 20:55:00+00:00,67.42,67.26,SwingHigh,SwingLow,0.744033,4,bearish_break,0.519134,3-5
SOL/USDT,10,2026-06-08 21:00:00+00:00,67.64,67.37,SwingLow,SwingLow,0.732791,3,bearish_break,0.192194,3-5
SOL/USDT,10,2026-06-09 03:10:00+00:00,65.99,65.92,SwingLow,SwingLow,0.735447,4,bearish_break,-0.424307,3-5
SOL/USDT,10,2026-06-09 04:10:00+00:00,66.14,66.02,SwingHigh,,0.710601,60,time_stop,0.604778,41-60
SOL/USDT,10,2026-06-09 04:30:00+00:00,66.75,66.02,SwingHigh,SwingLow,0.734539,59,bearish_break,-0.404494,41-60
SOL/USDT,10,2026-06-09 07:05:00+00:00,67.35,67.19,SwingHigh,SwingLow,0.702093,28,bearish_break,-1.291759,21-40
SOL/USDT,10,2026-06-09 12:35:00+00:00,66.21,66.1,SwingHigh,SwingHigh,0.72301,2,bearish_break,-0.286966,1-2
SOL/USDT,10,2026-06-09 13:05:00+00:00,66.35,66.22,SwingHigh,SwingHigh,0.729011,2,bearish_break,-0.768651,1-2
SOL/USDT,10,2026-06-09 18:15:00+00:00,65.46,64.99,SwingHigh,SwingHigh,0.711596,45,bearish_break,-0.870761,41-60
SOL/USDT,10,2026-06-09 21:10:00+00:00,65.53,65.45,SwingHigh,SwingHigh,0.707809,10,bearish_break,-0.976652,6-10
SOL/USDT,10,2026-06-09 21:50:00+00:00,64.98,64.88,SwingLow,SwingHigh,0.712441,2,bearish_break,-0.138504,1-2
SOL/USDT,10,2026-06-09 22:10:00+00:00,65.08,64.88,SwingLow,SwingHigh,0.714897,17,bearish_break,-0.368777,11-20
SOL/USDT,10,2026-06-10 00:00:00+00:00,65.11,64.96,SwingHigh,SwingLow,0.740094,20,bearish_break,-0.33789,11-20
SOL/USDT,10,2026-06-10 01:15:00+00:00,65.13,64.93,SwingLow,SwingLow,0.693942,5,bearish_break,-0.368494,3-5
SOL/USDT,10,2026-06-10 01:50:00+00:00,65.18,65.11,SwingLow,SwingLow,0.743423,4,bearish_break,-0.42958,3-5
SOL/USDT,10,2026-06-10 12:10:00+00:00,63.54,63.47,SwingLow,SwingLow,0.762716,49,bearish_break,2.439408,41-60
SOL/USDT,10,2026-06-10 12:25:00+00:00,63.47,63.37,SwingLow,SwingLow,0.714592,46,bearish_break,2.552387,41-60
SOL/USDT,10,2026-06-11 10:45:00+00:00,65.51,65.44,SwingLow,SwingHigh,0.727952,24,bearish_break,-0.396886,21-40
SOL/USDT,10,2026-06-11 13:20:00+00:00,65.45,65.33,SwingHigh,SwingLow,0.728779,1,bearish_break,-0.13751,1-2
SOL/USDT,10,2026-06-11 14:45:00+00:00,65.69,65.61,SwingHigh,SwingHigh,0.712619,2,bearish_break,-0.471914,1-2
SOL/USDT,10,2026-06-11 16:00:00+00:00,65.59,65.33,SwingHigh,SwingHigh,0.794273,6,bearish_break,-0.228693,6-10
SOL/USDT,10,2026-06-11 16:35:00+00:00,65.69,65.39,SwingLow,SwingHigh,0.734809,2,bearish_break,-0.319683,1-2
SOL/USDT,10,2026-06-11 21:30:00+00:00,67.02,66.91,SwingHigh,SwingLow,0.749897,5,bearish_break,-0.208893,3-5
SOL/USDT,10,2026-06-11 22:00:00+00:00,67.01,66.91,SwingHigh,SwingHigh,0.77605,11,bearish_break,-0.149231,11-20
SOL/USDT,10,2026-06-11 22:05:00+00:00,67.05,66.96,SwingHigh,SwingHigh,0.71586,10,bearish_break,-0.208799,6-10
SOL/USDT,10,2026-06-11 23:30:00+00:00,66.91,66.77,SwingHigh,SwingLow,0.734632,1,bearish_break,-0.014945,1-2
SOL/USDT,10,2026-06-12 00:30:00+00:00,66.98,66.77,SwingHigh,SwingHigh,0.699159,5,bearish_break,-0.059719,3-5
SOL/USDT,10,2026-06-12 00:35:00+00:00,67.07,66.97,SwingLow,SwingHigh,0.690349,4,bearish_break,-0.193827,3-5
SOL/USDT,10,2026-06-12 02:10:00+00:00,67.08,66.98,SwingHigh,SwingHigh,0.726374,14,bearish_break,-0.49195,11-20
SOL/USDT,10,2026-06-12 02:30:00+00:00,67.05,66.98,SwingHigh,SwingHigh,0.706852,10,bearish_break,-0.447427,6-10
SOL/USDT,10,2026-06-12 02:35:00+00:00,67.18,67.03,SwingHigh,SwingHigh,0.711049,9,bearish_break,-0.640071,6-10
SOL/USDT,10,2026-06-12 03:30:00+00:00,66.9,66.77,SwingHigh,SwingLow,0.721183,7,bearish_break,0.044843,6-10
SOL/USDT,10,2026-06-12 03:45:00+00:00,66.98,66.9,SwingHigh,SwingLow,0.719832,4,bearish_break,-0.074649,3-5
SOL/USDT,10,2026-06-12 04:15:00+00:00,67.0,66.9,SwingHigh,SwingHigh,0.772417,11,bearish_break,-0.283582,11-20
SOL/USDT,10,2026-06-12 04:30:00+00:00,67.16,67.0,SwingLow,SwingHigh,0.7233,8,bearish_break,-0.521144,6-10
SOL/USDT,10,2026-06-12 08:20:00+00:00,67.03,66.9,SwingHigh,SwingLow,0.757721,3,bearish_break,-0.283455,3-5
SOL/USDT,10,2026-06-12 09:15:00+00:00,67.05,66.91,SwingLow,SwingHigh,0.720776,14,bearish_break,-0.686055,11-20
SOL/USDT,10,2026-06-12 11:25:00+00:00,67.03,66.92,SwingHigh,SwingHigh,0.726685,1,bearish_break,-0.164106,1-2
SOL/USDT,10,2026-06-12 11:45:00+00:00,66.99,66.92,SwingHigh,SwingHigh,0.702227,8,bearish_break,-0.298552,6-10
SOL/USDT,10,2026-06-12 14:05:00+00:00,67.05,66.92,SwingHigh,SwingHigh,0.819342,1,bearish_break,-0.283371,1-2
SOL/USDT,10,2026-06-12 14:50:00+00:00,67.88,67.11,SwingLow,SwingHigh,0.731899,39,bearish_break,-1.031232,21-40
SOL/USDT,10,2026-06-12 17:05:00+00:00,68.15,67.89,SwingLow,SwingHigh,0.705978,12,bearish_break,-1.423331,11-20
SOL/USDT,10,2026-06-12 17:25:00+00:00,67.47,67.4,SwingHigh,SwingHigh,0.708485,8,bearish_break,-0.429821,6-10
SOL/USDT,10,2026-06-12 17:45:00+00:00,67.49,67.4,SwingHigh,SwingHigh,0.702793,4,bearish_break,-0.459327,3-5
SOL/USDT,10,2026-06-12 19:05:00+00:00,67.23,67.11,SwingLow,SwingLow,0.725817,5,bearish_break,-0.178492,3-5
SOL/USDT,10,2026-06-12 19:15:00+00:00,67.19,67.11,SwingLow,SwingLow,0.715361,3,bearish_break,-0.119065,3-5
SOL/USDT,10,2026-06-12 21:00:00+00:00,66.71,66.62,SwingLow,SwingHigh,0.7472,20,bearish_break,-0.194873,11-20
SOL/USDT,10,2026-06-12 22:30:00+00:00,66.7,66.62,SwingLow,SwingHigh,0.746238,2,bearish_break,-0.17991,1-2
SOL/USDT,10,2026-06-13 06:35:00+00:00,66.94,66.77,SwingHigh,SwingHigh,0.707535,39,bearish_break,0.567673,21-40
SOL/USDT,10,2026-06-13 10:45:00+00:00,67.57,67.46,SwingHigh,,0.692136,60,time_stop,1.257955,41-60
SOL/USDT,10,2026-06-13 21:15:00+00:00,68.43,68.35,SwingLow,SwingHigh,0.736343,18,bearish_break,0.774514,11-20
SOL/USDT,10,2026-06-14 11:35:00+00:00,68.34,68.14,SwingLow,SwingLow,0.721652,6,bearish_break,-0.395083,6-10
SOL/USDT,10,2026-06-14 15:35:00+00:00,67.49,67.4,SwingLow,SwingHigh,0.740974,24,bearish_break,0.029634,21-40
SOL/USDT,10,2026-06-14 17:15:00+00:00,67.67,67.6,SwingHigh,SwingHigh,0.75242,4,bearish_break,-0.236442,3-5
SOL/USDT,10,2026-06-14 18:10:00+00:00,67.48,67.4,SwingLow,SwingLow,0.707159,2,bearish_break,-0.281565,1-2
STORJ/USDT,10,2026-06-13 00:15:00+00:00,0.077,0.0749,SwingLow,,0.906124,60,time_stop,0.0,41-60
SUI/USDT,10,2026-06-01 20:15:00+00:00,0.8782,0.8771,SwingLow,SwingHigh,0.723873,7,bearish_break,0.375769,6-10
SUI/USDT,10,2026-06-02 11:50:00+00:00,0.8509,0.8473,SwingLow,SwingLow,0.761308,2,bearish_break,-0.822658,1-2
SUI/USDT,10,2026-06-02 13:15:00+00:00,0.851,0.8473,SwingLow,SwingHigh,0.7081,9,bearish_break,-0.505288,6-10
SUI/USDT,10,2026-06-02 16:10:00+00:00,0.8323,0.8299,SwingLow,SwingLow,0.744917,4,bearish_break,0.456566,3-5
SUI/USDT,10,2026-06-02 22:35:00+00:00,0.8197,0.8187,SwingLow,SwingLow,0.728563,26,bearish_break,-0.256191,21-40
SUI/USDT,10,2026-06-03 01:50:00+00:00,0.8186,0.8136,SwingLow,SwingHigh,0.722599,6,bearish_break,-1.013926,6-10
SUI/USDT,10,2026-06-03 04:55:00+00:00,0.8191,0.8136,SwingLow,SwingHigh,0.710454,25,bearish_break,1.452814,21-40
SUI/USDT,10,2026-06-03 08:25:00+00:00,0.8348,0.8332,SwingHigh,SwingHigh,0.738544,2,bearish_break,-0.10781,1-2
SUI/USDT,10,2026-06-03 10:55:00+00:00,0.838,0.8356,SwingHigh,SwingHigh,0.717631,8,bearish_break,-0.536993,6-10
SUI/USDT,10,2026-06-03 11:40:00+00:00,0.8348,0.833,SwingLow,SwingHigh,0.733747,1,bearish_break,-0.790609,1-2
SUI/USDT,10,2026-06-03 13:10:00+00:00,0.8331,0.8319,SwingLow,SwingLow,0.712114,6,bearish_break,-0.252071,6-10
SUI/USDT,10,2026-06-03 13:15:00+00:00,0.8374,0.833,SwingLow,SwingLow,0.73244,5,bearish_break,-0.76427,3-5
SUI/USDT,10,2026-06-03 13:30:00+00:00,0.8372,0.833,SwingLow,SwingLow,0.732234,2,bearish_break,-0.740564,1-2
SUI/USDT,10,2026-06-03 13:50:00+00:00,0.8334,0.8319,SwingLow,SwingLow,0.734477,2,bearish_break,-0.62395,1-2
SUI/USDT,10,2026-06-03 15:25:00+00:00,0.8352,0.8296,SwingHigh,SwingLow,0.72956,1,bearish_break,-0.838123,1-2
SUI/USDT,10,2026-06-03 17:15:00+00:00,0.8207,0.815,SwingHigh,SwingLow,0.737016,4,bearish_break,1.157548,3-5
SUI/USDT,10,2026-06-03 20:10:00+00:00,0.8208,0.815,SwingHigh,SwingHigh,0.722069,6,bearish_break,-1.059942,6-10
SUI/USDT,10,2026-06-04 07:40:00+00:00,0.7936,0.792,SwingLow,SwingLow,0.713473,17,bearish_break,-1.864919,11-20
SUI/USDT,10,2026-06-04 15:00:00+00:00,0.7947,0.7906,SwingHigh,SwingHigh,0.719392,22,bearish_break,-1.019253,21-40
SUI/USDT,10,2026-06-04 15:05:00+00:00,0.8049,0.7947,SwingLow,SwingHigh,0.729118,21,bearish_break,-2.273574,21-40
SUI/USDT,10,2026-06-04 19:25:00+00:00,0.7888,0.7848,SwingHigh,SwingHigh,0.704142,3,bearish_break,-0.786004,3-5
SUI/USDT,10,2026-06-04 20:30:00+00:00,0.7827,0.7809,SwingHigh,SwingHigh,0.70577,42,bearish_break,-2.504152,41-60
SUI/USDT,10,2026-06-05 05:25:00+00:00,0.7439,0.74,SwingHigh,,0.724871,60,time_stop,-3.481651,41-60
SUI/USDT,10,2026-06-05 09:50:00+00:00,0.7144,0.7116,SwingLow,SwingLow,0.731778,57,bearish_break,-0.517917,41-60
SUI/USDT,10,2026-06-05 22:30:00+00:00,0.7071,0.7058,SwingHigh,SwingLow,0.789964,6,bearish_break,0.692971,6-10
SUI/USDT,10,2026-06-06 06:00:00+00:00,0.6966,0.6863,SwingLow,SwingLow,0.797398,24,bearish_break,0.488085,21-40
SUI/USDT,10,2026-06-06 16:45:00+00:00,0.7176,0.7144,SwingHigh,SwingHigh,0.767862,4,bearish_break,-0.961538,3-5
SUI/USDT,10,2026-06-07 08:45:00+00:00,0.7634,0.7547,SwingHigh,SwingHigh,0.702792,35,bearish_break,-1.427823,21-40
SUI/USDT,10,2026-06-07 09:00:00+00:00,0.7602,0.7547,SwingHigh,SwingHigh,0.718122,32,bearish_break,-1.012891,21-40
SUI/USDT,10,2026-06-07 21:55:00+00:00,0.7398,0.7364,SwingHigh,SwingHigh,0.733756,16,bearish_break,1.730197,11-20
SUI/USDT,10,2026-06-08 11:20:00+00:00,0.7597,0.7586,SwingLow,SwingLow,0.748085,8,bearish_break,-1.079373,6-10
SUI/USDT,10,2026-06-08 12:35:00+00:00,0.7601,0.7586,SwingLow,,0.792491,60,time_stop,-0.092093,41-60
SUI/USDT,10,2026-06-10 12:05:00+00:00,0.7391,0.7364,SwingHigh,SwingHigh,0.755547,52,bearish_break,0.933568,41-60
SUI/USDT,10,2026-06-11 04:50:00+00:00,0.7576,0.7553,SwingHigh,,0.709553,60,time_stop,-1.399155,41-60
SUI/USDT,10,2026-06-12 16:10:00+00:00,0.7553,0.7461,SwingHigh,,0.74176,60,time_stop,-1.006223,41-60
SUI/USDT,10,2026-06-13 12:05:00+00:00,0.7692,0.7653,SwingHigh,,0.761636,60,time_stop,-0.650026,41-60
THETA/USDT,10,2026-06-02 00:05:00+00:00,0.193,0.192,SwingHigh,,0.944383,60,time_stop,-1.554404,41-60
THETA/USDT,10,2026-06-02 09:30:00+00:00,0.192,0.189,SwingHigh,,0.78008,60,time_stop,-1.5625,41-60
THETA/USDT,10,2026-06-09 18:05:00+00:00,0.151,0.149,SwingLow,,0.890076,60,time_stop,0.662252,41-60
THETA/USDT,10,2026-06-10 23:30:00+00:00,0.164,0.148,SwingLow,,0.7763,60,time_stop,-3.658537,41-60
TRUMP/USDT,10,2026-06-05 13:35:00+00:00,1.685,1.68,SwingLow,,0.977484,60,time_stop,-6.468843,41-60
TRUMP/USDT,10,2026-06-12 21:40:00+00:00,2.106,2.016,SwingLow,,0.791228,60,time_stop,9.211776,41-60
TRX/USDT,10,2026-06-03 14:55:00+00:00,0.3369,0.3361,SwingLow,SwingLow,0.743655,7,bearish_break,-1.276343,6-10
TRX/USDT,10,2026-06-03 17:30:00+00:00,0.3365,0.3361,SwingLow,SwingLow,0.718383,11,bearish_break,-1.307578,11-20
TRX/USDT,10,2026-06-06 17:10:00+00:00,0.3234,0.32,SwingHigh,,0.795711,60,time_stop,-0.556586,41-60
TRX/USDT,10,2026-06-06 23:40:00+00:00,0.3263,0.3216,SwingLow,SwingLow,0.800482,48,bearish_break,-0.245173,41-60
TRX/USDT,10,2026-06-07 23:15:00+00:00,0.3322,0.3249,SwingHigh,,0.76049,60,time_stop,-0.150512,41-60
TRX/USDT,10,2026-06-07 23:55:00+00:00,0.3321,0.3249,SwingHigh,,0.760875,60,time_stop,1.234568,41-60
TRX/USDT,10,2026-06-08 15:55:00+00:00,0.3249,0.3212,SwingLow,SwingLow,0.751758,19,bearish_break,-4.462912,11-20
TRX/USDT,10,2026-06-08 17:20:00+00:00,0.3212,0.3176,SwingLow,SwingLow,0.760639,2,bearish_break,-3.362391,1-2
TRX/USDT,10,2026-06-08 18:05:00+00:00,0.3286,0.3212,SwingLow,SwingLow,0.760783,18,bearish_break,-1.125989,11-20
TRX/USDT,10,2026-06-08 21:10:00+00:00,0.3265,0.3184,SwingLow,,0.723134,60,time_stop,-1.807044,41-60
TRX/USDT,10,2026-06-09 00:10:00+00:00,0.3321,0.3209,SwingHigh,,0.75683,60,time_stop,-0.120446,41-60
TRX/USDT,10,2026-06-09 02:30:00+00:00,0.3318,0.3209,SwingHigh,,0.777969,60,time_stop,-0.030139,41-60
TRX/USDT,10,2026-06-10 01:25:00+00:00,0.3253,0.3243,SwingLow,SwingLow,0.775562,10,bearish_break,-0.553335,6-10
TRX/USDT,10,2026-06-11 11:05:00+00:00,0.3235,0.321,SwingHigh,SwingHigh,0.906819,27,bearish_break,-1.267388,21-40
TRX/USDT,10,2026-06-12 18:10:00+00:00,0.3169,0.3162,SwingLow,SwingLow,0.841617,36,bearish_break,-0.189334,21-40
TRX/USDT,10,2026-06-13 15:30:00+00:00,0.3194,0.3158,SwingLow,,0.853152,60,time_stop,0.375704,41-60
TRX/USDT,10,2026-06-13 15:45:00+00:00,0.3191,0.3158,SwingLow,,0.850544,60,time_stop,0.470072,41-60
TRX/USDT,10,2026-06-13 16:25:00+00:00,0.3191,0.3158,SwingLow,,0.766326,60,time_stop,0.188029,41-60
UNI/USDT,10,2026-06-01 20:30:00+00:00,3.011,2.994,SwingHigh,SwingHigh,0.77716,5,bearish_break,-0.564596,3-5
UNI/USDT,10,2026-06-01 22:15:00+00:00,2.989,2.979,SwingLow,SwingHigh,0.762865,3,bearish_break,0.267648,3-5
UNI/USDT,10,2026-06-01 23:20:00+00:00,2.991,2.963,SwingLow,SwingLow,0.703804,26,bearish_break,-1.303912,21-40
UNI/USDT,10,2026-06-02 09:05:00+00:00,2.927,2.913,SwingLow,SwingHigh,0.724143,51,bearish_break,-1.503246,41-60
UNI/USDT,10,2026-06-02 09:40:00+00:00,2.919,2.913,SwingLow,SwingHigh,0.748693,44,bearish_break,-1.233299,41-60
UNI/USDT,10,2026-06-02 11:45:00+00:00,2.937,2.887,SwingLow,SwingHigh,0.699682,19,bearish_break,-1.838611,11-20
UNI/USDT,10,2026-06-02 12:10:00+00:00,2.913,2.887,SwingLow,SwingHigh,0.733312,14,bearish_break,-1.029866,11-20
UNI/USDT,10,2026-06-02 18:00:00+00:00,2.867,2.839,SwingLow,SwingLow,0.704873,23,bearish_break,-0.662714,21-40
UNI/USDT,10,2026-06-02 19:25:00+00:00,2.843,2.839,SwingLow,SwingLow,0.714792,6,bearish_break,0.175871,6-10
UNI/USDT,10,2026-06-02 19:50:00+00:00,2.855,2.832,SwingHigh,SwingLow,0.697882,1,bearish_break,-0.245184,1-2
UNI/USDT,10,2026-06-02 22:25:00+00:00,2.845,2.805,SwingHigh,SwingHigh,0.785978,40,bearish_break,-2.003515,21-40
UNI/USDT,10,2026-06-02 22:35:00+00:00,2.853,2.832,SwingHigh,SwingHigh,0.721228,38,bearish_break,-2.278304,21-40
UNI/USDT,10,2026-06-03 00:00:00+00:00,2.819,2.805,SwingHigh,SwingHigh,0.715918,21,bearish_break,-1.099681,21-40
UNI/USDT,10,2026-06-03 05:00:00+00:00,2.855,2.838,SwingLow,SwingLow,0.733139,35,bearish_break,-0.700525,21-40
UNI/USDT,10,2026-06-03 09:45:00+00:00,2.875,2.857,SwingLow,SwingHigh,0.724459,49,bearish_break,-0.278261,41-60
UNI/USDT,10,2026-06-03 14:55:00+00:00,2.941,2.933,SwingHigh,SwingHigh,0.724336,2,bearish_break,-0.714043,1-2
UNI/USDT,10,2026-06-03 16:05:00+00:00,2.936,2.933,SwingHigh,SwingHigh,0.759437,1,bearish_break,-1.328338,1-2
UNI/USDT,10,2026-06-03 19:45:00+00:00,2.883,2.856,SwingHigh,SwingHigh,0.712509,16,bearish_break,-2.254596,11-20
UNI/USDT,10,2026-06-03 20:05:00+00:00,2.866,2.834,SwingHigh,SwingHigh,0.719501,12,bearish_break,-1.674808,11-20
UNI/USDT,10,2026-06-03 21:10:00+00:00,2.831,2.82,SwingLow,SwingHigh,0.745568,7,bearish_break,1.236312,6-10
UNI/USDT,10,2026-06-03 21:30:00+00:00,2.886,2.856,SwingHigh,SwingHigh,0.77704,3,bearish_break,-0.693001,3-5
UNI/USDT,10,2026-06-03 22:15:00+00:00,2.919,2.841,SwingLow,SwingHigh,0.704837,3,bearish_break,-2.466598,3-5
UNI/USDT,10,2026-06-04 03:00:00+00:00,2.717,2.638,SwingLow,SwingLow,0.747622,42,bearish_break,-0.073611,41-60
UNI/USDT,10,2026-06-04 08:35:00+00:00,2.703,2.659,SwingHigh,,0.716463,60,time_stop,-0.924898,41-60
UNI/USDT,10,2026-06-04 22:45:00+00:00,2.623,2.618,SwingLow,SwingLow,0.799137,42,bearish_break,-0.343119,41-60
UNI/USDT,10,2026-06-05 17:10:00+00:00,2.489,2.45,SwingLow,SwingHigh,0.726894,16,bearish_break,-3.053435,11-20
UNI/USDT,10,2026-06-06 22:40:00+00:00,2.482,2.436,SwingHigh,,0.975959,60,time_stop,0.0,41-60
UNI/USDT,10,2026-06-07 00:20:00+00:00,2.5,2.444,SwingHigh,,0.925771,60,time_stop,-0.72,41-60
UNI/USDT,10,2026-06-09 04:35:00+00:00,2.511,2.478,SwingLow,,0.85727,60,time_stop,-0.955795,41-60
UNI/USDT,10,2026-06-11 03:30:00+00:00,2.454,2.414,SwingLow,,0.861858,60,time_stop,1.100244,41-60
UNI/USDT,10,2026-06-11 15:40:00+00:00,2.562,2.514,SwingLow,,0.862381,60,time_stop,-3.005464,41-60
VET/USDT,10,2026-06-07 18:30:00+00:00,0.00488,0.004736,SwingLow,,0.922167,60,time_stop,-0.491803,41-60
VET/USDT,10,2026-06-09 21:25:00+00:00,0.004843,0.004635,SwingLow,,0.792117,60,time_stop,-0.970473,41-60
VET/USDT,10,2026-06-11 23:20:00+00:00,0.004829,0.004777,SwingLow,,0.873741,60,time_stop,3.209774,41-60
VIRTUAL/USDT,10,2026-06-06 03:00:00+00:00,0.585,0.5626,SwingLow,,0.906296,60,time_stop,-9.82906,41-60
VIRTUAL/USDT,10,2026-06-07 01:00:00+00:00,0.5517,0.5305,SwingHigh,,0.883546,60,time_stop,0.0,41-60
VIRTUAL/USDT,10,2026-06-08 15:20:00+00:00,0.5935,0.5771,SwingLow,SwingLow,0.776042,60,bearish_break,-0.572873,41-60
VTHO/USDT,10,2026-06-06 19:00:00+00:00,0.000396,0.000393,SwingHigh,,0.94146,60,time_stop,-0.252525,41-60
VTHO/USDT,10,2026-06-11 18:55:00+00:00,0.000401,0.000384,SwingHigh,,0.788492,60,time_stop,-0.498753,41-60
WLD/USDT,10,2026-06-06 12:30:00+00:00,0.4227,0.4194,SwingLow,SwingHigh,0.858722,12,bearish_break,-3.927135,11-20
WLD/USDT,10,2026-06-07 00:55:00+00:00,0.4346,0.3933,SwingHigh,,0.818456,60,time_stop,4.901058,41-60
WLD/USDT,10,2026-06-07 11:35:00+00:00,0.425,0.4159,SwingHigh,,0.779917,60,time_stop,18.823529,41-60
WLD/USDT,10,2026-06-07 13:05:00+00:00,0.4462,0.425,SwingHigh,,0.75817,60,time_stop,10.152398,41-60
WLD/USDT,10,2026-06-09 13:45:00+00:00,0.5439,0.5399,SwingLow,,0.748336,60,time_stop,-8.806766,41-60
WLD/USDT,10,2026-06-10 13:30:00+00:00,0.5163,0.5143,SwingLow,,0.854703,60,time_stop,-14.700755,41-60
WLD/USDT,10,2026-06-11 22:25:00+00:00,0.5038,0.4898,SwingLow,,0.880682,60,time_stop,-1.965066,41-60
WLD/USDT,10,2026-06-14 17:35:00+00:00,0.507,0.5038,SwingLow,,0.834947,60,time_stop,2.623274,41-60
XDC/USDT,10,2026-06-01 23:15:00+00:00,0.033547,0.032663,SwingHigh,SwingLow,0.86849,48,bearish_break,-0.918115,41-60
XDC/USDT,10,2026-06-03 00:25:00+00:00,0.032492,0.03244,SwingLow,,0.91075,60,time_stop,-1.009479,41-60
XDC/USDT,10,2026-06-05 12:15:00+00:00,0.031451,0.031119,SwingLow,,0.905839,60,time_stop,-5.411593,41-60
XDC/USDT,10,2026-06-05 15:25:00+00:00,0.030866,0.030421,SwingLow,SwingLow,0.799162,37,bearish_break,-5.799261,21-40
XDC/USDT,10,2026-06-06 21:45:00+00:00,0.029906,0.029773,SwingHigh,,0.931199,60,time_stop,1.354243,41-60
XDC/USDT,10,2026-06-10 18:10:00+00:00,0.032011,0.031893,SwingHigh,SwingHigh,0.892089,53,bearish_break,-1.043391,41-60
XDC/USDT,10,2026-06-11 07:00:00+00:00,0.032569,0.032458,SwingLow,,0.794732,60,time_stop,-0.061408,41-60
XLM/USDT,10,2026-06-02 08:00:00+00:00,0.22991,0.22968,SwingLow,SwingLow,0.706367,22,bearish_break,-0.430603,21-40
XLM/USDT,10,2026-06-02 09:00:00+00:00,0.23148,0.22968,SwingLow,SwingLow,0.749128,10,bearish_break,-1.105927,6-10
XLM/USDT,10,2026-06-02 18:00:00+00:00,0.22226,0.222,SwingLow,SwingHigh,0.712536,2,bearish_break,-0.427427,1-2
XLM/USDT,10,2026-06-02 20:10:00+00:00,0.22281,0.22245,SwingHigh,SwingLow,0.718525,2,bearish_break,-0.942507,1-2
XLM/USDT,10,2026-06-02 21:15:00+00:00,0.22191,0.22071,SwingLow,SwingLow,0.765011,1,bearish_break,-0.189266,1-2
XLM/USDT,10,2026-06-03 16:55:00+00:00,0.22299,0.22211,SwingHigh,SwingHigh,0.70919,9,bearish_break,-0.618862,6-10
XLM/USDT,10,2026-06-03 17:20:00+00:00,0.22333,0.22211,SwingHigh,SwingHigh,0.735028,4,bearish_break,-0.770161,3-5
XLM/USDT,10,2026-06-04 04:40:00+00:00,0.21379,0.2125,SwingLow,SwingLow,0.743608,4,bearish_break,-1.085177,3-5
XLM/USDT,10,2026-06-04 06:40:00+00:00,0.2129,0.2125,SwingLow,SwingHigh,0.691317,13,bearish_break,-1.784876,11-20
XLM/USDT,10,2026-06-04 12:15:00+00:00,0.20583,0.20537,SwingLow,SwingHigh,0.743653,39,bearish_break,1.58869,21-40
XLM/USDT,10,2026-06-04 14:55:00+00:00,0.21035,0.20785,SwingLow,SwingHigh,0.71941,7,bearish_break,-0.594248,6-10
XLM/USDT,10,2026-06-04 22:55:00+00:00,0.2027,0.20111,SwingLow,SwingLow,0.728766,32,bearish_break,-1.381352,21-40
XLM/USDT,10,2026-06-05 14:25:00+00:00,0.19227,0.19112,SwingHigh,SwingLow,0.733055,7,bearish_break,-2.210433,6-10
XLM/USDT,10,2026-06-05 16:45:00+00:00,0.18998,0.18768,SwingHigh,SwingLow,0.738588,26,bearish_break,0.378987,21-40
XLM/USDT,10,2026-06-05 19:20:00+00:00,0.18884,0.18768,SwingHigh,SwingHigh,0.713344,40,bearish_break,8.50985,21-40
XLM/USDT,10,2026-06-05 19:45:00+00:00,0.19371,0.19112,SwingLow,SwingHigh,0.718255,35,bearish_break,5.781839,21-40
XLM/USDT,10,2026-06-05 20:05:00+00:00,0.1951,0.19112,SwingLow,SwingHigh,0.732794,31,bearish_break,5.028191,21-40
XLM/USDT,10,2026-06-05 23:00:00+00:00,0.20614,0.20416,SwingLow,SwingLow,0.722003,2,bearish_break,-1.668769,1-2
XLM/USDT,10,2026-06-06 15:35:00+00:00,0.2055,0.20414,SwingHigh,SwingHigh,0.711865,24,bearish_break,1.36253,21-40
XLM/USDT,10,2026-06-06 19:05:00+00:00,0.20679,0.20631,SwingLow,SwingLow,0.759342,2,bearish_break,-0.686687,1-2
XLM/USDT,10,2026-06-07 02:00:00+00:00,0.21546,0.21417,SwingLow,SwingHigh,0.742265,5,bearish_break,-2.427365,3-5
XLM/USDT,10,2026-06-07 02:10:00+00:00,0.21386,0.21162,SwingHigh,SwingHigh,0.712232,3,bearish_break,-1.697372,3-5
XLM/USDT,10,2026-06-07 02:40:00+00:00,0.2125,0.21162,SwingHigh,SwingLow,0.731649,4,bearish_break,-0.089412,3-5
XLM/USDT,10,2026-06-07 05:35:00+00:00,0.2125,0.21112,SwingHigh,SwingLow,0.707499,4,bearish_break,-0.658824,3-5
XLM/USDT,10,2026-06-07 09:10:00+00:00,0.20754,0.20687,SwingLow,,0.779974,60,time_stop,-2.095981,41-60
XLM/USDT,10,2026-06-07 14:00:00+00:00,0.20395,0.20307,SwingLow,SwingLow,0.726114,40,bearish_break,1.343467,21-40
XLM/USDT,10,2026-06-07 14:20:00+00:00,0.2055,0.20499,SwingHigh,SwingLow,0.711456,36,bearish_break,0.579075,21-40
XLM/USDT,10,2026-06-07 16:30:00+00:00,0.20424,0.20307,SwingLow,SwingLow,0.707825,10,bearish_break,1.199569,6-10
XLM/USDT,10,2026-06-07 18:30:00+00:00,0.20831,0.2073,SwingLow,SwingLow,0.703417,5,bearish_break,-1.411358,3-5
XLM/USDT,10,2026-06-07 20:30:00+00:00,0.20292,0.20231,SwingHigh,SwingLow,0.715367,6,bearish_break,-0.596294,6-10
XLM/USDT,10,2026-06-07 23:40:00+00:00,0.2066,0.2055,SwingLow,SwingLow,0.719401,5,bearish_break,-0.726041,3-5
XLM/USDT,10,2026-06-08 00:30:00+00:00,0.2061,0.2055,SwingLow,SwingHigh,0.743108,2,bearish_break,0.247453,1-2
XLM/USDT,10,2026-06-08 01:40:00+00:00,0.20349,0.2026,SwingLow,SwingHigh,0.689164,29,bearish_break,-1.66593,21-40
XLM/USDT,10,2026-06-08 07:15:00+00:00,0.202,0.20149,SwingHigh,,0.733271,60,time_stop,-0.549505,41-60
XLM/USDT,10,2026-06-08 08:55:00+00:00,0.20292,0.20149,SwingHigh,,0.711278,60,time_stop,0.0,41-60
XLM/USDT,10,2026-06-08 19:20:00+00:00,0.20194,0.20093,SwingHigh,SwingHigh,0.694305,53,bearish_break,0.029712,41-60
XLM/USDT,10,2026-06-08 22:35:00+00:00,0.2066,0.20414,SwingHigh,SwingHigh,0.724606,14,bearish_break,-2.226525,11-20
XLM/USDT,10,2026-06-09 12:55:00+00:00,0.19953,0.19868,SwingLow,SwingHigh,0.787698,4,bearish_break,-0.36586,3-5
XLM/USDT,10,2026-06-10 13:40:00+00:00,0.1907,0.18998,SwingHigh,SwingHigh,0.750055,17,bearish_break,-1.153644,11-20
XLM/USDT,10,2026-06-10 15:50:00+00:00,0.1896,0.18857,SwingLow,SwingLow,0.722321,6,bearish_break,-0.996835,6-10
XLM/USDT,10,2026-06-12 14:35:00+00:00,0.19227,0.19183,SwingLow,SwingHigh,0.748963,42,bearish_break,-1.78395,41-60
XLM/USDT,10,2026-06-12 15:35:00+00:00,0.1922,0.19183,SwingLow,SwingHigh,0.73446,30,bearish_break,-1.748179,21-40
XLM/USDT,10,2026-06-13 04:55:00+00:00,0.18554,0.1853,SwingHigh,,0.743571,60,time_stop,2.775682,41-60
XLM/USDT,10,2026-06-13 11:05:00+00:00,0.1918,0.19069,SwingHigh,SwingLow,0.718926,11,bearish_break,-0.474453,11-20
XLM/USDT,10,2026-06-14 06:25:00+00:00,0.18705,0.18659,SwingHigh,,0.758105,60,time_stop,-1.871157,41-60
XLM/USDT,10,2026-06-14 13:45:00+00:00,0.18338,0.18274,SwingHigh,SwingHigh,0.761478,18,bearish_break,-0.599847,11-20
XLM/USDT,10,2026-06-14 16:10:00+00:00,0.18311,0.18217,SwingHigh,SwingLow,0.758769,20,bearish_break,-0.584348,11-20
XRP/USDT,10,2026-06-01 20:35:00+00:00,1.2994,1.2973,SwingHigh,SwingLow,0.776894,5,bearish_break,-0.09235,3-5
XRP/USDT,10,2026-06-01 22:50:00+00:00,1.2995,1.2973,SwingHigh,SwingLow,0.711777,7,bearish_break,-0.315506,6-10
XRP/USDT,10,2026-06-01 23:10:00+00:00,1.2996,1.2978,SwingHigh,SwingLow,0.733256,3,bearish_break,-0.323176,3-5
XRP/USDT,10,2026-06-02 07:55:00+00:00,1.269,1.2677,SwingLow,SwingLow,0.717248,5,bearish_break,-0.252167,3-5
XRP/USDT,10,2026-06-02 12:40:00+00:00,1.2652,1.2626,SwingHigh,SwingLow,0.739428,11,bearish_break,-0.245021,11-20
XRP/USDT,10,2026-06-02 12:55:00+00:00,1.265,1.2626,SwingHigh,SwingLow,0.733825,8,bearish_break,-0.229249,6-10
XRP/USDT,10,2026-06-02 16:10:00+00:00,1.2367,1.2282,SwingLow,SwingLow,0.748589,9,bearish_break,-0.299183,6-10
XRP/USDT,10,2026-06-02 17:20:00+00:00,1.2411,1.237,SwingLow,SwingLow,0.719237,9,bearish_break,-0.523729,6-10
XRP/USDT,10,2026-06-02 20:30:00+00:00,1.2195,1.2142,SwingLow,SwingHigh,0.710177,21,bearish_break,-0.393604,21-40
XRP/USDT,10,2026-06-02 21:20:00+00:00,1.2276,1.225,SwingHigh,SwingHigh,0.740097,11,bearish_break,-1.050831,11-20
XRP/USDT,10,2026-06-03 08:30:00+00:00,1.242,1.2399,SwingHigh,SwingHigh,0.717039,13,bearish_break,-0.305958,11-20
XRP/USDT,10,2026-06-03 08:40:00+00:00,1.2423,1.2399,SwingHigh,SwingHigh,0.725508,11,bearish_break,-0.330033,11-20
XRP/USDT,10,2026-06-03 10:05:00+00:00,1.2427,1.2399,SwingHigh,SwingLow,0.749951,2,bearish_break,-0.225316,1-2
XRP/USDT,10,2026-06-03 10:20:00+00:00,1.2423,1.2399,SwingHigh,SwingHigh,0.743498,6,bearish_break,-0.088545,6-10
XRP/USDT,10,2026-06-03 10:30:00+00:00,1.2439,1.2417,SwingLow,SwingHigh,0.767497,4,bearish_break,-0.217059,3-5
XRP/USDT,10,2026-06-03 11:00:00+00:00,1.2438,1.2417,SwingLow,SwingLow,0.726347,7,bearish_break,-0.281396,6-10
XRP/USDT,10,2026-06-03 11:05:00+00:00,1.2443,1.2428,SwingHigh,SwingLow,0.721618,6,bearish_break,-0.321466,6-10
XRP/USDT,10,2026-06-03 11:20:00+00:00,1.2448,1.2417,SwingLow,SwingLow,0.776653,3,bearish_break,-0.361504,3-5
XRP/USDT,10,2026-06-03 18:45:00+00:00,1.2186,1.2172,SwingHigh,SwingLow,0.727066,6,bearish_break,-0.541605,6-10
XRP/USDT,10,2026-06-03 19:10:00+00:00,1.2191,1.2172,SwingHigh,SwingLow,0.72596,1,bearish_break,-0.582397,1-2
XRP/USDT,10,2026-06-04 03:00:00+00:00,1.1948,1.1829,SwingLow,SwingHigh,0.746881,22,bearish_break,0.62772,21-40
XRP/USDT,10,2026-06-04 06:35:00+00:00,1.1971,1.193,SwingLow,SwingLow,0.745261,7,bearish_break,-1.369977,6-10
XRP/USDT,10,2026-06-04 20:10:00+00:00,1.1706,1.1667,SwingLow,SwingHigh,0.759211,3,bearish_break,0.136682,3-5
XRP/USDT,10,2026-06-04 20:40:00+00:00,1.1777,1.1743,SwingHigh,SwingLow,0.753883,1,bearish_break,-0.331154,1-2
XRP/USDT,10,2026-06-04 21:05:00+00:00,1.1783,1.1743,SwingHigh,SwingLow,0.709886,1,bearish_break,-0.297038,1-2
XRP/USDT,10,2026-06-04 21:25:00+00:00,1.1684,1.1667,SwingLow,SwingHigh,0.72909,12,bearish_break,-0.633345,11-20
XRP/USDT,10,2026-06-04 22:55:00+00:00,1.1674,1.1629,SwingHigh,SwingHigh,0.731821,15,bearish_break,-0.08566,11-20
XRP/USDT,10,2026-06-05 04:50:00+00:00,1.1433,1.1346,SwingLow,SwingHigh,0.681437,10,bearish_break,-1.233272,6-10
XRP/USDT,10,2026-06-05 05:20:00+00:00,1.139,1.1346,SwingLow,SwingHigh,0.738599,4,bearish_break,-0.860404,3-5
XRP/USDT,10,2026-06-05 15:00:00+00:00,1.1062,1.1021,SwingLow,SwingLow,0.679788,2,bearish_break,-0.732236,1-2
XRP/USDT,10,2026-06-05 20:25:00+00:00,1.1077,1.1063,SwingHigh,SwingLow,0.752894,13,bearish_break,0.352081,11-20
XRP/USDT,10,2026-06-05 20:40:00+00:00,1.1121,1.1063,SwingHigh,SwingLow,0.751439,10,bearish_break,-0.04496,6-10
XRP/USDT,10,2026-06-05 21:00:00+00:00,1.1188,1.1154,SwingLow,SwingLow,0.743425,6,bearish_break,-0.643547,6-10
XRP/USDT,10,2026-06-05 23:00:00+00:00,1.111,1.1076,SwingLow,SwingLow,0.68121,2,bearish_break,-0.468047,1-2
XRP/USDT,10,2026-06-06 00:05:00+00:00,1.1088,1.1076,SwingLow,SwingLow,0.681074,15,bearish_break,-0.649351,11-20
XRP/USDT,10,2026-06-06 02:20:00+00:00,1.099,1.0964,SwingHigh,SwingHigh,0.731651,9,bearish_break,-0.846224,6-10
XRP/USDT,10,2026-06-06 02:40:00+00:00,1.0989,1.0964,SwingHigh,SwingHigh,0.757268,5,bearish_break,-0.837201,3-5
XRP/USDT,10,2026-06-06 07:05:00+00:00,1.0878,1.0852,SwingLow,,0.716244,60,time_stop,0.119507,41-60
XRP/USDT,10,2026-06-06 07:15:00+00:00,1.0942,1.0922,SwingHigh,,0.785793,60,time_stop,-0.466094,41-60
XRP/USDT,10,2026-06-06 07:40:00+00:00,1.0972,1.0922,SwingHigh,,0.751692,60,time_stop,-1.130149,41-60
XRP/USDT,10,2026-06-06 11:35:00+00:00,1.0849,1.0814,SwingLow,SwingHigh,0.740583,18,bearish_break,0.921744,11-20
XRP/USDT,10,2026-06-06 12:40:00+00:00,1.0848,1.0814,SwingLow,SwingHigh,0.716108,5,bearish_break,0.931047,3-5
XRP/USDT,10,2026-06-06 13:45:00+00:00,1.0985,1.0951,SwingHigh,SwingHigh,0.743027,16,bearish_break,-0.600819,11-20
XRP/USDT,10,2026-06-07 00:15:00+00:00,1.0933,1.0907,SwingLow,SwingLow,0.696067,24,bearish_break,1.673832,21-40
XRP/USDT,10,2026-06-07 01:00:00+00:00,1.096,1.0907,SwingLow,SwingLow,0.748408,15,bearish_break,1.423358,11-20
XRP/USDT,10,2026-06-07 04:30:00+00:00,1.1143,1.1106,SwingHigh,SwingLow,0.741262,6,bearish_break,0.511532,6-10
XRP/USDT,10,2026-06-07 05:40:00+00:00,1.1227,1.1201,SwingLow,SwingLow,0.717114,3,bearish_break,-0.151421,3-5
XRP/USDT,10,2026-06-07 07:05:00+00:00,1.1292,1.123,SwingLow,,0.732331,60,time_stop,0.079702,41-60
XRP/USDT,10,2026-06-07 10:15:00+00:00,1.1436,1.1423,SwingHigh,SwingHigh,0.717301,32,bearish_break,-1.801329,21-40
XRP/USDT,10,2026-06-07 14:10:00+00:00,1.1253,1.1219,SwingLow,SwingLow,0.689049,19,bearish_break,0.719808,11-20
XRP/USDT,10,2026-06-07 14:15:00+00:00,1.1269,1.1242,SwingHigh,SwingLow,0.690059,18,bearish_break,0.576804,11-20
XRP/USDT,10,2026-06-07 16:30:00+00:00,1.1382,1.1363,SwingLow,,0.737129,60,time_stop,-0.843437,41-60
XRP/USDT,10,2026-06-08 02:15:00+00:00,1.1578,1.1565,SwingLow,SwingLow,0.715877,6,bearish_break,-0.172741,6-10
XRP/USDT,10,2026-06-08 02:25:00+00:00,1.1597,1.157,SwingHigh,SwingLow,0.71901,4,bearish_break,-0.336294,3-5
XRP/USDT,10,2026-06-08 03:10:00+00:00,1.1609,1.1565,SwingLow,SwingHigh,0.696348,2,bearish_break,-0.379016,1-2
XRP/USDT,10,2026-06-08 09:40:00+00:00,1.1453,1.1436,SwingLow,,0.722732,60,time_stop,1.842312,41-60
XRP/USDT,10,2026-06-08 11:05:00+00:00,1.1479,1.1436,SwingLow,,0.722682,60,time_stop,2.273717,41-60
XRP/USDT,10,2026-06-08 11:50:00+00:00,1.1596,1.1573,SwingLow,,0.740204,60,time_stop,0.560538,41-60
XRP/USDT,10,2026-06-08 13:50:00+00:00,1.1658,1.16,SwingHigh,,0.732135,60,time_stop,0.686224,41-60
XRP/USDT,10,2026-06-08 14:10:00+00:00,1.165,1.1573,SwingLow,,0.732036,60,time_stop,1.133047,41-60
XRP/USDT,10,2026-06-08 14:25:00+00:00,1.1661,1.1618,SwingLow,,0.72115,60,time_stop,1.346368,41-60
XRP/USDT,10,2026-06-08 16:05:00+00:00,1.174,1.1697,SwingHigh,SwingLow,0.742567,50,bearish_break,-0.315162,41-60
XRP/USDT,10,2026-06-08 17:45:00+00:00,1.1694,1.1618,SwingLow,SwingLow,0.708789,30,bearish_break,0.076963,21-40
XRP/USDT,10,2026-06-08 18:40:00+00:00,1.1757,1.1729,SwingLow,SwingLow,0.740852,19,bearish_break,-0.459301,11-20
XRP/USDT,10,2026-06-08 20:25:00+00:00,1.1729,1.1697,SwingHigh,SwingLow,0.712037,34,bearish_break,-0.110836,21-40
XRP/USDT,10,2026-06-08 22:25:00+00:00,1.1769,1.1729,SwingLow,SwingLow,0.73283,10,bearish_break,-0.450336,6-10
XRP/USDT,10,2026-06-08 22:55:00+00:00,1.1781,1.1738,SwingHigh,SwingLow,0.723966,4,bearish_break,-0.551736,3-5
XRP/USDT,10,2026-06-09 00:05:00+00:00,1.1706,1.1674,SwingHigh,SwingHigh,0.717949,1,bearish_break,-0.375876,1-2
XRP/USDT,10,2026-06-09 08:50:00+00:00,1.1695,1.167,SwingLow,SwingLow,0.730002,60,bearish_break,-1.000428,41-60
XRP/USDT,10,2026-06-09 20:10:00+00:00,1.1433,1.1402,SwingLow,SwingHigh,0.735797,13,bearish_break,-0.244905,11-20
XRP/USDT,10,2026-06-09 23:15:00+00:00,1.1376,1.1356,SwingLow,SwingLow,0.726808,15,bearish_break,-0.448312,11-20
XRP/USDT,10,2026-06-09 23:40:00+00:00,1.1375,1.1356,SwingLow,SwingLow,0.729364,10,bearish_break,-0.43956,6-10
XRP/USDT,10,2026-06-10 01:00:00+00:00,1.1373,1.1356,SwingLow,SwingHigh,0.684084,4,bearish_break,-0.246197,3-5
XRP/USDT,10,2026-06-10 10:25:00+00:00,1.1094,1.1078,SwingLow,SwingHigh,0.772423,53,bearish_break,1.04561,41-60
XRP/USDT,10,2026-06-10 10:50:00+00:00,1.1109,1.1094,SwingHigh,SwingHigh,0.726318,48,bearish_break,0.909173,41-60
XRP/USDT,10,2026-06-10 11:50:00+00:00,1.1056,1.1031,SwingHigh,SwingHigh,0.728119,36,bearish_break,1.392909,21-40
XRP/USDT,10,2026-06-10 12:25:00+00:00,1.107,1.1031,SwingHigh,SwingHigh,0.73834,29,bearish_break,1.264679,21-40
XRP/USDT,10,2026-06-11 02:55:00+00:00,1.11,1.1072,SwingHigh,SwingHigh,0.699442,5,bearish_break,-0.36036,3-5
XRP/USDT,10,2026-06-11 10:50:00+00:00,1.1242,1.1227,SwingLow,SwingLow,0.739381,2,bearish_break,-0.275752,1-2
XRP/USDT,10,2026-06-11 11:50:00+00:00,1.124,1.1201,SwingHigh,SwingLow,0.737632,4,bearish_break,-0.47153,3-5
XRP/USDT,10,2026-06-11 14:45:00+00:00,1.1163,1.1133,SwingLow,SwingLow,0.678097,3,bearish_break,-0.546448,3-5
XRP/USDT,10,2026-06-11 16:00:00+00:00,1.1133,1.1096,SwingLow,SwingLow,0.732168,4,bearish_break,-0.368274,3-5
XRP/USDT,10,2026-06-11 16:35:00+00:00,1.1116,1.1096,SwingLow,SwingLow,0.744903,3,bearish_break,-0.296869,3-5
XRP/USDT,10,2026-06-11 18:40:00+00:00,1.1387,1.1355,SwingLow,SwingLow,0.73717,18,bearish_break,0.079037,11-20
XRP/USDT,10,2026-06-11 21:10:00+00:00,1.1423,1.1372,SwingHigh,SwingLow,0.687223,3,bearish_break,-0.236365,3-5
XRP/USDT,10,2026-06-11 22:50:00+00:00,1.1426,1.1403,SwingHigh,SwingLow,0.680719,7,bearish_break,-0.288815,6-10
XRP/USDT,10,2026-06-11 23:40:00+00:00,1.1437,1.1403,SwingHigh,SwingLow,0.713361,7,bearish_break,-0.306024,6-10
XRP/USDT,10,2026-06-12 02:05:00+00:00,1.1463,1.1409,SwingHigh,SwingHigh,0.707281,16,bearish_break,-0.383844,11-20
XRP/USDT,10,2026-06-12 03:35:00+00:00,1.1451,1.1436,SwingHigh,SwingHigh,0.720015,23,bearish_break,-0.296917,21-40
XRP/USDT,10,2026-06-12 04:15:00+00:00,1.1467,1.1436,SwingHigh,SwingHigh,0.75725,15,bearish_break,-0.436034,11-20
XRP/USDT,10,2026-06-12 11:20:00+00:00,1.145,1.1429,SwingHigh,SwingHigh,0.727359,3,bearish_break,-0.28821,3-5
XRP/USDT,10,2026-06-12 14:35:00+00:00,1.1432,1.1366,SwingLow,SwingHigh,0.713573,14,bearish_break,-0.664801,11-20
XRP/USDT,10,2026-06-12 19:10:00+00:00,1.133,1.1318,SwingHigh,SwingLow,0.725561,8,bearish_break,-0.203001,6-10
XRP/USDT,10,2026-06-12 19:25:00+00:00,1.1343,1.133,SwingLow,SwingLow,0.754917,5,bearish_break,-0.317376,3-5
XRP/USDT,10,2026-06-12 20:35:00+00:00,1.1338,1.1318,SwingHigh,SwingLow,0.740527,2,bearish_break,-0.167578,1-2
XRP/USDT,10,2026-06-12 20:55:00+00:00,1.133,1.1318,SwingHigh,SwingLow,0.692408,11,bearish_break,-0.079435,11-20
XRP/USDT,10,2026-06-12 22:25:00+00:00,1.1316,1.13,SwingHigh,SwingHigh,0.732476,1,bearish_break,-0.132556,1-2
XRP/USDT,10,2026-06-13 11:10:00+00:00,1.1479,1.1445,SwingHigh,,0.764093,60,time_stop,0.470424,41-60
XRP/USDT,10,2026-06-13 15:15:00+00:00,1.1555,1.1542,SwingLow,SwingLow,0.711983,15,bearish_break,-0.700995,11-20
XRP/USDT,10,2026-06-13 21:00:00+00:00,1.1478,1.1458,SwingLow,SwingLow,0.764102,3,bearish_break,-0.130685,3-5
XRP/USDT,10,2026-06-13 21:40:00+00:00,1.1563,1.1458,SwingLow,SwingHigh,0.713984,13,bearish_break,-0.492952,11-20
XRP/USDT,10,2026-06-13 23:15:00+00:00,1.1528,1.1501,SwingLow,SwingHigh,0.715214,6,bearish_break,-0.303609,6-10
XRP/USDT,10,2026-06-13 23:35:00+00:00,1.1513,1.1501,SwingLow,SwingHigh,0.734052,2,bearish_break,-0.173717,1-2
XRP/USDT,10,2026-06-14 01:15:00+00:00,1.1561,1.1519,SwingHigh,,0.737906,60,time_stop,-0.294092,41-60
XRP/USDT,10,2026-06-14 03:15:00+00:00,1.1525,1.1501,SwingLow,SwingHigh,0.724831,51,bearish_break,-0.633406,41-60
XRP/USDT,10,2026-06-14 08:35:00+00:00,1.1468,1.1449,SwingLow,SwingHigh,0.762356,8,bearish_break,-0.340077,6-10
XRP/USDT,10,2026-06-14 09:30:00+00:00,1.1446,1.142,SwingHigh,SwingHigh,0.733483,15,bearish_break,-0.043683,11-20
XRP/USDT,10,2026-06-14 09:35:00+00:00,1.1467,1.1449,SwingLow,SwingHigh,0.726625,14,bearish_break,-0.226738,11-20
XRP/USDT,10,2026-06-14 09:40:00+00:00,1.1498,1.1469,SwingHigh,SwingHigh,0.711438,13,bearish_break,-0.495738,11-20
ZEC/USDT,10,2026-06-01 23:35:00+00:00,546.05,542.78,SwingLow,SwingLow,0.700472,22,bearish_break,-0.598846,21-40
ZEC/USDT,10,2026-06-02 00:10:00+00:00,544.41,542.78,SwingLow,SwingLow,0.709411,15,bearish_break,-0.299407,11-20
ZEC/USDT,10,2026-06-02 20:35:00+00:00,590.34,584.0,SwingLow,SwingHigh,0.76965,26,bearish_break,-0.396382,21-40
ZEC/USDT,10,2026-06-02 20:45:00+00:00,596.74,590.34,SwingHigh,SwingHigh,0.725813,24,bearish_break,-1.464624,21-40
ZEC/USDT,10,2026-06-02 23:40:00+00:00,604.91,590.34,SwingHigh,SwingHigh,0.704317,29,bearish_break,3.007059,21-40
ZEC/USDT,10,2026-06-03 01:50:00+00:00,627.63,626.84,SwingHigh,SwingHigh,0.70166,3,bearish_break,-0.721763,3-5
ZEC/USDT,10,2026-06-03 05:45:00+00:00,615.06,610.13,SwingLow,SwingHigh,0.756269,2,bearish_break,-0.221117,1-2
ZEC/USDT,10,2026-06-03 09:20:00+00:00,612.4,610.13,SwingLow,SwingLow,0.792523,2,bearish_break,-1.851731,1-2
ZEC/USDT,10,2026-06-03 18:45:00+00:00,608.32,602.83,SwingLow,SwingHigh,0.710905,13,bearish_break,-1.280576,11-20
ZEC/USDT,10,2026-06-03 21:00:00+00:00,618.73,605.37,SwingHigh,SwingHigh,0.738108,12,bearish_break,-0.491329,11-20
ZEC/USDT,10,2026-06-03 23:05:00+00:00,617.48,615.0,SwingHigh,SwingHigh,0.727128,18,bearish_break,-0.246162,11-20
ZEC/USDT,10,2026-06-03 23:25:00+00:00,620.0,617.48,SwingHigh,SwingHigh,0.765397,14,bearish_break,-0.651613,11-20
ZEC/USDT,10,2026-06-04 01:30:00+00:00,605.37,602.7,SwingLow,SwingLow,0.738544,4,bearish_break,-1.052249,3-5
ZEC/USDT,10,2026-06-04 11:20:00+00:00,537.9,536.31,SwingHigh,SwingLow,0.744689,10,bearish_break,-2.660346,6-10
ZEC/USDT,10,2026-06-04 12:35:00+00:00,538.91,536.31,SwingHigh,SwingLow,0.726765,7,bearish_break,-2.352898,6-10
ZEC/USDT,10,2026-06-04 14:15:00+00:00,525.8,523.59,SwingLow,SwingLow,0.765806,41,bearish_break,-0.75504,41-60
ZEC/USDT,10,2026-06-04 15:05:00+00:00,536.88,533.1,SwingLow,SwingLow,0.706916,31,bearish_break,-2.803233,21-40
ZEC/USDT,10,2026-06-04 17:20:00+00:00,533.1,529.91,SwingLow,SwingLow,0.699942,4,bearish_break,-2.11405,3-5
ZEC/USDT,10,2026-06-05 09:05:00+00:00,318.21,317.12,SwingHigh,,0.699992,60,time_stop,-0.028283,41-60
ZEC/USDT,10,2026-06-05 14:15:00+00:00,329.85,320.06,SwingHigh,SwingLow,0.742363,7,bearish_break,-4.12915,6-10
ZEC/USDT,10,2026-06-06 02:45:00+00:00,379.04,378.64,SwingLow,SwingLow,0.712625,34,bearish_break,-2.654073,21-40
ZEC/USDT,10,2026-06-06 17:15:00+00:00,361.05,358.89,SwingHigh,SwingHigh,0.70081,2,bearish_break,-0.950007,1-2
ZEC/USDT,10,2026-06-06 17:50:00+00:00,360.99,358.89,SwingHigh,SwingHigh,0.776726,6,bearish_break,-1.252112,6-10
ZEC/USDT,10,2026-06-06 19:05:00+00:00,360.76,357.0,SwingLow,SwingHigh,0.719653,3,bearish_break,-1.225191,3-5
ZEC/USDT,10,2026-06-06 21:50:00+00:00,355.67,353.99,SwingHigh,SwingHigh,0.740354,17,bearish_break,0.905334,11-20
ZEC/USDT,10,2026-06-07 10:15:00+00:00,395.21,394.59,SwingHigh,,0.70882,60,time_stop,9.708762,41-60
ZEC/USDT,10,2026-06-07 12:45:00+00:00,407.28,403.46,SwingHigh,SwingHigh,0.717509,41,bearish_break,3.675604,41-60
ZEC/USDT,10,2026-06-07 20:10:00+00:00,413.07,412.64,SwingHigh,SwingLow,0.747503,3,bearish_break,0.561648,3-5
ZEC/USDT,10,2026-06-07 22:05:00+00:00,429.94,425.76,SwingHigh,SwingHigh,0.712764,17,bearish_break,2.432898,11-20
ZEC/USDT,10,2026-06-08 08:55:00+00:00,428.88,426.31,SwingHigh,SwingLow,0.732473,23,bearish_break,-0.94432,21-40
ZEC/USDT,10,2026-06-08 10:30:00+00:00,429.7,425.77,SwingLow,SwingLow,0.754759,4,bearish_break,-1.133349,3-5
ZEC/USDT,10,2026-06-08 13:15:00+00:00,432.73,429.85,SwingHigh,SwingLow,0.701395,9,bearish_break,0.436762,6-10
ZEC/USDT,10,2026-06-08 13:25:00+00:00,437.57,435.14,SwingLow,SwingLow,0.720143,7,bearish_break,-0.674178,6-10
ZEC/USDT,10,2026-06-08 14:50:00+00:00,437.39,435.14,SwingLow,SwingHigh,0.722679,32,bearish_break,1.364915,21-40
ZEC/USDT,10,2026-06-08 19:40:00+00:00,459.57,453.32,SwingHigh,,0.753029,60,time_stop,-1.553626,41-60
ZEC/USDT,10,2026-06-09 04:30:00+00:00,446.58,445.73,SwingLow,SwingHigh,0.732511,42,bearish_break,4.54118,41-60
ZEC/USDT,10,2026-06-09 09:50:00+00:00,472.6,470.51,SwingHigh,SwingHigh,0.740396,17,bearish_break,-0.727888,11-20
ZEC/USDT,10,2026-06-09 14:50:00+00:00,464.89,462.95,SwingLow,SwingLow,0.710935,4,bearish_break,-1.78752,3-5
ZEC/USDT,10,2026-06-09 21:05:00+00:00,449.18,446.51,SwingLow,SwingHigh,0.715995,2,bearish_break,-0.578833,1-2
ZEC/USDT,10,2026-06-10 00:55:00+00:00,439.59,430.85,SwingLow,SwingLow,0.704894,9,bearish_break,-1.960918,6-10
ZEC/USDT,10,2026-06-10 01:45:00+00:00,433.58,430.85,SwingLow,SwingHigh,0.715786,2,bearish_break,1.296185,1-2
ZEC/USDT,10,2026-06-10 04:10:00+00:00,437.42,432.53,SwingLow,SwingHigh,0.733575,3,bearish_break,0.448082,3-5
ZEC/USDT,10,2026-06-10 13:20:00+00:00,425.77,422.2,SwingLow,SwingHigh,0.711055,15,bearish_break,2.736219,11-20
ZEC/USDT,10,2026-06-10 13:25:00+00:00,427.81,425.77,SwingHigh,SwingHigh,0.701084,14,bearish_break,2.246324,11-20
ZEC/USDT,10,2026-06-10 17:00:00+00:00,428.93,425.77,SwingHigh,SwingHigh,0.720244,5,bearish_break,-1.676264,3-5
ZEC/USDT,10,2026-06-10 23:40:00+00:00,412.21,409.89,SwingHigh,SwingLow,0.716075,2,bearish_break,-0.536134,1-2
ZEC/USDT,10,2026-06-11 04:50:00+00:00,424.8,423.81,SwingHigh,SwingHigh,0.736022,8,bearish_break,-0.38371,6-10
ZEC/USDT,10,2026-06-11 06:15:00+00:00,425.17,423.81,SwingHigh,SwingHigh,0.741459,6,bearish_break,-0.43512,6-10
ZEC/USDT,10,2026-06-11 09:55:00+00:00,429.89,429.26,SwingHigh,SwingHigh,0.753273,3,bearish_break,-0.26751,3-5
ZEC/USDT,10,2026-06-11 10:35:00+00:00,432.54,429.26,SwingHigh,SwingLow,0.723496,34,bearish_break,-2.01831,21-40
ZEC/USDT,10,2026-06-11 10:55:00+00:00,430.14,429.26,SwingHigh,SwingLow,0.735227,30,bearish_break,-1.471614,21-40
ZEC/USDT,10,2026-06-11 14:45:00+00:00,423.17,422.25,SwingHigh,SwingHigh,0.739296,11,bearish_break,-0.815275,11-20
ZEC/USDT,10,2026-06-11 21:10:00+00:00,440.94,438.22,SwingHigh,SwingHigh,0.726297,4,bearish_break,-0.866331,3-5
ZEC/USDT,10,2026-06-12 01:50:00+00:00,426.84,426.33,SwingLow,SwingLow,0.707312,40,bearish_break,0.805923,21-40
ZEC/USDT,10,2026-06-12 04:50:00+00:00,434.84,433.94,SwingHigh,SwingLow,0.720248,4,bearish_break,-1.048662,3-5
ZEC/USDT,10,2026-06-12 07:35:00+00:00,423.17,421.21,SwingLow,SwingLow,0.708317,13,bearish_break,2.006286,11-20
ZEC/USDT,10,2026-06-12 09:05:00+00:00,435.14,433.94,SwingHigh,SwingLow,0.73499,35,bearish_break,0.326332,21-40
ZEC/USDT,10,2026-06-12 22:55:00+00:00,409.74,405.15,SwingLow,SwingHigh,0.707007,39,bearish_break,1.681554,21-40
ZEC/USDT,10,2026-06-13 00:50:00+00:00,416.53,415.37,SwingHigh,SwingHigh,0.738185,16,bearish_break,0.024008,11-20
ZEC/USDT,10,2026-06-13 01:45:00+00:00,417.64,417.08,SwingHigh,SwingHigh,0.736078,5,bearish_break,-0.241835,3-5
ZEC/USDT,10,2026-06-13 08:35:00+00:00,416.8,415.63,SwingLow,,0.724139,60,time_stop,-0.050384,41-60
ZEC/USDT,10,2026-06-13 14:25:00+00:00,412.97,412.21,SwingHigh,SwingHigh,0.720089,22,bearish_break,-0.668329,21-40
ZEC/USDT,10,2026-06-13 18:20:00+00:00,411.67,410.66,SwingHigh,SwingLow,0.709159,15,bearish_break,0.310929,11-20
ZEC/USDT,10,2026-06-13 18:25:00+00:00,413.55,411.67,SwingHigh,SwingLow,0.713499,14,bearish_break,-0.145085,11-20
ZEC/USDT,10,2026-06-14 01:45:00+00:00,426.65,424.28,SwingHigh,SwingHigh,0.717888,13,bearish_break,-1.019571,11-20
ZEC/USDT,10,2026-06-14 03:25:00+00:00,424.85,424.28,SwingHigh,SwingHigh,0.713966,13,bearish_break,-0.906202,11-20
ZEC/USDT,10,2026-06-14 06:40:00+00:00,423.63,422.1,SwingHigh,SwingHigh,0.75087,9,bearish_break,0.731771,6-10
ZEC/USDT,10,2026-06-14 07:55:00+00:00,427.69,427.22,SwingHigh,SwingHigh,0.710156,2,bearish_break,-0.322664,1-2
ZEC/USDT,10,2026-06-14 09:40:00+00:00,427.62,424.25,SwingHigh,SwingHigh,0.734194,5,bearish_break,-0.49109,3-5
ZEC/USDT,10,2026-06-14 18:35:00+00:00,423.17,421.61,SwingHigh,,0.756566,60,time_stop,11.936101,41-60
ZEN/USDT,10,2026-06-03 22:00:00+00:00,5.58,5.47,SwingLow,,0.958526,60,time_stop,-6.989247,41-60
ZIL/USDT,10,2026-06-03 09:20:00+00:00,0.00353,0.00351,SwingHigh,,0.798446,60,time_stop,-0.849858,41-60
ZRX/USDT,10,2026-06-10 01:10:00+00:00,0.0888,0.087,SwingLow,,0.938225,60,time_stop,0.0,41-60
