ticker,entry_time,exit_time,entry_price,exit_price,peak_price,pnl,pnl_pct,bars_to_exit,peak_capture,vol_div,rsi_div,exit_reason
ABTS,2026-04-30 15:15:00+00:00,2026-05-01 18:45:00+00:00,1.345,1.29,1.49,-0.055,-4.0892,36,-37.93,True,True,bearish_vol_divergence
ABTS,2026-05-07 14:45:00+00:00,2026-05-08 19:45:00+00:00,1.18,1.09,1.18,-0.09,-7.6271,32,0.0,True,True,bearish_vol_divergence
ABTS,2026-05-12 19:00:00+00:00,2026-05-15 15:15:00+00:00,0.9375,0.9449,0.96,0.0074,0.7893,26,32.89,True,True,bearish_vol_divergence
ABTS,2026-05-20 15:30:00+00:00,2026-06-04 17:45:00+00:00,0.8602,2.34,3.23,1.4798,172.0298,147,62.44,True,True,bearish_vol_divergence
ABTS,2026-05-22 17:30:00+00:00,2026-06-04 17:45:00+00:00,0.86,2.34,3.23,1.48,172.093,131,62.45,True,True,bearish_vol_divergence
ABTS,2026-05-22 19:15:00+00:00,2026-06-04 17:45:00+00:00,0.8803,2.34,3.23,1.4597,165.8185,128,62.12,True,True,bearish_vol_divergence
ABTS,2026-06-03 16:45:00+00:00,2026-06-04 17:45:00+00:00,2.25,2.34,2.4,0.09,4.0,26,60.0,True,True,bearish_vol_divergence
ABTS,2026-06-04 15:45:00+00:00,2026-06-04 18:30:00+00:00,2.13,2.43,2.47,0.3,14.0845,11,88.24,True,True,bearish_vol_divergence
ABTS,2026-06-17 17:30:00+00:00,2026-06-22 18:45:00+00:00,1.18,1.245,1.28,0.065,5.5085,39,65.0,True,True,bearish_vol_divergence
ABTS,2026-06-17 18:00:00+00:00,2026-06-22 18:45:00+00:00,1.235,1.245,1.28,0.01,0.8097,37,22.22,True,True,bearish_vol_divergence
ACCL,2026-05-14 18:45:00+00:00,2026-05-21 14:30:00+00:00,1.4301,1.4329,1.4595,0.0028,0.1958,22,9.52,True,True,bearish_vol_divergence
ACCL,2026-06-05 16:15:00+00:00,2026-06-08 14:30:00+00:00,1.5578,1.6369,1.69,0.0791,5.0777,15,59.83,True,True,bearish_vol_divergence
ACCL,2026-06-05 16:30:00+00:00,2026-06-08 14:30:00+00:00,1.57,1.6369,1.69,0.0669,4.2611,14,55.75,True,True,bearish_vol_divergence
ACCL,2026-06-09 18:45:00+00:00,2026-06-10 17:00:00+00:00,1.53,1.545,1.56,0.015,0.9804,14,50.0,True,True,bearish_vol_divergence
ACCL,2026-06-10 16:30:00+00:00,2026-06-10 19:00:00+00:00,1.541,1.54,1.55,-0.001,-0.0649,10,-11.11,True,True,bearish_vol_divergence
ACON,2026-04-30 19:30:00+00:00,2026-05-01 17:00:00+00:00,3.3595,3.38,3.38,0.0205,0.6102,10,100.0,True,True,bearish_vol_divergence
ACON,2026-05-12 18:30:00+00:00,2026-05-13 19:30:00+00:00,3.0699,3.29,3.34,0.2201,7.1696,23,81.49,True,True,bearish_vol_divergence
ACON,2026-05-19 19:30:00+00:00,2026-05-21 19:45:00+00:00,3.185,3.27,3.285,0.085,2.6688,21,85.0,True,True,bearish_vol_divergence
ACON,2026-05-20 18:15:00+00:00,2026-05-21 19:45:00+00:00,3.26,3.27,3.28,0.01,0.3067,10,50.0,True,True,bearish_vol_divergence
ACON,2026-06-08 17:45:00+00:00,2026-06-17 14:45:00+00:00,3.3509,3.17,3.37,-0.1809,-5.3985,72,-100.0,True,True,bearish_vol_divergence
ACON,2026-06-08 18:30:00+00:00,2026-06-17 14:45:00+00:00,3.34,3.17,3.36,-0.17,-5.0898,71,-100.0,True,True,bearish_vol_divergence
ACON,2026-06-08 19:30:00+00:00,2026-06-17 14:45:00+00:00,3.35,3.17,3.36,-0.18,-5.3731,67,0.0,True,True,bearish_vol_divergence
ACON,2026-06-11 16:45:00+00:00,2026-06-17 14:45:00+00:00,3.19,3.17,3.3,-0.02,-0.627,45,-18.18,True,True,bearish_vol_divergence
ACON,2026-06-11 17:00:00+00:00,2026-06-17 14:45:00+00:00,3.21,3.17,3.3,-0.04,-1.2461,44,-44.44,True,True,bearish_vol_divergence
ACON,2026-06-11 18:00:00+00:00,2026-06-17 14:45:00+00:00,3.18,3.17,3.3,-0.01,-0.3145,41,-8.33,True,True,bearish_vol_divergence
ACON,2026-06-12 16:00:00+00:00,2026-06-17 14:45:00+00:00,3.23,3.17,3.26,-0.06,-1.8576,34,-100.0,True,True,bearish_vol_divergence
ACON,2026-06-22 19:15:00+00:00,2026-06-22 19:45:00+00:00,3.04,3.03,3.06,-0.01,-0.3289,2,-50.0,True,True,end_of_data
ACXP,2026-05-08 19:15:00+00:00,2026-05-11 18:15:00+00:00,2.08,2.155,2.17,0.075,3.6058,17,83.33,True,True,bearish_vol_divergence
ACXP,2026-05-08 19:45:00+00:00,2026-05-11 18:15:00+00:00,2.12,2.155,2.17,0.035,1.6509,15,70.0,True,True,bearish_vol_divergence
ACXP,2026-05-15 15:45:00+00:00,2026-05-15 19:15:00+00:00,1.86,1.89,1.94,0.03,1.6129,12,37.5,True,True,bearish_vol_divergence
ACXP,2026-05-15 16:15:00+00:00,2026-05-15 19:15:00+00:00,1.85,1.89,1.94,0.04,2.1622,10,44.44,True,True,bearish_vol_divergence
ACXP,2026-06-02 18:30:00+00:00,2026-06-03 16:00:00+00:00,1.81,1.825,1.8284,0.015,0.8287,11,81.52,True,True,bearish_vol_divergence
ACXP,2026-06-04 16:30:00+00:00,2026-06-05 18:15:00+00:00,1.785,1.67,1.7899,-0.115,-6.4426,21,0.0,True,True,bearish_vol_divergence
ACXP,2026-06-04 19:45:00+00:00,2026-06-05 18:15:00+00:00,1.765,1.67,1.765,-0.095,-5.3824,14,0.0,True,True,bearish_vol_divergence
ACXP,2026-06-11 14:45:00+00:00,2026-06-11 18:15:00+00:00,1.555,1.5901,1.6052,0.0351,2.2572,10,69.92,True,True,bearish_vol_divergence
ACXP,2026-06-11 15:15:00+00:00,2026-06-11 19:30:00+00:00,1.58,1.625,1.64,0.045,2.8481,11,75.0,True,True,bearish_vol_divergence
ACXP,2026-06-12 15:00:00+00:00,2026-06-12 19:15:00+00:00,1.59,1.5801,1.6499,-0.0099,-0.6226,13,-16.53,True,True,bearish_vol_divergence
ACXP,2026-06-17 16:30:00+00:00,2026-06-18 18:45:00+00:00,1.54,1.59,1.63,0.05,3.2468,23,55.56,True,True,bearish_vol_divergence
ACXP,2026-06-17 16:45:00+00:00,2026-06-18 18:45:00+00:00,1.56,1.59,1.63,0.03,1.9231,22,42.86,True,True,bearish_vol_divergence
ACXP,2026-06-18 18:45:00+00:00,2026-06-22 18:45:00+00:00,1.59,1.54,1.6,-0.05,-3.1447,16,-100.0,True,True,bearish_vol_divergence
ADIL,2026-04-29 15:00:00+00:00,2026-04-30 16:45:00+00:00,1.555,1.55,1.59,-0.005,-0.3215,19,-14.29,True,True,bearish_vol_divergence
ADIL,2026-05-01 18:30:00+00:00,2026-05-04 19:45:00+00:00,1.575,1.615,1.64,0.04,2.5397,23,61.54,True,True,bearish_vol_divergence
ADIL,2026-05-01 19:30:00+00:00,2026-05-04 19:45:00+00:00,1.56,1.615,1.64,0.055,3.5256,21,68.75,True,True,bearish_vol_divergence
ADIL,2026-05-04 14:30:00+00:00,2026-05-04 19:45:00+00:00,1.585,1.615,1.64,0.03,1.8927,19,54.55,True,True,bearish_vol_divergence
ADIL,2026-06-11 15:30:00+00:00,2026-06-15 19:45:00+00:00,2.58,2.86,5.16,0.28,10.8527,59,10.85,True,True,bearish_vol_divergence
ADIL,2026-06-11 16:15:00+00:00,2026-06-15 19:45:00+00:00,4.395,2.86,5.16,-1.535,-34.9261,58,-100.0,True,True,bearish_vol_divergence
ADIL,2026-06-15 14:45:00+00:00,2026-06-15 19:45:00+00:00,2.84,2.86,2.89,0.02,0.7042,20,40.0,True,True,bearish_vol_divergence
ADIL,2026-06-16 18:45:00+00:00,2026-06-18 19:45:00+00:00,2.55,2.64,2.9,0.09,3.5294,41,25.71,True,True,bearish_vol_divergence
ADIL,2026-06-17 17:30:00+00:00,2026-06-18 19:45:00+00:00,2.87,2.64,2.9,-0.23,-8.0139,24,-100.0,True,True,bearish_vol_divergence
ADTX,2026-04-28 16:30:00+00:00,2026-04-29 16:45:00+00:00,5.9049,6.075,6.1155,0.1701,2.8807,23,80.77,True,True,bearish_vol_divergence
ADTX,2026-04-28 16:45:00+00:00,2026-04-29 16:45:00+00:00,5.8671,6.075,6.1155,0.2079,3.5435,22,83.7,True,True,bearish_vol_divergence
ADTX,2026-05-04 18:30:00+00:00,2026-05-05 15:45:00+00:00,3.8178,3.7962,3.8934,-0.0216,-0.5658,11,-28.57,True,True,bearish_vol_divergence
ADTX,2026-05-04 18:45:00+00:00,2026-05-05 15:45:00+00:00,3.7692,3.7962,3.8691,0.027,0.7163,10,27.03,True,True,bearish_vol_divergence
ADTX,2026-05-04 19:00:00+00:00,2026-05-05 18:30:00+00:00,3.7341,3.7125,3.8691,-0.0216,-0.5785,20,-16.0,True,True,bearish_vol_divergence
ADTX,2026-05-04 19:45:00+00:00,2026-05-05 18:30:00+00:00,3.7449,3.7125,3.8691,-0.0324,-0.8652,17,-26.09,True,True,bearish_vol_divergence
ADTX,2026-05-05 14:45:00+00:00,2026-05-05 18:30:00+00:00,3.7746,3.7125,3.8691,-0.0621,-1.6452,15,-65.71,True,True,bearish_vol_divergence
ADTX,2026-05-05 15:30:00+00:00,2026-05-05 18:30:00+00:00,3.8097,3.7125,3.834,-0.0972,-2.5514,12,-100.0,True,True,bearish_vol_divergence
ADTX,2026-05-05 15:45:00+00:00,2026-05-05 18:30:00+00:00,3.7962,3.7125,3.834,-0.0837,-2.2048,11,-100.0,True,True,bearish_vol_divergence
ADTX,2026-05-08 16:30:00+00:00,2026-05-20 18:00:00+00:00,2.9025,1.4199,3.1644,-1.4826,-51.0801,180,-100.0,True,True,bearish_vol_divergence
ADTX,2026-05-12 15:45:00+00:00,2026-05-20 18:00:00+00:00,2.592,1.4199,2.6703,-1.1721,-45.2199,139,-100.0,True,True,bearish_vol_divergence
ADTX,2026-05-18 18:45:00+00:00,2026-05-20 18:00:00+00:00,1.56,1.4199,1.89,-0.1401,-8.9808,40,-42.45,True,True,bearish_vol_divergence
ADTX,2026-05-18 19:00:00+00:00,2026-05-20 18:00:00+00:00,1.57,1.4199,1.89,-0.1501,-9.5605,39,-46.91,True,True,bearish_vol_divergence
ADTX,2026-05-18 19:15:00+00:00,2026-05-20 18:00:00+00:00,1.6,1.4199,1.89,-0.1801,-11.2563,38,-62.1,True,True,bearish_vol_divergence
ADTX,2026-05-18 19:30:00+00:00,2026-05-20 18:00:00+00:00,1.545,1.4199,1.89,-0.1251,-8.0971,37,-36.26,True,True,bearish_vol_divergence
ADTX,2026-05-19 14:45:00+00:00,2026-05-20 18:00:00+00:00,1.785,1.4199,1.88,-0.3651,-20.4538,34,-100.0,True,True,bearish_vol_divergence
ADTX,2026-05-19 15:15:00+00:00,2026-05-20 18:00:00+00:00,1.6496,1.4199,1.73,-0.2297,-13.9246,32,-100.0,True,True,bearish_vol_divergence
ADTX,2026-05-19 16:00:00+00:00,2026-05-20 18:00:00+00:00,1.4801,1.4199,1.65,-0.0602,-4.0673,29,-35.43,True,True,bearish_vol_divergence
ADTX,2026-05-26 19:30:00+00:00,2026-05-28 17:45:00+00:00,0.2501,0.158,0.255,-0.0921,-36.8253,37,-100.0,True,True,bearish_vol_divergence
ADTX,2026-05-27 14:30:00+00:00,2026-05-28 17:45:00+00:00,0.2014,0.158,0.2153,-0.0434,-21.5492,35,-100.0,True,True,bearish_vol_divergence
ADTX,2026-05-27 14:45:00+00:00,2026-05-28 17:45:00+00:00,0.1999,0.158,0.2153,-0.0419,-20.9605,34,-100.0,True,True,bearish_vol_divergence
ADTX,2026-05-27 15:00:00+00:00,2026-05-28 17:45:00+00:00,0.2019,0.158,0.2153,-0.0439,-21.7434,33,-100.0,True,True,bearish_vol_divergence
ADTX,2026-05-27 15:45:00+00:00,2026-05-28 17:45:00+00:00,0.1975,0.158,0.2095,-0.0395,-20.0,30,-100.0,True,True,bearish_vol_divergence
ADTX,2026-05-27 16:15:00+00:00,2026-05-28 17:45:00+00:00,0.1892,0.158,0.2095,-0.0312,-16.4905,28,-100.0,True,True,bearish_vol_divergence
ADTX,2026-05-28 16:15:00+00:00,2026-06-01 17:45:00+00:00,0.1629,0.108,0.18,-0.0549,-33.7017,50,-100.0,True,True,bearish_vol_divergence
ADTX,2026-05-28 18:45:00+00:00,2026-06-01 17:45:00+00:00,0.1601,0.108,0.18,-0.0521,-32.5422,40,-100.0,True,True,bearish_vol_divergence
ADTX,2026-05-28 19:00:00+00:00,2026-06-01 17:45:00+00:00,0.16,0.108,0.18,-0.052,-32.5,39,-100.0,True,True,bearish_vol_divergence
ADTX,2026-05-28 19:15:00+00:00,2026-06-01 17:45:00+00:00,0.159,0.108,0.18,-0.051,-32.0755,38,-100.0,True,True,bearish_vol_divergence
ADTX,2026-06-01 14:30:00+00:00,2026-06-01 17:45:00+00:00,0.1098,0.108,0.115,-0.0018,-1.6393,13,-34.62,True,True,bearish_vol_divergence
ADTX,2026-06-01 14:45:00+00:00,2026-06-01 17:45:00+00:00,0.1118,0.108,0.115,-0.0038,-3.3989,12,-100.0,True,True,bearish_vol_divergence
ADTX,2026-06-01 15:30:00+00:00,2026-06-01 19:15:00+00:00,0.1022,0.135,0.1518,0.0328,32.0939,15,66.13,True,True,bearish_vol_divergence
ADTX,2026-06-01 15:45:00+00:00,2026-06-01 19:15:00+00:00,0.1022,0.135,0.1518,0.0328,32.0939,14,66.13,True,True,bearish_vol_divergence
ADTX,2026-06-01 17:00:00+00:00,2026-06-03 14:45:00+00:00,0.107,0.1053,0.1518,-0.0017,-1.5888,35,-3.79,True,True,bearish_vol_divergence
ADTX,2026-06-01 19:00:00+00:00,2026-06-03 14:45:00+00:00,0.1412,0.1053,0.1518,-0.0359,-25.4249,27,-100.0,True,True,bearish_vol_divergence
ADTX,2026-06-05 17:45:00+00:00,2026-06-08 19:30:00+00:00,0.06,0.048,0.074,-0.012,-20.0,29,-85.71,True,True,bearish_vol_divergence
ADTX,2026-06-05 18:45:00+00:00,2026-06-08 19:30:00+00:00,0.0594,0.048,0.074,-0.0114,-19.1919,25,-78.08,True,True,bearish_vol_divergence
ADVB,2026-05-29 16:15:00+00:00,2026-06-17 18:00:00+00:00,4.5,4.84,6.1999,0.34,7.5556,94,20.0,True,True,bearish_vol_divergence
ADVB,2026-05-29 17:30:00+00:00,2026-06-17 18:00:00+00:00,5.17,4.84,6.1999,-0.33,-6.383,91,-32.04,True,True,bearish_vol_divergence
ADV,2026-05-06 15:45:00+00:00,2026-05-07 16:45:00+00:00,40.985,43.76,44.36,2.775,6.7708,21,82.22,True,True,bearish_vol_divergence
ADV,2026-05-19 14:45:00+00:00,2026-05-19 18:30:00+00:00,35.245,34.525,35.68,-0.72,-2.0428,13,-100.0,True,True,bearish_vol_divergence
ADV,2026-05-26 19:45:00+00:00,2026-05-28 18:15:00+00:00,42.59,39.42,43.5,-3.17,-7.4431,31,-100.0,True,True,bearish_vol_divergence
ADV,2026-05-27 14:30:00+00:00,2026-05-28 18:15:00+00:00,41.21,39.42,42.08,-1.79,-4.3436,30,-100.0,True,True,bearish_vol_divergence
ADV,2026-05-27 14:45:00+00:00,2026-05-28 18:15:00+00:00,41.49,39.42,42.08,-2.07,-4.9892,29,-100.0,True,True,bearish_vol_divergence
ADV,2026-05-27 16:45:00+00:00,2026-05-28 18:15:00+00:00,40.94,39.42,41.01,-1.52,-3.7128,22,0.0,True,True,bearish_vol_divergence
ADV,2026-05-29 19:45:00+00:00,2026-06-01 17:15:00+00:00,37.23,36.76,37.64,-0.47,-1.2624,11,-100.0,True,True,bearish_vol_divergence
ADV,2026-06-04 17:00:00+00:00,2026-06-05 16:00:00+00:00,39.32,38.66,39.97,-0.66,-1.6785,16,-100.0,True,True,bearish_vol_divergence
ADV,2026-06-16 17:15:00+00:00,2026-06-17 17:45:00+00:00,39.46,38.19,39.95,-1.27,-3.2185,21,-100.0,True,True,bearish_vol_divergence
ADV,2026-06-16 17:30:00+00:00,2026-06-17 17:45:00+00:00,39.34,38.19,39.95,-1.15,-2.9232,20,-100.0,True,True,bearish_vol_divergence
ADV,2026-06-17 19:00:00+00:00,2026-06-22 18:15:00+00:00,38.19,35.99,38.19,-2.2,-5.7607,33,0.0,True,True,bearish_vol_divergence
ADV,2026-06-17 19:30:00+00:00,2026-06-22 18:15:00+00:00,38.13,35.99,38.19,-2.14,-5.6124,31,0.0,True,True,bearish_vol_divergence
AEC,2026-04-23 14:45:00+00:00,2026-04-24 18:45:00+00:00,5.805,5.455,5.85,-0.35,-6.0293,28,-100.0,True,True,bearish_vol_divergence
AEC,2026-04-24 18:45:00+00:00,2026-04-27 19:45:00+00:00,5.455,5.41,5.5737,-0.045,-0.8249,19,-37.91,True,True,bearish_vol_divergence
AEC,2026-04-29 15:15:00+00:00,2026-04-29 21:45:00+00:00,5.06,5.02,5.15,-0.04,-0.7905,16,-44.44,True,True,bearish_vol_divergence
AEC,2026-04-29 15:30:00+00:00,2026-04-29 21:45:00+00:00,5.05,5.02,5.0708,-0.03,-0.5941,15,0.0,True,True,bearish_vol_divergence
AEC,2026-04-29 16:00:00+00:00,2026-04-29 21:45:00+00:00,5.0,5.02,5.0708,0.02,0.4,13,28.25,True,True,bearish_vol_divergence
AEC,2026-05-20 12:00:00+00:00,2026-05-21 17:45:00+00:00,4.23,4.365,4.3994,0.135,3.1915,31,79.69,True,True,bearish_vol_divergence
AEC,2026-06-01 15:00:00+00:00,2026-06-02 13:30:00+00:00,4.8499,5.0,5.0,0.1501,3.0949,13,100.0,True,True,bearish_vol_divergence
AEHL,2026-05-04 15:15:00+00:00,2026-05-06 18:15:00+00:00,0.525,0.4999,0.525,-0.0251,-4.7809,38,0.0,True,True,bearish_vol_divergence
AEHL,2026-05-04 18:15:00+00:00,2026-05-06 18:15:00+00:00,0.51,0.4999,0.5102,-0.0101,-1.9804,28,0.0,True,True,bearish_vol_divergence
AEHL,2026-05-04 19:00:00+00:00,2026-05-06 18:15:00+00:00,0.51,0.4999,0.51,-0.0101,-1.9804,26,0.0,True,True,bearish_vol_divergence
AEHL,2026-05-06 15:45:00+00:00,2026-05-07 15:30:00+00:00,0.4921,0.4975,0.5099,0.0054,1.0973,16,30.34,True,True,bearish_vol_divergence
AEHL,2026-05-06 17:15:00+00:00,2026-05-07 15:30:00+00:00,0.49,0.4975,0.5099,0.0075,1.5306,13,37.69,True,True,bearish_vol_divergence
AEHL,2026-05-06 18:45:00+00:00,2026-05-07 16:00:00+00:00,0.4911,0.4951,0.5099,0.004,0.8145,10,21.28,True,True,bearish_vol_divergence
AEHL,2026-05-07 15:00:00+00:00,2026-05-20 19:45:00+00:00,0.5005,2.925,5.89,2.4245,484.4155,211,44.99,True,True,bearish_vol_divergence
AEHL,2026-05-27 14:45:00+00:00,2026-06-01 19:00:00+00:00,1.5201,1.0899,1.55,-0.4302,-28.3008,83,-100.0,True,True,bearish_vol_divergence
AEHL,2026-06-03 16:45:00+00:00,2026-06-03 19:30:00+00:00,1.15,1.17,1.18,0.02,1.7391,11,66.67,True,True,bearish_vol_divergence
AEHL,2026-06-04 19:00:00+00:00,2026-06-05 19:15:00+00:00,1.075,0.9553,1.17,-0.1197,-11.1349,22,-100.0,True,True,bearish_vol_divergence
AEHL,2026-06-16 19:15:00+00:00,2026-06-17 18:00:00+00:00,1.025,1.03,1.05,0.005,0.4878,15,20.0,True,True,bearish_vol_divergence
AEHL,2026-06-16 19:45:00+00:00,2026-06-17 18:00:00+00:00,1.03,1.03,1.05,0.0,0.0,13,0.0,True,True,bearish_vol_divergence
AEMD,2026-05-15 16:30:00+00:00,2026-05-19 18:15:00+00:00,2.1149,2.0399,2.25,-0.075,-3.5463,42,-55.51,True,True,bearish_vol_divergence
AEMD,2026-05-18 16:15:00+00:00,2026-05-19 18:15:00+00:00,2.115,2.0399,2.14,-0.0751,-3.5508,25,-100.0,True,True,bearish_vol_divergence
AEMD,2026-05-18 18:00:00+00:00,2026-05-19 18:15:00+00:00,2.015,2.0399,2.07,0.0249,1.2357,18,45.27,True,True,bearish_vol_divergence
AEMD,2026-05-28 18:30:00+00:00,2026-06-01 17:30:00+00:00,2.7004,2.32,2.9701,-0.3804,-14.0868,40,-100.0,True,True,bearish_vol_divergence
AEMD,2026-05-29 15:15:00+00:00,2026-06-01 17:30:00+00:00,2.26,2.32,2.345,0.06,2.6549,31,70.59,True,True,bearish_vol_divergence
AEMD,2026-05-29 19:30:00+00:00,2026-06-01 17:30:00+00:00,2.17,2.32,2.345,0.15,6.9124,14,85.71,True,True,bearish_vol_divergence
AEMD,2026-06-01 16:45:00+00:00,2026-06-02 18:30:00+00:00,2.2601,2.15,2.42,-0.1101,-4.8715,29,-68.86,True,True,bearish_vol_divergence
AEMD,2026-06-01 17:30:00+00:00,2026-06-02 18:30:00+00:00,2.32,2.15,2.42,-0.17,-7.3276,26,-100.0,True,True,bearish_vol_divergence
AEMD,2026-06-04 19:00:00+00:00,2026-06-05 18:00:00+00:00,2.16,2.06,2.18,-0.1,-4.6296,18,-100.0,True,True,bearish_vol_divergence
AEMD,2026-06-16 19:45:00+00:00,2026-06-17 17:45:00+00:00,1.93,1.955,1.97,0.025,1.2953,10,62.5,True,True,bearish_vol_divergence
AEMD,2026-06-17 16:30:00+00:00,2026-06-18 17:30:00+00:00,1.94,1.928,1.97,-0.012,-0.6186,19,-40.0,True,True,bearish_vol_divergence
AERT,2026-04-29 15:45:00+00:00,2026-04-30 16:45:00+00:00,4.9528,5.0096,5.112,0.0568,1.1468,20,35.68,True,True,bearish_vol_divergence
AERT,2026-04-29 17:30:00+00:00,2026-04-30 16:45:00+00:00,5.088,5.0096,5.112,-0.0784,-1.5409,13,0.0,True,True,bearish_vol_divergence
AERT,2026-05-07 16:30:00+00:00,2026-05-08 16:15:00+00:00,5.0408,5.1544,5.1968,0.1136,2.2536,16,72.82,True,True,bearish_vol_divergence
AERT,2026-05-08 16:15:00+00:00,2026-05-13 14:30:00+00:00,5.1544,5.5016,5.9816,0.3472,6.736,48,41.97,True,True,bearish_vol_divergence
AERT,2026-05-13 19:15:00+00:00,2026-05-14 18:45:00+00:00,5.5448,5.4824,5.568,-0.0624,-1.1254,14,0.0,True,True,bearish_vol_divergence
AERT,2026-05-14 17:45:00+00:00,2026-05-15 19:45:00+00:00,5.5128,5.58,5.6632,0.0672,1.219,28,44.68,True,True,bearish_vol_divergence
AERT,2026-06-16 15:00:00+00:00,2026-06-17 17:45:00+00:00,5.95,7.0386,7.1,1.0886,18.2958,23,94.66,True,True,bearish_vol_divergence
AERT,2026-06-16 15:45:00+00:00,2026-06-17 17:45:00+00:00,6.01,7.0386,7.1,1.0286,17.1148,22,94.37,True,True,bearish_vol_divergence
AERT,2026-06-16 16:15:00+00:00,2026-06-17 17:45:00+00:00,6.3052,7.0386,7.1,0.7334,11.6317,20,92.27,True,True,bearish_vol_divergence
AERT,2026-06-16 16:30:00+00:00,2026-06-17 17:45:00+00:00,6.255,7.0386,7.1,0.7836,12.5276,19,92.73,True,True,bearish_vol_divergence
AERT,2026-06-16 18:45:00+00:00,2026-06-17 17:45:00+00:00,6.1851,7.0386,7.1,0.8535,13.7993,14,93.29,True,True,bearish_vol_divergence
AERT,2026-06-16 19:45:00+00:00,2026-06-17 17:45:00+00:00,6.41,7.0386,7.1,0.6286,9.8066,11,91.1,True,True,bearish_vol_divergence
AGMH,2026-05-06 16:45:00+00:00,2026-05-07 15:00:00+00:00,0.9113,0.9139,0.9188,0.0026,0.2853,10,34.67,True,True,bearish_vol_divergence
AGMH,2026-05-07 14:45:00+00:00,2026-05-07 18:00:00+00:00,0.9187,0.9099,0.9187,-0.0088,-0.9579,10,0.0,True,True,bearish_vol_divergence
AGMH,2026-05-11 16:30:00+00:00,2026-05-12 18:30:00+00:00,0.885,0.9925,1.0,0.1075,12.1469,23,93.48,True,True,bearish_vol_divergence
AGMH,2026-05-11 16:45:00+00:00,2026-05-12 18:30:00+00:00,0.8999,0.9925,1.0,0.0926,10.29,22,92.51,True,True,bearish_vol_divergence
AGMH,2026-05-11 18:00:00+00:00,2026-05-12 18:30:00+00:00,0.9,0.9925,1.0,0.0925,10.2778,21,92.5,True,True,bearish_vol_divergence
AGMH,2026-06-08 18:45:00+00:00,2026-06-10 19:45:00+00:00,1.13,1.0999,1.37,-0.0301,-2.6637,46,-12.54,True,True,bearish_vol_divergence
AGMH,2026-06-15 18:00:00+00:00,2026-06-16 19:15:00+00:00,1.395,1.24,1.4,-0.155,-11.1111,22,0.0,True,True,bearish_vol_divergence
AHMA,2026-04-29 15:00:00+00:00,2026-04-30 19:00:00+00:00,1.02,1.1403,1.1799,0.1203,11.7941,35,75.23,True,True,bearish_vol_divergence
AHMA,2026-04-30 14:30:00+00:00,2026-04-30 19:00:00+00:00,1.14,1.1403,1.1799,0.0003,0.0263,17,0.75,True,True,bearish_vol_divergence
AHMA,2026-05-01 19:00:00+00:00,2026-05-11 19:45:00+00:00,1.13,1.231,1.89,0.101,8.938,126,13.29,True,True,bearish_vol_divergence
AHMA,2026-05-06 18:00:00+00:00,2026-05-11 19:45:00+00:00,1.55,1.231,1.89,-0.319,-20.5806,73,-93.82,True,True,bearish_vol_divergence
AHMA,2026-05-13 18:30:00+00:00,2026-05-14 19:00:00+00:00,1.25,1.16,1.25,-0.09,-7.2,23,0.0,True,True,bearish_vol_divergence
AHMA,2026-05-13 18:45:00+00:00,2026-05-14 19:00:00+00:00,1.2499,1.16,1.25,-0.0899,-7.1926,22,0.0,True,True,bearish_vol_divergence
AHMA,2026-05-15 19:15:00+00:00,2026-05-20 18:00:00+00:00,1.18,1.1142,1.22,-0.0658,-5.5763,48,-100.0,True,True,bearish_vol_divergence
AHMA,2026-06-01 19:00:00+00:00,2026-06-02 18:00:00+00:00,1.3,1.22,1.3,-0.08,-6.1538,15,0.0,True,True,bearish_vol_divergence
AHMA,2026-06-10 18:15:00+00:00,2026-06-12 18:15:00+00:00,1.57,1.3922,1.6,-0.1778,-11.3248,44,-100.0,True,True,bearish_vol_divergence
AIFA,2026-05-28 16:45:00+00:00,2026-05-29 16:45:00+00:00,3.438,3.4248,3.4566,-0.0132,-0.384,21,-70.97,True,True,bearish_vol_divergence
AIFA,2026-05-28 17:15:00+00:00,2026-05-29 16:45:00+00:00,3.42,3.4248,3.4566,0.0048,0.1403,19,13.11,True,True,bearish_vol_divergence
AIFA,2026-05-28 19:15:00+00:00,2026-05-29 16:45:00+00:00,3.3834,3.4248,3.4398,0.0414,1.2236,11,73.4,True,True,bearish_vol_divergence
AIFA,2026-05-29 19:00:00+00:00,2026-06-01 17:00:00+00:00,3.3984,2.9862,3.3984,-0.4122,-12.1292,14,0.0,True,True,bearish_vol_divergence
AIFA,2026-06-01 19:30:00+00:00,2026-06-02 19:00:00+00:00,3.0294,2.6922,3.0294,-0.3372,-11.1309,20,0.0,True,True,bearish_vol_divergence
AIFA,2026-06-01 19:45:00+00:00,2026-06-02 19:00:00+00:00,2.9856,2.6922,3.0294,-0.2934,-9.8272,19,-100.0,True,True,bearish_vol_divergence
AIFA,2026-06-02 14:30:00+00:00,2026-06-02 19:00:00+00:00,2.7012,2.6922,2.7786,-0.009,-0.3332,18,-11.63,True,True,bearish_vol_divergence
AIFA,2026-06-02 14:45:00+00:00,2026-06-02 19:00:00+00:00,2.7012,2.6922,2.7786,-0.009,-0.3332,17,-11.63,True,True,bearish_vol_divergence
AIFA,2026-06-02 15:00:00+00:00,2026-06-02 19:00:00+00:00,2.7396,2.6922,2.7786,-0.0474,-1.7302,16,-100.0,True,True,bearish_vol_divergence
AIFA,2026-06-02 18:45:00+00:00,2026-06-04 14:45:00+00:00,2.6616,2.6802,2.7594,0.0186,0.6988,23,19.02,True,True,bearish_vol_divergence
AIFA,2026-06-02 19:30:00+00:00,2026-06-04 14:45:00+00:00,2.7438,2.6802,2.7594,-0.0636,-2.318,20,-100.0,True,True,bearish_vol_divergence
AIFA,2026-06-03 14:45:00+00:00,2026-06-04 14:45:00+00:00,2.715,2.6802,2.7588,-0.0348,-1.2818,17,-79.45,True,True,bearish_vol_divergence
AIFA,2026-06-03 15:00:00+00:00,2026-06-04 14:45:00+00:00,2.721,2.6802,2.7588,-0.0408,-1.4994,16,-100.0,True,True,bearish_vol_divergence
AIFA,2026-06-03 15:45:00+00:00,2026-06-04 14:45:00+00:00,2.7342,2.6802,2.754,-0.054,-1.975,13,-100.0,True,True,bearish_vol_divergence
AIFA,2026-06-04 16:30:00+00:00,2026-06-10 17:00:00+00:00,2.61,2.073,2.6586,-0.537,-20.5747,90,-100.0,True,True,bearish_vol_divergence
AIFA,2026-06-08 14:45:00+00:00,2026-06-10 17:00:00+00:00,2.2086,2.073,2.2794,-0.1356,-6.1396,53,-100.0,True,True,bearish_vol_divergence
AIFA,2026-06-08 15:00:00+00:00,2026-06-10 17:00:00+00:00,2.1054,2.073,2.2794,-0.0324,-1.5389,52,-18.62,True,True,bearish_vol_divergence
AIFA,2026-06-08 15:45:00+00:00,2026-06-10 17:00:00+00:00,2.0166,2.073,2.2794,0.0564,2.7968,49,21.46,True,True,bearish_vol_divergence
AIFA,2026-06-08 17:45:00+00:00,2026-06-10 17:00:00+00:00,2.0538,2.073,2.2794,0.0192,0.9348,41,8.51,True,True,bearish_vol_divergence
AIFA,2026-06-17 16:15:00+00:00,2026-06-18 15:45:00+00:00,2.2,2.53,2.6499,0.33,15.0,19,73.35,True,True,bearish_vol_divergence
AIFA,2026-06-17 16:30:00+00:00,2026-06-18 15:45:00+00:00,2.24,2.53,2.6499,0.29,12.9464,18,70.75,True,True,bearish_vol_divergence
AIHS,2026-05-18 18:15:00+00:00,2026-05-28 16:45:00+00:00,1.18,1.17,1.19,-0.01,-0.8475,24,-100.0,True,True,bearish_vol_divergence
AIHS,2026-05-19 16:45:00+00:00,2026-05-28 16:45:00+00:00,1.185,1.17,1.19,-0.015,-1.2658,22,0.0,True,True,bearish_vol_divergence
AIHS,2026-05-29 15:30:00+00:00,2026-06-08 15:45:00+00:00,1.1711,1.23,1.26,0.0589,5.0295,22,66.25,True,True,bearish_vol_divergence
AIHS,2026-05-29 17:45:00+00:00,2026-06-08 15:45:00+00:00,1.19,1.23,1.26,0.04,3.3613,21,57.14,True,True,bearish_vol_divergence
AIHS,2026-06-01 15:00:00+00:00,2026-06-08 15:45:00+00:00,1.1801,1.23,1.26,0.0499,4.2285,19,62.45,True,True,bearish_vol_divergence
AIHS,2026-06-01 17:15:00+00:00,2026-06-08 15:45:00+00:00,1.21,1.23,1.26,0.02,1.6529,17,40.0,True,True,bearish_vol_divergence
AIHS,2026-06-01 19:15:00+00:00,2026-06-08 15:45:00+00:00,1.23,1.23,1.25,0.0,0.0,15,0.0,True,True,bearish_vol_divergence
AIHS,2026-06-02 19:30:00+00:00,2026-06-08 15:45:00+00:00,1.2459,1.23,1.2459,-0.0159,-1.2762,13,0.0,True,True,bearish_vol_divergence
AIHS,2026-06-10 18:15:00+00:00,2026-06-18 18:15:00+00:00,1.29,1.35,1.54,0.06,4.6512,62,24.0,True,True,bearish_vol_divergence
AIHS,2026-06-10 19:00:00+00:00,2026-06-18 18:15:00+00:00,1.365,1.35,1.54,-0.015,-1.0989,60,-8.57,True,True,bearish_vol_divergence
AIHS,2026-06-18 18:45:00+00:00,2026-06-22 19:45:00+00:00,1.305,1.37,1.4,0.065,4.9808,6,68.42,True,True,end_of_data
AIMD,2026-05-04 14:30:00+00:00,2026-05-15 14:45:00+00:00,1.7472,1.7189,1.78,-0.0283,-1.6197,65,-86.28,True,True,bearish_vol_divergence
AIMD,2026-05-11 16:30:00+00:00,2026-05-15 14:45:00+00:00,1.755,1.7189,1.755,-0.0361,-2.057,35,0.0,True,True,bearish_vol_divergence
AIMD,2026-05-11 17:00:00+00:00,2026-05-15 14:45:00+00:00,1.71,1.7189,1.75,0.0089,0.5205,33,22.25,True,True,bearish_vol_divergence
AIMD,2026-06-02 17:15:00+00:00,2026-06-04 19:15:00+00:00,2.28,2.215,2.385,-0.065,-2.8509,31,-61.9,True,True,bearish_vol_divergence
AIMD,2026-06-02 19:30:00+00:00,2026-06-04 19:15:00+00:00,2.3799,2.215,2.3799,-0.1649,-6.9289,27,0.0,True,True,bearish_vol_divergence
AIMD,2026-06-03 15:00:00+00:00,2026-06-04 19:15:00+00:00,2.2,2.215,2.24,0.015,0.6818,25,37.5,True,True,bearish_vol_divergence
AIMD,2026-06-09 19:45:00+00:00,2026-06-10 17:30:00+00:00,2.04,1.93,2.05,-0.11,-5.3922,12,0.0,True,True,bearish_vol_divergence
AIMD,2026-06-10 14:45:00+00:00,2026-06-10 17:30:00+00:00,1.93,1.93,1.94,0.0,0.0,10,0.0,True,True,bearish_vol_divergence
AIMD,2026-06-10 15:30:00+00:00,2026-06-10 19:45:00+00:00,1.91,1.91,1.93,0.0,0.0,16,0.0,True,True,bearish_vol_divergence
AIMD,2026-06-10 16:00:00+00:00,2026-06-10 19:45:00+00:00,1.9,1.91,1.93,0.01,0.5263,14,33.33,True,True,bearish_vol_divergence
AIMD,2026-06-10 16:15:00+00:00,2026-06-10 19:45:00+00:00,1.9,1.91,1.93,0.01,0.5263,13,33.33,True,True,bearish_vol_divergence
AIMD,2026-06-11 18:30:00+00:00,2026-06-15 15:30:00+00:00,1.965,1.93,1.99,-0.035,-1.7812,19,-100.0,True,True,bearish_vol_divergence
AIOS,2026-05-06 17:45:00+00:00,2026-05-08 17:00:00+00:00,18.45,19.8798,22.7999,1.4298,7.7496,38,32.87,True,True,bearish_vol_divergence
AIOS,2026-05-11 15:45:00+00:00,2026-05-20 16:30:00+00:00,17.9,14.814,19.08,-3.086,-17.2402,70,-100.0,True,True,bearish_vol_divergence
AIOS,2026-05-11 16:00:00+00:00,2026-05-20 16:30:00+00:00,18.0,14.814,19.08,-3.186,-17.7,69,-100.0,True,True,bearish_vol_divergence
AIOS,2026-05-14 19:15:00+00:00,2026-05-20 16:30:00+00:00,15.96,14.814,16.26,-1.146,-7.1805,34,-100.0,True,True,bearish_vol_divergence
AIOS,2026-05-15 14:45:00+00:00,2026-05-20 16:30:00+00:00,15.0,14.814,15.8,-0.186,-1.24,31,-23.25,True,True,bearish_vol_divergence
AIOS,2026-06-16 18:15:00+00:00,2026-06-18 17:30:00+00:00,12.38,12.9,13.0,0.52,4.2003,20,83.87,True,True,bearish_vol_divergence
AIOS,2026-06-16 18:30:00+00:00,2026-06-18 17:30:00+00:00,12.6,12.9,13.0,0.3,2.3809,19,75.0,True,True,bearish_vol_divergence
AIRE,2026-04-29 19:30:00+00:00,2026-05-01 14:30:00+00:00,4.02,3.2,4.0625,-0.82,-20.398,24,-100.0,True,True,bearish_vol_divergence
AIRE,2026-04-30 18:30:00+00:00,2026-05-12 17:45:00+00:00,3.11,2.2494,3.48,-0.8606,-27.672,171,-100.0,True,True,bearish_vol_divergence
AIRE,2026-04-30 19:15:00+00:00,2026-05-12 17:45:00+00:00,3.074,2.2494,3.48,-0.8246,-26.825,168,-100.0,True,True,bearish_vol_divergence
AIRE,2026-05-01 15:00:00+00:00,2026-05-12 17:45:00+00:00,3.3125,2.2494,3.48,-1.0631,-32.0936,163,-100.0,True,True,bearish_vol_divergence
AIRE,2026-05-01 15:45:00+00:00,2026-05-12 17:45:00+00:00,3.3001,2.2494,3.48,-1.0507,-31.8384,160,-100.0,True,True,bearish_vol_divergence
AIRE,2026-05-04 17:30:00+00:00,2026-05-12 17:45:00+00:00,3.2001,2.2494,3.33,-0.9507,-29.7084,131,-100.0,True,True,bearish_vol_divergence
AIRE,2026-05-05 14:30:00+00:00,2026-05-12 17:45:00+00:00,3.25,2.2494,3.25,-1.0006,-30.7877,121,0.0,True,True,bearish_vol_divergence
AIRE,2026-05-11 16:15:00+00:00,2026-05-12 17:45:00+00:00,2.21,2.2494,2.62,0.0394,1.7828,28,9.61,True,True,bearish_vol_divergence
AIRE,2026-05-18 15:30:00+00:00,2026-05-19 19:00:00+00:00,2.18,2.0199,2.21,-0.1601,-7.344,35,-100.0,True,True,bearish_vol_divergence
AIRE,2026-06-04 17:00:00+00:00,2026-06-05 18:45:00+00:00,2.2999,2.115,2.35,-0.1849,-8.0395,27,-100.0,True,True,bearish_vol_divergence
AIRE,2026-06-04 17:30:00+00:00,2026-06-05 18:45:00+00:00,2.28,2.115,2.35,-0.165,-7.2368,26,-100.0,True,True,bearish_vol_divergence
AIRE,2026-06-04 19:00:00+00:00,2026-06-05 18:45:00+00:00,2.3299,2.115,2.35,-0.2149,-9.2236,20,-100.0,True,True,bearish_vol_divergence
AIRE,2026-06-04 19:15:00+00:00,2026-06-05 18:45:00+00:00,2.35,2.115,2.35,-0.235,-10.0,19,0.0,True,True,bearish_vol_divergence
AIRE,2026-06-16 18:15:00+00:00,2026-06-17 16:30:00+00:00,2.2072,2.235,2.2583,0.0278,1.2595,15,54.4,True,True,bearish_vol_divergence
AIRE,2026-06-16 19:00:00+00:00,2026-06-17 16:30:00+00:00,2.18,2.235,2.2583,0.055,2.5229,12,70.24,True,True,bearish_vol_divergence
AIRE,2026-06-17 14:45:00+00:00,2026-06-22 19:45:00+00:00,2.21,2.155,2.398,-0.055,-2.4887,47,-29.26,True,True,end_of_data
AIRE,2026-06-18 19:45:00+00:00,2026-06-22 19:45:00+00:00,2.22,2.155,2.22,-0.065,-2.9279,11,0.0,True,True,end_of_data
AKTX,2026-05-06 14:30:00+00:00,2026-05-18 16:30:00+00:00,6.1499,3.4,6.46,-2.7499,-44.7145,80,-100.0,True,True,bearish_vol_divergence
AKTX,2026-05-14 19:15:00+00:00,2026-05-18 16:30:00+00:00,3.77,3.4,3.77,-0.37,-9.8143,13,0.0,True,True,bearish_vol_divergence
AKTX,2026-05-14 19:45:00+00:00,2026-05-18 16:30:00+00:00,3.71,3.4,3.755,-0.31,-8.3558,11,-100.0,True,True,bearish_vol_divergence
AKTX,2026-05-27 19:00:00+00:00,2026-05-28 19:00:00+00:00,15.945,23.61,29.32,7.665,48.0715,22,57.31,True,True,bearish_vol_divergence
AKTX,2026-06-03 18:30:00+00:00,2026-06-04 18:00:00+00:00,15.13,15.7601,16.11,0.6301,4.1646,11,64.3,True,True,bearish_vol_divergence
AKTX,2026-06-08 15:45:00+00:00,2026-06-08 19:45:00+00:00,15.1601,15.445,15.7,0.2849,1.8793,11,52.77,True,True,bearish_vol_divergence
AKTX,2026-06-08 16:00:00+00:00,2026-06-08 19:45:00+00:00,15.57,15.445,15.7,-0.125,-0.8028,10,-96.15,True,True,bearish_vol_divergence
AKTX,2026-06-08 16:30:00+00:00,2026-06-09 15:00:00+00:00,15.2767,15.19,15.89,-0.0867,-0.5675,10,-14.14,True,True,bearish_vol_divergence
AKTX,2026-06-08 18:00:00+00:00,2026-06-11 18:30:00+00:00,15.68,14.3,15.8999,-1.38,-8.801,41,-100.0,True,True,bearish_vol_divergence
AKTX,2026-06-08 19:30:00+00:00,2026-06-11 18:30:00+00:00,15.53,14.3,15.8999,-1.23,-7.9202,36,-100.0,True,True,bearish_vol_divergence
AKTX,2026-06-17 19:30:00+00:00,2026-06-22 16:00:00+00:00,12.5,11.355,12.7,-1.145,-9.16,16,-100.0,True,True,bearish_vol_divergence
ALGS,2026-04-29 19:00:00+00:00,2026-04-30 19:45:00+00:00,6.09,6.03,6.16,-0.06,-0.9852,22,-85.71,True,True,bearish_vol_divergence
ALGS,2026-04-29 19:15:00+00:00,2026-04-30 19:45:00+00:00,6.06,6.03,6.16,-0.03,-0.495,21,-30.0,True,True,bearish_vol_divergence
ALGS,2026-05-12 16:15:00+00:00,2026-05-14 19:00:00+00:00,6.1799,6.615,6.85,0.4351,7.0406,45,64.93,True,True,bearish_vol_divergence
ALGS,2026-05-12 18:00:00+00:00,2026-05-14 19:00:00+00:00,6.31,6.615,6.85,0.305,4.8336,39,56.48,True,True,bearish_vol_divergence
ALGS,2026-05-26 17:30:00+00:00,2026-05-28 19:00:00+00:00,5.8,5.79,5.9,-0.01,-0.1724,46,-10.0,True,True,bearish_vol_divergence
ALGS,2026-05-26 18:30:00+00:00,2026-05-28 19:00:00+00:00,5.745,5.79,5.9,0.045,0.7833,43,29.03,True,True,bearish_vol_divergence
ALGS,2026-05-26 19:00:00+00:00,2026-05-28 19:00:00+00:00,5.785,5.79,5.9,0.005,0.0864,41,4.35,True,True,bearish_vol_divergence
ALGS,2026-05-26 19:15:00+00:00,2026-05-28 19:00:00+00:00,5.805,5.79,5.9,-0.015,-0.2584,40,-15.79,True,True,bearish_vol_divergence
ALGS,2026-06-03 16:30:00+00:00,2026-06-04 14:45:00+00:00,5.13,5.28,5.5,0.15,2.924,12,40.54,True,True,bearish_vol_divergence
ALGS,2026-06-03 17:15:00+00:00,2026-06-04 14:45:00+00:00,5.19,5.28,5.5,0.09,1.7341,10,29.03,True,True,bearish_vol_divergence
ALGS,2026-06-03 18:00:00+00:00,2026-06-04 15:15:00+00:00,5.23,5.4,5.5,0.17,3.2505,11,62.96,True,True,bearish_vol_divergence
ALGS,2026-06-08 15:15:00+00:00,2026-06-10 17:45:00+00:00,4.99,5.17,5.274,0.18,3.6072,48,63.38,True,True,bearish_vol_divergence
ALGS,2026-06-08 15:45:00+00:00,2026-06-10 17:45:00+00:00,4.99,5.17,5.274,0.18,3.6072,46,63.38,True,True,bearish_vol_divergence
ALGS,2026-06-08 16:15:00+00:00,2026-06-10 17:45:00+00:00,5.02,5.17,5.274,0.15,2.988,44,59.06,True,True,bearish_vol_divergence
ALGS,2026-06-08 17:00:00+00:00,2026-06-10 17:45:00+00:00,5.0299,5.17,5.274,0.1401,2.7853,41,57.39,True,True,bearish_vol_divergence
ALGS,2026-06-11 18:30:00+00:00,2026-06-15 15:15:00+00:00,5.23,5.25,5.55,0.02,0.3824,29,6.25,True,True,bearish_vol_divergence
ALZN,2026-05-14 16:00:00+00:00,2026-05-15 17:00:00+00:00,1.07,1.05,1.07,-0.02,-1.8692,15,0.0,True,True,bearish_vol_divergence
ALZN,2026-05-26 17:45:00+00:00,2026-05-27 16:00:00+00:00,1.145,1.13,1.16,-0.015,-1.31,12,-100.0,True,True,bearish_vol_divergence
ALZN,2026-05-26 19:00:00+00:00,2026-05-27 16:30:00+00:00,1.13,1.13,1.16,0.0,0.0,11,0.0,True,True,bearish_vol_divergence
ALZN,2026-05-26 19:15:00+00:00,2026-05-27 16:30:00+00:00,1.13,1.13,1.16,0.0,0.0,10,0.0,True,True,bearish_vol_divergence
ALZN,2026-05-26 19:45:00+00:00,2026-05-28 17:30:00+00:00,1.15,1.13,1.16,-0.02,-1.7391,17,-100.0,True,True,bearish_vol_divergence
ALZN,2026-05-27 14:45:00+00:00,2026-05-28 17:30:00+00:00,1.145,1.13,1.16,-0.015,-1.31,15,-100.0,True,True,bearish_vol_divergence
ALZN,2026-06-08 19:30:00+00:00,2026-06-09 18:00:00+00:00,1.1593,1.15,1.16,-0.0093,-0.8022,10,0.0,True,True,bearish_vol_divergence
ALZN,2026-06-09 15:00:00+00:00,2026-06-09 19:30:00+00:00,1.13,1.1535,1.16,0.0235,2.0796,10,78.33,True,True,bearish_vol_divergence
AMBO,2026-05-15 18:00:00+00:00,2026-05-19 15:15:00+00:00,2.43,2.785,2.84,0.355,14.6091,24,86.59,True,True,bearish_vol_divergence
AMBO,2026-06-08 16:30:00+00:00,2026-06-10 17:30:00+00:00,2.34,2.48,2.55,0.14,5.9829,11,66.67,True,True,bearish_vol_divergence
AMBO,2026-06-09 18:45:00+00:00,2026-06-11 19:00:00+00:00,2.385,2.69,2.73,0.305,12.7883,21,88.41,True,True,bearish_vol_divergence
AMBO,2026-06-10 18:30:00+00:00,2026-06-11 19:00:00+00:00,2.615,2.69,2.73,0.075,2.8681,14,65.22,True,True,bearish_vol_divergence
AMCI,2026-05-04 17:45:00+00:00,2026-05-06 19:45:00+00:00,6.57,6.34,6.64,-0.23,-3.5008,29,-100.0,True,True,bearish_vol_divergence
AMCI,2026-05-07 14:30:00+00:00,2026-05-12 19:45:00+00:00,6.085,5.23,6.0928,-0.855,-14.0509,63,0.0,True,True,bearish_vol_divergence
AMCI,2026-05-22 19:45:00+00:00,2026-05-27 19:45:00+00:00,5.04,4.85,5.13,-0.19,-3.7698,36,-100.0,True,True,bearish_vol_divergence
AMCI,2026-05-26 16:00:00+00:00,2026-05-27 19:45:00+00:00,5.0205,4.85,5.1173,-0.1705,-3.3961,30,-100.0,True,True,bearish_vol_divergence
AMCI,2026-05-26 16:30:00+00:00,2026-05-27 19:45:00+00:00,5.1173,4.85,5.1173,-0.2673,-5.2235,28,0.0,True,True,bearish_vol_divergence
AMCI,2026-05-27 17:00:00+00:00,2026-05-28 17:30:00+00:00,4.905,4.955,4.99,0.05,1.0194,18,58.82,True,True,bearish_vol_divergence
AMCI,2026-05-27 17:45:00+00:00,2026-05-28 17:30:00+00:00,4.86,4.955,4.99,0.095,1.9547,15,73.08,True,True,bearish_vol_divergence
AMCI,2026-06-04 18:15:00+00:00,2026-06-08 19:45:00+00:00,5.255,4.84,5.39,-0.415,-7.8972,28,-100.0,True,True,bearish_vol_divergence
AMCI,2026-06-11 15:45:00+00:00,2026-06-15 18:00:00+00:00,4.59,4.58,4.7429,-0.01,-0.2179,26,-6.54,True,True,bearish_vol_divergence
AMCI,2026-06-11 16:00:00+00:00,2026-06-15 18:00:00+00:00,4.555,4.58,4.7429,0.025,0.5488,25,13.3,True,True,bearish_vol_divergence
AMCI,2026-06-11 18:45:00+00:00,2026-06-15 18:00:00+00:00,4.56,4.58,4.7429,0.02,0.4386,22,10.93,True,True,bearish_vol_divergence
AMST,2026-05-04 16:15:00+00:00,2026-05-04 19:30:00+00:00,0.9661,0.98,0.9999,0.0139,1.4388,10,41.12,True,True,bearish_vol_divergence
AMST,2026-05-04 16:45:00+00:00,2026-05-06 17:45:00+00:00,0.9731,0.9635,1.0,-0.0096,-0.9865,36,-35.69,True,True,bearish_vol_divergence
AMST,2026-05-13 17:00:00+00:00,2026-05-15 15:00:00+00:00,0.8251,0.8645,0.8844,0.0394,4.7752,26,66.44,True,True,bearish_vol_divergence
AMST,2026-05-27 15:45:00+00:00,2026-06-04 14:30:00+00:00,1.925,1.39,1.99,-0.535,-27.7922,123,-100.0,True,True,bearish_vol_divergence
AMST,2026-05-27 16:00:00+00:00,2026-06-04 14:30:00+00:00,1.9,1.39,1.99,-0.51,-26.8421,122,-100.0,True,True,bearish_vol_divergence
AMST,2026-05-27 16:30:00+00:00,2026-06-04 14:30:00+00:00,1.89,1.39,1.99,-0.5,-26.455,120,-100.0,True,True,bearish_vol_divergence
AMST,2026-05-27 16:45:00+00:00,2026-06-04 14:30:00+00:00,1.9598,1.39,1.99,-0.5698,-29.0744,119,-100.0,True,True,bearish_vol_divergence
AMST,2026-05-27 17:00:00+00:00,2026-06-04 14:30:00+00:00,1.9008,1.39,1.9608,-0.5108,-26.8729,118,-100.0,True,True,bearish_vol_divergence
AMST,2026-05-28 19:00:00+00:00,2026-06-04 14:30:00+00:00,1.76,1.39,1.76,-0.37,-21.0227,90,0.0,True,True,bearish_vol_divergence
AMST,2026-06-08 15:00:00+00:00,2026-06-08 19:45:00+00:00,1.2901,1.25,1.319,-0.0401,-3.1083,19,-100.0,True,True,bearish_vol_divergence
AMST,2026-06-08 15:15:00+00:00,2026-06-08 19:45:00+00:00,1.31,1.25,1.31,-0.06,-4.5801,18,0.0,True,True,bearish_vol_divergence
AMST,2026-06-08 16:30:00+00:00,2026-06-08 19:45:00+00:00,1.285,1.25,1.289,-0.035,-2.7237,13,0.0,True,True,bearish_vol_divergence
AMST,2026-06-08 17:30:00+00:00,2026-06-09 14:30:00+00:00,1.249,1.265,1.265,0.016,1.281,10,100.0,True,True,bearish_vol_divergence
AMST,2026-06-10 15:00:00+00:00,2026-06-11 18:00:00+00:00,1.241,1.25,1.27,0.009,0.7252,28,31.03,True,True,bearish_vol_divergence
AMST,2026-06-11 18:45:00+00:00,2026-06-16 19:45:00+00:00,1.255,1.255,1.36,0.0,0.0,69,0.0,True,True,bearish_vol_divergence
AMST,2026-06-16 18:15:00+00:00,2026-06-17 15:15:00+00:00,1.23,1.265,1.27,0.035,2.8455,10,87.5,True,True,bearish_vol_divergence
AMST,2026-06-16 18:45:00+00:00,2026-06-17 15:45:00+00:00,1.26,1.26,1.27,0.0,0.0,10,0.0,True,True,bearish_vol_divergence
AMS,2026-05-06 14:30:00+00:00,2026-05-08 17:00:00+00:00,1.67,1.96,2.06,0.29,17.3653,54,74.36,True,True,bearish_vol_divergence
AMS,2026-05-06 15:00:00+00:00,2026-05-08 17:00:00+00:00,1.72,1.96,2.06,0.24,13.9535,52,70.59,True,True,bearish_vol_divergence
AMS,2026-05-06 16:15:00+00:00,2026-05-08 17:00:00+00:00,1.72,1.96,2.06,0.24,13.9535,47,70.59,True,True,bearish_vol_divergence
AMS,2026-05-12 17:45:00+00:00,2026-05-13 16:15:00+00:00,1.735,1.7204,1.77,-0.0146,-0.8415,14,-41.71,True,True,bearish_vol_divergence
AMS,2026-05-13 15:00:00+00:00,2026-05-15 18:00:00+00:00,1.7303,1.46,1.75,-0.2703,-15.6216,51,-100.0,True,True,bearish_vol_divergence
AMS,2026-05-15 14:30:00+00:00,2026-05-15 18:00:00+00:00,1.52,1.46,1.52,-0.06,-3.9474,14,0.0,True,True,bearish_vol_divergence
AMS,2026-05-15 15:00:00+00:00,2026-05-15 18:00:00+00:00,1.505,1.46,1.51,-0.045,-2.99,12,0.0,True,True,bearish_vol_divergence
AMS,2026-05-20 18:45:00+00:00,2026-05-21 17:00:00+00:00,1.34,1.35,1.355,0.01,0.7463,10,66.67,True,True,bearish_vol_divergence
AMS,2026-05-20 19:15:00+00:00,2026-05-21 17:45:00+00:00,1.33,1.35,1.355,0.02,1.5038,10,80.0,True,True,bearish_vol_divergence
AMS,2026-05-21 19:30:00+00:00,2026-05-22 16:30:00+00:00,1.35,1.3499,1.36,-0.0001,-0.0074,10,-1.0,True,True,bearish_vol_divergence
AMS,2026-05-26 17:00:00+00:00,2026-05-28 19:30:00+00:00,1.36,1.615,1.68,0.255,18.75,31,79.69,True,True,bearish_vol_divergence
AMS,2026-05-27 16:15:00+00:00,2026-05-28 19:30:00+00:00,1.35,1.615,1.68,0.265,19.6296,24,80.3,True,True,bearish_vol_divergence
AMS,2026-06-08 18:00:00+00:00,2026-06-11 18:30:00+00:00,1.32,1.43,1.53,0.11,8.3333,52,52.38,True,True,bearish_vol_divergence
AMS,2026-06-08 19:30:00+00:00,2026-06-11 18:30:00+00:00,1.31,1.43,1.53,0.12,9.1603,48,54.55,True,True,bearish_vol_divergence
AMS,2026-06-12 15:00:00+00:00,2026-06-15 14:45:00+00:00,1.48,1.45,1.48,-0.03,-2.027,19,0.0,True,True,bearish_vol_divergence
ANNA,2026-04-28 18:00:00+00:00,2026-04-29 18:15:00+00:00,3.88,4.07,4.0999,0.19,4.8969,23,86.4,True,True,bearish_vol_divergence
ANNA,2026-04-29 18:00:00+00:00,2026-04-30 17:45:00+00:00,4.0001,3.685,4.0816,-0.3151,-7.8773,21,-100.0,True,True,bearish_vol_divergence
ANNA,2026-04-30 18:30:00+00:00,2026-05-01 17:00:00+00:00,3.7515,3.5293,3.84,-0.2222,-5.923,16,-100.0,True,True,bearish_vol_divergence
ANNA,2026-04-30 18:45:00+00:00,2026-05-01 17:00:00+00:00,3.778,3.5293,3.84,-0.2487,-6.5829,15,-100.0,True,True,bearish_vol_divergence
ANNA,2026-05-01 14:30:00+00:00,2026-05-01 17:00:00+00:00,3.505,3.5293,3.56,0.0243,0.6933,10,44.18,True,True,bearish_vol_divergence
ANNA,2026-05-01 18:45:00+00:00,2026-05-04 18:45:00+00:00,3.55,3.6402,3.77,0.0902,2.5408,22,41.0,True,True,bearish_vol_divergence
ANNA,2026-05-01 19:00:00+00:00,2026-05-04 18:45:00+00:00,3.56,3.6402,3.77,0.0802,2.2528,21,38.19,True,True,bearish_vol_divergence
ANNA,2026-05-04 14:30:00+00:00,2026-05-04 18:45:00+00:00,3.435,3.6402,3.77,0.2052,5.9738,17,61.25,True,True,bearish_vol_divergence
ANNA,2026-05-04 15:45:00+00:00,2026-05-04 18:45:00+00:00,3.64,3.6402,3.75,0.0002,0.0055,12,0.18,True,True,bearish_vol_divergence
ANNA,2026-05-04 16:15:00+00:00,2026-05-04 18:45:00+00:00,3.69,3.6402,3.74,-0.0498,-1.3496,10,-99.6,True,True,bearish_vol_divergence
ANNA,2026-05-26 19:15:00+00:00,2026-05-27 16:15:00+00:00,3.06,3.02,3.06,-0.04,-1.3072,10,0.0,True,True,bearish_vol_divergence
ANNA,2026-05-26 19:45:00+00:00,2026-05-27 17:00:00+00:00,3.015,3.0099,3.05,-0.0051,-0.1692,11,-14.57,True,True,bearish_vol_divergence
ANNA,2026-06-02 19:30:00+00:00,2026-06-03 16:30:00+00:00,3.26,3.28,3.34,0.02,0.6135,10,25.0,True,True,bearish_vol_divergence
ANNA,2026-06-04 16:15:00+00:00,2026-06-04 19:30:00+00:00,3.215,3.35,3.35,0.135,4.1991,13,100.0,True,True,bearish_vol_divergence
ANNA,2026-06-12 16:15:00+00:00,2026-06-12 19:30:00+00:00,3.28,3.24,3.28,-0.04,-1.2195,11,0.0,True,True,bearish_vol_divergence
ANNA,2026-06-12 17:00:00+00:00,2026-06-12 19:45:00+00:00,3.22,3.2,3.2799,-0.02,-0.6211,10,-33.39,True,True,bearish_vol_divergence
ANNA,2026-06-12 19:00:00+00:00,2026-06-15 17:15:00+00:00,3.225,3.04,3.275,-0.185,-5.7364,15,-100.0,True,True,bearish_vol_divergence
ANNA,2026-06-22 19:15:00+00:00,2026-06-22 19:45:00+00:00,2.89,2.89,2.89,0.0,0.0,2,0.0,True,True,end_of_data
APWC,2026-05-26 16:15:00+00:00,2026-06-01 17:45:00+00:00,1.43,1.4499,1.4636,0.0199,1.3916,15,59.23,True,True,bearish_vol_divergence
APWC,2026-06-02 19:45:00+00:00,2026-06-22 19:45:00+00:00,1.405,2.088,2.2699,0.683,48.6121,79,78.97,True,True,end_of_data
APWC,2026-06-15 14:30:00+00:00,2026-06-22 19:45:00+00:00,1.37,2.088,2.2699,0.718,52.4088,53,79.79,True,True,end_of_data
AQMS,2026-04-30 16:00:00+00:00,2026-04-30 18:30:00+00:00,5.1128,5.3,5.3,0.1872,3.6614,10,100.0,True,True,bearish_vol_divergence
AQMS,2026-05-01 19:15:00+00:00,2026-05-04 19:00:00+00:00,5.0701,5.45,5.6,0.3799,7.4929,19,71.69,True,True,bearish_vol_divergence
AQMS,2026-05-04 14:45:00+00:00,2026-05-04 19:00:00+00:00,5.4801,5.45,5.6,-0.0301,-0.5493,15,-25.1,True,True,bearish_vol_divergence
AQMS,2026-05-19 19:45:00+00:00,2026-05-21 14:30:00+00:00,3.91,3.99,4.05,0.08,2.046,16,57.14,True,True,bearish_vol_divergence
AQMS,2026-05-20 14:30:00+00:00,2026-05-21 14:30:00+00:00,4.0,3.99,4.05,-0.01,-0.25,15,-20.0,True,True,bearish_vol_divergence
AQMS,2026-05-20 16:45:00+00:00,2026-05-21 14:45:00+00:00,3.97,3.965,4.0,-0.005,-0.1259,10,-16.67,True,True,bearish_vol_divergence
AQMS,2026-05-26 18:00:00+00:00,2026-05-27 19:45:00+00:00,4.04,4.045,4.1,0.005,0.1238,26,8.33,True,True,bearish_vol_divergence
AQMS,2026-05-28 17:00:00+00:00,2026-05-29 18:15:00+00:00,4.12,4.105,4.16,-0.015,-0.3641,17,-37.5,True,True,bearish_vol_divergence
AQMS,2026-05-29 19:00:00+00:00,2026-06-01 17:30:00+00:00,4.18,4.1133,4.27,-0.0667,-1.5957,14,-74.11,True,True,bearish_vol_divergence
AQMS,2026-06-01 14:45:00+00:00,2026-06-01 17:45:00+00:00,4.075,4.11,4.145,0.035,0.8589,10,50.0,True,True,bearish_vol_divergence
AQMS,2026-06-04 16:15:00+00:00,2026-06-16 16:30:00+00:00,3.95,3.3785,3.965,-0.5715,-14.4684,140,0.0,True,True,bearish_vol_divergence
AQMS,2026-06-04 17:30:00+00:00,2026-06-16 16:30:00+00:00,3.9,3.3785,3.9201,-0.5215,-13.3718,136,-100.0,True,True,bearish_vol_divergence
AQMS,2026-06-15 14:45:00+00:00,2026-06-16 16:30:00+00:00,3.085,3.3785,3.49,0.2935,9.5138,28,72.47,True,True,bearish_vol_divergence
AQMS,2026-06-22 16:30:00+00:00,2026-06-22 19:45:00+00:00,3.1,3.12,3.141,0.02,0.6452,9,48.78,True,True,end_of_data
AQMS,2026-06-22 16:45:00+00:00,2026-06-22 19:45:00+00:00,3.115,3.12,3.141,0.005,0.1605,8,19.23,True,True,end_of_data
ARTL,2026-04-29 14:30:00+00:00,2026-05-01 19:45:00+00:00,3.55,3.353,3.5671,-0.197,-5.5493,58,0.0,True,True,bearish_vol_divergence
ARTL,2026-04-29 14:45:00+00:00,2026-05-01 19:45:00+00:00,3.52,3.353,3.5671,-0.167,-4.7443,57,-100.0,True,True,bearish_vol_divergence
ARTL,2026-04-29 15:00:00+00:00,2026-05-01 19:45:00+00:00,3.5255,3.353,3.5671,-0.1725,-4.8929,56,-100.0,True,True,bearish_vol_divergence
ARTL,2026-04-29 15:15:00+00:00,2026-05-01 19:45:00+00:00,3.51,3.353,3.5671,-0.157,-4.4729,55,-100.0,True,True,bearish_vol_divergence
ARTL,2026-04-30 19:45:00+00:00,2026-05-01 19:45:00+00:00,3.45,3.353,3.5671,-0.097,-2.8116,21,-82.84,True,True,bearish_vol_divergence
ARTL,2026-05-01 14:30:00+00:00,2026-05-01 19:45:00+00:00,3.5671,3.353,3.5671,-0.2141,-6.0021,20,0.0,True,True,bearish_vol_divergence
ARTL,2026-05-01 14:45:00+00:00,2026-05-01 19:45:00+00:00,3.475,3.353,3.56,-0.122,-3.5108,19,-100.0,True,True,bearish_vol_divergence
ARTL,2026-05-05 19:00:00+00:00,2026-05-07 19:45:00+00:00,3.1001,2.66,3.14,-0.4401,-14.1963,36,-100.0,True,True,bearish_vol_divergence
ARTL,2026-05-05 19:45:00+00:00,2026-05-07 19:45:00+00:00,3.08,2.66,3.12,-0.42,-13.6364,33,-100.0,True,True,bearish_vol_divergence
ARTL,2026-06-03 15:30:00+00:00,2026-06-04 19:45:00+00:00,1.37,1.43,1.53,0.06,4.3796,37,37.5,True,True,bearish_vol_divergence
ARTL,2026-06-09 16:15:00+00:00,2026-06-09 19:15:00+00:00,1.3201,1.33,1.3499,0.0099,0.75,12,33.22,True,True,bearish_vol_divergence
ARTL,2026-06-09 16:45:00+00:00,2026-06-09 19:15:00+00:00,1.325,1.33,1.3499,0.005,0.3774,10,20.08,True,True,bearish_vol_divergence
ARTL,2026-06-09 18:00:00+00:00,2026-06-10 18:30:00+00:00,1.33,1.3,1.36,-0.03,-2.2556,23,-100.0,True,True,bearish_vol_divergence
ARTL,2026-06-09 19:30:00+00:00,2026-06-10 18:30:00+00:00,1.335,1.3,1.36,-0.035,-2.6217,17,-100.0,True,True,bearish_vol_divergence
ARTL,2026-06-12 16:00:00+00:00,2026-06-15 19:45:00+00:00,1.3101,1.29,1.37,-0.0201,-1.5342,35,-33.56,True,True,bearish_vol_divergence
ARTL,2026-06-12 16:15:00+00:00,2026-06-15 19:45:00+00:00,1.32,1.29,1.37,-0.03,-2.2727,34,-60.0,True,True,bearish_vol_divergence
ASBP,2026-04-28 18:30:00+00:00,2026-04-30 17:15:00+00:00,0.2035,0.2277,0.2498,0.0242,11.8919,39,52.27,True,True,bearish_vol_divergence
ASBP,2026-04-28 18:45:00+00:00,2026-04-30 17:15:00+00:00,0.2036,0.2277,0.2498,0.0241,11.8369,38,52.16,True,True,bearish_vol_divergence
ASBP,2026-04-28 19:00:00+00:00,2026-04-30 17:15:00+00:00,0.2038,0.2277,0.2498,0.0239,11.7272,37,51.96,True,True,bearish_vol_divergence
ASBP,2026-04-29 14:30:00+00:00,2026-04-30 17:15:00+00:00,0.2133,0.2277,0.2498,0.0144,6.7511,33,39.45,True,True,bearish_vol_divergence
ASBP,2026-04-29 16:00:00+00:00,2026-04-30 17:15:00+00:00,0.2212,0.2277,0.2498,0.0065,2.9385,27,22.73,True,True,bearish_vol_divergence
ASBP,2026-05-05 17:15:00+00:00,2026-05-06 17:00:00+00:00,0.1989,0.1884,0.2016,-0.0105,-5.279,21,-100.0,True,True,bearish_vol_divergence
ASBP,2026-05-08 15:30:00+00:00,2026-05-12 17:00:00+00:00,0.1216,5.05,5.8299,4.9284,4052.9606,50,86.34,True,True,bearish_vol_divergence
ASBP,2026-05-08 16:30:00+00:00,2026-05-12 17:00:00+00:00,0.1391,5.05,5.8299,4.9109,3530.4818,46,86.3,True,True,bearish_vol_divergence
ASBP,2026-05-08 18:30:00+00:00,2026-05-12 17:00:00+00:00,0.1617,5.05,5.8299,4.8883,3023.0676,38,86.24,True,True,bearish_vol_divergence
ASBP,2026-05-22 19:00:00+00:00,2026-05-29 19:30:00+00:00,5.51,5.21,5.77,-0.3,-5.4446,81,-100.0,True,True,bearish_vol_divergence
ASBP,2026-05-22 19:30:00+00:00,2026-05-29 19:30:00+00:00,5.45,5.21,5.77,-0.24,-4.4037,79,-75.0,True,True,bearish_vol_divergence
ASBP,2026-05-26 14:30:00+00:00,2026-05-29 19:30:00+00:00,5.12,5.21,5.77,0.09,1.7578,77,13.85,True,True,bearish_vol_divergence
ASBP,2026-05-27 15:00:00+00:00,2026-05-29 19:30:00+00:00,4.95,5.21,5.77,0.26,5.2525,59,31.71,True,True,bearish_vol_divergence
ASBP,2026-06-01 17:30:00+00:00,2026-06-08 14:45:00+00:00,5.855,5.6475,6.24,-0.2075,-3.544,71,-53.9,True,True,bearish_vol_divergence
ASBP,2026-06-10 19:30:00+00:00,2026-06-12 19:45:00+00:00,5.765,5.15,6.3556,-0.615,-10.6678,41,-100.0,True,True,bearish_vol_divergence
ASBP,2026-06-11 19:30:00+00:00,2026-06-12 19:45:00+00:00,6.01,5.15,6.14,-0.86,-14.3095,23,-100.0,True,True,bearish_vol_divergence
ASBP,2026-06-15 15:45:00+00:00,2026-06-16 17:00:00+00:00,5.3,6.23,6.31,0.93,17.5472,27,92.08,True,True,bearish_vol_divergence
ASTC,2026-05-14 16:15:00+00:00,2026-05-20 15:00:00+00:00,2.68,2.44,2.8099,-0.24,-8.9552,35,-100.0,True,True,bearish_vol_divergence
ASTC,2026-05-14 16:30:00+00:00,2026-05-20 15:00:00+00:00,2.71,2.44,2.8099,-0.27,-9.9631,34,-100.0,True,True,bearish_vol_divergence
ASTC,2026-05-19 19:30:00+00:00,2026-05-21 18:15:00+00:00,2.385,2.35,2.45,-0.035,-1.4675,17,-53.85,True,True,bearish_vol_divergence
ASTC,2026-05-21 16:00:00+00:00,2026-05-26 14:30:00+00:00,2.32,2.46,2.525,0.14,6.0345,23,68.29,True,True,bearish_vol_divergence
ASTC,2026-06-01 19:00:00+00:00,2026-06-04 19:45:00+00:00,37.5,38.97,59.0,1.47,3.92,69,6.84,True,True,bearish_vol_divergence
ASTC,2026-06-03 17:45:00+00:00,2026-06-04 19:45:00+00:00,39.6,38.97,46.7,-0.63,-1.5909,30,-8.87,True,True,bearish_vol_divergence
ASTC,2026-06-04 15:30:00+00:00,2026-06-04 19:45:00+00:00,40.15,38.97,41.75,-1.18,-2.939,17,-73.75,True,True,bearish_vol_divergence
ASTC,2026-06-04 16:00:00+00:00,2026-06-04 19:45:00+00:00,39.9929,38.97,41.16,-1.0229,-2.5577,15,-87.64,True,True,bearish_vol_divergence
ASTC,2026-06-04 16:30:00+00:00,2026-06-04 19:45:00+00:00,39.67,38.97,41.16,-0.7,-1.7645,13,-46.98,True,True,bearish_vol_divergence
ASTC,2026-06-10 15:15:00+00:00,2026-06-11 19:30:00+00:00,25.83,27.76,29.0,1.93,7.4719,39,60.88,True,True,bearish_vol_divergence
ASTC,2026-06-10 18:30:00+00:00,2026-06-11 19:30:00+00:00,26.35,27.76,29.0,1.41,5.351,26,53.21,True,True,bearish_vol_divergence
ASTC,2026-06-10 19:45:00+00:00,2026-06-11 19:30:00+00:00,24.0001,27.76,29.0,3.7599,15.6662,21,75.2,True,True,bearish_vol_divergence
ATPC,2026-05-12 19:45:00+00:00,2026-05-14 16:30:00+00:00,2.2314,2.195,2.27,-0.0364,-1.6313,16,-94.3,True,True,bearish_vol_divergence
ATPC,2026-05-28 15:30:00+00:00,2026-06-01 14:45:00+00:00,6.01,5.3,8.5,-0.71,-11.8136,41,-28.51,True,True,bearish_vol_divergence
ATPC,2026-05-28 16:15:00+00:00,2026-06-01 14:45:00+00:00,5.92,5.3,8.5,-0.62,-10.473,38,-24.03,True,True,bearish_vol_divergence
ATPC,2026-05-28 17:00:00+00:00,2026-06-01 14:45:00+00:00,6.86,5.3,8.5,-1.56,-22.7405,35,-95.12,True,True,bearish_vol_divergence
ATPC,2026-06-01 16:15:00+00:00,2026-06-02 18:00:00+00:00,4.755,2.93,4.93,-1.825,-38.3807,29,-100.0,True,True,bearish_vol_divergence
ATPC,2026-06-09 18:45:00+00:00,2026-06-11 15:00:00+00:00,3.03,3.13,3.28,0.1,3.3003,23,40.0,True,True,bearish_vol_divergence
ATPC,2026-06-10 18:15:00+00:00,2026-06-11 17:45:00+00:00,3.08,3.13,3.1599,0.05,1.6234,14,62.58,True,True,bearish_vol_divergence
ATPC,2026-06-10 19:15:00+00:00,2026-06-11 17:45:00+00:00,3.095,3.13,3.1599,0.035,1.1309,12,53.93,True,True,bearish_vol_divergence
ATPC,2026-06-18 16:45:00+00:00,2026-06-22 19:45:00+00:00,4.66,3.585,4.82,-1.075,-23.0687,34,-100.0,True,True,end_of_data
ATPC,2026-06-22 18:45:00+00:00,2026-06-22 19:45:00+00:00,3.53,3.585,3.6,0.055,1.5581,4,78.57,True,True,end_of_data
ATXG,2026-05-05 16:00:00+00:00,2026-05-06 19:00:00+00:00,5.25,5.0399,5.5498,-0.2101,-4.0019,23,-70.08,True,True,bearish_vol_divergence
ATXG,2026-05-11 16:45:00+00:00,2026-05-12 16:45:00+00:00,4.99,5.07,5.09,0.08,1.6032,10,80.0,True,True,bearish_vol_divergence
ATXG,2026-05-11 18:15:00+00:00,2026-05-14 15:30:00+00:00,4.84,5.1201,5.24,0.2801,5.7872,25,70.03,True,True,bearish_vol_divergence
ATXG,2026-05-12 15:00:00+00:00,2026-05-14 15:30:00+00:00,4.76,5.1201,5.24,0.3601,7.5651,22,75.02,True,True,bearish_vol_divergence
ATXG,2026-06-11 18:30:00+00:00,2026-06-22 18:00:00+00:00,4.68,4.895,5.0,0.215,4.594,20,67.19,True,True,end_of_data
ATXG,2026-06-12 15:00:00+00:00,2026-06-22 18:00:00+00:00,4.545,4.895,5.0,0.35,7.7008,18,76.92,True,True,end_of_data
AUUD,2026-05-07 18:30:00+00:00,2026-05-08 18:00:00+00:00,1.575,1.47,1.5999,-0.105,-6.6667,20,-100.0,True,True,bearish_vol_divergence
AUUD,2026-05-07 18:45:00+00:00,2026-05-08 18:00:00+00:00,1.57,1.47,1.5999,-0.1,-6.3694,19,-100.0,True,True,bearish_vol_divergence
AUUD,2026-05-07 19:00:00+00:00,2026-05-08 18:00:00+00:00,1.59,1.47,1.5999,-0.12,-7.5472,18,-100.0,True,True,bearish_vol_divergence
AUUD,2026-05-07 19:15:00+00:00,2026-05-08 18:00:00+00:00,1.5802,1.47,1.5999,-0.1102,-6.9738,17,-100.0,True,True,bearish_vol_divergence
AUUD,2026-05-07 19:45:00+00:00,2026-05-08 18:00:00+00:00,1.58,1.47,1.59,-0.11,-6.962,15,-100.0,True,True,bearish_vol_divergence
AUUD,2026-05-14 18:45:00+00:00,2026-05-18 14:30:00+00:00,1.225,2.025,2.22,0.8,65.3061,27,80.4,True,True,bearish_vol_divergence
AUUD,2026-05-14 19:15:00+00:00,2026-05-18 14:30:00+00:00,1.215,2.025,2.22,0.81,66.6667,25,80.6,True,True,bearish_vol_divergence
AUUD,2026-05-19 19:00:00+00:00,2026-05-26 17:00:00+00:00,1.98,1.495,2.0203,-0.485,-24.4949,80,-100.0,True,True,bearish_vol_divergence
AUUD,2026-05-19 19:15:00+00:00,2026-05-26 17:00:00+00:00,1.995,1.495,2.02,-0.5,-25.0627,79,-100.0,True,True,bearish_vol_divergence
AUUD,2026-05-26 15:45:00+00:00,2026-05-27 19:45:00+00:00,1.5089,1.409,1.6,-0.0999,-6.6207,37,-100.0,True,True,bearish_vol_divergence
AUUD,2026-05-28 19:45:00+00:00,2026-06-01 14:45:00+00:00,1.35,1.4019,1.42,0.0519,3.8444,23,74.14,True,True,bearish_vol_divergence
AUUD,2026-06-08 19:00:00+00:00,2026-06-09 17:00:00+00:00,1.295,1.2465,1.31,-0.0485,-3.7452,14,-100.0,True,True,bearish_vol_divergence
AUUD,2026-06-15 15:15:00+00:00,2026-06-15 19:15:00+00:00,1.35,1.38,1.42,0.03,2.2222,14,42.86,True,True,bearish_vol_divergence
AUUD,2026-06-15 16:00:00+00:00,2026-06-15 19:15:00+00:00,1.38,1.38,1.41,0.0,0.0,11,0.0,True,True,bearish_vol_divergence
AUUD,2026-06-15 16:15:00+00:00,2026-06-15 19:15:00+00:00,1.39,1.38,1.401,-0.01,-0.7194,10,-90.91,True,True,bearish_vol_divergence
AUUD,2026-06-16 18:30:00+00:00,2026-06-17 17:15:00+00:00,1.36,1.35,1.38,-0.01,-0.7353,16,-50.0,True,True,bearish_vol_divergence
AUUD,2026-06-16 19:00:00+00:00,2026-06-17 17:15:00+00:00,1.36,1.35,1.38,-0.01,-0.7353,14,-50.0,True,True,bearish_vol_divergence
AUUD,2026-06-18 18:45:00+00:00,2026-06-22 18:45:00+00:00,1.3863,1.41,1.43,0.0237,1.7096,22,54.23,True,True,bearish_vol_divergence
AUUD,2026-06-18 19:00:00+00:00,2026-06-22 18:45:00+00:00,1.38,1.41,1.43,0.03,2.1739,21,60.0,True,True,bearish_vol_divergence
AXIL,2026-04-29 19:30:00+00:00,2026-05-04 17:45:00+00:00,6.8918,6.97,7.0,0.0782,1.1347,47,72.27,True,True,bearish_vol_divergence
AXIL,2026-05-04 15:15:00+00:00,2026-05-07 16:00:00+00:00,6.99,7.102,7.24,0.112,1.6023,43,44.8,True,True,bearish_vol_divergence
AXIL,2026-06-15 18:45:00+00:00,2026-06-17 16:45:00+00:00,6.345,6.35,6.38,0.005,0.0788,10,14.29,True,True,bearish_vol_divergence
AXIL,2026-06-16 16:30:00+00:00,2026-06-22 19:30:00+00:00,6.38,5.9,6.46,-0.48,-7.5235,16,-100.0,True,True,end_of_data
AXIL,2026-06-17 15:45:00+00:00,2026-06-22 19:30:00+00:00,6.34,5.9,6.46,-0.44,-6.9401,11,-100.0,True,True,end_of_data
AXIL,2026-06-17 18:00:00+00:00,2026-06-22 19:30:00+00:00,6.46,5.9,6.46,-0.56,-8.6687,8,0.0,True,True,end_of_data
AZI,2026-04-02 19:45:00+00:00,2026-04-09 15:30:00+00:00,1.95,1.7093,2.15,-0.2407,-12.3436,57,-100.0,True,True,bearish_vol_divergence
AZI,2026-04-06 14:45:00+00:00,2026-04-09 15:30:00+00:00,2.095,1.7093,2.1399,-0.3857,-18.4105,55,-100.0,True,True,bearish_vol_divergence
AZI,2026-04-06 15:30:00+00:00,2026-04-09 15:30:00+00:00,2.05,1.7093,2.1265,-0.3407,-16.6195,52,-100.0,True,True,bearish_vol_divergence
AZI,2026-04-06 16:00:00+00:00,2026-04-09 15:30:00+00:00,2.0649,1.7093,2.07,-0.3556,-17.2212,50,0.0,True,True,bearish_vol_divergence
AZI,2026-04-17 15:15:00+00:00,2026-04-20 16:30:00+00:00,1.65,1.6,1.67,-0.05,-3.0303,18,-100.0,True,True,bearish_vol_divergence
AZI,2026-04-17 16:00:00+00:00,2026-04-20 16:30:00+00:00,1.655,1.6,1.67,-0.055,-3.3233,15,-100.0,True,True,bearish_vol_divergence
AZI,2026-04-17 17:00:00+00:00,2026-04-20 16:30:00+00:00,1.62,1.6,1.6699,-0.02,-1.2346,12,-40.08,True,True,bearish_vol_divergence
AZI,2026-04-24 16:30:00+00:00,2026-04-30 16:15:00+00:00,1.36,1.25,1.41,-0.11,-8.0882,42,-100.0,True,True,bearish_vol_divergence
AZI,2026-04-24 17:00:00+00:00,2026-04-30 16:15:00+00:00,1.4,1.25,1.41,-0.15,-10.7143,41,-100.0,True,True,bearish_vol_divergence
AZI,2026-04-24 18:30:00+00:00,2026-04-30 16:15:00+00:00,1.34,1.25,1.41,-0.09,-6.7164,39,-100.0,True,True,bearish_vol_divergence
AZI,2026-04-24 18:45:00+00:00,2026-04-30 16:15:00+00:00,1.35,1.25,1.41,-0.1,-7.4074,38,-100.0,True,True,bearish_vol_divergence
AZI,2026-05-15 17:15:00+00:00,2026-05-18 18:45:00+00:00,1.25,1.27,1.28,0.02,1.6,10,66.67,True,True,bearish_vol_divergence
AZI,2026-05-15 18:15:00+00:00,2026-05-19 14:45:00+00:00,1.24,1.2608,1.28,0.0208,1.6774,10,52.0,True,True,bearish_vol_divergence
AZI,2026-06-03 15:45:00+00:00,2026-06-12 14:30:00+00:00,1.06,1.6801,6.99,0.6201,58.5,114,10.46,True,True,bearish_vol_divergence
AZI,2026-06-11 18:30:00+00:00,2026-06-12 18:15:00+00:00,1.73,1.6703,1.74,-0.0597,-3.4509,21,-100.0,True,True,bearish_vol_divergence
AZI,2026-06-16 19:30:00+00:00,2026-06-17 19:45:00+00:00,1.715,1.63,1.8,-0.085,-4.9563,23,-100.0,True,True,bearish_vol_divergence
AZI,2026-06-17 14:45:00+00:00,2026-06-17 19:45:00+00:00,1.6201,1.63,1.67,0.0099,0.6111,20,19.84,True,True,bearish_vol_divergence
AZI,2026-06-17 15:45:00+00:00,2026-06-17 19:45:00+00:00,1.64,1.63,1.67,-0.01,-0.6098,16,-33.33,True,True,bearish_vol_divergence
AZI,2026-06-17 16:30:00+00:00,2026-06-17 19:45:00+00:00,1.635,1.63,1.67,-0.005,-0.3058,13,-14.29,True,True,bearish_vol_divergence
BAOS,2026-05-13 15:45:00+00:00,2026-05-22 15:15:00+00:00,2.73,2.88,3.07,0.15,5.4945,27,44.12,True,True,bearish_vol_divergence
BAOS,2026-05-13 19:00:00+00:00,2026-05-22 15:15:00+00:00,2.89,2.88,3.07,-0.01,-0.346,22,-5.56,True,True,bearish_vol_divergence
BAOS,2026-05-13 19:45:00+00:00,2026-05-22 15:15:00+00:00,3.0199,2.88,3.07,-0.1399,-4.6326,20,-100.0,True,True,bearish_vol_divergence
BAOS,2026-05-26 15:45:00+00:00,2026-06-09 15:00:00+00:00,2.9499,2.84,3.82,-0.1099,-3.7256,103,-12.63,True,True,bearish_vol_divergence
BAOS,2026-06-05 19:15:00+00:00,2026-06-09 15:00:00+00:00,2.5899,2.84,2.9548,0.2501,9.6567,20,68.54,True,True,bearish_vol_divergence
BAOS,2026-06-05 19:45:00+00:00,2026-06-09 15:00:00+00:00,2.565,2.84,2.9548,0.275,10.7212,18,70.55,True,True,bearish_vol_divergence
BARK,2026-05-12 18:00:00+00:00,2026-05-13 17:00:00+00:00,9.0,9.04,9.08,0.04,0.4444,13,50.0,True,True,bearish_vol_divergence
BARK,2026-05-12 18:45:00+00:00,2026-05-13 17:00:00+00:00,9.01,9.04,9.0499,0.03,0.333,10,0.0,True,True,bearish_vol_divergence
BARK,2026-05-19 16:00:00+00:00,2026-05-19 19:45:00+00:00,9.025,9.315,9.39,0.29,3.2133,12,79.45,True,True,bearish_vol_divergence
BARK,2026-05-22 15:15:00+00:00,2026-05-27 19:30:00+00:00,9.02,9.2,9.68,0.18,1.9956,50,27.27,True,True,bearish_vol_divergence
BARK,2026-05-22 16:00:00+00:00,2026-05-27 19:30:00+00:00,8.765,9.2,9.68,0.435,4.9629,48,47.54,True,True,bearish_vol_divergence
BARK,2026-05-22 16:30:00+00:00,2026-05-27 19:30:00+00:00,8.86,9.2,9.68,0.34,3.8375,47,41.46,True,True,bearish_vol_divergence
BARK,2026-05-22 16:45:00+00:00,2026-05-27 19:30:00+00:00,8.91,9.2,9.68,0.29,3.2548,46,37.66,True,True,bearish_vol_divergence
BARK,2026-06-09 17:30:00+00:00,2026-06-12 18:15:00+00:00,10.08,10.15,10.71,0.07,0.6944,65,11.11,True,True,bearish_vol_divergence
BARK,2026-06-11 15:00:00+00:00,2026-06-12 18:15:00+00:00,9.83,10.15,10.71,0.32,3.2553,34,36.36,True,True,bearish_vol_divergence
BARK,2026-06-11 15:45:00+00:00,2026-06-12 18:15:00+00:00,10.31,10.15,10.71,-0.16,-1.5519,31,-40.0,True,True,bearish_vol_divergence
BARK,2026-06-11 16:00:00+00:00,2026-06-12 18:15:00+00:00,10.625,10.15,10.71,-0.475,-4.4706,30,-100.0,True,True,bearish_vol_divergence
BARK,2026-06-16 18:30:00+00:00,2026-06-17 16:00:00+00:00,8.92,9.2,9.26,0.28,3.139,11,82.35,True,True,bearish_vol_divergence
BARK,2026-06-16 18:45:00+00:00,2026-06-17 16:00:00+00:00,9.14,9.2,9.26,0.06,0.6564,10,50.0,True,True,bearish_vol_divergence
BBGI,2026-05-05 16:45:00+00:00,2026-05-06 18:45:00+00:00,19.365,17.4,19.365,-1.965,-10.1472,16,0.0,True,True,bearish_vol_divergence
BBGI,2026-06-02 15:30:00+00:00,2026-06-10 14:30:00+00:00,19.79,22.385,22.9,2.595,13.1127,67,83.44,True,True,bearish_vol_divergence
BBGI,2026-06-12 19:00:00+00:00,2026-06-16 15:30:00+00:00,21.0,18.18,21.825,-2.82,-13.4286,20,-100.0,True,True,bearish_vol_divergence
BBGI,2026-06-15 19:45:00+00:00,2026-06-22 19:45:00+00:00,17.385,24.515,24.99,7.13,41.0124,48,93.75,True,True,end_of_data
BBGI,2026-06-16 15:30:00+00:00,2026-06-22 19:45:00+00:00,18.18,24.515,24.99,6.335,34.846,47,93.02,True,True,end_of_data
BBGI,2026-06-16 16:45:00+00:00,2026-06-22 19:45:00+00:00,19.8907,24.515,24.99,4.6243,23.2486,43,90.68,True,True,end_of_data
BBGI,2026-06-16 17:15:00+00:00,2026-06-22 19:45:00+00:00,19.16,24.515,24.99,5.355,27.9488,41,91.85,True,True,end_of_data
BBGI,2026-06-16 19:00:00+00:00,2026-06-22 19:45:00+00:00,20.0,24.515,24.99,4.515,22.575,39,90.48,True,True,end_of_data
BCG,2026-04-02 18:45:00+00:00,2026-04-06 18:15:00+00:00,2.205,2.33,2.42,0.125,5.6689,20,58.14,True,True,bearish_vol_divergence
BCG,2026-04-02 19:30:00+00:00,2026-04-06 18:15:00+00:00,2.24,2.33,2.42,0.09,4.0179,17,50.0,True,True,bearish_vol_divergence
BCG,2026-04-06 15:30:00+00:00,2026-04-06 18:15:00+00:00,2.35,2.33,2.4,-0.02,-0.8511,11,-40.0,True,True,bearish_vol_divergence
BCG,2026-04-08 16:45:00+00:00,2026-04-09 17:15:00+00:00,2.115,2.09,2.19,-0.025,-1.182,18,-33.33,True,True,bearish_vol_divergence
BCG,2026-04-08 17:00:00+00:00,2026-04-09 17:15:00+00:00,2.1215,2.09,2.19,-0.0315,-1.4848,17,-45.99,True,True,bearish_vol_divergence
BCG,2026-04-08 17:30:00+00:00,2026-04-09 17:15:00+00:00,2.12,2.09,2.19,-0.03,-1.4151,15,-42.86,True,True,bearish_vol_divergence
BCG,2026-04-09 15:30:00+00:00,2026-04-14 17:30:00+00:00,2.05,2.14,2.37,0.09,4.3903,63,28.13,True,True,bearish_vol_divergence
BCG,2026-04-17 16:30:00+00:00,2026-04-20 15:15:00+00:00,1.97,1.965,1.98,-0.005,-0.2538,11,-50.0,True,True,bearish_vol_divergence
BCG,2026-04-17 17:30:00+00:00,2026-04-20 15:15:00+00:00,1.97,1.965,1.98,-0.005,-0.2538,10,-50.0,True,True,bearish_vol_divergence
BCG,2026-04-17 18:00:00+00:00,2026-04-21 16:15:00+00:00,1.95,1.9596,1.98,0.0096,0.4923,17,32.0,True,True,bearish_vol_divergence
BCG,2026-04-27 15:00:00+00:00,2026-04-27 19:30:00+00:00,1.95,1.91,1.95,-0.04,-2.0513,15,0.0,True,True,bearish_vol_divergence
BCG,2026-04-27 17:00:00+00:00,2026-05-05 15:00:00+00:00,1.92,2.0499,2.09,0.1299,6.7656,64,76.41,True,True,bearish_vol_divergence
BCG,2026-04-30 14:30:00+00:00,2026-05-05 15:00:00+00:00,1.95,2.0499,2.09,0.0999,5.1231,37,71.36,True,True,bearish_vol_divergence
BCG,2026-04-30 15:45:00+00:00,2026-05-05 15:00:00+00:00,1.9758,2.0499,2.09,0.0741,3.7504,34,64.89,True,True,bearish_vol_divergence
BCG,2026-05-12 16:45:00+00:00,2026-05-19 15:00:00+00:00,2.055,1.68,2.09,-0.375,-18.2482,63,-100.0,True,True,bearish_vol_divergence
BCG,2026-05-21 18:15:00+00:00,2026-06-02 14:30:00+00:00,1.7,1.625,1.8396,-0.075,-4.4118,71,-53.72,True,True,bearish_vol_divergence
BCG,2026-05-26 18:30:00+00:00,2026-06-02 14:30:00+00:00,1.69,1.625,1.733,-0.065,-3.8462,44,-100.0,True,True,bearish_vol_divergence
BCG,2026-05-26 19:30:00+00:00,2026-06-02 14:30:00+00:00,1.685,1.625,1.733,-0.06,-3.5608,43,-100.0,True,True,bearish_vol_divergence
BCG,2026-05-27 16:00:00+00:00,2026-06-02 14:30:00+00:00,1.6884,1.625,1.733,-0.0634,-3.755,42,-100.0,True,True,bearish_vol_divergence
BCG,2026-05-28 18:30:00+00:00,2026-06-02 14:30:00+00:00,1.58,1.625,1.635,0.045,2.8481,27,81.82,True,True,bearish_vol_divergence
BCG,2026-06-01 15:00:00+00:00,2026-06-02 14:30:00+00:00,1.5769,1.625,1.635,0.0481,3.0503,11,82.79,True,True,bearish_vol_divergence
BCG,2026-06-02 16:45:00+00:00,2026-06-09 14:30:00+00:00,1.606,1.595,1.63,-0.011,-0.6849,57,-45.83,True,True,bearish_vol_divergence
BCG,2026-06-05 16:00:00+00:00,2026-06-09 14:30:00+00:00,1.535,1.595,1.6108,0.06,3.9088,20,79.16,True,True,bearish_vol_divergence
BCG,2026-06-08 16:00:00+00:00,2026-06-09 14:30:00+00:00,1.51,1.595,1.6108,0.085,5.6291,11,84.33,True,True,bearish_vol_divergence
BCG,2026-06-08 17:45:00+00:00,2026-06-09 15:45:00+00:00,1.5989,1.6093,1.6108,0.0104,0.6505,10,87.39,True,True,bearish_vol_divergence
BCG,2026-06-09 15:45:00+00:00,2026-06-17 15:30:00+00:00,1.6093,1.61,1.66,0.0007,0.0435,52,1.38,True,True,bearish_vol_divergence
BCG,2026-06-15 18:15:00+00:00,2026-06-17 15:30:00+00:00,1.6001,1.61,1.66,0.0099,0.6187,24,16.53,True,True,bearish_vol_divergence
BCTX,2026-04-07 14:30:00+00:00,2026-04-09 14:00:00+00:00,4.2007,4.41,4.61,0.2093,4.9825,79,51.14,True,True,bearish_vol_divergence
BCTX,2026-04-07 19:00:00+00:00,2026-04-09 14:00:00+00:00,4.36,4.41,4.61,0.05,1.1468,61,20.0,True,True,bearish_vol_divergence
BCTX,2026-04-08 12:30:00+00:00,2026-04-09 14:00:00+00:00,4.4481,4.41,4.5191,-0.0381,-0.8565,37,-53.66,True,True,bearish_vol_divergence
BCTX,2026-04-08 21:00:00+00:00,2026-04-09 14:00:00+00:00,4.3426,4.41,4.44,0.0674,1.5521,14,69.2,True,True,bearish_vol_divergence
BCTX,2026-04-09 15:00:00+00:00,2026-04-14 15:30:00+00:00,4.5101,4.5,4.61,-0.0101,-0.2239,113,-10.11,True,True,bearish_vol_divergence
BCTX,2026-04-09 15:30:00+00:00,2026-04-14 15:30:00+00:00,4.4501,4.5,4.61,0.0499,1.1213,111,31.21,True,True,bearish_vol_divergence
BCTX,2026-04-13 10:00:00+00:00,2026-04-14 15:30:00+00:00,4.271,4.5,4.5709,0.229,5.3617,56,76.36,True,True,bearish_vol_divergence
BCTX,2026-04-13 10:15:00+00:00,2026-04-14 15:30:00+00:00,4.3078,4.5,4.5709,0.1922,4.4617,55,73.05,True,True,bearish_vol_divergence
BCTX,2026-04-13 11:00:00+00:00,2026-04-14 15:30:00+00:00,4.4657,4.5,4.5709,0.0343,0.7681,53,32.6,True,True,bearish_vol_divergence
BCTX,2026-04-13 12:00:00+00:00,2026-04-14 15:30:00+00:00,4.2751,4.5,4.5709,0.2249,5.2607,49,76.03,True,True,bearish_vol_divergence
BCTX,2026-04-13 15:00:00+00:00,2026-04-14 15:30:00+00:00,4.33,4.5,4.5709,0.17,3.9261,41,70.57,True,True,bearish_vol_divergence
BCTX,2026-04-22 17:45:00+00:00,2026-04-23 13:45:00+00:00,3.91,3.908,3.99,-0.002,-0.0512,23,-2.5,True,True,bearish_vol_divergence
BCTX,2026-04-22 19:00:00+00:00,2026-04-23 13:45:00+00:00,3.92,3.908,3.99,-0.012,-0.3061,18,-17.14,True,True,bearish_vol_divergence
BCTX,2026-04-23 10:45:00+00:00,2026-04-23 20:15:00+00:00,3.9,3.8,3.97,-0.1,-2.5641,33,-100.0,True,True,bearish_vol_divergence
BCTX,2026-04-24 13:30:00+00:00,2026-04-24 19:00:00+00:00,3.73,3.91,3.99,0.18,4.8257,20,69.23,True,True,bearish_vol_divergence
BCTX,2026-04-24 14:15:00+00:00,2026-04-24 19:00:00+00:00,3.7467,3.91,3.99,0.1633,4.3585,17,67.12,True,True,bearish_vol_divergence
BCTX,2026-04-24 15:00:00+00:00,2026-04-24 19:00:00+00:00,3.78,3.91,3.99,0.13,3.4392,14,61.9,True,True,bearish_vol_divergence
BCTX,2026-04-24 16:30:00+00:00,2026-04-24 20:45:00+00:00,3.905,3.9861,3.99,0.0811,2.0768,15,95.41,True,True,bearish_vol_divergence
BCTX,2026-04-24 17:00:00+00:00,2026-04-24 20:45:00+00:00,3.91,3.9861,3.99,0.0761,1.9463,13,95.12,True,True,bearish_vol_divergence
BCTX,2026-04-24 17:30:00+00:00,2026-04-24 20:45:00+00:00,3.93,3.9861,3.9861,0.0561,1.4275,11,100.0,True,True,bearish_vol_divergence
BCTX,2026-04-24 17:45:00+00:00,2026-04-24 20:45:00+00:00,3.9598,3.9861,3.9861,0.0263,0.6642,10,100.0,True,True,bearish_vol_divergence
BCTX,2026-04-24 18:15:00+00:00,2026-04-24 21:15:00+00:00,3.92,3.96,3.9861,0.04,1.0204,10,60.51,True,True,bearish_vol_divergence
BCTX,2026-04-28 16:15:00+00:00,2026-04-29 14:30:00+00:00,3.975,3.965,4.08,-0.01,-0.2516,22,-9.52,True,True,bearish_vol_divergence
BCTX,2026-04-29 22:45:00+00:00,2026-04-30 19:00:00+00:00,4.02,4.16,4.225,0.14,3.4826,28,68.29,True,True,bearish_vol_divergence
BCTX,2026-05-04 15:30:00+00:00,2026-05-04 20:45:00+00:00,4.15,4.18,4.18,0.03,0.7229,18,100.0,True,True,bearish_vol_divergence
BCTX,2026-05-04 17:45:00+00:00,2026-05-04 20:45:00+00:00,4.14,4.18,4.18,0.04,0.9662,11,100.0,True,True,bearish_vol_divergence
BCTX,2026-05-05 18:15:00+00:00,2026-05-06 17:30:00+00:00,4.02,4.11,4.44,0.09,2.2388,40,21.43,True,True,bearish_vol_divergence
BCTX,2026-05-06 12:15:00+00:00,2026-05-06 17:30:00+00:00,4.0811,4.11,4.21,0.0289,0.7081,21,22.42,True,True,bearish_vol_divergence
BCTX,2026-05-06 12:30:00+00:00,2026-05-06 17:30:00+00:00,4.2091,4.11,4.21,-0.0991,-2.3544,20,0.0,True,True,bearish_vol_divergence
BCTX,2026-05-06 20:15:00+00:00,2026-05-07 13:30:00+00:00,4.0208,4.1,4.21,0.0792,1.9698,17,41.86,True,True,bearish_vol_divergence
BCTX,2026-05-07 13:15:00+00:00,2026-05-07 19:15:00+00:00,4.1587,4.1197,4.27,-0.039,-0.9378,22,-35.04,True,True,bearish_vol_divergence
BCTX,2026-05-13 18:00:00+00:00,2026-05-14 14:00:00+00:00,4.15,4.14,4.26,-0.01,-0.241,23,-9.09,True,True,bearish_vol_divergence
BCTX,2026-05-13 18:45:00+00:00,2026-05-14 14:00:00+00:00,4.13,4.14,4.26,0.01,0.2421,20,7.69,True,True,bearish_vol_divergence
BCTX,2026-05-19 11:15:00+00:00,2026-05-21 14:45:00+00:00,3.39,3.83,3.99,0.44,12.9793,101,73.33,True,True,bearish_vol_divergence
BCTX,2026-05-19 13:30:00+00:00,2026-05-21 14:45:00+00:00,3.41,3.83,3.99,0.42,12.3167,95,72.41,True,True,bearish_vol_divergence
BCTX,2026-05-21 13:15:00+00:00,2026-05-22 14:15:00+00:00,3.83,3.53,4.14,-0.3,-7.8329,53,-96.77,True,True,bearish_vol_divergence
BCTX,2026-05-21 19:15:00+00:00,2026-05-22 14:15:00+00:00,3.73,3.53,4.14,-0.2,-5.3619,29,-48.78,True,True,bearish_vol_divergence
BCTX,2026-05-22 11:15:00+00:00,2026-05-22 14:15:00+00:00,3.76,3.53,4.14,-0.23,-6.117,12,-60.53,True,True,bearish_vol_divergence
BCTX,2026-05-22 17:30:00+00:00,2026-05-26 18:15:00+00:00,3.51,3.4586,3.7905,-0.0514,-1.4644,44,-18.32,True,True,bearish_vol_divergence
BCTX,2026-05-22 19:15:00+00:00,2026-05-26 18:15:00+00:00,3.47,3.4586,3.7905,-0.0114,-0.3285,37,-3.56,True,True,bearish_vol_divergence
BCTX,2026-05-22 20:15:00+00:00,2026-05-26 18:15:00+00:00,3.49,3.4586,3.7905,-0.0314,-0.8997,33,-10.45,True,True,bearish_vol_divergence
BCTX,2026-05-22 20:30:00+00:00,2026-05-26 18:15:00+00:00,3.4414,3.4586,3.7905,0.0172,0.4998,32,4.93,True,True,bearish_vol_divergence
BCTX,2026-05-29 18:45:00+00:00,2026-06-01 15:30:00+00:00,3.59,3.34,3.6867,-0.25,-6.9638,31,-100.0,True,True,bearish_vol_divergence
BCTX,2026-06-01 20:45:00+00:00,2026-06-02 19:45:00+00:00,3.28,3.27,3.41,-0.01,-0.3049,38,-7.69,True,True,bearish_vol_divergence
BCTX,2026-06-02 15:30:00+00:00,2026-06-02 19:45:00+00:00,3.34,3.27,3.41,-0.07,-2.0958,17,-100.0,True,True,bearish_vol_divergence
BCTX,2026-06-02 17:15:00+00:00,2026-06-02 19:45:00+00:00,3.29,3.27,3.31,-0.02,-0.6079,10,-100.0,True,True,bearish_vol_divergence
BCTX,2026-06-02 23:00:00+00:00,2026-06-03 14:00:00+00:00,3.3799,3.325,3.38,-0.0549,-1.6243,13,0.0,True,True,bearish_vol_divergence
BCTX,2026-06-03 10:45:00+00:00,2026-06-03 14:45:00+00:00,3.31,3.345,3.37,0.035,1.0574,11,58.33,True,True,bearish_vol_divergence
BCTX,2026-06-03 11:00:00+00:00,2026-06-03 14:45:00+00:00,3.31,3.345,3.37,0.035,1.0574,10,58.33,True,True,bearish_vol_divergence
BCTX,2026-06-04 22:30:00+00:00,2026-06-08 17:30:00+00:00,3.26,3.13,3.32,-0.13,-3.9877,53,-100.0,True,True,bearish_vol_divergence
BCTX,2026-06-09 13:30:00+00:00,2026-06-09 17:30:00+00:00,3.1,3.08,3.2257,-0.02,-0.6452,16,-15.91,True,True,bearish_vol_divergence
BCTX,2026-06-09 14:00:00+00:00,2026-06-09 17:30:00+00:00,3.165,3.08,3.2257,-0.085,-2.6856,14,-100.0,True,True,bearish_vol_divergence
BCTX,2026-06-10 14:30:00+00:00,2026-06-10 17:00:00+00:00,3.07,3.06,3.09,-0.01,-0.3257,10,-50.0,True,True,bearish_vol_divergence
BCTX,2026-06-15 11:00:00+00:00,2026-06-15 19:15:00+00:00,2.7799,2.71,2.975,-0.0699,-2.5145,24,-35.83,True,True,bearish_vol_divergence
BCTX,2026-06-15 11:45:00+00:00,2026-06-15 19:15:00+00:00,2.7762,2.71,2.975,-0.0662,-2.3846,22,-33.3,True,True,bearish_vol_divergence
BCTX,2026-06-18 14:00:00+00:00,2026-06-18 19:45:00+00:00,2.88,2.91,2.94,0.03,1.0417,17,50.0,True,True,bearish_vol_divergence
BCTX,2026-06-18 15:30:00+00:00,2026-06-18 19:45:00+00:00,2.84,2.91,2.94,0.07,2.4648,12,70.0,True,True,bearish_vol_divergence
BCTX,2026-06-22 16:00:00+00:00,2026-06-23 13:30:00+00:00,3.0,3.04,3.1,0.04,1.3333,21,40.0,True,True,bearish_vol_divergence
BCTX,2026-06-23 13:00:00+00:00,2026-06-23 17:15:00+00:00,3.1,3.035,3.1612,-0.065,-2.0968,15,-100.0,True,True,bearish_vol_divergence
BDSX,2026-05-04 17:00:00+00:00,2026-05-04 19:45:00+00:00,11.445,11.28,11.89,-0.165,-1.4417,10,-37.08,True,True,bearish_vol_divergence
BDSX,2026-05-08 17:00:00+00:00,2026-05-11 15:00:00+00:00,15.14,15.2,15.31,0.06,0.3963,10,35.29,True,True,bearish_vol_divergence
BDSX,2026-05-13 19:30:00+00:00,2026-05-20 14:45:00+00:00,14.55,14.415,14.85,-0.135,-0.9278,61,-45.0,True,True,bearish_vol_divergence
BDSX,2026-05-14 14:45:00+00:00,2026-05-20 14:45:00+00:00,14.83,14.415,14.85,-0.415,-2.7984,58,0.0,True,True,bearish_vol_divergence
BDSX,2026-05-14 16:00:00+00:00,2026-05-20 14:45:00+00:00,14.78,14.415,14.85,-0.365,-2.4696,56,0.0,True,True,bearish_vol_divergence
BDSX,2026-05-14 17:15:00+00:00,2026-05-20 14:45:00+00:00,14.605,14.415,14.76,-0.19,-1.3009,53,-100.0,True,True,bearish_vol_divergence
BDSX,2026-05-14 18:15:00+00:00,2026-05-20 14:45:00+00:00,14.49,14.415,14.76,-0.075,-0.5176,50,-27.78,True,True,bearish_vol_divergence
BDSX,2026-05-14 19:30:00+00:00,2026-05-20 14:45:00+00:00,14.61,14.415,14.76,-0.195,-1.3347,48,-100.0,True,True,bearish_vol_divergence
BDSX,2026-05-27 18:45:00+00:00,2026-05-28 18:45:00+00:00,14.64,15.56,15.92,0.92,6.2842,22,71.88,True,True,bearish_vol_divergence
BDSX,2026-05-29 17:15:00+00:00,2026-06-02 16:30:00+00:00,16.02,15.38,16.675,-0.64,-3.995,27,-97.71,True,True,bearish_vol_divergence
BDSX,2026-06-02 16:15:00+00:00,2026-06-04 19:00:00+00:00,15.79,16.4101,16.71,0.6201,3.9272,33,67.4,True,True,bearish_vol_divergence
BDSX,2026-06-02 16:30:00+00:00,2026-06-04 19:00:00+00:00,15.38,16.4101,16.71,1.0301,6.6977,32,77.45,True,True,bearish_vol_divergence
BDSX,2026-06-04 16:45:00+00:00,2026-06-05 19:00:00+00:00,16.71,15.68,16.71,-1.03,-6.164,21,0.0,True,True,bearish_vol_divergence
BDSX,2026-06-10 15:30:00+00:00,2026-06-11 14:45:00+00:00,15.66,15.69,15.69,0.03,0.1916,10,0.0,True,True,bearish_vol_divergence
BDSX,2026-06-15 19:15:00+00:00,2026-06-17 14:45:00+00:00,15.6568,15.63,15.78,-0.0268,-0.1712,13,-21.75,True,True,bearish_vol_divergence
BELFA,2026-04-28 19:45:00+00:00,2026-04-30 16:45:00+00:00,227.26,232.595,233.71,5.335,2.3475,15,82.71,True,True,bearish_vol_divergence
BELFA,2026-04-29 19:45:00+00:00,2026-04-30 17:30:00+00:00,230.06,231.67,233.71,1.61,0.6998,10,44.11,True,True,bearish_vol_divergence
BELFA,2026-05-18 14:45:00+00:00,2026-05-18 18:00:00+00:00,231.7,230.85,234.8,-0.85,-0.3668,11,-27.42,True,True,bearish_vol_divergence
BELFA,2026-05-20 14:45:00+00:00,2026-05-21 14:45:00+00:00,229.24,233.36,233.795,4.12,1.7972,17,90.45,True,True,bearish_vol_divergence
BELFA,2026-05-20 15:15:00+00:00,2026-05-21 14:45:00+00:00,229.12,233.36,233.795,4.24,1.8506,15,90.7,True,True,bearish_vol_divergence
BELFA,2026-05-20 16:00:00+00:00,2026-05-21 14:45:00+00:00,230.56,233.36,233.795,2.8,1.2144,12,86.55,True,True,bearish_vol_divergence
BELFA,2026-06-02 19:00:00+00:00,2026-06-08 14:30:00+00:00,239.85,245.595,251.125,5.745,2.3952,60,50.95,True,True,bearish_vol_divergence
BELFA,2026-06-03 15:45:00+00:00,2026-06-08 14:30:00+00:00,247.205,245.595,250.0,-1.61,-0.6513,51,-57.6,True,True,bearish_vol_divergence
BELFA,2026-06-03 16:00:00+00:00,2026-06-08 14:30:00+00:00,246.96,245.595,250.0,-1.365,-0.5527,50,-44.9,True,True,bearish_vol_divergence
BELFA,2026-06-03 16:15:00+00:00,2026-06-08 14:30:00+00:00,245.87,245.595,250.0,-0.275,-0.1118,49,-6.66,True,True,bearish_vol_divergence
BELFA,2026-06-03 16:45:00+00:00,2026-06-08 14:30:00+00:00,246.9,245.595,250.0,-1.305,-0.5286,48,-42.1,True,True,bearish_vol_divergence
BELFA,2026-06-03 17:15:00+00:00,2026-06-08 14:30:00+00:00,247.05,245.595,250.0,-1.455,-0.589,47,-49.32,True,True,bearish_vol_divergence
BELFA,2026-06-08 15:15:00+00:00,2026-06-08 19:00:00+00:00,246.17,244.65,246.84,-1.52,-0.6175,14,0.0,True,True,bearish_vol_divergence
BELFA,2026-06-16 19:45:00+00:00,2026-06-17 18:15:00+00:00,260.24,268.48,273.755,8.24,3.1663,13,60.97,True,True,bearish_vol_divergence
BELFA,2026-06-17 14:30:00+00:00,2026-06-17 18:15:00+00:00,267.53,268.48,273.755,0.95,0.3551,12,15.26,True,True,bearish_vol_divergence
BELFA,2026-06-22 16:15:00+00:00,2026-06-22 19:45:00+00:00,265.4,270.52,270.645,5.12,1.9292,14,97.62,True,True,end_of_data
BELFA,2026-06-22 17:45:00+00:00,2026-06-22 19:45:00+00:00,268.225,270.52,270.645,2.295,0.8556,8,94.83,True,True,end_of_data
BENF,2026-06-10 16:30:00+00:00,2026-06-15 17:30:00+00:00,3.4172,3.47,3.57,0.0528,1.5451,36,34.55,True,True,bearish_vol_divergence
BESS,2026-05-04 15:30:00+00:00,2026-05-04 18:00:00+00:00,2.7,2.69,2.7,-0.01,-0.3704,10,0.0,True,True,bearish_vol_divergence
BESS,2026-05-08 19:30:00+00:00,2026-05-13 15:00:00+00:00,2.485,3.23,3.45,0.745,29.9799,46,77.2,True,True,bearish_vol_divergence
BESS,2026-05-11 19:00:00+00:00,2026-05-13 15:00:00+00:00,2.33,3.23,3.45,0.9,38.6266,28,80.36,True,True,bearish_vol_divergence
BESS,2026-05-12 16:45:00+00:00,2026-05-13 15:00:00+00:00,2.36,3.23,3.45,0.87,36.8644,15,79.82,True,True,bearish_vol_divergence
BESS,2026-05-12 17:45:00+00:00,2026-05-13 15:00:00+00:00,2.36,3.23,3.45,0.87,36.8644,11,79.82,True,True,bearish_vol_divergence
BESS,2026-05-12 18:45:00+00:00,2026-05-22 14:30:00+00:00,2.35,4.89,4.93,2.54,108.0851,154,98.45,True,True,bearish_vol_divergence
BESS,2026-05-12 19:30:00+00:00,2026-05-22 14:30:00+00:00,2.35,4.89,4.93,2.54,108.0851,151,98.45,True,True,bearish_vol_divergence
BESS,2026-06-01 19:45:00+00:00,2026-06-02 18:45:00+00:00,3.52,3.54,3.55,0.02,0.5682,16,66.67,True,True,bearish_vol_divergence
BESS,2026-06-02 15:15:00+00:00,2026-06-02 18:45:00+00:00,3.55,3.54,3.55,-0.01,-0.2817,13,0.0,True,True,bearish_vol_divergence
BESS,2026-06-02 15:45:00+00:00,2026-06-02 18:45:00+00:00,3.47,3.54,3.55,0.07,2.0173,11,87.5,True,True,bearish_vol_divergence
BESS,2026-06-02 16:00:00+00:00,2026-06-02 18:45:00+00:00,3.465,3.54,3.55,0.075,2.1645,10,88.24,True,True,bearish_vol_divergence
BESS,2026-06-08 16:45:00+00:00,2026-06-08 19:30:00+00:00,3.44,3.38,3.52,-0.06,-1.7442,11,-75.0,True,True,bearish_vol_divergence
BESS,2026-06-08 18:30:00+00:00,2026-06-11 14:30:00+00:00,3.35,4.2902,4.72,0.9402,28.0657,50,68.63,True,True,bearish_vol_divergence
BESS,2026-06-09 15:00:00+00:00,2026-06-11 14:30:00+00:00,3.915,4.2902,4.72,0.3752,9.5837,42,46.61,True,True,bearish_vol_divergence
BESS,2026-06-09 15:30:00+00:00,2026-06-11 14:30:00+00:00,3.9905,4.2902,4.72,0.2997,7.5103,40,41.08,True,True,bearish_vol_divergence
BESS,2026-06-10 19:45:00+00:00,2026-06-11 19:30:00+00:00,3.617,4.01,4.4699,0.393,10.8654,21,46.08,True,True,bearish_vol_divergence
BGDE,2026-05-11 19:00:00+00:00,2026-05-12 17:45:00+00:00,6.195,6.14,6.31,-0.055,-0.8878,15,-47.83,True,True,bearish_vol_divergence
BGDE,2026-05-12 19:00:00+00:00,2026-05-14 16:15:00+00:00,6.176,6.725,6.9,0.549,8.8892,31,75.83,True,True,bearish_vol_divergence
BGDE,2026-05-18 14:45:00+00:00,2026-05-18 19:45:00+00:00,5.9,5.77,6.05,-0.13,-2.2034,15,-86.67,True,True,bearish_vol_divergence
BGDE,2026-05-18 15:00:00+00:00,2026-05-18 19:45:00+00:00,6.05,5.77,6.05,-0.28,-4.6281,14,0.0,True,True,bearish_vol_divergence
BGDE,2026-05-27 19:00:00+00:00,2026-06-01 17:15:00+00:00,6.815,7.46,7.56,0.645,9.4644,51,86.58,True,True,bearish_vol_divergence
BGDE,2026-05-28 15:45:00+00:00,2026-06-01 17:15:00+00:00,6.79,7.46,7.56,0.67,9.8675,43,87.01,True,True,bearish_vol_divergence
BGDE,2026-05-28 16:30:00+00:00,2026-06-01 17:15:00+00:00,6.86,7.46,7.56,0.6,8.7464,41,85.71,True,True,bearish_vol_divergence
BGDE,2026-06-02 19:45:00+00:00,2026-06-08 17:30:00+00:00,7.185,7.4026,8.01,0.2176,3.0285,64,26.38,True,True,bearish_vol_divergence
BGDE,2026-06-03 15:00:00+00:00,2026-06-08 17:30:00+00:00,7.12,7.4026,8.01,0.2826,3.9691,62,31.75,True,True,bearish_vol_divergence
BGDE,2026-06-03 16:00:00+00:00,2026-06-08 17:30:00+00:00,7.11,7.4026,8.01,0.2926,4.1153,60,32.51,True,True,bearish_vol_divergence
BGDE,2026-06-03 17:45:00+00:00,2026-06-08 17:30:00+00:00,7.46,7.4026,8.01,-0.0574,-0.7694,55,-10.44,True,True,bearish_vol_divergence
BGDE,2026-06-11 19:00:00+00:00,2026-06-12 18:00:00+00:00,7.2,7.41,7.65,0.21,2.9167,16,46.67,True,True,bearish_vol_divergence
BGI,2026-05-21 14:30:00+00:00,2026-05-28 19:45:00+00:00,0.6901,0.6272,0.7091,-0.0629,-9.1146,35,-100.0,True,True,bearish_vol_divergence
BGI,2026-06-03 17:30:00+00:00,2026-06-08 17:00:00+00:00,0.645,0.639,0.6607,-0.006,-0.9302,19,-38.22,True,True,bearish_vol_divergence
BGI,2026-06-04 15:15:00+00:00,2026-06-08 17:00:00+00:00,0.6607,0.639,0.6607,-0.0217,-3.2844,16,0.0,True,True,bearish_vol_divergence
BGI,2026-06-04 15:30:00+00:00,2026-06-08 17:00:00+00:00,0.6255,0.639,0.6442,0.0135,2.1501,15,72.31,True,True,bearish_vol_divergence
BGI,2026-06-04 16:30:00+00:00,2026-06-08 17:00:00+00:00,0.6249,0.639,0.6442,0.0141,2.2483,14,73.17,True,True,bearish_vol_divergence
BGI,2026-06-04 17:45:00+00:00,2026-06-08 17:00:00+00:00,0.6298,0.639,0.6442,0.0092,1.4609,13,64.11,True,True,bearish_vol_divergence
BGI,2026-06-09 19:15:00+00:00,2026-06-11 17:30:00+00:00,0.5671,0.6429,0.664,0.0758,13.3662,33,78.22,True,True,bearish_vol_divergence
BGI,2026-06-10 14:30:00+00:00,2026-06-11 17:30:00+00:00,0.562,0.6429,0.664,0.0809,14.395,30,79.31,True,True,bearish_vol_divergence
BGLC,2026-05-08 15:30:00+00:00,2026-05-18 16:45:00+00:00,2.0503,2.04,2.08,-0.0103,-0.5024,22,-34.68,True,True,bearish_vol_divergence
BGMS,2026-05-13 16:00:00+00:00,2026-05-21 17:00:00+00:00,0.9975,0.9767,1.06,-0.0208,-2.0852,44,-33.28,True,True,bearish_vol_divergence
BGMS,2026-05-13 16:15:00+00:00,2026-05-21 17:00:00+00:00,0.9913,0.9767,1.06,-0.0146,-1.4728,43,-21.25,True,True,bearish_vol_divergence
BGMS,2026-05-13 17:45:00+00:00,2026-05-21 17:00:00+00:00,1.0,0.9767,1.06,-0.0233,-2.33,42,-38.83,True,True,bearish_vol_divergence
BGMS,2026-05-20 16:30:00+00:00,2026-05-22 19:30:00+00:00,0.9718,0.99,1.0,0.0182,1.8728,14,64.54,True,True,bearish_vol_divergence
BGMS,2026-06-03 14:45:00+00:00,2026-06-09 18:30:00+00:00,1.05,0.9198,2.24,-0.1302,-12.4,72,-10.94,True,True,bearish_vol_divergence
BGMS,2026-06-03 19:15:00+00:00,2026-06-09 18:30:00+00:00,1.053,0.9198,2.24,-0.1332,-12.6496,69,-11.22,True,True,bearish_vol_divergence
BGMS,2026-06-04 18:15:00+00:00,2026-06-09 18:30:00+00:00,1.06,0.9198,2.24,-0.1402,-13.2264,64,-11.88,True,True,bearish_vol_divergence
BGMS,2026-06-10 18:45:00+00:00,2026-06-11 18:00:00+00:00,0.89,0.9151,0.9347,0.0251,2.8202,19,56.15,True,True,bearish_vol_divergence
BGMS,2026-06-10 19:45:00+00:00,2026-06-11 18:00:00+00:00,0.9048,0.9151,0.9347,0.0103,1.1384,15,34.45,True,True,bearish_vol_divergence
BGMS,2026-06-11 15:00:00+00:00,2026-06-11 18:00:00+00:00,0.89,0.9151,0.9347,0.0251,2.8202,12,56.15,True,True,bearish_vol_divergence
BGMS,2026-06-18 19:45:00+00:00,2026-06-22 19:45:00+00:00,0.7601,0.6801,0.7799,-0.08,-10.5249,17,-100.0,True,True,end_of_data
BGMS,2026-06-22 14:45:00+00:00,2026-06-22 19:45:00+00:00,0.725,0.6801,0.7302,-0.0449,-6.1931,15,-100.0,True,True,end_of_data
BGMS,2026-06-22 15:00:00+00:00,2026-06-22 19:45:00+00:00,0.7149,0.6801,0.7198,-0.0348,-4.8678,14,-100.0,True,True,end_of_data
BH,2026-05-05 16:00:00+00:00,2026-05-06 15:00:00+00:00,287.15,295.45,298.945,8.3,2.8905,16,70.37,True,True,bearish_vol_divergence
BH,2026-05-15 17:30:00+00:00,2026-05-18 14:45:00+00:00,271.11,269.25,273.61,-1.86,-0.6861,10,-74.4,True,True,bearish_vol_divergence
BH,2026-05-19 19:00:00+00:00,2026-05-20 16:00:00+00:00,272.8,272.645,276.755,-0.155,-0.0568,10,-3.92,True,True,bearish_vol_divergence
BH,2026-05-28 18:45:00+00:00,2026-05-29 15:45:00+00:00,277.0,290.285,293.94,13.285,4.796,10,78.42,True,True,bearish_vol_divergence
BH,2026-05-28 19:45:00+00:00,2026-05-29 16:45:00+00:00,280.94,287.53,293.94,6.59,2.3457,10,50.69,True,True,bearish_vol_divergence
BH,2026-05-29 14:45:00+00:00,2026-05-29 17:15:00+00:00,290.44,291.64,293.94,1.2,0.4132,10,34.29,True,True,bearish_vol_divergence
BH,2026-05-29 16:15:00+00:00,2026-06-02 18:00:00+00:00,289.81,295.61,300.59,5.8,2.0013,48,53.8,True,True,bearish_vol_divergence
BH,2026-05-29 16:30:00+00:00,2026-06-02 18:00:00+00:00,288.285,295.61,300.59,7.325,2.5409,47,59.53,True,True,bearish_vol_divergence
BH,2026-06-02 18:45:00+00:00,2026-06-03 18:00:00+00:00,296.5,295.61,299.02,-0.89,-0.3002,19,-35.32,True,True,bearish_vol_divergence
BH,2026-06-04 19:30:00+00:00,2026-06-08 16:00:00+00:00,293.84,302.975,305.56,9.135,3.1088,26,77.94,True,True,bearish_vol_divergence
BH,2026-06-10 15:00:00+00:00,2026-06-12 17:45:00+00:00,313.65,344.75,348.66,31.1,9.9155,54,88.83,True,True,bearish_vol_divergence
BH,2026-06-10 15:15:00+00:00,2026-06-12 17:45:00+00:00,314.5,344.75,348.66,30.25,9.6184,53,88.55,True,True,bearish_vol_divergence
BH,2026-06-11 16:45:00+00:00,2026-06-12 17:45:00+00:00,321.47,344.75,348.66,23.28,7.2417,26,85.62,True,True,bearish_vol_divergence
BH,2026-06-18 19:30:00+00:00,2026-06-22 16:45:00+00:00,331.535,337.0,340.52,5.465,1.6484,10,60.82,True,True,bearish_vol_divergence
BIAF,2026-05-08 18:30:00+00:00,2026-05-11 17:30:00+00:00,2.05,2.0099,2.065,-0.0401,-1.9561,18,-100.0,True,True,bearish_vol_divergence
BIAF,2026-05-08 19:30:00+00:00,2026-05-11 17:30:00+00:00,2.03,2.0099,2.065,-0.0201,-0.9901,14,-57.43,True,True,bearish_vol_divergence
BIAF,2026-05-08 19:45:00+00:00,2026-05-11 17:30:00+00:00,2.04,2.0099,2.065,-0.0301,-1.4755,13,-100.0,True,True,bearish_vol_divergence
BIAF,2026-05-11 15:15:00+00:00,2026-05-11 17:45:00+00:00,2.0,2.0,2.02,0.0,0.0,10,0.0,True,True,bearish_vol_divergence
BIAF,2026-05-11 18:45:00+00:00,2026-05-12 18:15:00+00:00,2.01,1.9301,2.05,-0.0799,-3.9751,18,-100.0,True,True,bearish_vol_divergence
BIAF,2026-05-11 19:45:00+00:00,2026-05-12 18:15:00+00:00,1.98,1.9301,2.01,-0.0499,-2.5202,14,-100.0,True,True,bearish_vol_divergence
BIAF,2026-05-13 18:15:00+00:00,2026-05-15 17:45:00+00:00,1.88,1.9,2.0,0.02,1.0638,42,16.67,True,True,bearish_vol_divergence
BIAF,2026-05-14 14:30:00+00:00,2026-05-15 17:45:00+00:00,1.921,1.9,2.0,-0.021,-1.0932,35,-26.58,True,True,bearish_vol_divergence
BIAF,2026-05-14 15:15:00+00:00,2026-05-15 17:45:00+00:00,1.92,1.9,2.0,-0.02,-1.0417,32,-25.0,True,True,bearish_vol_divergence
BIAF,2026-05-15 19:00:00+00:00,2026-05-19 15:45:00+00:00,1.9,1.76,1.92,-0.14,-7.3684,31,-100.0,True,True,bearish_vol_divergence
BIAF,2026-05-19 15:45:00+00:00,2026-05-19 18:45:00+00:00,1.76,1.7436,1.76,-0.0164,-0.9318,11,0.0,True,True,bearish_vol_divergence
BIAF,2026-05-19 16:00:00+00:00,2026-05-19 18:45:00+00:00,1.76,1.7436,1.76,-0.0164,-0.9318,10,0.0,True,True,bearish_vol_divergence
BIAF,2026-05-19 16:15:00+00:00,2026-05-20 14:30:00+00:00,1.7436,1.7401,1.76,-0.0035,-0.2007,12,-21.34,True,True,bearish_vol_divergence
BIAF,2026-05-28 19:15:00+00:00,2026-06-01 17:30:00+00:00,1.68,1.75,1.82,0.07,4.1667,33,50.0,True,True,bearish_vol_divergence
BIAF,2026-06-04 15:30:00+00:00,2026-06-04 18:00:00+00:00,1.79,1.88,1.89,0.09,5.0279,10,90.0,True,True,bearish_vol_divergence
BIAF,2026-06-17 19:30:00+00:00,2026-06-22 16:30:00+00:00,0.8483,0.83,0.87,-0.0183,-2.1573,32,-84.33,True,True,bearish_vol_divergence
BIAF,2026-06-22 18:45:00+00:00,2026-06-22 19:45:00+00:00,0.8388,0.8347,0.84,-0.0041,-0.4888,4,0.0,True,True,end_of_data
BIAF,2026-06-22 19:00:00+00:00,2026-06-22 19:45:00+00:00,0.8399,0.8347,0.8399,-0.0052,-0.6191,3,0.0,True,True,end_of_data
BIYA,2026-04-29 16:45:00+00:00,2026-05-04 19:30:00+00:00,1.6,1.28,2.38,-0.32,-20.0,77,-41.03,True,True,bearish_vol_divergence
BIYA,2026-05-06 18:30:00+00:00,2026-05-08 19:45:00+00:00,1.17,1.06,1.2499,-0.11,-9.4017,49,-100.0,True,True,bearish_vol_divergence
BIYA,2026-05-06 19:00:00+00:00,2026-05-08 19:45:00+00:00,1.1701,1.06,1.2499,-0.1101,-9.4095,47,-100.0,True,True,bearish_vol_divergence
BIYA,2026-05-06 19:45:00+00:00,2026-05-08 19:45:00+00:00,1.179,1.06,1.2499,-0.119,-10.0933,44,-100.0,True,True,bearish_vol_divergence
BIYA,2026-05-07 15:45:00+00:00,2026-05-08 19:45:00+00:00,1.2136,1.06,1.2499,-0.1536,-12.6566,38,-100.0,True,True,bearish_vol_divergence
BIYA,2026-05-07 16:00:00+00:00,2026-05-08 19:45:00+00:00,1.245,1.06,1.2499,-0.185,-14.8594,37,0.0,True,True,bearish_vol_divergence
BIYA,2026-05-07 16:15:00+00:00,2026-05-08 19:45:00+00:00,1.19,1.06,1.2499,-0.13,-10.9244,36,-100.0,True,True,bearish_vol_divergence
BIYA,2026-05-12 18:45:00+00:00,2026-05-13 17:00:00+00:00,0.8339,0.8081,0.8699,-0.0258,-3.0939,15,-71.67,True,True,bearish_vol_divergence
BIYA,2026-05-13 15:30:00+00:00,2026-05-13 19:00:00+00:00,0.8125,0.8145,0.8145,0.002,0.2462,13,0.0,True,True,bearish_vol_divergence
BIYA,2026-05-18 19:00:00+00:00,2026-05-19 17:00:00+00:00,0.9343,0.8,0.96,-0.1343,-14.3744,14,-100.0,True,True,bearish_vol_divergence
BIYA,2026-05-18 19:30:00+00:00,2026-05-19 17:00:00+00:00,0.9441,0.8,0.96,-0.1441,-15.2632,12,-100.0,True,True,bearish_vol_divergence
BIYA,2026-05-27 19:15:00+00:00,2026-05-29 17:45:00+00:00,1.18,1.0097,1.28,-0.1703,-14.4322,38,-100.0,True,True,bearish_vol_divergence
BIYA,2026-05-27 19:45:00+00:00,2026-05-29 17:45:00+00:00,1.235,1.0097,1.28,-0.2253,-18.2429,36,-100.0,True,True,bearish_vol_divergence
BIYA,2026-05-28 17:00:00+00:00,2026-05-29 17:45:00+00:00,1.06,1.0097,1.27,-0.0503,-4.7453,25,-23.95,True,True,bearish_vol_divergence
BIYA,2026-05-28 19:00:00+00:00,2026-05-29 17:45:00+00:00,1.07,1.0097,1.0887,-0.0603,-5.6355,17,-100.0,True,True,bearish_vol_divergence
BIYA,2026-06-08 19:45:00+00:00,2026-06-10 14:45:00+00:00,0.7999,0.8998,0.95,0.0999,12.4891,24,66.56,True,True,bearish_vol_divergence
BIYA,2026-06-09 14:30:00+00:00,2026-06-10 14:45:00+00:00,0.9137,0.8998,0.95,-0.0139,-1.5213,23,-38.29,True,True,bearish_vol_divergence
BIYA,2026-06-09 14:45:00+00:00,2026-06-10 14:45:00+00:00,0.91,0.8998,0.945,-0.0102,-1.1209,22,-29.14,True,True,bearish_vol_divergence
BIYA,2026-06-09 16:45:00+00:00,2026-06-10 14:45:00+00:00,0.891,0.8998,0.9198,0.0088,0.9877,14,30.56,True,True,bearish_vol_divergence
BIYA,2026-06-22 18:45:00+00:00,2026-06-22 19:45:00+00:00,0.4043,0.3966,0.4055,-0.0077,-1.9045,4,0.0,True,True,end_of_data
BJDX,2026-06-01 14:45:00+00:00,2026-06-01 17:45:00+00:00,2.07,2.175,2.19,0.105,5.0725,10,87.5,True,True,bearish_vol_divergence
BJDX,2026-06-10 15:15:00+00:00,2026-06-10 19:00:00+00:00,4.4,4.31,4.6,-0.09,-2.0455,15,-45.0,True,True,bearish_vol_divergence
BJDX,2026-06-10 15:30:00+00:00,2026-06-10 19:00:00+00:00,4.23,4.31,4.39,0.08,1.8913,14,50.0,True,True,bearish_vol_divergence
BJDX,2026-06-11 15:30:00+00:00,2026-06-11 18:45:00+00:00,4.43,4.515,4.515,0.085,1.9187,10,100.0,True,True,bearish_vol_divergence
BJDX,2026-06-11 16:00:00+00:00,2026-06-11 19:15:00+00:00,4.49,4.52,4.5499,0.03,0.6682,10,50.08,True,True,bearish_vol_divergence
BKTI,2026-04-30 18:45:00+00:00,2026-05-01 19:45:00+00:00,95.18,95.4,97.51,0.22,0.2311,18,9.44,True,True,bearish_vol_divergence
BKTI,2026-05-04 18:45:00+00:00,2026-05-06 18:15:00+00:00,94.46,94.175,96.87,-0.285,-0.3017,24,-11.83,True,True,bearish_vol_divergence
BKTI,2026-05-07 14:30:00+00:00,2026-05-11 16:30:00+00:00,95.27,96.215,96.805,0.945,0.9919,30,61.56,True,True,bearish_vol_divergence
BKTI,2026-05-08 19:45:00+00:00,2026-05-11 18:45:00+00:00,94.96,96.19,97.81,1.23,1.2953,14,43.16,True,True,bearish_vol_divergence
BKTI,2026-05-20 14:45:00+00:00,2026-05-22 15:45:00+00:00,83.01,83.4,84.745,0.39,0.4698,24,22.48,True,True,bearish_vol_divergence
BKTI,2026-05-20 15:00:00+00:00,2026-05-22 15:45:00+00:00,84.745,83.4,84.745,-1.345,-1.5871,23,0.0,True,True,bearish_vol_divergence
BKTI,2026-05-29 15:15:00+00:00,2026-06-01 14:30:00+00:00,83.77,83.495,83.77,-0.275,-0.3283,15,0.0,True,True,bearish_vol_divergence
BKTI,2026-06-01 15:00:00+00:00,2026-06-01 19:45:00+00:00,84.22,82.01,84.34,-2.21,-2.6241,16,0.0,True,True,bearish_vol_divergence
BKTI,2026-06-03 16:00:00+00:00,2026-06-04 14:30:00+00:00,82.28,82.76,82.92,0.48,0.5834,12,75.0,True,True,bearish_vol_divergence
BKTI,2026-06-03 18:00:00+00:00,2026-06-04 15:45:00+00:00,82.55,82.63,83.13,0.08,0.0969,10,13.79,True,True,bearish_vol_divergence
BKTI,2026-06-10 16:15:00+00:00,2026-06-11 14:45:00+00:00,80.24,81.0,82.0,0.76,0.9472,10,43.18,True,True,bearish_vol_divergence
BKTI,2026-06-10 16:45:00+00:00,2026-06-11 15:15:00+00:00,80.67,82.32,82.32,1.65,2.0454,10,100.0,True,True,bearish_vol_divergence
BKTI,2026-06-10 17:00:00+00:00,2026-06-11 15:45:00+00:00,80.79,82.12,82.32,1.33,1.6462,10,86.93,True,True,bearish_vol_divergence
BLIN,2026-04-22 13:45:00+00:00,2026-04-23 12:45:00+00:00,0.8706,0.9709,0.9797,0.1003,11.5208,22,91.93,True,True,bearish_vol_divergence
BLIN,2026-04-27 23:45:00+00:00,2026-04-30 23:30:00+00:00,0.98,1.0,1.0499,0.02,2.0408,42,28.61,True,True,bearish_vol_divergence
BLIN,2026-04-29 14:00:00+00:00,2026-04-30 23:30:00+00:00,0.955,1.0,1.0455,0.045,4.712,26,49.72,True,True,bearish_vol_divergence
BLIN,2026-04-29 14:15:00+00:00,2026-04-30 23:30:00+00:00,0.9551,1.0,1.0455,0.0449,4.7011,25,49.67,True,True,bearish_vol_divergence
BLIN,2026-05-12 14:45:00+00:00,2026-05-13 08:00:00+00:00,0.9449,0.9409,0.9464,-0.004,-0.4233,13,0.0,True,True,bearish_vol_divergence
BLIN,2026-06-02 18:00:00+00:00,2026-06-04 19:15:00+00:00,1.22,1.19,1.3,-0.03,-2.459,28,-37.5,True,True,bearish_vol_divergence
BLIN,2026-06-03 18:00:00+00:00,2026-06-04 19:15:00+00:00,1.2,1.19,1.2225,-0.01,-0.8333,15,-44.44,True,True,bearish_vol_divergence
BLIN,2026-06-12 15:15:00+00:00,2026-06-15 18:00:00+00:00,1.1301,1.03,1.1399,-0.1001,-8.8576,25,-100.0,True,True,bearish_vol_divergence
BLIN,2026-06-12 18:15:00+00:00,2026-06-15 18:00:00+00:00,1.0348,1.03,1.1,-0.0048,-0.4639,19,-7.36,True,True,bearish_vol_divergence
BLIN,2026-06-12 20:00:00+00:00,2026-06-15 18:00:00+00:00,1.03,1.03,1.1,-0.0,-0.0,15,-0.0,True,True,bearish_vol_divergence
BLIN,2026-06-12 21:15:00+00:00,2026-06-15 18:00:00+00:00,1.1,1.03,1.1,-0.07,-6.3636,14,0.0,True,True,bearish_vol_divergence
BLIN,2026-06-16 12:15:00+00:00,2026-06-16 20:00:00+00:00,1.0399,1.04,1.179,0.0001,0.0096,17,0.07,True,True,bearish_vol_divergence
BLRX,2026-05-22 19:30:00+00:00,2026-05-28 18:45:00+00:00,3.0022,3.74,3.86,0.7378,24.5753,50,86.01,True,True,bearish_vol_divergence
BLRX,2026-06-02 16:00:00+00:00,2026-06-03 18:00:00+00:00,3.28,3.39,3.41,0.11,3.3537,17,84.62,True,True,bearish_vol_divergence
BLRX,2026-06-03 15:00:00+00:00,2026-06-04 19:15:00+00:00,3.4,3.27,3.4,-0.13,-3.8235,18,0.0,True,True,bearish_vol_divergence
BLRX,2026-06-03 17:15:00+00:00,2026-06-04 19:15:00+00:00,3.36,3.27,3.4,-0.09,-2.6786,14,-100.0,True,True,bearish_vol_divergence
BLRX,2026-06-03 18:15:00+00:00,2026-06-04 19:15:00+00:00,3.35,3.27,3.37,-0.08,-2.3881,12,-100.0,True,True,bearish_vol_divergence
BLRX,2026-06-04 14:30:00+00:00,2026-06-10 16:45:00+00:00,3.2,3.24,3.4799,0.04,1.25,35,14.29,True,True,bearish_vol_divergence
BLRX,2026-06-04 19:30:00+00:00,2026-06-10 16:45:00+00:00,3.28,3.24,3.4799,-0.04,-1.2195,26,-20.01,True,True,bearish_vol_divergence
BNAI,2026-04-30 15:30:00+00:00,2026-05-04 18:00:00+00:00,28.73,24.84,29.3863,-3.89,-13.5399,54,-100.0,True,True,bearish_vol_divergence
BNAI,2026-05-05 19:00:00+00:00,2026-05-11 18:15:00+00:00,21.72,24.675,25.21,2.955,13.605,84,84.67,True,True,bearish_vol_divergence
BNAI,2026-05-05 19:15:00+00:00,2026-05-11 18:15:00+00:00,21.92,24.675,25.21,2.755,12.5684,83,83.74,True,True,bearish_vol_divergence
BNAI,2026-05-08 18:30:00+00:00,2026-05-11 18:15:00+00:00,22.16,24.675,25.21,2.515,11.3493,21,82.46,True,True,bearish_vol_divergence
BNAI,2026-05-14 19:30:00+00:00,2026-05-15 18:00:00+00:00,23.34,22.3,23.52,-1.04,-4.4559,16,-100.0,True,True,bearish_vol_divergence
BNAI,2026-05-22 19:45:00+00:00,2026-05-26 17:00:00+00:00,18.6257,19.67,19.8539,1.0443,5.6068,11,85.03,True,True,bearish_vol_divergence
BNAI,2026-05-26 14:45:00+00:00,2026-05-26 17:30:00+00:00,18.5701,19.49,19.8539,0.9199,4.9537,11,71.65,True,True,bearish_vol_divergence
BNAI,2026-05-26 15:00:00+00:00,2026-05-26 17:30:00+00:00,18.55,19.49,19.8539,0.94,5.0674,10,72.09,True,True,bearish_vol_divergence
BNAI,2026-05-26 17:45:00+00:00,2026-05-28 18:00:00+00:00,20.1,15.84,20.1,-4.26,-21.194,45,0.0,True,True,bearish_vol_divergence
BNAI,2026-06-01 18:45:00+00:00,2026-06-04 14:30:00+00:00,14.0376,15.65,16.81,1.6124,11.4863,48,58.16,True,True,bearish_vol_divergence
BNAI,2026-06-04 18:00:00+00:00,2026-06-10 15:00:00+00:00,16.3079,20.61,30.8999,4.3021,26.3805,75,29.48,True,True,bearish_vol_divergence
BNAI,2026-06-16 17:45:00+00:00,2026-06-18 17:30:00+00:00,20.39,19.59,22.02,-0.8,-3.9235,42,-49.08,True,True,bearish_vol_divergence
BNAI,2026-06-18 19:00:00+00:00,2026-06-22 17:30:00+00:00,19.55,19.4101,20.3,-0.1399,-0.7156,16,-18.65,True,True,bearish_vol_divergence
BNAI,2026-06-18 19:45:00+00:00,2026-06-22 17:30:00+00:00,19.9,19.4101,20.3,-0.4899,-2.4618,13,-100.0,True,True,bearish_vol_divergence
BNBX,2026-05-20 16:15:00+00:00,2026-05-21 18:15:00+00:00,0.4131,0.3897,0.425,-0.0234,-5.6645,26,-100.0,True,True,bearish_vol_divergence
BNBX,2026-05-20 16:30:00+00:00,2026-05-21 18:15:00+00:00,0.4175,0.3897,0.425,-0.0278,-6.6587,25,-100.0,True,True,bearish_vol_divergence
BNBX,2026-05-20 16:45:00+00:00,2026-05-21 18:15:00+00:00,0.425,0.3897,0.425,-0.0353,-8.3059,24,0.0,True,True,bearish_vol_divergence
BNBX,2026-05-27 16:15:00+00:00,2026-05-29 18:30:00+00:00,0.4141,0.418,0.4572,0.0039,0.9418,43,9.05,True,True,bearish_vol_divergence
BNBX,2026-06-03 16:15:00+00:00,2026-06-08 15:15:00+00:00,0.4801,0.5275,0.57,0.0474,9.8729,39,52.73,True,True,bearish_vol_divergence
BNBX,2026-06-03 17:30:00+00:00,2026-06-08 15:15:00+00:00,0.4801,0.5275,0.57,0.0474,9.8729,38,52.73,True,True,bearish_vol_divergence
BNBX,2026-06-03 19:45:00+00:00,2026-06-08 15:15:00+00:00,0.48,0.5275,0.57,0.0475,9.8958,35,52.78,True,True,bearish_vol_divergence
BNED,2026-04-02 18:30:00+00:00,2026-04-06 18:00:00+00:00,8.9,9.45,9.52,0.55,6.1798,19,88.71,True,True,bearish_vol_divergence
BNED,2026-04-07 19:00:00+00:00,2026-04-08 19:15:00+00:00,9.5821,9.68,9.77,0.0979,1.0217,23,52.1,True,True,bearish_vol_divergence
BNED,2026-04-07 19:15:00+00:00,2026-04-08 19:15:00+00:00,9.69,9.68,9.77,-0.01,-0.1032,22,-12.5,True,True,bearish_vol_divergence
BNED,2026-04-15 17:15:00+00:00,2026-04-16 16:30:00+00:00,10.155,10.3094,10.3521,0.1544,1.5204,19,78.34,True,True,bearish_vol_divergence
BNED,2026-04-15 17:45:00+00:00,2026-04-16 16:30:00+00:00,10.13,10.3094,10.3521,0.1794,1.771,17,80.77,True,True,bearish_vol_divergence
BNED,2026-04-15 18:00:00+00:00,2026-04-16 16:30:00+00:00,10.12,10.3094,10.3521,0.1894,1.8715,16,81.6,True,True,bearish_vol_divergence
BNED,2026-04-16 16:30:00+00:00,2026-04-16 19:00:00+00:00,10.3094,10.235,10.32,-0.0744,-0.7217,10,0.0,True,True,bearish_vol_divergence
BNED,2026-04-16 17:00:00+00:00,2026-04-17 19:45:00+00:00,10.15,11.08,11.265,0.93,9.1626,33,83.41,True,True,bearish_vol_divergence
BNED,2026-04-16 17:15:00+00:00,2026-04-17 19:45:00+00:00,10.18,11.08,11.265,0.9,8.8409,32,82.95,True,True,bearish_vol_divergence
BNED,2026-04-16 17:30:00+00:00,2026-04-17 19:45:00+00:00,10.19,11.08,11.265,0.89,8.7341,31,82.79,True,True,bearish_vol_divergence
BNED,2026-04-17 15:30:00+00:00,2026-04-17 19:45:00+00:00,11.05,11.08,11.155,0.03,0.2715,17,28.57,True,True,bearish_vol_divergence
BNED,2026-04-24 18:15:00+00:00,2026-04-27 19:30:00+00:00,10.895,10.52,10.905,-0.375,-3.4419,27,0.0,True,True,bearish_vol_divergence
BNED,2026-04-24 18:30:00+00:00,2026-04-27 19:30:00+00:00,10.905,10.52,10.905,-0.385,-3.5305,26,0.0,True,True,bearish_vol_divergence
BNED,2026-04-30 18:00:00+00:00,2026-05-01 18:30:00+00:00,9.61,10.3,10.42,0.69,7.18,24,85.19,True,True,bearish_vol_divergence
BNED,2026-05-01 14:45:00+00:00,2026-05-01 18:30:00+00:00,10.25,10.3,10.42,0.05,0.4878,15,29.41,True,True,bearish_vol_divergence
BNED,2026-05-01 15:45:00+00:00,2026-05-01 18:30:00+00:00,10.31,10.3,10.42,-0.01,-0.097,11,-9.09,True,True,bearish_vol_divergence
BNED,2026-05-05 19:15:00+00:00,2026-05-06 16:15:00+00:00,10.05,10.35,10.43,0.3,2.9851,10,78.95,True,True,bearish_vol_divergence
BNED,2026-05-05 19:30:00+00:00,2026-05-06 16:30:00+00:00,10.215,10.38,10.43,0.165,1.6153,10,76.74,True,True,bearish_vol_divergence
BNED,2026-05-11 16:15:00+00:00,2026-05-12 17:15:00+00:00,10.53,10.155,10.625,-0.375,-3.5613,26,-100.0,True,True,bearish_vol_divergence
BNED,2026-05-11 16:30:00+00:00,2026-05-12 17:15:00+00:00,10.53,10.155,10.625,-0.375,-3.5613,25,-100.0,True,True,bearish_vol_divergence
BNED,2026-05-11 17:30:00+00:00,2026-05-12 17:15:00+00:00,10.6,10.155,10.625,-0.445,-4.1981,21,0.0,True,True,bearish_vol_divergence
BNED,2026-05-11 18:30:00+00:00,2026-05-12 17:15:00+00:00,10.51,10.155,10.51,-0.355,-3.3777,17,0.0,True,True,bearish_vol_divergence
BNED,2026-05-11 18:45:00+00:00,2026-05-12 17:15:00+00:00,10.485,10.155,10.5068,-0.33,-3.1474,16,0.0,True,True,bearish_vol_divergence
BNED,2026-05-18 14:45:00+00:00,2026-05-19 16:00:00+00:00,8.9,8.98,9.175,0.08,0.8989,27,29.09,True,True,bearish_vol_divergence
BNED,2026-05-18 16:45:00+00:00,2026-05-19 16:00:00+00:00,8.94,8.98,9.175,0.04,0.4474,19,17.02,True,True,bearish_vol_divergence
BNED,2026-05-18 17:00:00+00:00,2026-05-19 16:00:00+00:00,9.0,8.98,9.175,-0.02,-0.2222,18,-11.43,True,True,bearish_vol_divergence
BNED,2026-05-18 19:15:00+00:00,2026-05-20 19:45:00+00:00,8.9,8.99,9.175,0.09,1.0112,46,32.73,True,True,bearish_vol_divergence
BNED,2026-05-21 15:15:00+00:00,2026-05-22 15:15:00+00:00,8.895,9.18,9.31,0.285,3.204,22,68.67,True,True,bearish_vol_divergence
BNED,2026-05-21 15:30:00+00:00,2026-05-22 15:15:00+00:00,8.9,9.18,9.31,0.28,3.1461,21,68.29,True,True,bearish_vol_divergence
BNED,2026-06-03 19:30:00+00:00,2026-06-04 16:30:00+00:00,10.26,10.52,10.535,0.26,2.5341,10,94.55,True,True,bearish_vol_divergence
BNED,2026-06-04 18:00:00+00:00,2026-06-05 18:45:00+00:00,10.5,10.3518,10.75,-0.1482,-1.4114,24,-59.28,True,True,bearish_vol_divergence
BNED,2026-06-05 19:30:00+00:00,2026-06-08 18:00:00+00:00,10.24,10.45,10.605,0.21,2.0508,16,57.53,True,True,bearish_vol_divergence
BNED,2026-06-05 19:45:00+00:00,2026-06-08 18:00:00+00:00,10.37,10.45,10.605,0.08,0.7715,15,34.04,True,True,bearish_vol_divergence
BNKK,2026-04-30 16:15:00+00:00,2026-04-30 19:30:00+00:00,2.5101,2.5605,2.5605,0.0504,2.0079,10,100.0,True,True,bearish_vol_divergence
BNKK,2026-04-30 16:30:00+00:00,2026-05-04 19:45:00+00:00,2.51,2.51,2.62,0.0,0.0,45,0.0,True,True,bearish_vol_divergence
BNKK,2026-04-30 17:15:00+00:00,2026-05-04 19:45:00+00:00,2.51,2.51,2.62,0.0,0.0,42,0.0,True,True,bearish_vol_divergence
BNKK,2026-04-30 18:00:00+00:00,2026-05-04 19:45:00+00:00,2.55,2.51,2.62,-0.04,-1.5686,39,-57.14,True,True,bearish_vol_divergence
BNKK,2026-04-30 19:00:00+00:00,2026-05-04 19:45:00+00:00,2.5403,2.51,2.62,-0.0303,-1.1928,37,-38.02,True,True,bearish_vol_divergence
BNKK,2026-04-30 19:45:00+00:00,2026-05-04 19:45:00+00:00,2.595,2.51,2.62,-0.085,-3.2755,35,-100.0,True,True,bearish_vol_divergence
BNKK,2026-05-01 15:15:00+00:00,2026-05-04 19:45:00+00:00,2.565,2.51,2.59,-0.055,-2.1443,33,-100.0,True,True,bearish_vol_divergence
BNKK,2026-05-01 16:15:00+00:00,2026-05-04 19:45:00+00:00,2.5399,2.51,2.59,-0.0299,-1.1772,29,-59.68,True,True,bearish_vol_divergence
BNKK,2026-05-11 18:15:00+00:00,2026-05-13 17:15:00+00:00,2.395,2.195,2.41,-0.2,-8.3507,38,-100.0,True,True,bearish_vol_divergence
BNKK,2026-05-13 14:30:00+00:00,2026-05-13 17:15:00+00:00,2.19,2.195,2.21,0.005,0.2283,11,25.0,True,True,bearish_vol_divergence
BNKK,2026-05-21 18:30:00+00:00,2026-05-22 18:00:00+00:00,1.9353,1.91,1.99,-0.0253,-1.3073,20,-46.25,True,True,bearish_vol_divergence
BNKK,2026-05-21 18:45:00+00:00,2026-05-22 18:00:00+00:00,1.96,1.91,1.99,-0.05,-2.551,19,-100.0,True,True,bearish_vol_divergence
BNKK,2026-06-01 17:45:00+00:00,2026-06-02 16:15:00+00:00,1.88,1.93,1.95,0.05,2.6596,15,71.43,True,True,bearish_vol_divergence
BNKK,2026-06-04 18:00:00+00:00,2026-06-05 17:30:00+00:00,1.7299,1.62,1.8,-0.1099,-6.353,20,-100.0,True,True,bearish_vol_divergence
BNKK,2026-06-04 18:30:00+00:00,2026-06-05 17:30:00+00:00,1.73,1.62,1.8,-0.11,-6.3584,18,-100.0,True,True,bearish_vol_divergence
BNKK,2026-06-09 18:00:00+00:00,2026-06-10 16:45:00+00:00,1.465,1.4298,1.47,-0.0352,-2.4027,17,0.0,True,True,bearish_vol_divergence
BNKK,2026-06-09 18:15:00+00:00,2026-06-10 16:45:00+00:00,1.465,1.4298,1.47,-0.0352,-2.4027,16,0.0,True,True,bearish_vol_divergence
BNRG,2026-04-30 18:15:00+00:00,2026-05-04 16:15:00+00:00,2.3703,2.67,2.73,0.2997,12.644,26,83.32,True,True,bearish_vol_divergence
BNRG,2026-04-30 19:15:00+00:00,2026-05-04 16:15:00+00:00,2.3499,2.67,2.73,0.3201,13.6219,22,84.21,True,True,bearish_vol_divergence
BNRG,2026-05-01 15:30:00+00:00,2026-05-04 16:15:00+00:00,2.38,2.67,2.73,0.29,12.1849,15,82.86,True,True,bearish_vol_divergence
BNRG,2026-05-01 15:45:00+00:00,2026-05-04 16:15:00+00:00,2.41,2.67,2.73,0.26,10.7884,14,81.25,True,True,bearish_vol_divergence
BNRG,2026-05-01 16:30:00+00:00,2026-05-04 16:15:00+00:00,2.43,2.67,2.73,0.24,9.8765,11,80.0,True,True,bearish_vol_divergence
BNRG,2026-05-01 16:45:00+00:00,2026-05-04 16:15:00+00:00,2.451,2.67,2.73,0.219,8.9351,10,78.49,True,True,bearish_vol_divergence
BNRG,2026-05-18 19:15:00+00:00,2026-05-20 19:00:00+00:00,1.63,1.61,1.71,-0.02,-1.227,23,-25.0,True,True,bearish_vol_divergence
BNRG,2026-06-08 15:45:00+00:00,2026-06-09 19:15:00+00:00,1.28,1.1701,1.39,-0.1099,-8.5859,36,-99.91,True,True,bearish_vol_divergence
BNRG,2026-06-08 16:00:00+00:00,2026-06-09 19:15:00+00:00,1.2805,1.1701,1.39,-0.1104,-8.6216,35,-100.0,True,True,bearish_vol_divergence
BNRG,2026-06-11 19:00:00+00:00,2026-06-12 19:15:00+00:00,1.41,1.21,1.42,-0.2,-14.1844,22,-100.0,True,True,bearish_vol_divergence
BNRG,2026-06-15 15:00:00+00:00,2026-06-16 19:00:00+00:00,1.285,1.1984,1.67,-0.0866,-6.7393,35,-22.49,True,True,bearish_vol_divergence
BNRG,2026-06-15 16:15:00+00:00,2026-06-16 19:00:00+00:00,1.25,1.1984,1.67,-0.0516,-4.128,31,-12.29,True,True,bearish_vol_divergence
BNRG,2026-06-16 19:45:00+00:00,2026-06-17 18:00:00+00:00,1.185,1.2504,1.28,0.0654,5.519,15,68.84,True,True,bearish_vol_divergence
BNRG,2026-06-17 15:00:00+00:00,2026-06-17 18:00:00+00:00,1.212,1.2504,1.28,0.0384,3.1683,12,56.47,True,True,bearish_vol_divergence
BNRG,2026-06-17 16:00:00+00:00,2026-06-17 19:00:00+00:00,1.24,1.25,1.28,0.01,0.8065,11,25.0,True,True,bearish_vol_divergence
BNRG,2026-06-17 16:30:00+00:00,2026-06-18 18:45:00+00:00,1.245,1.19,1.29,-0.055,-4.4177,28,-100.0,True,True,bearish_vol_divergence
BNZI,2026-04-28 18:45:00+00:00,2026-04-29 19:00:00+00:00,7.88,6.52,7.998,-1.36,-17.2589,23,-100.0,True,True,bearish_vol_divergence
BNZI,2026-04-28 19:00:00+00:00,2026-04-29 19:00:00+00:00,7.938,6.52,7.998,-1.418,-17.8634,22,-100.0,True,True,bearish_vol_divergence
BNZI,2026-05-01 19:15:00+00:00,2026-05-14 14:30:00+00:00,6.132,5.3025,7.688,-0.8295,-13.5274,179,-53.31,True,True,bearish_vol_divergence
BNZI,2026-05-01 19:30:00+00:00,2026-05-14 14:30:00+00:00,6.06,5.3025,7.688,-0.7575,-12.5,178,-46.53,True,True,bearish_vol_divergence
BNZI,2026-05-01 19:45:00+00:00,2026-05-14 14:30:00+00:00,6.09,5.3025,7.688,-0.7875,-12.931,177,-49.28,True,True,bearish_vol_divergence
BNZI,2026-05-04 18:00:00+00:00,2026-05-14 14:30:00+00:00,6.994,5.3025,7.688,-1.6915,-24.185,162,-100.0,True,True,bearish_vol_divergence
BNZI,2026-05-06 18:30:00+00:00,2026-05-14 14:30:00+00:00,4.17,5.3025,7.688,1.1325,27.1583,116,32.19,True,True,bearish_vol_divergence
BNZI,2026-05-06 18:45:00+00:00,2026-05-14 14:30:00+00:00,4.218,5.3025,7.688,1.0845,25.7112,115,31.25,True,True,bearish_vol_divergence
BNZI,2026-05-06 19:00:00+00:00,2026-05-14 14:30:00+00:00,4.41,5.3025,7.688,0.8925,20.2381,114,27.23,True,True,bearish_vol_divergence
BNZI,2026-05-07 14:30:00+00:00,2026-05-14 14:30:00+00:00,5.508,5.3025,7.688,-0.2055,-3.7309,110,-9.43,True,True,bearish_vol_divergence
BNZI,2026-05-07 14:45:00+00:00,2026-05-14 14:30:00+00:00,5.546,5.3025,7.688,-0.2435,-4.3906,109,-11.37,True,True,bearish_vol_divergence
BNZI,2026-05-07 15:00:00+00:00,2026-05-14 14:30:00+00:00,5.578,5.3025,7.688,-0.2755,-4.9391,108,-13.06,True,True,bearish_vol_divergence
BNZI,2026-05-13 15:45:00+00:00,2026-05-14 14:30:00+00:00,5.14,5.3025,5.4205,0.1625,3.1615,17,57.93,True,True,bearish_vol_divergence
BNZI,2026-05-13 16:30:00+00:00,2026-05-14 14:30:00+00:00,5.152,5.3025,5.4205,0.1505,2.9212,14,56.05,True,True,bearish_vol_divergence
BNZI,2026-05-14 17:15:00+00:00,2026-05-15 18:45:00+00:00,5.805,6.15,6.9399,0.345,5.9432,28,30.4,True,True,bearish_vol_divergence
BNZI,2026-05-21 14:45:00+00:00,2026-05-21 17:45:00+00:00,3.31,3.4502,3.55,0.1402,4.2357,12,58.42,True,True,bearish_vol_divergence
BNZI,2026-05-21 15:00:00+00:00,2026-05-21 17:45:00+00:00,3.34,3.4502,3.55,0.1102,3.2994,11,52.48,True,True,bearish_vol_divergence
BNZI,2026-05-21 15:30:00+00:00,2026-05-21 19:00:00+00:00,3.3199,3.5,3.72,0.1801,5.4249,14,45.01,True,True,bearish_vol_divergence
BNZI,2026-05-27 19:30:00+00:00,2026-05-28 17:00:00+00:00,3.48,3.5621,3.6391,0.0821,2.3592,12,51.6,True,True,bearish_vol_divergence
BNZI,2026-06-05 19:45:00+00:00,2026-06-08 19:00:00+00:00,2.9994,3.345,3.4,0.3456,11.5223,19,86.27,True,True,bearish_vol_divergence
BNZI,2026-06-08 14:30:00+00:00,2026-06-08 19:00:00+00:00,3.13,3.345,3.4,0.215,6.869,18,79.63,True,True,bearish_vol_divergence
BNZI,2026-06-17 15:30:00+00:00,2026-06-22 19:30:00+00:00,3.1,3.2008,3.82,0.1008,3.2516,60,14.0,True,True,bearish_vol_divergence
BNZI,2026-06-17 16:15:00+00:00,2026-06-22 19:30:00+00:00,3.178,3.2008,3.82,0.0228,0.7174,57,3.55,True,True,bearish_vol_divergence
BNZI,2026-06-17 17:00:00+00:00,2026-06-22 19:30:00+00:00,3.19,3.2008,3.82,0.0108,0.3386,54,1.71,True,True,bearish_vol_divergence
BODI,2026-05-01 15:15:00+00:00,2026-05-05 14:30:00+00:00,16.32,14.2299,16.79,-2.0901,-12.807,37,-100.0,True,True,bearish_vol_divergence
BODI,2026-05-01 17:00:00+00:00,2026-05-05 14:30:00+00:00,16.265,14.2299,16.56,-2.0351,-12.5121,31,-100.0,True,True,bearish_vol_divergence
BODI,2026-05-01 17:15:00+00:00,2026-05-05 14:30:00+00:00,16.53,14.2299,16.56,-2.3001,-13.9147,30,0.0,True,True,bearish_vol_divergence
BODI,2026-05-04 19:15:00+00:00,2026-05-05 16:15:00+00:00,13.625,14.46,14.5799,0.835,6.1284,10,87.44,True,True,bearish_vol_divergence
BODI,2026-05-04 19:30:00+00:00,2026-05-07 19:15:00+00:00,13.725,13.95,15.26,0.225,1.6393,48,14.66,True,True,bearish_vol_divergence
BODI,2026-05-05 14:45:00+00:00,2026-05-07 19:15:00+00:00,14.22,13.95,15.26,-0.27,-1.8987,45,-25.96,True,True,bearish_vol_divergence
BODI,2026-05-05 17:45:00+00:00,2026-05-07 19:15:00+00:00,14.78,13.95,15.26,-0.83,-5.6157,35,-100.0,True,True,bearish_vol_divergence
BODI,2026-05-08 14:45:00+00:00,2026-05-08 17:45:00+00:00,13.66,13.79,14.02,0.13,0.9517,10,36.11,True,True,bearish_vol_divergence
BODI,2026-05-08 15:00:00+00:00,2026-05-08 19:00:00+00:00,13.78,13.66,14.02,-0.12,-0.8708,14,-50.0,True,True,bearish_vol_divergence
BODI,2026-05-08 16:00:00+00:00,2026-05-08 19:00:00+00:00,13.765,13.66,14.02,-0.105,-0.7628,11,-41.18,True,True,bearish_vol_divergence
BODI,2026-05-13 15:15:00+00:00,2026-05-14 16:00:00+00:00,13.64,13.08,13.64,-0.56,-4.1056,18,0.0,True,True,bearish_vol_divergence
BODI,2026-05-22 15:30:00+00:00,2026-05-29 19:45:00+00:00,10.5899,11.1,11.35,0.5101,4.8169,76,67.11,True,True,bearish_vol_divergence
BODI,2026-05-28 16:45:00+00:00,2026-05-29 19:45:00+00:00,10.57,11.1,11.35,0.53,5.0142,25,67.95,True,True,bearish_vol_divergence
BODI,2026-05-28 17:30:00+00:00,2026-05-29 19:45:00+00:00,10.41,11.1,11.35,0.69,6.6282,22,73.4,True,True,bearish_vol_divergence
BODI,2026-05-28 19:15:00+00:00,2026-05-29 19:45:00+00:00,10.81,11.1,11.195,0.29,2.6827,15,75.32,True,True,bearish_vol_divergence
BODI,2026-06-17 19:45:00+00:00,2026-06-22 19:45:00+00:00,8.385,8.93,9.27,0.545,6.4997,26,61.58,True,True,end_of_data
BQ,2026-05-01 17:15:00+00:00,2026-05-04 19:15:00+00:00,0.75,0.75,0.7606,0.0,0.0,14,0.0,True,True,bearish_vol_divergence
BQ,2026-05-01 18:15:00+00:00,2026-05-04 19:15:00+00:00,0.746,0.75,0.7606,0.004,0.5362,13,27.4,True,True,bearish_vol_divergence
BQ,2026-05-04 16:30:00+00:00,2026-05-05 16:00:00+00:00,0.7248,0.7692,0.77,0.0444,6.1189,10,98.12,True,True,bearish_vol_divergence
BQ,2026-05-08 16:00:00+00:00,2026-05-11 14:45:00+00:00,0.8289,0.83,0.8645,0.0011,0.1327,10,3.09,True,True,bearish_vol_divergence
BQ,2026-05-12 18:30:00+00:00,2026-05-13 16:00:00+00:00,0.7988,0.8101,0.82,0.0113,1.4084,12,53.07,True,True,bearish_vol_divergence
BQ,2026-05-12 19:00:00+00:00,2026-05-13 16:00:00+00:00,0.77,0.8101,0.82,0.0401,5.2013,10,80.1,True,True,bearish_vol_divergence
BQ,2026-05-12 19:45:00+00:00,2026-05-13 16:45:00+00:00,0.8008,0.8012,0.8202,0.0004,0.0499,10,2.06,True,True,bearish_vol_divergence
BQ,2026-05-15 14:30:00+00:00,2026-05-20 14:30:00+00:00,0.7501,0.7233,0.8149,-0.0268,-3.5729,48,-41.36,True,True,bearish_vol_divergence
BQ,2026-05-15 14:45:00+00:00,2026-05-20 14:30:00+00:00,0.7475,0.7233,0.8149,-0.0242,-3.2375,47,-35.91,True,True,bearish_vol_divergence
BQ,2026-05-15 16:45:00+00:00,2026-05-20 14:30:00+00:00,0.7799,0.7233,0.8149,-0.0566,-7.2573,41,-100.0,True,True,bearish_vol_divergence
BQ,2026-06-08 18:30:00+00:00,2026-06-11 14:30:00+00:00,0.78,1.1607,1.18,0.3807,48.8077,50,95.18,True,True,bearish_vol_divergence
BQ,2026-06-08 18:45:00+00:00,2026-06-11 14:30:00+00:00,0.8194,1.1607,1.18,0.3413,41.6526,49,94.65,True,True,bearish_vol_divergence
BQ,2026-06-09 14:45:00+00:00,2026-06-11 14:30:00+00:00,0.89,1.1607,1.18,0.2707,30.4157,43,93.34,True,True,bearish_vol_divergence
BQ,2026-06-16 16:00:00+00:00,2026-06-16 18:45:00+00:00,1.04,1.09,1.11,0.05,4.8077,11,71.43,True,True,bearish_vol_divergence
BQ,2026-06-16 16:15:00+00:00,2026-06-16 18:45:00+00:00,1.05,1.09,1.11,0.04,3.8095,10,66.67,True,True,bearish_vol_divergence
BTBD,2026-05-01 17:00:00+00:00,2026-05-04 18:45:00+00:00,1.905,1.8077,1.97,-0.0973,-5.1076,27,-100.0,True,True,bearish_vol_divergence
BTBD,2026-05-06 16:30:00+00:00,2026-05-07 19:15:00+00:00,1.815,1.77,1.82,-0.045,-2.4793,22,0.0,True,True,bearish_vol_divergence
BTBD,2026-05-11 15:00:00+00:00,2026-05-14 18:15:00+00:00,1.11,1.11,1.13,0.0,0.0,62,0.0,True,True,bearish_vol_divergence
BTBD,2026-05-11 15:15:00+00:00,2026-05-14 18:15:00+00:00,1.11,1.11,1.13,0.0,0.0,61,0.0,True,True,bearish_vol_divergence
BTBD,2026-05-11 15:45:00+00:00,2026-05-14 18:15:00+00:00,1.11,1.11,1.13,0.0,0.0,59,0.0,True,True,bearish_vol_divergence
BTBD,2026-05-11 16:00:00+00:00,2026-05-14 18:15:00+00:00,1.05,1.11,1.13,0.06,5.7143,58,75.0,True,True,bearish_vol_divergence
BTBD,2026-05-13 14:30:00+00:00,2026-05-14 18:15:00+00:00,1.1,1.11,1.13,0.01,0.9091,25,33.33,True,True,bearish_vol_divergence
BTBD,2026-05-13 17:15:00+00:00,2026-05-14 18:15:00+00:00,1.07,1.11,1.13,0.04,3.7383,19,66.67,True,True,bearish_vol_divergence
BTBD,2026-05-21 16:30:00+00:00,2026-05-21 19:15:00+00:00,1.1449,1.16,1.17,0.0151,1.3189,11,60.16,True,True,bearish_vol_divergence
BTBD,2026-05-22 19:45:00+00:00,2026-05-27 19:45:00+00:00,1.18,1.13,1.18,-0.05,-4.2373,21,0.0,True,True,bearish_vol_divergence
BTBD,2026-05-26 14:45:00+00:00,2026-05-27 19:45:00+00:00,1.13,1.13,1.14,0.0,0.0,20,0.0,True,True,bearish_vol_divergence
BTOG,2026-05-13 16:15:00+00:00,2026-05-21 17:00:00+00:00,1.7,1.73,1.9299,0.03,1.7647,82,13.05,True,True,bearish_vol_divergence
BTOG,2026-05-13 18:30:00+00:00,2026-05-21 17:00:00+00:00,1.71,1.73,1.9299,0.02,1.1696,79,9.1,True,True,bearish_vol_divergence
BTOG,2026-05-14 16:45:00+00:00,2026-05-21 17:00:00+00:00,1.84,1.73,1.8999,-0.11,-5.9783,67,-100.0,True,True,bearish_vol_divergence
BTOG,2026-06-05 15:30:00+00:00,2026-06-10 14:45:00+00:00,1.67,1.7745,1.79,0.1045,6.2575,53,87.08,True,True,bearish_vol_divergence
BTOG,2026-06-05 15:45:00+00:00,2026-06-10 14:45:00+00:00,1.6703,1.7745,1.79,0.1042,6.2384,52,87.05,True,True,bearish_vol_divergence
BTOG,2026-06-08 17:15:00+00:00,2026-06-10 14:45:00+00:00,1.6199,1.7745,1.79,0.1546,9.5438,32,90.89,True,True,bearish_vol_divergence
BTOG,2026-06-08 19:45:00+00:00,2026-06-10 14:45:00+00:00,1.73,1.7745,1.79,0.0445,2.5723,24,74.17,True,True,bearish_vol_divergence
BTTC,2026-05-01 19:15:00+00:00,2026-05-05 19:45:00+00:00,1.24,1.24,1.26,0.0,0.0,23,0.0,True,True,bearish_vol_divergence
BTTC,2026-05-04 14:30:00+00:00,2026-05-05 19:45:00+00:00,1.24,1.24,1.26,0.0,0.0,21,0.0,True,True,bearish_vol_divergence
BTTC,2026-05-04 14:45:00+00:00,2026-05-05 19:45:00+00:00,1.2499,1.24,1.26,-0.0099,-0.7921,20,-98.02,True,True,bearish_vol_divergence
BTTC,2026-05-06 18:30:00+00:00,2026-05-08 15:30:00+00:00,1.2297,1.37,1.41,0.1403,11.4093,17,77.81,True,True,bearish_vol_divergence
BTTC,2026-05-07 15:45:00+00:00,2026-05-08 15:30:00+00:00,1.34,1.37,1.375,0.03,2.2388,10,85.71,True,True,bearish_vol_divergence
BTTC,2026-05-13 19:45:00+00:00,2026-05-20 15:45:00+00:00,1.26,1.135,1.34,-0.125,-9.9206,40,-100.0,True,True,bearish_vol_divergence
BTTC,2026-05-14 17:30:00+00:00,2026-05-20 15:45:00+00:00,1.28,1.135,1.34,-0.145,-11.3281,34,-100.0,True,True,bearish_vol_divergence
BTTC,2026-05-14 19:00:00+00:00,2026-05-20 15:45:00+00:00,1.31,1.135,1.31,-0.175,-13.3588,30,0.0,True,True,bearish_vol_divergence
BTTC,2026-05-21 17:00:00+00:00,2026-05-27 14:45:00+00:00,1.13,1.0976,1.1333,-0.0324,-2.8673,29,0.0,True,True,bearish_vol_divergence
BTTC,2026-05-21 18:00:00+00:00,2026-05-27 14:45:00+00:00,1.13,1.0976,1.13,-0.0324,-2.8673,27,0.0,True,True,bearish_vol_divergence
BTTC,2026-05-21 18:45:00+00:00,2026-05-27 14:45:00+00:00,1.12,1.0976,1.1229,-0.0224,-2.0,25,0.0,True,True,bearish_vol_divergence
BYAH,2026-05-05 14:45:00+00:00,2026-05-11 16:30:00+00:00,1.23,1.36,1.4497,0.13,10.5691,37,59.17,True,True,bearish_vol_divergence
BYAH,2026-05-27 14:30:00+00:00,2026-05-29 16:30:00+00:00,1.18,1.26,1.26,0.08,6.7797,15,100.0,True,True,bearish_vol_divergence
BYAH,2026-05-27 15:15:00+00:00,2026-05-29 16:30:00+00:00,1.1518,1.26,1.26,0.1082,9.394,13,100.0,True,True,bearish_vol_divergence
BYAH,2026-06-08 16:15:00+00:00,2026-06-09 19:00:00+00:00,1.215,1.55,6.49,0.335,27.572,32,6.35,True,True,bearish_vol_divergence
BYAH,2026-06-09 19:15:00+00:00,2026-06-11 15:00:00+00:00,1.6,1.2801,1.6,-0.3199,-19.9938,27,0.0,True,True,bearish_vol_divergence
BYAH,2026-06-09 19:30:00+00:00,2026-06-11 15:00:00+00:00,1.5387,1.2801,1.6,-0.2586,-16.8064,26,-100.0,True,True,bearish_vol_divergence
BYAH,2026-06-10 18:45:00+00:00,2026-06-16 16:30:00+00:00,1.23,1.485,2.58,0.255,20.7317,78,18.89,True,True,bearish_vol_divergence
BYAH,2026-06-10 19:00:00+00:00,2026-06-16 16:30:00+00:00,1.2303,1.485,2.58,0.2547,20.7023,77,18.87,True,True,bearish_vol_divergence
BYAH,2026-06-15 17:15:00+00:00,2026-06-16 16:30:00+00:00,1.4897,1.485,1.53,-0.0047,-0.3155,19,-11.66,True,True,bearish_vol_divergence
BYAH,2026-06-16 17:45:00+00:00,2026-06-22 17:30:00+00:00,1.53,1.335,1.56,-0.195,-12.7451,65,-100.0,True,True,bearish_vol_divergence
BYAH,2026-06-22 18:30:00+00:00,2026-06-22 19:45:00+00:00,1.35,1.33,1.399,-0.02,-1.4815,5,-40.82,True,True,end_of_data
CABO,2026-04-28 18:00:00+00:00,2026-04-30 14:30:00+00:00,98.59,94.1599,101.29,-4.4301,-4.4935,30,-100.0,True,True,bearish_vol_divergence
CABO,2026-04-28 18:30:00+00:00,2026-04-30 14:30:00+00:00,98.8,94.1599,101.29,-4.6401,-4.6965,28,-100.0,True,True,bearish_vol_divergence
CABO,2026-05-04 14:30:00+00:00,2026-05-04 18:15:00+00:00,72.0,70.3301,74.65,-1.6699,-2.3193,15,-63.02,True,True,bearish_vol_divergence
CABO,2026-05-04 14:45:00+00:00,2026-05-04 18:15:00+00:00,72.625,70.3301,74.65,-2.2949,-3.1599,14,-100.0,True,True,bearish_vol_divergence
CABO,2026-05-13 18:00:00+00:00,2026-05-15 19:45:00+00:00,52.5,48.77,55.33,-3.73,-7.1048,51,-100.0,True,True,bearish_vol_divergence
CABO,2026-05-13 18:30:00+00:00,2026-05-15 19:45:00+00:00,51.82,48.77,55.33,-3.05,-5.8858,49,-86.89,True,True,bearish_vol_divergence
CABO,2026-05-13 18:45:00+00:00,2026-05-15 19:45:00+00:00,51.627,48.77,55.33,-2.857,-5.5339,48,-77.15,True,True,bearish_vol_divergence
CABO,2026-05-20 17:15:00+00:00,2026-05-21 17:00:00+00:00,48.94,46.14,49.28,-2.8,-5.7213,21,-100.0,True,True,bearish_vol_divergence
CABO,2026-05-21 18:30:00+00:00,2026-05-27 19:00:00+00:00,48.0201,55.165,56.89,7.1449,14.879,66,80.55,True,True,bearish_vol_divergence
CABO,2026-05-21 18:45:00+00:00,2026-05-27 19:00:00+00:00,48.02,55.165,56.89,7.145,14.8792,65,80.55,True,True,bearish_vol_divergence
CABO,2026-05-28 19:30:00+00:00,2026-05-29 19:30:00+00:00,57.14,51.3,57.57,-5.84,-10.2205,22,-100.0,True,True,bearish_vol_divergence
CABO,2026-06-01 18:30:00+00:00,2026-06-02 17:15:00+00:00,51.78,50.87,52.0,-0.91,-1.7574,17,0.0,True,True,bearish_vol_divergence
CABO,2026-06-01 19:30:00+00:00,2026-06-02 17:15:00+00:00,51.37,50.87,51.6,-0.5,-0.9733,13,0.0,True,True,bearish_vol_divergence
CABO,2026-06-03 19:15:00+00:00,2026-06-08 17:30:00+00:00,48.41,43.11,49.02,-5.3,-10.9481,58,-100.0,True,True,bearish_vol_divergence
CABO,2026-06-11 18:45:00+00:00,2026-06-12 16:45:00+00:00,42.315,44.5,45.63,2.185,5.1637,14,65.91,True,True,bearish_vol_divergence
CBAN,2026-04-06 14:00:00+00:00,2026-04-06 17:00:00+00:00,20.09,20.12,20.205,0.03,0.1493,12,26.09,True,True,bearish_vol_divergence
CBAN,2026-04-06 17:45:00+00:00,2026-04-06 20:15:00+00:00,20.15,20.27,20.34,0.12,0.5955,10,63.16,True,True,bearish_vol_divergence
CBAN,2026-04-06 21:00:00+00:00,2026-04-07 19:45:00+00:00,20.27,20.25,20.34,-0.02,-0.0987,31,0.0,True,True,bearish_vol_divergence
CBAN,2026-04-06 21:30:00+00:00,2026-04-07 19:45:00+00:00,20.27,20.25,20.34,-0.02,-0.0987,29,0.0,True,True,bearish_vol_divergence
CBAN,2026-04-06 21:45:00+00:00,2026-04-07 19:45:00+00:00,20.27,20.25,20.34,-0.02,-0.0987,28,0.0,True,True,bearish_vol_divergence
CBAN,2026-04-07 18:00:00+00:00,2026-04-07 20:45:00+00:00,20.28,20.67,20.67,0.39,1.9231,10,100.0,True,True,bearish_vol_divergence
CBAN,2026-04-09 14:00:00+00:00,2026-04-09 19:15:00+00:00,20.79,21.19,21.28,0.4,1.924,21,81.63,True,True,bearish_vol_divergence
CBAN,2026-04-09 15:30:00+00:00,2026-04-09 19:15:00+00:00,21.06,21.19,21.28,0.13,0.6173,15,59.09,True,True,bearish_vol_divergence
CBAN,2026-04-09 15:45:00+00:00,2026-04-09 19:15:00+00:00,21.085,21.19,21.28,0.105,0.498,14,53.85,True,True,bearish_vol_divergence
CBAN,2026-04-09 16:15:00+00:00,2026-04-09 19:15:00+00:00,21.17,21.19,21.28,0.02,0.0945,12,18.18,True,True,bearish_vol_divergence
CBAN,2026-04-09 17:15:00+00:00,2026-04-10 16:15:00+00:00,21.2344,20.89,21.305,-0.3444,-1.6219,23,0.0,True,True,bearish_vol_divergence
CBAN,2026-04-14 17:45:00+00:00,2026-04-15 16:30:00+00:00,20.93,21.06,21.23,0.13,0.6211,27,43.33,True,True,bearish_vol_divergence
CBAN,2026-04-14 18:00:00+00:00,2026-04-15 16:30:00+00:00,20.945,21.06,21.23,0.115,0.5491,26,40.35,True,True,bearish_vol_divergence
CBAN,2026-04-15 17:30:00+00:00,2026-04-15 20:00:00+00:00,21.01,20.99,21.06,-0.02,-0.0952,10,0.0,True,True,bearish_vol_divergence
CBAN,2026-04-20 21:45:00+00:00,2026-04-21 17:30:00+00:00,21.23,20.91,21.65,-0.32,-1.5073,20,-76.19,True,True,bearish_vol_divergence
CBAN,2026-04-20 22:15:00+00:00,2026-04-21 17:30:00+00:00,21.23,20.91,21.65,-0.32,-1.5073,18,-76.19,True,True,bearish_vol_divergence
CBAN,2026-04-22 17:15:00+00:00,2026-04-23 13:30:00+00:00,20.88,20.25,20.925,-0.63,-3.0172,29,0.0,True,True,bearish_vol_divergence
CBAN,2026-04-22 17:30:00+00:00,2026-04-23 13:30:00+00:00,20.915,20.25,20.925,-0.665,-3.1795,28,0.0,True,True,bearish_vol_divergence
CBAN,2026-04-22 17:45:00+00:00,2026-04-23 13:30:00+00:00,20.89,20.25,20.92,-0.64,-3.0637,27,0.0,True,True,bearish_vol_divergence
CBAN,2026-04-23 22:15:00+00:00,2026-04-24 18:30:00+00:00,19.98,19.96,21.0,-0.02,-0.1001,32,-1.96,True,True,bearish_vol_divergence
CBAN,2026-04-27 14:30:00+00:00,2026-04-27 19:30:00+00:00,19.905,19.985,20.075,0.08,0.4019,20,47.06,True,True,bearish_vol_divergence
CBAN,2026-04-27 14:45:00+00:00,2026-04-27 19:30:00+00:00,19.935,19.985,20.075,0.05,0.2508,19,35.71,True,True,bearish_vol_divergence
CBAN,2026-04-27 15:45:00+00:00,2026-04-27 19:30:00+00:00,19.78,19.985,20.075,0.205,1.0364,15,69.49,True,True,bearish_vol_divergence
CBAN,2026-04-29 10:00:00+00:00,2026-04-29 13:30:00+00:00,20.05,19.92,20.135,-0.13,-0.6484,10,0.0,True,True,bearish_vol_divergence
CBAN,2026-04-29 10:15:00+00:00,2026-04-29 13:45:00+00:00,20.05,19.98,20.135,-0.07,-0.3491,10,0.0,True,True,bearish_vol_divergence
CBAN,2026-04-29 10:30:00+00:00,2026-04-29 14:00:00+00:00,20.05,19.95,20.135,-0.1,-0.4987,10,0.0,True,True,bearish_vol_divergence
CBAN,2026-04-29 11:00:00+00:00,2026-04-29 14:15:00+00:00,20.05,19.93,20.135,-0.12,-0.5985,10,0.0,True,True,bearish_vol_divergence
CBAN,2026-04-30 09:00:00+00:00,2026-04-30 15:00:00+00:00,19.78,19.88,20.01,0.1,0.5056,23,43.48,True,True,bearish_vol_divergence
CBAN,2026-04-30 09:15:00+00:00,2026-04-30 15:00:00+00:00,19.78,19.88,20.01,0.1,0.5056,22,43.48,True,True,bearish_vol_divergence
CBAN,2026-04-30 10:00:00+00:00,2026-04-30 15:00:00+00:00,19.78,19.88,20.01,0.1,0.5056,19,43.48,True,True,bearish_vol_divergence
CBAN,2026-05-06 17:15:00+00:00,2026-05-06 20:00:00+00:00,19.7,19.72,19.805,0.02,0.1015,10,19.05,True,True,bearish_vol_divergence
CBAN,2026-05-07 17:15:00+00:00,2026-05-07 19:45:00+00:00,19.9,19.78,19.915,-0.12,-0.603,10,0.0,True,True,bearish_vol_divergence
CBAN,2026-05-08 18:00:00+00:00,2026-05-11 13:30:00+00:00,19.825,19.71,20.23,-0.115,-0.5801,31,-28.4,True,True,bearish_vol_divergence
CBAN,2026-05-11 12:15:00+00:00,2026-05-11 17:15:00+00:00,19.85,19.575,19.85,-0.275,-1.3854,19,0.0,True,True,bearish_vol_divergence
CBAN,2026-05-12 18:30:00+00:00,2026-05-13 08:45:00+00:00,19.51,19.48,19.58,-0.03,-0.1538,10,0.0,True,True,bearish_vol_divergence
CBAN,2026-05-12 18:45:00+00:00,2026-05-13 09:00:00+00:00,19.57,19.48,19.58,-0.09,-0.4599,10,0.0,True,True,bearish_vol_divergence
CBAN,2026-05-15 19:00:00+00:00,2026-05-18 14:45:00+00:00,19.21,19.55,19.6463,0.34,1.7699,12,77.93,True,True,bearish_vol_divergence
CBAN,2026-05-18 14:15:00+00:00,2026-05-18 16:45:00+00:00,19.51,19.505,19.57,-0.005,-0.0256,10,0.0,True,True,bearish_vol_divergence
CBAN,2026-05-18 15:00:00+00:00,2026-05-18 17:45:00+00:00,19.48,19.485,19.5399,0.005,0.0257,10,0.0,True,True,bearish_vol_divergence
CBAN,2026-05-18 15:15:00+00:00,2026-05-18 18:00:00+00:00,19.49,19.47,19.53,-0.02,-0.1026,10,0.0,True,True,bearish_vol_divergence
CBAN,2026-05-18 15:45:00+00:00,2026-05-18 18:30:00+00:00,19.5,19.43,19.53,-0.07,-0.359,10,0.0,True,True,bearish_vol_divergence
CBAN,2026-05-18 16:00:00+00:00,2026-05-18 18:45:00+00:00,19.5125,19.4201,19.53,-0.0924,-0.4736,10,0.0,True,True,bearish_vol_divergence
CBAN,2026-05-19 17:30:00+00:00,2026-05-20 16:00:00+00:00,19.42,19.82,19.88,0.4,2.0597,37,86.96,True,True,bearish_vol_divergence
CBAN,2026-05-19 17:45:00+00:00,2026-05-20 16:00:00+00:00,19.42,19.82,19.88,0.4,2.0597,36,86.96,True,True,bearish_vol_divergence
CBAN,2026-05-19 18:30:00+00:00,2026-05-20 16:00:00+00:00,19.4,19.82,19.88,0.42,2.1649,33,87.5,True,True,bearish_vol_divergence
CBAN,2026-05-20 12:30:00+00:00,2026-05-20 16:00:00+00:00,19.39,19.82,19.88,0.43,2.2176,13,87.76,True,True,bearish_vol_divergence
CBAN,2026-05-20 12:45:00+00:00,2026-05-20 16:00:00+00:00,19.39,19.82,19.88,0.43,2.2176,12,87.76,True,True,bearish_vol_divergence
CBAN,2026-05-27 08:15:00+00:00,2026-05-27 15:30:00+00:00,19.87,19.85,20.06,-0.02,-0.1007,25,-10.53,True,True,bearish_vol_divergence
CBAN,2026-05-27 08:30:00+00:00,2026-05-27 15:30:00+00:00,19.87,19.85,20.06,-0.02,-0.1007,24,-10.53,True,True,bearish_vol_divergence
CBAN,2026-05-27 13:30:00+00:00,2026-05-27 16:30:00+00:00,19.9,19.81,20.06,-0.09,-0.4523,12,-56.25,True,True,bearish_vol_divergence
CBAN,2026-05-27 17:45:00+00:00,2026-05-27 20:15:00+00:00,19.76,19.74,19.8,-0.02,-0.1012,10,0.0,True,True,bearish_vol_divergence
CBAN,2026-05-28 21:30:00+00:00,2026-05-29 14:00:00+00:00,19.71,19.78,20.49,0.07,0.3552,19,8.97,True,True,bearish_vol_divergence
CBAN,2026-05-29 08:45:00+00:00,2026-05-29 14:00:00+00:00,19.62,19.78,20.49,0.16,0.8155,18,18.39,True,True,bearish_vol_divergence
CBAN,2026-05-29 09:15:00+00:00,2026-05-29 14:00:00+00:00,19.62,19.78,20.49,0.16,0.8155,16,18.39,True,True,bearish_vol_divergence
CBAN,2026-05-29 09:45:00+00:00,2026-05-29 14:00:00+00:00,20.49,19.78,20.49,-0.71,-3.4651,14,0.0,True,True,bearish_vol_divergence
CBAN,2026-05-29 10:15:00+00:00,2026-05-29 14:00:00+00:00,19.9,19.78,19.9,-0.12,-0.603,12,0.0,True,True,bearish_vol_divergence
CBAN,2026-06-01 18:30:00+00:00,2026-06-02 14:15:00+00:00,19.5499,19.915,20.03,0.3651,1.8675,28,76.05,True,True,bearish_vol_divergence
CBAN,2026-06-01 21:00:00+00:00,2026-06-02 14:15:00+00:00,19.72,19.915,20.03,0.195,0.9888,20,62.9,True,True,bearish_vol_divergence
CBAN,2026-06-02 09:00:00+00:00,2026-06-02 14:15:00+00:00,19.65,19.915,20.03,0.265,1.3486,18,69.74,True,True,bearish_vol_divergence
CBAN,2026-06-02 10:15:00+00:00,2026-06-02 14:15:00+00:00,19.65,19.915,20.03,0.265,1.3486,13,69.74,True,True,bearish_vol_divergence
CBAN,2026-06-03 08:45:00+00:00,2026-06-03 13:45:00+00:00,19.92,19.73,19.92,-0.19,-0.9538,14,0.0,True,True,bearish_vol_divergence
CBAN,2026-06-05 14:00:00+00:00,2026-06-05 16:30:00+00:00,20.29,20.35,20.4,0.06,0.2957,10,54.55,True,True,bearish_vol_divergence
CBAN,2026-06-05 15:30:00+00:00,2026-06-05 19:30:00+00:00,20.34,20.315,20.455,-0.025,-0.1229,16,-21.74,True,True,bearish_vol_divergence
CBAN,2026-06-09 09:15:00+00:00,2026-06-09 14:15:00+00:00,20.45,20.79,20.915,0.34,1.6626,19,73.12,True,True,bearish_vol_divergence
CBAN,2026-06-09 09:30:00+00:00,2026-06-09 14:15:00+00:00,20.45,20.79,20.915,0.34,1.6626,18,73.12,True,True,bearish_vol_divergence
CBAN,2026-06-11 13:00:00+00:00,2026-06-11 16:30:00+00:00,20.51,20.51,20.89,0.0,0.0,13,0.0,True,True,bearish_vol_divergence
CBAN,2026-06-11 14:15:00+00:00,2026-06-11 16:45:00+00:00,20.58,20.5,20.66,-0.08,-0.3887,10,0.0,True,True,bearish_vol_divergence
CBAN,2026-06-11 14:30:00+00:00,2026-06-11 17:00:00+00:00,20.645,20.5,20.66,-0.145,-0.7024,10,0.0,True,True,bearish_vol_divergence
CBAN,2026-06-11 15:15:00+00:00,2026-06-11 19:45:00+00:00,20.62,20.75,20.855,0.13,0.6305,18,55.32,True,True,bearish_vol_divergence
CBAN,2026-06-16 17:15:00+00:00,2026-06-16 19:45:00+00:00,20.735,20.72,20.8,-0.015,-0.0723,10,0.0,True,True,bearish_vol_divergence
CBAN,2026-06-18 19:00:00+00:00,2026-06-22 14:45:00+00:00,20.51,20.745,20.86,0.235,1.1458,29,67.14,True,True,bearish_vol_divergence
CBAN,2026-06-18 19:15:00+00:00,2026-06-22 14:45:00+00:00,20.489,20.745,20.86,0.256,1.2495,28,69.0,True,True,bearish_vol_divergence
CBAN,2026-06-18 19:30:00+00:00,2026-06-22 14:45:00+00:00,20.52,20.745,20.86,0.225,1.0965,27,66.18,True,True,bearish_vol_divergence
CBAN,2026-06-22 11:15:00+00:00,2026-06-22 14:45:00+00:00,20.58,20.745,20.86,0.165,0.8018,12,58.93,True,True,bearish_vol_divergence
CBAN,2026-06-22 11:45:00+00:00,2026-06-22 14:45:00+00:00,20.58,20.745,20.86,0.165,0.8018,11,58.93,True,True,bearish_vol_divergence
CBAN,2026-06-22 12:00:00+00:00,2026-06-22 14:45:00+00:00,20.58,20.745,20.86,0.165,0.8018,10,58.93,True,True,bearish_vol_divergence
CBAN,2026-06-22 13:00:00+00:00,2026-06-22 15:45:00+00:00,20.58,20.72,20.86,0.14,0.6803,10,50.0,True,True,bearish_vol_divergence
CCHH,2026-05-06 15:30:00+00:00,2026-05-11 19:30:00+00:00,0.4769,0.4003,0.4849,-0.0766,-16.0621,38,-100.0,True,True,bearish_vol_divergence
CCHH,2026-05-12 18:15:00+00:00,2026-05-13 19:30:00+00:00,0.4048,0.38,0.43,-0.0248,-6.1265,16,-98.41,True,True,bearish_vol_divergence
CCHH,2026-05-12 19:15:00+00:00,2026-05-13 19:30:00+00:00,0.4098,0.38,0.43,-0.0298,-7.2718,14,-100.0,True,True,bearish_vol_divergence
CCHH,2026-05-13 14:30:00+00:00,2026-05-13 19:30:00+00:00,0.3949,0.38,0.4,-0.0149,-3.7731,11,-100.0,True,True,bearish_vol_divergence
CCHH,2026-05-13 14:45:00+00:00,2026-05-13 19:30:00+00:00,0.3926,0.38,0.4,-0.0126,-3.2094,10,-100.0,True,True,bearish_vol_divergence
CCHH,2026-06-10 17:15:00+00:00,2026-06-15 18:30:00+00:00,0.3698,0.4903,0.88,0.1205,32.5852,71,23.62,True,True,bearish_vol_divergence
CCHH,2026-06-16 16:30:00+00:00,2026-06-18 19:15:00+00:00,0.5786,0.4899,0.5991,-0.0887,-15.3301,54,-100.0,True,True,bearish_vol_divergence
CCHH,2026-06-18 16:45:00+00:00,2026-06-18 19:15:00+00:00,0.485,0.4899,0.4934,0.0049,1.0103,10,58.33,True,True,bearish_vol_divergence
CCHH,2026-06-18 17:15:00+00:00,2026-06-22 18:30:00+00:00,0.4821,0.4465,0.4934,-0.0356,-7.3844,27,-100.0,True,True,bearish_vol_divergence
CCHH,2026-06-18 17:30:00+00:00,2026-06-22 18:30:00+00:00,0.489,0.4465,0.4934,-0.0425,-8.6912,26,-100.0,True,True,bearish_vol_divergence
CCTG,2026-05-06 15:45:00+00:00,2026-05-11 19:15:00+00:00,0.575,0.4721,0.5986,-0.1029,-17.8957,41,-100.0,True,True,bearish_vol_divergence
CCTG,2026-05-08 18:00:00+00:00,2026-05-11 19:15:00+00:00,0.5628,0.4721,0.5797,-0.0907,-16.1158,23,-100.0,True,True,bearish_vol_divergence
CCTG,2026-05-22 15:30:00+00:00,2026-06-01 15:00:00+00:00,0.5302,0.5799,0.8,0.0497,9.3738,64,18.42,True,True,bearish_vol_divergence
CCTG,2026-05-27 16:30:00+00:00,2026-06-01 15:00:00+00:00,0.53,0.5799,0.8,0.0499,9.4151,38,18.48,True,True,bearish_vol_divergence
CCTG,2026-05-27 18:30:00+00:00,2026-06-01 15:00:00+00:00,0.51,0.5799,0.8,0.0699,13.7059,35,24.1,True,True,bearish_vol_divergence
CCTG,2026-06-10 18:30:00+00:00,2026-06-16 17:45:00+00:00,0.8955,1.4699,1.8,0.5744,64.1429,85,63.5,True,True,bearish_vol_divergence
CCTG,2026-06-17 18:45:00+00:00,2026-06-18 17:15:00+00:00,1.22,0.9298,1.29,-0.2902,-23.7869,16,-100.0,True,True,bearish_vol_divergence
CCTG,2026-06-22 14:30:00+00:00,2026-06-22 19:45:00+00:00,0.8357,0.8021,0.8712,-0.0336,-4.0206,21,-94.65,True,True,end_of_data
CCTG,2026-06-22 16:00:00+00:00,2026-06-22 19:45:00+00:00,0.8702,0.8021,0.8712,-0.0681,-7.8258,15,0.0,True,True,end_of_data
CCTG,2026-06-22 16:15:00+00:00,2026-06-22 19:45:00+00:00,0.8605,0.8021,0.8712,-0.0584,-6.7867,14,-100.0,True,True,end_of_data
CDIO,2026-04-30 19:30:00+00:00,2026-05-04 14:45:00+00:00,1.8,2.1,2.1999,0.3,16.6667,16,75.02,True,True,bearish_vol_divergence
CDIO,2026-04-30 19:45:00+00:00,2026-05-04 14:45:00+00:00,1.8,2.1,2.1999,0.3,16.6667,15,75.02,True,True,bearish_vol_divergence
CDIO,2026-05-18 19:45:00+00:00,2026-05-20 15:30:00+00:00,1.42,1.4498,1.46,0.0298,2.0986,21,74.5,True,True,bearish_vol_divergence
CDIO,2026-05-19 14:30:00+00:00,2026-05-20 15:30:00+00:00,1.35,1.4498,1.46,0.0998,7.3926,20,90.73,True,True,bearish_vol_divergence
CDIO,2026-05-19 15:30:00+00:00,2026-05-20 15:30:00+00:00,1.375,1.4498,1.46,0.0748,5.44,17,88.0,True,True,bearish_vol_divergence
CDIO,2026-05-19 16:30:00+00:00,2026-05-20 15:30:00+00:00,1.35,1.4498,1.46,0.0998,7.3926,15,90.73,True,True,bearish_vol_divergence
CDIO,2026-05-19 17:45:00+00:00,2026-05-20 15:30:00+00:00,1.37,1.4498,1.46,0.0798,5.8248,12,88.67,True,True,bearish_vol_divergence
CDIO,2026-05-19 18:00:00+00:00,2026-05-20 15:30:00+00:00,1.46,1.4498,1.46,-0.0102,-0.6986,11,0.0,True,True,bearish_vol_divergence
CDIO,2026-05-19 18:30:00+00:00,2026-05-20 16:00:00+00:00,1.44,1.435,1.4498,-0.005,-0.3472,10,-51.02,True,True,bearish_vol_divergence
CDIO,2026-05-19 18:45:00+00:00,2026-05-20 16:15:00+00:00,1.44,1.4426,1.4498,0.0026,0.1806,10,26.53,True,True,bearish_vol_divergence
CDIO,2026-05-20 15:30:00+00:00,2026-05-21 15:30:00+00:00,1.4498,1.5001,1.5399,0.0503,3.4694,12,55.83,True,True,bearish_vol_divergence
CDIO,2026-05-28 16:45:00+00:00,2026-06-04 14:30:00+00:00,1.8801,2.16,2.57,0.2799,14.8875,74,40.57,True,True,bearish_vol_divergence
CDIO,2026-05-28 17:45:00+00:00,2026-06-04 14:30:00+00:00,1.86,2.16,2.57,0.3,16.129,71,42.25,True,True,bearish_vol_divergence
CDIO,2026-06-09 18:00:00+00:00,2026-06-11 14:30:00+00:00,1.921,1.99,1.99,0.069,3.5919,15,100.0,True,True,bearish_vol_divergence
CDIO,2026-06-16 14:45:00+00:00,2026-06-22 19:45:00+00:00,1.93,2.01,2.09,0.08,4.1451,47,50.0,True,True,end_of_data
CDIO,2026-06-17 14:45:00+00:00,2026-06-22 19:45:00+00:00,2.0126,2.01,2.09,-0.0026,-0.1292,37,-3.36,True,True,end_of_data
CDIO,2026-06-22 16:15:00+00:00,2026-06-22 19:45:00+00:00,1.97,2.01,2.03,0.04,2.0305,7,66.67,True,True,end_of_data
CDNL,2026-04-08 16:15:00+00:00,2026-04-08 19:45:00+00:00,43.295,42.87,43.65,-0.425,-0.9816,14,-100.0,True,True,bearish_vol_divergence
CDNL,2026-04-08 16:30:00+00:00,2026-04-08 19:45:00+00:00,43.0,42.87,43.65,-0.13,-0.3023,13,-20.0,True,True,bearish_vol_divergence
CDNL,2026-04-08 16:45:00+00:00,2026-04-08 19:45:00+00:00,43.38,42.87,43.65,-0.51,-1.1757,12,-100.0,True,True,bearish_vol_divergence
CDNL,2026-04-23 17:15:00+00:00,2026-04-28 17:00:00+00:00,48.55,47.56,50.5274,-0.99,-2.0391,65,-50.07,True,True,bearish_vol_divergence
CDNL,2026-04-24 16:15:00+00:00,2026-04-28 17:00:00+00:00,49.4,47.56,49.74,-1.84,-3.7247,47,-100.0,True,True,bearish_vol_divergence
CDNL,2026-04-24 16:30:00+00:00,2026-04-28 17:00:00+00:00,49.7,47.56,49.7,-2.14,-4.3058,46,0.0,True,True,bearish_vol_divergence
CDNL,2026-04-24 17:15:00+00:00,2026-04-28 17:00:00+00:00,49.1451,47.56,49.34,-1.5851,-3.2253,43,0.0,True,True,bearish_vol_divergence
CDNL,2026-04-24 17:30:00+00:00,2026-04-28 17:00:00+00:00,48.77,47.56,49.26,-1.21,-2.481,42,-100.0,True,True,bearish_vol_divergence
CDNL,2026-04-27 19:30:00+00:00,2026-04-28 17:00:00+00:00,48.87,47.56,49.06,-1.31,-2.6806,12,0.0,True,True,bearish_vol_divergence
CDNL,2026-04-28 19:30:00+00:00,2026-04-29 18:45:00+00:00,49.0,46.05,49.17,-2.95,-6.0204,19,0.0,True,True,bearish_vol_divergence
CDNL,2026-05-08 16:00:00+00:00,2026-05-11 17:00:00+00:00,52.14,57.45,57.94,5.31,10.1841,26,91.55,True,True,bearish_vol_divergence
CDNL,2026-05-12 18:45:00+00:00,2026-05-13 19:45:00+00:00,56.61,54.75,58.01,-1.86,-3.2856,26,-100.0,True,True,bearish_vol_divergence
CDNL,2026-05-12 19:00:00+00:00,2026-05-13 19:45:00+00:00,57.0,54.75,58.01,-2.25,-3.9474,25,-100.0,True,True,bearish_vol_divergence
CDNL,2026-05-12 19:15:00+00:00,2026-05-13 19:45:00+00:00,57.6,54.75,58.01,-2.85,-4.9479,24,-100.0,True,True,bearish_vol_divergence
CDNL,2026-05-14 19:30:00+00:00,2026-05-15 19:00:00+00:00,53.66,53.635,54.98,-0.025,-0.0466,20,-1.89,True,True,bearish_vol_divergence
CDNL,2026-05-14 19:45:00+00:00,2026-05-15 19:00:00+00:00,54.69,53.635,54.98,-1.055,-1.9291,19,-100.0,True,True,bearish_vol_divergence
CDNL,2026-05-15 18:45:00+00:00,2026-05-20 14:30:00+00:00,54.32,50.17,54.5,-4.15,-7.6399,49,0.0,True,True,bearish_vol_divergence
CDNL,2026-05-15 19:00:00+00:00,2026-05-20 14:30:00+00:00,53.635,50.17,54.5,-3.465,-6.4603,48,-100.0,True,True,bearish_vol_divergence
CDNL,2026-05-18 19:00:00+00:00,2026-05-20 14:30:00+00:00,50.8,50.17,51.3,-0.63,-1.2402,26,-100.0,True,True,bearish_vol_divergence
CDNL,2026-05-18 19:15:00+00:00,2026-05-20 14:30:00+00:00,50.6375,50.17,51.02,-0.4675,-0.9232,25,-100.0,True,True,bearish_vol_divergence
CDNL,2026-05-18 19:30:00+00:00,2026-05-20 14:30:00+00:00,50.685,50.17,50.97,-0.515,-1.0161,24,-100.0,True,True,bearish_vol_divergence
CDNL,2026-05-19 18:30:00+00:00,2026-05-20 15:30:00+00:00,49.59,50.634,51.06,1.044,2.1053,10,71.02,True,True,bearish_vol_divergence
CDNL,2026-05-19 18:45:00+00:00,2026-05-20 19:15:00+00:00,49.375,50.91,52.015,1.535,3.1089,24,58.14,True,True,bearish_vol_divergence
CDNL,2026-05-22 19:00:00+00:00,2026-05-26 16:15:00+00:00,48.77,51.44,51.79,2.67,5.4747,11,88.41,True,True,bearish_vol_divergence
CDNL,2026-05-22 19:15:00+00:00,2026-05-26 16:15:00+00:00,48.74,51.44,51.79,2.7,5.5396,10,88.52,True,True,bearish_vol_divergence
CDNL,2026-06-05 18:30:00+00:00,2026-06-08 17:15:00+00:00,60.315,59.4675,61.265,-0.8475,-1.4051,17,-89.21,True,True,bearish_vol_divergence
CDNL,2026-06-05 18:45:00+00:00,2026-06-08 17:15:00+00:00,60.59,59.4675,61.025,-1.1225,-1.8526,16,-100.0,True,True,bearish_vol_divergence
CDNL,2026-06-05 19:00:00+00:00,2026-06-08 17:15:00+00:00,60.22,59.4675,61.025,-0.7525,-1.2496,15,-93.48,True,True,bearish_vol_divergence
CDNL,2026-06-05 19:15:00+00:00,2026-06-08 17:15:00+00:00,60.515,59.4675,60.77,-1.0475,-1.731,14,0.0,True,True,bearish_vol_divergence
CDNL,2026-06-08 19:00:00+00:00,2026-06-09 17:00:00+00:00,61.15,61.985,62.365,0.835,1.3655,14,68.72,True,True,bearish_vol_divergence
CDNL,2026-06-16 17:00:00+00:00,2026-06-17 15:00:00+00:00,73.205,73.18,74.425,-0.025,-0.0342,14,-2.05,True,True,bearish_vol_divergence
CDNL,2026-06-16 17:30:00+00:00,2026-06-17 15:00:00+00:00,73.865,73.18,74.425,-0.685,-0.9274,12,-100.0,True,True,bearish_vol_divergence
CDTG,2026-05-22 14:30:00+00:00,2026-05-27 15:45:00+00:00,7.5025,9.25,9.75,1.7475,23.2922,14,77.75,True,True,bearish_vol_divergence
CDTG,2026-05-22 15:15:00+00:00,2026-05-27 15:45:00+00:00,7.7475,9.25,9.75,1.5025,19.3934,13,75.03,True,True,bearish_vol_divergence
CDTG,2026-05-27 17:45:00+00:00,2026-05-28 19:15:00+00:00,9.4975,7.46,9.7475,-2.0375,-21.453,28,-100.0,True,True,bearish_vol_divergence
CDTG,2026-06-02 17:15:00+00:00,2026-06-09 17:00:00+00:00,7.705,3.7899,15.12,-3.9151,-50.8125,85,-52.8,True,True,bearish_vol_divergence
CDTG,2026-06-15 16:45:00+00:00,2026-06-16 19:15:00+00:00,2.7,2.29,2.8475,-0.41,-15.1852,31,-100.0,True,True,bearish_vol_divergence
CDTG,2026-06-15 17:00:00+00:00,2026-06-16 19:15:00+00:00,2.62,2.29,2.8475,-0.33,-12.5954,30,-100.0,True,True,bearish_vol_divergence
CDTG,2026-06-15 17:15:00+00:00,2026-06-16 19:15:00+00:00,2.705,2.29,2.8475,-0.415,-15.342,29,-100.0,True,True,bearish_vol_divergence
CDTG,2026-06-18 16:15:00+00:00,2026-06-22 19:15:00+00:00,1.7794,1.97,2.1,0.1906,10.7115,26,59.45,True,True,bearish_vol_divergence
CDT,2026-05-06 17:00:00+00:00,2026-05-12 15:00:00+00:00,2.1498,1.91,2.3299,-0.2398,-11.1545,51,-100.0,True,True,bearish_vol_divergence
CDT,2026-05-12 18:00:00+00:00,2026-05-13 18:30:00+00:00,1.8605,1.8832,1.92,0.0227,1.2201,13,38.15,True,True,bearish_vol_divergence
CDT,2026-05-13 17:45:00+00:00,2026-05-21 14:30:00+00:00,1.78,1.23,2.17,-0.55,-30.8989,99,-100.0,True,True,bearish_vol_divergence
CDT,2026-05-14 15:30:00+00:00,2026-05-21 14:30:00+00:00,1.93,1.23,1.99,-0.7,-36.2694,87,-100.0,True,True,bearish_vol_divergence
CDT,2026-05-26 19:00:00+00:00,2026-05-28 17:15:00+00:00,0.8995,0.9878,1.2,0.0883,9.8166,37,29.38,True,True,bearish_vol_divergence
CDT,2026-05-28 19:15:00+00:00,2026-05-29 16:15:00+00:00,0.965,1.66,2.13,0.695,72.0207,10,59.66,True,True,bearish_vol_divergence
CDT,2026-05-29 16:00:00+00:00,2026-06-03 17:00:00+00:00,2.03,0.785,2.88,-1.245,-61.33,70,-100.0,True,True,bearish_vol_divergence
CDT,2026-06-02 19:30:00+00:00,2026-06-03 17:00:00+00:00,0.8299,0.785,0.8448,-0.0449,-5.4103,12,-100.0,True,True,bearish_vol_divergence
CDT,2026-06-02 19:45:00+00:00,2026-06-03 17:00:00+00:00,0.8448,0.785,0.8448,-0.0598,-7.0786,11,0.0,True,True,bearish_vol_divergence
CDT,2026-06-05 19:15:00+00:00,2026-06-08 18:30:00+00:00,0.75,0.7103,0.7637,-0.0397,-5.2933,19,-100.0,True,True,bearish_vol_divergence
CDT,2026-06-05 19:45:00+00:00,2026-06-08 18:30:00+00:00,0.7352,0.7103,0.739,-0.0249,-3.3868,17,-100.0,True,True,bearish_vol_divergence
CDT,2026-06-08 15:00:00+00:00,2026-06-08 18:30:00+00:00,0.7389,0.7103,0.739,-0.0286,-3.8706,14,0.0,True,True,bearish_vol_divergence
CDT,2026-06-12 17:45:00+00:00,2026-06-15 15:00:00+00:00,0.7164,0.7301,0.7301,0.0137,1.9123,10,100.0,True,True,bearish_vol_divergence
CDT,2026-06-17 15:15:00+00:00,2026-06-22 14:45:00+00:00,0.7176,1.605,1.905,0.8874,123.6622,35,74.73,True,True,bearish_vol_divergence
CELZ,2026-04-29 17:15:00+00:00,2026-05-05 17:30:00+00:00,2.2301,2.17,2.32,-0.0601,-2.6949,45,-66.85,True,True,bearish_vol_divergence
CELZ,2026-04-29 19:15:00+00:00,2026-05-05 17:30:00+00:00,2.19,2.17,2.32,-0.02,-0.9132,43,-15.38,True,True,bearish_vol_divergence
CELZ,2026-04-30 15:00:00+00:00,2026-05-05 17:30:00+00:00,2.1959,2.17,2.32,-0.0259,-1.1795,40,-20.87,True,True,bearish_vol_divergence
CELZ,2026-05-05 15:15:00+00:00,2026-05-06 19:45:00+00:00,2.18,2.23,2.325,0.05,2.2936,29,34.48,True,True,bearish_vol_divergence
CELZ,2026-05-05 15:45:00+00:00,2026-05-06 19:45:00+00:00,2.18,2.23,2.325,0.05,2.2936,27,34.48,True,True,bearish_vol_divergence
CELZ,2026-05-06 17:00:00+00:00,2026-05-07 15:15:00+00:00,2.25,2.24,2.255,-0.01,-0.4444,11,0.0,True,True,bearish_vol_divergence
CELZ,2026-05-08 16:15:00+00:00,2026-05-11 16:15:00+00:00,2.26,2.24,2.32,-0.02,-0.885,10,-33.33,True,True,bearish_vol_divergence
CELZ,2026-05-14 18:30:00+00:00,2026-05-15 19:15:00+00:00,2.265,2.265,2.27,0.0,0.0,10,0.0,True,True,bearish_vol_divergence
CELZ,2026-05-27 17:30:00+00:00,2026-05-28 18:15:00+00:00,2.3099,2.295,2.325,-0.0149,-0.645,16,-98.68,True,True,bearish_vol_divergence
CELZ,2026-05-28 17:45:00+00:00,2026-06-01 18:15:00+00:00,2.29,2.29,2.32,0.0,0.0,27,0.0,True,True,bearish_vol_divergence
CELZ,2026-06-02 19:00:00+00:00,2026-06-04 18:30:00+00:00,2.3,2.16,2.36,-0.14,-6.087,28,-100.0,True,True,bearish_vol_divergence
CELZ,2026-06-03 18:00:00+00:00,2026-06-04 18:30:00+00:00,2.1783,2.16,2.1899,-0.0183,-0.8401,16,-100.0,True,True,bearish_vol_divergence
CELZ,2026-06-04 19:00:00+00:00,2026-06-10 18:45:00+00:00,2.15,2.16,2.23,0.01,0.4651,42,12.5,True,True,bearish_vol_divergence
CELZ,2026-06-11 15:00:00+00:00,2026-06-12 15:30:00+00:00,2.13,2.18,2.18,0.05,2.3474,13,100.0,True,True,bearish_vol_divergence
CEPO,2026-04-14 16:00:00+00:00,2026-04-15 15:45:00+00:00,10.6,10.595,10.6,-0.005,-0.0472,11,0.0,True,True,bearish_vol_divergence
CEPO,2026-04-14 17:30:00+00:00,2026-04-15 17:15:00+00:00,10.5972,10.5826,10.6,-0.0146,-0.1378,10,0.0,True,True,bearish_vol_divergence
CEPO,2026-04-14 19:00:00+00:00,2026-04-15 18:00:00+00:00,10.595,10.585,10.6,-0.01,-0.0944,10,0.0,True,True,bearish_vol_divergence
CEPO,2026-04-16 19:45:00+00:00,2026-04-22 19:45:00+00:00,10.595,10.59,10.64,-0.005,-0.0472,38,0.0,True,True,bearish_vol_divergence
CEPO,2026-04-17 14:45:00+00:00,2026-04-22 19:45:00+00:00,10.6,10.59,10.64,-0.01,-0.0943,37,0.0,True,True,bearish_vol_divergence
CEPO,2026-04-17 15:45:00+00:00,2026-04-22 19:45:00+00:00,10.605,10.59,10.64,-0.015,-0.1414,33,0.0,True,True,bearish_vol_divergence
CEPO,2026-04-17 19:45:00+00:00,2026-04-22 19:45:00+00:00,10.605,10.59,10.64,-0.015,-0.1414,25,0.0,True,True,bearish_vol_divergence
CEPO,2026-04-20 14:45:00+00:00,2026-04-22 19:45:00+00:00,10.6139,10.59,10.64,-0.0239,-0.2252,23,0.0,True,True,bearish_vol_divergence
CEPO,2026-04-20 18:00:00+00:00,2026-04-22 19:45:00+00:00,10.615,10.59,10.64,-0.025,-0.2355,20,0.0,True,True,bearish_vol_divergence
CEPO,2026-04-21 18:00:00+00:00,2026-04-22 19:45:00+00:00,10.63,10.59,10.64,-0.04,-0.3763,11,0.0,True,True,bearish_vol_divergence
CEPO,2026-04-28 19:45:00+00:00,2026-04-30 18:15:00+00:00,10.605,10.58,10.61,-0.025,-0.2357,12,0.0,True,True,bearish_vol_divergence
CEPO,2026-04-29 15:30:00+00:00,2026-04-30 18:15:00+00:00,10.6,10.58,10.61,-0.02,-0.1887,10,0.0,True,True,bearish_vol_divergence
CEPO,2026-04-29 16:00:00+00:00,2026-04-30 19:15:00+00:00,10.61,10.585,10.61,-0.025,-0.2356,10,0.0,True,True,bearish_vol_divergence
CEPO,2026-04-29 16:45:00+00:00,2026-05-01 15:15:00+00:00,10.6,10.58,10.6,-0.02,-0.1887,10,0.0,True,True,bearish_vol_divergence
CEPO,2026-05-07 14:45:00+00:00,2026-05-08 17:45:00+00:00,10.578,10.58,10.58,0.002,0.0189,10,0.0,True,True,bearish_vol_divergence
CEPO,2026-05-07 15:00:00+00:00,2026-05-08 18:00:00+00:00,10.5799,10.58,10.58,0.0001,0.0009,10,0.0,True,True,bearish_vol_divergence
CEPO,2026-05-07 15:15:00+00:00,2026-05-08 19:45:00+00:00,10.575,10.5711,10.58,-0.0039,-0.0369,10,0.0,True,True,bearish_vol_divergence
CEPO,2026-05-07 18:00:00+00:00,2026-05-11 15:00:00+00:00,10.5714,10.5616,10.58,-0.0098,-0.0927,10,0.0,True,True,bearish_vol_divergence
CEPO,2026-05-07 18:30:00+00:00,2026-05-11 15:45:00+00:00,10.5791,10.565,10.58,-0.0141,-0.1333,10,0.0,True,True,bearish_vol_divergence
CEPO,2026-05-08 17:00:00+00:00,2026-05-11 16:30:00+00:00,10.58,10.56,10.58,-0.02,-0.189,10,0.0,True,True,bearish_vol_divergence
CEPO,2026-06-08 16:15:00+00:00,2026-06-09 18:45:00+00:00,10.6112,10.62,10.63,0.0088,0.0829,10,0.0,True,True,bearish_vol_divergence
CEPO,2026-06-16 19:45:00+00:00,2026-06-17 19:45:00+00:00,10.63,10.632,10.64,0.002,0.0188,10,0.0,True,True,bearish_vol_divergence
CETX,2026-04-30 16:15:00+00:00,2026-05-01 19:00:00+00:00,11.35,11.05,11.55,-0.3,-2.6432,33,-100.0,True,True,bearish_vol_divergence
CETX,2026-04-30 16:45:00+00:00,2026-05-01 19:00:00+00:00,11.2,11.05,11.55,-0.15,-1.3393,31,-42.86,True,True,bearish_vol_divergence
CETX,2026-05-11 19:00:00+00:00,2026-05-13 16:00:00+00:00,8.116,7.765,8.38,-0.351,-4.3248,31,-100.0,True,True,bearish_vol_divergence
CETX,2026-05-11 19:15:00+00:00,2026-05-13 16:00:00+00:00,8.119,7.765,8.38,-0.354,-4.3601,30,-100.0,True,True,bearish_vol_divergence
CETX,2026-05-11 19:30:00+00:00,2026-05-13 16:00:00+00:00,8.1,7.765,8.38,-0.335,-4.1358,29,-100.0,True,True,bearish_vol_divergence
CETX,2026-05-22 19:00:00+00:00,2026-05-26 19:00:00+00:00,9.324,8.68,9.634,-0.644,-6.9069,21,-100.0,True,True,bearish_vol_divergence
CETX,2026-05-27 14:30:00+00:00,2026-05-27 17:00:00+00:00,8.769,8.8,8.88,0.031,0.3535,10,27.93,True,True,bearish_vol_divergence
CETX,2026-05-27 14:45:00+00:00,2026-05-27 17:15:00+00:00,8.821,8.831,8.88,0.01,0.1134,10,16.95,True,True,bearish_vol_divergence
CETX,2026-05-27 15:00:00+00:00,2026-05-27 18:15:00+00:00,8.703,8.749,8.88,0.046,0.5285,12,25.99,True,True,bearish_vol_divergence
CETX,2026-05-27 15:30:00+00:00,2026-05-27 18:15:00+00:00,8.8,8.749,8.88,-0.051,-0.5796,10,-63.75,True,True,bearish_vol_divergence
CETX,2026-05-27 16:00:00+00:00,2026-05-27 18:45:00+00:00,8.706,8.782,8.873,0.076,0.873,10,45.51,True,True,bearish_vol_divergence
CETX,2026-06-05 15:30:00+00:00,2026-06-08 18:30:00+00:00,6.3,4.975,6.72,-1.325,-21.0317,34,-100.0,True,True,bearish_vol_divergence
CETX,2026-06-10 19:30:00+00:00,2026-06-15 16:30:00+00:00,4.33,4.055,4.4461,-0.275,-6.351,52,-100.0,True,True,bearish_vol_divergence
CETX,2026-06-10 19:45:00+00:00,2026-06-15 16:30:00+00:00,4.31,4.055,4.4461,-0.255,-5.9165,51,-100.0,True,True,bearish_vol_divergence
CETX,2026-06-11 14:45:00+00:00,2026-06-15 16:30:00+00:00,4.4,4.055,4.41,-0.345,-7.8409,49,0.0,True,True,bearish_vol_divergence
CETX,2026-06-11 15:15:00+00:00,2026-06-15 16:30:00+00:00,4.3499,4.055,4.38,-0.2949,-6.7795,47,-100.0,True,True,bearish_vol_divergence
CETX,2026-06-11 16:15:00+00:00,2026-06-15 16:30:00+00:00,4.3125,4.055,4.38,-0.2575,-5.971,43,-100.0,True,True,bearish_vol_divergence
CETX,2026-06-16 18:30:00+00:00,2026-06-22 19:45:00+00:00,4.08,3.86,4.1762,-0.22,-5.3922,48,-100.0,True,True,bearish_vol_divergence
CHNR,2026-05-14 17:45:00+00:00,2026-05-21 14:30:00+00:00,4.19,4.1,4.41,-0.09,-2.148,30,-40.91,True,True,bearish_vol_divergence
CHNR,2026-05-28 19:00:00+00:00,2026-06-09 14:45:00+00:00,4.06,4.39,4.75,0.33,8.1281,69,47.83,True,True,bearish_vol_divergence
CHNR,2026-06-15 16:30:00+00:00,2026-06-22 19:30:00+00:00,4.0901,4.06,4.48,-0.0301,-0.7359,38,-7.72,True,True,end_of_data
CHNR,2026-06-15 16:45:00+00:00,2026-06-22 19:30:00+00:00,3.93,4.06,4.48,0.13,3.3079,37,23.64,True,True,end_of_data
CHNR,2026-06-15 17:00:00+00:00,2026-06-22 19:30:00+00:00,4.04,4.06,4.48,0.02,0.495,36,4.55,True,True,end_of_data
CHR,2026-04-29 19:15:00+00:00,2026-05-07 18:15:00+00:00,1.67,1.8799,1.9599,0.2099,12.5689,69,72.4,True,True,bearish_vol_divergence
CHR,2026-05-07 16:30:00+00:00,2026-05-14 15:15:00+00:00,1.8165,1.57,1.95,-0.2465,-13.57,57,-100.0,True,True,bearish_vol_divergence
CHR,2026-05-18 15:15:00+00:00,2026-05-20 19:00:00+00:00,1.8483,1.685,1.97,-0.1633,-8.8351,42,-100.0,True,True,bearish_vol_divergence
CHR,2026-05-18 15:45:00+00:00,2026-05-20 19:00:00+00:00,1.89,1.685,1.97,-0.205,-10.8466,40,-100.0,True,True,bearish_vol_divergence
CHR,2026-05-18 16:00:00+00:00,2026-05-20 19:00:00+00:00,1.9,1.685,1.97,-0.215,-11.3158,39,-100.0,True,True,bearish_vol_divergence
CHR,2026-05-21 15:15:00+00:00,2026-05-22 18:30:00+00:00,1.75,1.815,1.83,0.065,3.7143,20,81.25,True,True,bearish_vol_divergence
CHR,2026-05-21 15:30:00+00:00,2026-05-22 18:30:00+00:00,1.735,1.815,1.83,0.08,4.611,19,84.21,True,True,bearish_vol_divergence
CHR,2026-05-21 16:30:00+00:00,2026-05-22 18:30:00+00:00,1.76,1.815,1.83,0.055,3.125,18,78.57,True,True,bearish_vol_divergence
CHR,2026-05-26 19:00:00+00:00,2026-05-28 17:15:00+00:00,2.0,2.1,2.28,0.1,5.0,36,35.71,True,True,bearish_vol_divergence
CHR,2026-05-29 15:00:00+00:00,2026-06-01 18:15:00+00:00,2.04,2.47,2.54,0.43,21.0784,33,86.0,True,True,bearish_vol_divergence
CHR,2026-05-29 17:00:00+00:00,2026-06-01 18:15:00+00:00,2.075,2.47,2.54,0.395,19.0361,27,84.95,True,True,bearish_vol_divergence
CHR,2026-05-29 17:30:00+00:00,2026-06-01 18:15:00+00:00,2.0999,2.47,2.54,0.3701,17.6246,25,84.09,True,True,bearish_vol_divergence
CHR,2026-06-05 16:15:00+00:00,2026-06-09 18:30:00+00:00,2.32,1.895,2.4,-0.425,-18.319,48,-100.0,True,True,bearish_vol_divergence
CHR,2026-06-05 17:00:00+00:00,2026-06-09 18:30:00+00:00,2.2889,1.895,2.4,-0.3939,-17.2091,46,-100.0,True,True,bearish_vol_divergence
CHR,2026-06-09 15:45:00+00:00,2026-06-09 18:30:00+00:00,1.8801,1.895,1.9,0.0149,0.7925,10,74.87,True,True,bearish_vol_divergence
CHR,2026-06-09 16:15:00+00:00,2026-06-09 19:30:00+00:00,1.88,1.91,1.91,0.03,1.5957,12,100.0,True,True,bearish_vol_divergence
CHSN,2026-04-29 18:45:00+00:00,2026-05-05 18:45:00+00:00,3.22,2.17,3.43,-1.05,-32.6087,88,-100.0,True,True,bearish_vol_divergence
CHSN,2026-04-29 19:00:00+00:00,2026-05-05 18:45:00+00:00,3.21,2.17,3.36,-1.04,-32.3988,87,-100.0,True,True,bearish_vol_divergence
CHSN,2026-04-29 19:30:00+00:00,2026-05-05 18:45:00+00:00,3.33,2.17,3.36,-1.16,-34.8348,85,-100.0,True,True,bearish_vol_divergence
CHSN,2026-04-29 19:45:00+00:00,2026-05-05 18:45:00+00:00,3.29,2.17,3.35,-1.12,-34.0426,84,-100.0,True,True,bearish_vol_divergence
CHSN,2026-05-01 14:45:00+00:00,2026-05-05 18:45:00+00:00,3.29,2.17,3.35,-1.12,-34.0426,60,-100.0,True,True,bearish_vol_divergence
CHSN,2026-05-05 18:30:00+00:00,2026-05-07 14:30:00+00:00,2.14,1.72,2.28,-0.42,-19.6262,28,-100.0,True,True,bearish_vol_divergence
CHSN,2026-05-06 18:45:00+00:00,2026-05-12 19:30:00+00:00,1.64,1.3099,1.94,-0.3301,-20.128,90,-100.0,True,True,bearish_vol_divergence
CHSN,2026-05-08 18:30:00+00:00,2026-05-12 19:30:00+00:00,1.5,1.3099,1.52,-0.1901,-12.6733,47,-100.0,True,True,bearish_vol_divergence
CHSN,2026-05-08 18:45:00+00:00,2026-05-12 19:30:00+00:00,1.4601,1.3099,1.5096,-0.1502,-10.287,46,-100.0,True,True,bearish_vol_divergence
CHSN,2026-05-08 19:45:00+00:00,2026-05-12 19:30:00+00:00,1.49,1.3099,1.5,-0.1801,-12.0872,42,-100.0,True,True,bearish_vol_divergence
CHSN,2026-05-11 18:45:00+00:00,2026-05-12 19:30:00+00:00,1.4,1.3099,1.44,-0.0901,-6.4357,24,-100.0,True,True,bearish_vol_divergence
CHSN,2026-05-11 19:15:00+00:00,2026-05-12 19:30:00+00:00,1.415,1.3099,1.44,-0.1051,-7.4276,22,-100.0,True,True,bearish_vol_divergence
CHSN,2026-05-12 14:30:00+00:00,2026-05-12 19:30:00+00:00,1.27,1.3099,1.345,0.0399,3.1417,19,53.2,True,True,bearish_vol_divergence
CHSN,2026-05-20 16:30:00+00:00,2026-05-22 14:45:00+00:00,1.22,1.31,1.365,0.09,7.377,35,62.07,True,True,bearish_vol_divergence
CHSN,2026-05-20 16:45:00+00:00,2026-05-22 14:45:00+00:00,1.22,1.31,1.365,0.09,7.377,34,62.07,True,True,bearish_vol_divergence
CHSN,2026-05-20 17:00:00+00:00,2026-05-22 14:45:00+00:00,1.2101,1.31,1.365,0.0999,8.2555,33,64.49,True,True,bearish_vol_divergence
CHSN,2026-05-26 19:00:00+00:00,2026-05-28 18:15:00+00:00,1.19,1.0489,1.21,-0.1411,-11.8571,40,-100.0,True,True,bearish_vol_divergence
CHSN,2026-05-26 19:30:00+00:00,2026-05-28 18:15:00+00:00,1.21,1.0489,1.21,-0.1611,-13.3141,38,0.0,True,True,bearish_vol_divergence
CHSN,2026-05-28 16:00:00+00:00,2026-05-28 19:00:00+00:00,1.0197,1.07,1.08,0.0503,4.9328,11,83.42,True,True,bearish_vol_divergence
CHSN,2026-05-28 16:15:00+00:00,2026-05-28 19:00:00+00:00,1.0301,1.07,1.08,0.0399,3.8734,10,79.96,True,True,bearish_vol_divergence
CHSN,2026-05-28 16:30:00+00:00,2026-05-28 19:30:00+00:00,1.0316,1.0527,1.08,0.0211,2.0454,10,43.6,True,True,bearish_vol_divergence
CHSN,2026-06-03 18:45:00+00:00,2026-06-04 18:00:00+00:00,1.17,1.2704,1.2902,0.1004,8.5812,17,83.53,True,True,bearish_vol_divergence
CHSN,2026-06-18 14:45:00+00:00,2026-06-22 19:00:00+00:00,1.19,1.09,1.19,-0.1,-8.4034,27,0.0,True,True,bearish_vol_divergence
CHSN,2026-06-18 19:45:00+00:00,2026-06-22 19:00:00+00:00,1.1418,1.09,1.15,-0.0518,-4.5367,12,-100.0,True,True,bearish_vol_divergence
CIIT,2026-05-06 18:00:00+00:00,2026-05-12 19:45:00+00:00,1.441,1.3799,1.53,-0.0611,-4.2401,32,-68.65,True,True,bearish_vol_divergence
CIIT,2026-05-06 19:15:00+00:00,2026-05-12 19:45:00+00:00,1.44,1.3799,1.53,-0.0601,-4.1736,31,-66.78,True,True,bearish_vol_divergence
CIIT,2026-05-13 15:00:00+00:00,2026-05-19 19:30:00+00:00,1.23,1.3,1.36,0.07,5.6911,36,53.85,True,True,bearish_vol_divergence
CIIT,2026-05-22 19:30:00+00:00,2026-05-27 15:00:00+00:00,1.31,1.29,1.3368,-0.02,-1.5267,10,-74.63,True,True,bearish_vol_divergence
CIIT,2026-06-01 14:30:00+00:00,2026-06-12 14:45:00+00:00,1.28,1.7486,3.42,0.4686,36.6094,114,21.9,True,True,bearish_vol_divergence
CIIT,2026-06-01 19:45:00+00:00,2026-06-12 14:45:00+00:00,1.34,1.7486,3.42,0.4086,30.4925,108,19.64,True,True,bearish_vol_divergence
CIIT,2026-06-09 19:30:00+00:00,2026-06-12 14:45:00+00:00,1.165,1.7486,3.42,0.5836,50.0944,47,25.88,True,True,bearish_vol_divergence
CIIT,2026-06-11 18:45:00+00:00,2026-06-16 17:00:00+00:00,1.62,0.5934,2.95,-1.0266,-63.3704,59,-77.19,True,True,bearish_vol_divergence
CIIT,2026-06-15 17:15:00+00:00,2026-06-16 17:00:00+00:00,1.78,0.5934,1.8399,-1.1866,-66.6629,21,-100.0,True,True,bearish_vol_divergence
CIIT,2026-06-15 18:15:00+00:00,2026-06-16 17:00:00+00:00,1.68,0.5934,1.74,-1.0866,-64.6786,17,-100.0,True,True,bearish_vol_divergence
CIIT,2026-06-18 18:45:00+00:00,2026-06-22 17:00:00+00:00,0.5249,0.4989,0.5488,-0.026,-4.9533,15,-100.0,True,True,bearish_vol_divergence
CIIT,2026-06-22 16:15:00+00:00,2026-06-22 19:45:00+00:00,0.48,0.487,0.499,0.007,1.4583,13,36.84,True,True,end_of_data
CISS,2026-05-06 18:15:00+00:00,2026-05-12 19:30:00+00:00,3.34,3.36,3.46,0.02,0.5988,33,16.67,True,True,bearish_vol_divergence
CISS,2026-05-11 16:30:00+00:00,2026-05-12 19:30:00+00:00,3.265,3.36,3.393,0.095,2.9096,10,74.22,True,True,bearish_vol_divergence
CISS,2026-05-11 19:00:00+00:00,2026-05-14 18:30:00+00:00,3.265,3.275,3.393,0.01,0.3063,21,7.81,True,True,bearish_vol_divergence
CISS,2026-05-19 18:30:00+00:00,2026-05-20 17:45:00+00:00,2.59,2.68,2.77,0.09,3.4749,18,50.0,True,True,bearish_vol_divergence
CISS,2026-05-26 14:30:00+00:00,2026-05-26 19:45:00+00:00,2.3463,2.39,2.49,0.0437,1.8625,21,30.41,True,True,bearish_vol_divergence
CISS,2026-05-26 14:45:00+00:00,2026-05-26 19:45:00+00:00,2.38,2.39,2.49,0.01,0.4202,20,9.09,True,True,bearish_vol_divergence
CISS,2026-05-26 15:30:00+00:00,2026-05-26 19:45:00+00:00,2.344,2.39,2.49,0.046,1.9625,17,31.51,True,True,bearish_vol_divergence
CISS,2026-05-28 19:30:00+00:00,2026-06-01 17:30:00+00:00,2.33,2.29,2.41,-0.04,-1.7167,31,-50.0,True,True,bearish_vol_divergence
CISS,2026-05-29 19:30:00+00:00,2026-06-01 17:30:00+00:00,2.32,2.29,2.39,-0.03,-1.2931,11,-42.86,True,True,bearish_vol_divergence
CISS,2026-06-08 16:30:00+00:00,2026-06-09 16:00:00+00:00,2.1501,2.1555,2.22,0.0054,0.2511,18,7.73,True,True,bearish_vol_divergence
CISS,2026-06-09 16:00:00+00:00,2026-06-11 19:30:00+00:00,2.1555,2.265,2.29,0.1095,5.08,55,81.41,True,True,bearish_vol_divergence
CISS,2026-06-11 19:00:00+00:00,2026-06-15 15:30:00+00:00,2.235,2.21,2.3499,-0.025,-1.1186,28,-21.76,True,True,bearish_vol_divergence
CISS,2026-06-17 19:45:00+00:00,2026-06-22 17:00:00+00:00,2.2,2.075,2.25,-0.125,-5.6818,32,-100.0,True,True,bearish_vol_divergence
CISS,2026-06-22 15:30:00+00:00,2026-06-22 19:45:00+00:00,2.075,2.09,2.15,0.015,0.7229,14,20.0,True,True,end_of_data
CLIK,2026-04-30 19:00:00+00:00,2026-05-01 19:45:00+00:00,2.765,2.775,2.8508,0.01,0.3617,15,11.66,True,True,bearish_vol_divergence
CLIK,2026-04-30 19:30:00+00:00,2026-05-01 19:45:00+00:00,2.8,2.775,2.8508,-0.025,-0.8929,14,-49.21,True,True,bearish_vol_divergence
CLIK,2026-05-12 18:45:00+00:00,2026-05-13 19:45:00+00:00,1.97,1.6601,1.995,-0.3099,-15.731,26,-100.0,True,True,bearish_vol_divergence
CLIK,2026-05-12 19:00:00+00:00,2026-05-13 19:45:00+00:00,1.96,1.6601,1.995,-0.2999,-15.301,25,-100.0,True,True,bearish_vol_divergence
CLIK,2026-05-22 16:30:00+00:00,2026-05-26 14:30:00+00:00,1.42,1.495,1.495,0.075,5.2817,12,100.0,True,True,bearish_vol_divergence
CLIK,2026-06-04 18:30:00+00:00,2026-06-08 16:15:00+00:00,1.89,2.46,3.12,0.57,30.1587,31,46.34,True,True,bearish_vol_divergence
CLIK,2026-06-10 15:30:00+00:00,2026-06-11 17:45:00+00:00,1.72,1.5625,1.7685,-0.1575,-9.157,31,-100.0,True,True,bearish_vol_divergence
CLIK,2026-06-11 17:45:00+00:00,2026-06-12 18:00:00+00:00,1.5625,1.635,1.67,0.0725,4.64,23,67.44,True,True,bearish_vol_divergence
CLIK,2026-06-11 18:00:00+00:00,2026-06-12 18:00:00+00:00,1.575,1.635,1.67,0.06,3.8095,22,63.16,True,True,bearish_vol_divergence
CLIK,2026-06-11 18:45:00+00:00,2026-06-12 18:00:00+00:00,1.56,1.635,1.67,0.075,4.8077,19,68.18,True,True,bearish_vol_divergence
CLIK,2026-06-12 15:00:00+00:00,2026-06-12 18:00:00+00:00,1.5701,1.635,1.65,0.0649,4.1335,12,81.23,True,True,bearish_vol_divergence
CLIK,2026-06-12 16:15:00+00:00,2026-06-16 17:00:00+00:00,1.595,1.48,1.65,-0.115,-7.21,43,-100.0,True,True,bearish_vol_divergence
CLIK,2026-06-17 14:45:00+00:00,2026-06-17 18:45:00+00:00,1.4406,1.44,1.46,-0.0006,-0.0416,13,-3.09,True,True,bearish_vol_divergence
CLIK,2026-06-18 19:15:00+00:00,2026-06-22 18:45:00+00:00,1.445,1.4301,1.45,-0.0149,-1.0311,11,0.0,True,True,bearish_vol_divergence
CLWT,2026-06-08 19:45:00+00:00,2026-06-12 15:00:00+00:00,1.4797,1.3301,1.55,-0.1496,-10.1102,68,-100.0,True,True,bearish_vol_divergence
CLWT,2026-06-11 18:30:00+00:00,2026-06-12 15:30:00+00:00,1.36,1.37,1.39,0.01,0.7353,10,33.33,True,True,bearish_vol_divergence
CLWT,2026-06-15 18:00:00+00:00,2026-06-16 18:45:00+00:00,1.26,1.21,1.29,-0.05,-3.9683,17,-100.0,True,True,bearish_vol_divergence
CLWT,2026-06-15 18:15:00+00:00,2026-06-16 18:45:00+00:00,1.25,1.21,1.29,-0.04,-3.2,16,-100.0,True,True,bearish_vol_divergence
CLWT,2026-06-15 19:45:00+00:00,2026-06-16 18:45:00+00:00,1.27,1.21,1.27,-0.06,-4.7244,12,0.0,True,True,bearish_vol_divergence
CLWT,2026-06-18 18:00:00+00:00,2026-06-22 19:45:00+00:00,1.8,1.84,1.96,0.04,2.2222,29,25.0,True,True,end_of_data
CMCT,2026-05-11 19:00:00+00:00,2026-05-26 16:00:00+00:00,5.905,5.22,6.02,-0.685,-11.6003,113,-100.0,True,True,bearish_vol_divergence
CMCT,2026-05-13 17:45:00+00:00,2026-05-26 16:00:00+00:00,5.65,5.22,5.74,-0.43,-7.6106,91,-100.0,True,True,bearish_vol_divergence
CMCT,2026-05-13 19:30:00+00:00,2026-05-26 16:00:00+00:00,5.61,5.22,5.7399,-0.39,-6.9519,86,-100.0,True,True,bearish_vol_divergence
CMCT,2026-05-18 14:45:00+00:00,2026-05-26 16:00:00+00:00,4.9133,5.22,5.23,0.3067,6.2422,56,96.84,True,True,bearish_vol_divergence
CMCT,2026-05-18 15:15:00+00:00,2026-05-26 16:00:00+00:00,4.785,5.22,5.23,0.435,9.0909,54,97.75,True,True,bearish_vol_divergence
CMCT,2026-05-18 15:45:00+00:00,2026-05-26 16:00:00+00:00,4.93,5.22,5.23,0.29,5.8824,52,96.67,True,True,bearish_vol_divergence
CMCT,2026-05-20 14:30:00+00:00,2026-05-26 16:00:00+00:00,4.78,5.22,5.23,0.44,9.205,38,97.78,True,True,bearish_vol_divergence
CMCT,2026-05-20 17:30:00+00:00,2026-05-26 16:00:00+00:00,4.895,5.22,5.23,0.325,6.6394,33,97.01,True,True,bearish_vol_divergence
CMCT,2026-05-20 18:00:00+00:00,2026-05-26 16:00:00+00:00,5.07,5.22,5.23,0.15,2.9586,32,93.75,True,True,bearish_vol_divergence
CMCT,2026-05-20 18:15:00+00:00,2026-05-26 16:00:00+00:00,4.895,5.22,5.23,0.325,6.6394,31,97.01,True,True,bearish_vol_divergence
CMCT,2026-05-20 19:00:00+00:00,2026-05-26 16:00:00+00:00,4.835,5.22,5.23,0.385,7.9628,28,97.47,True,True,bearish_vol_divergence
CMND,2026-05-06 18:45:00+00:00,2026-05-07 16:45:00+00:00,5.548,5.847,5.85,0.299,5.3893,14,99.01,True,True,bearish_vol_divergence
CMND,2026-05-06 19:00:00+00:00,2026-05-07 16:45:00+00:00,5.551,5.847,5.85,0.296,5.3324,13,99.0,True,True,bearish_vol_divergence
CMND,2026-05-06 19:30:00+00:00,2026-05-07 16:45:00+00:00,5.606,5.847,5.85,0.241,4.299,11,98.77,True,True,bearish_vol_divergence
CMND,2026-05-19 18:30:00+00:00,2026-05-20 17:30:00+00:00,2.36,2.4,2.437,0.04,1.6949,18,51.95,True,True,bearish_vol_divergence
CMND,2026-05-19 19:45:00+00:00,2026-05-20 17:30:00+00:00,2.368,2.4,2.437,0.032,1.3513,13,46.38,True,True,bearish_vol_divergence
CMND,2026-05-20 14:30:00+00:00,2026-05-20 17:30:00+00:00,2.347,2.4,2.437,0.053,2.2582,12,58.89,True,True,bearish_vol_divergence
CMND,2026-05-20 14:45:00+00:00,2026-05-20 17:30:00+00:00,2.4,2.4,2.4,0.0,0.0,11,0.0,True,True,bearish_vol_divergence
CMND,2026-05-20 15:00:00+00:00,2026-05-20 17:30:00+00:00,2.388,2.4,2.4,0.012,0.5025,10,100.0,True,True,bearish_vol_divergence
CMND,2026-05-21 19:15:00+00:00,2026-05-26 16:45:00+00:00,2.35,2.54,2.698,0.19,8.0851,31,54.6,True,True,bearish_vol_divergence
CMND,2026-05-22 14:30:00+00:00,2026-05-26 16:45:00+00:00,2.24,2.54,2.698,0.3,13.3929,28,65.5,True,True,bearish_vol_divergence
CMND,2026-05-22 19:30:00+00:00,2026-05-26 16:45:00+00:00,2.255,2.54,2.698,0.285,12.6386,11,64.33,True,True,bearish_vol_divergence
CMND,2026-05-22 19:45:00+00:00,2026-05-26 16:45:00+00:00,2.3,2.54,2.698,0.24,10.4348,10,60.3,True,True,bearish_vol_divergence
CMND,2026-05-26 15:45:00+00:00,2026-05-29 18:15:00+00:00,2.5814,3.68,3.86,1.0986,42.5583,64,85.92,True,True,bearish_vol_divergence
CMND,2026-06-04 18:00:00+00:00,2026-06-05 16:45:00+00:00,2.945,3.7301,4.04,0.7851,26.6587,17,71.7,True,True,bearish_vol_divergence
CMND,2026-06-09 18:45:00+00:00,2026-06-11 17:30:00+00:00,3.33,3.4,3.55,0.07,2.1021,38,31.82,True,True,bearish_vol_divergence
CMND,2026-06-09 19:00:00+00:00,2026-06-11 17:30:00+00:00,3.39,3.4,3.55,0.01,0.295,37,6.25,True,True,bearish_vol_divergence
CMND,2026-06-10 15:45:00+00:00,2026-06-11 17:30:00+00:00,3.32,3.4,3.55,0.08,2.4096,28,34.78,True,True,bearish_vol_divergence
CMND,2026-06-10 16:15:00+00:00,2026-06-11 17:30:00+00:00,3.425,3.4,3.55,-0.025,-0.7299,26,-20.0,True,True,bearish_vol_divergence
CMND,2026-06-10 16:30:00+00:00,2026-06-11 17:30:00+00:00,3.34,3.4,3.55,0.06,1.7964,25,28.57,True,True,bearish_vol_divergence
CMND,2026-06-10 17:00:00+00:00,2026-06-11 17:30:00+00:00,3.29,3.4,3.55,0.11,3.3435,23,42.31,True,True,bearish_vol_divergence
CMND,2026-06-10 17:15:00+00:00,2026-06-11 17:30:00+00:00,3.28,3.4,3.55,0.12,3.6585,22,44.44,True,True,bearish_vol_divergence
CMND,2026-06-10 17:45:00+00:00,2026-06-11 17:30:00+00:00,3.38,3.4,3.55,0.02,0.5917,20,11.76,True,True,bearish_vol_divergence
CMND,2026-06-15 19:30:00+00:00,2026-06-17 14:30:00+00:00,3.23,3.11,3.48,-0.12,-3.7152,24,-48.0,True,True,bearish_vol_divergence
CMND,2026-06-16 15:15:00+00:00,2026-06-17 14:30:00+00:00,3.3298,3.11,3.465,-0.2198,-6.601,19,-100.0,True,True,bearish_vol_divergence
CMND,2026-06-16 16:15:00+00:00,2026-06-17 14:30:00+00:00,3.23,3.11,3.27,-0.12,-3.7152,15,-100.0,True,True,bearish_vol_divergence
CMND,2026-06-18 18:00:00+00:00,2026-06-22 19:45:00+00:00,3.06,2.97,3.105,-0.09,-2.9412,25,-100.0,True,True,end_of_data
CNET,2026-06-22 19:00:00+00:00,2026-06-22 19:45:00+00:00,0.9443,0.955,0.955,0.0107,1.1331,2,100.0,True,True,end_of_data
CNEY,2026-05-19 18:15:00+00:00,2026-05-28 19:45:00+00:00,1.21,1.62,2.625,0.41,33.8843,128,28.98,True,True,bearish_vol_divergence
CNEY,2026-05-20 14:45:00+00:00,2026-05-28 19:45:00+00:00,1.34,1.62,2.625,0.28,20.8955,120,21.79,True,True,bearish_vol_divergence
CNEY,2026-05-21 18:30:00+00:00,2026-05-28 19:45:00+00:00,1.63,1.62,2.625,-0.01,-0.6135,83,-1.01,True,True,bearish_vol_divergence
CNEY,2026-05-27 14:30:00+00:00,2026-05-28 19:45:00+00:00,2.1501,1.62,2.625,-0.5301,-24.6547,40,-100.0,True,True,bearish_vol_divergence
CNEY,2026-05-28 18:15:00+00:00,2026-06-02 14:30:00+00:00,1.64,1.09,1.7,-0.55,-33.5366,51,-100.0,True,True,bearish_vol_divergence
CNEY,2026-05-28 18:45:00+00:00,2026-06-02 14:30:00+00:00,1.68,1.09,1.7,-0.59,-35.119,49,-100.0,True,True,bearish_vol_divergence
CNEY,2026-05-28 19:00:00+00:00,2026-06-02 14:30:00+00:00,1.645,1.09,1.7,-0.555,-33.7386,48,-100.0,True,True,bearish_vol_divergence
CNEY,2026-06-01 19:15:00+00:00,2026-06-03 16:30:00+00:00,1.01,1.015,1.21,0.005,0.495,30,2.5,True,True,bearish_vol_divergence
CNEY,2026-06-01 19:30:00+00:00,2026-06-03 16:30:00+00:00,1.025,1.015,1.21,-0.01,-0.9756,29,-5.41,True,True,bearish_vol_divergence
CNEY,2026-06-18 16:00:00+00:00,2026-06-22 19:45:00+00:00,0.8001,0.714,0.8554,-0.0861,-10.7612,28,-100.0,True,True,bearish_vol_divergence
CNSP,2026-05-05 18:30:00+00:00,2026-05-08 19:00:00+00:00,6.97,7.3799,7.99,0.4099,5.8809,67,40.19,True,True,bearish_vol_divergence
CNSP,2026-05-11 19:15:00+00:00,2026-05-14 18:00:00+00:00,7.21,5.225,7.45,-1.985,-27.5312,47,-100.0,True,True,bearish_vol_divergence
CNSP,2026-05-14 18:30:00+00:00,2026-05-18 19:30:00+00:00,5.055,4.7,5.17,-0.355,-7.0228,31,-100.0,True,True,bearish_vol_divergence
CNSP,2026-05-14 18:45:00+00:00,2026-05-18 19:30:00+00:00,5.0101,4.7,5.17,-0.3101,-6.1895,30,-100.0,True,True,bearish_vol_divergence
CNSP,2026-05-15 18:00:00+00:00,2026-05-18 19:30:00+00:00,5.1,4.7,5.1,-0.4,-7.8431,20,0.0,True,True,bearish_vol_divergence
CNSP,2026-05-28 17:15:00+00:00,2026-05-29 14:30:00+00:00,4.915,5.035,5.035,0.12,2.4415,11,100.0,True,True,bearish_vol_divergence
CNSP,2026-05-28 17:30:00+00:00,2026-05-29 14:30:00+00:00,4.879,5.035,5.035,0.156,3.1974,10,100.0,True,True,bearish_vol_divergence
CNSP,2026-06-04 15:15:00+00:00,2026-06-09 19:45:00+00:00,5.01,4.59,5.32,-0.42,-8.3832,37,-100.0,True,True,bearish_vol_divergence
CNSP,2026-06-12 15:45:00+00:00,2026-06-22 19:30:00+00:00,5.1,4.45,5.1,-0.65,-12.7451,29,0.0,True,True,end_of_data
CNVS,2026-05-01 14:30:00+00:00,2026-05-01 18:15:00+00:00,2.595,2.62,2.64,0.025,0.9634,11,55.56,True,True,bearish_vol_divergence
CNVS,2026-05-01 15:45:00+00:00,2026-05-01 19:15:00+00:00,2.62,2.61,2.625,-0.01,-0.3817,12,0.0,True,True,bearish_vol_divergence
CNVS,2026-05-01 16:15:00+00:00,2026-05-01 19:15:00+00:00,2.615,2.61,2.625,-0.005,-0.1912,11,0.0,True,True,bearish_vol_divergence
CNVS,2026-05-01 18:00:00+00:00,2026-05-06 14:45:00+00:00,2.6134,2.58,2.64,-0.0334,-1.278,68,-100.0,True,True,bearish_vol_divergence
CNVS,2026-05-07 16:15:00+00:00,2026-05-08 18:45:00+00:00,2.665,2.56,2.714,-0.105,-3.94,32,-100.0,True,True,bearish_vol_divergence
CNVS,2026-05-08 15:15:00+00:00,2026-05-08 18:45:00+00:00,2.65,2.56,2.67,-0.09,-3.3962,12,-100.0,True,True,bearish_vol_divergence
CNVS,2026-05-08 16:30:00+00:00,2026-05-08 19:15:00+00:00,2.63,2.605,2.63,-0.025,-0.9506,10,0.0,True,True,bearish_vol_divergence
CNVS,2026-05-11 18:15:00+00:00,2026-05-12 17:15:00+00:00,2.5501,2.6,2.6799,0.0499,1.9568,22,38.44,True,True,bearish_vol_divergence
CNVS,2026-05-12 17:15:00+00:00,2026-05-12 23:00:00+00:00,2.6,2.62,2.62,0.02,0.7692,10,100.0,True,True,bearish_vol_divergence
CNVS,2026-05-12 19:45:00+00:00,2026-05-13 16:30:00+00:00,2.575,2.68,2.715,0.105,4.0777,16,75.0,True,True,bearish_vol_divergence
CNVS,2026-05-28 20:00:00+00:00,2026-05-29 17:45:00+00:00,2.45,2.5,2.55,0.05,2.0408,17,50.0,True,True,bearish_vol_divergence
CNVS,2026-05-29 14:15:00+00:00,2026-05-29 17:45:00+00:00,2.52,2.5,2.52,-0.02,-0.7937,11,0.0,True,True,bearish_vol_divergence
CNVS,2026-06-01 18:00:00+00:00,2026-06-02 14:30:00+00:00,2.51,2.63,2.65,0.12,4.7809,13,85.71,True,True,bearish_vol_divergence
CNVS,2026-06-09 14:15:00+00:00,2026-06-10 19:45:00+00:00,2.545,2.55,2.59,0.005,0.1965,46,11.11,True,True,bearish_vol_divergence
CNVS,2026-06-17 16:30:00+00:00,2026-06-18 19:45:00+00:00,3.175,2.96,3.2,-0.215,-6.7717,43,-100.0,True,True,bearish_vol_divergence
CNVS,2026-06-18 22:30:00+00:00,2026-06-23 13:45:00+00:00,3.1,2.9,3.1,-0.2,-6.4516,32,0.0,True,True,bearish_vol_divergence
CNVS,2026-06-25 15:00:00+00:00,2026-06-26 17:15:00+00:00,2.81,3.295,3.5699,0.485,17.2598,59,63.82,True,True,bearish_vol_divergence
CNVS,2026-06-25 23:30:00+00:00,2026-06-26 17:15:00+00:00,2.74,3.295,3.5699,0.555,20.2555,31,66.88,True,True,bearish_vol_divergence
CNVS,2026-06-26 10:00:00+00:00,2026-06-26 17:15:00+00:00,2.88,3.295,3.5699,0.415,14.4097,26,60.15,True,True,bearish_vol_divergence
CODX,2026-04-30 19:00:00+00:00,2026-05-01 18:45:00+00:00,1.56,1.55,1.61,-0.01,-0.641,16,-20.0,True,True,bearish_vol_divergence
CODX,2026-05-04 15:15:00+00:00,2026-05-05 14:45:00+00:00,1.57,1.6115,1.63,0.0415,2.6433,12,69.17,True,True,bearish_vol_divergence
CODX,2026-05-12 14:30:00+00:00,2026-05-12 18:00:00+00:00,1.85,1.805,1.9099,-0.045,-2.4324,13,-75.13,True,True,bearish_vol_divergence
CODX,2026-05-12 15:00:00+00:00,2026-05-12 18:00:00+00:00,1.846,1.805,1.8716,-0.041,-2.221,11,-100.0,True,True,bearish_vol_divergence
CODX,2026-05-13 15:30:00+00:00,2026-05-14 19:00:00+00:00,1.65,1.59,1.6856,-0.06,-3.6364,36,-100.0,True,True,bearish_vol_divergence
CODX,2026-05-21 17:00:00+00:00,2026-06-09 17:45:00+00:00,4.0,4.625,13.54,0.625,15.625,267,6.55,True,True,bearish_vol_divergence
CODX,2026-05-22 16:45:00+00:00,2026-06-09 17:45:00+00:00,3.8011,4.625,13.54,0.8239,21.6753,246,8.46,True,True,bearish_vol_divergence
CODX,2026-05-22 19:15:00+00:00,2026-06-09 17:45:00+00:00,5.12,4.625,13.54,-0.495,-9.668,236,-5.88,True,True,bearish_vol_divergence
CODX,2026-05-27 19:00:00+00:00,2026-06-09 17:45:00+00:00,7.53,4.625,13.54,-2.905,-38.579,193,-48.34,True,True,bearish_vol_divergence
CODX,2026-05-27 19:15:00+00:00,2026-06-09 17:45:00+00:00,7.6,4.625,13.54,-2.975,-39.1447,192,-50.08,True,True,bearish_vol_divergence
CODX,2026-06-01 19:15:00+00:00,2026-06-09 17:45:00+00:00,6.115,4.625,7.5105,-1.49,-24.3663,126,-100.0,True,True,bearish_vol_divergence
CODX,2026-06-01 19:45:00+00:00,2026-06-09 17:45:00+00:00,6.36,4.625,7.5105,-1.735,-27.2799,124,-100.0,True,True,bearish_vol_divergence
CODX,2026-06-02 15:30:00+00:00,2026-06-09 17:45:00+00:00,6.775,4.625,7.1673,-2.15,-31.7343,119,-100.0,True,True,bearish_vol_divergence
CODX,2026-06-04 17:45:00+00:00,2026-06-09 17:45:00+00:00,6.105,4.625,6.36,-1.48,-24.2424,66,-100.0,True,True,bearish_vol_divergence
CODX,2026-06-04 18:30:00+00:00,2026-06-09 17:45:00+00:00,5.89,4.625,6.07,-1.265,-21.4771,63,-100.0,True,True,bearish_vol_divergence
CODX,2026-06-05 18:45:00+00:00,2026-06-09 17:45:00+00:00,5.31,4.625,6.07,-0.685,-12.9002,40,-90.13,True,True,bearish_vol_divergence
CODX,2026-06-08 16:30:00+00:00,2026-06-09 17:45:00+00:00,5.09,4.625,5.625,-0.465,-9.1356,27,-86.92,True,True,bearish_vol_divergence
CODX,2026-06-15 17:00:00+00:00,2026-06-16 18:00:00+00:00,3.885,3.89,3.9958,0.005,0.1287,26,4.51,True,True,bearish_vol_divergence
CODX,2026-06-15 17:15:00+00:00,2026-06-16 18:00:00+00:00,3.88,3.89,3.9958,0.01,0.2577,25,8.64,True,True,bearish_vol_divergence
CREG,2026-04-30 17:00:00+00:00,2026-04-30 19:30:00+00:00,8.836,8.933,9.0,0.097,1.0978,10,59.15,True,True,bearish_vol_divergence
CREG,2026-05-08 15:15:00+00:00,2026-05-12 18:15:00+00:00,3.905,2.38,3.952,-1.525,-39.0525,56,-100.0,True,True,bearish_vol_divergence
CREG,2026-05-08 15:30:00+00:00,2026-05-12 18:15:00+00:00,3.899,2.38,3.9,-1.519,-38.9587,55,0.0,True,True,bearish_vol_divergence
CREG,2026-05-14 15:00:00+00:00,2026-05-20 17:45:00+00:00,3.076,3.967,11.9,0.891,28.9662,99,10.1,True,True,bearish_vol_divergence
CREG,2026-05-14 15:15:00+00:00,2026-05-20 17:45:00+00:00,3.088,3.967,11.9,0.879,28.465,98,9.98,True,True,bearish_vol_divergence
CREG,2026-05-20 16:00:00+00:00,2026-06-02 16:00:00+00:00,3.799,3.101,4.0,-0.698,-18.3733,176,-100.0,True,True,bearish_vol_divergence
CREG,2026-05-20 16:30:00+00:00,2026-06-02 16:00:00+00:00,3.764,3.101,4.0,-0.663,-17.6142,174,-100.0,True,True,bearish_vol_divergence
CREG,2026-05-26 15:00:00+00:00,2026-06-02 16:00:00+00:00,3.632,3.101,3.88,-0.531,-14.62,114,-100.0,True,True,bearish_vol_divergence
CREG,2026-05-27 14:30:00+00:00,2026-06-02 16:00:00+00:00,3.322,3.101,3.495,-0.221,-6.6526,94,-100.0,True,True,bearish_vol_divergence
CREG,2026-05-27 15:15:00+00:00,2026-06-02 16:00:00+00:00,3.401,3.101,3.495,-0.3,-8.8209,91,-100.0,True,True,bearish_vol_divergence
CREG,2026-05-27 15:45:00+00:00,2026-06-02 16:00:00+00:00,3.358,3.101,3.495,-0.257,-7.6534,89,-100.0,True,True,bearish_vol_divergence
CREG,2026-05-27 18:45:00+00:00,2026-06-02 16:00:00+00:00,3.282,3.101,3.495,-0.181,-5.5149,77,-84.98,True,True,bearish_vol_divergence
CREG,2026-06-04 15:00:00+00:00,2026-06-04 17:30:00+00:00,3.066,3.146,3.164,0.08,2.6093,10,81.63,True,True,bearish_vol_divergence
CREG,2026-06-09 19:00:00+00:00,2026-06-10 17:30:00+00:00,2.3,2.2,2.329,-0.1,-4.3478,16,-100.0,True,True,bearish_vol_divergence
CREG,2026-06-10 19:15:00+00:00,2026-06-11 18:15:00+00:00,2.2,2.175,2.289,-0.025,-1.1364,18,-28.09,True,True,bearish_vol_divergence
CREG,2026-06-11 14:30:00+00:00,2026-06-11 18:15:00+00:00,2.201,2.175,2.25,-0.026,-1.1813,15,-53.06,True,True,bearish_vol_divergence
CREG,2026-06-11 15:00:00+00:00,2026-06-11 18:15:00+00:00,2.163,2.175,2.2,0.012,0.5548,13,32.43,True,True,bearish_vol_divergence
CREG,2026-06-11 15:45:00+00:00,2026-06-11 18:15:00+00:00,2.15,2.175,2.2,0.025,1.1628,10,50.0,True,True,bearish_vol_divergence
CREG,2026-06-15 16:15:00+00:00,2026-06-15 18:45:00+00:00,1.958,1.97,2.015,0.012,0.6129,10,21.05,True,True,bearish_vol_divergence
CREG,2026-06-22 18:45:00+00:00,2026-06-22 19:45:00+00:00,2.45,2.334,2.45,-0.116,-4.7347,3,0.0,True,True,end_of_data
CRE,2026-06-02 17:30:00+00:00,2026-06-04 18:30:00+00:00,3.195,3.2,3.46,0.005,0.1565,31,1.89,True,True,bearish_vol_divergence
CRE,2026-06-02 19:45:00+00:00,2026-06-04 18:30:00+00:00,3.425,3.2,3.46,-0.225,-6.5693,22,-100.0,True,True,bearish_vol_divergence
CRE,2026-06-03 14:30:00+00:00,2026-06-04 18:30:00+00:00,3.19,3.2,3.3,0.01,0.3135,21,9.09,True,True,bearish_vol_divergence
CRE,2026-06-03 15:00:00+00:00,2026-06-04 18:30:00+00:00,3.11,3.2,3.29,0.09,2.8939,19,50.0,True,True,bearish_vol_divergence
CRE,2026-06-04 18:30:00+00:00,2026-06-17 15:00:00+00:00,3.2,3.8985,6.17,0.6985,21.8281,132,23.52,True,True,bearish_vol_divergence
CRE,2026-06-18 16:45:00+00:00,2026-06-22 19:45:00+00:00,3.85,4.14,4.14,0.29,7.5325,30,100.0,True,True,end_of_data
CRE,2026-06-22 15:30:00+00:00,2026-06-22 19:45:00+00:00,3.8265,4.14,4.14,0.3135,8.1929,13,100.0,True,True,end_of_data
CRE,2026-06-22 16:15:00+00:00,2026-06-22 19:45:00+00:00,3.99,4.14,4.14,0.15,3.7594,11,100.0,True,True,end_of_data
CRVO,2026-05-27 14:45:00+00:00,2026-05-28 16:45:00+00:00,3.12,3.04,3.18,-0.08,-2.5641,25,-100.0,True,True,bearish_vol_divergence
CRVO,2026-05-27 18:00:00+00:00,2026-05-28 16:45:00+00:00,3.075,3.04,3.1023,-0.035,-1.1382,14,-100.0,True,True,bearish_vol_divergence
CRVO,2026-05-27 18:45:00+00:00,2026-05-28 16:45:00+00:00,3.0999,3.04,3.1023,-0.0599,-1.9323,13,0.0,True,True,bearish_vol_divergence
CRVO,2026-06-02 18:45:00+00:00,2026-06-03 19:45:00+00:00,2.965,2.99,3.0,0.025,0.8432,23,71.43,True,True,bearish_vol_divergence
CRVO,2026-06-02 19:15:00+00:00,2026-06-03 19:45:00+00:00,2.97,2.99,3.0,0.02,0.6734,21,66.67,True,True,bearish_vol_divergence
CRVO,2026-06-08 15:45:00+00:00,2026-06-08 19:45:00+00:00,2.915,2.91,2.92,-0.005,-0.1715,13,0.0,True,True,bearish_vol_divergence
CRVO,2026-06-08 16:45:00+00:00,2026-06-11 14:45:00+00:00,2.89,2.42,2.9899,-0.47,-16.263,52,-100.0,True,True,bearish_vol_divergence
CRVO,2026-06-08 17:30:00+00:00,2026-06-11 14:45:00+00:00,2.88,2.42,2.9899,-0.46,-15.9722,50,-100.0,True,True,bearish_vol_divergence
CRVO,2026-06-08 18:00:00+00:00,2026-06-11 14:45:00+00:00,2.8701,2.42,2.9899,-0.4501,-15.6824,48,-100.0,True,True,bearish_vol_divergence
CRWS,2026-04-17 17:00:00+00:00,2026-04-20 18:45:00+00:00,2.77,2.805,2.81,0.035,1.2635,19,87.5,True,True,bearish_vol_divergence
CRWS,2026-04-17 17:15:00+00:00,2026-04-20 18:45:00+00:00,2.755,2.805,2.81,0.05,1.8149,18,90.91,True,True,bearish_vol_divergence
CRWS,2026-04-20 16:45:00+00:00,2026-04-21 18:00:00+00:00,2.8082,2.86,2.87,0.0518,1.8446,18,83.82,True,True,bearish_vol_divergence
CRWS,2026-04-28 16:00:00+00:00,2026-04-29 15:00:00+00:00,2.7999,2.738,2.8,-0.0619,-2.2108,13,0.0,True,True,bearish_vol_divergence
CRWS,2026-04-30 17:45:00+00:00,2026-05-01 17:15:00+00:00,2.79,2.8,2.8215,0.01,0.3584,11,31.75,True,True,bearish_vol_divergence
CRWS,2026-04-30 18:45:00+00:00,2026-05-05 18:15:00+00:00,2.785,2.77,2.845,-0.015,-0.5386,37,-25.0,True,True,bearish_vol_divergence
CRWS,2026-05-11 19:00:00+00:00,2026-05-15 19:30:00+00:00,2.77,2.76,2.84,-0.01,-0.361,26,-14.29,True,True,bearish_vol_divergence
CRWS,2026-05-19 16:45:00+00:00,2026-05-20 16:45:00+00:00,2.71,2.72,2.735,0.01,0.369,10,40.0,True,True,bearish_vol_divergence
CRWS,2026-05-20 19:45:00+00:00,2026-05-22 19:45:00+00:00,2.73,2.72,2.76,-0.01,-0.3663,16,-33.33,True,True,bearish_vol_divergence
CRWS,2026-05-21 17:00:00+00:00,2026-05-22 19:45:00+00:00,2.72,2.72,2.76,0.0,0.0,13,0.0,True,True,bearish_vol_divergence
CRWS,2026-06-12 18:45:00+00:00,2026-06-15 19:45:00+00:00,2.7823,2.75,2.8,-0.0323,-1.1609,17,-100.0,True,True,bearish_vol_divergence
CRWS,2026-06-12 19:45:00+00:00,2026-06-15 19:45:00+00:00,2.77,2.75,2.8,-0.02,-0.722,15,-66.67,True,True,bearish_vol_divergence
CRWS,2026-06-15 15:45:00+00:00,2026-06-15 19:45:00+00:00,2.765,2.75,2.775,-0.015,-0.5425,10,0.0,True,True,bearish_vol_divergence
CRWS,2026-06-16 19:00:00+00:00,2026-06-18 14:45:00+00:00,2.74,2.79,2.79,0.05,1.8248,10,100.0,True,True,bearish_vol_divergence
CRWS,2026-06-23 19:15:00+00:00,2026-06-24 19:45:00+00:00,2.77,2.855,2.8903,0.085,3.0686,11,70.66,True,True,end_of_data
CRWS,2026-06-24 14:45:00+00:00,2026-06-24 19:45:00+00:00,2.825,2.855,2.8903,0.03,1.0619,8,45.94,True,True,end_of_data
CRWS,2026-06-24 15:15:00+00:00,2026-06-24 19:45:00+00:00,2.85,2.855,2.8903,0.005,0.1754,6,12.41,True,True,end_of_data
CTNT,2026-04-29 19:45:00+00:00,2026-04-30 18:15:00+00:00,3.33,3.55,4.12,0.22,6.6066,16,27.85,True,True,bearish_vol_divergence
CTNT,2026-04-30 14:30:00+00:00,2026-04-30 18:15:00+00:00,2.5502,3.55,4.12,0.9998,39.2048,15,63.69,True,True,bearish_vol_divergence
CTNT,2026-04-30 15:15:00+00:00,2026-04-30 18:15:00+00:00,2.625,3.55,4.12,0.925,35.2381,12,61.87,True,True,bearish_vol_divergence
CTNT,2026-04-30 15:30:00+00:00,2026-04-30 18:15:00+00:00,2.6201,3.55,4.12,0.9299,35.491,11,62.0,True,True,bearish_vol_divergence
CTNT,2026-05-05 15:15:00+00:00,2026-05-05 19:00:00+00:00,2.815,2.7333,2.84,-0.0817,-2.9023,15,-100.0,True,True,bearish_vol_divergence
CTNT,2026-05-05 18:45:00+00:00,2026-05-06 19:15:00+00:00,2.74,2.539,2.7694,-0.201,-7.3358,24,-100.0,True,True,bearish_vol_divergence
CTNT,2026-05-07 19:30:00+00:00,2026-05-11 19:00:00+00:00,2.47,2.675,3.13,0.205,8.2996,42,31.06,True,True,bearish_vol_divergence
CTNT,2026-05-08 14:45:00+00:00,2026-05-11 19:00:00+00:00,2.8,2.675,3.13,-0.125,-4.4643,39,-37.88,True,True,bearish_vol_divergence
CTNT,2026-05-12 19:00:00+00:00,2026-05-13 17:45:00+00:00,2.5149,2.2701,2.535,-0.2448,-9.734,17,-100.0,True,True,bearish_vol_divergence
CTNT,2026-05-14 19:00:00+00:00,2026-05-15 17:45:00+00:00,2.022,1.83,2.035,-0.192,-9.4956,17,-100.0,True,True,bearish_vol_divergence
CTNT,2026-05-15 14:30:00+00:00,2026-05-15 17:45:00+00:00,1.885,1.83,1.895,-0.055,-2.9178,13,-100.0,True,True,bearish_vol_divergence
CTNT,2026-05-15 14:45:00+00:00,2026-05-15 17:45:00+00:00,1.872,1.83,1.8743,-0.042,-2.2436,12,0.0,True,True,bearish_vol_divergence
CTNT,2026-05-15 19:45:00+00:00,2026-05-18 19:45:00+00:00,1.845,1.76,1.8911,-0.085,-4.607,20,-100.0,True,True,bearish_vol_divergence
CTNT,2026-05-27 16:30:00+00:00,2026-05-29 17:15:00+00:00,1.64,1.67,1.72,0.03,1.8293,40,37.5,True,True,bearish_vol_divergence
CTNT,2026-05-29 18:15:00+00:00,2026-06-01 16:30:00+00:00,1.71,1.72,1.735,0.01,0.5848,15,40.0,True,True,bearish_vol_divergence
CTNT,2026-05-29 18:45:00+00:00,2026-06-01 16:30:00+00:00,1.7078,1.72,1.735,0.0122,0.7144,13,44.85,True,True,bearish_vol_divergence
CTNT,2026-06-04 16:30:00+00:00,2026-06-04 19:00:00+00:00,1.93,1.925,1.97,-0.005,-0.2591,10,-12.5,True,True,bearish_vol_divergence
CTNT,2026-06-04 17:30:00+00:00,2026-06-08 19:15:00+00:00,1.89,1.8301,1.99,-0.0599,-3.1693,51,-59.9,True,True,bearish_vol_divergence
CTNT,2026-06-18 14:45:00+00:00,2026-06-22 14:30:00+00:00,1.831,1.76,1.88,-0.071,-3.8777,21,-100.0,True,True,bearish_vol_divergence
CTNT,2026-06-22 17:15:00+00:00,2026-06-22 19:45:00+00:00,1.82,1.815,1.89,-0.005,-0.2747,10,-7.14,True,True,end_of_data
CUE,2026-04-28 17:00:00+00:00,2026-05-04 17:15:00+00:00,13.34,31.71,38.0,18.37,137.7061,79,74.49,True,True,bearish_vol_divergence
CUE,2026-04-30 14:30:00+00:00,2026-05-04 17:15:00+00:00,15.0,31.71,38.0,16.71,111.4,51,72.65,True,True,bearish_vol_divergence
CUE,2026-04-30 14:45:00+00:00,2026-05-04 17:15:00+00:00,14.93,31.71,38.0,16.78,112.3911,50,72.74,True,True,bearish_vol_divergence
CUE,2026-05-21 19:45:00+00:00,2026-05-27 14:45:00+00:00,20.0801,20.755,22.51,0.6749,3.361,43,27.77,True,True,bearish_vol_divergence
CUE,2026-05-27 18:00:00+00:00,2026-05-29 18:30:00+00:00,20.1896,22.1,23.43,1.9104,9.4623,33,58.96,True,True,bearish_vol_divergence
CUE,2026-05-27 18:30:00+00:00,2026-05-29 18:30:00+00:00,19.95,22.1,23.43,2.15,10.7769,32,61.78,True,True,bearish_vol_divergence
CUE,2026-05-28 15:30:00+00:00,2026-05-29 18:30:00+00:00,21.86,22.1,23.43,0.24,1.0979,26,15.29,True,True,bearish_vol_divergence
CUE,2026-06-04 18:45:00+00:00,2026-06-05 18:00:00+00:00,28.81,28.3,31.16,-0.51,-1.7702,15,-21.7,True,True,bearish_vol_divergence
CUE,2026-06-04 19:00:00+00:00,2026-06-05 18:00:00+00:00,29.73,28.3,31.16,-1.43,-4.81,14,-100.0,True,True,bearish_vol_divergence
CUPR,2026-05-01 18:30:00+00:00,2026-05-07 18:30:00+00:00,2.0472,2.1416,2.2696,0.0944,4.6112,58,42.45,True,True,bearish_vol_divergence
CUPR,2026-05-01 19:45:00+00:00,2026-05-07 18:30:00+00:00,2.0176,2.1416,2.2696,0.124,6.1459,55,49.21,True,True,bearish_vol_divergence
CUPR,2026-05-07 15:45:00+00:00,2026-05-18 19:00:00+00:00,2.092,2.0696,3.0704,-0.0224,-1.0707,126,-2.29,True,True,bearish_vol_divergence
CUPR,2026-05-08 17:30:00+00:00,2026-05-18 19:00:00+00:00,2.28,2.0696,3.0704,-0.2104,-9.2281,106,-26.62,True,True,bearish_vol_divergence
CUPR,2026-05-13 18:00:00+00:00,2026-05-18 19:00:00+00:00,1.8304,2.0696,2.272,0.2392,13.0682,57,54.17,True,True,bearish_vol_divergence
CUPR,2026-05-13 18:15:00+00:00,2026-05-18 19:00:00+00:00,1.804,2.0696,2.272,0.2656,14.7228,56,56.75,True,True,bearish_vol_divergence
CUPR,2026-05-19 15:30:00+00:00,2026-05-21 15:15:00+00:00,2.1416,2.0816,2.1528,-0.06,-2.8016,28,-100.0,True,True,bearish_vol_divergence
CUPR,2026-05-19 17:15:00+00:00,2026-05-21 15:15:00+00:00,2.0992,2.0816,2.1528,-0.0176,-0.8384,24,-32.84,True,True,bearish_vol_divergence
CUPR,2026-05-21 17:15:00+00:00,2026-05-22 18:45:00+00:00,2.1168,2.1592,2.2152,0.0424,2.003,20,43.09,True,True,bearish_vol_divergence
CUPR,2026-05-22 19:00:00+00:00,2026-05-26 17:30:00+00:00,2.1592,2.0192,2.16,-0.14,-6.4839,14,0.0,True,True,bearish_vol_divergence
CUPR,2026-05-29 19:00:00+00:00,2026-06-03 16:45:00+00:00,2.37,2.8,2.87,0.43,18.1435,40,86.0,True,True,bearish_vol_divergence
CUPR,2026-05-29 19:30:00+00:00,2026-06-03 16:45:00+00:00,2.3901,2.8,2.87,0.4099,17.1499,38,85.41,True,True,bearish_vol_divergence
CUPR,2026-05-29 19:45:00+00:00,2026-06-03 16:45:00+00:00,2.38,2.8,2.87,0.42,17.6471,37,85.71,True,True,bearish_vol_divergence
CUPR,2026-06-01 14:30:00+00:00,2026-06-03 16:45:00+00:00,2.51,2.8,2.87,0.29,11.5538,36,80.56,True,True,bearish_vol_divergence
CUPR,2026-06-01 14:45:00+00:00,2026-06-03 16:45:00+00:00,2.57,2.8,2.87,0.23,8.9494,35,76.67,True,True,bearish_vol_divergence
CUPR,2026-06-11 14:45:00+00:00,2026-06-17 15:30:00+00:00,2.26,5.6,12.84,3.34,147.7876,82,31.57,True,True,bearish_vol_divergence
CUPR,2026-06-11 15:30:00+00:00,2026-06-17 15:30:00+00:00,2.291,5.6,12.84,3.309,144.4348,80,31.37,True,True,bearish_vol_divergence
CUPR,2026-06-11 16:00:00+00:00,2026-06-17 15:30:00+00:00,2.35,5.6,12.84,3.25,138.2979,79,30.98,True,True,bearish_vol_divergence
CUPR,2026-06-16 17:30:00+00:00,2026-06-17 15:30:00+00:00,5.665,5.6,5.89,-0.065,-1.1474,14,-28.89,True,True,bearish_vol_divergence
CUPR,2026-06-16 19:00:00+00:00,2026-06-17 16:30:00+00:00,5.4772,5.5,5.715,0.0228,0.4163,12,9.59,True,True,bearish_vol_divergence
CUPR,2026-06-16 19:15:00+00:00,2026-06-17 16:30:00+00:00,5.3001,5.5,5.715,0.1999,3.7716,11,48.18,True,True,bearish_vol_divergence
CVKD,2026-05-11 16:30:00+00:00,2026-05-12 18:15:00+00:00,5.7746,5.45,5.98,-0.3246,-5.6212,23,-100.0,True,True,bearish_vol_divergence
CVKD,2026-05-13 18:30:00+00:00,2026-05-15 18:15:00+00:00,5.58,5.2699,5.5999,-0.3101,-5.5573,37,0.0,True,True,bearish_vol_divergence
CVKD,2026-05-13 18:45:00+00:00,2026-05-15 18:15:00+00:00,5.52,5.2699,5.5999,-0.2501,-4.5308,36,-100.0,True,True,bearish_vol_divergence
CVKD,2026-05-13 19:00:00+00:00,2026-05-15 18:15:00+00:00,5.49,5.2699,5.5999,-0.2201,-4.0091,35,-100.0,True,True,bearish_vol_divergence
CVKD,2026-05-26 16:15:00+00:00,2026-05-28 19:00:00+00:00,5.3961,4.9,5.5,-0.4961,-9.1937,46,-100.0,True,True,bearish_vol_divergence
CVKD,2026-05-27 18:00:00+00:00,2026-05-28 19:00:00+00:00,4.8,4.9,5.13,0.1,2.0833,20,30.3,True,True,bearish_vol_divergence
CVKD,2026-05-27 18:15:00+00:00,2026-05-28 19:00:00+00:00,4.91,4.9,5.13,-0.01,-0.2037,19,-4.55,True,True,bearish_vol_divergence
CVKD,2026-05-27 19:15:00+00:00,2026-05-28 19:00:00+00:00,4.9799,4.9,5.13,-0.0799,-1.6044,15,-53.23,True,True,bearish_vol_divergence
CVKD,2026-05-28 16:30:00+00:00,2026-06-01 18:30:00+00:00,4.9745,4.77,5.13,-0.2045,-4.111,40,-100.0,True,True,bearish_vol_divergence
CVKD,2026-06-17 14:45:00+00:00,2026-06-18 16:00:00+00:00,3.15,3.3141,3.64,0.1641,5.2095,24,33.49,True,True,bearish_vol_divergence
CVKD,2026-06-17 16:00:00+00:00,2026-06-18 16:00:00+00:00,3.29,3.3141,3.64,0.0241,0.7325,20,6.89,True,True,bearish_vol_divergence
CVKD,2026-06-17 17:00:00+00:00,2026-06-18 16:00:00+00:00,3.48,3.3141,3.64,-0.1659,-4.7672,17,-100.0,True,True,bearish_vol_divergence
CVKD,2026-06-17 17:45:00+00:00,2026-06-18 16:00:00+00:00,3.5972,3.3141,3.5972,-0.2831,-7.87,14,0.0,True,True,bearish_vol_divergence
CWCO,2026-04-08 17:15:00+00:00,2026-04-09 19:30:00+00:00,34.385,35.63,35.78,1.245,3.6208,30,89.25,True,True,bearish_vol_divergence
CWCO,2026-04-13 19:30:00+00:00,2026-04-14 16:45:00+00:00,33.76,33.6,33.965,-0.16,-0.4739,11,-78.05,True,True,bearish_vol_divergence
CWCO,2026-04-13 19:45:00+00:00,2026-04-14 16:45:00+00:00,33.79,33.6,33.965,-0.19,-0.5623,10,-100.0,True,True,bearish_vol_divergence
CWCO,2026-04-14 14:30:00+00:00,2026-04-14 17:00:00+00:00,33.965,33.665,33.965,-0.3,-0.8833,10,0.0,True,True,bearish_vol_divergence
CWCO,2026-04-14 14:45:00+00:00,2026-04-14 17:15:00+00:00,33.825,33.67,33.96,-0.155,-0.4582,10,0.0,True,True,bearish_vol_divergence
CWCO,2026-04-15 15:15:00+00:00,2026-04-15 18:45:00+00:00,33.71,34.0,34.27,0.29,0.8603,14,51.79,True,True,bearish_vol_divergence
CWCO,2026-04-15 15:30:00+00:00,2026-04-15 18:45:00+00:00,33.775,34.0,34.27,0.225,0.6662,13,45.45,True,True,bearish_vol_divergence
CWCO,2026-04-15 16:00:00+00:00,2026-04-15 18:45:00+00:00,34.04,34.0,34.27,-0.04,-0.1175,11,-17.39,True,True,bearish_vol_divergence
CWCO,2026-04-15 16:30:00+00:00,2026-04-15 19:00:00+00:00,34.095,33.97,34.27,-0.125,-0.3666,10,-71.43,True,True,bearish_vol_divergence
CWCO,2026-04-15 19:00:00+00:00,2026-04-16 17:30:00+00:00,33.97,32.965,34.04,-1.005,-2.9585,16,0.0,True,True,bearish_vol_divergence
CWCO,2026-04-15 19:15:00+00:00,2026-04-16 17:30:00+00:00,34.04,32.965,34.04,-1.075,-3.1581,15,0.0,True,True,bearish_vol_divergence
CWCO,2026-04-20 17:45:00+00:00,2026-04-21 14:45:00+00:00,33.79,33.7575,33.95,-0.0325,-0.0962,10,0.0,True,True,bearish_vol_divergence
CWCO,2026-04-23 17:45:00+00:00,2026-04-24 14:45:00+00:00,34.31,34.245,34.39,-0.065,-0.1895,10,0.0,True,True,bearish_vol_divergence
CWCO,2026-04-23 18:15:00+00:00,2026-04-24 15:15:00+00:00,34.06,34.43,34.535,0.37,1.0863,10,77.89,True,True,bearish_vol_divergence
CWCO,2026-04-28 15:30:00+00:00,2026-04-28 18:45:00+00:00,33.88,33.34,33.8878,-0.54,-1.5939,13,0.0,True,True,bearish_vol_divergence
CWCO,2026-04-28 15:45:00+00:00,2026-04-28 18:45:00+00:00,33.655,33.34,33.8878,-0.315,-0.936,12,-100.0,True,True,bearish_vol_divergence
CWCO,2026-04-30 18:00:00+00:00,2026-05-01 17:30:00+00:00,32.06,31.93,32.59,-0.13,-0.4055,20,-24.53,True,True,bearish_vol_divergence
CWCO,2026-04-30 18:15:00+00:00,2026-05-01 17:30:00+00:00,31.93,31.93,32.59,0.0,0.0,19,0.0,True,True,bearish_vol_divergence
CWCO,2026-04-30 18:30:00+00:00,2026-05-01 17:30:00+00:00,31.95,31.93,32.59,-0.02,-0.0626,18,-3.13,True,True,bearish_vol_divergence
CWCO,2026-05-05 17:30:00+00:00,2026-05-06 16:00:00+00:00,32.66,32.97,33.17,0.31,0.9492,15,60.78,True,True,bearish_vol_divergence
CWCO,2026-05-08 17:00:00+00:00,2026-05-08 19:45:00+00:00,33.17,32.84,33.17,-0.33,-0.9949,10,0.0,True,True,bearish_vol_divergence
CWCO,2026-05-11 16:15:00+00:00,2026-05-11 18:45:00+00:00,33.13,33.17,33.41,0.04,0.1207,10,14.28,True,True,bearish_vol_divergence
CWCO,2026-05-13 19:00:00+00:00,2026-05-14 17:45:00+00:00,29.95,29.6,30.05,-0.35,-1.1686,17,0.0,True,True,bearish_vol_divergence
CWCO,2026-05-14 18:45:00+00:00,2026-05-15 19:00:00+00:00,29.37,29.0,29.6,-0.37,-1.2598,22,-100.0,True,True,bearish_vol_divergence
CWCO,2026-05-15 19:15:00+00:00,2026-05-18 18:00:00+00:00,29.05,28.7517,29.06,-0.2983,-1.0268,17,0.0,True,True,bearish_vol_divergence
CWCO,2026-05-18 19:30:00+00:00,2026-05-19 16:30:00+00:00,28.715,28.68,28.94,-0.035,-0.1219,10,-15.56,True,True,bearish_vol_divergence
CWCO,2026-05-20 18:00:00+00:00,2026-05-21 19:15:00+00:00,28.67,29.215,29.35,0.545,1.9009,25,80.15,True,True,bearish_vol_divergence
CWCO,2026-05-21 18:30:00+00:00,2026-05-22 15:45:00+00:00,29.33,29.34,29.41,0.01,0.0341,10,0.0,True,True,bearish_vol_divergence
CWCO,2026-05-22 18:30:00+00:00,2026-05-26 16:45:00+00:00,29.46,29.68,29.99,0.22,0.7468,15,41.51,True,True,bearish_vol_divergence
CWCO,2026-05-22 19:00:00+00:00,2026-05-26 16:45:00+00:00,29.375,29.68,29.99,0.305,1.0383,13,49.59,True,True,bearish_vol_divergence
CWCO,2026-05-26 18:00:00+00:00,2026-05-27 17:30:00+00:00,29.81,30.13,30.4,0.32,1.0735,19,54.24,True,True,bearish_vol_divergence
CWCO,2026-05-28 18:15:00+00:00,2026-05-29 15:15:00+00:00,30.2,30.145,30.29,-0.055,-0.1821,10,0.0,True,True,bearish_vol_divergence
CWCO,2026-05-29 19:30:00+00:00,2026-06-01 19:15:00+00:00,30.24,30.08,30.24,-0.16,-0.5291,19,0.0,True,True,bearish_vol_divergence
CWCO,2026-06-01 19:00:00+00:00,2026-06-02 16:30:00+00:00,30.1105,29.98,30.14,-0.1305,-0.4334,11,0.0,True,True,bearish_vol_divergence
CWCO,2026-06-02 15:00:00+00:00,2026-06-02 19:45:00+00:00,30.14,29.995,30.16,-0.145,-0.4811,18,0.0,True,True,bearish_vol_divergence
CWCO,2026-06-02 15:30:00+00:00,2026-06-02 19:45:00+00:00,30.06,29.995,30.16,-0.065,-0.2162,17,0.0,True,True,bearish_vol_divergence
CWCO,2026-06-02 15:45:00+00:00,2026-06-02 19:45:00+00:00,29.995,29.995,30.16,0.0,0.0,16,0.0,True,True,bearish_vol_divergence
CWCO,2026-06-02 16:00:00+00:00,2026-06-02 19:45:00+00:00,30.02,29.995,30.16,-0.025,-0.0833,15,0.0,True,True,bearish_vol_divergence
CWCO,2026-06-12 15:45:00+00:00,2026-06-12 19:15:00+00:00,30.34,30.23,30.45,-0.11,-0.3626,13,0.0,True,True,bearish_vol_divergence
CWCO,2026-06-16 18:45:00+00:00,2026-06-18 16:30:00+00:00,29.88,29.83,30.12,-0.05,-0.1673,34,-20.83,True,True,bearish_vol_divergence
CWCO,2026-06-16 19:00:00+00:00,2026-06-18 16:30:00+00:00,29.87,29.83,30.12,-0.04,-0.1339,33,-16.0,True,True,bearish_vol_divergence
CWCO,2026-06-17 16:15:00+00:00,2026-06-18 16:30:00+00:00,30.005,29.83,30.12,-0.175,-0.5832,23,0.0,True,True,bearish_vol_divergence
CWCO,2026-06-17 16:45:00+00:00,2026-06-18 16:30:00+00:00,30.005,29.83,30.12,-0.175,-0.5832,21,0.0,True,True,bearish_vol_divergence
CWCO,2026-06-17 19:00:00+00:00,2026-06-18 16:30:00+00:00,29.64,29.83,30.08,0.19,0.641,12,43.18,True,True,bearish_vol_divergence
CWCO,2026-06-18 17:45:00+00:00,2026-06-22 19:30:00+00:00,29.89,28.92,29.99,-0.97,-3.2452,27,0.0,True,True,bearish_vol_divergence
CWCO,2026-06-23 14:30:00+00:00,2026-06-23 17:00:00+00:00,29.665,29.48,29.665,-0.185,-0.6236,10,0.0,True,True,bearish_vol_divergence
CWCO,2026-06-23 17:30:00+00:00,2026-06-24 14:45:00+00:00,29.39,29.67,29.75,0.28,0.9527,10,77.78,True,True,bearish_vol_divergence
CWCO,2026-06-23 18:15:00+00:00,2026-06-24 16:30:00+00:00,29.45,29.78,29.91,0.33,1.1205,13,71.74,True,True,bearish_vol_divergence
CYAB,2026-05-12 15:30:00+00:00,2026-05-12 19:45:00+00:00,0.5301,0.5579,0.5622,0.0278,5.2443,15,86.6,True,True,bearish_vol_divergence
CYAB,2026-05-12 16:00:00+00:00,2026-05-12 19:45:00+00:00,0.5552,0.5579,0.5622,0.0027,0.4863,13,38.57,True,True,bearish_vol_divergence
CYAB,2026-05-12 16:30:00+00:00,2026-05-12 19:45:00+00:00,0.5381,0.5579,0.5622,0.0198,3.6796,11,82.16,True,True,bearish_vol_divergence
CYAB,2026-05-12 17:30:00+00:00,2026-05-13 19:30:00+00:00,0.5612,0.5365,0.562,-0.0247,-4.4013,22,0.0,True,True,bearish_vol_divergence
CYAB,2026-05-20 15:45:00+00:00,2026-05-20 19:00:00+00:00,0.58,0.581,0.5857,0.001,0.1724,10,17.54,True,True,bearish_vol_divergence
CYAB,2026-05-21 16:45:00+00:00,2026-05-22 17:15:00+00:00,0.5764,0.5797,0.58,0.0033,0.5725,14,91.67,True,True,bearish_vol_divergence
CYAB,2026-05-22 18:45:00+00:00,2026-05-26 16:45:00+00:00,0.566,0.5819,0.5834,0.0159,2.8092,14,91.38,True,True,bearish_vol_divergence
CYAB,2026-06-04 16:15:00+00:00,2026-06-04 19:45:00+00:00,0.6399,0.6241,0.6399,-0.0158,-2.4691,11,0.0,True,True,bearish_vol_divergence
CYAB,2026-06-15 19:45:00+00:00,2026-06-16 17:30:00+00:00,0.5112,0.537,0.5466,0.0258,5.0469,11,72.88,True,True,bearish_vol_divergence
CYCN,2026-05-05 14:45:00+00:00,2026-05-06 14:30:00+00:00,3.26,3.2,3.28,-0.06,-1.8405,17,-100.0,True,True,bearish_vol_divergence
CYCN,2026-05-05 15:00:00+00:00,2026-05-06 14:30:00+00:00,3.235,3.2,3.28,-0.035,-1.0819,16,-77.78,True,True,bearish_vol_divergence
CYCN,2026-05-07 19:45:00+00:00,2026-05-08 18:15:00+00:00,3.19,3.14,3.2,-0.05,-1.5674,15,0.0,True,True,bearish_vol_divergence
CYCN,2026-05-08 14:30:00+00:00,2026-05-08 18:15:00+00:00,3.145,3.14,3.15,-0.005,-0.159,14,0.0,True,True,bearish_vol_divergence
CYCN,2026-05-13 14:45:00+00:00,2026-05-13 17:45:00+00:00,3.13,3.145,3.19,0.015,0.4792,11,25.0,True,True,bearish_vol_divergence
CYCN,2026-05-13 15:15:00+00:00,2026-05-13 18:00:00+00:00,3.17,3.17,3.19,0.0,0.0,10,0.0,True,True,bearish_vol_divergence
CYCN,2026-05-15 14:30:00+00:00,2026-05-15 19:00:00+00:00,3.135,3.11,3.15,-0.025,-0.7975,11,0.0,True,True,bearish_vol_divergence
CYCN,2026-05-15 15:00:00+00:00,2026-05-15 19:00:00+00:00,3.125,3.11,3.13,-0.015,-0.48,10,0.0,True,True,bearish_vol_divergence
CYCN,2026-05-15 17:15:00+00:00,2026-05-18 19:45:00+00:00,3.12,3.025,3.12,-0.095,-3.0449,22,0.0,True,True,bearish_vol_divergence
CYCN,2026-05-19 14:45:00+00:00,2026-05-19 18:30:00+00:00,2.97,3.0001,3.02,0.0301,1.0135,10,60.2,True,True,bearish_vol_divergence
CYCN,2026-05-19 15:45:00+00:00,2026-05-20 17:00:00+00:00,3.0101,3.09,3.125,0.0799,2.6544,21,69.54,True,True,bearish_vol_divergence
CYCN,2026-05-19 16:00:00+00:00,2026-05-20 17:00:00+00:00,3.02,3.09,3.125,0.07,2.3179,20,66.67,True,True,bearish_vol_divergence
CYCN,2026-05-19 16:15:00+00:00,2026-05-20 17:00:00+00:00,3.01,3.09,3.125,0.08,2.6578,19,69.57,True,True,bearish_vol_divergence
CYCN,2026-05-19 16:45:00+00:00,2026-05-20 17:00:00+00:00,3.01,3.09,3.125,0.08,2.6578,17,69.57,True,True,bearish_vol_divergence
CYCN,2026-05-28 17:30:00+00:00,2026-06-03 19:00:00+00:00,3.24,2.995,3.24,-0.245,-7.5617,60,0.0,True,True,bearish_vol_divergence
CYCN,2026-06-02 16:30:00+00:00,2026-06-03 19:00:00+00:00,3.02,2.995,3.06,-0.025,-0.8278,24,-62.5,True,True,bearish_vol_divergence
CYCN,2026-06-02 17:30:00+00:00,2026-06-03 19:00:00+00:00,3.035,2.995,3.06,-0.04,-1.318,21,-100.0,True,True,bearish_vol_divergence
CYCN,2026-06-02 17:45:00+00:00,2026-06-03 19:00:00+00:00,3.0308,2.995,3.06,-0.0358,-1.1812,20,-100.0,True,True,bearish_vol_divergence
CYCN,2026-06-03 16:45:00+00:00,2026-06-04 18:00:00+00:00,3.015,3.03,3.11,0.015,0.4975,24,15.79,True,True,bearish_vol_divergence
CYCN,2026-06-04 14:45:00+00:00,2026-06-04 18:00:00+00:00,3.03,3.03,3.08,0.0,0.0,11,0.0,True,True,bearish_vol_divergence
CYCN,2026-06-04 16:00:00+00:00,2026-06-04 19:30:00+00:00,3.075,3.0,3.08,-0.075,-2.439,12,0.0,True,True,bearish_vol_divergence
CYCN,2026-06-04 17:00:00+00:00,2026-06-08 19:30:00+00:00,3.075,3.01,3.08,-0.065,-2.1138,36,0.0,True,True,bearish_vol_divergence
CYCN,2026-06-04 18:15:00+00:00,2026-06-08 19:30:00+00:00,3.05,3.01,3.075,-0.04,-1.3115,32,-100.0,True,True,bearish_vol_divergence
CYCN,2026-06-08 19:30:00+00:00,2026-06-17 19:45:00+00:00,3.01,3.34,3.39,0.33,10.9635,81,86.84,True,True,bearish_vol_divergence
DAIC,2026-05-11 18:30:00+00:00,2026-05-12 18:00:00+00:00,4.3475,4.2125,4.63,-0.135,-3.1052,20,-47.79,True,True,bearish_vol_divergence
DAIC,2026-05-11 18:45:00+00:00,2026-05-12 18:00:00+00:00,4.0875,4.2125,4.63,0.125,3.0581,19,23.04,True,True,bearish_vol_divergence
DAIC,2026-05-13 18:15:00+00:00,2026-05-14 17:45:00+00:00,4.1875,4.6125,4.95,0.425,10.1492,15,55.74,True,True,bearish_vol_divergence
DAIC,2026-05-13 19:00:00+00:00,2026-05-14 17:45:00+00:00,4.3525,4.6125,4.95,0.26,5.9736,13,43.51,True,True,bearish_vol_divergence
DAIC,2026-05-18 15:45:00+00:00,2026-05-19 17:15:00+00:00,4.185,4.245,4.3,0.06,1.4337,24,52.17,True,True,bearish_vol_divergence
DAIC,2026-05-18 16:00:00+00:00,2026-05-19 17:15:00+00:00,4.2175,4.245,4.3,0.0275,0.652,23,33.33,True,True,bearish_vol_divergence
DAIC,2026-05-18 17:00:00+00:00,2026-05-19 17:15:00+00:00,4.295,4.245,4.3,-0.05,-1.1641,19,0.0,True,True,bearish_vol_divergence
DAIC,2026-05-18 17:15:00+00:00,2026-05-19 17:15:00+00:00,4.3,4.245,4.3,-0.055,-1.2791,18,0.0,True,True,bearish_vol_divergence
DAIC,2026-05-18 18:00:00+00:00,2026-05-19 17:15:00+00:00,4.3,4.245,4.3,-0.055,-1.2791,16,0.0,True,True,bearish_vol_divergence
DAIC,2026-05-18 18:15:00+00:00,2026-05-19 17:15:00+00:00,4.1575,4.245,4.2625,0.0875,2.1046,15,83.33,True,True,bearish_vol_divergence
DAIC,2026-05-18 18:45:00+00:00,2026-05-19 17:15:00+00:00,4.2125,4.245,4.25,0.0325,0.7715,14,86.67,True,True,bearish_vol_divergence
DAIC,2026-05-18 19:45:00+00:00,2026-05-19 17:15:00+00:00,4.2275,4.245,4.25,0.0175,0.414,10,77.78,True,True,bearish_vol_divergence
DAIC,2026-06-04 17:30:00+00:00,2026-06-12 19:45:00+00:00,2.87,1.92,3.08,-0.95,-33.101,139,-100.0,True,True,bearish_vol_divergence
DAIC,2026-06-04 18:15:00+00:00,2026-06-12 19:45:00+00:00,2.9,1.92,3.08,-0.98,-33.7931,138,-100.0,True,True,bearish_vol_divergence
DAIC,2026-06-05 18:45:00+00:00,2026-06-12 19:45:00+00:00,2.71,1.92,3.06,-0.79,-29.1513,114,-100.0,True,True,bearish_vol_divergence
DAIC,2026-06-05 19:15:00+00:00,2026-06-12 19:45:00+00:00,2.885,1.92,3.06,-0.965,-33.4489,112,-100.0,True,True,bearish_vol_divergence
DAIC,2026-06-05 19:45:00+00:00,2026-06-12 19:45:00+00:00,2.4499,1.92,3.06,-0.5299,-21.6295,110,-86.85,True,True,bearish_vol_divergence
DAIC,2026-06-10 18:30:00+00:00,2026-06-12 19:45:00+00:00,1.905,1.92,2.53,0.015,0.7874,49,2.4,True,True,bearish_vol_divergence
DAIC,2026-06-12 17:45:00+00:00,2026-06-16 17:30:00+00:00,1.97,1.735,1.99,-0.235,-11.9289,43,-100.0,True,True,bearish_vol_divergence
DAIC,2026-06-12 18:30:00+00:00,2026-06-16 17:30:00+00:00,1.95,1.735,1.99,-0.215,-11.0256,40,-100.0,True,True,bearish_vol_divergence
DAIC,2026-06-12 19:00:00+00:00,2026-06-16 17:30:00+00:00,1.88,1.735,1.99,-0.145,-7.7128,38,-100.0,True,True,bearish_vol_divergence
DCX,2026-06-17 17:45:00+00:00,2026-06-22 19:45:00+00:00,2.2616,2.06,2.365,-0.2016,-8.914,15,-100.0,True,True,end_of_data
DCX,2026-06-18 16:00:00+00:00,2026-06-22 19:45:00+00:00,2.0515,2.06,2.195,0.0085,0.4143,11,5.92,True,True,end_of_data
DCX,2026-06-18 16:15:00+00:00,2026-06-22 19:45:00+00:00,2.195,2.06,2.195,-0.135,-6.1503,10,0.0,True,True,end_of_data
DCX,2026-06-18 17:15:00+00:00,2026-06-22 19:45:00+00:00,2.0964,2.06,2.13,-0.0364,-1.7363,9,-100.0,True,True,end_of_data
DFSC,2026-04-28 19:30:00+00:00,2026-04-29 18:15:00+00:00,2.4904,2.47,2.5899,-0.0204,-0.8191,15,-20.5,True,True,bearish_vol_divergence
DFSC,2026-05-04 15:15:00+00:00,2026-05-04 18:45:00+00:00,2.9231,2.9598,2.9598,0.0367,1.2555,11,100.0,True,True,bearish_vol_divergence
DFSC,2026-05-04 16:30:00+00:00,2026-05-05 14:45:00+00:00,2.9001,3.135,3.16,0.2349,8.0997,11,90.38,True,True,bearish_vol_divergence
DFSC,2026-05-06 19:45:00+00:00,2026-05-13 15:00:00+00:00,3.45,4.91,5.09,1.46,42.3188,90,89.02,True,True,bearish_vol_divergence
DFSC,2026-05-07 15:00:00+00:00,2026-05-13 15:00:00+00:00,3.865,4.91,5.09,1.045,27.0375,87,85.31,True,True,bearish_vol_divergence
DFSC,2026-05-07 15:15:00+00:00,2026-05-13 15:00:00+00:00,3.96,4.91,5.09,0.95,23.9899,86,84.07,True,True,bearish_vol_divergence
DFSC,2026-05-19 17:00:00+00:00,2026-05-21 17:00:00+00:00,3.9,4.31,4.4,0.41,10.5128,31,82.0,True,True,bearish_vol_divergence
DFSC,2026-06-11 18:45:00+00:00,2026-06-17 19:45:00+00:00,3.89,3.78,4.23,-0.11,-2.8278,54,-32.35,True,True,bearish_vol_divergence
DKI,2026-05-01 18:45:00+00:00,2026-05-05 19:45:00+00:00,0.503,0.3832,0.5047,-0.1198,-23.8171,47,0.0,True,True,bearish_vol_divergence
DKI,2026-05-08 19:45:00+00:00,2026-05-12 15:15:00+00:00,0.3361,5.56,5.99,5.2239,1554.2695,19,92.39,True,True,bearish_vol_divergence
DKI,2026-05-11 15:15:00+00:00,2026-05-12 15:15:00+00:00,5.185,5.56,5.99,0.375,7.2324,15,46.58,True,True,bearish_vol_divergence
DKI,2026-05-28 14:45:00+00:00,2026-06-02 17:30:00+00:00,5.66,6.018,6.38,0.358,6.3251,52,49.72,True,True,bearish_vol_divergence
DKI,2026-05-28 19:30:00+00:00,2026-06-02 17:30:00+00:00,6.31,6.018,6.38,-0.292,-4.6276,37,-100.0,True,True,bearish_vol_divergence
DKI,2026-05-28 19:45:00+00:00,2026-06-02 17:30:00+00:00,6.18,6.018,6.38,-0.162,-2.6214,36,-81.0,True,True,bearish_vol_divergence
DLHC,2026-05-11 16:45:00+00:00,2026-05-13 19:30:00+00:00,5.66,5.57,5.79,-0.09,-1.5901,22,-69.23,True,True,bearish_vol_divergence
DLHC,2026-05-11 17:45:00+00:00,2026-05-13 19:30:00+00:00,5.6931,5.57,5.79,-0.1231,-2.1623,21,-100.0,True,True,bearish_vol_divergence
DLHC,2026-05-18 18:15:00+00:00,2026-05-22 20:00:00+00:00,5.535,5.55,5.64,0.015,0.271,32,14.29,True,True,bearish_vol_divergence
DLHC,2026-06-01 16:45:00+00:00,2026-06-05 13:45:00+00:00,5.54,5.67,6.15,0.13,2.3466,28,21.31,True,True,bearish_vol_divergence
DLHC,2026-06-01 17:45:00+00:00,2026-06-05 13:45:00+00:00,5.5437,5.67,6.15,0.1263,2.2783,26,20.83,True,True,bearish_vol_divergence
DOGZ,2026-05-21 17:15:00+00:00,2026-05-29 19:30:00+00:00,1.06,1.01,1.1274,-0.05,-4.717,55,-74.18,True,True,bearish_vol_divergence
DOGZ,2026-05-21 17:30:00+00:00,2026-05-29 19:30:00+00:00,1.02,1.01,1.1274,-0.01,-0.9804,54,-9.31,True,True,bearish_vol_divergence
DOGZ,2026-05-27 16:15:00+00:00,2026-05-29 19:30:00+00:00,1.0401,1.01,1.1274,-0.0301,-2.894,28,-34.48,True,True,bearish_vol_divergence
DOGZ,2026-05-27 18:15:00+00:00,2026-05-29 19:30:00+00:00,1.05,1.01,1.1274,-0.04,-3.8095,25,-51.68,True,True,bearish_vol_divergence
DOGZ,2026-06-09 17:00:00+00:00,2026-06-12 14:30:00+00:00,0.9853,1.33,1.5,0.3447,34.9843,50,66.97,True,True,bearish_vol_divergence
ELMT,2026-05-01 13:15:00+00:00,2026-05-01 17:45:00+00:00,16.29,15.52,16.29,-0.77,-4.7268,18,0.0,True,True,bearish_vol_divergence
ELMT,2026-05-01 18:45:00+00:00,2026-05-04 13:30:00+00:00,15.75,14.96,15.99,-0.79,-5.0159,34,-100.0,True,True,bearish_vol_divergence
ELMT,2026-05-04 17:30:00+00:00,2026-05-05 13:30:00+00:00,15.08,15.31,15.51,0.23,1.5252,37,53.49,True,True,bearish_vol_divergence
ELMT,2026-05-04 19:30:00+00:00,2026-05-05 13:30:00+00:00,15.215,15.31,15.51,0.095,0.6244,29,32.2,True,True,bearish_vol_divergence
ELMT,2026-05-08 11:30:00+00:00,2026-05-08 21:45:00+00:00,15.47,15.7,16.58,0.23,1.4867,37,20.72,True,True,bearish_vol_divergence
ELMT,2026-05-08 12:00:00+00:00,2026-05-08 21:45:00+00:00,15.46,15.7,16.58,0.24,1.5524,35,21.43,True,True,bearish_vol_divergence
ELMT,2026-05-08 13:00:00+00:00,2026-05-08 21:45:00+00:00,15.21,15.7,16.58,0.49,3.2216,31,35.77,True,True,bearish_vol_divergence
ELMT,2026-05-08 14:00:00+00:00,2026-05-08 21:45:00+00:00,15.39,15.7,16.58,0.31,2.0143,27,26.05,True,True,bearish_vol_divergence
ELMT,2026-05-08 14:15:00+00:00,2026-05-08 21:45:00+00:00,15.7136,15.7,16.58,-0.0136,-0.0866,26,-1.57,True,True,bearish_vol_divergence
ELMT,2026-05-08 17:30:00+00:00,2026-05-08 21:45:00+00:00,16.16,15.7,16.285,-0.46,-2.8465,13,-100.0,True,True,bearish_vol_divergence
ELMT,2026-05-12 13:15:00+00:00,2026-05-14 13:30:00+00:00,15.71,16.4258,17.45,0.7158,4.5563,111,41.14,True,True,bearish_vol_divergence
ELMT,2026-05-12 20:15:00+00:00,2026-05-14 13:30:00+00:00,16.89,16.4258,17.45,-0.4642,-2.7484,83,-82.89,True,True,bearish_vol_divergence
ELMT,2026-05-13 22:15:00+00:00,2026-05-14 13:30:00+00:00,16.74,16.4258,17.1,-0.3142,-1.8769,21,-87.28,True,True,bearish_vol_divergence
ELMT,2026-05-22 19:15:00+00:00,2026-05-22 23:30:00+00:00,14.7535,14.91,14.99,0.1565,1.0608,10,66.17,True,True,bearish_vol_divergence
ELMT,2026-05-27 17:45:00+00:00,2026-05-29 18:30:00+00:00,15.755,14.995,18.88,-0.76,-4.8239,112,-24.32,True,True,bearish_vol_divergence
ELMT,2026-05-28 08:00:00+00:00,2026-05-29 18:30:00+00:00,15.62,14.995,18.88,-0.625,-4.0013,90,-19.17,True,True,bearish_vol_divergence
ELMT,2026-05-28 11:00:00+00:00,2026-05-29 18:30:00+00:00,15.32,14.995,18.88,-0.325,-2.1214,89,-9.13,True,True,bearish_vol_divergence
ELMT,2026-05-28 12:30:00+00:00,2026-05-29 18:30:00+00:00,15.33,14.995,18.88,-0.335,-2.1853,86,-9.44,True,True,bearish_vol_divergence
ELMT,2026-05-28 13:45:00+00:00,2026-05-29 18:30:00+00:00,15.4008,14.995,18.88,-0.4058,-2.6349,83,-11.66,True,True,bearish_vol_divergence
ELMT,2026-05-28 14:45:00+00:00,2026-05-29 18:30:00+00:00,15.7,14.995,18.88,-0.705,-4.4904,79,-22.17,True,True,bearish_vol_divergence
ELMT,2026-05-28 15:45:00+00:00,2026-05-29 18:30:00+00:00,15.56,14.995,18.88,-0.565,-3.6311,75,-17.02,True,True,bearish_vol_divergence
ELMT,2026-06-04 18:00:00+00:00,2026-06-04 20:45:00+00:00,18.9338,18.92,19.8977,-0.0138,-0.0729,11,-1.43,True,True,bearish_vol_divergence
ELMT,2026-06-12 11:30:00+00:00,2026-06-12 20:15:00+00:00,19.3,20.85,22.51,1.55,8.0311,35,48.29,True,True,bearish_vol_divergence
ELMT,2026-06-15 22:15:00+00:00,2026-06-16 18:00:00+00:00,20.63,18.41,20.98,-2.22,-10.761,38,-100.0,True,True,bearish_vol_divergence
ELMT,2026-06-16 22:30:00+00:00,2026-06-17 17:15:00+00:00,18.3,18.955,19.95,0.655,3.5792,32,39.7,True,True,bearish_vol_divergence
ELMT,2026-06-22 12:30:00+00:00,2026-06-22 20:15:00+00:00,19.37,18.75,19.9499,-0.62,-3.2008,31,-100.0,True,True,bearish_vol_divergence
ELMT,2026-06-25 08:45:00+00:00,2026-06-25 18:30:00+00:00,18.4225,18.58,19.08,0.1575,0.8549,33,23.95,True,True,bearish_vol_divergence
ELMT,2026-06-25 10:15:00+00:00,2026-06-25 18:30:00+00:00,18.4,18.58,19.08,0.18,0.9783,31,26.47,True,True,bearish_vol_divergence
EQBK,2026-04-02 18:30:00+00:00,2026-04-06 15:30:00+00:00,44.76,44.56,44.88,-0.2,-0.4468,10,0.0,True,True,bearish_vol_divergence
EQBK,2026-04-02 19:00:00+00:00,2026-04-06 16:00:00+00:00,44.78,44.735,44.9,-0.045,-0.1005,10,0.0,True,True,bearish_vol_divergence
EQBK,2026-04-09 18:15:00+00:00,2026-04-13 19:00:00+00:00,46.72,46.12,46.82,-0.6,-1.2843,43,0.0,True,True,bearish_vol_divergence
EQBK,2026-04-10 19:45:00+00:00,2026-04-13 19:00:00+00:00,46.335,46.12,46.38,-0.215,-0.464,17,0.0,True,True,bearish_vol_divergence
EQBK,2026-04-13 14:30:00+00:00,2026-04-13 19:00:00+00:00,46.085,46.12,46.365,0.035,0.0759,16,12.5,True,True,bearish_vol_divergence
EQBK,2026-04-13 14:45:00+00:00,2026-04-13 19:00:00+00:00,46.365,46.12,46.365,-0.245,-0.5284,15,0.0,True,True,bearish_vol_divergence
EQBK,2026-04-14 19:00:00+00:00,2026-04-15 17:00:00+00:00,46.44,45.69,46.76,-0.75,-1.615,14,-100.0,True,True,bearish_vol_divergence
EQBK,2026-04-14 19:15:00+00:00,2026-04-15 17:00:00+00:00,46.56,45.69,46.76,-0.87,-1.8686,13,0.0,True,True,bearish_vol_divergence
EQBK,2026-04-16 19:00:00+00:00,2026-04-17 17:00:00+00:00,45.01,46.14,46.3,1.13,2.5106,13,87.6,True,True,bearish_vol_divergence
EQBK,2026-04-16 19:45:00+00:00,2026-04-17 17:00:00+00:00,45.01,46.14,46.3,1.13,2.5106,10,87.6,True,True,bearish_vol_divergence
EQBK,2026-04-17 16:30:00+00:00,2026-04-20 16:30:00+00:00,46.28,45.88,46.3,-0.4,-0.8643,21,0.0,True,True,bearish_vol_divergence
EQBK,2026-04-17 16:45:00+00:00,2026-04-20 16:30:00+00:00,46.23,45.88,46.3,-0.35,-0.7571,20,0.0,True,True,bearish_vol_divergence
EQBK,2026-04-20 18:00:00+00:00,2026-04-21 16:45:00+00:00,45.595,45.3,45.77,-0.295,-0.647,17,0.0,True,True,bearish_vol_divergence
EQBK,2026-04-23 18:30:00+00:00,2026-04-24 15:30:00+00:00,44.9825,45.24,45.25,0.2575,0.5725,10,96.26,True,True,bearish_vol_divergence
EQBK,2026-04-23 18:45:00+00:00,2026-04-24 15:45:00+00:00,44.965,45.384,45.44,0.419,0.9318,10,88.21,True,True,bearish_vol_divergence
EQBK,2026-04-27 18:30:00+00:00,2026-04-28 15:30:00+00:00,45.61,46.06,46.23,0.45,0.9866,10,72.58,True,True,bearish_vol_divergence
EQBK,2026-04-29 17:45:00+00:00,2026-04-30 17:15:00+00:00,45.66,45.49,45.83,-0.17,-0.3723,18,0.0,True,True,bearish_vol_divergence
EQBK,2026-04-30 19:30:00+00:00,2026-05-01 19:00:00+00:00,45.35,45.95,46.09,0.6,1.323,17,81.08,True,True,bearish_vol_divergence
EQBK,2026-04-30 19:45:00+00:00,2026-05-01 19:00:00+00:00,45.32,45.95,46.09,0.63,1.3901,16,81.82,True,True,bearish_vol_divergence
EQBK,2026-05-07 18:15:00+00:00,2026-05-08 15:30:00+00:00,45.92,45.64,45.94,-0.28,-0.6098,10,0.0,True,True,bearish_vol_divergence
EQBK,2026-05-07 19:00:00+00:00,2026-05-08 16:30:00+00:00,45.74,45.58,45.93,-0.16,-0.3498,10,0.0,True,True,bearish_vol_divergence
EQBK,2026-05-14 15:45:00+00:00,2026-05-14 18:30:00+00:00,45.5,45.1,45.53,-0.4,-0.8791,10,0.0,True,True,bearish_vol_divergence
EQBK,2026-05-14 16:00:00+00:00,2026-05-14 18:45:00+00:00,45.45,45.105,45.505,-0.345,-0.7591,10,0.0,True,True,bearish_vol_divergence
EQBK,2026-05-14 17:00:00+00:00,2026-05-15 14:30:00+00:00,45.1825,44.9,45.25,-0.2825,-0.6252,11,0.0,True,True,bearish_vol_divergence
EQBK,2026-05-14 18:30:00+00:00,2026-05-15 15:30:00+00:00,45.1,44.66,45.145,-0.44,-0.9756,10,0.0,True,True,bearish_vol_divergence
EQBK,2026-05-19 19:30:00+00:00,2026-05-20 16:45:00+00:00,44.87,45.6,46.005,0.73,1.6269,11,64.32,True,True,bearish_vol_divergence
EQBK,2026-05-20 18:00:00+00:00,2026-05-21 17:45:00+00:00,45.55,45.62,45.93,0.07,0.1537,18,18.42,True,True,bearish_vol_divergence
EQBK,2026-05-22 16:00:00+00:00,2026-05-26 17:45:00+00:00,45.91,45.77,46.19,-0.14,-0.3049,23,-50.0,True,True,bearish_vol_divergence
EQBK,2026-05-22 16:15:00+00:00,2026-05-26 17:45:00+00:00,45.97,45.77,46.19,-0.2,-0.4351,22,0.0,True,True,bearish_vol_divergence
EQBK,2026-05-22 16:30:00+00:00,2026-05-26 17:45:00+00:00,45.82,45.77,46.19,-0.05,-0.1091,21,-13.51,True,True,bearish_vol_divergence
EQBK,2026-05-27 16:00:00+00:00,2026-05-27 19:15:00+00:00,45.87,45.78,45.91,-0.09,-0.1962,10,0.0,True,True,bearish_vol_divergence
EQBK,2026-05-27 16:15:00+00:00,2026-05-28 16:00:00+00:00,45.8661,45.915,46.23,0.0489,0.1066,17,13.44,True,True,bearish_vol_divergence
EQBK,2026-05-29 16:00:00+00:00,2026-05-29 19:45:00+00:00,46.01,46.104,46.32,0.094,0.2043,11,30.32,True,True,bearish_vol_divergence
EQBK,2026-06-02 18:15:00+00:00,2026-06-03 17:00:00+00:00,46.19,45.295,46.31,-0.895,-1.9376,17,0.0,True,True,bearish_vol_divergence
EQBK,2026-06-02 18:30:00+00:00,2026-06-03 17:00:00+00:00,46.24,45.295,46.31,-0.945,-2.0437,16,0.0,True,True,bearish_vol_divergence
EQBK,2026-06-05 18:15:00+00:00,2026-06-08 19:30:00+00:00,46.93,47.04,47.24,0.11,0.2344,24,35.48,True,True,bearish_vol_divergence
EQBK,2026-06-11 19:00:00+00:00,2026-06-12 16:00:00+00:00,48.0,48.15,48.3011,0.15,0.3125,10,49.82,True,True,bearish_vol_divergence
EQBK,2026-06-12 14:45:00+00:00,2026-06-12 17:15:00+00:00,48.24,48.09,48.3,-0.15,-0.3109,10,0.0,True,True,bearish_vol_divergence
EQBK,2026-06-15 19:30:00+00:00,2026-06-16 17:45:00+00:00,47.43,47.275,47.72,-0.155,-0.3268,13,-53.45,True,True,bearish_vol_divergence
EQBK,2026-06-17 18:45:00+00:00,2026-06-18 19:30:00+00:00,46.66,46.48,47.08,-0.18,-0.3858,25,-42.86,True,True,bearish_vol_divergence
EQBK,2026-06-22 18:30:00+00:00,2026-06-23 17:45:00+00:00,46.735,47.185,47.39,0.45,0.9629,19,68.7,True,True,bearish_vol_divergence
EQBK,2026-06-22 18:45:00+00:00,2026-06-23 17:45:00+00:00,46.7,47.185,47.39,0.485,1.0385,18,70.29,True,True,bearish_vol_divergence
EQBK,2026-06-23 15:00:00+00:00,2026-06-23 17:45:00+00:00,47.16,47.185,47.39,0.025,0.053,11,0.0,True,True,bearish_vol_divergence
EQBK,2026-06-23 18:00:00+00:00,2026-06-24 18:45:00+00:00,47.25,47.73,47.855,0.48,1.0159,25,79.34,True,True,bearish_vol_divergence
EXOZ,2026-05-04 20:00:00+00:00,2026-05-27 20:00:00+00:00,9.92,10.39,11.1358,0.47,4.7379,68,38.66,True,True,bearish_vol_divergence
EXOZ,2026-05-05 20:00:00+00:00,2026-05-27 20:00:00+00:00,9.5,10.39,11.1358,0.89,9.3684,64,54.41,True,True,bearish_vol_divergence
EXOZ,2026-05-07 13:30:00+00:00,2026-05-27 20:00:00+00:00,10.091,10.39,11.1358,0.299,2.963,61,28.62,True,True,bearish_vol_divergence
EXOZ,2026-05-08 08:00:00+00:00,2026-05-27 20:00:00+00:00,10.0,10.39,11.1358,0.39,3.9,58,34.34,True,True,bearish_vol_divergence
EXOZ,2026-05-12 12:00:00+00:00,2026-05-27 20:00:00+00:00,10.09,10.39,11.1358,0.3,2.9732,48,28.69,True,True,bearish_vol_divergence
EXOZ,2026-06-23 18:00:00+00:00,2026-06-25 16:00:00+00:00,7.7,7.2,8.09,-0.5,-6.4935,9,-100.0,True,True,end_of_data
FRHC,2026-04-06 17:45:00+00:00,2026-04-07 15:15:00+00:00,153.82,153.1,154.5,-0.72,-0.4681,11,0.0,True,True,bearish_vol_divergence
FRHC,2026-04-06 18:00:00+00:00,2026-04-07 15:15:00+00:00,154.38,153.1,154.5,-1.28,-0.8291,10,0.0,True,True,bearish_vol_divergence
FRHC,2026-04-06 18:30:00+00:00,2026-04-07 15:30:00+00:00,154.22,151.23,154.5,-2.99,-1.9388,10,0.0,True,True,bearish_vol_divergence
FRHC,2026-04-06 18:45:00+00:00,2026-04-08 19:45:00+00:00,153.13,157.37,157.78,4.24,2.7689,37,91.18,True,True,bearish_vol_divergence
FRHC,2026-04-08 15:30:00+00:00,2026-04-08 19:45:00+00:00,156.33,157.37,157.78,1.04,0.6653,11,71.72,True,True,bearish_vol_divergence
FRHC,2026-04-08 17:15:00+00:00,2026-04-09 15:15:00+00:00,156.84,157.135,157.78,0.295,0.1881,10,31.38,True,True,bearish_vol_divergence
FRHC,2026-04-08 18:00:00+00:00,2026-04-09 15:45:00+00:00,157.505,156.8069,157.78,-0.6981,-0.4432,10,0.0,True,True,bearish_vol_divergence
FRHC,2026-04-08 18:45:00+00:00,2026-04-09 16:00:00+00:00,157.02,156.7,157.78,-0.32,-0.2038,10,0.0,True,True,bearish_vol_divergence
FRHC,2026-04-08 19:00:00+00:00,2026-04-09 16:15:00+00:00,157.5,156.0,157.78,-1.5,-0.9524,10,0.0,True,True,bearish_vol_divergence
FRHC,2026-04-17 17:30:00+00:00,2026-04-20 16:15:00+00:00,160.9,161.56,162.67,0.66,0.4102,13,37.29,True,True,bearish_vol_divergence
FRHC,2026-04-30 16:30:00+00:00,2026-04-30 19:45:00+00:00,149.3204,150.245,150.935,0.9246,0.6192,11,57.26,True,True,bearish_vol_divergence
FRHC,2026-04-30 17:15:00+00:00,2026-04-30 19:45:00+00:00,148.73,150.245,150.935,1.515,1.0186,10,68.71,True,True,bearish_vol_divergence
FRHC,2026-04-30 17:30:00+00:00,2026-05-04 14:45:00+00:00,148.8,140.92,150.935,-7.88,-5.2957,29,-100.0,True,True,bearish_vol_divergence
FRHC,2026-05-11 16:15:00+00:00,2026-05-12 17:15:00+00:00,142.3,140.73,142.4796,-1.57,-1.1033,22,0.0,True,True,bearish_vol_divergence
FRHC,2026-05-11 16:30:00+00:00,2026-05-12 17:15:00+00:00,141.44,140.73,142.4796,-0.71,-0.502,21,-68.3,True,True,bearish_vol_divergence
FRHC,2026-05-11 17:45:00+00:00,2026-05-12 17:15:00+00:00,141.815,140.73,142.1,-1.085,-0.7651,18,0.0,True,True,bearish_vol_divergence
FRHC,2026-05-11 18:00:00+00:00,2026-05-12 17:15:00+00:00,141.82,140.73,142.1,-1.09,-0.7686,17,0.0,True,True,bearish_vol_divergence
FRHC,2026-05-12 19:00:00+00:00,2026-05-14 18:00:00+00:00,141.645,141.17,142.55,-0.475,-0.3353,23,-52.49,True,True,bearish_vol_divergence
FRHC,2026-05-12 19:15:00+00:00,2026-05-14 18:00:00+00:00,141.335,141.17,142.55,-0.165,-0.1167,22,-13.58,True,True,bearish_vol_divergence
FRHC,2026-05-12 19:30:00+00:00,2026-05-14 18:00:00+00:00,140.67,141.17,142.55,0.5,0.3554,21,26.6,True,True,bearish_vol_divergence
FRHC,2026-05-20 15:00:00+00:00,2026-05-20 19:45:00+00:00,146.275,147.74,149.1,1.465,1.0015,10,51.86,True,True,bearish_vol_divergence
FRHC,2026-06-08 15:30:00+00:00,2026-06-11 17:15:00+00:00,145.25,137.91,146.2,-7.34,-5.0534,66,-100.0,True,True,bearish_vol_divergence
FRHC,2026-06-10 15:15:00+00:00,2026-06-11 17:15:00+00:00,142.59,137.91,143.3,-4.68,-3.2821,27,0.0,True,True,bearish_vol_divergence
FRHC,2026-06-10 15:30:00+00:00,2026-06-11 17:15:00+00:00,142.195,137.91,143.3,-4.285,-3.0135,26,-100.0,True,True,bearish_vol_divergence
FRHC,2026-06-10 15:45:00+00:00,2026-06-11 17:15:00+00:00,141.715,137.91,143.3,-3.805,-2.685,25,-100.0,True,True,bearish_vol_divergence
FRHC,2026-06-10 16:45:00+00:00,2026-06-11 17:15:00+00:00,142.445,137.91,143.3,-4.535,-3.1837,22,-100.0,True,True,bearish_vol_divergence
FRHC,2026-06-10 17:00:00+00:00,2026-06-11 17:15:00+00:00,143.075,137.91,143.3,-5.165,-3.61,21,0.0,True,True,bearish_vol_divergence
FRHC,2026-06-11 19:30:00+00:00,2026-06-15 14:45:00+00:00,140.4101,137.26,141.1,-3.1501,-2.2435,22,0.0,True,True,bearish_vol_divergence
FRHC,2026-06-11 19:45:00+00:00,2026-06-15 14:45:00+00:00,140.385,137.26,140.9,-3.125,-2.226,21,0.0,True,True,bearish_vol_divergence
FRHC,2026-06-16 14:45:00+00:00,2026-06-17 16:00:00+00:00,135.22,135.48,138.52,0.26,0.1923,27,7.88,True,True,bearish_vol_divergence
FRHC,2026-06-16 18:45:00+00:00,2026-06-17 16:00:00+00:00,136.11,135.48,136.59,-0.63,-0.4629,11,0.0,True,True,bearish_vol_divergence
FRHC,2026-06-17 19:00:00+00:00,2026-06-18 17:30:00+00:00,134.565,140.635,141.25,6.07,4.5108,15,90.8,True,True,bearish_vol_divergence
FRHC,2026-06-17 19:15:00+00:00,2026-06-18 17:30:00+00:00,134.49,140.635,141.25,6.145,4.5691,14,90.9,True,True,bearish_vol_divergence
FRHC,2026-06-18 18:15:00+00:00,2026-06-22 15:15:00+00:00,140.69,142.2765,145.0,1.5865,1.1277,10,36.81,True,True,bearish_vol_divergence
GBR,2026-04-30 17:30:00+00:00,2026-05-01 19:45:00+00:00,0.8072,0.7959,0.8244,-0.0113,-1.3999,22,-65.7,True,True,bearish_vol_divergence
GBR,2026-04-30 17:45:00+00:00,2026-05-01 19:45:00+00:00,0.7901,0.7959,0.8244,0.0058,0.7341,21,16.91,True,True,bearish_vol_divergence
GBR,2026-04-30 18:15:00+00:00,2026-05-01 19:45:00+00:00,0.8244,0.7959,0.8244,-0.0285,-3.4571,19,0.0,True,True,bearish_vol_divergence
GBR,2026-05-01 14:45:00+00:00,2026-05-01 19:45:00+00:00,0.8024,0.7959,0.8244,-0.0065,-0.8101,11,-29.55,True,True,bearish_vol_divergence
GBR,2026-05-01 16:00:00+00:00,2026-05-04 19:45:00+00:00,0.8041,0.7801,0.8205,-0.024,-2.9847,27,-100.0,True,True,bearish_vol_divergence
GBR,2026-05-01 17:30:00+00:00,2026-05-04 19:45:00+00:00,0.794,0.7801,0.8205,-0.0139,-1.7506,25,-52.45,True,True,bearish_vol_divergence
GBR,2026-05-01 17:45:00+00:00,2026-05-04 19:45:00+00:00,0.7909,0.7801,0.8205,-0.0108,-1.3655,24,-36.49,True,True,bearish_vol_divergence
GBR,2026-05-04 19:00:00+00:00,2026-05-07 15:30:00+00:00,0.7712,0.8029,0.818,0.0317,4.104,35,67.63,True,True,bearish_vol_divergence
GBR,2026-05-04 19:30:00+00:00,2026-05-07 15:30:00+00:00,0.7875,0.8029,0.818,0.0153,1.9492,33,50.33,True,True,bearish_vol_divergence
GBR,2026-05-06 17:45:00+00:00,2026-05-07 16:15:00+00:00,0.7546,0.7979,0.8029,0.0433,5.7381,10,89.65,True,True,bearish_vol_divergence
GBR,2026-05-07 17:00:00+00:00,2026-05-08 15:00:00+00:00,0.791,0.79,0.8097,-0.001,-0.1264,10,-5.35,True,True,bearish_vol_divergence
GBR,2026-05-13 19:45:00+00:00,2026-05-21 14:30:00+00:00,0.7523,0.7948,0.7997,0.0425,5.6493,48,89.66,True,True,bearish_vol_divergence
GBR,2026-05-14 14:45:00+00:00,2026-05-21 14:30:00+00:00,0.7451,0.7948,0.7997,0.0497,6.6702,47,91.03,True,True,bearish_vol_divergence
GBR,2026-05-14 15:00:00+00:00,2026-05-21 14:30:00+00:00,0.7525,0.7948,0.7997,0.0423,5.6213,46,89.62,True,True,bearish_vol_divergence
GBR,2026-05-15 19:15:00+00:00,2026-05-21 14:30:00+00:00,0.764,0.7948,0.7997,0.0308,4.0313,31,86.27,True,True,bearish_vol_divergence
GBR,2026-05-28 17:00:00+00:00,2026-06-03 16:15:00+00:00,0.7564,0.7351,0.77,-0.0213,-2.8174,60,-100.0,True,True,bearish_vol_divergence
GBR,2026-06-02 19:30:00+00:00,2026-06-05 19:00:00+00:00,0.742,0.7498,0.7548,0.0078,1.0512,42,60.94,True,True,bearish_vol_divergence
GBR,2026-06-03 18:45:00+00:00,2026-06-05 19:00:00+00:00,0.7325,0.7498,0.7548,0.0173,2.3618,31,77.58,True,True,bearish_vol_divergence
GBR,2026-06-04 14:45:00+00:00,2026-06-05 19:00:00+00:00,0.7354,0.7498,0.7548,0.0144,1.9581,25,74.23,True,True,bearish_vol_divergence
GBR,2026-06-04 16:15:00+00:00,2026-06-05 19:00:00+00:00,0.7411,0.7498,0.7548,0.0087,1.1739,21,63.5,True,True,bearish_vol_divergence
GBR,2026-06-04 17:45:00+00:00,2026-06-05 19:00:00+00:00,0.7323,0.7498,0.7548,0.0175,2.3897,17,77.78,True,True,bearish_vol_divergence
GBR,2026-06-09 19:30:00+00:00,2026-06-10 19:30:00+00:00,0.73,0.7925,0.8,0.0625,8.5616,20,89.29,True,True,bearish_vol_divergence
GBR,2026-06-10 16:00:00+00:00,2026-06-10 19:30:00+00:00,0.778,0.7925,0.8,0.0145,1.8638,12,65.91,True,True,bearish_vol_divergence
GBR,2026-06-10 17:30:00+00:00,2026-06-15 14:30:00+00:00,0.7701,0.7385,0.7925,-0.0316,-4.1035,40,-100.0,True,True,bearish_vol_divergence
GBR,2026-06-16 18:15:00+00:00,2026-06-17 19:45:00+00:00,0.7201,0.74,0.79,0.0199,2.7635,22,28.47,True,True,bearish_vol_divergence
GBR,2026-06-18 19:45:00+00:00,2026-06-22 19:45:00+00:00,0.754,0.7434,0.754,-0.0106,-1.4058,13,0.0,True,True,end_of_data
GBR,2026-06-22 15:15:00+00:00,2026-06-22 19:45:00+00:00,0.7206,0.7434,0.7499,0.0228,3.164,11,77.82,True,True,end_of_data
GITS,2026-05-28 18:30:00+00:00,2026-05-29 16:45:00+00:00,1.7549,1.89,1.93,0.1351,7.6984,13,77.16,True,True,bearish_vol_divergence
GITS,2026-06-03 19:00:00+00:00,2026-06-09 16:00:00+00:00,2.26,1.8404,2.26,-0.4196,-18.5664,42,0.0,True,True,bearish_vol_divergence
GITS,2026-06-04 14:30:00+00:00,2026-06-09 16:00:00+00:00,2.08,1.8404,2.15,-0.2396,-11.5192,38,-100.0,True,True,bearish_vol_divergence
GITS,2026-06-04 14:45:00+00:00,2026-06-09 16:00:00+00:00,2.1112,1.8404,2.1112,-0.2708,-12.8268,37,0.0,True,True,bearish_vol_divergence
GITS,2026-06-05 18:15:00+00:00,2026-06-09 16:00:00+00:00,1.955,1.8404,1.9731,-0.1146,-5.8619,18,-100.0,True,True,bearish_vol_divergence
GITS,2026-06-05 19:00:00+00:00,2026-06-09 16:00:00+00:00,1.97,1.8404,1.9731,-0.1296,-6.5787,16,0.0,True,True,bearish_vol_divergence
GITS,2026-06-05 19:15:00+00:00,2026-06-09 16:00:00+00:00,1.9731,1.8404,1.9731,-0.1327,-6.7255,15,0.0,True,True,bearish_vol_divergence
GITS,2026-06-05 19:30:00+00:00,2026-06-09 16:00:00+00:00,1.955,1.8404,1.955,-0.1146,-5.8619,14,0.0,True,True,bearish_vol_divergence
GITS,2026-06-08 15:30:00+00:00,2026-06-09 16:00:00+00:00,1.87,1.8404,1.88,-0.0296,-1.5829,13,-100.0,True,True,bearish_vol_divergence
GITS,2026-06-08 16:45:00+00:00,2026-06-09 16:00:00+00:00,1.87,1.8404,1.87,-0.0296,-1.5829,10,0.0,True,True,bearish_vol_divergence
GITS,2026-06-12 15:45:00+00:00,2026-06-15 19:15:00+00:00,1.8008,1.84,1.865,0.0392,2.1768,15,61.06,True,True,bearish_vol_divergence
GLE,2026-05-11 16:00:00+00:00,2026-05-11 18:45:00+00:00,0.5424,0.5411,0.5498,-0.0013,-0.2397,11,-17.57,True,True,bearish_vol_divergence
GLE,2026-05-14 18:30:00+00:00,2026-05-18 19:45:00+00:00,0.4802,0.3782,0.5,-0.102,-21.2411,47,-100.0,True,True,bearish_vol_divergence
GLE,2026-05-15 14:45:00+00:00,2026-05-18 19:45:00+00:00,0.4012,0.3782,0.4498,-0.023,-5.7328,40,-47.33,True,True,bearish_vol_divergence
GLE,2026-05-15 19:00:00+00:00,2026-05-18 19:45:00+00:00,0.405,0.3782,0.4129,-0.0268,-6.6173,24,-100.0,True,True,bearish_vol_divergence
GLE,2026-05-15 19:45:00+00:00,2026-05-18 19:45:00+00:00,0.4026,0.3782,0.4102,-0.0244,-6.0606,21,-100.0,True,True,bearish_vol_divergence
GLE,2026-05-26 19:15:00+00:00,2026-06-03 18:00:00+00:00,0.4353,0.457,0.5711,0.0217,4.9851,112,15.98,True,True,bearish_vol_divergence
GLE,2026-05-26 19:45:00+00:00,2026-06-03 18:00:00+00:00,0.4341,0.457,0.5711,0.0229,5.2753,110,16.72,True,True,bearish_vol_divergence
GLE,2026-05-27 14:30:00+00:00,2026-06-03 18:00:00+00:00,0.444,0.457,0.5711,0.013,2.9279,109,10.23,True,True,bearish_vol_divergence
GLE,2026-06-01 15:00:00+00:00,2026-06-03 18:00:00+00:00,0.4545,0.457,0.5234,0.0025,0.5501,46,3.63,True,True,bearish_vol_divergence
GLE,2026-06-01 17:00:00+00:00,2026-06-03 18:00:00+00:00,0.4766,0.457,0.5234,-0.0196,-4.1125,38,-41.88,True,True,bearish_vol_divergence
GLE,2026-06-03 14:45:00+00:00,2026-06-03 18:00:00+00:00,0.4533,0.457,0.458,0.0037,0.8162,10,78.72,True,True,bearish_vol_divergence
GLE,2026-06-03 15:00:00+00:00,2026-06-04 15:00:00+00:00,0.4526,0.46,0.46,0.0074,1.635,15,100.0,True,True,bearish_vol_divergence
GLE,2026-06-15 19:30:00+00:00,2026-06-16 17:45:00+00:00,0.5089,0.4704,0.51,-0.0385,-7.5653,14,0.0,True,True,bearish_vol_divergence
GLE,2026-06-22 16:30:00+00:00,2026-06-22 19:45:00+00:00,0.4271,0.416,0.4335,-0.0111,-2.5989,9,-100.0,True,True,end_of_data
GLE,2026-06-22 17:00:00+00:00,2026-06-22 19:45:00+00:00,0.427,0.416,0.4335,-0.011,-2.5761,8,-100.0,True,True,end_of_data
GLIBA,2026-05-11 16:45:00+00:00,2026-05-11 19:45:00+00:00,28.335,28.64,28.87,0.305,1.0764,11,57.01,True,True,bearish_vol_divergence
GLIBA,2026-05-11 17:00:00+00:00,2026-05-11 19:45:00+00:00,28.41,28.64,28.87,0.23,0.8096,10,50.0,True,True,bearish_vol_divergence
GLIBA,2026-05-15 18:30:00+00:00,2026-05-18 19:45:00+00:00,25.42,25.66,26.045,0.24,0.9441,20,38.4,True,True,bearish_vol_divergence
GLIBA,2026-05-18 14:30:00+00:00,2026-05-18 19:45:00+00:00,26.0,25.66,26.045,-0.34,-1.3077,14,0.0,True,True,bearish_vol_divergence
GLIBA,2026-05-18 16:45:00+00:00,2026-05-18 19:45:00+00:00,25.6,25.66,25.91,0.06,0.2344,10,19.35,True,True,bearish_vol_divergence
GLIBA,2026-05-18 18:00:00+00:00,2026-05-19 18:15:00+00:00,25.66,25.2,25.91,-0.46,-1.7927,19,-100.0,True,True,bearish_vol_divergence
GLIBA,2026-05-18 18:30:00+00:00,2026-05-19 18:15:00+00:00,25.6275,25.2,25.91,-0.4275,-1.6681,17,-100.0,True,True,bearish_vol_divergence
GLIBA,2026-05-20 14:45:00+00:00,2026-05-20 19:30:00+00:00,24.94,24.995,25.16,0.055,0.2205,17,25.0,True,True,bearish_vol_divergence
GLIBA,2026-05-20 15:15:00+00:00,2026-05-20 19:30:00+00:00,24.9,24.995,25.16,0.095,0.3815,15,36.54,True,True,bearish_vol_divergence
GLIBA,2026-05-21 14:30:00+00:00,2026-05-21 19:45:00+00:00,25.45,25.88,26.13,0.43,1.6896,19,63.24,True,True,bearish_vol_divergence
GLIBA,2026-05-21 15:15:00+00:00,2026-05-21 19:45:00+00:00,25.275,25.88,26.13,0.605,2.3937,16,70.76,True,True,bearish_vol_divergence
GLIBA,2026-05-26 19:15:00+00:00,2026-05-27 17:45:00+00:00,24.045,23.845,24.095,-0.2,-0.8318,16,0.0,True,True,bearish_vol_divergence
GLIBA,2026-05-26 19:30:00+00:00,2026-05-27 17:45:00+00:00,24.0,23.845,24.04,-0.155,-0.6458,15,0.0,True,True,bearish_vol_divergence
GLIBA,2026-05-27 18:15:00+00:00,2026-05-28 16:15:00+00:00,23.82,23.49,23.87,-0.33,-1.3854,13,0.0,True,True,bearish_vol_divergence
GLIBA,2026-05-27 18:45:00+00:00,2026-05-28 16:15:00+00:00,23.43,23.49,23.635,0.06,0.2561,11,29.27,True,True,bearish_vol_divergence
GLIBA,2026-05-29 19:45:00+00:00,2026-06-01 17:15:00+00:00,22.335,22.24,22.54,-0.095,-0.4253,12,-46.34,True,True,bearish_vol_divergence
GLIBA,2026-06-05 18:30:00+00:00,2026-06-10 14:45:00+00:00,21.37,21.445,21.805,0.075,0.351,47,17.24,True,True,bearish_vol_divergence
GLIBA,2026-06-09 18:45:00+00:00,2026-06-10 15:45:00+00:00,20.745,21.5764,21.59,0.8314,4.0077,10,98.39,True,True,bearish_vol_divergence
GLIBA,2026-06-09 19:00:00+00:00,2026-06-10 16:15:00+00:00,20.82,21.63,21.6699,0.81,3.8905,10,95.31,True,True,bearish_vol_divergence
GLIBA,2026-06-10 15:30:00+00:00,2026-06-11 17:45:00+00:00,21.59,21.325,21.79,-0.265,-1.2274,26,-100.0,True,True,bearish_vol_divergence
GLIBA,2026-06-10 15:45:00+00:00,2026-06-11 17:45:00+00:00,21.5764,21.325,21.79,-0.2514,-1.1652,25,-100.0,True,True,bearish_vol_divergence
GLIBA,2026-06-10 16:30:00+00:00,2026-06-11 17:45:00+00:00,21.485,21.325,21.79,-0.16,-0.7447,23,-52.46,True,True,bearish_vol_divergence
GLIBA,2026-06-12 19:30:00+00:00,2026-06-17 17:00:00+00:00,22.36,21.05,22.59,-1.31,-5.8587,42,-100.0,True,True,bearish_vol_divergence
GLIBA,2026-06-16 18:30:00+00:00,2026-06-17 17:00:00+00:00,20.9151,21.05,21.18,0.1349,0.645,14,50.92,True,True,bearish_vol_divergence
GLIBA,2026-06-17 18:15:00+00:00,2026-06-18 17:15:00+00:00,20.61,20.65,20.83,0.04,0.1941,18,18.18,True,True,bearish_vol_divergence
GLIBA,2026-06-18 17:45:00+00:00,2026-06-22 17:30:00+00:00,20.705,21.6325,21.8086,0.9275,4.4796,20,84.04,True,True,bearish_vol_divergence
GLIBA,2026-06-18 18:30:00+00:00,2026-06-22 17:30:00+00:00,20.74,21.6325,21.8086,0.8925,4.3033,17,83.52,True,True,bearish_vol_divergence
GLXG,2026-05-18 17:00:00+00:00,2026-05-28 19:45:00+00:00,0.769,1.0,1.3,0.231,30.039,65,43.5,True,True,bearish_vol_divergence
GLXG,2026-05-28 16:30:00+00:00,2026-06-02 15:00:00+00:00,1.008,1.3128,1.3999,0.3048,30.2381,25,77.77,True,True,bearish_vol_divergence
GLXG,2026-05-28 17:45:00+00:00,2026-06-02 15:00:00+00:00,0.9201,1.3128,1.3999,0.3927,42.6802,23,81.85,True,True,bearish_vol_divergence
GLXG,2026-05-29 15:15:00+00:00,2026-06-02 15:00:00+00:00,1.0599,1.3128,1.3999,0.2529,23.8607,19,74.38,True,True,bearish_vol_divergence
GLXG,2026-06-01 15:45:00+00:00,2026-06-02 15:00:00+00:00,1.11,1.3128,1.3999,0.2028,18.2703,11,69.96,True,True,bearish_vol_divergence
GLXG,2026-06-17 19:45:00+00:00,2026-06-22 19:45:00+00:00,1.9702,1.51,1.98,-0.4602,-23.358,39,0.0,True,True,end_of_data
GMM,2026-05-08 17:30:00+00:00,2026-05-11 17:30:00+00:00,58.0,62.0,62.0,4.0,6.8966,10,100.0,True,True,bearish_vol_divergence
GMM,2026-05-13 14:45:00+00:00,2026-05-18 17:15:00+00:00,60.49,69.5,82.0,9.01,14.895,76,41.89,True,True,bearish_vol_divergence
GMM,2026-05-13 15:00:00+00:00,2026-05-18 17:15:00+00:00,60.0,69.5,82.0,9.5,15.8333,75,43.18,True,True,bearish_vol_divergence
GMM,2026-05-13 15:45:00+00:00,2026-05-18 17:15:00+00:00,64.0,69.5,82.0,5.5,8.5938,72,30.56,True,True,bearish_vol_divergence
GMM,2026-05-26 19:00:00+00:00,2026-05-28 17:15:00+00:00,9.32,7.52,9.5,-1.8,-19.3133,37,-100.0,True,True,bearish_vol_divergence
GMM,2026-05-29 19:00:00+00:00,2026-06-01 17:45:00+00:00,6.73,7.015,7.475,0.285,4.2348,17,38.26,True,True,bearish_vol_divergence
GMM,2026-06-12 15:00:00+00:00,2026-06-16 17:45:00+00:00,3.72,3.4567,4.6,-0.2633,-7.078,55,-29.92,True,True,bearish_vol_divergence
GMM,2026-06-16 16:30:00+00:00,2026-06-18 17:00:00+00:00,3.3889,3.5901,4.11,0.2012,5.937,46,27.9,True,True,bearish_vol_divergence
GNLN,2026-04-29 15:45:00+00:00,2026-04-30 17:30:00+00:00,4.0367,5.0,5.2,0.9633,23.8636,26,82.81,True,True,bearish_vol_divergence
GNLN,2026-04-29 19:00:00+00:00,2026-04-30 17:30:00+00:00,4.2064,5.0,5.2,0.7936,18.8665,16,79.87,True,True,bearish_vol_divergence
GNLN,2026-05-04 16:15:00+00:00,2026-05-04 19:45:00+00:00,5.31,5.145,5.31,-0.165,-3.1073,11,0.0,True,True,bearish_vol_divergence
GP,2026-05-01 18:30:00+00:00,2026-05-04 19:45:00+00:00,0.98,0.9825,1.02,0.0025,0.2551,14,6.25,True,True,bearish_vol_divergence
GP,2026-05-01 18:45:00+00:00,2026-05-04 19:45:00+00:00,1.0099,0.9825,1.02,-0.0274,-2.7131,13,-100.0,True,True,bearish_vol_divergence
GP,2026-05-07 14:30:00+00:00,2026-05-07 18:30:00+00:00,0.9702,0.99,1.0,0.0198,2.0408,10,66.44,True,True,bearish_vol_divergence
GP,2026-05-07 15:45:00+00:00,2026-05-08 14:45:00+00:00,0.97,1.08,1.105,0.11,11.3402,14,81.48,True,True,bearish_vol_divergence
GP,2026-05-11 17:15:00+00:00,2026-05-13 16:45:00+00:00,1.145,1.0789,1.15,-0.0661,-5.7729,39,0.0,True,True,bearish_vol_divergence
GP,2026-05-12 17:00:00+00:00,2026-05-13 16:45:00+00:00,1.085,1.0789,1.15,-0.0061,-0.5622,18,-9.38,True,True,bearish_vol_divergence
GP,2026-05-12 18:45:00+00:00,2026-05-13 16:45:00+00:00,1.1078,1.0789,1.11,-0.0289,-2.6088,11,0.0,True,True,bearish_vol_divergence
GP,2026-05-12 19:15:00+00:00,2026-05-13 17:30:00+00:00,1.11,1.09,1.11,-0.02,-1.8018,12,0.0,True,True,bearish_vol_divergence
GP,2026-05-13 15:00:00+00:00,2026-05-13 18:00:00+00:00,1.08,1.085,1.1,0.005,0.463,10,25.0,True,True,bearish_vol_divergence
GP,2026-05-20 14:45:00+00:00,2026-05-20 17:30:00+00:00,1.1,1.0904,1.11,-0.0096,-0.8727,10,-96.0,True,True,bearish_vol_divergence
GP,2026-05-20 15:30:00+00:00,2026-05-21 15:30:00+00:00,1.11,1.0801,1.11,-0.0299,-2.6937,18,0.0,True,True,bearish_vol_divergence
GP,2026-05-20 16:45:00+00:00,2026-05-21 15:30:00+00:00,1.0901,1.0801,1.11,-0.01,-0.9173,13,-50.25,True,True,bearish_vol_divergence
GP,2026-06-03 18:45:00+00:00,2026-06-04 19:00:00+00:00,1.12,1.11,1.14,-0.01,-0.8929,19,-50.0,True,True,bearish_vol_divergence
GP,2026-06-03 19:15:00+00:00,2026-06-04 19:00:00+00:00,1.12,1.11,1.14,-0.01,-0.8929,18,-50.0,True,True,bearish_vol_divergence
GP,2026-06-03 19:30:00+00:00,2026-06-04 19:00:00+00:00,1.13,1.11,1.14,-0.02,-1.7699,17,-100.0,True,True,bearish_vol_divergence
GP,2026-06-04 14:30:00+00:00,2026-06-04 19:00:00+00:00,1.1203,1.11,1.13,-0.0103,-0.9194,15,-100.0,True,True,bearish_vol_divergence
GP,2026-06-04 19:00:00+00:00,2026-06-05 17:15:00+00:00,1.11,1.07,1.12,-0.04,-3.6036,14,-100.0,True,True,bearish_vol_divergence
GP,2026-06-09 19:30:00+00:00,2026-06-10 17:30:00+00:00,1.13,1.09,1.15,-0.04,-3.5398,14,-100.0,True,True,bearish_vol_divergence
GP,2026-06-10 19:45:00+00:00,2026-06-15 14:30:00+00:00,1.1,1.22,1.28,0.12,10.9091,44,66.67,True,True,bearish_vol_divergence
GP,2026-06-22 19:15:00+00:00,2026-06-22 19:45:00+00:00,1.2399,1.22,1.2399,-0.0199,-1.605,2,0.0,True,True,end_of_data
GRAN,2026-05-11 17:30:00+00:00,2026-05-20 16:15:00+00:00,1.05,1.0696,1.1,0.0196,1.8667,32,39.2,True,True,bearish_vol_divergence
GRAN,2026-05-11 18:15:00+00:00,2026-05-20 16:15:00+00:00,1.05,1.0696,1.1,0.0196,1.8667,30,39.2,True,True,bearish_vol_divergence
GRAN,2026-06-12 14:45:00+00:00,2026-06-15 19:00:00+00:00,1.49,1.74,1.755,0.25,16.7785,23,94.34,True,True,bearish_vol_divergence
GRAN,2026-06-12 15:15:00+00:00,2026-06-15 19:00:00+00:00,1.52,1.74,1.755,0.22,14.4737,21,93.62,True,True,bearish_vol_divergence
GVH,2026-05-14 15:45:00+00:00,2026-05-22 14:30:00+00:00,5.114,4.35,5.3059,-0.764,-14.9394,49,-100.0,True,True,bearish_vol_divergence
GVH,2026-05-20 17:30:00+00:00,2026-05-22 14:30:00+00:00,4.42,4.35,4.42,-0.07,-1.5837,11,0.0,True,True,bearish_vol_divergence
GVH,2026-05-20 19:45:00+00:00,2026-05-22 15:00:00+00:00,4.31,4.37,4.4,0.06,1.3921,10,66.67,True,True,bearish_vol_divergence
GVH,2026-05-21 15:15:00+00:00,2026-06-01 18:00:00+00:00,4.2583,4.79,4.97,0.5317,12.4862,65,74.71,True,True,bearish_vol_divergence
GVH,2026-05-21 17:30:00+00:00,2026-06-01 18:00:00+00:00,4.22,4.79,4.97,0.57,13.5071,62,76.0,True,True,bearish_vol_divergence
GVH,2026-06-04 17:45:00+00:00,2026-06-15 14:45:00+00:00,4.485,4.11,4.56,-0.375,-8.3612,47,-100.0,True,True,bearish_vol_divergence
GVH,2026-06-22 15:45:00+00:00,2026-06-22 19:30:00+00:00,4.09,3.96,4.095,-0.13,-3.1785,8,0.0,True,True,end_of_data
GVH,2026-06-22 17:30:00+00:00,2026-06-22 19:30:00+00:00,4.0018,3.96,4.03,-0.0418,-1.0445,5,-100.0,True,True,end_of_data
GV,2026-04-28 17:45:00+00:00,2026-04-29 19:00:00+00:00,0.2108,0.1966,0.2123,-0.0142,-6.7362,23,-100.0,True,True,bearish_vol_divergence
GV,2026-04-28 19:00:00+00:00,2026-04-29 19:00:00+00:00,0.2115,0.1966,0.2115,-0.0149,-7.0449,18,0.0,True,True,bearish_vol_divergence
GV,2026-04-29 19:30:00+00:00,2026-04-30 17:00:00+00:00,0.1998,0.1988,0.2071,-0.001,-0.5005,12,-13.7,True,True,bearish_vol_divergence
GV,2026-04-30 17:45:00+00:00,2026-05-01 18:45:00+00:00,0.1989,0.1952,0.2032,-0.0037,-1.8602,24,-86.05,True,True,bearish_vol_divergence
GV,2026-05-11 15:00:00+00:00,2026-05-18 19:45:00+00:00,0.1871,0.2541,0.3209,0.067,35.8097,127,50.07,True,True,bearish_vol_divergence
GV,2026-05-18 16:00:00+00:00,2026-05-18 19:45:00+00:00,0.2338,0.2541,0.2601,0.0203,8.6826,15,77.19,True,True,bearish_vol_divergence
GV,2026-05-22 15:30:00+00:00,2026-05-27 19:45:00+00:00,0.3121,0.3444,0.3502,0.0323,10.3492,47,84.78,True,True,bearish_vol_divergence
GV,2026-06-01 16:15:00+00:00,2026-06-05 19:45:00+00:00,0.3167,0.237,0.3275,-0.0797,-25.1658,79,-100.0,True,True,bearish_vol_divergence
GV,2026-06-01 16:45:00+00:00,2026-06-05 19:45:00+00:00,0.3264,0.237,0.3264,-0.0894,-27.3897,77,0.0,True,True,bearish_vol_divergence
GV,2026-06-01 17:00:00+00:00,2026-06-05 19:45:00+00:00,0.3131,0.237,0.326,-0.0761,-24.3053,76,-100.0,True,True,bearish_vol_divergence
GV,2026-06-01 17:15:00+00:00,2026-06-05 19:45:00+00:00,0.3187,0.237,0.32,-0.0817,-25.6354,75,0.0,True,True,bearish_vol_divergence
GV,2026-06-04 19:45:00+00:00,2026-06-05 19:45:00+00:00,0.2421,0.237,0.2429,-0.0051,-2.1066,11,0.0,True,True,bearish_vol_divergence
GV,2026-06-05 14:45:00+00:00,2026-06-10 17:30:00+00:00,0.2329,0.2673,0.2787,0.0344,14.7703,51,75.11,True,True,bearish_vol_divergence
GV,2026-06-05 15:30:00+00:00,2026-06-10 17:30:00+00:00,0.235,0.2673,0.2787,0.0323,13.7447,49,73.91,True,True,bearish_vol_divergence
GV,2026-06-05 15:45:00+00:00,2026-06-10 17:30:00+00:00,0.2336,0.2673,0.2787,0.0337,14.4264,48,74.72,True,True,bearish_vol_divergence
GV,2026-06-10 16:15:00+00:00,2026-06-11 17:45:00+00:00,0.267,0.2319,0.2787,-0.0351,-13.1461,25,-100.0,True,True,bearish_vol_divergence
GV,2026-06-10 16:30:00+00:00,2026-06-11 17:45:00+00:00,0.2671,0.2319,0.2787,-0.0352,-13.1786,24,-100.0,True,True,bearish_vol_divergence
GV,2026-06-10 17:15:00+00:00,2026-06-11 17:45:00+00:00,0.2699,0.2319,0.2787,-0.038,-14.0793,22,-100.0,True,True,bearish_vol_divergence
GV,2026-06-11 19:30:00+00:00,2026-06-15 18:45:00+00:00,0.2306,0.2256,0.2387,-0.005,-2.1683,36,-61.73,True,True,bearish_vol_divergence
GV,2026-06-11 19:45:00+00:00,2026-06-15 18:45:00+00:00,0.2387,0.2256,0.2387,-0.0131,-5.4881,35,0.0,True,True,bearish_vol_divergence
GV,2026-06-12 14:30:00+00:00,2026-06-15 18:45:00+00:00,0.2162,0.2256,0.2288,0.0094,4.3478,34,74.6,True,True,bearish_vol_divergence
GV,2026-06-12 15:00:00+00:00,2026-06-15 18:45:00+00:00,0.2232,0.2256,0.2288,0.0024,1.0753,32,42.86,True,True,bearish_vol_divergence
GV,2026-06-12 15:30:00+00:00,2026-06-15 18:45:00+00:00,0.2217,0.2256,0.2288,0.0039,1.7591,30,54.93,True,True,bearish_vol_divergence
GV,2026-06-15 17:15:00+00:00,2026-06-18 17:15:00+00:00,0.2288,0.2023,0.23,-0.0265,-11.5822,49,-100.0,True,True,bearish_vol_divergence
GV,2026-06-15 17:45:00+00:00,2026-06-18 17:15:00+00:00,0.2272,0.2023,0.23,-0.0249,-10.9595,47,-100.0,True,True,bearish_vol_divergence
GV,2026-06-17 17:00:00+00:00,2026-06-18 17:15:00+00:00,0.2286,0.2023,0.2293,-0.0263,-11.5048,20,0.0,True,True,bearish_vol_divergence
HAO,2026-05-01 15:15:00+00:00,2026-05-13 19:30:00+00:00,92.16,4.5696,99.776,-87.5904,-95.0417,109,-100.0,True,True,bearish_vol_divergence
HAO,2026-05-07 15:15:00+00:00,2026-05-13 19:30:00+00:00,86.528,4.5696,93.44,-81.9584,-94.7189,75,-100.0,True,True,bearish_vol_divergence
HAO,2026-05-07 16:15:00+00:00,2026-05-13 19:30:00+00:00,91.2128,4.5696,93.44,-86.6432,-94.9902,73,-100.0,True,True,bearish_vol_divergence
HAO,2026-05-07 18:00:00+00:00,2026-05-13 19:30:00+00:00,88.8832,4.5696,93.44,-84.3136,-94.8589,70,-100.0,True,True,bearish_vol_divergence
HAO,2026-05-07 19:15:00+00:00,2026-05-13 19:30:00+00:00,90.624,4.5696,93.44,-86.0544,-94.9576,69,-100.0,True,True,bearish_vol_divergence
HAO,2026-05-14 18:45:00+00:00,2026-05-22 18:00:00+00:00,3.3024,1.33,3.4176,-1.9724,-59.7263,129,-100.0,True,True,bearish_vol_divergence
HAO,2026-05-14 19:15:00+00:00,2026-05-22 18:00:00+00:00,3.2384,1.33,3.4176,-1.9084,-58.9303,127,-100.0,True,True,bearish_vol_divergence
HAO,2026-05-14 19:45:00+00:00,2026-05-22 18:00:00+00:00,3.3664,1.33,3.4176,-2.0364,-60.4919,125,-100.0,True,True,bearish_vol_divergence
HAO,2026-05-15 19:45:00+00:00,2026-05-22 18:00:00+00:00,2.8928,1.33,2.8928,-1.5628,-54.0238,103,0.0,True,True,bearish_vol_divergence
HAO,2026-05-19 14:30:00+00:00,2026-05-22 18:00:00+00:00,1.8304,1.33,2.0096,-0.5004,-27.3383,80,-100.0,True,True,bearish_vol_divergence
HAO,2026-05-21 16:30:00+00:00,2026-05-22 18:00:00+00:00,1.56,1.33,1.6397,-0.23,-14.7436,28,-100.0,True,True,bearish_vol_divergence
HAO,2026-05-21 18:30:00+00:00,2026-05-22 18:00:00+00:00,1.525,1.33,1.56,-0.195,-12.7869,20,-100.0,True,True,bearish_vol_divergence
HAO,2026-05-26 19:15:00+00:00,2026-05-27 17:15:00+00:00,1.0889,0.8676,1.09,-0.2213,-20.3233,14,0.0,True,True,bearish_vol_divergence
HAO,2026-05-28 15:00:00+00:00,2026-05-28 19:00:00+00:00,0.9526,0.9502,1.05,-0.0024,-0.2519,15,-2.46,True,True,bearish_vol_divergence
HAO,2026-06-08 14:45:00+00:00,2026-06-10 17:45:00+00:00,0.8693,1.1152,2.04,0.2459,28.2871,53,21.0,True,True,bearish_vol_divergence
HAO,2026-06-08 15:00:00+00:00,2026-06-10 17:45:00+00:00,0.8493,1.1152,2.04,0.2659,31.3081,52,22.33,True,True,bearish_vol_divergence
HAO,2026-06-09 19:45:00+00:00,2026-06-10 17:45:00+00:00,0.9761,1.1152,1.18,0.1391,14.2506,14,68.22,True,True,bearish_vol_divergence
HAO,2026-06-10 14:30:00+00:00,2026-06-10 17:45:00+00:00,1.02,1.1152,1.18,0.0952,9.3333,13,59.5,True,True,bearish_vol_divergence
HAO,2026-06-18 18:00:00+00:00,2026-06-22 17:00:00+00:00,1.0707,1.09,1.19,0.0193,1.8026,18,16.18,True,True,bearish_vol_divergence
HAO,2026-06-18 19:30:00+00:00,2026-06-22 17:00:00+00:00,1.16,1.09,1.19,-0.07,-6.0345,12,-100.0,True,True,bearish_vol_divergence
HAO,2026-06-18 19:45:00+00:00,2026-06-22 17:00:00+00:00,1.17,1.09,1.18,-0.08,-6.8376,11,-100.0,True,True,bearish_vol_divergence
HAO,2026-06-22 14:45:00+00:00,2026-06-22 18:15:00+00:00,1.1,1.09,1.105,-0.01,-0.9091,12,0.0,True,True,bearish_vol_divergence
HAO,2026-06-22 15:30:00+00:00,2026-06-22 19:00:00+00:00,1.09,1.08,1.105,-0.01,-0.9174,12,-66.67,True,True,bearish_vol_divergence
HCAI,2026-05-07 18:00:00+00:00,2026-05-11 19:00:00+00:00,14.88,11.77,14.89,-3.11,-20.9005,39,0.0,True,True,bearish_vol_divergence
HCAI,2026-05-07 18:15:00+00:00,2026-05-11 19:00:00+00:00,14.89,11.77,14.89,-3.12,-20.9537,38,0.0,True,True,bearish_vol_divergence
HCAI,2026-05-11 19:45:00+00:00,2026-05-20 19:45:00+00:00,11.1,9.09,16.96,-2.01,-18.1081,118,-34.3,True,True,bearish_vol_divergence
HCAI,2026-05-18 17:00:00+00:00,2026-05-20 19:45:00+00:00,14.69,9.09,16.96,-5.6,-38.1212,49,-100.0,True,True,bearish_vol_divergence
HCAI,2026-05-19 18:45:00+00:00,2026-05-20 19:45:00+00:00,10.3,9.09,10.58,-1.21,-11.7476,20,-100.0,True,True,bearish_vol_divergence
HCAI,2026-05-19 19:15:00+00:00,2026-05-20 19:45:00+00:00,10.25,9.09,10.58,-1.16,-11.3171,18,-100.0,True,True,bearish_vol_divergence
HCAI,2026-05-20 14:30:00+00:00,2026-05-20 19:45:00+00:00,9.645,9.09,9.97,-0.555,-5.7543,15,-100.0,True,True,bearish_vol_divergence
HCAI,2026-06-01 18:30:00+00:00,2026-06-04 19:00:00+00:00,7.8,6.795,8.29,-1.005,-12.8846,28,-100.0,True,True,bearish_vol_divergence
HCAI,2026-06-03 14:45:00+00:00,2026-06-04 19:00:00+00:00,7.04,6.795,7.5,-0.245,-3.4801,17,-53.26,True,True,bearish_vol_divergence
HCAI,2026-06-03 19:15:00+00:00,2026-06-04 19:00:00+00:00,7.2002,6.795,7.21,-0.4052,-5.6276,12,0.0,True,True,bearish_vol_divergence
HCAI,2026-06-04 18:15:00+00:00,2026-06-10 15:00:00+00:00,6.8385,9.81,12.1,2.9715,43.4525,38,56.48,True,True,bearish_vol_divergence
HCAI,2026-06-05 17:15:00+00:00,2026-06-10 15:00:00+00:00,7.45,9.81,12.1,2.36,31.6779,30,50.75,True,True,bearish_vol_divergence
HCAI,2026-06-05 17:30:00+00:00,2026-06-10 15:00:00+00:00,7.0866,9.81,12.1,2.7234,38.4303,29,54.32,True,True,bearish_vol_divergence
HCTI,2026-04-30 15:30:00+00:00,2026-04-30 19:30:00+00:00,2.255,2.27,2.34,0.015,0.6652,15,17.65,True,True,bearish_vol_divergence
HCTI,2026-04-30 16:15:00+00:00,2026-04-30 19:30:00+00:00,2.295,2.27,2.32,-0.025,-1.0893,12,-100.0,True,True,bearish_vol_divergence
HCTI,2026-05-05 16:15:00+00:00,2026-05-06 16:30:00+00:00,2.25,2.35,2.385,0.1,4.4444,21,74.07,True,True,bearish_vol_divergence
HCTI,2026-05-05 16:45:00+00:00,2026-05-06 16:30:00+00:00,2.2201,2.35,2.385,0.1299,5.8511,19,78.77,True,True,bearish_vol_divergence
HCTI,2026-05-05 18:45:00+00:00,2026-05-06 16:30:00+00:00,2.2301,2.35,2.385,0.1199,5.3764,13,77.4,True,True,bearish_vol_divergence
HCTI,2026-05-12 18:45:00+00:00,2026-05-13 18:45:00+00:00,2.1501,2.175,2.2,0.0249,1.1581,13,49.9,True,True,bearish_vol_divergence
HCTI,2026-05-13 14:45:00+00:00,2026-05-13 19:15:00+00:00,2.17,2.175,2.19,0.005,0.2304,10,25.0,True,True,bearish_vol_divergence
HCTI,2026-05-19 19:45:00+00:00,2026-05-26 15:45:00+00:00,2.21,2.44,2.48,0.23,10.4072,54,85.19,True,True,bearish_vol_divergence
HCTI,2026-05-20 17:30:00+00:00,2026-05-26 15:45:00+00:00,2.325,2.44,2.48,0.115,4.9462,48,74.19,True,True,bearish_vol_divergence
HCTI,2026-05-20 18:30:00+00:00,2026-05-26 15:45:00+00:00,2.31,2.44,2.48,0.13,5.6277,44,76.47,True,True,bearish_vol_divergence
HCTI,2026-05-26 18:45:00+00:00,2026-05-27 17:45:00+00:00,2.4311,2.41,2.45,-0.0211,-0.8679,14,-100.0,True,True,bearish_vol_divergence
HCTI,2026-05-26 19:15:00+00:00,2026-05-27 17:45:00+00:00,2.45,2.41,2.45,-0.04,-1.6327,12,0.0,True,True,bearish_vol_divergence
HCTI,2026-05-26 19:45:00+00:00,2026-05-27 17:45:00+00:00,2.38,2.41,2.41,0.03,1.2605,10,100.0,True,True,bearish_vol_divergence
HCTI,2026-06-15 19:15:00+00:00,2026-06-16 19:30:00+00:00,2.2269,2.315,2.34,0.0881,3.9562,12,77.9,True,True,bearish_vol_divergence
HCTI,2026-06-15 19:45:00+00:00,2026-06-16 19:30:00+00:00,2.245,2.315,2.34,0.07,3.118,11,73.68,True,True,bearish_vol_divergence
HCTI,2026-06-16 14:45:00+00:00,2026-06-16 19:30:00+00:00,2.3274,2.315,2.34,-0.0124,-0.5328,10,-98.41,True,True,bearish_vol_divergence
HCTI,2026-06-16 15:30:00+00:00,2026-06-17 14:45:00+00:00,2.335,2.32,2.36,-0.015,-0.6424,10,-60.0,True,True,bearish_vol_divergence
HCTI,2026-06-16 15:45:00+00:00,2026-06-22 19:45:00+00:00,2.33,2.07,2.36,-0.26,-11.1588,44,-100.0,True,True,end_of_data
HIHO,2026-05-19 14:45:00+00:00,2026-06-03 19:30:00+00:00,0.7879,0.767,0.792,-0.0209,-2.6526,49,-100.0,True,True,bearish_vol_divergence
HIHO,2026-06-03 19:30:00+00:00,2026-06-08 15:30:00+00:00,0.767,0.8439,0.91,0.0769,10.0261,16,53.78,True,True,bearish_vol_divergence
HIHO,2026-06-04 15:45:00+00:00,2026-06-08 15:30:00+00:00,0.75,0.8439,0.91,0.0939,12.52,14,58.69,True,True,bearish_vol_divergence
HIHO,2026-06-04 18:00:00+00:00,2026-06-08 15:30:00+00:00,0.75,0.8439,0.91,0.0939,12.52,13,58.69,True,True,bearish_vol_divergence
HIHO,2026-06-09 17:45:00+00:00,2026-06-17 17:30:00+00:00,0.6274,0.7921,1.24,0.1647,26.2512,95,26.89,True,True,bearish_vol_divergence
HIHO,2026-06-11 19:00:00+00:00,2026-06-17 17:30:00+00:00,0.844,0.7921,0.889,-0.0519,-6.1493,49,-100.0,True,True,bearish_vol_divergence
HIHO,2026-06-15 15:30:00+00:00,2026-06-17 17:30:00+00:00,0.802,0.7921,0.802,-0.0099,-1.2344,25,0.0,True,True,bearish_vol_divergence
HIHO,2026-06-15 18:45:00+00:00,2026-06-17 17:30:00+00:00,0.7562,0.7921,0.7921,0.0359,4.7474,19,100.0,True,True,bearish_vol_divergence
HIHO,2026-06-16 14:30:00+00:00,2026-06-17 17:30:00+00:00,0.7765,0.7921,0.7921,0.0156,2.009,16,100.0,True,True,bearish_vol_divergence
HIHO,2026-06-22 19:00:00+00:00,2026-06-22 19:45:00+00:00,0.8399,0.8005,0.84,-0.0394,-4.691,3,0.0,True,True,end_of_data
HKIT,2026-05-01 16:00:00+00:00,2026-05-05 18:45:00+00:00,2.3121,2.232,2.5689,-0.0801,-3.4644,50,-31.19,True,True,bearish_vol_divergence
HKIT,2026-05-06 15:15:00+00:00,2026-05-12 19:30:00+00:00,2.1339,1.9536,2.3991,-0.1803,-8.4493,72,-67.99,True,True,bearish_vol_divergence
HKIT,2026-05-06 15:30:00+00:00,2026-05-12 19:30:00+00:00,2.1075,1.9536,2.3991,-0.1539,-7.3025,71,-52.78,True,True,bearish_vol_divergence
HKIT,2026-05-06 15:45:00+00:00,2026-05-12 19:30:00+00:00,2.1078,1.9536,2.3991,-0.1542,-7.3157,70,-52.94,True,True,bearish_vol_divergence
HKIT,2026-05-06 18:15:00+00:00,2026-05-12 19:30:00+00:00,2.2188,1.9536,2.3991,-0.2652,-11.9524,64,-100.0,True,True,bearish_vol_divergence
HKIT,2026-05-07 15:15:00+00:00,2026-05-12 19:30:00+00:00,2.3436,1.9536,2.3697,-0.39,-16.6411,55,-100.0,True,True,bearish_vol_divergence
HKIT,2026-05-14 15:30:00+00:00,2026-05-14 19:45:00+00:00,2.3397,2.613,2.7993,0.2733,11.681,17,59.46,True,True,bearish_vol_divergence
HKIT,2026-05-22 17:15:00+00:00,2026-05-26 15:15:00+00:00,2.0397,2.0352,2.0997,-0.0045,-0.2206,10,-7.5,True,True,bearish_vol_divergence
HKIT,2026-05-28 14:30:00+00:00,2026-05-29 17:00:00+00:00,1.5732,1.8697,1.9892,0.2965,18.8469,28,71.27,True,True,bearish_vol_divergence
HKIT,2026-05-28 14:45:00+00:00,2026-05-29 17:00:00+00:00,1.6179,1.8697,1.9892,0.2518,15.5634,27,67.82,True,True,bearish_vol_divergence
HKIT,2026-05-28 15:30:00+00:00,2026-05-29 17:00:00+00:00,1.5603,1.8697,1.9892,0.3094,19.8295,24,72.14,True,True,bearish_vol_divergence
HKIT,2026-05-29 16:30:00+00:00,2026-05-29 19:45:00+00:00,1.8599,1.75,1.9892,-0.1099,-5.9089,13,-85.0,True,True,bearish_vol_divergence
HKIT,2026-05-29 17:15:00+00:00,2026-05-29 19:45:00+00:00,1.865,1.75,1.94,-0.115,-6.1662,10,-100.0,True,True,bearish_vol_divergence
HKIT,2026-06-04 15:30:00+00:00,2026-06-04 19:45:00+00:00,0.3852,0.35,0.4502,-0.0352,-9.1381,17,-54.15,True,True,bearish_vol_divergence
HKIT,2026-06-05 19:00:00+00:00,2026-06-10 18:15:00+00:00,0.2698,0.5587,0.7,0.2889,107.0793,63,67.15,True,True,bearish_vol_divergence
HKIT,2026-06-05 19:15:00+00:00,2026-06-10 18:15:00+00:00,0.28,0.5587,0.7,0.2787,99.5357,62,66.36,True,True,bearish_vol_divergence
HKIT,2026-06-08 15:15:00+00:00,2026-06-10 18:15:00+00:00,0.2568,0.5587,0.7,0.3019,117.5623,56,68.12,True,True,bearish_vol_divergence
HKIT,2026-06-08 15:30:00+00:00,2026-06-10 18:15:00+00:00,0.2556,0.5587,0.7,0.3031,118.5837,55,68.2,True,True,bearish_vol_divergence
HKIT,2026-06-08 15:45:00+00:00,2026-06-10 18:15:00+00:00,0.2536,0.5587,0.7,0.3051,120.3076,54,68.35,True,True,bearish_vol_divergence
HKIT,2026-06-08 19:00:00+00:00,2026-06-10 18:15:00+00:00,0.6002,0.5587,0.7,-0.0415,-6.9144,41,-41.58,True,True,bearish_vol_divergence
HKIT,2026-06-12 18:00:00+00:00,2026-06-15 15:15:00+00:00,0.505,0.5026,0.5286,-0.0024,-0.4752,11,-10.17,True,True,bearish_vol_divergence
HKIT,2026-06-15 15:00:00+00:00,2026-06-16 17:30:00+00:00,0.4858,0.3987,0.5286,-0.0871,-17.9292,32,-100.0,True,True,bearish_vol_divergence
HKIT,2026-06-15 18:45:00+00:00,2026-06-16 17:30:00+00:00,0.4532,0.3987,0.467,-0.0545,-12.0256,17,-100.0,True,True,bearish_vol_divergence
HKIT,2026-06-18 15:30:00+00:00,2026-06-22 18:30:00+00:00,0.3049,0.2934,0.32,-0.0115,-3.7717,34,-76.16,True,True,bearish_vol_divergence
HKIT,2026-06-22 16:15:00+00:00,2026-06-22 18:45:00+00:00,0.2923,0.2932,0.2997,0.0009,0.3079,10,12.16,True,True,bearish_vol_divergence
HOUR,2026-05-13 14:30:00+00:00,2026-05-20 18:00:00+00:00,2.14,2.035,2.2601,-0.105,-4.9065,67,-87.43,True,True,bearish_vol_divergence
HOUR,2026-05-14 16:30:00+00:00,2026-05-20 18:00:00+00:00,2.17,2.035,2.17,-0.135,-6.2212,49,0.0,True,True,bearish_vol_divergence
HOUR,2026-05-14 19:30:00+00:00,2026-05-20 18:00:00+00:00,2.1203,2.035,2.1597,-0.0853,-4.023,43,-100.0,True,True,bearish_vol_divergence
HOUR,2026-05-15 15:00:00+00:00,2026-05-20 18:00:00+00:00,2.13,2.035,2.1597,-0.095,-4.4601,41,-100.0,True,True,bearish_vol_divergence
HOUR,2026-05-15 19:00:00+00:00,2026-05-20 18:00:00+00:00,2.07,2.035,2.1597,-0.035,-1.6908,36,-39.02,True,True,bearish_vol_divergence
HOUR,2026-05-20 19:15:00+00:00,2026-05-27 18:15:00+00:00,2.005,1.89,2.08,-0.115,-5.7357,39,-100.0,True,True,bearish_vol_divergence
HOUR,2026-05-21 14:45:00+00:00,2026-05-27 18:15:00+00:00,1.973,1.89,2.08,-0.083,-4.2068,36,-77.57,True,True,bearish_vol_divergence
HOUR,2026-05-21 15:15:00+00:00,2026-05-27 18:15:00+00:00,1.9601,1.89,2.08,-0.0701,-3.5764,34,-58.47,True,True,bearish_vol_divergence
HOUR,2026-05-21 16:00:00+00:00,2026-05-27 18:15:00+00:00,1.985,1.89,2.08,-0.095,-4.7859,32,-100.0,True,True,bearish_vol_divergence
HOUR,2026-05-22 16:00:00+00:00,2026-05-27 18:15:00+00:00,2.055,1.89,2.0718,-0.165,-8.0292,19,-100.0,True,True,bearish_vol_divergence
HOUR,2026-05-22 17:30:00+00:00,2026-05-27 18:15:00+00:00,2.0718,1.89,2.0718,-0.1818,-8.775,18,0.0,True,True,bearish_vol_divergence
HOUR,2026-05-26 15:00:00+00:00,2026-05-27 18:15:00+00:00,2.05,1.89,2.066,-0.16,-7.8049,15,-100.0,True,True,bearish_vol_divergence
HOUR,2026-06-08 14:45:00+00:00,2026-06-10 19:15:00+00:00,1.84,1.815,1.88,-0.025,-1.3587,28,-62.5,True,True,bearish_vol_divergence
HOUR,2026-06-08 16:15:00+00:00,2026-06-10 19:15:00+00:00,1.85,1.815,1.86,-0.035,-1.8919,25,-100.0,True,True,bearish_vol_divergence
HOUR,2026-06-15 16:30:00+00:00,2026-06-17 14:30:00+00:00,1.97,2.005,2.085,0.035,1.7767,23,30.43,True,True,bearish_vol_divergence
HOV,2026-04-28 19:15:00+00:00,2026-04-30 14:30:00+00:00,116.93,112.71,117.57,-4.22,-3.609,17,-100.0,True,True,bearish_vol_divergence
HOV,2026-05-14 16:00:00+00:00,2026-05-15 19:15:00+00:00,104.165,96.95,104.165,-7.215,-6.9265,28,0.0,True,True,bearish_vol_divergence
HOV,2026-05-14 16:30:00+00:00,2026-05-15 19:15:00+00:00,102.81,96.95,103.5316,-5.86,-5.6998,26,-100.0,True,True,bearish_vol_divergence
HOV,2026-05-14 16:45:00+00:00,2026-05-15 19:15:00+00:00,102.6,96.95,103.5316,-5.65,-5.5068,25,-100.0,True,True,bearish_vol_divergence
HOV,2026-05-14 17:15:00+00:00,2026-05-15 19:15:00+00:00,103.29,96.95,103.5316,-6.34,-6.1381,23,0.0,True,True,bearish_vol_divergence
HOV,2026-06-01 18:30:00+00:00,2026-06-02 15:45:00+00:00,115.14,116.39,117.45,1.25,1.0856,11,54.11,True,True,bearish_vol_divergence
HOV,2026-06-04 15:00:00+00:00,2026-06-04 18:00:00+00:00,111.3,110.9,111.89,-0.4,-0.3594,10,-67.8,True,True,bearish_vol_divergence
HOV,2026-06-04 15:15:00+00:00,2026-06-04 18:15:00+00:00,111.3,111.24,111.89,-0.06,-0.0539,10,-10.17,True,True,bearish_vol_divergence
HOV,2026-06-04 16:00:00+00:00,2026-06-08 15:15:00+00:00,111.89,110.63,111.98,-1.26,-1.1261,31,0.0,True,True,bearish_vol_divergence
HOV,2026-06-04 16:30:00+00:00,2026-06-08 15:15:00+00:00,111.33,110.63,111.98,-0.7,-0.6288,29,-100.0,True,True,bearish_vol_divergence
HOV,2026-06-08 15:15:00+00:00,2026-06-08 19:45:00+00:00,110.63,108.21,111.19,-2.42,-2.1875,13,-100.0,True,True,bearish_vol_divergence
HOV,2026-06-11 15:00:00+00:00,2026-06-15 16:30:00+00:00,113.5,122.0,125.99,8.5,7.489,40,68.05,True,True,bearish_vol_divergence
HOV,2026-06-11 15:30:00+00:00,2026-06-15 16:30:00+00:00,113.9,122.0,125.99,8.1,7.1115,39,67.0,True,True,bearish_vol_divergence
HOV,2026-06-16 19:00:00+00:00,2026-06-17 16:45:00+00:00,120.625,125.78,126.7,5.155,4.2736,12,84.86,True,True,bearish_vol_divergence
HOV,2026-06-16 19:15:00+00:00,2026-06-17 16:45:00+00:00,120.86,125.78,126.7,4.92,4.0708,11,84.25,True,True,bearish_vol_divergence
HTCO,2026-04-29 16:00:00+00:00,2026-04-30 18:45:00+00:00,6.87,7.0,7.28,0.13,1.8923,33,31.71,True,True,bearish_vol_divergence
HTCO,2026-04-29 16:15:00+00:00,2026-04-30 18:45:00+00:00,6.88,7.0,7.28,0.12,1.7442,32,30.0,True,True,bearish_vol_divergence
HTCO,2026-04-29 16:30:00+00:00,2026-04-30 18:45:00+00:00,7.0001,7.0,7.28,-0.0001,-0.0014,31,-0.04,True,True,bearish_vol_divergence
HTCO,2026-04-29 17:00:00+00:00,2026-04-30 18:45:00+00:00,6.99,7.0,7.28,0.01,0.1431,29,3.45,True,True,bearish_vol_divergence
HTCO,2026-05-05 17:45:00+00:00,2026-05-06 18:30:00+00:00,7.035,6.78,7.52,-0.255,-3.6247,25,-52.58,True,True,bearish_vol_divergence
HTCO,2026-06-08 14:30:00+00:00,2026-06-12 19:30:00+00:00,3.5299,3.9706,5.8,0.4407,12.4848,108,19.41,True,True,bearish_vol_divergence
HTCO,2026-06-08 15:00:00+00:00,2026-06-12 19:30:00+00:00,3.61,3.9706,5.8,0.3606,9.9889,106,16.47,True,True,bearish_vol_divergence
HTCO,2026-06-17 14:45:00+00:00,2026-06-22 19:45:00+00:00,4.3858,4.2,4.39,-0.1858,-4.2364,64,0.0,True,True,end_of_data
HTCO,2026-06-17 15:15:00+00:00,2026-06-22 19:45:00+00:00,4.28,4.2,4.3853,-0.08,-1.8692,62,-75.97,True,True,end_of_data
HTCR,2026-05-08 14:45:00+00:00,2026-05-18 18:00:00+00:00,3.195,2.7202,3.3126,-0.4748,-14.8607,80,-100.0,True,True,bearish_vol_divergence
HTCR,2026-05-26 19:30:00+00:00,2026-06-03 14:30:00+00:00,3.16,3.345,3.7458,0.185,5.8544,88,31.58,True,True,bearish_vol_divergence
HTCR,2026-05-27 14:30:00+00:00,2026-06-03 14:30:00+00:00,3.21,3.345,3.7458,0.135,4.2056,86,25.2,True,True,bearish_vol_divergence
HTCR,2026-06-18 19:45:00+00:00,2026-06-22 19:45:00+00:00,3.2,3.1,3.25,-0.1,-3.125,11,-100.0,True,True,end_of_data
HUBC,2026-05-04 16:15:00+00:00,2026-05-05 19:00:00+00:00,9.138,7.702,10.44,-1.436,-15.7146,33,-100.0,True,True,bearish_vol_divergence
HUBC,2026-05-08 15:45:00+00:00,2026-05-08 19:00:00+00:00,4.74,5.27,5.536,0.53,11.1814,13,66.58,True,True,bearish_vol_divergence
HUBC,2026-05-08 16:00:00+00:00,2026-05-08 19:00:00+00:00,4.7,5.27,5.536,0.57,12.1277,12,68.18,True,True,bearish_vol_divergence
HUBC,2026-05-08 17:30:00+00:00,2026-05-11 19:15:00+00:00,4.872,3.658,5.536,-1.214,-24.9179,29,-100.0,True,True,bearish_vol_divergence
HUBC,2026-05-08 18:00:00+00:00,2026-05-11 19:15:00+00:00,5.1,3.658,5.536,-1.442,-28.2745,27,-100.0,True,True,bearish_vol_divergence
HUBC,2026-05-08 18:45:00+00:00,2026-05-11 19:15:00+00:00,5.402,3.658,5.536,-1.744,-32.2843,24,-100.0,True,True,bearish_vol_divergence
HUBC,2026-05-12 16:00:00+00:00,2026-05-12 18:30:00+00:00,3.488,3.514,3.542,0.026,0.7454,10,48.15,True,True,bearish_vol_divergence
HUBC,2026-05-12 16:15:00+00:00,2026-05-12 18:45:00+00:00,3.498,3.468,3.522,-0.03,-0.8576,10,-100.0,True,True,bearish_vol_divergence
HUBC,2026-05-12 17:00:00+00:00,2026-05-13 17:45:00+00:00,3.4,2.862,3.586,-0.538,-15.8235,25,-100.0,True,True,bearish_vol_divergence
HUBC,2026-05-12 17:15:00+00:00,2026-05-13 17:45:00+00:00,3.398,2.862,3.586,-0.536,-15.774,24,-100.0,True,True,bearish_vol_divergence
HUBC,2026-05-14 19:30:00+00:00,2026-05-19 15:15:00+00:00,2.86,2.806,6.296,-0.054,-1.8881,49,-1.57,True,True,bearish_vol_divergence
HUBC,2026-05-15 15:45:00+00:00,2026-05-19 15:15:00+00:00,3.832,2.806,4.938,-1.026,-26.7745,42,-92.77,True,True,bearish_vol_divergence
HUBC,2026-05-15 16:30:00+00:00,2026-05-19 15:15:00+00:00,3.36,2.806,3.956,-0.554,-16.4881,39,-92.95,True,True,bearish_vol_divergence
HUBC,2026-05-15 16:45:00+00:00,2026-05-19 15:15:00+00:00,3.28,2.806,3.956,-0.474,-14.4512,38,-70.12,True,True,bearish_vol_divergence
HUBC,2026-05-15 17:00:00+00:00,2026-05-19 15:15:00+00:00,3.38,2.806,3.956,-0.574,-16.9822,37,-99.65,True,True,bearish_vol_divergence
HUBC,2026-05-18 16:15:00+00:00,2026-05-19 15:15:00+00:00,2.488,2.806,3.2,0.318,12.7814,18,44.66,True,True,bearish_vol_divergence
HUBC,2026-05-18 17:00:00+00:00,2026-05-19 15:15:00+00:00,2.614,2.806,3.2,0.192,7.3451,15,32.76,True,True,bearish_vol_divergence
HUBC,2026-05-18 17:15:00+00:00,2026-05-19 15:15:00+00:00,2.502,2.806,3.2,0.304,12.1503,14,43.55,True,True,bearish_vol_divergence
HUBC,2026-05-18 17:45:00+00:00,2026-05-19 15:15:00+00:00,2.588,2.806,3.2,0.218,8.4235,12,35.62,True,True,bearish_vol_divergence
HUBC,2026-05-19 14:45:00+00:00,2026-05-20 17:00:00+00:00,2.76,2.672,3.2,-0.088,-3.1884,31,-20.0,True,True,bearish_vol_divergence
HUBC,2026-05-19 15:00:00+00:00,2026-05-20 17:00:00+00:00,3.086,2.672,3.2,-0.414,-13.4154,30,-100.0,True,True,bearish_vol_divergence
HUBC,2026-05-19 15:45:00+00:00,2026-05-20 17:00:00+00:00,2.77,2.672,2.97,-0.098,-3.5379,27,-49.0,True,True,bearish_vol_divergence
HUBC,2026-05-22 14:45:00+00:00,2026-05-26 19:30:00+00:00,2.436,2.208,2.534,-0.228,-9.3596,41,-100.0,True,True,bearish_vol_divergence
HUBC,2026-06-05 15:15:00+00:00,2026-06-05 19:45:00+00:00,3.976,3.802,4.392,-0.174,-4.3763,18,-41.83,True,True,bearish_vol_divergence
HUBC,2026-06-05 15:30:00+00:00,2026-06-05 19:45:00+00:00,3.646,3.802,4.0,0.156,4.2787,17,44.07,True,True,bearish_vol_divergence
HUBC,2026-06-05 16:00:00+00:00,2026-06-05 19:45:00+00:00,3.818,3.802,3.956,-0.016,-0.4191,15,-11.59,True,True,bearish_vol_divergence
HUBC,2026-06-05 17:45:00+00:00,2026-06-10 16:00:00+00:00,3.81,1.5494,3.912,-2.2606,-59.3333,59,-100.0,True,True,bearish_vol_divergence
HUBC,2026-06-15 14:30:00+00:00,2026-06-18 18:00:00+00:00,1.745,2.01,2.29,0.265,15.1862,80,48.62,True,True,bearish_vol_divergence
HUBC,2026-06-15 15:00:00+00:00,2026-06-18 18:00:00+00:00,1.63,2.01,2.2,0.38,23.3129,78,66.67,True,True,bearish_vol_divergence
HUBC,2026-06-15 16:00:00+00:00,2026-06-18 18:00:00+00:00,1.645,2.01,2.2,0.365,22.1885,74,65.77,True,True,bearish_vol_divergence
HUBC,2026-06-15 16:15:00+00:00,2026-06-18 18:00:00+00:00,1.73,2.01,2.2,0.28,16.185,73,59.57,True,True,bearish_vol_divergence
HUDI,2026-05-14 15:45:00+00:00,2026-05-18 19:00:00+00:00,1.2224,1.19,1.37,-0.0324,-2.6505,40,-21.95,True,True,bearish_vol_divergence
HUDI,2026-06-01 18:15:00+00:00,2026-06-08 14:45:00+00:00,0.9699,1.0779,1.08,0.108,11.1352,31,98.09,True,True,bearish_vol_divergence
HUDI,2026-06-17 19:45:00+00:00,2026-06-22 19:30:00+00:00,0.91,0.9,0.9895,-0.01,-1.0989,16,-12.58,True,True,end_of_data
HUDI,2026-06-18 15:45:00+00:00,2026-06-22 19:30:00+00:00,0.931,0.9,0.9895,-0.031,-3.3298,12,-52.99,True,True,end_of_data
HUDI,2026-06-18 19:30:00+00:00,2026-06-22 19:30:00+00:00,0.9279,0.9,0.9279,-0.0279,-3.0068,6,0.0,True,True,end_of_data
HWH,2026-05-08 16:45:00+00:00,2026-05-14 17:45:00+00:00,1.05,1.0336,1.1,-0.0164,-1.5619,24,-32.8,True,True,bearish_vol_divergence
HWH,2026-05-13 18:15:00+00:00,2026-05-14 19:15:00+00:00,1.04,1.04,1.06,0.0,0.0,12,0.0,True,True,bearish_vol_divergence
HWH,2026-06-01 16:15:00+00:00,2026-06-16 17:30:00+00:00,1.0701,1.65,1.95,0.5799,54.1912,141,65.91,True,True,bearish_vol_divergence
HXHX,2026-05-01 18:15:00+00:00,2026-05-12 14:45:00+00:00,0.5707,0.4312,0.5805,-0.1395,-24.4437,57,-100.0,True,True,bearish_vol_divergence
HXHX,2026-05-01 18:45:00+00:00,2026-05-12 14:45:00+00:00,0.5711,0.4312,0.5805,-0.1399,-24.4966,56,-100.0,True,True,bearish_vol_divergence
HXHX,2026-06-03 14:30:00+00:00,2026-06-05 17:45:00+00:00,0.399,0.45,0.65,0.051,12.782,52,20.32,True,True,bearish_vol_divergence
HXHX,2026-06-03 14:45:00+00:00,2026-06-05 17:45:00+00:00,0.3905,0.45,0.65,0.0595,15.2369,51,22.93,True,True,bearish_vol_divergence
HXHX,2026-06-03 15:00:00+00:00,2026-06-05 17:45:00+00:00,0.399,0.45,0.65,0.051,12.782,50,20.32,True,True,bearish_vol_divergence
HXHX,2026-06-03 16:00:00+00:00,2026-06-05 17:45:00+00:00,0.3905,0.45,0.65,0.0595,15.2369,46,22.93,True,True,bearish_vol_divergence
HXHX,2026-06-03 16:15:00+00:00,2026-06-05 17:45:00+00:00,0.3999,0.45,0.65,0.0501,12.5281,45,20.03,True,True,bearish_vol_divergence
HXHX,2026-06-03 16:30:00+00:00,2026-06-05 17:45:00+00:00,0.3999,0.45,0.65,0.0501,12.5281,44,20.03,True,True,bearish_vol_divergence
HXHX,2026-06-08 19:30:00+00:00,2026-06-10 17:30:00+00:00,0.3715,0.9034,1.03,0.5319,143.1763,36,80.77,True,True,bearish_vol_divergence
HXHX,2026-06-08 19:45:00+00:00,2026-06-10 17:30:00+00:00,0.3931,0.9034,1.03,0.5103,129.8143,35,80.12,True,True,bearish_vol_divergence
HXHX,2026-06-09 14:45:00+00:00,2026-06-10 17:30:00+00:00,0.5406,0.9034,1.03,0.3628,67.1106,33,74.13,True,True,bearish_vol_divergence
HXHX,2026-06-09 16:00:00+00:00,2026-06-10 17:30:00+00:00,0.5454,0.9034,1.03,0.358,65.6399,28,73.88,True,True,bearish_vol_divergence
HXHX,2026-06-09 16:15:00+00:00,2026-06-10 17:30:00+00:00,0.5389,0.9034,1.03,0.3645,67.6378,27,74.22,True,True,bearish_vol_divergence
HXHX,2026-06-11 19:15:00+00:00,2026-06-15 16:30:00+00:00,0.5499,0.5498,0.5998,-0.0001,-0.0182,31,-0.2,True,True,bearish_vol_divergence
HXHX,2026-06-17 15:15:00+00:00,2026-06-18 19:00:00+00:00,0.5099,0.4532,0.51,-0.0567,-11.1198,30,0.0,True,True,bearish_vol_divergence
HXHX,2026-06-17 15:30:00+00:00,2026-06-18 19:00:00+00:00,0.5095,0.4532,0.51,-0.0563,-11.0501,29,0.0,True,True,bearish_vol_divergence
HXHX,2026-06-18 18:45:00+00:00,2026-06-22 19:45:00+00:00,0.4289,0.4675,0.4782,0.0386,8.9998,19,78.3,True,True,end_of_data
HXHX,2026-06-22 15:30:00+00:00,2026-06-22 19:45:00+00:00,0.442,0.4675,0.4782,0.0255,5.7692,14,70.44,True,True,end_of_data
HXHX,2026-06-22 16:30:00+00:00,2026-06-22 19:45:00+00:00,0.4427,0.4675,0.4782,0.0248,5.602,11,69.86,True,True,end_of_data
HXHX,2026-06-22 16:45:00+00:00,2026-06-22 19:45:00+00:00,0.4513,0.4675,0.4782,0.0162,3.5896,10,60.22,True,True,end_of_data
IBG,2026-05-06 15:15:00+00:00,2026-05-06 19:45:00+00:00,0.99,0.9896,1.0062,-0.0004,-0.0404,15,-2.47,True,True,bearish_vol_divergence
IBG,2026-05-06 15:45:00+00:00,2026-05-06 19:45:00+00:00,0.9901,0.9896,0.991,-0.0005,-0.0505,14,0.0,True,True,bearish_vol_divergence
IBG,2026-05-06 16:15:00+00:00,2026-05-06 19:45:00+00:00,0.99,0.9896,0.991,-0.0004,-0.0404,12,0.0,True,True,bearish_vol_divergence
IBG,2026-05-06 16:30:00+00:00,2026-05-06 19:45:00+00:00,0.99,0.9896,0.9909,-0.0004,-0.0404,11,0.0,True,True,bearish_vol_divergence
IBG,2026-05-06 17:30:00+00:00,2026-05-13 18:00:00+00:00,0.9909,0.8699,0.9909,-0.121,-12.2111,87,0.0,True,True,bearish_vol_divergence
IBG,2026-05-11 15:45:00+00:00,2026-05-13 18:00:00+00:00,0.8157,0.8699,0.8799,0.0542,6.6446,41,84.42,True,True,bearish_vol_divergence
IBG,2026-05-11 16:45:00+00:00,2026-05-13 18:00:00+00:00,0.7782,0.8699,0.8799,0.0917,11.7836,37,90.17,True,True,bearish_vol_divergence
IBG,2026-05-15 14:45:00+00:00,2026-05-18 14:45:00+00:00,0.835,0.855,0.8832,0.02,2.3952,16,41.49,True,True,bearish_vol_divergence
IBG,2026-05-18 15:00:00+00:00,2026-05-22 18:00:00+00:00,0.847,0.8399,0.899,-0.0071,-0.8383,46,-13.65,True,True,bearish_vol_divergence
IBG,2026-05-18 15:15:00+00:00,2026-05-22 18:00:00+00:00,0.8201,0.8399,0.899,0.0198,2.4143,45,25.1,True,True,bearish_vol_divergence
IBG,2026-06-09 16:45:00+00:00,2026-06-10 16:45:00+00:00,1.1999,1.171,1.24,-0.0289,-2.4085,21,-72.07,True,True,bearish_vol_divergence
IBG,2026-06-09 18:15:00+00:00,2026-06-10 16:45:00+00:00,1.2,1.171,1.24,-0.029,-2.4167,16,-72.5,True,True,bearish_vol_divergence
IBG,2026-06-09 19:00:00+00:00,2026-06-10 16:45:00+00:00,1.2,1.171,1.24,-0.029,-2.4167,13,-72.5,True,True,bearish_vol_divergence
IBG,2026-06-15 15:45:00+00:00,2026-06-15 19:15:00+00:00,1.205,1.22,1.25,0.015,1.2448,12,33.33,True,True,bearish_vol_divergence
IBG,2026-06-17 14:30:00+00:00,2026-06-22 19:45:00+00:00,1.17,1.11,1.22,-0.06,-5.1282,50,-100.0,True,True,end_of_data
IBG,2026-06-17 14:45:00+00:00,2026-06-22 19:45:00+00:00,1.16,1.11,1.22,-0.05,-4.3103,49,-83.33,True,True,end_of_data
IBG,2026-06-17 15:15:00+00:00,2026-06-22 19:45:00+00:00,1.15,1.11,1.22,-0.04,-3.4783,47,-57.14,True,True,end_of_data
IBG,2026-06-17 16:00:00+00:00,2026-06-22 19:45:00+00:00,1.145,1.11,1.22,-0.035,-3.0568,44,-46.67,True,True,end_of_data
IBG,2026-06-22 17:00:00+00:00,2026-06-22 19:45:00+00:00,1.195,1.11,1.1999,-0.085,-7.113,7,0.0,True,True,end_of_data
IBG,2026-06-22 18:15:00+00:00,2026-06-22 19:45:00+00:00,1.1701,1.11,1.185,-0.0601,-5.1363,4,-100.0,True,True,end_of_data
ICCM,2026-04-09 11:15:00+00:00,2026-04-09 17:30:00+00:00,10.704,10.572,10.8,-0.132,-1.2332,16,-100.0,True,True,bearish_vol_divergence
ICCM,2026-04-10 16:15:00+00:00,2026-04-10 19:45:00+00:00,9.741,9.669,9.945,-0.072,-0.7391,13,-35.29,True,True,bearish_vol_divergence
ICCM,2026-04-14 11:45:00+00:00,2026-04-14 16:15:00+00:00,10.14,10.551,11.064,0.411,4.0533,12,44.48,True,True,bearish_vol_divergence
ICCM,2026-04-15 15:45:00+00:00,2026-04-15 19:15:00+00:00,10.446,10.368,10.455,-0.078,-0.7467,11,0.0,True,True,bearish_vol_divergence
ICCM,2026-04-17 14:30:00+00:00,2026-04-20 16:15:00+00:00,10.821,10.947,11.493,0.126,1.1644,37,18.75,True,True,bearish_vol_divergence
ICCM,2026-04-17 14:45:00+00:00,2026-04-20 16:15:00+00:00,10.881,10.947,11.493,0.066,0.6066,36,10.78,True,True,bearish_vol_divergence
ICCM,2026-04-20 14:45:00+00:00,2026-04-21 19:15:00+00:00,11.109,10.851,11.442,-0.258,-2.3224,38,-77.48,True,True,bearish_vol_divergence
ICCM,2026-04-20 15:00:00+00:00,2026-04-21 19:15:00+00:00,11.217,10.851,11.442,-0.366,-3.2629,37,-100.0,True,True,bearish_vol_divergence
ICCM,2026-04-20 15:15:00+00:00,2026-04-21 19:15:00+00:00,11.109,10.851,11.442,-0.258,-2.3224,36,-77.48,True,True,bearish_vol_divergence
ICCM,2026-04-20 17:00:00+00:00,2026-04-21 19:15:00+00:00,10.947,10.851,11.442,-0.096,-0.877,31,-19.39,True,True,bearish_vol_divergence
ICCM,2026-04-21 15:30:00+00:00,2026-04-21 19:15:00+00:00,10.86,10.851,10.86,-0.009,-0.0829,11,0.0,True,True,bearish_vol_divergence
ICCM,2026-04-21 16:15:00+00:00,2026-04-21 19:30:00+00:00,10.575,10.8,10.851,0.225,2.1277,10,81.52,True,True,bearish_vol_divergence
ICCM,2026-04-21 16:30:00+00:00,2026-04-21 19:45:00+00:00,10.545,10.5,10.851,-0.045,-0.4267,10,-14.71,True,True,bearish_vol_divergence
ICCM,2026-04-21 17:15:00+00:00,2026-04-21 21:15:00+00:00,10.566,10.8,10.851,0.234,2.2147,10,82.11,True,True,bearish_vol_divergence
ICCM,2026-04-23 10:00:00+00:00,2026-04-24 14:30:00+00:00,9.9,8.688,10.197,-1.212,-12.2424,50,-100.0,True,True,bearish_vol_divergence
ICCM,2026-04-23 10:15:00+00:00,2026-04-24 14:30:00+00:00,10.185,8.688,10.185,-1.497,-14.6981,49,0.0,True,True,bearish_vol_divergence
ICCM,2026-04-28 19:45:00+00:00,2026-04-30 16:00:00+00:00,8.205,8.391,8.547,0.186,2.2669,55,54.39,True,True,bearish_vol_divergence
ICCM,2026-04-28 21:45:00+00:00,2026-04-30 16:00:00+00:00,8.37,8.391,8.547,0.021,0.2509,51,11.86,True,True,bearish_vol_divergence
ICCM,2026-04-29 12:45:00+00:00,2026-04-30 16:00:00+00:00,8.1,8.391,8.4,0.291,3.5926,46,97.0,True,True,bearish_vol_divergence
ICCM,2026-05-06 21:45:00+00:00,2026-05-07 19:00:00+00:00,8.37,7.563,8.4,-0.807,-9.6416,27,0.0,True,True,bearish_vol_divergence
ICCM,2026-05-07 13:30:00+00:00,2026-05-07 19:00:00+00:00,7.836,7.563,8.064,-0.273,-3.4839,22,-100.0,True,True,bearish_vol_divergence
ICCM,2026-05-11 13:30:00+00:00,2026-05-11 19:15:00+00:00,7.452,6.921,7.5,-0.531,-7.1256,23,-100.0,True,True,bearish_vol_divergence
ICCM,2026-05-11 14:30:00+00:00,2026-05-11 19:15:00+00:00,7.242,6.921,7.314,-0.321,-4.4325,19,-100.0,True,True,bearish_vol_divergence
ICCM,2026-05-12 12:45:00+00:00,2026-05-12 17:00:00+00:00,6.828,7.017,7.41,0.189,2.768,17,32.47,True,True,bearish_vol_divergence
ICCM,2026-05-20 14:00:00+00:00,2026-05-20 20:00:00+00:00,6.774,7.149,7.179,0.375,5.5359,22,92.59,True,True,bearish_vol_divergence
ICCM,2026-05-21 17:45:00+00:00,2026-05-26 15:00:00+00:00,7.002,6.843,7.491,-0.159,-2.2708,70,-32.52,True,True,bearish_vol_divergence
ICCM,2026-05-22 20:15:00+00:00,2026-05-26 15:00:00+00:00,7.125,6.843,7.431,-0.282,-3.9579,17,-92.16,True,True,bearish_vol_divergence
ICCM,2026-05-22 21:00:00+00:00,2026-05-26 15:00:00+00:00,7.08,6.843,7.431,-0.237,-3.3475,15,-67.52,True,True,bearish_vol_divergence
ICCM,2026-05-22 23:30:00+00:00,2026-05-26 15:00:00+00:00,7.122,6.843,7.431,-0.279,-3.9174,13,-90.29,True,True,bearish_vol_divergence
ICCM,2026-05-27 17:15:00+00:00,2026-05-28 13:30:00+00:00,6.654,6.864,7.071,0.21,3.156,24,50.36,True,True,bearish_vol_divergence
ICCM,2026-05-27 22:15:00+00:00,2026-05-28 17:15:00+00:00,6.9,6.834,7.071,-0.066,-0.9565,23,-38.6,True,True,bearish_vol_divergence
ICCM,2026-05-27 22:45:00+00:00,2026-05-28 17:15:00+00:00,6.63,6.834,7.071,0.204,3.0769,22,46.26,True,True,bearish_vol_divergence
ICCM,2026-05-28 12:30:00+00:00,2026-05-28 17:15:00+00:00,6.75,6.834,7.071,0.084,1.2444,17,26.17,True,True,bearish_vol_divergence
ICCM,2026-06-01 12:00:00+00:00,2026-06-02 20:00:00+00:00,6.78,4.191,8.43,-2.589,-38.1858,87,-100.0,True,True,bearish_vol_divergence
ICCM,2026-06-02 18:15:00+00:00,2026-06-02 20:45:00+00:00,4.098,4.503,4.503,0.405,9.8829,10,100.0,True,True,bearish_vol_divergence
ICCM,2026-06-02 21:30:00+00:00,2026-06-03 14:00:00+00:00,4.494,3.9,4.626,-0.594,-13.2176,30,-100.0,True,True,bearish_vol_divergence
ICCM,2026-06-17 12:15:00+00:00,2026-06-18 18:15:00+00:00,6.84,5.2301,9.5399,-1.6099,-23.5365,88,-59.63,True,True,bearish_vol_divergence
ICCM,2026-06-22 21:30:00+00:00,2026-06-23 19:45:00+00:00,6.0,6.1,8.3497,0.1,1.6667,57,4.26,True,True,bearish_vol_divergence
ICCM,2026-06-22 21:45:00+00:00,2026-06-23 19:45:00+00:00,5.91,6.1,8.3497,0.19,3.2149,56,7.79,True,True,bearish_vol_divergence
ICFI,2026-05-01 14:00:00+00:00,2026-05-01 17:45:00+00:00,72.21,72.96,74.1,0.75,1.0386,15,39.68,True,True,bearish_vol_divergence
ICFI,2026-05-05 15:00:00+00:00,2026-05-05 18:15:00+00:00,74.52,74.53,74.76,0.01,0.0134,13,0.0,True,True,bearish_vol_divergence
ICFI,2026-05-08 18:30:00+00:00,2026-05-11 18:30:00+00:00,69.48,66.72,71.95,-2.76,-3.9724,30,-100.0,True,True,bearish_vol_divergence
ICFI,2026-05-12 18:30:00+00:00,2026-05-14 15:45:00+00:00,65.26,60.43,65.46,-4.83,-7.4012,51,0.0,True,True,bearish_vol_divergence
ICFI,2026-05-12 18:45:00+00:00,2026-05-14 15:45:00+00:00,65.46,60.43,65.46,-5.03,-7.6841,50,0.0,True,True,bearish_vol_divergence
ICFI,2026-05-14 10:15:00+00:00,2026-05-14 15:45:00+00:00,60.3,60.43,60.84,0.13,0.2156,12,24.07,True,True,bearish_vol_divergence
ICFI,2026-05-14 11:15:00+00:00,2026-05-14 15:45:00+00:00,60.15,60.43,60.84,0.28,0.4655,11,40.58,True,True,bearish_vol_divergence
ICFI,2026-05-14 17:30:00+00:00,2026-05-14 20:00:00+00:00,61.03,60.86,61.89,-0.17,-0.2785,10,-19.77,True,True,bearish_vol_divergence
ICFI,2026-05-14 17:45:00+00:00,2026-05-15 13:30:00+00:00,60.6,61.24,61.89,0.64,1.0561,14,49.61,True,True,bearish_vol_divergence
ICFI,2026-05-22 17:15:00+00:00,2026-05-26 16:00:00+00:00,69.34,68.11,69.99,-1.23,-1.7739,27,-100.0,True,True,bearish_vol_divergence
ICFI,2026-05-26 15:00:00+00:00,2026-05-26 18:15:00+00:00,67.975,68.51,68.81,0.535,0.7871,13,64.07,True,True,bearish_vol_divergence
ICFI,2026-05-26 15:15:00+00:00,2026-05-26 18:15:00+00:00,67.87,68.51,68.81,0.64,0.943,12,68.09,True,True,bearish_vol_divergence
ICFI,2026-05-26 18:30:00+00:00,2026-05-27 14:00:00+00:00,68.615,69.045,69.52,0.43,0.6267,11,47.51,True,True,bearish_vol_divergence
ICFI,2026-05-27 21:15:00+00:00,2026-05-28 15:15:00+00:00,68.09,69.905,70.15,1.815,2.6656,10,88.11,True,True,bearish_vol_divergence
ICFI,2026-05-27 21:30:00+00:00,2026-05-28 15:30:00+00:00,68.31,70.125,70.15,1.815,2.657,10,98.64,True,True,bearish_vol_divergence
ICFI,2026-05-28 13:15:00+00:00,2026-05-28 15:45:00+00:00,67.63,69.62,70.15,1.99,2.9425,10,78.97,True,True,bearish_vol_divergence
ICFI,2026-05-28 14:00:00+00:00,2026-05-28 16:30:00+00:00,69.64,69.845,70.15,0.205,0.2944,10,40.2,True,True,bearish_vol_divergence
ICFI,2026-06-02 21:45:00+00:00,2026-06-04 14:15:00+00:00,72.0,70.03,72.0,-1.97,-2.7361,33,0.0,True,True,bearish_vol_divergence
ICFI,2026-06-04 13:30:00+00:00,2026-06-04 19:00:00+00:00,69.9,68.56,70.95,-1.34,-1.917,20,-100.0,True,True,bearish_vol_divergence
ICFI,2026-06-04 13:45:00+00:00,2026-06-04 19:00:00+00:00,70.37,68.56,70.95,-1.81,-2.5721,19,-100.0,True,True,bearish_vol_divergence
ICFI,2026-06-04 14:00:00+00:00,2026-06-04 19:00:00+00:00,70.15,68.56,70.95,-1.59,-2.2666,18,-100.0,True,True,bearish_vol_divergence
ICFI,2026-06-05 16:30:00+00:00,2026-06-08 15:00:00+00:00,69.13,70.33,71.26,1.2,1.7359,25,56.34,True,True,bearish_vol_divergence
ICFI,2026-06-10 15:15:00+00:00,2026-06-10 18:00:00+00:00,72.43,72.395,72.78,-0.035,-0.0483,11,0.0,True,True,bearish_vol_divergence
ICFI,2026-06-10 15:30:00+00:00,2026-06-10 18:00:00+00:00,72.76,72.395,72.78,-0.365,-0.5017,10,0.0,True,True,bearish_vol_divergence
ICFI,2026-06-10 17:30:00+00:00,2026-06-11 13:45:00+00:00,72.78,71.85,72.78,-0.93,-1.2778,12,0.0,True,True,bearish_vol_divergence
ICFI,2026-06-11 16:45:00+00:00,2026-06-11 19:15:00+00:00,71.9,72.525,73.1,0.625,0.8693,10,52.08,True,True,bearish_vol_divergence
ICFI,2026-06-11 17:30:00+00:00,2026-06-11 20:00:00+00:00,72.98,72.49,73.1,-0.49,-0.6714,10,0.0,True,True,bearish_vol_divergence
ICFI,2026-06-11 18:15:00+00:00,2026-06-11 22:15:00+00:00,72.84,72.49,73.08,-0.35,-0.4805,10,0.0,True,True,bearish_vol_divergence
ICFI,2026-06-15 15:45:00+00:00,2026-06-15 18:15:00+00:00,72.375,71.96,72.625,-0.415,-0.5734,10,0.0,True,True,bearish_vol_divergence
ICFI,2026-06-15 16:15:00+00:00,2026-06-15 18:45:00+00:00,72.48,71.695,72.625,-0.785,-1.0831,10,0.0,True,True,bearish_vol_divergence
ICFI,2026-06-15 18:00:00+00:00,2026-06-16 16:30:00+00:00,71.99,72.62,73.75,0.63,0.8751,22,35.8,True,True,bearish_vol_divergence
ICFI,2026-06-16 15:45:00+00:00,2026-06-16 18:15:00+00:00,72.51,72.94,73.0,0.43,0.593,10,87.76,True,True,bearish_vol_divergence
ICFI,2026-06-16 16:00:00+00:00,2026-06-16 19:30:00+00:00,72.62,72.885,73.17,0.265,0.3649,14,48.18,True,True,bearish_vol_divergence
ICFI,2026-06-16 16:15:00+00:00,2026-06-16 19:30:00+00:00,72.45,72.885,73.17,0.435,0.6004,13,60.42,True,True,bearish_vol_divergence
ICFI,2026-06-22 21:15:00+00:00,2026-06-23 19:30:00+00:00,64.54,67.02,67.23,2.48,3.8426,28,92.19,True,True,bearish_vol_divergence
ICFI,2026-06-23 13:15:00+00:00,2026-06-23 19:30:00+00:00,65.38,67.02,67.23,1.64,2.5084,25,88.65,True,True,bearish_vol_divergence
ICFI,2026-06-23 13:45:00+00:00,2026-06-23 19:30:00+00:00,66.94,67.02,67.23,0.08,0.1195,23,0.0,True,True,bearish_vol_divergence
ICFI,2026-06-23 14:00:00+00:00,2026-06-23 19:30:00+00:00,66.65,67.02,67.23,0.37,0.5551,22,63.79,True,True,bearish_vol_divergence
ICU,2026-04-28 18:00:00+00:00,2026-04-30 19:15:00+00:00,3.99,4.115,4.19,0.125,3.1328,35,62.5,True,True,bearish_vol_divergence
ICU,2026-05-05 16:00:00+00:00,2026-05-05 19:00:00+00:00,4.325,4.42,4.44,0.095,2.1965,10,82.61,True,True,bearish_vol_divergence
ICU,2026-05-12 15:45:00+00:00,2026-05-12 19:00:00+00:00,4.79,4.83,4.98,0.04,0.8351,13,21.05,True,True,bearish_vol_divergence
ICU,2026-06-02 14:30:00+00:00,2026-06-08 19:45:00+00:00,3.585,2.92,3.645,-0.665,-18.5495,94,-100.0,True,True,bearish_vol_divergence
ICU,2026-06-02 15:45:00+00:00,2026-06-08 19:45:00+00:00,3.57,2.92,3.6,-0.65,-18.2073,89,-100.0,True,True,bearish_vol_divergence
ICU,2026-06-02 18:45:00+00:00,2026-06-08 19:45:00+00:00,3.54,2.92,3.55,-0.62,-17.5141,78,0.0,True,True,bearish_vol_divergence
ICU,2026-06-10 16:45:00+00:00,2026-06-15 14:30:00+00:00,2.7226,3.265,3.305,0.5424,19.9221,53,93.13,True,True,bearish_vol_divergence
ICU,2026-06-10 17:00:00+00:00,2026-06-15 14:30:00+00:00,2.725,3.265,3.305,0.54,19.8165,52,93.1,True,True,bearish_vol_divergence
ICU,2026-06-10 17:45:00+00:00,2026-06-15 14:30:00+00:00,2.71,3.265,3.305,0.555,20.4797,49,93.28,True,True,bearish_vol_divergence
ICU,2026-06-17 15:15:00+00:00,2026-06-22 19:45:00+00:00,3.18,3.2,3.365,0.02,0.6289,46,10.81,True,True,end_of_data
ICU,2026-06-17 15:45:00+00:00,2026-06-22 19:45:00+00:00,3.2,3.2,3.365,0.0,0.0,45,0.0,True,True,end_of_data
ICU,2026-06-18 19:30:00+00:00,2026-06-22 19:45:00+00:00,3.11,3.2,3.365,0.09,2.8939,18,35.29,True,True,end_of_data
ICU,2026-06-22 16:00:00+00:00,2026-06-22 19:45:00+00:00,3.3336,3.2,3.3421,-0.1336,-4.0077,12,0.0,True,True,end_of_data
ICU,2026-06-22 16:15:00+00:00,2026-06-22 19:45:00+00:00,3.34,3.2,3.3421,-0.14,-4.1916,11,0.0,True,True,end_of_data
IDAI,2026-04-29 17:30:00+00:00,2026-04-30 19:45:00+00:00,2.41,2.53,2.552,0.12,4.9792,22,84.51,True,True,bearish_vol_divergence
IDAI,2026-04-29 18:00:00+00:00,2026-04-30 19:45:00+00:00,2.435,2.53,2.552,0.095,3.9014,21,81.2,True,True,bearish_vol_divergence
IDAI,2026-05-08 14:30:00+00:00,2026-05-11 18:15:00+00:00,2.44,2.29,2.53,-0.15,-6.1475,24,-100.0,True,True,bearish_vol_divergence
IDAI,2026-05-08 15:30:00+00:00,2026-05-11 18:15:00+00:00,2.45,2.29,2.48,-0.16,-6.5306,20,-100.0,True,True,bearish_vol_divergence
IDAI,2026-05-14 16:15:00+00:00,2026-05-19 14:45:00+00:00,2.2501,2.0868,2.3136,-0.1633,-7.2574,38,-100.0,True,True,bearish_vol_divergence
IDAI,2026-05-14 17:45:00+00:00,2026-05-19 14:45:00+00:00,2.28,2.0868,2.3136,-0.1932,-8.4737,35,-100.0,True,True,bearish_vol_divergence
IDAI,2026-05-14 18:45:00+00:00,2026-05-19 14:45:00+00:00,2.291,2.0868,2.3136,-0.2042,-8.9131,33,-100.0,True,True,bearish_vol_divergence
IDAI,2026-05-14 19:00:00+00:00,2026-05-19 14:45:00+00:00,2.2794,2.0868,2.3136,-0.1926,-8.4496,32,-100.0,True,True,bearish_vol_divergence
IDAI,2026-06-01 18:00:00+00:00,2026-06-08 14:45:00+00:00,2.37,2.265,2.5,-0.105,-4.4304,53,-80.77,True,True,bearish_vol_divergence
IDAI,2026-06-02 18:00:00+00:00,2026-06-08 14:45:00+00:00,2.43,2.265,2.5,-0.165,-6.7901,43,-100.0,True,True,bearish_vol_divergence
IDAI,2026-06-02 18:30:00+00:00,2026-06-08 14:45:00+00:00,2.4222,2.265,2.5,-0.1572,-6.49,41,-100.0,True,True,bearish_vol_divergence
IDAI,2026-06-03 15:15:00+00:00,2026-06-08 14:45:00+00:00,2.38,2.265,2.4099,-0.115,-4.8319,34,-100.0,True,True,bearish_vol_divergence
IDAI,2026-06-03 15:30:00+00:00,2026-06-08 14:45:00+00:00,2.4099,2.265,2.4099,-0.1449,-6.0127,33,0.0,True,True,bearish_vol_divergence
IDAI,2026-06-03 16:30:00+00:00,2026-06-08 14:45:00+00:00,2.3522,2.265,2.39,-0.0872,-3.7072,30,-100.0,True,True,bearish_vol_divergence
IHT,2026-06-01 19:00:00+00:00,2026-06-22 19:45:00+00:00,1.55,1.575,1.7,0.025,1.6129,97,16.67,True,True,bearish_vol_divergence
IHT,2026-06-18 14:30:00+00:00,2026-06-22 19:45:00+00:00,1.525,1.575,1.7,0.05,3.2787,43,28.57,True,True,bearish_vol_divergence
IHT,2026-06-18 14:45:00+00:00,2026-06-22 19:45:00+00:00,1.51,1.575,1.7,0.065,4.3046,42,34.21,True,True,bearish_vol_divergence
IHT,2026-06-18 17:00:00+00:00,2026-06-22 19:45:00+00:00,1.405,1.575,1.7,0.17,12.0996,33,57.63,True,True,bearish_vol_divergence
ILAG,2026-06-15 16:45:00+00:00,2026-06-22 19:45:00+00:00,3.295,3.08,3.5,-0.215,-6.525,32,-100.0,True,True,end_of_data
ILAG,2026-06-15 17:00:00+00:00,2026-06-22 19:45:00+00:00,3.31,3.08,3.5,-0.23,-6.9486,31,-100.0,True,True,end_of_data
ILAG,2026-06-15 17:15:00+00:00,2026-06-22 19:45:00+00:00,3.24,3.08,3.5,-0.16,-4.9383,30,-61.54,True,True,end_of_data
ILAG,2026-06-15 18:00:00+00:00,2026-06-22 19:45:00+00:00,3.24,3.08,3.5,-0.16,-4.9383,28,-61.54,True,True,end_of_data
IMCC,2026-05-05 15:00:00+00:00,2026-05-05 19:30:00+00:00,0.2667,0.2782,0.2808,0.0115,4.312,15,81.56,True,True,bearish_vol_divergence
IMCC,2026-05-11 18:15:00+00:00,2026-05-12 18:45:00+00:00,0.2511,0.2449,0.2592,-0.0062,-2.4691,22,-76.54,True,True,bearish_vol_divergence
IMCC,2026-05-11 19:30:00+00:00,2026-05-12 18:45:00+00:00,0.2592,0.2449,0.2592,-0.0143,-5.517,17,0.0,True,True,bearish_vol_divergence
IMCC,2026-05-12 14:45:00+00:00,2026-05-12 18:45:00+00:00,0.2458,0.2449,0.2485,-0.0009,-0.3662,14,-33.33,True,True,bearish_vol_divergence
IMCC,2026-05-13 17:30:00+00:00,2026-05-14 14:45:00+00:00,0.2555,0.2553,0.2566,-0.0002,-0.0783,11,0.0,True,True,bearish_vol_divergence
IMCC,2026-05-18 15:15:00+00:00,2026-05-18 19:45:00+00:00,0.2266,0.2296,0.2299,0.003,1.3239,13,90.91,True,True,bearish_vol_divergence
IMCC,2026-05-18 16:15:00+00:00,2026-05-18 19:45:00+00:00,0.2262,0.2296,0.2299,0.0034,1.5031,11,91.89,True,True,bearish_vol_divergence
IMCC,2026-05-18 19:45:00+00:00,2026-05-21 17:30:00+00:00,0.2296,0.241,0.26,0.0114,4.9652,43,37.5,True,True,bearish_vol_divergence
IMCC,2026-05-20 16:45:00+00:00,2026-05-21 17:30:00+00:00,0.2477,0.241,0.26,-0.0067,-2.7049,23,-54.47,True,True,bearish_vol_divergence
IMCC,2026-05-20 17:00:00+00:00,2026-05-21 17:30:00+00:00,0.245,0.241,0.26,-0.004,-1.6327,22,-26.67,True,True,bearish_vol_divergence
IMCC,2026-05-20 17:45:00+00:00,2026-05-21 17:30:00+00:00,0.2374,0.241,0.26,0.0036,1.5164,19,15.93,True,True,bearish_vol_divergence
IMCC,2026-05-26 15:30:00+00:00,2026-05-27 14:30:00+00:00,0.2611,0.287,0.289,0.0259,9.9196,18,92.83,True,True,bearish_vol_divergence
IMCC,2026-06-01 16:15:00+00:00,2026-06-01 19:30:00+00:00,0.3223,0.3153,0.3261,-0.007,-2.1719,13,-100.0,True,True,bearish_vol_divergence
IMCC,2026-06-03 15:15:00+00:00,2026-06-04 18:15:00+00:00,0.2803,0.28,0.2897,-0.0003,-0.107,29,-3.19,True,True,bearish_vol_divergence
IMCC,2026-06-03 16:00:00+00:00,2026-06-04 18:15:00+00:00,0.2808,0.28,0.2895,-0.0008,-0.2849,26,-9.2,True,True,bearish_vol_divergence
IMCC,2026-06-04 16:00:00+00:00,2026-06-15 14:45:00+00:00,0.28,0.2394,0.2921,-0.0406,-14.5,122,-100.0,True,True,bearish_vol_divergence
IMCC,2026-06-09 15:00:00+00:00,2026-06-15 14:45:00+00:00,0.2679,0.2394,0.2834,-0.0285,-10.6383,75,-100.0,True,True,bearish_vol_divergence
IMCC,2026-06-09 15:15:00+00:00,2026-06-15 14:45:00+00:00,0.2708,0.2394,0.2834,-0.0314,-11.5953,74,-100.0,True,True,bearish_vol_divergence
IMCC,2026-06-17 18:30:00+00:00,2026-06-18 17:15:00+00:00,0.2235,0.182,0.2249,-0.0415,-18.5682,17,-100.0,True,True,bearish_vol_divergence
IMCC,2026-06-18 19:30:00+00:00,2026-06-22 19:15:00+00:00,0.1902,0.1705,0.1902,-0.0197,-10.3575,21,0.0,True,True,bearish_vol_divergence
IMCC,2026-06-18 19:45:00+00:00,2026-06-22 19:15:00+00:00,0.1852,0.1705,0.1902,-0.0147,-7.9374,20,-100.0,True,True,bearish_vol_divergence
IMNN,2026-04-29 17:45:00+00:00,2026-04-30 16:45:00+00:00,2.79,2.71,2.81,-0.08,-2.8674,10,-100.0,True,True,bearish_vol_divergence
IMNN,2026-04-29 18:00:00+00:00,2026-05-01 18:15:00+00:00,2.73,2.79,2.85,0.06,2.1978,25,50.0,True,True,bearish_vol_divergence
IMNN,2026-04-30 16:00:00+00:00,2026-05-01 18:15:00+00:00,2.805,2.79,2.85,-0.015,-0.5348,18,-33.33,True,True,bearish_vol_divergence
IMNN,2026-05-21 16:00:00+00:00,2026-05-22 14:30:00+00:00,2.181,2.26,2.26,0.079,3.6222,11,100.0,True,True,bearish_vol_divergence
IMNN,2026-06-03 16:45:00+00:00,2026-06-08 17:45:00+00:00,2.145,2.03,2.1455,-0.115,-5.3613,39,0.0,True,True,bearish_vol_divergence
IMRN,2026-05-19 14:30:00+00:00,2026-05-19 17:15:00+00:00,0.98,0.99,1.0,0.01,1.0204,10,50.0,True,True,bearish_vol_divergence
IMRN,2026-05-19 17:45:00+00:00,2026-05-22 15:00:00+00:00,1.0,1.0499,1.0915,0.0499,4.99,29,54.54,True,True,bearish_vol_divergence
IMRN,2026-06-03 17:15:00+00:00,2026-06-04 18:00:00+00:00,1.335,1.35,1.4,0.015,1.1236,19,23.08,True,True,bearish_vol_divergence
IMRN,2026-06-03 17:30:00+00:00,2026-06-04 18:00:00+00:00,1.3008,1.35,1.4,0.0492,3.7823,18,49.6,True,True,bearish_vol_divergence
IMRN,2026-06-03 19:00:00+00:00,2026-06-04 18:00:00+00:00,1.345,1.35,1.4,0.005,0.3717,15,9.09,True,True,bearish_vol_divergence
IMTE,2026-05-20 18:30:00+00:00,2026-05-29 18:30:00+00:00,0.5138,0.53,0.5509,0.0162,3.153,37,43.67,True,True,bearish_vol_divergence
IMTE,2026-06-09 14:45:00+00:00,2026-06-10 16:45:00+00:00,0.472,0.487,0.51,0.015,3.178,10,39.47,True,True,bearish_vol_divergence
IMTE,2026-06-10 18:00:00+00:00,2026-06-16 18:30:00+00:00,0.5101,0.5522,0.6999,0.0421,8.2533,66,22.18,True,True,bearish_vol_divergence
INBS,2026-05-12 18:45:00+00:00,2026-05-13 17:00:00+00:00,3.2326,3.75,3.7899,0.5174,16.0057,15,92.84,True,True,bearish_vol_divergence
INBS,2026-05-20 16:30:00+00:00,2026-05-21 18:15:00+00:00,3.025,2.79,3.06,-0.235,-7.7686,24,-100.0,True,True,bearish_vol_divergence
INBS,2026-06-04 14:45:00+00:00,2026-06-09 18:30:00+00:00,2.46,2.37,2.4904,-0.09,-3.6585,63,-100.0,True,True,bearish_vol_divergence
INBS,2026-06-04 15:00:00+00:00,2026-06-09 18:30:00+00:00,2.42,2.37,2.4904,-0.05,-2.0661,62,-71.02,True,True,bearish_vol_divergence
INBS,2026-06-04 15:30:00+00:00,2026-06-09 18:30:00+00:00,2.45,2.37,2.4904,-0.08,-3.2653,60,-100.0,True,True,bearish_vol_divergence
INBS,2026-06-04 19:30:00+00:00,2026-06-09 18:30:00+00:00,2.42,2.37,2.4904,-0.05,-2.0661,51,-71.02,True,True,bearish_vol_divergence
INBS,2026-06-08 14:45:00+00:00,2026-06-09 18:30:00+00:00,2.465,2.37,2.4904,-0.095,-3.854,30,-100.0,True,True,bearish_vol_divergence
INBS,2026-06-12 17:45:00+00:00,2026-06-15 19:00:00+00:00,2.41,2.375,2.4171,-0.035,-1.4523,18,0.0,True,True,bearish_vol_divergence
INDP,2026-05-08 19:00:00+00:00,2026-05-11 18:45:00+00:00,1.95,1.85,1.99,-0.1,-5.1282,13,-100.0,True,True,bearish_vol_divergence
INDP,2026-06-04 15:15:00+00:00,2026-06-11 16:30:00+00:00,2.782,3.38,5.9599,0.598,21.4953,115,18.82,True,True,bearish_vol_divergence
INDP,2026-06-08 15:45:00+00:00,2026-06-11 16:30:00+00:00,3.105,3.38,3.7299,0.275,8.8567,69,44.01,True,True,bearish_vol_divergence
INDP,2026-06-16 19:15:00+00:00,2026-06-22 17:30:00+00:00,3.55,3.77,4.94,0.22,6.1972,59,15.83,True,True,bearish_vol_divergence
INDP,2026-06-17 14:30:00+00:00,2026-06-22 17:30:00+00:00,4.365,3.77,4.94,-0.595,-13.6312,56,-100.0,True,True,bearish_vol_divergence
INDP,2026-06-17 14:45:00+00:00,2026-06-22 17:30:00+00:00,4.265,3.77,4.94,-0.495,-11.6061,55,-73.33,True,True,bearish_vol_divergence
INDP,2026-06-18 19:30:00+00:00,2026-06-22 17:30:00+00:00,4.0,3.77,4.0392,-0.23,-5.75,14,-100.0,True,True,bearish_vol_divergence
INDP,2026-06-22 18:30:00+00:00,2026-06-22 19:45:00+00:00,3.7,3.73,3.84,0.03,0.8108,5,21.43,True,True,end_of_data
INEO,2026-05-01 16:00:00+00:00,2026-05-12 14:30:00+00:00,0.5675,0.5776,0.6588,0.0101,1.7797,44,11.06,True,True,bearish_vol_divergence
INEO,2026-05-01 16:45:00+00:00,2026-05-12 14:30:00+00:00,0.5676,0.5776,0.6588,0.01,1.7618,43,10.96,True,True,bearish_vol_divergence
INEO,2026-05-04 17:30:00+00:00,2026-05-12 14:30:00+00:00,0.5944,0.5776,0.6588,-0.0168,-2.8264,36,-26.09,True,True,bearish_vol_divergence
INEO,2026-05-04 19:45:00+00:00,2026-05-12 14:30:00+00:00,0.62,0.5776,0.65,-0.0424,-6.8387,32,-100.0,True,True,bearish_vol_divergence
INEO,2026-05-11 19:30:00+00:00,2026-05-14 15:30:00+00:00,0.551,0.6198,0.6198,0.0688,12.4864,16,100.0,True,True,bearish_vol_divergence
INEO,2026-05-21 16:00:00+00:00,2026-05-26 15:30:00+00:00,0.59,0.6462,0.6824,0.0562,9.5254,18,60.82,True,True,bearish_vol_divergence
INEO,2026-05-21 16:15:00+00:00,2026-05-26 15:30:00+00:00,0.59,0.6462,0.6824,0.0562,9.5254,17,60.82,True,True,bearish_vol_divergence
INEO,2026-06-02 15:00:00+00:00,2026-06-08 18:30:00+00:00,0.6045,0.5598,0.62,-0.0447,-7.3945,39,-100.0,True,True,bearish_vol_divergence
INEO,2026-06-16 15:45:00+00:00,2026-06-22 19:45:00+00:00,0.6326,0.552,0.6413,-0.0806,-12.7411,24,-100.0,True,True,end_of_data
INM,2026-05-14 15:30:00+00:00,2026-05-20 19:45:00+00:00,0.6301,1.66,1.78,1.0299,163.4502,68,89.56,True,True,bearish_vol_divergence
INM,2026-05-20 18:30:00+00:00,2026-05-22 18:45:00+00:00,1.69,1.75,1.8263,0.06,3.5503,45,44.02,True,True,bearish_vol_divergence
INM,2026-06-01 14:45:00+00:00,2026-06-05 17:45:00+00:00,1.565,1.55,1.64,-0.015,-0.9585,73,-20.0,True,True,bearish_vol_divergence
INM,2026-06-01 15:30:00+00:00,2026-06-05 17:45:00+00:00,1.5665,1.55,1.64,-0.0165,-1.0533,71,-22.45,True,True,bearish_vol_divergence
INM,2026-06-01 15:45:00+00:00,2026-06-05 17:45:00+00:00,1.58,1.55,1.64,-0.03,-1.8987,70,-50.0,True,True,bearish_vol_divergence
INM,2026-06-01 18:15:00+00:00,2026-06-05 17:45:00+00:00,1.6,1.55,1.64,-0.05,-3.125,63,-100.0,True,True,bearish_vol_divergence
INM,2026-06-01 18:45:00+00:00,2026-06-05 17:45:00+00:00,1.579,1.55,1.64,-0.029,-1.8366,61,-47.54,True,True,bearish_vol_divergence
INM,2026-06-03 14:45:00+00:00,2026-06-05 17:45:00+00:00,1.545,1.55,1.64,0.005,0.3236,39,5.26,True,True,bearish_vol_divergence
INM,2026-06-16 19:45:00+00:00,2026-06-22 19:15:00+00:00,1.485,1.5,1.5895,0.015,1.0101,31,14.35,True,True,end_of_data
INM,2026-06-17 18:00:00+00:00,2026-06-22 19:15:00+00:00,1.53,1.5,1.5895,-0.03,-1.9608,25,-50.42,True,True,end_of_data
INR,2026-04-30 16:45:00+00:00,2026-04-30 19:30:00+00:00,16.27,16.3,16.435,0.03,0.1844,11,18.18,True,True,bearish_vol_divergence
INR,2026-04-30 19:15:00+00:00,2026-05-01 17:00:00+00:00,16.335,16.12,16.375,-0.215,-1.3162,13,0.0,True,True,bearish_vol_divergence
INR,2026-04-30 19:45:00+00:00,2026-05-01 17:00:00+00:00,16.3,16.12,16.375,-0.18,-1.1043,11,0.0,True,True,bearish_vol_divergence
INR,2026-05-05 18:45:00+00:00,2026-05-06 17:30:00+00:00,17.05,15.89,17.095,-1.16,-6.8035,17,0.0,True,True,bearish_vol_divergence
INR,2026-05-05 19:00:00+00:00,2026-05-06 17:30:00+00:00,17.0,15.89,17.0312,-1.11,-6.5294,16,0.0,True,True,bearish_vol_divergence
INR,2026-05-05 19:15:00+00:00,2026-05-06 17:30:00+00:00,16.95,15.89,16.99,-1.06,-6.2537,15,0.0,True,True,bearish_vol_divergence
INR,2026-05-07 19:45:00+00:00,2026-05-08 17:45:00+00:00,15.34,15.54,15.64,0.2,1.3038,14,66.67,True,True,bearish_vol_divergence
INR,2026-05-08 18:15:00+00:00,2026-05-11 15:15:00+00:00,15.63,15.845,15.96,0.215,1.3756,10,65.15,True,True,bearish_vol_divergence
INR,2026-05-08 18:30:00+00:00,2026-05-11 15:30:00+00:00,15.625,15.82,15.96,0.195,1.248,10,58.21,True,True,bearish_vol_divergence
INR,2026-05-18 16:15:00+00:00,2026-05-18 19:00:00+00:00,15.82,15.76,15.9,-0.06,-0.3793,11,-75.0,True,True,bearish_vol_divergence
INR,2026-05-18 16:30:00+00:00,2026-05-18 19:00:00+00:00,15.82,15.76,15.9,-0.06,-0.3793,10,-75.0,True,True,bearish_vol_divergence
INR,2026-05-18 16:45:00+00:00,2026-05-18 19:15:00+00:00,15.755,15.77,15.9,0.015,0.0952,10,10.35,True,True,bearish_vol_divergence
INR,2026-05-18 17:15:00+00:00,2026-05-19 19:00:00+00:00,15.73,16.12,16.26,0.39,2.4793,29,73.59,True,True,bearish_vol_divergence
INR,2026-05-22 18:45:00+00:00,2026-05-27 14:30:00+00:00,14.61,13.74,14.68,-0.87,-5.9548,27,0.0,True,True,bearish_vol_divergence
INR,2026-05-22 19:00:00+00:00,2026-05-27 14:30:00+00:00,14.665,13.74,14.67,-0.925,-6.3075,26,0.0,True,True,bearish_vol_divergence
INR,2026-05-26 15:30:00+00:00,2026-05-27 14:30:00+00:00,14.4,13.74,14.42,-0.66,-4.5833,18,0.0,True,True,bearish_vol_divergence
INR,2026-06-09 18:30:00+00:00,2026-06-10 18:00:00+00:00,13.53,13.96,14.17,0.43,3.1781,20,67.19,True,True,bearish_vol_divergence
INR,2026-06-09 18:45:00+00:00,2026-06-10 18:00:00+00:00,13.54,13.96,14.17,0.42,3.1019,19,66.67,True,True,bearish_vol_divergence
INR,2026-06-09 19:45:00+00:00,2026-06-10 18:00:00+00:00,13.59,13.96,14.17,0.37,2.7226,15,63.79,True,True,bearish_vol_divergence
INR,2026-06-10 14:45:00+00:00,2026-06-10 18:00:00+00:00,13.8701,13.96,14.17,0.0899,0.6482,13,29.98,True,True,bearish_vol_divergence
INR,2026-06-15 18:30:00+00:00,2026-06-16 15:45:00+00:00,12.64,12.595,12.8125,-0.045,-0.356,11,-26.09,True,True,bearish_vol_divergence
INR,2026-06-15 19:15:00+00:00,2026-06-16 16:45:00+00:00,12.56,12.66,12.8125,0.1,0.7962,12,39.6,True,True,bearish_vol_divergence
IOTR,2026-05-22 14:45:00+00:00,2026-05-28 17:45:00+00:00,1.8001,2.6316,2.8999,0.8315,46.1919,25,75.6,True,True,bearish_vol_divergence
IOTR,2026-06-08 15:15:00+00:00,2026-06-09 15:30:00+00:00,3.45,3.5902,3.5902,0.1402,4.0638,14,100.0,True,True,bearish_vol_divergence
IOTR,2026-06-09 15:30:00+00:00,2026-06-22 19:45:00+00:00,3.5902,2.91,3.5902,-0.6802,-18.946,91,0.0,True,True,end_of_data
IOTR,2026-06-11 14:45:00+00:00,2026-06-22 19:45:00+00:00,3.075,2.91,3.5199,-0.165,-5.3659,73,-37.09,True,True,end_of_data
IOTR,2026-06-12 15:00:00+00:00,2026-06-22 19:45:00+00:00,3.47,2.91,3.4885,-0.56,-16.1383,59,-100.0,True,True,end_of_data
IOTR,2026-06-17 16:30:00+00:00,2026-06-22 19:45:00+00:00,3.125,2.91,3.45,-0.215,-6.88,21,-66.15,True,True,end_of_data
IQST,2026-04-10 22:15:00+00:00,2026-04-13 16:15:00+00:00,1.76,1.685,1.8,-0.075,-4.2614,38,-100.0,True,True,bearish_vol_divergence
IQST,2026-04-10 22:30:00+00:00,2026-04-13 16:15:00+00:00,1.7895,1.685,1.8,-0.1045,-5.8396,37,-100.0,True,True,bearish_vol_divergence
IQST,2026-04-14 18:45:00+00:00,2026-04-14 23:00:00+00:00,1.615,1.6015,1.64,-0.0135,-0.8359,10,-54.0,True,True,bearish_vol_divergence
IQST,2026-04-28 19:00:00+00:00,2026-04-29 17:30:00+00:00,1.45,1.365,1.5,-0.085,-5.8621,41,-100.0,True,True,bearish_vol_divergence
IQST,2026-04-28 22:00:00+00:00,2026-04-29 17:30:00+00:00,1.4598,1.365,1.5,-0.0948,-6.494,32,-100.0,True,True,bearish_vol_divergence
IQST,2026-04-29 11:00:00+00:00,2026-04-29 17:30:00+00:00,1.48,1.365,1.48,-0.115,-7.7703,23,0.0,True,True,bearish_vol_divergence
IQST,2026-04-29 11:30:00+00:00,2026-04-29 17:30:00+00:00,1.45,1.365,1.48,-0.085,-5.8621,22,-100.0,True,True,bearish_vol_divergence
IQST,2026-04-29 13:15:00+00:00,2026-04-29 17:30:00+00:00,1.4496,1.365,1.4496,-0.0846,-5.8361,17,0.0,True,True,bearish_vol_divergence
IQST,2026-04-29 20:00:00+00:00,2026-05-01 15:30:00+00:00,1.35,1.42,1.48,0.07,5.1852,71,53.85,True,True,bearish_vol_divergence
IQST,2026-04-29 21:15:00+00:00,2026-05-01 15:30:00+00:00,1.31,1.42,1.48,0.11,8.3969,67,64.71,True,True,bearish_vol_divergence
IQST,2026-05-01 13:15:00+00:00,2026-05-04 13:30:00+00:00,1.42,1.35,1.62,-0.07,-4.9296,59,-35.0,True,True,bearish_vol_divergence
IQST,2026-05-06 18:15:00+00:00,2026-05-07 14:15:00+00:00,1.41,1.4299,1.47,0.0199,1.4114,24,33.17,True,True,bearish_vol_divergence
IQST,2026-05-06 19:15:00+00:00,2026-05-07 14:15:00+00:00,1.412,1.4299,1.47,0.0179,1.2677,20,30.86,True,True,bearish_vol_divergence
IQST,2026-05-06 19:45:00+00:00,2026-05-07 14:15:00+00:00,1.43,1.4299,1.47,-0.0001,-0.007,18,-0.25,True,True,bearish_vol_divergence
IQST,2026-05-08 18:30:00+00:00,2026-05-11 08:00:00+00:00,1.38,1.3563,1.38,-0.0237,-1.7174,10,0.0,True,True,bearish_vol_divergence
IQST,2026-05-12 19:45:00+00:00,2026-05-13 14:15:00+00:00,1.265,1.2301,1.36,-0.0349,-2.7589,32,-36.74,True,True,bearish_vol_divergence
IQST,2026-05-12 20:30:00+00:00,2026-05-13 14:15:00+00:00,1.3383,1.2301,1.36,-0.1082,-8.0849,29,-100.0,True,True,bearish_vol_divergence
IQST,2026-05-15 16:30:00+00:00,2026-05-15 19:00:00+00:00,1.29,1.29,1.3,0.0,0.0,10,0.0,True,True,bearish_vol_divergence
IQST,2026-05-19 19:15:00+00:00,2026-05-20 09:30:00+00:00,1.29,1.3,1.3093,0.01,0.7752,11,51.81,True,True,bearish_vol_divergence
IQST,2026-05-20 17:15:00+00:00,2026-05-21 18:45:00+00:00,1.2673,1.265,1.3031,-0.0023,-0.1815,51,-6.42,True,True,bearish_vol_divergence
IQST,2026-05-20 17:30:00+00:00,2026-05-21 18:45:00+00:00,1.28,1.265,1.3031,-0.015,-1.1719,50,-64.93,True,True,bearish_vol_divergence
IQST,2026-05-21 19:00:00+00:00,2026-05-22 08:00:00+00:00,1.27,1.28,1.28,0.01,0.7874,12,100.0,True,True,bearish_vol_divergence
IQST,2026-05-21 19:30:00+00:00,2026-05-22 08:00:00+00:00,1.26,1.28,1.28,0.02,1.5873,10,100.0,True,True,bearish_vol_divergence
IQST,2026-05-27 08:15:00+00:00,2026-05-27 14:00:00+00:00,1.06,1.1095,1.12,0.0495,4.6698,22,82.5,True,True,bearish_vol_divergence
IQST,2026-05-29 11:15:00+00:00,2026-05-29 14:00:00+00:00,1.15,1.13,1.15,-0.02,-1.7391,10,0.0,True,True,bearish_vol_divergence
IQST,2026-05-29 12:30:00+00:00,2026-05-29 15:00:00+00:00,1.15,1.1241,1.15,-0.0259,-2.2522,10,0.0,True,True,bearish_vol_divergence
IQST,2026-05-29 13:00:00+00:00,2026-05-29 15:45:00+00:00,1.1494,1.1218,1.15,-0.0276,-2.4013,10,0.0,True,True,bearish_vol_divergence
IQST,2026-06-02 12:15:00+00:00,2026-06-02 15:00:00+00:00,1.0815,1.13,1.13,0.0485,4.4845,10,100.0,True,True,bearish_vol_divergence
IQST,2026-06-05 18:15:00+00:00,2026-06-08 19:00:00+00:00,0.9685,1.0044,1.24,0.0359,3.7068,60,13.22,True,True,bearish_vol_divergence
IQST,2026-06-05 18:30:00+00:00,2026-06-08 19:00:00+00:00,0.9565,1.0044,1.24,0.0479,5.0078,59,16.9,True,True,bearish_vol_divergence
IQST,2026-06-05 18:45:00+00:00,2026-06-08 19:00:00+00:00,0.9583,1.0044,1.24,0.0461,4.8106,58,16.36,True,True,bearish_vol_divergence
IQST,2026-06-05 23:15:00+00:00,2026-06-08 19:00:00+00:00,0.9845,1.0044,1.24,0.0199,2.0213,43,7.79,True,True,bearish_vol_divergence
IQST,2026-06-05 23:30:00+00:00,2026-06-08 19:00:00+00:00,0.96,1.0044,1.24,0.0444,4.625,42,15.86,True,True,bearish_vol_divergence
IQST,2026-06-08 21:00:00+00:00,2026-06-09 17:00:00+00:00,1.01,1.0999,1.1,0.0899,8.901,46,99.89,True,True,bearish_vol_divergence
IQST,2026-06-08 22:30:00+00:00,2026-06-09 17:00:00+00:00,1.0272,1.0999,1.1,0.0727,7.0775,40,99.86,True,True,bearish_vol_divergence
IQST,2026-06-09 08:30:00+00:00,2026-06-09 17:00:00+00:00,1.0048,1.0999,1.1,0.0951,9.4646,33,99.89,True,True,bearish_vol_divergence
IQST,2026-06-10 12:15:00+00:00,2026-06-10 19:15:00+00:00,1.07,1.125,1.17,0.055,5.1402,28,55.0,True,True,bearish_vol_divergence
IQST,2026-06-10 12:45:00+00:00,2026-06-10 19:15:00+00:00,1.0984,1.125,1.17,0.0266,2.4217,26,37.15,True,True,bearish_vol_divergence
IQST,2026-06-11 12:30:00+00:00,2026-06-11 15:30:00+00:00,1.1148,1.11,1.12,-0.0048,-0.4306,11,0.0,True,True,bearish_vol_divergence
IQST,2026-06-11 13:00:00+00:00,2026-06-11 15:30:00+00:00,1.1,1.11,1.12,0.01,0.9091,10,50.0,True,True,bearish_vol_divergence
IQST,2026-06-12 12:00:00+00:00,2026-06-12 18:00:00+00:00,1.0624,1.1007,1.13,0.0383,3.605,22,56.66,True,True,bearish_vol_divergence
IQST,2026-06-12 12:45:00+00:00,2026-06-12 18:00:00+00:00,1.0602,1.1007,1.13,0.0405,3.82,19,58.02,True,True,bearish_vol_divergence
IQST,2026-06-12 14:00:00+00:00,2026-06-12 18:00:00+00:00,1.045,1.1007,1.13,0.0557,5.3301,16,65.53,True,True,bearish_vol_divergence
IQST,2026-06-12 17:30:00+00:00,2026-06-12 20:00:00+00:00,1.1,1.1086,1.12,0.0086,0.7818,10,43.0,True,True,bearish_vol_divergence
IQST,2026-06-16 11:00:00+00:00,2026-06-17 19:30:00+00:00,1.2018,1.36,1.4,0.1582,13.1636,78,79.82,True,True,bearish_vol_divergence
IQST,2026-06-16 11:15:00+00:00,2026-06-17 19:30:00+00:00,1.194,1.36,1.4,0.166,13.9028,77,80.58,True,True,bearish_vol_divergence
IQST,2026-06-16 19:45:00+00:00,2026-06-17 19:30:00+00:00,1.2,1.36,1.4,0.16,13.3333,48,80.0,True,True,bearish_vol_divergence
IQST,2026-06-17 12:30:00+00:00,2026-06-17 19:30:00+00:00,1.22,1.36,1.4,0.14,11.4754,28,77.78,True,True,bearish_vol_divergence
IQST,2026-06-18 18:45:00+00:00,2026-06-23 13:45:00+00:00,1.3698,1.27,1.44,-0.0998,-7.2857,64,-100.0,True,True,bearish_vol_divergence
JFB,2026-04-06 20:00:00+00:00,2026-04-07 20:15:00+00:00,6.58,6.37,7.24,-0.21,-3.1915,40,-31.82,True,True,bearish_vol_divergence
JFB,2026-04-07 18:30:00+00:00,2026-04-07 22:45:00+00:00,6.17,6.43,6.43,0.26,4.2139,10,100.0,True,True,bearish_vol_divergence
JFB,2026-04-07 19:15:00+00:00,2026-04-07 23:30:00+00:00,6.21,6.3601,6.43,0.1501,2.4171,10,68.23,True,True,bearish_vol_divergence
JFB,2026-04-15 10:30:00+00:00,2026-04-16 11:00:00+00:00,5.95,5.95,5.95,0.0,0.0,35,0.0,True,True,bearish_vol_divergence
JFB,2026-04-15 11:30:00+00:00,2026-04-16 11:00:00+00:00,5.85,5.95,5.95,0.1,1.7094,33,100.0,True,True,bearish_vol_divergence
JFB,2026-04-16 10:45:00+00:00,2026-04-17 18:30:00+00:00,5.7,5.665,6.0,-0.035,-0.614,62,-11.67,True,True,bearish_vol_divergence
JFB,2026-04-23 20:30:00+00:00,2026-04-27 11:30:00+00:00,6.14,6.25,6.35,0.11,1.7915,45,52.38,True,True,bearish_vol_divergence
JFB,2026-04-23 21:00:00+00:00,2026-04-27 11:30:00+00:00,6.14,6.25,6.35,0.11,1.7915,44,52.38,True,True,bearish_vol_divergence
JFB,2026-04-28 19:30:00+00:00,2026-04-28 23:15:00+00:00,5.85,6.0,6.0389,0.15,2.5641,10,79.41,True,True,bearish_vol_divergence
JFB,2026-04-29 19:00:00+00:00,2026-04-30 12:00:00+00:00,5.88,5.9,5.99,0.02,0.3401,10,18.18,True,True,bearish_vol_divergence
JFB,2026-04-30 22:30:00+00:00,2026-05-01 22:30:00+00:00,5.91,6.4,6.45,0.49,8.291,51,90.74,True,True,bearish_vol_divergence
JFB,2026-05-05 11:00:00+00:00,2026-05-05 19:45:00+00:00,6.0,5.97,6.2254,-0.03,-0.5,33,-13.31,True,True,bearish_vol_divergence
JFB,2026-05-05 11:15:00+00:00,2026-05-05 19:45:00+00:00,5.84,5.97,6.2254,0.13,2.226,32,33.73,True,True,bearish_vol_divergence
JFB,2026-05-05 13:00:00+00:00,2026-05-05 19:45:00+00:00,5.86,5.97,6.2254,0.11,1.8771,26,30.1,True,True,bearish_vol_divergence
JFB,2026-05-06 18:30:00+00:00,2026-05-06 22:00:00+00:00,5.865,5.86,5.9,-0.005,-0.0852,10,-14.28,True,True,bearish_vol_divergence
JFB,2026-05-08 21:30:00+00:00,2026-05-11 15:00:00+00:00,5.61,5.5979,5.83,-0.0121,-0.2157,20,-5.5,True,True,bearish_vol_divergence
JFB,2026-05-13 13:30:00+00:00,2026-05-13 16:15:00+00:00,5.6,5.51,5.7,-0.09,-1.6071,11,-90.0,True,True,bearish_vol_divergence
JFB,2026-05-14 12:15:00+00:00,2026-05-14 18:00:00+00:00,5.5,5.39,5.8,-0.11,-2.0,22,-36.67,True,True,bearish_vol_divergence
JFB,2026-05-15 18:45:00+00:00,2026-05-18 09:15:00+00:00,5.303,5.45,5.45,0.147,2.772,10,100.0,True,True,bearish_vol_divergence
JFB,2026-05-15 19:00:00+00:00,2026-05-19 20:30:00+00:00,5.13,5.215,5.45,0.085,1.6569,82,26.56,True,True,bearish_vol_divergence
JFB,2026-05-15 19:30:00+00:00,2026-05-19 20:30:00+00:00,5.31,5.215,5.45,-0.095,-1.7891,80,-67.86,True,True,bearish_vol_divergence
JFB,2026-05-15 19:45:00+00:00,2026-05-19 20:30:00+00:00,5.3,5.215,5.45,-0.085,-1.6038,79,-56.67,True,True,bearish_vol_divergence
JFB,2026-05-18 18:00:00+00:00,2026-05-19 20:30:00+00:00,5.1,5.215,5.3458,0.115,2.2549,49,46.79,True,True,bearish_vol_divergence
JFB,2026-05-18 18:15:00+00:00,2026-05-19 20:30:00+00:00,5.145,5.215,5.3458,0.07,1.3605,48,34.86,True,True,bearish_vol_divergence
JFB,2026-05-18 19:00:00+00:00,2026-05-19 20:30:00+00:00,5.18,5.215,5.3458,0.035,0.6757,45,21.11,True,True,bearish_vol_divergence
JFB,2026-05-18 19:30:00+00:00,2026-05-19 20:30:00+00:00,5.18,5.215,5.3458,0.035,0.6757,43,21.11,True,True,bearish_vol_divergence
JFB,2026-05-18 20:00:00+00:00,2026-05-19 20:30:00+00:00,5.21,5.215,5.3458,0.005,0.096,41,3.68,True,True,bearish_vol_divergence
JFB,2026-05-28 08:00:00+00:00,2026-05-28 19:30:00+00:00,5.28,6.01,9.0,0.73,13.8258,40,19.62,True,True,bearish_vol_divergence
JFB,2026-05-28 22:15:00+00:00,2026-06-01 19:30:00+00:00,6.39,5.931,7.05,-0.459,-7.1831,102,-69.55,True,True,bearish_vol_divergence
JFB,2026-06-01 10:30:00+00:00,2026-06-01 19:30:00+00:00,5.8,5.931,6.2,0.131,2.2586,36,32.75,True,True,bearish_vol_divergence
JFB,2026-06-01 10:45:00+00:00,2026-06-01 19:30:00+00:00,5.8859,5.931,6.2,0.0451,0.7662,35,14.36,True,True,bearish_vol_divergence
JFB,2026-06-01 11:45:00+00:00,2026-06-01 19:30:00+00:00,5.8992,5.931,6.2,0.0318,0.5391,31,10.57,True,True,bearish_vol_divergence
JFB,2026-06-01 21:15:00+00:00,2026-06-02 13:30:00+00:00,6.0833,5.75,6.15,-0.3333,-5.4789,22,-100.0,True,True,bearish_vol_divergence
JFB,2026-06-01 21:30:00+00:00,2026-06-02 13:30:00+00:00,6.1,5.75,6.15,-0.35,-5.7377,21,-100.0,True,True,bearish_vol_divergence
JFB,2026-06-03 20:30:00+00:00,2026-06-04 13:30:00+00:00,5.6991,5.48,5.7744,-0.2191,-3.8445,29,-100.0,True,True,bearish_vol_divergence
JFB,2026-06-03 20:45:00+00:00,2026-06-04 13:30:00+00:00,5.65,5.48,5.7744,-0.17,-3.0088,28,-100.0,True,True,bearish_vol_divergence
JFB,2026-06-03 21:30:00+00:00,2026-06-04 13:30:00+00:00,5.68,5.48,5.7744,-0.2,-3.5211,25,-100.0,True,True,bearish_vol_divergence
JFB,2026-06-08 12:00:00+00:00,2026-06-08 14:30:00+00:00,5.49,5.6,5.7,0.11,2.0036,10,52.38,True,True,bearish_vol_divergence
JFB,2026-06-10 16:00:00+00:00,2026-06-10 19:15:00+00:00,5.435,5.25,5.445,-0.185,-3.4039,13,0.0,True,True,bearish_vol_divergence
JFB,2026-06-11 13:30:00+00:00,2026-06-11 17:00:00+00:00,5.19,5.23,5.3385,0.04,0.7707,14,26.94,True,True,bearish_vol_divergence
JFB,2026-06-16 20:00:00+00:00,2026-06-23 16:30:00+00:00,5.13,4.9,5.41,-0.23,-4.4834,168,-82.14,True,True,bearish_vol_divergence
JFB,2026-06-16 23:15:00+00:00,2026-06-23 16:30:00+00:00,5.33,4.9,5.41,-0.43,-8.0675,160,-100.0,True,True,bearish_vol_divergence
JFB,2026-06-17 13:45:00+00:00,2026-06-23 16:30:00+00:00,5.05,4.9,5.2,-0.15,-2.9703,151,-100.0,True,True,bearish_vol_divergence
JFB,2026-06-17 18:00:00+00:00,2026-06-23 16:30:00+00:00,4.8682,4.9,5.2,0.0318,0.6532,134,9.58,True,True,bearish_vol_divergence
JFB,2026-06-17 18:15:00+00:00,2026-06-23 16:30:00+00:00,4.845,4.9,5.2,0.055,1.1352,133,15.49,True,True,bearish_vol_divergence
JFB,2026-06-22 11:00:00+00:00,2026-06-23 16:30:00+00:00,4.77,4.9,5.2,0.13,2.7254,70,30.23,True,True,bearish_vol_divergence
JFB,2026-06-22 21:30:00+00:00,2026-06-23 16:30:00+00:00,4.9897,4.9,5.18,-0.0897,-1.7977,31,-47.14,True,True,bearish_vol_divergence
JFB,2026-06-22 22:00:00+00:00,2026-06-23 16:30:00+00:00,4.96,4.9,5.18,-0.06,-1.2097,30,-27.27,True,True,bearish_vol_divergence
JFB,2026-06-22 23:45:00+00:00,2026-06-23 16:30:00+00:00,4.9,4.9,5.18,0.0,0.0,25,0.0,True,True,bearish_vol_divergence
JFB,2026-06-23 14:45:00+00:00,2026-06-23 19:15:00+00:00,4.8401,5.04,5.1524,0.1999,4.1301,18,64.01,True,True,bearish_vol_divergence
JFB,2026-06-23 17:15:00+00:00,2026-06-24 08:00:00+00:00,4.887,5.07,5.1524,0.183,3.7446,18,68.95,True,True,bearish_vol_divergence
JFB,2026-06-25 12:15:00+00:00,2026-06-25 15:45:00+00:00,4.9617,4.95,5.04,-0.0117,-0.2358,14,-14.94,True,True,bearish_vol_divergence
JFB,2026-06-25 12:30:00+00:00,2026-06-25 15:45:00+00:00,5.02,4.95,5.04,-0.07,-1.3944,13,0.0,True,True,bearish_vol_divergence
KOP,2026-04-07 18:30:00+00:00,2026-04-08 16:00:00+00:00,36.225,37.2,37.5,0.975,2.6915,33,76.47,True,True,bearish_vol_divergence
KOP,2026-04-09 11:30:00+00:00,2026-04-09 15:30:00+00:00,37.34,37.115,37.6065,-0.225,-0.6026,11,-84.43,True,True,bearish_vol_divergence
KOP,2026-04-10 11:45:00+00:00,2026-04-10 15:15:00+00:00,37.78,37.4,37.78,-0.38,-1.0058,10,0.0,True,True,bearish_vol_divergence
KOP,2026-04-13 14:45:00+00:00,2026-04-13 19:00:00+00:00,37.455,38.185,38.46,0.73,1.949,15,72.64,True,True,bearish_vol_divergence
KOP,2026-04-14 15:30:00+00:00,2026-04-14 19:00:00+00:00,38.63,38.26,38.775,-0.37,-0.9578,13,0.0,True,True,bearish_vol_divergence
KOP,2026-04-14 22:15:00+00:00,2026-04-15 17:45:00+00:00,38.12,37.55,38.27,-0.57,-1.4953,20,0.0,True,True,bearish_vol_divergence
KOP,2026-04-15 08:45:00+00:00,2026-04-15 17:45:00+00:00,38.0,37.55,38.27,-0.45,-1.1842,19,-100.0,True,True,bearish_vol_divergence
KOP,2026-04-15 17:00:00+00:00,2026-04-15 19:45:00+00:00,37.61,37.545,37.65,-0.065,-0.1728,11,0.0,True,True,bearish_vol_divergence
KOP,2026-04-15 18:15:00+00:00,2026-04-15 20:45:00+00:00,37.59,37.54,37.65,-0.05,-0.133,10,0.0,True,True,bearish_vol_divergence
KOP,2026-04-15 18:30:00+00:00,2026-04-15 21:00:00+00:00,37.625,37.54,37.65,-0.085,-0.2259,10,0.0,True,True,bearish_vol_divergence
KOP,2026-04-15 19:15:00+00:00,2026-04-15 21:45:00+00:00,37.54,37.54,37.63,-0.0,-0.0,10,0.0,True,True,bearish_vol_divergence
KOP,2026-04-16 17:15:00+00:00,2026-04-16 19:45:00+00:00,37.22,36.98,37.22,-0.24,-0.6448,10,0.0,True,True,bearish_vol_divergence
KOP,2026-04-21 21:00:00+00:00,2026-04-23 13:30:00+00:00,37.52,37.66,38.26,0.14,0.3731,48,18.92,True,True,bearish_vol_divergence
KOP,2026-04-21 21:15:00+00:00,2026-04-23 13:30:00+00:00,37.52,37.66,38.26,0.14,0.3731,47,18.92,True,True,bearish_vol_divergence
KOP,2026-04-21 22:00:00+00:00,2026-04-23 13:30:00+00:00,37.52,37.66,38.26,0.14,0.3731,44,18.92,True,True,bearish_vol_divergence
KOP,2026-04-21 22:45:00+00:00,2026-04-23 13:30:00+00:00,37.82,37.66,38.26,-0.16,-0.4231,43,-36.36,True,True,bearish_vol_divergence
KOP,2026-04-22 19:15:00+00:00,2026-04-23 13:30:00+00:00,38.04,37.66,38.25,-0.38,-0.999,13,-100.0,True,True,bearish_vol_divergence
KOP,2026-04-24 11:15:00+00:00,2026-04-24 16:30:00+00:00,39.14,40.24,43.18,1.1,2.8104,16,27.23,True,True,bearish_vol_divergence
KOP,2026-04-28 15:00:00+00:00,2026-04-28 17:30:00+00:00,41.76,41.95,42.05,0.19,0.455,10,65.52,True,True,bearish_vol_divergence
KOP,2026-04-30 18:30:00+00:00,2026-05-01 11:15:00+00:00,40.47,41.2,41.2,0.73,1.8038,10,100.0,True,True,bearish_vol_divergence
KOP,2026-05-04 16:00:00+00:00,2026-05-04 19:00:00+00:00,40.28,40.1,40.36,-0.18,-0.4469,12,0.0,True,True,bearish_vol_divergence
KOP,2026-05-11 19:00:00+00:00,2026-05-12 14:15:00+00:00,42.89,43.705,44.1,0.815,1.9002,22,67.36,True,True,bearish_vol_divergence
KOP,2026-05-12 16:00:00+00:00,2026-05-12 19:45:00+00:00,42.635,43.53,43.81,0.895,2.0992,15,76.17,True,True,bearish_vol_divergence
KOP,2026-05-15 14:45:00+00:00,2026-05-15 17:45:00+00:00,40.84,40.785,40.95,-0.055,-0.1347,10,0.0,True,True,bearish_vol_divergence
KOP,2026-05-19 18:00:00+00:00,2026-05-20 08:30:00+00:00,39.06,39.28,39.325,0.22,0.5632,12,83.02,True,True,bearish_vol_divergence
KOP,2026-05-22 16:30:00+00:00,2026-05-22 19:15:00+00:00,39.97,40.43,40.58,0.46,1.1509,11,75.41,True,True,bearish_vol_divergence
KOP,2026-05-27 14:00:00+00:00,2026-05-27 16:30:00+00:00,42.37,42.14,42.57,-0.23,-0.5428,10,0.0,True,True,bearish_vol_divergence
KOP,2026-05-29 18:30:00+00:00,2026-05-29 21:30:00+00:00,40.99,40.8,41.1444,-0.19,-0.4635,10,0.0,True,True,bearish_vol_divergence
KOP,2026-06-01 19:15:00+00:00,2026-06-03 14:15:00+00:00,40.94,42.23,43.13,1.29,3.151,70,58.9,True,True,bearish_vol_divergence
KOP,2026-06-01 19:45:00+00:00,2026-06-03 14:15:00+00:00,41.16,42.23,43.13,1.07,2.5996,68,54.31,True,True,bearish_vol_divergence
KOP,2026-06-01 20:00:00+00:00,2026-06-03 14:15:00+00:00,41.19,42.23,43.13,1.04,2.5249,67,53.61,True,True,bearish_vol_divergence
KOP,2026-06-03 19:30:00+00:00,2026-06-04 13:30:00+00:00,43.21,43.57,44.0,0.36,0.8331,22,45.57,True,True,bearish_vol_divergence
KOP,2026-06-04 20:00:00+00:00,2026-06-05 17:00:00+00:00,42.16,41.5,43.304,-0.66,-1.5655,26,-57.69,True,True,bearish_vol_divergence
KOP,2026-06-04 21:00:00+00:00,2026-06-05 17:00:00+00:00,42.16,41.5,43.304,-0.66,-1.5655,24,-57.69,True,True,bearish_vol_divergence
KOP,2026-06-04 22:00:00+00:00,2026-06-05 17:00:00+00:00,42.16,41.5,43.304,-0.66,-1.5655,22,-57.69,True,True,bearish_vol_divergence
KOP,2026-06-05 11:00:00+00:00,2026-06-05 17:00:00+00:00,43.304,41.5,43.304,-1.804,-4.1659,20,0.0,True,True,bearish_vol_divergence
KOP,2026-06-05 11:30:00+00:00,2026-06-05 17:00:00+00:00,43.304,41.5,43.304,-1.804,-4.1659,19,0.0,True,True,bearish_vol_divergence
KOP,2026-06-05 12:45:00+00:00,2026-06-05 17:00:00+00:00,43.304,41.5,43.304,-1.804,-4.1659,16,0.0,True,True,bearish_vol_divergence
KOP,2026-06-25 13:30:00+00:00,2026-06-25 16:45:00+00:00,44.37,44.58,44.66,0.21,0.4733,13,72.41,True,True,end_of_data
KUST,2026-04-09 13:45:00+00:00,2026-04-10 14:30:00+00:00,3.4505,3.4675,4.0,0.017,0.4927,35,3.09,True,True,bearish_vol_divergence
KUST,2026-04-10 14:15:00+00:00,2026-04-10 17:45:00+00:00,3.486,3.443,3.729,-0.043,-1.2335,13,-17.7,True,True,bearish_vol_divergence
KUST,2026-04-13 15:15:00+00:00,2026-04-14 18:15:00+00:00,3.2555,3.599,3.7425,0.3435,10.5514,41,70.53,True,True,bearish_vol_divergence
KUST,2026-04-13 19:15:00+00:00,2026-04-14 18:15:00+00:00,3.6305,3.599,3.65,-0.0315,-0.8677,26,-100.0,True,True,bearish_vol_divergence
KUST,2026-04-14 23:45:00+00:00,2026-04-15 17:15:00+00:00,3.706,3.8445,4.0205,0.1385,3.7372,21,44.04,True,True,bearish_vol_divergence
KUST,2026-04-17 19:30:00+00:00,2026-04-20 18:45:00+00:00,3.925,4.0215,4.0425,0.0965,2.4586,34,82.13,True,True,bearish_vol_divergence
KUST,2026-04-22 21:00:00+00:00,2026-04-27 18:00:00+00:00,3.85,3.85,4.6765,-0.0,-0.0,130,-0.0,True,True,bearish_vol_divergence
KUST,2026-04-22 22:15:00+00:00,2026-04-27 18:00:00+00:00,3.8,3.85,4.6765,0.05,1.3158,126,5.7,True,True,bearish_vol_divergence
KUST,2026-04-23 17:45:00+00:00,2026-04-27 18:00:00+00:00,4.27,3.85,4.5225,-0.42,-9.8361,87,-100.0,True,True,bearish_vol_divergence
KUST,2026-04-27 08:30:00+00:00,2026-04-27 18:00:00+00:00,3.8207,3.85,4.0,0.0293,0.7669,18,16.34,True,True,bearish_vol_divergence
KUST,2026-04-27 14:30:00+00:00,2026-04-28 13:30:00+00:00,3.86,3.775,3.89,-0.085,-2.2021,20,-100.0,True,True,bearish_vol_divergence
KUST,2026-04-27 15:15:00+00:00,2026-04-28 13:30:00+00:00,3.86,3.775,3.88,-0.085,-2.2021,18,-100.0,True,True,bearish_vol_divergence
KUST,2026-05-11 12:00:00+00:00,2026-05-11 19:15:00+00:00,3.72,3.6,4.38,-0.12,-3.2258,21,-18.18,True,True,bearish_vol_divergence
KUST,2026-05-11 13:45:00+00:00,2026-05-11 19:15:00+00:00,3.67,3.6,3.925,-0.07,-1.9074,17,-27.45,True,True,bearish_vol_divergence
KUST,2026-05-11 14:00:00+00:00,2026-05-11 19:15:00+00:00,3.83,3.6,3.85,-0.23,-6.0052,16,-100.0,True,True,bearish_vol_divergence
KUST,2026-05-11 15:00:00+00:00,2026-05-11 19:15:00+00:00,3.76,3.6,3.82,-0.16,-4.2553,14,-100.0,True,True,bearish_vol_divergence
KUST,2026-05-11 15:30:00+00:00,2026-05-11 19:15:00+00:00,3.715,3.6,3.72,-0.115,-3.0956,12,0.0,True,True,bearish_vol_divergence
KUST,2026-05-19 19:30:00+00:00,2026-05-21 12:45:00+00:00,3.2,3.1533,3.311,-0.0467,-1.4594,16,-42.07,True,True,bearish_vol_divergence
KUST,2026-05-21 18:00:00+00:00,2026-05-26 17:15:00+00:00,3.14,3.14,3.33,0.0,0.0,22,0.0,True,True,bearish_vol_divergence
KUST,2026-05-21 21:45:00+00:00,2026-05-26 17:15:00+00:00,3.08,3.14,3.33,0.06,1.9481,20,24.0,True,True,bearish_vol_divergence
KUST,2026-06-03 10:00:00+00:00,2026-06-10 20:15:00+00:00,2.38,1.7493,3.79,-0.6307,-26.5,268,-44.73,True,True,bearish_vol_divergence
KUST,2026-06-03 10:30:00+00:00,2026-06-10 20:15:00+00:00,2.41,1.7493,3.79,-0.6607,-27.4149,266,-47.88,True,True,bearish_vol_divergence
KUST,2026-06-03 11:30:00+00:00,2026-06-10 20:15:00+00:00,2.76,1.7493,3.79,-1.0107,-36.6196,262,-98.13,True,True,bearish_vol_divergence
KUST,2026-06-03 19:00:00+00:00,2026-06-10 20:15:00+00:00,1.94,1.7493,2.5,-0.1907,-9.8299,232,-34.05,True,True,bearish_vol_divergence
KUST,2026-06-03 19:15:00+00:00,2026-06-10 20:15:00+00:00,1.84,1.7493,2.5,-0.0907,-4.9293,231,-13.74,True,True,bearish_vol_divergence
KUST,2026-06-03 20:00:00+00:00,2026-06-10 20:15:00+00:00,1.83,1.7493,2.5,-0.0807,-4.4098,228,-12.04,True,True,bearish_vol_divergence
KUST,2026-06-03 20:15:00+00:00,2026-06-10 20:15:00+00:00,1.86,1.7493,2.5,-0.1107,-5.9516,227,-17.3,True,True,bearish_vol_divergence
KUST,2026-06-03 23:15:00+00:00,2026-06-10 20:15:00+00:00,1.9,1.7493,2.5,-0.1507,-7.9316,215,-25.12,True,True,bearish_vol_divergence
KUST,2026-06-05 12:00:00+00:00,2026-06-10 20:15:00+00:00,1.84,1.7493,2.5,-0.0907,-4.9293,152,-13.74,True,True,bearish_vol_divergence
KUST,2026-06-05 13:45:00+00:00,2026-06-10 20:15:00+00:00,1.89,1.7493,2.5,-0.1407,-7.4444,147,-23.07,True,True,bearish_vol_divergence
KUST,2026-06-08 23:45:00+00:00,2026-06-10 20:15:00+00:00,1.4,1.7493,1.7997,0.3493,24.95,75,87.39,True,True,bearish_vol_divergence
KUST,2026-06-09 10:15:00+00:00,2026-06-10 20:15:00+00:00,1.3973,1.7493,1.7997,0.352,25.1914,68,87.48,True,True,bearish_vol_divergence
KUST,2026-06-09 10:30:00+00:00,2026-06-10 20:15:00+00:00,1.387,1.7493,1.7997,0.3623,26.1211,67,87.79,True,True,bearish_vol_divergence
KUST,2026-06-09 11:00:00+00:00,2026-06-10 20:15:00+00:00,1.48,1.7493,1.7997,0.2693,18.1959,65,84.24,True,True,bearish_vol_divergence
KUST,2026-06-09 20:30:00+00:00,2026-06-10 20:15:00+00:00,1.5985,1.7493,1.7997,0.1508,9.4338,30,74.95,True,True,bearish_vol_divergence
KUST,2026-06-09 23:15:00+00:00,2026-06-10 20:15:00+00:00,1.5006,1.7493,1.7997,0.2487,16.5734,28,83.15,True,True,bearish_vol_divergence
KUST,2026-06-11 21:45:00+00:00,2026-06-15 17:00:00+00:00,1.66,1.5501,1.95,-0.1099,-6.6205,79,-37.9,True,True,bearish_vol_divergence
KUST,2026-06-12 08:15:00+00:00,2026-06-15 17:00:00+00:00,1.7,1.5501,1.95,-0.1499,-8.8176,71,-59.96,True,True,bearish_vol_divergence
KUST,2026-06-12 11:30:00+00:00,2026-06-15 17:00:00+00:00,1.72,1.5501,1.95,-0.1699,-9.8779,69,-73.87,True,True,bearish_vol_divergence
KUST,2026-06-12 11:45:00+00:00,2026-06-15 17:00:00+00:00,1.72,1.5501,1.95,-0.1699,-9.8779,68,-73.87,True,True,bearish_vol_divergence
KUST,2026-06-17 23:45:00+00:00,2026-06-22 21:15:00+00:00,1.55,1.33,1.74,-0.22,-14.1935,80,-100.0,True,True,bearish_vol_divergence
KUST,2026-06-18 08:30:00+00:00,2026-06-22 21:15:00+00:00,1.5832,1.33,1.74,-0.2532,-15.9929,78,-100.0,True,True,bearish_vol_divergence
KUST,2026-06-18 09:30:00+00:00,2026-06-22 21:15:00+00:00,1.6016,1.33,1.74,-0.2716,-16.958,76,-100.0,True,True,bearish_vol_divergence
KUST,2026-06-25 12:30:00+00:00,2026-06-25 16:45:00+00:00,2.1087,1.65,2.53,-0.4587,-21.7527,17,-100.0,True,True,end_of_data
LVO,2026-04-08 19:45:00+00:00,2026-04-10 14:45:00+00:00,4.65,4.805,4.85,0.155,3.3333,16,77.5,True,True,bearish_vol_divergence
LVO,2026-04-16 14:45:00+00:00,2026-04-16 18:30:00+00:00,4.33,4.4,4.49,0.07,1.6166,13,43.75,True,True,bearish_vol_divergence
LVO,2026-04-24 16:30:00+00:00,2026-04-30 19:45:00+00:00,5.13,5.36,5.885,0.23,4.4834,80,30.46,True,True,bearish_vol_divergence
LVO,2026-04-24 17:00:00+00:00,2026-04-30 19:45:00+00:00,5.2,5.36,5.885,0.16,3.0769,78,23.36,True,True,bearish_vol_divergence
LVO,2026-04-24 17:30:00+00:00,2026-04-30 19:45:00+00:00,5.11,5.36,5.885,0.25,4.8924,76,32.26,True,True,bearish_vol_divergence
LVO,2026-04-30 18:15:00+00:00,2026-05-01 16:15:00+00:00,5.215,5.445,5.545,0.23,4.4104,13,69.7,True,True,bearish_vol_divergence
LVO,2026-04-30 18:30:00+00:00,2026-05-01 16:15:00+00:00,5.29,5.445,5.545,0.155,2.9301,12,60.78,True,True,bearish_vol_divergence
LVO,2026-05-13 19:00:00+00:00,2026-05-15 19:30:00+00:00,5.54,5.4,5.72,-0.14,-2.5271,35,-77.78,True,True,bearish_vol_divergence
LVO,2026-05-13 19:45:00+00:00,2026-05-15 19:30:00+00:00,5.58,5.4,5.72,-0.18,-3.2258,32,-100.0,True,True,bearish_vol_divergence
LVO,2026-05-27 17:00:00+00:00,2026-05-29 16:15:00+00:00,6.84,6.585,6.96,-0.255,-3.7281,33,-100.0,True,True,bearish_vol_divergence
LVO,2026-06-08 15:30:00+00:00,2026-06-10 18:15:00+00:00,6.44,6.29,6.575,-0.15,-2.3292,25,-100.0,True,True,bearish_vol_divergence
LVO,2026-06-17 18:00:00+00:00,2026-06-18 19:45:00+00:00,6.4,6.3233,6.43,-0.0767,-1.1984,14,0.0,True,True,bearish_vol_divergence
MG,2026-04-06 18:30:00+00:00,2026-04-06 21:00:00+00:00,15.56,15.52,15.61,-0.04,-0.2571,10,0.0,True,True,bearish_vol_divergence
MG,2026-04-07 19:30:00+00:00,2026-04-08 15:15:00+00:00,15.47,16.045,16.18,0.575,3.7169,24,80.99,True,True,bearish_vol_divergence
MG,2026-04-09 10:45:00+00:00,2026-04-09 16:00:00+00:00,15.95,16.62,16.75,0.67,4.2006,19,83.75,True,True,bearish_vol_divergence
MG,2026-04-10 22:00:00+00:00,2026-04-13 18:00:00+00:00,16.7,17.135,17.255,0.435,2.6048,31,78.38,True,True,bearish_vol_divergence
MG,2026-04-16 14:30:00+00:00,2026-04-16 19:45:00+00:00,17.43,17.21,17.58,-0.22,-1.2622,21,-100.0,True,True,bearish_vol_divergence
MG,2026-04-16 15:30:00+00:00,2026-04-16 19:45:00+00:00,17.4,17.21,17.45,-0.19,-1.092,17,0.0,True,True,bearish_vol_divergence
MG,2026-04-16 21:45:00+00:00,2026-04-17 17:15:00+00:00,18.19,17.89,18.19,-0.3,-1.6493,35,0.0,True,True,bearish_vol_divergence
MG,2026-04-16 22:00:00+00:00,2026-04-17 17:15:00+00:00,18.19,17.89,18.19,-0.3,-1.6493,34,0.0,True,True,bearish_vol_divergence
MG,2026-04-20 20:30:00+00:00,2026-04-21 18:45:00+00:00,17.9,17.895,18.4,-0.005,-0.0279,42,-1.0,True,True,bearish_vol_divergence
MG,2026-04-21 17:30:00+00:00,2026-04-22 17:00:00+00:00,18.02,18.32,18.53,0.3,1.6648,43,58.82,True,True,bearish_vol_divergence
MG,2026-04-21 17:45:00+00:00,2026-04-22 17:00:00+00:00,18.05,18.32,18.53,0.27,1.4958,42,56.25,True,True,bearish_vol_divergence
MG,2026-04-21 18:45:00+00:00,2026-04-22 17:00:00+00:00,17.895,18.32,18.53,0.425,2.375,38,66.93,True,True,bearish_vol_divergence
MG,2026-04-21 19:15:00+00:00,2026-04-22 17:00:00+00:00,17.96,18.32,18.53,0.36,2.0045,36,63.16,True,True,bearish_vol_divergence
MG,2026-04-22 11:00:00+00:00,2026-04-22 17:00:00+00:00,17.9,18.32,18.53,0.42,2.3464,19,66.67,True,True,bearish_vol_divergence
MG,2026-04-22 11:45:00+00:00,2026-04-22 17:00:00+00:00,17.9,18.32,18.53,0.42,2.3464,18,66.67,True,True,bearish_vol_divergence
MG,2026-04-22 12:00:00+00:00,2026-04-22 17:00:00+00:00,17.9,18.32,18.53,0.42,2.3464,17,66.67,True,True,bearish_vol_divergence
MG,2026-04-22 14:00:00+00:00,2026-04-22 17:00:00+00:00,18.44,18.32,18.53,-0.12,-0.6508,11,0.0,True,True,bearish_vol_divergence
MG,2026-04-22 14:45:00+00:00,2026-04-22 17:45:00+00:00,18.44,18.38,18.51,-0.06,-0.3254,11,0.0,True,True,bearish_vol_divergence
MG,2026-04-27 09:00:00+00:00,2026-04-27 13:45:00+00:00,18.98,19.21,19.4647,0.23,1.2118,12,47.45,True,True,bearish_vol_divergence
MG,2026-04-27 09:30:00+00:00,2026-04-27 13:45:00+00:00,18.98,19.21,19.4647,0.23,1.2118,11,47.45,True,True,bearish_vol_divergence
MG,2026-04-29 20:45:00+00:00,2026-04-30 13:45:00+00:00,18.1134,18.735,19.12,0.6216,3.4317,16,61.75,True,True,bearish_vol_divergence
MG,2026-04-29 21:00:00+00:00,2026-04-30 13:45:00+00:00,18.1134,18.735,19.12,0.6216,3.4317,15,61.75,True,True,bearish_vol_divergence
MG,2026-04-30 08:00:00+00:00,2026-04-30 20:00:00+00:00,18.7,18.88,19.12,0.18,0.9626,34,42.86,True,True,bearish_vol_divergence
MG,2026-04-30 08:45:00+00:00,2026-04-30 20:00:00+00:00,18.7,18.88,19.12,0.18,0.9626,32,42.86,True,True,bearish_vol_divergence
MG,2026-04-30 10:30:00+00:00,2026-04-30 20:00:00+00:00,18.7,18.88,19.12,0.18,0.9626,31,42.86,True,True,bearish_vol_divergence
MG,2026-05-05 16:00:00+00:00,2026-05-05 19:45:00+00:00,19.545,18.94,19.5558,-0.605,-3.0954,15,0.0,True,True,bearish_vol_divergence
MG,2026-05-05 16:15:00+00:00,2026-05-05 19:45:00+00:00,19.54,18.94,19.5558,-0.6,-3.0706,14,0.0,True,True,bearish_vol_divergence
MG,2026-05-05 17:00:00+00:00,2026-05-05 19:45:00+00:00,19.3,18.94,19.48,-0.36,-1.8653,11,-100.0,True,True,bearish_vol_divergence
MG,2026-05-13 17:30:00+00:00,2026-05-13 21:45:00+00:00,17.215,18.045,18.045,0.83,4.8214,14,100.0,True,True,bearish_vol_divergence
MG,2026-05-15 17:30:00+00:00,2026-05-18 17:30:00+00:00,16.555,17.115,17.605,0.56,3.3827,33,53.33,True,True,bearish_vol_divergence
MG,2026-05-15 17:45:00+00:00,2026-05-18 17:30:00+00:00,16.685,17.115,17.605,0.43,2.5772,32,46.74,True,True,bearish_vol_divergence
MG,2026-05-15 18:45:00+00:00,2026-05-18 17:30:00+00:00,16.8,17.115,17.605,0.315,1.875,29,39.13,True,True,bearish_vol_divergence
MG,2026-05-15 20:00:00+00:00,2026-05-18 17:30:00+00:00,17.0,17.115,17.605,0.115,0.6765,24,19.01,True,True,bearish_vol_divergence
MG,2026-05-15 21:15:00+00:00,2026-05-18 17:30:00+00:00,17.0,17.115,17.605,0.115,0.6765,20,19.01,True,True,bearish_vol_divergence
MG,2026-05-19 17:45:00+00:00,2026-05-20 14:00:00+00:00,16.9,16.795,17.06,-0.105,-0.6213,19,-65.62,True,True,bearish_vol_divergence
MG,2026-05-19 18:30:00+00:00,2026-05-20 14:00:00+00:00,16.88,16.795,17.06,-0.085,-0.5035,16,-47.22,True,True,bearish_vol_divergence
MG,2026-05-20 15:00:00+00:00,2026-05-20 17:45:00+00:00,16.9,16.86,17.03,-0.04,-0.2367,10,-30.77,True,True,bearish_vol_divergence
MG,2026-05-20 15:15:00+00:00,2026-05-20 18:00:00+00:00,16.81,16.86,17.03,0.05,0.2974,10,22.73,True,True,bearish_vol_divergence
MG,2026-05-20 16:15:00+00:00,2026-05-20 18:45:00+00:00,16.935,16.99,17.03,0.055,0.3248,10,57.89,True,True,bearish_vol_divergence
MG,2026-05-26 11:30:00+00:00,2026-05-26 14:45:00+00:00,17.54,17.95,18.07,0.41,2.3375,10,77.36,True,True,bearish_vol_divergence
MG,2026-06-09 22:00:00+00:00,2026-06-10 14:15:00+00:00,18.9,18.59,18.99,-0.31,-1.6402,20,0.0,True,True,bearish_vol_divergence
MG,2026-06-12 17:30:00+00:00,2026-06-15 16:30:00+00:00,18.84,18.69,19.02,-0.15,-0.7962,37,-83.33,True,True,bearish_vol_divergence
MG,2026-06-18 15:00:00+00:00,2026-06-18 19:00:00+00:00,18.74,18.74,18.87,0.0,0.0,16,0.0,True,True,bearish_vol_divergence
MG,2026-06-18 15:15:00+00:00,2026-06-18 19:00:00+00:00,18.72,18.74,18.87,0.02,0.1068,15,13.33,True,True,bearish_vol_divergence
MG,2026-06-18 16:15:00+00:00,2026-06-18 19:00:00+00:00,18.815,18.74,18.87,-0.075,-0.3986,11,0.0,True,True,bearish_vol_divergence
MG,2026-06-22 19:30:00+00:00,2026-06-23 14:30:00+00:00,18.77,18.84,19.8,0.07,0.3729,18,6.8,True,True,bearish_vol_divergence
MG,2026-06-23 12:15:00+00:00,2026-06-24 13:30:00+00:00,18.9,19.075,19.45,0.175,0.9259,49,31.82,True,True,bearish_vol_divergence
MG,2026-06-24 12:30:00+00:00,2026-06-25 16:30:00+00:00,18.7,19.24,20.99,0.54,2.8877,61,23.58,True,True,end_of_data
MG,2026-06-25 10:45:00+00:00,2026-06-25 16:30:00+00:00,20.99,19.24,20.99,-1.75,-8.3373,19,0.0,True,True,end_of_data
MIMI,2026-04-14 16:30:00+00:00,2026-04-15 14:30:00+00:00,5.2,3.538,5.797,-1.662,-31.9615,56,-100.0,True,True,bearish_vol_divergence
MIMI,2026-04-14 16:45:00+00:00,2026-04-15 14:30:00+00:00,5.183,3.538,5.797,-1.645,-31.7384,55,-100.0,True,True,bearish_vol_divergence
MIMI,2026-04-14 17:00:00+00:00,2026-04-15 14:30:00+00:00,4.901,3.538,5.797,-1.363,-27.8106,54,-100.0,True,True,bearish_vol_divergence
MIMI,2026-04-15 09:00:00+00:00,2026-04-15 14:30:00+00:00,3.699,3.538,3.799,-0.161,-4.3525,22,-100.0,True,True,bearish_vol_divergence
MIMI,2026-04-15 09:15:00+00:00,2026-04-15 14:30:00+00:00,3.7,3.538,3.799,-0.162,-4.3784,21,-100.0,True,True,bearish_vol_divergence
MIMI,2026-04-15 10:45:00+00:00,2026-04-15 14:30:00+00:00,3.699,3.538,3.749,-0.161,-4.3525,15,-100.0,True,True,bearish_vol_divergence
MIMI,2026-04-15 11:00:00+00:00,2026-04-15 14:30:00+00:00,3.7,3.538,3.749,-0.162,-4.3784,14,-100.0,True,True,bearish_vol_divergence
MIMI,2026-04-15 21:30:00+00:00,2026-04-17 19:00:00+00:00,3.57,3.366,3.85,-0.204,-5.7143,114,-72.86,True,True,bearish_vol_divergence
MIMI,2026-04-21 19:45:00+00:00,2026-04-23 19:30:00+00:00,3.063,3.119,3.199,0.056,1.8283,102,41.18,True,True,bearish_vol_divergence
MIMI,2026-04-21 20:00:00+00:00,2026-04-23 19:30:00+00:00,2.92,3.119,3.199,0.199,6.8151,101,71.33,True,True,bearish_vol_divergence
MIMI,2026-04-21 21:15:00+00:00,2026-04-23 19:30:00+00:00,2.941,3.119,3.199,0.178,6.0524,96,68.99,True,True,bearish_vol_divergence
MIMI,2026-04-21 21:30:00+00:00,2026-04-23 19:30:00+00:00,2.94,3.119,3.199,0.179,6.0884,95,69.11,True,True,bearish_vol_divergence
MIMI,2026-04-21 21:45:00+00:00,2026-04-23 19:30:00+00:00,2.98,3.119,3.199,0.139,4.6644,94,63.47,True,True,bearish_vol_divergence
MIMI,2026-04-22 12:30:00+00:00,2026-04-23 19:30:00+00:00,3.1,3.119,3.199,0.019,0.6129,77,19.19,True,True,bearish_vol_divergence
MIMI,2026-04-22 17:15:00+00:00,2026-04-23 19:30:00+00:00,2.949,3.119,3.199,0.17,5.7647,59,68.0,True,True,bearish_vol_divergence
MIMI,2026-04-23 20:45:00+00:00,2026-04-24 16:30:00+00:00,3.042,3.157,3.252,0.115,3.7804,35,54.76,True,True,bearish_vol_divergence
MIMI,2026-04-27 10:00:00+00:00,2026-04-27 14:15:00+00:00,3.096,3.073,3.096,-0.023,-0.7429,10,0.0,True,True,bearish_vol_divergence
MIMI,2026-04-27 18:00:00+00:00,2026-04-28 08:00:00+00:00,3.075,3.18,3.29,0.105,3.4146,16,48.84,True,True,bearish_vol_divergence
MIMI,2026-04-27 18:30:00+00:00,2026-04-28 08:00:00+00:00,3.051,3.18,3.29,0.129,4.2281,14,53.97,True,True,bearish_vol_divergence
MIMI,2026-04-29 23:30:00+00:00,2026-04-30 15:45:00+00:00,3.001,2.932,3.042,-0.069,-2.2992,19,-100.0,True,True,bearish_vol_divergence
MIMI,2026-04-30 08:00:00+00:00,2026-04-30 15:45:00+00:00,3.022,2.932,3.042,-0.09,-2.9782,17,-100.0,True,True,bearish_vol_divergence
MIMI,2026-05-01 18:30:00+00:00,2026-05-04 09:30:00+00:00,2.963,2.984,2.997,0.021,0.7088,12,61.77,True,True,bearish_vol_divergence
MIMI,2026-05-01 19:00:00+00:00,2026-05-04 09:30:00+00:00,2.941,2.984,2.997,0.043,1.4621,11,76.79,True,True,bearish_vol_divergence
MIMI,2026-05-05 21:45:00+00:00,2026-05-07 13:30:00+00:00,2.649,2.53,2.77,-0.119,-4.4923,48,-98.35,True,True,bearish_vol_divergence
MIMI,2026-05-05 22:00:00+00:00,2026-05-07 13:30:00+00:00,2.649,2.53,2.77,-0.119,-4.4923,47,-98.35,True,True,bearish_vol_divergence
MIMI,2026-05-05 22:15:00+00:00,2026-05-07 13:30:00+00:00,2.649,2.53,2.77,-0.119,-4.4923,46,-98.35,True,True,bearish_vol_divergence
MIMI,2026-05-08 15:30:00+00:00,2026-05-11 16:30:00+00:00,2.64,3.0,3.1,0.36,13.6364,51,78.26,True,True,bearish_vol_divergence
MIMI,2026-05-12 13:15:00+00:00,2026-05-13 21:45:00+00:00,2.78,3.13,3.15,0.35,12.5899,46,94.59,True,True,bearish_vol_divergence
MIMI,2026-05-12 13:45:00+00:00,2026-05-13 21:45:00+00:00,2.72,3.13,3.15,0.41,15.0735,44,95.35,True,True,bearish_vol_divergence
MIMI,2026-05-12 14:00:00+00:00,2026-05-13 21:45:00+00:00,2.74,3.13,3.15,0.39,14.2336,43,95.12,True,True,bearish_vol_divergence
MIMI,2026-05-12 14:30:00+00:00,2026-05-13 21:45:00+00:00,2.7,3.13,3.15,0.43,15.9259,42,95.56,True,True,bearish_vol_divergence
MIMI,2026-05-12 17:30:00+00:00,2026-05-13 21:45:00+00:00,2.6502,3.13,3.15,0.4798,18.1043,36,96.0,True,True,bearish_vol_divergence
MIMI,2026-05-18 17:30:00+00:00,2026-05-19 14:00:00+00:00,2.86,3.2499,3.3225,0.3899,13.6329,32,84.3,True,True,bearish_vol_divergence
MIMI,2026-05-18 18:15:00+00:00,2026-05-19 14:00:00+00:00,2.97,3.2499,3.3225,0.2799,9.4242,29,79.4,True,True,bearish_vol_divergence
MIMI,2026-05-18 18:45:00+00:00,2026-05-19 14:00:00+00:00,2.8873,3.2499,3.3225,0.3626,12.5584,28,83.32,True,True,bearish_vol_divergence
MIMI,2026-05-18 19:30:00+00:00,2026-05-19 14:00:00+00:00,2.93,3.2499,3.3225,0.3199,10.9181,25,81.5,True,True,bearish_vol_divergence
MIMI,2026-05-18 19:45:00+00:00,2026-05-19 14:00:00+00:00,3.0,3.2499,3.3225,0.2499,8.33,24,77.49,True,True,bearish_vol_divergence
MIMI,2026-05-19 09:15:00+00:00,2026-05-19 14:00:00+00:00,2.87,3.2499,3.3225,0.3799,13.2369,16,83.96,True,True,bearish_vol_divergence
MIMI,2026-06-01 10:15:00+00:00,2026-06-01 23:15:00+00:00,3.4073,3.26,3.4073,-0.1473,-4.3231,44,0.0,True,True,bearish_vol_divergence
MIMI,2026-06-01 11:00:00+00:00,2026-06-01 23:15:00+00:00,3.3,3.26,3.3736,-0.04,-1.2121,41,-54.35,True,True,bearish_vol_divergence
MIMI,2026-06-02 18:15:00+00:00,2026-06-03 17:00:00+00:00,3.2189,2.98,3.22,-0.2389,-7.4218,36,0.0,True,True,bearish_vol_divergence
MIMI,2026-06-03 12:45:00+00:00,2026-06-03 17:00:00+00:00,3.15,2.98,3.17,-0.17,-5.3968,16,-100.0,True,True,bearish_vol_divergence
MIMI,2026-06-03 20:45:00+00:00,2026-06-04 14:00:00+00:00,2.9,3.0,3.05,0.1,3.4483,23,66.67,True,True,bearish_vol_divergence
MIMI,2026-06-03 21:00:00+00:00,2026-06-04 14:00:00+00:00,2.88,3.0,3.05,0.12,4.1667,22,70.59,True,True,bearish_vol_divergence
MIMI,2026-06-03 22:00:00+00:00,2026-06-04 14:00:00+00:00,2.89,3.0,3.05,0.11,3.8062,19,68.75,True,True,bearish_vol_divergence
MIMI,2026-06-03 23:00:00+00:00,2026-06-04 14:00:00+00:00,3.05,3.0,3.05,-0.05,-1.6393,16,0.0,True,True,bearish_vol_divergence
MIMI,2026-06-04 10:15:00+00:00,2026-06-04 14:00:00+00:00,2.9944,3.0,3.0,0.0056,0.187,11,0.0,True,True,bearish_vol_divergence
MIMI,2026-06-15 13:30:00+00:00,2026-06-15 20:00:00+00:00,2.9399,2.79,2.9399,-0.1499,-5.0988,20,0.0,True,True,bearish_vol_divergence
MNPR,2026-05-01 19:30:00+00:00,2026-05-04 18:15:00+00:00,53.02,54.2,55.63,1.18,2.2256,23,45.21,True,True,bearish_vol_divergence
MNPR,2026-05-27 16:00:00+00:00,2026-05-27 18:45:00+00:00,65.27,64.32,65.52,-0.95,-1.4555,10,0.0,True,True,bearish_vol_divergence
MNPR,2026-05-27 16:30:00+00:00,2026-05-27 19:45:00+00:00,65.36,64.67,65.44,-0.69,-1.0557,13,0.0,True,True,bearish_vol_divergence
MNPR,2026-05-28 16:30:00+00:00,2026-05-28 19:30:00+00:00,65.4,65.85,66.36,0.45,0.6881,10,46.87,True,True,bearish_vol_divergence
MNPR,2026-06-15 16:00:00+00:00,2026-06-16 13:30:00+00:00,60.78,62.05,62.67,1.27,2.0895,15,67.2,True,True,bearish_vol_divergence
MNPR,2026-06-16 15:15:00+00:00,2026-06-16 19:15:00+00:00,61.535,63.1,63.46,1.565,2.5433,13,81.3,True,True,bearish_vol_divergence
MNPR,2026-06-23 16:30:00+00:00,2026-06-24 15:15:00+00:00,80.945,85.0,88.77,4.055,5.0096,41,51.82,True,True,bearish_vol_divergence
MNPR,2026-06-23 16:45:00+00:00,2026-06-24 15:15:00+00:00,81.3067,85.0,88.77,3.6933,4.5424,40,49.49,True,True,bearish_vol_divergence
MNPR,2026-06-24 13:15:00+00:00,2026-06-24 19:30:00+00:00,81.97,87.06,88.87,5.09,6.2096,24,73.77,True,True,bearish_vol_divergence
MNPR,2026-06-24 13:45:00+00:00,2026-06-24 19:30:00+00:00,84.65,87.06,88.87,2.41,2.847,22,57.11,True,True,bearish_vol_divergence
MNPR,2026-06-26 14:45:00+00:00,2026-06-26 22:45:00+00:00,87.35,85.93,88.5,-1.42,-1.6256,23,-100.0,True,True,end_of_data
MNPR,2026-06-26 15:45:00+00:00,2026-06-26 22:45:00+00:00,87.49,85.93,88.5,-1.56,-1.7831,19,-100.0,True,True,end_of_data
MODD,2026-04-09 18:30:00+00:00,2026-04-09 23:00:00+00:00,4.91,5.0899,5.16,0.1799,3.664,13,71.96,True,True,bearish_vol_divergence
MODD,2026-04-14 18:45:00+00:00,2026-04-15 13:45:00+00:00,4.66,4.9293,4.9293,0.2693,5.779,14,100.0,True,True,bearish_vol_divergence
MODD,2026-04-15 15:00:00+00:00,2026-04-15 20:00:00+00:00,4.8899,4.68,4.925,-0.2099,-4.2925,13,-100.0,True,True,bearish_vol_divergence
MODD,2026-04-20 18:00:00+00:00,2026-04-21 20:45:00+00:00,5.38,5.0,5.75,-0.38,-7.0632,32,-100.0,True,True,bearish_vol_divergence
MODD,2026-04-20 18:30:00+00:00,2026-04-21 20:45:00+00:00,5.405,5.0,5.75,-0.405,-7.4931,31,-100.0,True,True,bearish_vol_divergence
MODD,2026-04-24 15:00:00+00:00,2026-04-28 20:30:00+00:00,4.58,4.7,5.45,0.12,2.6201,53,13.79,True,True,bearish_vol_divergence
MODD,2026-04-24 17:00:00+00:00,2026-04-28 20:30:00+00:00,4.785,4.7,5.45,-0.085,-1.7764,47,-12.78,True,True,bearish_vol_divergence
MODD,2026-04-24 19:30:00+00:00,2026-04-28 20:30:00+00:00,4.79,4.7,5.45,-0.09,-1.8789,43,-13.64,True,True,bearish_vol_divergence
MODD,2026-04-24 21:45:00+00:00,2026-04-28 20:30:00+00:00,4.82,4.7,5.45,-0.12,-2.4896,39,-19.05,True,True,bearish_vol_divergence
MODD,2026-05-01 20:00:00+00:00,2026-05-04 19:15:00+00:00,4.14,4.07,4.96,-0.07,-1.6908,21,-8.54,True,True,bearish_vol_divergence
MODD,2026-05-01 22:45:00+00:00,2026-05-04 19:15:00+00:00,4.45,4.07,4.96,-0.38,-8.5393,17,-74.51,True,True,bearish_vol_divergence
MODD,2026-05-04 14:00:00+00:00,2026-05-04 19:15:00+00:00,4.305,4.07,4.305,-0.235,-5.4588,14,0.0,True,True,bearish_vol_divergence
MODD,2026-05-04 23:15:00+00:00,2026-05-05 21:30:00+00:00,4.0,4.18,4.46,0.18,4.5,16,39.13,True,True,bearish_vol_divergence
MODD,2026-05-07 14:15:00+00:00,2026-05-07 20:30:00+00:00,3.905,4.0,4.02,0.095,2.4328,13,82.61,True,True,bearish_vol_divergence
MODD,2026-05-07 14:30:00+00:00,2026-05-07 20:30:00+00:00,3.83,4.0,4.02,0.17,4.4386,12,89.47,True,True,bearish_vol_divergence
MODD,2026-05-07 17:45:00+00:00,2026-05-11 20:00:00+00:00,3.9,3.82,4.49,-0.08,-2.0513,56,-13.56,True,True,bearish_vol_divergence
MODD,2026-05-11 14:45:00+00:00,2026-05-11 20:00:00+00:00,3.65,3.82,3.82,0.17,4.6575,19,100.0,True,True,bearish_vol_divergence
MODD,2026-05-11 15:15:00+00:00,2026-05-11 20:00:00+00:00,3.65,3.82,3.82,0.17,4.6575,17,100.0,True,True,bearish_vol_divergence
MODD,2026-06-01 22:00:00+00:00,2026-06-02 22:00:00+00:00,4.99,5.2365,5.49,0.2465,4.9399,18,49.3,True,True,bearish_vol_divergence
MODD,2026-06-04 18:45:00+00:00,2026-06-08 14:30:00+00:00,4.815,4.88,5.8,0.065,1.3499,20,6.6,True,True,bearish_vol_divergence
MODD,2026-06-10 18:45:00+00:00,2026-06-12 16:00:00+00:00,5.005,4.9069,5.22,-0.0981,-1.96,36,-45.63,True,True,bearish_vol_divergence
MODD,2026-06-11 20:00:00+00:00,2026-06-12 16:00:00+00:00,4.87,4.9069,5.09,0.0369,0.7577,10,16.77,True,True,bearish_vol_divergence
MODD,2026-06-11 22:30:00+00:00,2026-06-15 14:00:00+00:00,4.71,5.08,5.09,0.37,7.8556,16,97.37,True,True,bearish_vol_divergence
MODD,2026-06-16 19:30:00+00:00,2026-06-17 21:15:00+00:00,5.215,5.13,5.51,-0.085,-1.6299,25,-28.81,True,True,bearish_vol_divergence
MODD,2026-06-16 21:15:00+00:00,2026-06-17 21:15:00+00:00,4.8553,5.13,5.5,0.2747,5.6577,22,42.61,True,True,bearish_vol_divergence
MORN,2026-04-08 16:00:00+00:00,2026-04-09 16:15:00+00:00,178.325,168.73,178.91,-9.595,-5.3806,29,0.0,True,True,bearish_vol_divergence
MORN,2026-04-08 16:15:00+00:00,2026-04-09 16:15:00+00:00,177.715,168.73,178.38,-8.985,-5.0558,28,0.0,True,True,bearish_vol_divergence
MORN,2026-04-08 17:30:00+00:00,2026-04-09 16:15:00+00:00,177.2,168.73,177.39,-8.47,-4.7799,23,0.0,True,True,bearish_vol_divergence
MORN,2026-04-10 17:30:00+00:00,2026-04-13 15:00:00+00:00,166.35,172.055,172.795,5.705,3.4295,20,88.52,True,True,bearish_vol_divergence
MORN,2026-04-10 17:45:00+00:00,2026-04-13 15:00:00+00:00,167.1125,172.055,172.795,4.9425,2.9576,19,86.98,True,True,bearish_vol_divergence
MORN,2026-04-10 19:00:00+00:00,2026-04-13 15:00:00+00:00,167.5,172.055,172.795,4.555,2.7194,14,86.02,True,True,bearish_vol_divergence
MORN,2026-04-10 19:30:00+00:00,2026-04-13 15:00:00+00:00,167.61,172.055,172.795,4.445,2.652,12,85.73,True,True,bearish_vol_divergence
MORN,2026-04-13 14:00:00+00:00,2026-04-14 14:30:00+00:00,170.38,177.4,179.13,7.02,4.1202,31,80.23,True,True,bearish_vol_divergence
MORN,2026-04-15 15:30:00+00:00,2026-04-15 19:15:00+00:00,177.52,179.465,181.67,1.945,1.0956,15,46.87,True,True,bearish_vol_divergence
MORN,2026-04-16 16:45:00+00:00,2026-04-16 19:45:00+00:00,181.16,180.62,182.135,-0.54,-0.2981,12,-55.39,True,True,bearish_vol_divergence
MORN,2026-04-17 15:00:00+00:00,2026-04-17 17:30:00+00:00,182.124,183.24,183.4368,1.116,0.6128,10,85.01,True,True,bearish_vol_divergence
MORN,2026-04-21 14:00:00+00:00,2026-04-21 17:30:00+00:00,190.475,188.035,192.565,-2.44,-1.281,14,-100.0,True,True,bearish_vol_divergence
MORN,2026-04-23 19:45:00+00:00,2026-04-24 15:00:00+00:00,177.62,177.905,179.88,0.285,0.1605,10,12.61,True,True,bearish_vol_divergence
MORN,2026-04-27 15:45:00+00:00,2026-04-27 18:30:00+00:00,177.095,177.43,178.225,0.335,0.1892,11,29.65,True,True,bearish_vol_divergence
MORN,2026-04-27 16:00:00+00:00,2026-04-27 18:30:00+00:00,177.28,177.43,178.225,0.15,0.0846,10,15.87,True,True,bearish_vol_divergence
MORN,2026-04-27 16:45:00+00:00,2026-04-27 19:45:00+00:00,177.55,177.72,178.225,0.17,0.0957,12,0.0,True,True,bearish_vol_divergence
MORN,2026-04-27 17:45:00+00:00,2026-04-28 08:00:00+00:00,177.0,186.65,186.65,9.65,5.452,11,100.0,True,True,bearish_vol_divergence
MORN,2026-04-29 16:15:00+00:00,2026-04-29 19:30:00+00:00,181.41,186.58,189.28,5.17,2.8499,13,65.69,True,True,bearish_vol_divergence
MORN,2026-05-04 15:30:00+00:00,2026-05-05 19:45:00+00:00,169.25,166.55,170.53,-2.7,-1.5953,47,-100.0,True,True,bearish_vol_divergence
MORN,2026-05-04 16:30:00+00:00,2026-05-05 19:45:00+00:00,168.265,166.55,170.53,-1.715,-1.0192,43,-75.72,True,True,bearish_vol_divergence
MORN,2026-05-05 14:45:00+00:00,2026-05-05 19:45:00+00:00,169.99,166.55,170.53,-3.44,-2.0236,20,0.0,True,True,bearish_vol_divergence
MORN,2026-05-05 15:00:00+00:00,2026-05-05 19:45:00+00:00,170.245,166.55,170.53,-3.695,-2.1704,19,0.0,True,True,bearish_vol_divergence
MORN,2026-05-05 15:30:00+00:00,2026-05-05 19:45:00+00:00,163.2,166.55,168.69,3.35,2.0527,17,61.02,True,True,bearish_vol_divergence
MORN,2026-05-05 16:45:00+00:00,2026-05-05 19:45:00+00:00,162.76,166.55,168.69,3.79,2.3286,12,63.91,True,True,bearish_vol_divergence
MORN,2026-05-06 13:15:00+00:00,2026-05-06 17:15:00+00:00,165.05,167.51,168.78,2.46,1.4905,16,65.95,True,True,bearish_vol_divergence
MORN,2026-05-08 17:45:00+00:00,2026-05-11 15:45:00+00:00,177.07,174.94,178.5387,-2.13,-1.2029,26,-100.0,True,True,bearish_vol_divergence
MORN,2026-05-12 13:30:00+00:00,2026-05-12 17:45:00+00:00,176.22,176.2,178.66,-0.02,-0.0114,17,-0.82,True,True,bearish_vol_divergence
MORN,2026-05-12 13:45:00+00:00,2026-05-12 17:45:00+00:00,175.92,176.2,178.66,0.28,0.1592,16,10.22,True,True,bearish_vol_divergence
MORN,2026-05-12 14:00:00+00:00,2026-05-12 17:45:00+00:00,175.9875,176.2,178.66,0.2125,0.1207,15,7.95,True,True,bearish_vol_divergence
MORN,2026-05-13 21:00:00+00:00,2026-05-14 16:15:00+00:00,166.22,168.79,171.781,2.57,1.5461,14,46.21,True,True,bearish_vol_divergence
MORN,2026-05-14 11:00:00+00:00,2026-05-14 16:15:00+00:00,167.3,168.79,171.781,1.49,0.8906,13,33.25,True,True,bearish_vol_divergence
MORN,2026-05-18 15:00:00+00:00,2026-05-18 19:45:00+00:00,176.775,177.17,177.86,0.395,0.2235,19,36.41,True,True,bearish_vol_divergence
MORN,2026-05-20 18:00:00+00:00,2026-05-21 13:15:00+00:00,172.05,174.57,174.57,2.52,1.4647,10,100.0,True,True,bearish_vol_divergence
MORN,2026-05-20 18:30:00+00:00,2026-05-21 14:15:00+00:00,173.04,172.075,174.57,-0.965,-0.5577,12,-63.07,True,True,bearish_vol_divergence
MORN,2026-05-20 18:45:00+00:00,2026-05-21 14:15:00+00:00,172.77,172.075,174.57,-0.695,-0.4023,11,-38.61,True,True,bearish_vol_divergence
MORN,2026-05-21 13:15:00+00:00,2026-05-21 16:00:00+00:00,174.57,172.545,174.57,-2.025,-1.16,11,0.0,True,True,bearish_vol_divergence
MORN,2026-05-21 17:00:00+00:00,2026-05-21 19:45:00+00:00,172.78,173.38,175.0,0.6,0.3473,11,27.03,True,True,bearish_vol_divergence
MORN,2026-05-27 16:30:00+00:00,2026-05-28 16:00:00+00:00,176.36,180.62,180.62,4.26,2.4155,27,100.0,True,True,bearish_vol_divergence
MORN,2026-05-28 14:30:00+00:00,2026-05-28 19:45:00+00:00,179.5025,180.11,183.14,0.6075,0.3384,21,16.7,True,True,bearish_vol_divergence
MORN,2026-05-28 15:00:00+00:00,2026-05-28 19:45:00+00:00,179.72,180.11,183.14,0.39,0.217,19,11.4,True,True,bearish_vol_divergence
MORN,2026-05-28 15:15:00+00:00,2026-05-28 19:45:00+00:00,180.245,180.11,183.14,-0.135,-0.0749,18,-4.66,True,True,bearish_vol_divergence
MORN,2026-05-28 15:45:00+00:00,2026-05-28 19:45:00+00:00,180.07,180.11,183.14,0.04,0.0222,16,1.3,True,True,bearish_vol_divergence
MORN,2026-05-29 17:30:00+00:00,2026-05-29 22:30:00+00:00,184.06,183.0,184.15,-1.06,-0.5759,12,0.0,True,True,bearish_vol_divergence
MORN,2026-05-29 17:45:00+00:00,2026-05-29 22:30:00+00:00,183.49,183.0,184.15,-0.49,-0.267,11,0.0,True,True,bearish_vol_divergence
MORN,2026-06-03 18:00:00+00:00,2026-06-04 13:15:00+00:00,179.91,184.15,187.59,4.24,2.3567,10,55.21,True,True,bearish_vol_divergence
MORN,2026-06-03 18:15:00+00:00,2026-06-04 13:45:00+00:00,179.84,186.84,189.985,7.0,3.8923,11,69.0,True,True,bearish_vol_divergence
MORN,2026-06-08 15:45:00+00:00,2026-06-08 18:15:00+00:00,185.53,183.75,185.53,-1.78,-0.9594,10,0.0,True,True,bearish_vol_divergence
MORN,2026-06-08 17:45:00+00:00,2026-06-09 13:30:00+00:00,182.37,182.63,183.95,0.26,0.1426,11,16.46,True,True,bearish_vol_divergence
MORN,2026-06-10 18:00:00+00:00,2026-06-11 19:15:00+00:00,184.085,179.49,190.7,-4.595,-2.4961,35,-69.46,True,True,bearish_vol_divergence
MORN,2026-06-10 18:15:00+00:00,2026-06-11 19:15:00+00:00,183.99,179.49,190.7,-4.5,-2.4458,34,-67.06,True,True,bearish_vol_divergence
MORN,2026-06-10 18:30:00+00:00,2026-06-11 19:15:00+00:00,183.78,179.49,190.7,-4.29,-2.3343,33,-61.99,True,True,bearish_vol_divergence
MORN,2026-06-10 19:00:00+00:00,2026-06-11 19:15:00+00:00,185.025,179.49,190.7,-5.535,-2.9915,31,-97.53,True,True,bearish_vol_divergence
MORN,2026-06-11 19:00:00+00:00,2026-06-12 17:45:00+00:00,179.965,172.965,180.52,-7.0,-3.8896,24,0.0,True,True,bearish_vol_divergence
MORN,2026-06-12 18:00:00+00:00,2026-06-15 13:30:00+00:00,173.5875,175.64,178.64,2.0525,1.1824,16,40.62,True,True,bearish_vol_divergence
MORN,2026-06-12 18:30:00+00:00,2026-06-15 13:30:00+00:00,173.59,175.64,178.64,2.05,1.1809,14,40.59,True,True,bearish_vol_divergence
MORN,2026-06-12 18:45:00+00:00,2026-06-15 13:30:00+00:00,173.23,175.64,178.64,2.41,1.3912,13,44.55,True,True,bearish_vol_divergence
MORN,2026-06-12 20:15:00+00:00,2026-06-15 14:15:00+00:00,175.0,176.16,178.64,1.16,0.6629,10,31.87,True,True,bearish_vol_divergence
MORN,2026-06-16 17:15:00+00:00,2026-06-16 21:30:00+00:00,174.245,172.65,174.81,-1.595,-0.9154,12,0.0,True,True,bearish_vol_divergence
MORN,2026-06-16 18:15:00+00:00,2026-06-17 13:45:00+00:00,173.57,171.91,173.715,-1.66,-0.9564,10,0.0,True,True,bearish_vol_divergence
MORN,2026-06-16 18:30:00+00:00,2026-06-17 15:15:00+00:00,173.3,170.785,173.715,-2.515,-1.4512,15,0.0,True,True,bearish_vol_divergence
MORN,2026-06-22 19:00:00+00:00,2026-06-23 13:15:00+00:00,153.42,162.79,167.0,9.37,6.1074,11,69.0,True,True,bearish_vol_divergence
MORN,2026-06-24 15:15:00+00:00,2026-06-24 18:00:00+00:00,156.46,155.875,157.725,-0.585,-0.3739,11,-46.25,True,True,bearish_vol_divergence
MORN,2026-06-24 15:30:00+00:00,2026-06-24 18:00:00+00:00,155.815,155.875,156.54,0.06,0.0385,10,0.0,True,True,bearish_vol_divergence
ODC,2026-04-06 10:45:00+00:00,2026-04-06 14:30:00+00:00,68.63,67.5,69.39,-1.13,-1.6465,12,-100.0,True,True,bearish_vol_divergence
ODC,2026-04-08 11:00:00+00:00,2026-04-08 18:00:00+00:00,71.92,70.98,71.92,-0.94,-1.307,25,0.0,True,True,bearish_vol_divergence
ODC,2026-04-14 19:15:00+00:00,2026-04-14 22:00:00+00:00,72.25,71.51,72.3,-0.74,-1.0242,11,0.0,True,True,bearish_vol_divergence
ODC,2026-04-16 12:00:00+00:00,2026-04-16 16:00:00+00:00,70.65,69.93,70.65,-0.72,-1.0191,14,0.0,True,True,bearish_vol_divergence
ODC,2026-04-16 12:15:00+00:00,2026-04-16 16:00:00+00:00,70.65,69.93,70.65,-0.72,-1.0191,13,0.0,True,True,bearish_vol_divergence
ODC,2026-04-16 18:00:00+00:00,2026-04-16 20:30:00+00:00,70.47,70.89,72.0,0.42,0.596,10,27.45,True,True,bearish_vol_divergence
ODC,2026-04-21 21:15:00+00:00,2026-04-22 16:00:00+00:00,72.24,72.355,73.45,0.115,0.1592,23,9.5,True,True,bearish_vol_divergence
ODC,2026-04-21 21:45:00+00:00,2026-04-22 16:00:00+00:00,72.24,72.355,73.45,0.115,0.1592,21,9.5,True,True,bearish_vol_divergence
ODC,2026-04-21 22:15:00+00:00,2026-04-22 16:00:00+00:00,72.24,72.355,73.45,0.115,0.1592,19,9.5,True,True,bearish_vol_divergence
ODC,2026-04-24 19:15:00+00:00,2026-04-27 15:00:00+00:00,73.315,74.9,75.41,1.585,2.1619,18,75.66,True,True,bearish_vol_divergence
ODC,2026-04-30 20:00:00+00:00,2026-05-01 16:00:00+00:00,72.95,73.51,73.93,0.56,0.7677,11,57.14,True,True,bearish_vol_divergence
ODC,2026-05-04 13:45:00+00:00,2026-05-04 18:30:00+00:00,72.75,72.0,73.48,-0.75,-1.0309,17,-100.0,True,True,bearish_vol_divergence
ODC,2026-05-04 14:15:00+00:00,2026-05-04 18:30:00+00:00,73.295,72.0,73.48,-1.295,-1.7668,15,0.0,True,True,bearish_vol_divergence
ODC,2026-05-07 20:00:00+00:00,2026-05-08 16:00:00+00:00,75.68,76.675,77.195,0.995,1.3148,17,65.68,True,True,bearish_vol_divergence
ODC,2026-05-07 20:15:00+00:00,2026-05-08 16:00:00+00:00,75.68,76.675,77.195,0.995,1.3148,16,65.68,True,True,bearish_vol_divergence
ODC,2026-05-08 17:45:00+00:00,2026-05-08 20:15:00+00:00,77.71,77.28,77.88,-0.43,-0.5533,10,0.0,True,True,bearish_vol_divergence
ODC,2026-05-12 20:00:00+00:00,2026-05-13 15:30:00+00:00,76.9,77.365,77.69,0.465,0.6047,10,58.86,True,True,bearish_vol_divergence
ODC,2026-05-20 18:30:00+00:00,2026-05-21 13:30:00+00:00,73.395,72.35,74.37,-1.045,-1.4238,16,-100.0,True,True,bearish_vol_divergence
ODC,2026-05-27 11:45:00+00:00,2026-05-27 17:00:00+00:00,75.97,78.15,79.06,2.18,2.8696,15,70.55,True,True,bearish_vol_divergence
ODC,2026-05-28 19:00:00+00:00,2026-05-29 18:00:00+00:00,79.25,77.83,81.0,-1.42,-1.7918,29,-81.14,True,True,bearish_vol_divergence
ODC,2026-05-29 11:30:00+00:00,2026-05-29 18:00:00+00:00,79.67,77.83,80.71,-1.84,-2.3095,18,-100.0,True,True,bearish_vol_divergence
ODC,2026-06-01 19:30:00+00:00,2026-06-02 14:00:00+00:00,77.625,77.98,78.493,0.355,0.4573,12,40.9,True,True,bearish_vol_divergence
ODC,2026-06-04 10:45:00+00:00,2026-06-04 17:00:00+00:00,78.28,82.98,84.97,4.7,6.0041,18,70.25,True,True,bearish_vol_divergence
ODC,2026-06-05 11:45:00+00:00,2026-06-05 17:30:00+00:00,84.26,85.0,95.0,0.74,0.8782,18,6.89,True,True,bearish_vol_divergence
ODC,2026-06-08 21:45:00+00:00,2026-06-10 18:30:00+00:00,86.0,96.755,100.82,10.755,12.5058,81,72.57,True,True,bearish_vol_divergence
ODC,2026-06-09 11:45:00+00:00,2026-06-10 18:30:00+00:00,85.6,96.755,100.82,11.155,13.0315,73,73.29,True,True,bearish_vol_divergence
ODC,2026-06-09 13:45:00+00:00,2026-06-10 18:30:00+00:00,89.93,96.755,100.82,6.825,7.5892,67,62.67,True,True,bearish_vol_divergence
ODC,2026-06-10 18:45:00+00:00,2026-06-11 11:45:00+00:00,97.06,95.61,97.11,-1.45,-1.4939,12,0.0,True,True,bearish_vol_divergence
ODC,2026-06-11 17:45:00+00:00,2026-06-11 20:15:00+00:00,95.47,95.6,96.19,0.13,0.1362,10,18.06,True,True,bearish_vol_divergence
ODC,2026-06-11 19:30:00+00:00,2026-06-12 15:45:00+00:00,95.985,97.41,97.81,1.425,1.4846,21,78.08,True,True,bearish_vol_divergence
ODC,2026-06-11 20:00:00+00:00,2026-06-12 15:45:00+00:00,95.6,97.41,97.81,1.81,1.8933,19,81.9,True,True,bearish_vol_divergence
ODC,2026-06-12 17:15:00+00:00,2026-06-15 15:15:00+00:00,96.745,94.09,97.06,-2.655,-2.7443,26,0.0,True,True,bearish_vol_divergence
ODC,2026-06-17 13:45:00+00:00,2026-06-17 16:15:00+00:00,93.2,93.47,94.105,0.27,0.2897,10,29.83,True,True,bearish_vol_divergence
ODC,2026-06-17 14:15:00+00:00,2026-06-17 16:45:00+00:00,92.89,93.44,94.105,0.55,0.5921,10,45.27,True,True,bearish_vol_divergence
ODC,2026-06-17 14:30:00+00:00,2026-06-17 17:00:00+00:00,92.965,93.01,94.105,0.045,0.0484,10,3.95,True,True,bearish_vol_divergence
ODC,2026-06-17 15:45:00+00:00,2026-06-17 19:45:00+00:00,93.84,92.73,94.105,-1.11,-1.1829,16,0.0,True,True,bearish_vol_divergence
ODC,2026-06-22 14:15:00+00:00,2026-06-22 18:15:00+00:00,96.135,94.1575,96.63,-1.9775,-2.057,16,-100.0,True,True,bearish_vol_divergence
ODC,2026-06-23 11:45:00+00:00,2026-06-23 15:45:00+00:00,93.84,96.45,97.0347,2.61,2.7813,10,81.7,True,True,bearish_vol_divergence
ODC,2026-06-25 09:00:00+00:00,2026-06-25 16:45:00+00:00,101.7,99.8566,101.7,-1.8434,-1.8126,21,0.0,True,True,end_of_data
ODC,2026-06-25 09:15:00+00:00,2026-06-25 16:45:00+00:00,98.66,99.8566,101.215,1.1966,1.2129,20,46.83,True,True,end_of_data
ODC,2026-06-25 10:45:00+00:00,2026-06-25 16:45:00+00:00,99.0,99.8566,101.215,0.8566,0.8653,17,38.67,True,True,end_of_data
OMSE,2026-05-22 15:00:00+00:00,2026-05-26 14:30:00+00:00,4.705,4.7209,4.755,0.0159,0.3379,10,31.8,True,True,bearish_vol_divergence
OMSE,2026-05-22 15:30:00+00:00,2026-05-26 15:30:00+00:00,4.705,4.7101,4.755,0.0051,0.1084,10,10.2,True,True,bearish_vol_divergence
OMSE,2026-05-22 18:45:00+00:00,2026-05-26 16:30:00+00:00,4.7037,4.71,4.755,0.0063,0.1339,10,12.28,True,True,bearish_vol_divergence
OMSE,2026-05-22 20:00:00+00:00,2026-05-26 19:45:00+00:00,4.7,4.71,4.755,0.01,0.2128,10,18.18,True,True,bearish_vol_divergence
OMSE,2026-05-26 16:15:00+00:00,2026-05-29 14:30:00+00:00,4.72,4.77,4.86,0.05,1.0593,23,35.71,True,True,bearish_vol_divergence
OMSE,2026-06-09 18:00:00+00:00,2026-06-11 19:45:00+00:00,4.435,4.49,4.647,0.055,1.2401,19,25.94,True,True,bearish_vol_divergence
OMSE,2026-06-25 15:45:00+00:00,2026-06-25 23:45:00+00:00,3.97,3.9999,4.12,0.0299,0.7531,14,19.93,True,True,end_of_data
ORIS,2026-04-22 16:15:00+00:00,2026-04-24 15:45:00+00:00,1.8224,1.7232,1.8392,-0.0992,-5.4434,29,-100.0,True,True,bearish_vol_divergence
ORIS,2026-04-23 15:15:00+00:00,2026-04-24 15:45:00+00:00,1.6744,1.7232,1.7524,0.0488,2.9145,15,62.56,True,True,bearish_vol_divergence
ORIS,2026-04-23 15:30:00+00:00,2026-04-24 15:45:00+00:00,1.676,1.7232,1.7524,0.0472,2.8162,14,61.78,True,True,bearish_vol_divergence
ORIS,2026-04-23 16:15:00+00:00,2026-04-24 15:45:00+00:00,1.6584,1.7232,1.7524,0.0648,3.9074,11,68.94,True,True,bearish_vol_divergence
ORIS,2026-04-23 19:00:00+00:00,2026-04-27 16:00:00+00:00,1.6884,1.8776,2.16,0.1892,11.2059,26,40.12,True,True,bearish_vol_divergence
ORIS,2026-04-23 19:15:00+00:00,2026-04-27 16:00:00+00:00,1.6896,1.8776,2.16,0.188,11.1269,25,39.97,True,True,bearish_vol_divergence
ORIS,2026-05-08 14:30:00+00:00,2026-05-08 17:15:00+00:00,1.6384,1.6416,1.6568,0.0032,0.1953,10,17.39,True,True,bearish_vol_divergence
ORIS,2026-05-08 15:15:00+00:00,2026-05-08 19:45:00+00:00,1.6568,1.6928,1.7528,0.036,2.1729,10,37.5,True,True,bearish_vol_divergence
ORIS,2026-05-11 15:30:00+00:00,2026-05-12 15:30:00+00:00,1.5956,1.6076,1.6204,0.012,0.7521,15,48.39,True,True,bearish_vol_divergence
ORIS,2026-05-11 16:15:00+00:00,2026-05-12 15:30:00+00:00,1.588,1.6076,1.6204,0.0196,1.2343,12,60.49,True,True,bearish_vol_divergence
ORIS,2026-05-12 18:30:00+00:00,2026-05-15 19:45:00+00:00,1.5652,2.1088,2.5216,0.5436,34.7304,61,56.84,True,True,bearish_vol_divergence
ORIS,2026-05-12 18:45:00+00:00,2026-05-15 19:45:00+00:00,1.5652,2.1088,2.5216,0.5436,34.7304,60,56.84,True,True,bearish_vol_divergence
ORIS,2026-05-18 17:00:00+00:00,2026-05-19 16:45:00+00:00,1.8876,1.6384,1.9476,-0.2492,-13.2019,19,-100.0,True,True,bearish_vol_divergence
ORIS,2026-05-18 17:15:00+00:00,2026-05-19 16:45:00+00:00,1.9176,1.6384,1.9476,-0.2792,-14.5599,18,-100.0,True,True,bearish_vol_divergence
ORIS,2026-05-22 14:45:00+00:00,2026-05-22 18:45:00+00:00,1.76,1.7244,1.7916,-0.0356,-2.0227,16,-100.0,True,True,bearish_vol_divergence
ORIS,2026-05-26 19:30:00+00:00,2026-05-27 18:15:00+00:00,1.7612,1.9404,2.3424,0.1792,10.1749,17,30.83,True,True,bearish_vol_divergence
ORIS,2026-05-26 19:45:00+00:00,2026-05-27 18:15:00+00:00,1.8376,1.9404,2.3424,0.1028,5.5943,16,20.36,True,True,bearish_vol_divergence
ORIS,2026-06-03 16:00:00+00:00,2026-06-04 19:30:00+00:00,2.1736,2.0968,2.224,-0.0768,-3.5333,25,-100.0,True,True,bearish_vol_divergence
ORIS,2026-06-04 19:45:00+00:00,2026-06-09 19:30:00+00:00,2.0748,2.1788,2.3792,0.104,5.0125,47,34.17,True,True,bearish_vol_divergence
ORIS,2026-06-05 15:00:00+00:00,2026-06-09 19:30:00+00:00,2.0032,2.1788,2.3792,0.1756,8.766,45,46.7,True,True,bearish_vol_divergence
ORIS,2026-06-05 17:45:00+00:00,2026-06-09 19:30:00+00:00,2.0556,2.1788,2.3792,0.1232,5.9934,41,38.07,True,True,bearish_vol_divergence
ORIS,2026-06-05 18:15:00+00:00,2026-06-09 19:30:00+00:00,2.0456,2.1788,2.3792,0.1332,6.5115,40,39.93,True,True,bearish_vol_divergence
ORIS,2026-06-08 16:15:00+00:00,2026-06-09 19:30:00+00:00,1.9856,2.1788,2.3792,0.1932,9.7301,30,49.09,True,True,bearish_vol_divergence
ORIS,2026-06-08 19:45:00+00:00,2026-06-09 19:30:00+00:00,2.12,2.1788,2.3792,0.0588,2.7736,21,22.69,True,True,bearish_vol_divergence
ORIS,2026-06-11 14:45:00+00:00,2026-06-15 17:15:00+00:00,2.2668,2.166,2.4468,-0.1008,-4.4468,34,-56.0,True,True,bearish_vol_divergence
ORIS,2026-06-22 14:30:00+00:00,2026-06-23 14:30:00+00:00,1.9926,2.2701,2.62,0.2775,13.9265,17,44.23,True,True,bearish_vol_divergence
PINE,2026-04-08 15:15:00+00:00,2026-04-09 18:00:00+00:00,18.55,19.0922,19.22,0.5422,2.9229,33,80.93,True,True,bearish_vol_divergence
PINE,2026-04-09 17:00:00+00:00,2026-04-10 17:00:00+00:00,19.19,19.2908,19.42,0.1008,0.5253,22,43.83,True,True,bearish_vol_divergence
PINE,2026-04-10 17:45:00+00:00,2026-04-13 19:00:00+00:00,19.3899,19.2082,19.55,-0.1817,-0.9371,27,-100.0,True,True,bearish_vol_divergence
PINE,2026-04-10 18:00:00+00:00,2026-04-13 19:00:00+00:00,19.41,19.2082,19.55,-0.2018,-1.0397,26,-100.0,True,True,bearish_vol_divergence
PINE,2026-04-13 19:30:00+00:00,2026-04-14 16:45:00+00:00,19.29,19.37,19.45,0.08,0.4147,10,50.0,True,True,bearish_vol_divergence
PINE,2026-04-14 15:00:00+00:00,2026-04-15 16:30:00+00:00,19.33,19.36,19.5,0.03,0.1552,26,17.65,True,True,bearish_vol_divergence
PINE,2026-04-14 15:30:00+00:00,2026-04-15 16:30:00+00:00,19.4499,19.36,19.5,-0.0899,-0.4622,25,0.0,True,True,bearish_vol_divergence
PINE,2026-04-14 15:45:00+00:00,2026-04-15 16:30:00+00:00,19.37,19.36,19.5,-0.01,-0.0516,24,-7.69,True,True,bearish_vol_divergence
PINE,2026-04-15 18:30:00+00:00,2026-04-16 16:00:00+00:00,19.345,19.43,19.545,0.085,0.4394,12,42.5,True,True,bearish_vol_divergence
PINE,2026-04-15 19:15:00+00:00,2026-04-16 16:15:00+00:00,19.455,19.43,19.545,-0.025,-0.1285,10,0.0,True,True,bearish_vol_divergence
PINE,2026-04-16 16:45:00+00:00,2026-04-17 19:00:00+00:00,19.425,19.85,19.89,0.425,2.1879,31,91.4,True,True,bearish_vol_divergence
PINE,2026-04-16 17:30:00+00:00,2026-04-17 19:00:00+00:00,19.4,19.85,19.89,0.45,2.3196,28,91.84,True,True,bearish_vol_divergence
PINE,2026-04-17 16:15:00+00:00,2026-04-17 19:00:00+00:00,19.79,19.85,19.89,0.06,0.3032,11,60.0,True,True,bearish_vol_divergence
PINE,2026-04-17 17:00:00+00:00,2026-04-17 19:45:00+00:00,19.84,19.81,19.89,-0.03,-0.1512,11,0.0,True,True,bearish_vol_divergence
PINE,2026-04-17 17:15:00+00:00,2026-04-17 19:45:00+00:00,19.78,19.81,19.89,0.03,0.1517,10,27.27,True,True,bearish_vol_divergence
PINE,2026-04-22 18:00:00+00:00,2026-04-23 15:00:00+00:00,19.38,19.42,19.47,0.04,0.2064,10,0.0,True,True,bearish_vol_divergence
PINE,2026-04-24 18:30:00+00:00,2026-04-28 14:30:00+00:00,19.75,19.19,19.83,-0.56,-2.8354,28,0.0,True,True,bearish_vol_divergence
PINE,2026-05-01 17:30:00+00:00,2026-05-04 14:45:00+00:00,19.28,19.57,19.6599,0.29,1.5041,11,76.34,True,True,bearish_vol_divergence
PINE,2026-05-01 17:45:00+00:00,2026-05-04 14:45:00+00:00,19.29,19.57,19.6599,0.28,1.4515,10,75.7,True,True,bearish_vol_divergence
PINE,2026-05-04 16:30:00+00:00,2026-05-05 16:45:00+00:00,19.5,19.59,19.705,0.09,0.4615,23,43.9,True,True,bearish_vol_divergence
PINE,2026-05-04 16:45:00+00:00,2026-05-05 16:45:00+00:00,19.37,19.59,19.705,0.22,1.1358,22,65.67,True,True,bearish_vol_divergence
PINE,2026-05-04 17:15:00+00:00,2026-05-05 16:45:00+00:00,19.515,19.59,19.705,0.075,0.3843,20,39.47,True,True,bearish_vol_divergence
PINE,2026-05-05 18:30:00+00:00,2026-05-06 15:30:00+00:00,19.57,19.5701,19.67,0.0001,0.0005,10,0.1,True,True,bearish_vol_divergence
PINE,2026-05-05 18:45:00+00:00,2026-05-06 15:45:00+00:00,19.53,19.62,19.67,0.09,0.4608,10,64.29,True,True,bearish_vol_divergence
PINE,2026-05-05 19:00:00+00:00,2026-05-06 16:00:00+00:00,19.56,19.535,19.67,-0.025,-0.1278,10,-22.73,True,True,bearish_vol_divergence
PINE,2026-05-06 18:15:00+00:00,2026-05-07 15:15:00+00:00,19.555,19.75,19.76,0.195,0.9972,10,95.12,True,True,bearish_vol_divergence
PINE,2026-05-13 18:30:00+00:00,2026-05-14 18:30:00+00:00,18.81,18.92,19.06,0.11,0.5848,21,44.0,True,True,bearish_vol_divergence
PINE,2026-05-13 18:45:00+00:00,2026-05-14 18:30:00+00:00,18.83,18.92,19.06,0.09,0.478,20,39.13,True,True,bearish_vol_divergence
PINE,2026-05-13 19:15:00+00:00,2026-05-14 18:30:00+00:00,18.83,18.92,19.06,0.09,0.478,18,39.13,True,True,bearish_vol_divergence
PINE,2026-05-14 17:00:00+00:00,2026-05-15 17:00:00+00:00,18.95,18.765,19.01,-0.185,-0.9763,21,0.0,True,True,bearish_vol_divergence
PINE,2026-05-14 17:30:00+00:00,2026-05-15 17:00:00+00:00,18.99,18.765,19.01,-0.225,-1.1848,19,0.0,True,True,bearish_vol_divergence
PINE,2026-05-14 18:00:00+00:00,2026-05-15 17:00:00+00:00,18.95,18.765,19.01,-0.185,-0.9763,18,0.0,True,True,bearish_vol_divergence
PINE,2026-05-14 18:15:00+00:00,2026-05-15 17:00:00+00:00,18.995,18.765,19.01,-0.23,-1.2109,17,0.0,True,True,bearish_vol_divergence
PINE,2026-05-15 18:30:00+00:00,2026-05-18 15:30:00+00:00,18.715,19.03,19.12,0.315,1.6831,10,77.78,True,True,bearish_vol_divergence
PINE,2026-05-15 19:30:00+00:00,2026-05-18 16:30:00+00:00,18.71,18.98,19.12,0.27,1.4431,10,65.85,True,True,bearish_vol_divergence
PINE,2026-05-19 16:30:00+00:00,2026-05-19 19:00:00+00:00,19.235,19.12,19.28,-0.115,-0.5979,10,0.0,True,True,bearish_vol_divergence
PINE,2026-05-20 18:00:00+00:00,2026-05-21 16:45:00+00:00,19.06,19.0,19.1281,-0.06,-0.3148,17,0.0,True,True,bearish_vol_divergence
PINE,2026-05-21 17:15:00+00:00,2026-05-21 19:45:00+00:00,19.015,19.01,19.14,-0.005,-0.0263,10,-4.0,True,True,bearish_vol_divergence
PINE,2026-05-21 18:45:00+00:00,2026-05-22 15:45:00+00:00,19.015,19.0,19.14,-0.015,-0.0789,10,-12.0,True,True,bearish_vol_divergence
PINE,2026-05-21 19:45:00+00:00,2026-05-22 17:30:00+00:00,19.01,18.96,19.129,-0.05,-0.263,13,-42.02,True,True,bearish_vol_divergence
PINE,2026-05-22 14:45:00+00:00,2026-05-22 17:30:00+00:00,19.08,18.96,19.129,-0.12,-0.6289,11,0.0,True,True,bearish_vol_divergence
PINE,2026-05-22 15:30:00+00:00,2026-05-26 18:15:00+00:00,19.055,19.51,19.67,0.455,2.3878,33,73.98,True,True,bearish_vol_divergence
PINE,2026-05-26 15:30:00+00:00,2026-05-26 18:15:00+00:00,19.5,19.51,19.63,0.01,0.0513,11,7.69,True,True,bearish_vol_divergence
PINE,2026-05-26 15:45:00+00:00,2026-05-26 18:15:00+00:00,19.5594,19.51,19.63,-0.0494,-0.2526,10,0.0,True,True,bearish_vol_divergence
PINE,2026-05-26 16:00:00+00:00,2026-05-26 18:30:00+00:00,19.6,19.54,19.63,-0.06,-0.3061,10,0.0,True,True,bearish_vol_divergence
PINE,2026-05-26 16:15:00+00:00,2026-05-26 19:30:00+00:00,19.56,19.57,19.61,0.01,0.0511,13,0.0,True,True,bearish_vol_divergence
PINE,2026-05-29 16:00:00+00:00,2026-05-29 19:15:00+00:00,19.55,19.38,19.5697,-0.17,-0.8696,10,0.0,True,True,bearish_vol_divergence
PINE,2026-06-01 18:15:00+00:00,2026-06-02 15:15:00+00:00,19.3,19.39,19.535,0.09,0.4663,10,38.3,True,True,bearish_vol_divergence
PINE,2026-06-05 16:00:00+00:00,2026-06-05 19:15:00+00:00,19.54,19.63,19.715,0.09,0.4606,13,51.43,True,True,bearish_vol_divergence
PINE,2026-06-08 18:45:00+00:00,2026-06-09 19:15:00+00:00,19.48,19.785,19.9,0.305,1.5657,24,72.62,True,True,bearish_vol_divergence
PINE,2026-06-08 19:15:00+00:00,2026-06-09 19:15:00+00:00,19.5275,19.785,19.9,0.2575,1.3187,22,69.13,True,True,bearish_vol_divergence
PINE,2026-06-09 15:30:00+00:00,2026-06-09 19:15:00+00:00,19.7999,19.785,19.89,-0.0149,-0.0753,15,0.0,True,True,bearish_vol_divergence
PINE,2026-06-09 15:45:00+00:00,2026-06-09 19:15:00+00:00,19.83,19.785,19.89,-0.045,-0.2269,14,0.0,True,True,bearish_vol_divergence
PINE,2026-06-09 16:00:00+00:00,2026-06-09 19:15:00+00:00,19.8,19.785,19.89,-0.015,-0.0758,13,0.0,True,True,bearish_vol_divergence
PINE,2026-06-09 16:15:00+00:00,2026-06-09 19:15:00+00:00,19.84,19.785,19.89,-0.055,-0.2772,12,0.0,True,True,bearish_vol_divergence
PINE,2026-06-10 17:45:00+00:00,2026-06-11 18:15:00+00:00,20.175,19.855,20.3,-0.32,-1.5861,24,-100.0,True,True,bearish_vol_divergence
PINE,2026-06-12 15:00:00+00:00,2026-06-12 17:45:00+00:00,19.98,20.01,20.14,0.03,0.1502,11,18.75,True,True,bearish_vol_divergence
PINE,2026-06-12 15:15:00+00:00,2026-06-12 17:45:00+00:00,20.005,20.01,20.14,0.005,0.025,10,3.7,True,True,bearish_vol_divergence
PINE,2026-06-12 15:30:00+00:00,2026-06-12 18:00:00+00:00,20.02,20.07,20.14,0.05,0.2497,10,41.67,True,True,bearish_vol_divergence
PINE,2026-06-18 17:00:00+00:00,2026-06-22 17:00:00+00:00,18.955,19.13,19.37,0.175,0.9232,22,42.17,True,True,bearish_vol_divergence
PINE,2026-06-18 17:15:00+00:00,2026-06-22 17:00:00+00:00,18.91,19.13,19.37,0.22,1.1634,21,47.83,True,True,bearish_vol_divergence
PINE,2026-06-18 17:45:00+00:00,2026-06-22 17:00:00+00:00,18.925,19.13,19.37,0.205,1.0832,19,46.07,True,True,bearish_vol_divergence
PINE,2026-06-22 15:15:00+00:00,2026-06-22 17:45:00+00:00,19.26,19.1301,19.3,-0.1299,-0.6745,10,0.0,True,True,bearish_vol_divergence
PINE,2026-06-22 17:30:00+00:00,2026-06-23 14:30:00+00:00,19.085,19.4,19.425,0.315,1.6505,10,92.65,True,True,bearish_vol_divergence
PINE,2026-06-22 17:45:00+00:00,2026-06-23 14:45:00+00:00,19.1301,19.495,19.495,0.3649,1.9075,10,100.0,True,True,bearish_vol_divergence
PINE,2026-06-24 18:00:00+00:00,2026-06-24 19:45:00+00:00,20.01,20.195,20.49,0.185,0.9245,7,38.54,True,True,end_of_data
PODC,2026-04-09 15:00:00+00:00,2026-04-24 15:15:00+00:00,2.26,2.795,2.83,0.535,23.6726,123,93.86,True,True,bearish_vol_divergence
PODC,2026-04-09 19:30:00+00:00,2026-04-24 15:15:00+00:00,2.29,2.795,2.83,0.505,22.0524,117,93.52,True,True,bearish_vol_divergence
PODC,2026-04-14 19:15:00+00:00,2026-04-24 15:15:00+00:00,2.14,2.795,2.83,0.655,30.6075,94,94.93,True,True,bearish_vol_divergence
PODC,2026-04-17 19:30:00+00:00,2026-04-24 15:15:00+00:00,2.2299,2.795,2.83,0.5651,25.342,64,94.17,True,True,bearish_vol_divergence
PODC,2026-04-24 16:30:00+00:00,2026-05-01 14:30:00+00:00,2.96,3.47,3.52,0.51,17.2297,88,91.07,True,True,bearish_vol_divergence
PODC,2026-04-30 16:45:00+00:00,2026-05-01 14:30:00+00:00,3.39,3.47,3.52,0.08,2.3599,12,61.54,True,True,bearish_vol_divergence
PODC,2026-04-30 17:00:00+00:00,2026-05-01 14:30:00+00:00,3.4993,3.47,3.52,-0.0293,-0.8373,11,-100.0,True,True,bearish_vol_divergence
PODC,2026-04-30 17:15:00+00:00,2026-05-01 14:30:00+00:00,3.5,3.47,3.52,-0.03,-0.8571,10,-100.0,True,True,bearish_vol_divergence
PODC,2026-05-08 14:45:00+00:00,2026-05-11 17:00:00+00:00,3.6722,3.61,3.73,-0.0622,-1.6938,29,-100.0,True,True,bearish_vol_divergence
PODC,2026-05-12 15:30:00+00:00,2026-05-14 16:15:00+00:00,3.88,3.535,3.95,-0.345,-8.8918,44,-100.0,True,True,bearish_vol_divergence
PODC,2026-05-13 18:45:00+00:00,2026-05-14 16:15:00+00:00,3.63,3.535,3.695,-0.095,-2.6171,12,-100.0,True,True,bearish_vol_divergence
PODC,2026-05-18 15:30:00+00:00,2026-05-21 14:45:00+00:00,3.76,4.11,4.255,0.35,9.3085,57,70.71,True,True,bearish_vol_divergence
PODC,2026-05-19 19:00:00+00:00,2026-05-21 14:45:00+00:00,4.18,4.11,4.255,-0.07,-1.6746,23,-93.33,True,True,bearish_vol_divergence
PODC,2026-05-29 15:45:00+00:00,2026-05-29 19:00:00+00:00,4.815,4.885,5.0,0.07,1.4538,12,37.84,True,True,bearish_vol_divergence
PODC,2026-05-29 16:00:00+00:00,2026-05-29 19:00:00+00:00,4.98,4.885,5.0,-0.095,-1.9076,11,0.0,True,True,bearish_vol_divergence
PODC,2026-05-29 16:45:00+00:00,2026-05-29 19:15:00+00:00,4.91,4.91,4.95,0.0,0.0,10,0.0,True,True,bearish_vol_divergence
PODC,2026-05-29 17:00:00+00:00,2026-06-02 17:00:00+00:00,4.95,4.745,4.95,-0.205,-4.1414,37,0.0,True,True,bearish_vol_divergence
PODC,2026-05-29 17:30:00+00:00,2026-06-02 17:00:00+00:00,4.95,4.745,4.95,-0.205,-4.1414,35,0.0,True,True,bearish_vol_divergence
PODC,2026-06-02 14:30:00+00:00,2026-06-03 19:15:00+00:00,4.725,4.33,4.88,-0.395,-8.3598,30,-100.0,True,True,bearish_vol_divergence
PODC,2026-06-15 14:45:00+00:00,2026-06-16 14:45:00+00:00,4.21,4.045,4.21,-0.165,-3.9192,17,0.0,True,True,bearish_vol_divergence
PODC,2026-06-22 18:45:00+00:00,2026-06-23 16:15:00+00:00,4.05,4.19,4.3325,0.14,3.4568,12,49.56,True,True,bearish_vol_divergence
PODC,2026-06-22 19:15:00+00:00,2026-06-23 16:15:00+00:00,4.045,4.19,4.3325,0.145,3.5847,10,50.43,True,True,bearish_vol_divergence
PODC,2026-06-22 19:45:00+00:00,2026-06-23 18:15:00+00:00,4.12,4.2725,4.3325,0.1525,3.7015,15,71.76,True,True,bearish_vol_divergence
PODC,2026-06-23 15:00:00+00:00,2026-06-23 18:15:00+00:00,4.24,4.2725,4.295,0.0325,0.7665,12,59.09,True,True,bearish_vol_divergence
PODC,2026-06-23 15:15:00+00:00,2026-06-23 18:15:00+00:00,4.19,4.2725,4.295,0.0825,1.969,11,78.57,True,True,bearish_vol_divergence
PODC,2026-06-23 16:00:00+00:00,2026-06-23 19:00:00+00:00,4.26,3.99,4.295,-0.27,-6.338,10,-100.0,True,True,bearish_vol_divergence
PODC,2026-06-24 18:30:00+00:00,2026-06-24 19:45:00+00:00,4.2,4.11,4.21,-0.09,-2.1428,5,0.0,True,True,end_of_data
PRFX,2026-04-06 23:30:00+00:00,2026-04-07 15:15:00+00:00,2.46,2.4201,2.6,-0.0399,-1.622,31,-28.5,True,True,bearish_vol_divergence
PRFX,2026-04-07 09:00:00+00:00,2026-04-07 15:15:00+00:00,2.35,2.4201,2.46,0.0701,2.983,25,63.73,True,True,bearish_vol_divergence
PRFX,2026-04-07 10:15:00+00:00,2026-04-07 15:15:00+00:00,2.4368,2.4201,2.46,-0.0167,-0.6853,20,-71.98,True,True,bearish_vol_divergence
PRFX,2026-04-13 13:30:00+00:00,2026-04-13 17:15:00+00:00,2.5601,2.595,2.65,0.0349,1.3632,10,38.82,True,True,bearish_vol_divergence
PRFX,2026-04-15 12:00:00+00:00,2026-04-15 19:30:00+00:00,2.57,2.655,2.72,0.085,3.3074,17,56.67,True,True,bearish_vol_divergence
PRFX,2026-04-15 12:30:00+00:00,2026-04-15 19:30:00+00:00,2.57,2.655,2.72,0.085,3.3074,16,56.67,True,True,bearish_vol_divergence
PRFX,2026-04-15 13:30:00+00:00,2026-04-15 19:30:00+00:00,2.6248,2.655,2.72,0.0302,1.1506,13,31.72,True,True,bearish_vol_divergence
PRFX,2026-04-22 15:00:00+00:00,2026-04-22 20:45:00+00:00,2.495,2.5,2.5,0.005,0.2004,10,0.0,True,True,bearish_vol_divergence
PRFX,2026-04-22 15:30:00+00:00,2026-04-27 19:15:00+00:00,2.49,2.2531,2.57,-0.2369,-9.5141,53,-100.0,True,True,bearish_vol_divergence
PRFX,2026-04-23 17:00:00+00:00,2026-04-27 19:15:00+00:00,2.38,2.2531,2.41,-0.1269,-5.3319,31,-100.0,True,True,bearish_vol_divergence
PRFX,2026-04-28 18:15:00+00:00,2026-04-29 20:15:00+00:00,2.08,1.95,2.21,-0.13,-6.25,49,-100.0,True,True,bearish_vol_divergence
PRFX,2026-04-29 10:00:00+00:00,2026-04-29 20:15:00+00:00,2.1836,1.95,2.2,-0.2336,-10.6979,28,-100.0,True,True,bearish_vol_divergence
PRFX,2026-04-29 10:30:00+00:00,2026-04-29 20:15:00+00:00,1.96,1.95,2.1657,-0.01,-0.5102,26,-4.86,True,True,bearish_vol_divergence
PRFX,2026-04-29 11:45:00+00:00,2026-04-29 20:15:00+00:00,2.0361,1.95,2.072,-0.0861,-4.2287,24,-100.0,True,True,bearish_vol_divergence
PRFX,2026-04-29 12:00:00+00:00,2026-04-29 20:15:00+00:00,2.03,1.95,2.072,-0.08,-3.9409,23,-100.0,True,True,bearish_vol_divergence
PRFX,2026-05-01 14:45:00+00:00,2026-05-04 19:45:00+00:00,1.915,1.955,1.99,0.04,2.0888,31,53.33,True,True,bearish_vol_divergence
PRFX,2026-05-01 18:00:00+00:00,2026-05-04 19:45:00+00:00,1.92,1.955,1.99,0.035,1.8229,27,50.0,True,True,bearish_vol_divergence
PRFX,2026-05-12 10:45:00+00:00,2026-05-13 22:00:00+00:00,1.7,1.639,1.8,-0.061,-3.5882,39,-61.0,True,True,bearish_vol_divergence
PRFX,2026-05-12 11:45:00+00:00,2026-05-13 22:00:00+00:00,1.76,1.639,1.8,-0.121,-6.875,36,-100.0,True,True,bearish_vol_divergence
PRFX,2026-05-18 14:00:00+00:00,2026-05-18 20:00:00+00:00,1.5784,1.53,1.5784,-0.0484,-3.0664,11,0.0,True,True,bearish_vol_divergence
PRFX,2026-05-18 15:15:00+00:00,2026-05-18 20:00:00+00:00,1.52,1.53,1.53,0.01,0.6579,10,100.0,True,True,bearish_vol_divergence
PRFX,2026-05-18 16:15:00+00:00,2026-05-20 13:30:00+00:00,1.49,1.49,1.54,0.0,0.0,32,0.0,True,True,bearish_vol_divergence
PRFX,2026-05-18 20:00:00+00:00,2026-05-20 13:30:00+00:00,1.53,1.49,1.54,-0.04,-2.6144,25,-100.0,True,True,bearish_vol_divergence
PRFX,2026-05-21 19:30:00+00:00,2026-05-22 13:30:00+00:00,1.44,1.3401,1.49,-0.0999,-6.9375,38,-100.0,True,True,bearish_vol_divergence
PRFX,2026-05-22 10:15:00+00:00,2026-05-22 13:30:00+00:00,1.36,1.3401,1.368,-0.0199,-1.4632,12,-100.0,True,True,bearish_vol_divergence
PRFX,2026-05-22 11:15:00+00:00,2026-05-22 13:45:00+00:00,1.359,1.375,1.375,0.016,1.1773,10,100.0,True,True,bearish_vol_divergence
PRFX,2026-05-27 11:15:00+00:00,2026-05-28 08:30:00+00:00,1.3024,1.35,1.3799,0.0476,3.6548,27,61.42,True,True,bearish_vol_divergence
PRFX,2026-05-27 13:15:00+00:00,2026-05-28 08:30:00+00:00,1.3297,1.35,1.3799,0.0203,1.5267,23,40.44,True,True,bearish_vol_divergence
PRFX,2026-05-27 14:00:00+00:00,2026-05-28 08:30:00+00:00,1.3452,1.35,1.3799,0.0048,0.3568,20,13.83,True,True,bearish_vol_divergence
PRFX,2026-05-27 15:45:00+00:00,2026-05-28 08:30:00+00:00,1.3799,1.35,1.3799,-0.0299,-2.1668,17,0.0,True,True,bearish_vol_divergence
PRFX,2026-05-29 23:15:00+00:00,2026-06-01 13:30:00+00:00,2.2898,2.1899,2.69,-0.0999,-4.3628,25,-24.96,True,True,bearish_vol_divergence
PRFX,2026-05-29 23:30:00+00:00,2026-06-01 13:30:00+00:00,2.26,2.1899,2.69,-0.0701,-3.1018,24,-16.3,True,True,bearish_vol_divergence
PRFX,2026-06-01 09:15:00+00:00,2026-06-01 13:30:00+00:00,2.27,2.1899,2.35,-0.0801,-3.5286,17,-100.0,True,True,bearish_vol_divergence
PRFX,2026-06-01 10:30:00+00:00,2026-06-01 13:30:00+00:00,2.2196,2.1899,2.35,-0.0297,-1.3381,12,-22.78,True,True,bearish_vol_divergence
PRFX,2026-06-01 11:00:00+00:00,2026-06-01 13:30:00+00:00,2.211,2.1899,2.35,-0.0211,-0.9543,10,-15.18,True,True,bearish_vol_divergence
PRFX,2026-06-01 20:15:00+00:00,2026-06-02 17:30:00+00:00,1.9997,2.01,2.1,0.0103,0.5151,53,10.27,True,True,bearish_vol_divergence
PRFX,2026-06-03 08:45:00+00:00,2026-06-03 13:45:00+00:00,1.9,1.945,1.96,0.045,2.3684,19,75.0,True,True,bearish_vol_divergence
PRFX,2026-06-03 09:30:00+00:00,2026-06-03 13:45:00+00:00,1.8748,1.945,1.96,0.0702,3.7444,16,82.39,True,True,bearish_vol_divergence
PRFX,2026-06-04 09:45:00+00:00,2026-06-04 19:45:00+00:00,1.8097,1.79,2.0,-0.0197,-1.0886,40,-10.35,True,True,bearish_vol_divergence
PRFX,2026-06-04 10:15:00+00:00,2026-06-04 19:45:00+00:00,1.8004,1.79,2.0,-0.0104,-0.5777,38,-5.21,True,True,bearish_vol_divergence
PRFX,2026-06-09 09:30:00+00:00,2026-06-09 17:30:00+00:00,1.4476,1.41,1.52,-0.0376,-2.5974,32,-51.93,True,True,bearish_vol_divergence
PRFX,2026-06-09 20:15:00+00:00,2026-06-11 17:15:00+00:00,1.42,1.49,1.75,0.07,4.9296,109,21.21,True,True,bearish_vol_divergence
PRFX,2026-06-09 21:00:00+00:00,2026-06-11 17:15:00+00:00,1.43,1.49,1.75,0.06,4.1958,107,18.75,True,True,bearish_vol_divergence
PRFX,2026-06-11 21:00:00+00:00,2026-06-12 14:30:00+00:00,1.5185,1.45,1.53,-0.0685,-4.511,37,-100.0,True,True,bearish_vol_divergence
PRFX,2026-06-12 08:00:00+00:00,2026-06-12 14:30:00+00:00,1.4463,1.45,1.53,0.0037,0.2558,25,4.42,True,True,bearish_vol_divergence
PRFX,2026-06-12 08:15:00+00:00,2026-06-12 14:30:00+00:00,1.4485,1.45,1.53,0.0015,0.1036,24,1.84,True,True,bearish_vol_divergence
PRFX,2026-06-12 08:30:00+00:00,2026-06-12 14:30:00+00:00,1.51,1.45,1.53,-0.06,-3.9735,23,-100.0,True,True,bearish_vol_divergence
PRFX,2026-06-12 09:15:00+00:00,2026-06-12 14:30:00+00:00,1.4579,1.45,1.53,-0.0079,-0.5419,20,-10.96,True,True,bearish_vol_divergence
PRFX,2026-06-12 09:30:00+00:00,2026-06-12 14:30:00+00:00,1.53,1.45,1.53,-0.08,-5.2288,19,0.0,True,True,bearish_vol_divergence
PRFX,2026-06-12 09:45:00+00:00,2026-06-12 14:30:00+00:00,1.48,1.45,1.5236,-0.03,-2.027,18,-68.81,True,True,bearish_vol_divergence
PRFX,2026-06-12 20:30:00+00:00,2026-06-15 15:45:00+00:00,1.39,1.38,1.4697,-0.01,-0.7194,42,-12.55,True,True,bearish_vol_divergence
PRFX,2026-06-12 21:00:00+00:00,2026-06-15 15:45:00+00:00,1.38,1.38,1.4697,-0.0,-0.0,41,-0.0,True,True,bearish_vol_divergence
PRFX,2026-06-12 21:30:00+00:00,2026-06-15 15:45:00+00:00,1.38,1.38,1.4697,-0.0,-0.0,39,-0.0,True,True,bearish_vol_divergence
PRFX,2026-06-12 22:45:00+00:00,2026-06-15 15:45:00+00:00,1.36,1.38,1.4697,0.02,1.4706,35,18.23,True,True,bearish_vol_divergence
PRFX,2026-06-15 09:30:00+00:00,2026-06-15 15:45:00+00:00,1.45,1.38,1.45,-0.07,-4.8276,24,0.0,True,True,bearish_vol_divergence
PRFX,2026-06-15 17:45:00+00:00,2026-06-16 18:45:00+00:00,1.4999,1.9128,3.94,0.4129,27.5285,68,16.92,True,True,bearish_vol_divergence
PRFX,2026-06-15 18:00:00+00:00,2026-06-16 18:45:00+00:00,1.485,1.9128,3.94,0.4278,28.8081,67,17.43,True,True,bearish_vol_divergence
PRFX,2026-06-15 19:15:00+00:00,2026-06-16 18:45:00+00:00,2.35,1.9128,3.47,-0.4372,-18.6043,62,-39.04,True,True,bearish_vol_divergence
PRFX,2026-06-15 19:30:00+00:00,2026-06-16 18:45:00+00:00,2.4394,1.9128,3.15,-0.5266,-21.5873,61,-74.11,True,True,bearish_vol_divergence
PRFX,2026-06-17 22:15:00+00:00,2026-06-23 16:45:00+00:00,1.8097,1.53,1.84,-0.2797,-15.4556,164,-100.0,True,True,bearish_vol_divergence
PRFX,2026-06-17 23:15:00+00:00,2026-06-23 16:45:00+00:00,1.75,1.53,1.84,-0.22,-12.5714,160,-100.0,True,True,bearish_vol_divergence
PRFX,2026-06-18 08:45:00+00:00,2026-06-23 16:45:00+00:00,1.7103,1.53,1.84,-0.1803,-10.542,154,-100.0,True,True,bearish_vol_divergence
PRFX,2026-06-18 09:15:00+00:00,2026-06-23 16:45:00+00:00,1.786,1.53,1.84,-0.256,-14.3337,152,-100.0,True,True,bearish_vol_divergence
PRFX,2026-06-23 09:00:00+00:00,2026-06-23 16:45:00+00:00,1.59,1.53,1.62,-0.06,-3.7736,30,-100.0,True,True,bearish_vol_divergence
PRFX,2026-06-23 10:00:00+00:00,2026-06-23 16:45:00+00:00,1.5794,1.53,1.6,-0.0494,-3.1278,26,-100.0,True,True,bearish_vol_divergence
PRFX,2026-06-23 10:15:00+00:00,2026-06-23 16:45:00+00:00,1.5771,1.53,1.6,-0.0471,-2.9865,25,-100.0,True,True,bearish_vol_divergence
PSTV,2026-04-07 22:45:00+00:00,2026-04-08 17:15:00+00:00,2.9684,3.11,3.4928,0.1416,4.7702,40,27.0,True,True,bearish_vol_divergence
PSTV,2026-04-07 23:15:00+00:00,2026-04-08 17:15:00+00:00,2.9794,3.11,3.4928,0.1306,4.3834,38,25.44,True,True,bearish_vol_divergence
PSTV,2026-04-07 23:30:00+00:00,2026-04-08 17:15:00+00:00,2.9686,3.11,3.4928,0.1414,4.7632,37,26.97,True,True,bearish_vol_divergence
PSTV,2026-04-07 23:45:00+00:00,2026-04-08 17:15:00+00:00,2.95,3.11,3.4928,0.16,5.4237,36,29.48,True,True,bearish_vol_divergence
PSTV,2026-04-08 09:15:00+00:00,2026-04-08 17:15:00+00:00,3.0048,3.11,3.4928,0.1052,3.5011,30,21.56,True,True,bearish_vol_divergence
PSTV,2026-04-08 20:00:00+00:00,2026-04-10 13:30:00+00:00,3.17,4.22,4.26,1.05,33.123,92,96.33,True,True,bearish_vol_divergence
PSTV,2026-04-14 09:45:00+00:00,2026-04-15 13:30:00+00:00,5.5497,5.54,6.2,-0.0097,-0.1748,63,-1.49,True,True,bearish_vol_divergence
PSTV,2026-04-14 11:30:00+00:00,2026-04-15 13:30:00+00:00,5.5,5.54,6.2,0.04,0.7273,56,5.71,True,True,bearish_vol_divergence
PSTV,2026-04-14 22:45:00+00:00,2026-04-15 13:30:00+00:00,5.41,5.54,5.77,0.13,2.403,14,36.11,True,True,bearish_vol_divergence
PSTV,2026-04-15 08:00:00+00:00,2026-04-15 13:30:00+00:00,5.58,5.54,5.77,-0.04,-0.7168,12,-21.05,True,True,bearish_vol_divergence
PSTV,2026-04-15 19:45:00+00:00,2026-04-16 13:30:00+00:00,5.65,5.56,5.82,-0.09,-1.5929,29,-52.94,True,True,bearish_vol_divergence
PSTV,2026-04-15 21:30:00+00:00,2026-04-16 13:30:00+00:00,5.6,5.56,5.82,-0.04,-0.7143,24,-18.18,True,True,bearish_vol_divergence
PSTV,2026-04-17 11:30:00+00:00,2026-04-17 14:45:00+00:00,5.92,5.95,6.01,0.03,0.5068,13,33.33,True,True,bearish_vol_divergence
PSTV,2026-04-17 12:00:00+00:00,2026-04-17 14:45:00+00:00,5.95,5.95,6.01,-0.0,-0.0,11,-0.0,True,True,bearish_vol_divergence
PSTV,2026-04-17 17:45:00+00:00,2026-04-17 21:00:00+00:00,6.37,6.3933,6.4399,0.0233,0.3658,11,33.33,True,True,bearish_vol_divergence
PSTV,2026-04-27 09:30:00+00:00,2026-04-27 19:45:00+00:00,6.29,5.99,6.6,-0.3,-4.7695,34,-96.77,True,True,bearish_vol_divergence
PSTV,2026-04-27 12:00:00+00:00,2026-04-27 19:45:00+00:00,6.56,5.99,6.56,-0.57,-8.689,29,0.0,True,True,bearish_vol_divergence
PSTV,2026-04-27 21:15:00+00:00,2026-04-29 20:15:00+00:00,5.95,5.81,6.69,-0.14,-2.3529,88,-18.92,True,True,bearish_vol_divergence
PSTV,2026-04-29 08:00:00+00:00,2026-04-29 20:15:00+00:00,5.97,5.81,6.69,-0.16,-2.6801,36,-22.22,True,True,bearish_vol_divergence
PSTV,2026-04-30 11:00:00+00:00,2026-04-30 23:45:00+00:00,5.6,6.1,6.2,0.5,8.9286,36,83.33,True,True,bearish_vol_divergence
PSTV,2026-05-06 10:15:00+00:00,2026-05-06 18:00:00+00:00,6.2997,6.04,6.3,-0.2597,-4.1224,26,0.0,True,True,bearish_vol_divergence
PSTV,2026-05-11 19:15:00+00:00,2026-05-11 22:30:00+00:00,6.0801,6.155,6.21,0.0749,1.2319,10,57.66,True,True,bearish_vol_divergence
PSTV,2026-05-11 19:45:00+00:00,2026-05-12 17:45:00+00:00,6.03,5.9,6.155,-0.13,-2.1559,42,-100.0,True,True,bearish_vol_divergence
PSTV,2026-05-13 22:00:00+00:00,2026-05-14 17:45:00+00:00,5.7,5.82,5.8943,0.12,2.1053,33,61.76,True,True,bearish_vol_divergence
PSTV,2026-05-13 23:15:00+00:00,2026-05-14 17:45:00+00:00,5.7109,5.82,5.8943,0.1091,1.9104,29,59.49,True,True,bearish_vol_divergence
PSTV,2026-05-14 11:00:00+00:00,2026-05-14 17:45:00+00:00,5.75,5.82,5.88,0.07,1.2174,23,53.85,True,True,bearish_vol_divergence
PSTV,2026-05-18 23:15:00+00:00,2026-05-19 17:15:00+00:00,5.8513,5.805,6.25,-0.0463,-0.7913,28,-11.61,True,True,bearish_vol_divergence
PSTV,2026-05-19 08:30:00+00:00,2026-05-19 17:15:00+00:00,5.85,5.805,6.25,-0.045,-0.7692,26,-11.25,True,True,bearish_vol_divergence
PSTV,2026-05-19 20:00:00+00:00,2026-05-20 19:30:00+00:00,5.83,6.45,6.63,0.62,10.6346,48,77.5,True,True,bearish_vol_divergence
PSTV,2026-05-19 20:45:00+00:00,2026-05-20 19:30:00+00:00,5.7585,6.45,6.63,0.6915,12.0083,45,79.35,True,True,bearish_vol_divergence
PSTV,2026-05-19 21:00:00+00:00,2026-05-20 19:30:00+00:00,5.65,6.45,6.63,0.8,14.1593,44,81.63,True,True,bearish_vol_divergence
PSTV,2026-05-20 12:15:00+00:00,2026-05-20 19:30:00+00:00,5.7,6.45,6.63,0.75,13.1579,28,80.65,True,True,bearish_vol_divergence
PSTV,2026-05-20 13:45:00+00:00,2026-05-20 19:30:00+00:00,5.89,6.45,6.63,0.56,9.5076,23,75.68,True,True,bearish_vol_divergence
PSTV,2026-05-21 21:30:00+00:00,2026-05-22 13:30:00+00:00,6.75,6.85,7.0,0.1,1.4815,22,40.0,True,True,bearish_vol_divergence
PSTV,2026-05-26 08:30:00+00:00,2026-05-26 20:30:00+00:00,6.61,6.71,7.14,0.1,1.5129,37,18.87,True,True,bearish_vol_divergence
PSTV,2026-05-26 11:00:00+00:00,2026-05-26 20:30:00+00:00,6.65,6.71,7.14,0.06,0.9023,35,12.24,True,True,bearish_vol_divergence
PSTV,2026-05-26 11:45:00+00:00,2026-05-26 20:30:00+00:00,6.6618,6.71,7.14,0.0482,0.7235,33,10.08,True,True,bearish_vol_divergence
PSTV,2026-05-26 12:45:00+00:00,2026-05-26 20:30:00+00:00,6.82,6.71,7.14,-0.11,-1.6129,29,-34.38,True,True,bearish_vol_divergence
PSTV,2026-05-26 13:15:00+00:00,2026-05-26 20:30:00+00:00,6.8,6.71,7.14,-0.09,-1.3235,27,-26.47,True,True,bearish_vol_divergence
PSTV,2026-05-28 13:00:00+00:00,2026-05-28 19:00:00+00:00,6.78,6.44,6.78,-0.34,-5.0147,24,0.0,True,True,bearish_vol_divergence
PSTV,2026-05-28 17:30:00+00:00,2026-05-28 20:15:00+00:00,6.53,6.55,6.55,0.02,0.3063,11,0.0,True,True,bearish_vol_divergence
PSTV,2026-06-02 17:45:00+00:00,2026-06-03 13:30:00+00:00,5.49,5.445,5.58,-0.045,-0.8197,22,-50.0,True,True,bearish_vol_divergence
PSTV,2026-06-02 22:15:00+00:00,2026-06-03 13:45:00+00:00,5.4,5.45,5.5,0.05,0.9259,10,50.0,True,True,bearish_vol_divergence
PSTV,2026-06-05 21:00:00+00:00,2026-06-08 15:15:00+00:00,5.4,5.68,5.8599,0.28,5.1852,18,60.88,True,True,bearish_vol_divergence
PSTV,2026-06-08 12:30:00+00:00,2026-06-08 15:15:00+00:00,5.37,5.68,5.8599,0.31,5.7728,11,63.28,True,True,bearish_vol_divergence
PSTV,2026-06-09 09:45:00+00:00,2026-06-09 19:45:00+00:00,5.4003,5.5,5.72,0.0997,1.8462,32,31.19,True,True,bearish_vol_divergence
PSTV,2026-06-09 14:15:00+00:00,2026-06-09 19:45:00+00:00,5.54,5.5,5.6,-0.04,-0.722,21,-66.67,True,True,bearish_vol_divergence
PSTV,2026-06-09 14:45:00+00:00,2026-06-09 19:45:00+00:00,5.51,5.5,5.57,-0.01,-0.1815,19,-16.67,True,True,bearish_vol_divergence
PSTV,2026-06-09 15:30:00+00:00,2026-06-09 19:45:00+00:00,5.4556,5.5,5.57,0.0444,0.8138,16,38.81,True,True,bearish_vol_divergence
PSTV,2026-06-18 13:45:00+00:00,2026-06-22 16:00:00+00:00,4.3274,4.175,4.3755,-0.1524,-3.5217,48,-100.0,True,True,bearish_vol_divergence
PSTV,2026-06-18 18:30:00+00:00,2026-06-22 16:00:00+00:00,4.245,4.175,4.33,-0.07,-1.649,30,-82.35,True,True,bearish_vol_divergence
PSTV,2026-06-18 18:45:00+00:00,2026-06-22 16:00:00+00:00,4.23,4.175,4.33,-0.055,-1.3002,29,-55.0,True,True,bearish_vol_divergence
PSTV,2026-06-18 19:30:00+00:00,2026-06-22 16:00:00+00:00,4.21,4.175,4.33,-0.035,-0.8314,26,-29.17,True,True,bearish_vol_divergence
PSTV,2026-06-18 19:45:00+00:00,2026-06-22 16:00:00+00:00,4.21,4.175,4.33,-0.035,-0.8314,25,-29.17,True,True,bearish_vol_divergence
PSTV,2026-06-24 23:45:00+00:00,2026-06-25 16:00:00+00:00,3.95,4.1999,4.89,0.2499,6.3266,23,26.59,True,True,bearish_vol_divergence
PSTV,2026-06-25 12:00:00+00:00,2026-06-25 16:00:00+00:00,3.8495,4.1999,4.205,0.3504,9.1025,16,98.57,True,True,bearish_vol_divergence
QMCO,2026-05-01 13:15:00+00:00,2026-05-01 16:15:00+00:00,7.14,7.485,7.59,0.345,4.8319,12,76.67,True,True,bearish_vol_divergence
QMCO,2026-05-01 13:45:00+00:00,2026-05-01 16:15:00+00:00,7.28,7.485,7.59,0.205,2.8159,10,66.13,True,True,bearish_vol_divergence
QMCO,2026-05-04 09:45:00+00:00,2026-05-04 13:30:00+00:00,7.3175,7.2511,7.63,-0.0664,-0.9074,11,-21.25,True,True,bearish_vol_divergence
QMCO,2026-05-04 17:45:00+00:00,2026-05-04 20:15:00+00:00,7.555,7.53,7.6,-0.025,-0.3309,10,-55.56,True,True,bearish_vol_divergence
QMCO,2026-05-07 23:15:00+00:00,2026-05-08 14:00:00+00:00,8.9415,9.4782,9.5,0.5367,6.0023,24,96.1,True,True,bearish_vol_divergence
QMCO,2026-05-08 23:30:00+00:00,2026-05-11 13:30:00+00:00,9.66,9.32,9.7,-0.34,-3.5197,20,0.0,True,True,bearish_vol_divergence
QMCO,2026-05-11 09:45:00+00:00,2026-05-11 13:30:00+00:00,9.5019,9.32,9.7,-0.1819,-1.9144,14,-91.82,True,True,bearish_vol_divergence
QMCO,2026-05-11 10:15:00+00:00,2026-05-11 13:30:00+00:00,9.5,9.32,9.7,-0.18,-1.8947,12,-90.0,True,True,bearish_vol_divergence
QMCO,2026-05-12 19:45:00+00:00,2026-05-13 14:45:00+00:00,8.93,9.03,9.3613,0.1,1.1198,40,23.19,True,True,bearish_vol_divergence
QMCO,2026-05-12 20:00:00+00:00,2026-05-13 14:45:00+00:00,8.94,9.03,9.3613,0.09,1.0067,39,21.36,True,True,bearish_vol_divergence
QMCO,2026-05-13 23:15:00+00:00,2026-05-14 16:45:00+00:00,8.925,8.84,9.0388,-0.085,-0.9524,28,-74.69,True,True,bearish_vol_divergence
QMCO,2026-05-14 17:30:00+00:00,2026-05-14 20:00:00+00:00,8.86,8.8,9.0,-0.06,-0.6772,10,-42.86,True,True,bearish_vol_divergence
QMCO,2026-05-15 17:30:00+00:00,2026-05-18 13:30:00+00:00,8.515,7.89,8.557,-0.625,-7.34,35,0.0,True,True,bearish_vol_divergence
QMCO,2026-05-20 12:45:00+00:00,2026-05-20 16:15:00+00:00,7.9,8.18,8.35,0.28,3.5443,14,62.22,True,True,bearish_vol_divergence
QMCO,2026-05-21 10:30:00+00:00,2026-05-21 19:15:00+00:00,8.45,9.3375,9.65,0.8875,10.503,35,73.96,True,True,bearish_vol_divergence
QMCO,2026-05-21 11:45:00+00:00,2026-05-21 19:15:00+00:00,8.7581,9.3375,9.65,0.5794,6.6156,30,64.96,True,True,bearish_vol_divergence
QMCO,2026-05-21 12:00:00+00:00,2026-05-21 19:15:00+00:00,8.69,9.3375,9.65,0.6475,7.4511,29,67.45,True,True,bearish_vol_divergence
QMCO,2026-05-21 13:00:00+00:00,2026-05-21 19:15:00+00:00,8.5,9.3375,9.65,0.8375,9.8529,25,72.83,True,True,bearish_vol_divergence
QMCO,2026-05-21 23:30:00+00:00,2026-05-22 20:00:00+00:00,9.5511,9.4402,10.18,-0.1109,-1.1611,48,-17.63,True,True,bearish_vol_divergence
QMCO,2026-05-26 19:45:00+00:00,2026-05-27 14:00:00+00:00,8.74,8.61,8.8549,-0.13,-1.4874,39,-100.0,True,True,bearish_vol_divergence
QMCO,2026-05-26 20:00:00+00:00,2026-05-27 14:00:00+00:00,8.8405,8.61,8.8549,-0.2305,-2.6073,38,0.0,True,True,bearish_vol_divergence
QMCO,2026-05-28 23:15:00+00:00,2026-05-29 13:45:00+00:00,9.32,9.4,9.4801,0.08,0.8584,25,49.97,True,True,bearish_vol_divergence
QMCO,2026-06-01 10:00:00+00:00,2026-06-04 19:30:00+00:00,9.8,16.335,18.48,6.535,66.6837,227,75.29,True,True,bearish_vol_divergence
QMCO,2026-06-01 11:30:00+00:00,2026-06-04 19:30:00+00:00,9.7595,16.335,18.48,6.5755,67.3754,221,75.4,True,True,bearish_vol_divergence
QMCO,2026-06-02 11:30:00+00:00,2026-06-04 19:30:00+00:00,10.3521,16.335,18.48,5.9829,57.7941,159,73.61,True,True,bearish_vol_divergence
QMCO,2026-06-08 18:00:00+00:00,2026-06-09 19:45:00+00:00,12.215,13.01,14.9799,0.795,6.5084,63,28.75,True,True,bearish_vol_divergence
QMCO,2026-06-08 20:00:00+00:00,2026-06-09 19:45:00+00:00,12.42,13.01,14.9799,0.59,4.7504,55,23.05,True,True,bearish_vol_divergence
QMCO,2026-06-08 21:15:00+00:00,2026-06-09 19:45:00+00:00,12.4198,13.01,14.9799,0.5902,4.7521,51,23.05,True,True,bearish_vol_divergence
QMCO,2026-06-08 21:45:00+00:00,2026-06-09 19:45:00+00:00,12.5323,13.01,14.9799,0.4777,3.8118,49,19.52,True,True,bearish_vol_divergence
QMCO,2026-06-08 23:45:00+00:00,2026-06-09 19:45:00+00:00,12.315,13.01,14.9799,0.695,5.6435,43,26.08,True,True,bearish_vol_divergence
QMCO,2026-06-23 22:00:00+00:00,2026-06-24 15:00:00+00:00,13.65,13.87,14.1506,0.22,1.6117,29,43.95,True,True,bearish_vol_divergence
QMCO,2026-06-23 22:30:00+00:00,2026-06-24 15:00:00+00:00,13.66,13.87,14.1506,0.21,1.5373,28,42.8,True,True,bearish_vol_divergence
ROOT,2026-04-02 18:30:00+00:00,2026-04-06 17:00:00+00:00,42.99,44.37,45.0,1.38,3.21,16,68.66,True,True,bearish_vol_divergence
ROOT,2026-04-06 14:30:00+00:00,2026-04-06 17:00:00+00:00,44.205,44.37,45.0,0.165,0.3733,10,20.75,True,True,bearish_vol_divergence
ROOT,2026-04-07 19:00:00+00:00,2026-04-08 16:30:00+00:00,44.3,46.64,46.86,2.34,5.2822,12,91.41,True,True,bearish_vol_divergence
ROOT,2026-04-07 19:15:00+00:00,2026-04-08 16:30:00+00:00,44.72,46.64,46.86,1.92,4.2934,11,89.72,True,True,bearish_vol_divergence
ROOT,2026-04-13 19:15:00+00:00,2026-04-15 16:45:00+00:00,45.44,50.695,50.95,5.255,11.5647,34,95.37,True,True,bearish_vol_divergence
ROOT,2026-04-15 16:45:00+00:00,2026-04-16 18:45:00+00:00,50.695,51.655,52.94,0.96,1.8937,30,42.76,True,True,bearish_vol_divergence
ROOT,2026-04-15 17:45:00+00:00,2026-04-16 18:45:00+00:00,50.9,51.655,52.94,0.755,1.4833,26,37.01,True,True,bearish_vol_divergence
ROOT,2026-04-20 16:45:00+00:00,2026-04-21 18:00:00+00:00,54.7075,54.76,55.725,0.0525,0.096,27,5.16,True,True,bearish_vol_divergence
ROOT,2026-04-20 17:00:00+00:00,2026-04-21 18:00:00+00:00,55.025,54.76,55.725,-0.265,-0.4816,26,-37.86,True,True,bearish_vol_divergence
ROOT,2026-04-20 17:15:00+00:00,2026-04-21 18:00:00+00:00,55.2,54.76,55.725,-0.44,-0.7971,25,-83.81,True,True,bearish_vol_divergence
ROOT,2026-04-22 14:30:00+00:00,2026-04-22 17:00:00+00:00,54.57,54.91,55.29,0.34,0.6231,10,47.22,True,True,bearish_vol_divergence
ROOT,2026-04-23 16:30:00+00:00,2026-04-27 17:30:00+00:00,55.55,55.86,57.795,0.31,0.5581,48,13.81,True,True,bearish_vol_divergence
ROOT,2026-04-23 16:45:00+00:00,2026-04-27 17:30:00+00:00,55.13,55.86,57.795,0.73,1.3241,47,27.39,True,True,bearish_vol_divergence
ROOT,2026-04-24 16:00:00+00:00,2026-04-27 17:30:00+00:00,54.54,55.86,57.795,1.32,2.4202,28,40.55,True,True,bearish_vol_divergence
ROOT,2026-04-24 17:00:00+00:00,2026-04-27 17:30:00+00:00,54.68,55.86,57.795,1.18,2.158,24,37.88,True,True,bearish_vol_divergence
ROOT,2026-04-24 17:15:00+00:00,2026-04-27 17:30:00+00:00,54.825,55.86,57.795,1.035,1.8878,23,34.85,True,True,bearish_vol_divergence
ROOT,2026-04-28 16:15:00+00:00,2026-04-30 17:00:00+00:00,56.9,53.39,57.24,-3.51,-6.1687,47,-100.0,True,True,bearish_vol_divergence
ROOT,2026-04-28 17:00:00+00:00,2026-04-30 17:00:00+00:00,56.4,53.39,56.76,-3.01,-5.3369,44,-100.0,True,True,bearish_vol_divergence
ROOT,2026-04-29 17:45:00+00:00,2026-04-30 17:00:00+00:00,51.775,53.39,53.7087,1.615,3.1193,19,83.52,True,True,bearish_vol_divergence
ROOT,2026-04-29 19:15:00+00:00,2026-04-30 17:00:00+00:00,51.575,53.39,53.7087,1.815,3.5191,13,85.06,True,True,bearish_vol_divergence
ROOT,2026-04-30 14:45:00+00:00,2026-04-30 17:45:00+00:00,52.55,54.0,54.39,1.45,2.7593,12,78.8,True,True,bearish_vol_divergence
ROOT,2026-04-30 15:00:00+00:00,2026-04-30 17:45:00+00:00,53.265,54.0,54.39,0.735,1.3799,11,65.33,True,True,bearish_vol_divergence
ROOT,2026-04-30 16:00:00+00:00,2026-04-30 18:30:00+00:00,53.515,54.12,54.39,0.605,1.1305,10,69.14,True,True,bearish_vol_divergence
ROOT,2026-04-30 16:30:00+00:00,2026-04-30 19:00:00+00:00,53.27,54.1,54.49,0.83,1.5581,10,68.03,True,True,bearish_vol_divergence
ROOT,2026-04-30 17:00:00+00:00,2026-05-01 17:30:00+00:00,53.39,55.35,55.65,1.96,3.6711,22,86.73,True,True,bearish_vol_divergence
ROOT,2026-05-08 19:00:00+00:00,2026-05-12 18:15:00+00:00,56.23,58.66,60.85,2.43,4.3215,41,52.6,True,True,bearish_vol_divergence
ROOT,2026-05-08 19:45:00+00:00,2026-05-12 18:15:00+00:00,56.4,58.66,60.85,2.26,4.0071,38,50.79,True,True,bearish_vol_divergence
ROOT,2026-05-11 14:30:00+00:00,2026-05-12 18:15:00+00:00,56.08,58.66,60.85,2.58,4.6006,37,54.09,True,True,bearish_vol_divergence
ROOT,2026-05-18 17:45:00+00:00,2026-05-19 19:15:00+00:00,57.905,54.07,58.47,-3.835,-6.6229,28,-100.0,True,True,bearish_vol_divergence
ROOT,2026-05-22 18:45:00+00:00,2026-05-26 15:45:00+00:00,58.14,59.045,59.26,0.905,1.5566,10,80.8,True,True,bearish_vol_divergence
ROOT,2026-05-29 18:30:00+00:00,2026-06-01 19:45:00+00:00,52.96,57.345,58.6,4.385,8.2798,26,77.75,True,True,bearish_vol_divergence
ROOT,2026-06-03 19:15:00+00:00,2026-06-04 18:00:00+00:00,52.105,52.64,53.33,0.535,1.0268,17,43.67,True,True,bearish_vol_divergence
ROOT,2026-06-03 19:45:00+00:00,2026-06-04 18:00:00+00:00,52.44,52.64,53.33,0.2,0.3814,15,22.47,True,True,bearish_vol_divergence
ROOT,2026-06-04 14:30:00+00:00,2026-06-04 18:00:00+00:00,53.065,52.64,53.33,-0.425,-0.8009,14,0.0,True,True,bearish_vol_divergence
ROOT,2026-06-04 15:30:00+00:00,2026-06-04 18:00:00+00:00,53.0,52.64,53.24,-0.36,-0.6792,10,0.0,True,True,bearish_vol_divergence
ROOT,2026-06-04 16:00:00+00:00,2026-06-04 18:45:00+00:00,52.58,52.61,53.24,0.03,0.0571,11,4.55,True,True,bearish_vol_divergence
ROOT,2026-06-04 16:30:00+00:00,2026-06-04 19:15:00+00:00,53.155,52.53,53.24,-0.625,-1.1758,11,0.0,True,True,bearish_vol_divergence
ROOT,2026-06-04 17:30:00+00:00,2026-06-05 16:30:00+00:00,53.02,53.13,53.72,0.11,0.2075,18,15.71,True,True,bearish_vol_divergence
ROOT,2026-06-05 16:30:00+00:00,2026-06-08 17:00:00+00:00,53.13,55.62,56.025,2.49,4.6866,23,86.01,True,True,bearish_vol_divergence
ROOT,2026-06-05 17:45:00+00:00,2026-06-08 17:00:00+00:00,53.27,55.62,56.025,2.35,4.4115,18,85.3,True,True,bearish_vol_divergence
ROOT,2026-06-05 18:00:00+00:00,2026-06-08 17:00:00+00:00,53.32,55.62,56.025,2.3,4.3136,17,85.03,True,True,bearish_vol_divergence
ROOT,2026-06-08 17:00:00+00:00,2026-06-08 19:45:00+00:00,55.62,55.055,56.025,-0.565,-1.0158,10,-100.0,True,True,bearish_vol_divergence
ROOT,2026-06-24 18:00:00+00:00,2026-06-24 19:45:00+00:00,53.34,53.11,54.075,-0.23,-0.4312,7,-31.29,True,True,end_of_data
SEV,2026-04-14 15:00:00+00:00,2026-04-14 19:45:00+00:00,3.17,3.157,3.19,-0.013,-0.4101,19,-65.0,True,True,bearish_vol_divergence
SEV,2026-04-16 13:00:00+00:00,2026-04-16 22:45:00+00:00,3.5,3.25,3.5,-0.25,-7.1429,34,0.0,True,True,bearish_vol_divergence
SEV,2026-04-20 14:00:00+00:00,2026-04-20 19:15:00+00:00,3.2,3.29,3.49,0.09,2.8125,21,31.03,True,True,bearish_vol_divergence
SEV,2026-04-21 14:00:00+00:00,2026-04-22 19:45:00+00:00,3.24,3.09,3.29,-0.15,-4.6296,59,-100.0,True,True,bearish_vol_divergence
SEV,2026-04-22 14:30:00+00:00,2026-04-22 19:45:00+00:00,3.135,3.09,3.16,-0.045,-1.4354,21,-100.0,True,True,bearish_vol_divergence
SEV,2026-04-22 21:30:00+00:00,2026-04-23 13:30:00+00:00,3.1,3.085,3.15,-0.015,-0.4839,11,-30.0,True,True,bearish_vol_divergence
SEV,2026-04-22 22:15:00+00:00,2026-04-23 13:30:00+00:00,3.1364,3.085,3.15,-0.0514,-1.6388,10,0.0,True,True,bearish_vol_divergence
SEV,2026-04-22 22:45:00+00:00,2026-04-23 18:00:00+00:00,3.1,2.955,3.15,-0.145,-4.6774,27,-100.0,True,True,bearish_vol_divergence
SEV,2026-04-24 22:45:00+00:00,2026-04-28 19:00:00+00:00,2.9195,2.86,3.05,-0.0595,-2.038,59,-45.59,True,True,bearish_vol_divergence
SEV,2026-04-27 11:45:00+00:00,2026-04-28 19:00:00+00:00,2.97,2.86,3.0,-0.11,-3.7037,56,-100.0,True,True,bearish_vol_divergence
SEV,2026-04-27 19:45:00+00:00,2026-04-28 19:00:00+00:00,2.94,2.86,3.0,-0.08,-2.7211,30,-100.0,True,True,bearish_vol_divergence
SEV,2026-04-28 18:15:00+00:00,2026-04-29 08:00:00+00:00,2.88,2.93,2.9321,0.05,1.7361,10,95.97,True,True,bearish_vol_divergence
SEV,2026-04-28 19:00:00+00:00,2026-04-29 12:15:00+00:00,2.86,2.94,2.94,0.08,2.7972,12,100.0,True,True,bearish_vol_divergence
SEV,2026-04-29 22:15:00+00:00,2026-04-30 15:30:00+00:00,2.82,2.847,2.88,0.027,0.9574,13,45.0,True,True,bearish_vol_divergence
SEV,2026-04-30 13:30:00+00:00,2026-04-30 16:00:00+00:00,2.83,2.81,2.88,-0.02,-0.7067,10,-40.0,True,True,bearish_vol_divergence
SEV,2026-05-01 18:15:00+00:00,2026-05-01 22:30:00+00:00,2.72,2.74,2.74,0.02,0.7353,10,100.0,True,True,bearish_vol_divergence
SEV,2026-05-01 18:30:00+00:00,2026-05-01 22:45:00+00:00,2.72,2.74,2.74,0.02,0.7353,10,100.0,True,True,bearish_vol_divergence
SEV,2026-05-05 17:45:00+00:00,2026-05-06 22:15:00+00:00,2.654,2.63,2.7515,-0.024,-0.9043,54,-24.62,True,True,bearish_vol_divergence
SEV,2026-05-05 18:15:00+00:00,2026-05-06 22:15:00+00:00,2.6996,2.63,2.7515,-0.0696,-2.5782,52,-100.0,True,True,bearish_vol_divergence
SEV,2026-05-05 18:30:00+00:00,2026-05-06 22:15:00+00:00,2.6601,2.63,2.7515,-0.0301,-1.1315,51,-32.93,True,True,bearish_vol_divergence
SEV,2026-05-05 22:30:00+00:00,2026-05-06 22:15:00+00:00,2.67,2.63,2.7515,-0.04,-1.4981,41,-49.08,True,True,bearish_vol_divergence
SEV,2026-05-05 23:15:00+00:00,2026-05-06 22:15:00+00:00,2.63,2.63,2.7515,0.0,0.0,39,0.0,True,True,bearish_vol_divergence
SEV,2026-05-06 20:45:00+00:00,2026-05-07 16:15:00+00:00,2.62,2.58,2.76,-0.04,-1.5267,23,-28.57,True,True,bearish_vol_divergence
SEV,2026-05-06 21:30:00+00:00,2026-05-07 16:15:00+00:00,2.62,2.58,2.76,-0.04,-1.5267,20,-28.57,True,True,bearish_vol_divergence
SEV,2026-05-06 22:45:00+00:00,2026-05-07 16:15:00+00:00,2.62,2.58,2.76,-0.04,-1.5267,17,-28.57,True,True,bearish_vol_divergence
SEV,2026-05-07 13:45:00+00:00,2026-05-07 16:15:00+00:00,2.595,2.58,2.63,-0.015,-0.578,10,-42.86,True,True,bearish_vol_divergence
SEV,2026-05-08 21:15:00+00:00,2026-05-11 14:15:00+00:00,2.54,2.565,2.5999,0.025,0.9843,15,41.74,True,True,bearish_vol_divergence
SEV,2026-05-12 19:15:00+00:00,2026-05-13 18:30:00+00:00,2.59,2.58,2.75,-0.01,-0.3861,39,-6.25,True,True,bearish_vol_divergence
SEV,2026-05-13 13:00:00+00:00,2026-05-13 18:30:00+00:00,2.68,2.58,2.75,-0.1,-3.7313,21,-100.0,True,True,bearish_vol_divergence
SEV,2026-05-19 15:45:00+00:00,2026-05-20 18:00:00+00:00,2.3302,2.4471,2.79,0.1169,5.0167,48,25.42,True,True,bearish_vol_divergence
SEV,2026-05-27 17:30:00+00:00,2026-05-28 13:30:00+00:00,2.46,2.4,2.59,-0.06,-2.439,15,-46.15,True,True,bearish_vol_divergence
SEV,2026-05-27 18:15:00+00:00,2026-05-28 13:30:00+00:00,2.49,2.4,2.59,-0.09,-3.6145,12,-90.0,True,True,bearish_vol_divergence
SEV,2026-05-29 13:15:00+00:00,2026-05-29 18:45:00+00:00,2.79,2.32,2.79,-0.47,-16.8459,22,0.0,True,True,bearish_vol_divergence
SEV,2026-05-29 23:30:00+00:00,2026-06-01 14:00:00+00:00,2.33,2.36,2.39,0.03,1.2875,10,50.0,True,True,bearish_vol_divergence
SEV,2026-06-01 13:15:00+00:00,2026-06-01 19:45:00+00:00,2.36,2.31,2.47,-0.05,-2.1186,26,-45.45,True,True,bearish_vol_divergence
SEV,2026-06-02 11:30:00+00:00,2026-06-02 19:00:00+00:00,2.37,2.2371,2.37,-0.1329,-5.6076,24,0.0,True,True,bearish_vol_divergence
SEV,2026-06-02 13:00:00+00:00,2026-06-02 19:00:00+00:00,2.32,2.2371,2.33,-0.0829,-3.5733,23,0.0,True,True,bearish_vol_divergence
SEV,2026-06-04 13:00:00+00:00,2026-06-04 18:45:00+00:00,2.25,2.11,2.25,-0.14,-6.2222,23,0.0,True,True,bearish_vol_divergence
SEV,2026-06-04 13:15:00+00:00,2026-06-04 18:45:00+00:00,2.22,2.11,2.25,-0.11,-4.955,22,-100.0,True,True,bearish_vol_divergence
SEV,2026-06-05 13:15:00+00:00,2026-06-08 23:00:00+00:00,2.0501,2.18,2.22,0.1299,6.3363,58,76.46,True,True,bearish_vol_divergence
SEV,2026-06-05 18:15:00+00:00,2026-06-08 23:00:00+00:00,2.0,2.18,2.22,0.18,9.0,38,81.82,True,True,bearish_vol_divergence
SEV,2026-06-10 19:00:00+00:00,2026-06-11 18:45:00+00:00,2.115,2.14,2.21,0.025,1.182,31,26.32,True,True,bearish_vol_divergence
SEV,2026-06-10 19:15:00+00:00,2026-06-11 18:45:00+00:00,2.115,2.14,2.21,0.025,1.182,30,26.32,True,True,bearish_vol_divergence
SEV,2026-06-11 17:30:00+00:00,2026-06-12 15:00:00+00:00,2.14,2.285,2.35,0.145,6.7757,27,69.05,True,True,bearish_vol_divergence
SEV,2026-06-11 22:00:00+00:00,2026-06-12 15:00:00+00:00,2.1515,2.285,2.35,0.1335,6.205,15,67.25,True,True,bearish_vol_divergence
SEV,2026-06-17 14:30:00+00:00,2026-06-18 14:00:00+00:00,2.32,2.26,2.4099,-0.06,-2.5862,33,-66.74,True,True,bearish_vol_divergence
TGE,2026-05-01 17:00:00+00:00,2026-05-05 15:00:00+00:00,1.08,1.0501,1.1099,-0.0299,-2.7685,18,-100.0,True,True,bearish_vol_divergence
TGE,2026-05-04 19:00:00+00:00,2026-05-05 18:45:00+00:00,1.0403,1.06,1.09,0.0197,1.8937,11,39.64,True,True,bearish_vol_divergence
TGE,2026-05-11 17:30:00+00:00,2026-05-14 16:00:00+00:00,0.963,1.025,1.04,0.062,6.4382,29,80.52,True,True,bearish_vol_divergence
TGE,2026-05-12 15:15:00+00:00,2026-05-14 16:00:00+00:00,0.97,1.025,1.04,0.055,5.6701,21,78.57,True,True,bearish_vol_divergence
TGE,2026-05-18 18:15:00+00:00,2026-05-20 19:45:00+00:00,1.06,1.11,1.16,0.05,4.717,27,50.0,True,True,bearish_vol_divergence
TGE,2026-05-18 19:30:00+00:00,2026-05-20 19:45:00+00:00,1.06,1.11,1.16,0.05,4.717,25,50.0,True,True,bearish_vol_divergence
TGE,2026-05-21 19:00:00+00:00,2026-05-28 16:15:00+00:00,1.14,1.08,1.17,-0.06,-5.2632,30,-100.0,True,True,bearish_vol_divergence
TGE,2026-06-08 17:00:00+00:00,2026-06-09 17:00:00+00:00,0.8956,0.8999,0.9,0.0043,0.4801,11,0.0,True,True,bearish_vol_divergence
TGE,2026-06-08 19:15:00+00:00,2026-06-09 18:15:00+00:00,0.9,0.9,0.9,0.0,0.0,11,0.0,True,True,bearish_vol_divergence
TGE,2026-06-09 14:45:00+00:00,2026-06-10 14:30:00+00:00,0.8999,0.88,0.9,-0.0199,-2.2114,10,0.0,True,True,bearish_vol_divergence
TGE,2026-06-09 16:15:00+00:00,2026-06-11 18:15:00+00:00,0.9,0.87,0.9,-0.03,-3.3333,30,0.0,True,True,bearish_vol_divergence
TGE,2026-06-12 15:30:00+00:00,2026-06-15 19:00:00+00:00,0.89,1.195,1.33,0.305,34.2697,34,69.32,True,True,bearish_vol_divergence
TGE,2026-06-12 17:45:00+00:00,2026-06-15 19:00:00+00:00,0.88,1.195,1.33,0.315,35.7955,27,70.0,True,True,bearish_vol_divergence
TGE,2026-06-17 17:15:00+00:00,2026-06-17 19:45:00+00:00,1.1401,1.12,1.18,-0.0201,-1.763,10,-50.38,True,True,bearish_vol_divergence
UPC,2026-05-06 22:45:00+00:00,2026-05-13 20:30:00+00:00,2.8796,2.733,3.0,-0.1466,-5.091,48,-100.0,True,True,bearish_vol_divergence
UPC,2026-05-07 12:45:00+00:00,2026-05-13 20:30:00+00:00,2.8099,2.733,3.0,-0.0769,-2.7368,46,-40.45,True,True,bearish_vol_divergence
UPC,2026-05-07 13:30:00+00:00,2026-05-13 20:30:00+00:00,2.82,2.733,3.0,-0.087,-3.0851,45,-48.33,True,True,bearish_vol_divergence
UPC,2026-05-07 20:00:00+00:00,2026-05-13 20:30:00+00:00,3.0,2.733,3.0,-0.267,-8.9,38,0.0,True,True,bearish_vol_divergence
UPC,2026-05-08 11:15:00+00:00,2026-05-13 20:30:00+00:00,2.85,2.733,2.88,-0.117,-4.1053,36,-100.0,True,True,bearish_vol_divergence
UPC,2026-05-08 14:30:00+00:00,2026-05-13 20:30:00+00:00,2.85,2.733,2.85,-0.117,-4.1053,33,0.0,True,True,bearish_vol_divergence
UPC,2026-05-08 18:30:00+00:00,2026-05-13 20:30:00+00:00,2.84,2.733,2.84,-0.107,-3.7676,30,0.0,True,True,bearish_vol_divergence
UPC,2026-05-13 13:30:00+00:00,2026-05-29 16:30:00+00:00,2.6,3.13,3.14,0.53,20.3846,85,98.15,True,True,bearish_vol_divergence
UPC,2026-05-13 20:30:00+00:00,2026-05-29 16:30:00+00:00,2.733,3.13,3.14,0.397,14.5262,76,97.54,True,True,bearish_vol_divergence
UPC,2026-05-14 22:00:00+00:00,2026-05-29 16:30:00+00:00,2.68,3.13,3.14,0.45,16.791,68,97.83,True,True,bearish_vol_divergence
UPC,2026-05-18 19:30:00+00:00,2026-05-29 16:30:00+00:00,2.75,3.13,3.14,0.38,13.8182,51,97.44,True,True,bearish_vol_divergence
UPC,2026-05-20 23:30:00+00:00,2026-05-29 16:30:00+00:00,2.5227,3.13,3.14,0.6073,24.0734,36,98.38,True,True,bearish_vol_divergence
UPC,2026-05-21 18:30:00+00:00,2026-05-29 16:30:00+00:00,2.71,3.13,3.14,0.42,15.4982,32,97.67,True,True,bearish_vol_divergence
UPC,2026-05-21 18:45:00+00:00,2026-05-29 16:30:00+00:00,2.715,3.13,3.14,0.415,15.2855,31,97.65,True,True,bearish_vol_divergence
UPC,2026-05-21 20:00:00+00:00,2026-05-29 16:30:00+00:00,2.69,3.13,3.14,0.44,16.3569,29,97.78,True,True,bearish_vol_divergence
UPC,2026-06-08 20:00:00+00:00,2026-06-09 18:00:00+00:00,3.61,3.1664,5.1,-0.4436,-12.2881,43,-29.77,True,True,bearish_vol_divergence
UPC,2026-06-08 21:00:00+00:00,2026-06-09 18:00:00+00:00,3.68,3.1664,5.1,-0.5136,-13.9565,40,-36.17,True,True,bearish_vol_divergence
UPC,2026-06-08 21:15:00+00:00,2026-06-09 18:00:00+00:00,3.6826,3.1664,5.1,-0.5162,-14.0173,39,-36.42,True,True,bearish_vol_divergence
UPC,2026-06-08 23:45:00+00:00,2026-06-09 18:00:00+00:00,3.75,3.1664,5.1,-0.5836,-15.5627,35,-43.23,True,True,bearish_vol_divergence
UPC,2026-06-09 08:45:00+00:00,2026-06-09 18:00:00+00:00,3.67,3.1664,5.1,-0.5036,-13.7221,32,-35.22,True,True,bearish_vol_divergence
UPC,2026-06-09 18:00:00+00:00,2026-06-11 13:45:00+00:00,3.1664,3.69,3.82,0.5236,16.5361,53,80.11,True,True,bearish_vol_divergence
UPC,2026-06-15 13:45:00+00:00,2026-06-16 20:30:00+00:00,3.1419,3.12,6.4,-0.0219,-0.697,44,-0.67,True,True,bearish_vol_divergence
UPC,2026-06-15 16:00:00+00:00,2026-06-16 20:30:00+00:00,3.155,3.12,6.4,-0.035,-1.1093,42,-1.08,True,True,bearish_vol_divergence
UPC,2026-06-17 11:00:00+00:00,2026-06-17 20:00:00+00:00,2.81,2.86,3.0,0.05,1.7794,19,26.32,True,True,bearish_vol_divergence
UPC,2026-06-18 10:45:00+00:00,2026-06-22 14:45:00+00:00,2.81,2.92,3.0,0.11,3.9146,37,57.89,True,True,bearish_vol_divergence
UPC,2026-06-18 17:15:00+00:00,2026-06-22 14:45:00+00:00,2.9483,2.92,2.95,-0.0283,-0.9599,27,0.0,True,True,bearish_vol_divergence
UPC,2026-06-24 13:15:00+00:00,2026-06-26 23:45:00+00:00,2.99,7.97,12.25,4.98,166.5552,39,53.78,True,True,end_of_data
VALU,2026-06-02 19:15:00+00:00,2026-06-24 19:45:00+00:00,32.95,34.96,35.85,2.01,6.1001,42,69.31,True,True,bearish_vol_divergence
VCIG,2026-04-08 19:15:00+00:00,2026-04-09 16:15:00+00:00,1.205,1.13,1.26,-0.075,-6.2241,50,-100.0,True,True,bearish_vol_divergence
VCIG,2026-04-08 19:30:00+00:00,2026-04-09 16:15:00+00:00,1.21,1.13,1.26,-0.08,-6.6116,49,-100.0,True,True,bearish_vol_divergence
VCIG,2026-04-08 19:45:00+00:00,2026-04-09 16:15:00+00:00,1.21,1.13,1.26,-0.08,-6.6116,48,-100.0,True,True,bearish_vol_divergence
VCIG,2026-04-08 20:45:00+00:00,2026-04-09 16:15:00+00:00,1.2299,1.13,1.25,-0.0999,-8.1226,45,-100.0,True,True,bearish_vol_divergence
VCIG,2026-04-08 22:00:00+00:00,2026-04-09 16:15:00+00:00,1.21,1.13,1.25,-0.08,-6.6116,41,-100.0,True,True,bearish_vol_divergence
VCIG,2026-04-08 22:30:00+00:00,2026-04-09 16:15:00+00:00,1.22,1.13,1.25,-0.09,-7.377,39,-100.0,True,True,bearish_vol_divergence
VCIG,2026-04-08 23:30:00+00:00,2026-04-09 16:15:00+00:00,1.22,1.13,1.25,-0.09,-7.377,35,-100.0,True,True,bearish_vol_divergence
VCIG,2026-04-09 18:00:00+00:00,2026-04-09 21:00:00+00:00,1.1599,1.16,1.17,0.0001,0.0086,10,0.99,True,True,bearish_vol_divergence
VCIG,2026-04-10 18:15:00+00:00,2026-04-13 17:30:00+00:00,1.08,1.07,1.1501,-0.01,-0.9259,56,-14.27,True,True,bearish_vol_divergence
VCIG,2026-04-10 19:30:00+00:00,2026-04-13 17:30:00+00:00,1.0897,1.07,1.1501,-0.0197,-1.8078,52,-32.62,True,True,bearish_vol_divergence
VCIG,2026-04-10 19:45:00+00:00,2026-04-13 17:30:00+00:00,1.105,1.07,1.1501,-0.035,-3.1674,51,-77.61,True,True,bearish_vol_divergence
VCIG,2026-04-10 21:45:00+00:00,2026-04-13 17:30:00+00:00,1.1,1.07,1.15,-0.03,-2.7273,43,-60.0,True,True,bearish_vol_divergence
VCIG,2026-04-13 11:45:00+00:00,2026-04-13 17:30:00+00:00,1.091,1.07,1.13,-0.021,-1.9248,23,-53.85,True,True,bearish_vol_divergence
VCIG,2026-04-14 12:00:00+00:00,2026-04-14 20:00:00+00:00,1.1598,1.1,1.17,-0.0598,-5.1561,30,-100.0,True,True,bearish_vol_divergence
VCIG,2026-04-16 09:30:00+00:00,2026-04-16 13:30:00+00:00,1.14,1.15,1.17,0.01,0.8772,15,33.33,True,True,bearish_vol_divergence
VCIG,2026-04-17 18:00:00+00:00,2026-04-17 20:45:00+00:00,1.1705,1.1503,1.18,-0.0202,-1.7258,11,-100.0,True,True,bearish_vol_divergence
VCIG,2026-04-21 19:15:00+00:00,2026-04-21 21:45:00+00:00,1.105,1.12,1.12,0.015,1.3575,10,100.0,True,True,bearish_vol_divergence
VCIG,2026-04-21 20:45:00+00:00,2026-04-22 15:45:00+00:00,1.11,1.0996,1.15,-0.0104,-0.9369,38,-26.0,True,True,bearish_vol_divergence
VCIG,2026-04-21 21:45:00+00:00,2026-04-22 15:45:00+00:00,1.12,1.0996,1.15,-0.0204,-1.8214,34,-68.0,True,True,bearish_vol_divergence
VCIG,2026-04-23 13:00:00+00:00,2026-04-23 17:00:00+00:00,1.1024,1.07,1.1213,-0.0324,-2.939,14,-100.0,True,True,bearish_vol_divergence
VCIG,2026-04-23 23:45:00+00:00,2026-04-24 17:30:00+00:00,1.03,0.9851,1.05,-0.0449,-4.3592,36,-100.0,True,True,bearish_vol_divergence
VCIG,2026-04-24 08:15:00+00:00,2026-04-24 17:30:00+00:00,1.02,0.9851,1.05,-0.0349,-3.4216,34,-100.0,True,True,bearish_vol_divergence
VCIG,2026-04-24 09:00:00+00:00,2026-04-24 17:30:00+00:00,1.02,0.9851,1.04,-0.0349,-3.4216,31,-100.0,True,True,bearish_vol_divergence
VCIG,2026-04-27 11:00:00+00:00,2026-04-27 14:00:00+00:00,1.0,0.99,1.02,-0.01,-1.0,11,-50.0,True,True,bearish_vol_divergence
VCIG,2026-04-29 21:45:00+00:00,2026-04-30 15:45:00+00:00,0.97,0.9538,0.9873,-0.0162,-1.6701,22,-93.64,True,True,bearish_vol_divergence
VCIG,2026-04-29 22:15:00+00:00,2026-04-30 15:45:00+00:00,0.9699,0.9538,0.9873,-0.0161,-1.66,20,-92.53,True,True,bearish_vol_divergence
VCIG,2026-04-29 23:45:00+00:00,2026-04-30 15:45:00+00:00,0.95,0.9538,0.9873,0.0038,0.4,15,10.19,True,True,bearish_vol_divergence
VCIG,2026-05-04 09:30:00+00:00,2026-05-04 21:00:00+00:00,0.9102,0.9133,0.9407,0.0031,0.3406,34,10.16,True,True,bearish_vol_divergence
VCIG,2026-05-04 17:30:00+00:00,2026-05-04 21:00:00+00:00,0.9298,0.9133,0.9298,-0.0165,-1.7746,11,0.0,True,True,bearish_vol_divergence
VCIG,2026-05-04 17:45:00+00:00,2026-05-04 21:00:00+00:00,0.901,0.9133,0.9199,0.0123,1.3651,10,65.08,True,True,bearish_vol_divergence
VCIG,2026-05-04 18:30:00+00:00,2026-05-04 21:30:00+00:00,0.9159,0.9133,0.9159,-0.0026,-0.2839,10,0.0,True,True,bearish_vol_divergence
VCIG,2026-05-05 13:45:00+00:00,2026-05-05 19:00:00+00:00,0.89,0.917,0.9285,0.027,3.0337,19,70.13,True,True,bearish_vol_divergence
VCIG,2026-05-08 17:30:00+00:00,2026-05-08 21:45:00+00:00,0.8627,0.8975,0.8995,0.0348,4.0338,11,94.57,True,True,bearish_vol_divergence
VCIG,2026-05-08 18:30:00+00:00,2026-05-11 14:30:00+00:00,0.8802,0.8413,0.8975,-0.0389,-4.4195,34,-100.0,True,True,bearish_vol_divergence
VCIG,2026-05-08 18:45:00+00:00,2026-05-11 14:30:00+00:00,0.8628,0.8413,0.8975,-0.0215,-2.4919,33,-61.96,True,True,bearish_vol_divergence
VCIG,2026-05-08 20:15:00+00:00,2026-05-11 14:30:00+00:00,0.8624,0.8413,0.8975,-0.0211,-2.4467,28,-60.11,True,True,bearish_vol_divergence
VCIG,2026-05-11 08:00:00+00:00,2026-05-11 14:30:00+00:00,0.8643,0.8413,0.8698,-0.023,-2.6611,20,-100.0,True,True,bearish_vol_divergence
VCIG,2026-05-12 18:45:00+00:00,2026-05-12 22:00:00+00:00,0.7999,0.82,0.82,0.0201,2.5128,11,100.0,True,True,bearish_vol_divergence
VCIG,2026-05-12 19:15:00+00:00,2026-05-12 22:30:00+00:00,0.7999,0.82,0.82,0.0201,2.5128,10,100.0,True,True,bearish_vol_divergence
VCIG,2026-05-12 20:00:00+00:00,2026-05-13 16:00:00+00:00,0.8,0.7955,0.84,-0.0045,-0.5625,30,-11.25,True,True,bearish_vol_divergence
VCIG,2026-05-12 22:00:00+00:00,2026-05-13 16:00:00+00:00,0.82,0.7955,0.84,-0.0245,-2.9878,24,-100.0,True,True,bearish_vol_divergence
VCIG,2026-05-18 19:45:00+00:00,2026-05-19 22:00:00+00:00,0.7599,0.75,0.8051,-0.0099,-1.3028,51,-21.9,True,True,bearish_vol_divergence
VCIG,2026-05-18 20:00:00+00:00,2026-05-19 22:00:00+00:00,0.7472,0.75,0.8051,0.0028,0.3747,50,4.84,True,True,bearish_vol_divergence
VCIG,2026-05-18 20:45:00+00:00,2026-05-19 22:00:00+00:00,0.7547,0.75,0.8051,-0.0047,-0.6228,48,-9.33,True,True,bearish_vol_divergence
VCIG,2026-05-18 21:45:00+00:00,2026-05-19 22:00:00+00:00,0.7619,0.75,0.8051,-0.0119,-1.5619,45,-27.55,True,True,bearish_vol_divergence
VCIG,2026-05-18 22:15:00+00:00,2026-05-19 22:00:00+00:00,0.7548,0.75,0.8051,-0.0048,-0.6359,43,-9.54,True,True,bearish_vol_divergence
VCIG,2026-05-20 10:45:00+00:00,2026-05-20 17:00:00+00:00,0.7289,0.7499,0.7912,0.021,2.8811,21,33.71,True,True,bearish_vol_divergence
VCIG,2026-05-20 20:45:00+00:00,2026-05-21 16:30:00+00:00,0.8,0.7874,0.808,-0.0126,-1.575,36,-100.0,True,True,bearish_vol_divergence
VCIG,2026-06-04 17:45:00+00:00,2026-06-05 14:15:00+00:00,8.225,8.01,8.9,-0.215,-2.614,50,-31.85,True,True,bearish_vol_divergence
VCIG,2026-06-11 12:00:00+00:00,2026-06-11 14:45:00+00:00,5.51,5.59,5.71,0.08,1.4519,10,40.0,True,True,bearish_vol_divergence
VCIG,2026-06-11 18:30:00+00:00,2026-06-12 21:15:00+00:00,5.73,4.77,5.86,-0.96,-16.7539,61,-100.0,True,True,bearish_vol_divergence
VCIG,2026-06-12 11:15:00+00:00,2026-06-12 21:15:00+00:00,5.5711,4.77,5.6,-0.8011,-14.3796,36,-100.0,True,True,bearish_vol_divergence
VCIG,2026-06-12 11:30:00+00:00,2026-06-12 21:15:00+00:00,5.59,4.77,5.6,-0.82,-14.6691,35,0.0,True,True,bearish_vol_divergence
VCIG,2026-06-12 20:30:00+00:00,2026-06-17 18:45:00+00:00,4.63,5.32,5.5,0.69,14.9028,153,79.31,True,True,bearish_vol_divergence
VCIG,2026-06-12 20:45:00+00:00,2026-06-17 18:45:00+00:00,4.63,5.32,5.5,0.69,14.9028,152,79.31,True,True,bearish_vol_divergence
VCIG,2026-06-12 21:00:00+00:00,2026-06-17 18:45:00+00:00,4.77,5.32,5.5,0.55,11.5304,151,75.34,True,True,bearish_vol_divergence
VCIG,2026-06-15 08:45:00+00:00,2026-06-17 18:45:00+00:00,5.0127,5.32,5.5,0.3073,6.1304,138,63.06,True,True,bearish_vol_divergence
VCIG,2026-06-15 10:00:00+00:00,2026-06-17 18:45:00+00:00,4.88,5.32,5.5,0.44,9.0164,136,70.97,True,True,bearish_vol_divergence
VCIG,2026-06-15 21:00:00+00:00,2026-06-17 18:45:00+00:00,4.3,5.32,5.5,1.02,23.7209,97,85.0,True,True,bearish_vol_divergence
VCIG,2026-06-15 21:15:00+00:00,2026-06-17 18:45:00+00:00,4.3098,5.32,5.5,1.0102,23.4396,96,84.88,True,True,bearish_vol_divergence
VCIG,2026-06-15 21:45:00+00:00,2026-06-17 18:45:00+00:00,4.31,5.32,5.5,1.01,23.4339,94,84.87,True,True,bearish_vol_divergence
VCIG,2026-06-17 09:30:00+00:00,2026-06-17 18:45:00+00:00,4.47,5.32,5.5,0.85,19.0157,33,82.52,True,True,bearish_vol_divergence
VCIG,2026-06-17 09:45:00+00:00,2026-06-17 18:45:00+00:00,4.47,5.32,5.5,0.85,19.0157,32,82.52,True,True,bearish_vol_divergence
VCIG,2026-06-17 11:15:00+00:00,2026-06-17 18:45:00+00:00,4.65,5.32,5.5,0.67,14.4086,28,78.82,True,True,bearish_vol_divergence
VCIG,2026-06-17 11:45:00+00:00,2026-06-17 18:45:00+00:00,4.6,5.32,5.5,0.72,15.6522,26,80.0,True,True,bearish_vol_divergence
VCIG,2026-06-23 20:00:00+00:00,2026-06-25 16:45:00+00:00,4.3,3.62,4.84,-0.68,-15.814,80,-100.0,True,True,end_of_data
VCIG,2026-06-23 21:15:00+00:00,2026-06-25 16:45:00+00:00,4.5,3.62,4.84,-0.88,-19.5556,77,-100.0,True,True,end_of_data
VIVK,2026-05-05 11:45:00+00:00,2026-05-05 18:30:00+00:00,1.9191,1.98,2.06,0.0609,3.1734,18,43.22,True,True,bearish_vol_divergence
VIVK,2026-05-05 12:30:00+00:00,2026-05-05 18:30:00+00:00,1.8955,1.98,2.06,0.0845,4.4579,15,51.37,True,True,bearish_vol_divergence
VIVK,2026-05-06 11:30:00+00:00,2026-05-07 16:15:00+00:00,1.95,1.7403,2.0113,-0.2097,-10.7538,66,-100.0,True,True,bearish_vol_divergence
VIVK,2026-05-07 08:00:00+00:00,2026-05-07 16:15:00+00:00,1.8,1.7403,1.86,-0.0597,-3.3167,24,-99.5,True,True,bearish_vol_divergence
VIVK,2026-05-08 18:15:00+00:00,2026-05-11 18:45:00+00:00,1.79,1.69,2.3,-0.1,-5.5866,49,-19.61,True,True,bearish_vol_divergence
VIVK,2026-05-11 22:30:00+00:00,2026-05-12 19:45:00+00:00,1.6517,1.6,1.8,-0.0517,-3.1301,40,-34.86,True,True,bearish_vol_divergence
VIVK,2026-05-13 17:30:00+00:00,2026-05-13 22:30:00+00:00,1.5001,1.4896,1.78,-0.0105,-0.7,17,-3.75,True,True,bearish_vol_divergence
VIVK,2026-05-13 18:00:00+00:00,2026-05-13 22:30:00+00:00,1.5099,1.4896,1.78,-0.0203,-1.3445,15,-7.52,True,True,bearish_vol_divergence
VIVK,2026-05-13 23:00:00+00:00,2026-05-15 19:30:00+00:00,1.45,1.38,1.85,-0.07,-4.8276,76,-17.5,True,True,bearish_vol_divergence
VIVK,2026-05-19 21:30:00+00:00,2026-05-20 19:30:00+00:00,1.35,1.2799,1.94,-0.0701,-5.1926,33,-11.88,True,True,bearish_vol_divergence
VIVK,2026-05-20 10:15:00+00:00,2026-05-20 19:30:00+00:00,1.41,1.2799,1.94,-0.1301,-9.227,30,-24.55,True,True,bearish_vol_divergence
VIVK,2026-05-20 12:45:00+00:00,2026-05-20 19:30:00+00:00,1.39,1.2799,1.4101,-0.1101,-7.9209,23,-100.0,True,True,bearish_vol_divergence
VIVK,2026-05-20 13:15:00+00:00,2026-05-20 19:30:00+00:00,1.38,1.2799,1.4101,-0.1001,-7.2536,22,-100.0,True,True,bearish_vol_divergence
VIVK,2026-05-27 11:15:00+00:00,2026-05-28 19:30:00+00:00,1.2755,1.27,1.38,-0.0055,-0.4312,50,-5.26,True,True,bearish_vol_divergence
VIVK,2026-05-28 18:15:00+00:00,2026-05-29 17:15:00+00:00,1.27,1.27,1.35,0.0,0.0,30,0.0,True,True,bearish_vol_divergence
VIVK,2026-05-28 19:15:00+00:00,2026-05-29 17:15:00+00:00,1.3,1.27,1.35,-0.03,-2.3077,28,-60.0,True,True,bearish_vol_divergence
VIVK,2026-06-05 23:00:00+00:00,2026-06-08 13:30:00+00:00,0.6222,0.6302,0.747,0.008,1.2858,23,6.41,True,True,bearish_vol_divergence
VIVK,2026-06-09 08:30:00+00:00,2026-06-09 13:30:00+00:00,0.6,0.575,0.63,-0.025,-4.1667,16,-83.33,True,True,bearish_vol_divergence
VIVK,2026-06-10 08:30:00+00:00,2026-06-10 17:15:00+00:00,0.54,0.6314,0.8,0.0914,16.9259,31,35.15,True,True,bearish_vol_divergence
VIVK,2026-06-11 08:30:00+00:00,2026-06-11 15:15:00+00:00,0.67,0.6191,0.67,-0.0509,-7.597,27,0.0,True,True,bearish_vol_divergence
VIVK,2026-06-12 09:15:00+00:00,2026-06-12 19:30:00+00:00,0.6382,0.5165,0.6382,-0.1217,-19.0693,40,0.0,True,True,bearish_vol_divergence
VIVK,2026-06-12 09:45:00+00:00,2026-06-12 19:30:00+00:00,0.6213,0.5165,0.6382,-0.1048,-16.8679,38,-100.0,True,True,bearish_vol_divergence
VIVK,2026-06-12 23:15:00+00:00,2026-06-15 18:15:00+00:00,0.5251,0.48,0.5788,-0.0451,-8.5888,37,-83.99,True,True,bearish_vol_divergence
VIVK,2026-06-15 09:00:00+00:00,2026-06-15 18:15:00+00:00,0.5551,0.48,0.5551,-0.0751,-13.5291,35,0.0,True,True,bearish_vol_divergence
VIVK,2026-06-15 10:15:00+00:00,2026-06-15 18:15:00+00:00,0.5551,0.48,0.5551,-0.0751,-13.5291,30,0.0,True,True,bearish_vol_divergence
VIVK,2026-06-17 20:30:00+00:00,2026-06-18 14:15:00+00:00,0.5111,0.4909,0.57,-0.0202,-3.9523,39,-34.3,True,True,bearish_vol_divergence
VIVK,2026-06-22 11:00:00+00:00,2026-06-22 19:30:00+00:00,0.4562,0.4183,0.465,-0.0379,-8.3078,34,-100.0,True,True,bearish_vol_divergence
VIVK,2026-06-24 12:15:00+00:00,2026-06-24 19:30:00+00:00,0.412,0.4003,0.4358,-0.0117,-2.8398,29,-49.16,True,True,bearish_vol_divergence
VIVK,2026-06-25 11:30:00+00:00,2026-06-25 16:45:00+00:00,0.4,0.4372,0.5787,0.0372,9.3,21,20.82,True,True,end_of_data
VTIX,2026-04-09 18:00:00+00:00,2026-04-10 13:45:00+00:00,6.525,6.64,6.65,0.115,1.7624,13,92.0,True,True,bearish_vol_divergence
VTIX,2026-04-15 12:45:00+00:00,2026-04-16 11:00:00+00:00,6.27,6.54,6.76,0.27,4.3062,33,55.1,True,True,bearish_vol_divergence
VTIX,2026-04-15 13:00:00+00:00,2026-04-16 11:00:00+00:00,6.25,6.54,6.76,0.29,4.64,32,56.86,True,True,bearish_vol_divergence
VTIX,2026-04-15 14:00:00+00:00,2026-04-16 11:00:00+00:00,6.5,6.54,6.76,0.04,0.6154,28,15.38,True,True,bearish_vol_divergence
VTIX,2026-04-16 12:30:00+00:00,2026-04-16 19:45:00+00:00,6.2303,6.06,6.45,-0.1703,-2.7334,23,-77.51,True,True,bearish_vol_divergence
VTIX,2026-04-16 12:45:00+00:00,2026-04-16 19:45:00+00:00,6.24,6.06,6.45,-0.18,-2.8846,22,-85.71,True,True,bearish_vol_divergence
VTIX,2026-04-16 14:15:00+00:00,2026-04-16 19:45:00+00:00,6.41,6.06,6.45,-0.35,-5.4602,20,-100.0,True,True,bearish_vol_divergence
VTIX,2026-04-20 15:30:00+00:00,2026-04-20 19:30:00+00:00,6.69,6.74,6.905,0.05,0.7474,16,23.26,True,True,bearish_vol_divergence
VTIX,2026-04-20 15:45:00+00:00,2026-04-20 19:30:00+00:00,6.75,6.74,6.905,-0.01,-0.1482,15,-6.45,True,True,bearish_vol_divergence
VTIX,2026-04-21 16:45:00+00:00,2026-04-22 13:30:00+00:00,7.245,6.7,7.26,-0.545,-7.5224,29,0.0,True,True,bearish_vol_divergence
VTIX,2026-04-22 14:15:00+00:00,2026-04-23 20:00:00+00:00,6.58,4.4,6.6699,-2.18,-33.1307,72,-100.0,True,True,bearish_vol_divergence
VTIX,2026-04-28 18:30:00+00:00,2026-04-28 22:45:00+00:00,3.62,3.6257,3.63,0.0057,0.1575,10,0.0,True,True,bearish_vol_divergence
VTIX,2026-04-29 11:15:00+00:00,2026-04-29 19:45:00+00:00,3.63,3.205,3.63,-0.425,-11.708,29,0.0,True,True,bearish_vol_divergence
VTIX,2026-04-29 11:45:00+00:00,2026-04-29 19:45:00+00:00,3.5103,3.205,3.63,-0.3053,-8.6973,28,-100.0,True,True,bearish_vol_divergence
VTIX,2026-05-04 22:00:00+00:00,2026-05-05 21:30:00+00:00,3.62,3.9566,4.465,0.3366,9.2983,46,39.83,True,True,bearish_vol_divergence
VTIX,2026-05-05 09:30:00+00:00,2026-05-05 21:30:00+00:00,3.66,3.9566,4.465,0.2966,8.1038,42,36.84,True,True,bearish_vol_divergence
VTIX,2026-05-06 23:45:00+00:00,2026-05-07 19:45:00+00:00,3.5403,4.005,4.463,0.4647,13.126,32,50.36,True,True,bearish_vol_divergence
VTIX,2026-05-07 23:00:00+00:00,2026-05-08 13:30:00+00:00,4.02,4.18,4.24,0.16,3.9801,12,72.73,True,True,bearish_vol_divergence
VTIX,2026-05-18 18:30:00+00:00,2026-05-19 20:15:00+00:00,3.7,3.47,3.84,-0.23,-6.2162,40,-100.0,True,True,bearish_vol_divergence
VTIX,2026-05-18 18:45:00+00:00,2026-05-19 20:15:00+00:00,3.69,3.47,3.84,-0.22,-5.9621,39,-100.0,True,True,bearish_vol_divergence
VTIX,2026-05-22 14:15:00+00:00,2026-05-26 13:30:00+00:00,3.2721,3.3288,3.44,0.0567,1.7328,31,33.77,True,True,bearish_vol_divergence
VTIX,2026-05-22 14:30:00+00:00,2026-05-26 13:30:00+00:00,3.26,3.3288,3.44,0.0688,2.1104,30,38.22,True,True,bearish_vol_divergence
VTIX,2026-05-22 14:45:00+00:00,2026-05-26 13:30:00+00:00,3.255,3.3288,3.44,0.0738,2.2673,29,39.89,True,True,bearish_vol_divergence
VTIX,2026-05-28 09:30:00+00:00,2026-06-01 14:15:00+00:00,4.33,3.77,4.55,-0.56,-12.933,130,-100.0,True,True,bearish_vol_divergence
VTIX,2026-05-28 09:45:00+00:00,2026-06-01 14:15:00+00:00,4.16,3.77,4.55,-0.39,-9.375,129,-100.0,True,True,bearish_vol_divergence
VTIX,2026-05-28 10:00:00+00:00,2026-06-01 14:15:00+00:00,4.17,3.77,4.55,-0.4,-9.5923,128,-100.0,True,True,bearish_vol_divergence
VTIX,2026-05-28 23:00:00+00:00,2026-06-01 14:15:00+00:00,3.65,3.77,3.82,0.12,3.2877,76,70.59,True,True,bearish_vol_divergence
VTIX,2026-05-29 18:15:00+00:00,2026-06-01 14:15:00+00:00,3.58,3.77,3.82,0.19,5.3073,33,79.17,True,True,bearish_vol_divergence
VTIX,2026-05-29 18:30:00+00:00,2026-06-01 14:15:00+00:00,3.53,3.77,3.82,0.24,6.7989,32,82.76,True,True,bearish_vol_divergence
VTIX,2026-06-02 17:15:00+00:00,2026-06-02 20:00:00+00:00,3.8359,3.85,3.92,0.0141,0.3676,11,16.77,True,True,bearish_vol_divergence
VTIX,2026-06-02 20:30:00+00:00,2026-06-03 20:30:00+00:00,3.9,3.75,3.99,-0.15,-3.8462,44,-100.0,True,True,bearish_vol_divergence
VTIX,2026-06-03 13:15:00+00:00,2026-06-03 20:30:00+00:00,3.8992,3.75,3.94,-0.1492,-3.8264,27,-100.0,True,True,bearish_vol_divergence
VTIX,2026-06-03 21:00:00+00:00,2026-06-05 19:00:00+00:00,3.56,3.3628,3.92,-0.1972,-5.5393,75,-54.78,True,True,bearish_vol_divergence
VTIX,2026-06-03 21:15:00+00:00,2026-06-05 19:00:00+00:00,3.62,3.3628,3.92,-0.2572,-7.105,74,-85.73,True,True,bearish_vol_divergence
VTIX,2026-06-03 21:45:00+00:00,2026-06-05 19:00:00+00:00,3.56,3.3628,3.92,-0.1972,-5.5393,72,-54.78,True,True,bearish_vol_divergence
VTIX,2026-06-03 22:15:00+00:00,2026-06-05 19:00:00+00:00,3.55,3.3628,3.92,-0.1872,-5.2732,71,-50.59,True,True,bearish_vol_divergence
VTIX,2026-06-04 11:45:00+00:00,2026-06-05 19:00:00+00:00,3.4554,3.3628,3.92,-0.0926,-2.6799,62,-19.93,True,True,bearish_vol_divergence
VTIX,2026-06-05 12:45:00+00:00,2026-06-05 19:00:00+00:00,3.7,3.3628,3.72,-0.3372,-9.1135,24,-100.0,True,True,bearish_vol_divergence
VTIX,2026-06-09 15:15:00+00:00,2026-06-10 23:45:00+00:00,3.315,3.4393,3.68,0.1243,3.7496,60,34.05,True,True,bearish_vol_divergence
VTIX,2026-06-09 15:30:00+00:00,2026-06-10 23:45:00+00:00,3.345,3.4393,3.68,0.0943,2.8191,59,28.15,True,True,bearish_vol_divergence
VTIX,2026-06-09 20:00:00+00:00,2026-06-10 23:45:00+00:00,3.52,3.4393,3.68,-0.0807,-2.2926,41,-50.44,True,True,bearish_vol_divergence
VTIX,2026-06-10 17:00:00+00:00,2026-06-10 23:45:00+00:00,3.465,3.4393,3.6,-0.0257,-0.7417,18,-19.04,True,True,bearish_vol_divergence
VTIX,2026-06-12 20:00:00+00:00,2026-06-15 18:00:00+00:00,3.49,3.44,3.71,-0.05,-1.4327,29,-22.73,True,True,bearish_vol_divergence
VTIX,2026-06-12 23:15:00+00:00,2026-06-15 18:00:00+00:00,3.55,3.44,3.71,-0.11,-3.0986,28,-68.75,True,True,bearish_vol_divergence
VTIX,2026-06-12 23:30:00+00:00,2026-06-15 18:00:00+00:00,3.5235,3.44,3.71,-0.0835,-2.3698,27,-44.77,True,True,bearish_vol_divergence
VTIX,2026-06-18 13:30:00+00:00,2026-06-18 19:15:00+00:00,3.74,3.6,3.76,-0.14,-3.7433,22,-100.0,True,True,bearish_vol_divergence
VTIX,2026-06-22 19:30:00+00:00,2026-06-24 13:30:00+00:00,3.44,3.39,3.56,-0.05,-1.4535,51,-41.67,True,True,bearish_vol_divergence
VTIX,2026-06-22 22:00:00+00:00,2026-06-24 13:30:00+00:00,3.56,3.39,3.56,-0.17,-4.7753,46,0.0,True,True,bearish_vol_divergence
WAVE,2026-04-08 20:00:00+00:00,2026-04-09 20:00:00+00:00,6.085,6.27,6.3,0.185,3.0403,16,86.05,True,True,bearish_vol_divergence
WAVE,2026-04-08 23:30:00+00:00,2026-04-09 20:00:00+00:00,6.09,6.27,6.3,0.18,2.9557,15,85.71,True,True,bearish_vol_divergence
WAVE,2026-05-07 14:45:00+00:00,2026-05-11 12:00:00+00:00,8.165,8.39,8.39,0.225,2.7557,28,100.0,True,True,bearish_vol_divergence
WAVE,2026-05-08 15:00:00+00:00,2026-05-11 12:00:00+00:00,8.0,8.39,8.39,0.39,4.875,15,100.0,True,True,bearish_vol_divergence
WAVE,2026-05-11 15:00:00+00:00,2026-05-12 13:30:00+00:00,8.4,8.66,8.66,0.26,3.0952,18,100.0,True,True,bearish_vol_divergence
WAVE,2026-05-11 16:45:00+00:00,2026-05-12 13:30:00+00:00,8.345,8.66,8.66,0.315,3.7747,13,100.0,True,True,bearish_vol_divergence
WAVE,2026-05-20 15:30:00+00:00,2026-05-20 20:00:00+00:00,9.2165,9.2489,9.31,0.0324,0.3515,10,34.65,True,True,bearish_vol_divergence
WAVE,2026-05-20 18:00:00+00:00,2026-05-21 13:00:00+00:00,9.31,9.6464,9.6464,0.3364,3.6133,10,100.0,True,True,bearish_vol_divergence
WAVE,2026-05-20 18:15:00+00:00,2026-05-21 20:00:00+00:00,9.225,9.11,9.6464,-0.115,-1.2466,27,-27.29,True,True,bearish_vol_divergence
WAVE,2026-05-20 19:30:00+00:00,2026-05-21 20:00:00+00:00,9.299,9.11,9.6464,-0.189,-2.0325,25,-54.4,True,True,bearish_vol_divergence
WAVE,2026-05-27 14:00:00+00:00,2026-05-27 21:45:00+00:00,8.752,8.93,8.94,0.178,2.0338,12,94.68,True,True,bearish_vol_divergence
WAVE,2026-05-27 15:30:00+00:00,2026-05-28 16:30:00+00:00,8.6415,8.6934,8.93,0.0519,0.6006,14,17.99,True,True,bearish_vol_divergence
WAVE,2026-05-27 17:00:00+00:00,2026-05-28 16:30:00+00:00,8.5468,8.6934,8.93,0.1466,1.7153,12,38.26,True,True,bearish_vol_divergence
WAVE,2026-05-27 18:00:00+00:00,2026-05-28 16:30:00+00:00,8.675,8.6934,8.93,0.0184,0.2121,11,7.22,True,True,bearish_vol_divergence
WAVE,2026-06-01 13:30:00+00:00,2026-06-02 17:15:00+00:00,8.52,9.4993,9.5,0.9793,11.4941,30,99.93,True,True,bearish_vol_divergence
WAVE,2026-06-01 18:00:00+00:00,2026-06-02 17:15:00+00:00,8.7,9.4993,9.5,0.7993,9.1874,22,99.91,True,True,bearish_vol_divergence
WAVE,2026-06-01 18:30:00+00:00,2026-06-02 17:15:00+00:00,8.7899,9.4993,9.5,0.7094,8.0706,20,99.9,True,True,bearish_vol_divergence
WAVE,2026-06-08 13:15:00+00:00,2026-06-08 19:30:00+00:00,9.45,8.32,9.45,-1.13,-11.9577,19,0.0,True,True,bearish_vol_divergence
WKSP,2026-04-16 19:15:00+00:00,2026-04-17 10:00:00+00:00,1.0,1.05,1.05,0.05,5.0,10,100.0,True,True,bearish_vol_divergence
WKSP,2026-04-22 11:30:00+00:00,2026-04-22 15:15:00+00:00,1.1,1.17,1.17,0.07,6.3636,11,100.0,True,True,bearish_vol_divergence
WKSP,2026-04-22 13:00:00+00:00,2026-04-22 15:30:00+00:00,1.14,1.15,1.18,0.01,0.8772,10,25.0,True,True,bearish_vol_divergence
WKSP,2026-04-24 15:15:00+00:00,2026-04-24 19:00:00+00:00,1.09,1.105,1.126,0.015,1.3761,11,41.67,True,True,bearish_vol_divergence
WKSP,2026-04-30 16:00:00+00:00,2026-04-30 19:45:00+00:00,1.07,1.105,1.12,0.035,3.271,15,70.0,True,True,bearish_vol_divergence
WKSP,2026-04-30 18:15:00+00:00,2026-05-01 08:00:00+00:00,1.095,1.11,1.12,0.015,1.3699,10,60.0,True,True,bearish_vol_divergence
WKSP,2026-05-11 15:15:00+00:00,2026-05-11 18:00:00+00:00,1.04,1.021,1.048,-0.019,-1.8269,11,-100.0,True,True,bearish_vol_divergence
WKSP,2026-05-11 16:15:00+00:00,2026-05-11 19:30:00+00:00,1.0384,1.0138,1.04,-0.0246,-2.369,13,0.0,True,True,bearish_vol_divergence
WKSP,2026-05-11 22:00:00+00:00,2026-05-12 14:30:00+00:00,1.0003,1.02,1.04,0.0197,1.9694,15,49.62,True,True,bearish_vol_divergence
WKSP,2026-05-15 18:15:00+00:00,2026-05-15 22:45:00+00:00,0.795,0.8174,0.8174,0.0224,2.8176,11,100.0,True,True,bearish_vol_divergence
WKSP,2026-05-15 18:30:00+00:00,2026-05-15 22:45:00+00:00,0.7994,0.8174,0.8174,0.018,2.2517,10,100.0,True,True,bearish_vol_divergence
WKSP,2026-05-28 17:30:00+00:00,2026-05-29 18:00:00+00:00,0.789,0.7552,0.8146,-0.0338,-4.2839,43,-100.0,True,True,bearish_vol_divergence
WKSP,2026-05-28 18:00:00+00:00,2026-05-29 18:00:00+00:00,0.8,0.7552,0.8146,-0.0448,-5.6,41,-100.0,True,True,bearish_vol_divergence
WKSP,2026-05-29 13:00:00+00:00,2026-05-29 18:00:00+00:00,0.76,0.7552,0.778,-0.0048,-0.6316,20,-26.67,True,True,bearish_vol_divergence
WKSP,2026-05-29 13:15:00+00:00,2026-05-29 18:00:00+00:00,0.77,0.7552,0.778,-0.0148,-1.9221,19,-100.0,True,True,bearish_vol_divergence
WKSP,2026-06-01 19:30:00+00:00,2026-06-03 18:00:00+00:00,0.76,0.6801,0.7939,-0.0799,-10.5132,65,-100.0,True,True,bearish_vol_divergence
WKSP,2026-06-02 20:00:00+00:00,2026-06-03 18:00:00+00:00,0.705,0.6801,0.73,-0.0249,-3.5319,29,-99.6,True,True,bearish_vol_divergence
WKSP,2026-06-04 09:45:00+00:00,2026-06-05 08:45:00+00:00,0.6599,0.686,0.725,0.0261,3.9551,36,40.09,True,True,bearish_vol_divergence
WKSP,2026-06-08 13:30:00+00:00,2026-06-09 19:45:00+00:00,0.64,0.6333,0.78,-0.0067,-1.0469,65,-4.79,True,True,bearish_vol_divergence
WKSP,2026-06-09 22:15:00+00:00,2026-06-12 13:15:00+00:00,0.6293,0.6862,0.7098,0.0569,9.0418,84,70.68,True,True,bearish_vol_divergence
WKSP,2026-06-09 22:30:00+00:00,2026-06-12 13:15:00+00:00,0.62,0.6862,0.7098,0.0662,10.6774,83,73.72,True,True,bearish_vol_divergence
WKSP,2026-06-09 22:45:00+00:00,2026-06-12 13:15:00+00:00,0.6617,0.6862,0.7098,0.0245,3.7026,82,50.94,True,True,bearish_vol_divergence
WKSP,2026-06-09 23:45:00+00:00,2026-06-12 13:15:00+00:00,0.631,0.6862,0.7098,0.0552,8.748,79,70.05,True,True,bearish_vol_divergence
WKSP,2026-06-10 23:00:00+00:00,2026-06-12 13:15:00+00:00,0.6367,0.6862,0.705,0.0495,7.7745,43,72.47,True,True,bearish_vol_divergence
WKSP,2026-06-10 23:30:00+00:00,2026-06-12 13:15:00+00:00,0.6549,0.6862,0.705,0.0313,4.7794,42,62.48,True,True,bearish_vol_divergence
WKSP,2026-06-11 13:30:00+00:00,2026-06-12 13:15:00+00:00,0.6698,0.6862,0.705,0.0164,2.4485,34,46.59,True,True,bearish_vol_divergence
WKSP,2026-06-17 11:30:00+00:00,2026-06-17 23:30:00+00:00,0.5845,0.6216,0.6233,0.0371,6.3473,37,95.62,True,True,bearish_vol_divergence
WKSP,2026-06-17 13:30:00+00:00,2026-06-17 23:30:00+00:00,0.6,0.6216,0.6233,0.0216,3.6,30,92.7,True,True,bearish_vol_divergence
WKSP,2026-06-18 12:00:00+00:00,2026-06-23 18:00:00+00:00,1.135,0.8894,1.25,-0.2456,-21.6388,151,-100.0,True,True,bearish_vol_divergence
WKSP,2026-06-18 12:15:00+00:00,2026-06-23 18:00:00+00:00,1.1687,0.8894,1.25,-0.2793,-23.8983,150,-100.0,True,True,bearish_vol_divergence
WKSP,2026-06-23 08:30:00+00:00,2026-06-23 18:00:00+00:00,0.785,0.8894,0.92,0.1044,13.2994,38,77.33,True,True,bearish_vol_divergence
WKSP,2026-06-24 09:15:00+00:00,2026-06-24 15:30:00+00:00,0.8106,1.095,1.27,0.2844,35.0851,24,61.91,True,True,bearish_vol_divergence
WKSP,2026-06-24 09:30:00+00:00,2026-06-24 15:30:00+00:00,0.803,1.095,1.27,0.292,36.3636,23,62.53,True,True,bearish_vol_divergence
WTM,2026-04-06 18:00:00+00:00,2026-04-07 13:30:00+00:00,2182.1799,2192.96,2207.26,10.78,0.494,23,42.98,True,True,bearish_vol_divergence
WTM,2026-04-09 17:45:00+00:00,2026-04-10 14:30:00+00:00,2316.27,2287.6599,2320.0,-28.6101,-1.2352,19,0.0,True,True,bearish_vol_divergence
WTM,2026-04-09 18:00:00+00:00,2026-04-10 14:30:00+00:00,2313.8101,2287.6599,2318.5,-26.1501,-1.1302,18,0.0,True,True,bearish_vol_divergence
WTM,2026-04-09 19:00:00+00:00,2026-04-10 14:30:00+00:00,2317.6599,2287.6599,2317.7251,-30.0,-1.2944,14,0.0,True,True,bearish_vol_divergence
WTM,2026-04-10 18:15:00+00:00,2026-04-13 13:30:00+00:00,2280.1799,2276.8101,2305.4399,-3.3699,-0.1478,17,-13.34,True,True,bearish_vol_divergence
WTM,2026-04-10 19:15:00+00:00,2026-04-13 13:30:00+00:00,2292.3049,2276.8101,2305.4399,-15.4949,-0.676,13,-100.0,True,True,bearish_vol_divergence
WTM,2026-04-10 20:00:00+00:00,2026-04-13 13:30:00+00:00,2301.14,2276.8101,2301.14,-24.3299,-1.0573,10,0.0,True,True,bearish_vol_divergence
WTM,2026-04-13 17:30:00+00:00,2026-04-14 14:45:00+00:00,2270.925,2305.5,2318.5725,34.575,1.5225,27,72.56,True,True,bearish_vol_divergence
WTM,2026-04-13 22:00:00+00:00,2026-04-14 15:00:00+00:00,2297.8,2298.3557,2318.5725,0.5557,0.0242,10,2.68,True,True,bearish_vol_divergence
WTM,2026-04-13 22:45:00+00:00,2026-04-14 16:00:00+00:00,2297.6,2299.0376,2318.5725,1.4376,0.0626,11,6.85,True,True,bearish_vol_divergence
WTM,2026-04-15 17:30:00+00:00,2026-04-15 20:00:00+00:00,2295.9199,2291.46,2298.6899,-4.4599,-0.1943,10,0.0,True,True,bearish_vol_divergence
WTM,2026-04-16 22:00:00+00:00,2026-04-17 14:45:00+00:00,2294.72,2306.0,2313.0,11.28,0.4916,16,61.71,True,True,bearish_vol_divergence
WTM,2026-04-16 22:15:00+00:00,2026-04-17 14:45:00+00:00,2294.72,2306.0,2313.0,11.28,0.4916,15,61.71,True,True,bearish_vol_divergence
WTM,2026-04-17 19:30:00+00:00,2026-04-20 13:45:00+00:00,2321.0,2322.99,2326.45,1.99,0.0857,17,0.0,True,True,bearish_vol_divergence
WTM,2026-04-22 17:45:00+00:00,2026-04-23 15:15:00+00:00,2271.6799,2283.3201,2290.7351,11.6401,0.5124,33,61.09,True,True,bearish_vol_divergence
WTM,2026-04-23 11:00:00+00:00,2026-04-23 15:15:00+00:00,2270.0,2283.3201,2290.7351,13.3201,0.5868,14,64.24,True,True,bearish_vol_divergence
WTM,2026-04-23 11:45:00+00:00,2026-04-23 15:15:00+00:00,2270.0,2283.3201,2290.7351,13.3201,0.5868,12,64.24,True,True,bearish_vol_divergence
WTM,2026-04-23 12:15:00+00:00,2026-04-23 15:15:00+00:00,2270.0,2283.3201,2290.7351,13.3201,0.5868,10,64.24,True,True,bearish_vol_divergence
WTM,2026-04-23 15:30:00+00:00,2026-04-23 19:00:00+00:00,2292.54,2292.9099,2296.5601,0.3699,0.0161,14,0.0,True,True,bearish_vol_divergence
WTM,2026-04-27 14:30:00+00:00,2026-04-27 17:00:00+00:00,2282.6799,2271.25,2285.0,-11.4299,-0.5007,10,0.0,True,True,bearish_vol_divergence
WTM,2026-04-28 15:15:00+00:00,2026-04-28 17:45:00+00:00,2289.1699,2286.645,2296.5398,-2.5249,-0.1103,10,0.0,True,True,bearish_vol_divergence
WTM,2026-04-28 15:30:00+00:00,2026-04-28 18:00:00+00:00,2289.1699,2282.0,2296.5398,-7.1699,-0.3132,10,0.0,True,True,bearish_vol_divergence
WTM,2026-04-28 17:15:00+00:00,2026-04-29 13:30:00+00:00,2293.26,2260.0,2295.22,-33.26,-1.4503,20,0.0,True,True,bearish_vol_divergence
WTM,2026-04-30 14:00:00+00:00,2026-04-30 16:30:00+00:00,2204.8,2214.77,2225.1201,9.97,0.4522,10,49.06,True,True,bearish_vol_divergence
WTM,2026-05-01 17:45:00+00:00,2026-05-01 20:15:00+00:00,2192.405,2231.99,2231.99,39.585,1.8056,10,100.0,True,True,bearish_vol_divergence
WTM,2026-05-01 19:30:00+00:00,2026-05-04 17:45:00+00:00,2183.23,2158.585,2231.99,-24.645,-1.1288,24,-50.54,True,True,bearish_vol_divergence
WTM,2026-05-06 17:45:00+00:00,2026-05-07 13:30:00+00:00,2100.99,2101.9551,2106.6799,0.9651,0.0459,13,0.0,True,True,bearish_vol_divergence
WTM,2026-05-07 18:15:00+00:00,2026-05-08 13:30:00+00:00,2095.0801,2110.0,2110.0,14.9199,0.7121,10,100.0,True,True,bearish_vol_divergence
WTM,2026-05-13 16:15:00+00:00,2026-05-13 19:45:00+00:00,2123.9856,2120.55,2132.8601,-3.4355,-0.1618,14,0.0,True,True,bearish_vol_divergence
WTM,2026-05-15 17:30:00+00:00,2026-05-15 20:00:00+00:00,2130.3799,2136.0,2148.22,5.6201,0.2638,10,31.5,True,True,bearish_vol_divergence
WTM,2026-05-20 16:00:00+00:00,2026-05-20 18:45:00+00:00,2145.9299,2149.79,2152.7124,3.8601,0.1799,11,0.0,True,True,bearish_vol_divergence
WTM,2026-05-20 16:15:00+00:00,2026-05-20 18:45:00+00:00,2148.55,2149.79,2152.7124,1.24,0.0577,10,0.0,True,True,bearish_vol_divergence
WTM,2026-05-20 16:30:00+00:00,2026-05-20 19:00:00+00:00,2146.3601,2145.5601,2152.7124,-0.8,-0.0373,10,0.0,True,True,bearish_vol_divergence
WTM,2026-05-20 16:45:00+00:00,2026-05-20 19:15:00+00:00,2148.5,2144.29,2152.7124,-4.21,-0.1959,10,0.0,True,True,bearish_vol_divergence
WTM,2026-05-21 17:45:00+00:00,2026-05-21 20:15:00+00:00,2145.845,2139.09,2152.1799,-6.755,-0.3148,10,0.0,True,True,bearish_vol_divergence
WTM,2026-05-21 18:15:00+00:00,2026-05-22 08:00:00+00:00,2142.075,2139.09,2152.1799,-2.985,-0.1393,10,0.0,True,True,bearish_vol_divergence
WTM,2026-05-21 19:45:00+00:00,2026-05-22 14:15:00+00:00,2138.5601,2149.4951,2159.0,10.9351,0.5113,16,53.5,True,True,bearish_vol_divergence
WTM,2026-05-28 17:45:00+00:00,2026-05-29 14:00:00+00:00,2082.9275,2084.1899,2105.69,1.2625,0.0606,22,5.55,True,True,bearish_vol_divergence
WTM,2026-05-28 18:00:00+00:00,2026-05-29 14:00:00+00:00,2082.74,2084.1899,2105.69,1.45,0.0696,21,6.32,True,True,bearish_vol_divergence
WTM,2026-05-29 13:45:00+00:00,2026-05-29 18:15:00+00:00,2085.7451,2074.3601,2096.55,-11.385,-0.5458,18,-100.0,True,True,bearish_vol_divergence
WTM,2026-05-29 14:00:00+00:00,2026-05-29 18:15:00+00:00,2084.1899,2074.3601,2096.55,-9.8298,-0.4716,17,-79.53,True,True,bearish_vol_divergence
WTM,2026-06-04 19:15:00+00:00,2026-06-05 09:45:00+00:00,2014.38,2014.0,2027.79,-0.38,-0.0189,10,-2.83,True,True,bearish_vol_divergence
WTM,2026-06-10 11:45:00+00:00,2026-06-10 16:15:00+00:00,1999.99,2033.355,2037.785,33.365,1.6683,14,88.28,True,True,bearish_vol_divergence
WTM,2026-06-10 15:00:00+00:00,2026-06-10 17:30:00+00:00,2030.63,2020.42,2037.785,-10.21,-0.5028,10,0.0,True,True,bearish_vol_divergence
WTM,2026-06-11 15:00:00+00:00,2026-06-11 18:30:00+00:00,2018.21,2007.76,2027.0,-10.45,-0.5178,13,0.0,True,True,bearish_vol_divergence
WTM,2026-06-11 15:15:00+00:00,2026-06-11 18:30:00+00:00,2018.215,2007.76,2027.0,-10.455,-0.518,12,0.0,True,True,bearish_vol_divergence
WTM,2026-06-11 16:00:00+00:00,2026-06-11 19:00:00+00:00,2017.2,2007.11,2027.0,-10.09,-0.5002,11,0.0,True,True,bearish_vol_divergence
WTM,2026-06-11 16:15:00+00:00,2026-06-11 19:00:00+00:00,2010.9399,2007.11,2027.0,-3.83,-0.1905,10,-23.85,True,True,bearish_vol_divergence
WTM,2026-06-12 11:00:00+00:00,2026-06-12 19:30:00+00:00,1995.0,2017.735,2030.0,22.735,1.1396,31,64.96,True,True,bearish_vol_divergence
WTM,2026-06-12 12:00:00+00:00,2026-06-12 19:30:00+00:00,1997.99,2017.735,2030.0,19.745,0.9882,28,61.68,True,True,bearish_vol_divergence
WTM,2026-06-12 12:30:00+00:00,2026-06-12 19:30:00+00:00,1997.99,2017.735,2030.0,19.745,0.9882,27,61.68,True,True,bearish_vol_divergence
WTM,2026-06-12 13:45:00+00:00,2026-06-12 19:30:00+00:00,2002.725,2017.735,2030.0,15.01,0.7495,23,55.03,True,True,bearish_vol_divergence
WTM,2026-06-12 14:00:00+00:00,2026-06-12 19:30:00+00:00,1996.97,2017.735,2030.0,20.765,1.0398,22,62.87,True,True,bearish_vol_divergence
WTM,2026-06-12 14:15:00+00:00,2026-06-12 19:30:00+00:00,2007.415,2017.735,2030.0,10.3199,0.5141,21,45.69,True,True,bearish_vol_divergence
WTM,2026-06-12 15:15:00+00:00,2026-06-12 19:30:00+00:00,2018.84,2017.735,2030.0,-1.105,-0.0547,17,-9.9,True,True,bearish_vol_divergence
WTM,2026-06-15 13:45:00+00:00,2026-06-15 19:00:00+00:00,2028.0,2038.45,2059.6201,10.45,0.5153,20,33.05,True,True,bearish_vol_divergence
WTM,2026-06-15 18:15:00+00:00,2026-06-16 08:00:00+00:00,2044.52,2038.9,2049.27,-5.62,-0.2749,10,0.0,True,True,bearish_vol_divergence
WTM,2026-06-15 19:00:00+00:00,2026-06-16 09:45:00+00:00,2038.45,2020.9,2047.15,-17.55,-0.8609,12,0.0,True,True,bearish_vol_divergence
WTM,2026-06-15 19:15:00+00:00,2026-06-16 09:45:00+00:00,2030.91,2020.9,2043.14,-10.01,-0.4929,11,-81.85,True,True,bearish_vol_divergence
WTM,2026-06-15 19:30:00+00:00,2026-06-16 09:45:00+00:00,2034.9399,2020.9,2039.64,-14.0399,-0.6899,10,0.0,True,True,bearish_vol_divergence
WTM,2026-06-15 19:45:00+00:00,2026-06-16 15:00:00+00:00,2033.8,2034.04,2050.0,0.24,0.0118,26,1.48,True,True,bearish_vol_divergence
WTM,2026-06-17 17:15:00+00:00,2026-06-18 13:30:00+00:00,2003.21,1993.01,2020.0,-10.2,-0.5092,31,-60.75,True,True,bearish_vol_divergence
WTM,2026-06-18 17:45:00+00:00,2026-06-18 20:15:00+00:00,2006.2,2013.36,2019.89,7.16,0.3569,10,52.3,True,True,bearish_vol_divergence
WTM,2026-06-18 18:00:00+00:00,2026-06-18 21:00:00+00:00,2005.6801,2013.36,2019.89,7.6799,0.3829,10,54.05,True,True,bearish_vol_divergence
WTM,2026-06-18 18:15:00+00:00,2026-06-22 08:15:00+00:00,2008.1,2019.96,2019.96,11.86,0.5906,10,100.0,True,True,bearish_vol_divergence
WTM,2026-06-18 18:30:00+00:00,2026-06-22 08:30:00+00:00,2008.5,2019.96,2019.96,11.46,0.5706,10,100.0,True,True,bearish_vol_divergence
WTM,2026-06-22 11:45:00+00:00,2026-06-22 15:15:00+00:00,2019.96,2023.1801,2035.0,3.2201,0.1594,10,21.41,True,True,bearish_vol_divergence
WTM,2026-06-22 13:45:00+00:00,2026-06-22 16:15:00+00:00,2025.9475,2019.0649,2035.0,-6.8826,-0.3397,10,0.0,True,True,bearish_vol_divergence
WTM,2026-06-23 11:00:00+00:00,2026-06-23 15:30:00+00:00,2014.9,2012.9,2028.34,-2.0,-0.0993,12,-14.88,True,True,bearish_vol_divergence
WTM,2026-06-23 11:45:00+00:00,2026-06-23 15:30:00+00:00,2014.9,2012.9,2028.34,-2.0,-0.0993,11,-14.88,True,True,bearish_vol_divergence
WTM,2026-06-23 12:00:00+00:00,2026-06-23 15:30:00+00:00,2014.9,2012.9,2028.34,-2.0,-0.0993,10,-14.88,True,True,bearish_vol_divergence
WTM,2026-06-23 14:00:00+00:00,2026-06-23 16:30:00+00:00,2001.99,2019.025,2028.34,17.035,0.8509,10,64.65,True,True,bearish_vol_divergence
WTM,2026-06-24 17:45:00+00:00,2026-06-25 16:45:00+00:00,2035.1,2023.325,2048.6599,-11.775,-0.5786,25,-86.84,True,True,end_of_data
WTM,2026-06-25 16:00:00+00:00,2026-06-25 16:45:00+00:00,2025.96,2023.325,2026.8199,-2.635,-0.1301,3,0.0,True,True,end_of_data
WTM,2026-06-25 16:15:00+00:00,2026-06-25 16:45:00+00:00,2024.395,2023.325,2026.8199,-1.0701,-0.0529,2,0.0,True,True,end_of_data
