symbol,date,direction,psi,entry,exit,bars_held,exhausted,ret_pct,relvol,psi_bin,rv_bin
BTC/USDT,2024-09-01,LONG,0.5828,57296.1,59143.2,1,True,3.2238,1.1055,.55-.60,1-1.5x
BTC/USDT,2024-09-04,LONG,0.6952,57970.0,56176.0,1,True,-3.0947,0.3267,.60-.70,
BTC/USDT,2024-09-07,LONG,0.7748,54155.8,54875.9,1,True,1.3297,0.1342,.70-.80,
BTC/USDT,2024-09-09,LONG,0.6654,57030.8,59991.8,5,False,5.1919,1.3693,.60-.70,1-1.5x
BTC/USDT,2024-09-10,LONG,0.6832,57639.7,59126.2,5,False,2.579,0.389,.60-.70,
BTC/USDT,2024-09-11,LONG,0.5918,57338.3,58211.9,5,False,1.5236,0.1912,.55-.60,
BTC/USDT,2024-09-12,LONG,0.6808,58132.5,58211.9,4,True,0.1366,0.5921,.60-.70,
BTC/USDT,2024-09-14,LONG,0.5994,59991.8,58211.9,2,True,-2.9669,0.3296,.55-.60,
BTC/USDT,2024-09-17,LONG,0.639,60314.6,63574.2,5,False,5.4043,1.5162,.60-.70,1.5-2x
BTC/USDT,2024-09-18,LONG,0.7574,61767.7,63336.1,5,False,2.5392,0.9893,.70-.80,
BTC/USDT,2024-09-19,LONG,0.7073,62956.3,64275.8,5,False,2.0959,0.7824,.70-.80,
BTC/USDT,2024-09-20,LONG,0.647,63200.0,64275.8,4,True,1.7022,0.1577,.60-.70,
BTC/USDT,2024-09-21,LONG,0.8194,63348.0,64275.8,3,True,1.4646,0.1002,>.80,
BTC/USDT,2024-09-22,LONG,0.5638,63574.2,64275.8,2,True,1.1036,0.1588,.55-.60,
BTC/USDT,2024-09-25,LONG,0.6095,63154.9,65163.4,1,True,3.1803,0.8558,.60-.70,
BTC/USDT,2024-09-27,LONG,0.6243,65774.1,65853.3,1,True,0.1204,0.5193,.60-.70,
BTC/USDT,2024-09-29,LONG,0.7197,65603.5,63327.5,1,True,-3.4693,0.2245,.70-.80,
BTC/USDT,2024-10-02,LONG,0.5653,60642.1,62058.6,3,True,2.3358,0.1318,.55-.60,
BTC/USDT,2024-10-03,LONG,0.7906,60753.8,62058.6,2,True,2.1477,0.0943,.70-.80,
BTC/USDT,2024-10-04,LONG,0.8876,62094.1,62058.6,1,True,-0.0572,1.1036,>.80,1-1.5x
BTC/USDT,2024-10-07,LONG,0.8994,62222.1,62155.9,1,True,-0.1064,0.5358,>.80,
BTC/USDT,2024-10-11,LONG,0.7058,62546.0,62872.0,2,True,0.5212,1.8979,.70-.80,1.5-2x
BTC/USDT,2024-10-12,LONG,0.7252,63209.9,62872.0,1,True,-0.5346,0.5426,.70-.80,
BTC/USDT,2024-10-17,LONG,0.7752,67426.5,67421.2,5,False,-0.0079,0.1311,.70-.80,
BTC/USDT,2024-10-18,LONG,0.6395,68431.4,67421.2,4,True,-1.4762,0.6963,.60-.70,
BTC/USDT,2024-10-20,LONG,0.7119,69035.6,67421.2,2,True,-2.3385,0.5006,.70-.80,
BTC/USDT,2024-10-21,LONG,0.6252,67371.7,67421.2,1,True,0.0735,1.3426,.60-.70,1-1.5x
BTC/USDT,2024-10-28,LONG,0.7843,69961.2,70302.2,3,True,0.4874,1.4481,.70-.80,1-1.5x
BTC/USDT,2024-10-29,LONG,0.6607,72746.0,70302.2,2,True,-3.3594,2.0235,.60-.70,2-3x
BTC/USDT,2024-11-01,LONG,0.8636,69495.5,69371.0,1,True,-0.1791,0.557,>.80,
BTC/USDT,2024-11-08,LONG,0.5751,76499.1,80360.0,2,True,5.047,0.3154,.55-.60,
BTC/USDT,2024-11-09,LONG,0.9559,76675.0,80360.0,1,True,4.806,0.0861,>.80,
BTC/USDT,2024-11-11,LONG,0.7756,88640.0,90378.4,2,True,1.9612,3.0003,.70-.80,3-5x
BTC/USDT,2024-11-12,LONG,0.8397,87944.5,90378.4,1,True,2.7675,0.2293,>.80,
BTC/USDT,2024-11-17,LONG,0.9504,89860.0,98317.2,4,True,9.4115,0.2215,>.80,
BTC/USDT,2024-11-18,LONG,0.7517,90464.0,98317.2,3,True,8.681,0.1892,.70-.80,
BTC/USDT,2024-11-19,LONG,0.6457,92307.9,98317.2,2,True,6.5101,0.5767,.60-.70,
BTC/USDT,2024-11-23,LONG,0.7623,97666.5,91960.1,3,True,-5.8427,0.3653,.70-.80,
BTC/USDT,2024-11-24,LONG,0.8677,97899.9,91960.1,2,True,-6.0672,0.0717,>.80,
BTC/USDT,2024-11-25,LONG,0.7826,93002.0,91960.1,1,True,-1.1203,1.3634,.70-.80,1-1.5x
BTC/USDT,2024-11-27,LONG,0.6678,95848.1,96409.0,3,True,0.5852,1.2662,.60-.70,1-1.5x
BTC/USDT,2024-11-28,LONG,0.8274,95636.7,96409.0,2,True,0.8075,0.0658,>.80,
BTC/USDT,2024-11-29,LONG,0.6476,97456.1,96409.0,1,True,-1.0744,0.5679,.60-.70,
BTC/USDT,2024-12-04,LONG,0.6002,98580.7,96960.0,1,True,-1.644,1.2394,.60-.70,1-1.5x
BTC/USDT,2024-12-07,LONG,0.7253,99835.4,100001.1,5,False,0.166,0.0457,.70-.80,
BTC/USDT,2024-12-10,LONG,0.6598,96593.2,104477.4,5,False,8.1623,0.2922,.60-.70,
BTC/USDT,2024-12-14,LONG,0.6938,101421.3,106066.0,2,True,4.5796,0.0011,.60-.70,
BTC/USDT,2024-12-15,LONG,0.6801,104477.4,106066.0,1,True,1.5205,1.3923,.60-.70,1-1.5x
BTC/USDT,2024-12-17,LONG,0.577,106128.4,97806.4,3,True,-7.8414,0.0298,.55-.60,
BTC/USDT,2024-12-18,LONG,0.8445,100213.1,97806.4,2,True,-2.4016,2.3254,>.80,2-3x
BTC/USDT,2024-12-19,LONG,0.6567,97458.1,97806.4,1,True,0.3574,1.1201,.60-.70,1-1.5x
BTC/USDT,2024-12-23,LONG,0.8891,94884.1,94304.1,4,True,-0.6113,0.1231,>.80,
BTC/USDT,2024-12-26,LONG,0.617,95783.3,94304.1,1,True,-1.5443,1.4261,.60-.70,1-1.5x
BTC/USDT,2024-12-29,LONG,0.6305,93737.6,98183.4,5,False,4.7428,0.664,.60-.70,
BTC/USDT,2024-12-30,LONG,0.6678,92796.4,98183.4,4,True,5.8052,0.4046,.60-.70,
BTC/USDT,2025-01-02,LONG,0.565,96988.4,98183.4,1,True,1.2321,1.1056,.55-.60,1-1.5x
BTC/USDT,2025-01-04,LONG,0.5765,98221.9,92553.1,5,False,-5.7714,0.0179,.55-.60,
BTC/USDT,2025-01-05,LONG,0.6234,98363.9,92553.1,4,True,-5.9075,0.067,.60-.70,
BTC/USDT,2025-01-07,LONG,0.593,96957.9,92553.1,2,True,-4.543,2.2315,.55-.60,2-3x
BTC/USDT,2025-01-10,LONG,0.739,94726.5,94549.9,2,True,-0.1864,0.9761,.70-.80,
BTC/USDT,2025-01-13,LONG,0.5818,94538.5,96559.9,1,True,2.1382,0.0056,.55-.60,
BTC/USDT,2025-01-15,LONG,0.5685,100497.0,99990.8,1,True,-0.5037,1.8214,.55-.60,1.5-2x
BTC/USDT,2025-01-18,LONG,0.657,104551.6,106150.1,3,True,1.5289,0.1946,.60-.70,
BTC/USDT,2025-01-19,LONG,0.6081,101334.0,106150.1,2,True,4.7527,1.2694,.60-.70,1-1.5x
BTC/USDT,2025-01-20,LONG,0.7861,102264.3,106150.1,1,True,3.7998,0.3786,.70-.80,
BTC/USDT,2025-01-22,LONG,0.7013,103704.1,104866.1,2,True,1.1205,0.896,.70-.80,
BTC/USDT,2025-01-23,LONG,0.8908,103914.8,104866.1,1,True,0.9155,0.0792,>.80,
BTC/USDT,2025-02-02,LONG,0.6211,97698.9,96504.1,5,False,-1.2229,1.2944,.60-.70,1-1.5x
BTC/USDT,2025-02-03,LONG,0.8866,101337.5,96458.1,5,False,-4.815,1.5843,>.80,1.5-2x
BTC/USDT,2025-02-04,LONG,0.567,97767.9,96458.1,4,True,-1.3397,1.5206,.55-.60,1.5-2x
BTC/USDT,2025-02-06,LONG,0.9686,96554.7,96458.1,2,True,-0.1,0.0302,>.80,
BTC/USDT,2025-02-11,LONG,0.6393,95779.9,97504.0,3,True,1.8001,0.9765,.60-.70,
BTC/USDT,2025-02-13,LONG,0.6872,96617.0,97504.0,1,True,0.9181,0.7053,.60-.70,
BTC/USDT,2025-02-15,LONG,0.6919,97587.3,95778.3,2,True,-1.8537,0.0476,.60-.70,
BTC/USDT,2025-02-18,LONG,0.6457,95656.6,96172.9,3,True,0.5397,0.0744,.60-.70,
BTC/USDT,2025-02-19,LONG,0.6525,96644.3,96172.9,2,True,-0.4878,0.6032,.60-.70,
BTC/USDT,2025-02-20,LONG,0.6105,98307.9,96172.9,1,True,-2.1717,1.0015,.60-.70,1-1.5x
BTC/USDT,2025-02-22,LONG,0.6745,96552.1,88680.7,3,True,-8.1525,0.2429,.60-.70,
BTC/USDT,2025-02-23,LONG,0.6286,96264.7,88680.7,2,True,-7.8783,0.219,.60-.70,
BTC/USDT,2025-02-24,LONG,0.5531,91534.5,88680.7,1,True,-3.1177,3.1558,.55-.60,3-5x
BTC/USDT,2025-03-01,LONG,0.8346,86056.1,86219.7,2,True,0.1901,0.9924,>.80,
BTC/USDT,2025-03-02,LONG,0.615,94269.5,86219.7,1,True,-8.5391,3.1379,.60-.70,3-5x
BTC/USDT,2025-03-07,LONG,0.7963,86797.1,80743.3,2,True,-6.9747,0.9377,.70-.80,
BTC/USDT,2025-03-08,LONG,0.5704,86227.9,80743.3,1,True,-6.3606,0.1769,.55-.60,
BTC/USDT,2025-03-10,LONG,0.6743,78595.8,83691.9,2,True,6.4839,0.6729,.60-.70,
BTC/USDT,2025-03-11,LONG,0.7682,82943.2,83691.9,1,True,0.9027,1.3203,.70-.80,1-1.5x
BTC/USDT,2025-03-14,LONG,0.7967,83988.7,84342.0,1,True,0.4207,0.8238,.70-.80,
BTC/USDT,2025-03-17,LONG,0.6367,84011.9,86841.0,2,True,3.3675,0.4163,.60-.70,
BTC/USDT,2025-03-18,LONG,0.5741,82709.7,86841.0,1,True,4.9949,0.3845,.55-.60,
BTC/USDT,2025-03-23,LONG,0.7221,86083.3,84427.3,5,False,-1.9237,0.8623,.70-.80,
BTC/USDT,2025-03-25,LONG,0.6604,87414.6,82398.2,5,False,-5.7386,0.0316,.60-.70,
BTC/USDT,2025-03-26,LONG,0.6668,86926.2,82556.9,5,False,-5.0264,0.1883,.60-.70,
BTC/USDT,2025-03-28,LONG,0.5981,84427.3,82556.9,3,True,-2.2154,1.0881,.55-.60,1-1.5x
BTC/USDT,2025-03-30,LONG,0.5623,82398.2,82556.9,1,True,0.1926,0.1207,.55-.60,
BTC/USDT,2025-04-02,LONG,0.6102,82513.2,83534.2,3,True,1.2374,1.3509,.60-.70,1-1.5x
BTC/USDT,2025-04-04,LONG,0.6073,83889.0,83534.2,1,True,-0.4229,0.3712,.60-.70,
ETH/USDT,2024-08-28,LONG,0.7151,2528.4,2525.89,2,True,-0.0993,0.8998,.70-.80,
ETH/USDT,2024-08-29,LONG,0.7,2527.8,2525.89,1,True,-0.0756,0.0076,.60-.70,
ETH/USDT,2024-08-31,LONG,0.7711,2513.2,2538.0,2,True,0.9868,0.1618,.70-.80,
ETH/USDT,2024-09-03,LONG,0.5513,2424.94,2368.62,2,True,-2.3225,1.4185,.55-.60,1-1.5x
ETH/USDT,2024-09-04,LONG,0.6922,2450.34,2368.62,1,True,-3.335,0.3408,.60-.70,
ETH/USDT,2024-09-07,LONG,0.773,2273.8,2297.25,1,True,1.0313,0.6384,.70-.80,
ETH/USDT,2024-09-09,LONG,0.8185,2359.19,2417.99,5,False,2.4924,0.7745,>.80,
ETH/USDT,2024-09-10,LONG,0.657,2388.3,2316.21,5,False,-3.0185,0.3578,.60-.70,
ETH/USDT,2024-09-11,LONG,0.6525,2340.5,2295.46,5,False,-1.9244,0.5774,.60-.70,
ETH/USDT,2024-09-12,LONG,0.7965,2361.86,2295.46,4,True,-2.8113,0.2847,.70-.80,
ETH/USDT,2024-09-13,LONG,0.5572,2439.59,2295.46,3,True,-5.908,0.9896,.55-.60,
ETH/USDT,2024-09-20,LONG,0.6461,2561.41,2612.89,1,True,2.0098,1.2425,.60-.70,1-1.5x
ETH/USDT,2024-09-27,LONG,0.5819,2694.64,2364.0,5,False,-12.2703,1.0661,.55-.60,1-1.5x
ETH/USDT,2024-09-28,LONG,0.6709,2675.18,2349.83,5,False,-12.1618,0.3195,.60-.70,
ETH/USDT,2024-09-29,LONG,0.5716,2657.61,2349.83,4,True,-11.5811,0.2938,.55-.60,
ETH/USDT,2024-09-30,LONG,0.6172,2602.16,2349.83,3,True,-9.6969,0.9032,.60-.70,
ETH/USDT,2024-10-01,LONG,0.7693,2448.07,2349.83,2,True,-4.013,2.2195,.70-.80,2-3x
ETH/USDT,2024-10-02,LONG,0.6131,2364.0,2349.83,1,True,-0.5994,1.2325,.60-.70,1-1.5x
ETH/USDT,2024-10-04,LONG,0.8906,2414.51,2414.67,1,True,0.0066,1.0004,>.80,1-1.5x
ETH/USDT,2024-10-07,LONG,0.8662,2422.63,2476.4,5,False,2.2195,0.281,>.80,
ETH/USDT,2024-10-08,LONG,0.6819,2440.72,2476.4,4,True,1.4619,0.296,.60-.70,
ETH/USDT,2024-10-09,LONG,0.6921,2370.74,2476.4,3,True,4.4568,1.1674,.60-.70,1-1.5x
ETH/USDT,2024-10-10,LONG,0.8238,2386.22,2476.4,2,True,3.7792,0.2872,>.80,
ETH/USDT,2024-10-13,LONG,0.6904,2468.96,2607.3,2,True,5.6032,0.1354,.60-.70,
ETH/USDT,2024-10-14,LONG,0.6804,2629.77,2607.3,1,True,-0.8544,2.4169,.60-.70,2-3x
ETH/USDT,2024-10-16,LONG,0.5647,2611.19,2642.48,2,True,1.1983,0.0577,.55-.60,
ETH/USDT,2024-10-17,LONG,0.8546,2605.67,2642.48,1,True,1.4127,0.0837,>.80,
ETH/USDT,2024-10-20,LONG,0.8384,2747.15,2666.57,1,True,-2.9332,1.4218,>.80,1-1.5x
ETH/USDT,2024-10-25,LONG,0.5879,2440.8,2508.0,2,True,2.7532,1.5142,.55-.60,1.5-2x
ETH/USDT,2024-10-26,LONG,0.7094,2482.7,2508.0,1,True,1.0191,0.6877,.70-.80,
ETH/USDT,2024-10-28,LONG,0.7016,2567.4,2494.3,5,False,-2.8472,0.9322,.70-.80,
ETH/USDT,2024-10-30,LONG,0.5673,2659.07,2457.52,4,True,-7.5797,0.3058,.55-.60,
ETH/USDT,2024-10-31,LONG,0.903,2518.72,2457.52,3,True,-2.4298,1.9037,>.80,1.5-2x
ETH/USDT,2024-11-01,LONG,0.6324,2511.76,2457.52,2,True,-2.1594,0.1002,.60-.70,
ETH/USDT,2024-11-04,LONG,0.612,2398.15,3126.35,5,False,30.3651,1.0188,.60-.70,1-1.5x
ETH/USDT,2024-11-06,LONG,0.7303,2721.85,3126.35,3,True,14.8612,3.3286,.70-.80,3-5x
ETH/USDT,2024-11-07,LONG,0.8615,2895.42,3126.35,2,True,7.9757,1.6137,>.80,1.5-2x
ETH/USDT,2024-11-08,LONG,0.7318,2962.15,3126.35,1,True,5.5433,0.5804,.70-.80,
ETH/USDT,2024-11-10,LONG,0.9111,3183.15,3089.66,5,False,-2.937,0.4567,>.80,
ETH/USDT,2024-11-11,LONG,0.5604,3371.46,3089.66,4,True,-8.3584,1.4518,.55-.60,1-1.5x
ETH/USDT,2024-11-12,LONG,0.8056,3243.8,3089.66,3,True,-4.7518,0.9284,>.80,
ETH/USDT,2024-11-13,LONG,0.5727,3187.18,3089.66,2,True,-3.0598,0.4223,.55-.60,
ETH/USDT,2024-11-14,LONG,0.9587,3058.97,3089.66,1,True,1.0033,0.9692,>.80,
ETH/USDT,2024-11-18,LONG,0.714,3208.01,3070.0,2,True,-4.302,1.0104,.70-.80,1-1.5x
ETH/USDT,2024-11-19,LONG,0.6469,3107.69,3070.0,1,True,-1.2128,0.7203,.60-.70,
ETH/USDT,2024-11-22,LONG,0.589,3327.68,3653.43,5,False,9.7891,0.1882,.55-.60,
ETH/USDT,2024-11-23,LONG,0.5593,3394.16,3578.42,5,False,5.4287,0.4487,.55-.60,
ETH/USDT,2024-11-24,LONG,0.855,3361.2,3591.99,5,False,6.8663,0.2211,>.80,
ETH/USDT,2024-11-26,LONG,0.5657,3325.13,3707.45,5,False,11.4979,0.7066,.55-.60,
ETH/USDT,2024-11-27,LONG,0.8771,3653.43,3707.45,4,True,1.4786,2.4355,>.80,2-3x
ETH/USDT,2024-11-29,LONG,0.5987,3591.99,3707.45,2,True,3.2144,0.0955,.55-.60,
ETH/USDT,2024-11-30,LONG,0.7836,3703.63,3707.45,1,True,0.1031,0.777,.70-.80,
ETH/USDT,2024-12-02,LONG,0.5985,3643.79,3614.65,1,True,-0.7997,0.4613,.55-.60,
ETH/USDT,2024-12-04,LONG,0.6219,3837.55,4004.53,4,True,4.3512,1.6605,.60-.70,1.5-2x
ETH/USDT,2024-12-06,LONG,0.5688,3998.81,4004.53,2,True,0.143,1.4466,.55-.60,1-1.5x
ETH/USDT,2024-12-07,LONG,0.802,3996.59,4004.53,1,True,0.1987,0.0145,>.80,
ETH/USDT,2024-12-09,LONG,0.6706,3712.05,3627.81,1,True,-2.2694,1.7669,.60-.70,1.5-2x
ETH/USDT,2024-12-12,LONG,0.6474,3881.75,3892.62,5,False,0.28,0.3422,.60-.70,
ETH/USDT,2024-12-13,LONG,0.6045,3906.79,3627.03,5,False,-7.1609,0.1688,.60-.70,
ETH/USDT,2024-12-14,LONG,0.7688,3870.27,3627.03,4,True,-6.2848,0.2447,.70-.80,
ETH/USDT,2024-12-15,LONG,0.6176,3959.77,3627.03,3,True,-8.403,0.6036,.60-.70,
ETH/USDT,2024-12-16,LONG,0.5597,3986.37,3627.03,2,True,-9.0142,0.1794,.55-.60,
ETH/USDT,2024-12-17,LONG,0.6303,3892.62,3627.03,1,True,-6.8229,0.7419,.60-.70,
ETH/USDT,2024-12-20,LONG,0.9297,3472.3,3338.88,1,True,-3.8424,0.4351,>.80,
ETH/USDT,2024-12-25,LONG,0.6099,3496.99,3361.85,5,False,-3.8645,0.0295,.60-.70,
ETH/USDT,2024-12-26,LONG,0.5822,3334.56,3337.41,5,False,0.0855,1.3218,.55-.60,1-1.5x
ETH/USDT,2024-12-27,LONG,0.7953,3333.41,3360.38,5,False,0.8091,0.0098,.70-.80,
ETH/USDT,2024-12-29,LONG,0.7551,3356.41,3609.19,5,False,7.5313,0.435,.70-.80,
ETH/USDT,2024-12-30,LONG,0.6858,3361.85,3656.88,5,False,8.7758,0.0506,.60-.70,
ETH/USDT,2024-12-31,LONG,0.6237,3337.41,3635.99,5,False,8.9465,0.2525,.60-.70,
ETH/USDT,2025-01-03,LONG,0.7391,3609.19,3635.99,2,True,0.7425,1.4021,.70-.80,1-1.5x
ETH/USDT,2025-01-07,LONG,0.721,3380.81,3327.08,1,True,-1.5893,2.5345,.70-.80,2-3x
ETH/USDT,2025-01-10,LONG,0.84,3267.1,3267.49,2,True,0.0119,0.4953,>.80,
ETH/USDT,2025-01-13,LONG,0.6777,3137.61,3225.68,1,True,2.8069,1.3842,.60-.70,1-1.5x
ETH/USDT,2025-01-20,LONG,0.6528,3284.4,3327.5,1,True,1.3123,0.5725,.60-.70,
ETH/USDT,2025-01-22,LONG,0.7681,3243.15,3183.0,5,False,-1.8547,0.6779,.70-.80,
ETH/USDT,2025-01-23,LONG,0.7784,3338.98,3183.0,4,True,-4.6715,0.8082,.70-.80,
ETH/USDT,2025-01-24,LONG,0.8108,3310.21,3183.0,3,True,-3.843,0.2369,>.80,
ETH/USDT,2025-01-25,LONG,0.5565,3319.4,3183.0,2,True,-4.1092,0.0763,.55-.60,
ETH/USDT,2025-01-26,LONG,0.8126,3232.81,3183.0,1,True,-1.5408,0.7155,>.80,
ETH/USDT,2025-01-31,LONG,0.578,3301.1,3117.31,1,True,-5.5675,0.4958,.55-.60,
ETH/USDT,2025-02-03,LONG,0.9755,2879.38,2788.22,2,True,-3.166,0.0866,>.80,
ETH/USDT,2025-02-04,LONG,0.5614,2731.55,2788.22,1,True,2.0746,1.4624,.55-.60,1-1.5x
ETH/USDT,2025-02-06,LONG,0.9966,2686.92,2627.22,3,True,-2.2219,1.1096,>.80,1-1.5x
ETH/USDT,2025-02-08,LONG,0.6524,2632.29,2627.22,1,True,-0.1926,0.1213,.60-.70,
ETH/USDT,2025-02-13,LONG,0.6263,2675.81,2693.3,2,True,0.6536,0.6944,.60-.70,
ETH/USDT,2025-02-14,LONG,0.5762,2725.52,2693.3,1,True,-1.1822,0.5563,.55-.60,
ETH/USDT,2025-02-25,LONG,0.6047,2495.3,2336.4,1,True,-6.368,0.2136,.60-.70,
ETH/USDT,2025-02-28,LONG,0.6547,2237.62,2217.6,1,True,-0.8947,0.8384,.60-.70,
ETH/USDT,2025-03-02,LONG,0.5715,2518.04,2149.28,1,True,-14.6447,2.806,.55-.60,2-3x
ETH/USDT,2025-03-04,LONG,0.5607,2171.6,2241.61,1,True,3.2239,0.1837,.55-.60,
ETH/USDT,2025-03-07,LONG,0.7792,2141.8,2203.79,1,True,2.8943,0.4822,.70-.80,
ETH/USDT,2025-03-10,LONG,0.6302,1865.29,1908.49,2,True,2.316,1.2602,.60-.70,1-1.5x
ETH/USDT,2025-03-11,LONG,0.6076,1923.45,1908.49,1,True,-0.7778,0.5076,.60-.70,
ETH/USDT,2025-03-14,LONG,0.6874,1911.54,1887.3,2,True,-1.2681,0.4133,.60-.70,
ETH/USDT,2025-03-15,LONG,0.6446,1937.29,1887.3,1,True,-2.5804,0.2229,.60-.70,
ETH/USDT,2025-03-17,LONG,0.6066,1926.27,2056.49,2,True,6.7602,0.3621,.60-.70,
ETH/USDT,2025-03-18,LONG,0.5732,1931.49,2056.49,1,True,6.4717,0.0486,.55-.60,
ETH/USDT,2025-03-21,LONG,0.5823,1965.84,1980.7,1,True,0.7559,0.1556,.55-.60,
ETH/USDT,2025-03-23,LONG,0.5862,2006.02,2066.41,2,True,3.0104,0.353,.55-.60,
ETH/USDT,2025-03-24,LONG,0.5944,2081.16,2066.41,1,True,-0.7087,1.0063,.55-.60,1-1.5x
ETH/USDT,2025-03-26,LONG,0.5758,2009.47,1897.03,2,True,-5.5955,0.7518,.55-.60,
ETH/USDT,2025-03-27,LONG,0.6157,2003.81,1897.03,1,True,-5.3288,0.0777,.60-.70,
ETH/USDT,2025-03-30,LONG,0.5876,1807.93,1822.39,1,True,0.7998,0.3875,.55-.60,
ETH/USDT,2025-04-03,LONG,0.55,1816.94,1805.87,2,True,-0.6093,0.3808,.50-.55,
ETH/USDT,2025-04-04,LONG,0.5721,1817.05,1805.87,1,True,-0.6153,0.0019,.55-.60,
BNB/USDT,2024-08-27,LONG,0.6561,533.2,537.1,1,True,0.7314,0.8533,.60-.70,
BNB/USDT,2024-08-31,LONG,0.61,533.1,512.3,1,True,-3.9017,0.1695,.60-.70,
BNB/USDT,2024-09-04,LONG,0.5755,507.9,486.9,2,True,-4.1347,0.8345,.55-.60,
BNB/USDT,2024-09-05,LONG,0.6645,502.5,486.9,1,True,-3.1045,0.4171,.60-.70,
BNB/USDT,2024-09-08,LONG,0.6683,503.1,517.0,2,True,2.7629,0.9296,.60-.70,
BNB/USDT,2024-09-14,LONG,0.6835,553.4,567.0,5,False,2.4575,0.2165,.60-.70,
BNB/USDT,2024-09-15,LONG,0.8068,553.2,567.0,4,True,2.4946,0.0173,>.80,
BNB/USDT,2024-09-16,LONG,0.7809,533.6,567.0,3,True,6.2594,1.647,.70-.80,1.5-2x
BNB/USDT,2024-09-17,LONG,0.6801,546.2,567.0,2,True,3.8081,1.0688,.60-.70,1-1.5x
BNB/USDT,2024-09-18,LONG,0.8354,559.7,567.0,1,True,1.3043,1.0884,>.80,1-1.5x
BNB/USDT,2024-09-20,LONG,0.5857,569.1,604.8,3,True,6.2731,0.1629,.55-.60,
BNB/USDT,2024-09-21,LONG,0.6494,588.7,604.8,2,True,2.7348,1.6097,.60-.70,1.5-2x
BNB/USDT,2024-09-22,LONG,0.7368,588.6,604.8,1,True,2.7523,0.0081,.70-.80,
BNB/USDT,2024-09-24,LONG,0.6726,606.0,596.2,2,True,-1.6172,0.1005,.60-.70,
BNB/USDT,2024-09-25,LONG,0.655,587.7,596.2,1,True,1.4463,1.4239,.60-.70,1-1.5x
BNB/USDT,2024-10-02,LONG,0.5529,542.8,544.8,1,True,0.3685,0.3548,.55-.60,
BNB/USDT,2024-10-04,LONG,0.6763,555.5,570.5,2,True,2.7003,0.851,.60-.70,
BNB/USDT,2024-10-05,LONG,0.6268,563.0,570.5,1,True,1.3321,0.5804,.60-.70,
BNB/USDT,2024-10-11,LONG,0.5878,573.5,576.4,1,True,0.5057,0.8375,.55-.60,
BNB/USDT,2024-10-14,LONG,0.5708,589.1,600.9,2,True,2.0031,1.3781,.55-.60,1-1.5x
BNB/USDT,2024-10-17,LONG,0.6937,592.8,593.9,5,False,0.1856,0.6804,.60-.70,
BNB/USDT,2024-10-18,LONG,0.658,599.4,593.9,4,True,-0.9176,0.5603,.60-.70,
BNB/USDT,2024-10-19,LONG,0.6262,597.8,593.9,3,True,-0.6524,0.135,.60-.70,
BNB/USDT,2024-10-20,LONG,0.7914,605.9,593.9,2,True,-1.9805,0.819,.70-.80,
BNB/USDT,2024-10-21,LONG,0.5689,598.8,593.9,1,True,-0.8183,0.8229,.55-.60,
BNB/USDT,2024-10-23,LONG,0.6877,585.1,594.7,1,True,1.6407,0.9953,.60-.70,
BNB/USDT,2024-10-26,LONG,0.6144,583.4,589.4,1,True,1.0285,0.8852,.60-.70,
BNB/USDT,2024-10-28,LONG,0.7675,601.3,606.6,1,True,0.8814,1.266,.70-.80,1-1.5x
BNB/USDT,2024-11-02,LONG,0.7629,568.7,557.8,1,True,-1.9167,0.4581,.70-.80,
BNB/USDT,2024-11-05,LONG,0.563,563.4,592.3,1,True,5.1296,1.1742,.55-.60,1-1.5x
BNB/USDT,2024-11-07,LONG,0.5602,598.5,659.8,4,True,10.2423,0.517,.55-.60,
BNB/USDT,2024-11-08,LONG,0.5672,597.9,659.8,3,True,10.3529,0.0495,.55-.60,
BNB/USDT,2024-11-09,LONG,0.89,624.9,659.8,2,True,5.5849,2.0114,>.80,2-3x
BNB/USDT,2024-11-12,LONG,0.9246,625.9,620.7,1,True,-0.8308,1.8765,>.80,1.5-2x
BNB/USDT,2024-11-14,LONG,0.9927,622.5,619.1,1,True,-0.5462,0.1115,>.80,
BNB/USDT,2024-11-16,LONG,0.681,622.6,618.9,1,True,-0.5943,0.218,.60-.70,
BNB/USDT,2024-11-18,LONG,0.8402,619.4,615.6,1,True,-0.6135,0.0315,>.80,
BNB/USDT,2024-11-22,LONG,0.5559,633.2,660.1,2,True,4.2483,0.7175,.55-.60,
BNB/USDT,2024-11-23,LONG,0.6155,650.4,660.1,1,True,1.4914,1.1048,.60-.70,1-1.5x
BNB/USDT,2024-11-27,LONG,0.874,644.5,647.9,5,False,0.5275,1.8012,>.80,1.5-2x
BNB/USDT,2024-11-28,LONG,0.9109,654.3,735.4,5,False,12.3949,0.5497,>.80,
BNB/USDT,2024-11-29,LONG,0.6909,654.4,739.7,5,False,13.0348,0.0059,.60-.70,
BNB/USDT,2024-11-30,LONG,0.9274,653.6,739.7,4,True,13.1732,0.047,>.80,
BNB/USDT,2024-12-01,LONG,0.7736,655.7,739.7,3,True,12.8107,0.1379,.70-.80,
BNB/USDT,2024-12-02,LONG,0.6228,647.9,739.7,2,True,14.1689,0.5891,.60-.70,
BNB/USDT,2024-12-03,LONG,0.979,735.4,739.7,1,True,0.5847,3.7734,>.80,3-5x
BNB/USDT,2024-12-06,LONG,0.972,730.3,749.9,1,True,2.6838,0.4814,>.80,
BNB/USDT,2024-12-08,LONG,0.591,741.9,676.8,2,True,-8.7748,0.2879,.55-.60,
BNB/USDT,2024-12-09,LONG,0.7603,689.2,676.8,1,True,-1.7992,1.7272,.70-.80,1.5-2x
BNB/USDT,2024-12-11,LONG,0.6735,711.2,706.0,1,True,-0.7312,1.2053,.60-.70,1-1.5x
BNB/USDT,2024-12-13,LONG,0.6524,725.8,721.0,3,True,-0.6613,0.6639,.60-.70,
BNB/USDT,2024-12-14,LONG,0.8046,715.9,721.0,2,True,0.7124,0.3215,>.80,
BNB/USDT,2024-12-15,LONG,0.7772,718.9,721.0,1,True,0.2921,0.1014,.70-.80,
BNB/USDT,2024-12-18,LONG,0.7935,686.3,663.6,3,True,-3.3076,1.0795,.70-.80,1-1.5x
BNB/USDT,2024-12-19,LONG,0.5506,665.4,663.6,2,True,-0.2705,0.7388,.55-.60,
BNB/USDT,2024-12-20,LONG,0.8333,678.4,663.6,1,True,-2.1816,0.4718,>.80,
BNB/USDT,2024-12-22,LONG,0.6888,649.8,694.1,1,True,6.8175,0.4956,.60-.70,
BNB/USDT,2024-12-29,LONG,0.6984,694.9,702.3,2,True,1.0649,1.2828,.60-.70,1-1.5x
BNB/USDT,2024-12-30,LONG,0.6526,705.4,702.3,1,True,-0.4395,0.5141,.60-.70,
BNB/USDT,2025-01-02,LONG,0.6002,706.7,714.8,1,True,1.1462,0.0537,.60-.70,
BNB/USDT,2025-01-04,LONG,0.5597,713.5,729.9,2,True,2.2985,0.0692,.55-.60,
BNB/USDT,2025-01-15,LONG,0.5579,714.7,708.2,1,True,-0.9095,1.1056,.55-.60,1-1.5x
BNB/USDT,2025-01-18,LONG,0.6274,709.8,692.5,3,True,-2.4373,0.9976,.60-.70,
BNB/USDT,2025-01-19,LONG,0.559,683.0,692.5,2,True,1.3909,2.0613,.55-.60,2-3x
BNB/USDT,2025-01-20,LONG,0.5774,682.5,692.5,1,True,1.4652,0.04,.55-.60,
BNB/USDT,2025-01-23,LONG,0.6525,689.7,667.1,3,True,-3.2768,0.46,.60-.70,
BNB/USDT,2025-01-24,LONG,0.5838,680.7,667.1,2,True,-1.9979,0.701,.55-.60,
BNB/USDT,2025-01-25,LONG,0.6017,686.6,667.1,1,True,-2.8401,0.4624,.60-.70,
BNB/USDT,2025-01-27,LONG,0.7212,680.0,661.3,1,True,-2.75,1.1847,.70-.80,1-1.5x
BNB/USDT,2025-01-29,LONG,0.5724,667.7,677.6,1,True,1.4827,0.5607,.55-.60,
BNB/USDT,2025-01-31,LONG,0.5865,677.6,569.6,5,False,-15.9386,0.0,.55-.60,
BNB/USDT,2025-02-02,LONG,0.5791,618.0,569.6,3,True,-7.8317,2.4148,.55-.60,2-3x
BNB/USDT,2025-02-03,LONG,0.8245,616.8,569.6,2,True,-7.6524,0.0896,>.80,
BNB/USDT,2025-02-06,LONG,0.985,571.8,577.7,1,True,1.0318,0.1585,>.80,
BNB/USDT,2025-02-13,LONG,0.973,664.5,673.2,3,True,1.3093,1.2508,>.80,1-1.5x
BNB/USDT,2025-02-14,LONG,0.8204,659.9,673.2,2,True,2.0155,0.1859,>.80,
BNB/USDT,2025-02-15,LONG,0.9164,662.3,673.2,1,True,1.6458,0.0991,>.80,
BNB/USDT,2025-02-19,LONG,0.9053,654.0,658.0,4,True,0.6116,0.2407,>.80,
BNB/USDT,2025-02-20,LONG,0.5506,656.3,658.0,3,True,0.259,0.0962,.55-.60,
BNB/USDT,2025-02-25,LONG,0.6115,623.4,588.2,3,True,-5.6465,0.4338,.60-.70,
BNB/USDT,2025-02-27,LONG,0.6403,605.8,588.2,1,True,-2.9052,0.2718,.60-.70,
BNB/USDT,2025-03-01,LONG,0.5633,607.7,598.3,4,True,-1.5468,1.0025,.55-.60,1-1.5x
BNB/USDT,2025-03-07,LONG,0.592,594.9,554.7,2,True,-6.7574,0.102,.55-.60,
BNB/USDT,2025-03-11,LONG,0.633,551.6,579.9,2,True,5.1305,1.1146,.60-.70,1-1.5x
BNB/USDT,2025-03-12,LONG,0.6448,569.8,579.9,1,True,1.7726,0.9362,.60-.70,
BNB/USDT,2025-03-14,LONG,0.6457,588.1,627.7,4,True,6.7335,0.4062,.60-.70,
BNB/USDT,2025-03-17,LONG,0.5796,632.0,627.7,1,True,-0.6804,1.3554,.55-.60,1-1.5x
BNB/USDT,2025-03-20,LONG,0.5537,630.3,635.1,1,True,0.7615,0.5413,.55-.60,
BNB/USDT,2025-03-22,LONG,0.6321,627.0,637.0,5,False,1.5949,0.3685,.60-.70,
BNB/USDT,2025-03-24,LONG,0.5919,637.3,602.7,5,False,-5.4292,0.7399,.55-.60,
BNB/USDT,2025-03-28,LONG,0.6532,619.8,602.3,2,True,-2.8235,0.8624,.60-.70,
BNB/USDT,2025-04-03,LONG,0.668,592.6,553.9,5,False,-6.5305,0.1499,.60-.70,
BNB/USDT,2025-04-05,LONG,0.6915,593.5,553.9,3,True,-6.6723,0.3479,.60-.70,
SOL/USDT,2024-08-29,LONG,0.6175,140.02,134.94,4,True,-3.6281,0.7922,.60-.70,
SOL/USDT,2024-08-30,LONG,0.7448,137.99,134.94,3,True,-2.2103,0.4238,.70-.80,
SOL/USDT,2024-09-04,LONG,0.7149,133.61,129.4,1,True,-3.151,1.3039,.70-.80,1-1.5x
SOL/USDT,2024-09-06,LONG,0.6033,125.03,130.1,2,True,4.055,0.9177,.60-.70,
SOL/USDT,2024-09-07,LONG,0.7897,127.71,130.1,1,True,1.8714,0.5754,.70-.80,
SOL/USDT,2024-09-09,LONG,0.6116,135.05,135.61,1,True,0.4147,0.9878,.60-.70,
SOL/USDT,2024-09-11,LONG,0.5957,132.4,138.98,2,True,4.9698,0.61,.55-.60,
SOL/USDT,2024-09-12,LONG,0.6611,136.04,138.98,1,True,2.1611,0.7718,.60-.70,
SOL/USDT,2024-09-20,LONG,0.556,146.66,149.46,1,True,1.9092,0.76,.55-.60,
SOL/USDT,2024-09-24,LONG,0.6444,152.71,155.51,2,True,1.8335,1.8437,.60-.70,1.5-2x
SOL/USDT,2024-09-27,LONG,0.6738,157.63,140.2,5,False,-11.0575,0.4626,.60-.70,
SOL/USDT,2024-09-28,LONG,0.7637,156.79,136.79,5,False,-12.7559,0.1799,.70-.80,
SOL/USDT,2024-09-29,LONG,0.6758,158.46,136.79,4,True,-13.6754,0.3689,.60-.70,
SOL/USDT,2024-10-01,LONG,0.7398,145.16,136.79,2,True,-5.7661,1.4876,.70-.80,1-1.5x
SOL/USDT,2024-10-04,LONG,0.8189,143.23,143.98,3,True,0.5236,1.3579,>.80,1-1.5x
SOL/USDT,2024-10-05,LONG,0.675,142.6,143.98,2,True,0.9677,0.1329,.60-.70,
SOL/USDT,2024-10-11,LONG,0.5564,145.5,146.38,1,True,0.6048,1.4403,.55-.60,1-1.5x
SOL/USDT,2024-10-16,LONG,0.6061,154.25,166.16,5,False,7.7212,0.1058,.60-.70,
SOL/USDT,2024-10-17,LONG,0.7694,150.5,167.59,5,False,11.3555,0.8046,.70-.80,
SOL/USDT,2024-10-18,LONG,0.6029,154.95,170.86,5,False,10.2678,0.9537,.60-.70,
SOL/USDT,2024-10-19,LONG,0.7408,159.77,177.2,5,False,10.9094,0.9811,.70-.80,
SOL/USDT,2024-10-20,LONG,0.8242,167.41,177.2,4,True,5.8479,1.4943,>.80,1-1.5x
SOL/USDT,2024-10-21,LONG,0.647,166.16,177.2,3,True,6.6442,0.2519,.60-.70,
SOL/USDT,2024-10-22,LONG,0.7047,167.59,177.2,2,True,5.7342,0.3074,.70-.80,
SOL/USDT,2024-10-23,LONG,0.7364,170.86,177.2,1,True,3.7106,0.7248,.70-.80,
SOL/USDT,2024-10-25,LONG,0.5934,164.89,176.64,2,True,7.126,2.1863,.55-.60,2-3x
SOL/USDT,2024-10-26,LONG,0.5833,170.89,176.64,1,True,3.3647,1.1324,.55-.60,1-1.5x
SOL/USDT,2024-10-28,LONG,0.8376,178.29,166.16,5,False,-6.8035,0.2931,>.80,
SOL/USDT,2024-10-29,LONG,0.6283,179.43,162.5,5,False,-9.4354,0.21,.60-.70,
SOL/USDT,2024-10-30,LONG,0.6332,174.86,162.5,4,True,-7.0685,0.8086,.60-.70,
SOL/USDT,2024-10-31,LONG,0.8725,168.66,162.5,3,True,-3.6523,1.1044,>.80,1-1.5x
SOL/USDT,2024-11-01,LONG,0.5613,166.1,162.5,2,True,-2.1674,0.4668,.55-.60,
SOL/USDT,2024-11-02,LONG,0.7589,166.16,162.5,1,True,-2.2027,0.0111,.70-.80,
SOL/USDT,2024-11-07,LONG,0.7102,196.33,199.85,1,True,1.7929,1.2603,.70-.80,1-1.5x
SOL/USDT,2024-11-10,LONG,0.7398,210.08,222.14,1,True,5.7407,1.2307,.70-.80,1-1.5x
SOL/USDT,2024-11-12,LONG,0.6732,211.63,218.48,3,True,3.2368,1.0582,.60-.70,1-1.5x
SOL/USDT,2024-11-13,LONG,0.5755,215.16,218.48,2,True,1.543,0.3763,.55-.60,
SOL/USDT,2024-11-14,LONG,0.9544,209.55,218.48,1,True,4.2615,0.6336,>.80,
SOL/USDT,2024-11-16,LONG,0.7441,215.73,237.46,1,True,10.0728,0.3037,.70-.80,
SOL/USDT,2024-11-18,LONG,0.8327,239.78,256.95,4,True,7.1607,0.2123,>.80,
SOL/USDT,2024-11-19,LONG,0.6938,237.62,256.95,3,True,8.1348,0.1984,.60-.70,
SOL/USDT,2024-11-20,LONG,0.9201,235.47,256.95,2,True,9.1222,0.2048,>.80,
SOL/USDT,2024-11-21,LONG,0.8744,256.4,256.95,1,True,0.2145,1.9247,>.80,1.5-2x
SOL/USDT,2024-11-24,LONG,0.8621,252.75,234.22,1,True,-7.3314,0.1885,>.80,
SOL/USDT,2024-11-26,LONG,0.6714,230.69,243.33,3,True,5.4792,0.3487,.60-.70,
SOL/USDT,2024-11-27,LONG,0.7572,241.97,243.33,2,True,0.5621,1.1356,.70-.80,1-1.5x
SOL/USDT,2024-11-28,LONG,0.7049,237.61,243.33,1,True,2.4073,0.414,.70-.80,
SOL/USDT,2024-12-03,LONG,0.8672,233.91,229.14,1,True,-2.0392,0.8603,>.80,
SOL/USDT,2024-12-06,LONG,0.8189,236.83,238.1,1,True,0.5362,0.099,>.80,
SOL/USDT,2024-12-08,LONG,0.6686,237.04,216.65,1,True,-8.6019,0.1294,.60-.70,
SOL/USDT,2024-12-11,LONG,0.6562,227.27,224.78,2,True,-1.0956,1.7433,.60-.70,1.5-2x
SOL/USDT,2024-12-12,LONG,0.556,226.93,224.78,1,True,-0.9474,0.0408,.55-.60,
SOL/USDT,2024-12-14,LONG,0.7182,219.91,206.56,4,True,-6.0707,0.5887,.70-.80,
SOL/USDT,2024-12-15,LONG,0.6709,224.26,206.56,3,True,-7.8926,0.5882,.60-.70,
SOL/USDT,2024-12-17,LONG,0.6886,223.17,206.56,1,True,-7.4428,0.9682,.60-.70,
SOL/USDT,2024-12-24,LONG,0.6641,197.13,197.46,1,True,0.1674,0.8862,.60-.70,
SOL/USDT,2024-12-28,LONG,0.5573,195.51,189.29,3,True,-3.1814,1.3712,.55-.60,1-1.5x
SOL/USDT,2024-12-29,LONG,0.65,189.96,189.29,2,True,-0.3527,0.6904,.60-.70,
SOL/USDT,2024-12-30,LONG,0.6806,191.34,189.29,1,True,-1.0714,0.1765,.60-.70,
SOL/USDT,2025-01-01,LONG,0.5658,194.3,216.64,3,True,11.4977,0.6848,.55-.60,
SOL/USDT,2025-01-03,LONG,0.7287,218.0,216.64,1,True,-0.6239,1.0698,.70-.80,1-1.5x
SOL/USDT,2025-01-05,LONG,0.7418,213.42,197.48,3,True,-7.4688,0.3476,.70-.80,
SOL/USDT,2025-01-06,LONG,0.6897,218.23,197.48,2,True,-9.5083,0.5311,.60-.70,
SOL/USDT,2025-01-07,LONG,0.6364,202.15,197.48,1,True,-2.3102,1.7392,.60-.70,1.5-2x
SOL/USDT,2025-01-10,LONG,0.7827,187.73,188.1,1,True,0.1971,0.3742,.70-.80,
SOL/USDT,2025-01-13,LONG,0.5721,182.81,187.53,1,True,2.5819,0.8011,.55-.60,
SOL/USDT,2025-01-19,LONG,0.8957,257.33,253.38,5,False,-1.535,0.302,>.80,
SOL/USDT,2025-01-20,LONG,0.9014,242.13,253.38,4,True,4.6463,0.9756,>.80,
SOL/USDT,2025-01-21,LONG,0.9656,250.35,253.38,3,True,1.2103,0.5598,>.80,
SOL/USDT,2025-01-22,LONG,0.9637,257.39,253.38,2,True,-1.5579,0.4747,>.80,
SOL/USDT,2025-01-23,LONG,0.9728,253.09,253.38,1,True,0.1146,0.2832,>.80,
SOL/USDT,2025-01-25,LONG,0.6603,256.41,234.93,2,True,-8.3772,0.204,.60-.70,
SOL/USDT,2025-01-26,LONG,0.9025,240.5,234.93,1,True,-2.316,1.0214,>.80,1-1.5x
SOL/USDT,2025-01-31,LONG,0.6871,231.76,212.98,1,True,-8.1032,0.4792,.60-.70,
SOL/USDT,2025-02-03,LONG,0.8587,216.25,189.55,3,True,-12.3468,1.0007,>.80,1-1.5x
SOL/USDT,2025-02-04,LONG,0.5571,206.59,189.55,2,True,-8.2482,0.7442,.55-.60,
SOL/USDT,2025-02-08,LONG,0.6723,199.28,200.49,1,True,0.6072,0.9419,.60-.70,
SOL/USDT,2025-02-11,LONG,0.6797,197.99,199.41,3,True,0.7172,0.3398,.60-.70,
SOL/USDT,2025-02-18,LONG,0.6339,169.3,168.92,1,True,-0.2245,1.2398,.60-.70,1-1.5x
SOL/USDT,2025-02-25,LONG,0.7085,144.32,135.31,1,True,-6.2431,0.4086,.70-.80,
SOL/USDT,2025-02-28,LONG,0.6458,148.13,143.63,1,True,-3.0379,1.5892,.60-.70,1.5-2x
SOL/USDT,2025-03-02,LONG,0.7443,178.74,142.16,1,True,-20.4655,3.2517,.70-.80,3-5x
SOL/USDT,2025-03-04,LONG,0.7082,144.79,143.29,2,True,-1.036,0.2104,.70-.80,
SOL/USDT,2025-03-05,LONG,0.9382,146.26,143.29,1,True,-2.0306,0.1153,>.80,
SOL/USDT,2025-03-07,LONG,0.869,139.39,137.0,1,True,-1.7146,0.3104,>.80,
SOL/USDT,2025-03-10,LONG,0.7272,118.34,126.62,2,True,6.9968,0.7309,.70-.80,
SOL/USDT,2025-03-11,LONG,0.6779,125.37,126.62,1,True,0.997,0.6589,.60-.70,
SOL/USDT,2025-03-14,LONG,0.6841,133.56,135.87,1,True,1.7296,0.9015,.60-.70,
SOL/USDT,2025-03-19,LONG,0.6697,135.33,128.51,3,True,-5.0395,0.9167,.60-.70,
SOL/USDT,2025-03-23,LONG,0.6322,132.84,129.49,5,False,-2.5218,0.7362,.60-.70,
SOL/USDT,2025-03-25,LONG,0.6806,143.63,124.6,4,True,-13.2493,0.391,.60-.70,
SOL/USDT,2025-03-26,LONG,0.669,137.38,124.6,3,True,-9.3027,0.8937,.60-.70,
SOL/USDT,2025-03-27,LONG,0.5631,138.46,124.6,2,True,-10.0101,0.1627,.55-.60,
SOL/USDT,2025-03-28,LONG,0.6512,129.49,124.6,1,True,-3.7764,1.2858,.60-.70,1-1.5x
SOL/USDT,2025-04-02,LONG,0.6919,117.44,122.78,2,True,4.547,1.5733,.60-.70,1.5-2x
XRP/USDT,2024-08-27,LONG,0.5638,0.5666,0.5621,2,True,-0.7942,1.2557,.55-.60,1-1.5x
XRP/USDT,2024-08-28,LONG,0.5503,0.5693,0.5621,1,True,-1.2647,0.1739,.55-.60,
XRP/USDT,2024-09-04,LONG,0.5652,0.558,0.521,2,True,-6.6308,0.0549,.55-.60,
XRP/USDT,2024-09-08,LONG,0.6201,0.5294,0.5727,5,False,8.1791,0.4226,.60-.70,
XRP/USDT,2024-09-10,LONG,0.5862,0.5407,0.5956,4,True,10.1535,0.107,.55-.60,
XRP/USDT,2024-09-12,LONG,0.5663,0.5624,0.5956,2,True,5.9033,2.1831,.55-.60,2-3x
XRP/USDT,2024-09-17,LONG,0.6885,0.5838,0.5853,1,True,0.2569,0.1741,.60-.70,
XRP/USDT,2024-09-19,LONG,0.5874,0.5869,0.585,1,True,-0.3237,0.1044,.55-.60,
XRP/USDT,2024-09-21,LONG,0.7563,0.5976,0.5871,1,True,-1.757,0.8561,.70-.80,
XRP/USDT,2024-09-23,LONG,0.5759,0.5847,0.5911,1,True,1.0946,0.1706,.55-.60,
XRP/USDT,2024-09-27,LONG,0.6363,0.5885,0.6137,1,True,4.2821,0.1536,.60-.70,
XRP/USDT,2024-10-03,LONG,0.8356,0.5217,0.5295,2,True,1.4951,0.9121,>.80,
XRP/USDT,2024-10-04,LONG,0.8835,0.5339,0.5295,1,True,-0.8241,0.7029,>.80,
XRP/USDT,2024-10-06,LONG,0.6012,0.5335,0.5245,3,True,-1.687,0.2405,.60-.70,
XRP/USDT,2024-10-07,LONG,0.8697,0.5288,0.5245,2,True,-0.8132,0.2804,>.80,
XRP/USDT,2024-10-08,LONG,0.6739,0.5311,0.5245,1,True,-1.2427,0.1383,.60-.70,
XRP/USDT,2024-10-13,LONG,0.5589,0.532,0.5416,2,True,1.8045,0.4313,.55-.60,
XRP/USDT,2024-10-17,LONG,0.7864,0.5441,0.5466,1,True,0.4595,0.2326,.70-.80,
XRP/USDT,2024-10-19,LONG,0.6164,0.5441,0.5481,1,True,0.7352,0.1635,.60-.70,
XRP/USDT,2024-10-21,LONG,0.6444,0.5449,0.5135,5,False,-5.7625,0.2222,.60-.70,
XRP/USDT,2024-10-23,LONG,0.7693,0.5258,0.517,4,True,-1.6736,1.1126,.70-.80,1-1.5x
XRP/USDT,2024-10-24,LONG,0.7575,0.532,0.517,3,True,-2.8195,0.9188,.70-.80,
XRP/USDT,2024-10-25,LONG,0.5894,0.5022,0.517,2,True,2.947,3.1325,.55-.60,3-5x
XRP/USDT,2024-10-26,LONG,0.5806,0.5135,0.517,1,True,0.6816,1.2084,.55-.60,1-1.5x
XRP/USDT,2024-10-28,LONG,0.5626,0.5193,0.5096,3,True,-1.8679,0.2387,.55-.60,
XRP/USDT,2024-11-08,LONG,0.5852,0.5535,0.5883,2,True,6.2873,0.1655,.55-.60,
XRP/USDT,2024-11-09,LONG,0.7454,0.5592,0.5883,1,True,5.2039,0.4498,.70-.80,
XRP/USDT,2024-11-12,LONG,0.9684,0.7042,0.69,1,True,-2.0165,3.4813,>.80,3-5x
XRP/USDT,2024-11-14,LONG,0.8171,0.7738,1.1207,2,True,44.8307,2.8382,>.80,2-3x
XRP/USDT,2024-11-15,LONG,0.8971,0.8921,1.1207,1,True,25.6249,2.9539,>.80,2-3x
XRP/USDT,2024-11-17,LONG,0.8812,1.0542,1.1042,3,True,4.7429,0.789,>.80,
XRP/USDT,2024-11-18,LONG,0.9723,1.1141,1.1042,2,True,-0.8886,0.7562,>.80,
XRP/USDT,2024-11-19,LONG,0.9814,1.1004,1.1042,1,True,0.3453,0.1635,>.80,
XRP/USDT,2024-11-24,LONG,0.9087,1.433,1.3984,2,True,-2.4145,0.2984,>.80,
XRP/USDT,2024-11-25,LONG,0.9857,1.4138,1.3984,1,True,-1.0893,0.1627,>.80,
XRP/USDT,2024-11-28,LONG,0.9499,1.5422,1.8003,1,True,16.7358,0.6014,>.80,
XRP/USDT,2024-11-30,LONG,0.6679,1.9514,2.2957,1,True,17.6437,0.9833,.60-.70,
XRP/USDT,2024-12-02,LONG,0.5646,2.7245,2.5102,1,True,-7.8657,2.0404,.55-.60,2-3x
XRP/USDT,2024-12-06,LONG,0.8839,2.4252,2.3946,5,False,-1.2618,0.9141,>.80,
XRP/USDT,2024-12-07,LONG,0.8827,2.6093,2.3382,5,False,-10.3898,0.8999,>.80,
XRP/USDT,2024-12-08,LONG,0.9127,2.6012,2.3382,4,True,-10.1107,0.0365,>.80,
XRP/USDT,2024-12-09,LONG,0.7855,2.212,2.3382,3,True,5.7052,1.5734,.70-.80,1.5-2x
XRP/USDT,2024-12-10,LONG,0.5787,2.3706,2.3382,2,True,-1.3667,0.7551,.55-.60,
XRP/USDT,2024-12-11,LONG,0.6409,2.3946,2.3382,1,True,-2.3553,0.1089,.60-.70,
XRP/USDT,2024-12-13,LONG,0.7747,2.4222,2.484,3,True,2.5514,0.4124,.70-.80,
XRP/USDT,2024-12-14,LONG,0.598,2.4006,2.484,2,True,3.4741,0.1029,.55-.60,
XRP/USDT,2024-12-15,LONG,0.6397,2.4471,2.484,1,True,1.5079,0.2249,.60-.70,
XRP/USDT,2024-12-18,LONG,0.7162,2.31,2.2797,2,True,-1.3117,1.1089,.70-.80,1-1.5x
XRP/USDT,2024-12-19,LONG,0.5778,2.2386,2.2797,1,True,1.836,0.3659,.55-.60,
XRP/USDT,2024-12-22,LONG,0.6436,2.2026,2.2615,1,True,2.6741,0.27,.60-.70,
XRP/USDT,2024-12-29,LONG,0.5841,2.0939,2.4535,5,False,17.1737,1.0732,.55-.60,1-1.5x
XRP/USDT,2025-01-04,LONG,0.6218,2.4201,2.2732,5,False,-6.07,0.3089,.60-.70,
XRP/USDT,2025-01-15,LONG,0.6223,3.1433,3.1052,5,False,-1.2121,3.0619,.60-.70,3-5x
XRP/USDT,2025-01-18,LONG,0.6857,3.2699,3.18,4,True,-2.7493,0.1247,.60-.70,
XRP/USDT,2025-01-19,LONG,0.6214,2.9579,3.18,3,True,7.5087,1.54,.60-.70,1.5-2x
XRP/USDT,2025-01-26,LONG,0.5576,3.0225,3.0683,3,True,1.5153,0.465,.55-.60,
XRP/USDT,2025-01-27,LONG,0.6659,3.0553,3.0683,2,True,0.4255,0.1932,.60-.70,
XRP/USDT,2025-01-30,LONG,0.7276,3.1278,2.8775,2,True,-8.0024,0.3573,.70-.80,
XRP/USDT,2025-01-31,LONG,0.5525,3.0362,2.8775,1,True,-5.2269,0.5707,.55-.60,
XRP/USDT,2025-02-03,LONG,0.8437,2.7,2.3816,2,True,-11.7926,0.8046,>.80,
XRP/USDT,2025-02-07,LONG,0.624,2.3961,2.4732,5,False,3.2177,0.7141,.60-.70,
XRP/USDT,2025-02-09,LONG,0.9185,2.3924,2.7388,5,False,14.4792,0.3075,>.80,
XRP/USDT,2025-02-11,LONG,0.6211,2.4128,2.7621,4,True,14.477,0.122,.60-.70,
XRP/USDT,2025-02-14,LONG,0.6263,2.7388,2.7621,1,True,0.8507,1.6783,.60-.70,1.5-2x
XRP/USDT,2025-02-16,LONG,0.5559,2.7282,2.572,5,False,-5.7254,0.2962,.55-.60,
XRP/USDT,2025-02-17,LONG,0.6409,2.6602,2.574,5,False,-3.2404,0.5983,.60-.70,
XRP/USDT,2025-02-18,LONG,0.5709,2.5632,2.574,4,True,0.4213,0.8656,.55-.60,
XRP/USDT,2025-02-19,LONG,0.6138,2.7375,2.574,3,True,-5.9726,1.508,.60-.70,1.5-2x
XRP/USDT,2025-02-20,LONG,0.5613,2.6882,2.574,2,True,-4.2482,0.4015,.55-.60,
XRP/USDT,2025-02-28,LONG,0.7359,2.1455,2.1915,1,True,2.144,0.5832,.70-.80,
XRP/USDT,2025-03-10,LONG,0.6671,2.0212,2.2396,2,True,10.8055,0.5425,.60-.70,
XRP/USDT,2025-03-11,LONG,0.663,2.1708,2.2396,1,True,3.1693,0.7297,.60-.70,
XRP/USDT,2025-03-14,LONG,0.6645,2.3566,2.2938,2,True,-2.6649,0.4534,.60-.70,
XRP/USDT,2025-03-15,LONG,0.6861,2.3915,2.2938,1,True,-4.0853,0.1452,.60-.70,
XRP/USDT,2025-03-18,LONG,0.6072,2.285,2.5475,1,True,11.488,0.2323,.60-.70,
XRP/USDT,2025-03-21,LONG,0.5607,2.3804,2.371,1,True,-0.3949,0.2239,.55-.60,
XRP/USDT,2025-03-23,LONG,0.5896,2.439,2.2072,5,False,-9.5039,0.574,.55-.60,
XRP/USDT,2025-03-24,LONG,0.5522,2.45,2.2072,4,True,-9.9102,0.0909,.55-.60,
XRP/USDT,2025-03-25,LONG,0.656,2.4493,2.2072,3,True,-9.8845,0.0058,.60-.70,
XRP/USDT,2025-03-26,LONG,0.615,2.3494,2.2072,2,True,-6.0526,0.8273,.60-.70,
ADA/USDT,2024-08-28,LONG,0.5561,0.3501,0.3578,1,True,2.1994,0.0272,.55-.60,
ADA/USDT,2024-09-01,LONG,0.6086,0.3312,0.3363,1,True,1.5399,1.3061,.60-.70,1-1.5x
ADA/USDT,2024-09-04,LONG,0.6357,0.3232,0.3148,2,True,-2.599,0.4653,.60-.70,
ADA/USDT,2024-09-05,LONG,0.6931,0.3251,0.3148,1,True,-3.1683,0.1825,.60-.70,
ADA/USDT,2024-09-07,LONG,0.6393,0.3251,0.3564,5,False,9.6278,0.9783,.60-.70,
ADA/USDT,2024-09-08,LONG,0.7155,0.339,0.3605,5,False,6.3422,1.2281,.70-.80,1-1.5x
ADA/USDT,2024-09-11,LONG,0.6206,0.3532,0.3303,5,False,-6.4836,0.9783,.60-.70,
ADA/USDT,2024-09-14,LONG,0.5633,0.354,0.3442,4,True,-2.7684,0.6249,.55-.60,
ADA/USDT,2024-09-17,LONG,0.5635,0.3338,0.3442,1,True,3.1156,0.3851,.55-.60,
ADA/USDT,2024-09-21,LONG,0.6215,0.3583,0.4017,5,False,12.1128,0.6693,.60-.70,
ADA/USDT,2024-09-23,LONG,0.6806,0.3637,0.4006,5,False,10.1457,1.4476,.60-.70,1-1.5x
ADA/USDT,2024-09-24,LONG,0.6107,0.3878,0.4006,4,True,3.3007,2.4518,.60-.70,2-3x
ADA/USDT,2024-09-25,LONG,0.6345,0.381,0.4006,3,True,5.1444,0.6332,.60-.70,
ADA/USDT,2024-09-26,LONG,0.6395,0.4017,0.4006,2,True,-0.2738,1.9523,.60-.70,1.5-2x
ADA/USDT,2024-09-27,LONG,0.8266,0.4018,0.4006,1,True,-0.2987,0.009,>.80,
ADA/USDT,2024-09-29,LONG,0.6555,0.3978,0.3734,1,True,-6.1337,0.2603,.60-.70,
ADA/USDT,2024-10-02,LONG,0.5666,0.3432,0.3452,1,True,0.5828,0.7508,.55-.60,
ADA/USDT,2024-10-06,LONG,0.8049,0.3576,0.345,2,True,-3.5235,0.5948,>.80,
ADA/USDT,2024-10-07,LONG,0.8733,0.3512,0.345,1,True,-1.7654,0.5599,>.80,
ADA/USDT,2024-10-16,LONG,0.5958,0.3521,0.3509,2,True,-0.3408,0.7573,.55-.60,
ADA/USDT,2024-10-17,LONG,0.8116,0.3434,0.3509,1,True,2.184,0.9499,>.80,
ADA/USDT,2024-10-20,LONG,0.8582,0.365,0.3607,1,True,-1.1781,1.5114,>.80,1.5-2x
ADA/USDT,2024-10-22,LONG,0.5597,0.3643,0.3465,2,True,-4.8861,0.4794,.55-.60,
ADA/USDT,2024-10-23,LONG,0.8371,0.3501,0.3465,1,True,-1.0283,1.707,>.80,1.5-2x
ADA/USDT,2024-10-25,LONG,0.7758,0.3262,0.3338,1,True,2.3299,2.2499,.70-.80,2-3x
ADA/USDT,2024-10-28,LONG,0.7829,0.3436,0.3562,1,True,3.6671,0.4143,.70-.80,
ADA/USDT,2024-10-30,LONG,0.6701,0.3551,0.3417,1,True,-3.7736,0.1134,.60-.70,
ADA/USDT,2024-11-02,LONG,0.5748,0.3483,0.3264,2,True,-6.2877,0.8603,.55-.60,
ADA/USDT,2024-11-03,LONG,0.7452,0.334,0.3264,1,True,-2.2754,1.3983,.70-.80,1-1.5x
ADA/USDT,2024-11-05,LONG,0.6708,0.3336,0.363,1,True,8.8129,0.7374,.60-.70,
ADA/USDT,2024-11-07,LONG,0.9495,0.4067,0.4446,1,True,9.3189,2.7318,>.80,2-3x
ADA/USDT,2024-11-10,LONG,0.7774,0.5901,0.7071,5,False,19.8271,2.8964,.70-.80,2-3x
ADA/USDT,2024-11-12,LONG,0.9938,0.5707,0.7071,3,True,23.9005,1.0329,>.80,1-1.5x
ADA/USDT,2024-11-13,LONG,0.7308,0.578,0.7071,2,True,22.3356,0.1928,.70-.80,
ADA/USDT,2024-11-14,LONG,0.9613,0.5787,0.7071,1,True,22.1877,0.0191,>.80,
ADA/USDT,2024-11-16,LONG,0.7817,0.7415,0.7387,3,True,-0.3776,0.6376,.70-.80,
ADA/USDT,2024-11-17,LONG,0.5549,0.7024,0.7387,2,True,5.168,0.6678,.55-.60,
ADA/USDT,2024-11-18,LONG,0.9945,0.7324,0.7387,1,True,0.8602,0.5409,>.80,
ADA/USDT,2024-11-22,LONG,0.7491,1.0175,1.0657,1,True,4.7371,2.7615,.70-.80,2-3x
ADA/USDT,2024-11-28,LONG,0.9421,1.032,1.0755,1,True,4.2151,0.2225,>.80,
ADA/USDT,2024-12-04,LONG,0.6266,1.1869,1.0031,5,False,-15.4857,0.0448,.60-.70,
ADA/USDT,2024-12-05,LONG,0.7578,1.1596,1.0031,4,True,-13.496,0.3554,.70-.80,
ADA/USDT,2024-12-06,LONG,0.7634,1.2272,1.0031,3,True,-18.2611,0.898,.70-.80,
ADA/USDT,2024-12-07,LONG,0.6011,1.2101,1.0031,2,True,-17.106,0.2214,.60-.70,
ADA/USDT,2024-12-08,LONG,0.7153,1.1936,1.0031,1,True,-15.9601,0.2145,.70-.80,
ADA/USDT,2024-12-10,LONG,0.6187,1.0213,1.1213,3,True,9.7914,0.2438,.60-.70,
ADA/USDT,2024-12-12,LONG,0.6505,1.1231,1.1213,1,True,-0.1603,0.6205,.60-.70,
ADA/USDT,2024-12-17,LONG,0.5793,1.0521,0.9683,1,True,-7.965,0.4607,.55-.60,
ADA/USDT,2024-12-20,LONG,0.7203,0.9499,0.9044,1,True,-4.79,1.3218,.70-.80,1-1.5x
ADA/USDT,2024-12-22,LONG,0.6559,0.8842,0.9265,1,True,4.784,0.3962,.60-.70,
ADA/USDT,2024-12-24,LONG,0.5731,0.9357,0.877,3,True,-6.2734,0.1706,.55-.60,
ADA/USDT,2024-12-25,LONG,0.5773,0.9176,0.877,2,True,-4.4246,0.3326,.55-.60,
ADA/USDT,2024-12-26,LONG,0.5677,0.8612,0.877,1,True,1.8346,1.0799,.55-.60,1-1.5x
ADA/USDT,2024-12-29,LONG,0.5718,0.8591,1.0894,5,False,26.8071,0.7326,.55-.60,
ADA/USDT,2025-01-03,LONG,0.6175,1.0894,1.0705,1,True,-1.7349,2.3279,.60-.70,2-3x
ADA/USDT,2025-01-06,LONG,0.6497,1.0937,0.9304,4,True,-14.931,0.0422,.60-.70,
ADA/USDT,2025-01-11,LONG,0.6071,0.9953,1.0891,5,False,9.4243,1.2991,.60-.70,1-1.5x
ADA/USDT,2025-01-13,LONG,0.5703,0.9444,1.1047,5,False,16.9737,0.4467,.55-.60,
ADA/USDT,2025-01-15,LONG,0.6596,1.0755,1.0093,5,False,-6.1553,1.4363,.60-.70,1-1.5x
ADA/USDT,2025-01-18,LONG,0.7449,1.1047,1.006,3,True,-8.9346,0.4558,.70-.80,
ADA/USDT,2025-01-19,LONG,0.6263,0.9925,1.006,2,True,1.3602,1.6809,.60-.70,1.5-2x
ADA/USDT,2025-01-24,LONG,0.5923,0.9712,0.9531,2,True,-1.8637,0.3273,.55-.60,
ADA/USDT,2025-01-25,LONG,0.5656,0.9765,0.9531,1,True,-2.3963,0.115,.55-.60,
ADA/USDT,2025-01-27,LONG,0.6877,0.9347,0.9169,1,True,-1.9044,0.4504,.60-.70,
ADA/USDT,2025-01-29,LONG,0.619,0.9402,0.9595,1,True,2.0528,0.6193,.60-.70,
ADA/USDT,2025-02-03,LONG,0.9543,0.8119,0.7051,3,True,-13.1543,0.2152,>.80,
ADA/USDT,2025-02-13,LONG,0.5891,0.8102,0.781,2,True,-3.604,0.3077,.55-.60,
ADA/USDT,2025-02-14,LONG,0.6423,0.7998,0.781,1,True,-2.3506,0.2988,.60-.70,
ADA/USDT,2025-02-17,LONG,0.6589,0.809,0.8037,3,True,-0.6551,1.0938,.60-.70,1-1.5x
ADA/USDT,2025-02-18,LONG,0.6144,0.7543,0.8037,2,True,6.5491,1.4654,.60-.70,1-1.5x
ADA/USDT,2025-02-19,LONG,0.5965,0.7738,0.8037,1,True,3.864,0.5579,.55-.60,
ADA/USDT,2025-02-25,LONG,0.6301,0.683,0.6453,2,True,-5.5198,0.0449,.60-.70,
ADA/USDT,2025-02-28,LONG,0.595,0.6328,0.6591,1,True,4.1561,0.4164,.55-.60,
ADA/USDT,2025-03-05,LONG,0.9894,0.9739,0.9063,1,True,-6.9412,0.1931,>.80,
ADA/USDT,2025-03-07,LONG,0.9604,0.8183,0.805,1,True,-1.6253,0.532,>.80,
ADA/USDT,2025-03-10,LONG,0.9365,0.6712,0.7361,2,True,9.6692,0.3741,>.80,
ADA/USDT,2025-03-11,LONG,0.6779,0.7241,0.7361,1,True,1.6572,0.4262,.60-.70,
ADA/USDT,2025-03-14,LONG,0.6779,0.7373,0.7467,1,True,1.2749,0.2654,.60-.70,
ADA/USDT,2025-03-19,LONG,0.5637,0.7439,0.7013,3,True,-5.7266,0.3278,.55-.60,
ADA/USDT,2025-03-23,LONG,0.5857,0.7103,0.7322,1,True,3.0832,0.2283,.55-.60,
ADA/USDT,2025-03-26,LONG,0.5836,0.729,0.6619,5,False,-9.2044,0.4305,.55-.60,
ADA/USDT,2025-03-29,LONG,0.5509,0.673,0.6619,2,True,-1.6493,1.1653,.55-.60,1-1.5x
ADA/USDT,2025-04-03,LONG,0.59,0.6508,0.6547,2,True,0.5993,0.5403,.55-.60,
AVAX/USDT,2024-08-29,LONG,0.6255,22.903,23.277,1,True,1.633,0.5938,.60-.70,
AVAX/USDT,2024-09-04,LONG,0.5842,21.902,21.373,1,True,-2.4153,0.6164,.55-.60,
AVAX/USDT,2024-09-07,LONG,0.6551,21.789,24.025,5,False,10.2621,0.723,.60-.70,
AVAX/USDT,2024-09-08,LONG,0.709,23.24,24.914,5,False,7.2031,1.5277,.70-.80,1.5-2x
AVAX/USDT,2024-09-11,LONG,0.7444,23.281,25.322,3,True,8.7668,1.1282,.70-.80,1-1.5x
AVAX/USDT,2024-09-17,LONG,0.6069,23.779,24.708,1,True,3.9068,0.3043,.60-.70,
AVAX/USDT,2024-09-21,LONG,0.7568,27.787,28.46,3,True,2.422,0.1182,.70-.80,
AVAX/USDT,2024-09-22,LONG,0.804,27.306,28.46,2,True,4.2262,0.4732,>.80,
AVAX/USDT,2024-09-26,LONG,0.6229,29.156,30.431,1,True,4.373,1.823,.60-.70,1.5-2x
AVAX/USDT,2024-09-28,LONG,0.6687,29.29,29.038,1,True,-0.8604,0.9899,.60-.70,
AVAX/USDT,2024-10-03,LONG,0.7666,24.657,26.343,5,False,6.8378,0.6455,.70-.80,
AVAX/USDT,2024-10-04,LONG,0.8319,26.275,25.784,5,False,-1.8687,1.4943,>.80,1-1.5x
AVAX/USDT,2024-10-05,LONG,0.7339,25.671,25.86,5,False,0.7362,0.549,.70-.80,
AVAX/USDT,2024-10-07,LONG,0.9052,26.575,25.86,3,True,-2.6905,0.3079,>.80,
AVAX/USDT,2024-10-08,LONG,0.6208,26.343,25.86,2,True,-1.8335,0.2055,.60-.70,
AVAX/USDT,2024-10-09,LONG,0.7617,25.784,25.86,1,True,0.2948,0.5453,.70-.80,
AVAX/USDT,2024-10-11,LONG,0.654,27.464,29.046,2,True,5.7603,1.5304,.60-.70,1.5-2x
AVAX/USDT,2024-10-12,LONG,0.7861,28.631,29.046,1,True,1.4495,1.0272,.70-.80,1-1.5x
AVAX/USDT,2024-10-14,LONG,0.7629,29.07,27.305,3,True,-6.0716,0.0204,.70-.80,
AVAX/USDT,2024-10-15,LONG,0.7498,28.236,27.305,2,True,-3.2972,0.7172,.70-.80,
AVAX/USDT,2024-10-18,LONG,0.7657,28.094,28.101,1,True,0.0249,0.812,.70-.80,
AVAX/USDT,2024-10-22,LONG,0.6103,27.63,26.843,2,True,-2.8484,0.1439,.60-.70,
AVAX/USDT,2024-10-23,LONG,0.6265,26.769,26.843,1,True,0.2764,0.9727,.60-.70,
AVAX/USDT,2024-10-26,LONG,0.5908,25.408,25.763,1,True,1.3972,0.6204,.55-.60,
AVAX/USDT,2024-10-30,LONG,0.5891,26.18,22.731,5,False,-13.1742,0.8111,.55-.60,
AVAX/USDT,2024-10-31,LONG,0.7354,25.023,23.996,5,False,-4.1042,1.4806,.70-.80,1-1.5x
AVAX/USDT,2024-11-01,LONG,0.5832,24.795,27.009,5,False,8.9292,0.3283,.55-.60,
AVAX/USDT,2024-11-02,LONG,0.6066,24.124,27.37,5,False,13.4555,0.9793,.60-.70,
AVAX/USDT,2024-11-03,LONG,0.687,23.534,28.778,5,False,22.2827,0.8815,.60-.70,
AVAX/USDT,2024-11-04,LONG,0.5601,22.731,30.368,5,False,33.5973,1.2203,.55-.60,1-1.5x
AVAX/USDT,2024-11-06,LONG,0.5969,27.009,35.708,5,False,32.2078,2.919,.55-.60,2-3x
AVAX/USDT,2024-11-07,LONG,0.6049,27.37,33.947,5,False,24.03,0.3137,.60-.70,
AVAX/USDT,2024-11-08,LONG,0.5608,28.778,33.12,5,False,15.0879,1.1648,.55-.60,1-1.5x
AVAX/USDT,2024-11-09,LONG,0.7232,30.368,31.19,5,False,2.7068,1.2192,.70-.80,1-1.5x
AVAX/USDT,2024-11-12,LONG,0.8603,33.947,33.116,3,True,-2.4479,0.9398,>.80,
AVAX/USDT,2024-11-13,LONG,0.6095,33.12,33.116,2,True,-0.0121,0.4587,.60-.70,
AVAX/USDT,2024-11-14,LONG,0.8871,31.19,33.116,1,True,6.1751,1.1182,>.80,1-1.5x
AVAX/USDT,2024-11-18,LONG,0.8956,35.489,35.828,3,True,0.9552,0.4048,>.80,
AVAX/USDT,2024-11-19,LONG,0.8185,34.204,35.828,2,True,4.748,0.6572,>.80,
AVAX/USDT,2024-11-20,LONG,0.5884,33.586,35.828,1,True,6.6754,0.3351,.55-.60,
AVAX/USDT,2024-11-25,LONG,0.9827,41.32,42.726,1,True,3.4027,0.2666,>.80,
AVAX/USDT,2024-12-01,LONG,0.6935,45.093,52.279,1,True,15.936,0.111,.60-.70,
AVAX/USDT,2024-12-04,LONG,0.6539,52.764,50.282,1,True,-4.704,0.5934,.60-.70,
AVAX/USDT,2024-12-07,LONG,0.6199,51.581,45.004,2,True,-12.7508,0.2637,.60-.70,
AVAX/USDT,2024-12-08,LONG,0.9165,53.979,45.004,1,True,-16.6268,0.7218,>.80,
AVAX/USDT,2024-12-10,LONG,0.565,44.614,48.463,1,True,8.6273,0.114,.55-.60,
AVAX/USDT,2024-12-12,LONG,0.7623,53.134,52.796,1,True,-0.6361,1.4642,.70-.80,1-1.5x
AVAX/USDT,2024-12-20,LONG,0.7601,39.852,37.416,1,True,-6.1126,0.3581,.70-.80,
AVAX/USDT,2024-12-24,LONG,0.5825,41.237,40.257,1,True,-2.3765,0.8058,.55-.60,
AVAX/USDT,2024-12-28,LONG,0.5543,37.735,35.707,3,True,-5.3743,0.4803,.55-.60,
AVAX/USDT,2024-12-29,LONG,0.6547,35.831,35.707,2,True,-0.3461,0.8781,.60-.70,
AVAX/USDT,2024-12-30,LONG,0.6361,35.984,35.707,1,True,-0.7698,0.0742,.60-.70,
AVAX/USDT,2025-01-03,LONG,0.5879,41.946,39.202,4,True,-6.5417,1.279,.55-.60,1-1.5x
AVAX/USDT,2025-01-06,LONG,0.5906,44.073,39.202,1,True,-11.0521,0.4259,.55-.60,
AVAX/USDT,2025-01-08,LONG,0.5761,37.427,36.691,2,True,-1.9665,0.9072,.55-.60,
AVAX/USDT,2025-01-15,LONG,0.5634,39.825,36.021,5,False,-9.5518,1.932,.55-.60,1.5-2x
AVAX/USDT,2025-01-18,LONG,0.6761,39.26,36.021,2,True,-8.2501,1.1154,.60-.70,1-1.5x
AVAX/USDT,2025-01-19,LONG,0.6372,35.688,36.021,1,True,0.9331,1.7944,.60-.70,1.5-2x
AVAX/USDT,2025-01-24,LONG,0.6681,35.35,34.195,3,True,-3.2673,0.1467,.60-.70,
AVAX/USDT,2025-01-26,LONG,0.6606,35.745,34.195,1,True,-4.3363,0.5129,.60-.70,
AVAX/USDT,2025-01-31,LONG,0.5993,34.404,32.099,1,True,-6.6998,0.0786,.55-.60,
AVAX/USDT,2025-02-03,LONG,0.812,28.411,24.513,3,True,-13.72,0.5272,>.80,
AVAX/USDT,2025-02-05,LONG,0.6514,25.852,24.513,1,True,-5.1795,0.4761,.60-.70,
AVAX/USDT,2025-02-11,LONG,0.662,25.395,25.493,4,True,0.3859,0.2353,.60-.70,
AVAX/USDT,2025-02-12,LONG,0.5927,26.497,25.493,3,True,-3.7891,0.9202,.55-.60,
AVAX/USDT,2025-02-13,LONG,0.7115,25.395,25.493,2,True,0.3859,0.8749,.70-.80,
AVAX/USDT,2025-02-14,LONG,0.658,26.386,25.493,1,True,-3.3844,0.8175,.60-.70,
AVAX/USDT,2025-02-16,LONG,0.6228,24.866,25.041,1,True,0.7038,0.5179,.60-.70,
AVAX/USDT,2025-02-18,LONG,0.5728,23.522,24.85,5,False,5.6458,1.2926,.55-.60,1-1.5x
AVAX/USDT,2025-02-19,LONG,0.5537,23.748,24.85,4,True,4.6404,0.2131,.55-.60,
AVAX/USDT,2025-02-20,LONG,0.6091,25.148,24.85,3,True,-1.185,1.227,.60-.70,1-1.5x
AVAX/USDT,2025-03-01,LONG,0.5563,21.857,24.948,1,True,14.1419,0.5308,.55-.60,
AVAX/USDT,2025-03-07,LONG,0.5675,20.145,20.491,1,True,1.7175,0.609,.55-.60,
AVAX/USDT,2025-03-11,LONG,0.6772,17.514,18.509,2,True,5.6812,1.0159,.60-.70,1-1.5x
AVAX/USDT,2025-03-12,LONG,0.7327,18.918,18.509,1,True,-2.162,1.0406,.70-.80,1-1.5x
AVAX/USDT,2025-03-14,LONG,0.8309,18.569,19.73,5,False,6.2524,0.0429,>.80,
AVAX/USDT,2025-03-15,LONG,0.7606,19.393,19.73,4,True,1.7377,0.5802,.70-.80,
AVAX/USDT,2025-03-16,LONG,0.7577,18.265,19.73,3,True,8.0208,0.7968,.70-.80,
AVAX/USDT,2025-03-17,LONG,0.8562,18.816,19.73,2,True,4.8576,0.4108,>.80,
AVAX/USDT,2025-03-20,LONG,0.7211,18.746,19.187,1,True,2.3525,0.6696,.70-.80,
AVAX/USDT,2025-03-22,LONG,0.7104,19.429,19.81,1,True,1.961,0.1894,.70-.80,
AVAX/USDT,2025-03-25,LONG,0.6556,22.904,22.047,1,True,-3.7417,1.1497,.60-.70,1-1.5x
AVAX/USDT,2025-03-27,LONG,0.637,22.015,18.773,4,True,-14.7263,0.0256,.60-.70,
AVAX/USDT,2025-03-28,LONG,0.7807,20.365,18.773,3,True,-7.8173,1.2624,.70-.80,1-1.5x
AVAX/USDT,2025-03-29,LONG,0.6809,19.601,18.773,2,True,-4.2243,0.7126,.60-.70,
AVAX/USDT,2025-04-02,LONG,0.567,17.989,17.881,3,True,-0.6004,1.9087,.55-.60,1.5-2x
AVAX/USDT,2025-04-03,LONG,0.7171,18.155,17.881,2,True,-1.5092,0.1905,.70-.80,
AVAX/USDT,2025-04-04,LONG,0.8132,18.19,17.881,1,True,-1.6987,0.0407,>.80,
DOT/USDT,2024-08-28,LONG,0.5535,4.255,4.252,1,True,-0.0705,1.0393,.55-.60,1-1.5x
DOT/USDT,2024-08-30,LONG,0.6288,4.278,4.074,2,True,-4.7686,0.2163,.60-.70,
DOT/USDT,2024-09-04,LONG,0.6212,4.112,3.958,2,True,-3.7451,0.485,.60-.70,
DOT/USDT,2024-09-05,LONG,0.5611,4.023,3.958,1,True,-1.6157,0.7653,.55-.60,
DOT/USDT,2024-09-07,LONG,0.6666,4.079,4.295,5,False,5.2954,1.0538,.60-.70,1-1.5x
DOT/USDT,2024-09-08,LONG,0.5961,4.163,4.424,5,False,6.2695,0.7103,.55-.60,
DOT/USDT,2024-09-15,LONG,0.6542,4.394,4.196,1,True,-4.5061,0.3906,.60-.70,
DOT/USDT,2024-09-17,LONG,0.6894,4.158,4.178,1,True,0.481,0.3683,.60-.70,
DOT/USDT,2024-09-21,LONG,0.8397,4.462,4.456,2,True,-0.1345,1.1874,>.80,1-1.5x
DOT/USDT,2024-09-24,LONG,0.6608,4.634,4.795,4,True,3.4743,1.6204,.60-.70,1.5-2x
DOT/USDT,2024-09-26,LONG,0.6356,4.817,4.795,2,True,-0.4567,1.6253,.60-.70,1.5-2x
DOT/USDT,2024-09-27,LONG,0.6679,4.884,4.795,1,True,-1.8223,0.5869,.60-.70,
DOT/USDT,2024-10-09,LONG,0.6387,4.025,4.074,1,True,1.2174,0.6393,.60-.70,
DOT/USDT,2024-10-16,LONG,0.5551,4.317,4.193,1,True,-2.8724,0.7462,.55-.60,
DOT/USDT,2024-10-18,LONG,0.6042,4.31,4.376,3,True,1.5313,0.9819,.60-.70,
DOT/USDT,2024-10-19,LONG,0.7071,4.431,4.376,2,True,-1.2413,0.9563,.70-.80,
DOT/USDT,2024-10-20,LONG,0.856,4.579,4.376,1,True,-4.4333,1.2912,>.80,1-1.5x
DOT/USDT,2024-10-29,LONG,0.5873,4.195,3.785,5,False,-9.7735,0.5513,.55-.60,
DOT/USDT,2024-10-30,LONG,0.5896,4.192,3.785,4,True,-9.709,0.0268,.55-.60,
DOT/USDT,2024-10-31,LONG,0.724,3.96,3.785,3,True,-4.4192,1.9076,.70-.80,1.5-2x
DOT/USDT,2024-11-05,LONG,0.5662,3.858,4.11,1,True,6.5319,1.0319,.55-.60,1-1.5x
DOT/USDT,2024-11-10,LONG,0.7784,5.239,5.161,5,False,-1.4888,3.0449,.70-.80,3-5x
DOT/USDT,2024-11-11,LONG,0.7661,5.709,5.161,4,True,-9.5989,1.9323,.70-.80,1.5-2x
DOT/USDT,2024-11-12,LONG,0.8431,5.308,5.161,3,True,-2.7694,1.4204,>.80,1-1.5x
DOT/USDT,2024-11-13,LONG,0.9911,5.072,5.161,2,True,1.7547,0.8715,>.80,
DOT/USDT,2024-11-14,LONG,0.9891,4.775,5.161,1,True,8.0838,1.136,>.80,1-1.5x
DOT/USDT,2024-11-19,LONG,0.98,5.807,5.72,1,True,-1.4982,0.5097,>.80,
DOT/USDT,2024-11-21,LONG,0.6662,5.93,6.629,1,True,11.7875,0.5756,.60-.70,
DOT/USDT,2024-11-23,LONG,0.6093,8.515,8.823,1,True,3.6171,3.2935,.60-.70,3-5x
DOT/USDT,2024-11-25,LONG,0.9785,8.233,8.458,2,True,2.7329,0.75,>.80,
DOT/USDT,2024-11-26,LONG,0.8687,8.066,8.458,1,True,4.8599,0.2253,>.80,
DOT/USDT,2024-11-29,LONG,0.7843,9.024,9.289,2,True,2.9366,0.5291,.70-.80,
DOT/USDT,2024-11-30,LONG,0.8388,8.945,9.289,1,True,3.8457,0.1001,>.80,
DOT/USDT,2024-12-04,LONG,0.624,10.512,10.593,3,True,0.7705,0.9276,.60-.70,
DOT/USDT,2024-12-05,LONG,0.8068,10.369,10.593,2,True,2.1603,0.1689,>.80,
DOT/USDT,2024-12-11,LONG,0.5639,8.995,9.062,1,True,0.7449,0.8105,.55-.60,
DOT/USDT,2024-12-13,LONG,0.6446,9.09,8.557,1,True,-5.8636,0.0528,.60-.70,
DOT/USDT,2024-12-15,LONG,0.6186,9.026,7.679,3,True,-14.9236,0.9338,.60-.70,
DOT/USDT,2024-12-17,LONG,0.5832,8.488,7.679,1,True,-9.5311,0.5185,.55-.60,
DOT/USDT,2024-12-20,LONG,0.7189,7.291,7.385,3,True,1.2893,0.7707,.70-.80,
DOT/USDT,2024-12-21,LONG,0.7011,6.974,7.385,2,True,5.8933,0.6656,.70-.80,
DOT/USDT,2024-12-22,LONG,0.6738,6.842,7.385,1,True,7.9363,0.3062,.60-.70,
DOT/USDT,2024-12-25,LONG,0.582,7.502,6.91,2,True,-7.8912,0.0991,.55-.60,
DOT/USDT,2024-12-29,LONG,0.5954,6.87,6.641,2,True,-3.3333,0.6783,.55-.60,
DOT/USDT,2024-12-30,LONG,0.5599,6.708,6.641,1,True,-0.9988,0.46,.55-.60,
DOT/USDT,2025-01-03,LONG,0.5702,7.755,7.676,1,True,-1.0187,1.5151,.55-.60,1.5-2x
DOT/USDT,2025-01-06,LONG,0.5619,7.769,6.734,4,True,-13.3222,0.2434,.55-.60,
DOT/USDT,2025-01-13,LONG,0.6074,6.397,7.045,5,False,10.1297,0.8639,.60-.70,
DOT/USDT,2025-01-18,LONG,0.6659,7.045,6.246,1,True,-11.3414,1.3492,.60-.70,1-1.5x
DOT/USDT,2025-01-21,LONG,0.652,6.623,6.178,5,False,-6.719,0.7447,.60-.70,
DOT/USDT,2025-01-22,LONG,0.7035,6.443,5.949,5,False,-7.6672,0.5329,.70-.80,
DOT/USDT,2025-01-23,LONG,0.6564,6.351,5.949,4,True,-6.3297,0.3041,.60-.70,
DOT/USDT,2025-01-24,LONG,0.586,6.321,5.949,3,True,-5.8851,0.1006,.55-.60,
DOT/USDT,2025-01-25,LONG,0.5631,6.318,5.949,2,True,-5.8405,0.0101,.55-.60,
DOT/USDT,2025-01-26,LONG,0.6066,6.178,5.949,1,True,-3.7067,0.4736,.60-.70,
DOT/USDT,2025-01-31,LONG,0.6207,6.321,5.906,1,True,-6.5654,0.6944,.60-.70,
DOT/USDT,2025-02-03,LONG,0.859,5.177,4.687,2,True,-9.4649,0.0899,>.80,
DOT/USDT,2025-02-04,LONG,0.5557,4.74,4.687,1,True,-1.1181,1.6138,.55-.60,1.5-2x
DOT/USDT,2025-02-11,LONG,0.739,4.808,5.171,3,True,7.5499,0.1712,.70-.80,
DOT/USDT,2025-02-13,LONG,0.6873,5.131,5.171,1,True,0.7796,0.3745,.60-.70,
DOT/USDT,2025-02-16,LONG,0.6009,4.879,4.77,2,True,-2.2341,0.5688,.60-.70,
DOT/USDT,2025-02-22,LONG,0.7593,5.042,4.935,5,False,-2.1222,0.0966,.70-.80,
DOT/USDT,2025-02-23,LONG,0.7445,4.955,4.935,4,True,-0.4036,0.4938,.70-.80,
DOT/USDT,2025-02-24,LONG,0.5797,4.416,4.935,3,True,11.7527,2.8441,.55-.60,2-3x
DOT/USDT,2025-02-25,LONG,0.8146,4.64,4.935,2,True,6.3578,1.2681,>.80,1-1.5x
DOT/USDT,2025-02-26,LONG,0.6574,4.755,4.935,1,True,3.7855,0.6343,.60-.70,
DOT/USDT,2025-02-28,LONG,0.8214,4.713,4.474,3,True,-5.0711,1.1117,>.80,1-1.5x
DOT/USDT,2025-03-02,LONG,0.6022,5.203,4.474,1,True,-14.0111,2.4024,.60-.70,2-3x
DOT/USDT,2025-03-04,LONG,0.5629,4.329,4.523,1,True,4.4814,0.5975,.55-.60,
DOT/USDT,2025-03-07,LONG,0.6486,4.414,4.016,2,True,-9.0168,0.0654,.60-.70,
DOT/USDT,2025-03-11,LONG,0.7878,4.042,3.969,1,True,-1.806,0.7746,.70-.80,
DOT/USDT,2025-03-14,LONG,0.7267,4.185,4.298,2,True,2.7001,0.8742,.70-.80,
DOT/USDT,2025-03-15,LONG,0.5602,4.349,4.298,1,True,-1.1727,0.6588,.55-.60,
DOT/USDT,2025-03-21,LONG,0.6079,4.496,4.446,1,True,-1.1121,0.4228,.60-.70,
DOT/USDT,2025-03-23,LONG,0.6011,4.502,4.637,2,True,2.9987,0.398,.60-.70,
DOT/USDT,2025-03-24,LONG,0.5522,4.622,4.637,1,True,0.3245,0.856,.55-.60,
DOT/USDT,2025-03-26,LONG,0.6019,4.694,4.281,2,True,-8.7985,0.4208,.60-.70,
DOT/USDT,2025-04-05,LONG,0.6499,3.956,3.685,1,True,-6.8504,0.6598,.60-.70,
LTC/USDT,2024-08-27,LONG,0.5812,60.4,64.97,4,True,7.5662,1.3744,.55-.60,1-1.5x
LTC/USDT,2024-08-28,LONG,0.711,61.83,64.97,3,True,5.0784,1.0274,.70-.80,1-1.5x
LTC/USDT,2024-08-29,LONG,0.7446,62.49,64.97,2,True,3.9686,0.463,.70-.80,
LTC/USDT,2024-08-30,LONG,0.7455,64.94,64.97,1,True,0.0462,1.5992,.70-.80,1.5-2x
LTC/USDT,2024-09-03,LONG,0.6374,64.41,65.43,1,True,1.5836,0.6231,.60-.70,
LTC/USDT,2024-09-05,LONG,0.6281,66.06,63.03,1,True,-4.5867,0.416,.60-.70,
LTC/USDT,2024-09-07,LONG,0.8317,62.08,60.93,1,True,-1.8524,0.6068,>.80,
LTC/USDT,2024-09-12,LONG,0.7068,62.86,65.91,2,True,4.8521,0.4867,.70-.80,
LTC/USDT,2024-09-13,LONG,0.668,64.94,65.91,1,True,1.4937,1.3569,.60-.70,1-1.5x
LTC/USDT,2024-09-17,LONG,0.7141,63.79,64.86,1,True,1.6774,0.8112,.70-.80,
LTC/USDT,2024-09-19,LONG,0.6991,65.41,65.32,1,True,-0.1376,0.4011,.60-.70,
LTC/USDT,2024-09-22,LONG,0.564,68.72,68.54,4,True,-0.2619,1.3361,.55-.60,1-1.5x
LTC/USDT,2024-09-25,LONG,0.7303,66.56,68.54,1,True,2.9748,0.1053,.70-.80,
LTC/USDT,2024-09-28,LONG,0.6493,69.97,69.28,1,True,-0.9861,0.8054,.60-.70,
LTC/USDT,2024-10-02,LONG,0.5909,62.95,63.46,1,True,0.8102,0.2792,.55-.60,
LTC/USDT,2024-10-05,LONG,0.6692,66.28,67.03,1,True,1.1316,0.8736,.60-.70,
LTC/USDT,2024-10-08,LONG,0.6489,65.68,64.32,2,True,-2.0706,0.5742,.60-.70,
LTC/USDT,2024-10-14,LONG,0.6172,66.82,70.85,1,True,6.0311,1.2686,.60-.70,1-1.5x
LTC/USDT,2024-10-16,LONG,0.6054,70.11,74.9,3,True,6.8321,0.384,.60-.70,
LTC/USDT,2024-10-17,LONG,0.6856,72.78,74.9,2,True,2.9129,1.3981,.60-.70,1-1.5x
LTC/USDT,2024-10-18,LONG,0.9115,73.14,74.9,1,True,2.4063,0.1837,>.80,
LTC/USDT,2024-10-20,LONG,0.5596,74.31,70.7,1,True,-4.858,0.3061,.55-.60,
LTC/USDT,2024-10-22,LONG,0.7775,70.04,70.05,1,True,0.0143,0.3666,.70-.80,
LTC/USDT,2024-10-29,LONG,0.7683,73.98,71.78,1,True,-2.9738,1.6433,.70-.80,1.5-2x
LTC/USDT,2024-11-02,LONG,0.7145,69.2,65.54,2,True,-5.289,0.501,.70-.80,
LTC/USDT,2024-11-03,LONG,0.6474,66.84,65.54,1,True,-1.9449,1.1483,.60-.70,1-1.5x
LTC/USDT,2024-11-05,LONG,0.5887,65.39,71.03,1,True,8.6252,0.0868,.55-.60,
LTC/USDT,2024-11-09,LONG,0.8976,74.0,80.01,2,True,8.1216,0.5247,>.80,
LTC/USDT,2024-11-12,LONG,0.7232,76.72,83.7,3,True,9.098,1.2269,.70-.80,1-1.5x
LTC/USDT,2024-11-13,LONG,0.6574,75.4,83.7,2,True,11.008,0.5095,.60-.70,
LTC/USDT,2024-11-14,LONG,0.9791,82.38,83.7,1,True,1.6023,2.4313,>.80,2-3x
LTC/USDT,2024-11-17,LONG,0.9321,87.2,83.38,3,True,-4.3807,1.639,>.80,1.5-2x
LTC/USDT,2024-11-18,LONG,0.9028,89.2,83.38,2,True,-6.5247,0.441,>.80,
LTC/USDT,2024-11-19,LONG,0.9947,86.66,83.38,1,True,-3.7849,0.5481,>.80,
LTC/USDT,2024-11-21,LONG,0.9147,89.53,92.29,4,True,3.0828,1.3657,>.80,1-1.5x
LTC/USDT,2024-11-22,LONG,0.973,92.2,92.29,3,True,0.0976,0.5554,>.80,
LTC/USDT,2024-11-24,LONG,0.9036,96.9,92.29,1,True,-4.7575,0.4785,>.80,
LTC/USDT,2024-11-26,LONG,0.5885,92.84,95.53,2,True,2.8975,0.1102,.55-.60,
LTC/USDT,2024-11-27,LONG,0.7969,97.22,95.53,1,True,-1.7383,0.8653,.70-.80,
LTC/USDT,2024-12-01,LONG,0.6393,119.52,135.88,5,False,13.6881,2.4393,.60-.70,2-3x
LTC/USDT,2024-12-02,LONG,0.5812,132.85,133.8,5,False,0.7151,1.6404,.55-.60,1.5-2x
LTC/USDT,2024-12-03,LONG,0.7157,130.88,134.88,5,False,3.0562,0.2184,.70-.80,
LTC/USDT,2024-12-04,LONG,0.7943,133.67,134.88,4,True,0.9052,0.3215,.70-.80,
LTC/USDT,2024-12-05,LONG,0.8746,135.74,134.88,3,True,-0.6336,0.2335,>.80,
LTC/USDT,2024-12-06,LONG,0.7271,135.88,134.88,2,True,-0.7359,0.0169,.70-.80,
LTC/USDT,2024-12-07,LONG,0.7036,133.8,134.88,1,True,0.8072,0.272,.70-.80,
LTC/USDT,2024-12-09,LONG,0.5782,110.47,109.78,1,True,-0.6246,2.5203,.55-.60,2-3x
LTC/USDT,2024-12-11,LONG,0.5517,117.3,119.24,1,True,1.6539,0.9686,.55-.60,
LTC/USDT,2024-12-15,LONG,0.5622,121.11,117.98,1,True,-2.5844,0.3534,.55-.60,
LTC/USDT,2024-12-17,LONG,0.7608,125.6,108.32,1,True,-13.758,0.9217,.70-.80,
LTC/USDT,2024-12-19,LONG,0.6351,99.37,101.56,2,True,2.2039,1.0665,.60-.70,1-1.5x
LTC/USDT,2024-12-23,LONG,0.702,106.75,102.22,3,True,-4.2436,1.0902,.70-.80,1-1.5x
LTC/USDT,2024-12-24,LONG,0.7573,108.32,102.22,2,True,-5.6315,0.229,.70-.80,
LTC/USDT,2024-12-25,LONG,0.5553,109.84,102.22,1,True,-6.9374,0.2186,.55-.60,
LTC/USDT,2025-01-05,LONG,0.6431,115.7,102.7,2,True,-11.236,0.7832,.60-.70,
LTC/USDT,2025-01-06,LONG,0.5863,114.02,102.7,1,True,-9.9281,0.2943,.55-.60,
LTC/USDT,2025-01-09,LONG,0.5726,102.22,103.94,1,True,1.6826,0.1947,.55-.60,
LTC/USDT,2025-01-13,LONG,0.6702,98.38,125.41,5,False,27.4751,1.0349,.60-.70,1-1.5x
LTC/USDT,2025-01-15,LONG,0.6525,116.94,125.41,3,True,7.243,2.9897,.60-.70,2-3x
LTC/USDT,2025-01-16,LONG,0.6058,124.4,125.41,2,True,0.8119,1.3114,.60-.70,1-1.5x
LTC/USDT,2025-01-17,LONG,0.5593,137.05,125.41,1,True,-8.4933,1.9358,.55-.60,1.5-2x
LTC/USDT,2025-01-24,LONG,0.6274,118.72,109.96,4,True,-7.3787,0.3398,.60-.70,
LTC/USDT,2025-01-26,LONG,0.7549,117.05,109.96,2,True,-6.0572,0.9223,.70-.80,
LTC/USDT,2025-01-29,LONG,0.763,115.89,118.04,3,True,1.8552,0.9375,.70-.80,
LTC/USDT,2025-01-31,LONG,0.5686,128.07,118.04,1,True,-7.8317,0.2477,.55-.60,
LTC/USDT,2025-02-03,LONG,0.9055,106.91,103.38,2,True,-3.3018,0.2972,>.80,
LTC/USDT,2025-02-04,LONG,0.7145,101.06,103.38,1,True,2.2957,0.901,.70-.80,
LTC/USDT,2025-02-06,LONG,0.9801,101.68,107.19,3,True,5.419,0.31,>.80,
LTC/USDT,2025-02-11,LONG,0.8245,119.28,124.91,3,True,4.72,0.1405,>.80,
LTC/USDT,2025-02-13,LONG,0.7483,126.61,124.91,1,True,-1.3427,0.6805,.70-.80,
LTC/USDT,2025-02-15,LONG,0.5584,133.81,125.67,1,True,-6.0833,1.2872,.55-.60,1-1.5x
LTC/USDT,2025-02-17,LONG,0.598,122.3,125.9,5,False,2.9436,0.4741,.55-.60,
LTC/USDT,2025-02-19,LONG,0.8414,134.91,114.78,5,False,-14.9211,0.781,>.80,
LTC/USDT,2025-02-20,LONG,0.5783,130.9,114.53,5,False,-12.5057,0.5819,.55-.60,
LTC/USDT,2025-02-21,LONG,0.7683,128.11,124.66,5,False,-2.693,0.4456,.70-.80,
LTC/USDT,2025-02-22,LONG,0.7502,125.9,126.92,5,False,0.8102,0.3895,.70-.80,
LTC/USDT,2025-02-24,LONG,0.7282,114.78,126.92,3,True,10.5768,2.3009,.70-.80,2-3x
LTC/USDT,2025-02-25,LONG,0.7988,114.53,126.92,2,True,10.8181,0.0432,.70-.80,
LTC/USDT,2025-02-26,LONG,0.5655,124.66,126.92,1,True,1.8129,1.6581,.55-.60,1.5-2x
LTC/USDT,2025-02-28,LONG,0.6145,128.03,109.89,3,True,-14.1686,0.1639,.60-.70,
LTC/USDT,2025-03-01,LONG,0.7695,124.32,109.89,2,True,-11.6071,0.5365,.70-.80,
LTC/USDT,2025-03-04,LONG,0.773,103.64,103.4,2,True,-0.2316,0.9745,.70-.80,
LTC/USDT,2025-03-05,LONG,0.8092,104.75,103.4,1,True,-1.2888,0.186,>.80,
LTC/USDT,2025-03-07,LONG,0.5878,103.7,94.61,2,True,-8.7657,0.0531,.55-.60,
LTC/USDT,2025-03-11,LONG,0.7021,90.44,91.28,3,True,0.9288,0.6245,.70-.80,
LTC/USDT,2025-03-12,LONG,0.5919,91.51,91.28,2,True,-0.2513,0.2178,.55-.60,
LTC/USDT,2025-03-13,LONG,0.7431,88.09,91.28,1,True,3.6213,0.6854,.70-.80,
LTC/USDT,2025-03-18,LONG,0.5565,90.05,93.28,2,True,3.5869,0.5455,.55-.60,
LTC/USDT,2025-03-19,LONG,0.5689,94.06,93.28,1,True,-0.8293,0.9623,.55-.60,
LTC/USDT,2025-03-21,LONG,0.5776,90.84,93.77,3,True,3.2255,0.5692,.55-.60,
LTC/USDT,2025-03-22,LONG,0.6659,91.35,93.77,2,True,2.6492,0.1245,.60-.70,
LTC/USDT,2025-03-23,LONG,0.5605,91.46,93.77,1,True,2.5257,0.0352,.55-.60,
LTC/USDT,2025-03-27,LONG,0.6142,92.82,87.32,1,True,-5.9254,0.1308,.60-.70,
LTC/USDT,2025-03-30,LONG,0.5775,86.1,82.96,1,True,-3.6469,0.2869,.55-.60,
LTC/USDT,2025-04-05,LONG,0.6738,82.72,70.63,1,True,-14.6156,0.7887,.60-.70,
LINK/USDT,2024-08-28,LONG,0.5569,11.175,10.366,4,True,-7.2394,0.0454,.55-.60,
LINK/USDT,2024-08-29,LONG,0.7689,10.941,10.366,3,True,-5.2555,0.5891,.70-.80,
LINK/USDT,2024-08-30,LONG,0.7444,11.111,10.366,2,True,-6.7051,0.4357,.70-.80,
LINK/USDT,2024-09-04,LONG,0.6114,10.335,10.027,3,True,-2.9802,0.0649,.60-.70,
LINK/USDT,2024-09-08,LONG,0.6928,10.349,11.444,5,False,10.5807,0.802,.60-.70,
LINK/USDT,2024-09-09,LONG,0.6041,10.542,11.444,4,True,8.5563,0.4637,.60-.70,
LINK/USDT,2024-09-11,LONG,0.6319,10.397,11.444,2,True,10.0702,0.5423,.60-.70,
LINK/USDT,2024-09-24,LONG,0.6731,12.148,12.938,4,True,6.5031,1.9855,.60-.70,1.5-2x
LINK/USDT,2024-09-25,LONG,0.5796,12.109,12.938,3,True,6.8461,0.0999,.55-.60,
LINK/USDT,2024-09-27,LONG,0.725,12.667,12.938,1,True,2.1394,0.2946,.70-.80,
LINK/USDT,2024-09-30,LONG,0.5616,11.852,11.017,1,True,-7.0452,1.4763,.55-.60,1-1.5x
LINK/USDT,2024-10-02,LONG,0.6524,10.655,10.656,1,True,0.0094,0.8884,.60-.70,
LINK/USDT,2024-10-05,LONG,0.6746,11.265,11.278,1,True,0.1154,0.5051,.60-.70,
LINK/USDT,2024-10-08,LONG,0.766,10.83,10.56,2,True,-2.4931,0.8712,.70-.80,
LINK/USDT,2024-10-15,LONG,0.5522,11.459,11.482,3,True,0.2007,0.4845,.55-.60,
LINK/USDT,2024-10-17,LONG,0.7955,11.038,11.482,1,True,4.0225,0.5871,.70-.80,
LINK/USDT,2024-10-20,LONG,0.7792,11.977,11.704,1,True,-2.2794,1.5691,.70-.80,1.5-2x
LINK/USDT,2024-10-23,LONG,0.7676,11.331,11.617,1,True,2.524,1.8271,.70-.80,1.5-2x
LINK/USDT,2024-10-26,LONG,0.6701,11.01,11.18,2,True,1.5441,0.3918,.60-.70,
LINK/USDT,2024-10-27,LONG,0.7455,10.983,11.18,1,True,1.7937,0.082,.70-.80,
LINK/USDT,2024-11-01,LONG,0.8908,11.253,10.761,2,True,-4.3722,0.3863,>.80,
LINK/USDT,2024-11-02,LONG,0.8682,11.19,10.761,1,True,-3.8338,0.1513,>.80,
LINK/USDT,2024-11-05,LONG,0.8213,10.834,14.265,5,False,31.6688,1.4217,>.80,1-1.5x
LINK/USDT,2024-11-06,LONG,0.6768,12.173,14.909,5,False,22.476,2.5619,.60-.70,2-3x
LINK/USDT,2024-11-07,LONG,0.7471,12.584,13.949,5,False,10.8471,0.7031,.70-.80,
LINK/USDT,2024-11-09,LONG,0.812,13.781,13.479,4,True,-2.1914,0.1287,>.80,
LINK/USDT,2024-11-10,LONG,0.8005,14.265,13.479,3,True,-5.51,0.6984,>.80,
LINK/USDT,2024-11-11,LONG,0.6638,14.909,13.479,2,True,-9.5915,0.8886,.60-.70,
LINK/USDT,2024-11-12,LONG,0.8134,13.949,13.479,1,True,-3.3694,1.2478,>.80,1-1.5x
LINK/USDT,2024-11-14,LONG,0.8792,12.995,13.832,1,True,6.4409,0.6876,>.80,
LINK/USDT,2024-11-18,LONG,0.8635,15.266,14.622,1,True,-4.2185,1.8174,>.80,1.5-2x
LINK/USDT,2024-11-20,LONG,0.5824,14.235,16.562,2,True,16.347,0.4663,.55-.60,
LINK/USDT,2024-11-23,LONG,0.7542,17.385,17.933,5,False,3.1521,0.8402,.70-.80,
LINK/USDT,2024-11-24,LONG,0.616,17.903,17.933,4,True,0.1676,0.5264,.60-.70,
LINK/USDT,2024-11-25,LONG,0.9814,17.35,17.933,3,True,3.3602,0.5345,>.80,
LINK/USDT,2024-11-26,LONG,0.5723,17.35,17.933,2,True,3.3602,0.0,.55-.60,
LINK/USDT,2024-11-29,LONG,0.616,18.246,25.212,3,True,38.1782,0.3245,.60-.70,
LINK/USDT,2024-11-30,LONG,0.6271,19.001,25.212,2,True,32.6878,0.7674,.60-.70,
LINK/USDT,2024-12-01,LONG,0.6147,18.917,25.212,1,True,33.2769,0.0824,.60-.70,
LINK/USDT,2024-12-03,LONG,0.5977,24.096,26.092,5,False,8.2835,0.5079,.55-.60,
LINK/USDT,2024-12-04,LONG,0.8632,24.075,22.232,5,False,-7.6552,0.0101,>.80,
LINK/USDT,2024-12-05,LONG,0.9856,23.144,22.118,5,False,-4.4331,0.4433,>.80,
LINK/USDT,2024-12-06,LONG,0.8531,25.857,24.072,5,False,-6.9034,1.312,>.80,1-1.5x
LINK/USDT,2024-12-07,LONG,0.835,24.789,29.145,5,False,17.5723,0.4646,>.80,
LINK/USDT,2024-12-08,LONG,0.9218,26.092,29.002,5,False,11.1528,0.6019,>.80,
LINK/USDT,2024-12-09,LONG,0.9104,22.232,29.002,4,True,30.4516,1.5601,>.80,1.5-2x
LINK/USDT,2024-12-12,LONG,0.9599,29.145,29.002,1,True,-0.4907,2.0632,>.80,2-3x
LINK/USDT,2024-12-14,LONG,0.8522,29.121,27.861,3,True,-4.3268,0.04,>.80,
LINK/USDT,2024-12-15,LONG,0.9581,29.263,27.861,2,True,-4.791,0.0479,>.80,
LINK/USDT,2024-12-16,LONG,0.566,28.746,27.861,1,True,-3.0787,0.173,.55-.60,
LINK/USDT,2024-12-19,LONG,0.7039,22.811,22.123,2,True,-3.0161,0.7648,.70-.80,
LINK/USDT,2024-12-20,LONG,0.6604,23.393,22.123,1,True,-5.429,0.236,.60-.70,
LINK/USDT,2024-12-23,LONG,0.7933,24.553,24.436,2,True,-0.4765,1.358,.70-.80,1-1.5x
LINK/USDT,2024-12-24,LONG,0.6586,25.414,24.436,1,True,-3.8483,0.4236,.60-.70,
LINK/USDT,2024-12-28,LONG,0.6249,21.99,20.012,3,True,-8.995,0.252,.60-.70,
LINK/USDT,2024-12-29,LONG,0.6952,20.947,20.012,2,True,-4.4636,0.6503,.60-.70,
LINK/USDT,2024-12-30,LONG,0.7159,20.577,20.012,1,True,-2.7458,0.2419,.70-.80,
LINK/USDT,2025-01-03,LONG,0.6678,23.474,23.569,2,True,0.4047,1.1363,.60-.70,1-1.5x
LINK/USDT,2025-01-04,LONG,0.6188,23.593,23.569,1,True,-0.1017,0.0903,.60-.70,
LINK/USDT,2025-01-06,LONG,0.6611,23.832,20.245,4,True,-15.0512,0.1992,.60-.70,
LINK/USDT,2025-01-07,LONG,0.5526,21.379,20.245,3,True,-5.3043,1.8513,.55-.60,1.5-2x
LINK/USDT,2025-01-08,LONG,0.6069,20.446,20.245,2,True,-0.9831,0.8172,.60-.70,
LINK/USDT,2025-01-09,LONG,0.5518,19.646,20.245,1,True,3.049,0.7318,.55-.60,
LINK/USDT,2025-01-13,LONG,0.6118,19.36,24.117,5,False,24.5713,0.5445,.60-.70,
LINK/USDT,2025-01-15,LONG,0.5595,22.091,24.117,3,True,9.1712,1.8336,.55-.60,1.5-2x
LINK/USDT,2025-01-19,LONG,0.5788,24.33,26.659,2,True,9.5725,0.1753,.55-.60,
LINK/USDT,2025-01-20,LONG,0.6112,25.073,26.659,1,True,6.3255,0.6132,.60-.70,
LINK/USDT,2025-01-23,LONG,0.6482,25.665,24.917,2,True,-2.9145,0.2988,.60-.70,
LINK/USDT,2025-01-24,LONG,0.7713,25.173,24.917,1,True,-1.017,0.3923,.70-.80,
LINK/USDT,2025-01-26,LONG,0.653,24.881,24.209,1,True,-2.7009,0.0295,.60-.70,
LINK/USDT,2025-01-28,LONG,0.5642,22.616,23.659,1,True,4.6118,1.4795,.55-.60,1-1.5x
LINK/USDT,2025-01-31,LONG,0.5742,25.151,22.967,1,True,-8.6836,0.6414,.55-.60,
LINK/USDT,2025-02-03,LONG,0.8457,21.648,18.589,3,True,-14.1306,1.0435,>.80,1-1.5x
LINK/USDT,2025-02-04,LONG,0.6429,19.977,18.589,2,True,-6.948,1.4043,.60-.70,1-1.5x
LINK/USDT,2025-02-05,LONG,0.623,19.19,18.589,1,True,-3.1318,0.7239,.60-.70,
LINK/USDT,2025-02-11,LONG,0.603,18.649,18.996,4,True,1.8607,0.1789,.60-.70,
LINK/USDT,2025-02-13,LONG,0.6317,18.548,18.996,2,True,2.4154,0.7436,.60-.70,
LINK/USDT,2025-02-14,LONG,0.5946,19.38,18.996,1,True,-1.9814,0.9422,.55-.60,
LINK/USDT,2025-02-23,LONG,0.5573,17.613,15.309,2,True,-13.0812,0.2464,.55-.60,
LINK/USDT,2025-03-04,LONG,0.5876,14.868,16.424,1,True,10.4654,0.4202,.55-.60,
LINK/USDT,2025-03-07,LONG,0.7954,15.941,13.805,2,True,-13.3994,0.8823,.70-.80,
LINK/USDT,2025-03-08,LONG,0.6893,15.261,13.805,1,True,-9.5407,0.5715,.60-.70,
LINK/USDT,2025-03-10,LONG,0.7344,12.65,13.477,2,True,6.5375,1.0786,.70-.80,1-1.5x
LINK/USDT,2025-03-11,LONG,0.7791,13.123,13.477,1,True,2.6976,0.4775,.70-.80,
LINK/USDT,2025-03-14,LONG,0.7175,13.67,13.371,2,True,-2.1873,0.6163,.70-.80,
LINK/USDT,2025-03-15,LONG,0.6379,14.016,13.371,1,True,-4.6019,0.3181,.60-.70,
LINK/USDT,2025-03-17,LONG,0.7031,14.03,15.019,2,True,7.0492,0.6529,.70-.80,
LINK/USDT,2025-03-20,LONG,0.6762,14.218,14.246,2,True,0.1969,0.6796,.60-.70,
LINK/USDT,2025-03-23,LONG,0.6662,14.467,14.252,5,False,-1.4861,0.2847,.60-.70,
LINK/USDT,2025-03-24,LONG,0.5977,15.123,14.252,4,True,-5.7594,0.8238,.55-.60,
LINK/USDT,2025-03-25,LONG,0.6182,15.442,14.252,3,True,-7.7063,0.4237,.60-.70,
LINK/USDT,2025-03-26,LONG,0.6602,15.249,14.252,2,True,-6.5381,0.2556,.60-.70,
LINK/USDT,2025-03-27,LONG,0.6029,15.517,14.252,1,True,-8.1523,0.3745,.60-.70,
LINK/USDT,2025-03-29,LONG,0.5607,13.551,13.51,2,True,-0.3026,1.0721,.55-.60,1-1.5x
LINK/USDT,2025-04-02,LONG,0.5774,12.904,12.852,3,True,-0.403,1.8161,.55-.60,1.5-2x
LINK/USDT,2025-04-03,LONG,0.5897,12.9,12.852,2,True,-0.3721,0.0072,.55-.60,
UNI/USDT,2024-08-31,LONG,0.6663,5.941,5.615,1,True,-5.4873,0.1748,.60-.70,
UNI/USDT,2024-09-04,LONG,0.8032,6.433,6.177,2,True,-3.9795,1.2489,>.80,1-1.5x
UNI/USDT,2024-09-05,LONG,0.7137,6.309,6.177,1,True,-2.0922,0.3795,.70-.80,
UNI/USDT,2024-09-07,LONG,0.88,6.428,6.732,2,True,4.7293,0.7982,>.80,
UNI/USDT,2024-09-08,LONG,0.6731,6.345,6.732,1,True,6.0993,0.253,.60-.70,
UNI/USDT,2024-09-10,LONG,0.6052,6.704,6.936,3,True,3.4606,0.0969,.60-.70,
UNI/USDT,2024-09-12,LONG,0.6983,6.793,6.936,1,True,2.1051,0.1497,.60-.70,
UNI/USDT,2024-09-14,LONG,0.5568,6.67,6.412,2,True,-3.8681,0.9015,.55-.60,
UNI/USDT,2024-09-15,LONG,0.5583,6.54,6.412,1,True,-1.9572,0.4743,.55-.60,
UNI/USDT,2024-09-20,LONG,0.6499,6.829,6.779,5,False,-0.7322,0.1308,.60-.70,
UNI/USDT,2024-09-21,LONG,0.7534,6.904,7.352,5,False,6.489,0.3222,.70-.80,
UNI/USDT,2024-09-22,LONG,0.611,6.632,7.626,5,False,14.9879,1.2758,.60-.70,1-1.5x
UNI/USDT,2024-09-23,LONG,0.6103,6.824,7.609,5,False,11.5035,0.9293,.60-.70,
UNI/USDT,2024-09-25,LONG,0.6142,6.779,7.457,4,True,10.0015,0.7761,.60-.70,
UNI/USDT,2024-09-26,LONG,0.5744,7.352,7.457,3,True,1.4282,2.5742,.55-.60,2-3x
UNI/USDT,2024-09-27,LONG,0.6125,7.626,7.457,2,True,-2.2161,1.1406,.60-.70,1-1.5x
UNI/USDT,2024-09-28,LONG,0.659,7.609,7.457,1,True,-1.9976,0.0688,.60-.70,
UNI/USDT,2024-10-09,LONG,0.5889,7.289,8.132,5,False,11.5654,0.4819,.55-.60,
UNI/USDT,2024-10-10,LONG,0.8961,8.134,7.847,5,False,-3.5284,2.7849,>.80,2-3x
UNI/USDT,2024-10-11,LONG,0.6937,7.889,7.847,4,True,-0.5324,0.7077,.60-.70,
UNI/USDT,2024-10-13,LONG,0.985,7.684,7.847,2,True,2.1213,1.2458,>.80,1-1.5x
UNI/USDT,2024-10-14,LONG,0.8759,8.132,7.847,1,True,-3.5047,1.2944,>.80,1-1.5x
UNI/USDT,2024-10-17,LONG,0.8475,7.347,7.468,1,True,1.6469,0.7038,>.80,
UNI/USDT,2024-10-20,LONG,0.7985,7.757,7.787,1,True,0.3867,1.349,.70-.80,1-1.5x
UNI/USDT,2024-10-23,LONG,0.7424,7.857,7.432,2,True,-5.4092,0.4399,.70-.80,
UNI/USDT,2024-10-24,LONG,0.554,8.039,7.432,1,True,-7.5507,0.5702,.55-.60,
UNI/USDT,2024-11-03,LONG,0.7623,7.047,8.898,4,True,26.2665,1.3621,.70-.80,1-1.5x
UNI/USDT,2024-11-04,LONG,0.8157,6.786,8.898,3,True,31.1229,1.0693,>.80,1-1.5x
UNI/USDT,2024-11-05,LONG,0.7292,7.198,8.898,2,True,23.6177,1.6385,.70-.80,1.5-2x
UNI/USDT,2024-11-06,LONG,0.9035,9.29,8.898,1,True,-4.2196,3.8961,>.80,3-5x
UNI/USDT,2024-11-09,LONG,0.9764,9.246,9.212,1,True,-0.3677,0.5894,>.80,
UNI/USDT,2024-11-12,LONG,0.8624,8.945,8.569,3,True,-4.2035,0.5464,>.80,
UNI/USDT,2024-11-13,LONG,0.8168,8.63,8.569,2,True,-0.7068,0.463,>.80,
UNI/USDT,2024-11-14,LONG,0.9478,8.175,8.569,1,True,4.8196,0.7035,>.80,
UNI/USDT,2024-11-18,LONG,0.9202,9.242,8.809,2,True,-4.6851,0.7246,>.80,
UNI/USDT,2024-11-19,LONG,0.7685,9.396,8.809,1,True,-6.2473,0.2148,.70-.80,
UNI/USDT,2024-11-22,LONG,0.7335,9.935,13.527,5,False,36.155,0.9446,.70-.80,
UNI/USDT,2024-11-23,LONG,0.6249,10.736,13.527,4,True,25.9966,1.028,.60-.70,1-1.5x
UNI/USDT,2024-11-24,LONG,0.5547,10.902,13.527,3,True,24.0782,0.2004,.55-.60,
UNI/USDT,2024-11-25,LONG,0.8736,11.131,13.527,2,True,21.5255,0.2737,>.80,
UNI/USDT,2024-11-26,LONG,0.813,10.873,13.527,1,True,24.4091,0.5154,>.80,
UNI/USDT,2024-11-28,LONG,0.8357,12.763,14.004,4,True,9.7234,0.8096,>.80,
UNI/USDT,2024-11-29,LONG,0.789,12.577,14.004,3,True,11.3461,0.2083,.70-.80,
UNI/USDT,2024-11-30,LONG,0.9248,12.782,14.004,2,True,9.5603,0.2336,>.80,
UNI/USDT,2024-12-04,LONG,0.6035,15.673,15.021,1,True,-4.16,0.5572,.60-.70,
UNI/USDT,2024-12-09,LONG,0.6332,16.023,15.254,1,True,-4.7994,1.682,.60-.70,1.5-2x
UNI/USDT,2024-12-12,LONG,0.6676,17.719,16.226,4,True,-8.426,0.3891,.60-.70,
UNI/USDT,2024-12-13,LONG,0.6008,17.491,16.226,3,True,-7.2323,0.1541,.60-.70,
UNI/USDT,2024-12-14,LONG,0.8587,16.749,16.226,2,True,-3.1226,0.4994,>.80,
UNI/USDT,2024-12-15,LONG,0.6478,17.071,16.226,1,True,-4.9499,0.2263,.60-.70,
UNI/USDT,2024-12-18,LONG,0.828,14.81,13.384,3,True,-9.6286,1.2571,>.80,1-1.5x
UNI/USDT,2024-12-20,LONG,0.7114,13.674,13.384,1,True,-2.1208,0.9297,.70-.80,
UNI/USDT,2024-12-23,LONG,0.9194,14.286,14.588,1,True,2.114,0.361,>.80,
UNI/USDT,2024-12-26,LONG,0.671,13.262,13.353,1,True,0.6862,0.706,.60-.70,
UNI/USDT,2024-12-28,LONG,0.6339,13.577,13.244,3,True,-2.4527,0.2583,.60-.70,
UNI/USDT,2024-12-29,LONG,0.6134,13.012,13.244,2,True,1.783,0.7125,.60-.70,
UNI/USDT,2024-12-30,LONG,0.704,13.322,13.244,1,True,-0.5855,0.4103,.70-.80,
UNI/USDT,2025-01-03,LONG,0.6551,15.213,15.276,1,True,0.4141,1.0994,.60-.70,1-1.5x
UNI/USDT,2025-01-05,LONG,0.5607,15.161,13.532,2,True,-10.7447,0.1461,.55-.60,
UNI/USDT,2025-01-06,LONG,0.6882,15.078,13.532,1,True,-10.2533,0.1063,.60-.70,
UNI/USDT,2025-01-13,LONG,0.6759,12.895,14.173,5,False,9.9108,1.2437,.60-.70,1-1.5x
UNI/USDT,2025-01-15,LONG,0.5816,14.545,14.173,3,True,-2.5576,1.9869,.55-.60,1.5-2x
UNI/USDT,2025-01-19,LONG,0.5576,13.288,13.506,2,True,1.6406,1.2068,.55-.60,1-1.5x
UNI/USDT,2025-01-20,LONG,0.6167,13.522,13.506,1,True,-0.1183,0.3397,.60-.70,
UNI/USDT,2025-01-24,LONG,0.6482,12.467,11.003,3,True,-11.743,0.5495,.60-.70,
UNI/USDT,2025-01-25,LONG,0.5569,12.093,11.003,2,True,-9.0135,0.6129,.55-.60,
UNI/USDT,2025-01-26,LONG,0.6429,11.431,11.003,1,True,-3.7442,1.0963,.60-.70,1-1.5x
UNI/USDT,2025-01-30,LONG,0.6121,11.967,11.774,1,True,-1.6128,0.4649,.60-.70,
UNI/USDT,2025-02-03,LONG,0.9384,9.962,9.275,2,True,-6.8962,1.4335,>.80,1-1.5x
UNI/USDT,2025-02-04,LONG,0.5837,9.071,9.275,1,True,2.2489,1.6034,.55-.60,1.5-2x
UNI/USDT,2025-02-06,LONG,0.9848,8.982,9.009,1,True,0.3006,0.5928,>.80,
UNI/USDT,2025-02-08,LONG,0.5626,9.141,9.13,1,True,-0.1203,0.2777,.55-.60,
UNI/USDT,2025-02-11,LONG,0.6498,9.383,10.056,3,True,7.1725,0.1473,.60-.70,
UNI/USDT,2025-02-13,LONG,0.6309,9.89,10.056,1,True,1.6785,0.1139,.60-.70,
UNI/USDT,2025-02-15,LONG,0.6353,9.815,9.342,5,False,-4.8192,0.4379,.60-.70,
UNI/USDT,2025-02-18,LONG,0.6268,9.636,8.743,3,True,-9.2673,0.5824,.60-.70,
UNI/USDT,2025-02-22,LONG,0.5835,9.042,7.871,5,False,-12.9507,0.8396,.55-.60,
UNI/USDT,2025-02-24,LONG,0.601,7.976,7.501,5,False,-5.9554,2.9524,.60-.70,2-3x
UNI/USDT,2025-02-28,LONG,0.6905,7.498,7.501,1,True,0.04,1.1393,.60-.70,1-1.5x
UNI/USDT,2025-03-02,LONG,0.601,8.269,7.52,3,True,-9.0579,2.1505,.60-.70,2-3x
UNI/USDT,2025-03-04,LONG,0.561,7.072,7.52,1,True,6.3348,0.1312,.55-.60,
UNI/USDT,2025-03-07,LONG,0.8344,7.071,5.905,5,False,-16.4899,0.0745,>.80,
UNI/USDT,2025-03-08,LONG,0.5518,7.162,5.894,5,False,-17.7046,0.2257,.55-.60,
UNI/USDT,2025-03-10,LONG,0.5673,5.904,5.894,3,True,-0.1694,1.2742,.55-.60,1-1.5x
UNI/USDT,2025-03-11,LONG,0.6427,6.098,5.894,2,True,-3.3454,0.5304,.60-.70,
UNI/USDT,2025-03-14,LONG,0.6759,6.025,6.273,1,True,4.1162,0.3658,.60-.70,
UNI/USDT,2025-03-17,LONG,0.6057,6.295,6.372,1,True,1.2232,0.4583,.60-.70,
UNI/USDT,2025-03-21,LONG,0.6241,6.779,6.723,5,False,-0.8261,0.3158,.60-.70,
UNI/USDT,2025-03-22,LONG,0.6641,6.739,6.727,5,False,-0.1781,0.107,.60-.70,
UNI/USDT,2025-03-24,LONG,0.6589,7.088,5.96,5,False,-15.9142,1.2426,.60-.70,1-1.5x
UNI/USDT,2025-03-25,LONG,0.5943,6.968,5.867,5,False,-15.8008,0.3704,.55-.60,
UNI/USDT,2025-03-27,LONG,0.6501,6.727,6.268,5,False,-6.8232,0.0133,.60-.70,
UNI/USDT,2025-03-29,LONG,0.57,5.96,5.835,4,True,-2.0973,0.8239,.55-.60,
UNI/USDT,2025-03-30,LONG,0.5746,5.867,5.835,3,True,-0.5454,0.4019,.55-.60,
UNI/USDT,2025-03-31,LONG,0.6603,5.975,5.835,2,True,-2.3431,0.4804,.60-.70,
UNI/USDT,2025-04-01,LONG,0.5509,6.268,5.835,1,True,-6.9081,1.2545,.55-.60,1-1.5x
UNI/USDT,2025-04-04,LONG,0.5717,5.909,5.867,1,True,-0.7108,0.1664,.55-.60,
TRX/USDT,2024-08-28,LONG,0.7553,0.15825,0.15995,1,True,1.0742,0.0419,.70-.80,
TRX/USDT,2024-09-01,LONG,0.8049,0.15564,0.1542,1,True,-0.9252,0.3517,>.80,
TRX/USDT,2024-09-07,LONG,0.6211,0.15165,0.153,3,True,0.8902,0.6579,.60-.70,
TRX/USDT,2024-09-15,LONG,0.656,0.14894,0.15002,2,True,0.7251,0.7493,.60-.70,
TRX/USDT,2024-09-16,LONG,0.6362,0.14898,0.15002,1,True,0.6981,0.0221,.60-.70,
TRX/USDT,2024-09-18,LONG,0.6324,0.14956,0.15198,3,True,1.6181,0.2576,.60-.70,
TRX/USDT,2024-09-22,LONG,0.5859,0.15178,0.15238,1,True,0.3953,0.1122,.55-.60,
TRX/USDT,2024-09-24,LONG,0.5532,0.15126,0.15639,5,False,3.3915,0.7104,.55-.60,
TRX/USDT,2024-09-26,LONG,0.5785,0.1531,0.15356,5,False,0.3005,1.8414,.55-.60,1.5-2x
TRX/USDT,2024-09-27,LONG,0.6149,0.15513,0.15451,5,False,-0.3997,1.329,.60-.70,1-1.5x
TRX/USDT,2024-09-28,LONG,0.6421,0.15508,0.15771,5,False,1.6959,0.033,.60-.70,
TRX/USDT,2024-09-29,LONG,0.7203,0.15639,0.1565,5,False,0.0703,0.8685,.70-.80,
TRX/USDT,2024-09-30,LONG,0.6357,0.15589,0.15347,5,False,-1.5524,0.3388,.60-.70,
TRX/USDT,2024-10-01,LONG,0.7217,0.15356,0.15347,4,True,-0.0586,1.4839,.70-.80,1-1.5x
TRX/USDT,2024-10-02,LONG,0.6493,0.15451,0.15347,3,True,-0.6731,0.6253,.60-.70,
TRX/USDT,2024-10-03,LONG,0.7001,0.15771,0.15347,2,True,-2.6885,2.1574,.70-.80,2-3x
TRX/USDT,2024-10-04,LONG,0.6773,0.1565,0.15347,1,True,-1.9361,0.8096,.60-.70,
TRX/USDT,2024-10-07,LONG,0.5956,0.15584,0.1588,3,True,1.8994,0.9155,.55-.60,
TRX/USDT,2024-10-08,LONG,0.7967,0.16002,0.1588,2,True,-0.7624,2.2424,.70-.80,2-3x
TRX/USDT,2024-10-09,LONG,0.62,0.16055,0.1588,1,True,-1.09,0.2823,.60-.70,
TRX/USDT,2024-10-11,LONG,0.8208,0.15982,0.16258,2,True,1.7269,0.5282,>.80,
TRX/USDT,2024-10-12,LONG,0.6143,0.1625,0.16258,1,True,0.0492,1.339,.60-.70,1-1.5x
TRX/USDT,2024-10-15,LONG,0.6562,0.15879,0.15942,2,True,0.3968,0.8498,.60-.70,
TRX/USDT,2024-10-21,LONG,0.7556,0.15836,0.16028,1,True,1.2124,0.8214,.70-.80,
TRX/USDT,2024-10-23,LONG,0.5544,0.16034,0.16459,1,True,2.6506,0.0328,.55-.60,
TRX/USDT,2024-10-26,LONG,0.5528,0.16514,0.16413,2,True,-0.6116,1.2966,.55-.60,1-1.5x
TRX/USDT,2024-10-27,LONG,0.661,0.16399,0.16413,1,True,0.0854,0.5592,.60-.70,
TRX/USDT,2024-10-29,LONG,0.6139,0.16636,0.16846,2,True,1.2623,1.1912,.60-.70,1-1.5x
TRX/USDT,2024-10-30,LONG,0.8991,0.16925,0.16846,1,True,-0.4668,1.5112,>.80,1.5-2x
TRX/USDT,2024-11-07,LONG,0.5611,0.16015,0.16398,3,True,2.3915,1.1497,.55-.60,1-1.5x
TRX/USDT,2024-11-08,LONG,0.698,0.16099,0.16398,2,True,1.8573,0.4203,.60-.70,
TRX/USDT,2024-11-11,LONG,0.6442,0.16781,0.17704,2,True,5.5003,1.7538,.60-.70,1.5-2x
TRX/USDT,2024-11-12,LONG,0.8615,0.1874,0.17704,1,True,-5.5283,4.0526,>.80,3-5x
TRX/USDT,2024-11-16,LONG,0.882,0.20018,0.20212,2,True,0.9691,1.28,>.80,1-1.5x
TRX/USDT,2024-11-17,LONG,0.9203,0.19943,0.20212,1,True,1.3488,0.1013,>.80,
TRX/USDT,2024-11-19,LONG,0.8844,0.19951,0.19463,1,True,-2.446,0.3462,>.80,
TRX/USDT,2024-11-21,LONG,0.8318,0.19865,0.20863,3,True,5.0239,0.5452,>.80,
TRX/USDT,2024-11-22,LONG,0.8253,0.20479,0.20863,2,True,1.8751,0.814,>.80,
TRX/USDT,2024-11-23,LONG,0.6363,0.21201,0.20863,1,True,-1.5943,0.9254,.60-.70,
TRX/USDT,2024-11-27,LONG,0.6325,0.20102,0.20449,2,True,1.7262,0.8276,.60-.70,
TRX/USDT,2024-11-28,LONG,0.8926,0.20329,0.20449,1,True,0.5903,0.2738,>.80,
TRX/USDT,2024-11-30,LONG,0.6323,0.20484,0.22106,2,True,7.9184,0.0414,.60-.70,
TRX/USDT,2024-12-01,LONG,0.7783,0.20716,0.22106,1,True,6.7098,0.2747,.70-.80,
TRX/USDT,2024-12-03,LONG,0.9692,0.4332,0.33052,1,True,-23.7027,4.4782,>.80,3-5x
TRX/USDT,2024-12-06,LONG,0.9889,0.32551,0.31885,1,True,-2.046,0.0421,>.80,
TRX/USDT,2024-12-09,LONG,0.7593,0.26273,0.26938,1,True,2.5311,0.7604,.70-.80,
TRX/USDT,2024-12-13,LONG,0.7024,0.29079,0.25803,5,False,-11.2659,0.0896,.70-.80,
TRX/USDT,2024-12-14,LONG,0.6041,0.28234,0.25803,4,True,-8.6102,0.1264,.60-.70,
TRX/USDT,2024-12-15,LONG,0.5567,0.28569,0.25803,3,True,-9.6818,0.0518,.55-.60,
TRX/USDT,2024-12-16,LONG,0.6518,0.29682,0.25803,2,True,-13.0685,0.1704,.60-.70,
TRX/USDT,2024-12-23,LONG,0.6766,0.2525,0.25836,5,False,2.3208,0.4753,.60-.70,
TRX/USDT,2024-12-27,LONG,0.5757,0.25934,0.25465,4,True,-1.8084,0.4216,.55-.60,
TRX/USDT,2024-12-28,LONG,0.5747,0.25836,0.25465,3,True,-1.436,0.0737,.55-.60,
TRX/USDT,2025-01-01,LONG,0.5588,0.25598,0.2696,3,True,5.3207,0.187,.55-.60,
TRX/USDT,2025-01-02,LONG,0.5664,0.2652,0.2696,2,True,1.6591,1.2287,.55-.60,1-1.5x
TRX/USDT,2025-01-08,LONG,0.5883,0.2505,0.24016,1,True,-4.1277,0.3754,.55-.60,
TRX/USDT,2025-01-10,LONG,0.6701,0.24447,0.24097,1,True,-1.4317,0.751,.60-.70,
TRX/USDT,2025-01-12,LONG,0.5894,0.23361,0.2229,1,True,-4.5846,1.2947,.55-.60,1-1.5x
TRX/USDT,2025-01-15,LONG,0.5706,0.23816,0.24881,2,True,4.4718,2.5107,.55-.60,2-3x
TRX/USDT,2025-01-16,LONG,0.6259,0.23711,0.24881,1,True,4.9344,0.1439,.60-.70,
TRX/USDT,2025-01-18,LONG,0.7614,0.24233,0.2448,3,True,1.0193,0.7813,.70-.80,
TRX/USDT,2025-01-19,LONG,0.6704,0.22856,0.2448,2,True,7.1054,1.6065,.60-.70,1.5-2x
TRX/USDT,2025-01-20,LONG,0.6708,0.23824,0.2448,1,True,2.7535,1.1488,.60-.70,1-1.5x
TRX/USDT,2025-01-24,LONG,0.7193,0.25431,0.24651,3,True,-3.0671,0.1798,.70-.80,
TRX/USDT,2025-01-25,LONG,0.6962,0.25339,0.24651,2,True,-2.7152,0.0983,.60-.70,
TRX/USDT,2025-01-26,LONG,0.6517,0.24614,0.24651,1,True,0.1503,0.7758,.60-.70,
TRX/USDT,2025-01-28,LONG,0.5718,0.23992,0.24013,1,True,0.0875,0.7641,.55-.60,
TRX/USDT,2025-02-03,LONG,0.6649,0.22872,0.22252,2,True,-2.7107,0.3643,.60-.70,
TRX/USDT,2025-02-04,LONG,0.6733,0.22456,0.22252,1,True,-0.9084,0.5351,.60-.70,
TRX/USDT,2025-02-06,LONG,0.8684,0.23163,0.24633,4,True,6.3463,1.2261,>.80,1-1.5x
TRX/USDT,2025-02-07,LONG,0.723,0.23008,0.24633,3,True,7.0628,0.203,.70-.80,
TRX/USDT,2025-02-11,LONG,0.6135,0.241,0.24327,1,True,0.9419,0.7073,.60-.70,
TRX/USDT,2025-02-13,LONG,0.897,0.23416,0.23149,1,True,-1.1402,1.1831,>.80,1-1.5x
TRX/USDT,2025-02-16,LONG,0.8479,0.24239,0.23872,1,True,-1.5141,0.6342,>.80,
TRX/USDT,2025-02-20,LONG,0.723,0.24631,0.23795,1,True,-3.3941,0.5536,.70-.80,
TRX/USDT,2025-02-22,LONG,0.5742,0.23935,0.246,1,True,2.7784,0.2452,.55-.60,
TRX/USDT,2025-02-24,LONG,0.5508,0.24006,0.22854,3,True,-4.7988,0.9725,.55-.60,
TRX/USDT,2025-02-25,LONG,0.6793,0.2308,0.22854,2,True,-0.9792,1.4586,.60-.70,1-1.5x
TRX/USDT,2025-02-26,LONG,0.577,0.22721,0.22854,1,True,0.5854,0.6205,.55-.60,
TRX/USDT,2025-03-02,LONG,0.6429,0.24409,0.24014,4,True,-1.6183,1.8254,.60-.70,1.5-2x
TRX/USDT,2025-03-03,LONG,0.9044,0.23126,0.24014,3,True,3.8398,2.0343,>.80,2-3x
TRX/USDT,2025-03-04,LONG,0.6646,0.24256,0.24014,2,True,-0.9977,1.7366,.60-.70,1.5-2x
TRX/USDT,2025-03-05,LONG,0.5602,0.2436,0.24014,1,True,-1.4204,0.1605,.55-.60,
TRX/USDT,2025-03-07,LONG,0.7765,0.24358,0.2321,2,True,-4.713,0.5434,.70-.80,
TRX/USDT,2025-03-08,LONG,0.5698,0.24382,0.2321,1,True,-4.8068,0.0379,.55-.60,
TRX/USDT,2025-03-11,LONG,0.6056,0.22433,0.22287,1,True,-0.6508,0.7368,.60-.70,
TRX/USDT,2025-03-15,LONG,0.5786,0.22159,0.21196,1,True,-4.3459,0.1446,.55-.60,
TRX/USDT,2025-03-18,LONG,0.6387,0.23705,0.23377,2,True,-1.3837,2.2893,.60-.70,2-3x
TRX/USDT,2025-03-19,LONG,0.5617,0.2309,0.23377,1,True,1.243,0.7835,.55-.60,
TRX/USDT,2025-03-21,LONG,0.7281,0.23353,0.22723,4,True,-2.6977,0.0312,.70-.80,
TRX/USDT,2025-03-22,LONG,0.6598,0.23702,0.22723,3,True,-4.1305,0.4734,.60-.70,
TRX/USDT,2025-03-24,LONG,0.6462,0.22807,0.22723,1,True,-0.3683,0.3027,.60-.70,
TRX/USDT,2025-03-29,LONG,0.7352,0.23167,0.23782,3,True,2.6546,0.1212,.70-.80,
TRX/USDT,2025-03-30,LONG,0.6064,0.23185,0.23782,2,True,2.5749,0.0302,.60-.70,
TRX/USDT,2025-04-04,LONG,0.6582,0.23913,0.23007,2,True,-3.7887,0.1541,.60-.70,
TRX/USDT,2025-04-05,LONG,0.6306,0.23741,0.23007,1,True,-3.0917,0.3016,.60-.70,
ATOM/USDT,2024-08-28,LONG,0.8671,4.599,4.608,1,True,0.1957,0.0439,>.80,
ATOM/USDT,2024-09-05,LONG,0.6395,3.909,3.716,1,True,-4.9373,1.0235,.60-.70,1-1.5x
ATOM/USDT,2024-09-07,LONG,0.9054,3.668,3.808,1,True,3.8168,0.318,>.80,
ATOM/USDT,2024-09-09,LONG,0.856,4.09,4.243,5,False,3.7408,1.6542,>.80,1.5-2x
ATOM/USDT,2024-09-10,LONG,0.9019,4.134,4.059,5,False,-1.8142,0.2394,>.80,
ATOM/USDT,2024-09-11,LONG,0.7818,4.165,4.059,4,True,-2.545,0.1666,.70-.80,
ATOM/USDT,2024-09-12,LONG,0.8914,4.146,4.059,3,True,-2.0984,0.1153,>.80,
ATOM/USDT,2024-09-13,LONG,0.7036,4.208,4.059,2,True,-3.5409,0.3974,.70-.80,
ATOM/USDT,2024-09-17,LONG,0.553,4.193,4.721,4,True,12.5924,1.4847,.55-.60,1-1.5x
ATOM/USDT,2024-09-18,LONG,0.8086,4.375,4.721,3,True,7.9086,1.1099,>.80,1-1.5x
ATOM/USDT,2024-09-19,LONG,0.601,4.508,4.721,2,True,4.7249,0.7654,.60-.70,
ATOM/USDT,2024-09-20,LONG,0.6133,4.524,4.721,1,True,4.3546,0.0899,.60-.70,
ATOM/USDT,2024-09-24,LONG,0.7099,4.818,5.007,2,True,3.9228,1.4677,.70-.80,1-1.5x
ATOM/USDT,2024-09-25,LONG,0.6331,4.78,5.007,1,True,4.749,0.2352,.60-.70,
ATOM/USDT,2024-09-27,LONG,0.6617,5.141,5.016,1,True,-2.4314,0.872,.60-.70,
ATOM/USDT,2024-09-29,LONG,0.751,5.029,4.726,1,True,-6.0251,0.0912,.70-.80,
ATOM/USDT,2024-10-01,LONG,0.6874,4.442,4.434,1,True,-0.1801,1.676,.60-.70,1.5-2x
ATOM/USDT,2024-10-05,LONG,0.5619,4.632,4.231,4,True,-8.6572,0.0783,.55-.60,
ATOM/USDT,2024-10-06,LONG,0.6321,4.647,4.231,3,True,-8.952,0.0917,.60-.70,
ATOM/USDT,2024-10-07,LONG,0.9373,4.423,4.231,2,True,-4.3409,1.3536,>.80,1-1.5x
ATOM/USDT,2024-10-08,LONG,0.6045,4.35,4.231,1,True,-2.7356,0.4775,.60-.70,
ATOM/USDT,2024-10-11,LONG,0.7122,4.279,4.516,3,True,5.5387,1.0377,.70-.80,1-1.5x
ATOM/USDT,2024-10-12,LONG,0.6733,4.35,4.516,2,True,3.8161,0.4885,.60-.70,
ATOM/USDT,2024-10-15,LONG,0.5907,4.488,4.439,1,True,-1.0918,0.1877,.55-.60,
ATOM/USDT,2024-10-19,LONG,0.631,4.469,4.85,5,False,8.5254,0.8521,.60-.70,
ATOM/USDT,2024-10-20,LONG,0.7902,4.694,4.419,5,False,-5.8585,1.6323,.70-.80,1.5-2x
ATOM/USDT,2024-10-22,LONG,0.6703,4.786,4.455,5,False,-6.916,0.7939,.60-.70,
ATOM/USDT,2024-10-23,LONG,0.8417,4.62,4.455,4,True,-3.5714,1.132,>.80,1-1.5x
ATOM/USDT,2024-10-24,LONG,0.6075,4.85,4.455,3,True,-8.1443,1.6431,.60-.70,1.5-2x
ATOM/USDT,2024-10-25,LONG,0.5832,4.419,4.455,2,True,0.8147,2.4287,.55-.60,2-3x
ATOM/USDT,2024-10-26,LONG,0.7376,4.373,4.455,1,True,1.8751,0.2843,.70-.80,
ATOM/USDT,2024-10-31,LONG,0.8276,4.237,3.979,3,True,-6.0892,1.3928,>.80,1-1.5x
ATOM/USDT,2024-11-01,LONG,0.6721,4.175,3.979,2,True,-4.6946,0.4138,.60-.70,
ATOM/USDT,2024-11-06,LONG,0.6216,4.515,4.529,1,True,0.3101,1.7744,.60-.70,1.5-2x
ATOM/USDT,2024-11-10,LONG,0.7369,5.267,5.311,2,True,0.8354,2.1687,.70-.80,2-3x
ATOM/USDT,2024-11-11,LONG,0.5568,5.662,5.311,1,True,-6.1992,1.5729,.55-.60,1.5-2x
ATOM/USDT,2024-11-13,LONG,0.7989,5.122,5.261,2,True,2.7138,0.7222,.70-.80,
ATOM/USDT,2024-11-14,LONG,0.8961,4.953,5.261,1,True,6.2185,0.7308,>.80,
ATOM/USDT,2024-11-21,LONG,0.6304,6.42,7.552,1,True,17.6324,0.5549,.60-.70,
ATOM/USDT,2024-11-24,LONG,0.7184,8.758,8.321,3,True,-4.9897,0.9079,.70-.80,
ATOM/USDT,2024-11-25,LONG,0.9927,7.923,8.321,2,True,5.0233,1.2323,>.80,1-1.5x
ATOM/USDT,2024-11-26,LONG,0.5999,8.01,8.321,1,True,3.8826,0.1427,.55-.60,
ATOM/USDT,2024-12-02,LONG,0.6864,9.568,9.575,1,True,0.0732,1.0095,.60-.70,1-1.5x
ATOM/USDT,2024-12-04,LONG,0.6416,9.932,8.394,5,False,-15.4853,0.5248,.60-.70,
ATOM/USDT,2024-12-05,LONG,0.8802,9.571,7.941,5,False,-17.0306,0.5002,>.80,
ATOM/USDT,2024-12-07,LONG,0.6224,10.172,7.941,3,True,-21.9328,0.3344,.60-.70,
ATOM/USDT,2024-12-08,LONG,0.8419,10.124,7.941,2,True,-21.5626,0.0792,>.80,
ATOM/USDT,2024-12-09,LONG,0.7362,8.394,7.941,1,True,-5.3967,2.3383,.70-.80,2-3x
ATOM/USDT,2024-12-12,LONG,0.7339,8.951,8.971,2,True,0.2234,0.2114,.70-.80,
ATOM/USDT,2024-12-16,LONG,0.7132,8.889,8.547,1,True,-3.8475,0.4038,.70-.80,
ATOM/USDT,2024-12-20,LONG,0.7691,6.914,6.525,1,True,-5.6263,0.2157,.70-.80,
ATOM/USDT,2024-12-29,LONG,0.6386,6.295,6.195,2,True,-1.5886,0.8752,.60-.70,
ATOM/USDT,2024-12-30,LONG,0.6137,6.352,6.195,1,True,-2.4717,0.1664,.60-.70,
ATOM/USDT,2025-01-03,LONG,0.6699,7.42,7.296,1,True,-1.6712,1.9293,.60-.70,1.5-2x
ATOM/USDT,2025-01-06,LONG,0.6562,7.453,6.654,4,True,-10.7205,0.2819,.60-.70,
ATOM/USDT,2025-01-07,LONG,0.562,6.768,6.654,3,True,-1.6844,1.7019,.55-.60,1.5-2x
ATOM/USDT,2025-01-13,LONG,0.7006,6.285,6.27,1,True,-0.2387,0.6233,.70-.80,
ATOM/USDT,2025-01-17,LONG,0.6175,7.053,6.595,1,True,-6.4937,1.4979,.60-.70,1-1.5x
ATOM/USDT,2025-01-24,LONG,0.7296,6.215,6.193,1,True,-0.354,0.3371,.70-.80,
ATOM/USDT,2025-01-31,LONG,0.5535,6.242,5.816,1,True,-6.8247,0.1027,.55-.60,
ATOM/USDT,2025-02-03,LONG,0.8001,4.927,4.675,2,True,-5.1147,0.1661,>.80,
ATOM/USDT,2025-02-04,LONG,0.5739,4.69,4.675,1,True,-0.3198,0.861,.55-.60,
ATOM/USDT,2025-02-07,LONG,0.5753,4.373,4.568,1,True,4.4592,0.1572,.55-.60,
ATOM/USDT,2025-02-11,LONG,0.6691,4.705,4.829,4,True,2.6355,0.4719,.60-.70,
ATOM/USDT,2025-02-13,LONG,0.6456,4.989,4.829,2,True,-3.2071,0.2937,.60-.70,
ATOM/USDT,2025-02-14,LONG,0.6075,4.91,4.829,1,True,-1.6497,0.2947,.60-.70,
ATOM/USDT,2025-02-17,LONG,0.5507,4.815,4.574,1,True,-5.0052,0.1905,.55-.60,
ATOM/USDT,2025-02-19,LONG,0.5657,4.689,4.359,5,False,-7.0377,0.4971,.55-.60,
ATOM/USDT,2025-02-22,LONG,0.5902,4.966,4.572,5,False,-7.934,1.0981,.55-.60,1-1.5x
ATOM/USDT,2025-02-23,LONG,0.6308,4.877,4.572,4,True,-6.2538,0.479,.60-.70,
ATOM/USDT,2025-02-25,LONG,0.5858,4.456,4.572,2,True,2.6032,0.5112,.55-.60,
ATOM/USDT,2025-02-26,LONG,0.6281,4.609,4.572,1,True,-0.8028,0.8141,.60-.70,
ATOM/USDT,2025-02-28,LONG,0.6007,4.632,4.225,3,True,-8.7867,0.3192,.60-.70,
ATOM/USDT,2025-03-01,LONG,0.6065,4.491,4.225,2,True,-5.923,0.7294,.60-.70,
ATOM/USDT,2025-03-04,LONG,0.6316,4.161,4.33,1,True,4.0615,0.2941,.60-.70,
ATOM/USDT,2025-03-11,LONG,0.6465,3.877,3.889,1,True,0.3095,1.4119,.60-.70,1-1.5x
ATOM/USDT,2025-03-14,LONG,0.617,4.288,4.613,2,True,7.5793,1.5994,.60-.70,1.5-2x
ATOM/USDT,2025-03-18,LONG,0.5876,4.725,4.748,1,True,0.4868,0.3234,.55-.60,
ATOM/USDT,2025-03-23,LONG,0.5505,4.803,4.807,4,True,0.0833,0.356,.55-.60,
ATOM/USDT,2025-03-24,LONG,0.5816,4.959,4.807,3,True,-3.0651,0.7056,.55-.60,
ATOM/USDT,2025-03-30,LONG,0.585,4.314,4.988,5,False,15.6236,0.3771,.55-.60,
ATOM/USDT,2025-03-31,LONG,0.5626,4.376,4.806,5,False,9.8263,0.3567,.55-.60,
ATOM/USDT,2025-04-02,LONG,0.5761,4.215,4.439,4,True,5.3144,0.8718,.55-.60,
ATOM/USDT,2025-04-04,LONG,0.6273,4.988,4.439,2,True,-11.0064,1.7847,.60-.70,1.5-2x
ATOM/USDT,2025-04-05,LONG,0.5683,4.806,4.439,1,True,-7.6363,0.8704,.55-.60,
BCH/USDT,2024-09-04,LONG,0.5602,315.2,307.6,1,True,-2.4112,0.7332,.55-.60,
BCH/USDT,2024-09-07,LONG,0.6383,299.6,333.0,5,False,11.1482,0.5175,.60-.70,
BCH/USDT,2024-09-08,LONG,0.6041,305.2,335.8,5,False,10.0262,0.6316,.60-.70,
BCH/USDT,2024-09-09,LONG,0.5663,322.2,327.1,5,False,1.5208,1.7136,.55-.60,1.5-2x
BCH/USDT,2024-09-10,LONG,0.6111,329.5,316.4,5,False,-3.9757,0.7208,.60-.70,
BCH/USDT,2024-09-12,LONG,0.6949,333.0,316.4,3,True,-4.985,0.4539,.60-.70,
BCH/USDT,2024-09-14,LONG,0.6034,327.1,316.4,1,True,-3.2712,0.8715,.60-.70,
BCH/USDT,2024-09-16,LONG,0.5879,311.8,314.3,1,True,0.8018,0.5354,.55-.60,
BCH/USDT,2024-09-21,LONG,0.7133,345.7,342.0,2,True,-1.0703,0.9853,.70-.80,
BCH/USDT,2024-09-22,LONG,0.597,342.7,342.0,1,True,-0.2043,0.3002,.55-.60,
BCH/USDT,2024-09-25,LONG,0.6028,343.5,337.2,5,False,-1.8341,0.4991,.60-.70,
BCH/USDT,2024-09-27,LONG,0.563,358.8,337.2,3,True,-6.0201,0.8225,.55-.60,
BCH/USDT,2024-09-28,LONG,0.7434,352.4,337.2,2,True,-4.3133,0.7288,.70-.80,
BCH/USDT,2024-09-29,LONG,0.6115,352.5,337.2,1,True,-4.3404,0.0131,.60-.70,
BCH/USDT,2024-10-10,LONG,0.7976,323.1,329.3,2,True,1.9189,0.3225,.70-.80,
BCH/USDT,2024-10-14,LONG,0.8385,369.5,354.4,1,True,-4.0866,3.6992,>.80,3-5x
BCH/USDT,2024-10-16,LONG,0.7924,365.5,367.2,2,True,0.4651,0.7502,.70-.80,
BCH/USDT,2024-10-17,LONG,0.964,370.0,367.2,1,True,-0.7568,0.2958,>.80,
BCH/USDT,2024-10-19,LONG,0.849,363.5,369.9,1,True,1.7607,0.2427,>.80,
BCH/USDT,2024-10-21,LONG,0.6318,363.5,368.1,3,True,1.2655,0.4573,.60-.70,
BCH/USDT,2024-10-22,LONG,0.7556,357.4,368.1,2,True,2.9938,0.4401,.70-.80,
BCH/USDT,2024-10-23,LONG,0.7153,348.3,368.1,1,True,5.6848,0.6567,.70-.80,
BCH/USDT,2024-10-25,LONG,0.5853,349.1,347.9,1,True,-0.3437,1.2172,.55-.60,1-1.5x
BCH/USDT,2024-10-28,LONG,0.8267,365.5,358.7,3,True,-1.8605,0.865,>.80,
BCH/USDT,2024-10-29,LONG,0.8446,386.1,358.7,2,True,-7.0966,1.2897,>.80,1-1.5x
BCH/USDT,2024-11-06,LONG,0.8739,378.3,441.1,4,True,16.6006,2.5689,>.80,2-3x
BCH/USDT,2024-11-08,LONG,0.6425,377.2,441.1,2,True,16.9406,0.0265,.60-.70,
BCH/USDT,2024-11-09,LONG,0.8928,404.9,441.1,1,True,8.9405,1.7085,>.80,1.5-2x
BCH/USDT,2024-11-12,LONG,0.9034,432.4,431.7,3,True,-0.1619,1.6259,>.80,1.5-2x
BCH/USDT,2024-11-13,LONG,0.9411,439.6,431.7,2,True,-1.7971,0.3255,>.80,
BCH/USDT,2024-11-14,LONG,0.9725,414.8,431.7,1,True,4.0743,1.0962,>.80,1-1.5x
BCH/USDT,2024-11-23,LONG,0.9061,510.2,515.2,1,True,0.98,0.7347,>.80,
BCH/USDT,2024-11-25,LONG,0.8178,492.0,492.4,1,True,0.0813,0.8101,>.80,
BCH/USDT,2024-11-27,LONG,0.6182,517.6,511.1,1,True,-1.2558,0.9737,.60-.70,
BCH/USDT,2024-11-29,LONG,0.7979,518.3,583.8,5,False,12.6375,0.2756,.70-.80,
BCH/USDT,2024-11-30,LONG,0.6294,525.9,588.6,5,False,11.9224,0.306,.60-.70,
BCH/USDT,2024-12-01,LONG,0.5871,532.2,618.6,5,False,16.2345,0.2621,.55-.60,
BCH/USDT,2024-12-03,LONG,0.9123,585.1,618.6,3,True,5.7255,2.0069,>.80,2-3x
BCH/USDT,2024-12-05,LONG,0.7551,588.6,618.6,1,True,5.0968,0.204,.70-.80,
BCH/USDT,2024-12-07,LONG,0.8266,608.0,546.6,4,True,-10.0987,0.4803,>.80,
BCH/USDT,2024-12-08,LONG,0.8129,622.2,546.6,3,True,-12.1504,0.6647,>.80,
BCH/USDT,2024-12-09,LONG,0.6719,551.3,546.6,2,True,-0.8525,2.5102,.60-.70,2-3x
BCH/USDT,2024-12-10,LONG,0.7717,516.3,546.6,1,True,5.8687,1.3193,.70-.80,1-1.5x
BCH/USDT,2024-12-12,LONG,0.6489,540.1,534.1,2,True,-1.1109,0.2647,.60-.70,
BCH/USDT,2024-12-13,LONG,0.6392,542.7,534.1,1,True,-1.5847,0.109,.60-.70,
BCH/USDT,2024-12-15,LONG,0.6775,546.4,538.3,1,True,-1.4824,0.5342,.60-.70,
BCH/USDT,2024-12-17,LONG,0.6019,530.0,480.5,1,True,-9.3396,0.3655,.60-.70,
BCH/USDT,2024-12-26,LONG,0.6421,437.5,441.1,1,True,0.8229,1.3003,.60-.70,1-1.5x
BCH/USDT,2024-12-29,LONG,0.6491,439.0,434.6,2,True,-1.0023,0.6861,.60-.70,
BCH/USDT,2024-12-30,LONG,0.5882,444.3,434.6,1,True,-2.1832,0.3125,.55-.60,
BCH/USDT,2025-01-03,LONG,0.623,473.7,482.9,3,True,1.9422,0.6602,.60-.70,
BCH/USDT,2025-01-13,LONG,0.6749,428.0,466.5,5,False,8.9953,1.1911,.60-.70,1-1.5x
BCH/USDT,2025-01-14,LONG,0.561,437.7,427.6,5,False,-2.3075,0.6063,.55-.60,
BCH/USDT,2025-01-16,LONG,0.5728,461.6,427.6,3,True,-7.3657,0.0771,.55-.60,
BCH/USDT,2025-01-18,LONG,0.6252,466.5,427.6,1,True,-8.3387,1.1799,.60-.70,1-1.5x
BCH/USDT,2025-01-20,LONG,0.6466,430.8,446.3,1,True,3.598,0.1706,.60-.70,
BCH/USDT,2025-01-24,LONG,0.6102,431.8,425.2,2,True,-1.5285,0.3063,.60-.70,
BCH/USDT,2025-01-27,LONG,0.6497,427.6,410.7,1,True,-3.9523,0.1443,.60-.70,
BCH/USDT,2025-01-29,LONG,0.5855,414.9,434.6,1,True,4.7481,0.2578,.55-.60,
BCH/USDT,2025-02-03,LONG,0.8385,352.9,327.8,2,True,-7.1125,0.48,>.80,
BCH/USDT,2025-02-06,LONG,0.9544,316.2,318.7,1,True,0.7906,0.8907,>.80,
BCH/USDT,2025-02-11,LONG,0.5664,331.4,335.0,2,True,1.0863,0.1682,.55-.60,
BCH/USDT,2025-02-18,LONG,0.5867,316.0,313.8,3,True,-0.6962,0.6836,.55-.60,
BCH/USDT,2025-02-19,LONG,0.5543,322.8,313.8,2,True,-2.7881,0.6458,.55-.60,
BCH/USDT,2025-02-20,LONG,0.5561,325.9,313.8,1,True,-3.7128,0.2855,.55-.60,
BCH/USDT,2025-02-25,LONG,0.5865,291.8,296.9,2,True,1.7478,0.0211,.55-.60,
BCH/USDT,2025-03-01,LONG,0.5618,311.5,320.6,3,True,2.9213,0.3784,.55-.60,
BCH/USDT,2025-03-03,LONG,0.8555,321.1,320.6,1,True,-0.1557,0.9788,>.80,
BCH/USDT,2025-03-07,LONG,0.8541,388.9,357.5,2,True,-8.0741,0.245,>.80,
BCH/USDT,2025-03-08,LONG,0.9542,385.9,357.5,1,True,-7.3594,0.1229,>.80,
BCH/USDT,2025-03-10,LONG,0.768,331.6,353.9,2,True,6.725,1.0732,.70-.80,1-1.5x
BCH/USDT,2025-03-11,LONG,0.8934,340.3,353.9,1,True,3.9965,0.3882,>.80,
BCH/USDT,2025-03-13,LONG,0.659,325.9,331.4,1,True,1.6876,1.1293,.60-.70,1-1.5x
BCH/USDT,2025-03-20,LONG,0.5637,333.5,322.4,2,True,-3.3283,0.53,.55-.60,
BCH/USDT,2025-03-26,LONG,0.6288,335.1,299.0,4,True,-10.7729,0.0746,.60-.70,
BCH/USDT,2025-03-27,LONG,0.7145,324.5,299.0,3,True,-7.8582,0.8717,.70-.80,
BCH/USDT,2025-03-28,LONG,0.7068,307.5,299.0,2,True,-2.7642,1.3934,.70-.80,1-1.5x
BCH/USDT,2025-04-02,LONG,0.6752,293.0,301.3,1,True,2.8328,1.8818,.60-.70,1.5-2x
XLM/USDT,2024-09-04,LONG,0.5668,0.0916,0.09313,5,False,1.6703,0.0888,.55-.60,
XLM/USDT,2024-09-05,LONG,0.5515,0.09026,0.09407,5,False,4.2211,0.7361,.55-.60,
XLM/USDT,2024-09-07,LONG,0.5881,0.08859,0.09493,5,False,7.1566,0.3023,.55-.60,
XLM/USDT,2024-09-08,LONG,0.5654,0.08998,0.09638,5,False,7.1127,0.8302,.55-.60,
XLM/USDT,2024-09-17,LONG,0.5588,0.09455,0.09607,1,True,1.6076,0.2749,.55-.60,
XLM/USDT,2024-09-21,LONG,0.58,0.09804,0.098,5,False,-0.0408,1.1934,.55-.60,1-1.5x
XLM/USDT,2024-10-02,LONG,0.5772,0.09045,0.09047,1,True,0.0221,1.8186,.55-.60,1.5-2x
XLM/USDT,2024-10-04,LONG,0.8104,0.09186,0.09003,4,True,-1.9922,0.774,>.80,
XLM/USDT,2024-10-05,LONG,0.659,0.09207,0.09003,3,True,-2.2157,0.1179,.60-.70,
XLM/USDT,2024-10-06,LONG,0.6748,0.09241,0.09003,2,True,-2.5755,0.1901,.60-.70,
XLM/USDT,2024-10-07,LONG,0.8217,0.09106,0.09003,1,True,-1.1311,0.7437,>.80,
XLM/USDT,2024-10-09,LONG,0.5841,0.08981,0.09015,1,True,0.3786,0.1267,.55-.60,
XLM/USDT,2024-10-15,LONG,0.5621,0.09293,0.09497,2,True,2.1952,0.204,.55-.60,
XLM/USDT,2024-10-16,LONG,0.7214,0.09551,0.09497,1,True,-0.5654,1.3285,.70-.80,1-1.5x
XLM/USDT,2024-10-20,LONG,0.6937,0.09728,0.09534,1,True,-1.9942,0.1846,.60-.70,
XLM/USDT,2024-10-23,LONG,0.6224,0.0945,0.0966,1,True,2.2222,0.5764,.60-.70,
XLM/USDT,2024-10-25,LONG,0.6862,0.0935,0.09477,5,False,1.3583,1.9576,.60-.70,1.5-2x
XLM/USDT,2024-10-27,LONG,0.7034,0.09429,0.09246,4,True,-1.9408,0.0265,.70-.80,
XLM/USDT,2024-11-02,LONG,0.6059,0.09268,0.10217,5,False,10.2395,0.2807,.60-.70,
XLM/USDT,2024-11-03,LONG,0.6786,0.09064,0.10118,5,False,11.6284,1.3105,.60-.70,1-1.5x
XLM/USDT,2024-11-06,LONG,0.636,0.09717,0.10118,2,True,4.1268,2.1079,.60-.70,2-3x
XLM/USDT,2024-11-07,LONG,0.7617,0.10217,0.10118,1,True,-0.969,2.3681,.70-.80,2-3x
XLM/USDT,2024-11-09,LONG,0.7527,0.10226,0.11475,2,True,12.214,0.4854,.70-.80,
XLM/USDT,2024-11-10,LONG,0.8191,0.10832,0.11475,1,True,5.9361,2.4027,>.80,2-3x
XLM/USDT,2024-11-13,LONG,0.8074,0.12424,0.22072,3,True,77.6561,1.5217,>.80,1.5-2x
XLM/USDT,2024-11-14,LONG,0.9882,0.13114,0.22072,2,True,68.3087,1.1321,>.80,1-1.5x
XLM/USDT,2024-11-15,LONG,0.8763,0.14582,0.22072,1,True,51.3647,2.1021,>.80,2-3x
XLM/USDT,2024-11-17,LONG,0.7795,0.19631,0.24736,3,True,26.0048,0.8756,.70-.80,
XLM/USDT,2024-11-18,LONG,0.5665,0.23159,0.24736,2,True,6.8094,1.3845,.55-.60,1-1.5x
XLM/USDT,2024-11-19,LONG,0.9964,0.23151,0.24736,1,True,6.8464,0.0027,>.80,
XLM/USDT,2024-11-24,LONG,0.8294,0.536,0.48335,3,True,-9.8228,0.1582,>.80,
XLM/USDT,2024-11-25,LONG,0.9872,0.48174,0.48335,2,True,0.3342,0.5816,>.80,
XLM/USDT,2024-11-26,LONG,0.9945,0.43852,0.48335,1,True,10.223,0.5022,>.80,
XLM/USDT,2024-11-29,LONG,0.9812,0.5476,0.52538,1,True,-4.0577,0.5408,>.80,
XLM/USDT,2024-12-02,LONG,0.8385,0.53901,0.50652,1,True,-6.0277,0.2176,>.80,
XLM/USDT,2024-12-04,LONG,0.6321,0.48918,0.47081,1,True,-3.7553,0.1886,.60-.70,
XLM/USDT,2024-12-06,LONG,0.7237,0.49559,0.41081,3,True,-17.1069,0.3484,.70-.80,
XLM/USDT,2024-12-07,LONG,0.7277,0.50369,0.41081,2,True,-18.4399,0.1115,.70-.80,
XLM/USDT,2024-12-08,LONG,0.5632,0.49309,0.41081,1,True,-16.6866,0.1456,.55-.60,
XLM/USDT,2024-12-12,LONG,0.5538,0.42493,0.43779,1,True,3.0264,0.1695,.55-.60,
XLM/USDT,2024-12-15,LONG,0.5672,0.43025,0.39604,3,True,-7.9512,0.2167,.55-.60,
XLM/USDT,2024-12-21,LONG,0.598,0.35569,0.37109,2,True,4.3296,1.0029,.55-.60,1-1.5x
XLM/USDT,2025-01-01,LONG,0.5721,0.42581,0.44659,5,False,4.8801,3.6021,.55-.60,3-5x
XLM/USDT,2025-01-04,LONG,0.6866,0.4505,0.41785,3,True,-7.2475,0.0651,.60-.70,
XLM/USDT,2025-01-15,LONG,0.588,0.48827,0.44731,5,False,-8.3888,1.7042,.55-.60,1.5-2x
XLM/USDT,2025-01-18,LONG,0.6322,0.4909,0.43089,5,False,-12.2245,0.0864,.60-.70,
XLM/USDT,2025-01-27,LONG,0.5852,0.40741,0.39284,2,True,-3.5762,0.0505,.55-.60,
XLM/USDT,2025-02-03,LONG,0.7987,0.37041,0.3182,3,True,-14.0952,0.8183,.70-.80,
XLM/USDT,2025-02-05,LONG,0.6304,0.32718,0.3182,1,True,-2.7447,0.8213,.60-.70,
XLM/USDT,2025-02-07,LONG,0.5884,0.32685,0.3331,5,False,1.9122,0.558,.55-.60,
XLM/USDT,2025-02-09,LONG,0.88,0.31414,0.3331,3,True,6.0355,1.2269,>.80,1-1.5x
XLM/USDT,2025-02-11,LONG,0.6305,0.318,0.3331,1,True,4.7484,0.3501,.60-.70,
XLM/USDT,2025-02-15,LONG,0.7037,0.34882,0.33413,2,True,-4.2113,0.0984,.70-.80,
XLM/USDT,2025-02-16,LONG,0.5584,0.343,0.33413,1,True,-2.586,0.3596,.55-.60,
XLM/USDT,2025-02-18,LONG,0.6455,0.32353,0.32611,3,True,0.7975,0.6836,.60-.70,
XLM/USDT,2025-02-19,LONG,0.5889,0.34178,0.32611,2,True,-4.5848,1.311,.55-.60,1-1.5x
XLM/USDT,2025-02-20,LONG,0.5696,0.34456,0.32611,1,True,-5.3547,0.1898,.55-.60,
XLM/USDT,2025-02-25,LONG,0.5877,0.29569,0.28359,2,True,-4.0921,0.1774,.55-.60,
XLM/USDT,2025-02-28,LONG,0.5516,0.28649,0.3115,1,True,8.7298,0.2695,.55-.60,
XLM/USDT,2025-03-04,LONG,0.5521,0.295,0.2962,2,True,0.4068,0.1416,.55-.60,
XLM/USDT,2025-03-05,LONG,0.6662,0.29967,0.2962,1,True,-1.1579,0.2529,.60-.70,
XLM/USDT,2025-03-07,LONG,0.6496,0.2832,0.27579,1,True,-2.6165,0.7042,.60-.70,
XLM/USDT,2025-03-10,LONG,0.5924,0.24192,0.27389,3,True,13.2151,1.2456,.55-.60,1-1.5x
XLM/USDT,2025-03-11,LONG,0.5864,0.25494,0.27389,2,True,7.4331,0.8338,.55-.60,
XLM/USDT,2025-03-12,LONG,0.6078,0.25947,0.27389,1,True,5.5575,0.2745,.60-.70,
XLM/USDT,2025-03-14,LONG,0.6463,0.27628,0.26246,2,True,-5.0022,0.1336,.60-.70,
XLM/USDT,2025-03-15,LONG,0.6644,0.2746,0.26246,1,True,-4.421,0.0931,.60-.70,
XLM/USDT,2025-03-17,LONG,0.6208,0.27302,0.29062,2,True,6.4464,0.643,.60-.70,
XLM/USDT,2025-03-18,LONG,0.6586,0.27331,0.29062,1,True,6.3335,0.0171,.60-.70,
XLM/USDT,2025-03-20,LONG,0.5988,0.28139,0.29382,5,False,4.4174,0.4948,.55-.60,
XLM/USDT,2025-03-21,LONG,0.6502,0.27694,0.28546,5,False,3.0765,0.2594,.60-.70,
XLM/USDT,2025-03-22,LONG,0.6845,0.27401,0.28637,5,False,4.5108,0.2012,.60-.70,
XLM/USDT,2025-03-23,LONG,0.6224,0.28316,0.27463,5,False,-3.0124,0.8676,.60-.70,
XLM/USDT,2025-03-24,LONG,0.643,0.29071,0.26733,5,False,-8.0424,0.6849,.60-.70,
XLM/USDT,2025-03-25,LONG,0.6538,0.29382,0.26733,4,True,-9.0157,0.2755,.60-.70,
XLM/USDT,2025-03-26,LONG,0.6691,0.28546,0.26733,3,True,-6.3512,0.7244,.60-.70,
XLM/USDT,2025-03-27,LONG,0.6208,0.28637,0.26733,2,True,-6.6487,0.084,.60-.70,
XLM/USDT,2025-03-28,LONG,0.6409,0.27463,0.26733,1,True,-2.6581,1.0602,.60-.70,1-1.5x
XLM/USDT,2025-03-30,LONG,0.5684,0.26679,0.26406,1,True,-1.0233,0.0624,.55-.60,
ICP/USDT,2024-08-29,LONG,0.6184,7.791,7.155,5,False,-8.1633,0.0866,.60-.70,
ICP/USDT,2024-08-30,LONG,0.6243,7.619,7.558,5,False,-0.8006,0.546,.60-.70,
ICP/USDT,2024-09-04,LONG,0.5626,7.558,7.23,1,True,-4.3398,1.4387,.55-.60,1-1.5x
ICP/USDT,2024-09-07,LONG,0.6679,7.058,8.669,4,True,22.8252,0.1067,.60-.70,
ICP/USDT,2024-09-08,LONG,0.7013,7.417,8.669,3,True,16.8801,1.2246,.70-.80,1-1.5x
ICP/USDT,2024-09-10,LONG,0.7001,8.926,8.669,1,True,-2.8792,2.8092,.70-.80,2-3x
ICP/USDT,2024-09-12,LONG,0.7197,8.505,8.327,3,True,-2.0929,0.3845,.70-.80,
ICP/USDT,2024-09-13,LONG,0.6617,8.62,8.327,2,True,-3.3991,0.2743,.60-.70,
ICP/USDT,2024-09-16,LONG,0.5781,8.032,8.079,3,True,0.5852,0.7391,.55-.60,
ICP/USDT,2024-09-18,LONG,0.7302,8.2,8.079,1,True,-1.4756,0.7395,.70-.80,
ICP/USDT,2024-09-21,LONG,0.7021,8.531,8.263,1,True,-3.1415,0.126,.70-.80,
ICP/USDT,2024-09-24,LONG,0.6223,9.389,9.056,1,True,-3.5467,1.6184,.60-.70,1.5-2x
ICP/USDT,2024-09-28,LONG,0.654,9.672,8.997,2,True,-6.9789,0.4164,.60-.70,
ICP/USDT,2024-10-02,LONG,0.613,7.989,8.363,2,True,4.6814,0.9836,.60-.70,
ICP/USDT,2024-10-03,LONG,0.8094,8.027,8.363,1,True,4.1859,0.1143,>.80,
ICP/USDT,2024-10-05,LONG,0.6103,8.2,8.515,1,True,3.8415,0.4623,.60-.70,
ICP/USDT,2024-10-13,LONG,0.8358,7.919,8.007,5,False,1.1113,0.4562,>.80,
ICP/USDT,2024-10-17,LONG,0.6924,7.68,8.007,1,True,4.2578,0.8004,.60-.70,
ICP/USDT,2024-10-20,LONG,0.7323,8.345,7.97,1,True,-4.4937,1.1124,.70-.80,1-1.5x
ICP/USDT,2024-10-23,LONG,0.649,8.137,8.308,1,True,2.1015,0.7401,.60-.70,
ICP/USDT,2024-10-25,LONG,0.5984,7.706,7.81,3,True,1.3496,2.0987,.55-.60,2-3x
ICP/USDT,2024-10-27,LONG,0.7094,7.795,7.81,1,True,0.1924,0.2367,.70-.80,
ICP/USDT,2024-10-31,LONG,0.836,7.857,7.529,2,True,-4.1746,1.0894,>.80,1-1.5x
ICP/USDT,2024-11-01,LONG,0.7451,7.819,7.529,1,True,-3.7089,0.1493,.70-.80,
ICP/USDT,2024-11-03,LONG,0.7347,7.185,7.018,1,True,-2.3243,1.4302,.70-.80,1-1.5x
ICP/USDT,2024-11-05,LONG,0.7977,7.361,8.56,4,True,16.2885,1.448,.70-.80,1-1.5x
ICP/USDT,2024-11-06,LONG,0.603,7.879,8.56,3,True,8.6432,1.9033,.60-.70,1.5-2x
ICP/USDT,2024-11-14,LONG,0.8705,7.981,8.683,1,True,8.7959,1.3711,>.80,1-1.5x
ICP/USDT,2024-11-18,LONG,0.788,9.432,8.823,2,True,-6.4567,0.9434,.70-.80,
ICP/USDT,2024-11-19,LONG,0.8355,9.135,8.823,1,True,-3.4154,0.5915,>.80,
ICP/USDT,2024-11-21,LONG,0.6512,9.221,11.643,3,True,26.2661,0.839,.60-.70,
ICP/USDT,2024-11-22,LONG,0.9808,11.271,11.643,2,True,3.3005,3.1506,>.80,3-5x
ICP/USDT,2024-11-23,LONG,0.6625,11.388,11.643,1,True,2.2392,0.1509,.60-.70,
ICP/USDT,2024-11-25,LONG,0.9829,11.514,11.674,2,True,1.3896,0.1625,>.80,
ICP/USDT,2024-11-26,LONG,0.7044,11.143,11.674,1,True,4.7653,0.4709,.70-.80,
ICP/USDT,2024-11-30,LONG,0.7131,12.449,14.627,3,True,17.4954,0.4945,.70-.80,
ICP/USDT,2024-12-01,LONG,0.8286,12.77,14.627,2,True,14.5419,0.3953,>.80,
ICP/USDT,2024-12-04,LONG,0.5857,14.669,14.264,1,True,-2.7609,0.0489,.55-.60,
ICP/USDT,2024-12-08,LONG,0.9533,14.574,11.945,1,True,-18.039,0.1058,>.80,
ICP/USDT,2024-12-10,LONG,0.7965,11.78,13.151,1,True,11.6384,0.188,.70-.80,
ICP/USDT,2024-12-12,LONG,0.843,13.658,13.527,1,True,-0.9591,0.6383,>.80,
ICP/USDT,2024-12-17,LONG,0.6505,12.078,11.086,1,True,-8.2133,0.7621,.60-.70,
ICP/USDT,2024-12-20,LONG,0.8189,10.554,10.031,1,True,-4.9555,0.5899,>.80,
ICP/USDT,2024-12-24,LONG,0.6686,11.288,11.16,1,True,-1.1339,0.7048,.60-.70,
ICP/USDT,2024-12-28,LONG,0.5769,10.668,9.885,3,True,-7.3397,0.6458,.55-.60,
ICP/USDT,2024-12-29,LONG,0.6907,10.154,9.885,2,True,-2.6492,0.8636,.60-.70,
ICP/USDT,2024-12-30,LONG,0.6709,10.031,9.885,1,True,-1.4555,0.2172,.60-.70,
ICP/USDT,2025-01-03,LONG,0.7254,12.392,12.299,1,True,-0.7505,2.5796,.70-.80,2-3x
ICP/USDT,2025-01-06,LONG,0.7567,12.19,10.476,5,False,-14.0607,0.1061,.70-.80,
ICP/USDT,2025-01-09,LONG,0.555,10.124,10.24,3,True,1.1458,1.1364,.55-.60,1-1.5x
ICP/USDT,2025-01-10,LONG,0.5824,10.317,10.24,2,True,-0.7463,0.3273,.55-.60,
ICP/USDT,2025-01-15,LONG,0.5656,11.029,11.355,2,True,2.9558,1.3881,.55-.60,1-1.5x
ICP/USDT,2025-01-19,LONG,0.5978,9.893,9.799,1,True,-0.9502,1.1756,.55-.60,1-1.5x
ICP/USDT,2025-01-22,LONG,0.6217,9.102,9.233,1,True,1.4392,1.3086,.60-.70,1-1.5x
ICP/USDT,2025-01-24,LONG,0.6497,9.048,9.207,1,True,1.7573,0.4352,.60-.70,
ICP/USDT,2025-01-30,LONG,0.7281,9.14,8.498,2,True,-7.0241,1.4804,.70-.80,1-1.5x
ICP/USDT,2025-01-31,LONG,0.5943,9.291,8.498,1,True,-8.5351,0.3717,.55-.60,
ICP/USDT,2025-02-03,LONG,0.8253,7.638,6.992,2,True,-8.4577,0.3768,>.80,
ICP/USDT,2025-02-06,LONG,0.9674,6.711,6.789,1,True,1.1623,0.8596,>.80,
ICP/USDT,2025-02-08,LONG,0.5598,7.008,6.951,1,True,-0.8134,0.6939,.55-.60,
ICP/USDT,2025-02-11,LONG,0.7377,7.092,7.238,3,True,2.0587,0.2534,.70-.80,
ICP/USDT,2025-02-13,LONG,0.6411,7.123,7.238,1,True,1.6145,0.8031,.60-.70,
ICP/USDT,2025-02-20,LONG,0.5597,7.147,6.983,1,True,-2.2947,0.9845,.55-.60,
ICP/USDT,2025-02-25,LONG,0.5762,6.34,7.233,5,False,14.0852,0.2608,.55-.60,
ICP/USDT,2025-02-26,LONG,0.6423,6.392,6.172,5,False,-3.4418,0.2518,.60-.70,
ICP/USDT,2025-02-27,LONG,0.7166,6.663,6.172,4,True,-7.3691,1.2489,.70-.80,1-1.5x
ICP/USDT,2025-02-28,LONG,0.6661,6.514,6.172,3,True,-5.2502,0.67,.60-.70,
ICP/USDT,2025-03-07,LONG,0.6215,6.068,5.423,2,True,-10.6295,0.392,.60-.70,
ICP/USDT,2025-03-08,LONG,0.6253,5.951,5.423,1,True,-8.8725,0.3655,.60-.70,
ICP/USDT,2025-03-11,LONG,0.8069,5.412,5.45,2,True,0.7021,1.1133,>.80,1-1.5x
ICP/USDT,2025-03-12,LONG,0.7715,5.488,5.45,1,True,-0.6924,0.2426,.70-.80,
ICP/USDT,2025-03-14,LONG,0.755,5.658,5.569,2,True,-1.573,0.6565,.70-.80,
ICP/USDT,2025-03-15,LONG,0.6611,5.826,5.569,1,True,-4.4113,0.5052,.60-.70,
ICP/USDT,2025-03-17,LONG,0.5879,5.892,5.987,2,True,1.6124,1.0064,.55-.60,1-1.5x
ICP/USDT,2025-03-20,LONG,0.6111,5.74,5.836,3,True,1.6725,0.7155,.60-.70,
ICP/USDT,2025-03-21,LONG,0.6365,5.655,5.836,2,True,3.2007,0.2572,.60-.70,
ICP/USDT,2025-03-22,LONG,0.8203,5.755,5.836,1,True,1.4075,0.3369,>.80,
ICP/USDT,2025-03-24,LONG,0.8059,6.053,6.198,1,True,2.3955,0.8813,>.80,
ICP/USDT,2025-03-26,LONG,0.7867,6.079,5.31,5,False,-12.6501,0.4775,.70-.80,
ICP/USDT,2025-03-27,LONG,0.7264,6.097,5.31,4,True,-12.908,0.0742,.70-.80,
ICP/USDT,2025-03-28,LONG,0.8268,5.6,5.31,3,True,-5.1786,1.8602,>.80,1.5-2x
ICP/USDT,2025-03-29,LONG,0.645,5.347,5.31,2,True,-0.692,1.1231,.60-.70,1-1.5x
ICP/USDT,2025-04-03,LONG,0.7587,5.14,5.059,1,True,-1.5759,0.6754,.70-.80,
FIL/USDT,2024-09-04,LONG,0.6533,3.394,3.275,2,True,-3.5062,0.3547,.60-.70,
FIL/USDT,2024-09-05,LONG,0.6436,3.358,3.275,1,True,-2.4717,0.307,.60-.70,
FIL/USDT,2024-09-07,LONG,0.6499,3.349,3.655,5,False,9.1371,0.6453,.60-.70,
FIL/USDT,2024-09-08,LONG,0.6571,3.407,3.725,5,False,9.3337,0.4962,.60-.70,
FIL/USDT,2024-09-12,LONG,0.6315,3.655,3.448,3,True,-5.6635,0.4854,.60-.70,
FIL/USDT,2024-09-14,LONG,0.5794,3.661,3.448,1,True,-5.8181,0.5493,.55-.60,
FIL/USDT,2024-09-17,LONG,0.6152,3.465,3.615,1,True,4.329,0.4949,.60-.70,
FIL/USDT,2024-09-21,LONG,0.7812,3.865,3.76,2,True,-2.7167,0.8123,.70-.80,
FIL/USDT,2024-09-27,LONG,0.6635,4.196,3.538,5,False,-15.6816,0.8422,.60-.70,
FIL/USDT,2024-09-29,LONG,0.7301,4.084,3.538,3,True,-13.3692,0.4114,.70-.80,
FIL/USDT,2024-09-30,LONG,0.638,3.814,3.538,2,True,-7.2365,2.1707,.60-.70,2-3x
FIL/USDT,2024-10-01,LONG,0.809,3.558,3.538,1,True,-0.5621,1.9719,>.80,1.5-2x
FIL/USDT,2024-10-07,LONG,0.9254,3.711,3.504,2,True,-5.578,0.1046,>.80,
FIL/USDT,2024-10-08,LONG,0.6778,3.629,3.504,1,True,-3.4445,0.7347,.60-.70,
FIL/USDT,2024-10-10,LONG,0.9232,3.539,3.587,1,True,1.3563,0.3309,>.80,
FIL/USDT,2024-10-17,LONG,0.9089,3.642,3.808,5,False,4.5579,0.9068,>.80,
FIL/USDT,2024-10-18,LONG,0.6555,3.775,3.808,4,True,0.8742,1.104,.60-.70,1-1.5x
FIL/USDT,2024-10-19,LONG,0.6254,3.768,3.808,3,True,1.0616,0.0561,.60-.70,
FIL/USDT,2024-10-20,LONG,0.9318,3.985,3.808,2,True,-4.4417,1.7843,>.80,1.5-2x
FIL/USDT,2024-10-21,LONG,0.8268,3.849,3.808,1,True,-1.0652,1.1681,>.80,1-1.5x
FIL/USDT,2024-10-26,LONG,0.8162,3.472,3.566,1,True,2.7074,0.2265,>.80,
FIL/USDT,2024-10-31,LONG,0.8697,3.538,3.275,4,True,-7.4336,1.353,>.80,1-1.5x
FIL/USDT,2024-11-01,LONG,0.6755,3.472,3.275,3,True,-5.674,0.5133,.60-.70,
FIL/USDT,2024-11-03,LONG,0.8209,3.341,3.275,1,True,-1.9755,0.8547,>.80,
FIL/USDT,2024-11-05,LONG,0.5908,3.391,3.71,1,True,9.4073,1.0802,.55-.60,1-1.5x
FIL/USDT,2024-11-07,LONG,0.5617,3.766,3.913,1,True,3.9033,0.395,.55-.60,
FIL/USDT,2024-11-12,LONG,0.9184,4.22,4.2,3,True,-0.4739,1.0788,>.80,1-1.5x
FIL/USDT,2024-11-13,LONG,0.7521,4.075,4.2,2,True,3.0675,0.8465,.70-.80,
FIL/USDT,2024-11-14,LONG,0.9813,3.857,4.2,1,True,8.8929,1.4022,>.80,1-1.5x
FIL/USDT,2024-11-18,LONG,0.9269,4.533,4.244,2,True,-6.3755,0.7881,>.80,
FIL/USDT,2024-11-19,LONG,0.9456,4.432,4.244,1,True,-4.2419,0.4,>.80,
FIL/USDT,2024-11-22,LONG,0.9315,4.931,5.724,2,True,16.0819,1.5235,>.80,1.5-2x
FIL/USDT,2024-11-23,LONG,0.6624,5.365,5.724,1,True,6.6915,1.4899,.60-.70,1-1.5x
FIL/USDT,2024-11-25,LONG,0.9604,5.457,5.809,2,True,6.4504,0.7627,>.80,
FIL/USDT,2024-11-26,LONG,0.858,5.433,5.809,1,True,6.9207,0.0741,>.80,
FIL/USDT,2024-12-02,LONG,0.6821,7.28,8.085,2,True,11.0577,0.9176,.60-.70,
FIL/USDT,2024-12-03,LONG,0.6192,7.304,8.085,1,True,10.6928,0.0503,.60-.70,
FIL/USDT,2024-12-05,LONG,0.8878,7.691,7.82,2,True,1.6773,0.7369,>.80,
FIL/USDT,2024-12-08,LONG,0.9339,7.87,6.269,1,True,-20.3431,0.1095,>.80,
FIL/USDT,2024-12-11,LONG,0.6807,6.683,6.734,1,True,0.7631,1.0089,.60-.70,1-1.5x
FIL/USDT,2024-12-15,LONG,0.6037,6.737,6.531,1,True,-3.0577,0.6458,.60-.70,
FIL/USDT,2024-12-17,LONG,0.6287,6.289,5.651,1,True,-10.1447,0.5061,.60-.70,
FIL/USDT,2024-12-19,LONG,0.5551,5.085,4.919,2,True,-3.2645,1.2653,.55-.60,1-1.5x
FIL/USDT,2024-12-20,LONG,0.7927,5.209,4.919,1,True,-5.5673,0.3466,.70-.80,
FIL/USDT,2024-12-22,LONG,0.7061,4.832,5.196,1,True,7.5331,0.2575,.70-.80,
FIL/USDT,2024-12-24,LONG,0.7413,5.463,5.297,1,True,-3.0386,0.7591,.70-.80,
FIL/USDT,2024-12-27,LONG,0.8391,4.952,4.954,4,True,0.0404,0.0789,>.80,
FIL/USDT,2024-12-28,LONG,0.5782,5.213,4.954,3,True,-4.9683,0.775,.55-.60,
FIL/USDT,2024-12-29,LONG,0.6779,4.956,4.954,2,True,-0.0404,0.9309,.60-.70,
FIL/USDT,2024-12-30,LONG,0.662,4.929,4.954,1,True,0.5072,0.1028,.60-.70,
FIL/USDT,2025-01-03,LONG,0.6215,5.665,5.112,5,False,-9.7617,1.2744,.60-.70,1-1.5x
FIL/USDT,2025-01-04,LONG,0.6149,5.639,5.051,5,False,-10.4274,0.0889,.60-.70,
FIL/USDT,2025-01-06,LONG,0.6731,5.982,5.051,3,True,-15.5634,0.2264,.60-.70,
FIL/USDT,2025-01-07,LONG,0.5892,5.353,5.051,2,True,-5.6417,1.9958,.55-.60,1.5-2x
FIL/USDT,2025-01-08,LONG,0.6019,5.112,5.051,1,True,-1.1933,0.9279,.60-.70,
FIL/USDT,2025-01-13,LONG,0.7055,4.922,5.448,5,False,10.6867,0.7628,.70-.80,
FIL/USDT,2025-01-15,LONG,0.6273,5.654,4.979,4,True,-11.9385,1.849,.60-.70,1.5-2x
FIL/USDT,2025-01-16,LONG,0.5556,5.617,4.979,3,True,-11.3584,0.1423,.55-.60,
FIL/USDT,2025-01-17,LONG,0.592,5.831,4.979,2,True,-14.6116,0.8401,.55-.60,
FIL/USDT,2025-01-18,LONG,0.7824,5.448,4.979,1,True,-8.6087,1.4112,.70-.80,1-1.5x
FIL/USDT,2025-01-21,LONG,0.8081,5.256,5.002,1,True,-4.8326,0.5799,>.80,
FIL/USDT,2025-01-23,LONG,0.6333,5.063,4.659,4,True,-7.9795,0.2485,.60-.70,
FIL/USDT,2025-01-24,LONG,0.7347,5.015,4.659,3,True,-7.0987,0.1931,.70-.80,
FIL/USDT,2025-01-25,LONG,0.5704,4.981,4.659,2,True,-6.4646,0.1428,.55-.60,
FIL/USDT,2025-01-26,LONG,0.6503,4.864,4.659,1,True,-4.2146,0.4958,.60-.70,
FIL/USDT,2025-01-29,LONG,0.6401,4.513,4.807,1,True,6.5145,0.6536,.60-.70,
FIL/USDT,2025-01-31,LONG,0.5739,4.811,4.373,1,True,-9.1041,0.0181,.55-.60,
FIL/USDT,2025-02-03,LONG,0.8791,3.506,3.242,2,True,-7.5299,0.4371,>.80,
FIL/USDT,2025-02-04,LONG,0.6168,3.336,3.242,1,True,-2.8177,0.8725,.60-.70,
FIL/USDT,2025-02-07,LONG,0.5991,3.187,3.311,2,True,3.8908,0.393,.55-.60,
FIL/USDT,2025-02-11,LONG,0.6637,3.339,3.416,4,True,2.3061,0.4986,.60-.70,
FIL/USDT,2025-02-13,LONG,0.6632,3.402,3.416,2,True,0.4115,0.4002,.60-.70,
FIL/USDT,2025-02-14,LONG,0.6508,3.528,3.416,1,True,-3.1746,0.6705,.60-.70,
FIL/USDT,2025-02-16,LONG,0.5911,3.4,3.23,2,True,-5.0,0.0851,.55-.60,
FIL/USDT,2025-02-19,LONG,0.5817,3.325,3.433,3,True,3.2481,0.5628,.55-.60,
FIL/USDT,2025-02-28,LONG,0.6973,3.248,3.072,3,True,-5.4187,0.1016,.60-.70,
FIL/USDT,2025-03-01,LONG,0.6153,3.242,3.072,2,True,-5.2437,0.0438,.60-.70,
FIL/USDT,2025-03-04,LONG,0.6606,3.017,3.136,1,True,3.9443,0.3217,.60-.70,
FIL/USDT,2025-03-07,LONG,0.6791,3.117,2.788,2,True,-10.555,0.1754,.60-.70,
FIL/USDT,2025-03-11,LONG,0.6637,2.741,2.748,2,True,0.2554,0.6113,.60-.70,
FIL/USDT,2025-03-12,LONG,0.6411,2.789,2.748,1,True,-1.4701,0.3015,.60-.70,
FIL/USDT,2025-03-14,LONG,0.6969,2.884,2.947,1,True,2.1845,0.8526,.60-.70,
FIL/USDT,2025-03-17,LONG,0.5682,3.022,2.991,5,False,-1.0258,1.2154,.55-.60,1-1.5x
FIL/USDT,2025-03-19,LONG,0.6634,3.087,2.991,3,True,-3.1098,0.9901,.60-.70,
FIL/USDT,2025-03-23,LONG,0.5573,3.026,3.131,1,True,3.4699,0.2829,.55-.60,
FIL/USDT,2025-03-26,LONG,0.6341,3.026,2.746,3,True,-9.2531,0.8153,.60-.70,
FIL/USDT,2025-03-27,LONG,0.6108,3.02,2.746,2,True,-9.0728,0.0478,.60-.70,
FIL/USDT,2025-03-28,LONG,0.5884,2.828,2.746,1,True,-2.8996,1.4526,.55-.60,1-1.5x
FIL/USDT,2025-03-30,LONG,0.565,2.754,2.779,1,True,0.9078,0.0812,.55-.60,
FIL/USDT,2025-04-01,LONG,0.5573,2.837,2.699,4,True,-4.8643,0.5942,.55-.60,
FIL/USDT,2025-04-02,LONG,0.5901,2.703,2.699,3,True,-0.148,1.2895,.55-.60,1-1.5x
FIL/USDT,2025-04-03,LONG,0.5741,2.731,2.699,2,True,-1.1717,0.2973,.55-.60,
FIL/USDT,2025-04-04,LONG,0.7266,2.767,2.699,1,True,-2.4575,0.3812,.70-.80,
HBAR/USDT,2024-09-04,LONG,0.5568,0.04935,0.04722,2,True,-4.3161,0.2569,.55-.60,
HBAR/USDT,2024-09-05,LONG,0.5913,0.04815,0.04722,1,True,-1.9315,0.7034,.55-.60,
HBAR/USDT,2024-09-08,LONG,0.6394,0.04949,0.05238,5,False,5.8396,0.5162,.60-.70,
HBAR/USDT,2024-09-11,LONG,0.5632,0.05002,0.04952,5,False,-0.9996,0.4967,.55-.60,
HBAR/USDT,2024-09-22,LONG,0.5921,0.05378,0.06185,5,False,15.0056,1.5222,.55-.60,1.5-2x
HBAR/USDT,2024-09-24,LONG,0.749,0.05775,0.06141,5,False,6.3377,0.0691,.70-.80,
HBAR/USDT,2024-09-25,LONG,0.5584,0.05853,0.05743,5,False,-1.8794,0.4652,.55-.60,
HBAR/USDT,2024-09-26,LONG,0.5826,0.06172,0.05743,4,True,-6.9507,1.8309,.55-.60,1.5-2x
HBAR/USDT,2024-09-29,LONG,0.7166,0.06141,0.05743,1,True,-6.481,0.1046,.70-.80,
HBAR/USDT,2024-10-05,LONG,0.749,0.05312,0.05431,1,True,2.2402,0.7418,.70-.80,
HBAR/USDT,2024-10-13,LONG,0.8005,0.05128,0.0518,5,False,1.014,0.1828,>.80,
HBAR/USDT,2024-10-15,LONG,0.624,0.0561,0.0518,3,True,-7.6649,1.328,.60-.70,1-1.5x
HBAR/USDT,2024-10-16,LONG,0.8254,0.05348,0.0518,2,True,-3.1414,1.2904,>.80,1-1.5x
HBAR/USDT,2024-10-17,LONG,0.7997,0.05116,0.0518,1,True,1.251,1.1711,.70-.80,1-1.5x
HBAR/USDT,2024-10-20,LONG,0.8873,0.05593,0.05285,1,True,-5.5069,1.2499,>.80,1-1.5x
HBAR/USDT,2024-10-27,LONG,0.7549,0.04892,0.04888,1,True,-0.0818,0.4176,.70-.80,
HBAR/USDT,2024-10-29,LONG,0.6647,0.04973,0.04285,5,False,-13.8347,0.529,.60-.70,
HBAR/USDT,2024-10-30,LONG,0.5761,0.04861,0.04255,5,False,-12.4666,0.6774,.55-.60,
HBAR/USDT,2024-10-31,LONG,0.8076,0.04633,0.04255,4,True,-8.1589,1.367,>.80,1-1.5x
HBAR/USDT,2024-11-02,LONG,0.5651,0.04498,0.04255,2,True,-5.4024,0.4143,.55-.60,
HBAR/USDT,2024-11-03,LONG,0.7061,0.04285,0.04255,1,True,-0.7001,1.4096,.70-.80,1-1.5x
HBAR/USDT,2024-11-05,LONG,0.6689,0.04607,0.05217,3,True,13.2407,2.2828,.60-.70,2-3x
HBAR/USDT,2024-11-06,LONG,0.6439,0.04898,0.05217,2,True,6.5129,1.6471,.60-.70,1.5-2x
HBAR/USDT,2024-11-11,LONG,0.6445,0.0583,0.06464,1,True,10.8748,1.5803,.60-.70,1.5-2x
HBAR/USDT,2024-11-19,LONG,0.9944,0.133,0.1469,3,True,10.4511,0.5257,>.80,
HBAR/USDT,2024-11-20,LONG,0.8284,0.12176,0.1469,2,True,20.6472,0.5624,>.80,
HBAR/USDT,2024-11-21,LONG,0.9963,0.12674,0.1469,1,True,15.9066,0.2739,>.80,
HBAR/USDT,2024-11-25,LONG,0.9377,0.13483,0.13923,1,True,3.2634,0.5408,>.80,
HBAR/USDT,2024-12-02,LONG,0.6348,0.31171,0.31427,1,True,0.8213,2.6343,.60-.70,2-3x
HBAR/USDT,2024-12-05,LONG,0.8653,0.29204,0.28006,4,True,-4.1022,0.0824,>.80,
HBAR/USDT,2024-12-06,LONG,0.928,0.36765,0.28006,3,True,-23.8243,1.3626,>.80,1-1.5x
HBAR/USDT,2024-12-07,LONG,0.7037,0.33192,0.28006,2,True,-15.6242,0.5021,.70-.80,
HBAR/USDT,2024-12-08,LONG,0.7707,0.33284,0.28006,1,True,-15.8575,0.0184,.70-.80,
HBAR/USDT,2024-12-13,LONG,0.7235,0.31432,0.2944,1,True,-6.3375,0.515,.70-.80,
HBAR/USDT,2024-12-15,LONG,0.6213,0.29595,0.28454,2,True,-3.8554,0.0352,.60-.70,
HBAR/USDT,2024-12-18,LONG,0.6884,0.27251,0.27082,2,True,-0.6202,0.2775,.60-.70,
HBAR/USDT,2024-12-22,LONG,0.6184,0.26554,0.29151,1,True,9.7801,0.5521,.60-.70,
HBAR/USDT,2024-12-24,LONG,0.5575,0.32874,0.31329,1,True,-4.6998,1.4417,.55-.60,1-1.5x
HBAR/USDT,2024-12-28,LONG,0.5987,0.29443,0.26896,3,True,-8.6506,0.9305,.55-.60,
HBAR/USDT,2024-12-29,LONG,0.6252,0.27888,0.26896,2,True,-3.5571,0.8857,.60-.70,
HBAR/USDT,2024-12-30,LONG,0.6349,0.27866,0.26896,1,True,-3.4809,0.0133,.60-.70,
HBAR/USDT,2025-01-01,LONG,0.5535,0.2948,0.31361,2,True,6.3806,1.5284,.55-.60,1.5-2x
HBAR/USDT,2025-01-02,LONG,0.5657,0.29216,0.31361,1,True,7.3419,0.1485,.55-.60,
HBAR/USDT,2025-01-04,LONG,0.6282,0.30574,0.26874,5,False,-12.1018,0.4108,.60-.70,
HBAR/USDT,2025-01-06,LONG,0.5751,0.30805,0.29213,5,False,-5.168,0.3677,.55-.60,
HBAR/USDT,2025-01-10,LONG,0.6445,0.28159,0.27508,3,True,-2.3119,0.7765,.60-.70,
HBAR/USDT,2025-01-15,LONG,0.558,0.32227,0.37453,2,True,16.2162,2.2957,.55-.60,2-3x
HBAR/USDT,2025-01-16,LONG,0.5566,0.36272,0.37453,1,True,3.256,2.138,.55-.60,2-3x
HBAR/USDT,2025-01-19,LONG,0.674,0.32615,0.34205,1,True,4.8751,1.3118,.60-.70,1-1.5x
HBAR/USDT,2025-01-24,LONG,0.5761,0.32696,0.31458,3,True,-3.7864,0.0595,.55-.60,
HBAR/USDT,2025-01-25,LONG,0.5578,0.33218,0.31458,2,True,-5.2983,0.284,.55-.60,
HBAR/USDT,2025-01-26,LONG,0.6555,0.3232,0.31458,1,True,-2.6671,0.4779,.60-.70,
HBAR/USDT,2025-01-29,LONG,0.6846,0.30871,0.31608,1,True,2.3874,0.5927,.60-.70,
HBAR/USDT,2025-01-31,LONG,0.5839,0.30669,0.28503,1,True,-7.0625,0.5494,.55-.60,
HBAR/USDT,2025-02-03,LONG,0.7351,0.27483,0.22868,3,True,-16.7922,1.347,.70-.80,1-1.5x
HBAR/USDT,2025-02-05,LONG,0.5678,0.23859,0.22868,1,True,-4.1536,0.9141,.55-.60,
HBAR/USDT,2025-02-07,LONG,0.6149,0.23272,0.23413,1,True,0.6059,0.3586,.60-.70,
HBAR/USDT,2025-02-11,LONG,0.7133,0.22881,0.23074,3,True,0.8435,0.2896,.70-.80,
HBAR/USDT,2025-02-18,LONG,0.6347,0.20702,0.21441,3,True,3.5697,0.5567,.60-.70,
HBAR/USDT,2025-02-19,LONG,0.5602,0.21581,0.21441,2,True,-0.6487,0.9192,.55-.60,
HBAR/USDT,2025-02-20,LONG,0.5703,0.22203,0.21441,1,True,-3.432,0.61,.55-.60,
HBAR/USDT,2025-02-25,LONG,0.6317,0.19837,0.19972,2,True,0.6805,0.3098,.60-.70,
HBAR/USDT,2025-02-28,LONG,0.5983,0.21356,0.2641,2,True,23.6655,2.0566,.55-.60,2-3x
HBAR/USDT,2025-03-01,LONG,0.5658,0.25266,0.2641,1,True,4.5278,3.4274,.55-.60,3-5x
HBAR/USDT,2025-03-07,LONG,0.6896,0.23257,0.19938,2,True,-14.271,0.3215,.60-.70,
HBAR/USDT,2025-03-10,LONG,0.6724,0.18941,0.18931,3,True,-0.0528,0.682,.60-.70,
HBAR/USDT,2025-03-11,LONG,0.5756,0.19711,0.18931,2,True,-3.9572,0.5548,.55-.60,
HBAR/USDT,2025-03-14,LONG,0.6753,0.19113,0.1975,5,False,3.3328,0.1302,.60-.70,
HBAR/USDT,2025-03-16,LONG,0.5723,0.18495,0.1975,3,True,6.7856,0.5602,.55-.60,
HBAR/USDT,2025-03-17,LONG,0.6332,0.1915,0.1975,2,True,3.1332,0.485,.60-.70,
HBAR/USDT,2025-03-20,LONG,0.5858,0.18998,0.18264,2,True,-3.8636,0.5252,.55-.60,
HBAR/USDT,2025-03-21,LONG,0.5597,0.18466,0.18264,1,True,-1.0939,0.4845,.55-.60,
HBAR/USDT,2025-03-23,LONG,0.6287,0.18586,0.19468,2,True,4.7455,0.3819,.60-.70,
HBAR/USDT,2025-03-24,LONG,0.6005,0.19313,0.19468,1,True,0.8026,0.9153,.60-.70,
HBAR/USDT,2025-03-27,LONG,0.597,0.19356,0.16322,4,True,-15.6747,0.232,.55-.60,
HBAR/USDT,2025-03-29,LONG,0.594,0.17207,0.16322,2,True,-5.1433,1.5853,.55-.60,1.5-2x
ETC/USDT,2024-08-28,LONG,0.5651,18.57,18.56,2,True,-0.0539,0.5189,.55-.60,
ETC/USDT,2024-08-29,LONG,0.6433,18.46,18.56,1,True,0.5417,0.2111,.60-.70,
ETC/USDT,2024-09-04,LONG,0.6173,18.08,17.6,1,True,-2.6549,0.8417,.60-.70,
ETC/USDT,2024-09-07,LONG,0.6415,17.63,18.56,5,False,5.2751,0.6535,.60-.70,
ETC/USDT,2024-09-08,LONG,0.6912,17.95,18.86,5,False,5.0696,0.6233,.60-.70,
ETC/USDT,2024-09-11,LONG,0.589,18.45,17.79,4,True,-3.5772,0.2059,.55-.60,
ETC/USDT,2024-09-17,LONG,0.5732,17.98,18.32,1,True,1.891,0.5921,.55-.60,
ETC/USDT,2024-09-25,LONG,0.6251,19.3,20.32,1,True,5.285,0.3695,.60-.70,
ETC/USDT,2024-09-27,LONG,0.6047,20.83,17.94,5,False,-13.8742,1.2242,.60-.70,1-1.5x
ETC/USDT,2024-09-28,LONG,0.8207,20.57,18.52,5,False,-9.966,0.5975,>.80,
ETC/USDT,2024-09-29,LONG,0.8326,20.44,18.52,4,True,-9.3933,0.3043,>.80,
ETC/USDT,2024-09-30,LONG,0.7592,19.47,18.52,3,True,-4.8793,1.99,.70-.80,1.5-2x
ETC/USDT,2024-10-01,LONG,0.7947,18.43,18.52,2,True,0.4883,1.9846,.70-.80,1.5-2x
ETC/USDT,2024-10-02,LONG,0.6178,17.94,18.52,1,True,3.233,0.9657,.60-.70,
ETC/USDT,2024-10-05,LONG,0.7109,18.54,18.76,1,True,1.1866,0.4628,.70-.80,
ETC/USDT,2024-10-08,LONG,0.6653,18.34,18.79,4,True,2.4537,0.4484,.60-.70,
ETC/USDT,2024-10-09,LONG,0.6188,18.12,18.79,3,True,3.6976,0.4641,.60-.70,
ETC/USDT,2024-10-10,LONG,0.7925,18.2,18.79,2,True,3.2418,0.1718,.70-.80,
ETC/USDT,2024-10-11,LONG,0.6486,18.59,18.79,1,True,1.0758,0.8287,.60-.70,
ETC/USDT,2024-10-17,LONG,0.7874,19.05,19.42,4,True,1.9423,0.6983,.70-.80,
ETC/USDT,2024-10-19,LONG,0.7482,19.9,19.42,2,True,-2.4121,1.0684,.70-.80,1-1.5x
ETC/USDT,2024-10-20,LONG,0.8322,20.21,19.42,1,True,-3.909,0.6664,>.80,
ETC/USDT,2024-10-31,LONG,0.9038,18.6,17.8,3,True,-4.3011,1.7636,>.80,1.5-2x
ETC/USDT,2024-11-01,LONG,0.7617,18.47,17.8,2,True,-3.6275,0.2829,.70-.80,
ETC/USDT,2024-11-04,LONG,0.6972,17.6,21.77,5,False,23.6932,0.512,.60-.70,
ETC/USDT,2024-11-05,LONG,0.642,18.23,21.77,4,True,19.4185,1.5094,.60-.70,1.5-2x
ETC/USDT,2024-11-06,LONG,0.5847,19.69,21.77,3,True,10.5637,2.687,.55-.60,2-3x
ETC/USDT,2024-11-07,LONG,0.5719,20.26,21.77,2,True,7.4531,0.9572,.55-.60,
ETC/USDT,2024-11-11,LONG,0.7775,24.34,22.99,4,True,-5.5464,1.6877,.70-.80,1.5-2x
ETC/USDT,2024-11-12,LONG,0.8179,22.78,22.99,3,True,0.9219,1.7033,>.80,1.5-2x
ETC/USDT,2024-11-13,LONG,0.7637,22.1,22.99,2,True,4.0271,0.7714,.70-.80,
ETC/USDT,2024-11-14,LONG,0.9771,21.81,22.99,1,True,5.4104,0.3472,>.80,
ETC/USDT,2024-11-17,LONG,0.7587,25.85,25.37,3,True,-1.8569,0.6189,.70-.80,
ETC/USDT,2024-11-18,LONG,0.6956,27.07,25.37,2,True,-6.28,0.8899,.60-.70,
ETC/USDT,2024-11-19,LONG,0.9707,26.17,25.37,1,True,-3.0569,0.6141,>.80,
ETC/USDT,2024-11-21,LONG,0.7061,27.35,28.52,1,True,4.2779,1.4238,.70-.80,1-1.5x
ETC/USDT,2024-11-23,LONG,0.9061,29.62,31.92,5,False,7.765,0.7232,>.80,
ETC/USDT,2024-11-24,LONG,0.5935,28.83,31.93,5,False,10.7527,0.4937,.55-.60,
ETC/USDT,2024-11-25,LONG,0.928,29.76,32.7,5,False,9.879,0.5974,>.80,
ETC/USDT,2024-11-27,LONG,0.9262,32.87,33.32,4,True,1.369,2.5306,>.80,2-3x
ETC/USDT,2024-11-28,LONG,0.6242,31.92,33.32,3,True,4.386,0.4497,.60-.70,
ETC/USDT,2024-11-29,LONG,0.6859,31.93,33.32,2,True,4.3533,0.0049,.60-.70,
ETC/USDT,2024-11-30,LONG,0.9603,32.7,33.32,1,True,1.896,0.3816,>.80,
ETC/USDT,2024-12-04,LONG,0.6821,37.68,35.63,1,True,-5.4406,1.4231,.60-.70,1-1.5x
ETC/USDT,2024-12-07,LONG,0.8319,37.2,37.08,1,True,-0.3226,0.5219,>.80,
ETC/USDT,2024-12-10,LONG,0.8227,30.2,34.01,3,True,12.6159,0.567,>.80,
ETC/USDT,2024-12-12,LONG,0.6854,33.83,34.01,1,True,0.5321,0.1427,.60-.70,
ETC/USDT,2024-12-15,LONG,0.7284,33.79,33.19,1,True,-1.7757,0.5617,.70-.80,
ETC/USDT,2024-12-20,LONG,0.7925,27.44,26.05,1,True,-5.0656,0.4256,.70-.80,
ETC/USDT,2024-12-24,LONG,0.5603,27.93,27.3,1,True,-2.2556,0.2246,.55-.60,
ETC/USDT,2024-12-28,LONG,0.5656,26.58,25.07,3,True,-5.681,0.3941,.55-.60,
ETC/USDT,2024-12-29,LONG,0.6216,25.51,25.07,2,True,-1.7248,0.82,.60-.70,
ETC/USDT,2024-12-30,LONG,0.5986,25.45,25.07,1,True,-1.4931,0.0483,.55-.60,
ETC/USDT,2025-01-03,LONG,0.6176,28.44,28.36,1,True,-0.2813,1.2779,.60-.70,1-1.5x
ETC/USDT,2025-01-05,LONG,0.6193,28.13,25.66,5,False,-8.7807,0.1875,.60-.70,
ETC/USDT,2025-01-06,LONG,0.6065,28.68,25.66,4,True,-10.53,0.4491,.60-.70,
ETC/USDT,2025-01-13,LONG,0.6214,24.58,26.95,5,False,9.642,0.786,.60-.70,
ETC/USDT,2025-01-15,LONG,0.5682,27.14,26.95,3,True,-0.7001,1.8407,.55-.60,1.5-2x
ETC/USDT,2025-01-19,LONG,0.6355,25.44,27.12,2,True,6.6038,1.3308,.60-.70,1-1.5x
ETC/USDT,2025-01-20,LONG,0.6207,25.78,27.12,1,True,5.1978,0.3181,.60-.70,
ETC/USDT,2025-01-23,LONG,0.8493,29.03,26.0,4,True,-10.4375,1.8531,>.80,1.5-2x
ETC/USDT,2025-01-24,LONG,0.769,27.39,26.0,3,True,-5.0748,1.2244,.70-.80,1-1.5x
ETC/USDT,2025-01-25,LONG,0.6032,27.04,26.0,2,True,-3.8462,0.2766,.60-.70,
ETC/USDT,2025-01-26,LONG,0.8809,26.19,26.0,1,True,-0.7255,0.6774,>.80,
ETC/USDT,2025-01-31,LONG,0.5571,26.84,24.98,1,True,-6.93,0.5114,.55-.60,
ETC/USDT,2025-02-03,LONG,0.861,22.05,20.69,2,True,-6.1678,0.4082,>.80,
ETC/USDT,2025-02-04,LONG,0.6035,20.65,20.69,1,True,0.1937,1.3432,.60-.70,1-1.5x
ETC/USDT,2025-02-06,LONG,0.9875,19.68,20.16,3,True,2.439,1.0847,>.80,1-1.5x
ETC/USDT,2025-02-11,LONG,0.6139,20.23,21.39,3,True,5.7341,0.515,.60-.70,
ETC/USDT,2025-02-13,LONG,0.6037,21.14,21.39,1,True,1.1826,0.2931,.60-.70,
ETC/USDT,2025-02-18,LONG,0.6039,20.18,20.93,2,True,3.7166,0.8854,.60-.70,
ETC/USDT,2025-02-19,LONG,0.5839,21.18,20.93,1,True,-1.1804,1.2462,.55-.60,1-1.5x
ETC/USDT,2025-02-22,LONG,0.6249,20.47,20.75,1,True,1.3679,0.4018,.60-.70,
ETC/USDT,2025-02-25,LONG,0.6983,18.89,18.73,2,True,-0.847,0.4034,.60-.70,
ETC/USDT,2025-02-28,LONG,0.6477,19.57,18.71,3,True,-4.3945,1.2564,.60-.70,1-1.5x
ETC/USDT,2025-03-01,LONG,0.5874,19.06,18.71,2,True,-1.8363,0.7213,.55-.60,
ETC/USDT,2025-03-04,LONG,0.6907,18.95,20.48,1,True,8.0739,0.2714,.60-.70,
ETC/USDT,2025-03-07,LONG,0.6766,20.4,16.87,3,True,-17.3039,0.4315,.60-.70,
ETC/USDT,2025-03-11,LONG,0.6031,17.87,17.98,1,True,0.6156,1.0197,.60-.70,1-1.5x
ETC/USDT,2025-03-14,LONG,0.702,18.02,17.85,3,True,-0.9434,0.1161,.70-.80,
ETC/USDT,2025-03-15,LONG,0.6717,17.94,17.85,2,True,-0.5017,0.0771,.60-.70,
ETC/USDT,2025-03-16,LONG,0.7008,17.49,17.85,1,True,2.0583,0.472,.70-.80,
ETC/USDT,2025-03-18,LONG,0.6023,17.72,17.89,2,True,0.9594,0.1367,.60-.70,
ETC/USDT,2025-03-19,LONG,0.6222,18.55,17.89,1,True,-3.558,0.8619,.60-.70,
ETC/USDT,2025-03-23,LONG,0.5894,17.81,18.0,3,True,1.0668,0.1913,.55-.60,
ETC/USDT,2025-03-24,LONG,0.5706,18.31,18.0,2,True,-1.6931,0.6712,.55-.60,
ETC/USDT,2025-03-25,LONG,0.6311,18.42,18.0,1,True,-2.2801,0.1613,.60-.70,
ETC/USDT,2025-03-27,LONG,0.6221,17.81,17.15,1,True,-3.7058,0.288,.60-.70,
ETC/USDT,2025-03-29,LONG,0.573,16.6,16.5,1,True,-0.6024,1.1209,.55-.60,1-1.5x
ETC/USDT,2025-04-05,LONG,0.6426,15.89,14.08,3,True,-11.3908,0.8753,.60-.70,
NEAR/USDT,2024-08-29,LONG,0.7061,4.214,3.728,5,False,-11.533,0.6249,.70-.80,
NEAR/USDT,2024-08-30,LONG,0.7027,4.114,3.728,4,True,-9.3826,0.4989,.70-.80,
NEAR/USDT,2024-08-31,LONG,0.5603,4.031,3.728,3,True,-7.5167,0.4498,.55-.60,
NEAR/USDT,2024-09-06,LONG,0.6182,3.55,3.666,1,True,3.2676,0.9148,.60-.70,
NEAR/USDT,2024-09-09,LONG,0.5806,4.015,4.193,5,False,4.4334,1.3767,.55-.60,1-1.5x
NEAR/USDT,2024-09-10,LONG,0.6322,4.031,4.016,5,False,-0.3721,0.0821,.60-.70,
NEAR/USDT,2024-09-11,LONG,0.5877,3.967,3.88,5,False,-2.1931,0.3274,.55-.60,
NEAR/USDT,2024-09-12,LONG,0.5838,4.247,3.88,4,True,-8.6414,1.6716,.55-.60,1.5-2x
NEAR/USDT,2024-09-14,LONG,0.5654,4.193,3.88,2,True,-7.4648,0.5421,.55-.60,
NEAR/USDT,2024-09-15,LONG,0.7038,4.016,3.88,1,True,-3.3865,1.0203,.70-.80,1-1.5x
NEAR/USDT,2024-09-17,LONG,0.6299,4.132,4.364,2,True,5.6147,1.5223,.60-.70,1.5-2x
NEAR/USDT,2024-09-18,LONG,0.8431,4.25,4.364,1,True,2.6824,0.6698,>.80,
NEAR/USDT,2024-09-20,LONG,0.6005,4.385,5.345,4,True,21.8928,0.114,.60-.70,
NEAR/USDT,2024-09-21,LONG,0.7237,4.665,5.345,3,True,14.5766,1.5026,.70-.80,1.5-2x
NEAR/USDT,2024-09-22,LONG,0.6127,4.524,5.345,2,True,18.1477,0.7029,.60-.70,
NEAR/USDT,2024-09-23,LONG,0.8106,5.174,5.345,1,True,3.305,2.9115,>.80,2-3x
NEAR/USDT,2024-09-25,LONG,0.7449,5.14,5.559,3,True,8.1518,0.7884,.70-.80,
NEAR/USDT,2024-09-26,LONG,0.9052,5.547,5.559,2,True,0.2163,1.6396,>.80,1.5-2x
NEAR/USDT,2024-09-27,LONG,0.8393,5.457,5.559,1,True,1.8692,0.3308,>.80,
NEAR/USDT,2024-09-30,LONG,0.8111,5.287,4.84,1,True,-8.4547,0.7868,>.80,
NEAR/USDT,2024-10-10,LONG,0.7509,4.595,4.702,3,True,2.3286,0.0491,.70-.80,
NEAR/USDT,2024-10-11,LONG,0.7173,4.738,4.702,2,True,-0.7598,0.6038,.70-.80,
NEAR/USDT,2024-10-12,LONG,0.7511,4.846,4.702,1,True,-2.9715,0.4456,.70-.80,
NEAR/USDT,2024-10-18,LONG,0.57,4.894,4.78,3,True,-2.3294,0.6764,.55-.60,
NEAR/USDT,2024-10-19,LONG,0.5566,4.818,4.78,2,True,-0.7887,0.4069,.55-.60,
NEAR/USDT,2024-10-20,LONG,0.6919,4.979,4.78,1,True,-3.9968,0.8726,.60-.70,
NEAR/USDT,2024-10-23,LONG,0.5907,4.653,4.722,1,True,1.4829,0.1674,.55-.60,
NEAR/USDT,2024-11-03,LONG,0.6844,3.688,3.621,1,True,-1.8167,0.8951,.60-.70,
NEAR/USDT,2024-11-13,LONG,0.6489,5.168,5.558,2,True,7.5464,0.5052,.60-.70,
NEAR/USDT,2024-11-14,LONG,0.9245,5.414,5.558,1,True,2.6598,0.83,>.80,
NEAR/USDT,2024-11-18,LONG,0.7511,6.023,5.476,2,True,-9.0819,0.9226,.70-.80,
NEAR/USDT,2024-11-19,LONG,0.7,5.783,5.476,1,True,-5.3087,0.6522,.60-.70,
NEAR/USDT,2024-11-22,LONG,0.7927,6.13,6.46,3,True,5.3834,0.9866,.70-.80,
NEAR/USDT,2024-11-23,LONG,0.6713,6.19,6.46,2,True,4.3619,0.1684,.60-.70,
NEAR/USDT,2024-11-26,LONG,0.8303,6.519,7.012,2,True,7.5625,0.1516,>.80,
NEAR/USDT,2024-11-27,LONG,0.7086,6.82,7.012,1,True,2.8152,0.7676,.70-.80,
NEAR/USDT,2024-11-29,LONG,0.8193,6.961,7.477,3,True,7.4127,0.122,>.80,
NEAR/USDT,2024-11-30,LONG,0.5668,7.006,7.477,2,True,6.7228,0.1082,.55-.60,
NEAR/USDT,2024-12-01,LONG,0.8574,6.914,7.477,1,True,8.1429,0.2771,>.80,
NEAR/USDT,2024-12-05,LONG,0.839,7.613,7.723,2,True,1.4449,0.4067,>.80,
NEAR/USDT,2024-12-06,LONG,0.6902,8.015,7.723,1,True,-3.6432,1.1517,.60-.70,1-1.5x
NEAR/USDT,2024-12-08,LONG,0.7404,7.822,6.503,1,True,-16.8627,0.2874,.70-.80,
NEAR/USDT,2024-12-10,LONG,0.7061,6.424,6.938,3,True,8.0012,0.2092,.70-.80,
NEAR/USDT,2024-12-12,LONG,0.6827,6.914,6.938,1,True,0.3471,0.1655,.60-.70,
NEAR/USDT,2024-12-15,LONG,0.6417,6.856,6.617,1,True,-3.486,0.5069,.60-.70,
NEAR/USDT,2024-12-20,LONG,0.8666,5.354,5.019,1,True,-6.257,0.497,>.80,
NEAR/USDT,2024-12-28,LONG,0.6655,5.345,4.916,3,True,-8.0262,0.755,.60-.70,
NEAR/USDT,2024-12-29,LONG,0.6074,5.129,4.916,2,True,-4.1529,0.8214,.60-.70,
NEAR/USDT,2024-12-30,LONG,0.5827,5.046,4.916,1,True,-2.5763,0.3288,.55-.60,
NEAR/USDT,2025-01-01,LONG,0.5709,5.283,5.788,3,True,9.559,1.4983,.55-.60,1-1.5x
NEAR/USDT,2025-01-03,LONG,0.7265,5.818,5.788,1,True,-0.5156,1.291,.70-.80,1-1.5x
NEAR/USDT,2025-01-06,LONG,0.7081,6.017,5.084,4,True,-15.5061,0.3461,.70-.80,
NEAR/USDT,2025-01-09,LONG,0.5614,4.974,5.084,1,True,2.2115,0.709,.55-.60,
NEAR/USDT,2025-01-13,LONG,0.6398,4.754,5.753,4,True,21.0139,0.9845,.60-.70,
NEAR/USDT,2025-01-14,LONG,0.563,5.05,5.753,3,True,13.9208,1.3196,.55-.60,1-1.5x
NEAR/USDT,2025-01-15,LONG,0.5856,5.318,5.753,2,True,8.1798,1.1468,.55-.60,1-1.5x
NEAR/USDT,2025-01-20,LONG,0.6621,5.099,4.927,5,False,-3.3732,0.4149,.60-.70,
NEAR/USDT,2025-01-21,LONG,0.7687,5.255,4.759,5,False,-9.4386,0.5613,.70-.80,
NEAR/USDT,2025-01-22,LONG,0.6691,5.096,4.638,5,False,-8.9874,0.5554,.60-.70,
NEAR/USDT,2025-01-23,LONG,0.6882,4.982,4.638,4,True,-6.9049,0.4301,.60-.70,
NEAR/USDT,2025-01-24,LONG,0.7013,5.004,4.638,3,True,-7.3141,0.0848,.70-.80,
NEAR/USDT,2025-01-26,LONG,0.6023,4.759,4.638,1,True,-2.5426,0.6601,.60-.70,
NEAR/USDT,2025-01-31,LONG,0.5734,4.618,4.26,1,True,-7.7523,0.0613,.55-.60,
NEAR/USDT,2025-02-03,LONG,0.8578,3.774,3.143,3,True,-16.7197,0.1161,>.80,
NEAR/USDT,2025-02-05,LONG,0.6402,3.28,3.143,1,True,-4.1768,0.6085,.60-.70,
NEAR/USDT,2025-02-11,LONG,0.7303,3.201,3.433,1,True,7.2477,0.0424,.70-.80,
NEAR/USDT,2025-02-13,LONG,0.5605,3.376,3.551,1,True,5.1836,0.3414,.55-.60,
NEAR/USDT,2025-02-15,LONG,0.8676,3.405,3.14,3,True,-7.7827,0.8019,>.80,
NEAR/USDT,2025-02-16,LONG,0.5631,3.418,3.14,2,True,-8.1334,0.0743,.55-.60,
NEAR/USDT,2025-02-17,LONG,0.7567,3.259,3.14,1,True,-3.6514,0.9324,.70-.80,
NEAR/USDT,2025-02-19,LONG,0.6567,3.162,3.311,2,True,4.7122,0.1476,.60-.70,
NEAR/USDT,2025-02-20,LONG,0.8528,3.468,3.311,1,True,-4.5271,1.7984,>.80,1.5-2x
NEAR/USDT,2025-02-24,LONG,0.5613,3.065,3.057,3,True,-0.261,2.2323,.55-.60,2-3x
NEAR/USDT,2025-02-25,LONG,0.7042,3.008,3.057,2,True,1.629,0.3924,.70-.80,
NEAR/USDT,2025-02-26,LONG,0.7293,3.022,3.057,1,True,1.1582,0.1,.70-.80,
NEAR/USDT,2025-02-28,LONG,0.6167,3.069,2.972,3,True,-3.1606,0.0854,.60-.70,
NEAR/USDT,2025-03-02,LONG,0.7058,3.554,2.972,1,True,-16.3759,1.6898,.70-.80,1.5-2x
NEAR/USDT,2025-03-07,LONG,0.658,2.939,2.549,2,True,-13.2698,0.61,.60-.70,
NEAR/USDT,2025-03-10,LONG,0.5606,2.282,2.573,3,True,12.752,1.4849,.55-.60,1-1.5x
NEAR/USDT,2025-03-11,LONG,0.7441,2.449,2.573,2,True,5.0633,1.0017,.70-.80,1-1.5x
NEAR/USDT,2025-03-12,LONG,0.8497,2.556,2.573,1,True,0.6651,0.6254,>.80,
NEAR/USDT,2025-03-14,LONG,0.7962,2.604,2.792,5,False,7.2197,0.176,.70-.80,
NEAR/USDT,2025-03-15,LONG,0.8378,2.644,2.792,4,True,5.5976,0.2236,>.80,
NEAR/USDT,2025-03-16,LONG,0.7983,2.517,2.792,3,True,10.9257,0.7325,.70-.80,
NEAR/USDT,2025-03-17,LONG,0.8178,2.64,2.792,2,True,5.7576,0.7325,>.80,
NEAR/USDT,2025-03-18,LONG,0.6669,2.585,2.792,1,True,8.0077,0.312,.60-.70,
NEAR/USDT,2025-03-20,LONG,0.7147,2.737,2.778,3,True,1.498,0.2835,.70-.80,
NEAR/USDT,2025-03-21,LONG,0.5562,2.715,2.778,2,True,2.3204,0.1189,.55-.60,
NEAR/USDT,2025-03-22,LONG,0.8544,2.731,2.778,1,True,1.721,0.0921,>.80,
NEAR/USDT,2025-03-24,LONG,0.6027,2.923,2.567,5,False,-12.1793,0.9847,.60-.70,
NEAR/USDT,2025-03-25,LONG,0.8039,3.028,2.567,4,True,-15.2246,0.6935,>.80,
NEAR/USDT,2025-03-26,LONG,0.6703,2.984,2.567,3,True,-13.9745,0.2812,.60-.70,
NEAR/USDT,2025-03-27,LONG,0.596,3.015,2.567,2,True,-14.859,0.2041,.55-.60,
NEAR/USDT,2025-03-28,LONG,0.807,2.734,2.567,1,True,-6.1083,1.6915,>.80,1.5-2x
NEAR/USDT,2025-04-01,LONG,0.7682,2.65,2.509,2,True,-5.3208,1.327,.70-.80,1-1.5x
NEAR/USDT,2025-04-02,LONG,0.7422,2.45,2.509,1,True,2.4082,1.6591,.70-.80,1.5-2x
NEAR/USDT,2025-04-04,LONG,0.7543,2.507,2.443,1,True,-2.5529,0.0175,.70-.80,
APT/USDT,2024-09-02,LONG,0.6438,6.359,6.121,2,True,-3.7427,0.8041,.60-.70,
APT/USDT,2024-09-03,LONG,0.6475,6.131,6.121,1,True,-0.1631,0.8976,.60-.70,
APT/USDT,2024-09-05,LONG,0.7113,5.776,5.706,1,True,-1.2119,1.5077,.70-.80,1.5-2x
APT/USDT,2024-09-08,LONG,0.7837,6.04,6.301,1,True,4.3212,0.8398,.70-.80,
APT/USDT,2024-09-10,LONG,0.5554,6.275,5.874,5,False,-6.3904,0.1128,.55-.60,
APT/USDT,2024-09-11,LONG,0.7666,6.092,5.874,4,True,-3.5785,0.7942,.70-.80,
APT/USDT,2024-09-14,LONG,0.5995,6.061,5.874,1,True,-3.0853,1.2923,.55-.60,1-1.5x
APT/USDT,2024-09-18,LONG,0.8917,6.23,6.804,1,True,9.2135,1.4901,>.80,1-1.5x
APT/USDT,2024-09-23,LONG,0.8502,7.955,8.497,4,True,6.8133,0.0292,>.80,
APT/USDT,2024-09-24,LONG,0.8324,8.156,8.497,3,True,4.181,0.5353,>.80,
APT/USDT,2024-09-26,LONG,0.5769,8.069,8.497,1,True,5.3043,0.1772,.55-.60,
APT/USDT,2024-09-30,LONG,0.8338,7.669,8.562,3,True,11.6443,1.0167,>.80,1-1.5x
APT/USDT,2024-10-01,LONG,0.7226,7.554,8.562,2,True,13.3439,0.3079,.70-.80,
APT/USDT,2024-10-02,LONG,0.6303,7.786,8.562,1,True,9.9666,0.6282,.60-.70,
APT/USDT,2024-10-04,LONG,0.935,9.09,8.607,1,True,-5.3135,1.19,>.80,1-1.5x
APT/USDT,2024-10-10,LONG,0.8337,8.101,8.514,1,True,5.0981,0.9569,>.80,
APT/USDT,2024-10-12,LONG,0.862,9.926,10.176,2,True,2.5186,2.7471,>.80,2-3x
APT/USDT,2024-10-13,LONG,0.6037,10.189,10.176,1,True,-0.1276,0.439,.60-.70,
APT/USDT,2024-10-15,LONG,0.8357,10.457,9.933,2,True,-5.011,0.4602,>.80,
APT/USDT,2024-10-16,LONG,0.7775,10.024,9.933,1,True,-0.9078,0.6753,.70-.80,
APT/USDT,2024-10-22,LONG,0.5671,10.395,9.201,5,False,-11.4863,0.5099,.55-.60,
APT/USDT,2024-10-23,LONG,0.617,9.933,9.217,5,False,-7.2083,0.7985,.60-.70,
APT/USDT,2024-10-25,LONG,0.5857,8.945,10.042,4,True,12.2638,2.0212,.55-.60,2-3x
APT/USDT,2024-10-26,LONG,0.7373,9.304,10.042,3,True,7.9321,0.66,.70-.80,
APT/USDT,2024-10-28,LONG,0.6344,9.217,10.042,1,True,8.9509,0.0297,.60-.70,
APT/USDT,2024-11-03,LONG,0.6832,8.192,9.721,5,False,18.6646,1.0964,.60-.70,1-1.5x
APT/USDT,2024-11-04,LONG,0.6171,8.064,9.721,4,True,20.5481,0.3453,.60-.70,
APT/USDT,2024-11-06,LONG,0.5761,9.57,9.721,2,True,1.5778,2.3509,.55-.60,2-3x
APT/USDT,2024-11-09,LONG,0.6476,10.428,13.718,2,True,31.5497,1.256,.60-.70,1-1.5x
APT/USDT,2024-11-10,LONG,0.5727,10.899,13.718,1,True,25.8648,0.7704,.55-.60,
APT/USDT,2024-11-12,LONG,0.6691,12.356,11.876,3,True,-3.8848,1.1744,.60-.70,1-1.5x
APT/USDT,2024-11-13,LONG,0.6348,11.715,11.876,2,True,1.3743,0.6049,.60-.70,
APT/USDT,2024-11-14,LONG,0.9697,11.236,11.876,1,True,5.696,0.505,>.80,
APT/USDT,2024-11-18,LONG,0.6654,12.042,12.068,3,True,0.2159,0.2691,.60-.70,
APT/USDT,2024-11-19,LONG,0.6653,11.806,12.068,2,True,2.2192,0.2441,.60-.70,
APT/USDT,2024-11-20,LONG,0.6027,11.785,12.068,1,True,2.4014,0.0228,.60-.70,
APT/USDT,2024-11-24,LONG,0.6214,12.5,13.278,5,False,6.224,0.2486,.60-.70,
APT/USDT,2024-11-25,LONG,0.8394,11.828,13.278,4,True,12.259,0.7018,>.80,
APT/USDT,2024-11-27,LONG,0.642,12.659,13.278,2,True,4.8898,0.7734,.60-.70,
APT/USDT,2024-11-28,LONG,0.8467,12.78,13.278,1,True,3.8967,0.1323,>.80,
APT/USDT,2024-12-09,LONG,0.6001,11.939,14.215,4,True,19.0636,3.3419,.60-.70,3-5x
APT/USDT,2024-12-10,LONG,0.6756,11.624,14.215,3,True,22.2901,0.4947,.60-.70,
APT/USDT,2024-12-12,LONG,0.7478,13.666,14.215,1,True,4.0173,1.0295,.70-.80,1-1.5x
APT/USDT,2024-12-17,LONG,0.6105,12.918,11.824,1,True,-8.4688,1.1728,.60-.70,1-1.5x
APT/USDT,2024-12-25,LONG,0.6387,9.554,8.819,1,True,-7.6931,0.3857,.60-.70,
APT/USDT,2024-12-28,LONG,0.579,9.191,8.716,3,True,-5.1681,0.755,.55-.60,
APT/USDT,2024-12-29,LONG,0.6757,8.876,8.716,2,True,-1.8026,0.5934,.60-.70,
APT/USDT,2024-12-30,LONG,0.6135,8.879,8.716,1,True,-1.8358,0.0059,.60-.70,
APT/USDT,2025-01-03,LONG,0.6539,9.808,9.992,1,True,1.876,1.1117,.60-.70,1-1.5x
APT/USDT,2025-01-06,LONG,0.5934,10.175,9.121,5,False,-10.3587,0.1732,.55-.60,
APT/USDT,2025-01-07,LONG,0.6231,9.651,8.829,5,False,-8.5173,1.122,.60-.70,1-1.5x
APT/USDT,2025-01-08,LONG,0.5904,9.016,8.477,5,False,-5.9783,1.3934,.55-.60,1-1.5x
APT/USDT,2025-01-09,LONG,0.5537,8.647,9.019,5,False,4.3021,0.8689,.55-.60,
APT/USDT,2025-01-10,LONG,0.7564,9.136,9.47,5,False,3.6559,1.3726,.70-.80,1-1.5x
APT/USDT,2025-01-11,LONG,0.6154,9.121,9.234,5,False,1.2389,0.0405,.60-.70,
APT/USDT,2025-01-12,LONG,0.5905,8.829,9.751,5,False,10.4429,0.8152,.55-.60,
APT/USDT,2025-01-13,LONG,0.7027,8.477,9.327,5,False,10.0271,0.9996,.70-.80,
APT/USDT,2025-01-15,LONG,0.5861,9.47,9.327,3,True,-1.51,1.2446,.55-.60,1-1.5x
APT/USDT,2025-01-20,LONG,0.6571,8.551,8.741,1,True,2.222,0.1252,.60-.70,
APT/USDT,2025-01-24,LONG,0.6996,8.206,7.629,3,True,-7.0314,0.366,.60-.70,
APT/USDT,2025-01-25,LONG,0.5805,8.099,7.629,2,True,-5.8032,0.3053,.55-.60,
APT/USDT,2025-01-26,LONG,0.6658,7.821,7.629,1,True,-2.4549,0.802,.60-.70,
APT/USDT,2025-02-03,LONG,0.9084,6.5,5.969,2,True,-8.1692,1.0918,>.80,1-1.5x
APT/USDT,2025-02-04,LONG,0.6345,6.081,5.969,1,True,-1.8418,1.2707,.60-.70,1-1.5x
APT/USDT,2025-02-07,LONG,0.5659,5.709,5.846,1,True,2.3997,0.0697,.55-.60,
APT/USDT,2025-02-11,LONG,0.7508,5.892,6.102,3,True,3.5642,1.0019,.70-.80,1-1.5x
APT/USDT,2025-02-12,LONG,0.6306,6.155,6.102,2,True,-0.8611,0.8905,.60-.70,
APT/USDT,2025-02-13,LONG,0.7048,6.137,6.102,1,True,-0.5703,0.0583,.70-.80,
APT/USDT,2025-02-15,LONG,0.6543,6.008,6.321,5,False,5.2097,0.3083,.60-.70,
APT/USDT,2025-02-18,LONG,0.6837,5.631,6.321,2,True,12.2536,1.0338,.60-.70,1-1.5x
APT/USDT,2025-02-19,LONG,0.6865,6.324,6.321,1,True,-0.0474,2.1858,.60-.70,2-3x
APT/USDT,2025-02-22,LONG,0.7472,6.026,6.117,1,True,1.5101,0.1512,.70-.80,
APT/USDT,2025-02-24,LONG,0.6776,5.404,6.305,5,False,16.6728,2.3952,.60-.70,2-3x
APT/USDT,2025-02-25,LONG,0.7237,5.633,6.756,5,False,19.9361,0.8534,.70-.80,
APT/USDT,2025-02-28,LONG,0.5579,6.455,5.733,3,True,-11.1851,0.9527,.55-.60,
APT/USDT,2025-03-01,LONG,0.7966,6.305,5.733,2,True,-9.0722,0.4476,.70-.80,
APT/USDT,2025-03-02,LONG,0.5743,6.756,5.733,1,True,-15.1421,1.3441,.55-.60,1-1.5x
APT/USDT,2025-03-04,LONG,0.7479,5.455,6.21,1,True,13.8405,0.7714,.70-.80,
APT/USDT,2025-03-06,LONG,0.827,5.999,5.613,3,True,-6.4344,0.4789,>.80,
APT/USDT,2025-03-07,LONG,0.5792,6.165,5.613,2,True,-8.9538,0.3894,.55-.60,
APT/USDT,2025-03-08,LONG,0.6044,5.953,5.613,1,True,-5.7114,0.4835,.60-.70,
APT/USDT,2025-03-11,LONG,0.6091,5.31,5.206,1,True,-1.9586,0.3221,.60-.70,
APT/USDT,2025-03-15,LONG,0.589,5.349,5.145,1,True,-3.8138,0.4041,.55-.60,
APT/USDT,2025-03-21,LONG,0.576,5.619,5.713,2,True,1.6729,0.0239,.55-.60,
APT/USDT,2025-03-22,LONG,0.6539,5.678,5.713,1,True,0.6164,0.1845,.60-.70,
APT/USDT,2025-03-24,LONG,0.5782,6.029,5.227,5,False,-13.3024,1.2109,.55-.60,1-1.5x
APT/USDT,2025-03-25,LONG,0.5595,5.91,5.298,5,False,-10.3553,0.5865,.55-.60,
APT/USDT,2025-03-27,LONG,0.5896,5.962,5.403,5,False,-9.376,0.0941,.55-.60,
APT/USDT,2025-03-30,LONG,0.5522,5.298,5.097,3,True,-3.7939,0.4403,.55-.60,
APT/USDT,2025-03-31,LONG,0.5597,5.273,5.097,2,True,-3.3378,0.1547,.55-.60,
APT/USDT,2025-04-01,LONG,0.5995,5.403,5.097,1,True,-5.6635,0.8057,.55-.60,
APT/USDT,2025-04-04,LONG,0.5921,4.906,4.885,1,True,-0.428,0.92,.55-.60,
OP/USDT,2024-08-28,LONG,0.6995,1.4263,1.4169,3,True,-0.659,0.8368,.60-.70,
OP/USDT,2024-08-29,LONG,0.6278,1.426,1.4169,2,True,-0.6381,0.0046,.60-.70,
OP/USDT,2024-08-30,LONG,0.6934,1.4686,1.4169,1,True,-3.5204,0.6491,.60-.70,
OP/USDT,2024-09-03,LONG,0.5928,1.349,1.3363,3,True,-0.9414,0.9726,.55-.60,
OP/USDT,2024-09-04,LONG,0.5632,1.3476,1.3363,2,True,-0.8385,0.0253,.55-.60,
OP/USDT,2024-09-07,LONG,0.5526,1.416,1.5385,5,False,8.6511,1.4325,.55-.60,1-1.5x
OP/USDT,2024-09-08,LONG,0.5799,1.4176,1.5475,5,False,9.1634,0.0274,.55-.60,
OP/USDT,2024-09-12,LONG,0.6667,1.5385,1.5678,2,True,1.9045,0.116,.60-.70,
OP/USDT,2024-09-15,LONG,0.5525,1.4735,1.452,1,True,-1.4591,1.4565,.55-.60,1-1.5x
OP/USDT,2024-09-21,LONG,0.7274,1.7697,1.6903,1,True,-4.4866,1.3605,.70-.80,1-1.5x
OP/USDT,2024-09-28,LONG,0.6895,1.8792,1.5196,5,False,-19.1358,0.2492,.60-.70,
OP/USDT,2024-09-29,LONG,0.6553,1.9018,1.5196,4,True,-20.0968,0.3103,.60-.70,
OP/USDT,2024-09-30,LONG,0.8017,1.7488,1.5196,3,True,-13.1061,1.8881,>.80,1.5-2x
OP/USDT,2024-10-01,LONG,0.7669,1.6634,1.5196,2,True,-8.6449,1.1318,.70-.80,1-1.5x
OP/USDT,2024-10-02,LONG,0.696,1.5853,1.5196,1,True,-4.1443,1.052,.60-.70,1-1.5x
OP/USDT,2024-10-04,LONG,0.833,1.6063,1.6604,3,True,3.368,1.2045,>.80,1-1.5x
OP/USDT,2024-10-05,LONG,0.7761,1.5952,1.6604,2,True,4.0873,0.1532,.70-.80,
OP/USDT,2024-10-11,LONG,0.6577,1.6943,1.7157,1,True,1.2631,1.8459,.60-.70,1.5-2x
OP/USDT,2024-10-13,LONG,0.7966,1.7127,1.7175,5,False,0.2803,0.0371,.70-.80,
OP/USDT,2024-10-14,LONG,0.667,1.7802,1.7175,4,True,-3.5221,0.8256,.60-.70,
OP/USDT,2024-10-15,LONG,0.6405,1.7349,1.7175,3,True,-1.0029,0.5345,.60-.70,
OP/USDT,2024-10-17,LONG,0.6794,1.6742,1.7175,1,True,2.5863,0.9635,.60-.70,
OP/USDT,2024-10-19,LONG,0.5656,1.691,1.7166,2,True,1.5139,0.3526,.55-.60,
OP/USDT,2024-10-20,LONG,0.8641,1.81,1.7166,1,True,-5.1602,1.6345,>.80,1.5-2x
OP/USDT,2024-10-22,LONG,0.5607,1.7017,1.7085,2,True,0.3996,0.2079,.55-.60,
OP/USDT,2024-10-23,LONG,0.7883,1.7238,1.7085,1,True,-0.8876,0.3218,.70-.80,
OP/USDT,2024-10-29,LONG,0.7638,1.7031,1.5212,3,True,-10.6805,1.2688,.70-.80,1-1.5x
OP/USDT,2024-10-30,LONG,0.6063,1.7181,1.5212,2,True,-11.4603,0.2173,.60-.70,
OP/USDT,2024-10-31,LONG,0.8533,1.6121,1.5212,1,True,-5.6386,1.6162,>.80,1.5-2x
OP/USDT,2024-11-03,LONG,0.8224,1.4323,1.5787,5,False,10.2213,0.4408,>.80,
OP/USDT,2024-11-04,LONG,0.7272,1.342,1.648,5,False,22.8018,1.5426,.70-.80,1.5-2x
OP/USDT,2024-11-05,LONG,0.6877,1.4169,1.6406,5,False,15.788,1.2849,.60-.70,1-1.5x
OP/USDT,2024-11-08,LONG,0.7329,1.5787,1.6406,2,True,3.9209,0.2771,.70-.80,
OP/USDT,2024-11-09,LONG,0.7739,1.648,1.6406,1,True,-0.449,0.8668,.70-.80,
OP/USDT,2024-11-12,LONG,0.8252,1.6651,1.6203,1,True,-2.6905,1.4684,>.80,1-1.5x
OP/USDT,2024-11-14,LONG,0.9904,1.5126,1.5848,1,True,4.7732,1.1512,>.80,1-1.5x
OP/USDT,2024-11-21,LONG,0.6919,2.0822,2.2033,5,False,5.816,2.9712,.60-.70,2-3x
OP/USDT,2024-11-22,LONG,0.8015,2.209,2.2033,4,True,-0.258,0.6951,>.80,
OP/USDT,2024-11-23,LONG,0.565,2.2049,2.2033,3,True,-0.0726,0.0213,.55-.60,
OP/USDT,2024-11-24,LONG,0.9352,2.2017,2.2033,2,True,0.0727,0.0171,>.80,
OP/USDT,2024-11-25,LONG,0.6091,2.2981,2.2033,1,True,-4.1251,0.5157,.60-.70,
OP/USDT,2024-11-28,LONG,0.7457,2.3596,2.4663,3,True,4.522,0.6677,.70-.80,
OP/USDT,2024-11-30,LONG,0.9051,2.4479,2.4663,1,True,0.7517,0.3123,>.80,
OP/USDT,2024-12-05,LONG,0.8966,2.4957,2.6632,1,True,6.7115,0.2526,>.80,
OP/USDT,2024-12-09,LONG,0.6857,2.24,2.5661,4,True,14.558,1.9375,.60-.70,1.5-2x
OP/USDT,2024-12-12,LONG,0.8091,2.5486,2.5661,1,True,0.6867,1.5122,>.80,1.5-2x
OP/USDT,2024-12-17,LONG,0.6816,2.3371,2.1564,1,True,-7.7318,1.1634,.60-.70,1-1.5x
OP/USDT,2024-12-20,LONG,0.7405,1.889,1.747,1,True,-7.5172,0.1347,.70-.80,
OP/USDT,2024-12-25,LONG,0.6988,1.9188,1.7791,1,True,-7.2806,0.2498,.60-.70,
OP/USDT,2024-12-28,LONG,0.5896,1.8959,1.824,2,True,-3.7924,0.319,.55-.60,
OP/USDT,2024-12-29,LONG,0.726,1.8088,1.824,1,True,0.8403,0.7951,.70-.80,
OP/USDT,2025-01-02,LONG,0.6578,1.8797,2.0609,2,True,9.6398,0.6282,.60-.70,
OP/USDT,2025-01-03,LONG,0.7337,2.0164,2.0609,1,True,2.2069,1.3115,.70-.80,1-1.5x
OP/USDT,2025-01-06,LONG,0.7332,2.1107,1.7885,4,True,-15.2651,0.152,.70-.80,
OP/USDT,2025-01-07,LONG,0.5979,1.8906,1.7885,3,True,-5.4004,1.8729,.55-.60,1.5-2x
OP/USDT,2025-01-09,LONG,0.6066,1.7503,1.7885,1,True,2.1825,0.5921,.60-.70,
OP/USDT,2025-01-13,LONG,0.6204,1.7266,1.8365,3,True,6.3651,0.7446,.60-.70,
OP/USDT,2025-01-22,LONG,0.6548,1.712,1.4572,5,False,-14.8832,0.4518,.60-.70,
OP/USDT,2025-01-23,LONG,0.7181,1.7247,1.4572,4,True,-15.5099,0.169,.70-.80,
OP/USDT,2025-01-24,LONG,0.6676,1.7196,1.4572,3,True,-15.2594,0.0682,.60-.70,
OP/USDT,2025-01-25,LONG,0.6201,1.6331,1.4572,2,True,-10.7709,1.1437,.60-.70,1-1.5x
OP/USDT,2025-01-26,LONG,0.7311,1.5614,1.4572,1,True,-6.6735,0.991,.70-.80,
OP/USDT,2025-01-28,LONG,0.5676,1.3713,1.4351,1,True,4.6525,1.4164,.55-.60,1-1.5x
OP/USDT,2025-02-03,LONG,0.9567,1.1862,1.0896,2,True,-8.1437,1.0788,>.80,1-1.5x
OP/USDT,2025-02-04,LONG,0.6218,1.1115,1.0896,1,True,-1.9703,1.1451,.60-.70,1-1.5x
OP/USDT,2025-02-06,LONG,0.9939,1.0387,1.0789,3,True,3.8702,0.9237,>.80,
OP/USDT,2025-02-07,LONG,0.5762,1.0188,1.0789,2,True,5.8991,0.3848,.55-.60,
OP/USDT,2025-02-10,LONG,0.6357,1.0978,1.1575,4,True,5.4381,0.341,.60-.70,
OP/USDT,2025-02-11,LONG,0.6919,1.0713,1.1575,3,True,8.0463,0.4698,.60-.70,
OP/USDT,2025-02-12,LONG,0.6119,1.1213,1.1575,2,True,3.2284,0.8761,.60-.70,
OP/USDT,2025-02-13,LONG,0.6393,1.1234,1.1575,1,True,3.0354,0.0351,.60-.70,
OP/USDT,2025-02-17,LONG,0.553,1.2054,1.1624,3,True,-3.5673,1.4437,.55-.60,1-1.5x
OP/USDT,2025-02-23,LONG,0.6178,1.1806,1.1076,4,True,-6.1833,0.7162,.60-.70,
OP/USDT,2025-02-28,LONG,0.707,1.0804,1.1686,2,True,8.1636,0.4153,.70-.80,
OP/USDT,2025-03-01,LONG,0.7354,1.0425,1.1686,1,True,12.0959,0.5883,.70-.80,
OP/USDT,2025-03-04,LONG,0.7897,0.9415,0.9873,1,True,4.8646,0.5913,.70-.80,
OP/USDT,2025-03-07,LONG,0.6551,0.9572,0.8033,3,True,-16.0781,0.0377,.60-.70,
OP/USDT,2025-03-11,LONG,0.7072,0.851,0.8786,1,True,3.2432,0.8039,.70-.80,
OP/USDT,2025-03-14,LONG,0.7206,0.867,0.831,2,True,-4.1522,0.4984,.70-.80,
OP/USDT,2025-03-15,LONG,0.7446,0.8872,0.831,1,True,-6.3345,0.3207,.70-.80,
OP/USDT,2025-03-17,LONG,0.6229,0.8867,0.846,4,True,-4.5901,1.0207,.60-.70,1-1.5x
OP/USDT,2025-03-18,LONG,0.5684,0.874,0.846,3,True,-3.2037,0.2277,.55-.60,
OP/USDT,2025-03-19,LONG,0.6307,0.9208,0.846,2,True,-8.1234,0.8354,.60-.70,
OP/USDT,2025-03-20,LONG,0.6065,0.8811,0.846,1,True,-3.9837,0.6685,.60-.70,
OP/USDT,2025-03-26,LONG,0.5968,0.8858,0.7336,5,False,-17.1822,0.4289,.55-.60,
OP/USDT,2025-03-27,LONG,0.6842,0.9051,0.7336,4,True,-18.9482,0.4738,.60-.70,
OP/USDT,2025-03-28,LONG,0.6126,0.8328,0.7336,3,True,-11.9116,1.6289,.60-.70,1.5-2x
ARB/USDT,2024-08-28,LONG,0.6333,0.5217,0.5137,2,True,-1.5334,0.1899,.60-.70,
ARB/USDT,2024-08-29,LONG,0.7009,0.5132,0.5137,1,True,0.0974,0.4298,.70-.80,
ARB/USDT,2024-09-04,LONG,0.5554,0.4971,0.5239,5,False,5.3913,0.2119,.55-.60,
ARB/USDT,2024-09-09,LONG,0.6188,0.5239,0.5308,5,False,1.317,0.7753,.60-.70,
ARB/USDT,2024-09-12,LONG,0.581,0.5247,0.5105,4,True,-2.7063,0.5684,.55-.60,
ARB/USDT,2024-09-15,LONG,0.6442,0.5112,0.5105,1,True,-0.1369,1.0988,.60-.70,1-1.5x
ARB/USDT,2024-09-20,LONG,0.5561,0.5774,0.6155,1,True,6.5985,1.1312,.55-.60,1-1.5x
ARB/USDT,2024-09-23,LONG,0.6778,0.5988,0.6197,3,True,3.4903,0.0691,.60-.70,
ARB/USDT,2024-09-24,LONG,0.5731,0.6139,0.6197,2,True,0.9448,0.8653,.55-.60,
ARB/USDT,2024-09-25,LONG,0.6495,0.5986,0.6197,1,True,3.5249,0.8264,.60-.70,
ARB/USDT,2024-09-28,LONG,0.8008,0.6475,0.5318,4,True,-17.8687,0.9024,>.80,
ARB/USDT,2024-09-29,LONG,0.6647,0.6454,0.5318,3,True,-17.6015,0.0979,.60-.70,
ARB/USDT,2024-09-30,LONG,0.8321,0.6043,0.5318,2,True,-11.9974,1.7206,>.80,1.5-2x
ARB/USDT,2024-10-01,LONG,0.7865,0.551,0.5318,1,True,-3.4846,2.1118,.70-.80,2-3x
ARB/USDT,2024-10-03,LONG,0.9273,0.5336,0.5597,3,True,4.8913,0.0803,>.80,
ARB/USDT,2024-10-04,LONG,0.8718,0.5651,0.5597,2,True,-0.9556,1.3413,>.80,1-1.5x
ARB/USDT,2024-10-05,LONG,0.6856,0.5505,0.5597,1,True,1.6712,0.5934,.60-.70,
ARB/USDT,2024-10-08,LONG,0.6109,0.5401,0.5216,1,True,-3.4253,0.3858,.60-.70,
ARB/USDT,2024-10-10,LONG,0.899,0.5253,0.5341,1,True,1.6752,0.1692,>.80,
ARB/USDT,2024-10-13,LONG,0.7763,0.5294,0.5644,1,True,6.6113,0.4066,.70-.80,
ARB/USDT,2024-10-16,LONG,0.6795,0.5574,0.5636,2,True,1.1123,0.461,.60-.70,
ARB/USDT,2024-10-17,LONG,0.8603,0.5469,0.5636,1,True,3.0536,0.5277,>.80,
ARB/USDT,2024-10-20,LONG,0.894,0.613,0.5877,1,True,-4.1272,2.1258,>.80,2-3x
ARB/USDT,2024-10-26,LONG,0.7702,0.5144,0.5198,1,True,1.0498,0.3775,.70-.80,
ARB/USDT,2024-11-01,LONG,0.7349,0.5197,0.5043,1,True,-2.9632,0.3399,.70-.80,
ARB/USDT,2024-11-03,LONG,0.7141,0.4822,0.5914,5,False,22.6462,1.1269,.70-.80,1-1.5x
ARB/USDT,2024-11-04,LONG,0.7288,0.4729,0.6199,5,False,31.0848,0.4965,.70-.80,
ARB/USDT,2024-11-05,LONG,0.6673,0.4905,0.6288,5,False,28.1957,0.9291,.60-.70,
ARB/USDT,2024-11-06,LONG,0.6652,0.5485,0.671,5,False,22.3336,2.4377,.60-.70,2-3x
ARB/USDT,2024-11-07,LONG,0.6326,0.5807,0.671,4,True,15.5502,1.1789,.60-.70,1-1.5x
ARB/USDT,2024-11-09,LONG,0.6951,0.6199,0.671,2,True,8.2433,1.0129,.60-.70,1-1.5x
ARB/USDT,2024-11-10,LONG,0.7655,0.6288,0.671,1,True,6.7112,0.3084,.70-.80,
ARB/USDT,2024-11-12,LONG,0.8764,0.6308,0.6118,1,True,-3.012,1.2008,>.80,1-1.5x
ARB/USDT,2024-11-14,LONG,0.9246,0.58,0.6065,1,True,4.569,1.1132,>.80,1-1.5x
ARB/USDT,2024-11-18,LONG,0.6186,0.7382,0.6919,1,True,-6.272,1.4022,.60-.70,1-1.5x
ARB/USDT,2024-11-20,LONG,0.7052,0.672,0.8091,2,True,20.4018,0.4151,.70-.80,
ARB/USDT,2024-11-21,LONG,0.6056,0.7784,0.8091,1,True,3.944,2.0843,.60-.70,2-3x
ARB/USDT,2024-11-24,LONG,0.8122,0.8623,0.9674,3,True,12.1883,0.1126,>.80,
ARB/USDT,2024-11-25,LONG,0.726,0.9051,0.9674,2,True,6.8832,0.6822,.70-.80,
ARB/USDT,2024-11-26,LONG,0.8713,0.87,0.9674,1,True,11.1954,0.5417,>.80,
ARB/USDT,2024-11-28,LONG,0.7803,0.9138,0.9304,1,True,1.8166,0.7274,.70-.80,
ARB/USDT,2024-11-30,LONG,0.8927,0.9712,0.9685,1,True,-0.278,0.5764,>.80,
ARB/USDT,2024-12-07,LONG,0.7703,1.1632,1.1585,1,True,-0.4041,0.1455,.70-.80,
ARB/USDT,2024-12-14,LONG,0.8431,0.9842,0.8609,4,True,-12.5279,0.7692,>.80,
ARB/USDT,2024-12-15,LONG,0.7704,1.0166,0.8609,3,True,-15.3158,0.5307,.70-.80,
ARB/USDT,2024-12-17,LONG,0.6923,0.9482,0.8609,1,True,-9.2069,0.9363,.60-.70,
ARB/USDT,2024-12-20,LONG,0.8448,0.7961,0.7493,1,True,-5.8787,0.3316,>.80,
ARB/USDT,2024-12-22,LONG,0.8198,0.7467,0.8002,1,True,7.1649,0.0564,>.80,
ARB/USDT,2024-12-24,LONG,0.5787,0.8178,0.8055,1,True,-1.504,0.3641,.55-.60,
ARB/USDT,2024-12-29,LONG,0.6423,0.7422,0.722,2,True,-2.7216,0.9254,.60-.70,
ARB/USDT,2024-12-30,LONG,0.594,0.7331,0.722,1,True,-1.5141,0.2579,.55-.60,
ARB/USDT,2025-01-01,LONG,0.5621,0.7459,0.8942,3,True,19.882,0.7469,.55-.60,
ARB/USDT,2025-01-03,LONG,0.6604,0.8343,0.8942,1,True,7.1797,1.5371,.60-.70,1.5-2x
ARB/USDT,2025-01-06,LONG,0.7276,0.9188,0.7479,4,True,-18.6003,0.0606,.70-.80,
ARB/USDT,2025-01-07,LONG,0.6853,0.8206,0.7479,3,True,-8.8594,2.0588,.60-.70,2-3x
ARB/USDT,2025-01-08,LONG,0.5928,0.7872,0.7479,2,True,-4.9924,0.846,.55-.60,
ARB/USDT,2025-01-09,LONG,0.6058,0.7433,0.7479,1,True,0.6189,1.1259,.60-.70,1-1.5x
ARB/USDT,2025-01-13,LONG,0.5532,0.7032,0.7922,2,True,12.6564,0.8037,.55-.60,
ARB/USDT,2025-01-20,LONG,0.6089,0.6983,0.7221,1,True,3.4083,0.0128,.60-.70,
ARB/USDT,2025-01-22,LONG,0.7507,0.7007,0.643,5,False,-8.2346,0.5346,.70-.80,
ARB/USDT,2025-01-23,LONG,0.7438,0.72,0.643,4,True,-10.6944,0.5215,.70-.80,
ARB/USDT,2025-01-24,LONG,0.6904,0.6992,0.643,3,True,-8.0378,0.581,.60-.70,
ARB/USDT,2025-01-25,LONG,0.5659,0.7002,0.643,2,True,-8.1691,0.0291,.55-.60,
ARB/USDT,2025-01-26,LONG,0.7286,0.6757,0.643,1,True,-4.8394,0.7106,.70-.80,
ARB/USDT,2025-01-28,LONG,0.6465,0.5925,0.6048,1,True,2.0759,1.6693,.60-.70,1.5-2x
ARB/USDT,2025-01-31,LONG,0.6085,0.6413,0.578,1,True,-9.8706,0.3694,.60-.70,
ARB/USDT,2025-02-03,LONG,0.9584,0.5109,0.4704,2,True,-7.9272,0.5883,>.80,
ARB/USDT,2025-02-04,LONG,0.7432,0.4775,0.4704,1,True,-1.4869,1.1548,.70-.80,1-1.5x
ARB/USDT,2025-02-07,LONG,0.6054,0.4328,0.4492,2,True,3.7893,0.5646,.60-.70,
ARB/USDT,2025-02-10,LONG,0.5882,0.4725,0.4976,4,True,5.3122,0.9948,.55-.60,
ARB/USDT,2025-02-11,LONG,0.6428,0.463,0.4976,3,True,7.473,0.386,.60-.70,
ARB/USDT,2025-02-13,LONG,0.615,0.4872,0.4976,1,True,2.1346,0.2199,.60-.70,
ARB/USDT,2025-02-19,LONG,0.59,0.4713,0.4111,5,False,-12.7732,0.4336,.55-.60,
ARB/USDT,2025-02-22,LONG,0.619,0.4768,0.4196,3,True,-11.9966,0.4423,.60-.70,
ARB/USDT,2025-02-23,LONG,0.6415,0.478,0.4196,2,True,-12.2176,0.0619,.60-.70,
ARB/USDT,2025-02-28,LONG,0.6151,0.4217,0.3918,3,True,-7.0903,0.1751,.60-.70,
ARB/USDT,2025-03-01,LONG,0.5596,0.4179,0.3918,2,True,-6.2455,0.1916,.55-.60,
ARB/USDT,2025-03-04,LONG,0.5575,0.3797,0.4151,1,True,9.3231,0.5145,.55-.60,
ARB/USDT,2025-03-06,LONG,0.7787,0.4037,0.3948,1,True,-2.2046,0.4275,.70-.80,
ARB/USDT,2025-03-11,LONG,0.6409,0.3375,0.3439,2,True,1.8963,0.7748,.60-.70,
ARB/USDT,2025-03-12,LONG,0.6353,0.3486,0.3439,1,True,-1.3483,0.4768,.60-.70,
ARB/USDT,2025-03-14,LONG,0.6959,0.3588,0.3642,1,True,1.505,0.6243,.60-.70,
ARB/USDT,2025-03-17,LONG,0.6086,0.3699,0.3849,2,True,4.0552,0.9479,.60-.70,
ARB/USDT,2025-03-18,LONG,0.5892,0.3715,0.3849,1,True,3.607,0.0668,.55-.60,
ARB/USDT,2025-03-21,LONG,0.6222,0.3597,0.365,1,True,1.4735,0.6444,.60-.70,
ARB/USDT,2025-03-27,LONG,0.6527,0.384,0.3279,4,True,-14.6094,0.1164,.60-.70,
ARB/USDT,2025-03-28,LONG,0.6425,0.3479,0.3279,3,True,-5.7488,1.8214,.60-.70,1.5-2x
ARB/USDT,2025-04-02,LONG,0.6048,0.3071,0.3091,3,True,0.6513,1.8748,.60-.70,1.5-2x
GRT/USDT,2024-09-01,LONG,0.569,0.1383,0.1356,2,True,-1.9523,1.2772,.55-.60,1-1.5x
GRT/USDT,2024-09-02,LONG,0.664,0.1458,0.1356,1,True,-6.9959,1.2782,.60-.70,1-1.5x
GRT/USDT,2024-09-04,LONG,0.6357,0.1397,0.1341,1,True,-4.0086,0.6806,.60-.70,
GRT/USDT,2024-09-07,LONG,0.6763,0.1318,0.1375,4,True,4.3247,0.3352,.60-.70,
GRT/USDT,2024-09-08,LONG,0.6957,0.1363,0.1375,3,True,0.8804,0.743,.60-.70,
GRT/USDT,2024-09-09,LONG,0.6304,0.143,0.1375,2,True,-3.8462,1.0399,.60-.70,1-1.5x
GRT/USDT,2024-09-12,LONG,0.6149,0.144,0.1503,1,True,4.375,1.1699,.60-.70,1-1.5x
GRT/USDT,2024-09-15,LONG,0.664,0.1425,0.1384,1,True,-2.8772,1.1686,.60-.70,1-1.5x
GRT/USDT,2024-09-18,LONG,0.7946,0.1471,0.154,1,True,4.6907,0.9526,.70-.80,
GRT/USDT,2024-09-24,LONG,0.8012,0.1876,0.1868,4,True,-0.4264,1.8324,>.80,1.5-2x
GRT/USDT,2024-09-25,LONG,0.6011,0.179,0.1868,3,True,4.3575,1.1254,.60-.70,1-1.5x
GRT/USDT,2024-09-26,LONG,0.6019,0.187,0.1868,2,True,-0.107,1.1276,.60-.70,1-1.5x
GRT/USDT,2024-09-27,LONG,0.8815,0.1888,0.1868,1,True,-1.0593,0.2425,>.80,
GRT/USDT,2024-10-01,LONG,0.8364,0.1594,0.1542,2,True,-3.2622,1.8763,>.80,1.5-2x
GRT/USDT,2024-10-02,LONG,0.6083,0.1537,0.1542,1,True,0.3253,0.7387,.60-.70,
GRT/USDT,2024-10-10,LONG,0.8483,0.1543,0.166,3,True,7.5826,0.1573,>.80,
GRT/USDT,2024-10-11,LONG,0.7129,0.1628,0.166,2,True,1.9656,1.1936,.70-.80,1-1.5x
GRT/USDT,2024-10-12,LONG,0.6952,0.1666,0.166,1,True,-0.3601,0.5099,.60-.70,
GRT/USDT,2024-10-16,LONG,0.6463,0.1679,0.1693,2,True,0.8338,0.876,.60-.70,
GRT/USDT,2024-10-17,LONG,0.8178,0.164,0.1693,1,True,3.2317,0.5889,>.80,
GRT/USDT,2024-10-19,LONG,0.6668,0.1671,0.1694,2,True,1.3764,0.3227,.60-.70,
GRT/USDT,2024-10-20,LONG,0.8105,0.1792,0.1694,1,True,-5.4688,1.7746,>.80,1.5-2x
GRT/USDT,2024-10-24,LONG,0.7684,0.1641,0.1555,3,True,-5.2407,0.4889,.70-.80,
GRT/USDT,2024-10-26,LONG,0.656,0.1521,0.1555,1,True,2.2354,0.0842,.60-.70,
GRT/USDT,2024-10-30,LONG,0.5612,0.1571,0.1472,1,True,-6.3017,0.5581,.55-.60,
GRT/USDT,2024-11-02,LONG,0.5898,0.1432,0.1365,1,True,-4.6788,0.3532,.55-.60,
GRT/USDT,2024-11-05,LONG,0.5549,0.1388,0.1711,4,True,23.2709,1.5633,.55-.60,1.5-2x
GRT/USDT,2024-11-06,LONG,0.7246,0.1541,0.1711,3,True,11.0318,2.3407,.70-.80,2-3x
GRT/USDT,2024-11-07,LONG,0.5902,0.157,0.1711,2,True,8.9809,0.4032,.55-.60,
GRT/USDT,2024-11-10,LONG,0.557,0.1784,0.1995,1,True,11.8274,0.9468,.55-.60,
GRT/USDT,2024-11-12,LONG,0.7835,0.1913,0.1845,3,True,-3.5546,0.7933,.70-.80,
GRT/USDT,2024-11-13,LONG,0.7014,0.1806,0.1845,2,True,2.1595,1.0397,.70-.80,1-1.5x
GRT/USDT,2024-11-14,LONG,0.9514,0.172,0.1845,1,True,7.2674,0.9099,>.80,
GRT/USDT,2024-11-20,LONG,0.6241,0.2208,0.237,2,True,7.337,0.7632,.60-.70,
GRT/USDT,2024-11-21,LONG,0.7464,0.2216,0.237,1,True,6.9495,0.0519,.70-.80,
GRT/USDT,2024-11-24,LONG,0.8394,0.2597,0.2425,2,True,-6.623,1.2714,>.80,1-1.5x
GRT/USDT,2024-11-25,LONG,0.8644,0.2436,0.2425,1,True,-0.4516,0.8863,>.80,
GRT/USDT,2024-11-27,LONG,0.8128,0.2566,0.2744,1,True,6.9369,0.8533,>.80,
GRT/USDT,2024-11-29,LONG,0.555,0.2869,0.2895,1,True,0.9062,0.6629,.55-.60,
GRT/USDT,2024-12-01,LONG,0.883,0.2885,0.3224,3,True,11.7504,0.0527,>.80,
GRT/USDT,2024-12-03,LONG,0.7448,0.318,0.3224,1,True,1.3836,1.0765,.70-.80,1-1.5x
GRT/USDT,2024-12-05,LONG,0.7891,0.3265,0.3229,3,True,-1.1026,0.2174,.70-.80,
GRT/USDT,2024-12-06,LONG,0.7961,0.3366,0.3229,2,True,-4.0701,0.5827,.70-.80,
GRT/USDT,2024-12-09,LONG,0.5601,0.2655,0.2862,4,True,7.7966,2.9847,.55-.60,2-3x
GRT/USDT,2024-12-10,LONG,0.717,0.2627,0.2862,3,True,8.9456,0.1819,.70-.80,
GRT/USDT,2024-12-11,LONG,0.5545,0.2817,0.2862,2,True,1.5974,1.2145,.55-.60,1-1.5x
GRT/USDT,2024-12-12,LONG,0.5642,0.2852,0.2862,1,True,0.3506,0.2139,.55-.60,
GRT/USDT,2024-12-15,LONG,0.7265,0.2871,0.2752,1,True,-4.1449,0.9579,.70-.80,
GRT/USDT,2024-12-17,LONG,0.6042,0.2603,0.2339,1,True,-10.1421,0.9505,.60-.70,
GRT/USDT,2024-12-20,LONG,0.7923,0.2181,0.2233,3,True,2.3842,0.5807,.70-.80,
GRT/USDT,2024-12-21,LONG,0.8327,0.2045,0.2233,2,True,9.1932,0.9877,>.80,
GRT/USDT,2024-12-22,LONG,0.7061,0.2057,0.2233,1,True,8.5561,0.0942,.70-.80,
GRT/USDT,2024-12-24,LONG,0.5687,0.2298,0.2231,1,True,-2.9156,0.4532,.55-.60,
GRT/USDT,2024-12-29,LONG,0.6261,0.2069,0.1997,2,True,-3.4799,0.7548,.60-.70,
GRT/USDT,2024-12-30,LONG,0.5876,0.204,0.1997,1,True,-2.1078,0.2593,.55-.60,
GRT/USDT,2025-01-03,LONG,0.6514,0.2418,0.2115,5,False,-12.531,1.6911,.60-.70,1.5-2x
GRT/USDT,2025-01-04,LONG,0.63,0.2404,0.2033,5,False,-15.4326,0.1016,.60-.70,
GRT/USDT,2025-01-05,LONG,0.5538,0.2429,0.2059,5,False,-15.2326,0.1839,.55-.60,
GRT/USDT,2025-01-06,LONG,0.6356,0.248,0.2059,4,True,-16.9758,0.3778,.60-.70,
GRT/USDT,2025-01-13,LONG,0.6135,0.1932,0.2039,1,True,5.5383,0.9103,.60-.70,
GRT/USDT,2025-01-17,LONG,0.5746,0.235,0.2021,3,True,-14.0,1.9874,.55-.60,1.5-2x
GRT/USDT,2025-01-18,LONG,0.7645,0.2186,0.2021,2,True,-7.548,1.2813,.70-.80,1-1.5x
GRT/USDT,2025-01-19,LONG,0.6992,0.1974,0.2021,1,True,2.381,1.6465,.60-.70,1.5-2x
GRT/USDT,2025-01-21,LONG,0.8139,0.2099,0.1808,5,False,-13.8637,0.6571,>.80,
GRT/USDT,2025-01-22,LONG,0.784,0.1951,0.1774,5,False,-9.0723,1.1861,.70-.80,1-1.5x
GRT/USDT,2025-01-23,LONG,0.7554,0.1895,0.1774,4,True,-6.3852,0.5276,.70-.80,
GRT/USDT,2025-01-24,LONG,0.8393,0.1834,0.1774,3,True,-3.2715,0.5896,>.80,
GRT/USDT,2025-01-25,LONG,0.5709,0.1822,0.1774,2,True,-2.6345,0.1204,.55-.60,
GRT/USDT,2025-01-26,LONG,0.6637,0.1808,0.1774,1,True,-1.8805,0.1428,.60-.70,
GRT/USDT,2025-01-28,LONG,0.5988,0.1648,0.1691,1,True,2.6092,1.4123,.55-.60,1-1.5x
GRT/USDT,2025-02-03,LONG,0.9204,0.1488,0.1285,3,True,-13.6425,0.4782,>.80,
GRT/USDT,2025-02-04,LONG,0.5572,0.1396,0.1285,2,True,-7.9513,1.0486,.55-.60,1-1.5x
GRT/USDT,2025-02-05,LONG,0.7226,0.1348,0.1285,1,True,-4.6736,0.5823,.70-.80,
GRT/USDT,2025-02-11,LONG,0.6211,0.1381,0.1382,4,True,0.0724,0.2543,.60-.70,
GRT/USDT,2025-02-12,LONG,0.554,0.1453,0.1382,3,True,-4.8864,1.0415,.55-.60,1-1.5x
GRT/USDT,2025-02-13,LONG,0.6379,0.1402,0.1382,2,True,-1.4265,0.7002,.60-.70,
GRT/USDT,2025-02-14,LONG,0.6131,0.143,0.1382,1,True,-3.3566,0.3945,.60-.70,
GRT/USDT,2025-02-21,LONG,0.5914,0.1338,0.1211,3,True,-9.4918,0.8146,.55-.60,
GRT/USDT,2025-02-22,LONG,0.6083,0.1386,0.1211,2,True,-12.6263,0.966,.60-.70,
GRT/USDT,2025-02-23,LONG,0.6689,0.137,0.1211,1,True,-11.6058,0.3164,.60-.70,
GRT/USDT,2025-02-28,LONG,0.7761,0.1204,0.129,2,True,7.1429,0.5667,.70-.80,
GRT/USDT,2025-03-04,LONG,0.6167,0.1067,0.11,1,True,3.0928,0.4131,.60-.70,
GRT/USDT,2025-03-07,LONG,0.8002,0.103,0.0909,2,True,-11.7476,0.7799,>.80,
GRT/USDT,2025-03-08,LONG,0.5715,0.1014,0.0909,1,True,-10.355,0.2899,.55-.60,
GRT/USDT,2025-03-10,LONG,0.6155,0.0844,0.0923,2,True,9.3602,1.2623,.60-.70,1-1.5x
GRT/USDT,2025-03-11,LONG,0.6824,0.0903,0.0923,1,True,2.2148,1.1668,.60-.70,1-1.5x
GRT/USDT,2025-03-14,LONG,0.6231,0.0942,0.0916,2,True,-2.7601,0.9488,.60-.70,
GRT/USDT,2025-03-15,LONG,0.6776,0.0958,0.0916,1,True,-4.3841,0.2793,.60-.70,
GRT/USDT,2025-03-18,LONG,0.6,0.0956,0.09931,1,True,3.8808,0.0859,.55-.60,
GRT/USDT,2025-03-20,LONG,0.6116,0.09554,0.09664,3,True,1.1514,0.6451,.60-.70,
GRT/USDT,2025-03-21,LONG,0.6658,0.09394,0.09664,2,True,2.8742,0.2845,.60-.70,
GRT/USDT,2025-03-22,LONG,0.8053,0.0955,0.09664,1,True,1.1937,0.3006,>.80,
GRT/USDT,2025-03-26,LONG,0.6579,0.10401,0.08787,5,False,-15.5177,0.1191,.60-.70,
GRT/USDT,2025-03-27,LONG,0.7257,0.10438,0.08982,5,False,-13.949,0.0795,.70-.80,
GRT/USDT,2025-03-28,LONG,0.6734,0.09494,0.08274,5,False,-12.8502,1.8396,.60-.70,1.5-2x
GRT/USDT,2025-03-29,LONG,0.5819,0.0886,0.08274,4,True,-6.614,1.4601,.55-.60,1-1.5x
GRT/USDT,2025-03-30,LONG,0.704,0.08914,0.08274,3,True,-7.1797,0.1432,.70-.80,
GRT/USDT,2025-03-31,LONG,0.7554,0.08787,0.08274,2,True,-5.8382,0.3587,.70-.80,
GRT/USDT,2025-04-03,LONG,0.6353,0.0831,0.08185,2,True,-1.5042,0.1075,.60-.70,
THETA/USDT,2024-08-28,LONG,0.6011,1.2437,1.2196,2,True,-1.9378,0.1679,.60-.70,
THETA/USDT,2024-08-29,LONG,0.6102,1.2256,1.2196,1,True,-0.4896,0.3693,.60-.70,
THETA/USDT,2024-09-04,LONG,0.5595,1.1484,1.0931,2,True,-4.8154,0.4355,.55-.60,
THETA/USDT,2024-09-07,LONG,0.6571,1.1236,1.1994,5,False,6.7462,0.7512,.60-.70,
THETA/USDT,2024-09-08,LONG,0.6091,1.1593,1.2941,5,False,11.6277,0.8562,.60-.70,
THETA/USDT,2024-09-10,LONG,0.5728,1.2084,1.2941,3,True,7.092,0.431,.55-.60,
THETA/USDT,2024-09-14,LONG,0.5789,1.295,1.2993,3,True,0.332,0.0211,.55-.60,
THETA/USDT,2024-09-15,LONG,0.5778,1.2963,1.2993,2,True,0.2314,0.0312,.55-.60,
THETA/USDT,2024-09-16,LONG,0.7448,1.3117,1.2993,1,True,-0.9453,0.401,.70-.80,
THETA/USDT,2024-09-21,LONG,0.8103,1.4387,1.4037,3,True,-2.4328,0.4357,>.80,
THETA/USDT,2024-09-23,LONG,0.6379,1.3859,1.4037,1,True,1.2844,0.2653,.60-.70,
THETA/USDT,2024-09-26,LONG,0.7027,1.5204,1.5183,1,True,-0.1381,3.0021,.70-.80,3-5x
THETA/USDT,2024-10-03,LONG,0.7013,1.2317,1.3368,3,True,8.5329,0.0459,.70-.80,
THETA/USDT,2024-10-04,LONG,0.8441,1.281,1.3368,2,True,4.356,0.998,>.80,
THETA/USDT,2024-10-05,LONG,0.7086,1.2822,1.3368,1,True,4.2583,0.0234,.70-.80,
THETA/USDT,2024-10-13,LONG,0.5803,1.284,1.3325,2,True,3.7773,0.2198,.55-.60,
THETA/USDT,2024-10-14,LONG,0.8669,1.3532,1.3325,1,True,-1.5297,1.2186,>.80,1-1.5x
THETA/USDT,2024-10-16,LONG,0.6293,1.3035,1.3249,5,False,1.6417,0.5749,.60-.70,
THETA/USDT,2024-10-17,LONG,0.5936,1.2462,1.2955,5,False,3.956,1.1355,.55-.60,1-1.5x
THETA/USDT,2024-10-19,LONG,0.6005,1.2984,1.2955,3,True,-0.2234,0.0214,.60-.70,
THETA/USDT,2024-10-20,LONG,0.889,1.3686,1.2955,2,True,-5.3412,1.349,>.80,1-1.5x
THETA/USDT,2024-10-21,LONG,0.91,1.3249,1.2955,1,True,-2.219,0.8496,>.80,
THETA/USDT,2024-10-25,LONG,0.5882,1.1379,1.1489,1,True,0.9667,2.3089,.55-.60,2-3x
THETA/USDT,2024-10-29,LONG,0.725,1.2213,1.1281,2,True,-7.6312,0.6807,.70-.80,
THETA/USDT,2024-10-30,LONG,0.7111,1.1917,1.1281,1,True,-5.3369,0.6117,.70-.80,
THETA/USDT,2024-11-02,LONG,0.6195,1.0996,1.2117,5,False,10.1946,0.3619,.60-.70,
THETA/USDT,2024-11-03,LONG,0.7496,1.0516,1.2249,5,False,16.4797,1.2341,.70-.80,1-1.5x
THETA/USDT,2024-11-04,LONG,0.5508,1.0207,1.2249,4,True,20.0059,0.8258,.55-.60,
THETA/USDT,2024-11-05,LONG,0.6516,1.0914,1.2249,3,True,12.232,1.7355,.60-.70,1.5-2x
THETA/USDT,2024-11-06,LONG,0.6947,1.2131,1.2249,2,True,0.9727,2.3697,.60-.70,2-3x
THETA/USDT,2024-11-07,LONG,0.7021,1.2117,1.2249,1,True,1.0894,0.0251,.70-.80,
THETA/USDT,2024-11-09,LONG,0.7766,1.3083,1.3882,1,True,6.1072,1.4474,.70-.80,1-1.5x
THETA/USDT,2024-11-12,LONG,0.8744,1.4448,1.3684,3,True,-5.2879,1.2442,>.80,1-1.5x
THETA/USDT,2024-11-13,LONG,0.6761,1.4047,1.3684,2,True,-2.5842,0.4868,.60-.70,
THETA/USDT,2024-11-14,LONG,0.9511,1.296,1.3684,1,True,5.5864,1.3964,>.80,1-1.5x
THETA/USDT,2024-11-18,LONG,0.8853,1.7155,1.6391,2,True,-4.4535,2.5647,>.80,2-3x
THETA/USDT,2024-11-19,LONG,0.9848,1.7144,1.6391,1,True,-4.3922,0.0085,>.80,
THETA/USDT,2024-11-24,LONG,0.8176,1.961,2.034,2,True,3.7226,0.5696,>.80,
THETA/USDT,2024-11-25,LONG,0.9497,1.8622,2.034,1,True,9.2256,0.6875,>.80,
THETA/USDT,2024-11-29,LONG,0.8098,2.3978,2.8799,2,True,20.1059,1.7325,>.80,1.5-2x
THETA/USDT,2024-11-30,LONG,0.9004,3.0664,2.8799,1,True,-6.0821,3.0055,>.80,3-5x
THETA/USDT,2024-12-03,LONG,0.9694,2.9749,2.9672,1,True,-0.2588,0.5302,>.80,
THETA/USDT,2024-12-12,LONG,0.5984,2.6694,2.7436,1,True,2.7797,0.3758,.55-.60,
THETA/USDT,2024-12-15,LONG,0.5764,2.7455,2.7191,1,True,-0.9616,0.5635,.55-.60,
THETA/USDT,2024-12-17,LONG,0.682,2.7018,2.3256,1,True,-13.9241,0.0718,.60-.70,
THETA/USDT,2024-12-20,LONG,0.6136,2.1141,2.1539,1,True,1.8826,0.6326,.60-.70,
THETA/USDT,2024-12-23,LONG,0.7083,2.3228,2.3696,1,True,2.0148,1.1775,.70-.80,1-1.5x
THETA/USDT,2024-12-25,LONG,0.651,2.3667,2.1452,1,True,-9.359,0.0171,.60-.70,
THETA/USDT,2024-12-29,LONG,0.5886,2.3022,2.2253,2,True,-3.3403,0.5836,.55-.60,
THETA/USDT,2024-12-30,LONG,0.589,2.3299,2.2253,1,True,-4.4895,0.1834,.55-.60,
THETA/USDT,2025-01-01,LONG,0.6936,2.3551,2.5655,5,False,8.9338,0.9112,.60-.70,
THETA/USDT,2025-01-03,LONG,0.6977,2.5052,2.2839,4,True,-8.8336,0.6059,.60-.70,
THETA/USDT,2025-01-04,LONG,0.7633,2.466,2.2839,3,True,-7.3844,0.2495,.70-.80,
THETA/USDT,2025-01-06,LONG,0.6442,2.5655,2.2839,1,True,-10.9764,0.7213,.60-.70,
THETA/USDT,2025-01-10,LONG,0.6348,2.1725,2.3902,5,False,10.0207,0.5039,.60-.70,
THETA/USDT,2025-01-13,LONG,0.5966,2.0613,2.2918,5,False,11.1823,0.4619,.55-.60,
THETA/USDT,2025-01-15,LONG,0.7427,2.3902,2.0019,4,True,-16.2455,1.9592,.70-.80,1.5-2x
THETA/USDT,2025-01-18,LONG,0.7771,2.2918,2.0019,1,True,-12.6494,1.7128,.70-.80,1.5-2x
THETA/USDT,2025-01-21,LONG,0.7293,2.1153,1.9782,3,True,-6.4814,0.8949,.70-.80,
THETA/USDT,2025-01-22,LONG,0.6925,2.0465,1.9782,2,True,-3.3374,0.5628,.60-.70,
THETA/USDT,2025-01-23,LONG,0.6774,2.0357,1.9782,1,True,-2.8246,0.0929,.60-.70,
THETA/USDT,2025-01-26,LONG,0.6187,1.9416,1.9033,1,True,-1.9726,0.5231,.60-.70,
THETA/USDT,2025-01-28,LONG,0.6331,1.8001,1.8921,1,True,5.1108,1.0681,.60-.70,1-1.5x
THETA/USDT,2025-01-31,LONG,0.5905,1.9303,1.7698,1,True,-8.3148,0.2154,.55-.60,
THETA/USDT,2025-02-02,LONG,0.5907,1.5456,1.5669,1,True,1.3781,2.0623,.55-.60,2-3x
THETA/USDT,2025-02-04,LONG,0.7583,1.4389,1.3665,1,True,-5.0316,1.4866,.70-.80,1-1.5x
THETA/USDT,2025-02-10,LONG,0.6019,1.3771,1.3629,1,True,-1.0312,1.5634,.60-.70,1.5-2x
THETA/USDT,2025-02-13,LONG,0.7562,1.3767,1.3599,2,True,-1.2203,0.8423,.70-.80,
THETA/USDT,2025-02-14,LONG,0.6932,1.4202,1.3599,1,True,-4.2459,0.6128,.60-.70,
THETA/USDT,2025-02-17,LONG,0.6028,1.3249,1.3192,4,True,-0.4302,0.2077,.60-.70,
THETA/USDT,2025-02-18,LONG,0.6988,1.2571,1.3192,3,True,4.9399,1.0384,.60-.70,1-1.5x
THETA/USDT,2025-02-20,LONG,0.5922,1.3421,1.3192,1,True,-1.7063,1.0482,.55-.60,1-1.5x
THETA/USDT,2025-02-25,LONG,0.5643,1.17,1.1821,1,True,1.0342,0.5628,.55-.60,
THETA/USDT,2025-02-28,LONG,0.5586,1.1668,1.086,3,True,-6.9249,0.1466,.55-.60,
THETA/USDT,2025-03-11,LONG,0.7099,0.8583,0.8674,2,True,1.0602,0.8286,.70-.80,
THETA/USDT,2025-03-12,LONG,0.665,0.9002,0.8674,1,True,-3.6436,0.7339,.60-.70,
THETA/USDT,2025-03-14,LONG,0.7453,0.8909,0.8606,2,True,-3.4011,0.4063,.70-.80,
THETA/USDT,2025-03-15,LONG,0.6733,0.9093,0.8606,1,True,-5.3558,0.3073,.60-.70,
THETA/USDT,2025-03-17,LONG,0.6353,0.9108,0.9633,2,True,5.7642,0.9211,.60-.70,
THETA/USDT,2025-03-18,LONG,0.62,0.9177,0.9633,1,True,4.9689,0.1197,.60-.70,
THETA/USDT,2025-03-21,LONG,0.6585,0.9181,0.9792,3,True,6.655,0.5067,.60-.70,
THETA/USDT,2025-03-22,LONG,0.7482,0.9283,0.9792,2,True,5.4831,0.1869,.70-.80,
THETA/USDT,2025-03-27,LONG,0.7124,0.9813,0.8293,2,True,-15.4897,0.5826,.70-.80,
THETA/USDT,2025-03-28,LONG,0.7402,0.8915,0.8293,1,True,-6.977,1.7452,.70-.80,1.5-2x
THETA/USDT,2025-03-30,LONG,0.622,0.8152,0.7733,3,True,-5.1398,0.3837,.60-.70,
THETA/USDT,2025-03-31,LONG,0.7232,0.805,0.7733,2,True,-3.9379,0.2944,.70-.80,
THETA/USDT,2025-04-01,LONG,0.6386,0.8345,0.7733,1,True,-7.3337,0.8764,.60-.70,
THETA/USDT,2025-04-06,LONG,0.6453,0.7001,0.7685,3,True,9.77,2.2691,.60-.70,2-3x
LDO/USDT,2024-08-31,LONG,0.5904,1.057,1.003,1,True,-5.1088,0.2323,.55-.60,
LDO/USDT,2024-09-04,LONG,0.6431,1.015,0.965,1,True,-4.9261,0.518,.60-.70,
LDO/USDT,2024-09-07,LONG,0.7373,0.914,0.944,1,True,3.2823,0.0399,.70-.80,
LDO/USDT,2024-09-09,LONG,0.7124,1.006,1.029,5,False,2.2863,1.1501,.70-.80,1-1.5x
LDO/USDT,2024-09-10,LONG,0.7169,1.024,0.995,5,False,-2.832,0.313,.70-.80,
LDO/USDT,2024-09-11,LONG,0.6587,1.011,0.974,5,False,-3.6597,0.2223,.60-.70,
LDO/USDT,2024-09-12,LONG,0.6487,1.037,0.974,4,True,-6.0752,0.5823,.60-.70,
LDO/USDT,2024-09-13,LONG,0.5929,1.062,0.974,3,True,-8.2863,0.5383,.55-.60,
LDO/USDT,2024-09-14,LONG,0.5563,1.029,0.974,2,True,-5.345,0.6993,.55-.60,
LDO/USDT,2024-09-15,LONG,0.6519,0.995,0.974,1,True,-2.1106,0.7545,.60-.70,
LDO/USDT,2024-09-17,LONG,0.6058,0.99,1.115,3,True,12.6263,0.4178,.60-.70,
LDO/USDT,2024-09-18,LONG,0.7897,1.033,1.115,2,True,7.938,1.0732,.70-.80,1-1.5x
LDO/USDT,2024-09-21,LONG,0.7208,1.1481,1.2578,3,True,9.5549,0.7197,.70-.80,
LDO/USDT,2024-09-26,LONG,0.8365,1.2515,1.3335,2,True,6.5521,0.5024,>.80,
LDO/USDT,2024-09-27,LONG,0.7774,1.3545,1.3335,1,True,-1.5504,2.1824,.70-.80,2-3x
LDO/USDT,2024-09-30,LONG,0.5514,1.2802,1.1319,1,True,-11.5841,0.8868,.55-.60,
LDO/USDT,2024-10-03,LONG,0.7863,1.0189,1.0517,2,True,3.2192,0.3535,.70-.80,
LDO/USDT,2024-10-04,LONG,0.9051,1.0564,1.0517,1,True,-0.4449,0.7125,>.80,
LDO/USDT,2024-10-10,LONG,0.8023,1.0354,1.0771,2,True,4.0274,0.1175,>.80,
LDO/USDT,2024-10-11,LONG,0.5796,1.0737,1.0771,1,True,0.3167,0.754,.55-.60,
LDO/USDT,2024-10-13,LONG,0.6186,1.0486,1.1308,5,False,7.839,0.6072,.60-.70,
LDO/USDT,2024-10-17,LONG,0.818,1.0874,1.1566,4,True,6.3638,0.5549,>.80,
LDO/USDT,2024-10-18,LONG,0.6237,1.1308,1.1566,3,True,2.2816,0.7851,.60-.70,
LDO/USDT,2024-10-19,LONG,0.5632,1.1381,1.1566,2,True,1.6255,0.1268,.55-.60,
LDO/USDT,2024-10-20,LONG,0.8215,1.2145,1.1566,1,True,-4.7674,1.2664,>.80,1-1.5x
LDO/USDT,2024-10-29,LONG,0.6494,1.0871,0.9594,5,False,-11.7468,0.9051,.60-.70,
LDO/USDT,2024-10-31,LONG,0.9071,1.0408,0.9707,5,False,-6.7352,1.5011,>.80,1.5-2x
LDO/USDT,2024-11-01,LONG,0.5818,1.0319,0.9707,4,True,-5.9308,0.169,.55-.60,
LDO/USDT,2024-11-03,LONG,0.8754,0.9594,0.9707,2,True,1.1778,0.9422,>.80,
LDO/USDT,2024-11-04,LONG,0.5863,0.9383,0.9707,1,True,3.4531,0.5542,.55-.60,
LDO/USDT,2024-11-08,LONG,0.5784,1.2769,1.2891,2,True,0.9554,0.0346,.55-.60,
LDO/USDT,2024-11-09,LONG,0.9834,1.2964,1.2891,1,True,-0.5631,0.1592,>.80,
LDO/USDT,2024-11-14,LONG,0.8624,1.1192,1.1735,1,True,4.8517,0.3925,>.80,
LDO/USDT,2024-11-16,LONG,0.7891,1.2185,1.1572,1,True,-5.0308,0.4007,.70-.80,
LDO/USDT,2024-11-18,LONG,0.6092,1.2634,1.184,1,True,-6.2846,0.9346,.60-.70,
LDO/USDT,2024-11-22,LONG,0.9082,1.2574,1.4561,2,True,15.8024,0.3326,>.80,
LDO/USDT,2024-11-23,LONG,0.7484,1.3513,1.4561,1,True,7.7555,0.7464,.70-.80,
LDO/USDT,2024-11-25,LONG,0.8944,1.6495,1.7459,4,True,5.8442,1.2888,>.80,1-1.5x
LDO/USDT,2024-11-26,LONG,0.7952,1.6109,1.7459,3,True,8.3804,0.3814,.70-.80,
LDO/USDT,2024-11-27,LONG,0.6365,1.7937,1.7459,2,True,-2.6649,1.7772,.60-.70,1.5-2x
LDO/USDT,2024-11-28,LONG,0.7483,1.7101,1.7459,1,True,2.0934,0.7131,.70-.80,
LDO/USDT,2024-11-30,LONG,0.7455,1.8258,1.823,1,True,-0.1534,0.6993,.70-.80,
LDO/USDT,2024-12-04,LONG,0.8804,2.0912,2.257,2,True,7.9285,0.6607,>.80,
LDO/USDT,2024-12-05,LONG,0.953,2.05,2.257,1,True,10.0976,0.328,>.80,
LDO/USDT,2024-12-07,LONG,0.7465,2.1651,1.8405,3,True,-14.9924,0.6622,.70-.80,
LDO/USDT,2024-12-08,LONG,0.9347,2.1627,1.8405,2,True,-14.898,0.0184,>.80,
LDO/USDT,2024-12-12,LONG,0.7973,2.2515,2.2072,1,True,-1.9676,2.4293,.70-.80,2-3x
LDO/USDT,2024-12-17,LONG,0.5988,2.0933,1.873,1,True,-10.5241,0.8877,.55-.60,
LDO/USDT,2024-12-19,LONG,0.559,1.606,1.6776,2,True,4.4583,1.7501,.55-.60,1.5-2x
LDO/USDT,2024-12-20,LONG,0.9265,1.7315,1.6776,1,True,-3.1129,0.9444,>.80,
LDO/USDT,2024-12-23,LONG,0.9587,1.8018,1.9214,2,True,6.6378,0.592,>.80,
LDO/USDT,2024-12-24,LONG,0.6443,1.9578,1.9214,1,True,-1.8592,1.0356,.60-.70,1-1.5x
LDO/USDT,2024-12-26,LONG,0.586,1.7743,1.8996,1,True,7.0619,0.9368,.55-.60,
LDO/USDT,2024-12-29,LONG,0.7049,1.7827,1.7458,2,True,-2.0699,0.7689,.70-.80,
LDO/USDT,2024-12-30,LONG,0.5612,1.8776,1.7458,1,True,-7.0196,0.687,.55-.60,
LDO/USDT,2025-01-03,LONG,0.7184,2.0104,1.767,4,True,-12.107,0.9639,.70-.80,
LDO/USDT,2025-01-06,LONG,0.7485,2.018,1.767,1,True,-12.4381,0.5175,.70-.80,
LDO/USDT,2025-01-09,LONG,0.6292,1.589,1.6252,1,True,2.2782,0.6441,.60-.70,
LDO/USDT,2025-01-11,LONG,0.5812,1.5938,1.845,3,True,15.7611,0.3335,.55-.60,
LDO/USDT,2025-01-15,LONG,0.6039,2.0805,1.9645,1,True,-5.5756,1.9356,.60-.70,1.5-2x
LDO/USDT,2025-01-17,LONG,0.6774,1.9939,1.6217,2,True,-18.6669,0.227,.60-.70,
LDO/USDT,2025-01-18,LONG,0.7702,1.7707,1.6217,1,True,-8.4148,1.609,.70-.80,1.5-2x
LDO/USDT,2025-01-20,LONG,0.7065,1.821,1.9025,1,True,4.4756,1.6453,.70-.80,1.5-2x
LDO/USDT,2025-01-23,LONG,0.6752,1.8217,1.9942,2,True,9.4692,0.254,.60-.70,
LDO/USDT,2025-01-24,LONG,0.6149,2.0019,1.9942,1,True,-0.3846,1.2943,.60-.70,1-1.5x
LDO/USDT,2025-01-27,LONG,0.6722,1.9155,1.8976,2,True,-0.9345,1.1178,.60-.70,1-1.5x
LDO/USDT,2025-01-28,LONG,0.7601,1.7784,1.8976,1,True,6.7027,0.9715,.70-.80,
LDO/USDT,2025-01-31,LONG,0.8012,2.3033,2.0376,1,True,-11.5356,1.2438,>.80,1-1.5x
LDO/USDT,2025-02-03,LONG,0.5942,1.8585,1.7081,1,True,-8.0925,0.3006,.55-.60,
LDO/USDT,2025-02-06,LONG,0.974,1.672,1.5274,2,True,-8.6483,0.1509,>.80,
LDO/USDT,2025-02-11,LONG,0.7061,1.5873,1.8115,4,True,14.1246,0.0472,.70-.80,
LDO/USDT,2025-02-12,LONG,0.5616,1.7444,1.8115,3,True,3.8466,1.4232,.55-.60,1-1.5x
LDO/USDT,2025-02-13,LONG,0.8609,1.6845,1.8115,2,True,7.5393,0.5213,>.80,
LDO/USDT,2025-02-14,LONG,0.7643,1.8587,1.8115,1,True,-2.5394,1.4707,.70-.80,1-1.5x
LDO/USDT,2025-02-16,LONG,0.7248,1.7849,1.8671,1,True,4.6053,0.2184,.70-.80,
LDO/USDT,2025-02-18,LONG,0.6183,1.7494,1.7191,1,True,-1.732,0.9575,.60-.70,
LDO/USDT,2025-02-20,LONG,0.7159,1.7797,1.6066,1,True,-9.7264,0.6237,.70-.80,
LDO/USDT,2025-02-23,LONG,0.6859,1.6985,1.413,1,True,-16.8089,0.1059,.60-.70,
LDO/USDT,2025-02-28,LONG,0.6939,1.2701,1.2491,1,True,-1.6534,0.9327,.60-.70,
LDO/USDT,2025-03-06,LONG,0.7279,1.1482,1.0687,1,True,-6.9239,0.329,.70-.80,
LDO/USDT,2025-03-10,LONG,0.6956,0.8939,0.9206,2,True,2.9869,1.2964,.60-.70,1-1.5x
LDO/USDT,2025-03-11,LONG,0.6345,0.9243,0.9206,1,True,-0.4003,0.4434,.60-.70,
LDO/USDT,2025-03-14,LONG,0.6103,0.9517,0.9232,2,True,-2.9946,0.761,.60-.70,
LDO/USDT,2025-03-15,LONG,0.6026,0.9627,0.9232,1,True,-4.103,0.1557,.60-.70,
LDO/USDT,2025-03-19,LONG,0.6391,1.0384,1.0201,1,True,-1.7623,1.3047,.60-.70,1-1.5x
LDO/USDT,2025-03-24,LONG,0.6032,1.0739,0.8734,5,False,-18.6703,0.6467,.60-.70,
LDO/USDT,2025-03-25,LONG,0.5637,1.06,0.8577,5,False,-19.0849,0.2784,.55-.60,
LDO/USDT,2025-03-26,LONG,0.5515,1.0229,0.8735,5,False,-14.6055,0.748,.55-.60,
LDO/USDT,2025-03-27,LONG,0.6527,1.0148,0.8735,4,True,-13.9239,0.1788,.60-.70,
LDO/USDT,2025-03-30,LONG,0.6341,0.8577,0.8735,1,True,1.8421,0.4291,.60-.70,
LDO/USDT,2025-04-02,LONG,0.6005,0.8108,0.8324,1,True,2.664,2.0902,.60-.70,2-3x
TIA/USDT,2024-08-28,LONG,0.5814,4.772,4.473,5,False,-6.2657,0.7335,.55-.60,
TIA/USDT,2024-08-29,LONG,0.6443,4.606,4.055,5,False,-11.9627,0.5162,.60-.70,
TIA/USDT,2024-08-30,LONG,0.6705,4.514,4.055,4,True,-10.1684,0.3023,.60-.70,
TIA/USDT,2024-09-02,LONG,0.5956,4.473,4.055,1,True,-9.345,1.128,.55-.60,1-1.5x
TIA/USDT,2024-09-07,LONG,0.5746,3.949,4.059,1,True,2.7855,0.1932,.55-.60,
TIA/USDT,2024-09-10,LONG,0.5554,4.234,4.659,4,True,10.0378,0.1044,.55-.60,
TIA/USDT,2024-09-11,LONG,0.5709,4.114,4.659,3,True,13.2474,0.5518,.55-.60,
TIA/USDT,2024-09-15,LONG,0.6064,4.799,5.4,3,True,12.5234,0.6785,.60-.70,
TIA/USDT,2024-09-16,LONG,0.7579,4.533,5.4,2,True,19.1264,1.2877,.70-.80,1-1.5x
TIA/USDT,2024-09-17,LONG,0.6041,5.225,5.4,1,True,3.3493,2.8185,.60-.70,2-3x
TIA/USDT,2024-09-20,LONG,0.9068,6.008,6.648,3,True,10.6525,0.1749,>.80,
TIA/USDT,2024-09-21,LONG,0.8777,6.013,6.648,2,True,10.5605,0.0153,>.80,
TIA/USDT,2024-09-22,LONG,0.8273,5.356,6.648,1,True,24.1225,1.8045,>.80,1.5-2x
TIA/USDT,2024-09-26,LONG,0.973,6.271,6.39,1,True,1.8976,0.2518,>.80,
TIA/USDT,2024-10-10,LONG,0.9025,5.02,5.518,2,True,9.9203,0.5569,>.80,
TIA/USDT,2024-10-11,LONG,0.7071,5.375,5.518,1,True,2.6605,0.9023,.70-.80,
TIA/USDT,2024-10-14,LONG,0.6246,6.283,6.015,4,True,-4.2655,0.1108,.60-.70,
TIA/USDT,2024-10-15,LONG,0.7096,6.07,6.015,3,True,-0.9061,0.5888,.70-.80,
TIA/USDT,2024-10-16,LONG,0.815,5.876,6.015,2,True,2.3656,0.5524,>.80,
TIA/USDT,2024-10-22,LONG,0.7134,5.791,6.137,2,True,5.9748,0.5544,.70-.80,
TIA/USDT,2024-10-28,LONG,0.8454,5.09,4.68,5,False,-8.055,0.1514,>.80,
TIA/USDT,2024-10-29,LONG,0.5757,5.277,4.68,4,True,-11.3132,0.6517,.55-.60,
TIA/USDT,2024-10-30,LONG,0.5658,4.764,4.68,3,True,-1.7632,1.6161,.55-.60,1.5-2x
TIA/USDT,2024-11-01,LONG,0.7251,4.548,4.68,1,True,2.9024,1.1162,.70-.80,1-1.5x
TIA/USDT,2024-11-04,LONG,0.7173,4.219,5.114,2,True,21.2136,1.4326,.70-.80,1-1.5x
TIA/USDT,2024-11-05,LONG,0.8596,4.228,5.114,1,True,20.9555,0.0412,>.80,
TIA/USDT,2024-11-08,LONG,0.8498,5.408,5.53,1,True,2.2559,0.7639,>.80,
TIA/USDT,2024-11-10,LONG,0.6484,5.582,5.476,2,True,-1.899,0.1336,.60-.70,
TIA/USDT,2024-11-11,LONG,0.6989,5.801,5.476,1,True,-5.6025,0.5555,.60-.70,
TIA/USDT,2024-11-13,LONG,0.8198,5.035,4.936,2,True,-1.9662,1.1009,>.80,1-1.5x
TIA/USDT,2024-11-14,LONG,0.817,4.733,4.936,1,True,4.289,0.8834,>.80,
TIA/USDT,2024-11-18,LONG,0.677,5.56,5.163,1,True,-7.1403,1.4704,.60-.70,1-1.5x
TIA/USDT,2024-11-21,LONG,0.5938,5.418,8.217,5,False,51.6611,1.3279,.55-.60,1-1.5x
TIA/USDT,2024-11-22,LONG,0.8063,5.707,8.064,5,False,41.3002,0.7236,>.80,
TIA/USDT,2024-11-23,LONG,0.8779,7.128,8.231,5,False,15.4742,2.7664,>.80,2-3x
TIA/USDT,2024-11-25,LONG,0.9171,7.76,8.231,3,True,6.0696,0.2669,>.80,
TIA/USDT,2024-11-26,LONG,0.9285,8.217,8.231,2,True,0.1704,0.7375,>.80,
TIA/USDT,2024-11-27,LONG,0.7837,8.064,8.231,1,True,2.0709,0.2318,.70-.80,
TIA/USDT,2024-12-04,LONG,0.5671,8.324,8.835,2,True,6.1389,0.3806,.55-.60,
TIA/USDT,2024-12-05,LONG,0.6407,8.241,8.835,1,True,7.2079,0.1315,.60-.70,
TIA/USDT,2024-12-08,LONG,0.6106,8.375,7.219,4,True,-13.803,0.1397,.60-.70,
TIA/USDT,2024-12-09,LONG,0.5928,6.665,7.219,3,True,8.3121,2.3206,.55-.60,2-3x
TIA/USDT,2024-12-10,LONG,0.6615,6.645,7.219,2,True,8.6381,0.0345,.60-.70,
TIA/USDT,2024-12-15,LONG,0.6761,6.885,5.758,3,True,-16.3689,0.074,.60-.70,
TIA/USDT,2024-12-17,LONG,0.569,6.266,5.758,1,True,-8.1072,0.7893,.55-.60,
TIA/USDT,2024-12-20,LONG,0.784,5.246,4.939,1,True,-5.8521,0.4389,.70-.80,
TIA/USDT,2024-12-22,LONG,0.7922,4.924,5.33,1,True,8.2453,0.0463,.70-.80,
TIA/USDT,2024-12-24,LONG,0.5794,5.382,5.124,1,True,-4.7938,0.1456,.55-.60,
TIA/USDT,2024-12-26,LONG,0.5686,4.905,4.746,1,True,-3.2416,0.6712,.55-.60,
TIA/USDT,2024-12-28,LONG,0.578,4.925,4.621,3,True,-6.1726,0.5792,.55-.60,
TIA/USDT,2024-12-29,LONG,0.5771,4.755,4.621,2,True,-2.8181,0.6955,.55-.60,
TIA/USDT,2024-12-30,LONG,0.6088,4.767,4.621,1,True,-3.0627,0.0508,.60-.70,
TIA/USDT,2025-01-03,LONG,0.6751,5.499,5.563,1,True,1.1638,1.6108,.60-.70,1.5-2x
TIA/USDT,2025-01-06,LONG,0.6769,5.526,4.532,3,True,-17.9877,0.0904,.60-.70,
TIA/USDT,2025-01-07,LONG,0.6345,4.879,4.532,2,True,-7.1121,2.1242,.60-.70,2-3x
TIA/USDT,2025-01-08,LONG,0.5862,4.512,4.532,1,True,0.4433,1.4551,.55-.60,1-1.5x
TIA/USDT,2025-01-10,LONG,0.8273,4.832,4.927,1,True,1.9661,1.2727,>.80,1-1.5x
TIA/USDT,2025-01-13,LONG,0.7533,4.613,4.854,5,False,5.2244,1.2734,.70-.80,1-1.5x
TIA/USDT,2025-01-14,LONG,0.6434,4.766,4.854,4,True,1.8464,0.6621,.60-.70,
TIA/USDT,2025-01-15,LONG,0.6457,5.242,4.854,3,True,-7.4018,1.848,.60-.70,1.5-2x
TIA/USDT,2025-01-16,LONG,0.5918,5.01,4.854,2,True,-3.1138,0.8116,.55-.60,
TIA/USDT,2025-01-17,LONG,0.5534,5.368,4.854,1,True,-9.5753,1.2731,.55-.60,1-1.5x
TIA/USDT,2025-01-20,LONG,0.7179,4.6,4.887,1,True,6.2391,0.1885,.70-.80,
TIA/USDT,2025-01-23,LONG,0.7976,4.631,4.544,1,True,-1.8786,0.1938,.70-.80,
TIA/USDT,2025-01-26,LONG,0.727,4.345,4.049,1,True,-6.8124,0.7587,.70-.80,
TIA/USDT,2025-01-28,LONG,0.6106,3.812,3.92,1,True,2.8332,1.1067,.60-.70,1-1.5x
TIA/USDT,2025-01-30,LONG,0.5645,4.246,3.924,2,True,-7.5836,1.5189,.55-.60,1.5-2x
TIA/USDT,2025-01-31,LONG,0.612,4.338,3.924,1,True,-9.5436,0.3954,.60-.70,
TIA/USDT,2025-02-03,LONG,0.9531,3.498,3.026,2,True,-13.4934,0.8914,>.80,
TIA/USDT,2025-02-04,LONG,0.5794,3.25,3.026,1,True,-6.8923,1.1201,.55-.60,1-1.5x
TIA/USDT,2025-02-06,LONG,0.9967,2.918,3.033,2,True,3.9411,0.5944,>.80,
TIA/USDT,2025-02-07,LONG,0.5511,2.82,3.033,1,True,7.5532,0.5797,.55-.60,
TIA/USDT,2025-02-11,LONG,0.7365,3.223,3.18,3,True,-1.3342,0.0455,.70-.80,
TIA/USDT,2025-02-12,LONG,0.5594,3.221,3.18,2,True,-1.2729,0.0101,.55-.60,
TIA/USDT,2025-02-13,LONG,0.6473,3.044,3.18,1,True,4.4678,0.8872,.60-.70,
TIA/USDT,2025-02-16,LONG,0.6011,3.03,3.127,1,True,3.2013,0.1945,.60-.70,
TIA/USDT,2025-02-23,LONG,0.8391,3.708,3.243,1,True,-12.5405,0.2214,>.80,
TIA/USDT,2025-02-26,LONG,0.731,3.829,3.64,1,True,-4.936,0.8026,.70-.80,
TIA/USDT,2025-03-03,LONG,0.8234,3.419,3.169,3,True,-7.3121,2.1973,>.80,2-3x
TIA/USDT,2025-03-04,LONG,0.5662,3.415,3.169,2,True,-7.2035,0.0146,.55-.60,
TIA/USDT,2025-03-05,LONG,0.6237,3.377,3.169,1,True,-6.1593,0.1405,.60-.70,
TIA/USDT,2025-03-07,LONG,0.6147,3.16,2.8,3,True,-11.3924,0.0356,.60-.70,
TIA/USDT,2025-03-08,LONG,0.5512,3.295,2.8,2,True,-15.0228,0.5339,.55-.60,
TIA/USDT,2025-03-09,LONG,0.6069,3.032,2.8,1,True,-7.6517,0.9725,.60-.70,
TIA/USDT,2025-03-12,LONG,0.8212,3.675,3.387,4,True,-7.8367,1.6616,>.80,1.5-2x
TIA/USDT,2025-03-13,LONG,0.7663,3.631,3.387,3,True,-6.7199,0.1371,.70-.80,
TIA/USDT,2025-03-14,LONG,0.7478,3.53,3.387,2,True,-4.051,0.3198,.70-.80,
TIA/USDT,2025-03-15,LONG,0.8936,3.62,3.387,1,True,-6.4365,0.2927,>.80,
TIA/USDT,2025-03-17,LONG,0.7003,3.389,3.38,5,False,-0.2656,0.0075,.70-.80,
TIA/USDT,2025-03-18,LONG,0.6262,3.227,3.545,5,False,9.8544,0.6101,.60-.70,
TIA/USDT,2025-03-19,LONG,0.6314,3.419,3.648,5,False,6.6979,0.7539,.60-.70,
TIA/USDT,2025-03-22,LONG,0.6329,3.38,3.704,5,False,9.5858,0.3499,.60-.70,
TIA/USDT,2025-03-25,LONG,0.5559,3.683,3.244,5,False,-11.9196,0.152,.55-.60,
TIA/USDT,2025-03-26,LONG,0.5565,3.584,3.064,5,False,-14.5089,0.4362,.55-.60,
TIA/USDT,2025-03-27,LONG,0.5552,3.704,3.149,5,False,-14.9838,0.5416,.55-.60,
TIA/USDT,2025-04-04,LONG,0.5617,2.732,2.701,1,True,-1.1347,0.8677,.55-.60,
SUI/USDT,2024-08-29,LONG,0.8142,0.8033,0.8317,1,True,3.5354,0.1049,>.80,
SUI/USDT,2024-09-03,LONG,0.5587,0.7855,0.8095,1,True,3.0554,0.0296,.55-.60,
SUI/USDT,2024-09-05,LONG,0.601,0.7974,0.8379,1,True,5.079,0.2459,.60-.70,
SUI/USDT,2024-09-07,LONG,0.6787,0.8912,0.9394,1,True,5.4084,1.0072,.60-.70,1-1.5x
SUI/USDT,2024-09-10,LONG,0.6461,0.9181,1.0274,3,True,11.905,0.6877,.60-.70,
SUI/USDT,2024-09-16,LONG,0.8159,1.042,1.4694,4,True,41.0173,0.794,>.80,
SUI/USDT,2024-09-17,LONG,0.7878,1.1691,1.4694,3,True,25.6864,2.5632,.70-.80,2-3x
SUI/USDT,2024-09-18,LONG,0.9298,1.315,1.4694,2,True,11.7414,2.3751,>.80,2-3x
SUI/USDT,2024-09-19,LONG,0.8692,1.3797,1.4694,1,True,6.5014,0.9325,>.80,
SUI/USDT,2024-09-21,LONG,0.9327,1.4817,1.6984,4,True,14.6251,0.1751,>.80,
SUI/USDT,2024-09-22,LONG,0.6885,1.5842,1.6984,3,True,7.2087,1.4285,.60-.70,1-1.5x
SUI/USDT,2024-09-24,LONG,0.8668,1.7415,1.6984,1,True,-2.4749,2.458,>.80,2-3x
SUI/USDT,2024-09-26,LONG,0.6604,1.6409,1.6882,2,True,2.8826,0.5877,.60-.70,
SUI/USDT,2024-09-27,LONG,0.8483,1.6574,1.6882,1,True,1.8583,0.1749,>.80,
SUI/USDT,2024-10-01,LONG,0.8102,1.7587,1.7729,3,True,0.8074,0.1611,>.80,
SUI/USDT,2024-10-02,LONG,0.6078,1.8559,1.7729,2,True,-4.4722,1.056,.60-.70,1-1.5x
SUI/USDT,2024-10-03,LONG,0.832,1.6632,1.7729,1,True,6.5957,1.7367,>.80,1.5-2x
SUI/USDT,2024-10-05,LONG,0.5625,1.7544,1.8403,1,True,4.8963,0.1711,.55-.60,
SUI/USDT,2024-10-10,LONG,0.6034,1.8347,2.2504,4,True,22.6577,0.3941,.60-.70,
SUI/USDT,2024-10-11,LONG,0.7725,2.0537,2.2504,3,True,9.5778,1.9737,.70-.80,1.5-2x
SUI/USDT,2024-10-12,LONG,0.7865,2.2422,2.2504,2,True,0.3657,1.4881,.70-.80,1-1.5x
SUI/USDT,2024-10-13,LONG,0.5948,2.3437,2.2504,1,True,-3.9809,0.7451,.55-.60,
SUI/USDT,2024-10-16,LONG,0.6956,2.0827,2.0247,1,True,-2.7848,0.1909,.60-.70,
SUI/USDT,2024-10-20,LONG,0.6701,2.1277,1.9395,2,True,-8.8452,0.5172,.60-.70,
SUI/USDT,2024-10-21,LONG,0.8099,2.0092,1.9395,1,True,-3.469,0.891,>.80,
SUI/USDT,2024-10-23,LONG,0.6121,1.9767,1.9369,1,True,-2.0135,0.3375,.60-.70,
SUI/USDT,2024-10-29,LONG,0.7076,2.0713,1.972,2,True,-4.7941,2.563,.70-.80,2-3x
SUI/USDT,2024-11-01,LONG,0.825,1.9891,1.9087,1,True,-4.042,0.1513,>.80,
SUI/USDT,2024-11-03,LONG,0.8254,1.9465,2.0091,2,True,3.216,0.3508,>.80,
SUI/USDT,2024-11-04,LONG,0.7313,1.8497,2.0091,1,True,8.6176,0.9146,.70-.80,
SUI/USDT,2024-11-07,LONG,0.5702,2.319,2.7466,2,True,18.439,0.0975,.55-.60,
SUI/USDT,2024-11-08,LONG,0.6504,2.2883,2.7466,1,True,20.028,0.2033,.60-.70,
SUI/USDT,2024-11-10,LONG,0.554,3.0336,3.2124,2,True,5.894,1.3295,.55-.60,1-1.5x
SUI/USDT,2024-11-11,LONG,0.7286,3.2735,3.2124,1,True,-1.8665,1.0103,.70-.80,1-1.5x
SUI/USDT,2024-11-13,LONG,0.6275,3.3036,3.7823,4,True,14.4903,0.3631,.60-.70,
SUI/USDT,2024-11-14,LONG,0.8229,3.3531,3.7823,3,True,12.8001,0.2066,>.80,
SUI/USDT,2024-11-16,LONG,0.6296,3.761,3.7823,1,True,0.5663,0.5826,.60-.70,
SUI/USDT,2024-11-18,LONG,0.6643,3.7001,3.7246,1,True,0.6621,0.3273,.60-.70,
SUI/USDT,2024-11-20,LONG,0.6338,3.5245,3.6241,1,True,2.8259,0.809,.60-.70,
SUI/USDT,2024-11-23,LONG,0.6072,3.437,3.3958,1,True,-1.1987,0.5383,.60-.70,
SUI/USDT,2024-11-26,LONG,0.6787,3.4936,3.4857,3,True,-0.2261,1.5125,.60-.70,1.5-2x
SUI/USDT,2024-11-27,LONG,0.5673,3.433,3.4857,2,True,1.5351,0.2743,.55-.60,
SUI/USDT,2024-11-28,LONG,0.5856,3.4436,3.4857,1,True,1.2226,0.0491,.55-.60,
SUI/USDT,2024-12-03,LONG,0.6221,3.6951,3.6734,1,True,-0.5873,2.1049,.60-.70,2-3x
SUI/USDT,2024-12-06,LONG,0.711,4.2161,4.3724,5,False,3.7072,0.0519,.70-.80,
SUI/USDT,2024-12-08,LONG,0.8152,4.2309,4.6204,4,True,9.2061,0.1291,>.80,
SUI/USDT,2024-12-09,LONG,0.7206,3.838,4.6204,3,True,20.3856,1.6721,.70-.80,1.5-2x
SUI/USDT,2024-12-10,LONG,0.6101,3.7124,4.6204,2,True,24.4586,0.5994,.60-.70,
SUI/USDT,2024-12-11,LONG,0.8389,4.3724,4.6204,1,True,5.6719,2.6557,>.80,2-3x
SUI/USDT,2024-12-15,LONG,0.5797,4.7844,4.6267,1,True,-3.2961,1.0873,.55-.60,1-1.5x
SUI/USDT,2024-12-17,LONG,0.743,4.6407,4.3352,1,True,-6.5831,0.0461,.70-.80,
SUI/USDT,2024-12-19,LONG,0.6052,4.0735,4.3615,2,True,7.0701,0.8601,.60-.70,
SUI/USDT,2024-12-20,LONG,0.8185,4.5813,4.3615,1,True,-4.7978,1.6709,>.80,1.5-2x
SUI/USDT,2024-12-23,LONG,0.906,4.7159,4.6059,1,True,-2.3325,1.1961,>.80,1-1.5x
SUI/USDT,2024-12-25,LONG,0.5943,4.4989,4.0849,2,True,-9.2022,0.3362,.55-.60,
SUI/USDT,2024-12-28,LONG,0.5751,4.214,4.1226,3,True,-2.169,0.4419,.55-.60,
SUI/USDT,2024-12-29,LONG,0.701,4.092,4.1226,2,True,0.7478,0.4232,.70-.80,
SUI/USDT,2024-12-30,LONG,0.6333,4.1808,4.1226,1,True,-1.3921,0.3196,.60-.70,
SUI/USDT,2025-01-03,LONG,0.7331,4.9856,4.8967,5,False,-1.7831,2.3787,.70-.80,2-3x
SUI/USDT,2025-01-06,LONG,0.8151,5.0896,4.8967,2,True,-3.7901,0.4913,>.80,
SUI/USDT,2025-01-07,LONG,0.7592,4.7859,4.8967,1,True,2.3151,0.9913,.70-.80,
SUI/USDT,2025-01-11,LONG,0.7654,4.9695,4.7321,1,True,-4.7771,0.5524,.70-.80,
SUI/USDT,2025-01-13,LONG,0.6507,4.7466,4.5844,1,True,-3.4172,0.0597,.60-.70,
SUI/USDT,2025-01-16,LONG,0.6749,4.7482,4.8376,1,True,1.8828,0.363,.60-.70,
SUI/USDT,2025-01-18,LONG,0.7155,5.0032,4.5054,1,True,-9.9496,0.6941,.70-.80,
SUI/USDT,2025-01-20,LONG,0.696,4.4173,4.6587,1,True,5.4649,0.3543,.60-.70,
SUI/USDT,2025-01-23,LONG,0.705,4.3027,4.2019,1,True,-2.3427,0.8145,.70-.80,
SUI/USDT,2025-01-27,LONG,0.8093,3.9643,3.6528,1,True,-7.8576,0.555,>.80,
SUI/USDT,2025-01-29,LONG,0.5645,3.6975,4.1182,1,True,11.378,0.2641,.55-.60,
SUI/USDT,2025-02-03,LONG,0.897,3.6508,3.5958,1,True,-1.5065,1.6501,>.80,1.5-2x
SUI/USDT,2025-02-06,LONG,0.9862,3.1358,3.0632,2,True,-2.3152,0.9283,>.80,
SUI/USDT,2025-02-07,LONG,0.6476,3.0134,3.0632,1,True,1.6526,0.6326,.60-.70,
SUI/USDT,2025-02-11,LONG,0.7341,3.3278,3.4183,4,True,2.7195,0.5691,.70-.80,
SUI/USDT,2025-02-13,LONG,0.7684,3.468,3.4183,2,True,-1.4331,0.492,.70-.80,
SUI/USDT,2025-02-14,LONG,0.6519,3.5523,3.4183,1,True,-3.7722,0.3741,.60-.70,
SUI/USDT,2025-02-16,LONG,0.6406,3.2696,3.2692,5,False,-0.0122,0.6772,.60-.70,
SUI/USDT,2025-02-18,LONG,0.6551,3.065,3.2692,3,True,6.6623,0.759,.60-.70,
SUI/USDT,2025-02-19,LONG,0.5681,3.2182,3.2692,2,True,1.5847,0.8678,.55-.60,
SUI/USDT,2025-02-20,LONG,0.5778,3.451,3.2692,1,True,-5.268,1.1952,.55-.60,1-1.5x
SUI/USDT,2025-02-25,LONG,0.6844,2.9564,2.7883,2,True,-5.686,0.7521,.60-.70,
SUI/USDT,2025-02-28,LONG,0.7071,2.8303,3.194,2,True,12.8502,0.261,.70-.80,
SUI/USDT,2025-03-04,LONG,0.6086,2.5263,2.6328,1,True,4.2157,0.4885,.60-.70,
SUI/USDT,2025-03-07,LONG,0.8201,2.5829,2.2856,5,False,-11.5103,0.761,>.80,
SUI/USDT,2025-03-08,LONG,0.5749,2.4834,2.1635,5,False,-12.8815,0.5247,.55-.60,
SUI/USDT,2025-03-10,LONG,0.7915,2.0885,2.3521,5,False,12.6215,1.1484,.70-.80,1-1.5x
SUI/USDT,2025-03-11,LONG,0.7342,2.2296,2.2309,5,False,0.0583,0.8739,.70-.80,
SUI/USDT,2025-03-12,LONG,0.5747,2.2856,2.3786,5,False,4.069,0.334,.55-.60,
SUI/USDT,2025-03-14,LONG,0.6867,2.3255,2.4746,5,False,6.4115,0.9759,.60-.70,
SUI/USDT,2025-03-15,LONG,0.6014,2.3521,2.3567,5,False,0.1956,0.1486,.60-.70,
SUI/USDT,2025-03-17,LONG,0.5897,2.3786,2.2636,5,False,-4.8348,0.939,.55-.60,
SUI/USDT,2025-03-19,LONG,0.6334,2.4746,2.2636,3,True,-8.5266,1.1321,.60-.70,1-1.5x
SUI/USDT,2025-03-20,LONG,0.6996,2.3567,2.2636,2,True,-3.9504,0.6445,.60-.70,
SUI/USDT,2025-03-26,LONG,0.5645,2.6192,2.2674,5,False,-13.4316,1.1838,.55-.60,1-1.5x
SUI/USDT,2025-03-28,LONG,0.7096,2.5054,2.2674,3,True,-9.4995,1.6536,.70-.80,1.5-2x
SUI/USDT,2025-03-29,LONG,0.6961,2.3108,2.2674,2,True,-1.8781,1.2985,.60-.70,1-1.5x
SUI/USDT,2025-03-30,LONG,0.6887,2.3514,2.2674,1,True,-3.5723,0.3137,.60-.70,
SUI/USDT,2025-04-03,LONG,0.6531,2.2635,2.2162,2,True,-2.0897,0.3545,.60-.70,
INJ/USDT,2024-09-02,LONG,0.6468,17.173,15.865,1,True,-7.6166,0.9525,.60-.70,
INJ/USDT,2024-09-04,LONG,0.7361,17.32,17.011,1,True,-1.7841,1.7052,.70-.80,1.5-2x
INJ/USDT,2024-09-07,LONG,0.8806,16.017,16.244,1,True,1.4172,0.216,>.80,
INJ/USDT,2024-09-10,LONG,0.8267,18.174,18.649,5,False,2.6136,0.9309,>.80,
INJ/USDT,2024-09-11,LONG,0.6483,18.719,18.003,5,False,-3.825,0.5504,.60-.70,
INJ/USDT,2024-09-12,LONG,0.6767,19.344,19.491,5,False,0.7599,0.6791,.60-.70,
INJ/USDT,2024-09-13,LONG,0.574,19.814,19.814,5,False,0.0,0.4898,.55-.60,
INJ/USDT,2024-09-14,LONG,0.7905,19.624,20.445,5,False,4.1837,0.1937,.70-.80,
INJ/USDT,2024-09-15,LONG,0.7458,18.649,21.05,5,False,12.8747,1.0407,.70-.80,1-1.5x
INJ/USDT,2024-09-16,LONG,0.7893,18.003,21.172,5,False,17.6026,0.7698,.70-.80,
INJ/USDT,2024-09-17,LONG,0.7601,19.491,21.686,5,False,11.2616,1.7624,.70-.80,1.5-2x
INJ/USDT,2024-09-18,LONG,0.9116,19.814,22.44,5,False,13.2533,0.3577,>.80,
INJ/USDT,2024-09-19,LONG,0.829,20.445,21.837,5,False,6.8085,0.6839,>.80,
INJ/USDT,2024-09-20,LONG,0.6594,21.05,22.476,5,False,6.7743,0.635,.60-.70,
INJ/USDT,2024-09-21,LONG,0.8806,21.172,23.041,5,False,8.8277,0.1303,>.80,
INJ/USDT,2024-09-22,LONG,0.5725,21.686,23.597,5,False,8.8121,0.5525,.55-.60,
INJ/USDT,2024-09-23,LONG,0.6539,22.44,23.597,4,True,5.156,0.895,.60-.70,
INJ/USDT,2024-09-24,LONG,0.5784,21.837,23.597,3,True,8.0597,0.7469,.55-.60,
INJ/USDT,2024-09-25,LONG,0.5618,22.476,23.597,2,True,4.9875,0.8257,.55-.60,
INJ/USDT,2024-09-26,LONG,0.6966,23.041,23.597,1,True,2.4131,0.7776,.60-.70,
INJ/USDT,2024-09-28,LONG,0.5978,22.84,22.892,2,True,0.2277,0.9533,.55-.60,
INJ/USDT,2024-09-29,LONG,0.6016,23.245,22.892,1,True,-1.5186,0.5584,.60-.70,
INJ/USDT,2024-10-01,LONG,0.6381,20.682,20.738,5,False,0.2708,2.4575,.60-.70,2-3x
INJ/USDT,2024-10-02,LONG,0.6396,20.185,20.546,5,False,1.7885,0.6122,.60-.70,
INJ/USDT,2024-10-03,LONG,0.611,19.03,20.546,4,True,7.9664,1.3922,.60-.70,1-1.5x
INJ/USDT,2024-10-04,LONG,0.9012,20.394,20.546,3,True,0.7453,1.6241,>.80,1.5-2x
INJ/USDT,2024-10-05,LONG,0.7095,19.879,20.546,2,True,3.3553,0.5883,.70-.80,
INJ/USDT,2024-10-06,LONG,0.6162,20.738,20.546,1,True,-0.9258,1.0106,.60-.70,1-1.5x
INJ/USDT,2024-10-11,LONG,0.6514,20.426,20.319,2,True,-0.5238,1.4595,.60-.70,1-1.5x
INJ/USDT,2024-10-12,LONG,0.572,20.395,20.319,1,True,-0.3726,0.0365,.55-.60,
INJ/USDT,2024-10-14,LONG,0.5669,21.727,22.07,4,True,1.5787,1.5942,.55-.60,1.5-2x
INJ/USDT,2024-10-17,LONG,0.7857,21.342,22.07,1,True,3.4111,0.4792,.70-.80,
INJ/USDT,2024-10-21,LONG,0.6684,21.275,18.381,5,False,-13.6028,1.0669,.60-.70,1-1.5x
INJ/USDT,2024-10-22,LONG,0.709,20.954,18.99,5,False,-9.3729,0.4043,.70-.80,
INJ/USDT,2024-10-23,LONG,0.7558,20.168,18.99,4,True,-5.8409,1.0451,.70-.80,1-1.5x
INJ/USDT,2024-10-24,LONG,0.6908,20.412,18.99,3,True,-6.9665,0.3755,.60-.70,
INJ/USDT,2024-10-25,LONG,0.5959,18.2,18.99,2,True,4.3407,2.7014,.55-.60,2-3x
INJ/USDT,2024-10-28,LONG,0.5949,19.21,19.059,3,True,-0.786,0.3043,.55-.60,
INJ/USDT,2024-11-03,LONG,0.606,16.86,21.218,3,True,25.8482,1.6276,.60-.70,1.5-2x
INJ/USDT,2024-11-04,LONG,0.6356,16.34,21.218,2,True,29.8531,0.8125,.60-.70,
INJ/USDT,2024-11-05,LONG,0.5983,17.32,21.218,1,True,22.5058,1.4564,.55-.60,1-1.5x
INJ/USDT,2024-11-07,LONG,0.5618,21.606,24.484,5,False,13.3204,0.2766,.55-.60,
INJ/USDT,2024-11-08,LONG,0.5842,22.423,24.131,5,False,7.6172,0.5675,.55-.60,
INJ/USDT,2024-11-09,LONG,0.8853,23.79,23.295,5,False,-2.0807,0.8982,>.80,
INJ/USDT,2024-11-11,LONG,0.7078,26.879,24.646,4,True,-8.3076,0.6506,.70-.80,
INJ/USDT,2024-11-13,LONG,0.7762,24.131,24.646,2,True,2.1342,0.1995,.70-.80,
INJ/USDT,2024-11-14,LONG,0.9042,23.295,24.646,1,True,5.7995,0.5125,>.80,
INJ/USDT,2024-11-18,LONG,0.7261,25.68,27.826,5,False,8.3567,0.6582,.70-.80,
INJ/USDT,2024-11-19,LONG,0.8214,24.399,28.432,5,False,16.5294,0.7021,>.80,
INJ/USDT,2024-11-20,LONG,0.5633,23.224,26.918,5,False,15.906,0.6748,.55-.60,
INJ/USDT,2024-11-22,LONG,0.876,26.55,30.802,4,True,16.0151,0.8275,>.80,
INJ/USDT,2024-11-23,LONG,0.721,27.826,30.802,3,True,10.695,0.6947,.70-.80,
INJ/USDT,2024-11-25,LONG,0.9025,26.918,30.802,1,True,14.429,0.7617,>.80,
INJ/USDT,2024-11-27,LONG,0.7461,29.772,29.361,1,True,-1.3805,0.5532,.70-.80,
INJ/USDT,2024-11-29,LONG,0.8657,30.307,31.15,1,True,2.7815,0.5384,>.80,
INJ/USDT,2024-12-05,LONG,0.8865,32.249,32.962,2,True,2.2109,0.2401,>.80,
INJ/USDT,2024-12-06,LONG,0.6978,34.014,32.962,1,True,-3.0928,0.9999,.60-.70,
INJ/USDT,2024-12-10,LONG,0.6261,27.061,29.08,2,True,7.4609,0.5253,.60-.70,
INJ/USDT,2024-12-13,LONG,0.6188,29.242,27.441,1,True,-6.1589,0.0911,.60-.70,
INJ/USDT,2024-12-15,LONG,0.6405,28.578,28.486,1,True,-0.3219,0.6676,.60-.70,
INJ/USDT,2024-12-17,LONG,0.613,26.861,24.478,1,True,-8.8716,1.0631,.60-.70,1-1.5x
INJ/USDT,2024-12-24,LONG,0.5873,23.302,22.574,1,True,-3.1242,0.1327,.55-.60,
INJ/USDT,2024-12-28,LONG,0.6121,21.316,19.626,3,True,-7.9283,0.4051,.60-.70,
INJ/USDT,2024-12-29,LONG,0.6532,20.315,19.626,2,True,-3.3916,0.8314,.60-.70,
INJ/USDT,2024-12-30,LONG,0.5927,20.068,19.626,1,True,-2.2025,0.2159,.55-.60,
INJ/USDT,2025-01-01,LONG,0.5644,20.543,21.71,1,True,5.6808,0.8512,.55-.60,
INJ/USDT,2025-01-03,LONG,0.7133,23.051,21.851,5,False,-5.2058,1.0605,.70-.80,1-1.5x
INJ/USDT,2025-01-04,LONG,0.6011,23.597,21.054,5,False,-10.7768,0.4112,.60-.70,
INJ/USDT,2025-01-06,LONG,0.6665,25.953,21.054,3,True,-18.8764,0.3478,.60-.70,
INJ/USDT,2025-01-07,LONG,0.6597,23.788,21.054,2,True,-11.4932,1.4094,.60-.70,1-1.5x
INJ/USDT,2025-01-08,LONG,0.7228,21.851,21.054,1,True,-3.6474,1.431,.70-.80,1-1.5x
INJ/USDT,2025-01-13,LONG,0.7351,20.102,24.737,4,True,23.0574,0.7813,.70-.80,
INJ/USDT,2025-01-18,LONG,0.7409,23.899,20.691,1,True,-13.4232,0.6408,.70-.80,
INJ/USDT,2025-01-21,LONG,0.7552,22.798,20.099,5,False,-11.8388,0.8928,.70-.80,
INJ/USDT,2025-01-22,LONG,0.7525,21.46,19.167,5,False,-10.685,0.9323,.70-.80,
INJ/USDT,2025-01-23,LONG,0.5575,20.832,19.167,4,True,-7.9925,0.4749,.55-.60,
INJ/USDT,2025-01-24,LONG,0.7808,20.782,19.167,3,True,-7.7711,0.0392,.70-.80,
INJ/USDT,2025-01-30,LONG,0.5654,19.921,18.288,2,True,-8.1974,1.4005,.55-.60,1-1.5x
INJ/USDT,2025-01-31,LONG,0.6777,20.269,18.288,1,True,-9.7735,0.2906,.60-.70,
INJ/USDT,2025-02-03,LONG,0.9467,16.05,13.132,3,True,-18.1807,0.4879,>.80,
INJ/USDT,2025-02-04,LONG,0.5554,14.357,13.132,2,True,-8.5324,1.5186,.55-.60,1.5-2x
INJ/USDT,2025-02-05,LONG,0.8505,13.997,13.132,1,True,-6.1799,0.361,>.80,
INJ/USDT,2025-02-11,LONG,0.7484,14.243,15.374,3,True,7.9407,0.3618,.70-.80,
INJ/USDT,2025-02-13,LONG,0.6551,15.115,15.374,1,True,1.7135,0.1911,.60-.70,
INJ/USDT,2025-02-15,LONG,0.7882,15.288,15.706,5,False,2.7342,0.0903,.70-.80,
INJ/USDT,2025-02-17,LONG,0.6913,14.96,15.253,4,True,1.9586,0.068,.60-.70,
INJ/USDT,2025-02-18,LONG,0.6554,13.898,15.253,3,True,9.7496,1.1902,.60-.70,1-1.5x
INJ/USDT,2025-02-19,LONG,0.6046,14.908,15.253,2,True,2.3142,1.2374,.60-.70,1-1.5x
INJ/USDT,2025-02-20,LONG,0.7431,15.706,15.253,1,True,-2.8842,0.8886,.70-.80,
INJ/USDT,2025-02-24,LONG,0.5659,13.831,12.988,2,True,-6.095,2.7619,.55-.60,2-3x
INJ/USDT,2025-02-25,LONG,0.6115,13.543,12.988,1,True,-4.0981,0.4041,.60-.70,
INJ/USDT,2025-02-27,LONG,0.6984,13.584,13.325,1,True,-1.9067,0.8975,.60-.70,
INJ/USDT,2025-03-02,LONG,0.5935,14.352,11.977,1,True,-16.5482,1.864,.55-.60,1.5-2x
INJ/USDT,2025-03-07,LONG,0.5938,11.49,9.474,2,True,-17.5457,0.4671,.55-.60,
INJ/USDT,2025-03-08,LONG,0.6036,11.287,9.474,1,True,-16.0627,0.2529,.60-.70,
INJ/USDT,2025-03-11,LONG,0.7384,9.103,9.668,1,True,6.2067,0.4798,.70-.80,
INJ/USDT,2025-03-14,LONG,0.6632,9.961,10.229,5,False,2.6905,0.9421,.60-.70,
INJ/USDT,2025-03-15,LONG,0.8071,10.172,10.229,4,True,0.5604,0.2731,>.80,
INJ/USDT,2025-03-16,LONG,0.8117,9.586,10.229,3,True,6.7077,0.7929,>.80,
INJ/USDT,2025-03-18,LONG,0.6,9.672,10.229,1,True,5.7589,0.3949,.55-.60,
INJ/USDT,2025-03-21,LONG,0.5573,9.691,9.91,1,True,2.2598,0.2929,.55-.60,
INJ/USDT,2025-03-26,LONG,0.7614,10.52,9.224,2,True,-12.3194,0.2254,.70-.80,
INJ/USDT,2025-03-27,LONG,0.7316,10.329,9.224,1,True,-10.698,0.327,.70-.80,
INJ/USDT,2025-03-29,LONG,0.7551,8.66,8.719,2,True,0.6813,1.2202,.70-.80,1-1.5x
INJ/USDT,2025-03-30,LONG,0.6629,8.696,8.719,1,True,0.2645,0.0877,.60-.70,
INJ/USDT,2025-04-04,LONG,0.6268,8.316,8.279,1,True,-0.4449,0.2209,.60-.70,
STX/USDT,2024-08-27,LONG,0.6239,1.7408,1.6153,1,True,-7.2093,0.1915,.60-.70,
STX/USDT,2024-08-31,LONG,0.6938,1.5206,1.4143,3,True,-6.9907,0.6207,.60-.70,
STX/USDT,2024-09-02,LONG,0.5643,1.5138,1.4143,1,True,-6.5729,1.1827,.55-.60,1-1.5x
STX/USDT,2024-09-04,LONG,0.5698,1.4663,1.3797,1,True,-5.906,0.8064,.55-.60,
STX/USDT,2024-09-06,LONG,0.6164,1.3637,1.3885,1,True,1.8186,0.245,.60-.70,
STX/USDT,2024-09-08,LONG,0.787,1.419,1.6476,5,False,16.1099,0.4728,.70-.80,
STX/USDT,2024-09-10,LONG,0.6009,1.6099,1.5526,5,False,-3.5592,1.2772,.60-.70,1-1.5x
STX/USDT,2024-09-11,LONG,0.6407,1.5754,1.4899,5,False,-5.4272,0.455,.60-.70,
STX/USDT,2024-09-12,LONG,0.5818,1.6385,1.4899,4,True,-9.0693,0.9349,.55-.60,
STX/USDT,2024-09-15,LONG,0.6176,1.5526,1.4899,1,True,-4.0384,0.8278,.60-.70,
STX/USDT,2024-09-18,LONG,0.7743,1.5678,1.6868,1,True,7.5903,0.7135,.70-.80,
STX/USDT,2024-09-21,LONG,0.7471,1.7568,1.8455,2,True,5.049,0.1877,.70-.80,
STX/USDT,2024-09-22,LONG,0.7592,1.73,1.8455,1,True,6.6763,0.3743,.70-.80,
STX/USDT,2024-09-25,LONG,0.6175,1.8733,1.9618,3,True,4.7243,1.1308,.60-.70,1-1.5x
STX/USDT,2024-09-26,LONG,0.7615,1.9882,1.9618,2,True,-1.3278,1.5563,.70-.80,1.5-2x
STX/USDT,2024-09-27,LONG,0.8557,1.9887,1.9618,1,True,-1.3526,0.0063,>.80,
STX/USDT,2024-10-03,LONG,0.7251,1.8265,1.8798,1,True,2.9181,1.273,.70-.80,1-1.5x
STX/USDT,2024-10-15,LONG,0.5755,1.816,1.8511,1,True,1.9328,0.2345,.55-.60,
STX/USDT,2024-10-17,LONG,0.645,1.864,1.9262,1,True,3.3369,0.1899,.60-.70,
STX/USDT,2024-10-20,LONG,0.6145,1.9247,1.8289,1,True,-4.9774,0.633,.60-.70,
STX/USDT,2024-10-22,LONG,0.5592,1.8146,1.7924,1,True,-1.2234,0.2348,.55-.60,
STX/USDT,2024-10-26,LONG,0.5931,1.6909,1.7413,1,True,2.9807,0.6787,.55-.60,
STX/USDT,2024-10-28,LONG,0.6692,1.7637,1.8664,1,True,5.823,0.3721,.60-.70,
STX/USDT,2024-10-30,LONG,0.706,1.757,1.642,1,True,-6.5452,1.554,.70-.80,1.5-2x
STX/USDT,2024-11-02,LONG,0.7617,1.572,1.4576,2,True,-7.2774,0.4098,.70-.80,
STX/USDT,2024-11-03,LONG,0.7566,1.4784,1.4576,1,True,-1.4069,1.5353,.70-.80,1.5-2x
STX/USDT,2024-11-08,LONG,0.6389,1.6548,1.8137,2,True,9.6024,0.2653,.60-.70,
STX/USDT,2024-11-09,LONG,0.8925,1.7279,1.8137,1,True,4.9656,0.8664,>.80,
STX/USDT,2024-11-12,LONG,0.7312,2.0222,1.8787,3,True,-7.0962,1.0883,.70-.80,1-1.5x
STX/USDT,2024-11-13,LONG,0.7155,1.9546,1.8787,2,True,-3.8831,0.4613,.70-.80,
STX/USDT,2024-11-14,LONG,0.9885,1.8051,1.8787,1,True,4.0773,1.067,>.80,1-1.5x
STX/USDT,2024-11-17,LONG,0.9614,1.8589,1.9429,1,True,4.5188,0.9527,>.80,
STX/USDT,2024-11-22,LONG,0.8884,2.0433,2.2301,5,False,9.1421,0.8535,>.80,
STX/USDT,2024-11-24,LONG,0.6113,2.0601,2.2301,3,True,8.252,0.0426,.60-.70,
STX/USDT,2024-11-25,LONG,0.9316,2.1156,2.2301,2,True,5.4122,0.3778,>.80,
STX/USDT,2024-11-26,LONG,0.5625,2.1184,2.2301,1,True,5.2728,0.0199,.55-.60,
STX/USDT,2024-11-30,LONG,0.6526,2.3146,2.5065,3,True,8.2908,0.1863,.60-.70,
STX/USDT,2024-12-01,LONG,0.8297,2.39,2.5065,2,True,4.8745,0.6866,>.80,
STX/USDT,2024-12-02,LONG,0.5627,2.4175,2.5065,1,True,3.6815,0.2665,.55-.60,
STX/USDT,2024-12-07,LONG,0.8617,2.6526,2.7186,1,True,2.4881,0.9558,>.80,
STX/USDT,2024-12-09,LONG,0.5884,2.2447,2.3165,4,True,3.1986,3.2861,.55-.60,3-5x
STX/USDT,2024-12-10,LONG,0.8279,2.1802,2.3165,3,True,6.2517,0.5483,>.80,
STX/USDT,2024-12-15,LONG,0.7498,2.4561,2.4162,1,True,-1.6245,1.7136,.70-.80,1.5-2x
STX/USDT,2024-12-17,LONG,0.5763,2.2793,2.0112,1,True,-11.7624,0.9469,.55-.60,
STX/USDT,2024-12-19,LONG,0.7712,1.7895,1.6537,2,True,-7.5887,1.6004,.70-.80,1.5-2x
STX/USDT,2024-12-20,LONG,0.8792,1.8012,1.6537,1,True,-8.189,0.0948,>.80,
STX/USDT,2024-12-24,LONG,0.6373,1.7696,1.6821,1,True,-4.9446,0.5648,.60-.70,
STX/USDT,2024-12-28,LONG,0.578,1.6591,1.5364,3,True,-7.3956,0.8013,.55-.60,
STX/USDT,2024-12-29,LONG,0.6102,1.5729,1.5364,2,True,-2.3206,0.8628,.60-.70,
STX/USDT,2024-12-30,LONG,0.5621,1.4897,1.5364,1,True,3.1349,0.871,.55-.60,
STX/USDT,2025-01-01,LONG,0.5579,1.6108,1.8257,5,False,13.3412,0.8388,.55-.60,
STX/USDT,2025-01-02,LONG,0.6429,1.6568,1.6015,5,False,-3.3378,0.4872,.60-.70,
STX/USDT,2025-01-03,LONG,0.5707,1.7375,1.5417,5,False,-11.2691,0.8112,.55-.60,
STX/USDT,2025-01-04,LONG,0.6061,1.7306,1.5002,5,False,-13.3133,0.0734,.60-.70,
STX/USDT,2025-01-05,LONG,0.6047,1.7616,1.5377,5,False,-12.71,0.3281,.60-.70,
STX/USDT,2025-01-06,LONG,0.5933,1.8257,1.5377,4,True,-15.7748,0.6645,.55-.60,
STX/USDT,2025-01-07,LONG,0.5556,1.6015,1.5377,3,True,-3.9838,2.2205,.55-.60,2-3x
STX/USDT,2025-01-21,LONG,0.6812,1.4837,1.331,5,False,-10.2918,0.87,.60-.70,
STX/USDT,2025-01-22,LONG,0.6186,1.4096,1.2832,5,False,-8.9671,0.9138,.60-.70,
STX/USDT,2025-01-23,LONG,0.686,1.4001,1.2832,4,True,-8.3494,0.127,.60-.70,
STX/USDT,2025-01-24,LONG,0.6881,1.3715,1.2832,3,True,-6.4382,0.3845,.60-.70,
STX/USDT,2025-01-26,LONG,0.612,1.331,1.2832,1,True,-3.5913,0.8007,.60-.70,
STX/USDT,2025-01-28,LONG,0.6167,1.2285,1.2477,1,True,1.5629,0.9235,.60-.70,
STX/USDT,2025-01-31,LONG,0.557,1.3312,1.0362,2,True,-22.1605,0.2257,.55-.60,
STX/USDT,2025-02-03,LONG,0.8555,1.0522,0.9711,2,True,-7.7077,0.2607,>.80,
STX/USDT,2025-02-08,LONG,0.5817,0.9127,0.9015,1,True,-1.2271,0.9634,.55-.60,
STX/USDT,2025-02-10,LONG,0.6085,0.9673,0.9339,5,False,-3.4529,1.4128,.60-.70,1-1.5x
STX/USDT,2025-02-11,LONG,0.7071,0.9345,0.9339,4,True,-0.0642,0.6611,.70-.80,
STX/USDT,2025-02-12,LONG,0.559,0.9854,0.9339,3,True,-5.2263,1.0118,.55-.60,1-1.5x
STX/USDT,2025-02-13,LONG,0.657,0.9559,0.9339,2,True,-2.3015,0.5553,.60-.70,
STX/USDT,2025-02-14,LONG,0.6708,0.9871,0.9339,1,True,-5.3895,0.5972,.60-.70,
STX/USDT,2025-02-16,LONG,0.6009,0.9307,0.8754,2,True,-5.9418,0.0624,.60-.70,
STX/USDT,2025-02-17,LONG,0.5869,0.9215,0.8754,1,True,-5.0027,0.1814,.55-.60,
STX/USDT,2025-02-20,LONG,0.5782,0.9491,0.9137,3,True,-3.7298,1.226,.55-.60,1-1.5x
STX/USDT,2025-02-28,LONG,0.71,0.8315,0.7051,4,True,-15.2014,0.1053,.70-.80,
STX/USDT,2025-03-01,LONG,0.7199,0.8109,0.7051,3,True,-13.0472,0.4829,.70-.80,
STX/USDT,2025-03-03,LONG,0.7253,0.7287,0.7051,1,True,-3.2386,2.6678,.70-.80,2-3x
STX/USDT,2025-03-05,LONG,0.5985,0.7344,0.7226,1,True,-1.6068,0.6547,.55-.60,
STX/USDT,2025-03-07,LONG,0.7487,0.7104,0.6234,2,True,-12.2466,0.2726,.70-.80,
STX/USDT,2025-03-08,LONG,0.6922,0.6839,0.6234,1,True,-8.8463,0.6002,.60-.70,
STX/USDT,2025-03-11,LONG,0.8043,0.6115,0.6356,1,True,3.9411,0.7919,>.80,
STX/USDT,2025-03-14,LONG,0.7675,0.64,0.6566,1,True,2.5937,0.5772,.70-.80,
STX/USDT,2025-03-17,LONG,0.5688,0.6262,0.6601,2,True,5.4136,0.2363,.55-.60,
STX/USDT,2025-03-18,LONG,0.5938,0.615,0.6601,1,True,7.3333,0.305,.55-.60,
STX/USDT,2025-03-21,LONG,0.676,0.6193,0.6852,3,True,10.641,0.644,.60-.70,
STX/USDT,2025-03-22,LONG,0.751,0.6205,0.6852,2,True,10.4271,0.0344,.70-.80,
STX/USDT,2025-03-26,LONG,0.5663,0.7204,0.6065,5,False,-15.8107,0.6498,.55-.60,
STX/USDT,2025-03-27,LONG,0.7854,0.7275,0.6065,4,True,-16.6323,0.2109,.70-.80,
STX/USDT,2025-03-28,LONG,0.7111,0.6597,0.6065,3,True,-8.0643,1.8373,.70-.80,1.5-2x
STX/USDT,2025-03-30,LONG,0.7278,0.6079,0.6065,1,True,-0.2303,0.4697,.70-.80,
STX/USDT,2025-04-02,LONG,0.6333,0.5755,0.6017,2,True,4.5526,1.4699,.60-.70,1-1.5x
STX/USDT,2025-04-03,LONG,0.5954,0.5791,0.6017,1,True,3.9026,0.1395,.55-.60,
SEI/USDT,2026-01-27,LONG,0.5801,0.1068,0.0877,4,True,-17.8839,0.4188,.55-.60,
SEI/USDT,2026-01-29,LONG,0.7018,0.0996,0.0877,2,True,-11.9478,2.2434,.70-.80,2-3x
SEI/USDT,2026-01-30,LONG,0.5869,0.0957,0.0877,1,True,-8.3595,1.2566,.55-.60,1-1.5x
SEI/USDT,2026-02-01,LONG,0.6522,0.0844,0.08585,2,True,1.718,1.069,.60-.70,1-1.5x
SEI/USDT,2026-02-02,LONG,0.8331,0.08863,0.08585,1,True,-3.1366,1.5209,>.80,1.5-2x
SEI/USDT,2026-02-05,LONG,0.9927,0.07242,0.07935,1,True,9.5692,3.3114,>.80,3-5x
SEI/USDT,2026-02-09,LONG,0.9734,0.07469,0.07493,3,True,0.3213,0.3986,>.80,
SEI/USDT,2026-02-11,LONG,0.8548,0.07075,0.07493,1,True,5.9081,0.4009,>.80,
SEI/USDT,2026-02-14,LONG,0.7682,0.07814,0.07274,4,True,-6.9107,0.5784,.70-.80,
SEI/USDT,2026-02-15,LONG,0.9104,0.07551,0.07274,3,True,-3.6684,0.6431,>.80,
SEI/USDT,2026-02-16,LONG,0.6289,0.07641,0.07274,2,True,-4.803,0.2277,.60-.70,
SEI/USDT,2026-02-17,LONG,0.8543,0.07439,0.07274,1,True,-2.218,0.5058,>.80,
SEI/USDT,2026-02-25,LONG,0.6406,0.07127,0.07041,1,True,-1.2067,2.0788,.60-.70,2-3x
SEI/USDT,2026-02-28,LONG,0.5871,0.0687,0.06991,4,True,1.7613,0.1146,.55-.60,
SEI/USDT,2026-03-01,LONG,0.5732,0.06855,0.06991,3,True,1.984,0.0694,.55-.60,
SEI/USDT,2026-03-03,LONG,0.7256,0.06768,0.06991,1,True,3.2949,0.6547,.70-.80,
SEI/USDT,2026-03-06,LONG,0.5612,0.06628,0.06473,1,True,-2.3386,0.6577,.55-.60,
SEI/USDT,2026-03-09,LONG,0.7604,0.06399,0.06374,1,True,-0.3907,0.6943,.70-.80,
SEI/USDT,2026-03-13,LONG,0.8494,0.06635,0.07012,3,True,5.682,0.3143,>.80,
SEI/USDT,2026-03-15,LONG,0.6609,0.06777,0.07012,1,True,3.4676,0.6499,.60-.70,
SEI/USDT,2026-03-17,LONG,0.5976,0.06882,0.06482,1,True,-5.8123,0.8224,.55-.60,
SEI/USDT,2026-03-19,LONG,0.8607,0.06405,0.06083,5,False,-5.0273,0.4647,>.80,
SEI/USDT,2026-03-20,LONG,0.5724,0.0635,0.06131,5,False,-3.4488,0.3355,.55-.60,
SEI/USDT,2026-03-21,LONG,0.7056,0.06176,0.06131,4,True,-0.7286,1.0485,.70-.80,1-1.5x
SEI/USDT,2026-03-26,LONG,0.6287,0.05892,0.05478,1,True,-7.0265,1.4566,.60-.70,1-1.5x
SEI/USDT,2026-03-29,LONG,0.5891,0.05186,0.05136,1,True,-0.9641,1.0252,.55-.60,1-1.5x
SEI/USDT,2026-04-02,LONG,0.5593,0.05134,0.05436,1,True,5.8824,1.4521,.55-.60,1-1.5x
SEI/USDT,2026-04-06,LONG,0.811,0.05343,0.05632,1,True,5.4089,0.1902,>.80,
SEI/USDT,2026-04-08,LONG,0.9068,0.05494,0.056,3,True,1.9294,0.6373,>.80,
SEI/USDT,2026-04-09,LONG,0.8304,0.056,0.056,2,True,0.0,0.4961,>.80,
SEI/USDT,2026-04-10,LONG,0.8179,0.05645,0.056,1,True,-0.7972,0.2079,>.80,
SEI/USDT,2026-04-13,LONG,0.8368,0.05649,0.05448,1,True,-3.5582,1.4178,>.80,1-1.5x
SEI/USDT,2026-04-15,LONG,0.7813,0.05601,0.05884,1,True,5.0527,0.6796,.70-.80,
SEI/USDT,2026-04-17,LONG,0.5629,0.05852,0.05597,1,True,-4.3575,0.1391,.55-.60,
SEI/USDT,2026-04-21,LONG,0.7445,0.05752,0.06236,5,False,8.4145,0.8274,.70-.80,
SEI/USDT,2026-04-22,LONG,0.7378,0.06106,0.06056,5,False,-0.8189,1.706,.70-.80,1.5-2x
SEI/USDT,2026-04-23,LONG,0.5645,0.06199,0.06056,4,True,-2.3068,0.4454,.55-.60,
SEI/USDT,2026-04-24,LONG,0.7774,0.06134,0.06056,3,True,-1.2716,0.3055,.70-.80,
SEI/USDT,2026-04-25,LONG,0.6892,0.06081,0.06056,2,True,-0.4111,0.2512,.60-.70,
SEI/USDT,2026-04-26,LONG,0.666,0.06236,0.06056,1,True,-2.8865,0.7393,.60-.70,
SEI/USDT,2026-05-07,LONG,0.6409,0.06076,0.07051,2,True,16.0467,0.4834,.60-.70,
SEI/USDT,2026-05-08,LONG,0.6539,0.06542,0.07051,1,True,7.7805,2.5795,.60-.70,2-3x
SEI/USDT,2026-05-10,LONG,0.707,0.07589,0.0636,5,False,-16.1945,2.2026,.70-.80,2-3x
SEI/USDT,2026-05-11,LONG,0.5681,0.07602,0.06266,5,False,-17.5743,0.0495,.55-.60,
SEI/USDT,2026-05-12,LONG,0.9008,0.06945,0.06124,5,False,-11.8215,2.187,>.80,2-3x
SEI/USDT,2026-05-13,LONG,0.8981,0.06682,0.06148,5,False,-7.9916,0.9301,>.80,
SEI/USDT,2026-05-14,LONG,0.7667,0.06714,0.06148,4,True,-8.4301,0.1181,.70-.80,
SEI/USDT,2026-05-15,LONG,0.8789,0.0636,0.06148,3,True,-3.3333,1.2403,>.80,1-1.5x
SEI/USDT,2026-05-16,LONG,0.8471,0.06266,0.06148,2,True,-1.8832,0.349,>.80,
SEI/USDT,2026-05-17,LONG,0.6577,0.06124,0.06148,1,True,0.3919,0.5378,.60-.70,
SEI/USDT,2026-05-19,LONG,0.6888,0.05971,0.06118,1,True,2.4619,0.6874,.60-.70,
SEI/USDT,2026-05-27,LONG,0.9012,0.0661,0.06636,3,True,0.3933,0.0668,>.80,
SEI/USDT,2026-05-28,LONG,0.7607,0.06796,0.06636,2,True,-2.3543,0.6603,.70-.80,
SEI/USDT,2026-05-29,LONG,0.6996,0.06608,0.06636,1,True,0.4237,0.7051,.60-.70,
SEI/USDT,2026-06-02,LONG,0.9344,0.06253,0.0595,1,True,-4.8457,3.0187,>.80,3-5x
SEI/USDT,2026-06-07,LONG,0.9658,0.04962,0.04823,2,True,-2.8013,1.0206,>.80,1-1.5x
IMX/USDT,2024-08-28,LONG,0.5962,1.4425,1.4261,2,True,-1.1369,1.3294,.55-.60,1-1.5x
IMX/USDT,2024-08-29,LONG,0.7472,1.4572,1.4261,1,True,-2.1342,0.1944,.70-.80,
IMX/USDT,2024-08-31,LONG,0.7426,1.3636,1.1717,3,True,-14.073,0.8792,.70-.80,
IMX/USDT,2024-09-01,LONG,0.5942,1.2855,1.1717,2,True,-8.8526,1.1277,.55-.60,1-1.5x
IMX/USDT,2024-09-02,LONG,0.6645,1.2678,1.1717,1,True,-7.5801,0.2914,.60-.70,
IMX/USDT,2024-09-07,LONG,0.6757,1.1794,1.2014,1,True,1.8654,0.5047,.60-.70,
IMX/USDT,2024-09-10,LONG,0.5797,1.3017,1.2551,1,True,-3.5799,0.6517,.55-.60,
IMX/USDT,2024-09-15,LONG,0.5991,1.2829,1.226,1,True,-4.4353,0.7075,.55-.60,
IMX/USDT,2024-09-17,LONG,0.6809,1.3941,1.5022,2,True,7.7541,2.7359,.60-.70,2-3x
IMX/USDT,2024-09-18,LONG,0.8618,1.3944,1.5022,1,True,7.7309,0.0043,>.80,
IMX/USDT,2024-09-20,LONG,0.856,1.5712,1.8057,3,True,14.9249,0.8786,>.80,
IMX/USDT,2024-09-21,LONG,0.829,1.6544,1.8057,2,True,9.1453,1.0428,>.80,1-1.5x
IMX/USDT,2024-09-22,LONG,0.7524,1.6854,1.8057,1,True,7.1378,0.372,.70-.80,
IMX/USDT,2024-09-25,LONG,0.7182,1.7248,1.7776,3,True,3.0612,0.7623,.70-.80,
IMX/USDT,2024-09-26,LONG,0.7735,1.7753,1.7776,2,True,0.1296,0.6524,.70-.80,
IMX/USDT,2024-10-03,LONG,0.6616,1.5108,1.4833,4,True,-1.8202,0.5936,.60-.70,
IMX/USDT,2024-10-04,LONG,0.7993,1.5564,1.4833,3,True,-4.6967,0.5796,.70-.80,
IMX/USDT,2024-10-05,LONG,0.6172,1.5171,1.4833,2,True,-2.2279,0.4866,.60-.70,
IMX/USDT,2024-10-08,LONG,0.6339,1.43,1.374,1,True,-3.9161,0.8463,.60-.70,
IMX/USDT,2024-10-10,LONG,0.9015,1.461,1.4903,1,True,2.0055,1.5517,>.80,1.5-2x
IMX/USDT,2024-10-12,LONG,0.7584,1.5609,1.5039,1,True,-3.6517,1.1709,.70-.80,1-1.5x
IMX/USDT,2024-10-16,LONG,0.6284,1.5281,1.5035,1,True,-1.6098,0.8076,.60-.70,
IMX/USDT,2024-10-18,LONG,0.7242,1.5571,1.6523,2,True,6.1139,0.7627,.70-.80,
IMX/USDT,2024-10-19,LONG,0.5863,1.575,1.6523,1,True,4.9079,0.2461,.55-.60,
IMX/USDT,2024-10-27,LONG,0.5849,1.3411,1.3536,1,True,0.9321,0.0198,.55-.60,
IMX/USDT,2024-10-30,LONG,0.5563,1.3754,1.2044,1,True,-12.4327,0.6134,.55-.60,
IMX/USDT,2024-11-01,LONG,0.8999,1.1136,1.1063,2,True,-0.6555,1.3939,>.80,1-1.5x
IMX/USDT,2024-11-02,LONG,0.661,1.066,1.1063,1,True,3.7805,0.7882,.60-.70,
IMX/USDT,2024-11-06,LONG,0.6126,1.2293,1.1992,2,True,-2.4485,2.3147,.60-.70,2-3x
IMX/USDT,2024-11-09,LONG,0.9008,1.3007,1.4087,2,True,8.3032,1.3898,>.80,1-1.5x
IMX/USDT,2024-11-15,LONG,0.8897,1.2626,1.3916,3,True,10.217,1.2876,>.80,1-1.5x
IMX/USDT,2024-11-16,LONG,0.9474,1.3631,1.3916,2,True,2.0908,1.1575,>.80,1-1.5x
IMX/USDT,2024-11-17,LONG,0.9223,1.299,1.3916,1,True,7.1286,0.6752,>.80,
IMX/USDT,2024-11-22,LONG,0.7521,1.4855,1.762,5,False,18.6133,1.3862,.70-.80,1-1.5x
IMX/USDT,2024-11-23,LONG,0.705,1.5931,1.8801,5,False,18.0152,1.0762,.70-.80,1-1.5x
IMX/USDT,2024-11-24,LONG,0.7301,1.7676,1.8801,4,True,6.3646,1.6186,.70-.80,1.5-2x
IMX/USDT,2024-11-25,LONG,0.8382,1.7017,1.8801,3,True,10.4836,0.5384,>.80,
IMX/USDT,2024-11-26,LONG,0.7745,1.6788,1.8801,2,True,11.9907,0.209,.70-.80,
IMX/USDT,2024-11-27,LONG,0.8346,1.762,1.8801,1,True,6.7026,0.7678,>.80,
IMX/USDT,2024-11-29,LONG,0.6154,1.9312,1.9749,1,True,2.2628,0.431,.60-.70,
IMX/USDT,2024-12-01,LONG,0.8261,2.019,2.0409,1,True,1.0847,0.3633,>.80,
IMX/USDT,2024-12-05,LONG,0.6954,2.0725,2.0705,3,True,-0.0965,0.1235,.60-.70,
IMX/USDT,2024-12-06,LONG,0.6282,2.1271,2.0705,2,True,-2.6609,0.5432,.60-.70,
IMX/USDT,2024-12-09,LONG,0.613,1.7297,1.7339,1,True,0.2428,2.6541,.60-.70,2-3x
IMX/USDT,2024-12-12,LONG,0.7351,1.9615,1.9326,1,True,-1.4734,0.8253,.70-.80,
IMX/USDT,2024-12-16,LONG,0.5838,1.8047,1.571,2,True,-12.9495,0.6809,.55-.60,
IMX/USDT,2024-12-17,LONG,0.5961,1.7021,1.571,1,True,-7.7023,1.0624,.55-.60,1-1.5x
IMX/USDT,2024-12-20,LONG,0.7976,1.4457,1.3136,2,True,-9.1374,0.5375,.70-.80,
IMX/USDT,2024-12-21,LONG,0.6262,1.3289,1.3136,1,True,-1.1513,1.3714,.60-.70,1-1.5x
IMX/USDT,2024-12-24,LONG,0.6562,1.4763,1.4349,1,True,-2.8043,0.2904,.60-.70,
IMX/USDT,2024-12-28,LONG,0.5768,1.4355,1.3262,3,True,-7.6141,0.5103,.55-.60,
IMX/USDT,2024-12-29,LONG,0.6833,1.3569,1.3262,2,True,-2.2625,0.9471,.60-.70,
IMX/USDT,2025-01-03,LONG,0.6662,1.4727,1.2688,5,False,-13.8453,1.3634,.60-.70,1-1.5x
IMX/USDT,2025-01-04,LONG,0.6239,1.4653,1.2304,5,False,-16.0308,0.0925,.60-.70,
IMX/USDT,2025-01-06,LONG,0.6297,1.4807,1.2567,4,True,-15.128,0.4477,.60-.70,
IMX/USDT,2025-01-07,LONG,0.5558,1.3188,1.2567,3,True,-4.7088,1.953,.55-.60,1.5-2x
IMX/USDT,2025-01-13,LONG,0.6716,1.1799,1.4183,4,True,20.2051,0.7709,.60-.70,
IMX/USDT,2025-01-15,LONG,0.6418,1.3574,1.4183,2,True,4.4865,2.5817,.60-.70,2-3x
IMX/USDT,2025-01-16,LONG,0.5636,1.3473,1.4183,1,True,5.2698,0.1532,.55-.60,
IMX/USDT,2025-01-18,LONG,0.8135,1.3133,1.1672,1,True,-11.1246,1.4591,>.80,1-1.5x
IMX/USDT,2025-01-21,LONG,0.7796,1.242,1.1858,1,True,-4.525,0.7465,.70-.80,
IMX/USDT,2025-01-24,LONG,0.7005,1.1918,1.1909,3,True,-0.0755,0.2076,.70-.80,
IMX/USDT,2025-01-26,LONG,0.7273,1.1915,1.1909,1,True,-0.0504,0.4655,.70-.80,
IMX/USDT,2025-01-28,LONG,0.7816,1.0758,1.0816,1,True,0.5391,1.7977,.70-.80,1.5-2x
IMX/USDT,2025-01-30,LONG,0.8184,1.1211,1.1294,1,True,0.7403,0.6759,>.80,
IMX/USDT,2025-02-03,LONG,0.9536,0.8916,0.7998,2,True,-10.2961,0.1418,>.80,
IMX/USDT,2025-02-04,LONG,0.6466,0.8243,0.7998,1,True,-2.9722,1.3468,.60-.70,1-1.5x
IMX/USDT,2025-02-11,LONG,0.7378,0.7802,0.7931,4,True,1.6534,0.7155,.70-.80,
IMX/USDT,2025-02-13,LONG,0.5776,0.8014,0.7931,2,True,-1.0357,0.709,.55-.60,
IMX/USDT,2025-02-14,LONG,0.7618,0.821,0.7931,1,True,-3.3983,0.4722,.70-.80,
IMX/USDT,2025-02-16,LONG,0.578,0.7982,0.809,1,True,1.353,0.1236,.55-.60,
IMX/USDT,2025-02-20,LONG,0.6266,0.7383,0.6972,3,True,-5.5668,0.1409,.60-.70,
IMX/USDT,2025-02-22,LONG,0.5747,0.7244,0.6972,1,True,-3.7548,0.8905,.55-.60,
IMX/USDT,2025-02-24,LONG,0.5517,0.6331,0.7076,2,True,11.7675,2.2371,.55-.60,2-3x
IMX/USDT,2025-02-28,LONG,0.6561,0.7216,0.7515,2,True,4.1436,0.5368,.60-.70,
IMX/USDT,2025-03-04,LONG,0.5993,0.6133,0.6571,1,True,7.1417,0.6147,.55-.60,
IMX/USDT,2025-03-06,LONG,0.7589,0.625,0.6021,1,True,-3.664,0.8211,.70-.80,
IMX/USDT,2025-03-11,LONG,0.7655,0.5187,0.5423,1,True,4.5498,0.9013,.70-.80,
IMX/USDT,2025-03-15,LONG,0.7382,0.568,0.5496,1,True,-3.2394,0.5302,.70-.80,
IMX/USDT,2025-03-26,LONG,0.6509,0.6436,0.534,4,True,-17.0292,1.366,.60-.70,1-1.5x
IMX/USDT,2025-03-27,LONG,0.839,0.6306,0.534,3,True,-15.3187,0.3006,>.80,
IMX/USDT,2025-03-28,LONG,0.7023,0.583,0.534,2,True,-8.4048,1.0962,.70-.80,1-1.5x
IMX/USDT,2025-03-29,LONG,0.7713,0.5495,0.534,1,True,-2.8207,0.8827,.70-.80,
IMX/USDT,2025-04-01,LONG,0.6669,0.5254,0.446,3,True,-15.1123,0.0725,.60-.70,
IMX/USDT,2025-04-02,LONG,0.7298,0.4763,0.446,2,True,-6.3615,1.4297,.70-.80,1-1.5x
EGLD/USDT,2024-09-02,LONG,0.7353,28.25,25.05,3,True,-11.3274,0.7378,.70-.80,
EGLD/USDT,2024-09-03,LONG,0.5523,26.47,25.05,2,True,-5.3646,1.5506,.55-.60,1.5-2x
EGLD/USDT,2024-09-04,LONG,0.6394,26.84,25.05,1,True,-6.6692,0.351,.60-.70,
EGLD/USDT,2024-09-09,LONG,0.555,26.48,26.72,1,True,0.9063,1.1792,.55-.60,1-1.5x
EGLD/USDT,2024-09-11,LONG,0.6607,25.99,24.82,5,False,-4.5017,0.6037,.60-.70,
EGLD/USDT,2024-09-12,LONG,0.5799,26.77,25.75,5,False,-3.8102,0.7038,.55-.60,
EGLD/USDT,2024-09-15,LONG,0.5702,25.41,26.25,3,True,3.3058,1.0383,.55-.60,1-1.5x
EGLD/USDT,2024-09-17,LONG,0.5521,25.75,26.25,1,True,1.9417,0.9957,.55-.60,
EGLD/USDT,2024-09-20,LONG,0.571,27.94,28.16,2,True,0.7874,0.6132,.55-.60,
EGLD/USDT,2024-09-21,LONG,0.6291,28.94,28.16,1,True,-2.6952,0.9902,.60-.70,
EGLD/USDT,2024-09-23,LONG,0.5734,28.9,29.28,5,False,1.3149,0.7869,.55-.60,
EGLD/USDT,2024-09-26,LONG,0.5616,29.74,27.42,4,True,-7.8009,1.0102,.55-.60,1-1.5x
EGLD/USDT,2024-10-07,LONG,0.8837,25.38,24.65,2,True,-2.8763,0.3971,>.80,
EGLD/USDT,2024-10-16,LONG,0.5801,26.3,25.6,1,True,-2.6616,0.7447,.55-.60,
EGLD/USDT,2024-10-18,LONG,0.7411,26.74,26.75,3,True,0.0374,1.2168,.70-.80,1-1.5x
EGLD/USDT,2024-10-20,LONG,0.7035,27.8,26.75,1,True,-3.777,1.1167,.70-.80,1-1.5x
EGLD/USDT,2024-10-23,LONG,0.5619,26.09,26.02,1,True,-0.2683,0.1131,.55-.60,
EGLD/USDT,2024-10-30,LONG,0.7214,24.46,23.45,1,True,-4.1292,0.9411,.70-.80,
EGLD/USDT,2024-11-01,LONG,0.6181,23.31,23.03,1,True,-1.2012,0.1688,.60-.70,
EGLD/USDT,2024-11-07,LONG,0.8157,26.64,33.52,4,True,25.8258,0.6365,>.80,
EGLD/USDT,2024-11-08,LONG,0.7377,28.39,33.52,3,True,18.0697,1.4656,.70-.80,1-1.5x
EGLD/USDT,2024-11-09,LONG,0.9612,29.61,33.52,2,True,13.205,0.9546,>.80,
EGLD/USDT,2024-11-10,LONG,0.9159,30.38,33.52,1,True,10.3357,0.5891,>.80,
EGLD/USDT,2024-11-13,LONG,0.6118,29.6,29.01,2,True,-1.9932,1.0717,.60-.70,1-1.5x
EGLD/USDT,2024-11-14,LONG,0.9919,28.04,29.01,1,True,3.4593,1.0536,>.80,1-1.5x
EGLD/USDT,2024-11-18,LONG,0.8102,31.43,35.96,5,False,14.413,1.3293,>.80,1-1.5x
EGLD/USDT,2024-11-19,LONG,0.9896,31.35,35.96,4,True,14.7049,0.0432,>.80,
EGLD/USDT,2024-11-21,LONG,0.6534,30.17,35.96,2,True,19.1912,0.7465,.60-.70,
EGLD/USDT,2024-11-22,LONG,0.9666,34.14,35.96,1,True,5.331,1.9744,>.80,1.5-2x
EGLD/USDT,2024-11-24,LONG,0.8075,38.98,39.23,4,True,0.6414,1.2621,>.80,1-1.5x
EGLD/USDT,2024-11-25,LONG,0.9746,36.63,39.23,3,True,7.098,0.8739,>.80,
EGLD/USDT,2024-11-26,LONG,0.7803,36.97,39.23,2,True,6.1131,0.1392,.70-.80,
EGLD/USDT,2024-11-27,LONG,0.8612,38.8,39.23,1,True,1.1082,0.7389,>.80,
EGLD/USDT,2024-11-29,LONG,0.5978,42.53,42.71,1,True,0.4232,1.2441,.55-.60,1-1.5x
EGLD/USDT,2024-12-05,LONG,0.9404,54.45,44.26,5,False,-18.7144,0.0773,>.80,
EGLD/USDT,2024-12-06,LONG,0.9403,55.1,46.81,5,False,-15.0454,0.1921,>.80,
EGLD/USDT,2024-12-08,LONG,0.9478,55.73,46.81,3,True,-16.0057,0.6169,>.80,
EGLD/USDT,2024-12-09,LONG,0.5994,44.87,46.81,2,True,4.3236,2.5843,.55-.60,2-3x
EGLD/USDT,2024-12-10,LONG,0.77,44.26,46.81,1,True,5.7614,0.1885,.70-.80,
EGLD/USDT,2024-12-13,LONG,0.7878,48.44,44.94,3,True,-7.2254,0.183,.70-.80,
EGLD/USDT,2024-12-14,LONG,0.7786,46.36,44.94,2,True,-3.063,0.6434,.70-.80,
EGLD/USDT,2024-12-15,LONG,0.5584,47.17,44.94,1,True,-4.7276,0.2705,.55-.60,
EGLD/USDT,2024-12-17,LONG,0.6554,42.78,38.18,1,True,-10.7527,0.72,.60-.70,
EGLD/USDT,2024-12-19,LONG,0.629,34.57,36.14,1,True,4.5415,1.318,.60-.70,1-1.5x
EGLD/USDT,2024-12-22,LONG,0.6617,33.58,35.93,1,True,6.9982,0.1538,.60-.70,
EGLD/USDT,2024-12-26,LONG,0.5554,33.82,34.08,1,True,0.7688,0.8214,.55-.60,
EGLD/USDT,2024-12-29,LONG,0.8148,34.24,33.47,2,True,-2.2488,0.7511,>.80,
EGLD/USDT,2024-12-30,LONG,0.5824,34.31,33.47,1,True,-2.4483,0.0407,.55-.60,
EGLD/USDT,2025-01-03,LONG,0.6018,38.09,37.56,2,True,-1.3914,1.2007,.60-.70,1-1.5x
EGLD/USDT,2025-01-04,LONG,0.5619,38.08,37.56,1,True,-1.3655,0.0051,.55-.60,
EGLD/USDT,2025-01-06,LONG,0.5824,38.32,33.2,4,True,-13.3612,0.4055,.55-.60,
EGLD/USDT,2025-01-18,LONG,0.614,35.6,31.64,2,True,-11.1236,1.1852,.60-.70,1-1.5x
EGLD/USDT,2025-01-19,LONG,0.5829,32.1,31.64,1,True,-1.433,2.0247,.55-.60,2-3x
EGLD/USDT,2025-01-24,LONG,0.5856,29.95,28.83,3,True,-3.7396,0.6598,.55-.60,
EGLD/USDT,2025-01-26,LONG,0.5836,29.45,28.83,1,True,-2.1053,0.5589,.55-.60,
EGLD/USDT,2025-02-03,LONG,0.8561,24.63,21.88,2,True,-11.1652,0.5138,>.80,
EGLD/USDT,2025-02-11,LONG,0.5694,22.84,22.48,4,True,-1.5762,0.298,.55-.60,
EGLD/USDT,2025-02-13,LONG,0.5787,23.09,22.48,2,True,-2.6418,0.6477,.55-.60,
EGLD/USDT,2025-02-23,LONG,0.6412,23.28,21.05,2,True,-9.579,0.2355,.60-.70,
EGLD/USDT,2025-02-28,LONG,0.8233,21.73,21.63,5,False,-0.4602,0.5353,>.80,
EGLD/USDT,2025-03-01,LONG,0.6569,21.63,20.62,5,False,-4.6694,0.1122,.60-.70,
EGLD/USDT,2025-03-03,LONG,0.6108,22.6,20.62,3,True,-8.7611,1.7831,.60-.70,1.5-2x
EGLD/USDT,2025-03-05,LONG,0.8539,21.63,20.62,1,True,-4.6694,0.2292,>.80,
EGLD/USDT,2025-03-11,LONG,0.6591,18.18,17.56,2,True,-3.4103,0.597,.60-.70,
EGLD/USDT,2025-03-14,LONG,0.736,18.01,18.45,1,True,2.4431,0.3919,.70-.80,
EGLD/USDT,2025-03-17,LONG,0.6129,18.37,18.71,2,True,1.8508,0.585,.60-.70,
EGLD/USDT,2025-03-18,LONG,0.7376,18.03,18.71,1,True,3.7715,0.305,.70-.80,
EGLD/USDT,2025-03-20,LONG,0.5859,18.12,19.32,4,True,6.6225,0.5212,.55-.60,
EGLD/USDT,2025-03-21,LONG,0.8869,17.89,19.32,3,True,7.9933,0.2098,>.80,
EGLD/USDT,2025-03-22,LONG,0.8727,18.14,19.32,2,True,6.505,0.3286,>.80,
EGLD/USDT,2025-03-26,LONG,0.676,19.03,16.17,3,True,-15.0289,1.2331,.60-.70,1-1.5x
EGLD/USDT,2025-03-27,LONG,0.9341,18.74,16.17,2,True,-13.714,0.411,>.80,
EGLD/USDT,2025-03-28,LONG,0.9542,17.07,16.17,1,True,-5.2724,2.1322,>.80,2-3x
EGLD/USDT,2025-03-30,LONG,0.9091,16.34,16.08,1,True,-1.5912,0.2734,>.80,
EGLD/USDT,2025-04-05,LONG,0.597,14.08,12.66,1,True,-10.0852,1.0396,.55-.60,1-1.5x
AAVE/USDT,2024-08-27,LONG,0.7172,119.96,120.7,5,False,0.6169,1.3524,.70-.80,1-1.5x
AAVE/USDT,2024-08-29,LONG,0.7247,123.33,120.7,3,True,-2.1325,0.3441,.70-.80,
AAVE/USDT,2024-08-30,LONG,0.6288,131.17,120.7,2,True,-7.982,1.2983,.60-.70,1-1.5x
AAVE/USDT,2024-08-31,LONG,0.6562,129.69,120.7,1,True,-6.9319,0.2327,.60-.70,
AAVE/USDT,2024-09-04,LONG,0.8379,135.18,128.92,1,True,-4.6309,2.005,>.80,2-3x
AAVE/USDT,2024-09-07,LONG,0.9438,125.16,125.93,1,True,0.6152,0.1944,>.80,
AAVE/USDT,2024-09-09,LONG,0.6227,139.94,140.09,5,False,0.1072,1.5883,.60-.70,1.5-2x
AAVE/USDT,2024-09-10,LONG,0.9049,150.57,140.09,4,True,-6.9602,1.0938,>.80,1-1.5x
AAVE/USDT,2024-09-11,LONG,0.687,149.56,140.09,3,True,-6.3319,0.0972,.60-.70,
AAVE/USDT,2024-09-12,LONG,0.6995,145.05,140.09,2,True,-3.4195,0.4402,.60-.70,
AAVE/USDT,2024-09-13,LONG,0.719,144.37,140.09,1,True,-2.9646,0.0693,.70-.80,
AAVE/USDT,2024-09-17,LONG,0.5708,140.65,150.37,2,True,6.9108,0.0442,.55-.60,
AAVE/USDT,2024-09-18,LONG,0.6224,141.74,150.37,1,True,6.0886,0.1207,.60-.70,
AAVE/USDT,2024-09-21,LONG,0.6689,154.56,165.0,4,True,6.7547,0.1215,.60-.70,
AAVE/USDT,2024-09-26,LONG,0.607,165.27,170.35,1,True,3.0738,0.0419,.60-.70,
AAVE/USDT,2024-09-28,LONG,0.7118,164.0,156.82,2,True,-4.378,0.9227,.70-.80,
AAVE/USDT,2024-09-29,LONG,0.5875,161.51,156.82,1,True,-2.9038,0.4501,.55-.60,
AAVE/USDT,2024-10-03,LONG,0.6301,143.79,150.15,3,True,4.4231,0.9129,.60-.70,
AAVE/USDT,2024-10-04,LONG,0.7876,151.27,150.15,2,True,-0.7404,1.3828,.70-.80,1-1.5x
AAVE/USDT,2024-10-05,LONG,0.6238,148.52,150.15,1,True,1.0975,0.4828,.60-.70,
AAVE/USDT,2024-10-12,LONG,0.6271,154.68,153.17,5,False,-0.9762,1.956,.60-.70,1.5-2x
AAVE/USDT,2024-10-15,LONG,0.6525,156.76,158.9,5,False,1.3651,1.0066,.60-.70,1-1.5x
AAVE/USDT,2024-10-16,LONG,0.5561,155.79,153.29,5,False,-1.6047,0.1627,.55-.60,
AAVE/USDT,2024-10-17,LONG,0.6174,153.17,152.65,5,False,-0.3395,0.4504,.60-.70,
AAVE/USDT,2024-10-18,LONG,0.6351,159.0,149.64,5,False,-5.8868,1.0103,.60-.70,1-1.5x
AAVE/USDT,2024-10-19,LONG,0.5522,158.13,147.43,5,False,-6.7666,0.1457,.55-.60,
AAVE/USDT,2024-10-20,LONG,0.5825,158.9,147.43,4,True,-7.2184,0.1318,.55-.60,
AAVE/USDT,2024-10-21,LONG,0.6427,153.29,147.43,3,True,-3.8228,1.0616,.60-.70,1-1.5x
AAVE/USDT,2024-10-28,LONG,0.5712,151.61,143.51,3,True,-5.3427,0.717,.55-.60,
AAVE/USDT,2024-10-29,LONG,0.5915,151.51,143.51,2,True,-5.2802,0.0199,.55-.60,
AAVE/USDT,2024-11-03,LONG,0.5873,132.92,135.81,2,True,2.1742,1.2253,.55-.60,1-1.5x
AAVE/USDT,2024-11-08,LONG,0.6853,182.03,195.45,1,True,7.3724,0.1025,.60-.70,
AAVE/USDT,2024-11-10,LONG,0.6401,189.98,193.4,1,True,1.8002,0.3755,.60-.70,
AAVE/USDT,2024-11-13,LONG,0.5582,173.36,164.39,2,True,-5.1742,0.4292,.55-.60,
AAVE/USDT,2024-11-14,LONG,0.8436,158.25,164.39,1,True,3.8799,1.1107,>.80,1-1.5x
AAVE/USDT,2024-11-18,LONG,0.8631,170.78,161.85,1,True,-5.2289,0.6837,>.80,
AAVE/USDT,2024-11-21,LONG,0.7067,169.2,181.69,5,False,7.3818,0.9863,.70-.80,
AAVE/USDT,2024-11-22,LONG,0.8728,173.51,181.69,4,True,4.7144,0.3191,>.80,
AAVE/USDT,2024-11-23,LONG,0.5673,174.34,181.69,3,True,4.2159,0.0607,.55-.60,
AAVE/USDT,2024-11-24,LONG,0.8029,171.08,181.69,2,True,6.2018,0.2385,>.80,
AAVE/USDT,2024-11-25,LONG,0.8707,181.38,181.69,1,True,0.1709,0.7673,>.80,
AAVE/USDT,2024-11-27,LONG,0.9175,210.5,198.96,2,True,-5.4822,2.6939,>.80,2-3x
AAVE/USDT,2024-11-30,LONG,0.8758,211.88,209.13,1,True,-1.2979,1.0963,>.80,1-1.5x
AAVE/USDT,2024-12-02,LONG,0.8655,235.44,256.47,2,True,8.9322,2.0266,>.80,2-3x
AAVE/USDT,2024-12-06,LONG,0.5902,281.7,282.65,2,True,0.3372,2.1653,.55-.60,2-3x
AAVE/USDT,2024-12-07,LONG,0.6394,282.05,282.65,1,True,0.2127,0.0201,.60-.70,
AAVE/USDT,2024-12-09,LONG,0.6168,260.4,276.56,1,True,6.2058,1.2323,.60-.70,1-1.5x
AAVE/USDT,2024-12-12,LONG,0.8203,367.19,377.66,1,True,2.8514,2.8243,>.80,2-3x
AAVE/USDT,2024-12-14,LONG,0.9049,365.55,360.98,3,True,-1.2502,0.424,>.80,
AAVE/USDT,2024-12-15,LONG,0.9093,368.56,360.98,2,True,-2.0567,0.1086,>.80,
AAVE/USDT,2024-12-18,LONG,0.5998,340.06,299.0,3,True,-12.0743,0.7949,.55-.60,
AAVE/USDT,2024-12-20,LONG,0.7771,329.38,299.0,1,True,-9.2234,0.6012,.70-.80,
AAVE/USDT,2024-12-22,LONG,0.7843,318.99,383.58,1,True,20.2483,0.8714,.70-.80,
AAVE/USDT,2024-12-28,LONG,0.7132,354.44,308.69,3,True,-12.9077,1.0632,.70-.80,1-1.5x
AAVE/USDT,2024-12-29,LONG,0.7642,332.67,308.69,2,True,-7.2083,0.7016,.70-.80,
AAVE/USDT,2025-01-03,LONG,0.7523,350.81,351.66,1,True,0.2423,0.7159,.70-.80,
AAVE/USDT,2025-01-05,LONG,0.7075,341.35,293.48,3,True,-14.0237,0.4063,.70-.80,
AAVE/USDT,2025-01-06,LONG,0.7211,341.6,293.48,2,True,-14.0867,0.0103,.70-.80,
AAVE/USDT,2025-01-07,LONG,0.5748,306.87,293.48,1,True,-4.3634,1.3764,.55-.60,1-1.5x
AAVE/USDT,2025-01-20,LONG,0.6096,337.54,335.0,4,True,-0.7525,1.8429,.60-.70,1.5-2x
AAVE/USDT,2025-01-21,LONG,0.887,370.82,335.0,3,True,-9.6597,1.8423,>.80,1.5-2x
AAVE/USDT,2025-01-22,LONG,0.5825,346.51,335.0,2,True,-3.3217,1.1848,.55-.60,1-1.5x
AAVE/USDT,2025-01-28,LONG,0.6051,284.24,290.94,1,True,2.3572,1.3232,.60-.70,1-1.5x
AAVE/USDT,2025-01-31,LONG,0.7016,332.69,296.15,1,True,-10.9832,0.9897,.70-.80,
AAVE/USDT,2025-02-03,LONG,0.7888,276.4,259.78,2,True,-6.013,0.9976,.70-.80,
AAVE/USDT,2025-02-04,LONG,0.796,272.15,259.78,1,True,-4.5453,0.2304,.70-.80,
AAVE/USDT,2025-02-06,LONG,0.9899,241.48,238.03,1,True,-1.4287,1.0756,>.80,1-1.5x
AAVE/USDT,2025-02-08,LONG,0.6592,238.84,241.26,1,True,1.0132,0.0526,.60-.70,
AAVE/USDT,2025-02-11,LONG,0.7136,243.93,262.58,3,True,7.6456,0.6222,.70-.80,
AAVE/USDT,2025-02-13,LONG,0.6015,256.56,262.58,1,True,2.3464,0.2623,.60-.70,
AAVE/USDT,2025-02-16,LONG,0.6357,253.92,249.5,2,True,-1.7407,0.0381,.60-.70,
AAVE/USDT,2025-02-17,LONG,0.6217,264.63,249.5,1,True,-5.7174,0.7522,.60-.70,
AAVE/USDT,2025-02-19,LONG,0.6066,252.96,247.68,4,True,-2.0873,0.2606,.60-.70,
AAVE/USDT,2025-02-20,LONG,0.5538,261.32,247.68,3,True,-5.2197,0.6351,.55-.60,
AAVE/USDT,2025-02-26,LONG,0.5938,202.66,204.1,1,True,0.7105,0.2657,.55-.60,
AAVE/USDT,2025-02-28,LONG,0.6107,192.2,180.91,3,True,-5.8741,1.2236,.60-.70,1-1.5x
AAVE/USDT,2025-03-04,LONG,0.5892,206.63,220.8,1,True,6.8577,1.8105,.55-.60,1.5-2x
AAVE/USDT,2025-03-07,LONG,0.9059,196.68,174.83,5,False,-11.1094,0.6939,>.80,
AAVE/USDT,2025-03-09,LONG,0.7254,178.62,162.88,4,True,-8.812,1.0659,.70-.80,1-1.5x
AAVE/USDT,2025-03-10,LONG,0.8203,180.38,162.88,3,True,-9.7017,0.1207,>.80,
AAVE/USDT,2025-03-11,LONG,0.6391,181.93,162.88,2,True,-10.4711,0.1054,.60-.70,
AAVE/USDT,2025-03-14,LONG,0.636,173.17,182.47,5,False,5.3704,0.7655,.60-.70,
AAVE/USDT,2025-03-15,LONG,0.6652,173.0,178.76,5,False,3.3295,0.0119,.60-.70,
AAVE/USDT,2025-03-18,LONG,0.5762,170.11,178.25,3,True,4.7851,0.3371,.55-.60,
AAVE/USDT,2025-03-19,LONG,0.5929,182.47,178.25,2,True,-2.3127,0.906,.55-.60,
AAVE/USDT,2025-03-23,LONG,0.5534,185.04,177.51,3,True,-4.0694,0.5096,.55-.60,
AAVE/USDT,2025-03-24,LONG,0.5564,190.8,177.51,2,True,-6.9654,0.6534,.55-.60,
AAVE/USDT,2025-03-25,LONG,0.5753,186.7,177.51,1,True,-4.9223,0.4808,.55-.60,
AAVE/USDT,2025-03-30,LONG,0.6304,163.6,150.26,3,True,-8.154,0.647,.60-.70,
AAVE/USDT,2025-04-01,LONG,0.5969,166.03,150.26,1,True,-9.4983,0.9377,.55-.60,
AAVE/USDT,2025-04-03,LONG,0.6175,151.06,152.66,2,True,1.0592,0.1254,.60-.70,
AAVE/USDT,2025-04-06,LONG,0.5668,129.04,132.02,1,True,2.3094,3.0398,.55-.60,3-5x
FLOW/USDT,2024-08-28,LONG,0.5677,0.5364,0.5674,5,False,5.7793,0.5003,.55-.60,
FLOW/USDT,2024-08-29,LONG,0.6708,0.5524,0.5478,5,False,-0.8327,0.8956,.60-.70,
FLOW/USDT,2024-08-30,LONG,0.5987,0.5555,0.5478,4,True,-1.3861,0.1695,.55-.60,
FLOW/USDT,2024-09-01,LONG,0.6001,0.5284,0.5478,2,True,3.6715,1.5273,.60-.70,1.5-2x
FLOW/USDT,2024-09-07,LONG,0.598,0.5142,0.5225,1,True,1.6142,0.0711,.55-.60,
FLOW/USDT,2024-09-10,LONG,0.5577,0.5403,0.5414,5,False,0.2036,0.0656,.55-.60,
FLOW/USDT,2024-09-14,LONG,0.5658,0.5593,0.5414,1,True,-3.2004,0.2135,.55-.60,
FLOW/USDT,2024-09-17,LONG,0.5752,0.5354,0.5945,4,True,11.0385,0.5678,.55-.60,
FLOW/USDT,2024-09-18,LONG,0.6633,0.5475,0.5945,3,True,8.5845,0.7677,.60-.70,
FLOW/USDT,2024-09-19,LONG,0.6342,0.5686,0.5945,2,True,4.555,1.2567,.60-.70,1-1.5x
FLOW/USDT,2024-09-27,LONG,0.5949,0.628,0.5388,4,True,-14.2038,0.4035,.55-.60,
FLOW/USDT,2024-09-28,LONG,0.6439,0.617,0.5388,3,True,-12.6742,0.7989,.60-.70,
FLOW/USDT,2024-10-05,LONG,0.6639,0.5504,0.5527,1,True,0.4179,0.3045,.60-.70,
FLOW/USDT,2024-10-07,LONG,0.8999,0.5375,0.5227,3,True,-2.7535,0.9017,>.80,
FLOW/USDT,2024-10-08,LONG,0.6425,0.5371,0.5227,2,True,-2.6811,0.0248,.60-.70,
FLOW/USDT,2024-10-09,LONG,0.5814,0.5267,0.5227,1,True,-0.7594,0.6709,.55-.60,
FLOW/USDT,2024-10-15,LONG,0.5739,0.5598,0.5363,2,True,-4.1979,0.2974,.55-.60,
FLOW/USDT,2024-10-19,LONG,0.5895,0.5615,0.5699,2,True,1.496,0.229,.55-.60,
FLOW/USDT,2024-10-20,LONG,0.8679,0.5938,0.5699,1,True,-4.0249,1.864,>.80,1.5-2x
FLOW/USDT,2024-10-23,LONG,0.914,0.5404,0.5482,1,True,1.4434,1.6886,>.80,1.5-2x
FLOW/USDT,2024-10-26,LONG,0.8415,0.5126,0.5217,2,True,1.7753,0.0061,>.80,
FLOW/USDT,2024-10-27,LONG,0.7512,0.5156,0.5217,1,True,1.1831,0.185,.70-.80,
FLOW/USDT,2024-10-30,LONG,0.5577,0.5423,0.5104,1,True,-5.8824,0.1228,.55-.60,
FLOW/USDT,2024-11-01,LONG,0.808,0.5088,0.4834,2,True,-4.9921,0.092,>.80,
FLOW/USDT,2024-11-02,LONG,0.5545,0.5061,0.4834,1,True,-4.4853,0.1565,.55-.60,
FLOW/USDT,2024-11-06,LONG,0.8814,0.5408,0.6032,4,True,11.5385,2.0986,>.80,2-3x
FLOW/USDT,2024-11-08,LONG,0.749,0.5445,0.6032,2,True,10.7805,0.2389,.70-.80,
FLOW/USDT,2024-11-09,LONG,0.9381,0.5635,0.6032,1,True,7.0453,0.9354,>.80,
FLOW/USDT,2024-11-11,LONG,0.667,0.6314,0.61,1,True,-3.3893,1.1515,.60-.70,1-1.5x
FLOW/USDT,2024-11-16,LONG,0.8979,0.6932,0.7232,2,True,4.3278,2.2994,>.80,2-3x
FLOW/USDT,2024-11-17,LONG,0.822,0.6423,0.7232,1,True,12.5954,1.412,>.80,1-1.5x
FLOW/USDT,2024-11-20,LONG,0.6344,0.6752,0.8852,5,False,31.1019,0.7578,.60-.70,
FLOW/USDT,2024-11-22,LONG,0.9048,0.7567,0.8852,3,True,16.9816,1.0991,>.80,1-1.5x
FLOW/USDT,2024-11-23,LONG,0.7239,0.8531,0.8852,2,True,3.7627,2.1052,.70-.80,2-3x
FLOW/USDT,2024-11-24,LONG,0.6179,0.9631,0.8852,1,True,-8.0885,2.0311,.60-.70,2-3x
FLOW/USDT,2024-11-26,LONG,0.9158,0.8694,0.8837,2,True,1.6448,0.2609,>.80,
FLOW/USDT,2024-11-27,LONG,0.6711,0.9075,0.8837,1,True,-2.6226,0.6428,.60-.70,
FLOW/USDT,2024-11-29,LONG,0.8386,0.9885,0.9887,1,True,0.0202,1.6438,>.80,1.5-2x
FLOW/USDT,2024-12-05,LONG,0.871,1.1502,1.1704,3,True,1.7562,0.7911,>.80,
FLOW/USDT,2024-12-06,LONG,0.8531,1.1562,1.1704,2,True,1.2282,0.0772,>.80,
FLOW/USDT,2024-12-07,LONG,0.7322,1.146,1.1704,1,True,2.1291,0.138,.70-.80,
FLOW/USDT,2024-12-12,LONG,0.6523,0.9923,0.9882,1,True,-0.4132,0.2302,.60-.70,
FLOW/USDT,2024-12-14,LONG,0.724,0.9334,0.9191,2,True,-1.532,0.8247,.70-.80,
FLOW/USDT,2024-12-15,LONG,0.6187,0.9601,0.9191,1,True,-4.2704,0.4424,.60-.70,
FLOW/USDT,2024-12-17,LONG,0.666,0.8702,0.7875,1,True,-9.5036,0.8069,.60-.70,
FLOW/USDT,2024-12-20,LONG,0.7915,0.7443,0.7053,1,True,-5.2398,0.5266,.70-.80,
FLOW/USDT,2024-12-22,LONG,0.6926,0.7219,0.7743,1,True,7.2586,0.3638,.60-.70,
FLOW/USDT,2024-12-28,LONG,0.6227,0.7442,0.6971,3,True,-6.3289,0.463,.60-.70,
FLOW/USDT,2024-12-29,LONG,0.6929,0.7075,0.6971,2,True,-1.47,0.9529,.60-.70,
FLOW/USDT,2024-12-30,LONG,0.5604,0.7108,0.6971,1,True,-1.9274,0.0906,.55-.60,
FLOW/USDT,2025-01-03,LONG,0.6062,0.791,0.7933,1,True,0.2908,1.2224,.60-.70,1-1.5x
FLOW/USDT,2025-01-12,LONG,0.6005,0.7259,0.8098,5,False,11.5581,0.6349,.60-.70,
FLOW/USDT,2025-01-13,LONG,0.6332,0.7017,0.7496,5,False,6.8263,0.7857,.60-.70,
FLOW/USDT,2025-01-15,LONG,0.5526,0.7825,0.7496,3,True,-4.2045,1.6733,.55-.60,1.5-2x
FLOW/USDT,2025-01-21,LONG,0.6671,0.7198,0.6904,1,True,-4.0845,0.4448,.60-.70,
FLOW/USDT,2025-01-24,LONG,0.6273,0.6728,0.6415,3,True,-4.6522,0.548,.60-.70,
FLOW/USDT,2025-01-26,LONG,0.5768,0.6625,0.6415,1,True,-3.1698,0.6515,.55-.60,
FLOW/USDT,2025-01-28,LONG,0.6127,0.6046,0.6191,1,True,2.3983,1.3445,.60-.70,1-1.5x
FLOW/USDT,2025-01-31,LONG,0.6002,0.6491,0.5995,1,True,-7.6413,0.2303,.60-.70,
FLOW/USDT,2025-02-03,LONG,0.904,0.5344,0.488,2,True,-8.6826,0.578,>.80,
FLOW/USDT,2025-02-06,LONG,0.9912,0.4702,0.4767,1,True,1.3824,0.7692,>.80,
FLOW/USDT,2025-02-11,LONG,0.687,0.5095,0.5153,4,True,1.1384,0.0594,.60-.70,
FLOW/USDT,2025-02-13,LONG,0.5987,0.5232,0.5153,2,True,-1.5099,0.4324,.55-.60,
FLOW/USDT,2025-02-14,LONG,0.6378,0.5298,0.5153,1,True,-2.7369,0.263,.60-.70,
FLOW/USDT,2025-02-19,LONG,0.5506,0.5214,0.5157,2,True,-1.0932,0.8492,.55-.60,
FLOW/USDT,2025-02-28,LONG,0.6558,0.4811,0.4478,3,True,-6.9216,0.1596,.60-.70,
FLOW/USDT,2025-03-04,LONG,0.5983,0.4382,0.4578,1,True,4.4728,0.4223,.55-.60,
FLOW/USDT,2025-03-07,LONG,0.6568,0.4365,0.3765,3,True,-13.7457,0.0785,.60-.70,
FLOW/USDT,2025-03-11,LONG,0.6665,0.3903,0.4016,1,True,2.8952,0.6638,.60-.70,
FLOW/USDT,2025-03-14,LONG,0.693,0.4022,0.4008,2,True,-0.3481,0.4072,.60-.70,
FLOW/USDT,2025-03-15,LONG,0.6427,0.4142,0.4008,1,True,-3.2352,0.5355,.60-.70,
FLOW/USDT,2025-03-17,LONG,0.6423,0.419,0.4391,2,True,4.7971,0.8559,.60-.70,
FLOW/USDT,2025-03-18,LONG,0.6013,0.4242,0.4391,1,True,3.5125,0.2333,.60-.70,
FLOW/USDT,2025-03-20,LONG,0.6442,0.4217,0.4168,2,True,-1.162,0.7339,.60-.70,
FLOW/USDT,2025-03-21,LONG,0.7647,0.4114,0.4168,1,True,1.3126,0.4515,.70-.80,
FLOW/USDT,2025-03-26,LONG,0.5603,0.4245,0.3809,5,False,-10.2709,0.2574,.55-.60,
FLOW/USDT,2025-03-27,LONG,0.6773,0.4205,0.3809,4,True,-9.4174,0.273,.60-.70,
FLOW/USDT,2025-03-28,LONG,0.6025,0.3935,0.3809,3,True,-3.202,1.7239,.60-.70,1.5-2x
FLOW/USDT,2025-03-30,LONG,0.5813,0.3802,0.3809,1,True,0.1841,0.1699,.55-.60,
FLOW/USDT,2025-04-05,LONG,0.629,0.3699,0.3343,1,True,-9.6242,0.5465,.60-.70,
GALA/USDT,2024-08-30,LONG,0.7011,0.01997,0.0185,3,True,-7.361,1.1975,.70-.80,1-1.5x
GALA/USDT,2024-09-03,LONG,0.6251,0.01753,0.01737,2,True,-0.9127,0.9632,.60-.70,
GALA/USDT,2024-09-04,LONG,0.5856,0.01804,0.01737,1,True,-3.714,0.5365,.55-.60,
GALA/USDT,2024-09-07,LONG,0.5604,0.01843,0.01862,2,True,1.0309,1.1272,.55-.60,1-1.5x
GALA/USDT,2024-09-08,LONG,0.6207,0.01869,0.01862,1,True,-0.3745,0.2609,.60-.70,
GALA/USDT,2024-09-10,LONG,0.556,0.01862,0.01825,2,True,-1.9871,0.0,.55-.60,
GALA/USDT,2024-09-11,LONG,0.5732,0.01794,0.01825,1,True,1.728,0.6747,.55-.60,
GALA/USDT,2024-09-15,LONG,0.6632,0.01753,0.01727,1,True,-1.4832,0.9951,.60-.70,
GALA/USDT,2024-09-17,LONG,0.5893,0.01812,0.02003,3,True,10.5408,1.2701,.55-.60,1-1.5x
GALA/USDT,2024-09-18,LONG,0.735,0.01889,0.02003,2,True,6.0349,1.0637,.70-.80,1-1.5x
GALA/USDT,2024-09-19,LONG,0.6102,0.01959,0.02003,1,True,2.246,0.9693,.60-.70,
GALA/USDT,2024-09-25,LONG,0.6503,0.02146,0.0232,1,True,8.1081,0.686,.60-.70,
GALA/USDT,2024-09-29,LONG,0.7148,0.02435,0.02251,1,True,-7.5565,0.1617,.70-.80,
GALA/USDT,2024-10-03,LONG,0.8293,0.01913,0.01981,1,True,3.5546,0.5522,>.80,
GALA/USDT,2024-10-07,LONG,0.9424,0.02119,0.02049,1,True,-3.3034,0.2765,>.80,
GALA/USDT,2024-10-13,LONG,0.6474,0.02178,0.02326,1,True,6.7952,0.0376,.60-.70,
GALA/USDT,2024-10-16,LONG,0.6041,0.02229,0.02125,1,True,-4.6658,0.4836,.60-.70,
GALA/USDT,2024-10-18,LONG,0.6697,0.02279,0.02421,4,True,6.2308,1.5295,.60-.70,1.5-2x
GALA/USDT,2024-10-19,LONG,0.6565,0.02315,0.02421,3,True,4.5788,0.3324,.60-.70,
GALA/USDT,2024-10-20,LONG,0.8065,0.02421,0.02421,2,True,0.0,1.0119,>.80,1-1.5x
GALA/USDT,2024-10-21,LONG,0.8486,0.02354,0.02421,1,True,2.8462,0.7102,>.80,
GALA/USDT,2024-10-23,LONG,0.8559,0.02248,0.02312,1,True,2.847,1.7176,>.80,1.5-2x
GALA/USDT,2024-10-26,LONG,0.8671,0.02038,0.02039,2,True,0.0491,0.0412,>.80,
GALA/USDT,2024-10-27,LONG,0.776,0.02069,0.02039,1,True,-1.45,0.3185,.70-.80,
GALA/USDT,2024-10-29,LONG,0.6463,0.02131,0.01961,2,True,-7.9775,0.9486,.60-.70,
GALA/USDT,2024-11-02,LONG,0.6319,0.01896,0.01743,2,True,-8.0696,0.2731,.60-.70,
GALA/USDT,2024-11-03,LONG,0.7098,0.01795,0.01743,1,True,-2.8969,1.1723,.70-.80,1-1.5x
GALA/USDT,2024-11-05,LONG,0.564,0.01894,0.02519,5,False,32.9989,1.7136,.55-.60,1.5-2x
GALA/USDT,2024-11-06,LONG,0.6301,0.02137,0.02761,5,False,29.1998,2.2155,.60-.70,2-3x
GALA/USDT,2024-11-09,LONG,0.7528,0.02342,0.02456,5,False,4.8676,1.1249,.70-.80,1-1.5x
GALA/USDT,2024-11-11,LONG,0.6255,0.02761,0.02633,4,True,-4.636,1.5537,.60-.70,1.5-2x
GALA/USDT,2024-11-12,LONG,0.8285,0.02731,0.02633,3,True,-3.5884,0.1837,>.80,
GALA/USDT,2024-11-14,LONG,0.9344,0.02456,0.02633,1,True,7.2068,1.5086,>.80,1.5-2x
GALA/USDT,2024-11-21,LONG,0.562,0.02891,0.03664,4,True,26.7382,0.4876,.55-.60,
GALA/USDT,2024-11-22,LONG,0.9026,0.0297,0.03664,3,True,23.367,0.3705,>.80,
GALA/USDT,2024-11-23,LONG,0.8046,0.03516,0.03664,2,True,4.2093,2.3176,>.80,2-3x
GALA/USDT,2024-11-24,LONG,0.7818,0.03952,0.03664,1,True,-7.2874,1.5502,.70-.80,1.5-2x
GALA/USDT,2024-11-26,LONG,0.8893,0.03647,0.03968,2,True,8.8018,0.0572,>.80,
GALA/USDT,2024-11-27,LONG,0.8354,0.03721,0.03968,1,True,6.638,0.2504,>.80,
GALA/USDT,2024-12-01,LONG,0.8502,0.04404,0.04655,1,True,5.6994,0.213,>.80,
GALA/USDT,2024-12-03,LONG,0.6039,0.05133,0.06015,1,True,17.1829,1.2344,.60-.70,1-1.5x
GALA/USDT,2024-12-05,LONG,0.7823,0.06034,0.06047,3,True,0.2154,0.0377,.70-.80,
GALA/USDT,2024-12-06,LONG,0.6495,0.05936,0.06047,2,True,1.8699,0.2036,.60-.70,
GALA/USDT,2024-12-07,LONG,0.6367,0.06095,0.06047,1,True,-0.7875,0.3575,.60-.70,
GALA/USDT,2024-12-09,LONG,0.5676,0.04776,0.04934,5,False,3.3082,2.3465,.55-.60,2-3x
GALA/USDT,2024-12-11,LONG,0.7239,0.05155,0.04804,5,False,-6.8089,1.4088,.70-.80,1-1.5x
GALA/USDT,2024-12-14,LONG,0.8285,0.04934,0.04804,2,True,-2.6348,0.6163,>.80,
GALA/USDT,2024-12-15,LONG,0.6954,0.05095,0.04804,1,True,-5.7115,0.4025,.60-.70,
GALA/USDT,2024-12-17,LONG,0.5944,0.04465,0.04015,1,True,-10.0784,0.83,.55-.60,
GALA/USDT,2024-12-19,LONG,0.591,0.03516,0.03503,2,True,-0.3697,1.3474,.55-.60,1-1.5x
GALA/USDT,2024-12-20,LONG,0.8141,0.03744,0.03503,1,True,-6.437,0.7305,>.80,
GALA/USDT,2024-12-24,LONG,0.6758,0.03965,0.03849,1,True,-2.9256,0.5992,.60-.70,
GALA/USDT,2024-12-26,LONG,0.5691,0.03535,0.03492,1,True,-1.2164,1.0374,.55-.60,1-1.5x
GALA/USDT,2024-12-29,LONG,0.5997,0.03474,0.03441,2,True,-0.9499,0.8221,.55-.60,
GALA/USDT,2024-12-30,LONG,0.6379,0.03453,0.03441,1,True,-0.3475,0.091,.60-.70,
GALA/USDT,2025-01-01,LONG,0.5662,0.03708,0.04247,3,True,14.5361,1.2618,.55-.60,1-1.5x
GALA/USDT,2025-01-03,LONG,0.6111,0.04342,0.04247,1,True,-2.1879,1.5956,.60-.70,1.5-2x
GALA/USDT,2025-01-05,LONG,0.5698,0.04185,0.03542,5,False,-15.3644,0.2206,.55-.60,
GALA/USDT,2025-01-06,LONG,0.6424,0.04283,0.03633,5,False,-15.1763,0.3626,.60-.70,
GALA/USDT,2025-01-10,LONG,0.7287,0.03542,0.03913,5,False,10.4743,0.8142,.70-.80,
GALA/USDT,2025-01-11,LONG,0.5887,0.03633,0.0385,5,False,5.973,0.4214,.55-.60,
GALA/USDT,2025-01-13,LONG,0.6651,0.0335,0.04118,4,True,22.9254,0.6266,.60-.70,
GALA/USDT,2025-01-15,LONG,0.6024,0.03913,0.04118,2,True,5.2389,1.2131,.60-.70,1-1.5x
GALA/USDT,2025-01-20,LONG,0.6755,0.03274,0.03411,1,True,4.1845,0.2182,.60-.70,
GALA/USDT,2025-01-24,LONG,0.7158,0.03249,0.03076,2,True,-5.3247,0.2308,.70-.80,
GALA/USDT,2025-01-27,LONG,0.7442,0.03031,0.02738,1,True,-9.6668,0.2721,.70-.80,
GALA/USDT,2025-01-29,LONG,0.6085,0.02899,0.03102,1,True,7.0024,1.0189,.60-.70,1-1.5x
GALA/USDT,2025-01-31,LONG,0.6166,0.0319,0.02824,1,True,-11.4734,0.4808,.60-.70,
GALA/USDT,2025-02-03,LONG,0.9053,0.02447,0.02254,2,True,-7.8872,0.3528,>.80,
GALA/USDT,2025-02-04,LONG,0.5753,0.02247,0.02254,1,True,0.3115,1.2476,.55-.60,1-1.5x
GALA/USDT,2025-02-06,LONG,0.9914,0.02088,0.02207,2,True,5.6992,1.1734,>.80,1-1.5x
GALA/USDT,2025-02-11,LONG,0.6877,0.02271,0.02435,3,True,7.2215,0.2626,.60-.70,
GALA/USDT,2025-02-13,LONG,0.6865,0.0233,0.02435,1,True,4.5064,0.5465,.60-.70,
GALA/USDT,2025-02-16,LONG,0.5554,0.02242,0.02247,1,True,0.223,0.844,.55-.60,
GALA/USDT,2025-02-21,LONG,0.7669,0.02229,0.01976,5,False,-11.3504,0.5192,.70-.80,
GALA/USDT,2025-02-22,LONG,0.6767,0.0231,0.01976,4,True,-14.4589,0.8707,.60-.70,
GALA/USDT,2025-02-23,LONG,0.6869,0.02232,0.01976,3,True,-11.4695,0.8054,.60-.70,
GALA/USDT,2025-02-24,LONG,0.6771,0.01878,0.01976,2,True,5.2183,3.0612,.60-.70,3-5x
GALA/USDT,2025-02-25,LONG,0.6916,0.01982,0.01976,1,True,-0.3027,1.0319,.60-.70,1-1.5x
GALA/USDT,2025-02-28,LONG,0.6953,0.01999,0.01841,3,True,-7.904,0.0701,.60-.70,
GALA/USDT,2025-03-01,LONG,0.6873,0.01966,0.01841,2,True,-6.3581,0.3292,.60-.70,
GALA/USDT,2025-03-04,LONG,0.5855,0.0177,0.01881,1,True,6.2712,0.5789,.55-.60,
GALA/USDT,2025-03-07,LONG,0.5761,0.01851,0.01584,2,True,-14.4246,0.016,.55-.60,
GALA/USDT,2025-03-11,LONG,0.7145,0.01585,0.01621,2,True,2.2713,0.7749,.70-.80,
GALA/USDT,2025-03-12,LONG,0.645,0.01664,0.01621,1,True,-2.5841,0.6837,.60-.70,
GALA/USDT,2025-03-14,LONG,0.7255,0.01657,0.0163,2,True,-1.6295,0.3066,.70-.80,
GALA/USDT,2025-03-15,LONG,0.6304,0.01713,0.0163,1,True,-4.8453,0.4627,.60-.70,
GALA/USDT,2025-03-17,LONG,0.6473,0.01728,0.01774,2,True,2.662,0.9216,.60-.70,
GALA/USDT,2025-03-20,LONG,0.6182,0.01708,0.01715,2,True,0.4098,0.5643,.60-.70,
GALA/USDT,2025-03-21,LONG,0.5926,0.01665,0.01715,1,True,3.003,0.3813,.55-.60,
GALA/USDT,2025-03-24,LONG,0.6419,0.01816,0.01832,2,True,0.8811,1.164,.60-.70,1-1.5x
GALA/USDT,2025-03-25,LONG,0.6121,0.01858,0.01832,1,True,-1.3994,0.5267,.60-.70,
GALA/USDT,2025-03-27,LONG,0.5986,0.01833,0.01524,4,True,-16.8576,0.0124,.55-.60,
GALA/USDT,2025-03-28,LONG,0.6333,0.01667,0.01524,3,True,-8.5783,1.9095,.60-.70,1.5-2x
GALA/USDT,2025-03-29,LONG,0.5902,0.01539,0.01524,2,True,-0.9747,1.72,.55-.60,1.5-2x
GALA/USDT,2025-04-04,LONG,0.5631,0.01504,0.01485,1,True,-1.2633,0.2474,.55-.60,
SAND/USDT,2024-08-28,LONG,0.5539,0.2541,0.2527,1,True,-0.551,0.5491,.55-.60,
SAND/USDT,2024-09-04,LONG,0.6693,0.2501,0.2437,1,True,-2.559,0.8652,.60-.70,
SAND/USDT,2024-09-07,LONG,0.7167,0.2396,0.2599,5,False,8.4725,0.4675,.70-.80,
SAND/USDT,2024-09-08,LONG,0.7308,0.2444,0.2611,5,False,6.8331,0.4781,.70-.80,
SAND/USDT,2024-09-10,LONG,0.5767,0.255,0.2459,5,False,-3.5686,0.0761,.55-.60,
SAND/USDT,2024-09-14,LONG,0.6526,0.2554,0.2429,2,True,-4.8943,0.6183,.60-.70,
SAND/USDT,2024-09-15,LONG,0.6672,0.2459,0.2429,1,True,-1.22,1.0842,.60-.70,1-1.5x
SAND/USDT,2024-09-20,LONG,0.6135,0.272,0.288,1,True,5.8824,0.4128,.60-.70,
SAND/USDT,2024-09-28,LONG,0.6298,0.2924,0.2701,2,True,-7.6265,0.8869,.60-.70,
SAND/USDT,2024-09-29,LONG,0.7798,0.2904,0.2701,1,True,-6.9904,0.2362,.70-.80,
SAND/USDT,2024-10-01,LONG,0.7732,0.2496,0.2438,1,True,-2.3237,1.9928,.70-.80,1.5-2x
SAND/USDT,2024-10-06,LONG,0.8269,0.2577,0.2477,4,True,-3.8805,0.6022,>.80,
SAND/USDT,2024-10-07,LONG,0.9133,0.2544,0.2477,3,True,-2.6336,0.3471,>.80,
SAND/USDT,2024-10-08,LONG,0.6613,0.2511,0.2477,2,True,-1.354,0.3535,.60-.70,
SAND/USDT,2024-10-09,LONG,0.5509,0.2455,0.2477,1,True,0.8961,0.628,.55-.60,
SAND/USDT,2024-10-11,LONG,0.7352,0.2593,0.2621,2,True,1.0798,1.3626,.70-.80,1-1.5x
SAND/USDT,2024-10-12,LONG,0.7019,0.2649,0.2621,1,True,-1.057,0.6383,.70-.80,
SAND/USDT,2024-10-18,LONG,0.6831,0.281,0.2809,1,True,-0.0356,2.1974,.60-.70,2-3x
SAND/USDT,2024-10-20,LONG,0.8282,0.287,0.2801,2,True,-2.4042,0.6077,>.80,
SAND/USDT,2024-10-21,LONG,0.8941,0.2762,0.2801,1,True,1.412,1.1727,>.80,1-1.5x
SAND/USDT,2024-10-23,LONG,0.8562,0.2643,0.2664,1,True,0.7946,1.635,>.80,1.5-2x
SAND/USDT,2024-10-25,LONG,0.9425,0.2436,0.248,1,True,1.8062,2.1744,>.80,2-3x
SAND/USDT,2024-10-29,LONG,0.7948,0.2601,0.2435,2,True,-6.3822,0.7056,.70-.80,
SAND/USDT,2024-11-03,LONG,0.7483,0.2324,0.2649,5,False,13.9845,0.8297,.70-.80,
SAND/USDT,2024-11-05,LONG,0.6675,0.2372,0.2891,5,False,21.8803,1.0876,.60-.70,1-1.5x
SAND/USDT,2024-11-06,LONG,0.6574,0.2559,0.2891,4,True,12.9738,1.8665,.60-.70,1.5-2x
SAND/USDT,2024-11-07,LONG,0.6202,0.2577,0.2891,3,True,12.1847,0.189,.60-.70,
SAND/USDT,2024-11-09,LONG,0.7476,0.2753,0.2891,1,True,5.0127,1.0154,.70-.80,1-1.5x
SAND/USDT,2024-11-12,LONG,0.7302,0.3013,0.2915,3,True,-3.2526,0.371,.70-.80,
SAND/USDT,2024-11-13,LONG,0.8327,0.284,0.2915,2,True,2.6408,1.3868,>.80,1-1.5x
SAND/USDT,2024-11-14,LONG,0.933,0.2743,0.2915,1,True,6.2705,0.9257,>.80,
SAND/USDT,2024-11-18,LONG,0.8821,0.3593,0.333,2,True,-7.3198,0.3365,>.80,
SAND/USDT,2024-11-19,LONG,0.9963,0.3491,0.333,1,True,-4.6119,0.3071,>.80,
SAND/USDT,2024-11-22,LONG,0.951,0.3773,0.624,5,False,65.3856,0.887,>.80,
SAND/USDT,2024-11-24,LONG,0.9976,0.7736,0.6161,4,True,-20.3594,4.0631,>.80,3-5x
SAND/USDT,2024-11-25,LONG,0.9961,0.6996,0.6161,3,True,-11.9354,0.4976,>.80,
SAND/USDT,2024-11-26,LONG,0.921,0.6122,0.6161,2,True,0.637,0.6341,>.80,
SAND/USDT,2024-11-27,LONG,0.9958,0.624,0.6161,1,True,-1.266,0.0979,>.80,
SAND/USDT,2024-12-01,LONG,0.9148,0.6731,0.7723,2,True,14.7378,0.0363,>.80,
SAND/USDT,2024-12-02,LONG,0.6369,0.7121,0.7723,1,True,8.4539,0.2938,.60-.70,
SAND/USDT,2024-12-05,LONG,0.7439,0.8929,0.9154,1,True,2.5199,0.2249,.70-.80,
SAND/USDT,2024-12-13,LONG,0.5545,0.7858,0.7317,1,True,-6.8847,0.0742,.55-.60,
SAND/USDT,2024-12-15,LONG,0.618,0.7523,0.717,1,True,-4.6923,0.3268,.60-.70,
SAND/USDT,2024-12-17,LONG,0.6048,0.6811,0.6088,1,True,-10.6152,0.6062,.60-.70,
SAND/USDT,2024-12-20,LONG,0.5995,0.613,0.5945,3,True,-3.0179,1.2886,.55-.60,1-1.5x
SAND/USDT,2024-12-21,LONG,0.576,0.5661,0.5945,2,True,5.0168,0.8162,.55-.60,
SAND/USDT,2024-12-22,LONG,0.5898,0.5626,0.5945,1,True,5.6701,0.0668,.55-.60,
SAND/USDT,2024-12-24,LONG,0.5601,0.6406,0.6001,1,True,-6.3222,0.9882,.55-.60,
SAND/USDT,2024-12-28,LONG,0.5628,0.5784,0.5867,5,False,1.435,0.6076,.55-.60,
SAND/USDT,2024-12-30,LONG,0.5545,0.545,0.6523,5,False,19.6881,0.0896,.55-.60,
SAND/USDT,2025-01-03,LONG,0.5529,0.6496,0.5892,5,False,-9.298,1.6024,.55-.60,1.5-2x
SAND/USDT,2025-01-04,LONG,0.5593,0.6523,0.5794,5,False,-11.1758,0.0625,.55-.60,
SAND/USDT,2025-01-06,LONG,0.561,0.699,0.596,4,True,-14.7353,1.3421,.55-.60,1-1.5x
SAND/USDT,2025-01-18,LONG,0.5814,0.6263,0.5572,1,True,-11.0331,1.0928,.55-.60,1-1.5x
SAND/USDT,2025-01-21,LONG,0.5941,0.5825,0.5608,1,True,-3.7253,0.4285,.55-.60,
SAND/USDT,2025-01-24,LONG,0.5511,0.5528,0.5125,5,False,-7.2902,0.134,.55-.60,
SAND/USDT,2025-01-25,LONG,0.5531,0.5547,0.5333,5,False,-3.8579,0.0597,.55-.60,
SAND/USDT,2025-01-27,LONG,0.5501,0.5209,0.5333,3,True,2.3805,0.5296,.55-.60,
SAND/USDT,2025-02-03,LONG,0.7192,0.4324,0.3884,2,True,-10.1758,0.9111,.70-.80,
SAND/USDT,2025-02-06,LONG,0.9283,0.3705,0.3709,1,True,0.108,0.8564,>.80,
SAND/USDT,2025-02-11,LONG,0.5907,0.391,0.4058,3,True,3.7852,0.1652,.55-.60,
SAND/USDT,2025-02-13,LONG,0.5996,0.3943,0.4058,1,True,2.9166,0.4895,.55-.60,
SAND/USDT,2025-02-28,LONG,0.6347,0.3187,0.3627,2,True,13.8061,0.3659,.60-.70,
SAND/USDT,2025-03-01,LONG,0.5759,0.3179,0.3627,1,True,14.0925,0.058,.55-.60,
SAND/USDT,2025-03-04,LONG,0.661,0.302,0.313,1,True,3.6424,0.067,.60-.70,
SAND/USDT,2025-03-07,LONG,0.7679,0.3063,0.2698,2,True,-11.9164,0.0754,.70-.80,
SAND/USDT,2025-03-11,LONG,0.7405,0.2777,0.2808,1,True,1.1163,1.0759,.70-.80,1-1.5x
SAND/USDT,2025-03-14,LONG,0.7487,0.2839,0.2719,2,True,-4.2268,0.4961,.70-.80,
SAND/USDT,2025-03-15,LONG,0.5773,0.2872,0.2719,1,True,-5.3273,0.1718,.55-.60,
SAND/USDT,2025-03-17,LONG,0.6392,0.2876,0.299,2,True,3.9638,0.9095,.60-.70,
SAND/USDT,2025-03-20,LONG,0.6356,0.2873,0.2812,2,True,-2.1232,0.6073,.60-.70,
SAND/USDT,2025-03-21,LONG,0.6577,0.2801,0.2812,1,True,0.3927,0.3879,.60-.70,
SAND/USDT,2025-03-24,LONG,0.7254,0.3007,0.2692,5,False,-10.4756,1.273,.70-.80,1-1.5x
SAND/USDT,2025-03-25,LONG,0.7731,0.3065,0.27,5,False,-11.9086,0.4646,.70-.80,
SAND/USDT,2025-03-26,LONG,0.653,0.3092,0.2707,5,False,-12.4515,0.2129,.60-.70,
SAND/USDT,2025-03-27,LONG,0.6525,0.3114,0.2707,4,True,-13.07,0.172,.60-.70,
SAND/USDT,2025-03-28,LONG,0.7505,0.281,0.2707,3,True,-3.6655,2.0892,.70-.80,2-3x
SAND/USDT,2025-03-29,LONG,0.565,0.2692,0.2707,2,True,0.5572,0.9976,.55-.60,
MANA/USDT,2024-08-29,LONG,0.6197,0.2719,0.2724,1,True,0.1839,0.3504,.60-.70,
MANA/USDT,2024-09-04,LONG,0.5552,0.2649,0.2544,3,True,-3.9638,1.103,.55-.60,1-1.5x
MANA/USDT,2024-09-15,LONG,0.57,0.2694,0.2842,3,True,5.4937,0.6867,.55-.60,
MANA/USDT,2024-09-17,LONG,0.5571,0.277,0.2842,1,True,2.5993,1.5065,.55-.60,1.5-2x
MANA/USDT,2024-09-29,LONG,0.5511,0.3219,0.3021,1,True,-6.151,0.6212,.55-.60,
MANA/USDT,2024-10-01,LONG,0.5745,0.2798,0.2771,2,True,-0.965,1.9724,.55-.60,1.5-2x
MANA/USDT,2024-10-06,LONG,0.5662,0.2959,0.2819,4,True,-4.7313,0.1065,.55-.60,
MANA/USDT,2024-10-07,LONG,0.8574,0.2905,0.2819,3,True,-2.9604,0.4884,>.80,
MANA/USDT,2024-10-08,LONG,0.6267,0.2856,0.2819,2,True,-1.2955,0.4533,.60-.70,
MANA/USDT,2024-10-16,LONG,0.7255,0.3067,0.294,1,True,-4.1409,0.0967,.70-.80,
MANA/USDT,2024-10-18,LONG,0.7929,0.3375,0.3296,2,True,-2.3407,3.0965,.70-.80,3-5x
MANA/USDT,2024-10-19,LONG,0.9598,0.3251,0.3296,1,True,1.3842,0.7593,>.80,
MANA/USDT,2024-10-21,LONG,0.9711,0.316,0.3295,1,True,4.2722,0.945,>.80,
MANA/USDT,2024-10-23,LONG,0.8064,0.3113,0.3118,1,True,0.1606,1.1954,>.80,1-1.5x
MANA/USDT,2024-10-25,LONG,0.9791,0.2843,0.2876,1,True,1.1607,1.805,>.80,1.5-2x
MANA/USDT,2024-10-29,LONG,0.7043,0.3103,0.3048,1,True,-1.7725,0.875,.70-.80,
MANA/USDT,2024-11-03,LONG,0.6302,0.2697,0.3121,5,False,15.7212,0.8617,.60-.70,
MANA/USDT,2024-11-06,LONG,0.6556,0.3,0.3494,4,True,16.4667,1.796,.60-.70,1.5-2x
MANA/USDT,2024-11-09,LONG,0.7023,0.3231,0.3494,1,True,8.1399,0.806,.70-.80,
MANA/USDT,2024-11-12,LONG,0.7336,0.3611,0.3489,3,True,-3.3786,0.1132,.70-.80,
MANA/USDT,2024-11-13,LONG,0.8368,0.3356,0.3489,2,True,3.9631,1.4944,>.80,1-1.5x
MANA/USDT,2024-11-14,LONG,0.8641,0.3264,0.3489,1,True,6.8934,0.642,>.80,
MANA/USDT,2024-11-18,LONG,0.8777,0.4152,0.3958,2,True,-4.6724,0.7872,>.80,
MANA/USDT,2024-11-19,LONG,0.9956,0.4082,0.3958,1,True,-3.0377,0.2243,>.80,
MANA/USDT,2024-11-23,LONG,0.6277,0.5273,0.6199,5,False,17.5612,2.0367,.60-.70,2-3x
MANA/USDT,2024-11-24,LONG,0.9886,0.7263,0.6199,4,True,-14.6496,3.4754,>.80,3-5x
MANA/USDT,2024-11-25,LONG,0.9942,0.6287,0.6199,3,True,-1.3997,1.1517,>.80,1-1.5x
MANA/USDT,2024-11-26,LONG,0.9073,0.5841,0.6199,2,True,6.1291,0.5962,>.80,
MANA/USDT,2024-11-27,LONG,0.9938,0.6087,0.6199,1,True,1.84,0.3548,>.80,
MANA/USDT,2024-12-01,LONG,0.9244,0.6511,0.7734,5,False,18.7836,0.0078,>.80,
MANA/USDT,2024-12-02,LONG,0.6865,0.6719,0.7734,4,True,15.1064,0.2696,.60-.70,
MANA/USDT,2024-12-05,LONG,0.7363,0.741,0.7734,1,True,4.3725,0.4222,.70-.80,
MANA/USDT,2024-12-08,LONG,0.8182,0.7403,0.6034,1,True,-18.4925,0.1868,>.80,
MANA/USDT,2024-12-10,LONG,0.6254,0.5928,0.6443,3,True,8.6876,0.1534,.60-.70,
MANA/USDT,2024-12-12,LONG,0.642,0.6412,0.6443,1,True,0.4835,0.1714,.60-.70,
MANA/USDT,2024-12-15,LONG,0.5581,0.6309,0.5193,3,True,-17.689,0.585,.55-.60,
MANA/USDT,2024-12-17,LONG,0.5703,0.5744,0.5193,1,True,-9.5926,0.7319,.55-.60,
MANA/USDT,2024-12-20,LONG,0.6198,0.5049,0.4694,1,True,-7.0311,0.6979,.60-.70,
MANA/USDT,2024-12-22,LONG,0.578,0.473,0.5042,1,True,6.5962,0.1102,.55-.60,
MANA/USDT,2024-12-24,LONG,0.5606,0.5407,0.5289,1,True,-2.1824,1.0754,.55-.60,1-1.5x
MANA/USDT,2024-12-27,LONG,0.6287,0.4925,0.505,1,True,2.5381,0.1007,.60-.70,
MANA/USDT,2024-12-31,LONG,0.5653,0.4673,0.5476,5,False,17.1838,0.4845,.55-.60,
MANA/USDT,2025-01-01,LONG,0.5918,0.4972,0.5761,5,False,15.8689,1.234,.55-.60,1-1.5x
MANA/USDT,2025-01-03,LONG,0.5977,0.5561,0.4895,5,False,-11.9763,1.6927,.55-.60,1.5-2x
MANA/USDT,2025-01-04,LONG,0.6007,0.5504,0.494,5,False,-10.2471,0.1855,.60-.70,
MANA/USDT,2025-01-06,LONG,0.5896,0.5761,0.4976,5,False,-13.6261,0.9499,.55-.60,
MANA/USDT,2025-01-10,LONG,0.5937,0.504,0.4755,3,True,-5.6548,0.3961,.55-.60,
MANA/USDT,2025-01-21,LONG,0.5825,0.4965,0.4773,1,True,-3.8671,0.5361,.55-.60,
MANA/USDT,2025-01-29,LONG,0.5621,0.4279,0.4483,1,True,4.7675,0.5206,.55-.60,
MANA/USDT,2025-02-03,LONG,0.8387,0.3527,0.3269,2,True,-7.315,0.1526,>.80,
MANA/USDT,2025-02-11,LONG,0.6187,0.3247,0.3286,4,True,1.2011,0.4859,.60-.70,
MANA/USDT,2025-02-13,LONG,0.6405,0.3292,0.3286,2,True,-0.1823,0.609,.60-.70,
MANA/USDT,2025-02-14,LONG,0.6059,0.3391,0.3286,1,True,-3.0964,0.6095,.60-.70,
MANA/USDT,2025-02-16,LONG,0.5945,0.3294,0.3135,2,True,-4.827,0.0494,.55-.60,
MANA/USDT,2025-02-17,LONG,0.5621,0.3291,0.3135,1,True,-4.7402,0.0192,.55-.60,
MANA/USDT,2025-02-21,LONG,0.6073,0.3108,0.2834,3,True,-8.816,1.1385,.60-.70,1-1.5x
MANA/USDT,2025-02-23,LONG,0.5915,0.3154,0.2834,1,True,-10.1458,0.3061,.55-.60,
MANA/USDT,2025-03-01,LONG,0.5568,0.2942,0.2724,2,True,-7.4099,0.1849,.55-.60,
MANA/USDT,2025-03-04,LONG,0.5916,0.2769,0.2905,1,True,4.9115,0.3302,.55-.60,
MANA/USDT,2025-03-06,LONG,0.7575,0.2812,0.2887,1,True,2.6671,0.6271,.70-.80,
MANA/USDT,2025-03-11,LONG,0.7839,0.2615,0.2714,2,True,3.7859,1.0453,.70-.80,1-1.5x
MANA/USDT,2025-03-12,LONG,0.6064,0.2704,0.2714,1,True,0.3698,0.6129,.60-.70,
MANA/USDT,2025-03-14,LONG,0.7572,0.2733,0.2558,2,True,-6.4032,0.1291,.70-.80,
MANA/USDT,2025-03-17,LONG,0.6884,0.2768,0.2618,5,False,-5.4191,1.4771,.60-.70,1-1.5x
MANA/USDT,2025-03-19,LONG,0.7264,0.2779,0.2646,4,True,-4.7859,0.5625,.70-.80,
MANA/USDT,2025-03-20,LONG,0.6951,0.269,0.2646,3,True,-1.6357,0.5669,.60-.70,
MANA/USDT,2025-03-21,LONG,0.565,0.2613,0.2646,2,True,1.2629,0.5042,.55-.60,
MANA/USDT,2025-03-22,LONG,0.7374,0.2618,0.2646,1,True,1.0695,0.0362,.70-.80,
MANA/USDT,2025-03-24,LONG,0.6812,0.2795,0.2449,5,False,-12.3792,1.2886,.60-.70,1-1.5x
MANA/USDT,2025-03-25,LONG,0.6698,0.2826,0.2449,4,True,-13.3404,0.2621,.60-.70,
MANA/USDT,2025-03-26,LONG,0.6269,0.2813,0.2449,3,True,-12.9399,0.1104,.60-.70,
MANA/USDT,2025-03-27,LONG,0.6078,0.2829,0.2449,2,True,-13.4323,0.1378,.60-.70,
MANA/USDT,2025-03-28,LONG,0.6766,0.2575,0.2449,1,True,-4.8932,1.9933,.60-.70,1.5-2x
MANA/USDT,2025-04-01,LONG,0.5946,0.2561,0.2361,1,True,-7.8094,1.157,.55-.60,1-1.5x
MANA/USDT,2025-04-05,LONG,0.6649,0.2461,0.2113,1,True,-14.1406,0.3642,.60-.70,
CHZ/USDT,2024-08-29,LONG,0.7297,0.05605,0.05015,3,True,-10.5263,1.2587,.70-.80,1-1.5x
CHZ/USDT,2024-08-30,LONG,0.6076,0.0541,0.05015,2,True,-7.3013,1.0051,.60-.70,1-1.5x
CHZ/USDT,2024-09-04,LONG,0.7105,0.05166,0.04982,1,True,-3.5617,0.8294,.70-.80,
CHZ/USDT,2024-09-08,LONG,0.6481,0.05178,0.05394,5,False,4.1715,0.8734,.60-.70,
CHZ/USDT,2024-09-10,LONG,0.5509,0.05313,0.05195,5,False,-2.221,0.0574,.55-.60,
CHZ/USDT,2024-09-11,LONG,0.5812,0.05208,0.05107,5,False,-1.9393,0.5588,.55-.60,
CHZ/USDT,2024-09-12,LONG,0.5522,0.05314,0.05107,4,True,-3.8954,0.6014,.55-.60,
CHZ/USDT,2024-09-15,LONG,0.565,0.05195,0.05107,1,True,-1.6939,0.9772,.55-.60,
CHZ/USDT,2024-09-27,LONG,0.6017,0.06952,0.06558,3,True,-5.6674,0.1942,.60-.70,
CHZ/USDT,2024-09-28,LONG,0.6549,0.06872,0.06558,2,True,-4.5693,0.3905,.60-.70,
CHZ/USDT,2024-09-29,LONG,0.7711,0.06909,0.06558,1,True,-5.0803,0.1828,.70-.80,
CHZ/USDT,2024-10-01,LONG,0.7411,0.06041,0.05906,1,True,-2.2347,2.0787,.70-.80,2-3x
CHZ/USDT,2024-10-10,LONG,0.924,0.06902,0.06999,1,True,1.4054,0.4777,>.80,
CHZ/USDT,2024-10-14,LONG,0.7017,0.07703,0.07631,2,True,-0.9347,0.6193,.70-.80,
CHZ/USDT,2024-10-15,LONG,0.7116,0.08254,0.07631,1,True,-7.5479,1.695,.70-.80,1.5-2x
CHZ/USDT,2024-10-18,LONG,0.9108,0.0758,0.07422,1,True,-2.0844,0.0231,>.80,
CHZ/USDT,2024-10-21,LONG,0.5929,0.07197,0.07215,1,True,0.2501,0.8118,.55-.60,
CHZ/USDT,2024-10-24,LONG,0.7372,0.06764,0.06178,2,True,-8.6635,0.5015,.70-.80,
CHZ/USDT,2024-10-27,LONG,0.6467,0.06185,0.06287,1,True,1.6492,0.0264,.60-.70,
CHZ/USDT,2024-10-31,LONG,0.7916,0.05914,0.05892,1,True,-0.372,1.4618,.70-.80,1-1.5x
CHZ/USDT,2024-11-03,LONG,0.7352,0.05531,0.06185,5,False,11.8243,1.3824,.70-.80,1-1.5x
CHZ/USDT,2024-11-04,LONG,0.5919,0.05425,0.06185,4,True,14.0092,0.6538,.55-.60,
CHZ/USDT,2024-11-05,LONG,0.6708,0.05713,0.06185,3,True,8.2619,1.7319,.60-.70,1.5-2x
CHZ/USDT,2024-11-06,LONG,0.5919,0.06179,0.06185,2,True,0.0971,2.1828,.55-.60,2-3x
CHZ/USDT,2024-11-07,LONG,0.7735,0.06245,0.06185,1,True,-0.9608,0.2843,.70-.80,
CHZ/USDT,2024-11-11,LONG,0.775,0.07158,0.06742,4,True,-5.8117,1.6194,.70-.80,1.5-2x
CHZ/USDT,2024-11-12,LONG,0.6176,0.06814,0.06742,3,True,-1.0566,1.1101,.60-.70,1-1.5x
CHZ/USDT,2024-11-13,LONG,0.6016,0.06498,0.06742,2,True,3.755,1.0464,.60-.70,1-1.5x
CHZ/USDT,2024-11-14,LONG,0.917,0.06283,0.06742,1,True,7.3054,0.8287,>.80,
CHZ/USDT,2024-11-17,LONG,0.8221,0.06919,0.07925,1,True,14.5397,1.4911,>.80,1-1.5x
CHZ/USDT,2024-11-22,LONG,0.9676,0.07872,0.09091,3,True,15.4853,0.8609,>.80,
CHZ/USDT,2024-11-23,LONG,0.6765,0.08664,0.09091,2,True,4.9284,1.5741,.60-.70,1.5-2x
CHZ/USDT,2024-11-24,LONG,0.5702,0.09796,0.09091,1,True,-7.1968,1.9439,.55-.60,1.5-2x
CHZ/USDT,2024-11-26,LONG,0.7837,0.09023,0.09422,2,True,4.422,0.1069,.70-.80,
CHZ/USDT,2024-11-27,LONG,0.7673,0.09349,0.09422,1,True,0.7808,0.5161,.70-.80,
CHZ/USDT,2024-11-29,LONG,0.7099,0.10231,0.10635,2,True,3.9488,1.2084,.70-.80,1-1.5x
CHZ/USDT,2024-11-30,LONG,0.6243,0.10321,0.10635,1,True,3.0423,0.1239,.60-.70,
CHZ/USDT,2024-12-05,LONG,0.8425,0.13072,0.1313,3,True,0.4437,0.315,>.80,
CHZ/USDT,2024-12-06,LONG,0.8255,0.13085,0.1313,2,True,0.3439,0.0152,>.80,
CHZ/USDT,2024-12-07,LONG,0.7084,0.12902,0.1313,1,True,1.7672,0.2296,.70-.80,
CHZ/USDT,2024-12-11,LONG,0.5694,0.11996,0.1173,2,True,-2.2174,2.2285,.55-.60,2-3x
CHZ/USDT,2024-12-12,LONG,0.7085,0.11748,0.1173,1,True,-0.1532,0.2588,.70-.80,
CHZ/USDT,2024-12-15,LONG,0.5606,0.11277,0.10859,1,True,-3.7067,0.3033,.55-.60,
CHZ/USDT,2024-12-17,LONG,0.6252,0.10324,0.09378,1,True,-9.1631,0.6627,.60-.70,
CHZ/USDT,2024-12-20,LONG,0.7106,0.08915,0.0842,2,True,-5.5524,0.4844,.70-.80,
CHZ/USDT,2024-12-21,LONG,0.7513,0.08336,0.0842,1,True,1.0077,0.8271,.70-.80,
CHZ/USDT,2024-12-24,LONG,0.6031,0.09437,0.09204,1,True,-2.469,0.587,.60-.70,
CHZ/USDT,2024-12-29,LONG,0.558,0.08391,0.08197,2,True,-2.312,0.8906,.55-.60,
CHZ/USDT,2024-12-30,LONG,0.6585,0.08418,0.08197,1,True,-2.6253,0.0502,.60-.70,
CHZ/USDT,2025-01-01,LONG,0.5548,0.08619,0.09529,5,False,10.5581,1.038,.55-.60,1-1.5x
CHZ/USDT,2025-01-03,LONG,0.5914,0.09332,0.08241,5,False,-11.691,1.1968,.55-.60,1-1.5x
CHZ/USDT,2025-01-04,LONG,0.6136,0.09199,0.08278,5,False,-10.012,0.279,.60-.70,
CHZ/USDT,2025-01-06,LONG,0.5589,0.09529,0.08373,4,True,-12.1314,0.5796,.55-.60,
CHZ/USDT,2025-01-13,LONG,0.6105,0.07888,0.08694,2,True,10.2181,0.6926,.60-.70,
CHZ/USDT,2025-01-18,LONG,0.6688,0.08323,0.07654,2,True,-8.038,1.6057,.60-.70,1.5-2x
CHZ/USDT,2025-01-19,LONG,0.5573,0.07612,0.07654,1,True,0.5518,1.7488,.55-.60,1.5-2x
CHZ/USDT,2025-01-21,LONG,0.7218,0.0779,0.07612,1,True,-2.285,0.3765,.70-.80,
CHZ/USDT,2025-01-24,LONG,0.7081,0.07304,0.0699,3,True,-4.299,0.74,.70-.80,
CHZ/USDT,2025-01-26,LONG,0.7184,0.07194,0.0699,1,True,-2.8357,0.5702,.70-.80,
CHZ/USDT,2025-01-28,LONG,0.672,0.06393,0.06543,1,True,2.3463,2.0889,.60-.70,2-3x
CHZ/USDT,2025-01-31,LONG,0.6086,0.07184,0.06619,1,True,-7.8647,0.1553,.60-.70,
CHZ/USDT,2025-02-03,LONG,0.9253,0.06245,0.05639,2,True,-9.7038,1.3202,>.80,1-1.5x
CHZ/USDT,2025-02-04,LONG,0.5562,0.05827,0.05639,1,True,-3.2264,1.1416,.55-.60,1-1.5x
CHZ/USDT,2025-02-06,LONG,0.9929,0.05414,0.05812,2,True,7.3513,0.71,>.80,
CHZ/USDT,2025-02-11,LONG,0.7443,0.05816,0.06404,1,True,10.11,0.4184,.70-.80,
CHZ/USDT,2025-02-13,LONG,0.7269,0.06077,0.05899,2,True,-2.9291,0.8264,.70-.80,
CHZ/USDT,2025-02-14,LONG,0.5566,0.06172,0.05899,1,True,-4.4232,0.2526,.55-.60,
CHZ/USDT,2025-02-16,LONG,0.7084,0.05984,0.05551,2,True,-7.236,0.2312,.70-.80,
CHZ/USDT,2025-02-17,LONG,0.6238,0.06024,0.05551,1,True,-7.8519,0.1124,.60-.70,
CHZ/USDT,2025-02-19,LONG,0.636,0.05427,0.05266,3,True,-2.9666,0.4017,.60-.70,
CHZ/USDT,2025-02-21,LONG,0.5686,0.05116,0.05266,1,True,2.932,1.0954,.55-.60,1-1.5x
CHZ/USDT,2025-02-23,LONG,0.6749,0.05217,0.04759,1,True,-8.779,0.2119,.60-.70,
CHZ/USDT,2025-02-26,LONG,0.6634,0.05041,0.05087,1,True,0.9125,0.269,.60-.70,
CHZ/USDT,2025-02-28,LONG,0.6161,0.05108,0.04653,3,True,-8.9076,0.0933,.60-.70,
CHZ/USDT,2025-03-01,LONG,0.6292,0.05022,0.04653,2,True,-7.3477,0.3802,.60-.70,
CHZ/USDT,2025-03-04,LONG,0.7024,0.04783,0.04895,1,True,2.3416,0.5715,.70-.80,
CHZ/USDT,2025-03-07,LONG,0.7527,0.04896,0.04393,5,False,-10.2737,0.4712,.70-.80,
CHZ/USDT,2025-03-08,LONG,0.6002,0.04746,0.04256,5,False,-10.3245,0.6347,.60-.70,
CHZ/USDT,2025-03-11,LONG,0.6981,0.04312,0.04256,2,True,-1.2987,1.0397,.60-.70,1-1.5x
CHZ/USDT,2025-03-17,LONG,0.5569,0.04567,0.04567,1,True,0.0,0.7233,.55-.60,
CHZ/USDT,2025-03-20,LONG,0.5767,0.04523,0.04571,2,True,1.0612,0.6208,.55-.60,
CHZ/USDT,2025-03-24,LONG,0.646,0.04768,0.04821,1,True,1.1116,1.1779,.60-.70,1-1.5x
CHZ/USDT,2025-03-26,LONG,0.5687,0.04764,0.04209,5,False,-11.6499,0.2943,.55-.60,
CHZ/USDT,2025-03-27,LONG,0.6026,0.04741,0.04209,4,True,-11.2213,0.1212,.60-.70,
CHZ/USDT,2025-03-28,LONG,0.5767,0.0435,0.04209,3,True,-3.2414,1.8998,.55-.60,1.5-2x
CHZ/USDT,2025-03-30,LONG,0.5582,0.04206,0.04209,1,True,0.0713,0.1465,.55-.60,
CHZ/USDT,2025-04-05,LONG,0.6288,0.04162,0.03795,1,True,-8.8179,0.2786,.60-.70,
ALGO/USDT,2024-09-04,LONG,0.57,0.1224,0.1278,5,False,4.4118,0.6767,.55-.60,
ALGO/USDT,2024-09-07,LONG,0.5916,0.1208,0.1301,5,False,7.6987,0.9934,.55-.60,
ALGO/USDT,2024-09-08,LONG,0.6142,0.1251,0.1332,5,False,6.4748,0.9206,.60-.70,
ALGO/USDT,2024-09-11,LONG,0.5824,0.1271,0.1237,5,False,-2.6751,0.5291,.55-.60,
ALGO/USDT,2024-09-15,LONG,0.5992,0.126,0.1237,1,True,-1.8254,1.212,.55-.60,1-1.5x
ALGO/USDT,2024-09-21,LONG,0.7188,0.1364,0.1322,1,True,-3.0792,0.8862,.70-.80,
ALGO/USDT,2024-09-27,LONG,0.5816,0.1444,0.1248,4,True,-13.5734,0.2327,.55-.60,
ALGO/USDT,2024-09-28,LONG,0.6326,0.1414,0.1248,3,True,-11.7397,0.8658,.60-.70,
ALGO/USDT,2024-09-29,LONG,0.582,0.1412,0.1248,2,True,-11.6147,0.0595,.55-.60,
ALGO/USDT,2024-10-06,LONG,0.6696,0.127,0.1187,3,True,-6.5354,0.2942,.60-.70,
ALGO/USDT,2024-10-07,LONG,0.8895,0.1245,0.1187,2,True,-4.6586,0.6544,>.80,
ALGO/USDT,2024-10-08,LONG,0.7544,0.1215,0.1187,1,True,-2.3045,0.8128,.70-.80,
ALGO/USDT,2024-10-13,LONG,0.7205,0.1209,0.1269,1,True,4.9628,0.2938,.70-.80,
ALGO/USDT,2024-10-19,LONG,0.6629,0.1234,0.1256,2,True,1.7828,0.0287,.60-.70,
ALGO/USDT,2024-10-20,LONG,0.8088,0.1305,0.1256,1,True,-3.7548,1.9366,>.80,1.5-2x
ALGO/USDT,2024-10-30,LONG,0.5759,0.1207,0.1143,1,True,-5.3024,0.8416,.55-.60,
ALGO/USDT,2024-11-05,LONG,0.8263,0.114,0.1218,1,True,6.8421,1.3235,>.80,1-1.5x
ALGO/USDT,2024-11-07,LONG,0.6246,0.1225,0.1451,3,True,18.449,0.163,.60-.70,
ALGO/USDT,2024-11-09,LONG,0.9824,0.1338,0.1451,1,True,8.4454,0.5831,>.80,
ALGO/USDT,2024-11-14,LONG,0.9621,0.1458,0.1855,1,True,27.2291,0.0466,>.80,
ALGO/USDT,2024-11-18,LONG,0.9966,0.2159,0.2234,1,True,3.4738,2.108,>.80,2-3x
ALGO/USDT,2024-11-25,LONG,0.9962,0.2596,0.293,2,True,12.8659,0.8929,>.80,
ALGO/USDT,2024-11-26,LONG,0.616,0.2977,0.293,1,True,-1.5788,1.4863,.60-.70,1-1.5x
ALGO/USDT,2024-12-01,LONG,0.9035,0.4856,0.4495,4,True,-7.4341,0.7652,>.80,
ALGO/USDT,2024-12-02,LONG,0.9831,0.5042,0.4495,3,True,-10.8489,0.3161,>.80,
ALGO/USDT,2024-12-03,LONG,0.9857,0.5057,0.4495,2,True,-11.1133,0.0251,>.80,
ALGO/USDT,2024-12-04,LONG,0.8007,0.478,0.4495,1,True,-5.9623,0.4525,>.80,
ALGO/USDT,2024-12-09,LONG,0.96,0.4159,0.4377,4,True,5.2416,1.364,>.80,1-1.5x
ALGO/USDT,2024-12-10,LONG,0.6073,0.4237,0.4377,3,True,3.3042,0.16,.60-.70,
ALGO/USDT,2024-12-15,LONG,0.7068,0.432,0.3673,3,True,-14.9769,0.247,.70-.80,
ALGO/USDT,2024-12-16,LONG,0.6196,0.4131,0.3673,2,True,-11.0869,0.4193,.60-.70,
ALGO/USDT,2024-12-20,LONG,0.7181,0.3477,0.3763,3,True,8.2255,0.6681,.70-.80,
ALGO/USDT,2024-12-21,LONG,0.6285,0.3281,0.3763,2,True,14.6906,0.8665,.60-.70,
ALGO/USDT,2024-12-22,LONG,0.6862,0.3477,0.3763,1,True,8.2255,0.9026,.60-.70,
ALGO/USDT,2024-12-24,LONG,0.6117,0.3962,0.381,1,True,-3.8364,0.7514,.60-.70,
ALGO/USDT,2024-12-28,LONG,0.6211,0.3451,0.3346,3,True,-3.0426,0.531,.60-.70,
ALGO/USDT,2024-12-29,LONG,0.6488,0.3254,0.3346,2,True,2.8273,0.9718,.60-.70,
ALGO/USDT,2024-12-30,LONG,0.6396,0.3283,0.3346,1,True,1.919,0.1523,.60-.70,
ALGO/USDT,2025-01-06,LONG,0.5677,0.4148,0.378,5,False,-8.8717,0.3703,.55-.60,
ALGO/USDT,2025-01-10,LONG,0.5872,0.3726,0.3494,3,True,-6.2265,1.4556,.55-.60,1-1.5x
ALGO/USDT,2025-01-15,LONG,0.5653,0.4444,0.4301,5,False,-3.2178,2.7598,.55-.60,2-3x
ALGO/USDT,2025-01-17,LONG,0.602,0.4686,0.4301,3,True,-8.216,0.1374,.60-.70,
ALGO/USDT,2025-01-18,LONG,0.6609,0.4456,0.4301,2,True,-3.4785,0.7158,.60-.70,
ALGO/USDT,2025-01-19,LONG,0.6054,0.3977,0.4301,1,True,8.1468,1.4508,.60-.70,1-1.5x
ALGO/USDT,2025-01-27,LONG,0.6021,0.3864,0.3875,3,True,0.2847,0.176,.60-.70,
ALGO/USDT,2025-01-29,LONG,0.5537,0.3694,0.3875,1,True,4.8998,0.2595,.55-.60,
ALGO/USDT,2025-02-03,LONG,0.6665,0.313,0.2815,2,True,-10.0639,0.6083,.60-.70,
ALGO/USDT,2025-02-08,LONG,0.5881,0.276,0.275,1,True,-0.3623,0.4447,.55-.60,
ALGO/USDT,2025-02-10,LONG,0.561,0.2904,0.2964,4,True,2.0661,1.1316,.55-.60,1-1.5x
ALGO/USDT,2025-02-11,LONG,0.659,0.286,0.2964,3,True,3.6364,0.3087,.60-.70,
ALGO/USDT,2025-02-13,LONG,0.606,0.2936,0.2964,1,True,0.9537,0.5707,.60-.70,
ALGO/USDT,2025-02-18,LONG,0.6271,0.2574,0.2637,3,True,2.4476,0.9422,.60-.70,
ALGO/USDT,2025-02-19,LONG,0.5548,0.2614,0.2637,2,True,0.8799,0.323,.55-.60,
ALGO/USDT,2025-02-20,LONG,0.5548,0.2711,0.2637,1,True,-2.7296,0.747,.55-.60,
ALGO/USDT,2025-02-22,LONG,0.5847,0.2661,0.2595,1,True,-2.4803,0.2455,.55-.60,
ALGO/USDT,2025-02-25,LONG,0.6278,0.2319,0.236,1,True,1.768,0.5303,.60-.70,
ALGO/USDT,2025-02-28,LONG,0.6197,0.238,0.2382,3,True,0.084,0.0205,.60-.70,
ALGO/USDT,2025-03-07,LONG,0.7029,0.233,0.2009,2,True,-13.7768,0.451,.70-.80,
ALGO/USDT,2025-03-10,LONG,0.5843,0.1837,0.1958,3,True,6.5868,1.1825,.55-.60,1-1.5x
ALGO/USDT,2025-03-11,LONG,0.6751,0.1911,0.1958,2,True,2.4594,0.5508,.60-.70,
ALGO/USDT,2025-03-12,LONG,0.6716,0.1958,0.1958,1,True,0.0,0.3381,.60-.70,
ALGO/USDT,2025-03-14,LONG,0.6167,0.1985,0.1864,2,True,-6.0957,0.1894,.60-.70,
ALGO/USDT,2025-03-15,LONG,0.6588,0.1997,0.1864,1,True,-6.66,0.083,.60-.70,
ALGO/USDT,2025-03-17,LONG,0.5545,0.1913,0.1873,4,True,-2.091,0.3805,.55-.60,
ALGO/USDT,2025-03-18,LONG,0.5625,0.1864,0.1873,3,True,0.4828,0.3715,.55-.60,
ALGO/USDT,2025-03-19,LONG,0.6755,0.1998,0.1873,2,True,-6.2563,1.0091,.60-.70,1-1.5x
ALGO/USDT,2025-03-23,LONG,0.5892,0.1919,0.2067,3,True,7.7124,0.4475,.55-.60,
ALGO/USDT,2025-03-24,LONG,0.6249,0.2038,0.2067,2,True,1.423,1.295,.60-.70,1-1.5x
ALGO/USDT,2025-03-25,LONG,0.6425,0.2117,0.2067,1,True,-2.3618,0.8185,.60-.70,
ALGO/USDT,2025-03-27,LONG,0.5954,0.212,0.1801,4,True,-15.0472,0.5443,.55-.60,
ALGO/USDT,2025-03-28,LONG,0.6637,0.1997,0.1801,3,True,-9.8147,1.2046,.60-.70,1-1.5x
ALGO/USDT,2025-04-03,LONG,0.5749,0.1808,0.1834,2,True,1.4381,0.5222,.55-.60,
ALGO/USDT,2025-04-04,LONG,0.5775,0.1862,0.1834,1,True,-1.5038,0.6633,.55-.60,
MINA/USDT,2024-08-30,LONG,0.7562,0.4534,0.4094,2,True,-9.7045,0.6022,.70-.80,
MINA/USDT,2024-08-31,LONG,0.5758,0.4328,0.4094,1,True,-5.4067,1.1597,.55-.60,1-1.5x
MINA/USDT,2024-09-02,LONG,0.6833,0.4382,0.3972,4,True,-9.3565,1.7424,.60-.70,1.5-2x
MINA/USDT,2024-09-03,LONG,0.5554,0.4121,0.3972,3,True,-3.6156,1.4411,.55-.60,1-1.5x
MINA/USDT,2024-09-04,LONG,0.7186,0.426,0.3972,2,True,-6.7606,0.8097,.70-.80,
MINA/USDT,2024-09-05,LONG,0.699,0.4115,0.3972,1,True,-3.4751,0.8052,.60-.70,
MINA/USDT,2024-09-07,LONG,0.7482,0.4004,0.4218,3,True,5.3447,0.1896,.70-.80,
MINA/USDT,2024-09-08,LONG,0.7303,0.4087,0.4218,2,True,3.2053,0.4884,.70-.80,
MINA/USDT,2024-09-17,LONG,0.5517,0.4234,0.4992,4,True,17.9027,0.619,.55-.60,
MINA/USDT,2024-09-18,LONG,0.7818,0.4418,0.4992,3,True,12.9923,1.1678,.70-.80,1-1.5x
MINA/USDT,2024-09-19,LONG,0.6401,0.4631,0.4992,2,True,7.7953,1.2575,.60-.70,1-1.5x
MINA/USDT,2024-09-24,LONG,0.6339,0.5325,0.5431,4,True,1.9906,2.4551,.60-.70,2-3x
MINA/USDT,2024-09-25,LONG,0.7257,0.5339,0.5431,3,True,1.7232,0.079,.70-.80,
MINA/USDT,2024-09-27,LONG,0.7038,0.5505,0.5431,1,True,-1.3442,0.1277,.70-.80,
MINA/USDT,2024-09-30,LONG,0.604,0.5568,0.4869,3,True,-12.5539,1.908,.60-.70,1.5-2x
MINA/USDT,2024-10-01,LONG,0.9237,0.5135,0.4869,2,True,-5.1801,1.5126,>.80,1.5-2x
MINA/USDT,2024-10-02,LONG,0.8393,0.508,0.4869,1,True,-4.1535,0.2093,>.80,
MINA/USDT,2024-10-12,LONG,0.7527,0.5365,0.5756,1,True,7.288,0.8235,.70-.80,
MINA/USDT,2024-10-15,LONG,0.7399,0.5728,0.5706,3,True,-0.3841,0.6344,.70-.80,
MINA/USDT,2024-10-17,LONG,0.6028,0.5566,0.5706,1,True,2.5153,0.4863,.60-.70,
MINA/USDT,2024-10-20,LONG,0.7851,0.6126,0.555,3,True,-9.4025,1.5427,.70-.80,1.5-2x
MINA/USDT,2024-10-21,LONG,0.7746,0.606,0.555,2,True,-8.4158,0.2962,.70-.80,
MINA/USDT,2024-10-24,LONG,0.876,0.5649,0.5258,3,True,-6.9216,0.5003,>.80,
MINA/USDT,2024-10-25,LONG,0.5589,0.507,0.5258,2,True,3.7081,2.3837,.55-.60,2-3x
MINA/USDT,2024-10-26,LONG,0.6752,0.5135,0.5258,1,True,2.3953,0.3003,.60-.70,
MINA/USDT,2024-10-28,LONG,0.6035,0.524,0.5508,1,True,5.1145,0.0797,.60-.70,
MINA/USDT,2024-11-01,LONG,0.6589,0.5131,0.4954,1,True,-3.4496,0.4938,.60-.70,
MINA/USDT,2024-11-05,LONG,0.7105,0.4789,0.5955,5,False,24.3475,1.3778,.70-.80,1-1.5x
MINA/USDT,2024-11-06,LONG,0.5719,0.5316,0.6499,5,False,22.2536,2.1929,.55-.60,2-3x
MINA/USDT,2024-11-07,LONG,0.5692,0.5356,0.6499,4,True,21.3406,0.1509,.55-.60,
MINA/USDT,2024-11-08,LONG,0.6283,0.5358,0.6499,3,True,21.2953,0.0075,.60-.70,
MINA/USDT,2024-11-09,LONG,0.5994,0.5705,0.6499,2,True,13.9176,1.2984,.55-.60,1-1.5x
MINA/USDT,2024-11-14,LONG,0.927,0.6048,0.6416,3,True,6.0847,1.511,>.80,1.5-2x
MINA/USDT,2024-11-15,LONG,0.6718,0.6306,0.6416,2,True,1.7444,0.8509,.60-.70,
MINA/USDT,2024-11-18,LONG,0.6385,0.7017,0.667,1,True,-4.9451,1.5094,.60-.70,1.5-2x
MINA/USDT,2024-11-22,LONG,0.8568,0.6971,0.7931,5,False,13.7713,0.8037,>.80,
MINA/USDT,2024-11-23,LONG,0.6212,0.7317,0.7769,5,False,6.1774,0.8182,.60-.70,
MINA/USDT,2024-11-24,LONG,0.6185,0.7799,0.7769,4,True,-0.3847,1.1102,.60-.70,1-1.5x
MINA/USDT,2024-11-25,LONG,0.8857,0.7366,0.7769,3,True,5.4711,0.8986,>.80,
MINA/USDT,2024-11-26,LONG,0.724,0.7626,0.7769,2,True,1.8752,0.6039,.70-.80,
MINA/USDT,2024-11-27,LONG,0.6435,0.7931,0.7769,1,True,-2.0426,0.6832,.60-.70,
MINA/USDT,2024-12-01,LONG,0.6514,0.8615,0.8995,2,True,4.4109,0.1874,.60-.70,
MINA/USDT,2024-12-05,LONG,0.8627,0.8773,0.9976,1,True,13.7125,0.6572,>.80,
MINA/USDT,2024-12-08,LONG,0.8496,0.937,0.7767,1,True,-17.1078,0.1955,>.80,
MINA/USDT,2024-12-10,LONG,0.76,0.7504,0.8263,3,True,10.1146,0.538,.70-.80,
MINA/USDT,2024-12-12,LONG,0.6969,0.8056,0.8263,1,True,2.5695,0.2106,.60-.70,
MINA/USDT,2024-12-15,LONG,0.7041,0.8461,0.6846,3,True,-19.0876,0.3746,.70-.80,
MINA/USDT,2024-12-16,LONG,0.6745,0.8126,0.6846,2,True,-15.7519,0.6642,.60-.70,
MINA/USDT,2024-12-17,LONG,0.6053,0.7538,0.6846,1,True,-9.1802,1.1785,.60-.70,1-1.5x
MINA/USDT,2024-12-20,LONG,0.7962,0.6309,0.5969,1,True,-5.3891,0.4094,.70-.80,
MINA/USDT,2024-12-24,LONG,0.6795,0.6516,0.6333,1,True,-2.8085,0.4494,.60-.70,
MINA/USDT,2024-12-27,LONG,0.8055,0.5936,0.6211,1,True,4.6327,0.0924,>.80,
MINA/USDT,2024-12-30,LONG,0.6823,0.5857,0.6553,5,False,11.8832,0.1719,.60-.70,
MINA/USDT,2024-12-31,LONG,0.7127,0.5742,0.6523,5,False,13.6015,0.4237,.70-.80,
MINA/USDT,2025-01-01,LONG,0.6087,0.6013,0.6639,5,False,10.4108,0.9826,.60-.70,
MINA/USDT,2025-01-03,LONG,0.7608,0.6538,0.5765,5,False,-11.8232,1.219,.70-.80,1-1.5x
MINA/USDT,2025-01-04,LONG,0.7133,0.6553,0.5765,4,True,-12.025,0.0456,.70-.80,
MINA/USDT,2025-01-06,LONG,0.7253,0.6639,0.5765,2,True,-13.1646,0.3709,.70-.80,
MINA/USDT,2025-01-13,LONG,0.7236,0.543,0.5611,1,True,3.3333,0.7987,.70-.80,
MINA/USDT,2025-01-15,LONG,0.6806,0.5965,0.6154,2,True,3.1685,1.5521,.60-.70,1.5-2x
MINA/USDT,2025-01-21,LONG,0.8062,0.5172,0.4853,3,True,-6.1678,0.5527,>.80,
MINA/USDT,2025-01-22,LONG,0.6873,0.5019,0.4853,2,True,-3.3074,0.6136,.60-.70,
MINA/USDT,2025-01-23,LONG,0.8249,0.5017,0.4853,1,True,-3.2689,0.0088,>.80,
MINA/USDT,2025-01-26,LONG,0.756,0.4848,0.469,1,True,-3.2591,0.1186,.70-.80,
MINA/USDT,2025-01-28,LONG,0.7075,0.44,0.4506,1,True,2.4091,1.4873,.70-.80,1-1.5x
MINA/USDT,2025-01-30,LONG,0.706,0.4646,0.4646,1,True,0.0,0.7314,.70-.80,
MINA/USDT,2025-02-03,LONG,0.928,0.3764,0.3249,3,True,-13.6823,0.3429,>.80,
MINA/USDT,2025-02-04,LONG,0.633,0.3497,0.3249,2,True,-7.0918,1.4311,.60-.70,1-1.5x
MINA/USDT,2025-02-05,LONG,0.815,0.3399,0.3249,1,True,-4.4131,0.5653,>.80,
MINA/USDT,2025-02-10,LONG,0.6434,0.3531,0.361,4,True,2.2373,0.0902,.60-.70,
MINA/USDT,2025-02-11,LONG,0.718,0.3463,0.361,3,True,4.2449,0.4374,.70-.80,
MINA/USDT,2025-02-12,LONG,0.5657,0.367,0.361,2,True,-1.6349,1.2665,.55-.60,1-1.5x
MINA/USDT,2025-02-13,LONG,0.7314,0.3547,0.361,1,True,1.7761,0.7098,.70-.80,
MINA/USDT,2025-02-23,LONG,0.6075,0.3583,0.317,4,True,-11.5267,0.3716,.60-.70,
MINA/USDT,2025-02-24,LONG,0.6793,0.3115,0.317,3,True,1.7657,2.9731,.60-.70,2-3x
MINA/USDT,2025-02-26,LONG,0.6596,0.3137,0.317,1,True,1.052,0.2266,.60-.70,
MINA/USDT,2025-02-28,LONG,0.617,0.3212,0.2924,3,True,-8.9664,0.3212,.60-.70,
MINA/USDT,2025-03-01,LONG,0.6522,0.3141,0.2924,2,True,-6.9086,0.5374,.60-.70,
MINA/USDT,2025-03-04,LONG,0.7189,0.2869,0.3001,1,True,4.6009,0.3473,.70-.80,
MINA/USDT,2025-03-07,LONG,0.7681,0.2895,0.2551,2,True,-11.8826,0.1248,.70-.80,
MINA/USDT,2025-03-08,LONG,0.5954,0.2828,0.2551,1,True,-9.7949,0.4205,.55-.60,
MINA/USDT,2025-03-11,LONG,0.8355,0.2518,0.2555,1,True,1.4694,0.6488,>.80,
MINA/USDT,2025-03-14,LONG,0.8332,0.2594,0.2549,2,True,-1.7348,0.5597,>.80,
MINA/USDT,2025-03-15,LONG,0.6016,0.269,0.2549,1,True,-5.2416,0.6377,.60-.70,
MINA/USDT,2025-03-17,LONG,0.7238,0.268,0.263,1,True,-1.8657,0.9572,.70-.80,
MINA/USDT,2025-03-20,LONG,0.7331,0.2624,0.2667,2,True,1.6387,0.6911,.70-.80,
MINA/USDT,2025-03-21,LONG,0.5546,0.2584,0.2667,1,True,3.2121,0.2793,.55-.60,
MINA/USDT,2025-03-26,LONG,0.5536,0.277,0.2388,5,False,-13.7906,0.4686,.55-.60,
MINA/USDT,2025-03-27,LONG,0.7644,0.2763,0.2417,5,False,-12.5226,0.0655,.70-.80,
MINA/USDT,2025-03-29,LONG,0.5525,0.2439,0.2263,4,True,-7.2161,1.4919,.55-.60,1-1.5x
MINA/USDT,2025-03-30,LONG,0.6615,0.2427,0.2263,3,True,-6.7573,0.1409,.60-.70,
MINA/USDT,2025-03-31,LONG,0.5686,0.2388,0.2263,2,True,-5.2345,0.4733,.55-.60,
MINA/USDT,2025-04-03,LONG,0.568,0.2304,0.2031,3,True,-11.849,0.5047,.55-.60,
MINA/USDT,2025-04-04,LONG,0.5784,0.2323,0.2031,2,True,-12.57,0.2379,.55-.60,
MINA/USDT,2025-04-05,LONG,0.7244,0.228,0.2031,1,True,-10.9211,0.5591,.70-.80,
AXS/USDT,2024-08-29,LONG,0.6349,4.705,4.451,3,True,-5.3985,0.3724,.60-.70,
AXS/USDT,2024-08-30,LONG,0.6499,4.786,4.451,2,True,-6.9996,0.4654,.60-.70,
AXS/USDT,2024-09-04,LONG,0.6321,4.546,4.442,1,True,-2.2877,0.5951,.60-.70,
AXS/USDT,2024-09-07,LONG,0.6699,4.256,4.717,5,False,10.8318,0.3159,.60-.70,
AXS/USDT,2024-09-08,LONG,0.6101,4.341,4.822,5,False,11.0804,0.5363,.60-.70,
AXS/USDT,2024-09-09,LONG,0.5951,4.529,4.822,4,True,6.4694,1.1361,.55-.60,1-1.5x
AXS/USDT,2024-09-10,LONG,0.5829,4.558,4.822,3,True,5.792,0.1716,.55-.60,
AXS/USDT,2024-09-14,LONG,0.5833,4.758,4.585,1,True,-3.636,0.3825,.55-.60,
AXS/USDT,2024-09-17,LONG,0.611,4.652,4.753,1,True,2.1711,1.0998,.60-.70,1-1.5x
AXS/USDT,2024-09-20,LONG,0.5992,4.962,5.125,1,True,3.285,0.3087,.55-.60,
AXS/USDT,2024-09-23,LONG,0.6072,5.048,5.163,2,True,2.2781,1.0272,.60-.70,1-1.5x
AXS/USDT,2024-09-24,LONG,0.5622,5.167,5.163,1,True,-0.0774,0.8107,.55-.60,
AXS/USDT,2024-09-26,LONG,0.5917,5.326,5.507,3,True,3.3984,1.2713,.55-.60,1-1.5x
AXS/USDT,2024-09-27,LONG,0.5535,5.421,5.507,2,True,1.5864,0.7174,.55-.60,
AXS/USDT,2024-10-02,LONG,0.6908,4.576,4.499,1,True,-1.6827,0.7261,.60-.70,
AXS/USDT,2024-10-05,LONG,0.7602,4.605,4.687,1,True,1.7807,0.3464,.70-.80,
AXS/USDT,2024-10-08,LONG,0.6059,4.594,4.453,2,True,-3.0692,0.2661,.60-.70,
AXS/USDT,2024-10-09,LONG,0.6872,4.451,4.453,1,True,0.0449,0.9249,.60-.70,
AXS/USDT,2024-10-12,LONG,0.7888,4.765,4.672,1,True,-1.9517,0.63,.70-.80,
AXS/USDT,2024-10-16,LONG,0.5717,4.739,5.29,5,False,11.6269,0.6498,.55-.60,
AXS/USDT,2024-10-17,LONG,0.7503,4.606,5.386,5,False,16.9344,0.8281,.70-.80,
AXS/USDT,2024-10-18,LONG,0.5681,4.858,5.386,4,True,10.8687,1.493,.55-.60,1-1.5x
AXS/USDT,2024-10-19,LONG,0.6011,5.106,5.386,3,True,5.4837,1.3304,.60-.70,1-1.5x
AXS/USDT,2024-10-20,LONG,0.6903,5.196,5.386,2,True,3.6567,0.5238,.60-.70,
AXS/USDT,2024-10-21,LONG,0.845,5.29,5.386,1,True,1.8147,0.6192,>.80,
AXS/USDT,2024-10-23,LONG,0.6156,5.009,4.981,1,True,-0.559,2.1249,.60-.70,2-3x
AXS/USDT,2024-10-25,LONG,0.9518,4.636,4.654,1,True,0.3883,1.9226,>.80,1.5-2x
AXS/USDT,2024-10-29,LONG,0.7483,5.047,4.771,2,True,-5.4686,0.9828,.70-.80,
AXS/USDT,2024-11-03,LONG,0.8429,4.472,4.871,3,True,8.9222,0.7517,>.80,
AXS/USDT,2024-11-05,LONG,0.7242,4.462,4.871,1,True,9.1663,0.8179,.70-.80,
AXS/USDT,2024-11-07,LONG,0.8834,4.978,5.18,1,True,4.0579,0.5358,>.80,
AXS/USDT,2024-11-10,LONG,0.842,5.512,5.827,1,True,5.7148,0.9361,>.80,
AXS/USDT,2024-11-12,LONG,0.7114,5.479,5.415,1,True,-1.1681,1.4212,.70-.80,1-1.5x
AXS/USDT,2024-11-14,LONG,0.9796,5.003,5.276,1,True,5.4567,1.7784,>.80,1.5-2x
AXS/USDT,2024-11-16,LONG,0.9288,6.131,5.505,1,True,-10.2104,2.8993,>.80,2-3x
AXS/USDT,2024-11-18,LONG,0.9224,5.948,5.785,3,True,-2.7404,1.2686,>.80,1-1.5x
AXS/USDT,2024-11-19,LONG,0.7147,5.768,5.785,2,True,0.2947,0.4723,.70-.80,
AXS/USDT,2024-11-22,LONG,0.9629,6.339,7.535,3,True,18.8673,1.4593,>.80,1-1.5x
AXS/USDT,2024-11-23,LONG,0.6118,6.88,7.535,2,True,9.5203,1.2864,.60-.70,1-1.5x
AXS/USDT,2024-11-24,LONG,0.7622,8.36,7.535,1,True,-9.8684,2.7766,.70-.80,2-3x
AXS/USDT,2024-11-26,LONG,0.8331,7.261,7.834,2,True,7.8915,0.4378,>.80,
AXS/USDT,2024-11-27,LONG,0.8963,7.71,7.834,1,True,1.6083,0.7405,>.80,
AXS/USDT,2024-12-01,LONG,0.8938,8.263,9.463,2,True,14.5226,0.1294,>.80,
AXS/USDT,2024-12-04,LONG,0.5607,9.557,9.322,3,True,-2.4589,0.125,.55-.60,
AXS/USDT,2024-12-05,LONG,0.8404,9.101,9.322,2,True,2.4283,0.5859,>.80,
AXS/USDT,2024-12-06,LONG,0.696,9.517,9.322,1,True,-2.049,0.6054,.60-.70,
AXS/USDT,2024-12-10,LONG,0.5792,7.358,7.985,1,True,8.5213,0.4252,.55-.60,
AXS/USDT,2024-12-12,LONG,0.6861,7.945,7.939,1,True,-0.0755,0.0602,.60-.70,
AXS/USDT,2024-12-15,LONG,0.5738,7.789,6.597,3,True,-15.3036,0.5481,.55-.60,
AXS/USDT,2024-12-17,LONG,0.6687,7.258,6.597,1,True,-9.1072,0.6803,.60-.70,
AXS/USDT,2024-12-20,LONG,0.745,6.403,6.159,1,True,-3.8107,0.8989,.70-.80,
AXS/USDT,2024-12-22,LONG,0.7125,6.007,6.717,1,True,11.8195,0.4021,.70-.80,
AXS/USDT,2024-12-29,LONG,0.5917,6.293,6.221,2,True,-1.1441,0.8727,.55-.60,
AXS/USDT,2024-12-30,LONG,0.5602,6.246,6.221,1,True,-0.4003,0.1356,.55-.60,
AXS/USDT,2025-01-01,LONG,0.5697,6.419,7.291,5,False,13.5847,0.6173,.55-.60,
AXS/USDT,2025-01-03,LONG,0.5745,7.075,6.19,5,False,-12.5088,0.931,.55-.60,
AXS/USDT,2025-01-04,LONG,0.5938,7.018,6.184,5,False,-11.8837,0.1524,.55-.60,
AXS/USDT,2025-01-05,LONG,0.5794,7.033,6.343,5,False,-9.8109,0.0406,.55-.60,
AXS/USDT,2025-01-06,LONG,0.5612,7.291,6.343,4,True,-13.0023,0.6999,.55-.60,
AXS/USDT,2025-01-13,LONG,0.6314,6.043,6.742,4,True,11.5671,0.4301,.60-.70,
AXS/USDT,2025-01-15,LONG,0.6105,6.566,6.742,2,True,2.6805,1.2523,.60-.70,1-1.5x
AXS/USDT,2025-01-21,LONG,0.6738,6.115,5.728,3,True,-6.3287,0.598,.60-.70,
AXS/USDT,2025-01-22,LONG,0.6233,5.925,5.728,2,True,-3.3249,0.6832,.60-.70,
AXS/USDT,2025-01-23,LONG,0.583,5.9,5.728,1,True,-2.9153,0.0968,.55-.60,
AXS/USDT,2025-01-31,LONG,0.6065,5.421,5.003,1,True,-7.7108,0.1401,.60-.70,
AXS/USDT,2025-02-03,LONG,0.7556,4.438,4.107,2,True,-7.4583,0.4562,.70-.80,
AXS/USDT,2025-02-06,LONG,0.9689,3.923,4.003,1,True,2.0393,0.9416,>.80,
AXS/USDT,2025-02-10,LONG,0.5695,4.327,4.548,4,True,5.1075,0.7157,.55-.60,
AXS/USDT,2025-02-11,LONG,0.6906,4.259,4.548,3,True,6.7856,0.3324,.60-.70,
AXS/USDT,2025-02-13,LONG,0.6853,4.378,4.548,1,True,3.8831,0.3348,.60-.70,
AXS/USDT,2025-02-16,LONG,0.5745,4.372,4.465,1,True,2.1272,0.1085,.55-.60,
AXS/USDT,2025-02-28,LONG,0.5774,3.755,3.972,2,True,5.779,0.6714,.55-.60,
AXS/USDT,2025-03-03,LONG,0.8842,3.45,3.441,1,True,-0.2609,2.6581,>.80,2-3x
AXS/USDT,2025-03-05,LONG,0.6834,3.593,3.523,1,True,-1.9482,0.8945,.60-.70,
AXS/USDT,2025-03-07,LONG,0.6647,3.525,3.073,2,True,-12.8227,0.0118,.60-.70,
AXS/USDT,2025-03-08,LONG,0.6713,3.415,3.073,1,True,-10.0146,0.6482,.60-.70,
AXS/USDT,2025-03-11,LONG,0.8255,3.095,3.171,2,True,2.4556,1.4678,>.80,1-1.5x
AXS/USDT,2025-03-12,LONG,0.6988,3.189,3.171,1,True,-0.5644,0.5447,.60-.70,
AXS/USDT,2025-03-14,LONG,0.8064,3.209,3.175,2,True,-1.0595,0.2171,>.80,
AXS/USDT,2025-03-15,LONG,0.6374,3.3,3.175,1,True,-3.7879,0.5089,.60-.70,
AXS/USDT,2025-03-17,LONG,0.8025,3.431,3.475,2,True,1.2824,1.4689,>.80,1-1.5x
AXS/USDT,2025-03-20,LONG,0.8504,3.403,3.355,3,True,-1.4105,0.375,>.80,
AXS/USDT,2025-03-21,LONG,0.6813,3.315,3.355,2,True,1.2066,0.4662,.60-.70,
AXS/USDT,2025-03-22,LONG,0.7436,3.413,3.355,1,True,-1.6994,0.5528,.70-.80,
AXS/USDT,2025-03-24,LONG,0.7903,3.514,3.13,4,True,-10.9277,1.0294,.70-.80,1-1.5x
AXS/USDT,2025-03-25,LONG,0.6575,3.586,3.13,3,True,-12.7161,0.4534,.60-.70,
AXS/USDT,2025-03-26,LONG,0.6113,3.451,3.13,2,True,-9.3017,0.8219,.60-.70,
AXS/USDT,2025-03-27,LONG,0.7669,3.389,3.13,1,True,-7.6424,0.3907,.70-.80,
AXS/USDT,2025-03-29,LONG,0.6048,2.912,2.697,4,True,-7.3832,1.5214,.60-.70,1.5-2x
AXS/USDT,2025-03-30,LONG,0.6832,2.917,2.697,3,True,-7.542,0.04,.60-.70,
AXS/USDT,2025-03-31,LONG,0.8103,2.93,2.697,2,True,-7.9522,0.1153,>.80,
APE/USDT,2024-08-30,LONG,0.8161,0.6341,0.6064,1,True,-4.3684,0.2565,>.80,
APE/USDT,2024-09-02,LONG,0.6789,0.6016,0.6069,2,True,0.881,1.2005,.60-.70,1-1.5x
APE/USDT,2024-09-08,LONG,0.5891,0.7443,0.7439,5,False,-0.0537,0.2445,.55-.60,
APE/USDT,2024-09-09,LONG,0.5586,0.8511,0.7439,4,True,-12.5955,2.1927,.55-.60,2-3x
APE/USDT,2024-09-10,LONG,0.9744,0.8289,0.7439,3,True,-10.2546,0.3963,>.80,
APE/USDT,2024-09-11,LONG,0.8051,0.7539,0.7439,2,True,-1.3264,1.2937,>.80,1-1.5x
APE/USDT,2024-09-12,LONG,0.8441,0.7499,0.7439,1,True,-0.8001,0.082,>.80,
APE/USDT,2024-09-16,LONG,0.636,0.7219,0.7436,1,True,3.006,0.1387,.60-.70,
APE/USDT,2024-09-20,LONG,0.7579,0.8077,0.7789,2,True,-3.5657,0.2587,.70-.80,
APE/USDT,2024-09-21,LONG,0.9385,0.8118,0.7789,1,True,-4.0527,0.0907,>.80,
APE/USDT,2024-09-24,LONG,0.7396,0.8197,0.8356,2,True,1.9397,0.2889,.70-.80,
APE/USDT,2024-09-25,LONG,0.6955,0.8313,0.8356,1,True,0.5173,0.2581,.60-.70,
APE/USDT,2024-09-28,LONG,0.6208,0.8251,0.837,1,True,1.4422,0.656,.60-.70,
APE/USDT,2024-10-05,LONG,0.5562,0.704,0.7361,1,True,4.5597,0.2106,.55-.60,
APE/USDT,2024-10-09,LONG,0.7202,0.7052,0.7004,1,True,-0.6807,0.3368,.70-.80,
APE/USDT,2024-10-16,LONG,0.6569,0.7206,0.7368,2,True,2.2481,0.8913,.60-.70,
APE/USDT,2024-10-17,LONG,0.6228,0.71,0.7368,1,True,3.7746,0.3547,.60-.70,
APE/USDT,2024-10-19,LONG,0.8697,0.8714,1.5689,2,True,80.0436,3.0659,>.80,3-5x
APE/USDT,2024-10-20,LONG,0.9961,1.4899,1.5689,1,True,5.3024,4.2688,>.80,3-5x
APE/USDT,2024-10-22,LONG,0.9843,1.3541,1.1391,2,True,-15.8777,0.8162,>.80,
APE/USDT,2024-10-23,LONG,0.9988,1.1286,1.1391,1,True,0.9304,0.9574,>.80,
APE/USDT,2024-10-29,LONG,0.8431,1.0876,0.9235,5,False,-15.0883,0.2329,>.80,
APE/USDT,2024-10-30,LONG,0.6445,1.0888,0.912,5,False,-16.2381,0.0063,.60-.70,
APE/USDT,2024-10-31,LONG,0.8442,1.0007,0.912,4,True,-8.8638,0.4544,>.80,
APE/USDT,2024-11-02,LONG,0.6452,1.0037,0.912,2,True,-9.1362,0.0625,.60-.70,
APE/USDT,2024-11-06,LONG,0.7028,1.0744,1.1098,3,True,3.2949,0.5464,.70-.80,
APE/USDT,2024-11-12,LONG,0.5586,1.1236,1.0512,2,True,-6.4436,0.8405,.55-.60,
APE/USDT,2024-11-17,LONG,0.7912,1.0776,1.1543,1,True,7.1177,1.2343,.70-.80,1-1.5x
APE/USDT,2024-11-19,LONG,0.7327,1.1338,1.3072,4,True,15.2937,0.3206,.70-.80,
APE/USDT,2024-11-26,LONG,0.6352,1.2804,1.3867,2,True,8.3021,0.5677,.60-.70,
APE/USDT,2024-12-06,LONG,0.6436,1.853,1.8943,1,True,2.2288,0.1814,.60-.70,
APE/USDT,2024-12-10,LONG,0.5881,1.4282,1.5321,4,True,7.2749,0.5459,.55-.60,
APE/USDT,2024-12-12,LONG,0.5744,1.5864,1.5321,2,True,-3.4228,0.4687,.55-.60,
APE/USDT,2024-12-20,LONG,0.6996,1.2111,1.2408,3,True,2.4523,0.5152,.60-.70,
APE/USDT,2024-12-21,LONG,0.6264,1.131,1.2408,2,True,9.7082,0.7785,.60-.70,
APE/USDT,2024-12-22,LONG,0.7184,1.1346,1.2408,1,True,9.3601,0.0379,.70-.80,
APE/USDT,2024-12-25,LONG,0.6493,1.2495,1.2284,2,True,-1.6887,0.1466,.60-.70,
APE/USDT,2024-12-28,LONG,0.5653,1.248,1.226,2,True,-1.7628,0.2145,.55-.60,
APE/USDT,2024-12-29,LONG,0.6214,1.2015,1.226,1,True,2.0391,0.6299,.60-.70,
APE/USDT,2024-12-31,LONG,0.6116,1.205,1.3479,4,True,11.8589,0.3056,.60-.70,
APE/USDT,2025-01-01,LONG,0.6281,1.245,1.3479,3,True,8.2651,0.5932,.60-.70,
APE/USDT,2025-01-03,LONG,0.6457,1.3748,1.3479,1,True,-1.9566,1.5834,.60-.70,1.5-2x
APE/USDT,2025-01-05,LONG,0.56,1.3506,1.126,3,True,-16.6296,0.0353,.55-.60,
APE/USDT,2025-01-06,LONG,0.6528,1.3607,1.126,2,True,-17.2485,0.1329,.60-.70,
APE/USDT,2025-01-10,LONG,0.7256,1.1278,1.1436,5,False,1.401,0.7083,.70-.80,
APE/USDT,2025-01-12,LONG,0.5562,1.0923,1.1971,5,False,9.5944,0.5562,.55-.60,
APE/USDT,2025-01-13,LONG,0.7135,1.0342,1.1971,4,True,15.7513,1.1422,.70-.80,1-1.5x
APE/USDT,2025-01-14,LONG,0.5594,1.0764,1.1971,3,True,11.2133,0.8524,.55-.60,
APE/USDT,2025-01-15,LONG,0.5842,1.1436,1.1971,2,True,4.6782,1.286,.55-.60,1-1.5x
APE/USDT,2025-01-16,LONG,0.5702,1.107,1.1971,1,True,8.1391,0.6689,.55-.60,
APE/USDT,2025-01-24,LONG,0.7597,0.991,0.9432,3,True,-4.8234,0.4496,.70-.80,
APE/USDT,2025-01-26,LONG,0.6484,0.9777,0.9432,1,True,-3.5287,0.21,.60-.70,
APE/USDT,2025-01-28,LONG,0.6285,0.8619,0.9179,1,True,6.4973,1.7935,.60-.70,1.5-2x
APE/USDT,2025-01-31,LONG,0.7099,0.998,0.9067,1,True,-9.1483,0.5193,.70-.80,
APE/USDT,2025-02-03,LONG,0.8411,0.7542,0.6381,3,True,-15.3938,0.0348,>.80,
APE/USDT,2025-02-04,LONG,0.7038,0.7061,0.6381,2,True,-9.6304,1.011,.70-.80,1-1.5x
APE/USDT,2025-02-05,LONG,0.7503,0.6872,0.6381,1,True,-7.1449,0.4246,.70-.80,
APE/USDT,2025-02-07,LONG,0.62,0.6493,0.6857,1,True,5.606,0.2987,.60-.70,
APE/USDT,2025-02-11,LONG,0.7384,0.7073,0.7483,3,True,5.7967,0.3232,.70-.80,
APE/USDT,2025-02-12,LONG,0.5934,0.7545,0.7483,2,True,-0.8217,1.0822,.55-.60,1-1.5x
APE/USDT,2025-02-13,LONG,0.6935,0.733,0.7483,1,True,2.0873,0.4617,.60-.70,
APE/USDT,2025-02-17,LONG,0.5703,0.7156,0.675,1,True,-5.6736,0.0837,.55-.60,
APE/USDT,2025-02-19,LONG,0.5711,0.671,0.6857,2,True,2.1908,0.1062,.55-.60,
APE/USDT,2025-02-20,LONG,0.5924,0.7086,0.6857,1,True,-3.2317,0.9775,.55-.60,
APE/USDT,2025-02-22,LONG,0.6372,0.7323,0.7036,1,True,-3.9192,1.5722,.60-.70,1.5-2x
APE/USDT,2025-02-26,LONG,0.679,0.6332,0.6456,1,True,1.9583,0.4657,.60-.70,
APE/USDT,2025-02-28,LONG,0.6621,0.6414,0.5699,3,True,-11.1475,0.1225,.60-.70,
APE/USDT,2025-03-01,LONG,0.6327,0.627,0.5699,2,True,-9.1069,0.4214,.60-.70,
APE/USDT,2025-03-05,LONG,0.6177,0.5752,0.5614,1,True,-2.3992,0.6642,.60-.70,
APE/USDT,2025-03-07,LONG,0.6986,0.558,0.4728,2,True,-15.2688,0.0909,.60-.70,
APE/USDT,2025-03-08,LONG,0.682,0.5374,0.4728,1,True,-12.0208,0.5527,.60-.70,
APE/USDT,2025-03-11,LONG,0.7317,0.4911,0.5022,2,True,2.2602,0.8947,.70-.80,
APE/USDT,2025-03-12,LONG,0.5969,0.5144,0.5022,1,True,-2.3717,0.6561,.55-.60,
APE/USDT,2025-03-14,LONG,0.7327,0.5223,0.5316,1,True,1.7806,0.565,.70-.80,
APE/USDT,2025-03-17,LONG,0.5644,0.5387,0.5404,2,True,0.3156,1.1404,.55-.60,1-1.5x
APE/USDT,2025-03-24,LONG,0.6109,0.5574,0.5632,1,True,1.0405,0.6692,.60-.70,
APE/USDT,2025-03-27,LONG,0.6368,0.5534,0.4773,5,False,-13.7514,0.0389,.60-.70,
APE/USDT,2025-03-30,LONG,0.5695,0.4739,0.4445,5,False,-6.2038,0.1877,.55-.60,
APE/USDT,2025-03-31,LONG,0.5947,0.4705,0.4422,5,False,-6.0149,0.1721,.55-.60,
APE/USDT,2025-04-02,LONG,0.5827,0.4322,0.3881,4,True,-10.2036,2.0981,.55-.60,2-3x
APE/USDT,2025-04-05,LONG,0.6468,0.4422,0.3881,1,True,-12.2343,0.1218,.60-.70,
PEPE/USDT,2024-09-04,LONG,0.5692,7e-06,7e-06,1,True,-3.3723,0.2254,.55-.60,
PEPE/USDT,2024-09-07,LONG,0.695,7e-06,7e-06,5,False,9.6097,0.3379,.60-.70,
PEPE/USDT,2024-09-08,LONG,0.6395,7e-06,8e-06,5,False,11.7314,0.8378,.60-.70,
PEPE/USDT,2024-09-09,LONG,0.5732,7e-06,8e-06,5,False,4.9817,0.79,.55-.60,
PEPE/USDT,2024-09-10,LONG,0.6464,7e-06,7e-06,5,False,-1.5005,0.1873,.60-.70,
PEPE/USDT,2024-09-12,LONG,0.6077,7e-06,7e-06,3,True,-0.8363,0.5297,.60-.70,
PEPE/USDT,2024-09-23,LONG,0.6644,8e-06,9e-06,1,True,5.6341,0.3986,.60-.70,
PEPE/USDT,2024-09-28,LONG,0.8744,1.1e-05,1.1e-05,1,True,-0.8612,1.3021,>.80,1-1.5x
PEPE/USDT,2024-09-30,LONG,0.9199,1e-05,9e-06,2,True,-11.6877,1.339,>.80,1-1.5x
PEPE/USDT,2024-10-01,LONG,0.9687,1e-05,9e-06,1,True,-4.6828,1.2911,>.80,1-1.5x
PEPE/USDT,2024-10-07,LONG,0.9627,1e-05,9e-06,3,True,-5.1944,0.6631,>.80,
PEPE/USDT,2024-10-08,LONG,0.6918,1e-05,9e-06,2,True,-2.3031,0.4583,.60-.70,
PEPE/USDT,2024-10-09,LONG,0.9048,9e-06,9e-06,1,True,1.9199,0.6386,>.80,
PEPE/USDT,2024-10-11,LONG,0.6967,1e-05,1e-05,1,True,1.5598,0.7512,.60-.70,
PEPE/USDT,2024-10-18,LONG,0.6719,1.1e-05,1e-05,1,True,-0.1903,1.0773,.60-.70,1-1.5x
PEPE/USDT,2024-10-20,LONG,0.7457,1.1e-05,1e-05,1,True,-4.745,0.3327,.70-.80,
PEPE/USDT,2024-10-22,LONG,0.5739,1e-05,1e-05,1,True,-2.6493,0.1819,.55-.60,
PEPE/USDT,2024-10-26,LONG,0.5771,9e-06,9e-06,1,True,1.0139,0.6431,.55-.60,
PEPE/USDT,2024-10-29,LONG,0.5635,1e-05,9e-06,2,True,-5.7869,1.0637,.55-.60,1-1.5x
PEPE/USDT,2024-11-03,LONG,0.5935,8e-06,8e-06,1,True,-3.1326,1.4257,.55-.60,1-1.5x
PEPE/USDT,2024-11-07,LONG,0.7237,1.1e-05,1.1e-05,1,True,-2.0644,1.7663,.70-.80,1.5-2x
PEPE/USDT,2024-11-10,LONG,0.796,1.2e-05,1.3e-05,1,True,5.5149,1.5235,.70-.80,1.5-2x
PEPE/USDT,2024-11-14,LONG,0.9544,2.1e-05,2.3e-05,1,True,12.8993,0.059,>.80,
PEPE/USDT,2024-11-16,LONG,0.9724,2.1e-05,2.1e-05,1,True,-0.3569,0.7199,>.80,
PEPE/USDT,2024-11-18,LONG,0.8208,2e-05,2e-05,1,True,-3.9014,0.2841,>.80,
PEPE/USDT,2024-11-21,LONG,0.8123,2.1e-05,2e-05,2,True,-1.0144,0.842,>.80,
PEPE/USDT,2024-11-24,LONG,0.6635,2e-05,2e-05,5,False,1.3019,0.1186,.60-.70,
PEPE/USDT,2024-11-27,LONG,0.5884,2e-05,2e-05,5,False,3.4953,0.6635,.55-.60,
PEPE/USDT,2024-11-28,LONG,0.5654,2e-05,2e-05,4,True,2.9062,0.048,.55-.60,
PEPE/USDT,2024-11-30,LONG,0.605,2e-05,2e-05,2,True,1.1536,0.1094,.60-.70,
PEPE/USDT,2024-12-03,LONG,0.6238,2e-05,2.2e-05,3,True,6.4523,0.1533,.60-.70,
PEPE/USDT,2024-12-08,LONG,0.5793,2.6e-05,2.3e-05,2,True,-11.0855,0.9697,.55-.60,
PEPE/USDT,2024-12-09,LONG,0.5528,2.6e-05,2.3e-05,1,True,-11.3539,0.0491,.55-.60,
PEPE/USDT,2024-12-12,LONG,0.6669,2.4e-05,2.3e-05,2,True,-1.3408,0.8861,.60-.70,
PEPE/USDT,2024-12-13,LONG,0.7541,2.5e-05,2.3e-05,1,True,-5.7538,0.6974,.70-.80,
PEPE/USDT,2024-12-15,LONG,0.6745,2.4e-05,2.3e-05,1,True,-2.9221,0.5358,.60-.70,
PEPE/USDT,2024-12-17,LONG,0.6142,2.2e-05,1.9e-05,1,True,-13.3556,0.6559,.60-.70,
PEPE/USDT,2024-12-20,LONG,0.6353,1.8e-05,1.8e-05,2,True,0.9785,0.4685,.60-.70,
PEPE/USDT,2024-12-21,LONG,0.5679,1.7e-05,1.8e-05,1,True,2.4914,0.1984,.55-.60,
PEPE/USDT,2024-12-23,LONG,0.7114,1.8e-05,1.9e-05,1,True,4.1439,0.4825,.70-.80,
PEPE/USDT,2024-12-25,LONG,0.6329,1.9e-05,1.8e-05,2,True,-3.5495,0.5155,.60-.70,
PEPE/USDT,2024-12-28,LONG,0.5662,1.9e-05,2e-05,5,False,9.1801,0.7937,.55-.60,
PEPE/USDT,2024-12-29,LONG,0.5652,1.8e-05,2.2e-05,5,False,20.6796,0.7436,.55-.60,
PEPE/USDT,2025-01-06,LONG,0.5517,2.1e-05,1.8e-05,4,True,-15.1422,0.0607,.55-.60,
PEPE/USDT,2025-01-07,LONG,0.57,1.9e-05,1.8e-05,3,True,-5.1267,1.9209,.55-.60,1.5-2x
PEPE/USDT,2025-01-20,LONG,0.7574,1.6e-05,1.6e-05,1,True,0.7153,0.2433,.70-.80,
PEPE/USDT,2025-01-24,LONG,0.7729,1.5e-05,1.3e-05,3,True,-12.2859,0.4093,.70-.80,
PEPE/USDT,2025-01-25,LONG,0.5835,1.5e-05,1.3e-05,2,True,-12.8573,0.1076,.55-.60,
PEPE/USDT,2025-01-26,LONG,0.8137,1.4e-05,1.3e-05,1,True,-6.485,1.1002,>.80,1-1.5x
PEPE/USDT,2025-01-28,LONG,0.6848,1.1e-05,1.2e-05,1,True,8.286,1.9639,.60-.70,1.5-2x
PEPE/USDT,2025-01-31,LONG,0.7357,1.4e-05,1.2e-05,1,True,-11.6786,1.0181,.70-.80,1-1.5x
PEPE/USDT,2025-02-03,LONG,0.8227,1.1e-05,1e-05,2,True,-8.9984,0.2818,>.80,
PEPE/USDT,2025-02-04,LONG,0.6247,1e-05,1e-05,1,True,-1.4373,1.0448,.60-.70,1-1.5x
PEPE/USDT,2025-02-06,LONG,0.9825,9e-06,1e-05,3,True,3.4838,1.2167,>.80,1-1.5x
PEPE/USDT,2025-02-11,LONG,0.738,1e-05,1e-05,4,True,3.6191,0.0195,.70-.80,
PEPE/USDT,2025-02-12,LONG,0.5655,1e-05,1e-05,3,True,-1.5654,0.8,.55-.60,
PEPE/USDT,2025-02-13,LONG,0.6112,1e-05,1e-05,2,True,2.539,0.6065,.60-.70,
PEPE/USDT,2025-02-14,LONG,0.7644,1e-05,1e-05,1,True,-3.4593,0.91,.70-.80,
PEPE/USDT,2025-02-16,LONG,0.5718,1e-05,1e-05,1,True,4.3299,0.3565,.55-.60,
PEPE/USDT,2025-02-18,LONG,0.6325,9e-06,9e-06,5,False,0.9391,1.3941,.60-.70,1-1.5x
PEPE/USDT,2025-02-28,LONG,0.6836,8e-06,9e-06,2,True,11.4715,0.6687,.60-.70,
PEPE/USDT,2025-03-01,LONG,0.6906,8e-06,9e-06,1,True,16.3308,0.781,.60-.70,
PEPE/USDT,2025-03-04,LONG,0.7238,7e-06,7e-06,2,True,-2.2028,0.4209,.70-.80,
PEPE/USDT,2025-03-05,LONG,0.8342,7e-06,7e-06,1,True,-3.364,0.1581,>.80,
PEPE/USDT,2025-03-07,LONG,0.6993,7e-06,7e-06,1,True,-4.5929,0.2987,.60-.70,
PEPE/USDT,2025-03-11,LONG,0.7744,6e-06,7e-06,1,True,10.0269,1.3536,.70-.80,1-1.5x
PEPE/USDT,2025-03-14,LONG,0.8463,7e-06,7e-06,5,False,5.6107,0.6508,>.80,
PEPE/USDT,2025-03-15,LONG,0.8957,7e-06,7e-06,4,True,4.5002,0.1264,>.80,
PEPE/USDT,2025-03-17,LONG,0.7302,7e-06,7e-06,2,True,0.9343,1.4647,.70-.80,1-1.5x
PEPE/USDT,2025-03-18,LONG,0.8089,7e-06,7e-06,1,True,2.362,0.1684,>.80,
PEPE/USDT,2025-03-20,LONG,0.6397,8e-06,8e-06,5,False,4.894,0.3046,.60-.70,
PEPE/USDT,2025-03-21,LONG,0.8058,7e-06,9e-06,5,False,18.2222,0.6773,>.80,
PEPE/USDT,2025-03-22,LONG,0.8097,7e-06,9e-06,4,True,20.6482,0.2717,>.80,
PEPE/USDT,2025-03-23,LONG,0.5635,7e-06,9e-06,3,True,16.0812,0.6319,.55-.60,
PEPE/USDT,2025-03-24,LONG,0.8316,8e-06,9e-06,2,True,6.6825,1.366,>.80,1-1.5x
PEPE/USDT,2025-03-25,LONG,0.7035,8e-06,9e-06,1,True,6.3498,0.0485,.70-.80,
PEPE/USDT,2025-03-27,LONG,0.735,8e-06,8e-06,5,False,-8.5278,0.148,.70-.80,
PEPE/USDT,2025-03-28,LONG,0.6073,8e-06,7e-06,5,False,-9.3618,1.1626,.60-.70,1-1.5x
PEPE/USDT,2025-03-31,LONG,0.6968,7e-06,7e-06,5,False,-2.0533,0.6449,.60-.70,
PEPE/USDT,2025-04-01,LONG,0.6819,8e-06,7e-06,4,True,-8.5847,1.2503,.60-.70,1-1.5x
PEPE/USDT,2025-04-02,LONG,0.6014,7e-06,7e-06,3,True,0.0283,1.4336,.60-.70,1-1.5x
PEPE/USDT,2025-04-03,LONG,0.7525,7e-06,7e-06,2,True,5.2475,0.8266,.70-.80,
PEPE/USDT,2025-04-04,LONG,0.5693,7e-06,7e-06,1,True,-2.5266,1.2736,.55-.60,1-1.5x
PEPE/USDT,2025-04-06,LONG,0.5962,6e-06,7e-06,3,True,10.2054,1.7728,.55-.60,1.5-2x
SHIB/USDT,2024-08-29,LONG,0.6212,1.4e-05,1.4e-05,1,True,-0.5684,0.4712,.60-.70,
SHIB/USDT,2024-09-04,LONG,0.6458,1.4e-05,1.3e-05,1,True,-2.9133,1.1088,.60-.70,1-1.5x
SHIB/USDT,2024-09-08,LONG,0.6146,1.3e-05,1.4e-05,5,False,6.7768,0.4374,.60-.70,
SHIB/USDT,2024-09-10,LONG,0.6143,1.4e-05,1.3e-05,5,False,-1.0717,0.0041,.60-.70,
SHIB/USDT,2024-09-11,LONG,0.5581,1.3e-05,1.3e-05,5,False,-0.5735,0.5641,.55-.60,
SHIB/USDT,2024-09-15,LONG,0.5691,1.3e-05,1.4e-05,3,True,2.3235,0.8553,.55-.60,
SHIB/USDT,2024-09-16,LONG,0.6014,1.3e-05,1.4e-05,2,True,3.9387,0.5747,.60-.70,
SHIB/USDT,2024-09-23,LONG,0.6721,1.4e-05,1.9e-05,3,True,28.6257,0.1192,.60-.70,
SHIB/USDT,2024-09-24,LONG,0.5606,1.5e-05,1.9e-05,2,True,25.6324,0.9696,.55-.60,
SHIB/USDT,2024-09-28,LONG,0.8086,2e-05,1.6e-05,3,True,-16.3278,0.5683,>.80,
SHIB/USDT,2024-09-29,LONG,0.9812,1.9e-05,1.6e-05,2,True,-15.1429,0.2491,>.80,
SHIB/USDT,2024-09-30,LONG,0.8019,1.8e-05,1.6e-05,1,True,-6.535,1.5033,>.80,1.5-2x
SHIB/USDT,2024-10-06,LONG,0.7,1.8e-05,1.7e-05,3,True,-6.7516,0.6098,.60-.70,
SHIB/USDT,2024-10-07,LONG,0.9811,1.7e-05,1.7e-05,2,True,-2.9731,0.5925,>.80,
SHIB/USDT,2024-10-08,LONG,0.7279,1.7e-05,1.7e-05,1,True,-2.0227,0.1472,.70-.80,
SHIB/USDT,2024-10-17,LONG,0.721,1.8e-05,1.9e-05,3,True,4.5854,0.4865,.70-.80,
SHIB/USDT,2024-10-19,LONG,0.5547,1.9e-05,1.9e-05,1,True,0.1104,0.2982,.55-.60,
SHIB/USDT,2024-10-21,LONG,0.6568,1.8e-05,1.8e-05,2,True,-3.8885,1.0956,.60-.70,1-1.5x
SHIB/USDT,2024-10-24,LONG,0.7562,1.8e-05,1.7e-05,3,True,-4.4739,0.7755,.70-.80,
SHIB/USDT,2024-10-26,LONG,0.6239,1.7e-05,1.7e-05,1,True,1.2457,0.834,.60-.70,
SHIB/USDT,2024-10-28,LONG,0.74,1.8e-05,1.9e-05,1,True,4.54,1.6712,.70-.80,1.5-2x
SHIB/USDT,2024-11-06,LONG,0.5512,1.9e-05,1.9e-05,1,True,0.4035,1.7699,.55-.60,1.5-2x
SHIB/USDT,2024-11-08,LONG,0.5758,1.9e-05,2.1e-05,1,True,7.7683,0.184,.55-.60,
SHIB/USDT,2024-11-10,LONG,0.8789,2.6e-05,2.6e-05,5,False,-1.9798,3.7784,>.80,3-5x
SHIB/USDT,2024-11-11,LONG,0.8944,2.8e-05,2.6e-05,4,True,-8.4009,0.9709,>.80,
SHIB/USDT,2024-11-12,LONG,0.9534,2.6e-05,2.6e-05,3,True,-3.5198,0.6909,>.80,
SHIB/USDT,2024-11-13,LONG,0.9786,2.6e-05,2.6e-05,2,True,-1.065,0.3353,>.80,
SHIB/USDT,2024-11-14,LONG,0.9859,2.3e-05,2.6e-05,1,True,9.1193,1.2469,>.80,1-1.5x
SHIB/USDT,2024-11-16,LONG,0.7276,2.5e-05,2.5e-05,1,True,0.6703,0.4698,.70-.80,
SHIB/USDT,2024-11-18,LONG,0.8683,2.5e-05,2.5e-05,1,True,-0.4383,0.0456,>.80,
SHIB/USDT,2024-11-20,LONG,0.8114,2.4e-05,2.5e-05,1,True,3.7364,0.4674,>.80,
SHIB/USDT,2024-11-22,LONG,0.6884,2.5e-05,2.4e-05,4,True,-4.2057,0.3474,.60-.70,
SHIB/USDT,2024-11-24,LONG,0.687,2.6e-05,2.4e-05,2,True,-5.4004,0.0982,.60-.70,
SHIB/USDT,2024-11-25,LONG,0.8119,2.5e-05,2.4e-05,1,True,-1.6718,0.5009,>.80,
SHIB/USDT,2024-11-27,LONG,0.7371,2.6e-05,2.6e-05,2,True,1.2051,0.7466,.70-.80,
SHIB/USDT,2024-11-28,LONG,0.7294,2.5e-05,2.6e-05,1,True,2.1501,0.1222,.70-.80,
SHIB/USDT,2024-12-02,LONG,0.66,3e-05,3.3e-05,2,True,9.8225,0.5811,.60-.70,
SHIB/USDT,2024-12-06,LONG,0.6238,3.1e-05,3.2e-05,2,True,4.3281,0.2216,.60-.70,
SHIB/USDT,2024-12-07,LONG,0.8271,3.2e-05,3.2e-05,1,True,0.6789,0.6349,>.80,
SHIB/USDT,2024-12-09,LONG,0.6531,2.7e-05,2.9e-05,4,True,4.8067,2.2501,.60-.70,2-3x
SHIB/USDT,2024-12-10,LONG,0.8445,2.7e-05,2.9e-05,3,True,5.1155,0.0434,>.80,
SHIB/USDT,2024-12-15,LONG,0.652,2.8e-05,2.4e-05,3,True,-13.7246,0.21,.60-.70,
SHIB/USDT,2024-12-17,LONG,0.5922,2.6e-05,2.4e-05,1,True,-8.6,0.47,.55-.60,
SHIB/USDT,2024-12-20,LONG,0.7333,2.2e-05,2.2e-05,1,True,-3.3833,0.5534,.70-.80,
SHIB/USDT,2024-12-24,LONG,0.6239,2.4e-05,2.3e-05,1,True,-2.9056,0.7944,.60-.70,
SHIB/USDT,2024-12-26,LONG,0.5638,2.2e-05,2.2e-05,1,True,0.4492,0.9916,.55-.60,
SHIB/USDT,2024-12-28,LONG,0.6065,2.2e-05,2.3e-05,5,False,3.3192,0.4157,.60-.70,
SHIB/USDT,2024-12-29,LONG,0.5811,2.1e-05,2.4e-05,5,False,14.362,0.8513,.55-.60,
SHIB/USDT,2024-12-30,LONG,0.5934,2.1e-05,2.4e-05,5,False,15.0281,0.2247,.55-.60,
SHIB/USDT,2024-12-31,LONG,0.5792,2.1e-05,2.4e-05,4,True,14.8598,0.0366,.55-.60,
SHIB/USDT,2025-01-01,LONG,0.5748,2.2e-05,2.4e-05,3,True,12.1278,0.5952,.55-.60,
SHIB/USDT,2025-01-03,LONG,0.5744,2.4e-05,2.4e-05,1,True,-0.3972,1.4346,.55-.60,1-1.5x
SHIB/USDT,2025-01-05,LONG,0.5981,2.4e-05,2.1e-05,3,True,-11.0034,0.3567,.55-.60,
SHIB/USDT,2025-01-06,LONG,0.6091,2.4e-05,2.1e-05,2,True,-11.4732,0.1173,.60-.70,
SHIB/USDT,2025-01-10,LONG,0.6535,2.2e-05,2.3e-05,5,False,5.4077,0.6334,.60-.70,
SHIB/USDT,2025-01-13,LONG,0.5911,2.1e-05,2.3e-05,2,True,7.1924,0.4478,.55-.60,
SHIB/USDT,2025-01-17,LONG,0.6252,2.4e-05,2.3e-05,1,True,-5.8807,2.3075,.60-.70,2-3x
SHIB/USDT,2025-01-20,LONG,0.823,2e-05,2.1e-05,1,True,2.8082,0.0116,>.80,
SHIB/USDT,2025-01-24,LONG,0.7395,2e-05,1.9e-05,3,True,-4.8991,0.2022,.70-.80,
SHIB/USDT,2025-01-25,LONG,0.6336,2e-05,1.9e-05,2,True,-4.7655,0.0299,.60-.70,
SHIB/USDT,2025-01-26,LONG,0.6944,1.9e-05,1.9e-05,1,True,-0.5604,0.8931,.60-.70,
SHIB/USDT,2025-01-31,LONG,0.5672,1.9e-05,1.8e-05,1,True,-6.8409,0.2671,.55-.60,
SHIB/USDT,2025-02-03,LONG,0.9057,1.7e-05,1.6e-05,2,True,-6.1026,1.4752,>.80,1-1.5x
SHIB/USDT,2025-02-04,LONG,0.584,1.6e-05,1.6e-05,1,True,0.1524,1.1369,.55-.60,1-1.5x
SHIB/USDT,2025-02-08,LONG,0.5937,1.6e-05,1.6e-05,1,True,-1.8603,1.2258,.55-.60,1-1.5x
SHIB/USDT,2025-02-11,LONG,0.7197,1.6e-05,1.6e-05,4,True,4.0283,0.1655,.70-.80,
SHIB/USDT,2025-02-13,LONG,0.5701,1.6e-05,1.6e-05,2,True,0.1166,0.8026,.55-.60,
SHIB/USDT,2025-02-14,LONG,0.665,1.7e-05,1.6e-05,1,True,-2.3221,0.4836,.60-.70,
SHIB/USDT,2025-02-16,LONG,0.5511,1.6e-05,1.6e-05,1,True,-1.3527,0.4222,.55-.60,
SHIB/USDT,2025-02-25,LONG,0.5793,1.4e-05,1.4e-05,2,True,2.3338,0.7837,.55-.60,
SHIB/USDT,2025-02-26,LONG,0.578,1.4e-05,1.4e-05,1,True,0.0,0.5549,.55-.60,
SHIB/USDT,2025-02-28,LONG,0.6417,1.4e-05,1.3e-05,5,False,-4.0767,0.8529,.60-.70,
SHIB/USDT,2025-03-01,LONG,0.6061,1.4e-05,1.3e-05,5,False,-1.8319,0.5119,.60-.70,
SHIB/USDT,2025-03-04,LONG,0.6433,1.3e-05,1.3e-05,2,True,2.4001,0.2474,.60-.70,
SHIB/USDT,2025-03-05,LONG,0.6619,1.3e-05,1.3e-05,1,True,0.2394,0.3978,.60-.70,
SHIB/USDT,2025-03-07,LONG,0.6709,1.3e-05,1.2e-05,2,True,-11.3334,0.3479,.60-.70,
SHIB/USDT,2025-03-11,LONG,0.6746,1.2e-05,1.2e-05,1,True,2.3152,0.8359,.60-.70,
SHIB/USDT,2025-03-14,LONG,0.6221,1.3e-05,1.3e-05,2,True,2.7165,1.0468,.60-.70,1-1.5x
SHIB/USDT,2025-03-15,LONG,0.5996,1.3e-05,1.3e-05,1,True,2.2522,0.0769,.55-.60,
SHIB/USDT,2025-03-24,LONG,0.5909,1.4e-05,1.4e-05,3,True,3.6438,1.2999,.55-.60,1-1.5x
SHIB/USDT,2025-03-26,LONG,0.5776,1.4e-05,1.4e-05,1,True,-1.3229,0.7567,.55-.60,
SHIB/USDT,2025-03-28,LONG,0.5932,1.3e-05,1.3e-05,1,True,-4.2365,1.5479,.55-.60,1.5-2x
SHIB/USDT,2025-03-30,LONG,0.6258,1.2e-05,1.2e-05,1,True,-0.5863,0.5593,.60-.70,
SHIB/USDT,2025-04-01,LONG,0.5518,1.3e-05,1.2e-05,4,True,-2.8211,0.8156,.55-.60,
SHIB/USDT,2025-04-02,LONG,0.5965,1.2e-05,1.2e-05,3,True,2.2893,1.5353,.55-.60,1.5-2x
SHIB/USDT,2025-04-03,LONG,0.5811,1.2e-05,1.2e-05,2,True,0.7599,0.5153,.55-.60,
DOGE/USDT,2024-08-28,LONG,0.5729,0.09966,0.10036,1,True,0.7024,0.2086,.55-.60,
DOGE/USDT,2024-08-31,LONG,0.5659,0.10126,0.09509,1,True,-6.0932,0.1512,.55-.60,
DOGE/USDT,2024-09-04,LONG,0.6825,0.09798,0.09255,2,True,-5.5419,0.3804,.60-.70,
DOGE/USDT,2024-09-07,LONG,0.6533,0.09539,0.10278,3,True,7.7471,0.8696,.60-.70,
DOGE/USDT,2024-09-09,LONG,0.671,0.10377,0.10278,1,True,-0.954,2.004,.60-.70,2-3x
DOGE/USDT,2024-09-12,LONG,0.7426,0.10271,0.10698,1,True,4.1573,0.3938,.70-.80,
DOGE/USDT,2024-09-14,LONG,0.5947,0.1054,0.09968,2,True,-5.4269,0.4077,.55-.60,
DOGE/USDT,2024-09-20,LONG,0.5759,0.10554,0.10852,5,False,2.8236,0.1569,.55-.60,
DOGE/USDT,2024-09-21,LONG,0.6886,0.10994,0.11814,5,False,7.4586,1.3212,.60-.70,1-1.5x
DOGE/USDT,2024-09-23,LONG,0.589,0.10802,0.11814,3,True,9.3686,0.5049,.55-.60,
DOGE/USDT,2024-09-25,LONG,0.5803,0.10852,0.11814,1,True,8.8647,0.3571,.55-.60,
DOGE/USDT,2024-09-27,LONG,0.5751,0.1235,0.11422,3,True,-7.5142,1.3619,.55-.60,1-1.5x
DOGE/USDT,2024-09-28,LONG,0.8022,0.1281,0.11422,2,True,-10.8353,1.1053,>.80,1-1.5x
DOGE/USDT,2024-09-29,LONG,0.9082,0.12436,0.11422,1,True,-8.1537,0.9276,>.80,
DOGE/USDT,2024-10-07,LONG,0.8779,0.10844,0.10603,3,True,-2.2224,0.707,>.80,
DOGE/USDT,2024-10-08,LONG,0.6539,0.10712,0.10603,2,True,-1.0176,0.3075,.60-.70,
DOGE/USDT,2024-10-17,LONG,0.5764,0.12961,0.13973,5,False,7.808,0.8217,.55-.60,
DOGE/USDT,2024-10-18,LONG,0.6914,0.13713,0.13998,5,False,2.0783,1.4947,.60-.70,1-1.5x
DOGE/USDT,2024-10-19,LONG,0.7741,0.14413,0.13998,4,True,-2.8793,1.2977,.70-.80,1-1.5x
DOGE/USDT,2024-10-20,LONG,0.7794,0.14217,0.13998,3,True,-1.5404,0.4033,.70-.80,
DOGE/USDT,2024-10-21,LONG,0.7261,0.14366,0.13998,2,True,-2.5616,0.3664,.70-.80,
DOGE/USDT,2024-10-22,LONG,0.713,0.13973,0.13998,1,True,0.1789,0.9409,.70-.80,
DOGE/USDT,2024-10-25,LONG,0.8018,0.13158,0.13744,1,True,4.4536,2.1184,>.80,2-3x
DOGE/USDT,2024-10-28,LONG,0.9446,0.16141,0.16825,2,True,4.2377,2.8753,>.80,2-3x
DOGE/USDT,2024-10-29,LONG,0.8073,0.1759,0.16825,1,True,-4.3491,2.045,>.80,2-3x
DOGE/USDT,2024-11-02,LONG,0.8118,0.15955,0.1582,2,True,-0.8461,0.0511,>.80,
DOGE/USDT,2024-11-03,LONG,0.9381,0.15133,0.1582,1,True,4.5397,1.0316,>.80,1-1.5x
DOGE/USDT,2024-11-05,LONG,0.558,0.16998,0.21886,4,True,28.7563,1.4708,.55-.60,1-1.5x
DOGE/USDT,2024-11-07,LONG,0.8862,0.19325,0.21886,2,True,13.2523,0.2733,>.80,
DOGE/USDT,2024-11-10,LONG,0.969,0.27779,0.37987,2,True,36.7472,3.3018,>.80,3-5x
DOGE/USDT,2024-11-11,LONG,0.9669,0.35113,0.37987,1,True,8.185,2.7924,>.80,2-3x
DOGE/USDT,2024-11-14,LONG,0.9972,0.36257,0.38151,1,True,5.2238,0.9617,>.80,
DOGE/USDT,2024-11-16,LONG,0.6309,0.36419,0.367,1,True,0.7716,0.465,.60-.70,
DOGE/USDT,2024-11-18,LONG,0.8495,0.37116,0.39067,1,True,5.2565,0.1175,>.80,
DOGE/USDT,2024-11-20,LONG,0.8503,0.37785,0.38665,1,True,2.329,0.3488,>.80,
DOGE/USDT,2024-11-27,LONG,0.5534,0.40097,0.42627,2,True,6.3097,0.3929,.55-.60,
DOGE/USDT,2024-11-28,LONG,0.7862,0.40157,0.42627,1,True,6.1509,0.0162,.70-.80,
DOGE/USDT,2024-12-01,LONG,0.551,0.44039,0.43276,3,True,-1.7326,0.9162,.55-.60,
DOGE/USDT,2024-12-02,LONG,0.6454,0.42459,0.43276,2,True,1.9242,0.7626,.60-.70,
DOGE/USDT,2024-12-03,LONG,0.5899,0.40638,0.43276,1,True,6.4915,0.9105,.55-.60,
DOGE/USDT,2024-12-05,LONG,0.5645,0.42692,0.41392,4,True,-3.0451,0.3157,.55-.60,
DOGE/USDT,2024-12-06,LONG,0.5516,0.43468,0.41392,3,True,-4.7759,0.4432,.55-.60,
DOGE/USDT,2024-12-07,LONG,0.6219,0.45284,0.41392,2,True,-8.5946,1.0037,.60-.70,1-1.5x
DOGE/USDT,2024-12-08,LONG,0.6217,0.46639,0.41392,1,True,-11.2502,0.7153,.60-.70,
DOGE/USDT,2024-12-14,LONG,0.7039,0.39828,0.40663,1,True,2.0965,0.5463,.70-.80,
DOGE/USDT,2024-12-17,LONG,0.5707,0.39411,0.35828,1,True,-9.0914,0.4516,.55-.60,
DOGE/USDT,2024-12-20,LONG,0.8074,0.31791,0.31262,2,True,-1.664,0.2187,>.80,
DOGE/USDT,2024-12-23,LONG,0.868,0.32497,0.3343,2,True,2.871,0.764,>.80,
DOGE/USDT,2024-12-24,LONG,0.7259,0.33717,0.3343,1,True,-0.8512,0.7514,.70-.80,
DOGE/USDT,2024-12-29,LONG,0.6264,0.31437,0.31604,2,True,0.5312,0.6948,.60-.70,
DOGE/USDT,2024-12-30,LONG,0.6147,0.31394,0.31604,1,True,0.6689,0.0312,.60-.70,
DOGE/USDT,2025-01-03,LONG,0.6176,0.37987,0.38231,2,True,0.6423,2.3052,.60-.70,2-3x
DOGE/USDT,2025-01-06,LONG,0.6404,0.38781,0.3423,2,True,-11.7351,0.27,.60-.70,
DOGE/USDT,2025-01-07,LONG,0.7108,0.348,0.3423,1,True,-1.6379,1.8874,.70-.80,1.5-2x
DOGE/USDT,2025-01-10,LONG,0.8022,0.33385,0.38537,5,False,15.4321,0.8088,>.80,
DOGE/USDT,2025-01-12,LONG,0.6162,0.33589,0.38537,3,True,14.731,0.3194,.60-.70,
DOGE/USDT,2025-01-13,LONG,0.6503,0.33809,0.38537,2,True,13.9844,0.1363,.60-.70,
DOGE/USDT,2025-01-19,LONG,0.5758,0.35839,0.37186,2,True,3.7585,1.6052,.55-.60,1.5-2x
DOGE/USDT,2025-01-20,LONG,0.8264,0.35457,0.37186,1,True,4.8763,0.1781,>.80,
DOGE/USDT,2025-01-24,LONG,0.6715,0.35091,0.33596,2,True,-4.2604,0.0592,.60-.70,
DOGE/USDT,2025-01-25,LONG,0.685,0.35345,0.33596,1,True,-4.9484,0.1368,.60-.70,
DOGE/USDT,2025-01-27,LONG,0.7088,0.33398,0.31874,1,True,-4.5631,0.1211,.70-.80,
DOGE/USDT,2025-01-31,LONG,0.5738,0.32893,0.30796,1,True,-6.3752,0.1692,.55-.60,
DOGE/USDT,2025-02-03,LONG,0.8434,0.28481,0.25613,2,True,-10.0699,1.0998,>.80,1-1.5x
DOGE/USDT,2025-02-06,LONG,0.9699,0.24788,0.2465,1,True,-0.5567,0.6928,>.80,
DOGE/USDT,2025-02-08,LONG,0.5627,0.25288,0.24892,1,True,-1.566,0.5857,.55-.60,
DOGE/USDT,2025-02-11,LONG,0.6478,0.25307,0.2718,3,True,7.4011,0.211,.60-.70,
DOGE/USDT,2025-02-13,LONG,0.6154,0.26243,0.2718,1,True,3.5705,0.1493,.60-.70,
DOGE/USDT,2025-02-15,LONG,0.6526,0.27174,0.25467,5,False,-6.2817,0.0049,.60-.70,
DOGE/USDT,2025-02-18,LONG,0.643,0.25138,0.2396,3,True,-4.6861,0.6006,.60-.70,
DOGE/USDT,2025-02-19,LONG,0.6051,0.25481,0.2396,2,True,-5.9692,0.3113,.60-.70,
DOGE/USDT,2025-02-25,LONG,0.5922,0.21158,0.20688,2,True,-2.2214,0.1386,.55-.60,
DOGE/USDT,2025-02-28,LONG,0.6043,0.20182,0.20674,1,True,2.4378,0.6264,.60-.70,
DOGE/USDT,2025-03-05,LONG,0.7345,0.20471,0.20152,1,True,-1.5583,0.4359,.70-.80,
DOGE/USDT,2025-03-07,LONG,0.6463,0.19846,0.16812,2,True,-15.2877,0.2367,.60-.70,
DOGE/USDT,2025-03-11,LONG,0.7325,0.16456,0.17243,1,True,4.7825,0.9337,.70-.80,
DOGE/USDT,2025-03-14,LONG,0.7682,0.17195,0.17596,1,True,2.3321,0.5467,.70-.80,
DOGE/USDT,2025-03-17,LONG,0.6166,0.17333,0.17797,2,True,2.677,0.4379,.60-.70,
DOGE/USDT,2025-03-18,LONG,0.5547,0.16802,0.17797,1,True,5.9219,0.4373,.55-.60,
DOGE/USDT,2025-03-20,LONG,0.5541,0.16947,0.19069,5,False,12.5214,0.6635,.55-.60,
DOGE/USDT,2025-03-22,LONG,0.7281,0.16737,0.19049,5,False,13.8137,0.0089,.70-.80,
DOGE/USDT,2025-03-23,LONG,0.6297,0.17263,0.18024,5,False,4.4083,0.6389,.60-.70,
DOGE/USDT,2025-03-24,LONG,0.5659,0.18297,0.16956,5,False,-7.3291,1.1666,.55-.60,1-1.5x
DOGE/USDT,2025-03-25,LONG,0.6853,0.19069,0.16653,5,False,-12.6698,0.8133,.60-.70,
DOGE/USDT,2025-03-26,LONG,0.6524,0.1949,0.16653,4,True,-14.5562,0.4242,.60-.70,
DOGE/USDT,2025-03-27,LONG,0.6498,0.19049,0.16653,3,True,-12.5781,0.4336,.60-.70,
DOGE/USDT,2025-03-28,LONG,0.7086,0.18024,0.16653,2,True,-7.6065,1.0128,.70-.80,1-1.5x
DOGE/USDT,2025-03-29,LONG,0.5865,0.16956,0.16653,1,True,-1.787,1.2703,.55-.60,1-1.5x
DOGE/USDT,2025-04-02,LONG,0.6237,0.16382,0.16898,3,True,3.1498,1.4387,.60-.70,1-1.5x
DOGE/USDT,2025-04-03,LONG,0.6723,0.16233,0.16898,2,True,4.0966,0.2298,.60-.70,
DOGE/USDT,2025-04-04,LONG,0.5861,0.17128,0.16898,1,True,-1.3428,1.3362,.55-.60,1-1.5x
BONK/USDT,2024-08-29,LONG,0.64,1.8e-05,1.8e-05,1,True,-1.5375,0.1002,.60-.70,
BONK/USDT,2024-09-07,LONG,0.6064,1.6e-05,1.6e-05,1,True,3.2013,0.0746,.60-.70,
BONK/USDT,2024-09-11,LONG,0.6114,1.7e-05,1.8e-05,2,True,6.4814,0.8105,.60-.70,
BONK/USDT,2024-09-12,LONG,0.5558,1.7e-05,1.8e-05,1,True,3.3895,0.7099,.55-.60,
BONK/USDT,2024-09-18,LONG,0.6634,1.7e-05,1.7e-05,4,True,1.2287,0.6546,.60-.70,
BONK/USDT,2024-09-19,LONG,0.6093,1.8e-05,1.7e-05,3,True,-2.7965,1.1085,.60-.70,1-1.5x
BONK/USDT,2024-09-21,LONG,0.6355,1.8e-05,1.7e-05,1,True,-6.7682,0.1193,.60-.70,
BONK/USDT,2024-09-23,LONG,0.6143,1.8e-05,2.1e-05,3,True,18.7628,0.8396,.60-.70,
BONK/USDT,2024-09-29,LONG,0.9226,2.3e-05,2.2e-05,3,True,-3.9253,0.9158,>.80,
BONK/USDT,2024-09-30,LONG,0.6978,2.4e-05,2.2e-05,2,True,-7.5619,0.8061,.60-.70,
BONK/USDT,2024-10-01,LONG,0.899,2.4e-05,2.2e-05,1,True,-7.7091,0.0338,>.80,
BONK/USDT,2024-10-03,LONG,0.6234,2e-05,2.1e-05,1,True,8.3493,1.7358,.60-.70,1.5-2x
BONK/USDT,2024-10-05,LONG,0.6326,2.1e-05,2.1e-05,2,True,2.6373,0.679,.60-.70,
BONK/USDT,2024-10-06,LONG,0.9295,2.2e-05,2.1e-05,1,True,-3.417,1.0508,>.80,1-1.5x
BONK/USDT,2024-10-08,LONG,0.6024,2.1e-05,2e-05,1,True,-5.1933,0.1714,.60-.70,
BONK/USDT,2024-10-10,LONG,0.915,2e-05,2.1e-05,3,True,3.8251,0.3461,>.80,
BONK/USDT,2024-10-11,LONG,0.5599,2.2e-05,2.1e-05,2,True,-2.3052,0.9951,.55-.60,
BONK/USDT,2024-10-12,LONG,0.7245,2.2e-05,2.1e-05,1,True,-3.0561,0.1283,.70-.80,
BONK/USDT,2024-10-16,LONG,0.7114,2.4e-05,2.2e-05,1,True,-8.1454,1.3919,.70-.80,1-1.5x
BONK/USDT,2024-10-18,LONG,0.6318,2.4e-05,2.4e-05,1,True,-0.3772,0.8769,.60-.70,
BONK/USDT,2024-10-20,LONG,0.8356,2.4e-05,2.1e-05,5,False,-15.3204,0.5096,>.80,
BONK/USDT,2024-10-21,LONG,0.7141,2.3e-05,2.1e-05,5,False,-9.6966,0.5843,.70-.80,
BONK/USDT,2024-10-23,LONG,0.7448,2.2e-05,2.1e-05,4,True,-2.3321,0.7192,.70-.80,
BONK/USDT,2024-10-24,LONG,0.7352,2.3e-05,2.1e-05,3,True,-6.8553,0.9523,.70-.80,
BONK/USDT,2024-10-25,LONG,0.7237,2.1e-05,2.1e-05,2,True,4.1598,1.8921,.70-.80,1.5-2x
BONK/USDT,2024-10-26,LONG,0.6235,2.1e-05,2.1e-05,1,True,1.2131,0.5349,.60-.70,
BONK/USDT,2024-10-29,LONG,0.5769,2.2e-05,2e-05,2,True,-8.0049,0.6619,.55-.60,
BONK/USDT,2024-10-30,LONG,0.5853,2.1e-05,2e-05,1,True,-4.2852,0.7251,.55-.60,
BONK/USDT,2024-11-02,LONG,0.6899,1.9e-05,1.8e-05,1,True,-5.2662,0.2013,.60-.70,
BONK/USDT,2024-11-08,LONG,0.6878,2.2e-05,2.7e-05,3,True,22.0375,0.5768,.60-.70,
BONK/USDT,2024-11-09,LONG,0.9229,2.2e-05,2.7e-05,2,True,19.1685,0.4046,>.80,
BONK/USDT,2024-11-14,LONG,0.9888,3.6e-05,4.7e-05,2,True,33.1749,0.488,>.80,
BONK/USDT,2024-11-15,LONG,0.9562,4.5e-05,4.7e-05,1,True,4.6606,2.3213,>.80,2-3x
BONK/USDT,2024-11-18,LONG,0.666,4.8e-05,5.4e-05,3,True,11.3895,0.5018,.60-.70,
BONK/USDT,2024-11-19,LONG,0.9038,5.2e-05,5.4e-05,2,True,2.8007,0.7092,>.80,
BONK/USDT,2024-11-20,LONG,0.9834,4.9e-05,5.4e-05,1,True,8.59,0.4508,>.80,
BONK/USDT,2024-11-23,LONG,0.9483,4.8e-05,4.3e-05,5,False,-9.9538,0.3202,>.80,
BONK/USDT,2024-11-24,LONG,0.8984,4.8e-05,4.7e-05,5,False,-2.236,0.0183,>.80,
BONK/USDT,2024-11-26,LONG,0.6583,4.3e-05,4.7e-05,3,True,9.8215,0.1562,.60-.70,
BONK/USDT,2024-11-27,LONG,0.6357,4.4e-05,4.7e-05,2,True,6.5342,0.2591,.60-.70,
BONK/USDT,2024-11-28,LONG,0.5757,4.3e-05,4.7e-05,1,True,8.8056,0.1759,.55-.60,
BONK/USDT,2024-12-03,LONG,0.6227,4.2e-05,4.3e-05,2,True,2.5387,0.3417,.60-.70,
BONK/USDT,2024-12-06,LONG,0.5887,4.3e-05,3.9e-05,5,False,-8.1614,0.0978,.55-.60,
BONK/USDT,2024-12-08,LONG,0.6207,4.6e-05,3.8e-05,4,True,-17.4486,0.2469,.60-.70,
BONK/USDT,2024-12-10,LONG,0.5753,3.6e-05,3.8e-05,2,True,5.5878,1.297,.55-.60,1-1.5x
BONK/USDT,2024-12-11,LONG,0.6374,3.9e-05,3.8e-05,1,True,-3.8169,1.5426,.60-.70,1.5-2x
BONK/USDT,2024-12-13,LONG,0.5749,3.9e-05,3.6e-05,1,True,-6.1681,0.4234,.55-.60,
BONK/USDT,2024-12-15,LONG,0.6176,3.7e-05,3.1e-05,3,True,-15.3857,0.1509,.60-.70,
BONK/USDT,2024-12-20,LONG,0.7347,3.3e-05,3e-05,1,True,-10.3697,1.9404,.70-.80,1.5-2x
BONK/USDT,2024-12-26,LONG,0.5583,3e-05,3.2e-05,1,True,5.3816,0.9608,.55-.60,
BONK/USDT,2024-12-28,LONG,0.5718,3.3e-05,3.1e-05,3,True,-6.4702,0.2697,.55-.60,
BONK/USDT,2024-12-29,LONG,0.5822,3.1e-05,3.1e-05,2,True,-0.7717,0.8416,.55-.60,
BONK/USDT,2025-01-03,LONG,0.5677,3.6e-05,3.4e-05,2,True,-4.6127,1.8888,.55-.60,1.5-2x
BONK/USDT,2025-01-06,LONG,0.5874,3.5e-05,3.1e-05,1,True,-12.4144,0.3497,.55-.60,
BONK/USDT,2025-01-12,LONG,0.5518,2.8e-05,3.3e-05,5,False,20.9899,0.3685,.55-.60,
BONK/USDT,2025-01-18,LONG,0.5874,3.4e-05,3.2e-05,3,True,-3.7261,0.1233,.55-.60,
BONK/USDT,2025-01-19,LONG,0.6919,3.2e-05,3.2e-05,2,True,-0.4343,0.4809,.60-.70,
BONK/USDT,2025-01-20,LONG,0.7372,3e-05,3.2e-05,1,True,8.6341,1.1682,.70-.80,1-1.5x
BONK/USDT,2025-01-24,LONG,0.7312,3e-05,2.6e-05,3,True,-11.958,0.7464,.70-.80,
BONK/USDT,2025-01-25,LONG,0.6516,2.9e-05,2.6e-05,2,True,-10.7593,0.2039,.60-.70,
BONK/USDT,2025-01-26,LONG,0.8056,2.7e-05,2.6e-05,1,True,-3.9377,1.0595,>.80,1-1.5x
BONK/USDT,2025-01-29,LONG,0.6556,2.4e-05,2.5e-05,1,True,2.033,0.9526,.60-.70,
BONK/USDT,2025-01-31,LONG,0.6268,2.5e-05,2.2e-05,1,True,-11.4491,0.0426,.60-.70,
BONK/USDT,2025-02-03,LONG,0.7977,2e-05,1.8e-05,2,True,-12.0946,0.5362,.70-.80,
BONK/USDT,2025-02-04,LONG,0.6009,1.8e-05,1.8e-05,1,True,-4.1732,1.1111,.60-.70,1-1.5x
BONK/USDT,2025-02-06,LONG,0.9572,1.7e-05,1.8e-05,2,True,5.7443,0.8134,>.80,
BONK/USDT,2025-02-10,LONG,0.5563,1.8e-05,1.9e-05,4,True,5.8307,0.2912,.55-.60,
BONK/USDT,2025-02-11,LONG,0.7209,1.8e-05,1.9e-05,3,True,5.0396,0.1336,.70-.80,
BONK/USDT,2025-02-13,LONG,0.6246,1.8e-05,1.9e-05,1,True,5.9758,0.6763,.60-.70,
BONK/USDT,2025-02-16,LONG,0.5586,1.7e-05,1.7e-05,1,True,-4.0395,0.5379,.55-.60,
BONK/USDT,2025-02-18,LONG,0.6358,1.5e-05,1.6e-05,5,False,1.9548,1.4411,.60-.70,1-1.5x
BONK/USDT,2025-02-20,LONG,0.6237,1.6e-05,1.6e-05,3,True,-1.8568,0.5067,.60-.70,
BONK/USDT,2025-02-25,LONG,0.5971,1.3e-05,1.3e-05,2,True,-1.8021,0.3983,.55-.60,
BONK/USDT,2025-02-26,LONG,0.5843,1.3e-05,1.3e-05,1,True,-1.6996,0.0202,.55-.60,
BONK/USDT,2025-02-28,LONG,0.649,1.4e-05,1.6e-05,2,True,14.3182,0.6892,.60-.70,
BONK/USDT,2025-03-04,LONG,0.5814,1.2e-05,1.2e-05,2,True,0.5855,0.536,.55-.60,
BONK/USDT,2025-03-05,LONG,0.822,1.2e-05,1.2e-05,1,True,-2.4341,0.4099,>.80,
BONK/USDT,2025-03-07,LONG,0.6715,1.2e-05,1.2e-05,1,True,-2.7743,0.0249,.60-.70,
BONK/USDT,2025-03-11,LONG,0.6636,1e-05,1.1e-05,1,True,2.4343,0.9404,.60-.70,
BONK/USDT,2025-03-14,LONG,0.7572,1.1e-05,1e-05,2,True,-4.5588,0.5521,.70-.80,
BONK/USDT,2025-03-15,LONG,0.7437,1.1e-05,1e-05,1,True,-5.8055,0.1661,.70-.80,
BONK/USDT,2025-03-17,LONG,0.6504,1.1e-05,1.2e-05,5,False,9.2788,0.9043,.60-.70,
BONK/USDT,2025-03-18,LONG,0.5854,1.1e-05,1.4e-05,5,False,27.693,0.2426,.55-.60,
BONK/USDT,2025-03-19,LONG,0.6815,1.2e-05,1.4e-05,4,True,16.5031,1.2389,.60-.70,1-1.5x
BONK/USDT,2025-03-20,LONG,0.6651,1.2e-05,1.4e-05,3,True,19.2942,0.3032,.60-.70,
BONK/USDT,2025-03-21,LONG,0.6211,1.2e-05,1.4e-05,2,True,17.2603,0.2243,.60-.70,
BONK/USDT,2025-03-22,LONG,0.8631,1.2e-05,1.4e-05,1,True,14.7518,0.3188,>.80,
BONK/USDT,2025-03-26,LONG,0.9602,1.4e-05,1.1e-05,3,True,-18.5143,0.132,>.80,
BONK/USDT,2025-03-27,LONG,0.6736,1.4e-05,1.1e-05,2,True,-16.5354,0.3929,.60-.70,
BONK/USDT,2025-03-28,LONG,0.7783,1.2e-05,1.1e-05,1,True,-7.4122,1.528,.70-.80,1.5-2x
BONK/USDT,2025-03-30,LONG,0.6192,1.1e-05,1.1e-05,1,True,0.6885,0.2411,.60-.70,
BONK/USDT,2025-04-01,LONG,0.6205,1.2e-05,1.1e-05,1,True,-11.7318,1.8108,.60-.70,1.5-2x
BONK/USDT,2025-04-04,LONG,0.722,1.1e-05,1.1e-05,5,False,-2.6283,0.6145,.70-.80,
BONK/USDT,2025-04-05,LONG,0.9572,1.1e-05,1.1e-05,4,True,-0.4225,0.3393,>.80,
FLOKI/USDT,2024-08-27,LONG,0.6681,0.000147,0.000156,1,True,6.0203,0.2114,.60-.70,
FLOKI/USDT,2024-08-29,LONG,0.5559,0.000136,0.000119,5,False,-12.7111,2.402,.55-.60,2-3x
FLOKI/USDT,2024-08-30,LONG,0.8022,0.000127,0.000122,5,False,-3.8755,1.2219,>.80,1-1.5x
FLOKI/USDT,2024-08-31,LONG,0.7756,0.000125,0.000119,5,False,-4.8133,0.3283,.70-.80,
FLOKI/USDT,2024-09-01,LONG,0.7969,0.000117,0.000119,4,True,2.11,1.303,.70-.80,1-1.5x
FLOKI/USDT,2024-09-02,LONG,0.5736,0.000122,0.000119,3,True,-2.097,0.8122,.55-.60,
FLOKI/USDT,2024-09-03,LONG,0.7001,0.000119,0.000119,2,True,0.1514,0.4259,.70-.80,
FLOKI/USDT,2024-09-04,LONG,0.551,0.000122,0.000119,1,True,-2.6415,0.5454,.55-.60,
FLOKI/USDT,2024-09-06,LONG,0.6019,0.000115,0.000118,1,True,2.7043,0.5814,.60-.70,
FLOKI/USDT,2024-09-08,LONG,0.732,0.000123,0.000123,3,True,-0.6077,0.7699,.70-.80,
FLOKI/USDT,2024-09-10,LONG,0.569,0.000127,0.000123,1,True,-3.758,0.1459,.55-.60,
FLOKI/USDT,2024-09-12,LONG,0.6042,0.000124,0.000119,4,True,-4.4509,0.3219,.60-.70,
FLOKI/USDT,2024-09-17,LONG,0.5677,0.000122,0.00013,5,False,7.0072,0.4957,.55-.60,
FLOKI/USDT,2024-09-18,LONG,0.6924,0.000128,0.000134,5,False,4.3935,1.4328,.60-.70,1-1.5x
FLOKI/USDT,2024-09-21,LONG,0.7114,0.000136,0.000141,3,True,3.7184,0.4569,.70-.80,
FLOKI/USDT,2024-09-22,LONG,0.615,0.00013,0.000141,2,True,8.6926,1.3801,.60-.70,1-1.5x
FLOKI/USDT,2024-09-25,LONG,0.6384,0.000137,0.00017,3,True,23.8868,0.814,.60-.70,
FLOKI/USDT,2024-09-29,LONG,0.8798,0.000162,0.000137,2,True,-15.6863,1.0257,>.80,1-1.5x
FLOKI/USDT,2024-09-30,LONG,0.8723,0.000153,0.000137,1,True,-10.75,1.1382,>.80,1-1.5x
FLOKI/USDT,2024-10-10,LONG,0.8227,0.000131,0.000137,3,True,4.0097,0.2529,>.80,
FLOKI/USDT,2024-10-11,LONG,0.5988,0.000137,0.000137,2,True,-0.4732,0.7909,.55-.60,
FLOKI/USDT,2024-10-12,LONG,0.6716,0.00014,0.000137,1,True,-2.1194,0.3008,.60-.70,
FLOKI/USDT,2024-10-15,LONG,0.6187,0.000148,0.000152,3,True,2.5907,0.4927,.60-.70,
FLOKI/USDT,2024-10-17,LONG,0.7977,0.000142,0.000152,1,True,6.7837,0.8686,.70-.80,
FLOKI/USDT,2024-10-21,LONG,0.7136,0.000151,0.000147,3,True,-2.8862,0.8707,.70-.80,
FLOKI/USDT,2024-10-22,LONG,0.5501,0.000149,0.000147,2,True,-1.2094,0.3743,.55-.60,
FLOKI/USDT,2024-10-23,LONG,0.6541,0.000143,0.000147,1,True,2.9764,0.8942,.60-.70,
FLOKI/USDT,2024-10-25,LONG,0.5686,0.000131,0.000135,2,True,3.0852,2.1392,.55-.60,2-3x
FLOKI/USDT,2024-10-26,LONG,0.6431,0.000134,0.000135,1,True,1.3481,0.3545,.60-.70,
FLOKI/USDT,2024-10-28,LONG,0.6157,0.000142,0.000147,1,True,3.7846,0.988,.60-.70,
FLOKI/USDT,2024-11-02,LONG,0.5878,0.000131,0.000117,2,True,-10.6652,0.5726,.55-.60,
FLOKI/USDT,2024-11-03,LONG,0.6134,0.000122,0.000117,1,True,-3.8903,1.626,.60-.70,1.5-2x
FLOKI/USDT,2024-11-06,LONG,0.7798,0.000143,0.00018,4,True,26.1531,2.4726,.70-.80,2-3x
FLOKI/USDT,2024-11-07,LONG,0.5986,0.000144,0.00018,3,True,24.9705,0.1739,.55-.60,
FLOKI/USDT,2024-11-08,LONG,0.6799,0.00014,0.00018,2,True,28.2203,0.4713,.60-.70,
FLOKI/USDT,2024-11-09,LONG,0.8296,0.000146,0.00018,1,True,23.6228,0.6813,>.80,
FLOKI/USDT,2024-11-13,LONG,0.6631,0.000235,0.000256,4,True,9.0135,1.384,.60-.70,1-1.5x
FLOKI/USDT,2024-11-14,LONG,0.9573,0.000215,0.000256,3,True,19.0556,1.043,>.80,1-1.5x
FLOKI/USDT,2024-11-15,LONG,0.8639,0.00026,0.000256,2,True,-1.3365,2.2934,>.80,2-3x
FLOKI/USDT,2024-11-16,LONG,0.9376,0.000247,0.000256,1,True,3.7295,0.5306,>.80,
FLOKI/USDT,2024-11-18,LONG,0.6809,0.000249,0.000247,1,True,-0.5709,0.3113,.60-.70,
FLOKI/USDT,2024-11-20,LONG,0.7046,0.000265,0.00026,1,True,-1.5648,0.7623,.70-.80,
FLOKI/USDT,2024-11-22,LONG,0.5528,0.000249,0.000237,2,True,-4.7221,0.4768,.55-.60,
FLOKI/USDT,2024-11-23,LONG,0.8936,0.000246,0.000237,1,True,-3.7365,0.1151,>.80,
FLOKI/USDT,2024-11-26,LONG,0.8396,0.000214,0.000226,1,True,5.5784,0.3713,>.80,
FLOKI/USDT,2024-11-28,LONG,0.555,0.000222,0.00023,1,True,3.9986,0.2183,.55-.60,
FLOKI/USDT,2024-12-02,LONG,0.6313,0.000227,0.000231,3,True,2.1454,0.6638,.60-.70,
FLOKI/USDT,2024-12-03,LONG,0.6379,0.000224,0.000231,2,True,3.1793,0.1576,.60-.70,
FLOKI/USDT,2024-12-04,LONG,0.6297,0.000236,0.000231,1,True,-2.0986,0.8772,.60-.70,
FLOKI/USDT,2024-12-06,LONG,0.5697,0.000236,0.000242,5,False,2.5918,0.5309,.55-.60,
FLOKI/USDT,2024-12-07,LONG,0.7168,0.000257,0.000239,5,False,-7.1473,2.0687,.70-.80,2-3x
FLOKI/USDT,2024-12-08,LONG,0.5749,0.000259,0.000244,5,False,-5.5341,0.1439,.55-.60,
FLOKI/USDT,2024-12-09,LONG,0.6743,0.000239,0.000248,5,False,3.6912,1.6414,.60-.70,1.5-2x
FLOKI/USDT,2024-12-10,LONG,0.5984,0.000222,0.000232,5,False,4.6949,1.618,.55-.60,1.5-2x
FLOKI/USDT,2024-12-11,LONG,0.5648,0.000242,0.000227,5,False,-6.2415,1.8369,.55-.60,1.5-2x
FLOKI/USDT,2024-12-12,LONG,0.7139,0.000239,0.000219,5,False,-8.1626,0.3,.70-.80,
FLOKI/USDT,2024-12-13,LONG,0.7923,0.000244,0.000191,5,False,-21.9757,0.473,.70-.80,
FLOKI/USDT,2024-12-15,LONG,0.5553,0.000232,0.000177,5,False,-23.7831,1.3134,.55-.60,1-1.5x
FLOKI/USDT,2024-12-16,LONG,0.7576,0.000227,0.000167,5,False,-26.6896,0.4455,.70-.80,
FLOKI/USDT,2024-12-17,LONG,0.8224,0.000219,0.000167,5,False,-23.6164,0.7363,>.80,
FLOKI/USDT,2024-12-20,LONG,0.9262,0.000177,0.000167,2,True,-5.3807,0.7902,>.80,
FLOKI/USDT,2024-12-21,LONG,0.6203,0.000167,0.000167,1,True,0.5405,0.9629,.60-.70,
FLOKI/USDT,2024-12-24,LONG,0.5727,0.000181,0.000178,1,True,-1.5287,0.2971,.55-.60,
FLOKI/USDT,2024-12-26,LONG,0.572,0.000173,0.000176,1,True,1.7479,0.5147,.55-.60,
FLOKI/USDT,2024-12-29,LONG,0.61,0.000171,0.000177,2,True,3.4696,1.007,.60-.70,1-1.5x
FLOKI/USDT,2025-01-03,LONG,0.6014,0.000202,0.000177,4,True,-12.181,1.6915,.60-.70,1.5-2x
FLOKI/USDT,2025-01-06,LONG,0.6407,0.000202,0.000177,1,True,-12.1026,0.2247,.60-.70,
FLOKI/USDT,2025-01-12,LONG,0.5534,0.000163,0.000155,1,True,-4.9563,0.3978,.55-.60,
FLOKI/USDT,2025-01-21,LONG,0.7754,0.000146,0.000142,1,True,-2.5286,0.5293,.70-.80,
FLOKI/USDT,2025-01-24,LONG,0.7171,0.000137,0.000128,3,True,-6.5836,0.4682,.70-.80,
FLOKI/USDT,2025-01-25,LONG,0.6274,0.000137,0.000128,2,True,-6.5563,0.005,.60-.70,
FLOKI/USDT,2025-01-26,LONG,0.6799,0.00013,0.000128,1,True,-1.1419,0.9341,.60-.70,
FLOKI/USDT,2025-01-28,LONG,0.8063,0.000113,0.000123,1,True,8.2562,1.9903,>.80,1.5-2x
FLOKI/USDT,2025-01-30,LONG,0.7922,0.000125,0.000135,1,True,7.9958,0.243,.70-.80,
FLOKI/USDT,2025-02-03,LONG,0.7693,0.000106,9.4e-05,2,True,-11.1478,0.6926,.70-.80,
FLOKI/USDT,2025-02-04,LONG,0.7483,9.8e-05,9.4e-05,1,True,-3.5356,1.0573,.70-.80,1-1.5x
FLOKI/USDT,2025-02-06,LONG,0.991,8.7e-05,9.2e-05,2,True,5.7853,1.0544,>.80,1-1.5x
FLOKI/USDT,2025-02-11,LONG,0.7695,9.2e-05,9.7e-05,4,True,4.8953,0.4716,.70-.80,
FLOKI/USDT,2025-02-13,LONG,0.6552,9.7e-05,9.7e-05,2,True,-0.0414,0.5186,.60-.70,
FLOKI/USDT,2025-02-14,LONG,0.7067,0.0001,9.7e-05,1,True,-3.4565,0.5022,.70-.80,
FLOKI/USDT,2025-02-16,LONG,0.6065,9.4e-05,9.6e-05,1,True,1.83,0.3915,.60-.70,
FLOKI/USDT,2025-02-18,LONG,0.6685,9.3e-05,9.7e-05,2,True,4.2684,0.449,.60-.70,
FLOKI/USDT,2025-02-19,LONG,0.6077,9.6e-05,9.7e-05,1,True,1.3481,0.4558,.60-.70,
FLOKI/USDT,2025-02-24,LONG,0.6105,8.2e-05,8.3e-05,1,True,1.1545,2.4743,.60-.70,2-3x
FLOKI/USDT,2025-03-04,LONG,0.5581,7.3e-05,7.5e-05,1,True,3.4868,0.3302,.55-.60,
FLOKI/USDT,2025-03-07,LONG,0.5979,7.1e-05,6e-05,2,True,-16.1245,0.4002,.55-.60,
FLOKI/USDT,2025-03-11,LONG,0.604,6.1e-05,6.2e-05,1,True,1.4943,0.9813,.60-.70,
FLOKI/USDT,2025-03-14,LONG,0.624,6.2e-05,5.9e-05,2,True,-3.4752,0.4917,.60-.70,
FLOKI/USDT,2025-03-15,LONG,0.5839,6.3e-05,5.9e-05,1,True,-5.4707,0.331,.55-.60,
FLOKI/USDT,2025-03-17,LONG,0.5835,6.2e-05,6.4e-05,2,True,3.629,0.7092,.55-.60,
FLOKI/USDT,2025-03-20,LONG,0.5671,6.3e-05,6.4e-05,3,True,1.0331,0.3344,.55-.60,
FLOKI/USDT,2025-03-21,LONG,0.5904,6.2e-05,6.4e-05,2,True,3.0475,0.3158,.55-.60,
FLOKI/USDT,2025-03-22,LONG,0.6991,6.2e-05,6.4e-05,1,True,2.4001,0.1123,.60-.70,
FLOKI/USDT,2025-03-24,LONG,0.6589,6.8e-05,6.8e-05,1,True,0.2946,1.4247,.60-.70,1-1.5x
FLOKI/USDT,2025-03-26,LONG,0.6088,7e-05,6.3e-05,2,True,-11.0242,0.6941,.60-.70,
FLOKI/USDT,2025-03-27,LONG,0.7169,7e-05,6.3e-05,1,True,-10.1422,0.21,.70-.80,
FLOKI/USDT,2025-03-29,LONG,0.5635,5.8e-05,5.5e-05,4,True,-5.404,1.6598,.55-.60,1.5-2x
FLOKI/USDT,2025-03-30,LONG,0.6625,5.8e-05,5.5e-05,3,True,-4.9775,0.1027,.60-.70,
FLOKI/USDT,2025-03-31,LONG,0.6753,5.8e-05,5.5e-05,2,True,-6.3259,0.3483,.60-.70,
FLOKI/USDT,2025-04-05,LONG,0.6454,5.6e-05,4.7e-05,3,True,-14.7821,0.5932,.60-.70,
WIF/USDT,2024-08-28,LONG,0.6169,1.584,1.544,2,True,-2.5253,0.1073,.60-.70,
WIF/USDT,2024-08-29,LONG,0.8261,1.54,1.544,1,True,0.2597,0.4299,>.80,
WIF/USDT,2024-08-31,LONG,0.6549,1.517,1.541,2,True,1.5821,0.2886,.60-.70,
WIF/USDT,2024-09-05,LONG,0.7888,1.532,1.489,1,True,-2.8068,0.989,.70-.80,
WIF/USDT,2024-09-07,LONG,0.9331,1.479,1.57,1,True,6.1528,0.1006,>.80,
WIF/USDT,2024-09-10,LONG,0.7489,1.645,1.541,1,True,-6.3222,0.215,.70-.80,
WIF/USDT,2024-09-12,LONG,0.6014,1.56,1.636,1,True,4.8718,0.2054,.60-.70,
WIF/USDT,2024-09-19,LONG,0.648,1.775,1.745,4,True,-1.6901,1.6953,.60-.70,1.5-2x
WIF/USDT,2024-09-20,LONG,0.6342,1.78,1.745,3,True,-1.9663,0.0495,.60-.70,
WIF/USDT,2024-09-21,LONG,0.6418,1.778,1.745,2,True,-1.856,0.0212,.60-.70,
WIF/USDT,2024-09-22,LONG,0.7662,1.693,1.745,1,True,3.0715,0.9501,.70-.80,
WIF/USDT,2024-09-24,LONG,0.6238,1.992,2.02,1,True,1.4056,2.5968,.60-.70,2-3x
WIF/USDT,2024-09-27,LONG,0.8556,2.265,2.46,3,True,8.6093,0.4802,>.80,
WIF/USDT,2024-09-28,LONG,0.7687,2.37,2.46,2,True,3.7975,0.8862,.70-.80,
WIF/USDT,2024-09-29,LONG,0.6646,2.451,2.46,1,True,0.3672,0.6635,.60-.70,
WIF/USDT,2024-10-01,LONG,0.8885,2.298,2.292,3,True,-0.2611,1.2849,>.80,1-1.5x
WIF/USDT,2024-10-02,LONG,0.583,2.205,2.292,2,True,3.9456,0.7626,.55-.60,
WIF/USDT,2024-10-03,LONG,0.6345,2.039,2.292,1,True,12.408,1.332,.60-.70,1-1.5x
WIF/USDT,2024-10-05,LONG,0.7211,2.252,2.525,2,True,12.1226,0.2952,.70-.80,
WIF/USDT,2024-10-06,LONG,0.7675,2.563,2.525,1,True,-1.4826,2.1467,.70-.80,2-3x
WIF/USDT,2024-10-09,LONG,0.8656,2.323,2.665,4,True,14.7223,0.8431,>.80,
WIF/USDT,2024-10-10,LONG,0.9572,2.436,2.665,3,True,9.4007,0.7378,>.80,
WIF/USDT,2024-10-11,LONG,0.7597,2.756,2.665,2,True,-3.3019,1.8651,.70-.80,1.5-2x
WIF/USDT,2024-10-12,LONG,0.7039,2.669,2.665,1,True,-0.1499,0.4533,.70-.80,
WIF/USDT,2024-10-14,LONG,0.7572,2.83,2.633,2,True,-6.9611,0.9539,.70-.80,
WIF/USDT,2024-10-20,LONG,0.6124,2.716,2.314,5,False,-14.8012,0.4145,.60-.70,
WIF/USDT,2024-10-21,LONG,0.7285,2.499,2.361,5,False,-5.5222,1.2,.70-.80,1-1.5x
WIF/USDT,2024-10-24,LONG,0.7192,2.553,2.361,2,True,-7.5206,0.2957,.70-.80,
WIF/USDT,2024-10-28,LONG,0.7003,2.465,2.382,3,True,-3.3671,0.1838,.70-.80,
WIF/USDT,2024-10-29,LONG,0.5655,2.615,2.382,2,True,-8.9101,1.1178,.55-.60,1-1.5x
WIF/USDT,2024-10-30,LONG,0.5871,2.578,2.382,1,True,-7.6028,0.2633,.55-.60,
WIF/USDT,2024-11-02,LONG,0.5835,2.178,2.388,5,False,9.6419,0.1733,.55-.60,
WIF/USDT,2024-11-03,LONG,0.6806,2.077,2.317,5,False,11.5551,0.9736,.60-.70,
WIF/USDT,2024-11-04,LONG,0.6623,1.922,2.486,5,False,29.3444,1.5484,.60-.70,1.5-2x
WIF/USDT,2024-11-06,LONG,0.5707,2.407,2.743,4,True,13.9593,2.2616,.55-.60,2-3x
WIF/USDT,2024-11-08,LONG,0.6486,2.317,2.743,2,True,18.3858,0.4715,.60-.70,
WIF/USDT,2024-11-09,LONG,0.6851,2.486,2.743,1,True,10.3379,1.1208,.60-.70,1-1.5x
WIF/USDT,2024-11-14,LONG,0.9789,3.585,3.613,3,True,0.781,1.4289,>.80,1-1.5x
WIF/USDT,2024-11-15,LONG,0.5595,3.896,3.613,2,True,-7.2639,0.8832,.55-.60,
WIF/USDT,2024-11-16,LONG,0.8307,3.603,3.613,1,True,0.2775,0.7465,>.80,
WIF/USDT,2024-11-18,LONG,0.8118,3.451,3.29,1,True,-4.6653,0.4427,>.80,
WIF/USDT,2024-11-20,LONG,0.8687,3.05,3.265,1,True,7.0492,0.7155,>.80,
WIF/USDT,2024-11-24,LONG,0.7536,3.167,3.115,3,True,-1.6419,0.3278,.70-.80,
WIF/USDT,2024-11-25,LONG,0.6815,3.182,3.115,2,True,-2.1056,0.0494,.60-.70,
WIF/USDT,2024-11-26,LONG,0.6066,3.014,3.115,1,True,3.351,0.5671,.60-.70,
WIF/USDT,2024-11-29,LONG,0.691,3.285,3.177,1,True,-3.2877,0.7273,.60-.70,
WIF/USDT,2024-12-03,LONG,0.7374,3.277,3.192,1,True,-2.5938,0.8101,.70-.80,
WIF/USDT,2024-12-05,LONG,0.7587,3.344,3.483,1,True,4.1567,0.9139,.70-.80,
WIF/USDT,2024-12-07,LONG,0.7708,3.88,3.716,1,True,-4.2268,2.0129,.70-.80,2-3x
WIF/USDT,2024-12-14,LONG,0.6783,2.847,2.747,2,True,-3.5125,0.5467,.60-.70,
WIF/USDT,2024-12-15,LONG,0.7053,2.856,2.747,1,True,-3.8165,0.0457,.70-.80,
WIF/USDT,2024-12-18,LONG,0.761,2.307,2.106,2,True,-8.7126,1.9731,.70-.80,1.5-2x
WIF/USDT,2024-12-19,LONG,0.581,2.067,2.106,1,True,1.8868,1.3718,.55-.60,1-1.5x
WIF/USDT,2024-12-28,LONG,0.5584,1.926,1.863,3,True,-3.271,0.8115,.55-.60,
WIF/USDT,2024-12-29,LONG,0.6646,1.837,1.863,2,True,1.4154,0.811,.60-.70,
WIF/USDT,2024-12-30,LONG,0.5635,1.826,1.863,1,True,2.0263,0.1066,.55-.60,
WIF/USDT,2025-01-05,LONG,0.6834,2.101,1.71,3,True,-18.6102,0.5705,.60-.70,
WIF/USDT,2025-01-06,LONG,0.6061,2.085,1.71,2,True,-17.9856,0.1244,.60-.70,
WIF/USDT,2025-01-07,LONG,0.666,1.852,1.71,1,True,-7.6674,1.9531,.60-.70,1.5-2x
WIF/USDT,2025-01-11,LONG,0.5781,1.577,1.544,1,True,-2.0926,0.2354,.55-.60,
WIF/USDT,2025-01-15,LONG,0.5514,1.771,1.763,1,True,-0.4517,2.2983,.55-.60,2-3x
WIF/USDT,2025-01-18,LONG,0.8449,1.77,1.418,5,False,-19.887,0.8845,>.80,
WIF/USDT,2025-01-19,LONG,0.7143,1.536,1.418,4,True,-7.6823,1.92,.70-.80,1.5-2x
WIF/USDT,2025-01-20,LONG,0.8,1.391,1.418,3,True,1.941,1.3248,.70-.80,1-1.5x
WIF/USDT,2025-01-21,LONG,0.9128,1.454,1.418,2,True,-2.4759,0.6257,>.80,
WIF/USDT,2025-01-22,LONG,0.9143,1.417,1.418,1,True,0.0706,0.3713,>.80,
WIF/USDT,2025-01-24,LONG,0.828,1.285,1.211,2,True,-5.7588,1.3886,>.80,1-1.5x
WIF/USDT,2025-01-25,LONG,0.6783,1.279,1.211,1,True,-5.3167,0.069,.60-.70,
WIF/USDT,2025-01-30,LONG,0.8797,1.154,1.009,2,True,-12.565,0.3693,>.80,
WIF/USDT,2025-01-31,LONG,0.5862,1.136,1.009,1,True,-11.1796,0.221,.55-.60,
WIF/USDT,2025-02-02,LONG,0.8529,0.95,0.86,1,True,-9.4737,0.7863,>.80,
WIF/USDT,2025-02-05,LONG,0.6085,0.795,0.657,5,False,-17.3585,0.1565,.60-.70,
WIF/USDT,2025-02-06,LONG,0.9875,0.712,0.628,5,False,-11.7978,1.7172,>.80,1.5-2x
WIF/USDT,2025-02-07,LONG,0.6063,0.678,0.628,4,True,-7.3746,0.7859,.60-.70,
WIF/USDT,2025-02-08,LONG,0.6441,0.718,0.628,3,True,-12.5348,0.9614,.60-.70,
WIF/USDT,2025-02-09,LONG,0.8794,0.643,0.628,2,True,-2.3328,1.6871,>.80,1.5-2x
WIF/USDT,2025-02-10,LONG,0.6028,0.657,0.628,1,True,-4.414,0.3599,.60-.70,
WIF/USDT,2025-02-13,LONG,0.6533,0.591,0.687,2,True,16.2437,0.3956,.60-.70,
WIF/USDT,2025-02-14,LONG,0.8995,0.729,0.687,1,True,-5.7613,2.7802,>.80,2-3x
WIF/USDT,2025-02-16,LONG,0.5536,0.658,0.616,2,True,-6.383,0.5016,.55-.60,
WIF/USDT,2025-02-17,LONG,0.9148,0.631,0.616,1,True,-2.3772,0.4998,>.80,
WIF/USDT,2025-02-21,LONG,0.8084,0.6429,0.6587,2,True,2.4576,0.0476,>.80,
WIF/USDT,2025-02-22,LONG,0.6768,0.7037,0.6587,1,True,-6.3948,1.2049,.60-.70,1-1.5x
WIF/USDT,2025-02-24,LONG,0.6755,0.5559,0.55,1,True,-1.0613,1.8829,.60-.70,1.5-2x
WIF/USDT,2025-02-28,LONG,0.8357,0.6291,0.6434,3,True,2.2731,0.9035,>.80,
WIF/USDT,2025-03-01,LONG,0.9118,0.6112,0.6434,2,True,5.2683,0.3631,>.80,
WIF/USDT,2025-03-02,LONG,0.6738,0.7618,0.6434,1,True,-15.5421,2.5727,.60-.70,2-3x
WIF/USDT,2025-03-04,LONG,0.6985,0.5744,0.5712,2,True,-0.5571,1.0221,.60-.70,1-1.5x
WIF/USDT,2025-03-05,LONG,0.9296,0.5825,0.5712,1,True,-1.9399,0.1346,>.80,
WIF/USDT,2025-03-14,LONG,0.5717,0.5078,0.4655,2,True,-8.3301,0.8192,.55-.60,
WIF/USDT,2025-03-15,LONG,0.9049,0.5013,0.4655,1,True,-7.1414,0.1322,>.80,
WIF/USDT,2025-03-18,LONG,0.7256,0.4802,0.5078,4,True,5.7476,0.436,.70-.80,
WIF/USDT,2025-03-19,LONG,0.7076,0.5172,0.5078,3,True,-1.8175,0.8129,.70-.80,
WIF/USDT,2025-03-21,LONG,0.6352,0.4883,0.5078,1,True,3.9934,0.369,.60-.70,
WIF/USDT,2025-03-24,LONG,0.7155,0.5579,0.4322,5,False,-22.5309,1.2283,.70-.80,1-1.5x
WIF/USDT,2025-03-25,LONG,0.591,0.5491,0.4369,5,False,-20.4334,0.2461,.55-.60,
WIF/USDT,2025-03-26,LONG,0.6007,0.5277,0.4198,5,False,-20.4472,0.604,.60-.70,
WIF/USDT,2025-03-27,LONG,0.7341,0.5207,0.4225,5,False,-18.8592,0.2109,.70-.80,
WIF/USDT,2025-03-28,LONG,0.5541,0.4609,0.3737,5,False,-18.9195,1.6892,.55-.60,1.5-2x
WIF/USDT,2025-03-29,LONG,0.6788,0.4322,0.3737,4,True,-13.5354,1.0854,.60-.70,1-1.5x
WIF/USDT,2025-03-30,LONG,0.6691,0.4369,0.3737,3,True,-14.4656,0.1911,.60-.70,
WIF/USDT,2025-03-31,LONG,0.6125,0.4198,0.3737,2,True,-10.9814,0.6908,.60-.70,
WIF/USDT,2025-04-01,LONG,0.5581,0.4225,0.3737,1,True,-11.5503,0.1191,.55-.60,
WIF/USDT,2025-04-04,LONG,0.6376,0.3885,0.3862,1,True,-0.592,0.2168,.60-.70,
MEME/USDT,2024-08-27,LONG,0.5631,0.01051,0.00997,3,True,-5.138,0.9451,.55-.60,
MEME/USDT,2024-08-28,LONG,0.6187,0.01011,0.00997,2,True,-1.3848,0.5987,.60-.70,
MEME/USDT,2024-08-29,LONG,0.7836,0.01002,0.00997,1,True,-0.499,0.1422,.70-.80,
MEME/USDT,2024-09-04,LONG,0.5854,0.00932,0.00862,2,True,-7.5107,0.3415,.55-.60,
MEME/USDT,2024-09-05,LONG,0.6043,0.00892,0.00862,1,True,-3.3632,0.7393,.60-.70,
MEME/USDT,2024-09-07,LONG,0.609,0.0088,0.00979,5,False,11.25,0.3594,.60-.70,
MEME/USDT,2024-09-08,LONG,0.7251,0.00927,0.01011,5,False,9.0615,0.8958,.70-.80,
MEME/USDT,2024-09-09,LONG,0.5718,0.00968,0.01011,4,True,4.4421,0.7346,.55-.60,
MEME/USDT,2024-09-11,LONG,0.6806,0.00936,0.01011,2,True,8.0128,0.5684,.60-.70,
MEME/USDT,2024-09-12,LONG,0.6392,0.00979,0.01011,1,True,3.2686,1.0569,.60-.70,1-1.5x
MEME/USDT,2024-09-17,LONG,0.5636,0.00996,0.01052,5,False,5.6225,2.1174,.55-.60,2-3x
MEME/USDT,2024-09-18,LONG,0.7351,0.01041,0.01052,4,True,1.0567,1.0012,.70-.80,1-1.5x
MEME/USDT,2024-09-19,LONG,0.6058,0.010604,0.01052,3,True,-0.7922,0.4121,.60-.70,
MEME/USDT,2024-09-20,LONG,0.695,0.010666,0.01052,2,True,-1.3688,0.1305,.60-.70,
MEME/USDT,2024-09-21,LONG,0.7267,0.010862,0.01052,1,True,-3.1486,0.4307,.70-.80,
MEME/USDT,2024-09-25,LONG,0.6934,0.010826,0.012312,3,True,13.7262,0.6094,.60-.70,
MEME/USDT,2024-09-26,LONG,0.7229,0.012017,0.012312,2,True,2.4549,2.5599,.70-.80,2-3x
MEME/USDT,2024-09-29,LONG,0.6616,0.012545,0.010267,2,True,-18.1586,0.4331,.60-.70,
MEME/USDT,2024-09-30,LONG,0.8942,0.011789,0.010267,1,True,-12.9103,1.2906,>.80,1-1.5x
MEME/USDT,2024-10-06,LONG,0.6099,0.010242,0.01016,5,False,-0.8006,0.6837,.60-.70,
MEME/USDT,2024-10-07,LONG,0.9636,0.010231,0.011562,5,False,13.0095,0.0207,>.80,
MEME/USDT,2024-10-08,LONG,0.7482,0.010045,0.011155,5,False,11.0503,0.3554,.70-.80,
MEME/USDT,2024-10-09,LONG,0.8592,0.009435,0.011155,4,True,18.23,1.1536,>.80,1-1.5x
MEME/USDT,2024-10-10,LONG,0.9198,0.009535,0.011155,3,True,16.99,0.2011,>.80,
MEME/USDT,2024-10-11,LONG,0.6684,0.01016,0.011155,2,True,9.7933,1.1965,.60-.70,1-1.5x
MEME/USDT,2024-10-12,LONG,0.9238,0.011562,0.011155,1,True,-3.5202,2.207,>.80,2-3x
MEME/USDT,2024-10-14,LONG,0.7581,0.014858,0.014002,1,True,-5.7612,3.4328,.70-.80,3-5x
MEME/USDT,2024-10-17,LONG,0.9663,0.012719,0.013282,2,True,4.4264,0.2703,>.80,
MEME/USDT,2024-10-18,LONG,0.9866,0.013389,0.013282,1,True,-0.7992,0.5439,>.80,
MEME/USDT,2024-10-21,LONG,0.9263,0.013173,0.01299,3,True,-1.3892,0.7412,>.80,
MEME/USDT,2024-10-22,LONG,0.5628,0.012652,0.01299,2,True,2.6715,0.4295,.55-.60,
MEME/USDT,2024-10-23,LONG,0.7322,0.012372,0.01299,1,True,4.9952,0.2408,.70-.80,
MEME/USDT,2024-10-26,LONG,0.801,0.013419,0.013637,1,True,1.6246,1.7543,>.80,1.5-2x
MEME/USDT,2024-10-28,LONG,0.6158,0.013251,0.012264,3,True,-7.4485,0.2712,.60-.70,
MEME/USDT,2024-10-29,LONG,0.8734,0.013316,0.012264,2,True,-7.9003,0.0477,>.80,
MEME/USDT,2024-11-01,LONG,0.5767,0.01157,0.010379,3,True,-10.2939,0.5538,.55-.60,
MEME/USDT,2024-11-02,LONG,0.604,0.011236,0.010379,2,True,-7.6273,0.2829,.60-.70,
MEME/USDT,2024-11-03,LONG,0.7079,0.010627,0.010379,1,True,-2.3337,0.8015,.70-.80,
MEME/USDT,2024-11-07,LONG,0.6476,0.0113,0.010985,1,True,-2.7876,0.4956,.60-.70,
MEME/USDT,2024-11-14,LONG,0.9791,0.01318,0.014188,3,True,7.648,1.0217,>.80,1-1.5x
MEME/USDT,2024-11-15,LONG,0.6088,0.0146,0.014188,2,True,-2.8219,1.8951,.60-.70,1.5-2x
MEME/USDT,2024-11-16,LONG,0.8251,0.014393,0.014188,1,True,-1.4243,0.2489,>.80,
MEME/USDT,2024-11-18,LONG,0.5885,0.014346,0.01348,1,True,-6.0365,0.1966,.55-.60,
MEME/USDT,2024-11-21,LONG,0.6551,0.013352,0.014531,3,True,8.8301,1.1925,.60-.70,1-1.5x
MEME/USDT,2024-11-22,LONG,0.5676,0.013467,0.014531,2,True,7.9008,0.1531,.55-.60,
MEME/USDT,2024-11-23,LONG,0.6681,0.014229,0.014531,1,True,2.1224,1.0292,.60-.70,1-1.5x
MEME/USDT,2024-11-25,LONG,0.6204,0.01478,0.013302,1,True,-10.0,0.3215,.60-.70,
MEME/USDT,2024-11-27,LONG,0.5589,0.014402,0.016139,5,False,12.0608,1.3915,.55-.60,1-1.5x
MEME/USDT,2024-11-29,LONG,0.682,0.015208,0.016139,3,True,6.1218,0.2898,.60-.70,
MEME/USDT,2024-11-30,LONG,0.5904,0.016071,0.016139,2,True,0.4231,1.0039,.55-.60,1-1.5x
MEME/USDT,2024-12-05,LONG,0.6839,0.01667,0.013376,5,False,-19.76,0.7145,.60-.70,
MEME/USDT,2024-12-06,LONG,0.6777,0.01679,0.013376,4,True,-20.3335,0.1531,.60-.70,
MEME/USDT,2024-12-09,LONG,0.559,0.014285,0.013376,1,True,-6.3633,3.007,.55-.60,3-5x
MEME/USDT,2024-12-11,LONG,0.6435,0.014293,0.013349,3,True,-6.6046,1.0362,.60-.70,1-1.5x
MEME/USDT,2024-12-12,LONG,0.5534,0.014299,0.013349,2,True,-6.6438,0.0063,.55-.60,
MEME/USDT,2024-12-13,LONG,0.6068,0.014137,0.013349,1,True,-5.574,0.174,.60-.70,
MEME/USDT,2024-12-15,LONG,0.6106,0.013627,0.01314,1,True,-3.5738,0.3144,.60-.70,
MEME/USDT,2024-12-17,LONG,0.6114,0.012601,0.011181,1,True,-11.2689,0.6801,.60-.70,
MEME/USDT,2024-12-20,LONG,0.7176,0.010832,0.01024,1,True,-5.4653,0.6992,.70-.80,
MEME/USDT,2024-12-22,LONG,0.6194,0.010339,0.010842,1,True,4.8651,0.1495,.60-.70,
MEME/USDT,2024-12-24,LONG,0.6253,0.011372,0.011184,1,True,-1.6532,0.7395,.60-.70,
MEME/USDT,2024-12-27,LONG,0.6929,0.010766,0.010681,4,True,-0.7895,0.2105,.60-.70,
MEME/USDT,2024-12-29,LONG,0.5988,0.010662,0.010681,2,True,0.1782,1.0344,.55-.60,1-1.5x
MEME/USDT,2024-12-30,LONG,0.5534,0.010737,0.010681,1,True,-0.5216,0.1447,.55-.60,
MEME/USDT,2025-01-03,LONG,0.5551,0.011697,0.010104,4,True,-13.6189,1.0492,.55-.60,1-1.5x
MEME/USDT,2025-01-04,LONG,0.5653,0.011555,0.010104,3,True,-12.5573,0.2614,.55-.60,
MEME/USDT,2025-01-06,LONG,0.5782,0.011495,0.010104,1,True,-12.1009,0.2168,.55-.60,
MEME/USDT,2025-01-10,LONG,0.6589,0.009536,0.008698,3,True,-8.7878,0.6144,.60-.70,
MEME/USDT,2025-01-15,LONG,0.5518,0.009603,0.009492,3,True,-1.1559,1.1817,.55-.60,1-1.5x
MEME/USDT,2025-01-19,LONG,0.8619,0.008678,0.008609,2,True,-0.7951,1.6633,>.80,1.5-2x
MEME/USDT,2025-01-20,LONG,0.8534,0.008348,0.008609,1,True,3.1265,0.7321,>.80,
MEME/USDT,2025-01-24,LONG,0.8712,0.007975,0.007377,3,True,-7.4984,0.9201,>.80,
MEME/USDT,2025-01-25,LONG,0.7011,0.008008,0.007377,2,True,-7.8796,0.0821,.70-.80,
MEME/USDT,2025-01-26,LONG,0.8171,0.007824,0.007377,1,True,-5.7132,0.4592,>.80,
MEME/USDT,2025-01-28,LONG,0.6899,0.006538,0.006898,1,True,5.5063,2.3034,.60-.70,2-3x
MEME/USDT,2025-01-31,LONG,0.619,0.007138,0.00615,1,True,-13.8414,0.0891,.60-.70,
MEME/USDT,2025-02-03,LONG,0.9323,0.005217,0.004774,2,True,-8.4915,0.2553,>.80,
MEME/USDT,2025-02-04,LONG,0.7041,0.004891,0.004774,1,True,-2.3921,0.9845,.70-.80,
MEME/USDT,2025-02-06,LONG,0.9945,0.004344,0.004586,2,True,5.5709,1.5412,>.80,1.5-2x
MEME/USDT,2025-02-07,LONG,0.6404,0.004228,0.004586,1,True,8.4674,0.4581,.60-.70,
MEME/USDT,2025-02-11,LONG,0.8262,0.004357,0.004585,4,True,5.233,0.3874,>.80,
MEME/USDT,2025-02-13,LONG,0.8306,0.004538,0.004585,2,True,1.0357,0.6135,>.80,
MEME/USDT,2025-02-14,LONG,0.8208,0.004789,0.004585,1,True,-4.2598,0.7983,>.80,
MEME/USDT,2025-02-16,LONG,0.724,0.004535,0.00435,1,True,-4.0794,0.158,.70-.80,
MEME/USDT,2025-02-22,LONG,0.6951,0.004506,0.004335,1,True,-3.7949,1.9273,.60-.70,1.5-2x
MEME/USDT,2025-02-24,LONG,0.6246,0.003531,0.003694,1,True,4.6163,2.8182,.60-.70,2-3x
MEME/USDT,2025-02-28,LONG,0.866,0.003826,0.003274,3,True,-14.4276,0.0764,>.80,
MEME/USDT,2025-03-01,LONG,0.9282,0.003628,0.003274,2,True,-9.7574,0.8289,>.80,
MEME/USDT,2025-03-02,LONG,0.5641,0.003997,0.003274,1,True,-18.0886,1.5162,.55-.60,1.5-2x
MEME/USDT,2025-03-05,LONG,0.8331,0.003097,0.002995,1,True,-3.2935,0.1627,>.80,
MEME/USDT,2025-03-07,LONG,0.832,0.002931,0.002781,1,True,-5.1177,0.2949,>.80,
MEME/USDT,2025-03-10,LONG,0.6601,0.002353,0.002465,2,True,4.7599,0.13,.60-.70,
MEME/USDT,2025-03-11,LONG,0.7021,0.00244,0.002465,1,True,1.0246,0.469,.70-.80,
MEME/USDT,2025-03-14,LONG,0.7008,0.00247,0.002511,1,True,1.6599,0.4685,.70-.80,
MEME/USDT,2025-03-17,LONG,0.6238,0.00247,0.002505,2,True,1.417,1.0123,.60-.70,1-1.5x
MEME/USDT,2025-03-18,LONG,0.5618,0.00246,0.002505,1,True,1.8293,0.0625,.55-.60,
MEME/USDT,2025-03-20,LONG,0.6513,0.002406,0.002424,2,True,0.7481,0.606,.60-.70,
MEME/USDT,2025-03-21,LONG,0.6906,0.002325,0.002424,1,True,4.2581,0.5188,.60-.70,
MEME/USDT,2025-03-23,LONG,0.6547,0.002465,0.002624,2,True,6.4503,0.3532,.60-.70,
MEME/USDT,2025-03-24,LONG,0.7159,0.002571,0.002624,1,True,2.0615,0.8789,.70-.80,
MEME/USDT,2025-03-26,LONG,0.633,0.002604,0.002066,5,False,-20.6605,0.1556,.60-.70,
MEME/USDT,2025-03-27,LONG,0.6732,0.002556,0.002061,5,False,-19.3662,0.3767,.60-.70,
MEME/USDT,2025-03-28,LONG,0.6349,0.002289,0.00187,5,False,-18.3049,1.9771,.60-.70,1.5-2x
MEME/USDT,2025-03-29,LONG,0.6083,0.002085,0.001857,5,False,-10.9353,1.9268,.60-.70,1.5-2x
MEME/USDT,2025-03-30,LONG,0.6139,0.002083,0.00185,5,False,-11.1858,0.0207,.60-.70,
MEME/USDT,2025-03-31,LONG,0.6391,0.002066,0.00185,4,True,-10.455,0.1806,.60-.70,
MEME/USDT,2025-04-02,LONG,0.6296,0.00187,0.00185,2,True,-1.0695,1.9054,.60-.70,1.5-2x
BOME/USDT,2024-10-26,LONG,0.8483,0.008456,0.008518,2,True,0.7332,0.2489,>.80,
BOME/USDT,2024-10-29,LONG,0.7159,0.009136,0.00877,1,True,-4.0061,0.7439,.70-.80,
BOME/USDT,2024-11-03,LONG,0.6461,0.007259,0.008247,5,False,13.6107,0.5992,.60-.70,
BOME/USDT,2024-11-04,LONG,0.6075,0.007,0.008247,4,True,17.8143,0.5632,.60-.70,
BOME/USDT,2024-11-05,LONG,0.5565,0.007543,0.008247,3,True,9.3332,1.1825,.55-.60,1-1.5x
BOME/USDT,2024-11-06,LONG,0.5616,0.008454,0.008247,2,True,-2.4485,1.7029,.55-.60,1.5-2x
BOME/USDT,2024-11-14,LONG,0.8681,0.009832,0.01089,1,True,10.7608,1.9191,>.80,1.5-2x
BOME/USDT,2024-11-16,LONG,0.956,0.010109,0.010538,1,True,4.2437,0.9533,>.80,
BOME/USDT,2024-11-18,LONG,0.7607,0.010524,0.010121,1,True,-3.8293,0.0179,.70-.80,
BOME/USDT,2024-11-20,LONG,0.908,0.009321,0.009475,2,True,1.6522,1.0564,>.80,1-1.5x
BOME/USDT,2024-11-21,LONG,0.7552,0.009974,0.009475,1,True,-5.003,0.9294,.70-.80,
BOME/USDT,2024-11-23,LONG,0.6664,0.009563,0.009382,1,True,-1.8927,0.1247,.60-.70,
BOME/USDT,2024-11-27,LONG,0.6392,0.008984,0.009249,5,False,2.9497,0.8201,.60-.70,
BOME/USDT,2024-11-28,LONG,0.6012,0.009049,0.009836,5,False,8.6971,0.1044,.60-.70,
BOME/USDT,2024-11-29,LONG,0.5772,0.009475,0.009836,4,True,3.81,0.6849,.55-.60,
BOME/USDT,2024-11-30,LONG,0.5865,0.009538,0.009836,3,True,3.1243,0.0989,.55-.60,
BOME/USDT,2024-12-01,LONG,0.5651,0.009691,0.009836,2,True,1.4962,0.2397,.55-.60,
BOME/USDT,2024-12-02,LONG,0.623,0.009249,0.009836,1,True,6.3466,0.675,.60-.70,
BOME/USDT,2024-12-06,LONG,0.6484,0.009801,0.01079,1,True,10.0908,0.0334,.60-.70,
BOME/USDT,2024-12-11,LONG,0.6488,0.008639,0.008455,2,True,-2.1299,1.3834,.60-.70,1-1.5x
BOME/USDT,2024-12-15,LONG,0.6107,0.008306,0.006803,3,True,-18.0954,0.4548,.60-.70,
BOME/USDT,2024-12-17,LONG,0.5847,0.007714,0.006803,1,True,-11.8097,0.7426,.55-.60,
BOME/USDT,2024-12-20,LONG,0.7122,0.006546,0.006609,3,True,0.9624,1.1188,.70-.80,1-1.5x
BOME/USDT,2024-12-21,LONG,0.6355,0.006134,0.006609,2,True,7.7437,0.8781,.60-.70,
BOME/USDT,2024-12-22,LONG,0.661,0.006189,0.006609,1,True,6.7862,0.1251,.60-.70,
BOME/USDT,2024-12-24,LONG,0.5718,0.006707,0.006584,1,True,-1.8339,0.2061,.55-.60,
BOME/USDT,2024-12-28,LONG,0.6001,0.006479,0.006403,3,True,-1.173,0.3495,.60-.70,
BOME/USDT,2024-12-29,LONG,0.6066,0.006213,0.006403,2,True,3.0581,0.7125,.60-.70,
BOME/USDT,2024-12-30,LONG,0.5678,0.006295,0.006403,1,True,1.7156,0.233,.55-.60,
BOME/USDT,2025-01-06,LONG,0.5519,0.006989,0.005753,4,True,-17.6849,0.0271,.55-.60,
BOME/USDT,2025-01-07,LONG,0.5615,0.006059,0.005753,3,True,-5.0503,2.4356,.55-.60,2-3x
BOME/USDT,2025-01-11,LONG,0.5788,0.005744,0.005653,5,False,-1.5843,0.0338,.55-.60,
BOME/USDT,2025-01-13,LONG,0.6656,0.005152,0.005668,5,False,10.0155,1.9015,.60-.70,1.5-2x
BOME/USDT,2025-01-15,LONG,0.5554,0.005858,0.005668,3,True,-3.2434,1.5802,.55-.60,1.5-2x
BOME/USDT,2025-01-16,LONG,0.5913,0.005653,0.005668,2,True,0.2653,0.6931,.55-.60,
BOME/USDT,2025-01-21,LONG,0.8485,0.00415,0.004175,1,True,0.6024,0.4096,>.80,
BOME/USDT,2025-01-24,LONG,0.8429,0.003763,0.003455,3,True,-8.185,0.9358,>.80,
BOME/USDT,2025-01-25,LONG,0.6437,0.003845,0.003455,2,True,-10.143,0.3064,.60-.70,
BOME/USDT,2025-01-26,LONG,0.7959,0.00366,0.003455,1,True,-5.6011,0.6783,.70-.80,
BOME/USDT,2025-01-29,LONG,0.6352,0.003245,0.003301,1,True,1.7257,1.1281,.60-.70,1-1.5x
BOME/USDT,2025-02-03,LONG,0.9447,0.00238,0.002183,2,True,-8.2773,0.1189,>.80,
BOME/USDT,2025-02-04,LONG,0.692,0.002243,0.002183,1,True,-2.675,0.7441,.60-.70,
BOME/USDT,2025-02-06,LONG,0.9934,0.001955,0.00204,3,True,4.3478,1.4332,>.80,1-1.5x
BOME/USDT,2025-02-07,LONG,0.5857,0.001941,0.00204,2,True,5.1005,0.0975,.55-.60,
BOME/USDT,2025-02-10,LONG,0.5932,0.002099,0.002188,5,False,4.2401,0.4233,.55-.60,
BOME/USDT,2025-02-11,LONG,0.6515,0.002028,0.002188,4,True,7.8895,0.4992,.60-.70,
BOME/USDT,2025-02-13,LONG,0.6741,0.002172,0.002188,2,True,0.7366,0.4111,.60-.70,
BOME/USDT,2025-02-14,LONG,0.6238,0.002366,0.002188,1,True,-7.5232,1.1523,.60-.70,1-1.5x
BOME/USDT,2025-02-16,LONG,0.6682,0.002101,0.001999,1,True,-4.8548,0.51,.60-.70,
BOME/USDT,2025-02-21,LONG,0.6219,0.00198,0.002217,1,True,11.9697,0.1532,.60-.70,
BOME/USDT,2025-02-28,LONG,0.7095,0.001923,0.001737,3,True,-9.6724,0.3672,.70-.80,
BOME/USDT,2025-03-01,LONG,0.6575,0.001824,0.001737,2,True,-4.7697,0.7016,.60-.70,
BOME/USDT,2025-03-02,LONG,0.5757,0.00212,0.001737,1,True,-18.066,1.9796,.55-.60,1.5-2x
BOME/USDT,2025-03-04,LONG,0.6435,0.001664,0.001596,2,True,-4.0865,0.4763,.60-.70,
BOME/USDT,2025-03-05,LONG,0.8084,0.001691,0.001596,1,True,-5.618,0.1837,>.80,
BOME/USDT,2025-03-07,LONG,0.6301,0.001567,0.001432,1,True,-8.6152,0.2147,.60-.70,
BOME/USDT,2025-03-11,LONG,0.7169,0.001324,0.001375,1,True,3.852,0.5316,.70-.80,
BOME/USDT,2025-03-14,LONG,0.7138,0.001411,0.001366,2,True,-3.1892,0.4787,.70-.80,
BOME/USDT,2025-03-15,LONG,0.7002,0.001468,0.001366,1,True,-6.9482,0.4732,.70-.80,
BOME/USDT,2025-03-17,LONG,0.6284,0.00145,0.001404,3,True,-3.1724,0.8269,.60-.70,
BOME/USDT,2025-03-19,LONG,0.65,0.00144,0.001404,1,True,-2.5,0.5094,.60-.70,
BOME/USDT,2025-03-23,LONG,0.6489,0.001485,0.001622,2,True,9.2256,0.7584,.60-.70,
BOME/USDT,2025-03-24,LONG,0.8819,0.001569,0.001622,1,True,3.3779,1.0528,>.80,1-1.5x
BOME/USDT,2025-03-26,LONG,0.7688,0.001603,0.00158,1,True,-1.4348,0.2224,.70-.80,
BOME/USDT,2025-03-28,LONG,0.8697,0.001409,0.001322,1,True,-6.1746,1.9775,>.80,1.5-2x
BOME/USDT,2025-03-30,LONG,0.7939,0.001322,0.001321,1,True,-0.0756,0.0,.70-.80,
BOME/USDT,2025-04-01,LONG,0.5914,0.001273,0.001132,2,True,-11.0762,0.7589,.55-.60,
BOME/USDT,2025-04-02,LONG,0.6882,0.001159,0.001132,1,True,-2.3296,1.7339,.60-.70,1.5-2x
BOME/USDT,2025-04-04,LONG,0.6919,0.001149,0.000987,2,True,-14.0992,0.3032,.60-.70,
BOME/USDT,2025-04-05,LONG,0.7384,0.001131,0.000987,1,True,-12.7321,0.329,.70-.80,
JUP/USDT,2024-08-29,LONG,0.6039,0.7744,0.7027,5,False,-9.2588,0.4989,.60-.70,
JUP/USDT,2024-08-30,LONG,0.6094,0.7589,0.7335,5,False,-3.3469,0.4697,.60-.70,
JUP/USDT,2024-09-04,LONG,0.5658,0.7335,0.7077,1,True,-3.5174,1.0481,.55-.60,1-1.5x
JUP/USDT,2024-09-09,LONG,0.622,0.7351,0.7379,1,True,0.3809,0.8403,.60-.70,
JUP/USDT,2024-09-11,LONG,0.5903,0.7183,0.7295,5,False,1.5592,0.6149,.55-.60,
JUP/USDT,2024-09-12,LONG,0.5876,0.767,0.7295,4,True,-4.8892,1.6697,.55-.60,1.5-2x
JUP/USDT,2024-09-15,LONG,0.6032,0.7329,0.7295,1,True,-0.4639,1.2165,.60-.70,1-1.5x
JUP/USDT,2024-09-23,LONG,0.5728,0.8179,0.8997,1,True,10.0012,0.2577,.55-.60,
JUP/USDT,2024-09-27,LONG,0.8049,0.938,0.87,3,True,-7.2495,0.0571,>.80,
JUP/USDT,2024-09-28,LONG,0.6696,0.92,0.87,2,True,-5.4348,0.4582,.60-.70,
JUP/USDT,2024-09-29,LONG,0.7455,0.9179,0.87,1,True,-5.2184,0.0548,.70-.80,
JUP/USDT,2024-10-01,LONG,0.6489,0.8111,0.7897,5,False,-2.6384,1.4496,.60-.70,1-1.5x
JUP/USDT,2024-10-03,LONG,0.6025,0.7426,0.7677,4,True,3.38,0.7639,.60-.70,
JUP/USDT,2024-10-04,LONG,0.7206,0.7805,0.7677,3,True,-1.64,1.0659,.70-.80,1-1.5x
JUP/USDT,2024-10-05,LONG,0.6901,0.7638,0.7677,2,True,0.5106,0.4575,.60-.70,
JUP/USDT,2024-10-10,LONG,0.9332,0.736,0.7904,2,True,7.3913,0.2877,>.80,
JUP/USDT,2024-10-11,LONG,0.7149,0.7858,0.7904,1,True,0.5854,1.4377,.70-.80,1-1.5x
JUP/USDT,2024-10-13,LONG,0.8868,0.7952,0.8667,5,False,8.9914,0.1311,>.80,
JUP/USDT,2024-10-15,LONG,0.5776,0.8798,0.8667,3,True,-1.489,0.1482,.55-.60,
JUP/USDT,2024-10-17,LONG,0.8803,0.8205,0.8667,1,True,5.6307,0.9265,>.80,
JUP/USDT,2024-10-19,LONG,0.8133,0.9155,0.9637,2,True,5.2649,1.1664,>.80,1-1.5x
JUP/USDT,2024-10-20,LONG,0.9173,0.9763,0.9637,1,True,-1.2906,1.3642,>.80,1-1.5x
JUP/USDT,2024-10-22,LONG,0.7132,0.9928,1.0669,2,True,7.4637,0.6921,.70-.80,
JUP/USDT,2024-10-23,LONG,0.6509,1.0614,1.0669,1,True,0.5182,1.5815,.60-.70,1.5-2x
JUP/USDT,2024-10-26,LONG,0.8025,0.9785,1.0182,1,True,4.0572,0.4877,>.80,
JUP/USDT,2024-10-30,LONG,0.5682,1.0092,0.8572,5,False,-15.0614,0.7455,.55-.60,
JUP/USDT,2024-10-31,LONG,0.862,0.9669,0.9178,5,False,-5.0781,0.8474,>.80,
JUP/USDT,2024-11-01,LONG,0.6024,0.961,1.0349,5,False,7.6899,0.123,.60-.70,
JUP/USDT,2024-11-02,LONG,0.6713,0.9317,1.056,5,False,13.3412,0.6042,.60-.70,
JUP/USDT,2024-11-03,LONG,0.7537,0.8836,1.1123,5,False,25.8828,1.1298,.70-.80,1-1.5x
JUP/USDT,2024-11-06,LONG,0.7357,1.0349,1.2154,3,True,17.4413,2.3511,.70-.80,2-3x
JUP/USDT,2024-11-07,LONG,0.6479,1.056,1.2154,2,True,15.0947,0.3822,.60-.70,
JUP/USDT,2024-11-10,LONG,0.7375,1.2489,1.2416,1,True,-0.5845,0.5038,.70-.80,
JUP/USDT,2024-11-14,LONG,0.9107,1.067,1.1349,1,True,6.3636,1.5735,>.80,1.5-2x
JUP/USDT,2024-11-16,LONG,0.6689,1.1185,1.192,1,True,6.5713,0.2657,.60-.70,
JUP/USDT,2024-11-18,LONG,0.7624,1.1751,1.1325,5,False,-3.6252,0.2526,.70-.80,
JUP/USDT,2024-11-20,LONG,0.6773,1.0701,1.0675,5,False,-0.243,1.0207,.60-.70,1-1.5x
JUP/USDT,2024-11-21,LONG,0.7925,1.1314,1.0329,5,False,-8.706,0.9902,.70-.80,
JUP/USDT,2024-11-22,LONG,0.6559,1.1232,1.0329,4,True,-8.0395,0.1266,.60-.70,
JUP/USDT,2024-11-24,LONG,0.7441,1.1276,1.0329,2,True,-8.3984,0.0793,.70-.80,
JUP/USDT,2024-11-25,LONG,0.7353,1.0675,1.0329,1,True,-3.2412,0.97,.70-.80,
JUP/USDT,2024-11-28,LONG,0.8921,1.1301,1.1502,1,True,1.7786,0.2021,>.80,
JUP/USDT,2024-11-30,LONG,0.8026,1.1584,1.2024,2,True,3.7983,0.1586,>.80,
JUP/USDT,2024-12-01,LONG,0.7404,1.2495,1.2024,1,True,-3.7695,1.6224,.70-.80,1.5-2x
JUP/USDT,2024-12-03,LONG,0.8665,1.2419,1.2844,1,True,3.4222,0.6881,>.80,
JUP/USDT,2024-12-06,LONG,0.8955,1.3394,1.3692,1,True,2.2249,0.1883,>.80,
JUP/USDT,2024-12-08,LONG,0.5961,1.3378,1.1261,5,False,-15.8245,0.5617,.55-.60,
JUP/USDT,2024-12-09,LONG,0.7213,1.0874,1.0843,5,False,-0.2851,3.16,.70-.80,3-5x
JUP/USDT,2024-12-11,LONG,0.732,1.1266,1.0843,3,True,-3.7547,1.2273,.70-.80,1-1.5x
JUP/USDT,2024-12-13,LONG,0.6817,1.1261,1.0843,1,True,-3.7119,0.2293,.60-.70,
JUP/USDT,2024-12-15,LONG,0.7147,1.1116,0.9252,3,True,-16.7686,0.4287,.70-.80,
JUP/USDT,2024-12-17,LONG,0.6367,1.031,0.9252,1,True,-10.2619,0.5462,.60-.70,
JUP/USDT,2024-12-20,LONG,0.8208,0.8787,0.871,3,True,-0.8763,0.487,>.80,
JUP/USDT,2024-12-21,LONG,0.7816,0.8196,0.871,2,True,6.2714,1.1168,.70-.80,1-1.5x
JUP/USDT,2024-12-22,LONG,0.6238,0.814,0.871,1,True,7.0025,0.1137,.60-.70,
JUP/USDT,2024-12-24,LONG,0.5687,0.8962,0.8994,1,True,0.3571,0.466,.55-.60,
JUP/USDT,2024-12-26,LONG,0.5709,0.8363,0.813,1,True,-2.7861,1.1446,.55-.60,1-1.5x
JUP/USDT,2024-12-29,LONG,0.6,0.8039,0.8181,2,True,1.7664,0.9771,.55-.60,
JUP/USDT,2024-12-30,LONG,0.6426,0.813,0.8181,1,True,0.6273,0.2319,.60-.70,
JUP/USDT,2025-01-01,LONG,0.572,0.8511,0.9531,3,True,11.9845,0.8737,.55-.60,
JUP/USDT,2025-01-03,LONG,0.6294,0.962,0.9531,1,True,-0.9252,0.8171,.60-.70,
JUP/USDT,2025-01-05,LONG,0.6508,0.9461,0.8285,3,True,-12.43,0.145,.60-.70,
JUP/USDT,2025-01-06,LONG,0.6591,0.9558,0.8285,2,True,-13.3187,0.2036,.60-.70,
JUP/USDT,2025-01-07,LONG,0.5768,0.8591,0.8285,1,True,-3.5619,2.0147,.55-.60,2-3x
JUP/USDT,2025-01-13,LONG,0.6139,0.7714,0.7872,3,True,2.0482,0.831,.60-.70,
JUP/USDT,2025-01-15,LONG,0.62,0.836,0.7872,1,True,-5.8373,1.0563,.60-.70,1-1.5x
JUP/USDT,2025-01-17,LONG,0.5703,0.8379,1.1457,1,True,36.7347,1.4072,.55-.60,1-1.5x
JUP/USDT,2025-01-19,LONG,0.9232,0.9647,0.7978,3,True,-17.3007,1.5635,>.80,1.5-2x
JUP/USDT,2025-01-20,LONG,0.7972,0.9386,0.7978,2,True,-15.0011,0.2667,.70-.80,
JUP/USDT,2025-01-21,LONG,0.9969,0.8819,0.7978,1,True,-9.5362,0.5899,>.80,
JUP/USDT,2025-01-26,LONG,0.8947,1.0534,1.1252,1,True,6.816,0.7674,>.80,
JUP/USDT,2025-01-28,LONG,0.9808,1.1207,1.089,1,True,-2.8286,0.0373,>.80,
JUP/USDT,2025-01-30,LONG,0.958,1.094,1.0365,1,True,-5.2559,0.043,>.80,
JUP/USDT,2025-02-02,LONG,0.8515,0.9151,0.884,3,True,-3.3985,0.0828,>.80,
JUP/USDT,2025-02-03,LONG,0.6395,1.0065,0.884,2,True,-12.1709,0.8866,.60-.70,
JUP/USDT,2025-02-07,LONG,0.5685,0.8005,0.8608,5,False,7.5328,0.4214,.55-.60,
JUP/USDT,2025-02-08,LONG,0.6299,0.84,0.8506,5,False,1.2619,0.7052,.60-.70,
JUP/USDT,2025-02-09,LONG,0.8174,0.8321,0.9552,5,False,14.7939,0.1348,>.80,
JUP/USDT,2025-02-11,LONG,0.6656,0.8243,0.8781,5,False,6.5267,0.1957,.60-.70,
JUP/USDT,2025-02-14,LONG,0.6928,0.9552,0.7178,5,False,-24.8534,2.0143,.60-.70,2-3x
JUP/USDT,2025-02-15,LONG,0.6023,0.9315,0.7178,4,True,-22.9415,0.428,.60-.70,
JUP/USDT,2025-02-16,LONG,0.5847,0.8781,0.7178,3,True,-18.2553,1.0154,.55-.60,1-1.5x
JUP/USDT,2025-02-17,LONG,0.7354,0.8145,0.7178,2,True,-11.8723,1.2472,.70-.80,1-1.5x
JUP/USDT,2025-02-20,LONG,0.8076,0.7861,0.775,3,True,-1.412,1.4291,>.80,1-1.5x
JUP/USDT,2025-02-22,LONG,0.5521,0.79,0.775,1,True,-1.8987,0.5348,.55-.60,
JUP/USDT,2025-02-24,LONG,0.5989,0.6866,0.7309,2,True,6.4521,1.8301,.55-.60,1.5-2x
JUP/USDT,2025-02-28,LONG,0.5744,0.757,0.6721,3,True,-11.2153,0.8644,.55-.60,
JUP/USDT,2025-03-01,LONG,0.6885,0.7546,0.6721,2,True,-10.9329,0.0524,.60-.70,
JUP/USDT,2025-03-02,LONG,0.58,0.8354,0.6721,1,True,-19.5475,1.64,.55-.60,1.5-2x
JUP/USDT,2025-03-04,LONG,0.563,0.6447,0.6326,1,True,-1.8768,0.5212,.55-.60,
JUP/USDT,2025-03-07,LONG,0.5601,0.5765,0.4911,2,True,-14.8135,0.7557,.55-.60,
JUP/USDT,2025-03-08,LONG,0.6244,0.5515,0.4911,1,True,-10.9519,0.6043,.60-.70,
JUP/USDT,2025-03-10,LONG,0.576,0.48,0.5138,2,True,7.0417,0.3215,.55-.60,
JUP/USDT,2025-03-14,LONG,0.5881,0.5302,0.4898,2,True,-7.6198,0.8066,.55-.60,
JUP/USDT,2025-03-23,LONG,0.557,0.5455,0.4968,5,False,-8.9276,0.8778,.55-.60,
JUP/USDT,2025-03-24,LONG,0.5506,0.5689,0.4968,4,True,-12.6736,0.8547,.55-.60,
JUP/USDT,2025-03-26,LONG,0.5662,0.5369,0.4968,2,True,-7.4688,0.7996,.55-.60,
JUP/USDT,2025-03-27,LONG,0.5615,0.5466,0.4968,1,True,-9.1109,0.3675,.55-.60,
JUP/USDT,2025-03-29,LONG,0.6085,0.4727,0.3801,4,True,-19.5896,1.023,.60-.70,1-1.5x
JUP/USDT,2025-03-31,LONG,0.6012,0.4228,0.3801,2,True,-10.0993,2.3546,.60-.70,2-3x
JUP/USDT,2025-04-01,LONG,0.5717,0.4244,0.3801,1,True,-10.4383,0.0733,.55-.60,
JUP/USDT,2025-04-05,LONG,0.8,0.3852,0.3377,1,True,-12.3313,0.9024,.70-.80,
PYTH/USDT,2024-09-04,LONG,0.6346,0.2689,0.2594,1,True,-3.5329,1.079,.60-.70,1-1.5x
PYTH/USDT,2024-09-07,LONG,0.6946,0.2548,0.2936,5,False,15.2276,0.268,.60-.70,
PYTH/USDT,2024-09-08,LONG,0.6734,0.2652,0.2953,5,False,11.3499,0.9649,.60-.70,
PYTH/USDT,2024-09-10,LONG,0.5803,0.2787,0.282,5,False,1.1841,0.2444,.55-.60,
PYTH/USDT,2024-09-11,LONG,0.6102,0.2709,0.2801,5,False,3.3961,0.6489,.60-.70,
PYTH/USDT,2024-09-15,LONG,0.6695,0.282,0.3004,3,True,6.5248,0.8659,.60-.70,
PYTH/USDT,2024-09-16,LONG,0.5501,0.2801,0.3004,2,True,7.2474,0.1712,.55-.60,
PYTH/USDT,2024-09-17,LONG,0.6119,0.2932,0.3004,1,True,2.4557,1.1527,.60-.70,1-1.5x
PYTH/USDT,2024-09-20,LONG,0.6612,0.321,0.3462,3,True,7.8505,0.4295,.60-.70,
PYTH/USDT,2024-09-21,LONG,0.7399,0.3251,0.3462,2,True,6.4903,0.3336,.70-.80,
PYTH/USDT,2024-09-22,LONG,0.6405,0.3149,0.3462,1,True,9.9397,0.8545,.60-.70,
PYTH/USDT,2024-09-27,LONG,0.6766,0.3696,0.3581,1,True,-3.1115,0.0064,.60-.70,
PYTH/USDT,2024-09-29,LONG,0.686,0.3726,0.3404,1,True,-8.642,0.9262,.60-.70,
PYTH/USDT,2024-10-02,LONG,0.7456,0.322,0.311,1,True,-3.4161,0.4182,.70-.80,
PYTH/USDT,2024-10-07,LONG,0.9697,0.3238,0.3021,2,True,-6.7017,0.7756,>.80,
PYTH/USDT,2024-10-08,LONG,0.9047,0.3126,0.3021,1,True,-3.3589,0.6721,>.80,
PYTH/USDT,2024-10-12,LONG,0.6594,0.3255,0.3255,1,True,0.0,0.3619,.60-.70,
PYTH/USDT,2024-10-15,LONG,0.5692,0.3472,0.3402,2,True,-2.0161,0.2049,.55-.60,
PYTH/USDT,2024-10-20,LONG,0.8324,0.3636,0.3501,1,True,-3.7129,1.1315,>.80,1-1.5x
PYTH/USDT,2024-10-22,LONG,0.5884,0.3471,0.336,1,True,-3.1979,0.2253,.55-.60,
PYTH/USDT,2024-10-24,LONG,0.7947,0.3786,0.3347,1,True,-11.5954,2.7889,.70-.80,2-3x
PYTH/USDT,2024-10-26,LONG,0.6224,0.3494,0.3628,1,True,3.8351,0.8173,.60-.70,
PYTH/USDT,2024-10-31,LONG,0.9371,0.373,0.329,3,True,-11.7962,0.5204,>.80,
PYTH/USDT,2024-11-01,LONG,0.5816,0.3701,0.329,2,True,-11.1051,0.1503,.55-.60,
PYTH/USDT,2024-11-02,LONG,0.6422,0.3513,0.329,1,True,-6.3479,0.9523,.60-.70,
PYTH/USDT,2024-11-07,LONG,0.7311,0.3985,0.4107,1,True,3.0615,0.5902,.70-.80,
PYTH/USDT,2024-11-10,LONG,0.7985,0.4247,0.4096,3,True,-3.5555,0.004,.70-.80,
PYTH/USDT,2024-11-11,LONG,0.9336,0.4469,0.4096,2,True,-8.3464,0.8701,>.80,
PYTH/USDT,2024-11-12,LONG,0.5811,0.4176,0.4096,1,True,-1.9157,1.0595,.55-.60,1-1.5x
PYTH/USDT,2024-11-14,LONG,0.98,0.3922,0.4214,1,True,7.4452,0.8542,>.80,
PYTH/USDT,2024-11-18,LONG,0.8587,0.4193,0.4112,2,True,-1.9318,0.1219,>.80,
PYTH/USDT,2024-11-19,LONG,0.7634,0.4084,0.4112,1,True,0.6856,0.5029,.70-.80,
PYTH/USDT,2024-11-23,LONG,0.8575,0.4143,0.427,3,True,3.0654,0.026,>.80,
PYTH/USDT,2024-11-25,LONG,0.7592,0.4462,0.427,1,True,-4.303,0.3595,.70-.80,
PYTH/USDT,2024-11-28,LONG,0.6803,0.4791,0.5077,3,True,5.9695,0.3122,.60-.70,
PYTH/USDT,2024-12-12,LONG,0.5867,0.4497,0.4628,1,True,2.9131,0.4385,.55-.60,
PYTH/USDT,2024-12-15,LONG,0.6013,0.4745,0.3941,3,True,-16.9442,1.6402,.60-.70,1.5-2x
PYTH/USDT,2024-12-20,LONG,0.8372,0.3834,0.3625,1,True,-5.4512,0.5213,>.80,
PYTH/USDT,2024-12-24,LONG,0.5738,0.3969,0.3621,2,True,-8.768,0.4446,.55-.60,
PYTH/USDT,2024-12-25,LONG,0.5569,0.3922,0.3621,1,True,-7.6747,0.1691,.55-.60,
PYTH/USDT,2024-12-27,LONG,0.655,0.3646,0.353,4,True,-3.1816,0.0972,.60-.70,
PYTH/USDT,2024-12-29,LONG,0.62,0.3742,0.353,2,True,-5.6654,0.5051,.60-.70,
PYTH/USDT,2025-01-03,LONG,0.6044,0.3907,0.3924,1,True,0.4351,0.8115,.60-.70,
PYTH/USDT,2025-01-06,LONG,0.5754,0.3988,0.3306,4,True,-17.1013,0.4046,.55-.60,
PYTH/USDT,2025-01-07,LONG,0.5552,0.3565,0.3306,3,True,-7.2651,2.2826,.55-.60,2-3x
PYTH/USDT,2025-01-13,LONG,0.5594,0.3114,0.358,5,False,14.9647,1.1986,.55-.60,1-1.5x
PYTH/USDT,2025-01-19,LONG,0.7553,0.319,0.3246,3,True,1.7555,2.2611,.70-.80,2-3x
PYTH/USDT,2025-01-20,LONG,0.7384,0.3112,0.3246,2,True,4.3059,0.5087,.70-.80,
PYTH/USDT,2025-01-21,LONG,0.5639,0.3198,0.3246,1,True,1.5009,0.5765,.55-.60,
PYTH/USDT,2025-01-25,LONG,0.7411,0.3169,0.2903,2,True,-8.3938,0.4358,.70-.80,
PYTH/USDT,2025-01-26,LONG,0.8029,0.3038,0.2903,1,True,-4.4437,0.8885,>.80,
PYTH/USDT,2025-01-29,LONG,0.6921,0.2743,0.2863,1,True,4.3748,0.5026,.60-.70,
PYTH/USDT,2025-01-31,LONG,0.5878,0.2854,0.2568,1,True,-10.021,0.0697,.55-.60,
PYTH/USDT,2025-02-03,LONG,0.8312,0.2247,0.1977,2,True,-12.016,0.1468,>.80,
PYTH/USDT,2025-02-10,LONG,0.5558,0.2003,0.2141,5,False,6.8897,0.4915,.55-.60,
PYTH/USDT,2025-02-11,LONG,0.6477,0.2004,0.2141,4,True,6.8363,0.0095,.60-.70,
PYTH/USDT,2025-02-13,LONG,0.6246,0.2042,0.2141,2,True,4.8482,0.704,.60-.70,
PYTH/USDT,2025-02-14,LONG,0.6514,0.2332,0.2141,1,True,-8.1904,2.1418,.60-.70,2-3x
PYTH/USDT,2025-02-16,LONG,0.5689,0.21,0.2085,1,True,-0.7143,0.2838,.55-.60,
PYTH/USDT,2025-02-21,LONG,0.7731,0.2339,0.2059,3,True,-11.9709,0.5031,.70-.80,
PYTH/USDT,2025-02-22,LONG,0.6203,0.2388,0.2059,2,True,-13.7772,0.3292,.60-.70,
PYTH/USDT,2025-02-23,LONG,0.5711,0.2461,0.2059,1,True,-16.3348,0.4785,.55-.60,
PYTH/USDT,2025-02-28,LONG,0.7429,0.2092,0.1831,3,True,-12.4761,0.0787,.70-.80,
PYTH/USDT,2025-03-04,LONG,0.6487,0.1773,0.1864,1,True,5.1325,0.404,.60-.70,
PYTH/USDT,2025-03-10,LONG,0.6374,0.1371,0.1449,2,True,5.6893,0.8583,.60-.70,
PYTH/USDT,2025-03-11,LONG,0.6535,0.1404,0.1449,1,True,3.2051,0.3167,.60-.70,
PYTH/USDT,2025-03-14,LONG,0.6375,0.1489,0.1451,2,True,-2.552,0.7951,.60-.70,
PYTH/USDT,2025-03-15,LONG,0.7706,0.1512,0.1451,1,True,-4.0344,0.2269,.70-.80,
PYTH/USDT,2025-03-20,LONG,0.6139,0.1493,0.1618,2,True,8.3724,0.6968,.60-.70,
PYTH/USDT,2025-03-23,LONG,0.6263,0.1604,0.1523,5,False,-5.0499,0.1698,.60-.70,
PYTH/USDT,2025-03-24,LONG,0.6029,0.1692,0.1445,5,False,-14.5981,1.0496,.60-.70,1-1.5x
PYTH/USDT,2025-03-27,LONG,0.7061,0.1689,0.1393,4,True,-17.5252,0.0956,.70-.80,
PYTH/USDT,2025-03-28,LONG,0.6482,0.1523,0.1393,3,True,-8.5358,1.822,.60-.70,1.5-2x
PYTH/USDT,2025-03-30,LONG,0.5589,0.1438,0.1393,1,True,-3.1293,0.1083,.55-.60,
PYTH/USDT,2025-04-02,LONG,0.5611,0.1337,0.1309,1,True,-2.0942,1.5547,.55-.60,1.5-2x
ONDO/USDT,2024-10-10,LONG,0.941,0.6793,0.7284,3,True,7.228,0.6413,>.80,
ONDO/USDT,2024-10-11,LONG,0.6806,0.7092,0.7284,2,True,2.7073,0.9927,.60-.70,
ONDO/USDT,2024-10-12,LONG,0.7446,0.7129,0.7284,1,True,2.1742,0.1188,.70-.80,
ONDO/USDT,2024-10-14,LONG,0.5666,0.7614,0.8065,4,True,5.9233,1.1364,.55-.60,1-1.5x
ONDO/USDT,2024-10-16,LONG,0.7486,0.7294,0.8065,2,True,10.5703,0.6357,.70-.80,
ONDO/USDT,2024-10-17,LONG,0.744,0.714,0.8065,1,True,12.9552,0.5892,.70-.80,
ONDO/USDT,2024-10-20,LONG,0.8375,0.8337,0.7599,4,True,-8.8521,1.2257,>.80,1-1.5x
ONDO/USDT,2024-10-21,LONG,0.9376,0.7708,0.7599,3,True,-1.4141,1.5688,>.80,1.5-2x
ONDO/USDT,2024-10-23,LONG,0.8073,0.7477,0.7599,1,True,1.6317,0.5587,>.80,
ONDO/USDT,2024-10-26,LONG,0.6523,0.6871,0.6982,1,True,1.6155,0.4069,.60-.70,
ONDO/USDT,2024-10-30,LONG,0.6441,0.7253,0.5969,5,False,-17.703,0.255,.60-.70,
ONDO/USDT,2024-10-31,LONG,0.7557,0.6927,0.5969,4,True,-13.8299,0.8387,.70-.80,
ONDO/USDT,2024-11-01,LONG,0.8887,0.6689,0.5969,3,True,-10.7639,0.6348,>.80,
ONDO/USDT,2024-11-02,LONG,0.6377,0.6383,0.5969,2,True,-6.486,0.8367,.60-.70,
ONDO/USDT,2024-11-03,LONG,0.7741,0.6216,0.5969,1,True,-3.9736,0.4888,.70-.80,
ONDO/USDT,2024-11-06,LONG,0.6246,0.7368,0.8402,4,True,14.0337,2.5892,.60-.70,2-3x
ONDO/USDT,2024-11-08,LONG,0.6966,0.7257,0.8402,2,True,15.7779,0.3155,.60-.70,
ONDO/USDT,2024-11-09,LONG,0.8525,0.7661,0.8402,1,True,9.6724,0.8966,>.80,
ONDO/USDT,2024-11-11,LONG,0.9056,0.9508,0.876,4,True,-7.8671,1.9021,>.80,1.5-2x
ONDO/USDT,2024-11-12,LONG,0.724,0.8847,0.876,3,True,-0.9834,0.9772,.70-.80,
ONDO/USDT,2024-11-13,LONG,0.8625,0.8751,0.876,2,True,0.1028,0.1522,>.80,
ONDO/USDT,2024-11-14,LONG,0.9894,0.8319,0.876,1,True,5.3011,0.7406,>.80,
ONDO/USDT,2024-11-20,LONG,0.6713,0.9671,1.0391,2,True,7.4449,0.6221,.60-.70,
ONDO/USDT,2024-11-21,LONG,0.564,1.0087,1.0391,1,True,3.0138,0.5694,.55-.60,
ONDO/USDT,2024-11-24,LONG,0.6094,1.0627,1.0098,1,True,-4.9779,0.1524,.60-.70,
ONDO/USDT,2024-12-02,LONG,0.6685,1.4841,1.7338,2,True,16.825,2.5635,.60-.70,2-3x
ONDO/USDT,2024-12-05,LONG,0.9368,1.6763,1.6775,2,True,0.0716,0.5309,>.80,
ONDO/USDT,2024-12-06,LONG,0.6469,1.7783,1.6775,1,True,-5.6683,1.047,.60-.70,1-1.5x
ONDO/USDT,2024-12-09,LONG,0.7418,1.5173,1.7345,1,True,14.3149,1.6799,.70-.80,1.5-2x
ONDO/USDT,2024-12-12,LONG,0.5712,1.7554,2.0199,4,True,15.0678,0.2724,.55-.60,
ONDO/USDT,2024-12-13,LONG,0.9159,1.9746,2.0199,3,True,2.2941,1.8356,>.80,1.5-2x
ONDO/USDT,2024-12-14,LONG,0.8386,1.8865,2.0199,2,True,7.0713,0.6362,>.80,
ONDO/USDT,2024-12-15,LONG,0.8572,2.0409,2.0199,1,True,-1.029,1.199,>.80,1-1.5x
ONDO/USDT,2024-12-18,LONG,0.8866,1.8164,1.7449,1,True,-3.9364,0.8362,>.80,
ONDO/USDT,2024-12-25,LONG,0.5858,1.6095,1.437,2,True,-10.7176,0.9089,.55-.60,
ONDO/USDT,2024-12-28,LONG,0.6662,1.4969,1.3462,3,True,-10.0675,0.6161,.60-.70,
ONDO/USDT,2024-12-29,LONG,0.7123,1.3918,1.3462,2,True,-3.2763,1.0702,.70-.80,1-1.5x
ONDO/USDT,2024-12-30,LONG,0.6824,1.3673,1.3462,1,True,-1.5432,0.3144,.60-.70,
ONDO/USDT,2025-01-03,LONG,0.7067,1.6046,1.5464,2,True,-3.6271,1.9209,.70-.80,1.5-2x
ONDO/USDT,2025-01-04,LONG,0.7131,1.5784,1.5464,1,True,-2.0274,0.3082,.70-.80,
ONDO/USDT,2025-01-06,LONG,0.738,1.5226,1.2677,4,True,-16.7411,0.2929,.70-.80,
ONDO/USDT,2025-01-07,LONG,0.5797,1.3698,1.2677,3,True,-7.4536,1.8184,.55-.60,1.5-2x
ONDO/USDT,2025-01-09,LONG,0.5899,1.2079,1.2677,1,True,4.9507,1.4437,.55-.60,1-1.5x
ONDO/USDT,2025-01-11,LONG,0.5692,1.2728,1.222,2,True,-3.9912,0.0709,.55-.60,
ONDO/USDT,2025-01-12,LONG,0.5863,1.2083,1.222,1,True,1.1338,0.9018,.55-.60,
ONDO/USDT,2025-01-18,LONG,0.7716,1.3083,1.3632,1,True,4.1963,0.0054,.70-.80,
ONDO/USDT,2025-01-20,LONG,0.8535,1.2921,1.3609,1,True,5.3247,0.8987,>.80,
ONDO/USDT,2025-01-24,LONG,0.709,1.4025,1.4342,1,True,2.2602,0.7853,.70-.80,
ONDO/USDT,2025-01-26,LONG,0.8538,1.3682,1.3356,1,True,-2.3827,0.8525,>.80,
ONDO/USDT,2025-01-28,LONG,0.7009,1.3324,1.466,1,True,10.027,0.0495,.70-.80,
ONDO/USDT,2025-01-31,LONG,0.5785,1.486,1.3412,1,True,-9.7443,0.9637,.55-.60,
ONDO/USDT,2025-02-03,LONG,0.8939,1.406,1.4011,4,True,-0.3485,1.9371,>.80,1.5-2x
ONDO/USDT,2025-02-04,LONG,0.6522,1.3523,1.4011,3,True,3.6087,0.6176,.60-.70,
ONDO/USDT,2025-02-06,LONG,0.9705,1.3536,1.4011,1,True,3.5092,0.5617,>.80,
ONDO/USDT,2025-02-10,LONG,0.5518,1.3308,1.3972,2,True,4.9895,0.0541,.55-.60,
ONDO/USDT,2025-02-11,LONG,0.6908,1.3305,1.3972,1,True,5.0132,0.004,.60-.70,
ONDO/USDT,2025-02-13,LONG,0.6126,1.3306,1.3263,1,True,-0.3232,0.8455,.60-.70,
ONDO/USDT,2025-02-16,LONG,0.6799,1.2736,1.2336,1,True,-3.1407,0.0451,.60-.70,
ONDO/USDT,2025-02-18,LONG,0.7084,1.2018,1.1298,3,True,-5.991,0.5091,.70-.80,
ONDO/USDT,2025-02-24,LONG,0.6428,0.9831,0.9725,3,True,-1.0782,3.049,.60-.70,3-5x
ONDO/USDT,2025-02-25,LONG,0.6263,1.0034,0.9725,2,True,-3.0795,0.47,.60-.70,
ONDO/USDT,2025-02-26,LONG,0.5745,0.9765,0.9725,1,True,-0.4096,0.6278,.55-.60,
ONDO/USDT,2025-02-28,LONG,0.6584,0.9903,0.9819,3,True,-0.8482,0.4408,.60-.70,
ONDO/USDT,2025-03-02,LONG,0.5573,1.1928,0.9819,1,True,-17.6811,2.8236,.55-.60,2-3x
ONDO/USDT,2025-03-04,LONG,0.5855,0.9602,1.119,1,True,16.5382,0.3231,.55-.60,
ONDO/USDT,2025-03-08,LONG,0.6611,0.948,0.8763,4,True,-7.5633,0.3674,.60-.70,
ONDO/USDT,2025-03-09,LONG,0.6061,0.8503,0.8763,3,True,3.0577,1.2299,.60-.70,1-1.5x
ONDO/USDT,2025-03-10,LONG,0.7962,0.7828,0.8763,2,True,11.9443,0.9339,.70-.80,
ONDO/USDT,2025-03-11,LONG,0.7769,0.8297,0.8763,1,True,5.6165,0.6919,.70-.80,
ONDO/USDT,2025-03-14,LONG,0.7287,0.8681,0.8147,2,True,-6.1514,0.549,.70-.80,
ONDO/USDT,2025-03-15,LONG,0.7518,0.8699,0.8147,1,True,-6.3456,0.0238,.70-.80,
ONDO/USDT,2025-03-17,LONG,0.5869,0.8565,0.8841,2,True,3.2224,0.6107,.55-.60,
ONDO/USDT,2025-03-18,LONG,0.6207,0.8382,0.8841,1,True,5.476,0.2545,.60-.70,
ONDO/USDT,2025-03-25,LONG,0.6433,0.9175,0.7912,5,False,-13.7657,0.6926,.60-.70,
ONDO/USDT,2025-03-26,LONG,0.663,0.9011,0.7792,5,False,-13.5279,0.3373,.60-.70,
ONDO/USDT,2025-03-27,LONG,0.5602,0.9132,0.7792,4,True,-14.6737,0.2707,.55-.60,
ONDO/USDT,2025-03-28,LONG,0.6292,0.8425,0.7792,3,True,-7.5134,1.4868,.60-.70,1-1.5x
ONDO/USDT,2025-03-29,LONG,0.6065,0.7984,0.7792,2,True,-2.4048,1.0881,.60-.70,1-1.5x
ONDO/USDT,2025-04-01,LONG,0.551,0.8221,0.785,1,True,-4.5128,1.2969,.55-.60,1-1.5x
ONDO/USDT,2025-04-04,LONG,0.5632,0.8211,0.8103,1,True,-1.3153,0.2261,.55-.60,
PENDLE/USDT,2024-12-09,LONG,0.9529,5.701,5.879,1,True,3.1223,2.5643,>.80,2-3x
PENDLE/USDT,2024-12-11,LONG,0.6993,6.126,6.085,1,True,-0.6693,0.7186,.60-.70,
PENDLE/USDT,2024-12-15,LONG,0.7445,6.172,5.701,3,True,-7.6312,0.923,.70-.80,
PENDLE/USDT,2024-12-16,LONG,0.7546,6.305,5.701,2,True,-9.5797,0.3738,.70-.80,
PENDLE/USDT,2024-12-17,LONG,0.704,6.018,5.701,1,True,-5.2675,0.86,.70-.80,
PENDLE/USDT,2024-12-20,LONG,0.8898,5.446,5.27,3,True,-3.2317,1.7991,>.80,1.5-2x
PENDLE/USDT,2024-12-21,LONG,0.8918,5.054,5.27,2,True,4.2738,1.0009,>.80,1-1.5x
PENDLE/USDT,2024-12-22,LONG,0.8193,4.944,5.27,1,True,6.5939,0.3022,>.80,
PENDLE/USDT,2024-12-25,LONG,0.6244,5.313,5.26,2,True,-0.9976,0.1467,.60-.70,
PENDLE/USDT,2024-12-26,LONG,0.7264,4.893,5.26,1,True,7.5005,1.1657,.70-.80,1-1.5x
PENDLE/USDT,2024-12-29,LONG,0.5935,5.285,5.086,1,True,-3.7654,0.4448,.55-.60,
PENDLE/USDT,2025-01-02,LONG,0.789,5.253,5.419,2,True,3.1601,0.523,.70-.80,
PENDLE/USDT,2025-01-03,LONG,0.6532,5.544,5.419,1,True,-2.2547,0.8489,.60-.70,
PENDLE/USDT,2025-01-05,LONG,0.6367,5.376,4.266,3,True,-20.6473,0.1244,.60-.70,
PENDLE/USDT,2025-01-06,LONG,0.6033,5.368,4.266,2,True,-20.5291,0.0236,.60-.70,
PENDLE/USDT,2025-01-10,LONG,0.569,3.937,3.932,1,True,-0.127,0.014,.55-.60,
PENDLE/USDT,2025-01-17,LONG,0.5599,4.356,3.794,4,True,-12.9017,2.3939,.55-.60,2-3x
PENDLE/USDT,2025-01-18,LONG,0.7117,4.02,3.794,3,True,-5.6219,1.2364,.70-.80,1-1.5x
PENDLE/USDT,2025-01-19,LONG,0.5963,3.671,3.794,2,True,3.3506,1.3482,.55-.60,1-1.5x
PENDLE/USDT,2025-01-20,LONG,0.7046,3.736,3.794,1,True,1.5525,0.2749,.70-.80,
PENDLE/USDT,2025-01-22,LONG,0.7475,3.597,3.654,2,True,1.5847,0.8236,.70-.80,
PENDLE/USDT,2025-01-23,LONG,0.721,3.582,3.654,1,True,2.0101,0.0686,.70-.80,
PENDLE/USDT,2025-01-25,LONG,0.587,3.698,3.516,2,True,-4.9216,0.1949,.55-.60,
PENDLE/USDT,2025-01-26,LONG,0.6756,3.664,3.516,1,True,-4.0393,0.149,.60-.70,
PENDLE/USDT,2025-01-28,LONG,0.6142,3.141,3.261,4,True,3.8204,1.8394,.60-.70,1.5-2x
PENDLE/USDT,2025-01-29,LONG,0.6785,3.286,3.261,3,True,-0.7608,0.8032,.60-.70,
PENDLE/USDT,2025-01-31,LONG,0.5975,3.735,3.261,1,True,-12.6908,0.7772,.55-.60,
PENDLE/USDT,2025-02-03,LONG,0.8943,3.112,2.893,3,True,-7.0373,1.87,>.80,1.5-2x
PENDLE/USDT,2025-02-05,LONG,0.7887,3.001,2.893,1,True,-3.5988,0.7488,.70-.80,
PENDLE/USDT,2025-02-08,LONG,0.5907,3.241,3.181,1,True,-1.8513,0.3503,.55-.60,
PENDLE/USDT,2025-02-11,LONG,0.6218,3.611,3.68,3,True,1.9108,0.4817,.60-.70,
PENDLE/USDT,2025-02-13,LONG,0.75,3.404,3.68,1,True,8.1081,0.6221,.70-.80,
PENDLE/USDT,2025-02-16,LONG,0.6226,3.547,3.393,5,False,-4.3417,0.2655,.60-.70,
PENDLE/USDT,2025-02-17,LONG,0.716,3.437,3.497,5,False,1.7457,0.3754,.70-.80,
PENDLE/USDT,2025-02-18,LONG,0.6481,3.219,3.425,5,False,6.3995,0.7591,.60-.70,
PENDLE/USDT,2025-02-20,LONG,0.7389,3.549,3.425,3,True,-3.4939,0.9441,.70-.80,
PENDLE/USDT,2025-02-26,LONG,0.5565,2.746,2.462,5,False,-10.3423,0.8555,.55-.60,
PENDLE/USDT,2025-02-27,LONG,0.5561,2.94,2.462,4,True,-16.2585,1.2171,.55-.60,1-1.5x
PENDLE/USDT,2025-02-28,LONG,0.5537,2.879,2.462,3,True,-14.4842,0.3594,.55-.60,
PENDLE/USDT,2025-03-07,LONG,0.69,2.42,2.077,5,False,-14.1736,0.1279,.60-.70,
PENDLE/USDT,2025-03-11,LONG,0.6083,2.073,2.077,1,True,0.193,1.1145,.60-.70,1-1.5x
PENDLE/USDT,2025-03-14,LONG,0.6542,2.121,2.068,2,True,-2.4988,0.6125,.60-.70,
PENDLE/USDT,2025-03-15,LONG,0.572,2.198,2.068,1,True,-5.9145,0.4883,.55-.60,
PENDLE/USDT,2025-03-17,LONG,0.6688,2.316,2.396,1,True,3.4542,1.5877,.60-.70,1.5-2x
PENDLE/USDT,2025-03-20,LONG,0.7138,2.509,2.94,5,False,17.1782,0.0798,.70-.80,
PENDLE/USDT,2025-03-21,LONG,0.7709,2.501,2.94,4,True,17.553,0.0428,.70-.80,
PENDLE/USDT,2025-03-22,LONG,0.7928,2.641,2.94,3,True,11.3215,0.7632,.70-.80,
PENDLE/USDT,2025-03-23,LONG,0.6565,2.676,2.94,2,True,9.8655,0.2321,.60-.70,
PENDLE/USDT,2025-03-24,LONG,0.7484,2.853,2.94,1,True,3.0494,1.1273,.70-.80,1-1.5x
PENDLE/USDT,2025-03-27,LONG,0.754,2.874,2.501,2,True,-12.9784,0.1011,.70-.80,
PENDLE/USDT,2025-03-28,LONG,0.7086,2.715,2.501,1,True,-7.8821,0.925,.70-.80,
PENDLE/USDT,2025-03-30,LONG,0.7762,2.526,2.963,3,True,17.3001,0.2017,.70-.80,
PENDLE/USDT,2025-03-31,LONG,0.7202,2.714,2.963,2,True,9.1746,1.5235,.70-.80,1.5-2x
PENDLE/USDT,2025-04-01,LONG,0.7452,3.028,2.963,1,True,-2.1466,2.1555,.70-.80,2-3x
PENDLE/USDT,2025-04-04,LONG,0.7114,3.195,3.063,1,True,-4.1315,0.0631,.70-.80,
FET/USDT,2024-08-27,LONG,0.6662,1.287,1.1252,2,True,-12.5719,0.503,.60-.70,
FET/USDT,2024-08-28,LONG,0.7656,1.1944,1.1252,1,True,-5.7937,1.014,.70-.80,1-1.5x
FET/USDT,2024-09-02,LONG,0.7409,1.2345,1.1409,2,True,-7.582,1.1919,.70-.80,1-1.5x
FET/USDT,2024-09-07,LONG,0.7129,1.0651,1.1003,1,True,3.3049,0.024,.70-.80,
FET/USDT,2024-09-10,LONG,0.6777,1.3371,1.336,5,False,-0.0823,1.54,.60-.70,1.5-2x
FET/USDT,2024-09-12,LONG,0.796,1.3818,1.336,3,True,-3.3145,0.3753,.70-.80,
FET/USDT,2024-09-13,LONG,0.6432,1.3749,1.336,2,True,-2.8293,0.0861,.60-.70,
FET/USDT,2024-09-14,LONG,0.6468,1.4076,1.336,1,True,-5.0867,0.4268,.60-.70,
FET/USDT,2024-09-17,LONG,0.5535,1.3503,1.6129,5,False,19.4475,1.215,.55-.60,1-1.5x
FET/USDT,2024-09-18,LONG,0.7333,1.4512,1.6129,4,True,11.1425,1.3209,.70-.80,1-1.5x
FET/USDT,2024-09-19,LONG,0.735,1.4882,1.6129,3,True,8.3793,0.4595,.70-.80,
FET/USDT,2024-09-21,LONG,0.8339,1.6299,1.6129,1,True,-1.043,0.0022,>.80,
FET/USDT,2024-09-24,LONG,0.7018,1.7034,1.6004,4,True,-6.0467,0.7306,.70-.80,
FET/USDT,2024-09-25,LONG,0.7741,1.6341,1.6004,3,True,-2.0623,0.8552,.70-.80,
FET/USDT,2024-09-27,LONG,0.6072,1.6796,1.6004,1,True,-4.7154,0.6721,.60-.70,
FET/USDT,2024-10-03,LONG,0.6436,1.3705,1.4704,4,True,7.2893,0.7518,.60-.70,
FET/USDT,2024-10-04,LONG,0.7686,1.4665,1.4704,3,True,0.2659,1.447,.70-.80,1-1.5x
FET/USDT,2024-10-05,LONG,0.7242,1.4048,1.4704,2,True,4.6697,0.8778,.70-.80,
FET/USDT,2024-10-06,LONG,0.6063,1.4735,1.4704,1,True,-0.2104,1.0429,.60-.70,1-1.5x
FET/USDT,2024-10-11,LONG,0.7386,1.4126,1.4187,2,True,0.4318,1.7117,.70-.80,1.5-2x
FET/USDT,2024-10-12,LONG,0.6943,1.4757,1.4187,1,True,-3.8626,1.0517,.60-.70,1-1.5x
FET/USDT,2024-10-17,LONG,0.7347,1.3608,1.3853,4,True,1.8004,1.0162,.70-.80,1-1.5x
FET/USDT,2024-10-18,LONG,0.6082,1.4321,1.3853,3,True,-3.2679,1.1334,.60-.70,1-1.5x
FET/USDT,2024-10-19,LONG,0.5625,1.4045,1.3853,2,True,-1.367,0.4175,.55-.60,
FET/USDT,2024-10-20,LONG,0.778,1.4632,1.3853,1,True,-5.3239,0.9172,.70-.80,
FET/USDT,2024-10-23,LONG,0.6727,1.3243,1.3422,1,True,1.3517,0.5082,.60-.70,
FET/USDT,2024-10-26,LONG,0.5973,1.2356,1.2801,2,True,3.6015,0.483,.55-.60,
FET/USDT,2024-10-30,LONG,0.6741,1.2981,1.1895,3,True,-8.3661,0.6558,.60-.70,
FET/USDT,2024-10-31,LONG,0.6937,1.2963,1.1895,2,True,-8.2388,0.0322,.60-.70,
FET/USDT,2024-11-01,LONG,0.6686,1.2315,1.1895,1,True,-3.4105,1.1694,.60-.70,1-1.5x
FET/USDT,2024-11-03,LONG,0.5828,1.1431,1.1308,1,True,-1.076,1.0009,.55-.60,1-1.5x
FET/USDT,2024-11-05,LONG,0.6339,1.2545,1.4095,2,True,12.3555,2.3253,.60-.70,2-3x
FET/USDT,2024-11-06,LONG,0.6543,1.4136,1.4095,1,True,-0.29,2.328,.60-.70,2-3x
FET/USDT,2024-11-08,LONG,0.741,1.3965,1.3772,4,True,-1.382,0.1737,.70-.80,
FET/USDT,2024-11-09,LONG,0.6865,1.466,1.3772,3,True,-6.0573,0.9312,.60-.70,
FET/USDT,2024-11-10,LONG,0.6062,1.4431,1.3772,2,True,-4.5666,0.3,.60-.70,
FET/USDT,2024-11-11,LONG,0.7503,1.58,1.3772,1,True,-12.8354,1.7082,.70-.80,1.5-2x
FET/USDT,2024-11-14,LONG,0.9565,1.2309,1.2835,1,True,4.2733,0.4464,>.80,
FET/USDT,2024-11-18,LONG,0.8421,1.3627,1.2926,1,True,-5.1442,1.2777,>.80,1-1.5x
FET/USDT,2024-11-28,LONG,0.9323,1.6758,1.7233,1,True,2.8345,1.5814,>.80,1.5-2x
FET/USDT,2024-12-01,LONG,0.8884,1.8405,1.9391,1,True,5.3572,0.5248,>.80,
FET/USDT,2024-12-03,LONG,0.6671,1.911,1.8621,1,True,-2.5589,0.2374,.60-.70,
FET/USDT,2024-12-05,LONG,0.6047,1.953,2.134,1,True,9.2678,0.7994,.60-.70,
FET/USDT,2024-12-11,LONG,0.6496,1.8195,1.7861,1,True,-1.8357,1.1126,.60-.70,1-1.5x
FET/USDT,2024-12-15,LONG,0.6162,1.8078,1.7126,1,True,-5.2661,0.6531,.60-.70,
FET/USDT,2024-12-17,LONG,0.6438,1.6104,1.4325,1,True,-11.0469,0.8769,.60-.70,
FET/USDT,2024-12-19,LONG,0.6775,1.3028,1.3724,4,True,5.3423,1.2942,.60-.70,1-1.5x
FET/USDT,2024-12-20,LONG,0.7356,1.3749,1.3724,3,True,-0.1818,0.8397,.70-.80,
FET/USDT,2024-12-21,LONG,0.744,1.2663,1.3724,2,True,8.3787,1.1734,.70-.80,1-1.5x
FET/USDT,2024-12-22,LONG,0.6018,1.2544,1.3724,1,True,9.4069,0.1439,.60-.70,
FET/USDT,2024-12-24,LONG,0.5553,1.3946,1.3499,1,True,-3.2052,0.23,.55-.60,
FET/USDT,2024-12-31,LONG,0.6799,1.2724,1.3185,1,True,3.6231,0.2339,.60-.70,
FET/USDT,2025-01-03,LONG,0.7319,1.5007,1.3369,5,False,-10.9149,1.4156,.70-.80,1-1.5x
FET/USDT,2025-01-04,LONG,0.7419,1.4879,1.2937,5,False,-13.052,0.1456,.70-.80,
FET/USDT,2025-01-06,LONG,0.7786,1.5711,1.3173,5,False,-16.1543,0.3909,.70-.80,
FET/USDT,2025-01-08,LONG,0.6871,1.3369,1.3173,3,True,-1.4661,0.9521,.60-.70,
FET/USDT,2025-01-09,LONG,0.7082,1.2937,1.3173,2,True,1.8242,0.5857,.70-.80,
FET/USDT,2025-01-10,LONG,0.7167,1.3281,1.3173,1,True,-0.8132,0.5079,.70-.80,
FET/USDT,2025-01-13,LONG,0.6312,1.2425,1.3032,1,True,4.8853,0.8936,.60-.70,
FET/USDT,2025-01-17,LONG,0.6447,1.4051,1.309,1,True,-6.8394,1.0826,.60-.70,1-1.5x
FET/USDT,2025-01-21,LONG,0.7584,1.3059,1.1791,5,False,-9.7098,1.6937,.70-.80,1.5-2x
FET/USDT,2025-01-22,LONG,0.6521,1.28,1.1177,5,False,-12.6797,0.3376,.60-.70,
FET/USDT,2025-01-23,LONG,0.686,1.2432,1.1177,4,True,-10.0949,0.5199,.60-.70,
FET/USDT,2025-01-24,LONG,0.7459,1.2264,1.1177,3,True,-8.8633,0.2443,.70-.80,
FET/USDT,2025-01-26,LONG,0.668,1.1791,1.1177,1,True,-5.2074,0.4517,.60-.70,
FET/USDT,2025-01-30,LONG,0.5781,1.046,1.0276,1,True,-1.7591,0.9835,.55-.60,
FET/USDT,2025-02-03,LONG,0.793,0.8626,0.7133,3,True,-17.3081,0.7892,.70-.80,
FET/USDT,2025-02-04,LONG,0.6469,0.7877,0.7133,2,True,-9.4452,1.4029,.60-.70,1-1.5x
FET/USDT,2025-02-05,LONG,0.6819,0.7624,0.7133,1,True,-6.4402,0.5188,.60-.70,
FET/USDT,2025-02-11,LONG,0.7813,0.7596,0.8089,3,True,6.4903,0.2257,.70-.80,
FET/USDT,2025-02-12,LONG,0.6156,0.8228,0.8089,2,True,-1.6894,1.4428,.60-.70,1-1.5x
FET/USDT,2025-02-13,LONG,0.5981,0.7771,0.8089,1,True,4.0921,0.9539,.55-.60,
FET/USDT,2025-02-17,LONG,0.6634,0.7576,0.7304,1,True,-3.5903,0.5183,.60-.70,
FET/USDT,2025-02-20,LONG,0.6686,0.7748,0.7536,1,True,-2.7362,1.2735,.60-.70,1-1.5x
FET/USDT,2025-02-22,LONG,0.5761,0.7882,0.7571,1,True,-3.9457,0.9766,.55-.60,
FET/USDT,2025-03-01,LONG,0.6789,0.64,0.6174,2,True,-3.5313,0.4304,.60-.70,
FET/USDT,2025-03-02,LONG,0.5906,0.7478,0.6174,1,True,-17.4378,2.8046,.55-.60,2-3x
FET/USDT,2025-03-05,LONG,0.586,0.6186,0.6295,1,True,1.762,0.7764,.55-.60,
FET/USDT,2025-03-07,LONG,0.7451,0.5839,0.5289,2,True,-9.4194,1.0338,.70-.80,1-1.5x
FET/USDT,2025-03-08,LONG,0.7282,0.6028,0.5289,1,True,-12.2595,0.4585,.70-.80,
FET/USDT,2025-03-10,LONG,0.5646,0.4617,0.5022,2,True,8.7719,1.6108,.55-.60,1.5-2x
FET/USDT,2025-03-11,LONG,0.8346,0.4818,0.5022,1,True,4.2341,0.5434,>.80,
FET/USDT,2025-03-14,LONG,0.7534,0.5178,0.5492,5,False,6.0641,0.525,.70-.80,
FET/USDT,2025-03-15,LONG,0.7406,0.5253,0.5492,4,True,4.5498,0.1841,.70-.80,
FET/USDT,2025-03-16,LONG,0.9127,0.5063,0.5492,3,True,8.4732,0.4819,>.80,
FET/USDT,2025-03-20,LONG,0.5609,0.5233,0.5658,5,False,8.1215,0.6027,.55-.60,
FET/USDT,2025-03-21,LONG,0.7722,0.5018,0.5517,5,False,9.9442,0.523,.70-.80,
FET/USDT,2025-03-22,LONG,0.9432,0.5135,0.5489,5,False,6.8939,0.3471,>.80,
FET/USDT,2025-03-23,LONG,0.8559,0.5196,0.5095,5,False,-1.9438,0.2117,>.80,
FET/USDT,2025-03-24,LONG,0.9456,0.552,0.4705,5,False,-14.7645,1.0898,>.80,1-1.5x
FET/USDT,2025-03-25,LONG,0.8515,0.5658,0.4687,5,False,-17.1615,0.4457,>.80,
FET/USDT,2025-03-26,LONG,0.8673,0.5517,0.4687,4,True,-15.0444,0.4444,>.80,
FET/USDT,2025-03-27,LONG,0.906,0.5489,0.4687,3,True,-14.611,0.0944,>.80,
FET/USDT,2025-03-28,LONG,0.8849,0.5095,0.4687,2,True,-8.0079,1.2971,>.80,1-1.5x
FET/USDT,2025-03-29,LONG,0.6239,0.4705,0.4687,1,True,-0.3826,1.499,.60-.70,1-1.5x
FET/USDT,2025-04-05,LONG,0.6513,0.4336,0.3844,1,True,-11.3469,0.519,.60-.70,
W/USDT,2024-08-27,LONG,0.5914,0.226,0.2177,1,True,-3.6726,0.7724,.55-.60,
W/USDT,2024-08-31,LONG,0.5953,0.209,0.2107,2,True,0.8134,0.8677,.55-.60,
W/USDT,2024-09-04,LONG,0.5758,0.2038,0.1918,2,True,-5.8881,0.6714,.55-.60,
W/USDT,2024-09-07,LONG,0.607,0.1964,0.2055,5,False,4.6334,0.4735,.60-.70,
W/USDT,2024-09-08,LONG,0.5533,0.2012,0.2113,5,False,5.0199,0.5385,.55-.60,
W/USDT,2024-09-15,LONG,0.6212,0.1997,0.2105,3,True,5.4081,1.0007,.60-.70,1-1.5x
W/USDT,2024-09-16,LONG,0.6897,0.1923,0.2105,2,True,9.4644,1.0177,.60-.70,1-1.5x
W/USDT,2024-09-17,LONG,0.6143,0.2014,0.2105,1,True,4.5184,1.256,.60-.70,1-1.5x
W/USDT,2024-09-20,LONG,0.7171,0.2351,0.2446,3,True,4.0408,0.6799,.70-.80,
W/USDT,2024-09-21,LONG,0.6821,0.2396,0.2446,2,True,2.0868,0.4746,.60-.70,
W/USDT,2024-09-22,LONG,0.5978,0.2311,0.2446,1,True,5.8416,0.8952,.55-.60,
W/USDT,2024-09-25,LONG,0.5816,0.2508,0.3251,2,True,29.6252,0.603,.55-.60,
W/USDT,2024-09-26,LONG,0.6367,0.2941,0.3251,1,True,10.5406,3.4089,.60-.70,3-5x
W/USDT,2024-09-29,LONG,0.7706,0.3126,0.2895,1,True,-7.3896,0.7201,.70-.80,
W/USDT,2024-10-01,LONG,0.8869,0.3037,0.318,2,True,4.7086,0.8007,>.80,
W/USDT,2024-10-02,LONG,0.8638,0.3438,0.318,1,True,-7.5044,2.0018,>.80,2-3x
W/USDT,2024-10-04,LONG,0.8617,0.3275,0.3412,1,True,4.1832,0.4317,>.80,
W/USDT,2024-10-07,LONG,0.8488,0.3234,0.3011,3,True,-6.8955,0.8333,>.80,
W/USDT,2024-10-08,LONG,0.6674,0.3138,0.3011,2,True,-4.0472,0.425,.60-.70,
W/USDT,2024-10-09,LONG,0.8924,0.3023,0.3011,1,True,-0.397,0.5283,>.80,
W/USDT,2024-10-16,LONG,0.5561,0.2967,0.2873,1,True,-3.1682,0.5763,.55-.60,
W/USDT,2024-10-18,LONG,0.7399,0.2901,0.2898,1,True,-0.1034,0.1818,.70-.80,
W/USDT,2024-10-21,LONG,0.7807,0.2838,0.2817,1,True,-0.74,1.1071,.70-.80,1-1.5x
W/USDT,2024-10-23,LONG,0.8307,0.269,0.2729,1,True,1.4498,1.1859,>.80,1-1.5x
W/USDT,2024-10-25,LONG,0.7107,0.2412,0.2437,1,True,1.0365,2.7312,.70-.80,2-3x
W/USDT,2024-10-27,LONG,0.6656,0.2424,0.2371,1,True,-2.1865,0.1283,.60-.70,
W/USDT,2024-10-29,LONG,0.7722,0.2458,0.2395,1,True,-2.5631,0.8633,.70-.80,
W/USDT,2024-11-01,LONG,0.5929,0.215,0.2117,2,True,-1.5349,0.8296,.55-.60,
W/USDT,2024-11-02,LONG,0.5513,0.2197,0.2117,1,True,-3.6413,0.517,.55-.60,
W/USDT,2024-11-05,LONG,0.5786,0.2069,0.2674,5,False,29.2412,1.2362,.55-.60,1-1.5x
W/USDT,2024-11-06,LONG,0.8102,0.2345,0.2674,4,True,14.0299,2.4757,>.80,2-3x
W/USDT,2024-11-07,LONG,0.5583,0.24,0.2674,3,True,11.4167,0.4326,.55-.60,
W/USDT,2024-11-08,LONG,0.7295,0.238,0.2674,2,True,12.3529,0.1538,.70-.80,
W/USDT,2024-11-09,LONG,0.9296,0.26,0.2674,1,True,2.8462,1.5969,>.80,1.5-2x
W/USDT,2024-11-12,LONG,0.6871,0.2524,0.2354,3,True,-6.7353,1.6568,.60-.70,1.5-2x
W/USDT,2024-11-13,LONG,0.7669,0.2455,0.2354,2,True,-4.1141,0.4398,.70-.80,
W/USDT,2024-11-14,LONG,0.9843,0.2295,0.2354,1,True,2.5708,1.1197,>.80,1-1.5x
W/USDT,2024-11-21,LONG,0.6349,0.2367,0.2871,3,True,21.2928,1.19,.60-.70,1-1.5x
W/USDT,2024-11-22,LONG,0.8776,0.2444,0.2871,2,True,17.4714,0.499,>.80,
W/USDT,2024-11-23,LONG,0.7722,0.2648,0.2871,1,True,8.4215,1.256,.70-.80,1-1.5x
W/USDT,2024-11-26,LONG,0.8239,0.2667,0.3009,1,True,12.8234,0.4962,>.80,
W/USDT,2024-12-01,LONG,0.7667,0.3434,0.3441,1,True,0.2038,0.8323,.70-.80,
W/USDT,2024-12-05,LONG,0.8809,0.3833,0.3886,3,True,1.3827,0.5358,>.80,
W/USDT,2024-12-06,LONG,0.7363,0.4,0.3886,2,True,-2.85,0.8095,.70-.80,
W/USDT,2024-12-07,LONG,0.6684,0.3914,0.3886,1,True,-0.7154,0.3993,.60-.70,
W/USDT,2024-12-11,LONG,0.674,0.343,0.3287,2,True,-4.1691,1.4838,.60-.70,1-1.5x
W/USDT,2024-12-12,LONG,0.6097,0.3334,0.3287,1,True,-1.4097,0.4173,.60-.70,
W/USDT,2024-12-15,LONG,0.7859,0.3548,0.315,2,True,-11.2176,1.0139,.70-.80,1-1.5x
W/USDT,2024-12-19,LONG,0.5732,0.267,0.2594,3,True,-2.8464,1.4243,.55-.60,1-1.5x
W/USDT,2024-12-20,LONG,0.8449,0.2789,0.2594,2,True,-6.9918,0.6838,>.80,
W/USDT,2024-12-21,LONG,0.678,0.2623,0.2594,1,True,-1.1056,0.9204,.60-.70,
W/USDT,2024-12-24,LONG,0.6565,0.2953,0.2919,1,True,-1.1514,0.2177,.60-.70,
W/USDT,2024-12-28,LONG,0.564,0.299,0.2932,1,True,-1.9398,0.2277,.55-.60,
W/USDT,2024-12-30,LONG,0.6787,0.2937,0.2906,2,True,-1.0555,0.0272,.60-.70,
W/USDT,2024-12-31,LONG,0.6001,0.2859,0.2906,1,True,1.6439,0.4547,.60-.70,
W/USDT,2025-01-04,LONG,0.6113,0.3117,0.2522,5,False,-19.0889,0.359,.60-.70,
W/USDT,2025-01-05,LONG,0.6309,0.3092,0.2549,5,False,-17.5614,0.1414,.60-.70,
W/USDT,2025-01-06,LONG,0.6745,0.3057,0.2551,5,False,-16.5522,0.203,.60-.70,
W/USDT,2025-01-07,LONG,0.5569,0.2705,0.2502,5,False,-7.5046,1.9246,.55-.60,1.5-2x
W/USDT,2025-01-09,LONG,0.6034,0.2522,0.239,4,True,-5.2339,0.6421,.60-.70,
W/USDT,2025-01-10,LONG,0.728,0.2549,0.239,3,True,-6.2377,0.1966,.70-.80,
W/USDT,2025-01-21,LONG,0.6748,0.2384,0.2202,5,False,-7.6342,0.475,.60-.70,
W/USDT,2025-01-22,LONG,0.7536,0.2307,0.2152,5,False,-6.7187,0.702,.70-.80,
W/USDT,2025-01-23,LONG,0.586,0.2272,0.2152,4,True,-5.2817,0.344,.55-.60,
W/USDT,2025-01-24,LONG,0.6327,0.2244,0.2152,3,True,-4.0998,0.2795,.60-.70,
W/USDT,2025-01-25,LONG,0.6094,0.2256,0.2152,2,True,-4.6099,0.1207,.60-.70,
W/USDT,2025-01-26,LONG,0.5905,0.2202,0.2152,1,True,-2.2707,0.5398,.55-.60,
W/USDT,2025-01-28,LONG,0.5509,0.2012,0.2152,1,True,6.9583,1.6529,.55-.60,1.5-2x
W/USDT,2025-01-31,LONG,0.6232,0.2511,0.2328,1,True,-7.2879,0.6614,.60-.70,
W/USDT,2025-02-02,LONG,0.8661,0.2082,0.2017,1,True,-3.122,1.7809,>.80,1.5-2x
W/USDT,2025-02-04,LONG,0.6195,0.1808,0.1603,2,True,-11.3385,1.7383,.60-.70,1.5-2x
W/USDT,2025-02-05,LONG,0.906,0.1682,0.1603,1,True,-4.6968,1.1472,>.80,1-1.5x
W/USDT,2025-02-10,LONG,0.5676,0.1761,0.18,3,True,2.2147,0.4163,.55-.60,
W/USDT,2025-02-11,LONG,0.7024,0.1744,0.18,2,True,3.211,0.1649,.70-.80,
W/USDT,2025-02-14,LONG,0.628,0.1845,0.1783,1,True,-3.3604,0.4079,.60-.70,
W/USDT,2025-02-16,LONG,0.5658,0.177,0.1755,1,True,-0.8475,0.1188,.55-.60,
W/USDT,2025-02-18,LONG,0.6026,0.1654,0.1619,3,True,-2.1161,0.9877,.60-.70,
W/USDT,2025-02-20,LONG,0.5848,0.172,0.1619,1,True,-5.8721,1.0524,.55-.60,1-1.5x
W/USDT,2025-02-28,LONG,0.6442,0.1405,0.1167,3,True,-16.9395,0.0146,.60-.70,
W/USDT,2025-03-01,LONG,0.6151,0.1355,0.1167,2,True,-13.8745,0.7265,.60-.70,
W/USDT,2025-03-05,LONG,0.649,0.1107,0.1053,1,True,-4.878,0.0554,.60-.70,
W/USDT,2025-03-07,LONG,0.7018,0.0999,0.0874,2,True,-12.5125,0.7884,.70-.80,
W/USDT,2025-03-11,LONG,0.6526,0.0866,0.09,1,True,3.9261,0.4441,.60-.70,
W/USDT,2025-03-14,LONG,0.6916,0.0875,0.08981,3,True,2.64,0.5614,.60-.70,
W/USDT,2025-03-15,LONG,0.8501,0.0915,0.08981,2,True,-1.847,0.6371,>.80,
W/USDT,2025-03-16,LONG,0.7507,0.0847,0.08981,1,True,6.0331,1.1492,.70-.80,1-1.5x
W/USDT,2025-03-18,LONG,0.5783,0.0856,0.08835,1,True,3.2126,0.7037,.55-.60,
W/USDT,2025-03-20,LONG,0.8078,0.08255,0.08247,1,True,-0.0969,0.9685,>.80,
W/USDT,2025-03-22,LONG,0.9808,0.08921,0.10119,3,True,13.429,1.1947,>.80,1-1.5x
W/USDT,2025-03-27,LONG,0.8441,0.10127,0.08421,2,True,-16.8461,0.2767,>.80,
W/USDT,2025-04-02,LONG,0.5801,0.07885,0.09031,1,True,14.5339,0.027,.55-.60,
ENA/USDT,2025-11-28,LONG,0.6859,0.2821,0.2835,1,True,0.4963,0.2557,.60-.70,
ENA/USDT,2025-12-03,LONG,0.787,0.2971,0.2725,5,False,-8.28,1.6573,.70-.80,1.5-2x
ENA/USDT,2025-12-05,LONG,0.6845,0.2602,0.2596,5,False,-0.2306,1.2743,.60-.70,1-1.5x
ENA/USDT,2025-12-06,LONG,0.7988,0.2623,0.2596,4,True,-1.0294,0.1251,.70-.80,
ENA/USDT,2025-12-07,LONG,0.6119,0.2676,0.2596,3,True,-2.9895,0.3193,.60-.70,
ENA/USDT,2025-12-08,LONG,0.6695,0.2725,0.2596,2,True,-4.7339,0.2979,.60-.70,
ENA/USDT,2025-12-09,LONG,0.6272,0.2799,0.2596,1,True,-7.2526,0.4433,.60-.70,
ENA/USDT,2025-12-12,LONG,0.5578,0.2484,0.2472,1,True,-0.4831,1.0055,.55-.60,1-1.5x
ENA/USDT,2025-12-19,LONG,0.6231,0.2089,0.2126,1,True,1.7712,0.9634,.60-.70,
ENA/USDT,2025-12-22,LONG,0.7963,0.2067,0.1995,3,True,-3.4833,0.3757,.70-.80,
ENA/USDT,2025-12-23,LONG,0.6728,0.2,0.1995,2,True,-0.25,0.8122,.60-.70,
ENA/USDT,2025-12-24,LONG,0.6028,0.201,0.1995,1,True,-0.7463,0.1259,.60-.70,
ENA/USDT,2025-12-31,LONG,0.5502,0.2,0.2528,5,False,26.4,0.5153,.55-.60,
ENA/USDT,2026-01-01,LONG,0.6613,0.2176,0.257,5,False,18.1066,2.1571,.60-.70,2-3x
ENA/USDT,2026-01-02,LONG,0.7182,0.2373,0.2381,5,False,0.3371,1.9622,.70-.80,1.5-2x
ENA/USDT,2026-01-03,LONG,0.5642,0.2392,0.2334,5,False,-2.4247,0.1795,.55-.60,
ENA/USDT,2026-01-05,LONG,0.7257,0.2528,0.2271,5,False,-10.1661,0.1872,.70-.80,
ENA/USDT,2026-01-07,LONG,0.7538,0.2381,0.2271,3,True,-4.6199,1.7337,.70-.80,1.5-2x
ENA/USDT,2026-01-09,LONG,0.7657,0.2325,0.2271,1,True,-2.3226,0.0931,.70-.80,
ENA/USDT,2026-01-15,LONG,0.5789,0.2241,0.2213,1,True,-1.2494,1.0911,.55-.60,1-1.5x
ENA/USDT,2026-01-17,LONG,0.8331,0.219,0.2041,1,True,-6.8037,0.204,>.80,
ENA/USDT,2026-01-19,LONG,0.6423,0.1947,0.1796,1,True,-7.7555,0.8551,.60-.70,
ENA/USDT,2026-01-21,LONG,0.6346,0.1791,0.1753,2,True,-2.1217,0.0534,.60-.70,
ENA/USDT,2026-01-22,LONG,0.6639,0.1752,0.1753,1,True,0.0571,0.4665,.60-.70,
ENA/USDT,2026-01-24,LONG,0.6242,0.1741,0.1631,1,True,-6.3182,0.155,.60-.70,
ENA/USDT,2026-01-27,LONG,0.6301,0.1746,0.1728,1,True,-1.0309,0.7271,.60-.70,
ENA/USDT,2026-01-30,LONG,0.6588,0.1539,0.1365,2,True,-11.306,0.4456,.60-.70,
ENA/USDT,2026-02-02,LONG,0.602,0.14,0.1271,4,True,-9.2143,0.6544,.60-.70,
ENA/USDT,2026-02-03,LONG,0.6101,0.1373,0.1271,3,True,-7.429,0.4936,.60-.70,
ENA/USDT,2026-02-04,LONG,0.6286,0.1337,0.1271,2,True,-4.9364,0.6826,.60-.70,
ENA/USDT,2026-02-05,LONG,0.8797,0.1141,0.1271,1,True,11.3935,3.1246,>.80,3-5x
ENA/USDT,2026-02-09,LONG,0.9608,0.1205,0.1145,1,True,-4.9793,0.0302,>.80,
ENA/USDT,2026-02-12,LONG,0.8317,0.1191,0.1217,3,True,2.183,1.1624,>.80,1-1.5x
ENA/USDT,2026-02-13,LONG,0.7371,0.1211,0.1217,2,True,0.4955,0.2841,.70-.80,
ENA/USDT,2026-02-14,LONG,0.5839,0.1285,0.1217,1,True,-5.2918,1.0112,.55-.60,1-1.5x
ENA/USDT,2026-02-18,LONG,0.6442,0.115,0.1114,2,True,-3.1304,0.8099,.60-.70,
ENA/USDT,2026-02-27,LONG,0.7781,0.10277,0.10359,2,True,0.7979,0.4888,.70-.80,
ENA/USDT,2026-03-03,LONG,0.8239,0.11115,0.10093,4,True,-9.1948,0.474,>.80,
ENA/USDT,2026-03-05,LONG,0.8589,0.11518,0.10093,2,True,-12.3719,0.3941,>.80,
ENA/USDT,2026-03-06,LONG,0.5569,0.1048,0.10093,1,True,-3.6927,1.7546,.55-.60,1.5-2x
ENA/USDT,2026-03-08,LONG,0.7052,0.09878,0.10102,1,True,2.2677,0.4208,.70-.80,
ENA/USDT,2026-03-10,LONG,0.7567,0.103,0.11042,5,False,7.2039,0.3877,.70-.80,
ENA/USDT,2026-03-11,LONG,0.5801,0.10481,0.11963,5,False,14.1399,0.3502,.55-.60,
ENA/USDT,2026-03-13,LONG,0.5883,0.10865,0.11963,3,True,10.1058,0.4209,.55-.60,
ENA/USDT,2026-03-14,LONG,0.638,0.10799,0.11963,2,True,10.7788,0.1296,.60-.70,
ENA/USDT,2026-03-15,LONG,0.6744,0.11042,0.11963,1,True,8.3409,0.4811,.60-.70,
ENA/USDT,2026-03-17,LONG,0.5559,0.11669,0.1083,1,True,-7.19,0.5655,.55-.60,
ENA/USDT,2026-03-21,LONG,0.694,0.09913,0.09383,2,True,-5.3465,0.5739,.60-.70,
ENA/USDT,2026-03-22,LONG,0.6908,0.09546,0.09383,1,True,-1.7075,0.8938,.60-.70,
ENA/USDT,2026-03-24,LONG,0.7364,0.09535,0.08902,3,True,-6.6387,0.4166,.70-.80,
ENA/USDT,2026-03-25,LONG,0.8461,0.10438,0.08902,2,True,-14.7155,2.094,>.80,2-3x
ENA/USDT,2026-03-26,LONG,0.552,0.09672,0.08902,1,True,-7.9611,1.6802,.55-.60,1.5-2x
ENA/USDT,2026-03-28,LONG,0.9193,0.09057,0.08984,1,True,-0.806,0.3746,>.80,
ENA/USDT,2026-04-01,LONG,0.8108,0.09024,0.07977,2,True,-11.6024,0.1792,>.80,
ENA/USDT,2026-04-02,LONG,0.7395,0.08125,0.07977,1,True,-1.8215,2.0211,.70-.80,2-3x
ENA/USDT,2026-04-09,LONG,0.6205,0.09042,0.09452,1,True,4.5344,0.5273,.60-.70,
ENA/USDT,2026-04-11,LONG,0.9351,0.0961,0.0912,1,True,-5.0989,0.3296,>.80,
ENA/USDT,2026-04-13,LONG,0.7844,0.10093,0.09636,1,True,-4.5279,1.8683,.70-.80,1.5-2x
ENA/USDT,2026-04-15,LONG,0.732,0.09934,0.11359,1,True,14.3447,0.5978,.70-.80,
ENA/USDT,2026-04-17,LONG,0.6816,0.12505,0.11999,1,True,-4.0464,1.6781,.60-.70,1.5-2x
ENA/USDT,2026-04-24,LONG,0.603,0.10866,0.10739,1,True,-1.1688,0.1725,.60-.70,
ENA/USDT,2026-04-26,LONG,0.6958,0.10944,0.10207,5,False,-6.7343,0.3184,.60-.70,
ENA/USDT,2026-05-01,LONG,0.6599,0.10207,0.10257,1,True,0.4899,0.1181,.60-.70,
ENA/USDT,2026-05-06,LONG,0.6344,0.12079,0.12999,3,True,7.6165,2.2335,.60-.70,2-3x
ENA/USDT,2026-05-07,LONG,0.62,0.11953,0.12999,2,True,8.7509,0.2622,.60-.70,
ENA/USDT,2026-05-12,LONG,0.6615,0.12168,0.11667,1,True,-4.1174,1.2817,.60-.70,1-1.5x
ENA/USDT,2026-05-14,LONG,0.7178,0.12079,0.11104,1,True,-8.0719,0.7882,.70-.80,
ENA/USDT,2026-05-16,LONG,0.5777,0.10694,0.10452,1,True,-2.263,0.7481,.55-.60,
ENA/USDT,2026-05-26,LONG,0.6859,0.09687,0.08821,2,True,-8.9398,0.7962,.60-.70,
ENA/USDT,2026-05-29,LONG,0.7913,0.08679,0.08837,1,True,1.8205,0.4821,.70-.80,
ENA/USDT,2026-06-04,LONG,0.9411,0.09456,0.09465,1,True,0.0952,2.4357,>.80,2-3x
ENA/USDT,2026-06-06,LONG,0.9805,0.08974,0.08983,1,True,0.1003,0.7998,>.80,
ENA/USDT,2026-06-08,LONG,0.9496,0.08538,0.08041,1,True,-5.821,0.758,>.80,
STRK/USDT,2024-08-29,LONG,0.7129,0.3585,0.3642,1,True,1.59,0.0908,.70-.80,
STRK/USDT,2024-09-02,LONG,0.5549,0.3806,0.3943,3,True,3.5996,1.3672,.55-.60,1-1.5x
STRK/USDT,2024-09-04,LONG,0.6555,0.4015,0.3943,1,True,-1.7933,2.1251,.60-.70,2-3x
STRK/USDT,2024-09-07,LONG,0.7521,0.4281,0.4342,1,True,1.4249,1.237,.70-.80,1-1.5x
STRK/USDT,2024-09-09,LONG,0.6522,0.433,0.4095,4,True,-5.4273,0.0524,.60-.70,
STRK/USDT,2024-09-11,LONG,0.6891,0.3844,0.4095,2,True,6.5297,0.674,.60-.70,
STRK/USDT,2024-09-15,LONG,0.6818,0.3897,0.3709,1,True,-4.8242,0.5652,.60-.70,
STRK/USDT,2024-09-18,LONG,0.8347,0.3898,0.3917,1,True,0.4874,0.6295,>.80,
STRK/USDT,2024-09-21,LONG,0.7858,0.4123,0.389,1,True,-5.6512,0.5561,.70-.80,
STRK/USDT,2024-09-27,LONG,0.8717,0.4857,0.4751,2,True,-2.1824,0.6259,>.80,
STRK/USDT,2024-09-28,LONG,0.7633,0.464,0.4751,1,True,2.3922,1.0628,.70-.80,1-1.5x
STRK/USDT,2024-09-30,LONG,0.7069,0.4395,0.389,1,True,-11.4903,1.7859,.70-.80,1.5-2x
STRK/USDT,2024-10-03,LONG,0.7905,0.3631,0.3979,3,True,9.5841,0.3698,.70-.80,
STRK/USDT,2024-10-04,LONG,0.9518,0.3862,0.3979,2,True,3.0295,1.2455,>.80,1-1.5x
STRK/USDT,2024-10-05,LONG,0.8303,0.3855,0.3979,1,True,3.2166,0.0357,>.80,
STRK/USDT,2024-10-08,LONG,0.633,0.3908,0.39,2,True,-0.2047,0.0721,.60-.70,
STRK/USDT,2024-10-09,LONG,0.6605,0.3757,0.39,1,True,3.8062,0.7687,.60-.70,
STRK/USDT,2024-10-12,LONG,0.7126,0.4218,0.4206,1,True,-0.2845,0.7829,.70-.80,
STRK/USDT,2024-10-15,LONG,0.6639,0.4262,0.4137,1,True,-2.9329,0.6731,.60-.70,
STRK/USDT,2024-10-18,LONG,0.6604,0.405,0.3998,5,False,-1.284,0.6385,.60-.70,
STRK/USDT,2024-10-19,LONG,0.7083,0.4083,0.4016,5,False,-1.641,0.178,.70-.80,
STRK/USDT,2024-10-20,LONG,0.8375,0.4338,0.4016,4,True,-7.4228,1.3792,>.80,1-1.5x
STRK/USDT,2024-10-21,LONG,0.7569,0.4158,0.4016,3,True,-3.4151,1.0975,.70-.80,1-1.5x
STRK/USDT,2024-10-22,LONG,0.5712,0.4226,0.4016,2,True,-4.9692,0.4578,.55-.60,
STRK/USDT,2024-10-23,LONG,0.8251,0.3998,0.4016,1,True,0.4502,1.4236,>.80,1-1.5x
STRK/USDT,2024-10-26,LONG,0.785,0.3703,0.379,1,True,2.3494,0.6801,.70-.80,
STRK/USDT,2024-10-29,LONG,0.6512,0.3943,0.3619,4,True,-8.2171,1.0661,.60-.70,1-1.5x
STRK/USDT,2024-10-30,LONG,0.5818,0.3923,0.3619,3,True,-7.7492,0.12,.55-.60,
STRK/USDT,2024-10-31,LONG,0.7741,0.3717,0.3619,2,True,-2.6365,1.2261,.70-.80,1-1.5x
STRK/USDT,2024-11-01,LONG,0.5958,0.3671,0.3619,1,True,-1.4165,0.2971,.55-.60,
STRK/USDT,2024-11-03,LONG,0.7028,0.3462,0.4065,5,False,17.4177,1.0751,.70-.80,1-1.5x
STRK/USDT,2024-11-04,LONG,0.6055,0.3345,0.4543,5,False,35.8146,0.8373,.60-.70,
STRK/USDT,2024-11-06,LONG,0.6804,0.3969,0.4543,3,True,14.4621,2.7338,.60-.70,2-3x
STRK/USDT,2024-11-08,LONG,0.5951,0.4065,0.4543,1,True,11.7589,0.2397,.55-.60,
STRK/USDT,2024-11-11,LONG,0.8905,0.5495,0.4707,2,True,-14.3403,2.8452,>.80,2-3x
STRK/USDT,2024-11-12,LONG,0.772,0.5046,0.4707,1,True,-6.7182,1.1152,.70-.80,1-1.5x
STRK/USDT,2024-11-14,LONG,0.9836,0.4335,0.4466,1,True,3.0219,1.0725,>.80,1-1.5x
STRK/USDT,2024-11-19,LONG,0.8129,0.4792,0.4492,1,True,-6.2604,0.6825,>.80,
STRK/USDT,2024-11-21,LONG,0.6142,0.5047,0.5341,1,True,5.8252,1.4665,.60-.70,1-1.5x
STRK/USDT,2024-11-25,LONG,0.9329,0.5876,0.6305,3,True,7.3009,0.45,>.80,
STRK/USDT,2024-11-26,LONG,0.7985,0.5793,0.6305,2,True,8.8383,0.1762,.70-.80,
STRK/USDT,2024-11-27,LONG,0.672,0.6381,0.6305,1,True,-1.191,1.2365,.60-.70,1-1.5x
STRK/USDT,2024-12-01,LONG,0.7481,0.7115,0.7115,1,True,0.0,0.0213,.70-.80,
STRK/USDT,2024-12-03,LONG,0.5937,0.7262,0.7758,5,False,6.8301,0.3147,.55-.60,
STRK/USDT,2024-12-04,LONG,0.5799,0.7222,0.6214,5,False,-13.9574,0.0895,.55-.60,
STRK/USDT,2024-12-05,LONG,0.7389,0.7146,0.6214,4,True,-13.0423,0.1695,.70-.80,
STRK/USDT,2024-12-07,LONG,0.7146,0.7692,0.6214,2,True,-19.2148,0.3137,.70-.80,
STRK/USDT,2024-12-08,LONG,0.7118,0.7758,0.6214,1,True,-19.902,0.1455,.70-.80,
STRK/USDT,2024-12-15,LONG,0.6645,0.6489,0.6279,1,True,-3.2362,0.6136,.60-.70,
STRK/USDT,2024-12-17,LONG,0.5963,0.5867,0.5252,1,True,-10.4824,0.9926,.55-.60,
STRK/USDT,2024-12-19,LONG,0.6256,0.4869,0.4722,2,True,-3.0191,1.0194,.60-.70,1-1.5x
STRK/USDT,2024-12-20,LONG,0.8054,0.5004,0.4722,1,True,-5.6355,0.4368,>.80,
STRK/USDT,2024-12-26,LONG,0.5789,0.4648,0.4706,1,True,1.2478,1.0097,.55-.60,1-1.5x
STRK/USDT,2024-12-31,LONG,0.5798,0.4687,0.5211,5,False,11.1799,0.1366,.55-.60,
STRK/USDT,2025-01-03,LONG,0.5864,0.518,0.4448,5,False,-14.1313,0.9649,.55-.60,
STRK/USDT,2025-01-04,LONG,0.5617,0.5252,0.4269,5,False,-18.7167,0.3103,.55-.60,
STRK/USDT,2025-01-06,LONG,0.6242,0.5211,0.435,5,False,-16.5227,0.0,.60-.70,
STRK/USDT,2025-01-07,LONG,0.6101,0.4654,0.4297,5,False,-7.6708,2.5062,.60-.70,2-3x
STRK/USDT,2025-01-09,LONG,0.5709,0.4269,0.4289,5,False,0.4685,0.9872,.55-.60,
STRK/USDT,2025-01-10,LONG,0.7302,0.4363,0.4289,4,True,-1.6961,0.557,.70-.80,
STRK/USDT,2025-01-13,LONG,0.6506,0.4097,0.4289,1,True,4.6864,1.2695,.60-.70,1-1.5x
STRK/USDT,2025-01-20,LONG,0.6378,0.3809,0.3965,1,True,4.0956,0.2736,.60-.70,
STRK/USDT,2025-01-22,LONG,0.78,0.3727,0.3603,5,False,-3.3271,1.218,.70-.80,1-1.5x
STRK/USDT,2025-01-23,LONG,0.759,0.3769,0.3603,4,True,-4.4044,0.2358,.70-.80,
STRK/USDT,2025-01-24,LONG,0.8345,0.3662,0.3603,3,True,-1.6111,0.5991,>.80,
STRK/USDT,2025-01-26,LONG,0.7471,0.364,0.3603,1,True,-1.0165,0.3847,.70-.80,
STRK/USDT,2025-01-28,LONG,0.7553,0.3248,0.3396,1,True,4.5567,2.123,.70-.80,2-3x
STRK/USDT,2025-01-31,LONG,0.7217,0.3553,0.32,1,True,-9.9353,0.1219,.70-.80,
STRK/USDT,2025-02-03,LONG,0.9494,0.2714,0.2516,2,True,-7.2955,0.6057,>.80,
STRK/USDT,2025-02-04,LONG,0.5622,0.2559,0.2516,1,True,-1.6803,0.904,.55-.60,
STRK/USDT,2025-02-11,LONG,0.663,0.2354,0.2288,4,True,-2.8037,0.7079,.60-.70,
STRK/USDT,2025-02-12,LONG,0.5869,0.2461,0.2288,3,True,-7.0297,0.7361,.55-.60,
STRK/USDT,2025-02-13,LONG,0.6333,0.2336,0.2288,2,True,-2.0548,0.8176,.60-.70,
STRK/USDT,2025-02-14,LONG,0.6674,0.2395,0.2288,1,True,-4.4676,0.4038,.60-.70,
STRK/USDT,2025-02-16,LONG,0.6087,0.23,0.2305,1,True,0.2174,0.0832,.60-.70,
STRK/USDT,2025-02-23,LONG,0.5993,0.2304,0.2068,2,True,-10.2431,0.4084,.55-.60,
STRK/USDT,2025-02-24,LONG,0.5573,0.1978,0.2068,1,True,4.5501,2.8531,.55-.60,2-3x
STRK/USDT,2025-02-28,LONG,0.7554,0.2156,0.1868,5,False,-13.3581,0.1002,.70-.80,
STRK/USDT,2025-03-01,LONG,0.6533,0.2073,0.1868,4,True,-9.889,0.8179,.60-.70,
STRK/USDT,2025-03-04,LONG,0.5777,0.1808,0.1868,1,True,3.3186,1.3889,.55-.60,1-1.5x
STRK/USDT,2025-03-11,LONG,0.6584,0.1573,0.1702,2,True,8.2009,1.1862,.60-.70,1-1.5x
STRK/USDT,2025-03-12,LONG,0.643,0.1686,0.1702,1,True,0.949,0.9988,.60-.70,
STRK/USDT,2025-03-14,LONG,0.6521,0.1754,0.1872,1,True,6.7275,0.4282,.60-.70,
STRK/USDT,2025-03-17,LONG,0.5544,0.1813,0.1765,2,True,-2.6475,0.4481,.55-.60,
STRK/USDT,2025-03-22,LONG,0.5767,0.1671,0.1772,2,True,6.0443,0.5571,.55-.60,
STRK/USDT,2025-03-27,LONG,0.6367,0.1736,0.15,5,False,-13.5945,0.2605,.60-.70,
STRK/USDT,2025-03-28,LONG,0.5868,0.1579,0.1358,5,False,-13.9962,1.6335,.55-.60,1.5-2x
STRK/USDT,2025-03-30,LONG,0.6091,0.1511,0.1401,5,False,-7.2799,0.5044,.60-.70,
STRK/USDT,2025-03-31,LONG,0.6483,0.1489,0.1383,5,False,-7.1189,0.3261,.60-.70,
STRK/USDT,2025-04-02,LONG,0.6445,0.1358,0.1383,3,True,1.8409,2.0731,.60-.70,2-3x
STRK/USDT,2025-04-04,LONG,0.5722,0.1401,0.1383,1,True,-1.2848,0.4884,.55-.60,
ACE/USDT,2024-08-28,LONG,0.5916,2.181,2.128,5,False,-2.4301,0.0147,.55-.60,
ACE/USDT,2024-08-29,LONG,0.6545,2.127,2.128,4,True,0.047,0.3997,.60-.70,
ACE/USDT,2024-08-30,LONG,0.749,2.153,2.128,3,True,-1.1612,0.197,.70-.80,
ACE/USDT,2024-09-04,LONG,0.5967,2.043,1.927,2,True,-5.6779,0.7877,.55-.60,
ACE/USDT,2024-09-07,LONG,0.7053,1.992,2.292,5,False,15.0602,0.6877,.70-.80,
ACE/USDT,2024-09-08,LONG,0.6061,2.041,2.286,5,False,12.0039,0.4969,.60-.70,
ACE/USDT,2024-09-09,LONG,0.581,2.135,2.286,5,False,7.0726,0.9077,.55-.60,
ACE/USDT,2024-09-10,LONG,0.626,2.186,2.156,5,False,-1.3724,0.4775,.60-.70,
ACE/USDT,2024-09-14,LONG,0.5996,2.286,2.073,2,True,-9.3176,0.0,.55-.60,
ACE/USDT,2024-09-15,LONG,0.7708,2.156,2.073,1,True,-3.8497,1.3075,.70-.80,1-1.5x
ACE/USDT,2024-09-17,LONG,0.6505,2.237,2.36,2,True,5.4984,1.7982,.60-.70,1.5-2x
ACE/USDT,2024-09-18,LONG,0.8732,2.36,2.36,1,True,0.0,1.2212,>.80,1-1.5x
ACE/USDT,2024-09-20,LONG,0.686,2.371,2.445,2,True,3.121,0.1043,.60-.70,
ACE/USDT,2024-09-21,LONG,0.7917,2.38,2.445,1,True,2.7311,0.0908,.70-.80,
ACE/USDT,2024-09-24,LONG,0.6446,2.548,2.65,4,True,4.0031,1.2119,.60-.70,1-1.5x
ACE/USDT,2024-09-25,LONG,0.6487,2.499,2.65,3,True,6.0424,0.5472,.60-.70,
ACE/USDT,2024-10-03,LONG,0.7703,1.985,2.178,3,True,9.7229,0.3355,.70-.80,
ACE/USDT,2024-10-04,LONG,0.8361,2.124,2.178,2,True,2.5424,1.2883,>.80,1-1.5x
ACE/USDT,2024-10-05,LONG,0.6741,2.113,2.178,1,True,3.0762,0.098,.60-.70,
ACE/USDT,2024-10-10,LONG,0.7547,2.004,2.091,3,True,4.3413,0.2479,.70-.80,
ACE/USDT,2024-10-11,LONG,0.5761,2.112,2.091,2,True,-0.9943,1.0623,.55-.60,1-1.5x
ACE/USDT,2024-10-12,LONG,0.6118,2.118,2.091,1,True,-1.2748,0.0566,.60-.70,
ACE/USDT,2024-10-16,LONG,0.5516,2.195,2.094,1,True,-4.6014,0.4171,.55-.60,
ACE/USDT,2024-10-20,LONG,0.7849,2.405,2.182,3,True,-9.2723,1.1235,.70-.80,1-1.5x
ACE/USDT,2024-10-21,LONG,0.6495,2.248,2.182,2,True,-2.9359,1.4051,.60-.70,1-1.5x
ACE/USDT,2024-10-22,LONG,0.5982,2.344,2.182,1,True,-6.9113,0.935,.55-.60,
ACE/USDT,2024-10-25,LONG,0.791,1.949,1.981,1,True,1.6419,2.1983,.70-.80,2-3x
ACE/USDT,2024-10-29,LONG,0.6461,2.153,2.005,2,True,-6.8741,1.2775,.60-.70,1-1.5x
ACE/USDT,2024-10-30,LONG,0.5564,2.13,2.005,1,True,-5.8685,0.1974,.55-.60,
ACE/USDT,2024-11-01,LONG,0.5915,1.945,2.083,5,False,7.0951,0.5448,.55-.60,
ACE/USDT,2024-11-03,LONG,0.658,1.786,2.063,5,False,15.5095,0.9693,.60-.70,
ACE/USDT,2024-11-04,LONG,0.6169,1.719,2.063,4,True,20.0116,0.7553,.60-.70,
ACE/USDT,2024-11-05,LONG,0.5818,1.805,2.063,3,True,14.2936,0.9719,.55-.60,
ACE/USDT,2024-11-06,LONG,0.5571,2.083,2.063,2,True,-0.9602,2.4791,.55-.60,2-3x
ACE/USDT,2024-11-09,LONG,0.6308,2.21,2.116,5,False,-4.2534,1.1617,.60-.70,1-1.5x
ACE/USDT,2024-11-11,LONG,0.6988,2.511,2.134,4,True,-15.0139,1.346,.60-.70,1-1.5x
ACE/USDT,2024-11-12,LONG,0.6598,2.3,2.134,3,True,-7.2174,1.3219,.60-.70,1-1.5x
ACE/USDT,2024-11-13,LONG,0.6154,2.149,2.134,2,True,-0.698,1.0034,.60-.70,1-1.5x
ACE/USDT,2024-11-14,LONG,0.8875,2.116,2.134,1,True,0.8507,0.2585,>.80,
ACE/USDT,2024-11-18,LONG,0.5784,2.451,2.12,2,True,-13.5047,0.0331,.55-.60,
ACE/USDT,2024-11-19,LONG,0.8803,2.318,2.12,1,True,-8.5418,0.8583,>.80,
ACE/USDT,2024-11-21,LONG,0.6019,2.585,2.645,2,True,2.3211,2.7392,.60-.70,2-3x
ACE/USDT,2024-11-22,LONG,0.6468,2.465,2.645,1,True,7.3022,0.5767,.60-.70,
ACE/USDT,2024-11-25,LONG,0.6389,2.718,2.572,1,True,-5.3716,0.6067,.60-.70,
ACE/USDT,2024-11-29,LONG,0.8285,2.877,3.395,4,True,18.0049,0.0303,>.80,
ACE/USDT,2024-12-04,LONG,0.5876,3.424,3.499,3,True,2.1904,0.1153,.55-.60,
ACE/USDT,2024-12-05,LONG,0.7497,3.357,3.499,2,True,4.23,0.2619,.70-.80,
ACE/USDT,2024-12-06,LONG,0.8093,3.5,3.499,1,True,-0.0286,0.5845,>.80,
ACE/USDT,2024-12-09,LONG,0.6099,2.802,2.613,1,True,-6.7452,2.5082,.60-.70,2-3x
ACE/USDT,2024-12-12,LONG,0.6423,2.94,2.718,2,True,-7.551,0.1679,.60-.70,
ACE/USDT,2024-12-17,LONG,0.5664,2.447,2.244,1,True,-8.2959,1.275,.55-.60,1-1.5x
ACE/USDT,2024-12-23,LONG,0.875,2.165,2.266,1,True,4.6651,0.7794,>.80,
ACE/USDT,2024-12-25,LONG,0.5656,2.248,2.071,1,True,-7.8737,0.1029,.55-.60,
ACE/USDT,2024-12-27,LONG,0.6622,2.099,2.082,4,True,-0.8099,0.1749,.60-.70,
ACE/USDT,2024-12-29,LONG,0.5934,2.054,2.082,2,True,1.3632,0.9206,.55-.60,
ACE/USDT,2025-01-03,LONG,0.5956,2.265,1.826,5,False,-19.3819,0.7654,.55-.60,
ACE/USDT,2025-01-04,LONG,0.6026,2.27,1.769,5,False,-22.0705,0.0409,.60-.70,
ACE/USDT,2025-01-06,LONG,0.586,2.239,1.816,4,True,-18.8924,0.0719,.55-.60,
ACE/USDT,2025-01-07,LONG,0.5713,1.954,1.816,3,True,-7.0624,2.3413,.55-.60,2-3x
ACE/USDT,2025-01-13,LONG,0.6485,1.705,1.821,1,True,6.8035,1.0339,.60-.70,1-1.5x
ACE/USDT,2025-01-17,LONG,0.7253,1.951,1.657,4,True,-15.0692,1.1361,.70-.80,1-1.5x
ACE/USDT,2025-01-18,LONG,0.8708,1.8,1.657,3,True,-7.9444,1.5805,>.80,1.5-2x
ACE/USDT,2025-01-19,LONG,0.8305,1.659,1.657,2,True,-0.1206,1.5368,>.80,1.5-2x
ACE/USDT,2025-01-20,LONG,0.9522,1.598,1.657,1,True,3.6921,0.7167,>.80,
ACE/USDT,2025-01-25,LONG,0.7356,1.568,1.488,2,True,-5.102,0.2549,.70-.80,
ACE/USDT,2025-01-26,LONG,0.923,1.552,1.488,1,True,-4.1237,0.2021,>.80,
ACE/USDT,2025-01-28,LONG,0.7514,1.346,1.399,1,True,3.9376,2.0672,.70-.80,2-3x
ACE/USDT,2025-01-31,LONG,0.7367,1.467,1.28,1,True,-12.7471,0.2143,.70-.80,
ACE/USDT,2025-02-04,LONG,0.6732,0.942,0.913,1,True,-3.0786,1.2029,.60-.70,1-1.5x
ACE/USDT,2025-02-06,LONG,0.9991,0.83,0.84,1,True,1.2048,1.5403,>.80,1.5-2x
ACE/USDT,2025-02-11,LONG,0.6514,0.914,1.007,2,True,10.1751,0.2389,.60-.70,
ACE/USDT,2025-02-12,LONG,0.5635,1.052,1.007,1,True,-4.2776,2.0298,.55-.60,2-3x
ACE/USDT,2025-02-14,LONG,0.5707,1.009,0.959,1,True,-4.9554,0.0268,.55-.60,
ACE/USDT,2025-02-16,LONG,0.5509,0.965,0.9198,2,True,-4.6839,0.084,.55-.60,
ACE/USDT,2025-02-24,LONG,0.5751,0.8984,0.9227,5,False,2.7048,2.2454,.55-.60,2-3x
JTO/USDT,2024-08-31,LONG,0.5822,2.209,2.083,1,True,-5.7039,0.2769,.55-.60,
JTO/USDT,2024-09-04,LONG,0.5703,2.169,1.984,1,True,-8.5293,0.7773,.55-.60,
JTO/USDT,2024-09-07,LONG,0.6062,1.934,1.999,5,False,3.3609,0.0339,.60-.70,
JTO/USDT,2024-09-08,LONG,0.8606,2.026,2.068,5,False,2.0731,1.0209,>.80,1-1.5x
JTO/USDT,2024-09-11,LONG,0.7362,1.906,2.068,2,True,8.4995,1.0059,.70-.80,1-1.5x
JTO/USDT,2024-09-15,LONG,0.6669,1.941,1.894,1,True,-2.4214,0.8369,.60-.70,
JTO/USDT,2024-09-17,LONG,0.5945,2.025,2.098,1,True,3.6049,1.605,.55-.60,1.5-2x
JTO/USDT,2024-09-20,LONG,0.6167,2.297,2.249,3,True,-2.0897,0.8996,.60-.70,
JTO/USDT,2024-09-21,LONG,0.7924,2.28,2.249,2,True,-1.3596,0.1714,.70-.80,
JTO/USDT,2024-09-22,LONG,0.6169,2.15,2.249,1,True,4.6047,1.3023,.60-.70,1-1.5x
JTO/USDT,2024-09-25,LONG,0.5606,2.298,2.48,3,True,7.9199,1.0159,.55-.60,1-1.5x
JTO/USDT,2024-09-27,LONG,0.6924,2.492,2.48,1,True,-0.4815,0.6327,.60-.70,
JTO/USDT,2024-09-30,LONG,0.7016,2.291,1.991,3,True,-13.0947,1.7961,.70-.80,1.5-2x
JTO/USDT,2024-10-01,LONG,0.8051,2.1,1.991,2,True,-5.1905,1.7078,>.80,1.5-2x
JTO/USDT,2024-10-02,LONG,0.6184,2.059,1.991,1,True,-3.3026,0.4063,.60-.70,
JTO/USDT,2024-10-13,LONG,0.7854,1.985,2.208,3,True,11.2343,0.4002,.70-.80,
JTO/USDT,2024-10-14,LONG,0.7154,2.318,2.208,2,True,-4.7455,3.0884,.70-.80,3-5x
JTO/USDT,2024-10-15,LONG,0.5674,2.345,2.208,1,True,-5.8422,0.2179,.55-.60,
JTO/USDT,2024-10-19,LONG,0.8618,2.281,2.171,2,True,-4.8224,0.4909,>.80,
JTO/USDT,2024-10-20,LONG,0.8345,2.337,2.171,1,True,-7.1031,0.4718,>.80,
JTO/USDT,2024-10-23,LONG,0.552,2.277,2.409,1,True,5.7971,0.9042,.55-.60,
JTO/USDT,2024-10-26,LONG,0.7328,2.268,2.49,1,True,9.7884,0.8166,.70-.80,
JTO/USDT,2024-10-29,LONG,0.6995,2.453,2.245,3,True,-8.4794,0.1781,.60-.70,
JTO/USDT,2024-10-30,LONG,0.9577,2.371,2.245,2,True,-5.3142,0.5611,>.80,
JTO/USDT,2024-10-31,LONG,0.8015,2.289,2.245,1,True,-1.9222,0.5714,>.80,
JTO/USDT,2024-11-03,LONG,0.5822,2.007,2.353,3,True,17.2397,1.8861,.55-.60,1.5-2x
JTO/USDT,2024-11-04,LONG,0.7516,1.856,2.353,2,True,26.778,1.3775,.70-.80,1-1.5x
JTO/USDT,2024-11-05,LONG,0.568,1.992,2.353,1,True,18.1225,1.299,.55-.60,1-1.5x
JTO/USDT,2024-11-07,LONG,0.99,2.821,3.134,2,True,11.0954,2.4477,>.80,2-3x
JTO/USDT,2024-11-08,LONG,0.6573,2.946,3.134,1,True,6.3815,0.5438,.60-.70,
JTO/USDT,2024-11-10,LONG,0.9901,3.062,3.134,3,True,2.3514,0.2868,>.80,
JTO/USDT,2024-11-11,LONG,0.8772,3.062,3.134,2,True,2.3514,0.0,>.80,
JTO/USDT,2024-11-16,LONG,0.6992,2.748,2.859,1,True,4.0393,0.3009,.60-.70,
JTO/USDT,2024-11-18,LONG,0.6874,2.946,2.909,1,True,-1.2559,0.3835,.60-.70,
JTO/USDT,2024-11-21,LONG,0.7816,3.367,3.447,5,False,2.376,2.4995,.70-.80,2-3x
JTO/USDT,2024-11-22,LONG,0.6053,3.631,3.447,4,True,-5.0675,0.8329,.60-.70,
JTO/USDT,2024-11-24,LONG,0.8357,3.781,3.447,2,True,-8.8336,0.674,>.80,
JTO/USDT,2024-11-25,LONG,0.8383,3.519,3.447,1,True,-2.046,0.7762,>.80,
JTO/USDT,2024-11-27,LONG,0.5505,3.668,3.714,2,True,1.2541,0.885,.55-.60,
JTO/USDT,2024-11-28,LONG,0.7643,3.56,3.714,1,True,4.3258,0.4046,.70-.80,
JTO/USDT,2024-12-04,LONG,0.557,3.626,3.908,3,True,7.7772,0.0839,.55-.60,
JTO/USDT,2024-12-06,LONG,0.7466,3.49,3.908,1,True,11.9771,0.4912,.70-.80,
JTO/USDT,2024-12-12,LONG,0.8215,3.902,3.675,2,True,-5.8175,0.1027,>.80,
JTO/USDT,2024-12-13,LONG,0.5582,3.978,3.675,1,True,-7.6169,0.41,.55-.60,
JTO/USDT,2024-12-15,LONG,0.7354,3.709,3.489,1,True,-5.9315,0.1988,.70-.80,
JTO/USDT,2024-12-19,LONG,0.6295,2.861,3.13,4,True,9.4023,0.8547,.60-.70,
JTO/USDT,2024-12-20,LONG,0.719,3.081,3.13,3,True,1.5904,1.3998,.70-.80,1-1.5x
JTO/USDT,2024-12-21,LONG,0.5727,2.891,3.13,2,True,8.267,1.1104,.55-.60,1-1.5x
JTO/USDT,2024-12-24,LONG,0.5904,3.213,3.151,2,True,-1.9297,0.4541,.55-.60,
JTO/USDT,2025-01-10,LONG,0.607,2.731,2.687,1,True,-1.6111,0.4086,.60-.70,
JTO/USDT,2025-01-12,LONG,0.5924,2.599,2.667,4,True,2.6164,0.8976,.55-.60,
JTO/USDT,2025-01-14,LONG,0.5748,2.488,2.667,2,True,7.1945,0.6277,.55-.60,
JTO/USDT,2025-01-19,LONG,0.6125,2.965,3.078,3,True,3.8111,1.2831,.60-.70,1-1.5x
JTO/USDT,2025-01-20,LONG,0.6435,2.92,3.078,2,True,5.411,0.2582,.60-.70,
JTO/USDT,2025-01-24,LONG,0.5623,2.756,2.902,3,True,5.2975,0.2372,.55-.60,
JTO/USDT,2025-01-25,LONG,0.7213,2.879,2.902,2,True,0.7989,0.7114,.70-.80,
JTO/USDT,2025-01-28,LONG,0.6824,2.836,3.231,1,True,13.9281,0.3812,.60-.70,
JTO/USDT,2025-01-31,LONG,0.6967,3.391,3.0,1,True,-11.5305,0.1762,.60-.70,
JTO/USDT,2025-02-03,LONG,0.785,3.105,2.941,1,True,-5.2818,1.2056,.70-.80,1-1.5x
JTO/USDT,2025-02-05,LONG,0.564,2.627,2.499,1,True,-4.8725,1.4997,.55-.60,1-1.5x
JTO/USDT,2025-02-07,LONG,0.6036,2.47,2.53,1,True,2.4291,0.1835,.60-.70,
JTO/USDT,2025-02-11,LONG,0.6886,2.626,2.991,1,True,13.8995,0.4222,.60-.70,
JTO/USDT,2025-02-13,LONG,0.5547,3.027,2.64,5,False,-12.7849,0.1812,.55-.60,
JTO/USDT,2025-02-15,LONG,0.7938,3.153,2.736,5,False,-13.2255,0.2552,.70-.80,
JTO/USDT,2025-02-17,LONG,0.5716,2.717,2.932,4,True,7.9131,1.5421,.55-.60,1.5-2x
JTO/USDT,2025-02-18,LONG,0.7035,2.64,2.932,3,True,11.0606,0.4382,.70-.80,
JTO/USDT,2025-02-20,LONG,0.6783,2.736,2.932,1,True,7.1637,0.8503,.60-.70,
JTO/USDT,2025-02-23,LONG,0.7402,2.785,2.59,2,True,-7.0018,0.9775,.70-.80,
JTO/USDT,2025-02-24,LONG,0.9264,2.505,2.59,1,True,3.3932,1.5937,>.80,1.5-2x
JTO/USDT,2025-02-27,LONG,0.6711,2.489,2.776,3,True,11.5307,0.6479,.60-.70,
JTO/USDT,2025-02-28,LONG,0.5722,2.527,2.776,2,True,9.8536,0.2618,.55-.60,
JTO/USDT,2025-03-04,LONG,0.7605,2.374,2.697,1,True,13.6057,0.2004,.70-.80,
JTO/USDT,2025-03-07,LONG,0.9287,2.472,2.324,1,True,-5.9871,0.8052,>.80,
JTO/USDT,2025-03-10,LONG,0.8283,2.116,2.157,2,True,1.9376,0.1585,>.80,
JTO/USDT,2025-03-11,LONG,0.7957,2.15,2.157,1,True,0.3256,0.2176,.70-.80,
JTO/USDT,2025-03-14,LONG,0.6368,2.232,2.093,2,True,-6.2276,0.5798,.60-.70,
JTO/USDT,2025-03-17,LONG,0.571,2.205,2.265,2,True,2.7211,0.7808,.55-.60,
JTO/USDT,2025-03-20,LONG,0.5995,2.146,2.13,2,True,-0.7456,0.7513,.55-.60,
JTO/USDT,2025-03-23,LONG,0.6143,2.18,2.217,5,False,1.6972,0.4701,.60-.70,
JTO/USDT,2025-03-25,LONG,0.6315,2.417,2.228,4,True,-7.8196,1.6705,.60-.70,1.5-2x
JTO/USDT,2025-03-26,LONG,0.6114,2.377,2.228,3,True,-6.2684,0.3888,.60-.70,
JTO/USDT,2025-03-28,LONG,0.6479,2.217,2.228,1,True,0.4962,1.7433,.60-.70,1.5-2x
JTO/USDT,2025-04-01,LONG,0.631,2.296,2.081,1,True,-9.3641,0.6507,.60-.70,
JTO/USDT,2025-04-05,LONG,0.6668,1.766,1.713,4,True,-3.0011,1.1169,.60-.70,1-1.5x
JTO/USDT,2025-04-06,LONG,0.5713,1.559,1.713,3,True,9.8781,2.3082,.55-.60,2-3x
ORDI/USDT,2024-08-29,LONG,0.7038,27.325,27.531,2,True,0.7539,0.2599,.70-.80,
ORDI/USDT,2024-08-30,LONG,0.7782,27.949,27.531,1,True,-1.4956,0.3276,.70-.80,
ORDI/USDT,2024-09-01,LONG,0.5556,26.075,30.984,2,True,18.8265,0.9168,.55-.60,
ORDI/USDT,2024-09-02,LONG,0.6047,31.332,30.984,1,True,-1.1107,2.7175,.60-.70,2-3x
ORDI/USDT,2024-09-05,LONG,0.8158,28.892,28.001,1,True,-3.0839,0.8649,>.80,
ORDI/USDT,2024-09-07,LONG,0.5966,28.497,28.777,1,True,0.9826,0.2387,.55-.60,
ORDI/USDT,2024-09-11,LONG,0.6284,29.489,30.873,4,True,4.6933,0.3914,.60-.70,
ORDI/USDT,2024-09-12,LONG,0.6588,31.097,30.873,3,True,-0.7203,0.8432,.60-.70,
ORDI/USDT,2024-09-18,LONG,0.8027,31.7,35.496,3,True,11.9748,0.6782,>.80,
ORDI/USDT,2024-09-19,LONG,0.7012,34.172,35.496,2,True,3.8745,1.2948,.70-.80,1-1.5x
ORDI/USDT,2024-09-23,LONG,0.6173,34.769,40.058,5,False,15.2118,0.9604,.60-.70,
ORDI/USDT,2024-09-24,LONG,0.645,35.931,39.791,5,False,10.7428,0.7907,.60-.70,
ORDI/USDT,2024-09-26,LONG,0.611,39.027,33.722,5,False,-13.5932,2.3408,.60-.70,2-3x
ORDI/USDT,2024-09-27,LONG,0.6419,40.588,33.722,4,True,-16.9163,0.9365,.60-.70,
ORDI/USDT,2024-09-28,LONG,0.6478,40.058,33.722,3,True,-15.8171,0.3018,.60-.70,
ORDI/USDT,2024-09-29,LONG,0.5996,39.791,33.722,2,True,-15.2522,0.154,.55-.60,
ORDI/USDT,2024-10-10,LONG,0.8126,33.145,35.103,2,True,5.9074,0.2088,>.80,
ORDI/USDT,2024-10-11,LONG,0.6375,34.738,35.103,1,True,1.0507,0.9209,.60-.70,
ORDI/USDT,2024-10-16,LONG,0.6274,36.359,37.0,3,True,1.763,0.8467,.60-.70,
ORDI/USDT,2024-10-17,LONG,0.7619,35.583,37.0,2,True,3.9822,0.4137,.70-.80,
ORDI/USDT,2024-10-20,LONG,0.7855,37.988,35.011,2,True,-7.8367,0.5182,.70-.80,
ORDI/USDT,2024-10-21,LONG,0.7382,35.425,35.011,1,True,-1.1687,1.3815,.70-.80,1-1.5x
ORDI/USDT,2024-10-28,LONG,0.6608,34.206,32.97,5,False,-3.6134,0.5502,.60-.70,
ORDI/USDT,2024-10-30,LONG,0.7037,34.944,32.97,3,True,-5.649,0.7643,.70-.80,
ORDI/USDT,2024-10-31,LONG,0.7607,33.679,32.97,2,True,-2.1052,0.7277,.70-.80,
ORDI/USDT,2024-11-01,LONG,0.7003,33.084,32.97,1,True,-0.3446,0.3546,.70-.80,
ORDI/USDT,2024-11-03,LONG,0.6851,31.393,30.232,1,True,-3.6983,1.1334,.60-.70,1-1.5x
ORDI/USDT,2024-11-09,LONG,0.8315,37.863,41.651,3,True,10.0045,1.1919,>.80,1-1.5x
ORDI/USDT,2024-11-10,LONG,0.5565,39.674,41.651,2,True,4.9831,0.8943,.55-.60,
ORDI/USDT,2024-11-11,LONG,0.5913,45.773,41.651,1,True,-9.0053,2.4607,.55-.60,2-3x
ORDI/USDT,2024-11-13,LONG,0.61,40.941,38.702,2,True,-5.4688,0.2559,.60-.70,
ORDI/USDT,2024-11-14,LONG,0.9654,38.034,38.702,1,True,1.7563,1.1069,>.80,1-1.5x
ORDI/USDT,2024-11-16,LONG,0.5812,38.953,37.702,1,True,-3.2116,0.1024,.55-.60,
ORDI/USDT,2024-11-18,LONG,0.8798,38.745,35.356,2,True,-8.7469,0.4409,>.80,
ORDI/USDT,2024-11-19,LONG,0.5798,37.723,35.356,1,True,-6.2747,0.4229,.55-.60,
ORDI/USDT,2024-11-22,LONG,0.593,38.974,40.672,1,True,4.3568,0.5286,.55-.60,
ORDI/USDT,2024-11-24,LONG,0.8935,39.894,41.081,5,False,2.9754,0.3025,>.80,
ORDI/USDT,2024-11-25,LONG,0.7939,39.423,43.246,5,False,9.6974,0.1863,.70-.80,
ORDI/USDT,2024-11-26,LONG,0.9372,37.588,41.083,5,False,9.2982,0.8265,>.80,
ORDI/USDT,2024-11-27,LONG,0.8429,40.281,40.268,5,False,-0.0323,1.2299,>.80,1-1.5x
ORDI/USDT,2024-11-28,LONG,0.7892,41.426,47.426,5,False,14.4837,0.487,.70-.80,
ORDI/USDT,2024-11-29,LONG,0.8712,41.081,47.426,4,True,15.4451,0.1463,>.80,
ORDI/USDT,2024-11-30,LONG,0.7408,43.246,47.426,3,True,9.6656,0.9223,.70-.80,
ORDI/USDT,2024-12-01,LONG,0.8297,41.083,47.426,2,True,15.4395,1.0741,>.80,1-1.5x
ORDI/USDT,2024-12-06,LONG,0.6433,47.601,48.652,1,True,2.2079,0.1905,.60-.70,
ORDI/USDT,2024-12-09,LONG,0.6101,38.3,33.367,1,True,-12.8799,2.8726,.60-.70,2-3x
ORDI/USDT,2024-12-11,LONG,0.6477,36.115,36.481,2,True,1.0134,1.044,.60-.70,1-1.5x
ORDI/USDT,2024-12-12,LONG,0.7207,36.623,36.481,1,True,-0.3877,0.179,.70-.80,
ORDI/USDT,2024-12-17,LONG,0.6891,34.052,29.715,1,True,-12.7364,0.4631,.60-.70,
ORDI/USDT,2024-12-20,LONG,0.793,27.881,27.635,3,True,-0.8823,0.9946,.70-.80,
ORDI/USDT,2024-12-21,LONG,0.7071,26.075,27.635,2,True,5.9827,0.7389,.70-.80,
ORDI/USDT,2024-12-22,LONG,0.8383,26.593,27.635,1,True,3.9183,0.2255,>.80,
ORDI/USDT,2024-12-24,LONG,0.5872,28.184,27.25,1,True,-3.3139,0.2569,.55-.60,
ORDI/USDT,2024-12-26,LONG,0.6088,25.535,26.239,1,True,2.757,0.8181,.60-.70,
ORDI/USDT,2024-12-28,LONG,0.5678,27.264,28.087,5,False,3.0186,0.4985,.55-.60,
ORDI/USDT,2024-12-29,LONG,0.5926,26.244,29.163,5,False,11.1225,0.574,.55-.60,
ORDI/USDT,2024-12-30,LONG,0.5582,26.744,29.308,5,False,9.5872,0.3178,.55-.60,
ORDI/USDT,2024-12-31,LONG,0.5807,27.053,29.179,5,False,7.8586,0.2054,.55-.60,
ORDI/USDT,2025-01-03,LONG,0.5544,29.163,23.563,5,False,-19.2024,0.6718,.55-.60,
ORDI/USDT,2025-01-04,LONG,0.5926,29.308,23.835,5,False,-18.6741,0.0881,.55-.60,
ORDI/USDT,2025-01-06,LONG,0.5616,29.59,26.025,5,False,-12.048,0.2505,.55-.60,
ORDI/USDT,2025-01-08,LONG,0.5858,23.563,24.37,5,False,3.4249,1.329,.55-.60,1-1.5x
ORDI/USDT,2025-01-10,LONG,0.7275,26.12,24.37,3,True,-6.6998,1.8884,.70-.80,1.5-2x
ORDI/USDT,2025-01-11,LONG,0.5973,26.025,24.37,2,True,-6.3593,0.0719,.55-.60,
ORDI/USDT,2025-01-15,LONG,0.5591,26.829,24.481,3,True,-8.7517,0.9754,.55-.60,
ORDI/USDT,2025-01-16,LONG,0.5794,26.272,24.481,2,True,-6.8171,0.411,.55-.60,
ORDI/USDT,2025-01-21,LONG,0.7735,20.212,20.304,1,True,0.4552,0.9195,.70-.80,
ORDI/USDT,2025-01-24,LONG,0.7469,19.802,17.176,4,True,-13.2613,0.3786,.70-.80,
ORDI/USDT,2025-01-25,LONG,0.5513,20.368,17.176,3,True,-15.6716,0.431,.55-.60,
ORDI/USDT,2025-01-26,LONG,0.7404,19.586,17.176,2,True,-12.3047,0.5808,.70-.80,
ORDI/USDT,2025-01-27,LONG,0.7378,18.788,17.176,1,True,-8.5799,0.6859,.70-.80,
ORDI/USDT,2025-01-29,LONG,0.619,18.127,19.173,1,True,5.7704,0.8918,.60-.70,
ORDI/USDT,2025-01-31,LONG,0.5906,19.871,17.349,1,True,-12.6919,0.6053,.55-.60,
ORDI/USDT,2025-02-03,LONG,0.9103,13.525,12.324,2,True,-8.8799,0.2585,>.80,
ORDI/USDT,2025-02-04,LONG,0.6516,12.761,12.324,1,True,-3.4245,0.7667,.60-.70,
ORDI/USDT,2025-02-06,LONG,0.9922,11.177,12.216,3,True,9.2959,1.2819,>.80,1-1.5x
ORDI/USDT,2025-02-07,LONG,0.6109,11.177,12.216,2,True,9.2959,0.0,.60-.70,
ORDI/USDT,2025-02-11,LONG,0.6918,11.224,12.256,4,True,9.1946,0.9373,.60-.70,
ORDI/USDT,2025-02-12,LONG,0.5687,11.977,12.256,3,True,2.3295,0.9389,.55-.60,
ORDI/USDT,2025-02-14,LONG,0.7579,12.593,12.256,1,True,-2.6761,0.8731,.70-.80,
ORDI/USDT,2025-02-17,LONG,0.5562,12.291,11.685,1,True,-4.9304,0.0997,.55-.60,
ORDI/USDT,2025-02-21,LONG,0.7255,12.912,10.639,3,True,-17.6038,0.0954,.70-.80,
ORDI/USDT,2025-02-22,LONG,0.5555,13.132,10.639,2,True,-18.9842,0.3516,.55-.60,
ORDI/USDT,2025-02-23,LONG,0.747,12.872,10.639,1,True,-17.3477,0.4085,.70-.80,
ORDI/USDT,2025-02-25,LONG,0.7635,11.698,12.289,3,True,5.0521,1.5311,.70-.80,1.5-2x
ORDI/USDT,2025-02-26,LONG,0.8733,12.316,12.289,2,True,-0.2192,0.8493,>.80,
ORDI/USDT,2025-02-27,LONG,0.6842,12.692,12.289,1,True,-3.1752,0.4892,.60-.70,
ORDI/USDT,2025-03-01,LONG,0.8806,11.292,13.067,1,True,15.7191,1.2918,>.80,1-1.5x
ORDI/USDT,2025-03-04,LONG,0.839,11.15,10.723,1,True,-3.8296,0.0595,>.80,
ORDI/USDT,2025-03-07,LONG,0.8571,9.201,9.232,1,True,0.3369,1.3635,>.80,1-1.5x
ORDI/USDT,2025-03-13,LONG,0.5708,8.611,9.115,3,True,5.853,0.2636,.55-.60,
ORDI/USDT,2025-03-14,LONG,0.5908,9.15,9.115,2,True,-0.3825,0.7458,.55-.60,
ORDI/USDT,2025-03-15,LONG,0.7031,9.461,9.115,1,True,-3.6571,0.4017,.70-.80,
ORDI/USDT,2025-03-19,LONG,0.7044,9.994,9.819,1,True,-1.7511,1.1977,.70-.80,1-1.5x
ORDI/USDT,2025-03-21,LONG,0.5769,9.574,10.108,1,True,5.5776,0.3412,.55-.60,
ORDI/USDT,2025-03-23,LONG,0.565,9.926,9.49,3,True,-4.3925,0.326,.55-.60,
ORDI/USDT,2025-03-24,LONG,0.6402,10.304,9.49,2,True,-7.8998,0.6799,.60-.70,
ORDI/USDT,2025-03-27,LONG,0.7345,9.295,8.225,2,True,-11.5116,0.402,.70-.80,
ORDI/USDT,2025-03-28,LONG,0.6,8.708,8.225,1,True,-5.5466,1.1886,.55-.60,1-1.5x
ORDI/USDT,2025-04-01,LONG,0.5657,8.106,6.98,4,True,-13.8909,0.4604,.55-.60,
ORDI/USDT,2025-04-02,LONG,0.7561,6.987,6.98,3,True,-0.1002,2.5761,.70-.80,2-3x
ORDI/USDT,2025-04-04,LONG,0.6047,7.18,6.98,1,True,-2.7855,0.0247,.60-.70,
SATS/USDT,2024-08-29,LONG,0.6833,0.0,0.0,1,True,-0.6327,0.0538,.60-.70,
SATS/USDT,2024-09-02,LONG,0.6478,0.0,0.0,1,True,-5.1952,1.7616,.60-.70,1.5-2x
SATS/USDT,2024-09-04,LONG,0.628,0.0,0.0,2,True,0.3285,0.4463,.60-.70,
SATS/USDT,2024-09-05,LONG,0.711,0.0,0.0,1,True,1.3608,0.1264,.70-.80,
SATS/USDT,2024-09-07,LONG,0.6479,0.0,0.0,1,True,-2.3802,1.0537,.60-.70,1-1.5x
SATS/USDT,2024-09-11,LONG,0.5605,0.0,0.0,2,True,8.1018,0.6425,.55-.60,
SATS/USDT,2024-09-17,LONG,0.5597,0.0,0.0,1,True,2.3513,0.0958,.55-.60,
SATS/USDT,2024-09-20,LONG,0.594,0.0,0.0,5,False,2.0854,0.1645,.55-.60,
SATS/USDT,2024-09-21,LONG,0.6912,0.0,0.0,5,False,8.2311,0.8195,.60-.70,
SATS/USDT,2024-09-23,LONG,0.6386,0.0,0.0,5,False,15.2571,0.4399,.60-.70,
SATS/USDT,2024-09-26,LONG,0.5619,0.0,0.0,5,False,-20.4593,2.2365,.55-.60,2-3x
SATS/USDT,2024-09-27,LONG,0.6154,0.0,0.0,5,False,-26.9896,0.79,.60-.70,
SATS/USDT,2024-09-29,LONG,0.5561,0.0,0.0,3,True,-25.8131,0.0418,.55-.60,
SATS/USDT,2024-10-05,LONG,0.7099,0.0,0.0,1,True,8.9385,0.1891,.70-.80,
SATS/USDT,2024-10-10,LONG,0.8586,0.0,0.0,2,True,3.8476,0.4289,>.80,
SATS/USDT,2024-10-11,LONG,0.563,0.0,0.0,1,True,0.7176,0.5198,.55-.60,
SATS/USDT,2024-10-13,LONG,0.725,0.0,0.0,5,False,1.5335,0.0184,.70-.80,
SATS/USDT,2024-10-16,LONG,0.567,0.0,0.0,2,True,2.0064,0.5933,.55-.60,
SATS/USDT,2024-10-17,LONG,0.6916,0.0,0.0,1,True,2.3364,0.059,.60-.70,
SATS/USDT,2024-10-21,LONG,0.7586,0.0,0.0,2,True,-5.7517,1.4307,.70-.80,1-1.5x
SATS/USDT,2024-10-24,LONG,0.7729,0.0,0.0,1,True,-11.4029,0.741,.70-.80,
SATS/USDT,2024-10-26,LONG,0.6096,0.0,0.0,1,True,3.5229,0.0604,.60-.70,
SATS/USDT,2024-10-28,LONG,0.6663,0.0,0.0,3,True,-3.8026,0.3164,.60-.70,
SATS/USDT,2024-11-05,LONG,0.6483,0.0,0.0,5,False,33.0157,1.3526,.60-.70,1-1.5x
SATS/USDT,2024-11-06,LONG,0.8547,0.0,0.0,4,True,12.3089,2.8003,>.80,2-3x
SATS/USDT,2024-11-08,LONG,0.6531,0.0,0.0,2,True,15.3719,0.1869,.60-.70,
SATS/USDT,2024-11-09,LONG,0.8813,0.0,0.0,1,True,6.9322,1.1607,>.80,1-1.5x
SATS/USDT,2024-11-12,LONG,0.7646,0.0,0.0,1,True,-0.075,1.4447,.70-.80,1-1.5x
SATS/USDT,2024-11-14,LONG,0.6839,0.0,0.0,1,True,-0.2375,0.7497,.60-.70,
SATS/USDT,2024-11-16,LONG,0.7166,0.0,0.0,1,True,-4.578,0.0462,.70-.80,
SATS/USDT,2024-11-18,LONG,0.831,0.0,0.0,2,True,-11.0723,1.0534,>.80,1-1.5x
SATS/USDT,2024-11-21,LONG,0.5609,0.0,0.0,5,False,0.2081,0.7045,.55-.60,
SATS/USDT,2024-11-22,LONG,0.7767,0.0,0.0,4,True,-3.4095,0.529,.70-.80,
SATS/USDT,2024-11-23,LONG,0.6833,0.0,0.0,3,True,-4.7845,0.2173,.60-.70,
SATS/USDT,2024-11-24,LONG,0.6032,0.0,0.0,2,True,-4.7845,0.0,.60-.70,
SATS/USDT,2024-11-25,LONG,0.8017,0.0,0.0,1,True,-5.3459,0.0917,>.80,
SATS/USDT,2024-11-27,LONG,0.6801,0.0,0.0,2,True,7.6555,0.791,.60-.70,
SATS/USDT,2024-11-28,LONG,0.741,0.0,0.0,1,True,2.0794,1.0185,.70-.80,1-1.5x
SATS/USDT,2024-11-30,LONG,0.6476,0.0,0.0,5,False,1.2257,1.6757,.60-.70,1.5-2x
SATS/USDT,2024-12-01,LONG,0.9032,0.0,0.0,5,False,6.2456,0.7947,>.80,
SATS/USDT,2024-12-02,LONG,0.7571,0.0,0.0,4,True,10.3575,0.8168,.70-.80,
SATS/USDT,2024-12-03,LONG,0.7804,0.0,0.0,3,True,-5.2232,2.8197,.70-.80,2-3x
SATS/USDT,2024-12-04,LONG,0.8578,0.0,0.0,2,True,-1.3834,0.6754,>.80,
SATS/USDT,2024-12-09,LONG,0.6939,0.0,0.0,1,True,-9.6941,2.7008,.60-.70,2-3x
SATS/USDT,2024-12-11,LONG,0.6666,0.0,0.0,1,True,-1.9111,0.8035,.60-.70,
SATS/USDT,2024-12-15,LONG,0.7378,0.0,0.0,1,True,-1.2864,0.5217,.70-.80,
SATS/USDT,2024-12-17,LONG,0.6035,0.0,0.0,1,True,-11.1687,1.0471,.60-.70,1-1.5x
SATS/USDT,2024-12-20,LONG,0.8327,0.0,0.0,3,True,0.0,1.1129,>.80,1-1.5x
SATS/USDT,2024-12-21,LONG,0.6527,0.0,0.0,2,True,5.251,0.6276,.60-.70,
SATS/USDT,2024-12-22,LONG,0.8125,0.0,0.0,1,True,4.2882,0.1159,>.80,
SATS/USDT,2024-12-24,LONG,0.648,0.0,0.0,3,True,-4.7824,0.2918,.60-.70,
SATS/USDT,2024-12-25,LONG,0.6869,0.0,0.0,2,True,-2.6908,0.3092,.60-.70,
SATS/USDT,2024-12-31,LONG,0.6027,0.0,0.0,4,True,6.7039,0.1579,.60-.70,
SATS/USDT,2025-01-03,LONG,0.5669,0.0,0.0,1,True,-1.343,0.9808,.55-.60,
SATS/USDT,2025-01-06,LONG,0.6128,0.0,0.0,2,True,-28.4067,0.0725,.60-.70,
SATS/USDT,2025-01-09,LONG,0.7018,0.0,0.0,3,True,1.768,0.6106,.70-.80,
SATS/USDT,2025-01-10,LONG,0.8452,0.0,0.0,2,True,-4.1306,1.0437,>.80,1-1.5x
SATS/USDT,2025-01-11,LONG,0.8787,0.0,0.0,1,True,-2.7703,0.2376,>.80,
SATS/USDT,2025-01-13,LONG,0.8296,0.0,0.0,1,True,4.062,1.0116,>.80,1-1.5x
SATS/USDT,2025-01-15,LONG,0.7289,0.0,0.0,3,True,-13.4862,0.8773,.70-.80,
SATS/USDT,2025-01-16,LONG,0.5836,0.0,0.0,2,True,-8.4226,0.923,.55-.60,
SATS/USDT,2025-01-21,LONG,0.8748,0.0,0.0,1,True,6.0855,1.2229,>.80,1-1.5x
SATS/USDT,2025-01-24,LONG,0.8505,0.0,0.0,3,True,1.227,0.26,>.80,
SATS/USDT,2025-01-25,LONG,0.6545,0.0,0.0,2,True,-6.4493,1.0127,.60-.70,1-1.5x
SATS/USDT,2025-01-26,LONG,0.5949,0.0,0.0,1,True,0.7634,0.8726,.55-.60,
SATS/USDT,2025-01-29,LONG,0.7236,0.0,0.0,1,True,10.7595,1.7847,.70-.80,1.5-2x
SATS/USDT,2025-01-31,LONG,0.6672,0.0,0.0,1,True,-10.2026,0.1486,.60-.70,
SATS/USDT,2025-02-03,LONG,0.792,0.0,0.0,1,True,-3.7296,0.1429,.70-.80,
SATS/USDT,2025-02-05,LONG,0.6273,0.0,0.0,2,True,-0.5696,0.093,.60-.70,
SATS/USDT,2025-02-06,LONG,0.9004,0.0,0.0,1,True,-0.1634,0.0475,>.80,
SATS/USDT,2025-02-10,LONG,0.6034,0.0,0.0,5,False,1.76,0.3235,.60-.70,
SATS/USDT,2025-02-11,LONG,0.6202,0.0,0.0,4,True,2.498,0.1046,.60-.70,
SATS/USDT,2025-02-12,LONG,0.5838,0.0,0.0,3,True,0.7924,0.2469,.55-.60,
SATS/USDT,2025-02-14,LONG,0.5721,0.0,0.0,1,True,-1.6241,0.4951,.55-.60,
SATS/USDT,2025-02-18,LONG,0.6133,0.0,0.0,5,False,0.0,0.0825,.60-.70,
SATS/USDT,2025-02-21,LONG,0.6246,0.0,0.0,2,True,0.0,0.4233,.60-.70,
SATS/USDT,2025-02-24,LONG,0.6014,0.0,0.0,2,True,13.3443,1.1444,.60-.70,1-1.5x
SATS/USDT,2025-03-02,LONG,0.6457,0.0,0.0,1,True,-7.8125,1.7411,.60-.70,1.5-2x
SATS/USDT,2025-03-04,LONG,0.6375,0.0,0.0,2,True,-0.3231,0.0206,.60-.70,
SATS/USDT,2025-03-05,LONG,0.7133,0.0,0.0,1,True,-0.4036,0.0206,.70-.80,
SATS/USDT,2025-03-07,LONG,0.5956,0.0,0.0,1,True,0.2445,0.148,.55-.60,
SATS/USDT,2025-03-09,LONG,0.5594,0.0,0.0,5,False,0.9836,0.2161,.55-.60,
SATS/USDT,2025-03-14,LONG,0.5562,0.0,0.0,5,False,-1.3799,0.2638,.55-.60,
SATS/USDT,2025-03-22,LONG,0.5864,0.0,0.0,3,True,-2.1617,0.167,.55-.60,
SATS/USDT,2025-03-23,LONG,0.6822,0.0,0.0,2,True,-10.4762,4.2024,.60-.70,3-5x
SATS/USDT,2025-03-24,LONG,0.6177,0.0,0.0,1,True,-15.374,2.3163,.60-.70,2-3x
SATS/USDT,2025-03-28,LONG,0.9661,0.0,0.0,3,True,-20.6174,0.216,>.80,
SATS/USDT,2025-03-29,LONG,0.9398,0.0,0.0,2,True,-13.3574,1.342,>.80,1-1.5x
SATS/USDT,2025-03-30,LONG,0.8735,0.0,0.0,1,True,-14.0811,0.1344,>.80,
NOT/USDT,2024-08-28,LONG,0.6135,0.008908,0.008536,1,True,-4.176,0.5793,.60-.70,
NOT/USDT,2024-09-07,LONG,0.612,0.007656,0.007791,1,True,1.7633,0.8188,.60-.70,
NOT/USDT,2024-09-09,LONG,0.5532,0.008334,0.008302,1,True,-0.384,1.2991,.55-.60,1-1.5x
NOT/USDT,2024-09-12,LONG,0.6745,0.007775,0.007762,2,True,-0.1672,0.152,.60-.70,
NOT/USDT,2024-09-17,LONG,0.5522,0.007444,0.007796,2,True,4.7286,0.8569,.55-.60,
NOT/USDT,2024-09-18,LONG,0.7161,0.007566,0.007796,1,True,3.0399,0.414,.70-.80,
NOT/USDT,2024-09-20,LONG,0.7281,0.007641,0.007656,3,True,0.1963,0.4935,.70-.80,
NOT/USDT,2024-09-21,LONG,0.7004,0.007651,0.007656,2,True,0.0654,0.0337,.70-.80,
NOT/USDT,2024-09-22,LONG,0.5953,0.007341,0.007656,1,True,4.291,1.0861,.55-.60,1-1.5x
NOT/USDT,2024-09-24,LONG,0.5719,0.00785,0.008449,1,True,7.6306,0.7291,.55-.60,
NOT/USDT,2024-09-26,LONG,0.7279,0.008518,0.009975,1,True,17.105,0.2161,.70-.80,
NOT/USDT,2024-09-28,LONG,0.7391,0.009303,0.008455,2,True,-9.1153,1.218,.70-.80,1-1.5x
NOT/USDT,2024-10-01,LONG,0.6351,0.007513,0.007475,3,True,-0.5058,1.8398,.60-.70,1.5-2x
NOT/USDT,2024-10-02,LONG,0.5711,0.007382,0.007475,2,True,1.2598,0.2875,.55-.60,
NOT/USDT,2024-10-03,LONG,0.8302,0.00712,0.007475,1,True,4.986,0.5824,>.80,
NOT/USDT,2024-10-05,LONG,0.5559,0.00729,0.008012,2,True,9.904,0.3998,.55-.60,
NOT/USDT,2024-10-06,LONG,0.5603,0.007741,0.008012,1,True,3.5008,0.9927,.55-.60,
NOT/USDT,2024-10-10,LONG,0.648,0.00735,0.007882,2,True,7.2381,0.0856,.60-.70,
NOT/USDT,2024-10-11,LONG,0.6346,0.007711,0.007882,1,True,2.2176,0.7648,.60-.70,
NOT/USDT,2024-10-15,LONG,0.6906,0.008651,0.008437,5,False,-2.4737,0.2905,.60-.70,
NOT/USDT,2024-10-16,LONG,0.6934,0.008152,0.008,5,False,-1.8646,0.8924,.60-.70,
NOT/USDT,2024-10-17,LONG,0.8121,0.007805,0.00796,5,False,1.9859,0.8336,>.80,
NOT/USDT,2024-10-18,LONG,0.7932,0.008179,0.00796,4,True,-2.6776,0.9421,.70-.80,
NOT/USDT,2024-10-19,LONG,0.7438,0.00825,0.00796,3,True,-3.5152,0.1704,.70-.80,
NOT/USDT,2024-10-20,LONG,0.7987,0.008437,0.00796,2,True,-5.6537,0.4745,.70-.80,
NOT/USDT,2024-10-21,LONG,0.7807,0.008,0.00796,1,True,-0.5,1.2367,.70-.80,1-1.5x
NOT/USDT,2024-10-24,LONG,0.6817,0.007688,0.006594,1,True,-14.23,0.4073,.60-.70,
NOT/USDT,2024-10-26,LONG,0.6545,0.006738,0.007023,1,True,4.2297,0.4342,.60-.70,
NOT/USDT,2024-10-29,LONG,0.5951,0.007138,0.006487,2,True,-9.1202,0.2995,.55-.60,
NOT/USDT,2024-10-30,LONG,0.65,0.006886,0.006487,1,True,-5.7944,0.7066,.60-.70,
NOT/USDT,2024-11-02,LONG,0.6375,0.006315,0.005925,1,True,-6.1758,0.6021,.60-.70,
NOT/USDT,2024-11-05,LONG,0.598,0.006022,0.00624,3,True,3.6201,1.3379,.55-.60,1-1.5x
NOT/USDT,2024-11-06,LONG,0.6298,0.006622,0.00624,2,True,-5.7686,1.8393,.60-.70,1.5-2x
NOT/USDT,2024-11-09,LONG,0.7092,0.007647,0.007867,2,True,2.8769,3.0132,.70-.80,3-5x
NOT/USDT,2024-11-10,LONG,0.5607,0.007592,0.007867,1,True,3.6222,0.0973,.55-.60,
NOT/USDT,2024-11-12,LONG,0.9506,0.007601,0.007334,1,True,-3.5127,0.4578,>.80,
NOT/USDT,2024-11-14,LONG,0.944,0.007561,0.007487,1,True,-0.9787,0.4658,>.80,
NOT/USDT,2024-11-16,LONG,0.6808,0.007706,0.00755,1,True,-2.0244,0.4418,.60-.70,
NOT/USDT,2024-11-19,LONG,0.6783,0.007424,0.006928,1,True,-6.681,0.6946,.60-.70,
NOT/USDT,2024-11-21,LONG,0.5506,0.007407,0.009398,3,True,26.88,1.001,.55-.60,1-1.5x
NOT/USDT,2024-11-22,LONG,0.776,0.007298,0.009398,2,True,28.775,0.2142,.70-.80,
NOT/USDT,2024-11-23,LONG,0.793,0.008034,0.009398,1,True,16.9778,1.4518,.70-.80,1-1.5x
NOT/USDT,2024-11-28,LONG,0.696,0.008797,0.009478,5,False,7.7413,0.1927,.60-.70,
NOT/USDT,2024-11-29,LONG,0.791,0.009026,0.009478,4,True,5.0078,0.4431,.70-.80,
NOT/USDT,2024-12-01,LONG,0.6911,0.008946,0.009478,2,True,5.9468,0.55,.60-.70,
NOT/USDT,2024-12-02,LONG,0.6754,0.008692,0.009478,1,True,9.0428,0.4813,.60-.70,
NOT/USDT,2024-12-06,LONG,0.806,0.009662,0.008337,5,False,-13.7135,0.3313,>.80,
NOT/USDT,2024-12-09,LONG,0.6736,0.007591,0.007924,5,False,4.3868,2.878,.60-.70,2-3x
NOT/USDT,2024-12-10,LONG,0.6156,0.007425,0.007924,4,True,6.7205,0.2763,.60-.70,
NOT/USDT,2024-12-11,LONG,0.6347,0.008337,0.007924,3,True,-4.9538,1.4935,.60-.70,1-1.5x
NOT/USDT,2024-12-12,LONG,0.5606,0.008336,0.007924,2,True,-4.9424,0.0015,.55-.60,
NOT/USDT,2024-12-13,LONG,0.715,0.00825,0.007924,1,True,-3.9515,0.1301,.70-.80,
NOT/USDT,2024-12-15,LONG,0.6271,0.008164,0.006822,3,True,-16.438,0.4425,.60-.70,
NOT/USDT,2024-12-16,LONG,0.5511,0.007875,0.006822,2,True,-13.3714,0.5211,.55-.60,
NOT/USDT,2024-12-17,LONG,0.629,0.007457,0.006822,1,True,-8.5155,0.7791,.60-.70,
NOT/USDT,2024-12-20,LONG,0.7463,0.00661,0.006649,3,True,0.59,0.8053,.70-.80,
NOT/USDT,2024-12-21,LONG,0.6692,0.006249,0.006649,2,True,6.401,0.7435,.60-.70,
NOT/USDT,2024-12-22,LONG,0.6398,0.006243,0.006649,1,True,6.5033,0.0131,.60-.70,
NOT/USDT,2024-12-24,LONG,0.5582,0.006872,0.006735,1,True,-1.9936,0.4622,.55-.60,
NOT/USDT,2024-12-29,LONG,0.6171,0.006246,0.006853,5,False,9.7182,0.7988,.60-.70,
NOT/USDT,2024-12-30,LONG,0.5611,0.006233,0.006789,5,False,8.9203,0.0388,.55-.60,
NOT/USDT,2025-01-10,LONG,0.6734,0.00653,0.006549,5,False,0.291,2.6377,.60-.70,2-3x
NOT/USDT,2025-01-13,LONG,0.6757,0.006274,0.006549,2,True,4.3832,0.1945,.60-.70,
NOT/USDT,2025-01-14,LONG,0.5709,0.006264,0.006549,1,True,4.5498,0.034,.55-.60,
NOT/USDT,2025-01-17,LONG,0.5737,0.006439,0.005912,1,True,-8.1845,1.0215,.55-.60,1-1.5x
NOT/USDT,2025-01-19,LONG,0.5744,0.005303,0.005307,2,True,0.0754,1.8387,.55-.60,1.5-2x
NOT/USDT,2025-01-20,LONG,0.7071,0.005213,0.005307,1,True,1.8032,0.3036,.70-.80,
NOT/USDT,2025-01-23,LONG,0.8068,0.005088,0.004916,1,True,-3.3805,0.4434,>.80,
NOT/USDT,2025-01-26,LONG,0.6866,0.004902,0.00451,1,True,-7.9967,0.0788,.60-.70,
NOT/USDT,2025-01-28,LONG,0.6424,0.00409,0.004402,2,True,7.6284,1.7076,.60-.70,1.5-2x
NOT/USDT,2025-01-29,LONG,0.6033,0.004311,0.004402,1,True,2.1109,0.9518,.60-.70,
NOT/USDT,2025-01-31,LONG,0.6041,0.004477,0.003966,1,True,-11.4139,0.362,.60-.70,
NOT/USDT,2025-02-03,LONG,0.9264,0.003045,0.002812,2,True,-7.6519,0.3901,>.80,
NOT/USDT,2025-02-04,LONG,0.661,0.002846,0.002812,1,True,-1.1947,1.0195,.60-.70,1-1.5x
NOT/USDT,2025-02-08,LONG,0.555,0.002754,0.002859,1,True,3.8126,1.1084,.55-.60,1-1.5x
NOT/USDT,2025-02-11,LONG,0.661,0.002849,0.003119,1,True,9.477,0.1303,.60-.70,
NOT/USDT,2025-02-13,LONG,0.9317,0.003102,0.003135,1,True,1.0638,0.0755,>.80,
NOT/USDT,2025-02-19,LONG,0.9143,0.002862,0.00302,1,True,5.5206,0.4675,>.80,
NOT/USDT,2025-02-22,LONG,0.7094,0.003092,0.002937,1,True,-5.0129,1.8728,.70-.80,1.5-2x
NOT/USDT,2025-02-24,LONG,0.6258,0.002493,0.00256,1,True,2.6875,2.4913,.60-.70,2-3x
NOT/USDT,2025-02-26,LONG,0.7653,0.002729,0.002667,1,True,-2.2719,1.1254,.70-.80,1-1.5x
NOT/USDT,2025-03-02,LONG,0.5942,0.003192,0.002667,1,True,-16.4474,2.3643,.55-.60,2-3x
NOT/USDT,2025-03-04,LONG,0.7511,0.002778,0.002574,2,True,-7.3434,0.5392,.70-.80,
NOT/USDT,2025-03-05,LONG,0.7902,0.002595,0.002574,1,True,-0.8092,0.8395,.70-.80,
NOT/USDT,2025-03-07,LONG,0.7172,0.002359,0.00233,1,True,-1.2293,1.0436,.70-.80,1-1.5x
NOT/USDT,2025-03-10,LONG,0.6089,0.001965,0.002044,1,True,4.0204,0.0059,.60-.70,
NOT/USDT,2025-03-14,LONG,0.7617,0.002147,0.002355,2,True,9.6879,0.6337,.70-.80,
NOT/USDT,2025-03-15,LONG,0.6259,0.002522,0.002355,1,True,-6.6217,1.8466,.60-.70,1.5-2x
NOT/USDT,2025-03-18,LONG,0.8494,0.002434,0.002398,1,True,-1.479,0.161,>.80,
NOT/USDT,2025-03-20,LONG,0.6345,0.002504,0.002463,1,True,-1.6374,0.5085,.60-.70,
NOT/USDT,2025-03-25,LONG,0.5996,0.002675,0.002477,3,True,-7.4019,0.2959,.55-.60,
NOT/USDT,2025-03-26,LONG,0.5843,0.002672,0.002477,2,True,-7.2979,0.0167,.55-.60,
NOT/USDT,2025-03-27,LONG,0.6275,0.002677,0.002477,1,True,-7.471,0.0294,.60-.70,
NOT/USDT,2025-03-30,LONG,0.589,0.002283,0.002271,2,True,-0.5256,0.2634,.55-.60,
NOT/USDT,2025-03-31,LONG,0.646,0.002271,0.002271,1,True,0.0,0.0895,.60-.70,
NOT/USDT,2025-04-05,LONG,0.5721,0.00201,0.001691,3,True,-15.8706,0.4093,.55-.60,
ETHFI/USDT,2024-08-29,LONG,0.6249,1.335,1.35,1,True,1.1236,0.1274,.60-.70,
ETHFI/USDT,2024-08-31,LONG,0.567,1.315,1.326,2,True,0.8365,0.4766,.55-.60,
ETHFI/USDT,2024-09-05,LONG,0.5577,1.272,1.344,5,False,5.6604,0.0641,.55-.60,
ETHFI/USDT,2024-09-07,LONG,0.6217,1.251,1.352,5,False,8.0735,0.3321,.60-.70,
ETHFI/USDT,2024-09-08,LONG,0.6159,1.299,1.397,5,False,7.5443,0.7701,.60-.70,
ETHFI/USDT,2024-09-09,LONG,0.5532,1.35,1.359,5,False,0.6667,0.778,.55-.60,
ETHFI/USDT,2024-09-10,LONG,0.5767,1.344,1.292,5,False,-3.869,0.089,.55-.60,
ETHFI/USDT,2024-09-11,LONG,0.5619,1.293,1.292,4,True,-0.0773,0.768,.55-.60,
ETHFI/USDT,2024-09-12,LONG,0.5688,1.352,1.292,3,True,-4.4379,0.9888,.55-.60,
ETHFI/USDT,2024-09-17,LONG,0.5805,1.339,1.468,5,False,9.6341,1.687,.55-.60,1.5-2x
ETHFI/USDT,2024-09-18,LONG,0.7601,1.411,1.534,5,False,8.7172,1.2706,.70-.80,1-1.5x
ETHFI/USDT,2024-09-19,LONG,0.5909,1.461,1.534,4,True,4.9966,0.8262,.55-.60,
ETHFI/USDT,2024-09-20,LONG,0.6437,1.492,1.534,3,True,2.815,0.5004,.60-.70,
ETHFI/USDT,2024-09-21,LONG,0.7785,1.553,1.534,2,True,-1.2234,1.0281,.70-.80,1-1.5x
ETHFI/USDT,2024-09-22,LONG,0.6093,1.468,1.534,1,True,4.4959,1.3813,.60-.70,1-1.5x
ETHFI/USDT,2024-09-26,LONG,0.5505,1.674,1.685,2,True,0.6571,2.6349,.55-.60,2-3x
ETHFI/USDT,2024-09-29,LONG,0.7821,1.766,1.353,4,True,-23.3862,0.9806,.70-.80,
ETHFI/USDT,2024-09-30,LONG,0.7257,1.769,1.353,3,True,-23.5161,0.0347,.70-.80,
ETHFI/USDT,2024-10-01,LONG,0.8942,1.475,1.353,2,True,-8.2712,2.6513,>.80,2-3x
ETHFI/USDT,2024-10-02,LONG,0.5809,1.406,1.353,1,True,-3.7696,0.7401,.55-.60,
ETHFI/USDT,2024-10-04,LONG,0.9622,1.443,1.382,5,False,-4.2273,1.027,>.80,1-1.5x
ETHFI/USDT,2024-10-05,LONG,0.8456,1.405,1.38,5,False,-1.7794,0.4118,>.80,
ETHFI/USDT,2024-10-06,LONG,0.6473,1.472,1.464,5,False,-0.5435,0.7452,.60-.70,
ETHFI/USDT,2024-10-07,LONG,0.9361,1.47,1.481,5,False,0.7483,0.0217,>.80,
ETHFI/USDT,2024-10-08,LONG,0.661,1.452,1.488,5,False,2.4793,0.1987,.60-.70,
ETHFI/USDT,2024-10-09,LONG,0.7624,1.382,1.684,5,False,21.8524,0.7754,.70-.80,
ETHFI/USDT,2024-10-10,LONG,0.8147,1.38,1.684,4,True,22.029,0.0234,>.80,
ETHFI/USDT,2024-10-11,LONG,0.6009,1.464,1.684,3,True,15.0273,0.9686,.60-.70,
ETHFI/USDT,2024-10-12,LONG,0.7234,1.481,1.684,2,True,13.707,0.1885,.70-.80,
ETHFI/USDT,2024-10-13,LONG,0.6144,1.488,1.684,1,True,13.172,0.0778,.60-.70,
ETHFI/USDT,2024-10-15,LONG,0.5957,1.754,1.747,5,False,-0.3991,0.6281,.55-.60,
ETHFI/USDT,2024-10-16,LONG,0.7675,1.665,1.639,5,False,-1.5616,0.8208,.70-.80,
ETHFI/USDT,2024-10-17,LONG,0.9173,1.571,1.622,5,False,3.2463,0.9086,>.80,
ETHFI/USDT,2024-10-18,LONG,0.6193,1.639,1.622,4,True,-1.0372,0.6936,.60-.70,
ETHFI/USDT,2024-10-19,LONG,0.8474,1.637,1.622,3,True,-0.9163,0.0199,>.80,
ETHFI/USDT,2024-10-20,LONG,0.9189,1.747,1.622,2,True,-7.1551,1.0614,>.80,1-1.5x
ETHFI/USDT,2024-10-21,LONG,0.7691,1.639,1.622,1,True,-1.0372,1.187,.70-.80,1-1.5x
ETHFI/USDT,2024-10-26,LONG,0.812,1.412,1.413,1,True,0.0708,1.026,>.80,1-1.5x
ETHFI/USDT,2024-10-29,LONG,0.7544,1.495,1.434,2,True,-4.0803,0.8571,.70-.80,
ETHFI/USDT,2024-11-03,LONG,0.8597,1.267,1.226,1,True,-3.236,0.9558,>.80,
ETHFI/USDT,2024-11-05,LONG,0.7183,1.306,1.577,3,True,20.7504,1.2025,.70-.80,1-1.5x
ETHFI/USDT,2024-11-07,LONG,0.5812,1.59,1.577,1,True,-0.8176,0.6669,.55-.60,
ETHFI/USDT,2024-11-09,LONG,0.717,1.679,1.871,2,True,11.4354,0.982,.70-.80,
ETHFI/USDT,2024-11-12,LONG,0.7891,1.694,1.533,3,True,-9.5041,1.3571,.70-.80,1-1.5x
ETHFI/USDT,2024-11-13,LONG,0.7773,1.569,1.533,2,True,-2.2945,1.0248,.70-.80,1-1.5x
ETHFI/USDT,2024-11-14,LONG,0.9344,1.453,1.533,1,True,5.5058,1.125,>.80,1-1.5x
ETHFI/USDT,2024-11-21,LONG,0.6885,1.909,2.164,5,False,13.3578,2.953,.60-.70,2-3x
ETHFI/USDT,2024-11-22,LONG,0.8424,1.87,2.532,5,False,35.4011,0.2096,>.80,
ETHFI/USDT,2024-11-23,LONG,0.7583,2.096,2.382,5,False,13.645,1.2288,.70-.80,1-1.5x
ETHFI/USDT,2024-11-24,LONG,0.6995,2.206,2.347,5,False,6.3917,0.5391,.60-.70,
ETHFI/USDT,2024-11-25,LONG,0.6068,2.247,2.347,4,True,4.4504,0.1914,.60-.70,
ETHFI/USDT,2024-11-26,LONG,0.8325,2.164,2.347,3,True,8.4566,0.3978,>.80,
ETHFI/USDT,2024-11-28,LONG,0.8067,2.382,2.347,1,True,-1.4694,0.5913,>.80,
ETHFI/USDT,2024-12-04,LONG,0.6812,2.717,2.962,3,True,9.0173,0.4182,.60-.70,
ETHFI/USDT,2024-12-05,LONG,0.9039,2.659,2.962,2,True,11.3953,0.2318,>.80,
ETHFI/USDT,2024-12-12,LONG,0.6041,2.72,2.681,1,True,-1.4338,0.5094,.60-.70,
ETHFI/USDT,2024-12-15,LONG,0.6454,2.764,2.433,3,True,-11.9754,0.7859,.60-.70,
ETHFI/USDT,2024-12-16,LONG,0.5778,2.816,2.433,2,True,-13.6009,0.2519,.55-.60,
ETHFI/USDT,2024-12-20,LONG,0.8467,2.137,1.95,2,True,-8.7506,0.401,>.80,
ETHFI/USDT,2024-12-21,LONG,0.6622,1.964,1.95,1,True,-0.7128,1.077,.60-.70,1-1.5x
ETHFI/USDT,2024-12-24,LONG,0.6696,2.127,2.054,1,True,-3.4321,0.1755,.60-.70,
ETHFI/USDT,2024-12-28,LONG,0.5841,2.094,2.175,3,True,3.8682,0.5704,.55-.60,
ETHFI/USDT,2024-12-29,LONG,0.6337,1.984,2.175,2,True,9.627,0.8297,.60-.70,
ETHFI/USDT,2024-12-30,LONG,0.5589,2.109,2.175,1,True,3.1294,0.9657,.55-.60,
ETHFI/USDT,2025-01-02,LONG,0.5528,2.235,2.39,2,True,6.9351,0.3616,.55-.60,
ETHFI/USDT,2025-01-03,LONG,0.5676,2.393,2.39,1,True,-0.1254,1.1235,.55-.60,1-1.5x
ETHFI/USDT,2025-01-06,LONG,0.6085,2.4,1.87,3,True,-22.0833,0.1709,.60-.70,
ETHFI/USDT,2025-01-11,LONG,0.562,1.907,1.787,2,True,-6.2926,0.1428,.55-.60,
ETHFI/USDT,2025-01-20,LONG,0.6376,1.785,1.832,1,True,2.6331,0.0603,.60-.70,
ETHFI/USDT,2025-01-24,LONG,0.8294,1.686,1.61,3,True,-4.5077,0.7262,>.80,
ETHFI/USDT,2025-01-26,LONG,0.74,1.67,1.61,1,True,-3.5928,0.4688,.70-.80,
ETHFI/USDT,2025-01-28,LONG,0.6725,1.44,1.531,1,True,6.3194,2.1277,.60-.70,2-3x
ETHFI/USDT,2025-01-31,LONG,0.6774,1.645,1.448,1,True,-11.9757,0.7331,.60-.70,
ETHFI/USDT,2025-02-03,LONG,0.5781,1.285,1.162,2,True,-9.572,1.2605,.55-.60,1-1.5x
ETHFI/USDT,2025-02-04,LONG,0.6097,1.185,1.162,1,True,-1.9409,1.1055,.60-.70,1-1.5x
ETHFI/USDT,2025-02-06,LONG,0.9125,1.087,1.135,2,True,4.4158,0.9406,>.80,
ETHFI/USDT,2025-02-07,LONG,0.5587,1.09,1.135,1,True,4.1284,0.0417,.55-.60,
ETHFI/USDT,2025-02-11,LONG,0.8431,1.096,1.178,3,True,7.4818,0.4384,>.80,
ETHFI/USDT,2025-02-13,LONG,0.6874,1.17,1.178,1,True,0.6838,0.204,.60-.70,
ETHFI/USDT,2025-02-16,LONG,0.5518,1.097,1.146,1,True,4.4667,0.1788,.55-.60,
ETHFI/USDT,2025-02-19,LONG,0.6406,1.114,1.117,2,True,0.2693,0.3039,.60-.70,
ETHFI/USDT,2025-02-20,LONG,0.607,1.161,1.117,1,True,-3.7898,0.6352,.60-.70,
ETHFI/USDT,2025-02-23,LONG,0.7368,1.152,0.969,4,True,-15.8854,0.3825,.70-.80,
ETHFI/USDT,2025-02-24,LONG,0.7096,0.95,0.969,3,True,2.0,3.1872,.70-.80,3-5x
ETHFI/USDT,2025-02-25,LONG,0.7128,0.966,0.969,2,True,0.3106,0.3047,.70-.80,
ETHFI/USDT,2025-02-26,LONG,0.8506,0.956,0.969,1,True,1.3598,0.193,>.80,
ETHFI/USDT,2025-02-28,LONG,0.7563,0.949,1.058,2,True,11.4858,0.3911,.70-.80,
ETHFI/USDT,2025-03-01,LONG,0.8303,0.926,1.058,1,True,14.2549,0.4585,>.80,
ETHFI/USDT,2025-03-04,LONG,0.8763,0.843,0.8549,1,True,1.4116,0.1613,>.80,
ETHFI/USDT,2025-03-07,LONG,0.9465,0.807,0.7961,1,True,-1.3507,0.5648,>.80,
ETHFI/USDT,2025-03-10,LONG,0.7635,0.6471,0.6842,2,True,5.7333,0.5028,.70-.80,
ETHFI/USDT,2025-03-11,LONG,0.7973,0.675,0.6842,1,True,1.363,0.5512,.70-.80,
ETHFI/USDT,2025-03-14,LONG,0.8856,0.6872,0.6615,2,True,-3.7398,0.4183,>.80,
ETHFI/USDT,2025-03-15,LONG,0.8213,0.701,0.6615,1,True,-5.6348,0.2605,>.80,
ETHFI/USDT,2025-03-17,LONG,0.7569,0.6871,0.706,2,True,2.7507,0.5574,.70-.80,
ETHFI/USDT,2025-03-18,LONG,0.5781,0.673,0.706,1,True,4.9034,0.2955,.55-.60,
ETHFI/USDT,2025-03-20,LONG,0.6908,0.661,0.6582,2,True,-0.4236,0.891,.60-.70,
ETHFI/USDT,2025-03-21,LONG,0.6567,0.6391,0.6582,1,True,2.9886,0.4626,.60-.70,
ETHFI/USDT,2025-03-23,LONG,0.7358,0.6553,0.6905,2,True,5.3716,0.093,.70-.80,
ETHFI/USDT,2025-03-24,LONG,0.7907,0.6879,0.6905,1,True,0.378,1.0082,.70-.80,1-1.5x
ETHFI/USDT,2025-03-26,LONG,0.6291,0.6739,0.578,5,False,-14.2306,0.4883,.60-.70,
ETHFI/USDT,2025-03-27,LONG,0.7344,0.6896,0.578,4,True,-16.1833,0.4736,.70-.80,
ETHFI/USDT,2025-03-28,LONG,0.8402,0.6196,0.578,3,True,-6.714,1.8944,>.80,1.5-2x
ETHFI/USDT,2025-03-29,LONG,0.551,0.5914,0.578,2,True,-2.2658,1.066,.55-.60,1-1.5x
ETHFI/USDT,2025-04-02,LONG,0.7256,0.5102,0.5187,2,True,1.666,2.6545,.70-.80,2-3x
AEVO/USDT,2024-08-29,LONG,0.6888,0.3266,0.3243,2,True,-0.7042,0.2603,.60-.70,
AEVO/USDT,2024-08-30,LONG,0.6724,0.3278,0.3243,1,True,-1.0677,0.0582,.60-.70,
AEVO/USDT,2024-09-04,LONG,0.5779,0.3213,0.3017,2,True,-6.1002,0.6886,.55-.60,
AEVO/USDT,2024-09-05,LONG,0.595,0.3086,0.3017,1,True,-2.2359,0.6668,.55-.60,
AEVO/USDT,2024-09-07,LONG,0.6473,0.3158,0.3406,5,False,7.8531,0.7749,.60-.70,
AEVO/USDT,2024-09-08,LONG,0.6465,0.3274,0.3506,5,False,7.0861,0.6058,.60-.70,
AEVO/USDT,2024-09-14,LONG,0.6053,0.3479,0.3194,2,True,-8.192,0.1553,.60-.70,
AEVO/USDT,2024-09-15,LONG,0.6192,0.3292,0.3194,1,True,-2.9769,1.2409,.60-.70,1-1.5x
AEVO/USDT,2024-09-17,LONG,0.7555,0.3664,0.376,1,True,2.6201,2.8743,.70-.80,2-3x
AEVO/USDT,2024-09-20,LONG,0.7211,0.3981,0.4055,4,True,1.8588,0.7524,.70-.80,
AEVO/USDT,2024-09-21,LONG,0.7694,0.3958,0.4055,3,True,2.4507,0.1194,.70-.80,
AEVO/USDT,2024-09-25,LONG,0.6132,0.3937,0.426,1,True,8.2042,0.6582,.60-.70,
AEVO/USDT,2024-09-27,LONG,0.5905,0.434,0.4223,1,True,-2.6959,0.4132,.55-.60,
AEVO/USDT,2024-09-29,LONG,0.7302,0.4265,0.3923,1,True,-8.0188,0.2173,.70-.80,
AEVO/USDT,2024-10-03,LONG,0.7001,0.32,0.3374,2,True,5.4375,0.4412,.70-.80,
AEVO/USDT,2024-10-04,LONG,0.9261,0.3391,0.3374,1,True,-0.5013,0.9693,>.80,
AEVO/USDT,2024-10-07,LONG,0.9157,0.34,0.3298,1,True,-3.0,0.3189,>.80,
AEVO/USDT,2024-10-11,LONG,0.6258,0.3366,0.3482,2,True,3.4462,1.014,.60-.70,1-1.5x
AEVO/USDT,2024-10-12,LONG,0.676,0.3443,0.3482,1,True,1.1327,0.4542,.60-.70,
AEVO/USDT,2024-10-19,LONG,0.7077,0.3585,0.3575,5,False,-0.2789,0.0219,.70-.80,
AEVO/USDT,2024-10-20,LONG,0.7963,0.3963,0.3575,4,True,-9.7906,1.9566,.70-.80,1.5-2x
AEVO/USDT,2024-10-21,LONG,0.7096,0.3804,0.3575,3,True,-6.02,0.9186,.70-.80,
AEVO/USDT,2024-10-22,LONG,0.6146,0.3755,0.3575,2,True,-4.7936,0.2977,.60-.70,
AEVO/USDT,2024-10-23,LONG,0.7957,0.361,0.3575,1,True,-0.9695,0.8805,.70-.80,
AEVO/USDT,2024-10-29,LONG,0.6586,0.3443,0.3193,2,True,-7.2611,0.9074,.60-.70,
AEVO/USDT,2024-10-30,LONG,0.6253,0.336,0.3193,1,True,-4.9702,0.5002,.60-.70,
AEVO/USDT,2024-11-03,LONG,0.6209,0.288,0.3253,5,False,12.9514,1.1389,.60-.70,1-1.5x
AEVO/USDT,2024-11-04,LONG,0.6401,0.2793,0.3253,4,True,16.4697,0.6564,.60-.70,
AEVO/USDT,2024-11-05,LONG,0.5693,0.2918,0.3253,3,True,11.4805,0.9661,.55-.60,
AEVO/USDT,2024-11-06,LONG,0.6395,0.3216,0.3253,2,True,1.1505,1.9674,.60-.70,1.5-2x
AEVO/USDT,2024-11-07,LONG,0.5599,0.3343,0.3253,1,True,-2.6922,0.7789,.55-.60,
AEVO/USDT,2024-11-10,LONG,0.6092,0.3658,0.4,1,True,9.3494,1.0964,.60-.70,1-1.5x
AEVO/USDT,2024-11-12,LONG,0.8024,0.3709,0.3436,3,True,-7.3605,1.3331,>.80,1-1.5x
AEVO/USDT,2024-11-13,LONG,0.5903,0.3495,0.3436,2,True,-1.6881,1.027,.55-.60,1-1.5x
AEVO/USDT,2024-11-14,LONG,0.9639,0.3316,0.3436,1,True,3.6188,0.9752,>.80,
AEVO/USDT,2024-11-22,LONG,0.9563,0.365,0.4688,5,False,28.4384,0.297,>.80,
AEVO/USDT,2024-11-23,LONG,0.9229,0.4382,0.4649,5,False,6.0931,2.5426,>.80,2-3x
AEVO/USDT,2024-11-24,LONG,0.7188,0.4501,0.4649,4,True,3.2882,0.3489,.70-.80,
AEVO/USDT,2024-11-25,LONG,0.9557,0.4483,0.4649,3,True,3.7029,0.0513,>.80,
AEVO/USDT,2024-11-26,LONG,0.9622,0.4324,0.4649,2,True,7.5162,0.4614,>.80,
AEVO/USDT,2024-11-27,LONG,0.8209,0.4688,0.4649,1,True,-0.8319,1.0769,>.80,1-1.5x
AEVO/USDT,2024-12-01,LONG,0.6647,0.5181,0.622,5,False,20.054,0.3012,.60-.70,
AEVO/USDT,2024-12-02,LONG,0.575,0.5296,0.622,4,True,17.4471,0.3064,.55-.60,
AEVO/USDT,2024-12-04,LONG,0.6109,0.5627,0.622,2,True,10.5385,0.3571,.60-.70,
AEVO/USDT,2024-12-05,LONG,0.6808,0.5478,0.622,1,True,13.5451,0.3845,.60-.70,
AEVO/USDT,2024-12-08,LONG,0.7232,0.6142,0.4693,1,True,-23.5917,0.0266,.70-.80,
AEVO/USDT,2024-12-10,LONG,0.824,0.465,0.503,1,True,8.172,0.1101,>.80,
AEVO/USDT,2024-12-12,LONG,0.8154,0.5171,0.5122,1,True,-0.9476,0.3375,>.80,
AEVO/USDT,2024-12-16,LONG,0.572,0.4974,0.4078,2,True,-18.0137,0.379,.55-.60,
AEVO/USDT,2024-12-17,LONG,0.5714,0.4612,0.4078,1,True,-11.5785,0.9866,.55-.60,
AEVO/USDT,2024-12-20,LONG,0.7439,0.3827,0.3794,3,True,-0.8623,0.6335,.70-.80,
AEVO/USDT,2024-12-21,LONG,0.7209,0.3584,0.3794,2,True,5.8594,0.7832,.70-.80,
AEVO/USDT,2024-12-22,LONG,0.7,0.3515,0.3794,1,True,7.9374,0.2389,.60-.70,
AEVO/USDT,2024-12-26,LONG,0.5662,0.362,0.3643,1,True,0.6354,0.923,.55-.60,
AEVO/USDT,2024-12-29,LONG,0.5761,0.3641,0.3615,2,True,-0.7141,0.7835,.55-.60,
AEVO/USDT,2024-12-30,LONG,0.5573,0.3636,0.3615,1,True,-0.5776,0.0231,.55-.60,
AEVO/USDT,2025-01-03,LONG,0.5723,0.408,0.3354,5,False,-17.7941,0.9494,.55-.60,
AEVO/USDT,2025-01-06,LONG,0.5822,0.4047,0.3312,4,True,-18.1616,0.1816,.55-.60,
AEVO/USDT,2025-01-07,LONG,0.5838,0.3554,0.3312,3,True,-6.8092,2.245,.55-.60,2-3x
AEVO/USDT,2025-01-13,LONG,0.624,0.3062,0.3308,5,False,8.034,0.9086,.60-.70,
AEVO/USDT,2025-01-20,LONG,0.6385,0.2865,0.2997,1,True,4.6073,0.0288,.60-.70,
AEVO/USDT,2025-01-24,LONG,0.6694,0.2816,0.2652,3,True,-5.8239,0.4854,.60-.70,
AEVO/USDT,2025-01-25,LONG,0.6116,0.282,0.2652,2,True,-5.9574,0.0243,.60-.70,
AEVO/USDT,2025-01-26,LONG,0.6517,0.2765,0.2652,1,True,-4.0868,0.3355,.60-.70,
AEVO/USDT,2025-01-29,LONG,0.6111,0.2489,0.2639,1,True,6.0265,0.5659,.60-.70,
AEVO/USDT,2025-01-31,LONG,0.6159,0.2717,0.2407,1,True,-11.4096,0.5096,.60-.70,
AEVO/USDT,2025-02-03,LONG,0.9202,0.1833,0.1653,2,True,-9.82,0.6534,>.80,
AEVO/USDT,2025-02-04,LONG,0.629,0.1694,0.1653,1,True,-2.4203,1.0636,.60-.70,1-1.5x
AEVO/USDT,2025-02-11,LONG,0.6927,0.1573,0.1617,4,True,2.7972,0.3313,.60-.70,
AEVO/USDT,2025-02-13,LONG,0.6649,0.1648,0.1617,2,True,-1.8811,0.4006,.60-.70,
AEVO/USDT,2025-02-14,LONG,0.6598,0.1697,0.1617,1,True,-4.7142,0.4332,.60-.70,
AEVO/USDT,2025-02-16,LONG,0.6034,0.1631,0.1589,1,True,-2.5751,0.1253,.60-.70,
AEVO/USDT,2025-02-21,LONG,0.6343,0.1554,0.16,2,True,2.9601,0.2773,.60-.70,
AEVO/USDT,2025-02-24,LONG,0.5548,0.1315,0.1384,1,True,5.2471,2.9985,.55-.60,2-3x
AEVO/USDT,2025-02-28,LONG,0.7684,0.1592,0.1704,2,True,7.0352,0.8195,.70-.80,
AEVO/USDT,2025-03-01,LONG,0.7731,0.1517,0.1704,1,True,12.327,0.7919,.70-.80,
AEVO/USDT,2025-03-04,LONG,0.7617,0.1319,0.1368,1,True,3.7149,0.5488,.70-.80,
AEVO/USDT,2025-03-07,LONG,0.706,0.1303,0.1097,2,True,-15.8097,0.2267,.70-.80,
AEVO/USDT,2025-03-11,LONG,0.7365,0.1123,0.1165,1,True,3.74,0.6191,.70-.80,
AEVO/USDT,2025-03-14,LONG,0.7364,0.1165,0.1145,2,True,-1.7167,0.3996,.70-.80,
AEVO/USDT,2025-03-15,LONG,0.6588,0.1223,0.1145,1,True,-6.3778,0.6156,.60-.70,
AEVO/USDT,2025-03-17,LONG,0.6703,0.1234,0.1236,1,True,0.1621,1.0624,.60-.70,1-1.5x
AEVO/USDT,2025-03-20,LONG,0.7148,0.1204,0.1285,2,True,6.7276,0.6608,.70-.80,
AEVO/USDT,2025-03-21,LONG,0.9682,0.1216,0.1285,1,True,5.6743,0.1417,>.80,
AEVO/USDT,2025-03-26,LONG,0.6192,0.1278,0.114,2,True,-10.7981,0.7336,.60-.70,
AEVO/USDT,2025-03-29,LONG,0.55,0.108,0.0976,4,True,-9.6296,1.1224,.50-.55,1-1.5x
AEVO/USDT,2025-03-30,LONG,0.5883,0.1092,0.0976,3,True,-10.6227,0.2387,.55-.60,
AEVO/USDT,2025-03-31,LONG,0.6975,0.1086,0.0976,2,True,-10.1289,0.1217,.60-.70,
AEVO/USDT,2025-04-04,LONG,0.6637,0.0999,0.0982,1,True,-1.7017,0.3275,.60-.70,
METIS/USDT,2024-08-28,LONG,0.5577,32.86,32.24,2,True,-1.8868,0.2842,.55-.60,
METIS/USDT,2024-08-29,LONG,0.7214,32.96,32.24,1,True,-2.1845,0.0574,.70-.80,
METIS/USDT,2024-09-04,LONG,0.5644,30.75,30.41,5,False,-1.1057,0.2004,.55-.60,
METIS/USDT,2024-09-05,LONG,0.6317,29.61,30.53,5,False,3.1071,0.7438,.60-.70,
METIS/USDT,2024-09-07,LONG,0.6139,28.24,30.58,5,False,8.2861,0.3404,.60-.70,
METIS/USDT,2024-09-08,LONG,0.6526,29.14,33.18,5,False,13.8641,0.6077,.60-.70,
METIS/USDT,2024-09-09,LONG,0.6164,30.41,33.18,4,True,9.1088,0.8166,.60-.70,
METIS/USDT,2024-09-11,LONG,0.5902,29.65,33.18,2,True,11.9056,0.5599,.55-.60,
METIS/USDT,2024-09-12,LONG,0.6256,30.58,33.18,1,True,8.5023,0.7466,.60-.70,
METIS/USDT,2024-09-17,LONG,0.5851,31.44,32.58,1,True,3.626,1.3613,.55-.60,1-1.5x
METIS/USDT,2024-09-21,LONG,0.6973,37.3,40.75,3,True,9.2493,0.0291,.60-.70,
METIS/USDT,2024-09-22,LONG,0.5981,36.22,40.75,2,True,12.5069,0.6319,.55-.60,
METIS/USDT,2024-09-23,LONG,0.6318,37.04,40.75,1,True,10.0162,0.5119,.60-.70,
METIS/USDT,2024-09-25,LONG,0.5992,39.48,40.42,1,True,2.381,0.6464,.55-.60,
METIS/USDT,2024-09-27,LONG,0.7677,41.64,40.41,1,True,-2.9539,0.6767,.70-.80,
METIS/USDT,2024-09-29,LONG,0.6111,40.89,34.18,2,True,-16.4099,0.2612,.60-.70,
METIS/USDT,2024-10-03,LONG,0.8068,32.77,34.57,1,True,5.4928,0.0814,>.80,
METIS/USDT,2024-10-10,LONG,0.8531,31.69,34.49,2,True,8.8356,0.1286,>.80,
METIS/USDT,2024-10-11,LONG,0.8071,33.95,34.49,1,True,1.5906,1.4242,>.80,1-1.5x
METIS/USDT,2024-10-15,LONG,0.8104,44.08,44.01,4,True,-0.1588,2.0231,>.80,2-3x
METIS/USDT,2024-10-16,LONG,0.7731,43.21,44.01,3,True,1.8514,0.3113,.70-.80,
METIS/USDT,2024-10-17,LONG,0.7557,43.55,44.01,2,True,1.0563,0.1246,.70-.80,
METIS/USDT,2024-10-18,LONG,0.95,45.75,44.01,1,True,-3.8033,0.7965,>.80,
METIS/USDT,2024-10-23,LONG,0.7656,42.78,43.55,1,True,1.7999,1.1774,.70-.80,1-1.5x
METIS/USDT,2024-10-25,LONG,0.9483,37.98,38.25,1,True,0.7109,1.9335,>.80,1.5-2x
METIS/USDT,2024-10-27,LONG,0.6942,39.24,44.77,3,True,14.0928,0.3946,.60-.70,
METIS/USDT,2024-10-28,LONG,0.9406,40.33,44.77,2,True,11.0092,0.431,>.80,
METIS/USDT,2024-10-29,LONG,0.6845,45.6,44.77,1,True,-1.8202,1.9439,.60-.70,1.5-2x
METIS/USDT,2024-11-02,LONG,0.6467,38.53,45.03,5,False,16.87,0.8224,.60-.70,
METIS/USDT,2024-11-03,LONG,0.732,36.82,46.45,5,False,26.1543,0.6999,.70-.80,
METIS/USDT,2024-11-04,LONG,0.666,35.79,49.95,5,False,39.5641,0.5009,.60-.70,
METIS/USDT,2024-11-05,LONG,0.6393,37.19,51.11,5,False,37.4294,0.6888,.60-.70,
METIS/USDT,2024-11-06,LONG,0.7699,44.18,52.41,5,False,18.6283,2.6298,.70-.80,2-3x
METIS/USDT,2024-11-07,LONG,0.5602,45.03,52.41,4,True,16.3891,0.2721,.55-.60,
METIS/USDT,2024-11-08,LONG,0.6893,46.45,52.41,3,True,12.831,0.4481,.60-.70,
METIS/USDT,2024-11-09,LONG,0.8198,49.95,52.41,2,True,4.9249,1.0497,>.80,1-1.5x
METIS/USDT,2024-11-12,LONG,0.8815,50.3,43.25,3,True,-14.0159,0.576,>.80,
METIS/USDT,2024-11-13,LONG,0.8294,46.12,43.25,2,True,-6.2229,1.1399,>.80,1-1.5x
METIS/USDT,2024-11-14,LONG,0.8983,42.56,43.25,1,True,1.6212,1.1221,>.80,1-1.5x
METIS/USDT,2024-11-22,LONG,0.8665,50.23,57.34,3,True,14.1549,0.4598,>.80,
METIS/USDT,2024-11-23,LONG,0.6492,58.75,57.34,2,True,-2.4,2.1331,.60-.70,2-3x
METIS/USDT,2024-11-26,LONG,0.9019,52.26,58.32,2,True,11.5959,1.2071,>.80,1-1.5x
METIS/USDT,2024-11-27,LONG,0.6761,61.21,58.32,1,True,-4.7215,2.0961,.60-.70,2-3x
METIS/USDT,2024-11-29,LONG,0.8721,56.92,61.13,2,True,7.3963,0.2925,>.80,
METIS/USDT,2024-11-30,LONG,0.6708,63.24,61.13,1,True,-3.3365,1.3043,.60-.70,1-1.5x
METIS/USDT,2024-12-04,LONG,0.5561,66.51,67.41,2,True,1.3532,0.059,.55-.60,
METIS/USDT,2024-12-05,LONG,0.7936,63.91,67.41,1,True,5.4765,0.4845,.70-.80,
METIS/USDT,2024-12-12,LONG,0.6716,57.14,55.98,1,True,-2.0301,0.3513,.60-.70,
METIS/USDT,2024-12-16,LONG,0.5858,57.24,49.26,2,True,-13.9413,0.2823,.55-.60,
METIS/USDT,2024-12-17,LONG,0.5636,54.34,49.26,1,True,-9.3485,0.7481,.55-.60,
METIS/USDT,2024-12-20,LONG,0.8073,45.71,43.57,1,True,-4.6817,0.9074,>.80,
METIS/USDT,2024-12-22,LONG,0.7646,42.65,46.09,1,True,8.0657,0.2936,.70-.80,
METIS/USDT,2024-12-24,LONG,0.5642,47.5,46.67,1,True,-1.7474,0.4178,.55-.60,
METIS/USDT,2024-12-26,LONG,0.594,43.73,45.06,1,True,3.0414,0.8751,.55-.60,
METIS/USDT,2024-12-29,LONG,0.5859,43.83,42.35,2,True,-3.3767,0.7483,.55-.60,
METIS/USDT,2025-01-03,LONG,0.6182,47.69,48.09,1,True,0.8388,1.3892,.60-.70,1-1.5x
METIS/USDT,2025-01-06,LONG,0.5922,48.22,39.58,2,True,-17.9179,0.0815,.55-.60,
METIS/USDT,2025-01-11,LONG,0.5816,36.34,35.43,3,True,-2.5041,0.716,.55-.60,
METIS/USDT,2025-01-18,LONG,0.7898,39.59,35.08,3,True,-11.3918,1.1212,.70-.80,1-1.5x
METIS/USDT,2025-01-19,LONG,0.5983,36.8,35.08,2,True,-4.6739,1.1854,.55-.60,1-1.5x
METIS/USDT,2025-01-20,LONG,0.7476,35.76,35.08,1,True,-1.9016,0.4757,.70-.80,
METIS/USDT,2025-01-24,LONG,0.8082,33.98,32.7,3,True,-3.7669,0.3317,>.80,
METIS/USDT,2025-01-26,LONG,0.8111,34.28,32.7,1,True,-4.6091,0.2497,>.80,
METIS/USDT,2025-01-28,LONG,0.6871,30.81,31.68,1,True,2.8238,1.1498,.60-.70,1-1.5x
METIS/USDT,2025-01-31,LONG,0.7309,36.48,32.79,1,True,-10.1151,1.3059,.70-.80,1-1.5x
METIS/USDT,2025-02-03,LONG,0.8927,27.04,22.25,3,True,-17.7145,0.0683,>.80,
METIS/USDT,2025-02-04,LONG,0.5777,24.59,22.25,2,True,-9.5161,1.331,.55-.60,1-1.5x
METIS/USDT,2025-02-05,LONG,0.7998,23.49,22.25,1,True,-5.2788,0.6555,.70-.80,
METIS/USDT,2025-02-11,LONG,0.6176,22.55,22.81,4,True,1.153,0.4284,.60-.70,
METIS/USDT,2025-02-13,LONG,0.6058,23.17,22.81,2,True,-1.5537,0.5459,.60-.70,
METIS/USDT,2025-02-14,LONG,0.6298,23.52,22.81,1,True,-3.0187,0.2481,.60-.70,
METIS/USDT,2025-02-18,LONG,0.6178,22.55,25.47,3,True,12.949,0.779,.60-.70,
METIS/USDT,2025-02-19,LONG,0.5543,23.33,25.47,2,True,9.1727,0.5879,.55-.60,
METIS/USDT,2025-02-23,LONG,0.6545,25.95,26.37,1,True,1.6185,0.0327,.60-.70,
METIS/USDT,2025-02-27,LONG,0.7086,23.32,24.64,3,True,5.6604,0.4548,.70-.80,
METIS/USDT,2025-03-03,LONG,0.7115,20.83,20.46,2,True,-1.7763,2.5316,.70-.80,2-3x
METIS/USDT,2025-03-04,LONG,0.5987,20.14,20.46,1,True,1.5889,0.5573,.55-.60,
METIS/USDT,2025-03-06,LONG,0.7485,20.13,19.46,1,True,-3.3284,0.2725,.70-.80,
METIS/USDT,2025-03-08,LONG,0.5511,19.23,17.11,1,True,-11.0244,0.1995,.55-.60,
METIS/USDT,2025-03-11,LONG,0.6495,16.38,16.33,2,True,-0.3053,0.9344,.60-.70,
METIS/USDT,2025-03-12,LONG,0.6614,16.77,16.33,1,True,-2.6237,0.406,.60-.70,
METIS/USDT,2025-03-14,LONG,0.7046,16.73,17.47,1,True,4.4232,0.4165,.70-.80,
METIS/USDT,2025-03-17,LONG,0.6132,17.64,18.2,2,True,3.1746,0.7959,.60-.70,
METIS/USDT,2025-03-18,LONG,0.8116,17.36,18.2,1,True,4.8387,0.263,>.80,
METIS/USDT,2025-03-21,LONG,0.9073,17.63,18.45,2,True,4.6512,0.1905,>.80,
METIS/USDT,2025-03-22,LONG,0.8177,17.94,18.45,1,True,2.8428,0.3144,>.80,
METIS/USDT,2025-03-26,LONG,0.8145,18.44,15.08,3,True,-18.2213,0.2026,>.80,
METIS/USDT,2025-03-28,LONG,0.8362,16.26,15.08,1,True,-7.2571,2.317,>.80,2-3x
METIS/USDT,2025-03-31,LONG,0.8945,15.34,15.81,1,True,3.0639,0.0639,>.80,
METIS/USDT,2025-04-05,LONG,0.6595,14.81,13.12,1,True,-11.4112,0.2327,.60-.70,
RON/USDT,2024-08-31,LONG,0.5926,1.66,1.521,1,True,-8.3735,0.8095,.55-.60,
RON/USDT,2024-09-03,LONG,0.6944,1.498,1.511,1,True,0.8678,1.5371,.60-.70,1.5-2x
RON/USDT,2024-09-05,LONG,0.8892,1.474,1.406,1,True,-4.6133,0.6384,>.80,
RON/USDT,2024-09-07,LONG,0.8567,1.443,1.542,5,False,6.8607,0.6639,>.80,
RON/USDT,2024-09-08,LONG,0.9192,1.461,1.542,4,True,5.5441,0.3194,>.80,
RON/USDT,2024-09-09,LONG,0.5804,1.515,1.542,3,True,1.7822,0.9244,.55-.60,
RON/USDT,2024-09-10,LONG,0.5953,1.531,1.542,2,True,0.7185,0.2652,.55-.60,
RON/USDT,2024-09-11,LONG,0.7804,1.499,1.542,1,True,2.8686,0.5227,.70-.80,
RON/USDT,2024-09-13,LONG,0.5733,1.588,1.469,2,True,-7.4937,0.7796,.55-.60,
RON/USDT,2024-09-14,LONG,0.6255,1.525,1.469,1,True,-3.6721,1.0195,.60-.70,1-1.5x
RON/USDT,2024-09-17,LONG,0.5512,1.479,1.507,1,True,1.8932,0.4995,.55-.60,
RON/USDT,2024-09-20,LONG,0.6238,1.627,1.651,1,True,1.4751,0.5966,.60-.70,
RON/USDT,2024-09-22,LONG,0.7089,1.62,1.8,2,True,11.1111,0.5989,.70-.80,
RON/USDT,2024-09-23,LONG,0.6637,1.741,1.8,1,True,3.3889,2.3304,.60-.70,2-3x
RON/USDT,2024-09-26,LONG,0.6883,1.896,1.782,4,True,-6.0127,1.4644,.60-.70,1-1.5x
RON/USDT,2024-09-27,LONG,0.6627,1.91,1.782,3,True,-6.7016,0.2526,.60-.70,
RON/USDT,2024-10-01,LONG,0.7619,1.657,1.609,1,True,-2.8968,1.8262,.70-.80,1.5-2x
RON/USDT,2024-10-06,LONG,0.6483,1.65,1.507,3,True,-8.6667,0.1486,.60-.70,
RON/USDT,2024-10-07,LONG,0.925,1.604,1.507,2,True,-6.0474,0.7417,>.80,
RON/USDT,2024-10-08,LONG,0.6105,1.579,1.507,1,True,-4.5598,0.4135,.60-.70,
RON/USDT,2024-10-11,LONG,0.6616,1.542,1.595,2,True,3.4371,1.1378,.60-.70,1-1.5x
RON/USDT,2024-10-12,LONG,0.7628,1.604,1.595,1,True,-0.5611,1.0304,.70-.80,1-1.5x
RON/USDT,2024-10-14,LONG,0.5843,1.658,1.558,3,True,-6.0314,1.122,.55-.60,1-1.5x
RON/USDT,2024-10-15,LONG,0.7834,1.602,1.558,2,True,-2.7466,0.9467,.70-.80,
RON/USDT,2024-10-16,LONG,0.7019,1.556,1.558,1,True,0.1285,0.842,.70-.80,
RON/USDT,2024-10-18,LONG,0.7345,1.587,1.63,1,True,2.7095,0.5388,.70-.80,
RON/USDT,2024-10-21,LONG,0.8308,1.652,1.701,1,True,2.9661,0.8711,>.80,
RON/USDT,2024-10-23,LONG,0.6873,1.605,1.488,2,True,-7.2897,1.7394,.60-.70,1.5-2x
RON/USDT,2024-10-24,LONG,0.8042,1.537,1.488,1,True,-3.188,1.314,>.80,1-1.5x
RON/USDT,2024-10-29,LONG,0.5763,1.567,1.461,2,True,-6.7645,0.9998,.55-.60,
RON/USDT,2024-10-30,LONG,0.5828,1.575,1.461,1,True,-7.2381,0.1637,.55-.60,
RON/USDT,2024-11-05,LONG,0.8025,1.297,1.555,4,True,19.8921,0.8422,>.80,
RON/USDT,2024-11-06,LONG,0.6703,1.398,1.555,3,True,11.2303,1.9966,.60-.70,1.5-2x
RON/USDT,2024-11-07,LONG,0.6418,1.449,1.555,2,True,7.3154,0.9175,.60-.70,
RON/USDT,2024-11-08,LONG,0.744,1.427,1.555,1,True,8.9699,0.3878,.70-.80,
RON/USDT,2024-11-10,LONG,0.8326,1.56,1.617,1,True,3.6538,0.0744,>.80,
RON/USDT,2024-11-12,LONG,0.7825,1.522,1.455,1,True,-4.4021,1.3455,.70-.80,1-1.5x
RON/USDT,2024-11-14,LONG,0.9871,1.358,1.433,1,True,5.5228,1.4602,>.80,1-1.5x
RON/USDT,2024-11-18,LONG,0.6078,1.485,1.344,2,True,-9.4949,0.7324,.60-.70,
RON/USDT,2024-11-19,LONG,0.9643,1.414,1.344,1,True,-4.9505,0.9275,>.80,
RON/USDT,2024-11-21,LONG,0.8212,1.416,1.454,1,True,2.6836,1.0623,>.80,1-1.5x
RON/USDT,2024-11-25,LONG,0.9963,1.714,1.853,2,True,8.1097,0.6128,>.80,
RON/USDT,2024-11-26,LONG,0.9586,1.669,1.853,1,True,11.0246,0.4424,>.80,
RON/USDT,2024-11-28,LONG,0.9439,1.902,2.254,3,True,18.5068,0.4206,>.80,
RON/USDT,2024-11-29,LONG,0.7802,2.023,2.254,2,True,11.4187,1.0339,.70-.80,1-1.5x
RON/USDT,2024-11-30,LONG,0.5614,2.2,2.254,1,True,2.4545,1.3771,.55-.60,1-1.5x
RON/USDT,2024-12-04,LONG,0.5701,2.295,1.979,5,False,-13.7691,0.7361,.55-.60,
RON/USDT,2024-12-05,LONG,0.6022,2.188,1.96,5,False,-10.4205,0.8027,.60-.70,
RON/USDT,2024-12-07,LONG,0.5919,2.292,2.171,4,True,-5.2792,0.3033,.55-.60,
RON/USDT,2024-12-08,LONG,0.7257,2.328,2.171,3,True,-6.744,0.2779,.70-.80,
RON/USDT,2024-12-14,LONG,0.6758,2.135,2.181,1,True,2.1546,0.2914,.60-.70,
RON/USDT,2024-12-18,LONG,0.8005,2.194,1.899,3,True,-13.4458,1.2037,>.80,1-1.5x
RON/USDT,2024-12-19,LONG,0.9306,1.864,1.899,2,True,1.8777,2.279,>.80,2-3x
RON/USDT,2024-12-20,LONG,0.6568,2.031,1.899,1,True,-6.4993,1.3544,.60-.70,1-1.5x
RON/USDT,2024-12-22,LONG,0.9129,1.841,1.984,1,True,7.7675,0.4524,>.80,
RON/USDT,2024-12-29,LONG,0.5854,1.893,2.022,5,False,6.8146,0.4157,.55-.60,
RON/USDT,2024-12-30,LONG,0.5596,1.866,2.025,5,False,8.5209,0.2396,.55-.60,
RON/USDT,2025-01-07,LONG,0.6161,1.856,1.897,3,True,2.2091,1.5847,.60-.70,1.5-2x
RON/USDT,2025-01-14,LONG,0.5696,1.858,1.663,5,False,-10.4952,0.8209,.55-.60,
RON/USDT,2025-01-24,LONG,0.7238,1.629,1.614,1,True,-0.9208,0.8485,.70-.80,
RON/USDT,2025-01-26,LONG,0.6732,1.602,1.524,1,True,-4.8689,0.2226,.60-.70,
RON/USDT,2025-01-29,LONG,0.6451,1.462,1.505,2,True,2.9412,0.2428,.60-.70,
RON/USDT,2025-02-03,LONG,0.7677,1.171,1.031,1,True,-11.9556,0.8085,.70-.80,
RON/USDT,2025-02-06,LONG,0.9385,1.029,1.04,1,True,1.069,0.1461,>.80,
RON/USDT,2025-02-10,LONG,0.5655,1.157,1.253,2,True,8.2973,1.2989,.55-.60,1-1.5x
RON/USDT,2025-02-11,LONG,0.8153,1.15,1.253,1,True,8.9565,0.1217,>.80,
RON/USDT,2025-02-13,LONG,0.8527,1.224,1.265,1,True,3.3497,0.422,>.80,
RON/USDT,2025-02-15,LONG,0.9066,1.255,1.273,1,True,1.4343,0.1417,>.80,
RON/USDT,2025-02-19,LONG,0.7351,1.236,1.257,1,True,1.699,0.0595,.70-.80,
RON/USDT,2025-02-21,LONG,0.6169,1.186,1.226,1,True,3.3727,1.0586,.60-.70,1-1.5x
RON/USDT,2025-02-26,LONG,0.5655,0.975,0.957,2,True,-1.8462,1.2056,.55-.60,1-1.5x
RON/USDT,2025-02-27,LONG,0.8283,0.985,0.957,1,True,-2.8426,0.2167,>.80,
RON/USDT,2025-03-01,LONG,0.8112,0.96,1.042,1,True,8.5417,0.0684,>.80,
RON/USDT,2025-03-06,LONG,0.6557,0.9163,0.8934,1,True,-2.4992,0.6616,.60-.70,
RON/USDT,2025-03-11,LONG,0.839,0.7293,0.8137,1,True,11.5727,0.6079,>.80,
RON/USDT,2025-03-14,LONG,0.9247,0.8372,0.8008,3,True,-4.3478,0.4255,>.80,
RON/USDT,2025-03-15,LONG,0.9225,0.8096,0.8008,2,True,-1.087,0.5144,>.80,
RON/USDT,2025-03-16,LONG,0.8049,0.7682,0.8008,1,True,4.2437,0.8507,>.80,
RON/USDT,2025-03-18,LONG,0.8726,0.7885,0.8033,1,True,1.877,0.2541,>.80,
RON/USDT,2025-03-21,LONG,0.7006,0.7689,0.7819,1,True,1.6907,0.1,.70-.80,
RON/USDT,2025-03-23,LONG,0.5662,0.794,0.7359,5,False,-7.3174,0.3039,.55-.60,
RON/USDT,2025-03-24,LONG,0.5743,0.8087,0.7359,4,True,-9.0021,0.3615,.55-.60,
RON/USDT,2025-03-26,LONG,0.6947,0.783,0.7359,2,True,-6.0153,0.7098,.60-.70,
RON/USDT,2025-03-27,LONG,0.5616,0.7798,0.7359,1,True,-5.6296,0.0815,.55-.60,
RON/USDT,2025-03-29,LONG,0.7031,0.7113,0.6943,2,True,-2.39,0.7269,.70-.80,
RON/USDT,2025-04-02,LONG,0.5975,0.6664,0.6647,2,True,-0.2551,2.4018,.55-.60,2-3x
RON/USDT,2025-04-03,LONG,0.8784,0.6669,0.6647,1,True,-0.3299,0.0228,>.80,
PIXEL/USDT,2024-10-27,LONG,0.756,0.1513,0.1485,1,True,-1.8506,0.3223,.70-.80,
PIXEL/USDT,2024-11-01,LONG,0.9716,0.1605,0.1525,1,True,-4.9844,0.3895,>.80,
PIXEL/USDT,2024-11-03,LONG,0.9645,0.141,0.1665,3,True,18.0851,0.8597,>.80,
PIXEL/USDT,2024-11-04,LONG,0.8728,0.1372,0.1665,2,True,21.3557,0.3101,>.80,
PIXEL/USDT,2024-11-05,LONG,0.6358,0.1448,0.1665,1,True,14.9862,0.648,.60-.70,
PIXEL/USDT,2024-11-08,LONG,0.6142,0.1641,0.2013,2,True,22.6691,0.1917,.60-.70,
PIXEL/USDT,2024-11-09,LONG,0.6602,0.1875,0.2013,1,True,7.36,1.5019,.60-.70,1.5-2x
PIXEL/USDT,2024-11-11,LONG,0.7272,0.214,0.1932,4,True,-9.7196,0.7242,.70-.80,
PIXEL/USDT,2024-11-12,LONG,0.7729,0.194,0.1932,3,True,-0.4124,1.0534,.70-.80,1-1.5x
PIXEL/USDT,2024-11-13,LONG,0.6541,0.1867,0.1932,2,True,3.4815,0.4215,.60-.70,
PIXEL/USDT,2024-11-14,LONG,0.8917,0.1879,0.1932,1,True,2.8206,0.0749,>.80,
PIXEL/USDT,2024-11-22,LONG,0.7418,0.1997,0.2311,3,True,15.7236,0.3166,.70-.80,
PIXEL/USDT,2024-11-23,LONG,0.5742,0.2138,0.2311,2,True,8.0917,0.9561,.55-.60,
PIXEL/USDT,2024-11-24,LONG,0.7022,0.2531,0.2311,1,True,-8.6922,2.2706,.70-.80,2-3x
PIXEL/USDT,2024-11-28,LONG,0.7864,0.2402,0.2463,1,True,2.5396,0.0448,.70-.80,
PIXEL/USDT,2024-12-01,LONG,0.6295,0.2588,0.2738,2,True,5.796,0.1567,.60-.70,
PIXEL/USDT,2024-12-04,LONG,0.5527,0.2785,0.2873,3,True,3.1598,0.2382,.55-.60,
PIXEL/USDT,2024-12-05,LONG,0.6917,0.275,0.2873,2,True,4.4727,0.1734,.60-.70,
PIXEL/USDT,2024-12-06,LONG,0.7494,0.2892,0.2873,1,True,-0.657,0.7471,.70-.80,
PIXEL/USDT,2024-12-11,LONG,0.5593,0.2414,0.2375,2,True,-1.6156,1.213,.55-.60,1-1.5x
PIXEL/USDT,2024-12-15,LONG,0.6071,0.2299,0.1886,3,True,-17.9643,0.4005,.60-.70,
PIXEL/USDT,2024-12-16,LONG,0.5631,0.2256,0.1886,2,True,-16.4007,0.2966,.55-.60,
PIXEL/USDT,2024-12-17,LONG,0.56,0.209,0.1886,1,True,-9.7608,1.2127,.55-.60,1-1.5x
PIXEL/USDT,2024-12-20,LONG,0.7689,0.1707,0.1562,2,True,-8.4944,0.3751,.70-.80,
PIXEL/USDT,2024-12-23,LONG,0.8364,0.1693,0.1719,1,True,1.5357,1.1931,>.80,1-1.5x
PIXEL/USDT,2024-12-25,LONG,0.6258,0.166,0.1595,2,True,-3.9157,0.4884,.60-.70,
PIXEL/USDT,2024-12-28,LONG,0.5665,0.166,0.1545,3,True,-6.9277,0.5711,.55-.60,
PIXEL/USDT,2024-12-29,LONG,0.6567,0.1585,0.1545,2,True,-2.5237,0.7921,.60-.70,
PIXEL/USDT,2024-12-30,LONG,0.6035,0.1575,0.1545,1,True,-1.9048,0.1106,.60-.70,
PIXEL/USDT,2025-01-03,LONG,0.6244,0.1779,0.176,1,True,-1.068,0.699,.60-.70,
PIXEL/USDT,2025-01-06,LONG,0.641,0.1768,0.1438,4,True,-18.6652,0.0637,.60-.70,
PIXEL/USDT,2025-01-08,LONG,0.5534,0.1464,0.1438,2,True,-1.776,1.1226,.55-.60,1-1.5x
PIXEL/USDT,2025-01-13,LONG,0.6825,0.1312,0.1384,1,True,5.4878,1.2111,.60-.70,1-1.5x
PIXEL/USDT,2025-01-15,LONG,0.6356,0.147,0.1538,2,True,4.6259,1.2938,.60-.70,1-1.5x
PIXEL/USDT,2025-01-16,LONG,0.5696,0.1422,0.1538,1,True,8.1575,0.6824,.55-.60,
PIXEL/USDT,2025-01-19,LONG,0.7786,0.1246,0.1243,1,True,-0.2408,1.9534,.70-.80,1.5-2x
PIXEL/USDT,2025-01-21,LONG,0.8726,0.1281,0.124,1,True,-3.2006,0.539,>.80,
PIXEL/USDT,2025-01-25,LONG,0.6688,0.1168,0.1134,1,True,-2.911,0.0157,.60-.70,
PIXEL/USDT,2025-01-29,LONG,0.5983,0.1,0.106,1,True,6.0,0.6821,.55-.60,
PIXEL/USDT,2025-01-31,LONG,0.6595,0.1076,0.0966,1,True,-10.223,0.2581,.60-.70,
PIXEL/USDT,2025-02-03,LONG,0.7316,0.0779,0.0686,2,True,-11.9384,0.0907,.70-.80,
PIXEL/USDT,2025-02-11,LONG,0.6668,0.0653,0.0666,4,True,1.9908,0.4446,.60-.70,
PIXEL/USDT,2025-02-13,LONG,0.7013,0.0691,0.0666,2,True,-3.6179,0.521,.70-.80,
PIXEL/USDT,2025-02-14,LONG,0.6283,0.0707,0.0666,1,True,-5.7992,0.3299,.60-.70,
PIXEL/USDT,2025-02-16,LONG,0.598,0.0658,0.0636,1,True,-3.3435,0.17,.55-.60,
PIXEL/USDT,2025-02-19,LONG,0.5579,0.06,0.06371,1,True,6.1833,0.2695,.55-.60,
PIXEL/USDT,2025-02-21,LONG,0.714,0.06211,0.05235,3,True,-15.7141,0.4008,.70-.80,
PIXEL/USDT,2025-02-23,LONG,0.7948,0.06321,0.05235,1,True,-17.1808,0.6796,.70-.80,
PIXEL/USDT,2025-02-28,LONG,0.8641,0.0555,0.05889,2,True,6.1081,0.101,>.80,
PIXEL/USDT,2025-03-01,LONG,0.9263,0.0539,0.05889,1,True,9.2579,0.5032,>.80,
PIXEL/USDT,2025-03-05,LONG,0.8288,0.04777,0.047,1,True,-1.6119,0.4757,>.80,
PIXEL/USDT,2025-03-07,LONG,0.6289,0.04615,0.03879,2,True,-15.948,0.2685,.60-.70,
PIXEL/USDT,2025-03-11,LONG,0.7024,0.0375,0.03794,2,True,1.1733,0.4316,.70-.80,
PIXEL/USDT,2025-03-12,LONG,0.674,0.03894,0.03794,1,True,-2.5681,0.5376,.60-.70,
PIXEL/USDT,2025-03-14,LONG,0.7147,0.03923,0.03754,2,True,-4.3079,0.4828,.70-.80,
PIXEL/USDT,2025-03-15,LONG,0.6443,0.0404,0.03754,1,True,-7.0792,0.4182,.60-.70,
PIXEL/USDT,2025-03-17,LONG,0.7029,0.04081,0.03855,1,True,-5.5379,1.3077,.70-.80,1-1.5x
PIXEL/USDT,2025-03-20,LONG,0.8262,0.03714,0.04035,5,False,8.643,0.795,>.80,
PIXEL/USDT,2025-03-22,LONG,0.824,0.03774,0.04035,3,True,6.9157,0.4747,>.80,
PIXEL/USDT,2025-03-23,LONG,0.8806,0.03849,0.04035,2,True,4.8324,0.3863,>.80,
PIXEL/USDT,2025-03-24,LONG,0.8434,0.03957,0.04035,1,True,1.9712,0.5449,>.80,
PIXEL/USDT,2025-03-26,LONG,0.673,0.03885,0.02942,5,False,-24.2728,0.7222,.60-.70,
PIXEL/USDT,2025-03-27,LONG,0.8203,0.03858,0.02955,5,False,-23.4059,0.1352,>.80,
PIXEL/USDT,2025-03-28,LONG,0.8015,0.03403,0.02548,5,False,-25.1249,2.0708,>.80,2-3x
PIXEL/USDT,2025-03-30,LONG,0.6619,0.03209,0.02548,3,True,-20.5983,0.5725,.60-.70,
PIXEL/USDT,2025-03-31,LONG,0.6363,0.02942,0.02548,2,True,-13.3923,1.5676,.60-.70,1.5-2x
ZETA/USDT,2024-08-28,LONG,0.605,0.4822,0.4913,2,True,1.8872,0.256,.60-.70,
ZETA/USDT,2024-08-29,LONG,0.7315,0.4942,0.4913,1,True,-0.5868,0.2364,.70-.80,
ZETA/USDT,2024-09-04,LONG,0.6359,0.4458,0.4343,1,True,-2.5796,0.8808,.60-.70,
ZETA/USDT,2024-09-07,LONG,0.6443,0.4485,0.4597,1,True,2.4972,1.0797,.60-.70,1-1.5x
ZETA/USDT,2024-09-20,LONG,0.8155,0.6224,0.6294,2,True,1.1247,0.9149,>.80,
ZETA/USDT,2024-09-21,LONG,0.997,0.6035,0.6294,1,True,4.2916,0.3154,>.80,
ZETA/USDT,2024-09-25,LONG,0.5649,0.6408,0.7032,1,True,9.7378,0.6324,.55-.60,
ZETA/USDT,2024-09-29,LONG,0.8314,0.7178,0.6468,1,True,-9.8913,0.3678,>.80,
ZETA/USDT,2024-10-02,LONG,0.6574,0.5743,0.5901,5,False,2.7512,0.3394,.60-.70,
ZETA/USDT,2024-10-03,LONG,0.6273,0.5432,0.5717,5,False,5.2467,0.5277,.60-.70,
ZETA/USDT,2024-10-04,LONG,0.8321,0.5891,0.5717,4,True,-2.9537,0.8157,>.80,
ZETA/USDT,2024-10-05,LONG,0.5678,0.5985,0.5717,3,True,-4.4779,0.1595,.55-.60,
ZETA/USDT,2024-10-07,LONG,0.8289,0.5901,0.5717,1,True,-3.1181,0.3072,>.80,
ZETA/USDT,2024-10-14,LONG,0.5996,0.6265,0.6527,1,True,4.182,0.9373,.55-.60,
ZETA/USDT,2024-10-16,LONG,0.5568,0.613,0.6012,1,True,-1.925,1.2027,.55-.60,1-1.5x
ZETA/USDT,2024-10-19,LONG,0.6358,0.6797,0.6933,5,False,2.0009,1.5138,.60-.70,1.5-2x
ZETA/USDT,2024-10-20,LONG,0.5516,0.6699,0.6933,4,True,3.4931,0.2945,.55-.60,
ZETA/USDT,2024-10-25,LONG,0.6807,0.633,0.6315,1,True,-0.237,1.9075,.60-.70,1.5-2x
ZETA/USDT,2024-10-30,LONG,0.5547,0.6816,0.6886,1,True,1.027,0.6076,.55-.60,
ZETA/USDT,2024-11-04,LONG,0.5982,0.5543,0.7708,5,False,39.0583,1.4364,.55-.60,1-1.5x
ZETA/USDT,2024-11-06,LONG,0.5796,0.6736,0.8389,5,False,24.5398,2.9107,.55-.60,2-3x
ZETA/USDT,2024-11-07,LONG,0.5993,0.7189,0.8389,4,True,16.6922,1.0572,.55-.60,1-1.5x
ZETA/USDT,2024-11-08,LONG,0.5553,0.7176,0.8389,3,True,16.9036,0.0295,.55-.60,
ZETA/USDT,2024-11-09,LONG,0.6407,0.7708,0.8389,2,True,8.835,1.1767,.60-.70,1-1.5x
ZETA/USDT,2024-11-10,LONG,0.6744,0.7972,0.8389,1,True,5.2308,0.5433,.60-.70,
ZETA/USDT,2024-11-12,LONG,0.6149,0.7618,0.7372,3,True,-3.2292,1.3711,.60-.70,1-1.5x
ZETA/USDT,2024-11-13,LONG,0.5544,0.707,0.7372,2,True,4.2716,1.0462,.55-.60,1-1.5x
ZETA/USDT,2024-11-14,LONG,0.8444,0.6511,0.7372,1,True,13.2238,1.1587,>.80,1-1.5x
ZETA/USDT,2024-11-17,LONG,0.7963,0.7032,0.7342,1,True,4.4084,0.9784,.70-.80,
ZETA/USDT,2024-11-21,LONG,0.5539,0.6731,0.7316,5,False,8.6911,0.8205,.55-.60,
ZETA/USDT,2024-11-22,LONG,0.6807,0.6794,0.7957,5,False,17.118,0.1192,.60-.70,
ZETA/USDT,2024-11-23,LONG,0.695,0.7131,0.7957,4,True,11.5832,0.6392,.60-.70,
ZETA/USDT,2024-11-25,LONG,0.652,0.7469,0.7957,2,True,6.5337,0.5341,.60-.70,
ZETA/USDT,2024-11-26,LONG,0.7374,0.7316,0.7957,1,True,8.7616,0.3166,.70-.80,
ZETA/USDT,2024-11-30,LONG,0.7001,0.854,0.9024,3,True,5.6674,0.6873,.70-.80,
ZETA/USDT,2024-12-01,LONG,0.6569,0.882,0.9024,2,True,2.3129,0.5109,.60-.70,
ZETA/USDT,2024-12-02,LONG,0.5756,0.8567,0.9024,1,True,5.3344,0.4731,.55-.60,
ZETA/USDT,2024-12-05,LONG,0.6434,0.8644,0.9188,1,True,6.2934,0.7734,.60-.70,
ZETA/USDT,2024-12-11,LONG,0.5792,0.7427,0.7103,3,True,-4.3625,1.2857,.55-.60,1-1.5x
ZETA/USDT,2024-12-12,LONG,0.7635,0.7481,0.7103,2,True,-5.0528,0.1091,.70-.80,
ZETA/USDT,2024-12-15,LONG,0.5887,0.7348,0.7198,1,True,-2.0414,0.5128,.55-.60,
ZETA/USDT,2024-12-20,LONG,0.877,0.599,0.5758,1,True,-3.8731,0.8355,>.80,
ZETA/USDT,2024-12-22,LONG,0.7673,0.5731,0.6012,1,True,4.9032,0.0677,.70-.80,
ZETA/USDT,2024-12-25,LONG,0.6611,0.6175,0.5739,2,True,-7.0607,0.1555,.60-.70,
ZETA/USDT,2024-12-28,LONG,0.6376,0.5983,0.5463,3,True,-8.6913,0.6091,.60-.70,
ZETA/USDT,2024-12-29,LONG,0.6157,0.5744,0.5463,2,True,-4.8921,0.7866,.60-.70,
ZETA/USDT,2025-01-03,LONG,0.6012,0.6039,0.599,1,True,-0.8114,1.002,.60-.70,1-1.5x
ZETA/USDT,2025-01-06,LONG,0.5697,0.6151,0.5418,4,True,-11.9168,0.5112,.55-.60,
ZETA/USDT,2025-01-07,LONG,0.597,0.5617,0.5418,3,True,-3.5428,2.0156,.55-.60,2-3x
ZETA/USDT,2025-01-13,LONG,0.7184,0.5019,0.5212,5,False,3.8454,1.2592,.70-.80,1-1.5x
ZETA/USDT,2025-01-15,LONG,0.5656,0.5475,0.5212,3,True,-4.8037,1.5477,.55-.60,1.5-2x
ZETA/USDT,2025-01-24,LONG,0.6359,0.4536,0.4336,3,True,-4.4092,0.8129,.60-.70,
ZETA/USDT,2025-01-25,LONG,0.6805,0.4654,0.4336,2,True,-6.8328,0.6554,.60-.70,
ZETA/USDT,2025-01-26,LONG,0.7379,0.4542,0.4336,1,True,-4.5354,0.6189,.70-.80,
ZETA/USDT,2025-01-28,LONG,0.6191,0.4042,0.3974,4,True,-1.6823,1.8105,.60-.70,1.5-2x
ZETA/USDT,2025-01-29,LONG,0.5899,0.4201,0.3974,3,True,-5.4035,1.0023,.55-.60,1-1.5x
ZETA/USDT,2025-01-31,LONG,0.6056,0.4421,0.3974,1,True,-10.1108,0.2594,.60-.70,
ZETA/USDT,2025-02-03,LONG,0.8903,0.344,0.3005,2,True,-12.6453,0.1618,>.80,
ZETA/USDT,2025-02-06,LONG,0.988,0.2838,0.2893,1,True,1.938,1.1574,>.80,1-1.5x
ZETA/USDT,2025-02-11,LONG,0.7127,0.3051,0.3177,4,True,4.1298,0.36,.70-.80,
ZETA/USDT,2025-02-13,LONG,0.6682,0.3181,0.3177,2,True,-0.1257,0.2355,.60-.70,
ZETA/USDT,2025-02-14,LONG,0.691,0.3268,0.3177,1,True,-2.7846,0.4938,.60-.70,
ZETA/USDT,2025-02-20,LONG,0.623,0.3166,0.3062,1,True,-3.2849,0.7499,.60-.70,
ZETA/USDT,2025-02-23,LONG,0.6874,0.3314,0.2859,2,True,-13.7296,1.2962,.60-.70,1-1.5x
ZETA/USDT,2025-02-24,LONG,0.5874,0.2808,0.2859,1,True,1.8162,3.0488,.55-.60,3-5x
ZETA/USDT,2025-02-28,LONG,0.6328,0.2979,0.257,3,True,-13.7294,0.0817,.60-.70,
ZETA/USDT,2025-03-01,LONG,0.698,0.2933,0.257,2,True,-12.3764,0.3397,.60-.70,
ZETA/USDT,2025-03-04,LONG,0.6036,0.243,0.2462,2,True,1.3169,0.8948,.60-.70,
ZETA/USDT,2025-03-11,LONG,0.7182,0.2051,0.2153,1,True,4.9732,0.4112,.70-.80,
ZETA/USDT,2025-03-14,LONG,0.6669,0.2104,0.2056,2,True,-2.2814,0.176,.60-.70,
ZETA/USDT,2025-03-15,LONG,0.576,0.2186,0.2056,1,True,-5.9469,0.5765,.55-.60,
ZETA/USDT,2025-03-17,LONG,0.6663,0.2201,0.2116,1,True,-3.8619,1.1155,.60-.70,1-1.5x
ZETA/USDT,2025-03-20,LONG,0.6835,0.2135,0.2182,1,True,2.2014,0.6958,.60-.70,
ZETA/USDT,2025-03-22,LONG,0.9955,0.3778,0.3611,4,True,-4.4203,4.093,>.80,3-5x
ZETA/USDT,2025-03-23,LONG,0.9865,0.2912,0.3611,3,True,24.0041,1.2583,>.80,1-1.5x
ZETA/USDT,2025-03-24,LONG,0.7663,0.3202,0.3611,2,True,12.7733,0.5466,.70-.80,
ZETA/USDT,2025-03-25,LONG,0.9972,0.3221,0.3611,1,True,12.108,0.0326,>.80,
ZETA/USDT,2025-03-29,LONG,0.9779,0.2846,0.2867,1,True,0.7379,0.6562,>.80,
ZETA/USDT,2025-04-03,LONG,0.6219,0.2567,0.2,5,False,-22.088,0.0635,.60-.70,
TNSR/USDT,2024-08-28,LONG,0.5789,0.3201,0.2883,4,True,-9.9344,0.8718,.55-.60,
TNSR/USDT,2024-08-29,LONG,0.7702,0.3142,0.2883,3,True,-8.2432,0.2909,.70-.80,
TNSR/USDT,2024-08-30,LONG,0.6666,0.3143,0.2883,2,True,-8.2724,0.005,.60-.70,
TNSR/USDT,2024-09-04,LONG,0.648,0.3166,0.336,4,True,6.1276,0.7055,.60-.70,
TNSR/USDT,2024-09-05,LONG,0.5701,0.315,0.336,3,True,6.6667,0.0912,.55-.60,
TNSR/USDT,2024-09-07,LONG,0.6695,0.3144,0.336,1,True,6.8702,0.6028,.60-.70,
TNSR/USDT,2024-09-09,LONG,0.5968,0.3394,0.3466,5,False,2.1214,0.1944,.55-.60,
TNSR/USDT,2024-09-10,LONG,0.5915,0.339,0.3307,5,False,-2.4484,0.0227,.55-.60,
TNSR/USDT,2024-09-11,LONG,0.6311,0.3162,0.3307,4,True,4.5857,1.2521,.60-.70,1-1.5x
TNSR/USDT,2024-09-12,LONG,0.5798,0.343,0.3307,3,True,-3.586,1.5685,.55-.60,1.5-2x
TNSR/USDT,2024-09-14,LONG,0.5915,0.3466,0.3307,1,True,-4.5874,0.4552,.55-.60,
TNSR/USDT,2024-09-17,LONG,0.6217,0.3598,0.3902,3,True,8.4491,2.4995,.60-.70,2-3x
TNSR/USDT,2024-09-18,LONG,0.708,0.3752,0.3902,2,True,3.9979,0.7791,.70-.80,
TNSR/USDT,2024-09-19,LONG,0.5848,0.3716,0.3902,1,True,5.0054,0.1742,.55-.60,
TNSR/USDT,2024-09-25,LONG,0.6084,0.3879,0.4176,1,True,7.6566,0.8449,.60-.70,
TNSR/USDT,2024-10-03,LONG,0.6306,0.332,0.3269,5,False,-1.5361,1.3979,.60-.70,1-1.5x
TNSR/USDT,2024-10-04,LONG,0.659,0.3623,0.3107,5,False,-14.2423,1.4062,.60-.70,1-1.5x
TNSR/USDT,2024-10-05,LONG,0.6219,0.3509,0.3135,5,False,-10.6583,0.4886,.60-.70,
TNSR/USDT,2024-10-06,LONG,0.5649,0.3574,0.3135,4,True,-12.2832,0.2919,.55-.60,
TNSR/USDT,2024-10-07,LONG,0.7484,0.3506,0.3135,3,True,-10.5819,0.3402,.70-.80,
TNSR/USDT,2024-10-08,LONG,0.5708,0.3269,0.3135,2,True,-4.0991,1.1873,.55-.60,1-1.5x
TNSR/USDT,2024-10-09,LONG,0.6865,0.3107,0.3135,1,True,0.9012,0.8575,.60-.70,
TNSR/USDT,2024-10-13,LONG,0.6511,0.3419,0.4002,2,True,17.0518,0.0824,.60-.70,
TNSR/USDT,2024-10-14,LONG,0.5764,0.37,0.4002,1,True,8.1622,1.3722,.55-.60,1-1.5x
TNSR/USDT,2024-10-16,LONG,0.6946,0.3706,0.394,3,True,6.3141,1.1986,.60-.70,1-1.5x
TNSR/USDT,2024-10-17,LONG,0.6478,0.3662,0.394,2,True,7.5915,0.1952,.60-.70,
TNSR/USDT,2024-10-18,LONG,0.9417,0.3777,0.394,1,True,4.3156,0.5184,>.80,
TNSR/USDT,2024-10-22,LONG,0.8516,0.39,0.4309,2,True,10.4872,0.1308,>.80,
TNSR/USDT,2024-10-25,LONG,0.7288,0.4093,0.4568,1,True,11.6052,0.888,.70-.80,
TNSR/USDT,2024-10-27,LONG,0.9832,0.445,0.4134,1,True,-7.1011,0.4199,>.80,
TNSR/USDT,2024-10-29,LONG,0.9529,0.492,0.404,4,True,-17.8862,2.6641,>.80,2-3x
TNSR/USDT,2024-10-30,LONG,0.9804,0.4686,0.404,3,True,-13.7857,0.6501,>.80,
TNSR/USDT,2024-11-04,LONG,0.6996,0.3363,0.4393,4,True,30.6274,0.5365,.60-.70,
TNSR/USDT,2024-11-05,LONG,0.616,0.3579,0.4393,3,True,22.7438,0.8094,.60-.70,
TNSR/USDT,2024-11-06,LONG,0.8683,0.4194,0.4393,2,True,4.7449,1.9541,>.80,1.5-2x
TNSR/USDT,2024-11-07,LONG,0.6344,0.4497,0.4393,1,True,-2.3127,0.8125,.60-.70,
TNSR/USDT,2024-11-09,LONG,0.7672,0.514,0.5317,2,True,3.4436,1.7808,.70-.80,1.5-2x
TNSR/USDT,2024-11-12,LONG,0.9132,0.4606,0.6125,3,True,32.9787,1.3403,>.80,1-1.5x
TNSR/USDT,2024-11-13,LONG,0.8488,0.5107,0.6125,2,True,19.9334,1.1047,>.80,1-1.5x
TNSR/USDT,2024-11-14,LONG,0.8,0.5679,0.6125,1,True,7.8535,1.1239,.70-.80,1-1.5x
TNSR/USDT,2024-11-18,LONG,0.8694,0.5862,0.5844,1,True,-0.3071,0.1585,>.80,
TNSR/USDT,2024-11-21,LONG,0.6748,0.5604,0.5677,1,True,1.3026,0.8055,.60-.70,
TNSR/USDT,2024-11-23,LONG,0.6097,0.5829,0.5434,3,True,-6.7765,0.3252,.60-.70,
TNSR/USDT,2024-11-29,LONG,0.6585,0.6435,0.6977,2,True,8.4227,0.2945,.60-.70,
TNSR/USDT,2024-12-02,LONG,0.5852,0.6973,0.7351,3,True,5.4209,0.008,.55-.60,
TNSR/USDT,2024-12-07,LONG,0.5672,0.8118,0.7199,5,False,-11.3205,0.0879,.55-.60,
TNSR/USDT,2024-12-08,LONG,0.696,0.8061,0.7199,4,True,-10.6935,0.1052,.60-.70,
TNSR/USDT,2024-12-09,LONG,0.7228,0.6501,0.7199,3,True,10.7368,2.3657,.70-.80,2-3x
TNSR/USDT,2024-12-10,LONG,0.5886,0.6753,0.7199,2,True,6.6045,0.5012,.55-.60,
TNSR/USDT,2024-12-11,LONG,0.713,0.7145,0.7199,1,True,0.7558,0.7559,.70-.80,
TNSR/USDT,2024-12-17,LONG,0.5792,0.5562,0.5066,1,True,-8.9177,1.0203,.55-.60,1-1.5x
TNSR/USDT,2024-12-20,LONG,0.6952,0.4782,0.4442,1,True,-7.11,0.5221,.60-.70,
TNSR/USDT,2024-12-22,LONG,0.5857,0.4452,0.4795,1,True,7.7044,0.0317,.55-.60,
TNSR/USDT,2024-12-24,LONG,0.5546,0.4928,0.477,1,True,-3.2062,0.3767,.55-.60,
TNSR/USDT,2024-12-29,LONG,0.5733,0.4419,0.4353,2,True,-1.4936,1.0066,.55-.60,1-1.5x
TNSR/USDT,2024-12-30,LONG,0.5513,0.4469,0.4353,1,True,-2.5957,0.2024,.55-.60,
TNSR/USDT,2025-01-03,LONG,0.5992,0.492,0.4003,5,False,-18.6382,1.225,.55-.60,1-1.5x
TNSR/USDT,2025-01-04,LONG,0.556,0.4923,0.377,5,False,-23.4207,0.0114,.55-.60,
TNSR/USDT,2025-01-06,LONG,0.5954,0.5013,0.4025,4,True,-19.7088,0.0865,.55-.60,
TNSR/USDT,2025-01-07,LONG,0.5794,0.4373,0.4025,3,True,-7.9579,2.3256,.55-.60,2-3x
TNSR/USDT,2025-01-08,LONG,0.5651,0.4003,0.4025,2,True,0.5496,1.5519,.55-.60,1.5-2x
TNSR/USDT,2025-01-11,LONG,0.5848,0.3957,0.4015,5,False,1.4658,0.3043,.55-.60,
TNSR/USDT,2025-01-12,LONG,0.6052,0.3916,0.4297,5,False,9.7293,0.1988,.60-.70,
TNSR/USDT,2025-01-13,LONG,0.7032,0.3622,0.4297,4,True,18.6361,1.4065,.70-.80,1-1.5x
TNSR/USDT,2025-01-16,LONG,0.5989,0.4015,0.4297,1,True,7.0237,0.3693,.55-.60,
TNSR/USDT,2025-01-19,LONG,0.8488,0.3665,0.3792,2,True,3.4652,1.8211,>.80,1.5-2x
TNSR/USDT,2025-01-20,LONG,0.6061,0.3737,0.3792,1,True,1.4718,0.3207,.60-.70,
TNSR/USDT,2025-01-24,LONG,0.6425,0.3613,0.3767,3,True,4.2624,0.5856,.60-.70,
TNSR/USDT,2025-01-25,LONG,0.7431,0.3683,0.3767,2,True,2.2807,0.3332,.70-.80,
TNSR/USDT,2025-01-26,LONG,0.6901,0.3757,0.3767,1,True,0.2662,0.3435,.60-.70,
TNSR/USDT,2025-01-28,LONG,0.7005,0.3722,0.4092,1,True,9.9409,0.2461,.70-.80,
TNSR/USDT,2025-02-03,LONG,0.9846,0.3224,0.2978,2,True,-7.6303,0.0302,>.80,
TNSR/USDT,2025-02-04,LONG,0.724,0.2946,0.2978,1,True,1.0862,1.1864,.70-.80,1-1.5x
TNSR/USDT,2025-02-07,LONG,0.6261,0.2972,0.3338,1,True,12.3149,0.1989,.60-.70,
TNSR/USDT,2025-02-11,LONG,0.8383,0.3385,0.3893,3,True,15.0074,0.8646,>.80,
TNSR/USDT,2025-02-13,LONG,0.7139,0.3558,0.3893,1,True,9.4154,0.1924,.70-.80,
TNSR/USDT,2025-02-15,LONG,0.7076,0.3822,0.3932,2,True,2.8781,0.2307,.70-.80,
TNSR/USDT,2025-02-21,LONG,0.7613,0.4608,0.4923,5,False,6.8359,0.0691,.70-.80,
TNSR/USDT,2025-02-22,LONG,0.57,0.488,0.4977,5,False,1.9877,1.0619,.55-.60,1-1.5x
TNSR/USDT,2025-02-23,LONG,0.613,0.4922,0.5091,5,False,3.4336,0.1551,.60-.70,
TNSR/USDT,2025-02-24,LONG,0.5695,0.4513,0.5243,5,False,16.1755,1.5065,.55-.60,1.5-2x
TNSR/USDT,2025-02-27,LONG,0.6968,0.4977,0.4133,4,True,-16.958,0.2001,.60-.70,
TNSR/USDT,2025-03-01,LONG,0.5753,0.5243,0.4133,2,True,-21.1711,0.5983,.55-.60,
TNSR/USDT,2025-03-02,LONG,0.6268,0.5249,0.4133,1,True,-21.2612,0.023,.60-.70,
TNSR/USDT,2025-03-07,LONG,0.5642,0.4238,0.3019,3,True,-28.7636,0.1728,.55-.60,
TNSR/USDT,2025-03-16,LONG,0.8673,0.2362,0.2241,3,True,-5.1228,0.7211,>.80,
TNSR/USDT,2025-03-18,LONG,0.5803,0.2254,0.2241,1,True,-0.5768,0.6162,.55-.60,
TNSR/USDT,2025-03-20,LONG,0.5847,0.2102,0.1996,2,True,-5.0428,0.7567,.55-.60,
TNSR/USDT,2025-03-24,LONG,0.5871,0.2067,0.2007,3,True,-2.9028,1.0512,.55-.60,1-1.5x
TNSR/USDT,2025-03-25,LONG,0.5862,0.2139,0.2007,2,True,-6.1711,0.4767,.55-.60,
TNSR/USDT,2025-03-30,LONG,0.6151,0.1675,0.1411,3,True,-15.7612,0.267,.60-.70,
TNSR/USDT,2025-03-31,LONG,0.6435,0.1637,0.1411,2,True,-13.8057,0.5376,.60-.70,
CRV/USDT,2024-08-29,LONG,0.6533,0.2895,0.2928,1,True,1.1399,0.1622,.60-.70,
CRV/USDT,2024-09-04,LONG,0.6208,0.2911,0.2793,1,True,-4.0536,2.1759,.60-.70,2-3x
CRV/USDT,2024-09-08,LONG,0.6733,0.2756,0.2841,5,False,3.0842,1.3313,.60-.70,1-1.5x
CRV/USDT,2024-09-10,LONG,0.6548,0.2798,0.2652,5,False,-5.218,0.1595,.60-.70,
CRV/USDT,2024-09-11,LONG,0.6455,0.2756,0.2634,5,False,-4.4267,0.2949,.60-.70,
CRV/USDT,2024-09-15,LONG,0.5861,0.2652,0.2836,3,True,6.9382,0.7568,.55-.60,
CRV/USDT,2024-09-20,LONG,0.5574,0.3065,0.2986,1,True,-2.5775,1.8753,.55-.60,1.5-2x
CRV/USDT,2024-09-22,LONG,0.6012,0.2964,0.3061,2,True,3.2726,0.1491,.60-.70,
CRV/USDT,2024-09-23,LONG,0.6717,0.2965,0.3061,1,True,3.2378,0.0072,.60-.70,
CRV/USDT,2024-09-25,LONG,0.5811,0.3028,0.3002,1,True,-0.8587,0.2781,.55-.60,
CRV/USDT,2024-09-28,LONG,0.5581,0.3061,0.2775,2,True,-9.3434,1.1276,.55-.60,1-1.5x
CRV/USDT,2024-10-03,LONG,0.7018,0.2592,0.2601,3,True,0.3472,0.513,.70-.80,
CRV/USDT,2024-10-04,LONG,0.5929,0.2589,0.2601,2,True,0.4635,0.0277,.55-.60,
CRV/USDT,2024-10-12,LONG,0.5864,0.2604,0.2578,4,True,-0.9985,0.1948,.55-.60,
CRV/USDT,2024-10-14,LONG,0.5762,0.2687,0.2578,2,True,-4.0566,1.3481,.55-.60,1-1.5x
CRV/USDT,2024-10-17,LONG,0.6042,0.2593,0.2653,1,True,2.3139,0.2022,.60-.70,
CRV/USDT,2024-10-19,LONG,0.6404,0.2681,0.2636,2,True,-1.6785,0.3666,.60-.70,
CRV/USDT,2024-10-26,LONG,0.5606,0.2403,0.2529,5,False,5.2434,0.7389,.55-.60,
CRV/USDT,2024-10-28,LONG,0.5718,0.2444,0.2379,5,False,-2.6596,0.2169,.55-.60,
CRV/USDT,2024-10-30,LONG,0.5768,0.2593,0.2243,5,False,-13.4979,0.068,.55-.60,
CRV/USDT,2024-10-31,LONG,0.5765,0.2529,0.2369,5,False,-6.3266,0.8558,.55-.60,
CRV/USDT,2024-11-01,LONG,0.7728,0.2481,0.2586,5,False,4.2322,0.6529,.70-.80,
CRV/USDT,2024-11-04,LONG,0.7413,0.2243,0.2767,5,False,23.3616,0.873,.70-.80,
CRV/USDT,2024-11-05,LONG,0.607,0.2369,0.2767,4,True,16.8003,1.7534,.60-.70,1.5-2x
CRV/USDT,2024-11-06,LONG,0.6496,0.2586,0.2767,3,True,6.9992,2.3806,.60-.70,2-3x
CRV/USDT,2024-11-14,LONG,0.8882,0.2893,0.29,1,True,0.242,1.5647,>.80,1.5-2x
CRV/USDT,2024-11-16,LONG,0.9678,0.336,0.32,1,True,-4.7619,2.5879,>.80,2-3x
CRV/USDT,2024-11-19,LONG,0.8675,0.4082,0.4048,2,True,-0.8329,1.2249,>.80,1-1.5x
CRV/USDT,2024-11-22,LONG,0.7234,0.4719,0.5082,5,False,7.6923,2.0542,.70-.80,2-3x
CRV/USDT,2024-11-23,LONG,0.5706,0.4954,0.496,5,False,0.1211,0.6305,.55-.60,
CRV/USDT,2024-11-25,LONG,0.942,0.5179,0.496,3,True,-4.2286,0.2535,>.80,
CRV/USDT,2024-11-26,LONG,0.7033,0.4822,0.496,2,True,2.8619,0.8555,.70-.80,
CRV/USDT,2024-11-27,LONG,0.6276,0.5082,0.496,1,True,-2.4006,0.6697,.60-.70,
CRV/USDT,2024-11-29,LONG,0.8333,0.541,0.6706,2,True,23.9556,1.0987,>.80,1-1.5x
CRV/USDT,2024-11-30,LONG,0.7327,0.681,0.6706,1,True,-1.5272,2.6895,.70-.80,2-3x
CRV/USDT,2024-12-02,LONG,0.8745,0.7311,1.1748,5,False,60.6894,0.9564,>.80,
CRV/USDT,2024-12-03,LONG,0.8811,0.8776,1.2034,5,False,37.124,2.0392,>.80,2-3x
CRV/USDT,2024-12-04,LONG,0.8409,1.0921,1.2034,4,True,10.1914,2.4163,>.80,2-3x
CRV/USDT,2024-12-06,LONG,0.847,1.2499,1.2034,2,True,-3.7203,1.7653,>.80,1.5-2x
CRV/USDT,2024-12-07,LONG,0.9263,1.1748,1.2034,1,True,2.4345,0.5733,>.80,
CRV/USDT,2024-12-09,LONG,0.852,1.0583,1.0706,1,True,1.1622,1.0921,>.80,1-1.5x
CRV/USDT,2024-12-13,LONG,0.6465,1.1381,1.0719,3,True,-5.8167,0.4511,.60-.70,
CRV/USDT,2024-12-14,LONG,0.9253,1.1442,1.0719,2,True,-6.3188,0.0508,>.80,
CRV/USDT,2024-12-15,LONG,0.8442,1.1288,1.0719,1,True,-5.0408,0.1267,>.80,
CRV/USDT,2024-12-18,LONG,0.5629,0.9526,0.8409,1,True,-11.7258,1.221,.55-.60,1-1.5x
CRV/USDT,2024-12-21,LONG,0.5576,0.7904,0.9533,2,True,20.6098,0.5002,.55-.60,
CRV/USDT,2024-12-22,LONG,0.7713,0.8197,0.9533,1,True,16.2986,0.3611,.70-.80,
CRV/USDT,2024-12-24,LONG,0.8195,1.0138,1.0232,1,True,0.9272,0.7583,>.80,
CRV/USDT,2024-12-28,LONG,0.7128,1.0206,0.8943,3,True,-12.3751,1.6707,.70-.80,1.5-2x
CRV/USDT,2024-12-29,LONG,0.6324,0.9486,0.8943,2,True,-5.7242,0.9287,.60-.70,
CRV/USDT,2024-12-30,LONG,0.7632,0.9306,0.8943,1,True,-3.9007,0.2498,.70-.80,
CRV/USDT,2025-01-01,LONG,0.6351,0.9585,1.0481,3,True,9.3479,0.948,.60-.70,
CRV/USDT,2025-01-03,LONG,0.7406,1.0855,1.0481,1,True,-3.4454,0.9626,.70-.80,
CRV/USDT,2025-01-07,LONG,0.5921,0.8914,0.8195,5,False,-8.066,1.4086,.55-.60,1-1.5x
CRV/USDT,2025-01-08,LONG,0.5953,0.858,0.8121,5,False,-5.3497,0.5287,.55-.60,
CRV/USDT,2025-01-09,LONG,0.6134,0.8086,0.8647,5,False,6.9379,0.7981,.60-.70,
CRV/USDT,2025-01-10,LONG,0.5849,0.8265,0.9618,5,False,16.3702,0.311,.55-.60,
CRV/USDT,2025-01-15,LONG,0.5648,0.9618,0.9319,1,True,-3.1088,1.755,.55-.60,1.5-2x
CRV/USDT,2025-01-23,LONG,0.6949,0.7937,0.7397,4,True,-6.8036,0.1408,.60-.70,
CRV/USDT,2025-01-24,LONG,0.6181,0.7952,0.7397,3,True,-6.9794,0.0283,.60-.70,
CRV/USDT,2025-01-25,LONG,0.5549,0.7971,0.7397,2,True,-7.2011,0.0358,.55-.60,
CRV/USDT,2025-01-26,LONG,0.6415,0.768,0.7397,1,True,-3.6849,0.5458,.60-.70,
CRV/USDT,2025-01-28,LONG,0.5844,0.6762,0.7001,1,True,3.5345,1.3108,.55-.60,1-1.5x
CRV/USDT,2025-01-31,LONG,0.5732,0.7815,0.6864,1,True,-12.1689,0.0684,.55-.60,
CRV/USDT,2025-02-03,LONG,0.7983,0.5774,0.4709,3,True,-18.4448,0.4827,.70-.80,
CRV/USDT,2025-02-05,LONG,0.7258,0.5135,0.4709,1,True,-8.296,0.2471,.70-.80,
CRV/USDT,2025-02-11,LONG,0.7221,0.5324,0.5279,3,True,-0.8452,0.0395,.70-.80,
CRV/USDT,2025-02-12,LONG,0.62,0.556,0.5279,2,True,-5.054,0.6141,.60-.70,
CRV/USDT,2025-02-17,LONG,0.5833,0.5166,0.4962,1,True,-3.9489,0.1863,.55-.60,
CRV/USDT,2025-02-20,LONG,0.5913,0.5321,0.4984,1,True,-6.3334,0.4833,.55-.60,
CRV/USDT,2025-02-25,LONG,0.6279,0.4551,0.5008,5,False,10.0417,0.9045,.60-.70,
CRV/USDT,2025-02-26,LONG,0.617,0.4627,0.4136,5,False,-10.6116,0.3493,.60-.70,
CRV/USDT,2025-02-27,LONG,0.6097,0.4537,0.4136,4,True,-8.8384,0.4061,.60-.70,
CRV/USDT,2025-02-28,LONG,0.6086,0.4501,0.4136,3,True,-8.1093,0.1768,.60-.70,
CRV/USDT,2025-03-01,LONG,0.5626,0.4359,0.4136,2,True,-5.1159,0.7103,.55-.60,
CRV/USDT,2025-03-02,LONG,0.6056,0.5008,0.4136,1,True,-17.4121,2.6322,.60-.70,2-3x
CRV/USDT,2025-03-04,LONG,0.7355,0.4181,0.4372,1,True,4.5683,0.1613,.70-.80,
CRV/USDT,2025-03-07,LONG,0.8461,0.4287,0.4271,1,True,-0.3732,0.3056,>.80,
CRV/USDT,2025-03-10,LONG,0.6431,0.3659,0.4063,2,True,11.0413,0.4023,.60-.70,
CRV/USDT,2025-03-11,LONG,0.5716,0.4014,0.4063,1,True,1.2207,1.2805,.55-.60,1-1.5x
CRV/USDT,2025-03-14,LONG,0.6467,0.4099,0.4114,2,True,0.3659,0.53,.60-.70,
CRV/USDT,2025-03-17,LONG,0.566,0.4331,0.468,2,True,8.0582,0.7717,.55-.60,
CRV/USDT,2025-03-21,LONG,0.5989,0.4394,0.4913,1,True,11.8116,0.0291,.55-.60,
CRV/USDT,2025-03-23,LONG,0.6655,0.5037,0.5798,4,True,15.1082,0.4767,.60-.70,
CRV/USDT,2025-03-25,LONG,0.7016,0.5016,0.5798,2,True,15.5901,0.2691,.70-.80,
CRV/USDT,2025-03-26,LONG,0.5573,0.5491,0.5798,1,True,5.591,1.7314,.55-.60,1.5-2x
CRV/USDT,2025-03-28,LONG,0.6146,0.5034,0.4891,1,True,-2.8407,2.0408,.60-.70,2-3x
CRV/USDT,2025-04-02,LONG,0.5675,0.4908,0.5205,1,True,6.0513,1.4264,.55-.60,1-1.5x
CRV/USDT,2025-04-06,LONG,0.7044,0.4218,0.4592,1,True,8.8668,2.0624,.70-.80,2-3x
SUSHI/USDT,2024-09-04,LONG,0.6082,0.5966,0.574,1,True,-3.7881,2.0014,.60-.70,2-3x
SUSHI/USDT,2024-09-07,LONG,0.7177,0.5617,0.5692,1,True,1.3352,0.0895,.70-.80,
SUSHI/USDT,2024-09-09,LONG,0.6569,0.6323,0.6249,1,True,-1.1703,2.2178,.60-.70,2-3x
SUSHI/USDT,2024-09-12,LONG,0.7421,0.6615,0.6127,5,False,-7.3772,1.4293,.70-.80,1-1.5x
SUSHI/USDT,2024-09-18,LONG,0.7633,0.6488,0.6933,2,True,6.8588,1.2372,.70-.80,1-1.5x
SUSHI/USDT,2024-09-19,LONG,0.6873,0.6697,0.6933,1,True,3.524,0.6752,.60-.70,
SUSHI/USDT,2024-09-21,LONG,0.7629,0.6976,0.7462,5,False,6.9667,0.1355,.70-.80,
SUSHI/USDT,2024-09-22,LONG,0.6952,0.6843,0.8203,5,False,19.8743,0.4333,.60-.70,
SUSHI/USDT,2024-09-23,LONG,0.6503,0.7052,0.9133,5,False,29.5094,0.7184,.60-.70,
SUSHI/USDT,2024-09-24,LONG,0.6575,0.7228,0.8633,5,False,19.4383,0.6379,.60-.70,
SUSHI/USDT,2024-09-27,LONG,0.5774,0.8203,0.8633,2,True,5.242,2.304,.55-.60,2-3x
SUSHI/USDT,2024-09-28,LONG,0.9741,0.9133,0.8633,1,True,-5.4747,2.3701,>.80,2-3x
SUSHI/USDT,2024-09-30,LONG,0.8583,0.802,0.71,1,True,-11.4713,1.4158,>.80,1-1.5x
SUSHI/USDT,2024-10-02,LONG,0.9293,0.7025,0.7011,1,True,-0.1993,0.1887,>.80,
SUSHI/USDT,2024-10-05,LONG,0.6261,0.7443,0.7781,5,False,4.5412,0.1611,.60-.70,
SUSHI/USDT,2024-10-06,LONG,0.6415,0.7568,0.7792,5,False,2.9598,0.309,.60-.70,
SUSHI/USDT,2024-10-07,LONG,0.7941,0.7439,0.7792,4,True,4.7453,0.3115,.70-.80,
SUSHI/USDT,2024-10-08,LONG,0.5761,0.7394,0.7792,3,True,5.3827,0.1127,.55-.60,
SUSHI/USDT,2024-10-09,LONG,0.5609,0.7195,0.7792,2,True,8.2974,0.4996,.55-.60,
SUSHI/USDT,2024-10-10,LONG,0.8271,0.7781,0.7792,1,True,0.1414,1.4497,>.80,1-1.5x
SUSHI/USDT,2024-10-16,LONG,0.6771,0.7293,0.6871,1,True,-5.7864,0.6969,.60-.70,
SUSHI/USDT,2024-10-18,LONG,0.5964,0.7205,0.8235,2,True,14.2956,1.0037,.55-.60,1-1.5x
SUSHI/USDT,2024-10-21,LONG,0.8927,0.7634,0.743,3,True,-2.6723,1.322,>.80,1-1.5x
SUSHI/USDT,2024-10-22,LONG,0.5786,0.7491,0.743,2,True,-0.8143,0.3384,.55-.60,
SUSHI/USDT,2024-10-23,LONG,0.9735,0.7123,0.743,1,True,4.31,0.8673,>.80,
SUSHI/USDT,2024-10-27,LONG,0.8272,0.7033,0.7024,1,True,-0.128,0.4902,>.80,
SUSHI/USDT,2024-11-03,LONG,0.5691,0.6097,0.725,5,False,18.9109,1.1829,.55-.60,1-1.5x
SUSHI/USDT,2024-11-05,LONG,0.5913,0.6317,0.7623,4,True,20.6744,1.0922,.55-.60,1-1.5x
SUSHI/USDT,2024-11-06,LONG,0.6597,0.7224,0.7623,3,True,5.5233,2.1901,.60-.70,2-3x
SUSHI/USDT,2024-11-07,LONG,0.5852,0.7308,0.7623,2,True,4.3103,0.1795,.55-.60,
SUSHI/USDT,2024-11-08,LONG,0.5866,0.725,0.7623,1,True,5.1448,0.1228,.55-.60,
SUSHI/USDT,2024-11-10,LONG,0.5734,0.7914,0.8586,1,True,8.4913,0.7365,.55-.60,
SUSHI/USDT,2024-11-12,LONG,0.565,0.7903,0.755,3,True,-4.4667,1.4028,.55-.60,1-1.5x
SUSHI/USDT,2024-11-14,LONG,0.8419,0.7142,0.755,1,True,5.7127,1.1183,>.80,1-1.5x
SUSHI/USDT,2024-11-17,LONG,0.8171,0.7384,0.8161,1,True,10.5228,1.256,>.80,1-1.5x
SUSHI/USDT,2024-11-22,LONG,0.8014,0.8637,1.2076,5,False,39.8171,1.3901,>.80,1-1.5x
SUSHI/USDT,2024-11-24,LONG,0.6332,1.1336,1.1437,4,True,0.891,0.8722,.60-.70,
SUSHI/USDT,2024-11-25,LONG,0.8912,1.078,1.1437,3,True,6.0946,0.5976,>.80,
SUSHI/USDT,2024-11-26,LONG,0.5559,1.0363,1.1437,2,True,10.3638,0.4905,.55-.60,
SUSHI/USDT,2024-11-27,LONG,0.7638,1.2076,1.1437,1,True,-5.2915,1.9415,.70-.80,1.5-2x
SUSHI/USDT,2024-12-04,LONG,0.6971,1.5071,1.9367,3,True,28.5051,0.4181,.60-.70,
SUSHI/USDT,2024-12-05,LONG,0.9414,1.4377,1.9367,2,True,34.7082,0.5511,>.80,
SUSHI/USDT,2024-12-08,LONG,0.9973,2.6669,2.2182,4,True,-16.8248,3.3195,>.80,3-5x
SUSHI/USDT,2024-12-09,LONG,0.9542,2.0594,2.2182,3,True,7.711,1.7605,>.80,1.5-2x
SUSHI/USDT,2024-12-10,LONG,0.9026,2.001,2.2182,2,True,10.8546,0.2215,>.80,
SUSHI/USDT,2024-12-11,LONG,0.9861,2.3084,2.2182,1,True,-3.9075,1.1837,>.80,1-1.5x
SUSHI/USDT,2024-12-14,LONG,0.6444,2.0894,2.0342,2,True,-2.6419,0.3897,.60-.70,
SUSHI/USDT,2024-12-15,LONG,0.8469,2.2584,2.0342,1,True,-9.9274,0.6422,>.80,
SUSHI/USDT,2024-12-17,LONG,0.8911,1.9509,1.7071,1,True,-12.4968,0.3235,>.80,
SUSHI/USDT,2024-12-20,LONG,0.6748,1.5791,1.5445,3,True,-2.1911,0.4366,.60-.70,
SUSHI/USDT,2024-12-21,LONG,0.6116,1.4427,1.5445,2,True,7.0562,0.6426,.60-.70,
SUSHI/USDT,2024-12-22,LONG,0.787,1.4419,1.5445,1,True,7.1156,0.0042,.70-.80,
SUSHI/USDT,2024-12-24,LONG,0.7448,1.653,1.5883,1,True,-3.9141,0.5214,.70-.80,
SUSHI/USDT,2024-12-28,LONG,0.6205,1.4921,1.3592,3,True,-8.9069,0.5954,.60-.70,
SUSHI/USDT,2024-12-29,LONG,0.6251,1.3962,1.3592,2,True,-2.6501,0.8369,.60-.70,
SUSHI/USDT,2024-12-30,LONG,0.6158,1.3671,1.3592,1,True,-0.5779,0.2716,.60-.70,
SUSHI/USDT,2025-01-03,LONG,0.7169,1.7895,1.5114,5,False,-15.5407,2.5739,.70-.80,2-3x
SUSHI/USDT,2025-01-06,LONG,0.8639,1.7953,1.4472,3,True,-19.3895,0.0295,>.80,
SUSHI/USDT,2025-01-07,LONG,0.7158,1.5627,1.4472,2,True,-7.3911,1.5865,.70-.80,1.5-2x
SUSHI/USDT,2025-01-13,LONG,0.5838,1.3955,1.4517,1,True,4.0272,0.4577,.55-.60,
SUSHI/USDT,2025-01-15,LONG,0.5867,1.6709,1.5968,1,True,-4.4347,2.0208,.55-.60,2-3x
SUSHI/USDT,2025-01-21,LONG,0.7298,1.4105,1.3153,3,True,-6.7494,0.3282,.70-.80,
SUSHI/USDT,2025-01-22,LONG,0.6375,1.3449,1.3153,2,True,-2.2009,0.5552,.60-.70,
SUSHI/USDT,2025-01-23,LONG,0.6579,1.3474,1.3153,1,True,-2.3824,0.0284,.60-.70,
SUSHI/USDT,2025-01-26,LONG,0.6236,1.2716,1.2441,1,True,-2.1626,0.5527,.60-.70,
SUSHI/USDT,2025-02-03,LONG,0.6835,0.9602,0.8748,2,True,-8.894,0.0845,.60-.70,
SUSHI/USDT,2025-02-10,LONG,0.5931,0.8796,0.9335,4,True,6.1278,0.7718,.55-.60,
SUSHI/USDT,2025-02-11,LONG,0.6315,0.8839,0.9335,3,True,5.6115,0.0874,.60-.70,
SUSHI/USDT,2025-02-13,LONG,0.6423,0.9332,0.9335,1,True,0.0321,0.5155,.60-.70,
SUSHI/USDT,2025-02-24,LONG,0.56,0.7518,0.8132,3,True,8.1671,2.7612,.55-.60,2-3x
SUSHI/USDT,2025-02-26,LONG,0.5982,0.7923,0.8132,1,True,2.6379,0.3336,.55-.60,
SUSHI/USDT,2025-02-28,LONG,0.6495,0.7942,0.733,3,True,-7.7059,0.4658,.60-.70,
SUSHI/USDT,2025-03-07,LONG,0.593,0.7031,0.5851,2,True,-16.7828,0.0192,.55-.60,
SUSHI/USDT,2025-03-08,LONG,0.5594,0.6727,0.5851,1,True,-13.0221,0.6436,.55-.60,
SUSHI/USDT,2025-03-11,LONG,0.7355,0.6023,0.6154,1,True,2.175,0.6489,.70-.80,
SUSHI/USDT,2025-03-14,LONG,0.6952,0.6178,0.6527,1,True,5.6491,0.5678,.60-.70,
SUSHI/USDT,2025-03-17,LONG,0.5989,0.6571,0.7001,2,True,6.5439,1.1784,.55-.60,1-1.5x
SUSHI/USDT,2025-03-20,LONG,0.635,0.668,0.6723,2,True,0.6437,0.6422,.60-.70,
SUSHI/USDT,2025-03-21,LONG,0.5858,0.6596,0.6723,1,True,1.9254,0.1761,.55-.60,
SUSHI/USDT,2025-03-24,LONG,0.6652,0.7051,0.7024,1,True,-0.3829,1.1393,.60-.70,1-1.5x
SUSHI/USDT,2025-03-26,LONG,0.5636,0.6854,0.586,5,False,-14.5025,0.4708,.55-.60,
SUSHI/USDT,2025-03-27,LONG,0.6549,0.6815,0.586,4,True,-14.0132,0.1107,.60-.70,
SUSHI/USDT,2025-03-28,LONG,0.6179,0.6254,0.586,3,True,-6.3,1.5294,.60-.70,1.5-2x
SUSHI/USDT,2025-03-30,LONG,0.5786,0.5833,0.586,1,True,0.4629,0.0691,.55-.60,
SUSHI/USDT,2025-04-05,LONG,0.6697,0.555,0.489,1,True,-11.8919,0.5356,.60-.70,
1INCH/USDT,2024-08-28,LONG,0.5933,0.2444,0.2454,2,True,0.4092,0.5071,.55-.60,
1INCH/USDT,2024-08-29,LONG,0.8175,0.2476,0.2454,1,True,-0.8885,0.3518,>.80,
1INCH/USDT,2024-08-31,LONG,0.6133,0.239,0.2255,1,True,-5.6485,0.7705,.60-.70,
1INCH/USDT,2024-09-05,LONG,0.8912,0.2549,0.2576,1,True,1.0592,1.1638,>.80,1-1.5x
1INCH/USDT,2024-09-07,LONG,0.9966,0.2511,0.2509,1,True,-0.0796,0.3634,>.80,
1INCH/USDT,2024-09-11,LONG,0.7591,0.2476,0.2619,3,True,5.7754,0.6853,.70-.80,
1INCH/USDT,2024-09-15,LONG,0.705,0.2459,0.2359,1,True,-4.0667,0.8776,.70-.80,
1INCH/USDT,2024-09-18,LONG,0.8607,0.2534,0.2764,4,True,9.0766,0.8084,>.80,
1INCH/USDT,2024-09-19,LONG,0.8359,0.2699,0.2764,3,True,2.4083,0.9186,>.80,
1INCH/USDT,2024-09-20,LONG,0.6582,0.2787,0.2764,2,True,-0.8253,0.4615,.60-.70,
1INCH/USDT,2024-09-21,LONG,0.7658,0.2898,0.2764,1,True,-4.6239,0.5759,.70-.80,
1INCH/USDT,2024-09-28,LONG,0.6161,0.302,0.2783,2,True,-7.8477,0.7293,.60-.70,
1INCH/USDT,2024-10-03,LONG,0.7369,0.2466,0.263,3,True,6.6504,0.4454,.70-.80,
1INCH/USDT,2024-10-04,LONG,0.599,0.2574,0.263,2,True,2.1756,1.0165,.55-.60,1-1.5x
1INCH/USDT,2024-10-10,LONG,0.6415,0.2482,0.2569,3,True,3.5052,0.1407,.60-.70,
1INCH/USDT,2024-10-11,LONG,0.583,0.2587,0.2569,2,True,-0.6958,1.2304,.55-.60,1-1.5x
1INCH/USDT,2024-10-12,LONG,0.5549,0.2601,0.2569,1,True,-1.2303,0.1638,.55-.60,
1INCH/USDT,2024-10-20,LONG,0.6719,0.2911,0.2478,5,False,-14.8746,1.9509,.60-.70,1.5-2x
1INCH/USDT,2024-10-23,LONG,0.7099,0.2647,0.2591,5,False,-2.1156,1.1749,.70-.80,1-1.5x
1INCH/USDT,2024-10-24,LONG,0.6576,0.2745,0.2591,4,True,-5.6102,1.1653,.60-.70,1-1.5x
1INCH/USDT,2024-10-26,LONG,0.7038,0.2512,0.2591,2,True,3.1449,0.3544,.70-.80,
1INCH/USDT,2024-10-29,LONG,0.6217,0.2641,0.2461,2,True,-6.8156,0.5005,.60-.70,
1INCH/USDT,2024-10-30,LONG,0.5531,0.2597,0.2461,1,True,-5.2368,0.4296,.55-.60,
1INCH/USDT,2024-11-03,LONG,0.6307,0.2312,0.2668,5,False,15.3979,1.0157,.60-.70,1-1.5x
1INCH/USDT,2024-11-05,LONG,0.5548,0.236,0.2764,4,True,17.1186,0.9409,.55-.60,
1INCH/USDT,2024-11-06,LONG,0.6364,0.263,0.2764,3,True,5.0951,2.4729,.60-.70,2-3x
1INCH/USDT,2024-11-08,LONG,0.5582,0.2668,0.2764,1,True,3.5982,0.3241,.55-.60,
1INCH/USDT,2024-11-13,LONG,0.6788,0.2894,0.2875,2,True,-0.6565,1.0337,.60-.70,1-1.5x
1INCH/USDT,2024-11-14,LONG,0.8751,0.2741,0.2875,1,True,4.8887,1.2611,>.80,1-1.5x
1INCH/USDT,2024-11-20,LONG,0.5671,0.3201,0.3823,5,False,19.4314,0.9321,.55-.60,
1INCH/USDT,2024-11-21,LONG,0.5784,0.3352,0.3906,5,False,16.5274,0.8692,.55-.60,
1INCH/USDT,2024-11-22,LONG,0.99,0.3557,0.4291,5,False,20.6354,1.1206,>.80,1-1.5x
1INCH/USDT,2024-11-23,LONG,0.6983,0.3768,0.4167,5,False,10.5892,1.1123,.60-.70,1-1.5x
1INCH/USDT,2024-11-24,LONG,0.6604,0.3962,0.4167,4,True,5.1742,0.9766,.60-.70,
1INCH/USDT,2024-11-25,LONG,0.9571,0.3823,0.4167,3,True,8.9982,0.6425,>.80,
1INCH/USDT,2024-11-26,LONG,0.7888,0.3906,0.4167,2,True,6.682,0.4302,.70-.80,
1INCH/USDT,2024-11-29,LONG,0.6018,0.4271,0.4428,1,True,3.676,0.4594,.60-.70,
1INCH/USDT,2024-12-01,LONG,0.6454,0.4443,0.4884,1,True,9.9257,0.0637,.60-.70,
1INCH/USDT,2024-12-04,LONG,0.6153,0.522,0.6264,4,True,20.0,0.4667,.60-.70,
1INCH/USDT,2024-12-05,LONG,0.8708,0.5106,0.6264,3,True,22.6792,0.4323,>.80,
1INCH/USDT,2024-12-06,LONG,0.9124,0.5467,0.6264,2,True,14.5784,1.4553,>.80,1-1.5x
1INCH/USDT,2024-12-09,LONG,0.6591,0.4752,0.4326,1,True,-8.9646,2.9454,.60-.70,2-3x
1INCH/USDT,2024-12-12,LONG,0.9657,0.5152,0.4794,2,True,-6.9488,0.5168,>.80,
1INCH/USDT,2024-12-13,LONG,0.6044,0.5093,0.4794,1,True,-5.8708,0.1304,.60-.70,
1INCH/USDT,2024-12-17,LONG,0.7115,0.4696,0.3975,3,True,-15.3535,0.48,.70-.80,
1INCH/USDT,2024-12-18,LONG,0.7811,0.4215,0.3975,2,True,-5.694,1.1296,.70-.80,1-1.5x
1INCH/USDT,2024-12-19,LONG,0.5967,0.3828,0.3975,1,True,3.8401,0.9869,.55-.60,
1INCH/USDT,2024-12-26,LONG,0.5684,0.3917,0.3898,1,True,-0.4851,0.6538,.55-.60,
1INCH/USDT,2024-12-29,LONG,0.5802,0.3925,0.3835,2,True,-2.293,0.8235,.55-.60,
1INCH/USDT,2024-12-30,LONG,0.58,0.3932,0.3835,1,True,-2.4669,0.0303,.55-.60,
1INCH/USDT,2025-01-03,LONG,0.584,0.4226,0.4261,1,True,0.8282,1.0384,.55-.60,1-1.5x
1INCH/USDT,2025-01-07,LONG,0.5864,0.391,0.3918,3,True,0.2046,2.2161,.55-.60,2-3x
1INCH/USDT,2025-01-13,LONG,0.6563,0.3641,0.3733,5,False,2.5268,0.9879,.60-.70,
1INCH/USDT,2025-01-14,LONG,0.5645,0.3745,0.3733,4,True,-0.3204,0.7365,.55-.60,
1INCH/USDT,2025-01-15,LONG,0.5791,0.3906,0.3733,3,True,-4.4291,1.1328,.55-.60,1-1.5x
1INCH/USDT,2025-01-21,LONG,0.6249,0.3475,0.3276,1,True,-5.7266,0.5456,.60-.70,
1INCH/USDT,2025-01-28,LONG,0.5831,0.2965,0.3126,2,True,5.43,0.8757,.55-.60,
1INCH/USDT,2025-02-11,LONG,0.5504,0.2638,0.2682,4,True,1.6679,0.281,.55-.60,
1INCH/USDT,2025-02-25,LONG,0.6057,0.2543,0.2408,3,True,-5.3087,1.3107,.60-.70,1-1.5x
1INCH/USDT,2025-02-27,LONG,0.5838,0.2458,0.2408,1,True,-2.0342,0.6008,.55-.60,
1INCH/USDT,2025-03-07,LONG,0.6915,0.2271,0.1974,5,False,-13.0779,0.5414,.60-.70,
1INCH/USDT,2025-03-14,LONG,0.5568,0.1992,0.1973,2,True,-0.9538,0.4558,.55-.60,
1INCH/USDT,2025-03-17,LONG,0.5575,0.2053,0.2124,2,True,3.4584,0.8348,.55-.60,
1INCH/USDT,2025-03-20,LONG,0.5605,0.2076,0.2096,2,True,0.9634,0.468,.55-.60,
1INCH/USDT,2025-03-21,LONG,0.5554,0.2049,0.2096,1,True,2.2938,0.2699,.55-.60,
1INCH/USDT,2025-03-23,LONG,0.5506,0.2109,0.1985,5,False,-5.8796,0.1716,.55-.60,
1INCH/USDT,2025-03-24,LONG,0.5751,0.2161,0.1985,4,True,-8.1444,0.6752,.55-.60,
1INCH/USDT,2025-03-26,LONG,0.5617,0.2131,0.1985,2,True,-6.8512,0.4524,.55-.60,
1INCH/USDT,2025-03-27,LONG,0.5827,0.2124,0.1985,1,True,-6.5443,0.0927,.55-.60,
1INCH/USDT,2025-03-29,LONG,0.5511,0.1895,0.1873,2,True,-1.1609,1.3096,.55-.60,1-1.5x
1INCH/USDT,2025-03-30,LONG,0.5525,0.1888,0.1873,1,True,-0.7945,0.1318,.55-.60,
1INCH/USDT,2025-04-05,LONG,0.6215,0.1848,0.1636,1,True,-11.4719,0.4833,.60-.70,
DYDX/USDT,2024-08-28,LONG,0.6232,0.964,0.948,1,True,-1.6598,0.3589,.60-.70,
DYDX/USDT,2024-09-05,LONG,0.6385,0.8722,0.84,1,True,-3.6918,0.2452,.60-.70,
DYDX/USDT,2024-09-07,LONG,0.7331,0.8612,0.8759,1,True,1.7069,0.6354,.70-.80,
DYDX/USDT,2024-09-09,LONG,0.7061,0.918,0.931,4,True,1.4161,1.1401,.70-.80,1-1.5x
DYDX/USDT,2024-09-12,LONG,0.7521,0.9086,0.931,1,True,2.4653,0.5997,.70-.80,
DYDX/USDT,2024-09-14,LONG,0.6142,0.9171,0.8851,1,True,-3.4893,0.4037,.60-.70,
DYDX/USDT,2024-09-20,LONG,0.6413,0.962,0.9726,1,True,1.1019,0.4105,.60-.70,
DYDX/USDT,2024-09-27,LONG,0.7196,1.0751,0.8998,4,True,-16.3055,0.3037,.70-.80,
DYDX/USDT,2024-09-28,LONG,0.6822,1.0563,0.8998,3,True,-14.8159,0.4962,.60-.70,
DYDX/USDT,2024-09-29,LONG,0.6772,1.0816,0.8998,2,True,-16.8084,0.6989,.60-.70,
DYDX/USDT,2024-10-06,LONG,0.8608,0.8906,0.904,4,True,1.5046,0.4709,>.80,
DYDX/USDT,2024-10-07,LONG,0.911,0.8911,0.904,3,True,1.4476,0.0123,>.80,
DYDX/USDT,2024-10-08,LONG,0.759,0.883,0.904,2,True,2.3783,0.1982,.70-.80,
DYDX/USDT,2024-10-12,LONG,0.5611,0.9247,0.9846,2,True,6.4778,0.0108,.55-.60,
DYDX/USDT,2024-10-15,LONG,0.5755,0.9972,0.9722,1,True,-2.507,0.3281,.55-.60,
DYDX/USDT,2024-10-19,LONG,0.6412,0.9895,1.2359,2,True,24.9015,0.6594,.60-.70,
DYDX/USDT,2024-10-20,LONG,0.9766,1.3141,1.2359,1,True,-5.9508,4.1038,>.80,3-5x
DYDX/USDT,2024-10-29,LONG,0.6261,1.0469,0.9023,5,False,-13.8122,0.2754,.60-.70,
DYDX/USDT,2024-10-30,LONG,0.6328,1.0664,0.8896,5,False,-16.5791,0.2177,.60-.70,
DYDX/USDT,2024-10-31,LONG,0.7418,1.0274,0.9226,5,False,-10.2005,0.4244,.70-.80,
DYDX/USDT,2024-11-03,LONG,0.5805,0.9023,1.0975,5,False,21.6336,0.5132,.55-.60,
DYDX/USDT,2024-11-04,LONG,0.5657,0.8896,1.0975,4,True,23.3701,0.161,.55-.60,
DYDX/USDT,2024-11-05,LONG,0.6586,0.9226,1.0975,3,True,18.9573,0.423,.60-.70,
DYDX/USDT,2024-11-06,LONG,0.6617,1.107,1.0975,2,True,-0.8582,2.0358,.60-.70,2-3x
DYDX/USDT,2024-11-11,LONG,0.7188,1.3179,1.3305,5,False,0.9561,1.1099,.70-.80,1-1.5x
DYDX/USDT,2024-11-12,LONG,0.591,1.2457,1.3305,4,True,6.8074,0.8472,.55-.60,
DYDX/USDT,2024-11-13,LONG,0.5522,1.216,1.3305,3,True,9.4161,0.3665,.55-.60,
DYDX/USDT,2024-11-14,LONG,0.8703,1.1343,1.3305,2,True,17.297,1.0866,>.80,1-1.5x
DYDX/USDT,2024-11-15,LONG,0.755,1.2397,1.3305,1,True,7.3244,1.4388,.70-.80,1-1.5x
DYDX/USDT,2024-11-17,LONG,0.8133,1.2459,1.3205,1,True,5.9876,0.9418,>.80,
DYDX/USDT,2024-11-21,LONG,0.6725,1.3115,1.4548,5,False,10.9264,1.2267,.60-.70,1-1.5x
DYDX/USDT,2024-11-22,LONG,0.7583,1.3282,1.6685,5,False,25.6211,0.1836,.70-.80,
DYDX/USDT,2024-11-23,LONG,0.6407,1.5244,1.5868,5,False,4.0934,2.0171,.60-.70,2-3x
DYDX/USDT,2024-11-24,LONG,0.6167,1.5516,1.5868,4,True,2.2686,0.2458,.60-.70,
DYDX/USDT,2024-11-25,LONG,0.653,1.5593,1.5868,3,True,1.7636,0.0682,.60-.70,
DYDX/USDT,2024-11-26,LONG,0.8484,1.4548,1.5868,2,True,9.0734,1.0518,>.80,1-1.5x
DYDX/USDT,2024-11-29,LONG,0.8328,1.6449,1.7184,1,True,4.4684,0.5235,>.80,
DYDX/USDT,2024-12-02,LONG,0.5553,1.7751,1.7976,1,True,1.2675,0.6051,.55-.60,
DYDX/USDT,2024-12-04,LONG,0.6745,1.8419,2.4083,3,True,30.7509,0.3893,.60-.70,
DYDX/USDT,2024-12-05,LONG,0.7699,1.7978,2.4083,2,True,33.9582,0.3848,.70-.80,
DYDX/USDT,2024-12-06,LONG,0.6394,2.3205,2.4083,1,True,3.7837,3.3697,.60-.70,3-5x
DYDX/USDT,2024-12-09,LONG,0.8977,2.1154,1.9432,1,True,-8.1403,2.045,>.80,2-3x
DYDX/USDT,2024-12-12,LONG,0.8227,2.2187,2.0774,2,True,-6.3686,0.493,>.80,
DYDX/USDT,2024-12-15,LONG,0.6035,2.188,2.0915,1,True,-4.4104,0.542,.60-.70,
DYDX/USDT,2024-12-17,LONG,0.7072,1.94,1.6905,1,True,-12.8608,0.7637,.70-.80,
DYDX/USDT,2024-12-20,LONG,0.7496,1.5573,1.5402,3,True,-1.0981,0.5585,.70-.80,
DYDX/USDT,2024-12-21,LONG,0.7602,1.4223,1.5402,2,True,8.2894,0.8212,.70-.80,
DYDX/USDT,2024-12-22,LONG,0.7571,1.4321,1.5402,1,True,7.5484,0.0656,.70-.80,
DYDX/USDT,2024-12-24,LONG,0.6101,1.5863,1.5883,1,True,0.1261,0.2806,.60-.70,
DYDX/USDT,2024-12-29,LONG,0.7001,1.4971,1.4379,2,True,-3.9543,0.6328,.70-.80,
DYDX/USDT,2025-01-03,LONG,0.6809,1.6288,1.3458,5,False,-17.3748,1.1585,.60-.70,1-1.5x
DYDX/USDT,2025-01-06,LONG,0.6729,1.6381,1.3331,4,True,-18.6191,0.444,.60-.70,
DYDX/USDT,2025-01-07,LONG,0.6679,1.4189,1.3331,3,True,-6.0469,2.1385,.60-.70,2-3x
DYDX/USDT,2025-01-09,LONG,0.5555,1.3141,1.3331,1,True,1.4459,0.4282,.55-.60,
DYDX/USDT,2025-01-13,LONG,0.6397,1.2362,1.3229,5,False,7.0134,1.0174,.60-.70,1-1.5x
DYDX/USDT,2025-01-15,LONG,0.6083,1.3544,1.3229,3,True,-2.3258,1.2134,.60-.70,1-1.5x
DYDX/USDT,2025-01-21,LONG,0.8244,1.2187,1.1687,1,True,-4.1027,0.9798,>.80,
DYDX/USDT,2025-01-24,LONG,0.755,1.1515,1.0881,3,True,-5.5059,0.2921,.70-.80,
DYDX/USDT,2025-01-25,LONG,0.585,1.1436,1.0881,2,True,-4.8531,0.1221,.55-.60,
DYDX/USDT,2025-01-26,LONG,0.7236,1.1265,1.0881,1,True,-3.4088,0.2705,.70-.80,
DYDX/USDT,2025-01-28,LONG,0.6588,0.9829,1.0174,1,True,3.51,1.8901,.60-.70,1.5-2x
DYDX/USDT,2025-01-31,LONG,0.683,1.0927,0.9899,1,True,-9.4079,0.3446,.60-.70,
DYDX/USDT,2025-02-03,LONG,0.8833,0.8191,0.7563,2,True,-7.667,0.4599,>.80,
DYDX/USDT,2025-02-04,LONG,0.6182,0.7651,0.7563,1,True,-1.1502,1.0707,.60-.70,1-1.5x
DYDX/USDT,2025-02-11,LONG,0.7052,0.7489,0.8091,3,True,8.0385,0.2951,.70-.80,
DYDX/USDT,2025-02-13,LONG,0.6811,0.7804,0.8091,1,True,3.6776,0.5123,.60-.70,
DYDX/USDT,2025-02-16,LONG,0.5943,0.7787,0.7568,2,True,-2.8124,0.1899,.55-.60,
DYDX/USDT,2025-02-17,LONG,0.6043,0.7882,0.7568,1,True,-3.9838,0.227,.60-.70,
DYDX/USDT,2025-02-20,LONG,0.5505,0.8001,0.7785,1,True,-2.6997,0.6762,.55-.60,
DYDX/USDT,2025-02-24,LONG,0.643,0.6668,0.7169,3,True,7.5135,3.0581,.60-.70,3-5x
DYDX/USDT,2025-02-26,LONG,0.6667,0.7106,0.7169,1,True,0.8866,0.7704,.60-.70,
DYDX/USDT,2025-02-28,LONG,0.5658,0.7066,0.6613,3,True,-6.411,0.3179,.55-.60,
DYDX/USDT,2025-03-01,LONG,0.7192,0.6887,0.6613,2,True,-3.9785,0.5568,.70-.80,
DYDX/USDT,2025-03-04,LONG,0.6469,0.6231,0.6507,1,True,4.4295,0.9631,.60-.70,
DYDX/USDT,2025-03-07,LONG,0.569,0.6556,0.5716,2,True,-12.8127,0.0455,.55-.60,
DYDX/USDT,2025-03-08,LONG,0.5898,0.642,0.5716,1,True,-10.9657,0.3443,.55-.60,
DYDX/USDT,2025-03-11,LONG,0.7225,0.5833,0.6076,1,True,4.166,1.0413,.70-.80,1-1.5x
DYDX/USDT,2025-03-14,LONG,0.7508,0.6139,0.6113,2,True,-0.4235,0.0173,.70-.80,
DYDX/USDT,2025-03-15,LONG,0.6272,0.6363,0.6113,1,True,-3.929,0.5466,.60-.70,
DYDX/USDT,2025-03-17,LONG,0.7102,0.6381,0.6761,2,True,5.9552,0.7366,.70-.80,
DYDX/USDT,2025-03-20,LONG,0.6548,0.6652,0.6711,3,True,0.887,0.2677,.60-.70,
DYDX/USDT,2025-03-21,LONG,0.5615,0.6638,0.6711,2,True,1.0997,0.0351,.55-.60,
DYDX/USDT,2025-03-22,LONG,0.6478,0.6755,0.6711,1,True,-0.6514,0.33,.60-.70,
DYDX/USDT,2025-03-24,LONG,0.5731,0.7226,0.6419,5,False,-11.168,1.762,.55-.60,1.5-2x
DYDX/USDT,2025-03-25,LONG,0.5503,0.738,0.6382,5,False,-13.523,0.4974,.55-.60,
DYDX/USDT,2025-03-26,LONG,0.6057,0.7413,0.6296,5,False,-15.0681,0.1044,.60-.70,
DYDX/USDT,2025-03-27,LONG,0.6356,0.735,0.6475,5,False,-11.9048,0.1979,.60-.70,
DYDX/USDT,2025-03-28,LONG,0.5957,0.6912,0.5961,5,False,-13.7587,1.3224,.55-.60,1-1.5x
DYDX/USDT,2025-03-30,LONG,0.639,0.6382,0.5961,3,True,-6.5967,0.1487,.60-.70,
DYDX/USDT,2025-03-31,LONG,0.6399,0.6296,0.5961,2,True,-5.3208,0.3714,.60-.70,
DYDX/USDT,2025-04-01,LONG,0.5576,0.6475,0.5961,1,True,-7.9382,0.7966,.55-.60,
DYDX/USDT,2025-04-04,LONG,0.5524,0.6258,0.5411,2,True,-13.5347,0.4121,.55-.60,
DYDX/USDT,2025-04-05,LONG,0.6561,0.614,0.5411,1,True,-11.873,0.4785,.60-.70,
ENS/USDT,2024-08-28,LONG,0.568,18.342,18.116,2,True,-1.2321,0.0697,.55-.60,
ENS/USDT,2024-08-29,LONG,0.5907,18.313,18.116,1,True,-1.0757,0.0329,.55-.60,
ENS/USDT,2024-08-31,LONG,0.5583,17.736,16.547,5,False,-6.7039,0.4534,.55-.60,
ENS/USDT,2024-09-07,LONG,0.5673,15.981,17.518,5,False,9.6177,0.3392,.55-.60,
ENS/USDT,2024-09-08,LONG,0.5923,16.363,18.032,5,False,10.1998,0.5382,.55-.60,
ENS/USDT,2024-09-10,LONG,0.5889,17.679,16.704,5,False,-5.515,1.074,.55-.60,1-1.5x
ENS/USDT,2024-09-13,LONG,0.5957,18.032,17.46,5,False,-3.1721,0.7384,.55-.60,
ENS/USDT,2024-09-14,LONG,0.5697,17.566,17.852,5,False,1.6281,0.6585,.55-.60,
ENS/USDT,2024-09-17,LONG,0.5894,16.758,17.852,2,True,6.5282,0.7338,.55-.60,
ENS/USDT,2024-09-18,LONG,0.6861,17.46,17.852,1,True,2.2451,1.158,.60-.70,1-1.5x
ENS/USDT,2024-09-21,LONG,0.6246,18.744,19.377,5,False,3.3771,0.4217,.60-.70,
ENS/USDT,2024-09-25,LONG,0.586,18.87,20.834,2,True,10.4081,0.2657,.55-.60,
ENS/USDT,2024-09-29,LONG,0.5627,19.779,16.951,2,True,-14.298,0.5322,.55-.60,
ENS/USDT,2024-09-30,LONG,0.8687,18.5,16.951,1,True,-8.373,1.855,>.80,1.5-2x
ENS/USDT,2024-10-03,LONG,0.877,16.33,17.183,3,True,5.2235,0.144,>.80,
ENS/USDT,2024-10-04,LONG,0.6831,17.028,17.183,2,True,0.9103,1.06,.60-.70,1-1.5x
ENS/USDT,2024-10-05,LONG,0.6287,16.803,17.183,1,True,2.2615,0.3403,.60-.70,
ENS/USDT,2024-10-11,LONG,0.6541,17.074,17.205,1,True,0.7672,1.3029,.60-.70,1-1.5x
ENS/USDT,2024-10-15,LONG,0.6183,17.782,19.129,5,False,7.5751,0.5994,.60-.70,
ENS/USDT,2024-10-17,LONG,0.8571,17.022,17.853,5,False,4.8819,0.7841,>.80,
ENS/USDT,2024-10-18,LONG,0.6051,17.769,17.32,5,False,-2.5269,1.1434,.60-.70,1-1.5x
ENS/USDT,2024-10-19,LONG,0.5739,17.723,17.32,4,True,-2.2739,0.0676,.55-.60,
ENS/USDT,2024-10-20,LONG,0.9049,19.129,17.32,3,True,-9.4568,1.9867,>.80,1.5-2x
ENS/USDT,2024-10-21,LONG,0.8091,18.019,17.32,2,True,-3.8792,1.5539,>.80,1.5-2x
ENS/USDT,2024-10-30,LONG,0.5928,17.978,16.806,1,True,-6.5191,0.7241,.55-.60,
ENS/USDT,2024-11-01,LONG,0.6051,16.655,16.464,1,True,-1.1468,0.208,.60-.70,
ENS/USDT,2024-11-05,LONG,0.5542,15.525,19.126,5,False,23.1948,1.0538,.55-.60,1-1.5x
ENS/USDT,2024-11-06,LONG,0.6947,17.848,20.37,5,False,14.1304,2.7052,.60-.70,2-3x
ENS/USDT,2024-11-07,LONG,0.726,18.88,20.37,4,True,7.8919,1.0338,.70-.80,1-1.5x
ENS/USDT,2024-11-08,LONG,0.7737,18.25,20.37,3,True,11.6164,0.59,.70-.80,
ENS/USDT,2024-11-09,LONG,0.8478,19.174,20.37,2,True,6.2376,0.923,>.80,
ENS/USDT,2024-11-10,LONG,0.7612,19.126,20.37,1,True,6.5042,0.0472,.70-.80,
ENS/USDT,2024-11-12,LONG,0.8781,18.119,17.045,3,True,-5.9275,1.8337,>.80,1.5-2x
ENS/USDT,2024-11-14,LONG,0.7965,16.335,17.045,1,True,4.3465,0.6979,.70-.80,
ENS/USDT,2024-11-18,LONG,0.8598,19.174,18.284,1,True,-4.6417,1.3241,>.80,1-1.5x
ENS/USDT,2024-11-22,LONG,0.906,19.754,34.086,5,False,72.5524,0.5658,>.80,
ENS/USDT,2024-11-23,LONG,0.6156,20.628,34.52,5,False,67.3454,0.6543,.60-.70,
ENS/USDT,2024-11-24,LONG,0.764,20.27,33.028,5,False,62.9403,0.2651,.70-.80,
ENS/USDT,2024-11-25,LONG,0.6555,23.787,33.028,4,True,38.849,2.3443,.60-.70,2-3x
ENS/USDT,2024-11-26,LONG,0.8404,22.465,33.028,3,True,47.0198,0.7962,>.80,
ENS/USDT,2024-11-27,LONG,0.9924,34.086,33.028,2,True,-3.1039,3.9042,>.80,3-5x
ENS/USDT,2024-11-28,LONG,0.9558,34.52,33.028,1,True,-4.3221,0.0967,>.80,
ENS/USDT,2024-11-30,LONG,0.9923,40.211,41.275,1,True,2.646,1.569,>.80,1.5-2x
ENS/USDT,2024-12-06,LONG,0.6633,42.178,41.502,2,True,-1.6027,0.1956,.60-.70,
ENS/USDT,2024-12-10,LONG,0.5524,35.041,41.911,4,True,19.6056,0.0935,.55-.60,
ENS/USDT,2024-12-12,LONG,0.6116,40.816,41.911,2,True,2.6828,0.2953,.60-.70,
ENS/USDT,2024-12-15,LONG,0.5681,47.672,45.5,1,True,-4.5561,0.9954,.55-.60,
ENS/USDT,2024-12-19,LONG,0.7082,35.953,37.271,4,True,3.6659,1.0369,.70-.80,1-1.5x
ENS/USDT,2024-12-20,LONG,0.6975,37.703,37.271,3,True,-1.1458,0.6675,.60-.70,
ENS/USDT,2024-12-21,LONG,0.6445,34.905,37.271,2,True,6.7784,0.9973,.60-.70,
ENS/USDT,2024-12-24,LONG,0.5826,37.561,35.749,1,True,-4.8242,0.1044,.55-.60,
ENS/USDT,2024-12-29,LONG,0.5877,33.048,37.783,5,False,14.3276,0.6283,.55-.60,
ENS/USDT,2024-12-30,LONG,0.5678,33.207,37.704,5,False,13.5423,0.0712,.55-.60,
ENS/USDT,2025-01-04,LONG,0.5545,37.704,30.839,5,False,-18.2076,0.0397,.55-.60,
ENS/USDT,2025-01-10,LONG,0.5732,32.111,34.272,5,False,6.7298,0.8581,.55-.60,
ENS/USDT,2025-01-20,LONG,0.5834,34.118,35.002,1,True,2.591,0.4448,.55-.60,
ENS/USDT,2025-01-23,LONG,0.614,35.711,31.929,4,True,-10.5906,1.0104,.60-.70,1-1.5x
ENS/USDT,2025-01-24,LONG,0.5908,34.202,31.929,3,True,-6.6458,0.8768,.55-.60,
ENS/USDT,2025-01-26,LONG,0.5912,32.787,31.929,1,True,-2.6169,0.7347,.55-.60,
ENS/USDT,2025-01-29,LONG,0.5893,31.501,33.031,1,True,4.857,0.4863,.55-.60,
ENS/USDT,2025-02-03,LONG,0.8352,29.174,27.401,2,True,-6.0773,0.6652,>.80,
ENS/USDT,2025-02-14,LONG,0.5625,27.352,26.535,1,True,-2.987,0.4987,.55-.60,
ENS/USDT,2025-02-16,LONG,0.5739,26.029,27.215,1,True,4.5565,0.3945,.55-.60,
ENS/USDT,2025-02-18,LONG,0.601,26.312,27.614,5,False,4.9483,0.6707,.60-.70,
ENS/USDT,2025-02-21,LONG,0.6416,26.377,22.182,5,False,-15.904,0.6069,.60-.70,
ENS/USDT,2025-03-04,LONG,0.6317,20.537,21.168,1,True,3.0725,0.1652,.60-.70,
ENS/USDT,2025-03-07,LONG,0.7984,20.213,17.663,2,True,-12.6156,0.4162,.70-.80,
ENS/USDT,2025-03-10,LONG,0.5638,16.453,16.605,2,True,0.9238,1.0497,.55-.60,1-1.5x
ENS/USDT,2025-03-11,LONG,0.6471,16.695,16.605,1,True,-0.5391,0.2252,.60-.70,
ENS/USDT,2025-03-14,LONG,0.6574,16.814,16.091,2,True,-4.3,0.4086,.60-.70,
ENS/USDT,2025-03-15,LONG,0.6385,17.152,16.091,1,True,-6.1859,0.3102,.60-.70,
ENS/USDT,2025-03-17,LONG,0.5953,16.517,17.846,2,True,8.0463,0.4342,.55-.60,
ENS/USDT,2025-03-18,LONG,0.6284,16.401,17.846,1,True,8.8104,0.116,.60-.70,
ENS/USDT,2025-03-20,LONG,0.6222,17.006,16.597,2,True,-2.405,0.7218,.60-.70,
ENS/USDT,2025-03-21,LONG,0.7952,16.433,16.597,1,True,0.998,0.515,.70-.80,
ENS/USDT,2025-03-23,LONG,0.7308,17.008,17.889,2,True,5.1799,0.5369,.70-.80,
ENS/USDT,2025-03-24,LONG,0.7933,17.67,17.889,1,True,1.2394,0.8253,.70-.80,
ENS/USDT,2025-03-26,LONG,0.7197,17.561,15.809,5,False,-9.9767,0.3939,.70-.80,
ENS/USDT,2025-03-27,LONG,0.68,17.833,15.809,4,True,-11.3497,0.3323,.60-.70,
ENS/USDT,2025-03-28,LONG,0.7198,16.647,15.809,3,True,-5.0339,1.3713,.70-.80,1-1.5x
ENS/USDT,2025-03-29,LONG,0.5797,15.748,15.809,2,True,0.3874,1.3216,.55-.60,1-1.5x
ENS/USDT,2025-04-04,LONG,0.5841,15.157,15.021,1,True,-0.8973,0.1532,.55-.60,
WOO/USDT,2024-08-28,LONG,0.5554,0.1533,0.1535,2,True,0.1305,0.1986,.55-.60,
WOO/USDT,2024-08-29,LONG,0.6758,0.1548,0.1535,1,True,-0.8398,0.233,.60-.70,
WOO/USDT,2024-09-04,LONG,0.5986,0.1472,0.1406,1,True,-4.4837,1.2594,.55-.60,1-1.5x
WOO/USDT,2024-09-07,LONG,0.7024,0.1368,0.1689,5,False,23.4649,0.1121,.70-.80,
WOO/USDT,2024-09-08,LONG,0.6179,0.1413,0.1747,5,False,23.6377,0.7072,.60-.70,
WOO/USDT,2024-09-10,LONG,0.8779,0.1719,0.1733,4,True,0.8144,2.6135,>.80,2-3x
WOO/USDT,2024-09-11,LONG,0.683,0.1627,0.1733,3,True,6.5151,0.908,.60-.70,
WOO/USDT,2024-09-13,LONG,0.9264,0.1747,0.1733,1,True,-0.8014,0.6082,>.80,
WOO/USDT,2024-09-15,LONG,0.7214,0.1633,0.1611,1,True,-1.3472,1.0635,.70-.80,1-1.5x
WOO/USDT,2024-09-17,LONG,0.6777,0.1628,0.1742,1,True,7.0025,0.1982,.60-.70,
WOO/USDT,2024-09-21,LONG,0.7754,0.1892,0.1963,5,False,3.7526,0.9672,.70-.80,
WOO/USDT,2024-09-23,LONG,0.6614,0.184,0.1938,4,True,5.3261,0.0109,.60-.70,
WOO/USDT,2024-09-26,LONG,0.6453,0.1963,0.1938,1,True,-1.2736,0.8686,.60-.70,
WOO/USDT,2024-09-30,LONG,0.9767,0.2022,0.1602,3,True,-20.7715,2.5651,>.80,2-3x
WOO/USDT,2024-10-01,LONG,0.8528,0.1808,0.1602,2,True,-11.3938,2.1532,>.80,2-3x
WOO/USDT,2024-10-02,LONG,0.6522,0.1712,0.1602,1,True,-6.4252,1.0561,.60-.70,1-1.5x
WOO/USDT,2024-10-04,LONG,0.957,0.1754,0.1617,5,False,-7.8107,1.6898,>.80,1.5-2x
WOO/USDT,2024-10-05,LONG,0.7493,0.1693,0.1617,4,True,-4.4891,0.6313,.70-.80,
WOO/USDT,2024-10-06,LONG,0.9153,0.1703,0.1617,3,True,-5.0499,0.1075,>.80,
WOO/USDT,2024-10-07,LONG,0.8869,0.1783,0.1617,2,True,-9.3102,0.8424,>.80,
WOO/USDT,2024-10-08,LONG,0.6164,0.1696,0.1617,1,True,-4.658,0.8886,.60-.70,
WOO/USDT,2024-10-10,LONG,0.5662,0.1629,0.1702,3,True,4.4813,0.1338,.55-.60,
WOO/USDT,2024-10-11,LONG,0.61,0.1725,0.1702,2,True,-1.3333,1.054,.60-.70,1-1.5x
WOO/USDT,2024-10-17,LONG,0.7598,0.1783,0.1907,2,True,6.9546,0.036,.70-.80,
WOO/USDT,2024-10-20,LONG,0.7956,0.2124,0.2028,4,True,-4.5198,1.7646,.70-.80,1.5-2x
WOO/USDT,2024-10-21,LONG,0.9345,0.2078,0.2028,3,True,-2.4062,0.3642,>.80,
WOO/USDT,2024-10-22,LONG,0.5763,0.2014,0.2028,2,True,0.6951,0.527,.55-.60,
WOO/USDT,2024-10-23,LONG,0.7654,0.1916,0.2028,1,True,5.8455,0.8462,.70-.80,
WOO/USDT,2024-10-26,LONG,0.6876,0.1761,0.1854,1,True,5.2811,0.0181,.60-.70,
WOO/USDT,2024-11-01,LONG,0.7151,0.1791,0.1914,5,False,6.8677,0.7621,.70-.80,
WOO/USDT,2024-11-02,LONG,0.5541,0.1708,0.1914,4,True,12.0609,0.6554,.55-.60,
WOO/USDT,2024-11-03,LONG,0.5902,0.1634,0.1914,3,True,17.1359,0.6631,.55-.60,
WOO/USDT,2024-11-04,LONG,0.6777,0.1562,0.1914,2,True,22.5352,0.6687,.60-.70,
WOO/USDT,2024-11-05,LONG,0.5661,0.1656,0.1914,1,True,15.5797,0.9045,.55-.60,
WOO/USDT,2024-11-07,LONG,0.5856,0.2031,0.253,5,False,24.5692,0.8287,.55-.60,
WOO/USDT,2024-11-09,LONG,0.743,0.2251,0.253,3,True,12.3945,0.7803,.70-.80,
WOO/USDT,2024-11-10,LONG,0.7181,0.2259,0.253,2,True,11.9965,0.0503,.70-.80,
WOO/USDT,2024-11-14,LONG,0.8065,0.2339,0.2583,2,True,10.4318,0.3289,>.80,
WOO/USDT,2024-11-15,LONG,0.6382,0.2396,0.2583,1,True,7.8047,0.3836,.60-.70,
WOO/USDT,2024-11-18,LONG,0.822,0.2493,0.2345,1,True,-5.9366,1.187,>.80,1-1.5x
WOO/USDT,2024-11-22,LONG,0.7268,0.232,0.2556,3,True,10.1724,0.0245,.70-.80,
WOO/USDT,2024-11-23,LONG,0.6223,0.2453,0.2556,2,True,4.1989,0.8279,.60-.70,
WOO/USDT,2024-11-24,LONG,0.6252,0.2663,0.2556,1,True,-4.018,1.2456,.60-.70,1-1.5x
WOO/USDT,2024-11-27,LONG,0.5594,0.2753,0.2767,1,True,0.5085,1.4578,.55-.60,1-1.5x
WOO/USDT,2024-11-30,LONG,0.6672,0.2866,0.3274,2,True,14.2359,0.599,.60-.70,
WOO/USDT,2024-12-01,LONG,0.5728,0.313,0.3274,1,True,4.6006,1.3987,.55-.60,1-1.5x
WOO/USDT,2024-12-04,LONG,0.7664,0.3552,0.2828,5,False,-20.3829,0.7158,.70-.80,
WOO/USDT,2024-12-05,LONG,0.8643,0.351,0.2791,5,False,-20.4843,0.1866,>.80,
WOO/USDT,2024-12-06,LONG,0.7639,0.3632,0.296,5,False,-18.5022,0.5602,.70-.80,
WOO/USDT,2024-12-07,LONG,0.6241,0.3436,0.296,4,True,-13.8533,0.9366,.60-.70,
WOO/USDT,2024-12-08,LONG,0.7879,0.3458,0.296,3,True,-14.4014,0.114,.70-.80,
WOO/USDT,2024-12-10,LONG,0.6045,0.2791,0.296,1,True,6.0552,0.2012,.60-.70,
WOO/USDT,2024-12-13,LONG,0.5586,0.2927,0.2785,1,True,-4.8514,0.2069,.55-.60,
WOO/USDT,2024-12-15,LONG,0.7218,0.2899,0.2325,3,True,-19.7999,0.6792,.70-.80,
WOO/USDT,2024-12-17,LONG,0.5612,0.2563,0.2325,1,True,-9.286,1.0439,.55-.60,1-1.5x
WOO/USDT,2024-12-24,LONG,0.637,0.2281,0.2261,1,True,-0.8768,0.5534,.60-.70,
WOO/USDT,2024-12-26,LONG,0.5583,0.2104,0.2172,1,True,3.2319,1.1225,.55-.60,1-1.5x
WOO/USDT,2024-12-29,LONG,0.6054,0.2117,0.208,2,True,-1.7478,1.1985,.60-.70,1-1.5x
WOO/USDT,2025-01-03,LONG,0.6864,0.243,0.209,5,False,-13.9918,1.2013,.60-.70,1-1.5x
WOO/USDT,2025-01-06,LONG,0.7186,0.2518,0.199,3,True,-20.969,0.0153,.70-.80,
WOO/USDT,2025-01-07,LONG,0.6845,0.2222,0.199,2,True,-10.441,2.1537,.60-.70,2-3x
WOO/USDT,2025-01-13,LONG,0.7098,0.1928,0.204,5,False,5.8091,0.9823,.70-.80,
WOO/USDT,2025-01-15,LONG,0.5969,0.2148,0.204,3,True,-5.0279,1.6489,.55-.60,1.5-2x
WOO/USDT,2025-01-21,LONG,0.767,0.1856,0.18,1,True,-3.0172,0.6653,.70-.80,
WOO/USDT,2025-01-24,LONG,0.7425,0.174,0.1631,3,True,-6.2644,0.687,.70-.80,
WOO/USDT,2025-01-26,LONG,0.7161,0.1683,0.1631,1,True,-3.0897,0.3748,.70-.80,
WOO/USDT,2025-01-28,LONG,0.648,0.1496,0.1547,1,True,3.4091,1.6887,.60-.70,1.5-2x
WOO/USDT,2025-01-31,LONG,0.5682,0.1642,0.1477,1,True,-10.0487,0.2944,.55-.60,
WOO/USDT,2025-02-03,LONG,0.9696,0.1281,0.1213,1,True,-5.3084,0.3239,>.80,
WOO/USDT,2025-02-07,LONG,0.576,0.1104,0.1148,2,True,3.9855,0.1201,.55-.60,
WOO/USDT,2025-02-10,LONG,0.5938,0.1196,0.1272,5,False,6.3545,0.8089,.55-.60,
WOO/USDT,2025-02-11,LONG,0.6114,0.1188,0.1272,4,True,7.0707,0.1293,.60-.70,
WOO/USDT,2025-02-13,LONG,0.6105,0.1269,0.1272,2,True,0.2364,0.3911,.60-.70,
WOO/USDT,2025-02-14,LONG,0.6088,0.1325,0.1272,1,True,-4.0,0.7532,.60-.70,
WOO/USDT,2025-02-22,LONG,0.5684,0.1284,0.1283,1,True,-0.0779,1.899,.55-.60,1.5-2x
WOO/USDT,2025-02-25,LONG,0.5513,0.1109,0.1119,1,True,0.9017,0.0691,.55-.60,
WOO/USDT,2025-02-28,LONG,0.5618,0.1116,0.1005,3,True,-9.9462,0.0895,.55-.60,
WOO/USDT,2025-03-01,LONG,0.5879,0.1089,0.1005,2,True,-7.7135,0.4831,.55-.60,
WOO/USDT,2025-03-04,LONG,0.5984,0.097,0.102,1,True,5.1546,0.5667,.55-.60,
WOO/USDT,2025-03-11,LONG,0.6937,0.0819,0.0827,1,True,0.9768,0.5982,.60-.70,
WOO/USDT,2025-03-14,LONG,0.6414,0.0841,0.0812,2,True,-3.4483,0.6816,.60-.70,
WOO/USDT,2025-03-15,LONG,0.6004,0.0867,0.0812,1,True,-6.3437,0.4788,.60-.70,
WOO/USDT,2025-03-17,LONG,0.5833,0.0866,0.0887,2,True,2.4249,1.0785,.55-.60,1-1.5x
WOO/USDT,2025-03-20,LONG,0.6463,0.08611,0.09459,4,True,9.8479,0.4647,.60-.70,
WOO/USDT,2025-03-21,LONG,0.5841,0.08491,0.09459,3,True,11.4003,0.222,.55-.60,
WOO/USDT,2025-03-22,LONG,0.7617,0.08811,0.09459,2,True,7.3544,0.6466,.70-.80,
WOO/USDT,2025-03-23,LONG,0.6799,0.08911,0.09459,1,True,6.1497,0.2423,.60-.70,
WOO/USDT,2025-03-26,LONG,0.6015,0.09333,0.07453,5,False,-20.1436,0.6893,.60-.70,
WOO/USDT,2025-03-27,LONG,0.8244,0.09197,0.07604,5,False,-17.3209,0.3063,>.80,
WOO/USDT,2025-03-28,LONG,0.8257,0.08238,0.06881,5,False,-16.4724,1.9849,>.80,1.5-2x
WOO/USDT,2025-03-29,LONG,0.5922,0.07684,0.06881,4,True,-10.4503,1.411,.55-.60,1-1.5x
WOO/USDT,2025-03-30,LONG,0.6993,0.07703,0.06881,3,True,-10.6712,0.0543,.60-.70,
WOO/USDT,2025-03-31,LONG,0.7465,0.07453,0.06881,2,True,-7.6748,0.7207,.70-.80,
WOO/USDT,2025-04-05,LONG,0.9275,0.06596,0.05909,1,True,-10.4154,0.682,>.80,
GMT/USDT,2024-09-04,LONG,0.9198,0.1262,0.1176,1,True,-6.8146,2.4874,>.80,2-3x
GMT/USDT,2024-09-06,LONG,0.5776,0.1104,0.1462,4,True,32.4275,1.1192,.55-.60,1-1.5x
GMT/USDT,2024-09-07,LONG,0.9854,0.1112,0.1462,3,True,31.4748,0.1325,>.80,
GMT/USDT,2024-09-08,LONG,0.9806,0.1164,0.1462,2,True,25.6014,0.841,>.80,
GMT/USDT,2024-09-09,LONG,0.8412,0.1321,0.1462,1,True,10.6737,2.1477,>.80,2-3x
GMT/USDT,2024-09-11,LONG,0.8781,0.1459,0.1356,3,True,-7.0596,0.0317,>.80,
GMT/USDT,2024-09-12,LONG,0.8535,0.142,0.1356,2,True,-4.507,0.4309,>.80,
GMT/USDT,2024-09-13,LONG,0.8014,0.1369,0.1356,1,True,-0.9496,0.5773,>.80,
GMT/USDT,2024-09-16,LONG,0.6348,0.124,0.1319,3,True,6.371,0.9095,.60-.70,
GMT/USDT,2024-09-18,LONG,0.7452,0.1276,0.1319,1,True,3.3699,0.3847,.70-.80,
GMT/USDT,2024-09-23,LONG,0.5549,0.1484,0.1553,5,False,4.6496,1.2699,.55-.60,1-1.5x
GMT/USDT,2024-09-24,LONG,0.6323,0.1587,0.1553,4,True,-2.1424,1.2417,.60-.70,1-1.5x
GMT/USDT,2024-09-26,LONG,0.6616,0.1583,0.1553,2,True,-1.8951,0.1535,.60-.70,
GMT/USDT,2024-09-27,LONG,0.8066,0.1589,0.1553,1,True,-2.2656,0.0761,>.80,
GMT/USDT,2024-09-30,LONG,0.962,0.1411,0.1235,3,True,-12.4734,2.7972,>.80,2-3x
GMT/USDT,2024-10-01,LONG,0.6439,0.1291,0.1235,2,True,-4.3377,1.6535,.60-.70,1.5-2x
GMT/USDT,2024-10-02,LONG,0.8911,0.1233,0.1235,1,True,0.1622,0.864,>.80,
GMT/USDT,2024-10-10,LONG,0.7005,0.1264,0.1292,3,True,2.2152,0.239,.70-.80,
GMT/USDT,2024-10-11,LONG,0.5755,0.1324,0.1292,2,True,-2.4169,0.9402,.55-.60,
GMT/USDT,2024-10-12,LONG,0.5556,0.1328,0.1292,1,True,-2.7108,0.0603,.55-.60,
GMT/USDT,2024-10-20,LONG,0.5978,0.1409,0.1378,4,True,-2.2001,1.5828,.55-.60,1.5-2x
GMT/USDT,2024-10-23,LONG,0.6174,0.1322,0.1378,1,True,4.236,0.5268,.60-.70,
GMT/USDT,2024-10-25,LONG,0.6037,0.1244,0.1318,2,True,5.9486,2.5402,.60-.70,2-3x
GMT/USDT,2024-10-26,LONG,0.5571,0.1274,0.1318,1,True,3.4537,0.6311,.55-.60,
GMT/USDT,2024-11-02,LONG,0.5628,0.1267,0.1203,1,True,-5.0513,0.2278,.55-.60,
GMT/USDT,2024-11-09,LONG,0.6548,0.1392,0.141,5,False,1.2931,0.5295,.60-.70,
GMT/USDT,2024-11-10,LONG,0.5511,0.147,0.1499,5,False,1.9728,1.2429,.55-.60,1-1.5x
GMT/USDT,2024-11-11,LONG,0.5887,0.1551,0.1499,4,True,-3.3527,1.1896,.55-.60,1-1.5x
GMT/USDT,2024-11-13,LONG,0.6124,0.1419,0.1499,2,True,5.6378,1.2733,.60-.70,1-1.5x
GMT/USDT,2024-11-14,LONG,0.7532,0.141,0.1499,1,True,6.3121,0.1499,.70-.80,
GMT/USDT,2024-11-17,LONG,0.8502,0.153,0.1672,1,True,9.281,1.1747,>.80,1-1.5x
GMT/USDT,2024-11-22,LONG,0.6242,0.1878,0.2051,3,True,9.2119,1.9771,.60-.70,1.5-2x
GMT/USDT,2024-11-23,LONG,0.5844,0.1973,0.2051,2,True,3.9534,0.9083,.55-.60,
GMT/USDT,2024-11-26,LONG,0.6454,0.1998,0.2113,2,True,5.7558,0.4333,.60-.70,
GMT/USDT,2024-11-27,LONG,0.6677,0.2073,0.2113,1,True,1.9296,0.6297,.60-.70,
GMT/USDT,2024-12-01,LONG,0.6851,0.225,0.2422,2,True,7.6444,0.1258,.60-.70,
GMT/USDT,2024-12-04,LONG,0.5817,0.2462,0.1973,5,False,-19.8619,0.2991,.55-.60,
GMT/USDT,2024-12-05,LONG,0.8708,0.2398,0.1878,5,False,-21.6847,0.4644,>.80,
GMT/USDT,2024-12-06,LONG,0.9106,0.2482,0.2002,5,False,-19.3392,0.6445,>.80,
GMT/USDT,2024-12-07,LONG,0.7161,0.2416,0.2002,4,True,-17.1358,0.5082,.70-.80,
GMT/USDT,2024-12-08,LONG,0.9132,0.2445,0.2002,3,True,-18.1186,0.2409,>.80,
GMT/USDT,2024-12-12,LONG,0.7667,0.2066,0.2019,1,True,-2.2749,0.5144,.70-.80,
GMT/USDT,2024-12-19,LONG,0.641,0.142,0.1322,2,True,-6.9014,1.1057,.60-.70,1-1.5x
GMT/USDT,2024-12-20,LONG,0.7883,0.1453,0.1322,1,True,-9.0158,0.3746,.70-.80,
GMT/USDT,2024-12-25,LONG,0.6074,0.1339,0.2094,2,True,56.3854,0.7422,.60-.70,
GMT/USDT,2024-12-28,LONG,0.9912,0.1885,0.153,3,True,-18.8329,0.8694,>.80,
GMT/USDT,2024-12-29,LONG,0.8715,0.1691,0.153,2,True,-9.521,0.9465,>.80,
GMT/USDT,2024-12-30,LONG,0.997,0.16,0.153,1,True,-4.375,0.4943,>.80,
GMT/USDT,2025-01-03,LONG,0.8277,0.1583,0.1433,5,False,-9.4757,0.3467,>.80,
GMT/USDT,2025-01-04,LONG,0.8149,0.1608,0.1433,4,True,-10.8831,0.1466,>.80,
GMT/USDT,2025-01-06,LONG,0.6609,0.1668,0.1433,2,True,-14.0887,0.1789,.60-.70,
GMT/USDT,2025-01-07,LONG,0.5723,0.1496,0.1433,1,True,-4.2112,0.9795,.55-.60,
GMT/USDT,2025-01-21,LONG,0.6973,0.106,0.105,1,True,-0.9434,0.7691,.60-.70,
GMT/USDT,2025-01-24,LONG,0.7186,0.1011,0.0976,3,True,-3.4619,0.6662,.70-.80,
GMT/USDT,2025-01-25,LONG,0.5745,0.1016,0.0976,2,True,-3.937,0.0994,.55-.60,
GMT/USDT,2025-01-26,LONG,0.7048,0.0998,0.0976,1,True,-2.2044,0.3628,.70-.80,
GMT/USDT,2025-01-28,LONG,0.5526,0.0897,0.0928,1,True,3.456,1.724,.55-.60,1.5-2x
GMT/USDT,2025-02-03,LONG,0.6635,0.0735,0.0629,3,True,-14.4218,0.7496,.60-.70,
GMT/USDT,2025-02-05,LONG,0.6378,0.0675,0.0629,1,True,-6.8148,0.3188,.60-.70,
GMT/USDT,2025-02-07,LONG,0.5674,0.0636,0.07,2,True,10.0629,0.1812,.55-.60,
GMT/USDT,2025-02-11,LONG,0.617,0.0652,0.0703,4,True,7.8221,0.9418,.60-.70,
GMT/USDT,2025-02-13,LONG,0.6195,0.0694,0.0703,2,True,1.2968,0.6193,.60-.70,
GMT/USDT,2025-02-14,LONG,0.6469,0.074,0.0703,1,True,-5.0,0.9564,.60-.70,
GMT/USDT,2025-02-16,LONG,0.5894,0.0705,0.0665,2,True,-5.6738,0.0407,.55-.60,
GMT/USDT,2025-02-17,LONG,0.6092,0.0705,0.0665,1,True,-5.6738,0.0,.60-.70,
GMT/USDT,2025-02-22,LONG,0.6026,0.07173,0.06046,3,True,-15.7117,1.1026,.60-.70,1-1.5x
GMT/USDT,2025-02-23,LONG,0.6602,0.06928,0.06046,2,True,-12.7309,0.6567,.60-.70,
GMT/USDT,2025-03-04,LONG,0.7694,0.05181,0.05241,2,True,1.1581,0.0887,.70-.80,
GMT/USDT,2025-03-05,LONG,0.7717,0.05337,0.05241,1,True,-1.7988,0.4611,.70-.80,
GMT/USDT,2025-03-07,LONG,0.7773,0.05224,0.04502,2,True,-13.8208,0.0521,.70-.80,
GMT/USDT,2025-03-08,LONG,0.5812,0.05045,0.04502,1,True,-10.7631,0.55,.55-.60,
GMT/USDT,2025-03-11,LONG,0.8848,0.04622,0.04774,1,True,3.2886,0.6952,>.80,
GMT/USDT,2025-03-14,LONG,0.8559,0.0498,0.04727,2,True,-5.0803,0.6177,>.80,
GMT/USDT,2025-03-15,LONG,0.7827,0.05067,0.04727,1,True,-6.7101,0.268,.70-.80,
GMT/USDT,2025-03-17,LONG,0.7204,0.04992,0.05325,2,True,6.6707,0.9496,.70-.80,
GMT/USDT,2025-03-18,LONG,0.6219,0.0502,0.05325,1,True,6.0757,0.095,.60-.70,
GMT/USDT,2025-03-20,LONG,0.7527,0.05171,0.05504,5,False,6.4398,0.4738,.70-.80,
GMT/USDT,2025-03-21,LONG,0.7528,0.05061,0.055,5,False,8.6742,0.3497,.70-.80,
GMT/USDT,2025-03-23,LONG,0.8258,0.05264,0.04944,5,False,-6.079,0.0317,>.80,
GMT/USDT,2025-03-24,LONG,0.7719,0.05423,0.04718,5,False,-13.0002,0.7107,.70-.80,
GMT/USDT,2025-03-26,LONG,0.6736,0.055,0.04718,3,True,-14.2182,0.0174,.60-.70,
GMT/USDT,2025-03-27,LONG,0.7671,0.05447,0.04718,2,True,-13.3835,0.2297,.70-.80,
GMT/USDT,2025-03-28,LONG,0.7453,0.04944,0.04718,1,True,-4.5712,1.989,.70-.80,1.5-2x
GMT/USDT,2025-03-30,LONG,0.7232,0.04785,0.0485,2,True,1.3584,0.3523,.70-.80,
GMT/USDT,2025-03-31,LONG,0.7877,0.04741,0.0485,1,True,2.2991,0.2345,.70-.80,
ZIL/USDT,2024-08-28,LONG,0.5697,0.01353,0.01354,2,True,0.0739,0.3261,.55-.60,
ZIL/USDT,2024-08-29,LONG,0.6865,0.01359,0.01354,1,True,-0.3679,0.1321,.60-.70,
ZIL/USDT,2024-09-04,LONG,0.5726,0.01342,0.01253,2,True,-6.6319,0.6866,.55-.60,
ZIL/USDT,2024-09-05,LONG,0.6052,0.01301,0.01253,1,True,-3.6895,0.929,.60-.70,
ZIL/USDT,2024-09-07,LONG,0.6655,0.01275,0.01287,1,True,0.9412,0.5179,.60-.70,
ZIL/USDT,2024-09-09,LONG,0.5628,0.01331,0.01335,1,True,0.3005,0.9933,.55-.60,
ZIL/USDT,2024-09-12,LONG,0.6286,0.01355,0.01351,5,False,-0.2952,0.7476,.60-.70,
ZIL/USDT,2024-09-14,LONG,0.6056,0.01375,0.01351,3,True,-1.7455,0.1672,.60-.70,
ZIL/USDT,2024-09-15,LONG,0.5957,0.01329,0.01351,2,True,1.6554,1.2151,.55-.60,1-1.5x
ZIL/USDT,2024-09-16,LONG,0.6099,0.0131,0.01351,1,True,3.1298,0.5632,.60-.70,
ZIL/USDT,2024-09-18,LONG,0.7433,0.01381,0.01471,2,True,6.517,0.8295,.70-.80,
ZIL/USDT,2024-09-19,LONG,0.7142,0.01426,0.01471,1,True,3.1557,1.1789,.70-.80,1-1.5x
ZIL/USDT,2024-09-23,LONG,0.5537,0.01545,0.01588,1,True,2.7832,1.2476,.55-.60,1-1.5x
ZIL/USDT,2024-09-26,LONG,0.5932,0.01615,0.01671,1,True,3.4675,1.2211,.55-.60,1-1.5x
ZIL/USDT,2024-09-28,LONG,0.5536,0.01615,0.01501,2,True,-7.0588,1.2121,.55-.60,1-1.5x
ZIL/USDT,2024-10-02,LONG,0.6487,0.01367,0.01365,1,True,-0.1463,0.352,.60-.70,
ZIL/USDT,2024-10-08,LONG,0.6629,0.0143,0.01397,2,True,-2.3077,0.1541,.60-.70,
ZIL/USDT,2024-10-09,LONG,0.7018,0.014,0.01397,1,True,-0.2143,0.5871,.70-.80,
ZIL/USDT,2024-10-14,LONG,0.642,0.01545,0.01546,5,False,0.0647,1.3223,.60-.70,1-1.5x
ZIL/USDT,2024-10-15,LONG,0.7579,0.01532,0.01612,5,False,5.2219,0.2581,.70-.80,
ZIL/USDT,2024-10-16,LONG,0.7018,0.01498,0.01573,5,False,5.0067,0.6919,.70-.80,
ZIL/USDT,2024-10-17,LONG,0.6519,0.01467,0.01529,5,False,4.2263,0.6676,.60-.70,
ZIL/USDT,2024-10-18,LONG,0.5517,0.01515,0.01461,5,False,-3.5644,1.0406,.55-.60,1-1.5x
ZIL/USDT,2024-10-19,LONG,0.6894,0.01546,0.0152,5,False,-1.6818,0.6424,.60-.70,
ZIL/USDT,2024-10-20,LONG,0.8002,0.01612,0.01408,5,False,-12.6551,1.4435,>.80,1-1.5x
ZIL/USDT,2024-10-21,LONG,0.7083,0.01573,0.01408,4,True,-10.4895,1.0211,.70-.80,1-1.5x
ZIL/USDT,2024-10-23,LONG,0.8655,0.01461,0.01408,2,True,-3.6277,1.6468,>.80,1.5-2x
ZIL/USDT,2024-10-24,LONG,0.7869,0.0152,0.01408,1,True,-7.3684,1.4815,.70-.80,1-1.5x
ZIL/USDT,2024-10-26,LONG,0.7308,0.01402,0.01427,1,True,1.7832,0.1343,.70-.80,
ZIL/USDT,2024-10-30,LONG,0.6891,0.01467,0.0139,1,True,-5.2488,0.2478,.60-.70,
ZIL/USDT,2024-11-02,LONG,0.818,0.01366,0.01311,1,True,-4.0264,0.5566,>.80,
ZIL/USDT,2024-11-06,LONG,0.7093,0.01449,0.01614,4,True,11.3872,2.0402,.70-.80,2-3x
ZIL/USDT,2024-11-09,LONG,0.7544,0.01515,0.01614,1,True,6.5347,0.6801,.70-.80,
ZIL/USDT,2024-11-12,LONG,0.7342,0.0176,0.01812,3,True,2.9545,0.7734,.70-.80,
ZIL/USDT,2024-11-13,LONG,0.7048,0.01715,0.01812,2,True,5.656,0.5231,.70-.80,
ZIL/USDT,2024-11-14,LONG,0.9665,0.01644,0.01812,1,True,10.219,0.8894,>.80,
ZIL/USDT,2024-11-18,LONG,0.9706,0.02085,0.02075,1,True,-0.4796,1.7114,>.80,1.5-2x
ZIL/USDT,2024-11-22,LONG,0.9625,0.02222,0.02477,2,True,11.4761,1.0084,>.80,1-1.5x
ZIL/USDT,2024-11-23,LONG,0.5552,0.02437,0.02477,1,True,1.6414,1.4666,.55-.60,1-1.5x
ZIL/USDT,2024-11-25,LONG,0.952,0.02341,0.02568,2,True,9.6967,0.8102,>.80,
ZIL/USDT,2024-11-26,LONG,0.7308,0.02467,0.02568,1,True,4.094,0.8035,.70-.80,
ZIL/USDT,2024-11-30,LONG,0.8424,0.02645,0.03045,2,True,15.1229,0.09,>.80,
ZIL/USDT,2024-12-01,LONG,0.629,0.02685,0.03045,1,True,13.4078,0.2406,.60-.70,
ZIL/USDT,2024-12-04,LONG,0.6672,0.03385,0.02793,5,False,-17.4889,0.5816,.60-.70,
ZIL/USDT,2024-12-05,LONG,0.8457,0.03519,0.02793,4,True,-20.6309,0.5733,>.80,
ZIL/USDT,2024-12-06,LONG,0.9438,0.03592,0.02793,3,True,-22.2439,0.3193,>.80,
ZIL/USDT,2024-12-08,LONG,0.5887,0.03482,0.02793,1,True,-19.7875,0.1139,.55-.60,
ZIL/USDT,2024-12-10,LONG,0.8213,0.02648,0.0286,3,True,8.006,0.6783,>.80,
ZIL/USDT,2024-12-11,LONG,0.7377,0.02834,0.0286,2,True,0.9174,0.9125,.70-.80,
ZIL/USDT,2024-12-12,LONG,0.7629,0.02837,0.0286,1,True,0.8107,0.0139,.70-.80,
ZIL/USDT,2024-12-15,LONG,0.6119,0.02761,0.02656,1,True,-3.803,0.4069,.60-.70,
ZIL/USDT,2024-12-17,LONG,0.5878,0.02532,0.0223,1,True,-11.9273,0.6245,.55-.60,
ZIL/USDT,2024-12-20,LONG,0.7801,0.02144,0.02043,1,True,-4.7108,0.7329,.70-.80,
ZIL/USDT,2024-12-22,LONG,0.733,0.02076,0.02236,1,True,7.7071,0.2134,.70-.80,
ZIL/USDT,2024-12-24,LONG,0.5545,0.02356,0.02257,1,True,-4.202,0.7754,.55-.60,
ZIL/USDT,2024-12-28,LONG,0.5833,0.02215,0.02013,3,True,-9.1196,0.7321,.55-.60,
ZIL/USDT,2024-12-29,LONG,0.6636,0.0209,0.02013,2,True,-3.6842,0.9754,.60-.70,
ZIL/USDT,2024-12-30,LONG,0.6121,0.02091,0.02013,1,True,-3.7303,0.0084,.60-.70,
ZIL/USDT,2025-01-03,LONG,0.6358,0.02328,0.02319,1,True,-0.3866,1.3578,.60-.70,1-1.5x
ZIL/USDT,2025-01-06,LONG,0.5864,0.02437,0.02149,3,True,-11.8178,0.8976,.55-.60,
ZIL/USDT,2025-01-07,LONG,0.5887,0.02137,0.02149,2,True,0.5615,2.1,.55-.60,2-3x
ZIL/USDT,2025-01-12,LONG,0.644,0.02098,0.02364,5,False,12.6787,0.585,.60-.70,
ZIL/USDT,2025-01-13,LONG,0.6968,0.02015,0.02364,4,True,17.3201,0.8123,.60-.70,
ZIL/USDT,2025-01-14,LONG,0.6002,0.02164,0.02364,3,True,9.2421,1.4466,.60-.70,1-1.5x
ZIL/USDT,2025-01-15,LONG,0.6693,0.02301,0.02364,2,True,2.7379,1.262,.60-.70,1-1.5x
ZIL/USDT,2025-01-16,LONG,0.5538,0.0225,0.02364,1,True,5.0667,0.4384,.55-.60,
ZIL/USDT,2025-01-21,LONG,0.6924,0.02049,0.02001,1,True,-2.3426,0.5758,.60-.70,
ZIL/USDT,2025-01-24,LONG,0.6566,0.01938,0.01889,3,True,-2.5284,0.5409,.60-.70,
ZIL/USDT,2025-01-25,LONG,0.5803,0.01944,0.01889,2,True,-2.8292,0.0596,.55-.60,
ZIL/USDT,2025-01-26,LONG,0.6282,0.01916,0.01889,1,True,-1.4092,0.2879,.60-.70,
ZIL/USDT,2025-01-31,LONG,0.56,0.01878,0.01734,1,True,-7.6677,0.2834,.55-.60,
ZIL/USDT,2025-02-03,LONG,0.8915,0.01545,0.0145,1,True,-6.1489,0.3739,>.80,
ZIL/USDT,2025-02-11,LONG,0.647,0.01474,0.01473,4,True,-0.0678,0.2419,.60-.70,
ZIL/USDT,2025-02-13,LONG,0.6358,0.01506,0.01473,2,True,-2.1912,0.643,.60-.70,
ZIL/USDT,2025-02-14,LONG,0.5958,0.01525,0.01473,1,True,-3.4098,0.2844,.55-.60,
ZIL/USDT,2025-02-18,LONG,0.6116,0.01413,0.01494,4,True,5.7325,0.9937,.60-.70,
ZIL/USDT,2025-02-19,LONG,0.5905,0.01446,0.01494,3,True,3.3195,0.53,.55-.60,
ZIL/USDT,2025-02-28,LONG,0.5555,0.0137,0.01278,3,True,-6.7153,0.1409,.55-.60,
ZIL/USDT,2025-03-01,LONG,0.5998,0.0135,0.01278,2,True,-5.3333,0.4034,.55-.60,
ZIL/USDT,2025-03-04,LONG,0.6287,0.01273,0.01304,1,True,2.4352,0.0773,.60-.70,
ZIL/USDT,2025-03-07,LONG,0.6781,0.01281,0.01151,2,True,-10.1483,0.0,.60-.70,
ZIL/USDT,2025-03-11,LONG,0.7167,0.01185,0.01212,1,True,2.2785,0.986,.70-.80,
ZIL/USDT,2025-03-14,LONG,0.7334,0.01216,0.01191,2,True,-2.0559,0.4591,.70-.80,
ZIL/USDT,2025-03-15,LONG,0.7005,0.01241,0.01191,1,True,-4.029,0.3843,.70-.80,
ZIL/USDT,2025-03-17,LONG,0.6543,0.01246,0.01299,2,True,4.2536,0.9146,.60-.70,
ZIL/USDT,2025-03-18,LONG,0.5558,0.01253,0.01299,1,True,3.6712,0.1112,.55-.60,
ZIL/USDT,2025-03-20,LONG,0.5772,0.01281,0.01297,4,True,1.249,0.2729,.55-.60,
ZIL/USDT,2025-03-21,LONG,0.6037,0.01245,0.01297,3,True,4.1767,0.5506,.60-.70,
ZIL/USDT,2025-03-22,LONG,0.7679,0.01248,0.01297,2,True,3.9263,0.0536,.70-.80,
ZIL/USDT,2025-03-26,LONG,0.5574,0.0128,0.01131,5,False,-11.6406,0.8395,.55-.60,
ZIL/USDT,2025-03-28,LONG,0.7576,0.01171,0.01131,3,True,-3.4159,2.032,.70-.80,2-3x
ZIL/USDT,2025-03-29,LONG,0.6436,0.0112,0.01131,2,True,0.9821,1.2165,.60-.70,1-1.5x
ZIL/USDT,2025-04-02,LONG,0.5977,0.01085,0.01112,1,True,2.4885,1.6647,.55-.60,1.5-2x
ZIL/USDT,2025-04-05,LONG,0.6933,0.01113,0.0101,1,True,-9.2543,0.4376,.60-.70,
ENJ/USDT,2024-08-29,LONG,0.7683,0.144,0.144,1,True,0.0,0.4831,.70-.80,
ENJ/USDT,2024-09-03,LONG,0.6939,0.1335,0.1343,2,True,0.5993,0.8638,.60-.70,
ENJ/USDT,2024-09-04,LONG,0.8002,0.139,0.1343,1,True,-3.3813,1.115,>.80,1-1.5x
ENJ/USDT,2024-09-07,LONG,0.7962,0.1328,0.1376,1,True,3.6145,0.2034,.70-.80,
ENJ/USDT,2024-09-10,LONG,0.5852,0.1476,0.1421,1,True,-3.7263,0.0165,.55-.60,
ENJ/USDT,2024-09-12,LONG,0.6762,0.1446,0.1375,3,True,-4.9101,0.4758,.60-.70,
ENJ/USDT,2024-09-13,LONG,0.5676,0.1496,0.1375,2,True,-8.0882,0.921,.55-.60,
ENJ/USDT,2024-09-17,LONG,0.5843,0.1392,0.1525,3,True,9.5546,0.9657,.55-.60,
ENJ/USDT,2024-09-18,LONG,0.7648,0.1455,0.1525,2,True,4.811,1.1861,.70-.80,1-1.5x
ENJ/USDT,2024-09-19,LONG,0.7197,0.1488,0.1525,1,True,2.4866,0.5898,.70-.80,
ENJ/USDT,2024-09-23,LONG,0.5629,0.1552,0.1657,3,True,6.7655,0.8332,.55-.60,
ENJ/USDT,2024-09-24,LONG,0.5957,0.161,0.1657,2,True,2.9193,1.0727,.55-.60,1-1.5x
ENJ/USDT,2024-09-25,LONG,0.5556,0.1583,0.1657,1,True,4.6747,0.4938,.55-.60,
ENJ/USDT,2024-10-06,LONG,0.6613,0.1496,0.1424,3,True,-4.8128,0.2098,.60-.70,
ENJ/USDT,2024-10-07,LONG,0.735,0.1505,0.1424,2,True,-5.3821,0.1352,.70-.80,
ENJ/USDT,2024-10-08,LONG,0.5832,0.1486,0.1424,1,True,-4.1723,0.2895,.55-.60,
ENJ/USDT,2024-10-10,LONG,0.6168,0.1443,0.1511,3,True,4.7124,0.3027,.60-.70,
ENJ/USDT,2024-10-11,LONG,0.554,0.1516,0.1511,2,True,-0.3298,1.1155,.55-.60,1-1.5x
ENJ/USDT,2024-10-12,LONG,0.5572,0.1516,0.1511,1,True,-0.3298,0.0,.55-.60,
ENJ/USDT,2024-10-15,LONG,0.5826,0.1567,0.1481,2,True,-5.4882,0.3747,.55-.60,
ENJ/USDT,2024-10-19,LONG,0.5736,0.1567,0.1687,1,True,7.6579,0.4068,.55-.60,
ENJ/USDT,2024-10-21,LONG,0.7265,0.1612,0.1426,4,True,-11.5385,1.2839,.70-.80,1-1.5x
ENJ/USDT,2024-10-23,LONG,0.9159,0.1538,0.1426,2,True,-7.2822,1.5939,>.80,1.5-2x
ENJ/USDT,2024-10-24,LONG,0.8156,0.1593,0.1426,1,True,-10.4834,1.0077,>.80,1-1.5x
ENJ/USDT,2024-10-26,LONG,0.8465,0.1447,0.1469,1,True,1.5204,0.3415,>.80,
ENJ/USDT,2024-11-06,LONG,0.6016,0.148,0.1518,2,True,2.5676,2.1885,.60-.70,2-3x
ENJ/USDT,2024-11-10,LONG,0.6352,0.1651,0.1742,1,True,5.5118,1.0204,.60-.70,1-1.5x
ENJ/USDT,2024-11-12,LONG,0.8581,0.1677,0.1616,3,True,-3.6374,0.7854,>.80,
ENJ/USDT,2024-11-14,LONG,0.9462,0.1534,0.1616,1,True,5.3455,0.8239,>.80,
ENJ/USDT,2024-11-20,LONG,0.6212,0.1905,0.2748,5,False,44.252,0.6089,.60-.70,
ENJ/USDT,2024-11-21,LONG,0.9947,0.2007,0.269,5,False,34.0309,0.7303,>.80,
ENJ/USDT,2024-11-22,LONG,0.9693,0.21,0.2859,5,False,36.1429,0.6362,>.80,
ENJ/USDT,2024-11-23,LONG,0.8172,0.2396,0.2952,5,False,23.2053,1.8643,>.80,1.5-2x
ENJ/USDT,2024-11-24,LONG,0.9958,0.3025,0.2952,4,True,-2.4132,2.9289,>.80,2-3x
ENJ/USDT,2024-11-25,LONG,0.9471,0.2748,0.2952,3,True,7.4236,0.9652,>.80,
ENJ/USDT,2024-11-26,LONG,0.8613,0.269,0.2952,2,True,9.7398,0.2237,>.80,
ENJ/USDT,2024-11-27,LONG,0.991,0.2859,0.2952,1,True,3.2529,0.6657,>.80,
ENJ/USDT,2024-11-30,LONG,0.907,0.3295,0.351,3,True,6.525,0.9212,>.80,
ENJ/USDT,2024-12-01,LONG,0.7305,0.3258,0.351,2,True,7.7348,0.1176,.70-.80,
ENJ/USDT,2024-12-05,LONG,0.6546,0.3756,0.3648,3,True,-2.8754,0.0088,.60-.70,
ENJ/USDT,2024-12-06,LONG,0.7346,0.3775,0.3648,2,True,-3.3642,0.0578,.70-.80,
ENJ/USDT,2024-12-07,LONG,0.6268,0.3643,0.3648,1,True,0.1372,0.4067,.60-.70,
ENJ/USDT,2024-12-12,LONG,0.6715,0.3261,0.325,1,True,-0.3373,0.8622,.60-.70,
ENJ/USDT,2024-12-17,LONG,0.5729,0.2748,0.2462,1,True,-10.4076,0.887,.55-.60,
ENJ/USDT,2024-12-20,LONG,0.7006,0.2296,0.2191,1,True,-4.5732,0.5424,.70-.80,
ENJ/USDT,2024-12-24,LONG,0.5677,0.2467,0.2209,3,True,-10.458,0.5683,.55-.60,
ENJ/USDT,2024-12-29,LONG,0.6245,0.219,0.2091,2,True,-4.5205,0.8303,.60-.70,
ENJ/USDT,2024-12-30,LONG,0.5528,0.2169,0.2091,1,True,-3.5961,0.1528,.55-.60,
ENJ/USDT,2025-01-03,LONG,0.6027,0.2452,0.2096,5,False,-14.5188,1.4405,.60-.70,1-1.5x
ENJ/USDT,2025-01-04,LONG,0.6064,0.2429,0.2004,5,False,-17.4969,0.1584,.60-.70,
ENJ/USDT,2025-01-06,LONG,0.5702,0.2502,0.2032,4,True,-18.785,0.3595,.55-.60,
ENJ/USDT,2025-01-09,LONG,0.5617,0.2004,0.2032,1,True,1.3972,0.7869,.55-.60,
ENJ/USDT,2025-01-13,LONG,0.5916,0.1906,0.1963,5,False,2.9906,0.8795,.55-.60,
ENJ/USDT,2025-01-21,LONG,0.7172,0.1729,0.1686,2,True,-2.487,0.4656,.70-.80,
ENJ/USDT,2025-01-22,LONG,0.6868,0.1677,0.1686,1,True,0.5367,0.5071,.60-.70,
ENJ/USDT,2025-01-24,LONG,0.7235,0.1629,0.154,3,True,-5.4635,0.6154,.70-.80,
ENJ/USDT,2025-01-25,LONG,0.55,0.1633,0.154,2,True,-5.695,0.0448,.50-.55,
ENJ/USDT,2025-01-26,LONG,0.7489,0.1575,0.154,1,True,-2.2222,0.6566,.70-.80,
ENJ/USDT,2025-01-29,LONG,0.6792,0.1448,0.1524,1,True,5.2486,0.7361,.60-.70,
ENJ/USDT,2025-01-31,LONG,0.6144,0.1545,0.1424,1,True,-7.8317,0.2525,.60-.70,
ENJ/USDT,2025-02-03,LONG,0.8271,0.1261,0.1212,2,True,-3.8858,0.5396,>.80,
ENJ/USDT,2025-02-04,LONG,0.5933,0.1183,0.1212,1,True,2.4514,1.0416,.55-.60,1-1.5x
ENJ/USDT,2025-02-11,LONG,0.8334,0.1208,0.1249,4,True,3.394,0.1413,>.80,
ENJ/USDT,2025-02-13,LONG,0.7184,0.1249,0.1249,2,True,0.0,0.8826,.70-.80,
ENJ/USDT,2025-02-14,LONG,0.7307,0.128,0.1249,1,True,-2.4219,0.4266,.70-.80,
ENJ/USDT,2025-02-16,LONG,0.6311,0.1218,0.1216,1,True,-0.1642,0.4278,.60-.70,
ENJ/USDT,2025-02-18,LONG,0.6076,0.1156,0.1188,3,True,2.7682,0.9088,.60-.70,
ENJ/USDT,2025-02-19,LONG,0.5554,0.1208,0.1188,2,True,-1.6556,0.8351,.55-.60,
ENJ/USDT,2025-03-01,LONG,0.5644,0.1106,0.1012,3,True,-8.4991,0.5691,.55-.60,
ENJ/USDT,2025-03-03,LONG,0.98,0.1027,0.1012,1,True,-1.4606,2.3958,>.80,2-3x
ENJ/USDT,2025-03-05,LONG,0.573,0.1049,0.1011,1,True,-3.6225,0.6149,.55-.60,
ENJ/USDT,2025-03-07,LONG,0.8574,0.1014,0.0919,5,False,-9.3688,0.0501,>.80,
ENJ/USDT,2025-03-08,LONG,0.6248,0.0996,0.089,5,False,-10.6426,0.2999,.60-.70,
ENJ/USDT,2025-03-09,LONG,0.6938,0.0886,0.089,4,True,0.4515,1.7419,.60-.70,1.5-2x
ENJ/USDT,2025-03-11,LONG,0.8321,0.0905,0.089,2,True,-1.6575,1.0067,>.80,1-1.5x
ENJ/USDT,2025-03-14,LONG,0.8827,0.0909,0.0872,2,True,-4.0704,0.3412,>.80,
ENJ/USDT,2025-03-15,LONG,0.7026,0.0924,0.0872,1,True,-5.6277,0.2626,.70-.80,
ENJ/USDT,2025-03-17,LONG,0.7857,0.09196,0.09509,2,True,3.4037,0.9593,.70-.80,
ENJ/USDT,2025-03-18,LONG,0.7648,0.09222,0.09509,1,True,3.1121,0.0498,.70-.80,
ENJ/USDT,2025-03-20,LONG,0.793,0.0901,0.09145,3,True,1.4983,0.9044,.70-.80,
ENJ/USDT,2025-03-21,LONG,0.8989,0.08924,0.09145,2,True,2.4765,0.1649,>.80,
ENJ/USDT,2025-03-22,LONG,0.9171,0.09107,0.09145,1,True,0.4173,0.3868,>.80,
ENJ/USDT,2025-03-26,LONG,0.7706,0.09651,0.08065,5,False,-16.4335,0.8058,.70-.80,
ENJ/USDT,2025-03-27,LONG,0.8116,0.09575,0.08146,5,False,-14.9243,0.1798,>.80,
ENJ/USDT,2025-03-28,LONG,0.8087,0.08802,0.07368,5,False,-16.2918,1.7128,>.80,1.5-2x
ENJ/USDT,2025-03-29,LONG,0.7038,0.08252,0.07368,4,True,-10.7126,1.4708,.70-.80,1-1.5x
ENJ/USDT,2025-03-30,LONG,0.6635,0.08277,0.07368,3,True,-10.9822,0.0729,.60-.70,
ENJ/USDT,2025-03-31,LONG,0.7563,0.08065,0.07368,2,True,-8.6423,0.6583,.70-.80,
ONE/USDT,2024-08-27,LONG,0.6453,0.01215,0.01207,1,True,-0.6584,1.042,.60-.70,1-1.5x
ONE/USDT,2024-08-31,LONG,0.6361,0.01091,0.01092,5,False,0.0917,0.7953,.60-.70,
ONE/USDT,2024-09-01,LONG,0.591,0.01044,0.01092,4,True,4.5977,1.0199,.55-.60,1-1.5x
ONE/USDT,2024-09-03,LONG,0.6581,0.01076,0.01092,2,True,1.487,1.1255,.60-.70,1-1.5x
ONE/USDT,2024-09-04,LONG,0.6863,0.0111,0.01092,1,True,-1.6216,0.6659,.60-.70,
ONE/USDT,2024-09-08,LONG,0.7099,0.01098,0.01176,2,True,7.1038,0.6211,.70-.80,
ONE/USDT,2024-09-12,LONG,0.6538,0.01202,0.0127,2,True,5.6572,1.071,.60-.70,1-1.5x
ONE/USDT,2024-09-15,LONG,0.7015,0.01169,0.01244,3,True,6.4157,1.758,.70-.80,1.5-2x
ONE/USDT,2024-09-16,LONG,0.6102,0.01141,0.01244,2,True,9.0272,0.5457,.60-.70,
ONE/USDT,2024-09-17,LONG,0.5994,0.01197,0.01244,1,True,3.9265,1.0825,.55-.60,1-1.5x
ONE/USDT,2024-09-25,LONG,0.5976,0.01401,0.0147,4,True,4.9251,0.5095,.55-.60,
ONE/USDT,2024-09-26,LONG,0.6055,0.01447,0.0147,3,True,1.5895,0.9008,.60-.70,
ONE/USDT,2024-09-27,LONG,0.599,0.01509,0.0147,2,True,-2.5845,1.161,.55-.60,1-1.5x
ONE/USDT,2024-09-28,LONG,0.6966,0.01466,0.0147,1,True,0.2729,0.7457,.60-.70,
ONE/USDT,2024-10-03,LONG,0.7832,0.01168,0.01301,4,True,11.387,0.5381,.70-.80,
ONE/USDT,2024-10-04,LONG,0.8311,0.01245,0.01301,3,True,4.498,1.3599,>.80,1-1.5x
ONE/USDT,2024-10-05,LONG,0.6235,0.01214,0.01301,2,True,7.1664,0.5512,.60-.70,
ONE/USDT,2024-10-09,LONG,0.7398,0.01226,0.01224,1,True,-0.1631,1.2516,.70-.80,1-1.5x
ONE/USDT,2024-10-13,LONG,0.6387,0.01312,0.01369,3,True,4.3445,0.4058,.60-.70,
ONE/USDT,2024-10-15,LONG,0.8343,0.0139,0.01369,1,True,-1.5108,0.047,>.80,
ONE/USDT,2024-10-17,LONG,0.6355,0.01337,0.01404,1,True,5.0112,0.5254,.60-.70,
ONE/USDT,2024-10-20,LONG,0.7364,0.01529,0.01421,1,True,-7.0634,1.6827,.70-.80,1.5-2x
ONE/USDT,2024-10-23,LONG,0.8068,0.01312,0.01379,1,True,5.1067,1.3021,>.80,1-1.5x
ONE/USDT,2024-10-25,LONG,0.6158,0.01218,0.01234,2,True,1.3136,2.316,.60-.70,2-3x
ONE/USDT,2024-10-26,LONG,0.7082,0.01212,0.01234,1,True,1.8152,0.1,.70-.80,
ONE/USDT,2024-10-31,LONG,0.8098,0.01199,0.01164,2,True,-2.9191,1.0381,>.80,1-1.5x
ONE/USDT,2024-11-01,LONG,0.5772,0.01193,0.01164,1,True,-2.4308,0.1081,.55-.60,
ONE/USDT,2024-11-03,LONG,0.6558,0.01097,0.01285,5,False,17.1376,1.2673,.60-.70,1-1.5x
ONE/USDT,2024-11-04,LONG,0.5614,0.01068,0.01285,4,True,20.3184,0.5817,.55-.60,
ONE/USDT,2024-11-05,LONG,0.6169,0.01115,0.01285,3,True,15.2466,0.9337,.60-.70,
ONE/USDT,2024-11-06,LONG,0.824,0.01256,0.01285,2,True,2.3089,2.2643,>.80,2-3x
ONE/USDT,2024-11-09,LONG,0.8451,0.01382,0.01307,5,False,-5.4269,1.3803,>.80,1-1.5x
ONE/USDT,2024-11-12,LONG,0.9446,0.01488,0.01391,3,True,-6.5188,1.3577,>.80,1-1.5x
ONE/USDT,2024-11-13,LONG,0.7025,0.01395,0.01391,2,True,-0.2867,1.0162,.70-.80,1-1.5x
ONE/USDT,2024-11-14,LONG,0.9751,0.01307,0.01391,1,True,6.4269,1.1059,>.80,1-1.5x
ONE/USDT,2024-11-22,LONG,0.8958,0.01729,0.02083,1,True,20.4743,1.3735,>.80,1-1.5x
ONE/USDT,2024-11-24,LONG,0.9763,0.02452,0.02396,3,True,-2.2838,1.9593,>.80,1.5-2x
ONE/USDT,2024-11-25,LONG,0.8147,0.02451,0.02396,2,True,-2.244,0.0045,>.80,
ONE/USDT,2024-11-26,LONG,0.967,0.02312,0.02396,1,True,3.6332,0.6199,>.80,
ONE/USDT,2024-11-30,LONG,0.939,0.02835,0.03029,3,True,6.843,0.6386,>.80,
ONE/USDT,2024-12-01,LONG,0.6744,0.02943,0.03029,2,True,2.9222,0.4197,.60-.70,
ONE/USDT,2024-12-02,LONG,0.8242,0.02977,0.03029,1,True,1.7467,0.1331,>.80,
ONE/USDT,2024-12-05,LONG,0.7858,0.03187,0.03404,4,True,6.8089,0.3978,.70-.80,
ONE/USDT,2024-12-06,LONG,0.703,0.03966,0.03404,3,True,-14.1704,2.6132,.70-.80,2-3x
ONE/USDT,2024-12-07,LONG,0.9513,0.04564,0.03404,2,True,-25.4163,1.6581,>.80,1.5-2x
ONE/USDT,2024-12-13,LONG,0.8472,0.03475,0.03254,1,True,-6.3597,0.3003,>.80,
ONE/USDT,2024-12-15,LONG,0.7741,0.03425,0.03281,1,True,-4.2044,0.5733,.70-.80,
ONE/USDT,2024-12-18,LONG,0.8972,0.02781,0.02505,1,True,-9.9245,1.2372,>.80,1-1.5x
ONE/USDT,2024-12-20,LONG,0.7877,0.02675,0.0304,3,True,13.6449,0.6964,.70-.80,
ONE/USDT,2024-12-21,LONG,0.7895,0.02511,0.0304,2,True,21.0673,0.6254,.70-.80,
ONE/USDT,2024-12-22,LONG,0.7717,0.0255,0.0304,1,True,19.2157,0.1584,.70-.80,
ONE/USDT,2024-12-24,LONG,0.6119,0.0324,0.03219,1,True,-0.6481,0.6174,.60-.70,
ONE/USDT,2024-12-28,LONG,0.6154,0.0299,0.02636,3,True,-11.8395,0.5453,.60-.70,
ONE/USDT,2024-12-29,LONG,0.6671,0.02817,0.02636,2,True,-6.4253,0.7998,.60-.70,
ONE/USDT,2024-12-30,LONG,0.5786,0.02751,0.02636,1,True,-4.1803,0.3235,.55-.60,
ONE/USDT,2025-01-03,LONG,0.6173,0.03214,0.03093,1,True,-3.7648,1.5589,.60-.70,1.5-2x
ONE/USDT,2025-01-06,LONG,0.6271,0.03034,0.02402,4,True,-20.8306,0.2882,.60-.70,
ONE/USDT,2025-01-13,LONG,0.566,0.02298,0.02561,5,False,11.4447,0.2846,.55-.60,
ONE/USDT,2025-01-21,LONG,0.6188,0.02265,0.02095,3,True,-7.5055,0.5355,.60-.70,
ONE/USDT,2025-01-22,LONG,0.5538,0.0218,0.02095,2,True,-3.8991,0.5115,.55-.60,
ONE/USDT,2025-01-23,LONG,0.6193,0.02181,0.02095,1,True,-3.9431,0.0069,.60-.70,
ONE/USDT,2025-02-06,LONG,0.9618,0.01353,0.01455,3,True,7.5388,0.9383,>.80,
ONE/USDT,2025-02-11,LONG,0.6893,0.01542,0.01604,3,True,4.0208,0.076,.60-.70,
ONE/USDT,2025-02-13,LONG,0.6903,0.01605,0.01604,1,True,-0.0623,0.6009,.60-.70,
ONE/USDT,2025-02-15,LONG,0.7559,0.01531,0.01509,1,True,-1.437,0.7142,.70-.80,
ONE/USDT,2025-02-17,LONG,0.5761,0.01539,0.01453,1,True,-5.588,0.3258,.55-.60,
ONE/USDT,2025-02-20,LONG,0.5572,0.01607,0.01675,2,True,4.2315,1.3843,.55-.60,1-1.5x
ONE/USDT,2025-02-25,LONG,0.5615,0.0143,0.01606,5,False,12.3077,0.6739,.55-.60,
ONE/USDT,2025-02-26,LONG,0.6461,0.0146,0.01349,5,False,-7.6027,0.3865,.60-.70,
ONE/USDT,2025-02-27,LONG,0.655,0.01452,0.01349,4,True,-7.0937,0.101,.60-.70,
ONE/USDT,2025-02-28,LONG,0.6133,0.01456,0.01349,3,True,-7.3489,0.052,.60-.70,
ONE/USDT,2025-03-01,LONG,0.5932,0.01424,0.01349,2,True,-5.2669,0.4127,.55-.60,
ONE/USDT,2025-03-04,LONG,0.5665,0.01321,0.01345,1,True,1.8168,0.3109,.55-.60,
ONE/USDT,2025-03-07,LONG,0.6048,0.01309,0.01155,2,True,-11.7647,0.2389,.60-.70,
ONE/USDT,2025-03-08,LONG,0.5754,0.01262,0.01155,1,True,-8.4786,0.5407,.55-.60,
ONE/USDT,2025-03-11,LONG,0.7315,0.01079,0.01127,1,True,4.4486,0.3804,.70-.80,
ONE/USDT,2025-03-14,LONG,0.762,0.0112,0.01091,2,True,-2.5893,0.3151,.70-.80,
ONE/USDT,2025-03-15,LONG,0.646,0.01144,0.01091,1,True,-4.6329,0.3196,.60-.70,
ONE/USDT,2025-03-17,LONG,0.6502,0.01151,0.01159,4,True,0.695,0.9162,.60-.70,
ONE/USDT,2025-03-18,LONG,0.7853,0.01141,0.01159,3,True,1.5776,0.1457,.70-.80,
ONE/USDT,2025-03-19,LONG,0.667,0.01229,0.01159,2,True,-5.6957,1.229,.60-.70,1-1.5x
ONE/USDT,2025-03-20,LONG,0.5674,0.01178,0.01159,1,True,-1.6129,0.6566,.55-.60,
ONE/USDT,2025-03-23,LONG,0.589,0.01182,0.01171,5,False,-0.9306,0.3074,.55-.60,
ONE/USDT,2025-03-24,LONG,0.8233,0.01278,0.01086,5,False,-15.0235,1.714,>.80,1.5-2x
ONE/USDT,2025-03-26,LONG,0.5873,0.01278,0.01081,4,True,-15.4147,0.0833,.55-.60,
ONE/USDT,2025-03-27,LONG,0.714,0.01281,0.01081,3,True,-15.6128,0.0499,.70-.80,
ONE/USDT,2025-04-02,LONG,0.5955,0.01029,0.00923,4,True,-10.3013,1.3653,.55-.60,1-1.5x
ONE/USDT,2025-04-04,LONG,0.5581,0.0106,0.00923,2,True,-12.9245,0.0208,.55-.60,
ONE/USDT,2025-04-05,LONG,0.6545,0.01043,0.00923,1,True,-11.5053,0.3614,.60-.70,
RVN/USDT,2024-08-27,LONG,0.5911,0.01711,0.01679,2,True,-1.8703,1.3369,.55-.60,1-1.5x
RVN/USDT,2024-08-28,LONG,0.5666,0.01686,0.01679,1,True,-0.4152,0.3479,.55-.60,
RVN/USDT,2024-09-04,LONG,0.6041,0.01605,0.01613,1,True,0.4984,1.0002,.60-.70,1-1.5x
RVN/USDT,2024-09-07,LONG,0.6232,0.016,0.01777,5,False,11.0625,0.8243,.60-.70,
RVN/USDT,2024-09-08,LONG,0.8342,0.01684,0.01754,5,False,4.1568,1.1983,>.80,1-1.5x
RVN/USDT,2024-09-09,LONG,0.7242,0.01761,0.01733,5,False,-1.59,1.0296,.70-.80,1-1.5x
RVN/USDT,2024-09-11,LONG,0.7536,0.01688,0.01612,5,False,-4.5024,0.6027,.70-.80,
RVN/USDT,2024-09-12,LONG,0.7437,0.01777,0.01612,4,True,-9.2853,1.3633,.70-.80,1-1.5x
RVN/USDT,2024-09-15,LONG,0.6202,0.01654,0.01612,1,True,-2.5393,1.2158,.60-.70,1-1.5x
RVN/USDT,2024-09-17,LONG,0.6658,0.01669,0.01715,1,True,2.7561,0.9789,.60-.70,
RVN/USDT,2024-09-20,LONG,0.6766,0.01798,0.01843,1,True,2.5028,0.2129,.60-.70,
RVN/USDT,2024-09-23,LONG,0.5632,0.01798,0.01869,3,True,3.9488,0.2741,.55-.60,
RVN/USDT,2024-09-24,LONG,0.6191,0.01811,0.01869,2,True,3.2027,0.2271,.60-.70,
RVN/USDT,2024-09-28,LONG,0.642,0.01891,0.01774,2,True,-6.1872,0.5922,.60-.70,
RVN/USDT,2024-09-29,LONG,0.6715,0.0191,0.01774,1,True,-7.1204,0.3541,.60-.70,
RVN/USDT,2024-10-05,LONG,0.6665,0.01649,0.01635,3,True,-0.849,0.3188,.60-.70,
RVN/USDT,2024-10-07,LONG,0.8648,0.01661,0.01635,1,True,-1.5653,0.4673,>.80,
RVN/USDT,2024-10-15,LONG,0.776,0.01728,0.01701,1,True,-1.5625,0.4884,.70-.80,
RVN/USDT,2024-10-19,LONG,0.7,0.01784,0.01761,2,True,-1.2892,1.0262,.60-.70,1-1.5x
RVN/USDT,2024-10-20,LONG,0.7684,0.01862,0.01761,1,True,-5.4243,1.2448,.70-.80,1-1.5x
RVN/USDT,2024-10-24,LONG,0.9863,0.02122,0.0173,1,True,-18.4731,3.8745,>.80,3-5x
RVN/USDT,2024-10-27,LONG,0.9949,0.01705,0.0171,1,True,0.2933,0.2923,>.80,
RVN/USDT,2024-10-31,LONG,0.8647,0.01692,0.01597,3,True,-5.6147,0.7788,>.80,
RVN/USDT,2024-11-01,LONG,0.6549,0.01675,0.01597,2,True,-4.6567,0.1229,.60-.70,
RVN/USDT,2024-11-12,LONG,0.6499,0.02016,0.02072,3,True,2.7778,0.3696,.60-.70,
RVN/USDT,2024-11-13,LONG,0.6159,0.01995,0.02072,2,True,3.8596,0.1803,.60-.70,
RVN/USDT,2024-11-14,LONG,0.793,0.01947,0.02072,1,True,6.4201,0.6153,.70-.80,
RVN/USDT,2024-11-22,LONG,0.6529,0.02283,0.02434,3,True,6.6141,0.1598,.60-.70,
RVN/USDT,2024-11-23,LONG,0.5832,0.02534,0.02434,2,True,-3.9463,1.9935,.55-.60,1.5-2x
RVN/USDT,2024-11-24,LONG,0.6128,0.02592,0.02434,1,True,-6.0957,0.4225,.60-.70,
RVN/USDT,2024-11-26,LONG,0.7646,0.0229,0.02444,2,True,6.7249,1.0201,.70-.80,1-1.5x
RVN/USDT,2024-11-27,LONG,0.5501,0.02436,0.02444,1,True,0.3284,1.0805,.55-.60,1-1.5x
RVN/USDT,2024-11-30,LONG,0.57,0.02663,0.034,3,True,27.6756,0.7815,.55-.60,
RVN/USDT,2024-12-01,LONG,0.6334,0.02686,0.034,2,True,26.5823,0.1491,.60-.70,
RVN/USDT,2024-12-05,LONG,0.8622,0.03183,0.03269,3,True,2.7019,1.0553,>.80,1-1.5x
RVN/USDT,2024-12-06,LONG,0.967,0.03325,0.03269,2,True,-1.6842,0.6352,>.80,
RVN/USDT,2024-12-07,LONG,0.7452,0.03211,0.03269,1,True,1.8063,0.503,.70-.80,
RVN/USDT,2024-12-09,LONG,0.6572,0.0262,0.0254,1,True,-3.0534,2.5096,.60-.70,2-3x
RVN/USDT,2024-12-17,LONG,0.6152,0.02563,0.02263,1,True,-11.705,0.8385,.60-.70,
RVN/USDT,2024-12-19,LONG,0.6786,0.0213,0.02047,2,True,-3.8967,0.7192,.60-.70,
RVN/USDT,2024-12-20,LONG,0.7443,0.02178,0.02047,1,True,-6.0147,0.2778,.70-.80,
RVN/USDT,2024-12-28,LONG,0.5698,0.02173,0.02016,3,True,-7.225,0.6048,.55-.60,
RVN/USDT,2024-12-29,LONG,0.5808,0.02056,0.02016,2,True,-1.9455,1.0126,.55-.60,1-1.5x
RVN/USDT,2024-12-30,LONG,0.6078,0.02051,0.02016,1,True,-1.7065,0.0459,.60-.70,
RVN/USDT,2025-01-03,LONG,0.6403,0.02331,0.02,5,False,-14.1999,1.2128,.60-.70,1-1.5x
RVN/USDT,2025-01-05,LONG,0.6822,0.02306,0.02,3,True,-13.2697,0.3758,.60-.70,
RVN/USDT,2025-01-06,LONG,0.6278,0.02304,0.02,2,True,-13.1944,0.0181,.60-.70,
RVN/USDT,2025-01-07,LONG,0.6583,0.02037,0.02,1,True,-1.8164,2.4219,.60-.70,2-3x
RVN/USDT,2025-01-11,LONG,0.5802,0.01974,0.02041,5,False,3.3941,0.1023,.55-.60,
RVN/USDT,2025-01-13,LONG,0.627,0.01874,0.02051,5,False,9.445,0.8647,.60-.70,
RVN/USDT,2025-01-14,LONG,0.5739,0.01956,0.02051,4,True,4.8569,1.0296,.55-.60,1-1.5x
RVN/USDT,2025-01-15,LONG,0.6368,0.02089,0.02051,3,True,-1.8191,1.5596,.60-.70,1.5-2x
RVN/USDT,2025-01-21,LONG,0.736,0.01948,0.01901,1,True,-2.4127,0.8004,.70-.80,
RVN/USDT,2025-01-23,LONG,0.6824,0.01865,0.01799,4,True,-3.5389,0.4326,.60-.70,
RVN/USDT,2025-01-24,LONG,0.6178,0.01846,0.01799,3,True,-2.546,0.2338,.60-.70,
RVN/USDT,2025-01-25,LONG,0.5633,0.01856,0.01799,2,True,-3.0711,0.124,.55-.60,
RVN/USDT,2025-01-26,LONG,0.6051,0.01847,0.01799,1,True,-2.5988,0.1111,.60-.70,
RVN/USDT,2025-01-28,LONG,0.5904,0.01706,0.01698,4,True,-0.4689,1.3776,.55-.60,1-1.5x
RVN/USDT,2025-01-29,LONG,0.5752,0.01764,0.01698,3,True,-3.7415,0.8855,.55-.60,
RVN/USDT,2025-02-03,LONG,0.9013,0.01579,0.01463,2,True,-7.3464,0.8588,>.80,
RVN/USDT,2025-02-04,LONG,0.5842,0.01478,0.01463,1,True,-1.0149,1.4367,.55-.60,1-1.5x
RVN/USDT,2025-02-10,LONG,0.6387,0.01436,0.01474,5,False,2.6462,0.3884,.60-.70,
RVN/USDT,2025-02-11,LONG,0.6765,0.01449,0.01474,4,True,1.7253,0.2245,.60-.70,
RVN/USDT,2025-02-13,LONG,0.685,0.01476,0.01474,2,True,-0.1355,0.9014,.60-.70,
RVN/USDT,2025-02-14,LONG,0.5973,0.01498,0.01474,1,True,-1.6021,0.3368,.55-.60,
RVN/USDT,2025-02-23,LONG,0.6749,0.01492,0.01351,4,True,-9.4504,0.1607,.60-.70,
RVN/USDT,2025-02-26,LONG,0.5847,0.01349,0.01351,1,True,0.1483,0.329,.55-.60,
RVN/USDT,2025-03-07,LONG,0.6149,0.01266,0.01122,2,True,-11.3744,0.0699,.60-.70,
RVN/USDT,2025-03-08,LONG,0.5529,0.01248,0.01122,1,True,-10.0962,0.2527,.55-.60,
RVN/USDT,2025-03-11,LONG,0.6403,0.0118,0.01217,1,True,3.1356,1.1742,.60-.70,1-1.5x
RVN/USDT,2025-03-14,LONG,0.6014,0.01234,0.01216,4,True,-1.4587,0.5656,.60-.70,
RVN/USDT,2025-03-15,LONG,0.574,0.01241,0.01216,3,True,-2.0145,0.091,.55-.60,
RVN/USDT,2025-03-16,LONG,0.6228,0.01201,0.01216,2,True,1.249,0.5647,.60-.70,
RVN/USDT,2025-03-21,LONG,0.7482,0.01231,0.01217,2,True,-1.1373,0.149,.70-.80,
RVN/USDT,2025-03-22,LONG,0.8868,0.01236,0.01217,1,True,-1.5372,0.0766,>.80,
RVN/USDT,2025-03-24,LONG,0.7095,0.01296,0.01268,3,True,-2.1605,1.5201,.70-.80,1.5-2x
RVN/USDT,2025-03-25,LONG,0.7593,0.0131,0.01268,2,True,-3.2061,0.2605,.70-.80,
RVN/USDT,2025-03-30,LONG,0.5728,0.01122,0.01106,1,True,-1.426,0.1592,.55-.60,
RVN/USDT,2025-04-03,LONG,0.581,0.01064,0.01088,1,True,2.2556,0.4971,.55-.60,
BAT/USDT,2024-09-15,LONG,0.5589,0.1717,0.177,3,True,3.0868,0.3153,.55-.60,
BAT/USDT,2024-09-16,LONG,0.5606,0.1683,0.177,2,True,5.1693,0.7789,.55-.60,
BAT/USDT,2024-09-24,LONG,0.5816,0.1949,0.1945,2,True,-0.2052,0.2765,.55-.60,
BAT/USDT,2024-10-04,LONG,0.8697,0.1694,0.1702,1,True,0.4723,0.909,>.80,
BAT/USDT,2024-10-07,LONG,0.9449,0.1739,0.1716,1,True,-1.3226,0.214,>.80,
BAT/USDT,2024-10-11,LONG,0.6048,0.1733,0.1753,1,True,1.1541,1.4519,.60-.70,1-1.5x
BAT/USDT,2024-10-16,LONG,0.7045,0.1769,0.1783,5,False,0.7914,0.6985,.70-.80,
BAT/USDT,2024-10-17,LONG,0.7975,0.173,0.1759,5,False,1.6763,0.7344,.70-.80,
BAT/USDT,2024-10-18,LONG,0.6381,0.1771,0.1728,5,False,-2.428,0.7777,.60-.70,
BAT/USDT,2024-10-19,LONG,0.8027,0.1795,0.1764,5,False,-1.727,0.4414,>.80,
BAT/USDT,2024-10-20,LONG,0.8323,0.1843,0.1764,4,True,-4.2865,0.9609,>.80,
BAT/USDT,2024-10-21,LONG,0.6878,0.1783,0.1764,3,True,-1.0656,1.3412,.60-.70,1-1.5x
BAT/USDT,2024-10-22,LONG,0.7078,0.1759,0.1764,2,True,0.2843,0.5754,.70-.80,
BAT/USDT,2024-10-23,LONG,0.6925,0.1728,0.1764,1,True,2.0833,0.7404,.60-.70,
BAT/USDT,2024-10-28,LONG,0.6607,0.166,0.1699,2,True,2.3494,0.2026,.60-.70,
BAT/USDT,2024-10-29,LONG,0.7138,0.1729,0.1699,1,True,-1.7351,1.3468,.70-.80,1-1.5x
BAT/USDT,2024-11-03,LONG,0.6529,0.1514,0.1573,2,True,3.897,0.8157,.60-.70,
BAT/USDT,2024-11-04,LONG,0.7583,0.1493,0.1573,1,True,5.3583,0.4623,.70-.80,
BAT/USDT,2024-11-09,LONG,0.8407,0.1747,0.184,1,True,5.3234,0.6053,>.80,
BAT/USDT,2024-11-13,LONG,0.959,0.1877,0.1923,2,True,2.4507,1.102,>.80,1-1.5x
BAT/USDT,2024-11-14,LONG,0.9921,0.1817,0.1923,1,True,5.8338,0.8497,>.80,
BAT/USDT,2024-11-22,LONG,0.9639,0.2315,0.2977,5,False,28.5961,1.2228,>.80,1-1.5x
BAT/USDT,2024-11-23,LONG,0.7053,0.2494,0.3038,5,False,21.8123,1.221,.70-.80,1-1.5x
BAT/USDT,2024-11-24,LONG,0.9572,0.2892,0.3038,4,True,5.0484,2.3116,>.80,2-3x
BAT/USDT,2024-11-25,LONG,0.9987,0.2673,0.3038,3,True,13.6551,1.0343,>.80,1-1.5x
BAT/USDT,2024-11-26,LONG,0.5652,0.2828,0.3038,2,True,7.4257,0.8016,.55-.60,
BAT/USDT,2024-11-27,LONG,0.8927,0.2977,0.3038,1,True,2.049,0.7291,>.80,
BAT/USDT,2024-11-29,LONG,0.5702,0.3284,0.3257,3,True,-0.8222,1.1136,.55-.60,1-1.5x
BAT/USDT,2024-12-01,LONG,0.9371,0.3201,0.3257,1,True,1.7495,0.017,>.80,
BAT/USDT,2024-12-05,LONG,0.7757,0.3346,0.3394,3,True,1.4345,0.7003,.70-.80,
BAT/USDT,2024-12-06,LONG,0.7993,0.3433,0.3394,2,True,-1.136,0.3725,.70-.80,
BAT/USDT,2024-12-07,LONG,0.6854,0.3377,0.3394,1,True,0.5034,0.251,.60-.70,
BAT/USDT,2024-12-09,LONG,0.5678,0.2757,0.2675,1,True,-2.9742,2.5651,.55-.60,2-3x
BAT/USDT,2024-12-12,LONG,0.6959,0.2957,0.2953,1,True,-0.1353,0.2417,.60-.70,
BAT/USDT,2024-12-25,LONG,0.8617,0.2608,0.2557,3,True,-1.9555,0.8196,>.80,
BAT/USDT,2024-12-26,LONG,0.6209,0.2456,0.2557,2,True,4.1124,0.7225,.60-.70,
BAT/USDT,2024-12-27,LONG,0.9317,0.2403,0.2557,1,True,6.4087,0.2675,>.80,
BAT/USDT,2024-12-30,LONG,0.8693,0.2361,0.2422,2,True,2.5837,0.1158,>.80,
BAT/USDT,2024-12-31,LONG,0.8604,0.2329,0.2422,1,True,3.9931,0.1954,>.80,
BAT/USDT,2025-01-02,LONG,0.5549,0.2485,0.2537,5,False,2.0926,0.3695,.55-.60,
BAT/USDT,2025-01-03,LONG,0.6443,0.2589,0.2468,5,False,-4.6736,0.5973,.60-.70,
BAT/USDT,2025-01-04,LONG,0.7191,0.2577,0.2468,4,True,-4.2297,0.0666,.70-.80,
BAT/USDT,2025-01-13,LONG,0.6813,0.2373,0.2641,4,True,11.2937,0.8368,.60-.70,
BAT/USDT,2025-01-14,LONG,0.6104,0.2491,0.2641,3,True,6.0217,1.1164,.60-.70,1-1.5x
BAT/USDT,2025-01-15,LONG,0.6029,0.2594,0.2641,2,True,1.8119,0.9529,.60-.70,
BAT/USDT,2025-01-16,LONG,0.5538,0.2536,0.2641,1,True,4.1404,0.515,.55-.60,
BAT/USDT,2025-01-21,LONG,0.6149,0.2396,0.2246,3,True,-6.2604,0.7332,.60-.70,
BAT/USDT,2025-01-22,LONG,0.6076,0.2302,0.2246,2,True,-2.4327,0.8473,.60-.70,
BAT/USDT,2025-01-23,LONG,0.6176,0.2299,0.2246,1,True,-2.3054,0.0289,.60-.70,
BAT/USDT,2025-01-26,LONG,0.6036,0.2261,0.225,1,True,-0.4865,0.3105,.60-.70,
BAT/USDT,2025-01-29,LONG,0.5885,0.2131,0.2229,1,True,4.5988,0.6252,.55-.60,
BAT/USDT,2025-01-31,LONG,0.5623,0.2217,0.2098,1,True,-5.3676,0.1319,.55-.60,
BAT/USDT,2025-02-03,LONG,0.6785,0.1915,0.1686,3,True,-11.9582,0.4212,.60-.70,
BAT/USDT,2025-02-09,LONG,0.773,0.1768,0.1898,5,False,7.3529,0.4478,.70-.80,
BAT/USDT,2025-02-11,LONG,0.5549,0.1801,0.1838,4,True,2.0544,0.6034,.55-.60,
BAT/USDT,2025-02-22,LONG,0.5885,0.1844,0.1678,5,False,-9.0022,0.8172,.55-.60,
BAT/USDT,2025-02-26,LONG,0.5532,0.1653,0.1678,1,True,1.5124,0.2028,.55-.60,
BAT/USDT,2025-03-04,LONG,0.6382,0.1566,0.1627,1,True,3.8953,0.0128,.60-.70,
BAT/USDT,2025-03-07,LONG,0.7765,0.1602,0.1473,2,True,-8.0524,0.1598,.70-.80,
BAT/USDT,2025-03-10,LONG,0.588,0.143,0.1437,3,True,0.4895,0.5725,.55-.60,
BAT/USDT,2025-03-11,LONG,0.6089,0.1464,0.1437,2,True,-1.8443,0.4619,.60-.70,
BAT/USDT,2025-03-12,LONG,0.5761,0.1479,0.1437,1,True,-2.8398,0.2075,.55-.60,
BAT/USDT,2025-03-20,LONG,0.6092,0.1522,0.1496,2,True,-1.7083,0.7385,.60-.70,
BAT/USDT,2025-03-21,LONG,0.6576,0.1477,0.1496,1,True,1.2864,0.6217,.60-.70,
BAT/USDT,2025-03-26,LONG,0.6379,0.154,0.1347,3,True,-12.5325,0.98,.60-.70,
BAT/USDT,2025-03-27,LONG,0.7513,0.1533,0.1347,2,True,-12.1331,0.1418,.70-.80,
BAT/USDT,2025-03-28,LONG,0.7266,0.1428,0.1347,1,True,-5.6723,1.9536,.70-.80,1.5-2x
BAT/USDT,2025-03-30,LONG,0.643,0.1354,0.1401,2,True,3.4712,0.1503,.60-.70,
BAT/USDT,2025-03-31,LONG,0.7698,0.1369,0.1401,1,True,2.3375,0.3241,.70-.80,
BAT/USDT,2025-04-05,LONG,0.6488,0.1329,0.1196,1,True,-10.0075,0.2491,.60-.70,
LRC/USDT,2024-09-02,LONG,0.6171,0.1269,0.1193,1,True,-5.989,1.6987,.60-.70,1.5-2x
LRC/USDT,2024-09-05,LONG,0.6289,0.1188,0.1155,1,True,-2.7778,0.7817,.60-.70,
LRC/USDT,2024-09-07,LONG,0.6583,0.1168,0.1195,1,True,2.3116,0.2536,.60-.70,
LRC/USDT,2024-09-10,LONG,0.5956,0.123,0.121,4,True,-1.626,0.0,.55-.60,
LRC/USDT,2024-09-11,LONG,0.6728,0.119,0.121,3,True,1.6807,0.7434,.60-.70,
LRC/USDT,2024-09-12,LONG,0.6151,0.1225,0.121,2,True,-1.2245,0.7821,.60-.70,
LRC/USDT,2024-09-15,LONG,0.7175,0.1173,0.1249,5,False,6.4791,0.8746,.70-.80,
LRC/USDT,2024-09-16,LONG,0.7157,0.1136,0.1274,5,False,12.1479,0.942,.70-.80,
LRC/USDT,2024-09-18,LONG,0.8893,0.1207,0.1259,5,False,4.3082,1.0799,>.80,1-1.5x
LRC/USDT,2024-09-19,LONG,0.809,0.1244,0.1259,4,True,1.2058,0.861,>.80,
LRC/USDT,2024-09-20,LONG,0.6615,0.1249,0.1259,3,True,0.8006,0.1129,.60-.70,
LRC/USDT,2024-09-21,LONG,0.7587,0.1274,0.1259,2,True,-1.1774,0.6068,.70-.80,
LRC/USDT,2024-09-22,LONG,0.7077,0.123,0.1259,1,True,2.3577,1.1574,.70-.80,1-1.5x
LRC/USDT,2024-09-25,LONG,0.6462,0.1331,0.1318,5,False,-0.9767,1.2965,.60-.70,1-1.5x
LRC/USDT,2024-09-26,LONG,0.6257,0.1392,0.1318,4,True,-5.3161,1.7678,.60-.70,1.5-2x
LRC/USDT,2024-09-27,LONG,0.6492,0.1415,0.1318,3,True,-6.8551,0.6363,.60-.70,
LRC/USDT,2024-09-28,LONG,0.6738,0.1379,0.1318,2,True,-4.4235,0.9449,.60-.70,
LRC/USDT,2024-09-29,LONG,0.7041,0.1395,0.1318,1,True,-5.5197,0.4385,.70-.80,
LRC/USDT,2024-10-04,LONG,0.9314,0.1205,0.1247,2,True,3.4855,1.077,>.80,1-1.5x
LRC/USDT,2024-10-05,LONG,0.758,0.1191,0.1247,1,True,4.7019,0.3132,.70-.80,
LRC/USDT,2024-10-08,LONG,0.7183,0.121,0.1184,1,True,-2.1488,0.5483,.70-.80,
LRC/USDT,2024-10-11,LONG,0.7729,0.1232,0.1237,1,True,0.4058,1.0606,.70-.80,1-1.5x
LRC/USDT,2024-10-16,LONG,0.57,0.1252,0.1226,1,True,-2.0767,0.401,.55-.60,
LRC/USDT,2024-10-20,LONG,0.7339,0.1361,0.1306,1,True,-4.0411,1.6239,.70-.80,1.5-2x
LRC/USDT,2024-10-29,LONG,0.6022,0.1266,0.1177,2,True,-7.03,1.1306,.60-.70,1-1.5x
LRC/USDT,2024-11-07,LONG,0.638,0.1265,0.1405,1,True,11.0672,0.3875,.60-.70,
LRC/USDT,2024-11-09,LONG,0.9684,0.1411,0.1465,3,True,3.8271,0.0921,>.80,
LRC/USDT,2024-11-10,LONG,0.6181,0.1465,0.1465,2,True,0.0,0.8346,.60-.70,
LRC/USDT,2024-11-11,LONG,0.6963,0.1533,0.1465,1,True,-4.4357,0.9949,.60-.70,
LRC/USDT,2024-11-13,LONG,0.571,0.143,0.1521,2,True,6.3636,0.4982,.55-.60,
LRC/USDT,2024-11-14,LONG,0.7792,0.1387,0.1521,1,True,9.6611,0.6991,.70-.80,
LRC/USDT,2024-11-17,LONG,0.8991,0.1731,0.1892,5,False,9.301,0.0313,>.80,
LRC/USDT,2024-11-18,LONG,0.9735,0.1883,0.2069,5,False,9.8779,1.5364,>.80,1.5-2x
LRC/USDT,2024-11-19,LONG,0.9358,0.1804,0.2069,4,True,14.6896,0.7179,>.80,
LRC/USDT,2024-11-20,LONG,0.9932,0.1724,0.2069,3,True,20.0116,0.7709,>.80,
LRC/USDT,2024-11-21,LONG,0.9327,0.182,0.2069,2,True,13.6813,0.9642,>.80,
LRC/USDT,2024-11-22,LONG,0.8672,0.1892,0.2069,1,True,9.3552,0.6871,>.80,
LRC/USDT,2024-11-26,LONG,0.8172,0.2156,0.242,5,False,12.2449,0.3204,>.80,
LRC/USDT,2024-11-27,LONG,0.6537,0.2365,0.2556,5,False,8.0761,1.4812,.60-.70,1-1.5x
LRC/USDT,2024-11-28,LONG,0.8549,0.2332,0.2954,5,False,26.6724,0.2192,>.80,
LRC/USDT,2024-11-29,LONG,0.7524,0.2403,0.2954,4,True,22.9297,0.4801,.70-.80,
LRC/USDT,2024-11-30,LONG,0.6421,0.2455,0.2954,3,True,20.3259,0.3414,.60-.70,
LRC/USDT,2024-12-01,LONG,0.6904,0.242,0.2954,2,True,22.0661,0.2231,.60-.70,
LRC/USDT,2024-12-05,LONG,0.8298,0.3105,0.2429,5,False,-21.7713,0.239,>.80,
LRC/USDT,2024-12-06,LONG,0.8631,0.3197,0.2723,5,False,-14.8264,0.4904,>.80,
LRC/USDT,2024-12-07,LONG,0.7173,0.3061,0.2723,4,True,-11.0421,0.6827,.70-.80,
LRC/USDT,2024-12-08,LONG,0.8129,0.3158,0.2723,3,True,-13.7745,0.5208,>.80,
LRC/USDT,2024-12-09,LONG,0.5679,0.2459,0.2723,2,True,10.7361,2.7184,.55-.60,2-3x
LRC/USDT,2024-12-10,LONG,0.7594,0.2429,0.2723,1,True,12.1037,0.1517,.70-.80,
LRC/USDT,2024-12-12,LONG,0.7187,0.2788,0.2772,1,True,-0.5739,0.2872,.70-.80,
LRC/USDT,2024-12-17,LONG,0.6408,0.2415,0.2194,1,True,-9.1511,0.7384,.60-.70,
LRC/USDT,2024-12-22,LONG,0.6771,0.1921,0.2133,1,True,11.0359,0.2937,.60-.70,
LRC/USDT,2024-12-29,LONG,0.5745,0.1987,0.219,5,False,10.2164,0.8387,.55-.60,
LRC/USDT,2025-01-04,LONG,0.5585,0.2149,0.1839,5,False,-14.4253,0.3567,.55-.60,
LRC/USDT,2025-01-06,LONG,0.5639,0.2173,0.1874,4,True,-13.7598,0.1005,.55-.60,
LRC/USDT,2025-01-13,LONG,0.5677,0.1773,0.1969,5,False,11.0547,0.7899,.55-.60,
LRC/USDT,2025-01-21,LONG,0.6654,0.1794,0.1743,1,True,-2.8428,0.8628,.60-.70,
LRC/USDT,2025-01-23,LONG,0.7097,0.1711,0.1624,4,True,-5.0847,0.3684,.70-.80,
LRC/USDT,2025-01-24,LONG,0.6929,0.1674,0.1624,3,True,-2.9869,0.4337,.60-.70,
LRC/USDT,2025-01-25,LONG,0.5756,0.1646,0.1624,2,True,-1.3366,0.3365,.55-.60,
LRC/USDT,2025-01-26,LONG,0.6169,0.1635,0.1624,1,True,-0.6728,0.1348,.60-.70,
LRC/USDT,2025-02-03,LONG,0.9511,0.1363,0.1292,2,True,-5.2091,0.5369,>.80,
LRC/USDT,2025-02-11,LONG,0.6398,0.1267,0.1376,4,True,8.603,0.4978,.60-.70,
LRC/USDT,2025-02-13,LONG,0.6026,0.1317,0.1376,2,True,4.4799,0.5062,.60-.70,
LRC/USDT,2025-02-14,LONG,0.5806,0.143,0.1376,1,True,-3.7762,1.7517,.55-.60,1.5-2x
LRC/USDT,2025-02-21,LONG,0.6065,0.1335,0.1359,2,True,1.7978,0.0338,.60-.70,
LRC/USDT,2025-02-25,LONG,0.5693,0.1193,0.1235,2,True,3.5205,0.055,.55-.60,
LRC/USDT,2025-02-26,LONG,0.5887,0.1211,0.1235,1,True,1.9818,0.3343,.55-.60,
LRC/USDT,2025-02-28,LONG,0.6702,0.1237,0.1134,3,True,-8.3266,0.0362,.60-.70,
LRC/USDT,2025-03-05,LONG,0.7009,0.1146,0.1125,1,True,-1.8325,0.4874,.70-.80,
LRC/USDT,2025-03-07,LONG,0.6065,0.1109,0.1015,2,True,-8.4761,0.2709,.60-.70,
LRC/USDT,2025-03-11,LONG,0.6134,0.1054,0.1035,2,True,-1.8027,0.804,.60-.70,
LRC/USDT,2025-03-14,LONG,0.6178,0.1048,0.1029,2,True,-1.813,0.2459,.60-.70,
LRC/USDT,2025-03-17,LONG,0.5809,0.107,0.1101,2,True,2.8972,0.8612,.55-.60,
LRC/USDT,2025-03-20,LONG,0.5979,0.106,0.1043,1,True,-1.6038,0.7895,.55-.60,
LRC/USDT,2025-03-23,LONG,0.5831,0.1054,0.1132,2,True,7.4004,0.2666,.55-.60,
LRC/USDT,2025-03-24,LONG,0.6393,0.111,0.1132,1,True,1.982,1.7299,.60-.70,1.5-2x
LRC/USDT,2025-03-27,LONG,0.6559,0.1095,0.0978,3,True,-10.6849,0.2969,.60-.70,
LRC/USDT,2025-03-28,LONG,0.6182,0.1029,0.0978,2,True,-4.9563,1.8376,.60-.70,1.5-2x
LRC/USDT,2025-04-02,LONG,0.5732,0.093,0.0831,4,True,-10.6452,1.914,.55-.60,1.5-2x
LRC/USDT,2025-04-05,LONG,0.6373,0.0953,0.0831,1,True,-12.8017,0.602,.60-.70,
COMP/USDT,2024-08-27,LONG,0.625,45.47,46.41,3,True,2.0673,1.22,.60-.70,1-1.5x
COMP/USDT,2024-08-28,LONG,0.7475,45.15,46.41,2,True,2.7907,0.1817,.70-.80,
COMP/USDT,2024-08-29,LONG,0.9381,44.85,46.41,1,True,3.4783,0.1713,>.80,
COMP/USDT,2024-09-04,LONG,0.6213,44.51,41.97,1,True,-5.7066,0.874,.60-.70,
COMP/USDT,2024-09-06,LONG,0.6396,41.09,41.22,1,True,0.3164,0.4525,.60-.70,
COMP/USDT,2024-09-11,LONG,0.6661,41.64,44.27,1,True,6.316,0.841,.60-.70,
COMP/USDT,2024-09-15,LONG,0.7864,42.85,45.09,5,False,5.2275,1.1219,.70-.80,1-1.5x
COMP/USDT,2024-09-16,LONG,0.6606,42.59,46.8,5,False,9.8849,0.1703,.60-.70,
COMP/USDT,2024-09-17,LONG,0.6998,42.54,46.8,4,True,10.0141,0.033,.60-.70,
COMP/USDT,2024-09-18,LONG,0.8047,43.9,46.8,3,True,6.6059,0.8782,>.80,
COMP/USDT,2024-09-19,LONG,0.6098,44.16,46.8,2,True,5.9783,0.1669,.60-.70,
COMP/USDT,2024-09-20,LONG,0.6329,45.09,46.8,1,True,3.7924,0.5947,.60-.70,
COMP/USDT,2024-09-22,LONG,0.5663,47.15,48.93,3,True,3.7752,0.2396,.55-.60,
COMP/USDT,2024-09-27,LONG,0.5509,49.69,46.22,3,True,-6.9833,0.376,.55-.60,
COMP/USDT,2024-09-28,LONG,0.57,48.35,46.22,2,True,-4.4054,1.0524,.55-.60,1-1.5x
COMP/USDT,2024-10-04,LONG,0.6117,44.37,44.35,2,True,-0.0451,1.2709,.60-.70,1-1.5x
COMP/USDT,2024-10-07,LONG,0.6345,44.18,43.43,3,True,-1.6976,0.1394,.60-.70,
COMP/USDT,2024-10-20,LONG,0.5657,47.21,45.35,1,True,-3.9398,1.0797,.55-.60,1-1.5x
COMP/USDT,2024-10-23,LONG,0.6078,43.99,43.99,1,True,0.0,0.9477,.60-.70,
COMP/USDT,2024-10-26,LONG,0.6113,42.05,43.19,5,False,2.7111,0.905,.60-.70,
COMP/USDT,2024-10-28,LONG,0.6402,43.79,41.33,5,False,-5.6177,1.0409,.60-.70,1-1.5x
COMP/USDT,2024-10-29,LONG,0.6325,44.64,40.56,5,False,-9.1398,0.8023,.60-.70,
COMP/USDT,2024-10-30,LONG,0.598,44.62,40.93,5,False,-8.2698,0.0185,.55-.60,
COMP/USDT,2024-10-31,LONG,0.7787,43.19,41.03,5,False,-5.0012,1.2741,.70-.80,1-1.5x
COMP/USDT,2024-11-03,LONG,0.6865,40.56,41.03,2,True,1.1588,0.774,.60-.70,
COMP/USDT,2024-11-08,LONG,0.7246,46.57,47.8,1,True,2.6412,0.0197,.70-.80,
COMP/USDT,2024-11-13,LONG,0.8698,48.02,56.26,5,False,17.1595,1.3135,>.80,1-1.5x
COMP/USDT,2024-11-14,LONG,0.9047,45.87,56.26,4,True,22.651,1.147,>.80,1-1.5x
COMP/USDT,2024-11-15,LONG,0.9398,48.43,56.26,3,True,16.1677,1.3786,>.80,1-1.5x
COMP/USDT,2024-11-16,LONG,0.9392,52.35,56.26,2,True,7.469,1.8543,>.80,1.5-2x
COMP/USDT,2024-11-17,LONG,0.7842,51.52,56.26,1,True,9.2003,0.361,.70-.80,
COMP/USDT,2024-11-20,LONG,0.721,52.91,67.14,4,True,26.8947,0.2868,.70-.80,
COMP/USDT,2024-11-21,LONG,0.6644,53.91,67.14,3,True,24.5409,0.3919,.60-.70,
COMP/USDT,2024-11-22,LONG,0.9774,64.65,67.14,2,True,3.8515,3.1736,>.80,3-5x
COMP/USDT,2024-11-23,LONG,0.5886,63.91,67.14,1,True,5.054,0.183,.55-.60,
COMP/USDT,2024-11-25,LONG,0.9646,67.45,73.6,2,True,9.1179,0.0737,>.80,
COMP/USDT,2024-11-29,LONG,0.6856,70.7,83.82,3,True,18.5573,0.4311,.60-.70,
COMP/USDT,2024-11-30,LONG,0.8678,71.91,83.82,2,True,16.5624,0.2603,>.80,
COMP/USDT,2024-12-01,LONG,0.6438,72.29,83.82,1,True,15.9496,0.0818,.60-.70,
COMP/USDT,2024-12-07,LONG,0.8649,119.51,118.7,1,True,-0.6778,0.1316,>.80,
COMP/USDT,2024-12-10,LONG,0.6914,95.58,109.51,5,False,14.5742,0.2042,.60-.70,
COMP/USDT,2024-12-11,LONG,0.6186,103.52,105.46,5,False,1.874,0.7443,.60-.70,
COMP/USDT,2024-12-14,LONG,0.8729,106.39,105.46,2,True,-0.8741,0.3641,>.80,
COMP/USDT,2024-12-17,LONG,0.667,100.21,90.58,1,True,-9.6098,0.4656,.60-.70,
COMP/USDT,2024-12-20,LONG,0.7522,85.08,79.75,2,True,-6.2647,0.5243,.70-.80,
COMP/USDT,2024-12-21,LONG,0.6592,81.02,79.75,1,True,-1.5675,0.4163,.60-.70,
COMP/USDT,2024-12-24,LONG,0.6572,87.3,86.66,1,True,-0.7331,0.4118,.60-.70,
COMP/USDT,2024-12-29,LONG,0.6374,77.38,73.43,2,True,-5.1047,0.8228,.60-.70,
COMP/USDT,2024-12-30,LONG,0.5566,76.0,73.43,1,True,-3.3816,0.3098,.55-.60,
COMP/USDT,2025-01-03,LONG,0.6438,85.33,85.0,1,True,-0.3867,1.5544,.60-.70,1.5-2x
COMP/USDT,2025-01-06,LONG,0.638,85.21,71.49,3,True,-16.1014,0.0239,.60-.70,
COMP/USDT,2025-01-07,LONG,0.5541,75.32,71.49,2,True,-5.085,2.0707,.55-.60,2-3x
COMP/USDT,2025-01-08,LONG,0.565,72.51,71.49,1,True,-1.4067,0.7342,.55-.60,
COMP/USDT,2025-01-15,LONG,0.6004,83.28,84.17,3,True,1.0687,1.7379,.60-.70,1.5-2x
COMP/USDT,2025-01-16,LONG,0.5941,80.37,84.17,2,True,4.7281,0.6556,.55-.60,
COMP/USDT,2025-01-17,LONG,0.5612,89.6,84.17,1,True,-6.0603,1.9573,.55-.60,1.5-2x
COMP/USDT,2025-01-26,LONG,0.592,72.5,70.85,1,True,-2.2759,0.5561,.55-.60,
COMP/USDT,2025-01-28,LONG,0.627,67.4,68.93,1,True,2.27,0.9462,.60-.70,
COMP/USDT,2025-02-03,LONG,0.792,57.38,48.54,3,True,-15.4061,0.529,.70-.80,
COMP/USDT,2025-02-05,LONG,0.5784,49.9,48.54,1,True,-2.7255,1.2353,.55-.60,1-1.5x
COMP/USDT,2025-02-07,LONG,0.5569,51.2,51.15,2,True,-0.0977,1.2252,.55-.60,1-1.5x
COMP/USDT,2025-02-08,LONG,0.5885,50.8,51.15,1,True,0.689,0.1757,.55-.60,
COMP/USDT,2025-02-11,LONG,0.6698,55.99,56.57,4,True,1.0359,0.5373,.60-.70,
COMP/USDT,2025-02-13,LONG,0.5884,56.07,56.57,2,True,0.8917,0.745,.55-.60,
COMP/USDT,2025-02-14,LONG,0.6879,58.51,56.57,1,True,-3.3157,0.8464,.60-.70,
COMP/USDT,2025-02-16,LONG,0.5818,54.99,55.64,1,True,1.182,0.5421,.55-.60,
COMP/USDT,2025-02-18,LONG,0.5761,53.0,56.28,4,True,6.1887,0.9275,.55-.60,
COMP/USDT,2025-02-20,LONG,0.5648,55.32,56.28,2,True,1.7354,0.1723,.55-.60,
COMP/USDT,2025-02-28,LONG,0.6064,50.94,46.85,3,True,-8.0291,0.5459,.60-.70,
COMP/USDT,2025-03-04,LONG,0.7429,49.45,51.52,1,True,4.186,1.0763,.70-.80,1-1.5x
COMP/USDT,2025-03-06,LONG,0.7816,48.88,50.63,1,True,3.5802,0.9853,.70-.80,
COMP/USDT,2025-03-11,LONG,0.7277,40.53,41.88,1,True,3.3309,0.2564,.70-.80,
COMP/USDT,2025-03-14,LONG,0.6566,41.48,43.28,4,True,4.3394,0.6273,.60-.70,
COMP/USDT,2025-03-15,LONG,0.8074,42.16,43.28,3,True,2.6565,0.2902,>.80,
COMP/USDT,2025-03-16,LONG,0.5694,41.86,43.28,2,True,3.3923,0.1326,.55-.60,
COMP/USDT,2025-03-21,LONG,0.8949,41.62,43.25,1,True,3.9164,0.5557,>.80,
COMP/USDT,2025-03-23,LONG,0.5626,42.67,44.66,1,True,4.6637,0.3138,.55-.60,
COMP/USDT,2025-03-27,LONG,0.7779,44.56,39.56,4,True,-11.2208,0.0883,.70-.80,
COMP/USDT,2025-03-28,LONG,0.5818,41.01,39.56,3,True,-3.5357,1.9361,.55-.60,1.5-2x
COMP/USDT,2025-03-30,LONG,0.6501,39.15,39.56,1,True,1.0473,0.3304,.60-.70,
COMP/USDT,2025-04-01,LONG,0.9908,44.17,44.46,3,True,0.6566,2.7684,>.80,2-3x
COMP/USDT,2025-04-02,LONG,0.8372,44.4,44.46,2,True,0.1351,0.1282,>.80,
YFI/USDT,2024-08-29,LONG,0.6002,5156.0,5117.0,4,True,-0.7564,1.0218,.60-.70,1-1.5x
YFI/USDT,2024-08-30,LONG,0.5925,5200.0,5117.0,3,True,-1.5962,0.3181,.55-.60,
YFI/USDT,2024-08-31,LONG,0.6197,5201.0,5117.0,2,True,-1.6151,0.0077,.60-.70,
YFI/USDT,2024-09-07,LONG,0.6482,4809.0,4879.0,5,False,1.4556,0.4241,.60-.70,
YFI/USDT,2024-09-08,LONG,0.5524,4896.0,4895.0,5,False,-0.0204,0.6348,.55-.60,
YFI/USDT,2024-09-15,LONG,0.5603,4883.0,4898.0,2,True,0.3072,0.3514,.55-.60,
YFI/USDT,2024-09-16,LONG,0.5544,4815.0,4898.0,1,True,1.7238,0.6261,.55-.60,
YFI/USDT,2024-09-20,LONG,0.606,5014.0,5118.0,4,True,2.0742,0.0794,.60-.70,
YFI/USDT,2024-09-21,LONG,0.5855,5078.0,5118.0,3,True,0.7877,0.6943,.55-.60,
YFI/USDT,2024-09-22,LONG,0.5776,4984.0,5118.0,2,True,2.6886,1.0233,.55-.60,1-1.5x
YFI/USDT,2024-09-23,LONG,0.7388,5056.0,5118.0,1,True,1.2263,0.9878,.70-.80,
YFI/USDT,2024-09-28,LONG,0.5689,5338.0,5349.0,2,True,0.2061,0.8386,.55-.60,
YFI/USDT,2024-09-29,LONG,0.5756,5564.0,5349.0,1,True,-3.8641,2.542,.55-.60,2-3x
YFI/USDT,2024-10-03,LONG,0.7666,4872.0,5069.0,3,True,4.0435,0.3106,.70-.80,
YFI/USDT,2024-10-04,LONG,0.8103,5007.0,5069.0,2,True,1.2383,1.0801,>.80,1-1.5x
YFI/USDT,2024-10-05,LONG,0.7086,4975.0,5069.0,1,True,1.8894,0.2494,.70-.80,
YFI/USDT,2024-10-13,LONG,0.5512,4899.0,5049.0,2,True,3.0618,0.3809,.55-.60,
YFI/USDT,2024-10-16,LONG,0.6528,5003.0,5054.0,3,True,1.0194,0.3689,.60-.70,
YFI/USDT,2024-10-17,LONG,0.7247,4940.0,5054.0,2,True,2.3077,0.5184,.70-.80,
YFI/USDT,2024-10-21,LONG,0.725,5110.0,5131.0,1,True,0.411,1.09,.70-.80,1-1.5x
YFI/USDT,2024-11-02,LONG,0.6488,4637.0,4585.0,1,True,-1.1214,0.5327,.60-.70,
YFI/USDT,2024-11-08,LONG,0.7224,5224.0,6977.0,2,True,33.5567,0.4816,.70-.80,
YFI/USDT,2024-11-09,LONG,0.762,5411.0,6977.0,1,True,28.941,0.8959,.70-.80,
YFI/USDT,2024-11-11,LONG,0.6702,6852.0,6266.0,4,True,-8.5522,0.2371,.60-.70,
YFI/USDT,2024-11-12,LONG,0.8152,6384.0,6266.0,3,True,-1.8484,0.8887,>.80,
YFI/USDT,2024-11-13,LONG,0.991,6320.0,6266.0,2,True,-0.8544,0.1301,>.80,
YFI/USDT,2024-11-18,LONG,0.8974,6422.0,6330.0,1,True,-1.4326,0.6312,>.80,
YFI/USDT,2024-11-20,LONG,0.5936,6069.0,7192.0,5,False,18.5039,0.5343,.55-.60,
YFI/USDT,2024-11-21,LONG,0.64,6519.0,7192.0,4,True,10.3237,0.9492,.60-.70,
YFI/USDT,2024-11-22,LONG,0.7157,6564.0,7192.0,3,True,9.5673,0.0888,.70-.80,
YFI/USDT,2024-11-23,LONG,0.7608,7290.0,7192.0,2,True,-1.3443,1.3837,.70-.80,1-1.5x
YFI/USDT,2024-11-24,LONG,0.7466,7424.0,7192.0,1,True,-3.125,0.2322,.70-.80,
YFI/USDT,2024-11-26,LONG,0.8835,7174.0,7522.0,1,True,4.8509,0.0325,>.80,
YFI/USDT,2024-11-30,LONG,0.827,8049.0,8533.0,2,True,6.0132,1.1634,>.80,1-1.5x
YFI/USDT,2024-12-01,LONG,0.6688,7998.0,8533.0,1,True,6.6892,0.1385,.60-.70,
YFI/USDT,2024-12-04,LONG,0.5909,10175.0,10486.0,5,False,3.0565,2.1414,.55-.60,2-3x
YFI/USDT,2024-12-05,LONG,0.8917,11787.0,11012.0,5,False,-6.575,2.8466,>.80,2-3x
YFI/USDT,2024-12-06,LONG,0.9345,13969.0,11012.0,4,True,-21.1683,2.8405,>.80,2-3x
YFI/USDT,2024-12-07,LONG,0.9551,13746.0,11012.0,3,True,-19.8894,0.2548,>.80,
YFI/USDT,2024-12-08,LONG,0.9978,13003.0,11012.0,2,True,-15.3119,0.8155,>.80,
YFI/USDT,2024-12-09,LONG,0.9957,10486.0,11012.0,1,True,5.0162,2.3163,>.80,2-3x
YFI/USDT,2024-12-13,LONG,0.8978,11439.0,11005.0,2,True,-3.794,0.0022,>.80,
YFI/USDT,2024-12-14,LONG,0.7691,10727.0,11005.0,1,True,2.5916,0.7561,.70-.80,
YFI/USDT,2024-12-16,LONG,0.5642,10758.0,9222.0,2,True,-14.2777,0.2743,.55-.60,
YFI/USDT,2024-12-17,LONG,0.5745,10042.0,9222.0,1,True,-8.1657,0.7922,.55-.60,
YFI/USDT,2024-12-19,LONG,0.5529,8475.0,9030.0,4,True,6.5487,0.9104,.55-.60,
YFI/USDT,2024-12-20,LONG,0.7826,9110.0,9030.0,3,True,-0.8782,0.8356,.70-.80,
YFI/USDT,2024-12-21,LONG,0.6186,8542.0,9030.0,2,True,5.7129,0.6847,.60-.70,
YFI/USDT,2024-12-22,LONG,0.6554,8572.0,9030.0,1,True,5.343,0.039,.60-.70,
YFI/USDT,2024-12-24,LONG,0.6509,9335.0,9217.0,1,True,-1.2641,0.392,.60-.70,
YFI/USDT,2024-12-26,LONG,0.6178,8547.0,8529.0,1,True,-0.2106,1.14,.60-.70,1-1.5x
YFI/USDT,2024-12-29,LONG,0.5707,8350.0,8927.0,5,False,6.9102,0.9775,.55-.60,
YFI/USDT,2024-12-30,LONG,0.5575,8280.0,8867.0,5,False,7.0894,0.1744,.55-.60,
YFI/USDT,2025-01-03,LONG,0.5788,8927.0,8160.0,5,False,-8.5919,1.3183,.55-.60,1-1.5x
YFI/USDT,2025-01-06,LONG,0.5611,9042.0,8033.0,4,True,-11.159,0.1963,.55-.60,
YFI/USDT,2025-01-23,LONG,0.5862,7664.0,7479.0,1,True,-2.4139,0.277,.55-.60,
YFI/USDT,2025-01-27,LONG,0.5973,7319.0,7195.0,3,True,-1.6942,0.5609,.55-.60,
YFI/USDT,2025-02-03,LONG,0.7438,6368.0,5908.0,2,True,-7.2236,1.3241,.70-.80,1-1.5x
YFI/USDT,2025-02-06,LONG,0.9071,5804.0,5715.0,3,True,-1.5334,0.4194,>.80,
YFI/USDT,2025-02-11,LONG,0.5968,5755.0,5977.0,4,True,3.8575,0.2005,.55-.60,
YFI/USDT,2025-02-14,LONG,0.5898,6118.0,5977.0,1,True,-2.3047,0.4527,.55-.60,
YFI/USDT,2025-02-19,LONG,0.6835,5900.0,5544.0,5,False,-6.0339,0.7304,.60-.70,
YFI/USDT,2025-02-22,LONG,0.81,6117.0,5757.0,3,True,-5.8852,1.6391,>.80,1.5-2x
YFI/USDT,2025-02-26,LONG,0.5558,5579.0,5739.0,1,True,2.8679,0.9738,.55-.60,
YFI/USDT,2025-02-28,LONG,0.6447,5578.0,5491.0,1,True,-1.5597,0.8676,.60-.70,
YFI/USDT,2025-03-07,LONG,0.6675,5362.0,5070.0,4,True,-5.4457,0.1339,.60-.70,
YFI/USDT,2025-03-09,LONG,0.556,4926.0,5070.0,2,True,2.9233,1.4995,.55-.60,1-1.5x
YFI/USDT,2025-03-10,LONG,0.5945,4857.0,5070.0,1,True,4.3854,0.2971,.55-.60,
YFI/USDT,2025-03-14,LONG,0.8055,5042.0,4926.0,2,True,-2.3007,0.3596,>.80,
YFI/USDT,2025-03-15,LONG,0.684,5191.0,4926.0,1,True,-5.105,0.6252,.60-.70,
YFI/USDT,2025-03-17,LONG,0.6883,5125.0,5186.0,5,False,1.1902,0.8873,.60-.70,
YFI/USDT,2025-03-19,LONG,0.8432,5401.0,5186.0,3,True,-3.9807,1.2142,>.80,1-1.5x
YFI/USDT,2025-03-20,LONG,0.6228,5171.0,5186.0,2,True,0.2901,0.9041,.60-.70,
YFI/USDT,2025-03-21,LONG,0.6535,5111.0,5186.0,1,True,1.4674,0.2466,.60-.70,
YFI/USDT,2025-03-23,LONG,0.6327,5153.0,5414.0,2,True,5.065,0.1955,.60-.70,
YFI/USDT,2025-03-24,LONG,0.7381,5419.0,5414.0,1,True,-0.0923,1.4901,.70-.80,1-1.5x
YFI/USDT,2025-03-26,LONG,0.6122,5337.0,4692.0,3,True,-12.0854,0.419,.60-.70,
YFI/USDT,2025-03-27,LONG,0.6867,5328.0,4692.0,2,True,-11.9369,0.0497,.60-.70,
YFI/USDT,2025-03-28,LONG,0.6004,5010.0,4692.0,1,True,-6.3473,1.6383,.60-.70,1.5-2x
YFI/USDT,2025-03-30,LONG,0.5965,4821.0,4787.0,1,True,-0.7052,0.7618,.55-.60,
YFI/USDT,2025-04-02,LONG,0.5909,4673.0,4499.0,4,True,-3.7235,1.1804,.55-.60,1-1.5x
YFI/USDT,2025-04-03,LONG,0.5557,4759.0,4499.0,3,True,-5.4633,0.5162,.55-.60,
YFI/USDT,2025-04-04,LONG,0.5885,4809.0,4499.0,2,True,-6.4462,0.3002,.55-.60,
YFI/USDT,2025-04-05,LONG,0.6946,4826.0,4499.0,1,True,-6.7758,0.1066,.60-.70,
SNX/USDT,2024-08-27,LONG,0.7285,1.393,1.364,2,True,-2.0818,1.3215,.70-.80,1-1.5x
SNX/USDT,2024-08-28,LONG,0.5785,1.368,1.364,1,True,-0.2924,0.3501,.55-.60,
SNX/USDT,2024-09-04,LONG,0.6091,1.365,1.275,1,True,-6.5934,1.3346,.60-.70,1-1.5x
SNX/USDT,2024-09-08,LONG,0.6994,1.289,1.407,2,True,9.1544,0.3537,.60-.70,
SNX/USDT,2024-09-11,LONG,0.7409,1.37,1.442,3,True,5.2555,0.5726,.70-.80,
SNX/USDT,2024-09-12,LONG,0.5624,1.388,1.442,2,True,3.8905,0.3214,.55-.60,
SNX/USDT,2024-09-13,LONG,0.5606,1.464,1.442,1,True,-1.5027,1.271,.55-.60,1-1.5x
SNX/USDT,2024-09-15,LONG,0.5605,1.37,1.419,2,True,3.5766,1.1766,.55-.60,1-1.5x
SNX/USDT,2024-09-16,LONG,0.6566,1.33,1.419,1,True,6.6917,0.7442,.60-.70,
SNX/USDT,2024-09-18,LONG,0.7746,1.449,1.491,1,True,2.8986,0.5028,.70-.80,
SNX/USDT,2024-09-20,LONG,0.5715,1.583,1.531,2,True,-3.2849,1.4166,.55-.60,1-1.5x
SNX/USDT,2024-09-21,LONG,0.7509,1.621,1.531,1,True,-5.5521,0.5881,.70-.80,
SNX/USDT,2024-10-10,LONG,0.7518,1.421,1.456,1,True,2.4631,0.9172,.70-.80,
SNX/USDT,2024-10-17,LONG,0.7065,1.44,1.459,2,True,1.3194,0.5285,.70-.80,
SNX/USDT,2024-10-21,LONG,0.7411,1.525,1.513,3,True,-0.7869,1.4866,.70-.80,1-1.5x
SNX/USDT,2024-10-22,LONG,0.5866,1.532,1.513,2,True,-1.2402,0.1153,.55-.60,
SNX/USDT,2024-10-23,LONG,0.9283,1.458,1.513,1,True,3.7723,1.1598,>.80,1-1.5x
SNX/USDT,2024-10-25,LONG,0.7014,1.404,1.401,1,True,-0.2137,1.6036,.70-.80,1.5-2x
SNX/USDT,2024-10-27,LONG,0.7987,1.415,1.396,1,True,-1.3428,0.226,.70-.80,
SNX/USDT,2024-10-30,LONG,0.557,1.483,1.389,1,True,-6.3385,0.249,.55-.60,
SNX/USDT,2024-11-01,LONG,0.8269,1.386,1.484,5,False,7.0707,0.0456,>.80,
SNX/USDT,2024-11-02,LONG,0.6094,1.353,1.497,5,False,10.643,0.5016,.60-.70,
SNX/USDT,2024-11-03,LONG,0.7232,1.285,1.571,5,False,22.2568,1.1009,.70-.80,1-1.5x
SNX/USDT,2024-11-04,LONG,0.6785,1.251,1.613,5,False,28.9369,0.5816,.60-.70,
SNX/USDT,2024-11-05,LONG,0.5908,1.298,1.642,5,False,26.5023,0.8078,.55-.60,
SNX/USDT,2024-11-06,LONG,0.8547,1.484,1.642,4,True,10.6469,2.5175,>.80,2-3x
SNX/USDT,2024-11-07,LONG,0.5906,1.497,1.642,3,True,9.686,0.1539,.55-.60,
SNX/USDT,2024-11-09,LONG,0.9646,1.613,1.642,1,True,1.7979,0.5122,>.80,
SNX/USDT,2024-11-13,LONG,0.8022,1.524,1.549,2,True,1.6404,0.956,>.80,
SNX/USDT,2024-11-14,LONG,0.9751,1.491,1.549,1,True,3.89,0.4256,>.80,
SNX/USDT,2024-11-18,LONG,0.8371,1.814,2.102,5,False,15.8765,2.0142,>.80,2-3x
SNX/USDT,2024-11-19,LONG,0.9509,1.766,2.134,5,False,20.8381,0.4396,>.80,
SNX/USDT,2024-11-20,LONG,0.567,1.658,2.227,5,False,34.3185,1.0184,.55-.60,1-1.5x
SNX/USDT,2024-11-22,LONG,0.9122,1.902,2.417,5,False,27.0768,0.5048,>.80,
SNX/USDT,2024-11-23,LONG,0.877,2.102,2.417,4,True,14.9857,1.6431,>.80,1.5-2x
SNX/USDT,2024-11-24,LONG,0.7963,2.134,2.417,3,True,13.2615,0.2423,.70-.80,
SNX/USDT,2024-11-25,LONG,0.9417,2.227,2.417,2,True,8.5317,0.6929,>.80,
SNX/USDT,2024-11-26,LONG,0.9466,2.215,2.417,1,True,9.1196,0.0942,>.80,
SNX/USDT,2024-12-01,LONG,0.8142,2.53,2.743,1,True,8.419,0.5672,>.80,
SNX/USDT,2024-12-04,LONG,0.7379,3.029,2.931,1,True,-3.2354,0.4376,.70-.80,
SNX/USDT,2024-12-08,LONG,0.867,3.383,3.155,4,True,-6.7396,1.0684,>.80,1-1.5x
SNX/USDT,2024-12-10,LONG,0.6,2.703,3.155,2,True,16.7222,0.3091,.55-.60,
SNX/USDT,2024-12-11,LONG,0.5548,2.924,3.155,1,True,7.9001,1.1706,.55-.60,1-1.5x
SNX/USDT,2024-12-17,LONG,0.7331,2.668,2.372,1,True,-11.0945,0.9691,.70-.80,
SNX/USDT,2024-12-20,LONG,0.7786,2.2,1.972,1,True,-10.3636,0.3754,.70-.80,
SNX/USDT,2024-12-25,LONG,0.689,2.206,2.132,3,True,-3.3545,0.1217,.60-.70,
SNX/USDT,2024-12-26,LONG,0.5879,2.03,2.132,2,True,5.0246,1.0847,.55-.60,1-1.5x
SNX/USDT,2024-12-27,LONG,0.8204,2.07,2.132,1,True,2.9952,0.2659,>.80,
SNX/USDT,2024-12-30,LONG,0.6409,1.989,1.921,1,True,-3.4188,0.2064,.60-.70,
SNX/USDT,2025-01-03,LONG,0.6937,2.195,2.212,1,True,0.7745,1.0124,.60-.70,1-1.5x
SNX/USDT,2025-01-06,LONG,0.6533,2.205,1.929,1,True,-12.517,0.1559,.60-.70,
SNX/USDT,2025-01-13,LONG,0.6525,1.687,1.812,5,False,7.4096,1.2316,.60-.70,1-1.5x
SNX/USDT,2025-01-15,LONG,0.5596,1.916,1.812,3,True,-5.428,1.5734,.55-.60,1.5-2x
SNX/USDT,2025-01-21,LONG,0.7716,1.727,1.549,5,False,-10.3069,1.1138,.70-.80,1-1.5x
SNX/USDT,2025-01-22,LONG,0.7575,1.648,1.487,5,False,-9.7694,0.7865,.70-.80,
SNX/USDT,2025-01-23,LONG,0.6629,1.612,1.487,4,True,-7.7543,0.3907,.60-.70,
SNX/USDT,2025-01-24,LONG,0.763,1.573,1.487,3,True,-5.4673,0.4342,.70-.80,
SNX/USDT,2025-01-25,LONG,0.6043,1.582,1.487,2,True,-6.0051,0.1023,.60-.70,
SNX/USDT,2025-01-26,LONG,0.5835,1.549,1.487,1,True,-4.0026,0.3748,.55-.60,
SNX/USDT,2025-01-28,LONG,0.571,1.422,1.506,1,True,5.9072,0.8751,.55-.60,
SNX/USDT,2025-01-31,LONG,0.5713,1.606,1.447,1,True,-9.9004,0.4319,.55-.60,
SNX/USDT,2025-02-03,LONG,0.9542,1.262,1.099,1,True,-12.916,0.0131,>.80,
SNX/USDT,2025-02-06,LONG,0.9974,0.972,0.969,1,True,-0.3086,1.3383,>.80,1-1.5x
SNX/USDT,2025-02-11,LONG,0.6853,0.963,1.032,3,True,7.1651,1.0227,.60-.70,1-1.5x
SNX/USDT,2025-02-12,LONG,0.588,1.038,1.032,2,True,-0.578,1.332,.55-.60,1-1.5x
SNX/USDT,2025-02-13,LONG,0.6712,1.041,1.032,1,True,-0.8646,0.0493,.60-.70,
SNX/USDT,2025-02-15,LONG,0.7194,0.988,0.966,3,True,-2.2267,0.7265,.70-.80,
SNX/USDT,2025-02-16,LONG,0.5892,0.981,0.966,2,True,-1.5291,0.121,.55-.60,
SNX/USDT,2025-02-17,LONG,0.7209,1.013,0.966,1,True,-4.6397,0.5496,.70-.80,
SNX/USDT,2025-02-19,LONG,0.6705,0.9546,1.0266,3,True,7.5424,0.2139,.60-.70,
SNX/USDT,2025-02-20,LONG,0.6312,0.9991,1.0266,2,True,2.7525,0.8258,.60-.70,
SNX/USDT,2025-02-21,LONG,0.7555,0.9589,1.0266,1,True,7.0602,0.7495,.70-.80,
SNX/USDT,2025-02-24,LONG,0.5966,0.883,0.9028,3,True,2.2424,2.4404,.55-.60,2-3x
SNX/USDT,2025-02-26,LONG,0.6367,0.8739,0.9028,1,True,3.307,0.5721,.60-.70,
SNX/USDT,2025-03-05,LONG,0.8197,0.9368,0.8894,1,True,-5.0598,0.0241,>.80,
SNX/USDT,2025-03-07,LONG,0.8043,0.9158,0.8125,2,True,-11.2798,0.5069,>.80,
SNX/USDT,2025-03-08,LONG,0.6813,0.8856,0.8125,1,True,-8.2543,0.5593,.60-.70,
SNX/USDT,2025-03-11,LONG,0.6377,0.8032,0.8249,1,True,2.7017,0.4814,.60-.70,
SNX/USDT,2025-03-14,LONG,0.7316,0.826,0.8576,1,True,3.8257,0.4915,.70-.80,
SNX/USDT,2025-03-17,LONG,0.6688,0.8702,0.8437,1,True,-3.0453,1.3258,.60-.70,1-1.5x
SNX/USDT,2025-03-19,LONG,0.6415,0.8905,0.8653,3,True,-2.8299,0.967,.60-.70,
SNX/USDT,2025-03-20,LONG,0.6531,0.8725,0.8653,2,True,-0.8252,0.3514,.60-.70,
SNX/USDT,2025-03-23,LONG,0.6311,0.89,0.8296,5,False,-6.7865,0.6686,.60-.70,
SNX/USDT,2025-03-24,LONG,0.6508,0.923,0.775,5,False,-16.0347,0.8745,.60-.70,
SNX/USDT,2025-03-26,LONG,0.6732,0.9056,0.775,3,True,-14.4214,0.6439,.60-.70,
SNX/USDT,2025-03-27,LONG,0.7261,0.9049,0.775,2,True,-14.3552,0.019,.70-.80,
SNX/USDT,2025-03-28,LONG,0.6325,0.8296,0.775,1,True,-6.5815,1.8802,.60-.70,1.5-2x
SNX/USDT,2025-04-01,LONG,0.6536,0.7108,0.6603,3,True,-7.1047,1.5475,.60-.70,1.5-2x
SNX/USDT,2025-04-02,LONG,0.6399,0.6537,0.6603,2,True,1.0096,1.7407,.60-.70,1.5-2x
SNX/USDT,2025-04-03,LONG,0.6188,0.6509,0.6603,1,True,1.4442,0.0945,.60-.70,
ZEC/USDT,2026-02-05,LONG,0.63,205.05,240.53,1,True,17.3031,2.7667,.60-.70,2-3x
ZEC/USDT,2026-02-09,LONG,0.8808,240.31,323.36,5,False,34.5595,0.0414,>.80,
ZEC/USDT,2026-02-10,LONG,0.7423,233.63,297.84,5,False,27.4836,0.3464,.70-.80,
ZEC/USDT,2026-02-11,LONG,0.7821,240.45,294.29,5,False,22.3913,0.3635,.70-.80,
ZEC/USDT,2026-02-12,LONG,0.607,233.08,296.36,5,False,27.1495,0.3824,.60-.70,
ZEC/USDT,2026-02-13,LONG,0.6814,267.19,265.17,5,False,-0.756,1.6573,.60-.70,1.5-2x
ZEC/USDT,2026-02-14,LONG,0.7582,323.36,262.06,5,False,-18.9572,2.1164,.70-.80,2-3x
ZEC/USDT,2026-02-15,LONG,0.6144,297.84,258.91,5,False,-13.0708,0.8112,.60-.70,
ZEC/USDT,2026-02-16,LONG,0.7198,294.29,259.93,5,False,-11.6756,0.1258,.70-.80,
ZEC/USDT,2026-02-17,LONG,0.8852,296.36,244.59,5,False,-17.4686,0.0751,>.80,
ZEC/USDT,2026-02-18,LONG,0.7629,265.17,237.6,5,False,-10.3971,1.0979,.70-.80,1-1.5x
ZEC/USDT,2026-02-19,LONG,0.6515,262.06,237.6,4,True,-9.3337,0.1226,.60-.70,
ZEC/USDT,2026-02-20,LONG,0.5994,258.91,237.6,3,True,-8.2307,0.1297,.55-.60,
ZEC/USDT,2026-02-22,LONG,0.6435,244.59,237.6,1,True,-2.8578,0.6329,.60-.70,
ZEC/USDT,2026-02-24,LONG,0.5682,242.79,243.96,1,True,0.4819,0.2418,.55-.60,
ZEC/USDT,2026-02-28,LONG,0.5934,220.36,213.29,1,True,-3.2084,0.0699,.55-.60,
ZEC/USDT,2026-03-04,LONG,0.7859,243.53,226.56,1,True,-6.9683,1.3482,.70-.80,1-1.5x
ZEC/USDT,2026-03-08,LONG,0.646,197.93,214.49,1,True,8.3666,0.0629,.60-.70,
ZEC/USDT,2026-03-13,LONG,0.6696,208.18,213.13,1,True,2.3778,0.0114,.60-.70,
ZEC/USDT,2026-03-17,LONG,0.6605,272.56,217.31,5,False,-20.2708,0.2125,.60-.70,
ZEC/USDT,2026-03-18,LONG,0.7127,248.8,228.72,5,False,-8.0707,1.1887,.70-.80,1-1.5x
ZEC/USDT,2026-03-19,LONG,0.8625,234.6,242.05,5,False,3.1756,0.7928,>.80,
ZEC/USDT,2026-03-20,LONG,0.6571,234.46,231.92,5,False,-1.0833,0.0083,.60-.70,
ZEC/USDT,2026-03-21,LONG,0.7049,219.92,231.92,4,True,5.4565,0.848,.70-.80,
ZEC/USDT,2026-03-22,LONG,0.7153,217.31,231.92,3,True,6.7231,0.1639,.70-.80,
ZEC/USDT,2026-04-02,LONG,0.5962,240.79,234.31,1,True,-2.6911,0.6172,.55-.60,
ZEC/USDT,2026-04-05,LONG,0.5777,244.6,251.55,1,True,2.8414,0.5249,.55-.60,
ZEC/USDT,2026-04-07,LONG,0.5827,320.44,323.43,1,True,0.9331,3.5982,.55-.60,3-5x
ZEC/USDT,2026-04-09,LONG,0.6094,367.01,368.22,4,True,0.3297,1.718,.60-.70,1.5-2x
ZEC/USDT,2026-04-10,LONG,0.8502,375.36,368.22,3,True,-1.9022,0.3005,>.80,
ZEC/USDT,2026-04-12,LONG,0.7456,362.23,368.22,1,True,1.6536,0.3132,.70-.80,
ZEC/USDT,2026-04-14,LONG,0.563,353.99,322.94,4,True,-8.7714,0.5092,.55-.60,
ZEC/USDT,2026-04-16,LONG,0.6248,340.25,322.94,2,True,-5.0874,0.2157,.60-.70,
ZEC/USDT,2026-04-19,LONG,0.6181,301.67,316.69,2,True,4.979,0.8421,.60-.70,
ZEC/USDT,2026-04-20,LONG,0.6782,312.27,316.69,1,True,1.4154,0.4631,.60-.70,
ZEC/USDT,2026-04-22,LONG,0.7625,316.5,354.99,4,True,12.1611,0.008,.70-.80,
ZEC/USDT,2026-04-24,LONG,0.5894,359.2,354.99,2,True,-1.172,0.646,.55-.60,
ZEC/USDT,2026-04-25,LONG,0.5597,358.92,354.99,1,True,-1.095,0.0105,.55-.60,
ZEC/USDT,2026-04-27,LONG,0.7039,355.47,336.2,1,True,-5.421,0.0303,.70-.80,
ZEC/USDT,2026-04-29,LONG,0.6216,327.65,422.59,5,False,28.976,0.7258,.60-.70,
ZEC/USDT,2026-04-30,LONG,0.6693,350.69,516.81,5,False,47.3695,1.8278,.60-.70,1.5-2x
ZEC/USDT,2026-05-01,LONG,0.7626,385.06,554.29,5,False,43.949,2.2033,.70-.80,2-3x
ZEC/USDT,2026-05-03,LONG,0.5664,413.33,554.29,3,True,34.1035,1.4402,.55-.60,1-1.5x
ZEC/USDT,2026-05-04,LONG,0.7998,422.59,554.29,2,True,31.165,0.4981,.70-.80,
ZEC/USDT,2026-05-05,LONG,0.5648,516.81,554.29,1,True,7.2522,3.4416,.55-.60,3-5x
ZEC/USDT,2026-05-07,LONG,0.7248,574.62,594.64,2,True,3.484,0.5771,.70-.80,
ZEC/USDT,2026-05-08,LONG,0.5702,613.39,594.64,1,True,-3.0568,1.071,.55-.60,1-1.5x
ZEC/USDT,2026-05-10,LONG,0.7476,592.79,571.27,2,True,-3.6303,0.0509,.70-.80,
ZEC/USDT,2026-05-11,LONG,0.7767,557.01,571.27,1,True,2.5601,0.9346,.70-.80,
ZEC/USDT,2026-05-14,LONG,0.8863,560.26,515.21,1,True,-8.0409,1.0002,>.80,1-1.5x
ZEC/USDT,2026-05-17,LONG,0.8068,536.04,573.98,2,True,7.0778,0.6708,>.80,
ZEC/USDT,2026-05-18,LONG,0.9229,563.55,573.98,1,True,1.8508,0.7334,>.80,
ZEC/USDT,2026-05-20,LONG,0.8371,674.06,583.08,2,True,-13.4973,2.3051,>.80,2-3x
ZEC/USDT,2026-05-21,LONG,0.9091,664.61,583.08,1,True,-12.2673,0.1871,>.80,
ZEC/USDT,2026-05-23,LONG,0.925,630.62,652.4,2,True,3.4537,0.9851,>.80,
ZEC/USDT,2026-05-24,LONG,0.7091,662.88,652.4,1,True,-1.581,0.6165,.70-.80,
ZEC/USDT,2026-05-26,LONG,0.5817,568.61,529.68,3,True,-6.8465,1.7218,.55-.60,1.5-2x
ZEC/USDT,2026-05-27,LONG,0.7682,542.48,529.68,2,True,-2.3595,0.613,.70-.80,
ZEC/USDT,2026-05-28,LONG,0.5877,547.33,529.68,1,True,-3.2247,0.1219,.55-.60,
ZEC/USDT,2026-05-31,LONG,0.5596,568.84,460.39,4,True,-19.0651,1.0375,.55-.60,1-1.5x
ZEC/USDT,2026-06-01,LONG,0.6381,545.06,460.39,3,True,-15.5341,0.5602,.60-.70,
ZEC/USDT,2026-06-02,LONG,0.5771,609.46,460.39,2,True,-24.4594,1.5465,.55-.60,1.5-2x
ZEC/USDT,2026-06-03,LONG,0.6888,620.66,460.39,1,True,-25.8225,0.2443,.60-.70,
ZEC/USDT,2026-06-06,LONG,0.5989,362.34,440.73,1,True,21.6344,0.6899,.55-.60,
DASH/USDT,2026-02-06,LONG,0.6225,37.74,33.89,5,False,-10.2014,1.6517,.60-.70,1.5-2x
DASH/USDT,2026-02-07,LONG,0.581,36.84,34.35,5,False,-6.759,0.3832,.55-.60,
DASH/USDT,2026-02-08,LONG,0.7587,37.23,37.02,5,False,-0.5641,0.168,.70-.80,
DASH/USDT,2026-02-09,LONG,0.7029,36.42,40.18,5,False,10.324,0.3488,.70-.80,
DASH/USDT,2026-02-10,LONG,0.5776,35.21,40.18,4,True,14.1153,0.5329,.55-.60,
DASH/USDT,2026-02-11,LONG,0.6639,33.89,40.18,3,True,18.56,0.6074,.60-.70,
DASH/USDT,2026-02-12,LONG,0.5764,34.35,40.18,2,True,16.9723,0.236,.55-.60,
DASH/USDT,2026-02-13,LONG,0.568,37.02,40.18,1,True,8.5359,1.2548,.55-.60,1-1.5x
DASH/USDT,2026-02-15,LONG,0.5648,37.56,35.22,5,False,-6.23,0.9914,.55-.60,
DASH/USDT,2026-02-16,LONG,0.5526,38.16,33.98,5,False,-10.9539,0.2468,.55-.60,
DASH/USDT,2026-02-17,LONG,0.6287,37.3,33.98,4,True,-8.9008,0.3526,.60-.70,
DASH/USDT,2026-02-18,LONG,0.5936,35.51,33.98,3,True,-4.3086,0.7561,.55-.60,
DASH/USDT,2026-02-20,LONG,0.616,35.22,33.98,1,True,-3.5207,0.3225,.60-.70,
DASH/USDT,2026-03-05,LONG,0.6142,34.35,31.8,2,True,-7.4236,0.5004,.60-.70,
DASH/USDT,2026-03-09,LONG,0.5985,32.01,32.69,5,False,2.1243,1.2733,.55-.60,1-1.5x
DASH/USDT,2026-03-12,LONG,0.562,32.92,35.17,5,False,6.8348,0.3868,.55-.60,
DASH/USDT,2026-03-16,LONG,0.6095,35.95,32.04,4,True,-10.8762,1.5412,.60-.70,1.5-2x
DASH/USDT,2026-03-18,LONG,0.6243,32.59,32.04,2,True,-1.6876,1.8127,.60-.70,1.5-2x
DASH/USDT,2026-03-19,LONG,0.7076,31.35,32.04,1,True,2.201,0.9309,.70-.80,
DASH/USDT,2026-03-21,LONG,0.7507,31.42,32.17,1,True,2.387,0.4742,.70-.80,
DASH/USDT,2026-03-25,LONG,0.7981,33.98,32.32,1,True,-4.8852,0.2748,.70-.80,
DASH/USDT,2026-03-28,LONG,0.6535,31.7,31.76,1,True,0.1893,0.0087,.60-.70,
DASH/USDT,2026-04-04,LONG,0.6869,30.88,33.6,3,True,8.8083,0.9112,.60-.70,
DASH/USDT,2026-04-05,LONG,0.5703,30.42,33.6,2,True,10.4536,0.4465,.55-.60,
DASH/USDT,2026-04-09,LONG,0.6764,35.94,46.25,2,True,28.6867,2.473,.60-.70,2-3x
DASH/USDT,2026-04-10,LONG,0.991,45.83,46.25,1,True,0.9164,3.6095,>.80,3-5x
DASH/USDT,2026-04-12,LONG,0.9548,40.91,38.05,3,True,-6.991,1.4252,>.80,1-1.5x
DASH/USDT,2026-04-13,LONG,0.9951,41.35,38.05,2,True,-7.9807,0.1329,>.80,
DASH/USDT,2026-04-14,LONG,0.8548,38.27,38.05,1,True,-0.5749,0.8963,>.80,
DASH/USDT,2026-04-18,LONG,0.7328,34.52,36.55,5,False,5.8806,0.7679,.70-.80,
DASH/USDT,2026-04-21,LONG,0.6661,36.64,36.3,5,False,-0.9279,0.8036,.60-.70,
DASH/USDT,2026-04-24,LONG,0.7075,36.63,34.55,5,False,-5.6784,0.0259,.70-.80,
DASH/USDT,2026-04-25,LONG,0.5968,36.11,34.55,4,True,-4.3201,0.1682,.55-.60,
DASH/USDT,2026-04-26,LONG,0.6094,36.3,34.55,3,True,-4.8209,0.0624,.60-.70,
DASH/USDT,2026-04-28,LONG,0.613,34.86,34.55,1,True,-0.8893,0.242,.60-.70,
DASH/USDT,2026-04-30,LONG,0.584,35.38,49.09,5,False,38.7507,0.5924,.55-.60,
DASH/USDT,2026-05-01,LONG,0.582,37.7,49.09,4,True,30.2122,1.4929,.55-.60,1-1.5x
DASH/USDT,2026-05-04,LONG,0.785,47.49,49.09,1,True,3.3691,3.6273,.70-.80,3-5x
DASH/USDT,2026-05-06,LONG,0.7729,51.43,49.13,3,True,-4.4721,0.8238,.70-.80,
DASH/USDT,2026-05-07,LONG,0.9423,52.18,49.13,2,True,-5.8452,0.2528,>.80,
DASH/USDT,2026-05-08,LONG,0.8161,50.35,49.13,1,True,-2.423,0.6287,>.80,
DASH/USDT,2026-05-14,LONG,0.5978,46.31,43.44,1,True,-6.1974,0.976,.55-.60,
DASH/USDT,2026-05-16,LONG,0.5767,41.34,40.85,1,True,-1.1853,0.7854,.55-.60,
DASH/USDT,2026-05-18,LONG,0.6546,42.8,42.17,1,True,-1.472,0.7751,.60-.70,
DASH/USDT,2026-05-20,LONG,0.7995,50.74,48.93,1,True,-3.5672,2.7047,.70-.80,2-3x
DASH/USDT,2026-05-26,LONG,0.5993,43.56,39.45,4,True,-9.4353,0.4172,.55-.60,
DASH/USDT,2026-05-27,LONG,0.6318,42.54,39.45,3,True,-7.2638,0.3534,.60-.70,
DASH/USDT,2026-05-29,LONG,0.7157,39.46,39.45,1,True,-0.0253,0.2202,.70-.80,
DASH/USDT,2026-06-02,LONG,0.5873,37.83,34.24,2,True,-9.4898,0.6828,.55-.60,
DASH/USDT,2026-06-03,LONG,0.5785,39.18,34.24,1,True,-12.6085,0.5436,.55-.60,
DASH/USDT,2026-06-05,LONG,0.5561,31.52,35.2,4,True,11.6751,1.1161,.55-.60,1-1.5x
DASH/USDT,2026-06-06,LONG,0.5828,32.65,35.2,3,True,7.8101,0.4983,.55-.60,
DASH/USDT,2026-06-07,LONG,0.7885,36.88,35.2,2,True,-4.5553,1.6729,.70-.80,1.5-2x
QTUM/USDT,2024-08-29,LONG,0.7332,2.306,2.338,1,True,1.3877,0.142,.70-.80,
QTUM/USDT,2024-09-04,LONG,0.6104,2.18,2.148,1,True,-1.4679,0.2474,.60-.70,
QTUM/USDT,2024-09-07,LONG,0.6151,2.106,2.27,5,False,7.7873,0.4298,.60-.70,
QTUM/USDT,2024-09-08,LONG,0.6724,2.184,2.314,5,False,5.9524,1.1099,.60-.70,1-1.5x
QTUM/USDT,2024-09-09,LONG,0.5629,2.257,2.306,5,False,2.171,0.9929,.55-.60,
QTUM/USDT,2024-09-11,LONG,0.6109,2.227,2.198,5,False,-1.3022,0.526,.60-.70,
QTUM/USDT,2024-09-12,LONG,0.5612,2.27,2.198,4,True,-3.1718,0.6349,.55-.60,
QTUM/USDT,2024-09-15,LONG,0.5952,2.203,2.198,1,True,-0.227,1.51,.55-.60,1.5-2x
QTUM/USDT,2024-09-17,LONG,0.6076,2.261,2.309,1,True,2.123,1.0499,.60-.70,1-1.5x
QTUM/USDT,2024-09-20,LONG,0.5978,2.454,2.545,1,True,3.7082,0.651,.55-.60,
QTUM/USDT,2024-09-25,LONG,0.5711,2.536,2.607,5,False,2.7997,0.7436,.55-.60,
QTUM/USDT,2024-09-26,LONG,0.5523,2.644,2.395,5,False,-9.4175,1.7395,.55-.60,1.5-2x
QTUM/USDT,2024-09-28,LONG,0.6511,2.658,2.31,5,False,-13.0926,0.7958,.60-.70,
QTUM/USDT,2024-09-29,LONG,0.6822,2.659,2.31,4,True,-13.1252,0.0154,.60-.70,
QTUM/USDT,2024-09-30,LONG,0.7985,2.607,2.31,3,True,-11.3924,0.7739,.70-.80,
QTUM/USDT,2024-10-01,LONG,0.7387,2.395,2.31,2,True,-3.5491,2.5577,.70-.80,2-3x
QTUM/USDT,2024-10-02,LONG,0.5747,2.362,2.31,1,True,-2.2015,0.433,.55-.60,
QTUM/USDT,2024-10-07,LONG,0.8495,2.456,2.334,2,True,-4.9674,0.2138,>.80,
QTUM/USDT,2024-10-08,LONG,0.7027,2.437,2.334,1,True,-4.2265,0.2535,.70-.80,
QTUM/USDT,2024-10-10,LONG,0.7806,2.385,2.461,3,True,3.1866,0.7115,.70-.80,
QTUM/USDT,2024-10-11,LONG,0.6728,2.504,2.461,2,True,-1.7173,1.5757,.60-.70,1.5-2x
QTUM/USDT,2024-10-12,LONG,0.6127,2.52,2.461,1,True,-2.3413,0.2058,.60-.70,
QTUM/USDT,2024-10-15,LONG,0.6167,2.568,2.485,2,True,-3.2321,0.3928,.60-.70,
QTUM/USDT,2024-10-16,LONG,0.5849,2.529,2.485,1,True,-1.7398,0.4752,.55-.60,
QTUM/USDT,2024-10-21,LONG,0.7565,2.547,2.409,3,True,-5.4181,1.3681,.70-.80,1-1.5x
QTUM/USDT,2024-10-22,LONG,0.6256,2.475,2.409,2,True,-2.6667,0.9908,.60-.70,
QTUM/USDT,2024-10-23,LONG,0.7437,2.405,2.409,1,True,0.1663,0.9803,.70-.80,
QTUM/USDT,2024-10-29,LONG,0.6289,2.412,2.365,1,True,-1.9486,1.5507,.60-.70,1.5-2x
QTUM/USDT,2024-11-01,LONG,0.7325,2.215,2.192,1,True,-1.0384,0.2104,.70-.80,
QTUM/USDT,2024-11-03,LONG,0.8173,2.137,2.452,5,False,14.7403,0.8168,>.80,
QTUM/USDT,2024-11-04,LONG,0.6174,2.094,2.452,4,True,17.0965,0.6532,.60-.70,
QTUM/USDT,2024-11-06,LONG,0.61,2.358,2.452,2,True,3.9864,1.9767,.60-.70,1.5-2x
QTUM/USDT,2024-11-07,LONG,0.676,2.407,2.452,1,True,1.8695,0.5533,.60-.70,
QTUM/USDT,2024-11-09,LONG,0.7139,2.515,2.842,2,True,13.002,0.6844,.70-.80,
QTUM/USDT,2024-11-10,LONG,0.6712,2.639,2.842,1,True,7.6923,1.2912,.60-.70,1-1.5x
QTUM/USDT,2024-11-12,LONG,0.7754,2.722,2.863,3,True,5.18,1.0141,.70-.80,1-1.5x
QTUM/USDT,2024-11-13,LONG,0.6778,2.604,2.863,2,True,9.9462,1.0051,.60-.70,1-1.5x
QTUM/USDT,2024-11-14,LONG,0.993,2.694,2.863,1,True,6.2732,0.8933,>.80,
QTUM/USDT,2024-11-18,LONG,0.8852,3.228,3.129,1,True,-3.0669,1.8089,>.80,1.5-2x
QTUM/USDT,2024-11-21,LONG,0.6352,3.277,3.689,2,True,12.5725,1.7163,.60-.70,1.5-2x
QTUM/USDT,2024-11-22,LONG,0.9616,3.502,3.689,1,True,5.3398,1.1613,>.80,1-1.5x
QTUM/USDT,2024-11-27,LONG,0.5974,3.764,3.692,1,True,-1.9129,1.0467,.55-.60,1-1.5x
QTUM/USDT,2024-11-29,LONG,0.5707,3.914,4.265,3,True,8.9678,0.9774,.55-.60,
QTUM/USDT,2024-11-30,LONG,0.5996,3.919,4.265,2,True,8.8288,0.0208,.55-.60,
QTUM/USDT,2024-12-03,LONG,0.9656,5.738,5.02,1,True,-12.5131,3.8021,>.80,3-5x
QTUM/USDT,2024-12-06,LONG,0.9888,4.801,4.85,1,True,1.0206,0.0796,>.80,
QTUM/USDT,2024-12-10,LONG,0.6568,3.902,3.933,4,True,0.7945,0.2979,.60-.70,
QTUM/USDT,2024-12-11,LONG,0.5944,4.151,3.933,3,True,-5.2517,0.6245,.55-.60,
QTUM/USDT,2024-12-12,LONG,0.5853,4.185,3.933,2,True,-6.0215,0.0807,.55-.60,
QTUM/USDT,2024-12-13,LONG,0.6388,4.159,3.933,1,True,-5.434,0.0615,.60-.70,
QTUM/USDT,2024-12-17,LONG,0.5641,3.716,3.327,1,True,-10.4682,0.4285,.55-.60,
QTUM/USDT,2024-12-20,LONG,0.6468,3.158,3.251,3,True,2.9449,0.4666,.60-.70,
QTUM/USDT,2024-12-21,LONG,0.6143,3.015,3.251,2,True,7.8275,0.4265,.60-.70,
QTUM/USDT,2024-12-22,LONG,0.6101,3.051,3.251,1,True,6.5552,0.1136,.60-.70,
QTUM/USDT,2024-12-27,LONG,0.5882,3.111,3.138,5,False,0.8679,0.0,.55-.60,
QTUM/USDT,2024-12-29,LONG,0.5646,3.114,3.459,5,False,11.079,0.9825,.55-.60,
QTUM/USDT,2025-01-13,LONG,0.5781,3.093,3.368,2,True,8.891,0.6077,.55-.60,
QTUM/USDT,2025-01-18,LONG,0.6126,3.314,3.023,2,True,-8.7809,1.2626,.60-.70,1-1.5x
QTUM/USDT,2025-01-19,LONG,0.5947,2.994,3.023,1,True,0.9686,2.0097,.55-.60,2-3x
QTUM/USDT,2025-01-21,LONG,0.6084,3.079,2.862,5,False,-7.0477,0.3936,.60-.70,
QTUM/USDT,2025-01-22,LONG,0.6462,2.939,2.862,4,True,-2.6199,0.9521,.60-.70,
QTUM/USDT,2025-01-23,LONG,0.6205,2.929,2.862,3,True,-2.2875,0.0774,.60-.70,
QTUM/USDT,2025-01-24,LONG,0.5628,2.873,2.862,2,True,-0.3829,0.4343,.55-.60,
QTUM/USDT,2025-01-27,LONG,0.5715,2.842,2.71,1,True,-4.6446,0.1878,.55-.60,
QTUM/USDT,2025-01-31,LONG,0.8001,3.541,3.108,3,True,-12.2282,3.5198,>.80,3-5x
QTUM/USDT,2025-02-01,LONG,0.9548,3.787,3.108,2,True,-17.9298,1.0599,>.80,1-1.5x
QTUM/USDT,2025-02-02,LONG,0.8574,3.04,3.108,1,True,2.2368,2.461,>.80,2-3x
QTUM/USDT,2025-02-06,LONG,0.979,3.295,2.786,3,True,-15.4476,0.1588,>.80,
QTUM/USDT,2025-02-07,LONG,0.9659,3.141,2.786,2,True,-11.3021,0.5499,>.80,
QTUM/USDT,2025-02-08,LONG,0.6179,2.993,2.786,1,True,-6.9161,0.5698,.60-.70,
QTUM/USDT,2025-02-12,LONG,0.6617,3.369,3.373,2,True,0.1187,0.3869,.60-.70,
QTUM/USDT,2025-02-13,LONG,0.8146,3.272,3.373,1,True,3.0868,0.3293,>.80,
QTUM/USDT,2025-02-16,LONG,0.7103,3.204,3.082,5,False,-3.8077,0.2707,.70-.80,
QTUM/USDT,2025-02-20,LONG,0.6204,3.28,3.082,1,True,-6.0366,0.1448,.60-.70,
QTUM/USDT,2025-02-22,LONG,0.564,3.075,2.642,2,True,-14.0813,0.0407,.55-.60,
QTUM/USDT,2025-02-23,LONG,0.5591,3.006,2.642,1,True,-12.1091,0.4015,.55-.60,
QTUM/USDT,2025-02-27,LONG,0.5577,2.591,2.286,4,True,-11.7715,0.1745,.55-.60,
QTUM/USDT,2025-03-07,LONG,0.56,2.309,2.137,5,False,-7.4491,0.0485,.55-.60,
QTUM/USDT,2025-03-11,LONG,0.5741,2.112,2.137,1,True,1.1837,1.1634,.55-.60,1-1.5x
QTUM/USDT,2025-03-14,LONG,0.5586,2.149,2.108,2,True,-1.9079,0.4514,.55-.60,
QTUM/USDT,2025-03-15,LONG,0.5676,2.208,2.108,1,True,-4.529,0.4924,.55-.60,
QTUM/USDT,2025-03-20,LONG,0.5986,2.222,2.156,3,True,-2.9703,0.5949,.55-.60,
QTUM/USDT,2025-03-21,LONG,0.5691,2.147,2.156,2,True,0.4192,0.6352,.55-.60,
QTUM/USDT,2025-03-26,LONG,0.6092,2.21,1.919,5,False,-13.1674,0.4322,.60-.70,
QTUM/USDT,2025-03-27,LONG,0.5512,2.204,1.976,5,False,-10.3448,0.0753,.55-.60,
QTUM/USDT,2025-03-28,LONG,0.5743,2.056,1.838,5,False,-10.6031,1.7413,.55-.60,1.5-2x
QTUM/USDT,2025-03-31,LONG,0.5826,1.919,1.884,5,False,-1.8239,0.3435,.55-.60,
ONT/USDT,2024-09-04,LONG,0.6057,0.1656,0.1611,1,True,-2.7174,1.0606,.60-.70,1-1.5x
ONT/USDT,2024-09-08,LONG,0.6015,0.1627,0.1767,5,False,8.6048,0.7181,.60-.70,
ONT/USDT,2024-09-09,LONG,0.5696,0.1697,0.1734,5,False,2.1803,1.1788,.55-.60,1-1.5x
ONT/USDT,2024-09-10,LONG,0.5903,0.1727,0.167,5,False,-3.3005,0.4837,.55-.60,
ONT/USDT,2024-09-11,LONG,0.5567,0.1699,0.1636,5,False,-3.7081,0.4435,.55-.60,
ONT/USDT,2024-09-15,LONG,0.6856,0.167,0.1702,2,True,1.9162,1.0983,.60-.70,1-1.5x
ONT/USDT,2024-09-16,LONG,0.5954,0.1636,0.1702,1,True,4.0342,0.6527,.55-.60,
ONT/USDT,2024-09-21,LONG,0.8508,0.2054,0.192,1,True,-6.5239,2.1253,>.80,2-3x
ONT/USDT,2024-09-23,LONG,0.6462,0.1939,0.1999,1,True,3.0944,0.2692,.60-.70,
ONT/USDT,2024-09-27,LONG,0.7349,0.2074,0.1735,5,False,-16.3452,0.1564,.70-.80,
ONT/USDT,2024-09-28,LONG,0.6114,0.2047,0.1735,4,True,-15.2418,0.3772,.60-.70,
ONT/USDT,2024-09-29,LONG,0.6128,0.2026,0.1735,3,True,-14.3633,0.3013,.60-.70,
ONT/USDT,2024-09-30,LONG,0.6528,0.1941,0.1735,2,True,-10.6131,1.1701,.60-.70,1-1.5x
ONT/USDT,2024-10-01,LONG,0.6154,0.1784,0.1735,1,True,-2.7466,1.9918,.60-.70,1.5-2x
ONT/USDT,2024-10-03,LONG,0.8285,0.1704,0.1838,4,True,7.8638,0.4431,>.80,
ONT/USDT,2024-10-04,LONG,0.7897,0.1776,0.1838,3,True,3.491,1.0252,.70-.80,1-1.5x
ONT/USDT,2024-10-05,LONG,0.7225,0.1783,0.1838,2,True,3.0847,0.0981,.70-.80,
ONT/USDT,2024-10-10,LONG,0.7205,0.1803,0.1926,2,True,6.822,0.2632,.70-.80,
ONT/USDT,2024-10-14,LONG,0.5618,0.1972,0.197,1,True,-0.1014,1.5539,.55-.60,1.5-2x
ONT/USDT,2024-10-20,LONG,0.7124,0.2083,0.1976,2,True,-5.1368,1.4178,.70-.80,1-1.5x
ONT/USDT,2024-10-24,LONG,0.6881,0.1897,0.1762,3,True,-7.1165,0.5207,.60-.70,
ONT/USDT,2024-10-26,LONG,0.7476,0.1727,0.1762,1,True,2.0266,0.0731,.70-.80,
ONT/USDT,2024-11-01,LONG,0.648,0.1704,0.168,1,True,-1.4085,0.1655,.60-.70,
ONT/USDT,2024-11-07,LONG,0.5835,0.1824,0.2119,4,True,16.1732,0.1248,.55-.60,
ONT/USDT,2024-11-09,LONG,0.647,0.1919,0.2119,2,True,10.4221,0.7869,.60-.70,
ONT/USDT,2024-11-13,LONG,0.6415,0.2041,0.2323,3,True,13.8168,0.6373,.60-.70,
ONT/USDT,2024-11-14,LONG,0.9683,0.1959,0.2323,2,True,18.5809,1.0244,>.80,1-1.5x
ONT/USDT,2024-11-15,LONG,0.5991,0.2084,0.2323,1,True,11.4683,1.5512,.55-.60,1.5-2x
ONT/USDT,2024-11-18,LONG,0.5569,0.2301,0.2274,1,True,-1.1734,1.3426,.55-.60,1-1.5x
ONT/USDT,2024-11-21,LONG,0.6417,0.2326,0.2617,3,True,12.5107,1.5172,.60-.70,1.5-2x
ONT/USDT,2024-11-22,LONG,0.8991,0.2432,0.2617,2,True,7.6069,0.8524,>.80,
ONT/USDT,2024-11-23,LONG,0.6117,0.2499,0.2617,1,True,4.7219,0.5337,.60-.70,
ONT/USDT,2024-11-25,LONG,0.899,0.2569,0.274,2,True,6.6563,0.3571,>.80,
ONT/USDT,2024-11-30,LONG,0.7781,0.2883,0.3103,2,True,7.6309,0.2549,.70-.80,
ONT/USDT,2024-12-06,LONG,0.9971,0.3518,0.3465,1,True,-1.5065,0.2518,>.80,
ONT/USDT,2024-12-12,LONG,0.7666,0.2918,0.2746,2,True,-5.8944,0.1451,.70-.80,
ONT/USDT,2024-12-13,LONG,0.6553,0.2917,0.2746,1,True,-5.8622,0.004,.60-.70,
ONT/USDT,2024-12-17,LONG,0.5685,0.2612,0.2332,1,True,-10.7198,0.6375,.55-.60,
ONT/USDT,2024-12-20,LONG,0.7766,0.2304,0.2198,1,True,-4.6007,0.7489,.70-.80,
ONT/USDT,2024-12-28,LONG,0.5633,0.2518,0.2299,3,True,-8.6974,1.2529,.55-.60,1-1.5x
ONT/USDT,2024-12-29,LONG,0.6125,0.2359,0.2299,2,True,-2.5435,1.0926,.60-.70,1-1.5x
ONT/USDT,2024-12-30,LONG,0.6244,0.235,0.2299,1,True,-2.1702,0.0666,.60-.70,
ONT/USDT,2025-01-03,LONG,0.6467,0.259,0.2575,1,True,-0.5792,1.1693,.60-.70,1-1.5x
ONT/USDT,2025-01-06,LONG,0.602,0.2651,0.2433,2,True,-8.2233,0.3213,.60-.70,
ONT/USDT,2025-01-11,LONG,0.6587,0.2479,0.2573,3,True,3.7919,0.3889,.60-.70,
ONT/USDT,2025-01-12,LONG,0.6759,0.2424,0.2573,2,True,6.1469,0.4613,.60-.70,
ONT/USDT,2025-01-13,LONG,0.9405,0.263,0.2573,1,True,-2.1673,1.7178,>.80,1.5-2x
ONT/USDT,2025-01-17,LONG,0.7124,0.2715,0.2242,3,True,-17.4217,1.3801,.70-.80,1-1.5x
ONT/USDT,2025-01-18,LONG,0.9115,0.2493,0.2242,2,True,-10.0682,1.7396,>.80,1.5-2x
ONT/USDT,2025-01-19,LONG,0.8912,0.2206,0.2242,1,True,1.6319,2.131,>.80,2-3x
ONT/USDT,2025-01-23,LONG,0.7167,0.2218,0.2157,1,True,-2.7502,0.1992,.70-.80,
ONT/USDT,2025-01-29,LONG,0.8309,0.2095,0.2196,1,True,4.821,0.2799,>.80,
ONT/USDT,2025-01-31,LONG,0.5675,0.2211,0.1939,3,True,-12.3021,0.1413,.55-.60,
ONT/USDT,2025-02-01,LONG,0.8456,0.236,0.1939,2,True,-17.839,1.329,>.80,1-1.5x
ONT/USDT,2025-02-02,LONG,0.6062,0.1912,0.1939,1,True,1.4121,3.0451,.60-.70,3-5x
ONT/USDT,2025-02-05,LONG,0.8303,0.184,0.1786,1,True,-2.9348,0.6523,>.80,
ONT/USDT,2025-02-08,LONG,0.589,0.1912,0.1893,1,True,-0.9937,0.4165,.55-.60,
ONT/USDT,2025-02-12,LONG,0.5919,0.2057,0.1988,1,True,-3.3544,1.1919,.55-.60,1-1.5x
ONT/USDT,2025-02-16,LONG,0.5833,0.1938,0.1877,5,False,-3.1476,0.1923,.55-.60,
ONT/USDT,2025-02-17,LONG,0.6473,0.1958,0.1916,5,False,-2.145,0.186,.60-.70,
ONT/USDT,2025-02-18,LONG,0.638,0.1859,0.1878,5,False,1.0221,0.8958,.60-.70,
ONT/USDT,2025-03-11,LONG,0.5996,0.1382,0.1401,2,True,1.3748,0.8848,.55-.60,
ONT/USDT,2025-03-12,LONG,0.6076,0.1422,0.1401,1,True,-1.4768,0.5373,.60-.70,
ONT/USDT,2025-03-14,LONG,0.6318,0.1449,0.1436,2,True,-0.8972,0.6312,.60-.70,
ONT/USDT,2025-03-15,LONG,0.5976,0.1482,0.1436,1,True,-3.1039,0.4155,.55-.60,
ONT/USDT,2025-03-17,LONG,0.5815,0.15,0.1552,2,True,3.4667,0.8777,.55-.60,
ONT/USDT,2025-03-18,LONG,0.821,0.1523,0.1552,1,True,1.9041,0.3009,>.80,
ONT/USDT,2025-03-20,LONG,0.5658,0.1531,0.1559,4,True,1.8289,0.2644,.55-.60,
ONT/USDT,2025-03-21,LONG,0.9496,0.1501,0.1559,3,True,3.8641,0.382,>.80,
ONT/USDT,2025-03-22,LONG,0.6232,0.153,0.1559,2,True,1.8954,0.4131,.60-.70,
ONT/USDT,2025-03-23,LONG,0.554,0.1497,0.1559,1,True,4.1416,0.5993,.55-.60,
ONT/USDT,2025-03-27,LONG,0.5826,0.1559,0.1393,4,True,-10.6479,0.124,.55-.60,
ONT/USDT,2025-03-28,LONG,0.6749,0.1431,0.1393,3,True,-2.6555,2.0177,.60-.70,2-3x
ONT/USDT,2025-03-29,LONG,0.5771,0.1377,0.1393,2,True,1.1619,1.0841,.55-.60,1-1.5x
ONT/USDT,2025-04-02,LONG,0.5874,0.1312,0.1213,5,False,-7.5457,2.4416,.55-.60,2-3x
ONT/USDT,2025-04-03,LONG,0.7412,0.1324,0.1175,5,False,-11.2538,0.2502,.70-.80,
ONT/USDT,2025-04-04,LONG,0.6032,0.1341,0.1175,4,True,-12.3788,0.3543,.60-.70,
ONT/USDT,2025-04-05,LONG,0.7332,0.1328,0.1175,3,True,-11.5211,0.2714,.70-.80,
NEO/USDT,2024-08-29,LONG,0.7733,9.978,9.193,3,True,-7.8673,0.9271,.70-.80,
NEO/USDT,2024-08-30,LONG,0.747,10.225,9.193,2,True,-10.0929,0.7292,.70-.80,
NEO/USDT,2024-09-03,LONG,0.5613,9.344,9.084,4,True,-2.7825,0.9723,.55-.60,
NEO/USDT,2024-09-04,LONG,0.7454,9.603,9.084,3,True,-5.4046,0.7393,.70-.80,
NEO/USDT,2024-09-08,LONG,0.6756,9.349,9.618,2,True,2.8773,0.7779,.60-.70,
NEO/USDT,2024-09-11,LONG,0.5668,9.464,9.181,5,False,-2.9903,0.441,.55-.60,
NEO/USDT,2024-09-13,LONG,0.5843,9.777,9.271,4,True,-5.1754,0.3305,.55-.60,
NEO/USDT,2024-09-15,LONG,0.7205,9.279,9.271,2,True,-0.0862,1.1201,.70-.80,1-1.5x
NEO/USDT,2024-09-16,LONG,0.5528,9.181,9.271,1,True,0.9803,0.3317,.55-.60,
NEO/USDT,2024-09-23,LONG,0.6528,10.059,10.886,5,False,8.2215,0.1345,.60-.70,
NEO/USDT,2024-09-24,LONG,0.683,10.588,10.827,5,False,2.2573,1.96,.60-.70,1.5-2x
NEO/USDT,2024-09-26,LONG,0.7091,10.918,9.827,5,False,-9.9927,2.1711,.70-.80,2-3x
NEO/USDT,2024-09-27,LONG,0.8077,10.945,9.661,5,False,-11.7314,0.0922,>.80,
NEO/USDT,2024-09-28,LONG,0.6147,10.886,9.653,5,False,-11.3265,0.2025,.60-.70,
NEO/USDT,2024-09-29,LONG,0.7155,10.827,9.653,4,True,-10.8433,0.2027,.70-.80,
NEO/USDT,2024-09-30,LONG,0.6577,10.615,9.653,3,True,-9.0626,0.7169,.60-.70,
NEO/USDT,2024-10-01,LONG,0.658,9.827,9.653,2,True,-1.7706,2.2952,.60-.70,2-3x
NEO/USDT,2024-10-02,LONG,0.6712,9.661,9.653,1,True,-0.0828,0.5233,.60-.70,
NEO/USDT,2024-10-06,LONG,0.8287,10.352,9.99,3,True,-3.4969,1.2747,>.80,1-1.5x
NEO/USDT,2024-10-07,LONG,0.8601,10.196,9.99,2,True,-2.0204,0.4609,>.80,
NEO/USDT,2024-10-08,LONG,0.7655,10.282,9.99,1,True,-2.8399,0.2616,.70-.80,
NEO/USDT,2024-10-10,LONG,0.8147,10.153,10.419,3,True,2.6199,0.5117,>.80,
NEO/USDT,2024-10-11,LONG,0.6389,10.691,10.419,2,True,-2.5442,1.5923,.60-.70,1.5-2x
NEO/USDT,2024-10-12,LONG,0.6198,10.611,10.419,1,True,-1.8094,0.2312,.60-.70,
NEO/USDT,2024-10-15,LONG,0.6813,10.685,10.57,3,True,-1.0763,0.4221,.60-.70,
NEO/USDT,2024-10-17,LONG,0.6054,10.37,10.57,1,True,1.9286,0.8412,.60-.70,
NEO/USDT,2024-10-20,LONG,0.7347,10.973,10.104,3,True,-7.9194,1.0589,.70-.80,1-1.5x
NEO/USDT,2024-10-21,LONG,0.6452,10.553,10.104,2,True,-4.2547,1.4896,.60-.70,1-1.5x
NEO/USDT,2024-10-24,LONG,0.7492,10.136,9.55,3,True,-5.7814,0.1225,.70-.80,
NEO/USDT,2024-10-26,LONG,0.621,9.411,9.55,1,True,1.477,0.0743,.60-.70,
NEO/USDT,2024-11-05,LONG,0.5907,9.265,11.482,5,False,23.9288,1.5767,.55-.60,1.5-2x
NEO/USDT,2024-11-06,LONG,0.625,10.04,12.334,5,False,22.8486,2.2411,.60-.70,2-3x
NEO/USDT,2024-11-07,LONG,0.5832,10.298,12.334,4,True,19.7708,0.6846,.55-.60,
NEO/USDT,2024-11-08,LONG,0.6395,10.339,12.334,3,True,19.2959,0.1061,.60-.70,
NEO/USDT,2024-11-09,LONG,0.7384,10.671,12.334,2,True,15.5843,0.8553,.70-.80,
NEO/USDT,2024-11-12,LONG,0.6841,11.479,11.223,1,True,-2.2302,1.5283,.60-.70,1.5-2x
NEO/USDT,2024-11-14,LONG,0.8893,11.072,11.614,1,True,4.8952,0.3161,>.80,
NEO/USDT,2024-11-19,LONG,0.913,12.787,12.305,1,True,-3.7695,0.2614,>.80,
NEO/USDT,2024-11-21,LONG,0.5956,13.252,13.85,1,True,4.5125,1.4305,.55-.60,1-1.5x
NEO/USDT,2024-11-23,LONG,0.5747,14.39,14.336,2,True,-0.3753,0.7397,.55-.60,
NEO/USDT,2024-11-24,LONG,0.7051,15.407,14.336,1,True,-6.9514,1.3519,.70-.80,1-1.5x
NEO/USDT,2024-12-03,LONG,0.9837,26.096,22.031,1,True,-15.5771,4.1424,>.80,3-5x
NEO/USDT,2024-12-06,LONG,0.9948,21.522,21.197,1,True,-1.5101,0.1757,>.80,
NEO/USDT,2024-12-11,LONG,0.5617,18.189,18.526,1,True,1.8528,0.6127,.55-.60,
NEO/USDT,2024-12-13,LONG,0.6732,18.8,18.491,2,True,-1.6436,0.1189,.60-.70,
NEO/USDT,2024-12-14,LONG,0.671,17.844,18.491,1,True,3.6259,0.4075,.60-.70,
NEO/USDT,2024-12-17,LONG,0.5926,17.225,15.496,1,True,-10.0377,0.3159,.55-.60,
NEO/USDT,2024-12-20,LONG,0.7528,14.612,14.892,3,True,1.9162,0.3174,.70-.80,
NEO/USDT,2024-12-21,LONG,0.7467,13.735,14.892,2,True,8.4237,0.4677,.70-.80,
NEO/USDT,2024-12-22,LONG,0.7313,13.976,14.892,1,True,6.5541,0.1393,.70-.80,
NEO/USDT,2024-12-24,LONG,0.5762,15.36,14.84,1,True,-3.3854,0.4921,.55-.60,
NEO/USDT,2024-12-28,LONG,0.631,14.77,14.366,4,True,-2.7353,0.9027,.60-.70,
NEO/USDT,2024-12-29,LONG,0.6279,14.014,14.366,3,True,2.5118,0.9717,.60-.70,
NEO/USDT,2024-12-30,LONG,0.5745,13.914,14.366,2,True,3.2485,0.1355,.55-.60,
NEO/USDT,2024-12-31,LONG,0.74,13.548,14.366,1,True,6.0378,0.5387,.70-.80,
NEO/USDT,2025-01-03,LONG,0.7573,16.133,14.567,5,False,-9.7068,1.8452,.70-.80,1.5-2x
NEO/USDT,2025-01-04,LONG,0.6736,15.916,14.906,5,False,-6.3458,0.242,.60-.70,
NEO/USDT,2025-01-06,LONG,0.7084,16.511,14.906,3,True,-9.7208,0.6184,.70-.80,
NEO/USDT,2025-01-12,LONG,0.5886,14.81,14.885,2,True,0.5064,0.6796,.55-.60,
NEO/USDT,2025-01-13,LONG,0.71,14.376,14.885,1,True,3.5406,0.6161,.70-.80,
NEO/USDT,2025-01-16,LONG,0.5619,16.14,14.161,3,True,-12.2615,0.0128,.55-.60,
NEO/USDT,2025-01-17,LONG,0.6074,16.946,14.161,2,True,-16.4346,1.0423,.60-.70,1-1.5x
NEO/USDT,2025-01-18,LONG,0.795,15.785,14.161,1,True,-10.2882,1.3932,.70-.80,1-1.5x
NEO/USDT,2025-01-21,LONG,0.7458,14.589,14.175,1,True,-2.8378,0.2619,.70-.80,
NEO/USDT,2025-01-24,LONG,0.6859,13.754,13.645,2,True,-0.7925,0.5716,.60-.70,
NEO/USDT,2025-01-31,LONG,0.6571,14.332,13.476,1,True,-5.9726,0.8176,.60-.70,
NEO/USDT,2025-02-03,LONG,0.7116,11.648,10.772,2,True,-7.5206,0.2871,.70-.80,
NEO/USDT,2025-02-04,LONG,0.928,11.068,10.772,1,True,-2.6744,0.9359,>.80,
NEO/USDT,2025-02-07,LONG,0.712,10.412,10.504,2,True,0.8836,0.0058,.70-.80,
NEO/USDT,2025-02-13,LONG,0.7043,11.33,11.433,1,True,0.9091,0.515,.70-.80,
NEO/USDT,2025-02-16,LONG,0.5964,10.883,10.882,1,True,-0.0092,0.1894,.55-.60,
NEO/USDT,2025-02-21,LONG,0.6182,10.417,10.777,1,True,3.4559,1.0835,.60-.70,1-1.5x
NEO/USDT,2025-02-28,LONG,0.6726,9.606,9.173,5,False,-4.5076,0.1779,.60-.70,
NEO/USDT,2025-03-03,LONG,0.8257,8.721,8.97,3,True,2.8552,2.8526,>.80,2-3x
NEO/USDT,2025-03-05,LONG,0.7693,9.173,8.97,1,True,-2.213,0.9509,.70-.80,
NEO/USDT,2025-03-07,LONG,0.7132,8.891,7.949,2,True,-10.595,0.1738,.70-.80,
NEO/USDT,2025-03-08,LONG,0.5737,8.74,7.949,1,True,-9.0503,0.3349,.55-.60,
NEO/USDT,2025-03-11,LONG,0.8065,7.728,7.693,2,True,-0.4529,0.724,>.80,
NEO/USDT,2025-03-12,LONG,0.8076,7.905,7.693,1,True,-2.6818,0.4129,>.80,
NEO/USDT,2025-03-14,LONG,0.8025,7.999,7.764,2,True,-2.9379,0.721,>.80,
NEO/USDT,2025-03-15,LONG,0.7032,8.171,7.764,1,True,-4.981,0.386,.70-.80,
NEO/USDT,2025-03-17,LONG,0.6124,8.172,8.545,2,True,4.5644,0.9988,.60-.70,
NEO/USDT,2025-03-18,LONG,0.5981,8.353,8.545,1,True,2.2986,0.4181,.55-.60,
NEO/USDT,2025-03-20,LONG,0.6059,8.246,8.104,2,True,-1.722,0.6525,.60-.70,
NEO/USDT,2025-03-21,LONG,0.8687,8.048,8.104,1,True,0.6958,0.4467,>.80,
NEO/USDT,2025-03-26,LONG,0.8045,7.694,6.404,3,True,-16.7663,0.9811,>.80,
NEO/USDT,2025-03-27,LONG,0.7937,7.422,6.404,2,True,-13.716,0.9203,.70-.80,
NEO/USDT,2025-03-28,LONG,0.6204,6.783,6.404,1,True,-5.5875,2.042,.60-.70,2-3x
NEO/USDT,2025-03-30,LONG,0.7128,5.915,5.319,1,True,-10.0761,1.8974,.70-.80,1.5-2x
NEO/USDT,2025-04-02,LONG,0.9337,4.604,4.752,1,True,3.2146,2.9925,>.80,2-3x
NEO/USDT,2025-04-04,LONG,0.5755,4.843,4.755,1,True,-1.8171,0.353,.55-.60,
NEO/USDT,2025-04-06,LONG,0.9864,4.729,5.592,3,True,18.2491,0.1069,>.80,
IOTA/USDT,2024-08-28,LONG,0.6559,0.1249,0.1252,2,True,0.2402,0.7574,.60-.70,
IOTA/USDT,2024-08-29,LONG,0.7734,0.1253,0.1252,1,True,-0.0798,0.1069,.70-.80,
IOTA/USDT,2024-09-04,LONG,0.5592,0.1248,0.1206,1,True,-3.3654,0.6927,.55-.60,
IOTA/USDT,2024-09-06,LONG,0.623,0.1173,0.1264,5,False,7.7579,0.8305,.60-.70,
IOTA/USDT,2024-09-07,LONG,0.7123,0.1172,0.1264,4,True,7.8498,0.0259,.70-.80,
IOTA/USDT,2024-09-08,LONG,0.6635,0.1208,0.1264,3,True,4.6358,0.9173,.60-.70,
IOTA/USDT,2024-09-10,LONG,0.6681,0.1294,0.1264,1,True,-2.3184,0.5209,.60-.70,
IOTA/USDT,2024-09-13,LONG,0.5681,0.1313,0.1207,3,True,-8.0731,0.1573,.55-.60,
IOTA/USDT,2024-09-15,LONG,0.655,0.1231,0.1207,1,True,-1.9496,1.2245,.60-.70,1-1.5x
IOTA/USDT,2024-09-23,LONG,0.6474,0.142,0.1428,2,True,0.5634,0.6424,.60-.70,
IOTA/USDT,2024-09-24,LONG,0.6373,0.1435,0.1428,1,True,-0.4878,0.3392,.60-.70,
IOTA/USDT,2024-09-29,LONG,0.5695,0.1431,0.1179,3,True,-17.6101,0.048,.55-.60,
IOTA/USDT,2024-09-30,LONG,0.7845,0.1335,0.1179,2,True,-11.6854,2.0194,.70-.80,2-3x
IOTA/USDT,2024-10-01,LONG,0.6137,0.1229,0.1179,1,True,-4.0683,2.1137,.60-.70,2-3x
IOTA/USDT,2024-10-04,LONG,0.9055,0.1233,0.1225,1,True,-0.6488,1.089,>.80,1-1.5x
IOTA/USDT,2024-10-07,LONG,0.9396,0.123,0.1181,2,True,-3.9837,0.4656,>.80,
IOTA/USDT,2024-10-08,LONG,0.6665,0.1208,0.1181,1,True,-2.2351,0.4749,.60-.70,
IOTA/USDT,2024-10-18,LONG,0.8232,0.1205,0.1207,1,True,0.166,0.6018,>.80,
IOTA/USDT,2024-10-21,LONG,0.849,0.1218,0.1184,3,True,-2.7915,0.9651,>.80,
IOTA/USDT,2024-10-23,LONG,0.945,0.1157,0.1184,1,True,2.3336,1.5093,>.80,1.5-2x
IOTA/USDT,2024-10-27,LONG,0.7761,0.112,0.1131,1,True,0.9821,0.8048,.70-.80,
IOTA/USDT,2024-11-02,LONG,0.5625,0.1091,0.1065,1,True,-2.3831,0.4018,.55-.60,
IOTA/USDT,2024-11-05,LONG,0.6261,0.1081,0.1346,5,False,24.5143,1.3711,.60-.70,1-1.5x
IOTA/USDT,2024-11-07,LONG,0.5735,0.1193,0.1346,3,True,12.8248,0.393,.55-.60,
IOTA/USDT,2024-11-08,LONG,0.6244,0.1215,0.1346,2,True,10.7819,0.4706,.60-.70,
IOTA/USDT,2024-11-09,LONG,0.7163,0.1245,0.1346,1,True,8.1124,0.6378,.70-.80,
IOTA/USDT,2024-11-12,LONG,0.6001,0.147,0.1533,3,True,4.2857,0.1404,.60-.70,
IOTA/USDT,2024-11-13,LONG,0.8896,0.1403,0.1533,2,True,9.2659,0.9979,>.80,
IOTA/USDT,2024-11-14,LONG,0.9959,0.1392,0.1533,1,True,10.1293,0.1932,>.80,
IOTA/USDT,2024-11-18,LONG,0.8439,0.1879,0.1669,2,True,-11.1762,2.9546,>.80,2-3x
IOTA/USDT,2024-11-19,LONG,0.9486,0.177,0.1669,1,True,-5.7062,0.7867,>.80,
IOTA/USDT,2024-11-21,LONG,0.5894,0.1725,0.2273,5,False,31.7681,0.4564,.55-.60,
IOTA/USDT,2024-11-22,LONG,0.9501,0.1979,0.2299,5,False,16.1698,1.8937,>.80,1.5-2x
IOTA/USDT,2024-11-24,LONG,0.7028,0.2354,0.2257,4,True,-4.1206,1.2446,.70-.80,1-1.5x
IOTA/USDT,2024-11-25,LONG,0.9599,0.2251,0.2257,3,True,0.2665,0.5528,>.80,
IOTA/USDT,2024-11-27,LONG,0.7623,0.2299,0.2257,1,True,-1.8269,0.1454,.70-.80,
IOTA/USDT,2024-12-02,LONG,0.7642,0.3708,0.4892,4,True,31.931,2.0872,.70-.80,2-3x
IOTA/USDT,2024-12-03,LONG,0.6133,0.4738,0.4892,3,True,3.2503,2.6026,.60-.70,2-3x
IOTA/USDT,2024-12-04,LONG,0.9934,0.4942,0.4892,2,True,-1.0117,0.4084,>.80,
IOTA/USDT,2024-12-05,LONG,0.9471,0.4608,0.4892,1,True,6.1632,0.6172,>.80,
IOTA/USDT,2024-12-09,LONG,0.9388,0.3906,0.3775,1,True,-3.3538,1.5815,>.80,1.5-2x
IOTA/USDT,2024-12-13,LONG,0.9078,0.4209,0.389,1,True,-7.579,0.0569,>.80,
IOTA/USDT,2024-12-16,LONG,0.5753,0.3809,0.3259,2,True,-14.4395,0.4279,.55-.60,
IOTA/USDT,2024-12-17,LONG,0.6969,0.374,0.3259,1,True,-12.861,0.1683,.60-.70,
IOTA/USDT,2024-12-20,LONG,0.7048,0.3052,0.3253,3,True,6.5858,0.2028,.70-.80,
IOTA/USDT,2024-12-21,LONG,0.7059,0.2884,0.3253,2,True,12.7947,0.5341,.70-.80,
IOTA/USDT,2024-12-22,LONG,0.694,0.2911,0.3253,1,True,11.7485,0.1022,.60-.70,
IOTA/USDT,2024-12-24,LONG,0.6057,0.3424,0.3236,1,True,-5.4907,0.7503,.60-.70,
IOTA/USDT,2024-12-28,LONG,0.6107,0.3123,0.2811,3,True,-9.9904,0.8803,.60-.70,
IOTA/USDT,2024-12-29,LONG,0.6085,0.2921,0.2811,2,True,-3.7658,1.0217,.60-.70,1-1.5x
IOTA/USDT,2024-12-30,LONG,0.6117,0.2876,0.2811,1,True,-2.2601,0.2441,.60-.70,
IOTA/USDT,2025-01-01,LONG,0.5833,0.3202,0.3434,1,True,7.2455,2.0203,.55-.60,2-3x
IOTA/USDT,2025-01-04,LONG,0.7143,0.3567,0.338,3,True,-5.2425,0.1618,.70-.80,
IOTA/USDT,2025-01-05,LONG,0.6579,0.358,0.338,2,True,-5.5866,0.0524,.60-.70,
IOTA/USDT,2025-01-06,LONG,0.648,0.3796,0.338,1,True,-10.9589,0.8532,.60-.70,
IOTA/USDT,2025-01-13,LONG,0.7131,0.317,0.3675,5,False,15.9306,0.5336,.70-.80,
IOTA/USDT,2025-01-15,LONG,0.6964,0.3848,0.3298,5,False,-14.2931,1.5852,.60-.70,1.5-2x
IOTA/USDT,2025-01-16,LONG,0.5672,0.3905,0.3298,4,True,-15.5442,0.2278,.55-.60,
IOTA/USDT,2025-01-17,LONG,0.665,0.3984,0.3298,3,True,-17.2189,0.3157,.60-.70,
IOTA/USDT,2025-01-18,LONG,0.8472,0.3675,0.3298,2,True,-10.2585,1.1936,>.80,1-1.5x
IOTA/USDT,2025-01-19,LONG,0.6621,0.3252,0.3298,1,True,1.4145,1.624,.60-.70,1.5-2x
IOTA/USDT,2025-01-23,LONG,0.5883,0.3205,0.3109,3,True,-2.9953,0.1268,.55-.60,
IOTA/USDT,2025-01-24,LONG,0.6625,0.3181,0.3109,2,True,-2.2634,0.1227,.60-.70,
IOTA/USDT,2025-01-25,LONG,0.5685,0.3244,0.3109,1,True,-4.1615,0.3235,.55-.60,
IOTA/USDT,2025-01-27,LONG,0.6605,0.3026,0.2793,1,True,-7.6999,0.4837,.60-.70,
IOTA/USDT,2025-01-29,LONG,0.5697,0.2913,0.3067,1,True,5.2866,0.7603,.55-.60,
IOTA/USDT,2025-02-03,LONG,0.7683,0.2446,0.223,2,True,-8.8307,0.4132,.70-.80,
IOTA/USDT,2025-02-06,LONG,0.96,0.2095,0.2257,2,True,7.7327,1.1606,>.80,1-1.5x
IOTA/USDT,2025-02-11,LONG,0.7313,0.2333,0.2352,4,True,0.8144,0.2457,.70-.80,
IOTA/USDT,2025-02-13,LONG,0.6357,0.2373,0.2352,2,True,-0.885,0.7386,.60-.70,
IOTA/USDT,2025-02-14,LONG,0.7817,0.2455,0.2352,1,True,-4.1955,0.6307,.70-.80,
IOTA/USDT,2025-02-16,LONG,0.5512,0.2291,0.2265,1,True,-1.1349,0.4734,.55-.60,
IOTA/USDT,2025-02-18,LONG,0.6128,0.2174,0.2178,3,True,0.184,0.7788,.60-.70,
IOTA/USDT,2025-02-19,LONG,0.5567,0.2241,0.2178,2,True,-2.8112,0.6125,.55-.60,
IOTA/USDT,2025-02-20,LONG,0.5936,0.2292,0.2178,1,True,-4.9738,0.4463,.55-.60,
IOTA/USDT,2025-02-28,LONG,0.6509,0.2028,0.2115,3,True,4.2899,0.0899,.60-.70,
IOTA/USDT,2025-03-05,LONG,0.5724,0.219,0.2114,1,True,-3.4703,0.5182,.55-.60,
IOTA/USDT,2025-03-07,LONG,0.7171,0.2052,0.1759,2,True,-14.2788,0.3364,.70-.80,
IOTA/USDT,2025-03-10,LONG,0.5549,0.168,0.1823,2,True,8.5119,0.4967,.55-.60,
IOTA/USDT,2025-03-11,LONG,0.6714,0.1752,0.1823,1,True,4.0525,0.4723,.60-.70,
IOTA/USDT,2025-03-14,LONG,0.7238,0.1814,0.1853,1,True,2.1499,0.3273,.70-.80,
IOTA/USDT,2025-03-17,LONG,0.6065,0.1834,0.1915,2,True,4.4166,0.6348,.60-.70,
IOTA/USDT,2025-03-18,LONG,0.5972,0.1831,0.1915,1,True,4.5877,0.0186,.55-.60,
IOTA/USDT,2025-03-20,LONG,0.5755,0.1835,0.1791,1,True,-2.3978,0.4702,.55-.60,
IOTA/USDT,2025-03-23,LONG,0.6143,0.1851,0.1839,5,False,-0.6483,0.3771,.60-.70,
IOTA/USDT,2025-03-24,LONG,0.6554,0.1907,0.1726,5,False,-9.4913,0.6814,.60-.70,
IOTA/USDT,2025-03-25,LONG,0.6265,0.204,0.1698,5,False,-16.7647,1.5122,.60-.70,1.5-2x
IOTA/USDT,2025-03-26,LONG,0.6413,0.1974,0.1693,5,False,-14.2351,0.7027,.60-.70,
IOTA/USDT,2025-03-27,LONG,0.5801,0.1968,0.1693,4,True,-13.9736,0.0667,.55-.60,
IOTA/USDT,2025-03-28,LONG,0.6781,0.1839,0.1693,3,True,-7.9391,1.3959,.60-.70,1-1.5x
IOTA/USDT,2025-03-29,LONG,0.6142,0.1726,0.1693,2,True,-1.9119,1.4343,.60-.70,1-1.5x
IOTA/USDT,2025-04-03,LONG,0.5698,0.1633,0.1656,2,True,1.4085,0.118,.55-.60,
ICX/USDT,2024-08-27,LONG,0.6185,0.1289,0.1267,2,True,-1.7067,1.4259,.60-.70,1-1.5x
ICX/USDT,2024-09-02,LONG,0.6304,0.1247,0.1176,3,True,-5.6937,1.4663,.60-.70,1-1.5x
ICX/USDT,2024-09-04,LONG,0.5958,0.1214,0.1176,1,True,-3.1301,0.4199,.55-.60,
ICX/USDT,2024-09-07,LONG,0.6505,0.1181,0.1302,5,False,10.2456,0.551,.60-.70,
ICX/USDT,2024-09-08,LONG,0.6864,0.1208,0.1302,4,True,7.7815,0.6401,.60-.70,
ICX/USDT,2024-09-09,LONG,0.5715,0.126,0.1302,3,True,3.3333,1.1692,.55-.60,1-1.5x
ICX/USDT,2024-09-11,LONG,0.5886,0.126,0.1302,1,True,3.3333,0.3803,.55-.60,
ICX/USDT,2024-09-17,LONG,0.6056,0.1254,0.129,1,True,2.8708,0.9367,.60-.70,
ICX/USDT,2024-09-20,LONG,0.5984,0.1407,0.1491,1,True,5.9701,0.0598,.55-.60,
ICX/USDT,2024-09-22,LONG,0.8538,0.1432,0.1511,3,True,5.5168,1.111,>.80,1-1.5x
ICX/USDT,2024-09-24,LONG,0.594,0.1508,0.1511,1,True,0.1989,0.6557,.55-.60,
ICX/USDT,2024-09-28,LONG,0.5581,0.1538,0.146,2,True,-5.0715,0.9778,.55-.60,
ICX/USDT,2024-09-29,LONG,0.7088,0.1545,0.146,1,True,-5.5016,0.1365,.70-.80,
ICX/USDT,2024-10-04,LONG,0.8356,0.1344,0.1391,3,True,3.497,1.0021,>.80,1-1.5x
ICX/USDT,2024-10-05,LONG,0.7868,0.1382,0.1391,2,True,0.6512,0.7085,.70-.80,
ICX/USDT,2024-10-06,LONG,0.6307,0.1424,0.1391,1,True,-2.3174,0.7613,.60-.70,
ICX/USDT,2024-10-08,LONG,0.7037,0.1375,0.1346,1,True,-2.1091,0.287,.70-.80,
ICX/USDT,2024-10-14,LONG,0.6473,0.149,0.1466,1,True,-1.6107,1.3724,.60-.70,1-1.5x
ICX/USDT,2024-10-17,LONG,0.6853,0.1389,0.1433,5,False,3.1677,0.9747,.60-.70,
ICX/USDT,2024-10-19,LONG,0.614,0.1443,0.1383,5,False,-4.158,0.0634,.60-.70,
ICX/USDT,2024-10-20,LONG,0.8004,0.1484,0.1383,4,True,-6.8059,0.9117,>.80,
ICX/USDT,2024-10-21,LONG,0.792,0.1416,0.1383,3,True,-2.3305,1.5713,.70-.80,1.5-2x
ICX/USDT,2024-10-22,LONG,0.5506,0.1433,0.1383,2,True,-3.4892,0.4278,.55-.60,
ICX/USDT,2024-10-23,LONG,0.9079,0.1364,0.1383,1,True,1.393,1.6098,>.80,1.5-2x
ICX/USDT,2024-10-26,LONG,0.8296,0.1267,0.1287,1,True,1.5785,0.524,>.80,
ICX/USDT,2024-11-06,LONG,0.6029,0.1333,0.1346,1,True,0.9752,2.3593,.60-.70,2-3x
ICX/USDT,2024-11-09,LONG,0.7008,0.1396,0.1537,2,True,10.1003,0.7044,.70-.80,
ICX/USDT,2024-11-10,LONG,0.5913,0.1464,0.1537,1,True,4.9863,1.2896,.55-.60,1-1.5x
ICX/USDT,2024-11-13,LONG,0.8834,0.1462,0.1507,2,True,3.078,1.1265,>.80,1-1.5x
ICX/USDT,2024-11-14,LONG,0.9688,0.143,0.1507,1,True,5.3846,0.6149,>.80,
ICX/USDT,2024-11-21,LONG,0.5747,0.1675,0.2132,5,False,27.2836,1.066,.55-.60,1-1.5x
ICX/USDT,2024-11-22,LONG,0.9072,0.1812,0.2193,5,False,21.0265,1.6411,>.80,1.5-2x
ICX/USDT,2024-11-23,LONG,0.7659,0.1915,0.2168,5,False,13.2115,1.1546,.70-.80,1-1.5x
ICX/USDT,2024-11-24,LONG,0.6056,0.2011,0.2168,4,True,7.8071,1.0428,.60-.70,1-1.5x
ICX/USDT,2024-11-25,LONG,0.9441,0.1993,0.2168,3,True,8.7807,0.1838,>.80,
ICX/USDT,2024-11-26,LONG,0.6619,0.2132,0.2168,2,True,1.6886,1.4705,.60-.70,1-1.5x
ICX/USDT,2024-11-27,LONG,0.6388,0.2193,0.2168,1,True,-1.14,0.6049,.60-.70,
ICX/USDT,2024-11-29,LONG,0.7409,0.2329,0.2398,2,True,2.9626,1.5097,.70-.80,1.5-2x
ICX/USDT,2024-12-04,LONG,0.7159,0.2783,0.2755,3,True,-1.0061,0.1115,.70-.80,
ICX/USDT,2024-12-05,LONG,0.9395,0.2642,0.2755,2,True,4.2771,0.9841,>.80,
ICX/USDT,2024-12-06,LONG,0.9669,0.2679,0.2755,1,True,2.8369,0.2814,>.80,
ICX/USDT,2024-12-11,LONG,0.7882,0.2287,0.2328,1,True,1.7927,1.0547,.70-.80,1-1.5x
ICX/USDT,2024-12-13,LONG,0.6026,0.2322,0.2197,1,True,-5.3833,0.0408,.60-.70,
ICX/USDT,2024-12-17,LONG,0.7041,0.204,0.1803,1,True,-11.6176,1.0356,.70-.80,1-1.5x
ICX/USDT,2024-12-20,LONG,0.8064,0.1713,0.1634,1,True,-4.6118,0.5358,>.80,
ICX/USDT,2024-12-22,LONG,0.8084,0.1686,0.1803,1,True,6.9395,0.4687,>.80,
ICX/USDT,2024-12-24,LONG,0.6277,0.1913,0.1903,4,True,-0.5227,0.8972,.60-.70,
ICX/USDT,2024-12-25,LONG,0.7438,0.1878,0.1903,3,True,1.3312,0.271,.70-.80,
ICX/USDT,2024-12-26,LONG,0.7735,0.1735,0.1903,2,True,9.683,1.1114,.70-.80,1-1.5x
ICX/USDT,2024-12-27,LONG,0.7775,0.1797,0.1903,1,True,5.8987,0.5194,.70-.80,
ICX/USDT,2024-12-30,LONG,0.735,0.1905,0.181,1,True,-4.9869,1.1452,.70-.80,1-1.5x
ICX/USDT,2025-01-01,LONG,0.8789,0.1868,0.1902,1,True,1.8201,0.5486,>.80,
ICX/USDT,2025-01-03,LONG,0.7282,0.1993,0.1995,1,True,0.1004,0.8113,.70-.80,
ICX/USDT,2025-01-05,LONG,0.7532,0.2085,0.2151,1,True,3.1655,0.7659,.70-.80,
ICX/USDT,2025-01-11,LONG,0.5579,0.1996,0.1895,3,True,-5.0601,0.0,.55-.60,
ICX/USDT,2025-01-12,LONG,0.7086,0.194,0.1895,2,True,-2.3196,0.5371,.70-.80,
ICX/USDT,2025-01-13,LONG,0.6256,0.1815,0.1895,1,True,4.4077,1.2229,.60-.70,1-1.5x
ICX/USDT,2025-01-17,LONG,0.7168,0.199,0.1702,3,True,-14.4724,0.8263,.70-.80,
ICX/USDT,2025-01-18,LONG,0.9191,0.1863,0.1702,2,True,-8.642,1.2742,>.80,1-1.5x
ICX/USDT,2025-01-19,LONG,0.5776,0.169,0.1702,1,True,0.7101,1.7853,.55-.60,1.5-2x
ICX/USDT,2025-01-21,LONG,0.835,0.1746,0.1622,3,True,-7.1019,0.5093,>.80,
ICX/USDT,2025-01-22,LONG,0.6489,0.1694,0.1622,2,True,-4.2503,0.5853,.60-.70,
ICX/USDT,2025-01-23,LONG,0.6906,0.1655,0.1622,1,True,-1.994,0.4652,.60-.70,
ICX/USDT,2025-01-27,LONG,0.6033,0.1603,0.1518,2,True,-5.3026,0.5704,.60-.70,
ICX/USDT,2025-01-28,LONG,0.6909,0.1506,0.1518,1,True,0.7968,1.4415,.60-.70,1-1.5x
ICX/USDT,2025-01-31,LONG,0.6776,0.1569,0.1459,1,True,-7.0108,0.2643,.60-.70,
ICX/USDT,2025-02-06,LONG,0.9415,0.1223,0.1267,3,True,3.5977,0.9006,>.80,
ICX/USDT,2025-02-07,LONG,0.6053,0.1225,0.1267,2,True,3.4286,0.0398,.60-.70,
ICX/USDT,2025-02-08,LONG,0.5812,0.1269,0.1267,1,True,-0.1576,0.9174,.55-.60,
ICX/USDT,2025-02-10,LONG,0.5634,0.1297,0.1323,3,True,2.0046,0.6095,.55-.60,
ICX/USDT,2025-02-11,LONG,0.6398,0.1277,0.1323,2,True,3.6022,0.3988,.60-.70,
ICX/USDT,2025-02-14,LONG,0.5704,0.1337,0.131,1,True,-2.0194,0.2569,.55-.60,
ICX/USDT,2025-03-03,LONG,0.6436,0.1113,0.1114,3,True,0.0898,2.3762,.60-.70,2-3x
ICX/USDT,2025-03-05,LONG,0.5675,0.1125,0.1114,1,True,-0.9778,0.5349,.55-.60,
ICX/USDT,2025-03-07,LONG,0.6211,0.1093,0.1007,5,False,-7.8683,0.4283,.60-.70,
ICX/USDT,2025-03-11,LONG,0.6224,0.0986,0.0989,2,True,0.3043,1.2056,.60-.70,1-1.5x
ICX/USDT,2025-03-12,LONG,0.6132,0.1007,0.0989,1,True,-1.7875,0.4335,.60-.70,
ICX/USDT,2025-03-14,LONG,0.6693,0.1025,0.1044,1,True,1.8537,0.7665,.60-.70,
ICX/USDT,2025-03-17,LONG,0.6167,0.10379,0.10658,2,True,2.6881,0.8965,.60-.70,
ICX/USDT,2025-03-18,LONG,0.6878,0.1049,0.10658,1,True,1.6015,0.2393,.60-.70,
ICX/USDT,2025-03-20,LONG,0.7533,0.10121,0.10123,3,True,0.0198,1.0939,.70-.80,1-1.5x
ICX/USDT,2025-03-21,LONG,0.8576,0.09994,0.10123,2,True,1.2908,0.2724,>.80,
ICX/USDT,2025-03-22,LONG,0.7607,0.10206,0.10123,1,True,-0.8132,0.4809,.70-.80,
ICX/USDT,2025-03-26,LONG,0.7021,0.10571,0.09298,5,False,-12.0424,0.3167,.70-.80,
ICX/USDT,2025-03-27,LONG,0.7461,0.10549,0.09421,5,False,-10.693,0.0546,.70-.80,
ICX/USDT,2025-03-30,LONG,0.615,0.09244,0.09421,2,True,1.9148,0.2029,.60-.70,
ICX/USDT,2025-03-31,LONG,0.67,0.09298,0.09421,1,True,1.3229,0.1762,.60-.70,
ICX/USDT,2025-04-03,LONG,0.5901,0.08626,0.08493,2,True,-1.5419,0.0482,.55-.60,
LSK/USDT,2024-08-28,LONG,0.5662,0.7922,0.7873,1,True,-0.6185,0.3269,.55-.60,
LSK/USDT,2024-09-08,LONG,0.6757,0.7681,0.8101,5,False,5.468,1.3099,.60-.70,1-1.5x
LSK/USDT,2024-09-10,LONG,0.5642,0.8012,0.8076,4,True,0.7988,0.3855,.55-.60,
LSK/USDT,2024-09-11,LONG,0.6881,0.7871,0.8076,3,True,2.6045,0.5269,.60-.70,
LSK/USDT,2024-09-12,LONG,0.5725,0.8005,0.8076,2,True,0.8869,0.5665,.55-.60,
LSK/USDT,2024-09-15,LONG,0.5936,0.7814,0.8158,3,True,4.4024,1.1223,.55-.60,1-1.5x
LSK/USDT,2024-09-16,LONG,0.6113,0.7713,0.8158,2,True,5.7695,0.5347,.60-.70,
LSK/USDT,2024-09-25,LONG,0.5918,0.9179,0.8889,5,False,-3.1594,0.6141,.55-.60,
LSK/USDT,2024-09-26,LONG,0.5648,0.9569,0.8889,4,True,-7.1063,1.3376,.55-.60,1-1.5x
LSK/USDT,2024-09-27,LONG,0.5547,0.9679,0.8889,3,True,-8.162,0.3619,.55-.60,
LSK/USDT,2024-09-29,LONG,0.6577,0.9395,0.8889,1,True,-5.3858,0.1789,.60-.70,
LSK/USDT,2024-10-07,LONG,0.8323,0.8154,0.8022,2,True,-1.6188,0.4585,>.80,
LSK/USDT,2024-10-08,LONG,0.655,0.8259,0.8022,1,True,-2.8696,0.3043,.60-.70,
LSK/USDT,2024-10-16,LONG,0.6126,0.8303,0.8136,1,True,-2.0113,0.7262,.60-.70,
LSK/USDT,2024-10-19,LONG,0.7851,0.8349,0.8152,5,False,-2.3596,0.2812,.70-.80,
LSK/USDT,2024-10-20,LONG,0.7736,0.8644,0.8152,4,True,-5.6918,1.0393,.70-.80,1-1.5x
LSK/USDT,2024-10-21,LONG,0.6792,0.8356,0.8152,3,True,-2.4414,1.176,.60-.70,1-1.5x
LSK/USDT,2024-10-23,LONG,0.8243,0.8147,0.8152,1,True,0.0614,1.576,>.80,1.5-2x
LSK/USDT,2024-10-26,LONG,0.7694,0.7644,0.7764,1,True,1.5699,0.13,.70-.80,
LSK/USDT,2024-10-28,LONG,0.7124,0.7906,0.7707,3,True,-2.5171,0.6197,.70-.80,
LSK/USDT,2024-10-30,LONG,0.5851,0.811,0.7707,1,True,-4.9692,0.1775,.55-.60,
LSK/USDT,2024-11-02,LONG,0.5611,0.757,0.84,5,False,10.9643,0.66,.55-.60,
LSK/USDT,2024-11-03,LONG,0.6219,0.738,0.8362,5,False,13.3062,0.8963,.60-.70,
LSK/USDT,2024-11-04,LONG,0.5585,0.7238,0.8536,5,False,17.9331,0.6882,.55-.60,
LSK/USDT,2024-11-05,LONG,0.5803,0.7543,0.902,5,False,19.5811,1.4168,.55-.60,1-1.5x
LSK/USDT,2024-11-06,LONG,0.5675,0.8088,0.9496,5,False,17.4085,2.1232,.55-.60,2-3x
LSK/USDT,2024-11-07,LONG,0.7063,0.84,0.9496,4,True,13.0476,1.1041,.70-.80,1-1.5x
LSK/USDT,2024-11-08,LONG,0.565,0.8362,0.9496,3,True,13.5613,0.1296,.55-.60,
LSK/USDT,2024-11-09,LONG,0.5809,0.8536,0.9496,2,True,11.2465,0.6069,.55-.60,
LSK/USDT,2024-11-10,LONG,0.6741,0.902,0.9496,1,True,5.2772,1.5937,.60-.70,1.5-2x
LSK/USDT,2024-11-13,LONG,0.6696,0.9611,1.0154,3,True,5.6498,0.7252,.60-.70,
LSK/USDT,2024-11-14,LONG,0.9088,0.8939,1.0154,2,True,13.5921,1.8878,>.80,1.5-2x
LSK/USDT,2024-11-15,LONG,0.7744,0.9486,1.0154,1,True,7.042,1.5763,.70-.80,1.5-2x
LSK/USDT,2024-11-18,LONG,0.5926,1.0502,1.05,1,True,-0.019,2.0392,.55-.60,2-3x
LSK/USDT,2024-11-25,LONG,0.8573,1.1611,1.2273,1,True,5.7015,0.3343,>.80,
LSK/USDT,2024-11-27,LONG,0.7344,1.2698,1.241,1,True,-2.2681,0.8144,.70-.80,
LSK/USDT,2024-11-30,LONG,0.5877,1.3197,1.3182,1,True,-0.1137,0.3086,.55-.60,
LSK/USDT,2024-12-04,LONG,0.6022,1.438,1.3773,1,True,-4.2211,0.3719,.60-.70,
LSK/USDT,2024-12-09,LONG,0.6783,1.1583,1.1053,5,False,-4.5757,3.4177,.60-.70,3-5x
LSK/USDT,2024-12-10,LONG,0.5768,1.0832,1.1053,4,True,2.0403,1.2016,.55-.60,1-1.5x
LSK/USDT,2024-12-12,LONG,0.6729,1.1798,1.1053,2,True,-6.3146,0.2574,.60-.70,
LSK/USDT,2024-12-13,LONG,0.5611,1.1774,1.1053,1,True,-6.1237,0.0364,.55-.60,
LSK/USDT,2024-12-15,LONG,0.5686,1.141,1.0962,1,True,-3.9264,0.5637,.55-.60,
LSK/USDT,2024-12-17,LONG,0.7565,1.0375,0.9427,1,True,-9.1373,0.9456,.70-.80,
LSK/USDT,2024-12-23,LONG,0.9684,0.9572,0.9817,5,False,2.5595,0.7581,>.80,
LSK/USDT,2024-12-24,LONG,0.6449,1.0022,0.942,5,False,-6.0068,0.7653,.60-.70,
LSK/USDT,2024-12-25,LONG,0.9303,0.9782,0.942,4,True,-3.7007,0.3916,>.80,
LSK/USDT,2024-12-27,LONG,0.8469,0.926,0.942,2,True,1.7279,0.2742,>.80,
LSK/USDT,2024-12-28,LONG,0.9946,0.9817,0.942,1,True,-4.044,0.9354,>.80,
LSK/USDT,2024-12-30,LONG,0.6316,0.938,0.9116,1,True,-2.8145,0.0837,.60-.70,
LSK/USDT,2025-01-01,LONG,0.5607,0.9336,1.0051,3,True,7.6585,0.5063,.55-.60,
LSK/USDT,2025-01-02,LONG,0.5906,0.9583,1.0051,2,True,4.8836,0.5472,.55-.60,
LSK/USDT,2025-01-03,LONG,0.7493,0.9978,1.0051,1,True,0.7316,0.8594,.70-.80,
LSK/USDT,2025-01-05,LONG,0.5975,1.022,0.9444,2,True,-7.593,0.3591,.55-.60,
LSK/USDT,2025-01-06,LONG,0.6104,1.0466,0.9444,1,True,-9.765,0.5282,.60-.70,
LSK/USDT,2025-01-09,LONG,0.873,1.1519,1.0922,1,True,-5.1827,3.0211,>.80,3-5x
LSK/USDT,2025-01-11,LONG,0.7357,1.0664,1.0435,3,True,-2.1474,0.4149,.70-.80,
LSK/USDT,2025-01-12,LONG,0.9513,1.0789,1.0435,2,True,-3.2811,0.2082,>.80,
LSK/USDT,2025-01-13,LONG,0.897,1.0073,1.0435,1,True,3.5938,1.1484,>.80,1-1.5x
LSK/USDT,2025-01-16,LONG,0.954,0.9926,0.9618,2,True,-3.103,0.7571,>.80,
LSK/USDT,2025-01-17,LONG,0.7856,1.0315,0.9618,1,True,-6.7571,0.7056,.70-.80,
LSK/USDT,2025-01-21,LONG,0.7128,0.9276,0.8811,3,True,-5.0129,0.3889,.70-.80,
LSK/USDT,2025-01-22,LONG,0.624,0.8988,0.8811,2,True,-1.9693,0.5333,.60-.70,
LSK/USDT,2025-01-23,LONG,0.7762,0.8909,0.8811,1,True,-1.1,0.1533,.70-.80,
LSK/USDT,2025-01-26,LONG,0.658,0.8977,0.8764,1,True,-2.3727,0.1124,.60-.70,
LSK/USDT,2025-01-28,LONG,0.663,0.8242,0.8475,1,True,2.827,1.114,.60-.70,1-1.5x
LSK/USDT,2025-01-31,LONG,0.6723,0.8665,0.8238,1,True,-4.9279,0.1218,.60-.70,
LSK/USDT,2025-02-03,LONG,0.7111,0.749,0.6845,3,True,-8.6115,0.5587,.70-.80,
LSK/USDT,2025-02-04,LONG,0.5881,0.7193,0.6845,2,True,-4.838,1.0012,.55-.60,1-1.5x
LSK/USDT,2025-02-05,LONG,0.5748,0.7049,0.6845,1,True,-2.894,0.5112,.55-.60,
LSK/USDT,2025-02-10,LONG,0.5538,0.7394,0.7466,3,True,0.9738,0.5156,.55-.60,
LSK/USDT,2025-02-11,LONG,0.6107,0.7263,0.7466,2,True,2.795,0.4839,.60-.70,
LSK/USDT,2025-02-14,LONG,0.6004,0.7659,0.7431,1,True,-2.9769,0.633,.60-.70,
LSK/USDT,2025-02-16,LONG,0.555,0.7646,0.7525,2,True,-1.5825,0.6922,.55-.60,
LSK/USDT,2025-02-20,LONG,0.5516,0.7768,0.6828,5,False,-12.1009,0.4889,.55-.60,
LSK/USDT,2025-03-03,LONG,0.6366,0.6109,0.6162,2,True,0.8676,2.7152,.60-.70,2-3x
LSK/USDT,2025-03-11,LONG,0.6027,0.5491,0.5468,2,True,-0.4189,0.667,.60-.70,
LSK/USDT,2025-03-12,LONG,0.5926,0.5547,0.5468,1,True,-1.4242,0.2361,.55-.60,
LSK/USDT,2025-03-17,LONG,0.6407,0.5739,0.579,2,True,0.8887,0.9847,.60-.70,
LSK/USDT,2025-03-20,LONG,0.6038,0.5643,0.5608,2,True,-0.6202,0.6216,.60-.70,
LSK/USDT,2025-03-21,LONG,0.581,0.5533,0.5608,1,True,1.3555,0.4765,.55-.60,
LSK/USDT,2025-03-23,LONG,0.6172,0.5668,0.593,1,True,4.6224,0.3581,.60-.70,
LSK/USDT,2025-03-26,LONG,0.5817,0.5804,0.5422,2,True,-6.5817,0.7639,.55-.60,
LSK/USDT,2025-03-27,LONG,0.7026,0.5779,0.5422,1,True,-6.1775,0.1381,.70-.80,
LSK/USDT,2025-03-30,LONG,0.578,0.512,0.5115,2,True,-0.0977,0.5168,.55-.60,
DGB/USDT,2024-08-28,LONG,0.7752,0.006427,0.006457,1,True,0.4668,0.2354,.70-.80,
DGB/USDT,2024-08-31,LONG,0.7296,0.006397,0.006387,4,True,-0.1563,0.2604,.70-.80,
DGB/USDT,2024-09-01,LONG,0.5847,0.006246,0.006387,3,True,2.2574,0.6124,.55-.60,
DGB/USDT,2024-09-02,LONG,0.5953,0.006477,0.006387,2,True,-1.3895,0.9474,.55-.60,
DGB/USDT,2024-09-06,LONG,0.604,0.006133,0.006175,1,True,0.6848,0.539,.60-.70,
DGB/USDT,2024-09-08,LONG,0.6516,0.006304,0.006598,5,False,4.6637,0.5705,.60-.70,
DGB/USDT,2024-09-10,LONG,0.5508,0.006433,0.006546,5,False,1.7566,0.3777,.55-.60,
DGB/USDT,2024-09-15,LONG,0.5753,0.006546,0.006494,2,True,-0.7944,0.9993,.55-.60,
DGB/USDT,2024-09-16,LONG,0.6174,0.006333,0.006494,1,True,2.5422,1.4313,.60-.70,1-1.5x
DGB/USDT,2024-09-18,LONG,0.7351,0.00662,0.007012,3,True,5.9215,0.818,.70-.80,
DGB/USDT,2024-09-19,LONG,0.6479,0.006886,0.007012,2,True,1.8298,1.5917,.60-.70,1.5-2x
DGB/USDT,2024-09-20,LONG,0.5852,0.006945,0.007012,1,True,0.9647,0.342,.55-.60,
DGB/USDT,2024-09-24,LONG,0.6058,0.007002,0.007105,2,True,1.471,0.8114,.60-.70,
DGB/USDT,2024-09-29,LONG,0.5754,0.007136,0.006997,1,True,-1.9479,0.2819,.55-.60,
DGB/USDT,2024-10-02,LONG,0.564,0.006177,0.006151,1,True,-0.4209,1.2704,.55-.60,1-1.5x
DGB/USDT,2024-10-05,LONG,0.7691,0.006573,0.006471,4,True,-1.5518,0.9712,.70-.80,
DGB/USDT,2024-10-07,LONG,0.8274,0.006659,0.006471,2,True,-2.8232,0.3677,>.80,
DGB/USDT,2024-10-08,LONG,0.7674,0.006585,0.006471,1,True,-1.7312,0.3898,.70-.80,
DGB/USDT,2024-10-14,LONG,0.5574,0.00691,0.006793,4,True,-1.6932,0.7231,.55-.60,
DGB/USDT,2024-10-15,LONG,0.6218,0.006784,0.006793,3,True,0.1327,0.6362,.60-.70,
DGB/USDT,2024-10-16,LONG,0.6632,0.006785,0.006793,2,True,0.1179,0.0052,.60-.70,
DGB/USDT,2024-10-17,LONG,0.6565,0.006637,0.006793,1,True,2.3505,0.7768,.60-.70,
DGB/USDT,2024-10-19,LONG,0.743,0.006841,0.006873,2,True,0.4678,0.2457,.70-.80,
DGB/USDT,2024-10-20,LONG,0.7645,0.007102,0.006873,1,True,-3.2244,1.2822,.70-.80,1-1.5x
DGB/USDT,2024-10-24,LONG,0.6705,0.006288,0.005969,1,True,-5.0732,0.446,.60-.70,
DGB/USDT,2024-10-26,LONG,0.925,0.006057,0.005878,5,False,-2.9553,0.4908,>.80,
DGB/USDT,2024-10-28,LONG,0.8014,0.006087,0.005658,5,False,-7.0478,0.4971,>.80,
DGB/USDT,2024-10-29,LONG,0.7972,0.006194,0.00527,5,False,-14.9177,0.5716,.70-.80,
DGB/USDT,2024-10-30,LONG,0.5865,0.006113,0.005129,5,False,-16.0968,0.425,.55-.60,
DGB/USDT,2024-10-31,LONG,0.6903,0.005878,0.005385,5,False,-8.3872,1.2647,.60-.70,1-1.5x
DGB/USDT,2024-11-04,LONG,0.5851,0.005129,0.005385,1,True,4.9912,0.8273,.55-.60,
DGB/USDT,2024-11-07,LONG,0.7669,0.006262,0.006656,2,True,6.2919,0.8653,.70-.80,
DGB/USDT,2024-11-10,LONG,0.724,0.007067,0.007529,3,True,6.5374,1.2659,.70-.80,1-1.5x
DGB/USDT,2024-11-11,LONG,0.6041,0.007381,0.007529,2,True,2.0051,0.8958,.60-.70,
DGB/USDT,2024-11-12,LONG,0.688,0.006835,0.007529,1,True,10.1536,1.5304,.60-.70,1.5-2x
DGB/USDT,2024-11-14,LONG,0.9093,0.00695,0.008907,1,True,28.1583,1.4082,>.80,1-1.5x
DGB/USDT,2024-11-16,LONG,0.6988,0.008659,0.008629,3,True,-0.3465,0.3369,.60-.70,
DGB/USDT,2024-11-17,LONG,0.5535,0.008221,0.008629,2,True,4.9629,0.6036,.55-.60,
DGB/USDT,2024-11-18,LONG,0.9925,0.008708,0.008629,1,True,-0.9072,0.7027,>.80,
DGB/USDT,2024-11-21,LONG,0.8323,0.010441,0.0116,2,True,11.1005,0.1531,>.80,
DGB/USDT,2024-11-22,LONG,0.6909,0.011014,0.0116,1,True,5.3205,0.5845,.60-.70,
DGB/USDT,2024-11-25,LONG,0.5828,0.010899,0.010998,2,True,0.9083,0.7785,.55-.60,
DGB/USDT,2024-11-26,LONG,0.9584,0.010592,0.010998,1,True,3.8331,0.3049,>.80,
DGB/USDT,2024-11-28,LONG,0.677,0.010944,0.015305,3,True,39.8483,0.0531,.60-.70,
DGB/USDT,2024-11-29,LONG,0.7544,0.011339,0.015305,2,True,34.9766,0.391,.70-.80,
DGB/USDT,2024-11-30,LONG,0.9879,0.01654,0.015305,1,True,-7.4667,3.4481,>.80,3-5x
DGB/USDT,2024-12-04,LONG,0.7083,0.020363,0.019012,3,True,-6.6346,0.5778,.70-.80,
DGB/USDT,2024-12-05,LONG,0.5989,0.018921,0.019012,2,True,0.4809,0.5626,.55-.60,
DGB/USDT,2024-12-06,LONG,0.8901,0.018072,0.019012,1,True,5.2014,0.3549,>.80,
DGB/USDT,2024-12-09,LONG,0.6043,0.014799,0.014431,1,True,-2.4867,1.2601,.60-.70,1-1.5x
DGB/USDT,2024-12-15,LONG,0.6711,0.01574,0.012258,3,True,-22.122,0.324,.60-.70,
DGB/USDT,2024-12-17,LONG,0.5509,0.013799,0.012258,1,True,-11.1675,0.5041,.55-.60,
DGB/USDT,2024-12-20,LONG,0.597,0.012115,0.01165,2,True,-3.8382,0.649,.55-.60,
DGB/USDT,2024-12-24,LONG,0.6552,0.013325,0.01214,2,True,-8.8931,0.8742,.60-.70,
DGB/USDT,2024-12-27,LONG,0.7192,0.011671,0.011759,2,True,0.754,0.5977,.70-.80,
DGB/USDT,2024-12-30,LONG,0.5933,0.011011,0.010457,1,True,-5.0313,1.1454,.55-.60,1-1.5x
DGB/USDT,2025-01-01,LONG,0.5674,0.012628,0.014455,2,True,14.4678,2.8377,.55-.60,2-3x
DGB/USDT,2025-01-02,LONG,0.5865,0.013842,0.014455,1,True,4.4286,1.2573,.55-.60,1-1.5x
DGB/USDT,2025-01-04,LONG,0.6475,0.015282,0.012341,5,False,-19.2449,0.7368,.60-.70,
DGB/USDT,2025-01-05,LONG,0.6832,0.014394,0.01263,5,False,-12.2551,0.7501,.60-.70,
DGB/USDT,2025-01-08,LONG,0.6701,0.012485,0.01263,2,True,1.1614,0.9661,.60-.70,
DGB/USDT,2025-01-21,LONG,0.5722,0.01137,0.011098,1,True,-2.3923,0.694,.55-.60,
DGB/USDT,2025-01-24,LONG,0.5562,0.010541,0.010861,3,True,3.0358,0.1966,.55-.60,
DGB/USDT,2025-01-26,LONG,0.5872,0.010652,0.010861,1,True,1.9621,1.4805,.55-.60,1-1.5x
DGB/USDT,2025-01-28,LONG,0.6859,0.010348,0.010502,1,True,1.4882,0.7876,.60-.70,
DGB/USDT,2025-01-30,LONG,0.6096,0.010779,0.010837,1,True,0.5381,0.4378,.60-.70,
DGB/USDT,2025-02-03,LONG,0.6279,0.009043,0.008462,2,True,-6.4249,0.6291,.60-.70,
DGB/USDT,2025-02-04,LONG,0.5743,0.008816,0.008462,1,True,-4.0154,0.3873,.55-.60,
DGB/USDT,2025-02-06,LONG,0.8905,0.00837,0.008361,3,True,-0.1075,0.1755,>.80,
DGB/USDT,2025-02-07,LONG,0.5962,0.008328,0.008361,2,True,0.3963,0.0836,.55-.60,
DGB/USDT,2025-02-10,LONG,0.58,0.008434,0.008737,2,True,3.5926,0.1643,.55-.60,
DGB/USDT,2025-02-11,LONG,0.6811,0.008269,0.008737,1,True,5.6597,0.3683,.60-.70,
DGB/USDT,2025-02-13,LONG,0.5574,0.00857,0.008541,2,True,-0.3384,0.3477,.55-.60,
DGB/USDT,2025-02-14,LONG,0.7603,0.008759,0.008541,1,True,-2.4889,0.4663,.70-.80,
DGB/USDT,2025-02-28,LONG,0.5602,0.007752,0.00809,4,True,4.3602,0.178,.55-.60,
DGB/USDT,2025-03-03,LONG,0.6889,0.008104,0.00809,1,True,-0.1728,1.5335,.60-.70,1.5-2x
DGB/USDT,2025-03-09,LONG,0.9778,0.01003,0.008604,1,True,-14.2173,1.1793,>.80,1-1.5x
DGB/USDT,2025-03-11,LONG,0.8685,0.008746,0.008463,1,True,-3.2358,0.1911,>.80,
DGB/USDT,2025-03-15,LONG,0.756,0.008312,0.008291,2,True,-0.2526,0.3243,.70-.80,
DGB/USDT,2025-03-16,LONG,0.8271,0.008211,0.008291,1,True,0.9743,0.1474,>.80,
DGB/USDT,2025-03-20,LONG,0.704,0.008131,0.007793,1,True,-4.1569,0.3555,.70-.80,
DGB/USDT,2025-03-23,LONG,0.659,0.008154,0.011009,3,True,35.0135,0.6458,.60-.70,
DGB/USDT,2025-03-24,LONG,0.7983,0.009089,0.011009,2,True,21.1244,1.6665,.70-.80,1.5-2x
DGB/USDT,2025-03-25,LONG,0.8249,0.010084,0.011009,1,True,9.1729,1.5147,>.80,1.5-2x
DGB/USDT,2025-03-27,LONG,0.9065,0.010559,0.010084,1,True,-4.4985,0.561,>.80,
DGB/USDT,2025-04-02,LONG,0.5805,0.00855,0.010519,1,True,23.0292,0.1959,.55-.60,
DGB/USDT,2025-04-04,LONG,0.7635,0.010409,0.009402,4,True,-9.6743,0.1407,.70-.80,
DGB/USDT,2025-04-05,LONG,0.7008,0.009164,0.009402,3,True,2.5971,1.496,.70-.80,1-1.5x
DGB/USDT,2025-04-06,LONG,0.9718,0.009059,0.009402,2,True,3.7863,0.1431,>.80,
WIN/USDT,2024-08-28,LONG,0.6781,9.2e-05,9.2e-05,1,True,0.6542,0.022,.60-.70,
WIN/USDT,2024-08-30,LONG,0.6297,9.1e-05,8.9e-05,1,True,-2.5545,0.299,.60-.70,
WIN/USDT,2024-09-02,LONG,0.6663,9.1e-05,8.7e-05,1,True,-4.2134,1.1908,.60-.70,1-1.5x
WIN/USDT,2024-09-05,LONG,0.7915,8.6e-05,8.5e-05,1,True,-1.6935,0.6683,.70-.80,
WIN/USDT,2024-09-07,LONG,0.6672,8.6e-05,8.8e-05,1,True,2.6622,0.3555,.60-.70,
WIN/USDT,2024-09-12,LONG,0.6366,8.9e-05,8.9e-05,1,True,-0.3575,0.049,.60-.70,
WIN/USDT,2024-09-14,LONG,0.5917,8.8e-05,8.4e-05,2,True,-4.763,0.4522,.55-.60,
WIN/USDT,2024-09-17,LONG,0.5661,8.5e-05,9.2e-05,4,True,8.9191,0.4455,.55-.60,
WIN/USDT,2024-09-18,LONG,0.6328,8.6e-05,9.2e-05,3,True,7.6977,0.4837,.60-.70,
WIN/USDT,2024-09-19,LONG,0.6035,9e-05,9.2e-05,2,True,2.6155,1.8936,.60-.70,1.5-2x
WIN/USDT,2024-10-03,LONG,0.6146,8.3e-05,8.8e-05,5,False,5.301,0.5112,.60-.70,
WIN/USDT,2024-10-04,LONG,0.5587,8.5e-05,8.4e-05,5,False,-0.721,0.5557,.55-.60,
WIN/USDT,2024-10-21,LONG,0.6425,8.8e-05,8.9e-05,1,True,0.2602,1.689,.60-.70,1.5-2x
WIN/USDT,2024-10-23,LONG,0.7168,8.6e-05,8.8e-05,1,True,1.4106,1.1086,.70-.80,1-1.5x
WIN/USDT,2024-10-26,LONG,0.6431,8.4e-05,8.5e-05,1,True,0.664,0.3458,.60-.70,
WIN/USDT,2024-10-30,LONG,0.5703,8.9e-05,7.2e-05,5,False,-18.6512,0.2113,.55-.60,
WIN/USDT,2024-10-31,LONG,0.8814,8.2e-05,7.4e-05,5,False,-10.8321,2.5455,>.80,2-3x
WIN/USDT,2024-11-01,LONG,0.8882,8.1e-05,7.8e-05,5,False,-3.7982,0.6035,>.80,
WIN/USDT,2024-11-02,LONG,0.6714,7.8e-05,7.6e-05,5,False,-2.8871,1.2426,.60-.70,1-1.5x
WIN/USDT,2024-11-03,LONG,0.7981,7.5e-05,7.5e-05,5,False,0.2411,1.6144,.70-.80,1.5-2x
WIN/USDT,2024-11-04,LONG,0.6922,7.2e-05,7.5e-05,4,True,3.9161,1.2061,.60-.70,1-1.5x
WIN/USDT,2024-11-05,LONG,0.6232,7.4e-05,7.5e-05,3,True,1.7957,0.6927,.60-.70,
WIN/USDT,2024-11-06,LONG,0.7482,7.8e-05,7.5e-05,2,True,-4.0764,1.8153,.70-.80,1.5-2x
WIN/USDT,2024-11-07,LONG,0.6665,7.6e-05,7.5e-05,1,True,-1.5654,0.7552,.60-.70,
WIN/USDT,2024-11-10,LONG,0.6696,7.8e-05,8.2e-05,1,True,6.1243,0.4743,.60-.70,
WIN/USDT,2024-11-14,LONG,0.9502,7.4e-05,7.7e-05,1,True,4.4541,0.6407,>.80,
WIN/USDT,2024-11-18,LONG,0.8811,8.2e-05,8e-05,1,True,-3.056,1.2032,>.80,1-1.5x
WIN/USDT,2024-11-21,LONG,0.5811,8.1e-05,9.2e-05,5,False,14.5369,1.2768,.55-.60,1-1.5x
WIN/USDT,2024-11-22,LONG,0.8706,8.3e-05,9.7e-05,5,False,17.0316,0.6107,>.80,
WIN/USDT,2024-11-23,LONG,0.8061,9e-05,9.6e-05,5,False,6.4087,2.1917,>.80,2-3x
WIN/USDT,2024-11-24,LONG,0.5519,9.4e-05,9.6e-05,4,True,2.1283,1.0319,.55-.60,1-1.5x
WIN/USDT,2024-11-25,LONG,0.9227,9.3e-05,9.6e-05,3,True,2.8397,0.1693,>.80,
WIN/USDT,2024-11-26,LONG,0.9013,9.2e-05,9.6e-05,2,True,3.7514,0.2227,>.80,
WIN/USDT,2024-11-27,LONG,0.6464,9.7e-05,9.6e-05,1,True,-0.8062,1.1669,.60-.70,1-1.5x
WIN/USDT,2024-11-29,LONG,0.7651,0.000101,0.000111,2,True,9.8152,1.2248,.70-.80,1-1.5x
WIN/USDT,2024-11-30,LONG,0.7016,0.000116,0.000111,1,True,-4.7972,3.0356,.70-.80,3-5x
WIN/USDT,2024-12-02,LONG,0.6129,0.000123,0.000158,2,True,28.766,2.0111,.60-.70,2-3x
WIN/USDT,2024-12-03,LONG,0.9817,0.000198,0.000158,1,True,-20.1093,4.3539,>.80,3-5x
WIN/USDT,2024-12-07,LONG,0.8756,0.000156,0.000166,1,True,5.7981,0.1321,>.80,
WIN/USDT,2024-12-09,LONG,0.9212,0.000136,0.000127,1,True,-6.1911,1.1246,>.80,1-1.5x
WIN/USDT,2024-12-11,LONG,0.7276,0.000138,0.000141,2,True,1.7569,0.5323,.70-.80,
WIN/USDT,2024-12-12,LONG,0.5939,0.000141,0.000141,1,True,-0.3328,0.1307,.55-.60,
WIN/USDT,2024-12-14,LONG,0.7377,0.000133,0.000131,2,True,-1.0462,0.3471,.70-.80,
WIN/USDT,2024-12-20,LONG,0.6358,0.000106,0.000103,2,True,-2.7647,0.2966,.60-.70,
WIN/USDT,2024-12-24,LONG,0.5594,0.000115,0.000107,5,False,-6.4572,0.6985,.55-.60,
WIN/USDT,2024-12-26,LONG,0.5755,0.00011,0.000107,3,True,-2.1987,0.5388,.55-.60,
WIN/USDT,2024-12-27,LONG,0.589,0.000112,0.000107,2,True,-4.7111,0.4062,.55-.60,
WIN/USDT,2025-01-05,LONG,0.558,0.000105,0.000101,5,False,-3.3693,0.1383,.55-.60,
WIN/USDT,2025-01-06,LONG,0.5513,0.000118,0.000101,4,True,-14.5077,2.4451,.55-.60,2-3x
WIN/USDT,2025-01-07,LONG,0.9617,0.000109,0.000101,3,True,-7.051,1.5034,>.80,1.5-2x
WIN/USDT,2025-01-09,LONG,0.6307,0.000101,0.000101,1,True,0.5362,0.7801,.60-.70,
WIN/USDT,2025-01-13,LONG,0.914,9.3e-05,0.000101,5,False,8.7791,1.0547,>.80,1-1.5x
WIN/USDT,2025-01-21,LONG,0.6131,9.5e-05,9.2e-05,5,False,-2.5896,0.632,.60-.70,
WIN/USDT,2025-01-22,LONG,0.563,0.0001,9e-05,5,False,-10.3631,0.8933,.55-.60,
WIN/USDT,2025-01-23,LONG,0.5924,9.6e-05,9e-05,4,True,-6.6757,0.6226,.55-.60,
WIN/USDT,2025-01-24,LONG,0.585,9.6e-05,9e-05,3,True,-6.5492,0.0213,.55-.60,
WIN/USDT,2025-01-25,LONG,0.5928,9.4e-05,9e-05,2,True,-4.4771,0.3411,.55-.60,
WIN/USDT,2025-02-03,LONG,0.5833,7.8e-05,7.5e-05,2,True,-4.1587,0.8548,.55-.60,
WIN/USDT,2025-02-04,LONG,0.5782,7.5e-05,7.5e-05,1,True,-0.7684,0.5701,.55-.60,
WIN/USDT,2025-02-06,LONG,0.7466,7.4e-05,7.4e-05,3,True,-0.1086,0.3209,.70-.80,
WIN/USDT,2025-02-07,LONG,0.5564,7.3e-05,7.4e-05,2,True,0.1633,0.0587,.55-.60,
WIN/USDT,2025-02-11,LONG,0.5998,7.6e-05,8.1e-05,4,True,6.3667,0.4396,.55-.60,
WIN/USDT,2025-02-13,LONG,0.5871,7.7e-05,8.1e-05,2,True,5.355,0.7528,.55-.60,
WIN/USDT,2025-02-14,LONG,0.584,7.8e-05,8.1e-05,1,True,3.1509,0.4948,.55-.60,
WIN/USDT,2025-02-19,LONG,0.6842,7.8e-05,8e-05,1,True,2.2596,0.4164,.60-.70,
WIN/USDT,2025-02-21,LONG,0.6178,7.5e-05,6.6e-05,5,False,-12.0198,1.5471,.60-.70,1.5-2x
WIN/USDT,2025-02-22,LONG,0.6059,7.5e-05,6.5e-05,5,False,-12.5968,0.0654,.60-.70,
WIN/USDT,2025-02-23,LONG,0.6212,7.5e-05,6.6e-05,5,False,-12.5634,0.0571,.60-.70,
WIN/USDT,2025-02-24,LONG,0.6455,6.8e-05,6.6e-05,4,True,-4.264,2.6058,.60-.70,2-3x
WIN/USDT,2025-03-07,LONG,0.5813,6.2e-05,5.8e-05,5,False,-7.1486,0.1396,.55-.60,
WIN/USDT,2025-03-11,LONG,0.7017,5.7e-05,5.8e-05,1,True,0.5567,0.0799,.70-.80,
WIN/USDT,2025-03-14,LONG,0.6892,5.8e-05,6e-05,5,False,4.7239,0.4409,.60-.70,
WIN/USDT,2025-03-15,LONG,0.7496,5.8e-05,6e-05,5,False,3.482,0.3521,.70-.80,
WIN/USDT,2025-03-16,LONG,0.5942,5.6e-05,6e-05,5,False,6.2489,1.1601,.55-.60,1-1.5x
WIN/USDT,2025-03-17,LONG,0.5733,5.9e-05,6.2e-05,5,False,4.8905,1.4269,.55-.60,1-1.5x
WIN/USDT,2025-03-18,LONG,0.5743,6.1e-05,6e-05,5,False,-1.8105,1.165,.55-.60,1-1.5x
WIN/USDT,2025-03-20,LONG,0.6699,6e-05,6.1e-05,5,False,1.0608,0.0141,.60-.70,
WIN/USDT,2025-03-21,LONG,0.7098,6e-05,6.1e-05,5,False,1.441,0.305,.70-.80,
WIN/USDT,2025-03-23,LONG,0.5669,6e-05,6.1e-05,3,True,0.5648,0.9612,.55-.60,
WIN/USDT,2025-03-24,LONG,0.7761,6.1e-05,6.1e-05,2,True,-0.7866,0.5463,.70-.80,
WIN/USDT,2025-03-25,LONG,0.6986,6.1e-05,6.1e-05,1,True,-0.7053,0.0329,.60-.70,
WIN/USDT,2025-03-27,LONG,0.7611,6e-05,5.3e-05,5,False,-11.4966,0.5797,.70-.80,
WIN/USDT,2025-03-30,LONG,0.7031,5.5e-05,4.9e-05,3,True,-10.6784,0.227,.70-.80,
WIN/USDT,2025-03-31,LONG,0.6922,5.5e-05,4.9e-05,2,True,-11.3108,0.2582,.60-.70,
WIN/USDT,2025-04-04,LONG,0.6692,4.8e-05,4.5e-05,2,True,-4.7559,0.2137,.60-.70,
WIN/USDT,2025-04-05,LONG,0.8025,4.8e-05,4.5e-05,1,True,-5.4493,0.2315,>.80,
FLR/USDT,2024-08-27,LONG,0.7248,0.01531,0.01608,2,True,5.0294,0.5356,.70-.80,
FLR/USDT,2024-08-28,LONG,0.6268,0.01531,0.01608,1,True,5.0294,0.0,.60-.70,
FLR/USDT,2024-08-30,LONG,0.7365,0.01604,0.01494,5,False,-6.8579,0.0945,.70-.80,
FLR/USDT,2024-08-31,LONG,0.6516,0.01598,0.01446,5,False,-9.5119,0.1626,.60-.70,
FLR/USDT,2024-09-02,LONG,0.727,0.01576,0.01446,3,True,-8.2487,1.508,.70-.80,1.5-2x
FLR/USDT,2024-09-04,LONG,0.6869,0.01494,0.01446,1,True,-3.2129,0.5337,.60-.70,
FLR/USDT,2024-09-07,LONG,0.8284,0.01439,0.0144,1,True,0.0695,0.1205,>.80,
FLR/USDT,2024-09-10,LONG,0.6949,0.01483,0.01497,5,False,0.944,0.3083,.60-.70,
FLR/USDT,2024-09-12,LONG,0.6701,0.01476,0.01451,4,True,-1.6938,0.6644,.60-.70,
FLR/USDT,2024-09-18,LONG,0.6437,0.0145,0.01513,5,False,4.3448,0.3924,.60-.70,
FLR/USDT,2024-09-19,LONG,0.6116,0.01492,0.01513,4,True,1.4075,1.135,.60-.70,1-1.5x
FLR/USDT,2024-09-20,LONG,0.5656,0.01497,0.01513,3,True,1.0688,0.1311,.55-.60,
FLR/USDT,2024-09-24,LONG,0.5545,0.0153,0.01584,3,True,3.5294,0.583,.55-.60,
FLR/USDT,2024-09-26,LONG,0.5758,0.01583,0.01584,1,True,0.0632,2.687,.55-.60,2-3x
FLR/USDT,2024-09-29,LONG,0.8428,0.01613,0.01528,1,True,-5.2697,1.0097,>.80,1-1.5x
FLR/USDT,2024-10-02,LONG,0.9604,0.01727,0.01525,3,True,-11.6966,3.7222,>.80,3-5x
FLR/USDT,2024-10-04,LONG,0.8126,0.01577,0.01525,1,True,-3.2974,0.1538,>.80,
FLR/USDT,2024-10-08,LONG,0.8604,0.01478,0.01446,1,True,-2.1651,0.2834,>.80,
FLR/USDT,2024-10-13,LONG,0.6668,0.01449,0.01494,2,True,3.1056,0.2771,.60-.70,
FLR/USDT,2024-10-14,LONG,0.5984,0.01544,0.01494,1,True,-3.2383,1.0819,.55-.60,1-1.5x
FLR/USDT,2024-10-17,LONG,0.633,0.01454,0.0149,4,True,2.4759,0.2514,.60-.70,
FLR/USDT,2024-10-18,LONG,0.7086,0.01483,0.0149,3,True,0.472,0.3406,.70-.80,
FLR/USDT,2024-10-19,LONG,0.5931,0.01465,0.0149,2,True,1.7065,0.2079,.55-.60,
FLR/USDT,2024-10-20,LONG,0.691,0.01526,0.0149,1,True,-2.3591,0.7179,.60-.70,
FLR/USDT,2024-10-24,LONG,0.7495,0.0144,0.01407,3,True,-2.2917,0.6292,.70-.80,
FLR/USDT,2024-10-25,LONG,0.6505,0.01378,0.01407,2,True,2.1045,1.5605,.60-.70,1.5-2x
FLR/USDT,2024-10-26,LONG,0.6336,0.01363,0.01407,1,True,3.2282,0.3988,.60-.70,
FLR/USDT,2024-10-28,LONG,0.582,0.01394,0.01309,4,True,-6.0976,0.3307,.55-.60,
FLR/USDT,2024-10-31,LONG,0.5697,0.01331,0.01309,1,True,-1.6529,1.2732,.55-.60,1-1.5x
FLR/USDT,2024-11-03,LONG,0.5533,0.01256,0.01217,1,True,-3.1051,2.072,.55-.60,2-3x
FLR/USDT,2024-11-05,LONG,0.6102,0.01243,0.01309,1,True,5.3097,0.8318,.60-.70,
FLR/USDT,2024-11-08,LONG,0.6519,0.01348,0.01395,1,True,3.4866,0.8306,.60-.70,
FLR/USDT,2024-11-13,LONG,0.7073,0.0145,0.02216,3,True,52.8276,1.4789,.70-.80,1-1.5x
FLR/USDT,2024-11-14,LONG,0.8702,0.01421,0.02216,2,True,55.9465,0.6704,>.80,
FLR/USDT,2024-11-15,LONG,0.8205,0.0182,0.02216,1,True,21.7582,4.0745,>.80,3-5x
FLR/USDT,2024-11-19,LONG,0.6325,0.0201,0.01982,1,True,-1.393,0.1754,.60-.70,
FLR/USDT,2024-11-23,LONG,0.8149,0.02279,0.02222,3,True,-2.5011,0.2367,>.80,
FLR/USDT,2024-11-24,LONG,0.6139,0.02373,0.02222,2,True,-6.3633,0.4925,.60-.70,
FLR/USDT,2024-11-25,LONG,0.9216,0.0225,0.02222,1,True,-1.2444,0.6025,>.80,
FLR/USDT,2024-12-03,LONG,0.9251,0.03514,0.03184,1,True,-9.391,0.3715,>.80,
FLR/USDT,2024-12-05,LONG,0.8709,0.03233,0.03303,1,True,2.1652,0.1864,>.80,
FLR/USDT,2024-12-09,LONG,0.8044,0.02851,0.02941,3,True,3.1568,1.4701,>.80,1-1.5x
FLR/USDT,2024-12-13,LONG,0.6232,0.03063,0.03055,4,True,-0.2612,0.6004,.60-.70,
FLR/USDT,2024-12-14,LONG,0.6843,0.02968,0.03055,3,True,2.9313,0.4453,.60-.70,
FLR/USDT,2024-12-15,LONG,0.6858,0.03025,0.03055,2,True,0.9917,0.2827,.60-.70,
FLR/USDT,2024-12-16,LONG,0.6394,0.02992,0.03055,1,True,2.1056,0.1607,.60-.70,
FLR/USDT,2024-12-19,LONG,0.6742,0.02682,0.02695,4,True,0.4847,0.7649,.60-.70,
FLR/USDT,2024-12-20,LONG,0.6549,0.02822,0.02695,3,True,-4.5004,0.9335,.60-.70,
FLR/USDT,2024-12-21,LONG,0.6836,0.02713,0.02695,2,True,-0.6635,0.7476,.60-.70,
FLR/USDT,2024-12-24,LONG,0.5876,0.02818,0.02652,3,True,-5.8907,1.0792,.55-.60,1-1.5x
FLR/USDT,2025-01-02,LONG,0.6473,0.02784,0.02698,3,True,-3.0891,0.343,.60-.70,
FLR/USDT,2025-01-04,LONG,0.7465,0.02783,0.02698,1,True,-3.0543,0.7394,.70-.80,
FLR/USDT,2025-01-06,LONG,0.6626,0.02681,0.02483,5,False,-7.3853,0.1689,.60-.70,
FLR/USDT,2025-01-07,LONG,0.5909,0.02498,0.02415,5,False,-3.3227,1.9102,.55-.60,1.5-2x
FLR/USDT,2025-01-09,LONG,0.5915,0.02282,0.02342,4,True,2.6293,1.6454,.55-.60,1.5-2x
FLR/USDT,2025-01-10,LONG,0.6402,0.0234,0.02342,3,True,0.0855,0.7347,.60-.70,
FLR/USDT,2025-01-11,LONG,0.6229,0.02483,0.02342,2,True,-5.6786,1.6368,.60-.70,1.5-2x
FLR/USDT,2025-01-15,LONG,0.6619,0.02683,0.02727,5,False,1.64,2.2105,.60-.70,2-3x
FLR/USDT,2025-01-17,LONG,0.5622,0.02991,0.02727,3,True,-8.8265,1.7253,.55-.60,1.5-2x
FLR/USDT,2025-01-18,LONG,0.7254,0.03017,0.02727,2,True,-9.6122,0.195,.70-.80,
FLR/USDT,2025-01-19,LONG,0.7381,0.02632,0.02727,1,True,3.6094,2.3577,.70-.80,2-3x
FLR/USDT,2025-01-24,LONG,0.6887,0.02657,0.02499,2,True,-5.9466,0.0064,.60-.70,
FLR/USDT,2025-01-30,LONG,0.6281,0.027,0.02369,2,True,-12.2593,2.154,.60-.70,2-3x
FLR/USDT,2025-02-03,LONG,0.892,0.0224,0.01933,3,True,-13.7054,0.845,>.80,
FLR/USDT,2025-02-04,LONG,0.5967,0.02105,0.01933,2,True,-8.171,0.9055,.55-.60,
FLR/USDT,2025-02-05,LONG,0.687,0.02001,0.01933,1,True,-3.3983,0.7445,.60-.70,
FLR/USDT,2025-02-07,LONG,0.6917,0.02198,0.02107,5,False,-4.1401,1.9145,.60-.70,1.5-2x
FLR/USDT,2025-02-09,LONG,0.8587,0.02115,0.02107,3,True,-0.3783,0.213,>.80,
FLR/USDT,2025-02-10,LONG,0.6778,0.02129,0.02107,2,True,-1.0333,0.1069,.60-.70,
FLR/USDT,2025-02-11,LONG,0.5584,0.02041,0.02107,1,True,3.2337,0.6724,.55-.60,
FLR/USDT,2025-02-15,LONG,0.7404,0.02152,0.01993,5,False,-7.3885,0.0379,.70-.80,
FLR/USDT,2025-02-16,LONG,0.6092,0.02164,0.01995,5,False,-7.8096,0.0908,.60-.70,
FLR/USDT,2025-02-17,LONG,0.6832,0.02063,0.02007,5,False,-2.7145,0.7544,.60-.70,
FLR/USDT,2025-02-18,LONG,0.7125,0.01998,0.01968,5,False,-1.5015,0.5071,.70-.80,
FLR/USDT,2025-02-19,LONG,0.5945,0.02045,0.01747,5,False,-14.5721,0.4431,.55-.60,
FLR/USDT,2025-02-20,LONG,0.6073,0.01993,0.01747,4,True,-12.3432,0.4911,.60-.70,
FLR/USDT,2025-02-21,LONG,0.596,0.01995,0.01747,3,True,-12.4311,0.0199,.55-.60,
FLR/USDT,2025-02-22,LONG,0.6066,0.02007,0.01747,2,True,-12.9547,0.1348,.60-.70,
FLR/USDT,2025-02-25,LONG,0.6717,0.01741,0.01705,2,True,-2.0678,0.0742,.60-.70,
FLR/USDT,2025-02-28,LONG,0.6519,0.01656,0.01717,1,True,3.6836,0.9029,.60-.70,
FLR/USDT,2025-03-11,LONG,0.7316,0.01546,0.01498,3,True,-3.1048,1.787,.70-.80,1.5-2x
FLR/USDT,2025-03-12,LONG,0.5906,0.01508,0.01498,2,True,-0.6631,0.4668,.55-.60,
FLR/USDT,2025-03-13,LONG,0.7175,0.01418,0.01498,1,True,5.6417,1.1139,.70-.80,1-1.5x
FLR/USDT,2025-03-17,LONG,0.6821,0.01509,0.01487,1,True,-1.4579,0.1123,.60-.70,
FLR/USDT,2025-03-20,LONG,0.6197,0.01467,0.01481,1,True,0.9543,0.7819,.60-.70,
FLR/USDT,2025-03-22,LONG,0.8183,0.01461,0.0147,1,True,0.616,0.2829,>.80,
FLR/USDT,2025-03-26,LONG,0.7341,0.01463,0.01373,5,False,-6.1517,0.0462,.70-.80,
FLR/USDT,2025-03-27,LONG,0.5703,0.0141,0.01373,4,True,-2.6241,0.8061,.55-.60,
FLR/USDT,2025-03-28,LONG,0.6554,0.0137,0.01373,3,True,0.219,0.6284,.60-.70,
FLR/USDT,2025-03-29,LONG,0.5974,0.01314,0.01373,2,True,4.4901,0.9517,.55-.60,
FLR/USDT,2025-03-30,LONG,0.6277,0.01387,0.01373,1,True,-1.0094,1.3603,.60-.70,1-1.5x
FLR/USDT,2025-04-05,LONG,0.6796,0.01319,0.01178,2,True,-10.6899,0.5113,.60-.70,
FLR/USDT,2025-04-06,LONG,0.6634,0.01212,0.01178,1,True,-2.8053,2.6153,.60-.70,2-3x
CORE/USDT,2024-08-28,LONG,0.6267,0.9841,0.945,3,True,-3.9732,0.7801,.60-.70,
CORE/USDT,2024-08-29,LONG,0.7963,0.9934,0.945,2,True,-4.8722,0.174,.70-.80,
CORE/USDT,2024-08-30,LONG,0.6027,0.9961,0.945,1,True,-5.13,0.0502,.60-.70,
CORE/USDT,2024-09-04,LONG,0.7112,0.883,0.8331,2,True,-5.6512,0.2255,.70-.80,
CORE/USDT,2024-09-05,LONG,0.6068,0.864,0.8331,1,True,-3.5764,0.3803,.60-.70,
CORE/USDT,2024-09-07,LONG,0.6728,0.8424,0.9374,5,False,11.2773,0.1962,.60-.70,
CORE/USDT,2024-09-08,LONG,0.6896,0.8888,0.9534,5,False,7.2682,0.9416,.60-.70,
CORE/USDT,2024-09-10,LONG,0.5866,0.9693,0.9442,4,True,-2.5895,0.8471,.55-.60,
CORE/USDT,2024-09-11,LONG,0.7181,0.9277,0.9442,3,True,1.7786,0.7045,.70-.80,
CORE/USDT,2024-09-12,LONG,0.5858,0.9374,0.9442,2,True,0.7254,0.2437,.55-.60,
CORE/USDT,2024-09-15,LONG,0.5605,0.9014,0.9588,3,True,6.3679,1.0974,.55-.60,1-1.5x
CORE/USDT,2024-09-17,LONG,0.6007,0.9466,0.9588,1,True,1.2888,1.4253,.60-.70,1-1.5x
CORE/USDT,2024-09-19,LONG,0.6777,1.0987,1.0503,4,True,-4.4052,2.746,.60-.70,2-3x
CORE/USDT,2024-09-20,LONG,0.7285,1.0791,1.0503,3,True,-2.6689,0.3448,.70-.80,
CORE/USDT,2024-09-21,LONG,0.6813,1.0742,1.0503,2,True,-2.2249,0.0964,.60-.70,
CORE/USDT,2024-09-22,LONG,0.8094,1.0418,1.0503,1,True,0.8159,0.6482,>.80,
CORE/USDT,2024-09-29,LONG,0.7719,1.1146,1.0168,1,True,-8.7744,0.3939,.70-.80,
CORE/USDT,2024-10-02,LONG,0.6009,0.8876,0.9383,4,True,5.712,0.606,.60-.70,
CORE/USDT,2024-10-03,LONG,0.8238,0.8794,0.9383,3,True,6.6977,0.1787,>.80,
CORE/USDT,2024-10-04,LONG,0.8346,0.9161,0.9383,2,True,2.4233,0.7933,>.80,
CORE/USDT,2024-10-05,LONG,0.7203,0.9229,0.9383,1,True,1.6687,0.144,.70-.80,
CORE/USDT,2024-10-10,LONG,0.7832,0.883,0.9132,1,True,3.4202,0.3215,.70-.80,
CORE/USDT,2024-10-14,LONG,0.5718,1.0247,1.0024,1,True,-2.1762,2.4496,.55-.60,2-3x
CORE/USDT,2024-10-21,LONG,0.6807,0.9681,0.9189,3,True,-5.0821,0.5722,.60-.70,
CORE/USDT,2024-10-22,LONG,0.6206,0.9393,0.9189,2,True,-2.1718,0.7998,.60-.70,
CORE/USDT,2024-10-23,LONG,0.7076,0.9126,0.9189,1,True,0.6903,0.7523,.70-.80,
CORE/USDT,2024-10-30,LONG,0.5962,0.923,0.883,1,True,-4.3337,0.2777,.55-.60,
CORE/USDT,2024-11-01,LONG,0.6729,0.8515,0.7791,3,True,-8.5026,0.7884,.60-.70,
CORE/USDT,2024-11-02,LONG,0.5589,0.8211,0.7791,2,True,-5.1151,0.7792,.55-.60,
CORE/USDT,2024-11-03,LONG,0.7102,0.7952,0.7791,1,True,-2.0246,0.8662,.70-.80,
CORE/USDT,2024-11-05,LONG,0.6745,0.8155,0.9132,1,True,11.9804,1.2335,.60-.70,1-1.5x
CORE/USDT,2024-11-08,LONG,0.7025,0.8876,0.9643,2,True,8.6413,0.2995,.70-.80,
CORE/USDT,2024-11-09,LONG,0.863,0.9226,0.9643,1,True,4.5198,0.8448,>.80,
CORE/USDT,2024-11-12,LONG,0.8431,1.0052,0.9332,3,True,-7.1628,1.263,>.80,1-1.5x
CORE/USDT,2024-11-13,LONG,0.8216,0.9505,0.9332,2,True,-1.8201,0.9359,>.80,
CORE/USDT,2024-11-14,LONG,0.9496,0.8879,0.9332,1,True,5.1019,1.1822,>.80,1-1.5x
CORE/USDT,2024-11-18,LONG,0.975,1.0207,0.9308,2,True,-8.8077,0.4629,>.80,
CORE/USDT,2024-11-19,LONG,0.8651,0.9553,0.9308,1,True,-2.5646,1.1049,>.80,1-1.5x
CORE/USDT,2024-11-21,LONG,0.9719,0.9751,0.9743,1,True,-0.082,0.8298,>.80,
CORE/USDT,2024-11-24,LONG,0.9207,1.0798,1.0751,3,True,-0.4353,0.5093,>.80,
CORE/USDT,2024-11-25,LONG,0.7936,1.0535,1.0751,2,True,2.0503,0.3815,.70-.80,
CORE/USDT,2024-11-26,LONG,0.737,1.0583,1.0751,1,True,1.5875,0.0774,.70-.80,
CORE/USDT,2024-11-29,LONG,0.7678,1.4587,1.5968,2,True,9.4673,3.4891,.70-.80,3-5x
CORE/USDT,2024-11-30,LONG,0.9208,1.9661,1.5968,1,True,-18.7834,3.0558,>.80,3-5x
CORE/USDT,2024-12-03,LONG,0.9924,1.5167,1.638,1,True,7.9976,0.137,>.80,
CORE/USDT,2024-12-06,LONG,0.8836,1.5709,1.5415,2,True,-1.8715,0.0262,>.80,
CORE/USDT,2024-12-07,LONG,0.8636,1.5686,1.5415,1,True,-1.7277,0.0121,>.80,
CORE/USDT,2024-12-15,LONG,0.5548,1.38,1.3452,1,True,-2.5217,0.0056,.55-.60,
CORE/USDT,2024-12-17,LONG,0.6711,1.2725,1.1484,1,True,-9.7525,0.4106,.60-.70,
CORE/USDT,2024-12-19,LONG,0.593,1.1147,1.1533,1,True,3.4628,0.2571,.55-.60,
CORE/USDT,2024-12-22,LONG,0.6774,1.0686,1.1266,1,True,5.4277,0.8589,.60-.70,
CORE/USDT,2025-01-02,LONG,0.6261,1.2022,1.2049,1,True,0.2246,2.3268,.60-.70,2-3x
CORE/USDT,2025-01-04,LONG,0.5662,1.1872,1.0816,3,True,-8.8949,0.3161,.55-.60,
CORE/USDT,2025-01-05,LONG,0.5859,1.2255,1.0816,2,True,-11.7421,0.686,.55-.60,
CORE/USDT,2025-01-06,LONG,0.5865,1.2462,1.0816,1,True,-13.2082,0.3698,.55-.60,
CORE/USDT,2025-01-15,LONG,0.5501,1.014,0.9532,3,True,-5.9961,1.2303,.55-.60,1-1.5x
CORE/USDT,2025-01-21,LONG,0.6805,0.8578,0.8413,1,True,-1.9235,0.6731,.60-.70,
CORE/USDT,2025-01-24,LONG,0.6341,0.8163,0.6959,5,False,-14.7495,0.1653,.60-.70,
CORE/USDT,2025-01-28,LONG,0.5668,0.6663,0.664,4,True,-0.3452,1.3924,.55-.60,1-1.5x
CORE/USDT,2025-01-31,LONG,0.5903,0.7236,0.664,1,True,-8.2366,0.2015,.55-.60,
CORE/USDT,2025-02-03,LONG,0.8399,0.5522,0.5388,2,True,-2.4267,0.1442,>.80,
CORE/USDT,2025-02-04,LONG,0.7065,0.5403,0.5388,1,True,-0.2776,0.3512,.70-.80,
CORE/USDT,2025-02-06,LONG,0.9842,0.5191,0.5269,3,True,1.5026,0.6196,>.80,
CORE/USDT,2025-02-07,LONG,0.6622,0.5191,0.5269,2,True,1.5026,0.0,.60-.70,
CORE/USDT,2025-02-11,LONG,0.6598,0.5465,0.551,3,True,0.8234,0.3902,.60-.70,
CORE/USDT,2025-02-13,LONG,0.6305,0.5364,0.551,1,True,2.7218,0.5343,.60-.70,
CORE/USDT,2025-02-16,LONG,0.6099,0.5368,0.5327,5,False,-0.7638,0.4832,.60-.70,
CORE/USDT,2025-02-19,LONG,0.55,0.5088,0.5178,4,True,1.7689,0.474,.50-.55,
CORE/USDT,2025-02-20,LONG,0.5529,0.5165,0.5178,3,True,0.2517,0.3149,.55-.60,
CORE/USDT,2025-02-22,LONG,0.6075,0.5285,0.5178,1,True,-2.0246,0.3148,.60-.70,
CORE/USDT,2025-02-25,LONG,0.586,0.4935,0.5352,5,False,8.4498,1.671,.55-.60,1.5-2x
CORE/USDT,2025-02-26,LONG,0.5573,0.4946,0.4727,5,False,-4.4278,0.0619,.55-.60,
CORE/USDT,2025-02-27,LONG,0.6073,0.4862,0.4727,4,True,-2.7766,0.4696,.60-.70,
CORE/USDT,2025-02-28,LONG,0.5562,0.482,0.4727,3,True,-1.9295,0.2438,.55-.60,
CORE/USDT,2025-03-02,LONG,0.5684,0.5352,0.4727,1,True,-11.6779,2.6206,.55-.60,2-3x
CORE/USDT,2025-03-04,LONG,0.6477,0.4781,0.4812,1,True,0.6484,0.223,.60-.70,
CORE/USDT,2025-03-07,LONG,0.7951,0.4558,0.4608,1,True,1.097,0.4386,.70-.80,
CORE/USDT,2025-03-10,LONG,0.6177,0.3787,0.4092,2,True,8.0539,0.6837,.60-.70,
CORE/USDT,2025-03-11,LONG,0.5836,0.397,0.4092,1,True,3.073,0.8102,.55-.60,
CORE/USDT,2025-03-17,LONG,0.6032,0.4292,0.4739,2,True,10.4147,1.335,.60-.70,1-1.5x
CORE/USDT,2025-03-18,LONG,0.5652,0.4499,0.4739,1,True,5.3345,0.7996,.55-.60,
CORE/USDT,2025-03-20,LONG,0.7093,0.4545,0.4575,3,True,0.6601,0.6585,.70-.80,
CORE/USDT,2025-03-21,LONG,0.6261,0.446,0.4575,2,True,2.5785,0.3002,.60-.70,
CORE/USDT,2025-03-22,LONG,0.767,0.4524,0.4575,1,True,1.1273,0.2563,.70-.80,
CORE/USDT,2025-03-26,LONG,0.7021,0.4421,0.4954,5,False,12.0561,0.4598,.70-.80,
CORE/USDT,2025-03-29,LONG,0.6735,0.4279,0.4528,5,False,5.8191,1.2293,.60-.70,1-1.5x
CORE/USDT,2025-03-30,LONG,0.6143,0.4823,0.4528,4,True,-6.1165,2.661,.60-.70,2-3x
CORE/USDT,2025-04-01,LONG,0.6987,0.494,0.4528,2,True,-8.3401,0.06,.60-.70,
CORE/USDT,2025-04-02,LONG,0.7688,0.4825,0.4528,1,True,-6.1554,0.5064,.70-.80,
CORE/USDT,2025-04-04,LONG,0.6293,0.4383,0.4196,3,True,-4.2665,0.6586,.60-.70,
CORE/USDT,2025-04-05,LONG,0.7033,0.434,0.4196,2,True,-3.318,0.2055,.70-.80,
ILV/USDT,2024-08-27,LONG,0.5519,40.52,38.81,3,True,-4.2201,1.4287,.55-.60,1-1.5x
ILV/USDT,2024-08-28,LONG,0.5615,40.0,38.81,2,True,-2.975,0.3008,.55-.60,
ILV/USDT,2024-08-29,LONG,0.666,39.0,38.81,1,True,-0.4872,0.5834,.60-.70,
ILV/USDT,2024-09-05,LONG,0.6573,35.91,34.42,1,True,-4.1493,0.804,.60-.70,
ILV/USDT,2024-09-08,LONG,0.6837,36.48,38.79,2,True,6.3322,0.4593,.60-.70,
ILV/USDT,2024-09-11,LONG,0.5927,37.16,37.22,4,True,0.1615,0.8725,.55-.60,
ILV/USDT,2024-09-12,LONG,0.6125,39.48,37.22,3,True,-5.7244,1.3196,.60-.70,1-1.5x
ILV/USDT,2024-09-20,LONG,0.5645,40.99,41.88,4,True,2.1713,0.6116,.55-.60,
ILV/USDT,2024-09-21,LONG,0.8146,40.84,41.88,3,True,2.5465,0.0855,>.80,
ILV/USDT,2024-09-22,LONG,0.8236,38.84,41.88,2,True,7.827,1.1866,>.80,1-1.5x
ILV/USDT,2024-09-23,LONG,0.7348,38.45,41.88,1,True,8.9207,0.259,.70-.80,
ILV/USDT,2024-09-27,LONG,0.8101,46.51,44.35,1,True,-4.6442,2.3407,>.80,2-3x
ILV/USDT,2024-09-29,LONG,0.8684,44.19,40.89,1,True,-7.4678,0.0741,>.80,
ILV/USDT,2024-10-05,LONG,0.7804,36.63,37.48,1,True,2.3205,0.2779,.70-.80,
ILV/USDT,2024-10-10,LONG,0.7909,35.25,37.08,2,True,5.1915,0.2627,.70-.80,
ILV/USDT,2024-10-11,LONG,0.6545,36.69,37.08,1,True,1.063,0.7943,.60-.70,
ILV/USDT,2024-10-14,LONG,0.5641,38.72,37.89,1,True,-2.1436,0.8485,.55-.60,
ILV/USDT,2024-10-16,LONG,0.6806,36.53,40.48,4,True,10.813,0.7923,.60-.70,
ILV/USDT,2024-10-17,LONG,0.712,35.24,40.48,3,True,14.8695,0.9699,.70-.80,
ILV/USDT,2024-10-19,LONG,0.7779,37.25,40.48,1,True,8.6711,0.5231,.70-.80,
ILV/USDT,2024-10-21,LONG,0.7355,38.69,39.33,1,True,1.6542,1.2796,.70-.80,1-1.5x
ILV/USDT,2024-10-23,LONG,0.9193,37.17,37.39,1,True,0.5919,1.5077,>.80,1.5-2x
ILV/USDT,2024-10-27,LONG,0.6081,35.41,35.65,1,True,0.6778,0.788,.60-.70,
ILV/USDT,2024-10-29,LONG,0.7895,36.93,34.13,2,True,-7.5819,0.8969,.70-.80,
ILV/USDT,2024-10-30,LONG,0.6986,35.87,34.13,1,True,-4.8509,0.7069,.60-.70,
ILV/USDT,2024-11-02,LONG,0.7513,33.1,35.61,5,False,7.5831,0.5749,.70-.80,
ILV/USDT,2024-11-03,LONG,0.7186,31.59,35.61,4,True,12.7255,1.1241,.70-.80,1-1.5x
ILV/USDT,2024-11-04,LONG,0.6544,30.8,35.61,3,True,15.6169,0.6153,.60-.70,
ILV/USDT,2024-11-06,LONG,0.7024,35.61,35.61,1,True,0.0,2.316,.70-.80,2-3x
ILV/USDT,2024-11-08,LONG,0.7378,34.72,40.26,2,True,15.9562,0.5215,.70-.80,
ILV/USDT,2024-11-09,LONG,0.8714,36.18,40.26,1,True,11.2769,0.9457,>.80,
ILV/USDT,2024-11-11,LONG,0.9101,43.98,39.61,4,True,-9.9363,1.7011,>.80,1.5-2x
ILV/USDT,2024-11-12,LONG,0.7309,41.92,39.61,3,True,-5.5105,0.8696,.70-.80,
ILV/USDT,2024-11-13,LONG,0.8047,41.34,39.61,2,True,-4.1848,0.2559,>.80,
ILV/USDT,2024-11-14,LONG,0.9774,37.87,39.61,1,True,4.5947,1.5559,>.80,1.5-2x
ILV/USDT,2024-11-17,LONG,0.9399,39.91,47.31,1,True,18.5417,1.1482,>.80,1-1.5x
ILV/USDT,2024-11-21,LONG,0.8668,43.06,52.08,5,False,20.9475,0.6579,>.80,
ILV/USDT,2024-11-22,LONG,0.9629,44.85,56.69,5,False,26.3991,0.5581,>.80,
ILV/USDT,2024-11-23,LONG,0.6193,48.49,56.9,5,False,17.3438,1.0939,.60-.70,1-1.5x
ILV/USDT,2024-11-24,LONG,0.9369,57.5,56.9,4,True,-1.0435,2.2812,>.80,2-3x
ILV/USDT,2024-11-25,LONG,0.965,52.26,56.9,3,True,8.8787,1.0578,>.80,1-1.5x
ILV/USDT,2024-11-26,LONG,0.6926,52.08,56.9,2,True,9.255,0.041,.60-.70,
ILV/USDT,2024-11-27,LONG,0.9444,56.69,56.9,1,True,0.3704,1.0396,>.80,1-1.5x
ILV/USDT,2024-12-01,LONG,0.8122,59.8,61.61,1,True,3.0268,0.2193,>.80,
ILV/USDT,2024-12-05,LONG,0.774,65.12,69.73,1,True,7.0792,0.3747,.70-.80,
ILV/USDT,2024-12-08,LONG,0.8054,68.07,58.53,3,True,-14.015,0.1299,>.80,
ILV/USDT,2024-12-10,LONG,0.593,53.39,58.53,1,True,9.6273,0.3053,.55-.60,
ILV/USDT,2024-12-12,LONG,0.6858,59.8,58.32,1,True,-2.4749,0.2792,.60-.70,
ILV/USDT,2024-12-17,LONG,0.6066,51.21,46.22,1,True,-9.7442,1.3065,.60-.70,1-1.5x
ILV/USDT,2024-12-20,LONG,0.6816,42.97,40.45,1,True,-5.8646,0.3944,.60-.70,
ILV/USDT,2024-12-23,LONG,0.7559,41.93,43.39,1,True,3.482,0.8362,.70-.80,
ILV/USDT,2024-12-25,LONG,0.6622,42.37,40.93,3,True,-3.3986,0.3463,.60-.70,
ILV/USDT,2024-12-27,LONG,0.6865,39.84,40.93,1,True,2.7359,0.1619,.60-.70,
ILV/USDT,2024-12-30,LONG,0.5909,39.1,37.74,1,True,-3.4783,0.2025,.55-.60,
ILV/USDT,2025-01-03,LONG,0.6668,42.44,37.48,5,False,-11.6871,1.4226,.60-.70,1-1.5x
ILV/USDT,2025-01-06,LONG,0.6594,42.38,37.48,2,True,-11.5621,0.28,.60-.70,
ILV/USDT,2025-01-07,LONG,0.6523,37.49,37.48,1,True,-0.0267,2.3607,.60-.70,2-3x
ILV/USDT,2025-01-11,LONG,0.6217,37.77,35.71,2,True,-5.4541,0.2252,.60-.70,
ILV/USDT,2025-01-14,LONG,0.58,37.08,37.79,4,True,1.9148,0.9326,.55-.60,
ILV/USDT,2025-01-15,LONG,0.5609,39.37,37.79,3,True,-4.0132,1.51,.55-.60,1.5-2x
ILV/USDT,2025-01-21,LONG,0.7579,34.76,33.66,1,True,-3.1646,0.5306,.70-.80,
ILV/USDT,2025-01-24,LONG,0.7306,31.99,30.27,3,True,-5.3767,0.6258,.70-.80,
ILV/USDT,2025-01-26,LONG,0.7203,31.2,30.27,1,True,-2.9808,0.5435,.70-.80,
ILV/USDT,2025-01-28,LONG,0.6456,28.32,29.03,1,True,2.5071,1.3563,.60-.70,1-1.5x
ILV/USDT,2025-01-31,LONG,0.6116,30.77,28.15,1,True,-8.5148,0.2389,.60-.70,
ILV/USDT,2025-02-03,LONG,0.8724,24.12,22.86,2,True,-5.2239,0.4435,>.80,
ILV/USDT,2025-02-04,LONG,0.6177,23.16,22.86,1,True,-1.2953,0.6567,.60-.70,
ILV/USDT,2025-02-07,LONG,0.6144,20.45,21.73,2,True,6.2592,0.2311,.60-.70,
ILV/USDT,2025-02-08,LONG,0.5594,21.61,21.73,1,True,0.5553,1.0012,.55-.60,1-1.5x
ILV/USDT,2025-02-11,LONG,0.7165,20.2,20.94,2,True,3.6634,0.6242,.70-.80,
ILV/USDT,2025-02-16,LONG,0.6397,20.04,18.62,2,True,-7.0858,0.1352,.60-.70,
ILV/USDT,2025-02-20,LONG,0.5857,19.54,18.24,1,True,-6.653,0.6759,.55-.60,
ILV/USDT,2025-02-24,LONG,0.7527,16.45,17.38,5,False,5.6535,2.4497,.70-.80,2-3x
ILV/USDT,2025-02-25,LONG,0.5963,16.88,17.38,4,True,2.9621,0.5021,.55-.60,
ILV/USDT,2025-02-26,LONG,0.6935,17.04,17.38,3,True,1.9953,0.205,.60-.70,
ILV/USDT,2025-02-28,LONG,0.7423,17.9,17.38,1,True,-2.905,1.018,.70-.80,1-1.5x
ILV/USDT,2025-03-04,LONG,0.7496,16.21,16.47,1,True,1.6039,0.1656,.70-.80,
ILV/USDT,2025-03-07,LONG,0.785,15.99,14.15,5,False,-11.5072,0.0,.70-.80,
ILV/USDT,2025-03-10,LONG,0.5768,13.45,14.15,2,True,5.2045,0.7108,.55-.60,
ILV/USDT,2025-03-11,LONG,0.7436,14.12,14.15,1,True,0.2125,0.732,.70-.80,
ILV/USDT,2025-03-14,LONG,0.7281,13.97,14.86,5,False,6.3708,0.7981,.70-.80,
ILV/USDT,2025-03-15,LONG,0.7143,14.5,14.24,5,False,-1.7931,0.567,.70-.80,
ILV/USDT,2025-03-16,LONG,0.7241,13.79,13.98,5,False,1.3778,0.7895,.70-.80,
ILV/USDT,2025-03-17,LONG,0.6066,14.46,14.63,5,False,1.1757,0.7731,.60-.70,
ILV/USDT,2025-03-18,LONG,0.5892,14.24,14.63,4,True,2.7388,0.2424,.55-.60,
ILV/USDT,2025-03-20,LONG,0.6981,14.24,14.63,2,True,2.7388,0.6616,.60-.70,
ILV/USDT,2025-03-21,LONG,0.6329,13.98,14.63,1,True,4.6495,0.2901,.60-.70,
ILV/USDT,2025-03-24,LONG,0.7881,16.1,15.09,2,True,-6.2733,1.8902,.70-.80,1.5-2x
ILV/USDT,2025-03-27,LONG,0.7699,15.01,13.33,2,True,-11.1925,0.1074,.70-.80,
ILV/USDT,2025-03-30,LONG,0.6474,13.37,13.02,1,True,-2.6178,0.0661,.60-.70,
YGG/USDT,2024-09-04,LONG,0.5886,0.3739,0.3611,1,True,-3.4234,0.635,.55-.60,
YGG/USDT,2024-09-07,LONG,0.6225,0.3526,0.3974,5,False,12.7056,0.2868,.60-.70,
YGG/USDT,2024-09-08,LONG,0.6527,0.3663,0.3986,5,False,8.8179,0.5943,.60-.70,
YGG/USDT,2024-09-10,LONG,0.5846,0.389,0.3707,5,False,-4.7044,0.4651,.55-.60,
YGG/USDT,2024-09-11,LONG,0.602,0.3736,0.3556,5,False,-4.818,0.6005,.60-.70,
YGG/USDT,2024-09-15,LONG,0.7271,0.3707,0.3556,1,True,-4.0734,1.3459,.70-.80,1-1.5x
YGG/USDT,2024-09-17,LONG,0.7026,0.405,0.4417,5,False,9.0617,2.6373,.70-.80,2-3x
YGG/USDT,2024-09-18,LONG,0.8123,0.414,0.4723,5,False,14.0821,0.4206,>.80,
YGG/USDT,2024-09-19,LONG,0.7518,0.46,0.4839,5,False,5.1957,1.9195,.70-.80,1.5-2x
YGG/USDT,2024-09-20,LONG,0.7877,0.4576,0.4641,5,False,1.4205,0.0919,.70-.80,
YGG/USDT,2024-09-21,LONG,0.7745,0.4626,0.48,5,False,3.7613,0.1976,.70-.80,
YGG/USDT,2024-09-22,LONG,0.7758,0.4417,0.5106,5,False,15.5988,0.8232,.70-.80,
YGG/USDT,2024-09-23,LONG,0.7388,0.4723,0.5106,4,True,8.1093,1.3027,.70-.80,1-1.5x
YGG/USDT,2024-09-24,LONG,0.5812,0.4839,0.5106,3,True,5.5177,0.4646,.55-.60,
YGG/USDT,2024-09-26,LONG,0.6868,0.48,0.5106,1,True,6.375,0.6623,.60-.70,
YGG/USDT,2024-10-04,LONG,0.859,0.4462,0.4847,3,True,8.6284,1.3246,>.80,1-1.5x
YGG/USDT,2024-10-05,LONG,0.8027,0.4423,0.4847,2,True,9.5863,0.1436,>.80,
YGG/USDT,2024-10-11,LONG,0.8219,0.4777,0.4818,1,True,0.8583,1.3269,>.80,1-1.5x
YGG/USDT,2024-10-14,LONG,0.6444,0.5168,0.5215,1,True,0.9094,1.6592,.60-.70,1.5-2x
YGG/USDT,2024-10-16,LONG,0.6377,0.4836,0.5097,2,True,5.397,1.3514,.60-.70,1-1.5x
YGG/USDT,2024-10-17,LONG,0.7424,0.481,0.5097,1,True,5.9667,0.1039,.70-.80,
YGG/USDT,2024-10-19,LONG,0.943,0.575,0.5245,5,False,-8.7826,2.1548,>.80,2-3x
YGG/USDT,2024-10-20,LONG,0.5855,0.5558,0.4651,5,False,-16.3188,0.5864,.55-.60,
YGG/USDT,2024-10-21,LONG,0.6636,0.5304,0.4647,5,False,-12.3869,0.8419,.60-.70,
YGG/USDT,2024-10-22,LONG,0.9554,0.5658,0.4647,4,True,-17.8685,1.2222,>.80,1-1.5x
YGG/USDT,2024-10-23,LONG,0.5513,0.5147,0.4647,3,True,-9.7144,1.5315,.55-.60,1.5-2x
YGG/USDT,2024-10-24,LONG,0.829,0.5245,0.4647,2,True,-11.4013,0.3361,>.80,
YGG/USDT,2024-11-03,LONG,0.644,0.4016,0.3984,1,True,-0.7968,1.1054,.60-.70,1-1.5x
YGG/USDT,2024-11-06,LONG,0.6716,0.4846,0.474,1,True,-2.1874,2.1785,.60-.70,2-3x
YGG/USDT,2024-11-08,LONG,0.6412,0.4653,0.5263,2,True,13.1098,0.279,.60-.70,
YGG/USDT,2024-11-09,LONG,0.6827,0.5024,0.5263,1,True,4.7572,1.1664,.60-.70,1-1.5x
YGG/USDT,2024-11-12,LONG,0.6203,0.5325,0.491,3,True,-7.7934,0.7056,.60-.70,
YGG/USDT,2024-11-13,LONG,0.5571,0.5225,0.491,2,True,-6.0287,0.2853,.55-.60,
YGG/USDT,2024-11-14,LONG,0.7998,0.4837,0.491,1,True,1.5092,1.1837,.70-.80,1-1.5x
YGG/USDT,2024-11-20,LONG,0.5572,0.4649,0.6299,5,False,35.4915,1.0689,.55-.60,1-1.5x
YGG/USDT,2024-11-22,LONG,0.9279,0.5249,0.6299,3,True,20.0038,0.3998,>.80,
YGG/USDT,2024-11-23,LONG,0.634,0.5799,0.6299,2,True,8.6222,1.3496,.60-.70,1-1.5x
YGG/USDT,2024-11-24,LONG,0.7429,0.6634,0.6299,1,True,-5.0497,1.7573,.70-.80,1.5-2x
YGG/USDT,2024-11-26,LONG,0.82,0.602,0.6599,2,True,9.6179,0.5644,>.80,
YGG/USDT,2024-11-27,LONG,0.904,0.6666,0.6599,1,True,-1.0051,1.3301,>.80,1-1.5x
YGG/USDT,2024-12-01,LONG,0.7065,0.6897,0.718,1,True,4.1032,0.1243,.70-.80,
YGG/USDT,2024-12-05,LONG,0.8715,0.8075,0.8155,3,True,0.9907,0.0399,>.80,
YGG/USDT,2024-12-06,LONG,0.9077,0.7971,0.8155,2,True,2.3084,0.1835,>.80,
YGG/USDT,2024-12-07,LONG,0.5984,0.7896,0.8155,1,True,3.2801,0.1465,.55-.60,
YGG/USDT,2024-12-09,LONG,0.8071,0.6773,0.6957,4,True,2.7167,2.3475,>.80,2-3x
YGG/USDT,2024-12-10,LONG,0.7084,0.6485,0.6957,3,True,7.2783,0.6088,.70-.80,
YGG/USDT,2024-12-15,LONG,0.6281,0.6782,0.552,3,True,-18.6081,0.66,.60-.70,
YGG/USDT,2024-12-17,LONG,0.5868,0.6095,0.552,1,True,-9.434,1.3302,.55-.60,1-1.5x
YGG/USDT,2024-12-20,LONG,0.7746,0.5111,0.4791,1,True,-6.261,0.4978,.70-.80,
YGG/USDT,2024-12-25,LONG,0.6679,0.536,0.5196,3,True,-3.0597,0.1336,.60-.70,
YGG/USDT,2024-12-26,LONG,0.5593,0.4992,0.5196,2,True,4.0865,1.0847,.55-.60,1-1.5x
YGG/USDT,2024-12-27,LONG,0.7377,0.5072,0.5196,1,True,2.4448,0.2512,.70-.80,
YGG/USDT,2024-12-29,LONG,0.6732,0.4941,0.4903,2,True,-0.7691,0.9175,.60-.70,
YGG/USDT,2024-12-30,LONG,0.6276,0.4936,0.4903,1,True,-0.6686,0.019,.60-.70,
YGG/USDT,2025-01-03,LONG,0.6155,0.5487,0.5497,1,True,0.1822,1.1685,.60-.70,1-1.5x
YGG/USDT,2025-01-06,LONG,0.6291,0.5484,0.4779,1,True,-12.8556,0.2953,.60-.70,
YGG/USDT,2025-01-13,LONG,0.6258,0.4108,0.4776,4,True,16.261,1.3356,.60-.70,1-1.5x
YGG/USDT,2025-01-21,LONG,0.7381,0.3692,0.3437,3,True,-6.9068,0.0282,.70-.80,
YGG/USDT,2025-01-22,LONG,0.73,0.3386,0.3437,2,True,1.5062,1.4127,.70-.80,1-1.5x
YGG/USDT,2025-01-23,LONG,0.8501,0.3553,0.3437,1,True,-3.2648,0.8522,>.80,
YGG/USDT,2025-01-31,LONG,0.6091,0.3334,0.2967,1,True,-11.0078,0.2324,.60-.70,
YGG/USDT,2025-02-03,LONG,0.9291,0.2518,0.2324,1,True,-7.7045,0.1378,>.80,
YGG/USDT,2025-02-06,LONG,0.9917,0.2159,0.2167,1,True,0.3705,0.9846,>.80,
YGG/USDT,2025-02-11,LONG,0.7126,0.2413,0.2584,4,True,7.0866,0.1084,.70-.80,
YGG/USDT,2025-02-13,LONG,0.7128,0.2535,0.2584,2,True,1.9329,0.4514,.70-.80,
YGG/USDT,2025-02-14,LONG,0.6781,0.2665,0.2584,1,True,-3.0394,0.8006,.60-.70,
YGG/USDT,2025-02-17,LONG,0.5603,0.2513,0.2451,1,True,-2.4672,0.2453,.55-.60,
YGG/USDT,2025-02-20,LONG,0.5992,0.2654,0.2542,1,True,-4.22,1.096,.55-.60,1-1.5x
YGG/USDT,2025-02-24,LONG,0.6147,0.215,0.2294,3,True,6.6977,2.8383,.60-.70,2-3x
YGG/USDT,2025-02-25,LONG,0.5776,0.227,0.2294,2,True,1.0573,0.9962,.55-.60,
YGG/USDT,2025-02-26,LONG,0.6719,0.2286,0.2294,1,True,0.35,0.1301,.60-.70,
YGG/USDT,2025-02-28,LONG,0.6917,0.2322,0.2888,2,True,24.3755,0.2367,.60-.70,
YGG/USDT,2025-03-01,LONG,0.6462,0.2248,0.2888,1,True,28.4698,0.6117,.60-.70,
YGG/USDT,2025-03-03,LONG,0.8604,0.2321,0.2208,1,True,-4.8686,2.0802,>.80,2-3x
YGG/USDT,2025-03-05,LONG,0.7935,0.2262,0.2126,1,True,-6.0124,0.2626,.70-.80,
YGG/USDT,2025-03-07,LONG,0.5743,0.2085,0.1808,2,True,-13.2854,0.2073,.55-.60,
YGG/USDT,2025-03-11,LONG,0.7636,0.198,0.1986,3,True,0.303,1.0095,.70-.80,1-1.5x
YGG/USDT,2025-03-17,LONG,0.6768,0.2026,0.2074,2,True,2.3692,0.6179,.60-.70,
YGG/USDT,2025-03-20,LONG,0.5885,0.2014,0.2041,2,True,1.3406,0.3125,.55-.60,
YGG/USDT,2025-03-21,LONG,0.6343,0.1974,0.2041,1,True,3.3941,0.2149,.60-.70,
YGG/USDT,2025-03-23,LONG,0.5553,0.207,0.2144,2,True,3.5749,0.2962,.55-.60,
YGG/USDT,2025-03-24,LONG,0.6664,0.2147,0.2144,1,True,-0.1397,0.7806,.60-.70,
YGG/USDT,2025-03-27,LONG,0.6162,0.2105,0.1861,5,False,-11.5914,0.1053,.60-.70,
YGG/USDT,2025-03-31,LONG,0.5714,0.1854,0.1727,5,False,-6.8501,0.136,.55-.60,
YGG/USDT,2025-04-02,LONG,0.6077,0.1731,0.1727,3,True,-0.2311,1.8893,.60-.70,1.5-2x
NMR/USDT,2024-09-04,LONG,0.6282,13.77,13.34,1,True,-3.1227,0.1677,.60-.70,
NMR/USDT,2024-09-08,LONG,0.5783,13.24,14.93,5,False,12.7644,0.4279,.55-.60,
NMR/USDT,2024-09-15,LONG,0.5658,13.71,13.27,1,True,-3.2093,1.6601,.55-.60,1.5-2x
NMR/USDT,2024-09-17,LONG,0.5614,14.06,14.65,1,True,4.1963,1.3802,.55-.60,1-1.5x
NMR/USDT,2024-09-20,LONG,0.5715,15.15,15.01,2,True,-0.9241,0.1058,.55-.60,
NMR/USDT,2024-09-21,LONG,0.6438,15.34,15.01,1,True,-2.1512,0.3197,.60-.70,
NMR/USDT,2024-09-23,LONG,0.5861,15.87,18.25,5,False,14.9968,1.5203,.55-.60,1.5-2x
NMR/USDT,2024-09-24,LONG,0.5629,16.08,18.25,4,True,13.495,0.3512,.55-.60,
NMR/USDT,2024-09-26,LONG,0.5815,16.32,18.25,2,True,11.826,0.0542,.55-.60,
NMR/USDT,2024-10-02,LONG,0.5743,14.1,14.93,5,False,5.8865,0.3552,.55-.60,
NMR/USDT,2024-10-03,LONG,0.6422,13.7,14.93,4,True,8.9781,0.5974,.60-.70,
NMR/USDT,2024-10-04,LONG,0.7367,14.49,14.93,3,True,3.0366,1.1694,.70-.80,1-1.5x
NMR/USDT,2024-10-10,LONG,0.7443,14.37,15.32,5,False,6.611,0.4381,.70-.80,
NMR/USDT,2024-10-11,LONG,0.5788,14.68,14.99,5,False,2.1117,0.4736,.55-.60,
NMR/USDT,2024-10-13,LONG,0.6579,14.99,14.65,4,True,-2.2682,0.1545,.60-.70,
NMR/USDT,2024-10-21,LONG,0.6144,15.44,14.63,2,True,-5.2461,1.4869,.60-.70,1-1.5x
NMR/USDT,2024-10-24,LONG,0.7297,14.99,13.68,1,True,-8.7392,0.6847,.70-.80,
NMR/USDT,2024-10-26,LONG,0.7408,14.29,14.3,1,True,0.07,1.0961,.70-.80,1-1.5x
NMR/USDT,2024-11-02,LONG,0.56,13.95,15.63,5,False,12.043,0.3083,.55-.60,
NMR/USDT,2024-11-03,LONG,0.6551,13.68,15.64,5,False,14.3275,0.4641,.60-.70,
NMR/USDT,2024-11-04,LONG,0.5749,13.41,16.35,5,False,21.9239,0.4757,.55-.60,
NMR/USDT,2024-11-08,LONG,0.5627,15.64,17.14,3,True,9.5908,0.0129,.55-.60,
NMR/USDT,2024-11-09,LONG,0.5899,16.35,17.14,2,True,4.8318,0.9697,.55-.60,
NMR/USDT,2024-11-12,LONG,0.6673,16.05,15.38,3,True,-4.1745,1.3712,.60-.70,1-1.5x
NMR/USDT,2024-11-13,LONG,0.6425,14.84,15.38,2,True,3.6388,1.5226,.60-.70,1.5-2x
NMR/USDT,2024-11-14,LONG,0.8672,14.63,15.38,1,True,5.1265,0.3132,>.80,
NMR/USDT,2024-11-18,LONG,0.6626,16.71,17.67,5,False,5.7451,1.0589,.60-.70,1-1.5x
NMR/USDT,2024-11-19,LONG,0.9761,16.61,17.67,4,True,6.3817,0.1282,>.80,
NMR/USDT,2024-11-20,LONG,0.5725,15.59,17.67,3,True,13.3419,1.3057,.55-.60,1-1.5x
NMR/USDT,2024-11-21,LONG,0.6999,16.29,17.67,2,True,8.4715,0.9406,.60-.70,
NMR/USDT,2024-11-22,LONG,0.9725,16.46,17.67,1,True,7.3512,0.2199,>.80,
NMR/USDT,2024-11-25,LONG,0.9123,18.37,20.54,3,True,11.8127,0.4136,>.80,
NMR/USDT,2024-11-26,LONG,0.8944,17.82,20.54,2,True,15.2637,0.667,>.80,
NMR/USDT,2024-11-27,LONG,0.7756,18.94,20.54,1,True,8.4477,1.3539,.70-.80,1-1.5x
NMR/USDT,2024-12-01,LONG,0.8217,21.87,24.02,3,True,9.8308,0.2383,>.80,
NMR/USDT,2024-12-05,LONG,0.7979,24.15,25.54,3,True,5.7557,0.1272,.70-.80,
NMR/USDT,2024-12-06,LONG,0.702,25.53,25.54,2,True,0.0392,1.3459,.70-.80,1-1.5x
NMR/USDT,2024-12-07,LONG,0.6936,24.94,25.54,1,True,2.4058,0.544,.60-.70,
NMR/USDT,2024-12-10,LONG,0.8189,20.4,22.44,1,True,10.0,0.5779,>.80,
NMR/USDT,2024-12-12,LONG,0.7438,22.85,22.96,1,True,0.4814,0.2964,.70-.80,
NMR/USDT,2024-12-14,LONG,0.8659,21.88,21.33,2,True,-2.5137,0.7735,>.80,
NMR/USDT,2024-12-15,LONG,0.7141,22.19,21.33,1,True,-3.8756,0.2345,.70-.80,
NMR/USDT,2024-12-17,LONG,0.6844,20.29,17.67,1,True,-12.9128,0.8012,.60-.70,
NMR/USDT,2024-12-23,LONG,0.8362,15.92,16.38,2,True,2.8894,1.1432,>.80,1-1.5x
NMR/USDT,2024-12-24,LONG,0.9117,16.75,16.38,1,True,-2.209,0.7897,>.80,
NMR/USDT,2024-12-26,LONG,0.9103,15.25,16.23,2,True,6.4262,1.0715,>.80,1-1.5x
NMR/USDT,2024-12-27,LONG,0.9416,15.5,16.23,1,True,4.7097,0.2522,>.80,
NMR/USDT,2025-01-01,LONG,0.9578,16.4,17.14,5,False,4.5122,1.6553,>.80,1.5-2x
NMR/USDT,2025-01-02,LONG,0.8846,16.37,15.14,5,False,-7.5137,0.0341,>.80,
NMR/USDT,2025-01-03,LONG,0.8377,17.04,15.14,4,True,-11.1502,0.7508,>.80,
NMR/USDT,2025-01-04,LONG,0.8784,16.98,15.14,3,True,-10.8363,0.0649,>.80,
NMR/USDT,2025-01-05,LONG,0.9154,17.16,15.14,2,True,-11.7716,0.1961,>.80,
NMR/USDT,2025-01-06,LONG,0.8177,17.14,15.14,1,True,-11.6686,0.0219,>.80,
NMR/USDT,2025-01-08,LONG,0.6834,14.88,15.01,2,True,0.8737,0.3446,.60-.70,
NMR/USDT,2025-01-12,LONG,0.7476,14.79,13.64,1,True,-7.7755,0.2595,.70-.80,
NMR/USDT,2025-01-15,LONG,0.5778,14.55,15.3,2,True,5.1546,1.4094,.55-.60,1-1.5x
NMR/USDT,2025-01-16,LONG,0.6329,14.44,15.3,1,True,5.9557,0.1682,.60-.70,
NMR/USDT,2025-01-21,LONG,0.792,13.19,12.99,2,True,-1.5163,0.8292,.70-.80,
NMR/USDT,2025-01-22,LONG,0.7964,13.04,12.99,1,True,-0.3834,0.2299,.70-.80,
NMR/USDT,2025-01-27,LONG,0.6573,12.56,11.81,1,True,-5.9713,0.2077,.60-.70,
NMR/USDT,2025-01-29,LONG,0.6625,12.09,12.68,1,True,4.8801,0.5388,.60-.70,
NMR/USDT,2025-01-31,LONG,0.5651,13.01,12.22,1,True,-6.0723,0.5648,.55-.60,
NMR/USDT,2025-02-03,LONG,0.8423,11.35,10.24,2,True,-9.7797,1.357,>.80,1-1.5x
NMR/USDT,2025-02-06,LONG,0.9806,9.64,10.4,2,True,7.8838,1.0778,>.80,1-1.5x
NMR/USDT,2025-02-11,LONG,0.7314,11.24,11.56,3,True,2.847,0.3821,.70-.80,
NMR/USDT,2025-02-12,LONG,0.5967,11.56,11.56,2,True,0.0,0.5391,.55-.60,
NMR/USDT,2025-02-17,LONG,0.7476,11.49,11.13,5,False,-3.1332,0.2315,.70-.80,
NMR/USDT,2025-02-20,LONG,0.7815,11.45,10.22,4,True,-10.7424,0.5445,.70-.80,
NMR/USDT,2025-02-25,LONG,0.754,10.65,10.28,2,True,-3.4742,0.7823,.70-.80,
NMR/USDT,2025-02-26,LONG,0.8557,10.12,10.28,1,True,1.581,0.934,>.80,
NMR/USDT,2025-02-28,LONG,0.778,10.24,10.12,1,True,-1.1719,0.0752,.70-.80,
NMR/USDT,2025-03-02,LONG,0.6969,11.0,8.73,1,True,-20.6364,1.591,.60-.70,1.5-2x
NMR/USDT,2025-03-07,LONG,0.639,9.08,8.89,1,True,-2.0925,0.0462,.60-.70,
NMR/USDT,2025-03-11,LONG,0.5513,8.09,8.29,2,True,2.4722,0.6379,.55-.60,
NMR/USDT,2025-03-12,LONG,0.5744,8.31,8.29,1,True,-0.2407,0.3727,.55-.60,
NMR/USDT,2025-03-23,LONG,0.6548,9.159,9.21,2,True,0.5568,0.0971,.60-.70,
NMR/USDT,2025-03-24,LONG,0.7964,9.28,9.21,1,True,-0.7543,0.1649,.70-.80,
NMR/USDT,2025-03-27,LONG,0.6552,8.938,8.083,5,False,-9.5659,0.0209,.60-.70,
NMR/USDT,2025-03-28,LONG,0.6233,8.508,7.395,5,False,-13.0818,0.593,.60-.70,
NMR/USDT,2025-03-31,LONG,0.5593,8.066,7.219,5,False,-10.5009,0.2977,.55-.60,
UMA/USDT,2024-09-06,LONG,0.5634,2.1,2.199,5,False,4.7143,0.1348,.55-.60,
UMA/USDT,2024-09-21,LONG,0.57,2.435,2.461,5,False,1.0678,1.9737,.55-.60,1.5-2x
UMA/USDT,2024-09-28,LONG,0.656,2.664,2.886,5,False,8.3333,0.42,.60-.70,
UMA/USDT,2024-09-30,LONG,0.897,2.635,2.886,3,True,9.5256,0.9487,>.80,
UMA/USDT,2024-10-01,LONG,0.9515,2.744,2.886,2,True,5.1749,1.2419,>.80,1-1.5x
UMA/USDT,2024-10-02,LONG,0.6043,2.906,2.886,1,True,-0.6882,1.7165,.60-.70,1.5-2x
UMA/USDT,2024-10-06,LONG,0.7773,2.924,2.675,5,False,-8.5157,0.1041,.70-.80,
UMA/USDT,2024-10-07,LONG,0.9236,2.787,2.795,5,False,0.287,1.3197,>.80,1-1.5x
UMA/USDT,2024-10-10,LONG,0.7563,2.528,2.724,3,True,7.7532,0.0494,.70-.80,
UMA/USDT,2024-10-11,LONG,0.6325,2.675,2.724,2,True,1.8318,1.5025,.60-.70,1.5-2x
UMA/USDT,2024-10-12,LONG,0.6188,2.795,2.724,1,True,-2.5403,1.158,.60-.70,1-1.5x
UMA/USDT,2024-10-17,LONG,0.7836,2.955,2.848,1,True,-3.621,3.0357,.70-.80,3-5x
UMA/USDT,2024-10-20,LONG,0.8667,2.832,2.707,1,True,-4.4138,0.4472,>.80,
UMA/USDT,2024-10-24,LONG,0.5642,2.767,2.576,2,True,-6.9028,0.2469,.55-.60,
UMA/USDT,2024-10-27,LONG,0.6517,2.54,2.497,1,True,-1.6929,0.2933,.60-.70,
UMA/USDT,2024-10-29,LONG,0.5547,2.575,2.518,2,True,-2.2136,0.6798,.55-.60,
UMA/USDT,2024-10-30,LONG,0.5587,2.595,2.518,1,True,-2.9672,0.169,.55-.60,
UMA/USDT,2024-11-03,LONG,0.5507,2.112,2.372,4,True,12.3106,1.455,.55-.60,1-1.5x
UMA/USDT,2024-11-04,LONG,0.673,2.048,2.372,3,True,15.8203,0.6482,.60-.70,
UMA/USDT,2024-11-05,LONG,0.6032,2.129,2.372,2,True,11.4138,0.8247,.60-.70,
UMA/USDT,2024-11-06,LONG,0.5977,2.36,2.372,1,True,0.5085,2.5994,.55-.60,2-3x
UMA/USDT,2024-11-08,LONG,0.5847,2.345,2.794,2,True,19.1471,0.2764,.55-.60,
UMA/USDT,2024-11-09,LONG,0.6179,2.446,2.794,1,True,14.2273,1.0197,.60-.70,1-1.5x
UMA/USDT,2024-11-12,LONG,0.7426,2.602,2.466,3,True,-5.2267,1.5673,.70-.80,1.5-2x
UMA/USDT,2024-11-13,LONG,0.8291,2.43,2.466,2,True,1.4815,1.1383,>.80,1-1.5x
UMA/USDT,2024-11-14,LONG,0.9182,2.365,2.466,1,True,4.2706,0.467,>.80,
UMA/USDT,2024-11-22,LONG,0.6572,2.658,2.874,3,True,8.1264,0.3559,.60-.70,
UMA/USDT,2024-11-23,LONG,0.6122,2.825,2.874,2,True,1.7345,0.9947,.60-.70,
UMA/USDT,2024-11-26,LONG,0.6617,2.962,3.161,1,True,6.7184,0.5059,.60-.70,
UMA/USDT,2024-11-30,LONG,0.8346,3.239,3.55,2,True,9.6017,0.0457,>.80,
UMA/USDT,2024-12-01,LONG,0.5815,3.285,3.55,1,True,8.067,0.2622,.55-.60,
UMA/USDT,2024-12-05,LONG,0.8694,3.876,4.043,3,True,4.3086,0.5028,>.80,
UMA/USDT,2024-12-06,LONG,0.9704,3.893,4.043,2,True,3.8531,0.0905,>.80,
UMA/USDT,2024-12-07,LONG,0.7354,3.827,4.043,1,True,5.6441,0.3847,.70-.80,
UMA/USDT,2024-12-10,LONG,0.7084,3.234,3.721,3,True,15.0588,0.677,.70-.80,
UMA/USDT,2024-12-11,LONG,0.8589,3.581,3.721,2,True,3.9095,1.7771,>.80,1.5-2x
UMA/USDT,2024-12-12,LONG,0.7214,3.814,3.721,1,True,-2.4384,1.0617,.70-.80,1-1.5x
UMA/USDT,2024-12-14,LONG,0.9752,3.531,3.61,1,True,2.2373,0.8234,>.80,
UMA/USDT,2024-12-17,LONG,0.8229,3.284,2.943,1,True,-10.3837,1.0287,>.80,1-1.5x
UMA/USDT,2024-12-20,LONG,0.7036,2.71,2.539,1,True,-6.31,0.0326,.70-.80,
UMA/USDT,2024-12-29,LONG,0.5905,2.707,2.737,4,True,1.1082,0.6748,.55-.60,
UMA/USDT,2024-12-30,LONG,0.5914,2.726,2.737,3,True,0.4035,0.1242,.55-.60,
UMA/USDT,2025-01-04,LONG,0.5955,3.155,2.522,5,False,-20.0634,0.6341,.55-.60,
UMA/USDT,2025-01-06,LONG,0.7301,3.127,2.522,3,True,-19.3476,0.1145,.70-.80,
UMA/USDT,2025-01-13,LONG,0.6217,2.377,2.696,5,False,13.4203,0.6897,.60-.70,
UMA/USDT,2025-01-15,LONG,0.5819,2.602,2.498,5,False,-3.9969,1.0835,.55-.60,1-1.5x
UMA/USDT,2025-01-18,LONG,0.7265,2.696,2.535,3,True,-5.9718,0.8948,.70-.80,
UMA/USDT,2025-01-19,LONG,0.6325,2.555,2.535,2,True,-0.7828,0.9209,.60-.70,
UMA/USDT,2025-01-20,LONG,0.7307,2.498,2.535,1,True,1.4812,0.3936,.70-.80,
UMA/USDT,2025-01-25,LONG,0.6414,2.318,2.229,2,True,-3.8395,0.0263,.60-.70,
UMA/USDT,2025-01-26,LONG,0.6753,2.267,2.229,1,True,-1.6762,0.446,.60-.70,
UMA/USDT,2025-01-29,LONG,0.5577,2.142,2.225,1,True,3.8749,1.1218,.55-.60,1-1.5x
UMA/USDT,2025-01-31,LONG,0.5581,2.251,2.1,1,True,-6.7081,0.245,.55-.60,
UMA/USDT,2025-02-03,LONG,0.8398,1.809,1.635,2,True,-9.6186,0.0394,>.80,
UMA/USDT,2025-02-04,LONG,0.5678,1.624,1.635,1,True,0.6773,1.7945,.55-.60,1.5-2x
UMA/USDT,2025-02-08,LONG,0.5552,1.649,1.671,1,True,1.3341,0.9105,.55-.60,
UMA/USDT,2025-02-11,LONG,0.5702,1.696,1.817,1,True,7.1344,0.2465,.55-.60,
UMA/USDT,2025-02-13,LONG,0.7648,1.748,1.755,1,True,0.4005,0.6891,.70-.80,
UMA/USDT,2025-02-18,LONG,0.6337,1.562,1.539,3,True,-1.4725,1.1427,.60-.70,1-1.5x
UMA/USDT,2025-02-19,LONG,0.6906,1.676,1.539,2,True,-8.1742,1.3391,.60-.70,1-1.5x
UMA/USDT,2025-02-20,LONG,0.5657,1.652,1.539,1,True,-6.8402,0.2642,.55-.60,
UMA/USDT,2025-02-24,LONG,0.6856,1.504,1.512,1,True,0.5319,1.6523,.60-.70,1.5-2x
UMA/USDT,2025-02-28,LONG,0.7024,1.501,1.336,3,True,-10.9927,0.2725,.70-.80,
UMA/USDT,2025-03-01,LONG,0.718,1.48,1.336,2,True,-9.7297,0.2692,.70-.80,
UMA/USDT,2025-03-04,LONG,0.6676,1.333,1.341,2,True,0.6002,0.0365,.60-.70,
UMA/USDT,2025-03-05,LONG,0.6775,1.348,1.341,1,True,-0.5193,0.1829,.60-.70,
UMA/USDT,2025-03-07,LONG,0.7499,1.311,1.257,1,True,-4.119,0.3677,.70-.80,
UMA/USDT,2025-03-11,LONG,0.7172,1.2,1.188,1,True,-1.0,0.3261,.70-.80,
UMA/USDT,2025-03-14,LONG,0.6013,1.172,1.205,1,True,2.8157,0.6295,.60-.70,
UMA/USDT,2025-03-24,LONG,0.8603,1.408,1.418,1,True,0.7102,0.1021,>.80,
UMA/USDT,2025-03-27,LONG,0.646,1.367,1.175,5,False,-14.0454,0.3336,.60-.70,
UMA/USDT,2025-03-28,LONG,0.8873,1.251,1.097,5,False,-12.3102,1.3126,>.80,1-1.5x
UMA/USDT,2025-03-30,LONG,0.6153,1.189,1.097,3,True,-7.7376,0.014,.60-.70,
UMA/USDT,2025-03-31,LONG,0.7345,1.166,1.097,2,True,-5.9177,0.3217,.70-.80,
UMA/USDT,2025-04-04,LONG,0.5711,1.099,0.978,2,True,-11.01,0.1642,.55-.60,
UMA/USDT,2025-04-05,LONG,0.6213,1.082,0.978,1,True,-9.6118,0.2598,.60-.70,
BAND/USDT,2024-09-02,LONG,0.5502,1.063,1.06,2,True,-0.2822,1.3997,.55-.60,1-1.5x
BAND/USDT,2024-09-08,LONG,0.5694,1.017,1.117,4,True,9.8328,0.7334,.55-.60,
BAND/USDT,2024-09-10,LONG,0.5578,1.097,1.117,2,True,1.8232,0.5586,.55-.60,
BAND/USDT,2024-09-18,LONG,0.646,1.167,1.272,5,False,8.9974,1.1776,.60-.70,1-1.5x
BAND/USDT,2024-09-19,LONG,0.603,1.2,1.274,5,False,6.1667,0.7682,.60-.70,
BAND/USDT,2024-09-20,LONG,0.5674,1.238,1.274,4,True,2.9079,0.8673,.55-.60,
BAND/USDT,2024-09-21,LONG,0.6495,1.27,1.274,3,True,0.315,0.7516,.60-.70,
BAND/USDT,2024-09-22,LONG,0.5818,1.232,1.274,2,True,3.4091,0.8741,.55-.60,
BAND/USDT,2024-09-30,LONG,0.7062,1.224,1.077,3,True,-12.0098,2.1685,.70-.80,2-3x
BAND/USDT,2024-10-01,LONG,0.7495,1.105,1.077,2,True,-2.5339,2.2786,.70-.80,2-3x
BAND/USDT,2024-10-02,LONG,0.6189,1.101,1.077,1,True,-2.1798,0.0873,.60-.70,
BAND/USDT,2024-10-04,LONG,0.8357,1.142,1.17,2,True,2.4518,1.3759,>.80,1-1.5x
BAND/USDT,2024-10-05,LONG,0.6689,1.143,1.17,1,True,2.3622,0.0205,.60-.70,
BAND/USDT,2024-10-10,LONG,0.7383,1.09,1.128,3,True,3.4862,0.0245,.70-.80,
BAND/USDT,2024-10-11,LONG,0.6418,1.126,1.128,2,True,0.1776,0.8727,.60-.70,
BAND/USDT,2024-10-12,LONG,0.5956,1.154,1.128,1,True,-2.253,0.6552,.55-.60,
BAND/USDT,2024-10-14,LONG,0.5559,1.181,1.165,5,False,-1.3548,1.2033,.55-.60,1-1.5x
BAND/USDT,2024-10-16,LONG,0.5558,1.13,1.165,3,True,3.0973,0.7367,.55-.60,
BAND/USDT,2024-10-17,LONG,0.653,1.109,1.165,2,True,5.0496,0.4931,.60-.70,
BAND/USDT,2024-10-21,LONG,0.7634,1.19,1.191,1,True,0.084,1.1121,.70-.80,1-1.5x
BAND/USDT,2024-10-23,LONG,0.9276,1.154,1.162,1,True,0.6932,0.9991,>.80,
BAND/USDT,2024-10-25,LONG,0.8613,1.049,1.089,2,True,3.8132,2.721,>.80,2-3x
BAND/USDT,2024-10-26,LONG,0.8397,1.044,1.089,1,True,4.3103,0.1356,>.80,
BAND/USDT,2024-10-29,LONG,0.6549,1.174,1.129,2,True,-3.833,2.0114,.60-.70,2-3x
BAND/USDT,2024-10-30,LONG,0.896,1.248,1.129,1,True,-9.5353,1.5056,>.80,1.5-2x
BAND/USDT,2024-11-03,LONG,0.8965,0.997,1.16,3,True,16.349,0.7094,>.80,
BAND/USDT,2024-11-04,LONG,0.8975,0.973,1.16,2,True,19.2189,0.5023,>.80,
BAND/USDT,2024-11-05,LONG,0.9116,1.02,1.16,1,True,13.7255,0.981,>.80,
BAND/USDT,2024-11-08,LONG,0.56,1.169,1.322,3,True,13.0881,0.0445,.55-.60,
BAND/USDT,2024-11-09,LONG,0.8761,1.224,1.322,2,True,8.0065,0.8215,>.80,
BAND/USDT,2024-11-12,LONG,0.7253,1.295,1.248,3,True,-3.6293,0.3545,.70-.80,
BAND/USDT,2024-11-13,LONG,0.8089,1.225,1.248,2,True,1.8776,0.9127,>.80,
BAND/USDT,2024-11-14,LONG,0.9604,1.196,1.248,1,True,4.3478,0.4328,>.80,
BAND/USDT,2024-11-20,LONG,0.6738,1.233,1.547,4,True,25.4663,1.146,.60-.70,1-1.5x
BAND/USDT,2024-11-22,LONG,0.957,1.382,1.547,2,True,11.9392,0.55,>.80,
BAND/USDT,2024-11-23,LONG,0.6616,1.433,1.547,1,True,7.9553,0.6774,.60-.70,
BAND/USDT,2024-11-25,LONG,0.9746,1.508,1.689,3,True,12.0027,0.4516,>.80,
BAND/USDT,2024-11-26,LONG,0.6695,1.576,1.689,2,True,7.1701,0.9175,.60-.70,
BAND/USDT,2024-11-27,LONG,0.8322,1.66,1.689,1,True,1.747,1.0717,>.80,1-1.5x
BAND/USDT,2024-12-01,LONG,0.8086,1.882,1.929,1,True,2.4973,0.0533,>.80,
BAND/USDT,2024-12-06,LONG,0.8232,2.209,2.196,1,True,-0.5885,0.1975,>.80,
BAND/USDT,2024-12-08,LONG,0.8301,2.289,1.998,5,False,-12.713,0.996,>.80,
BAND/USDT,2024-12-12,LONG,0.8535,2.068,1.998,1,True,-3.3849,1.8386,>.80,1.5-2x
BAND/USDT,2024-12-17,LONG,0.7421,1.771,1.591,1,True,-10.1637,0.7659,.70-.80,
BAND/USDT,2024-12-19,LONG,0.5803,1.424,1.483,1,True,4.1433,1.2639,.55-.60,1-1.5x
BAND/USDT,2024-12-21,LONG,0.8174,1.389,1.507,2,True,8.4953,0.7616,>.80,
BAND/USDT,2024-12-22,LONG,0.68,1.391,1.507,1,True,8.3393,0.0174,.60-.70,
BAND/USDT,2024-12-24,LONG,0.6109,1.56,1.543,1,True,-1.0897,0.4314,.60-.70,
BAND/USDT,2024-12-28,LONG,0.5614,1.509,1.447,1,True,-4.1087,0.62,.55-.60,
BAND/USDT,2024-12-31,LONG,0.6475,1.411,1.443,1,True,2.2679,0.4939,.60-.70,
BAND/USDT,2025-01-02,LONG,0.5797,1.508,1.59,1,True,5.4377,0.828,.55-.60,
BAND/USDT,2025-01-04,LONG,0.6533,1.58,1.436,3,True,-9.1139,0.1165,.60-.70,
BAND/USDT,2025-01-06,LONG,0.6597,1.603,1.436,1,True,-10.418,0.1551,.60-.70,
BAND/USDT,2025-01-10,LONG,0.7117,1.369,1.322,4,True,-3.4332,0.5534,.70-.80,
BAND/USDT,2025-01-11,LONG,0.5686,1.361,1.322,3,True,-2.8655,0.1269,.55-.60,
BAND/USDT,2025-01-13,LONG,0.6384,1.279,1.322,1,True,3.362,0.9793,.60-.70,
BAND/USDT,2025-01-15,LONG,0.5975,1.401,1.505,2,True,7.4233,1.4522,.55-.60,1-1.5x
BAND/USDT,2025-01-18,LONG,0.7572,1.402,1.22,2,True,-12.9815,1.5055,.70-.80,1.5-2x
BAND/USDT,2025-01-19,LONG,0.6854,1.298,1.22,1,True,-6.0092,1.5361,.60-.70,1.5-2x
BAND/USDT,2025-01-24,LONG,0.7112,1.171,1.206,1,True,2.9889,0.7401,.70-.80,
BAND/USDT,2025-01-27,LONG,0.6458,1.2,1.107,1,True,-7.75,1.1171,.60-.70,1-1.5x
BAND/USDT,2025-01-31,LONG,0.6055,1.182,1.068,1,True,-9.6447,0.1412,.60-.70,
BAND/USDT,2025-02-03,LONG,0.8654,1.017,0.93,1,True,-8.5546,0.1542,>.80,
BAND/USDT,2025-02-06,LONG,0.9727,0.855,0.913,2,True,6.7836,1.368,>.80,1-1.5x
BAND/USDT,2025-02-11,LONG,0.634,0.966,1.001,3,True,3.6232,0.3382,.60-.70,
BAND/USDT,2025-02-12,LONG,0.5724,1.002,1.001,2,True,-0.0998,0.7787,.55-.60,
BAND/USDT,2025-02-13,LONG,0.6127,0.989,1.001,1,True,1.2133,0.2731,.60-.70,
BAND/USDT,2025-02-19,LONG,0.5597,0.976,1.084,2,True,11.0656,0.5736,.55-.60,
BAND/USDT,2025-02-20,LONG,0.7931,1.0565,1.084,1,True,2.6029,1.8279,.70-.80,1.5-2x
BAND/USDT,2025-02-23,LONG,0.8632,1.0919,0.929,2,True,-14.9189,0.6641,>.80,
BAND/USDT,2025-02-24,LONG,0.5535,0.8997,0.929,1,True,3.2566,3.337,.55-.60,3-5x
BAND/USDT,2025-02-28,LONG,0.8107,0.9622,0.8671,4,True,-9.8836,0.2747,>.80,
BAND/USDT,2025-03-01,LONG,0.6211,0.9879,0.8671,3,True,-12.228,0.52,.60-.70,
BAND/USDT,2025-03-03,LONG,0.6913,0.9122,0.8671,1,True,-4.9441,2.1606,.60-.70,2-3x
BAND/USDT,2025-03-11,LONG,0.7261,0.737,0.758,1,True,2.8494,0.0928,.70-.80,
BAND/USDT,2025-03-14,LONG,0.743,0.7722,0.7945,1,True,2.8879,0.5033,.70-.80,
BAND/USDT,2025-03-17,LONG,0.6116,0.797,0.8149,2,True,2.2459,1.2665,.60-.70,1-1.5x
BAND/USDT,2025-03-18,LONG,0.7593,0.787,0.8149,1,True,3.5451,0.2301,.70-.80,
BAND/USDT,2025-03-20,LONG,0.6028,0.7749,0.8016,2,True,3.4456,0.874,.60-.70,
BAND/USDT,2025-03-21,LONG,0.8764,0.7666,0.8016,1,True,4.5656,0.1929,>.80,
BAND/USDT,2025-03-23,LONG,0.6816,0.8064,0.846,1,True,4.9107,0.1284,.60-.70,
BAND/USDT,2025-03-26,LONG,0.6237,0.8434,0.7255,4,True,-13.9791,0.4693,.60-.70,
BAND/USDT,2025-03-27,LONG,0.8656,0.8287,0.7255,3,True,-12.4532,0.3841,>.80,
BAND/USDT,2025-03-28,LONG,0.732,0.7661,0.7255,2,True,-5.2996,1.5744,.70-.80,1.5-2x
KNC/USDT,2024-08-31,LONG,0.584,0.4306,0.4379,2,True,1.6953,0.6383,.55-.60,
KNC/USDT,2024-09-01,LONG,0.6747,0.418,0.4379,1,True,4.7608,0.9383,.60-.70,
KNC/USDT,2024-09-04,LONG,0.693,0.4399,0.4231,1,True,-3.819,1.2414,.60-.70,1-1.5x
KNC/USDT,2024-09-06,LONG,0.6575,0.4094,0.4083,1,True,-0.2687,0.9368,.60-.70,
KNC/USDT,2024-09-08,LONG,0.6215,0.4137,0.44,5,False,6.3573,0.3902,.60-.70,
KNC/USDT,2024-09-10,LONG,0.6525,0.4395,0.4437,4,True,0.9556,0.0649,.60-.70,
KNC/USDT,2024-09-12,LONG,0.6507,0.4344,0.4437,2,True,2.1409,0.4037,.60-.70,
KNC/USDT,2024-09-16,LONG,0.6054,0.4245,0.4496,2,True,5.9128,0.5576,.60-.70,
KNC/USDT,2024-09-20,LONG,0.7601,0.4873,0.4921,2,True,0.985,1.102,.70-.80,1-1.5x
KNC/USDT,2024-09-21,LONG,0.7965,0.5075,0.4921,1,True,-3.0345,0.9483,.70-.80,
KNC/USDT,2024-09-23,LONG,0.8274,0.5044,0.5096,1,True,1.0309,0.5845,>.80,
KNC/USDT,2024-09-26,LONG,0.799,0.4979,0.5036,1,True,1.1448,0.1441,.70-.80,
KNC/USDT,2024-10-02,LONG,0.5864,0.427,0.4257,1,True,-0.3044,0.4147,.55-.60,
KNC/USDT,2024-10-05,LONG,0.6522,0.4492,0.4513,2,True,0.4675,0.2152,.60-.70,
KNC/USDT,2024-10-10,LONG,0.7081,0.4385,0.4577,3,True,4.3786,0.0992,.70-.80,
KNC/USDT,2024-10-11,LONG,0.5638,0.4551,0.4577,2,True,0.5713,1.1825,.55-.60,1-1.5x
KNC/USDT,2024-10-12,LONG,0.5765,0.4622,0.4577,1,True,-0.9736,0.4915,.55-.60,
KNC/USDT,2024-10-17,LONG,0.6755,0.4481,0.4644,2,True,3.6376,0.5597,.60-.70,
KNC/USDT,2024-10-18,LONG,0.6322,0.4575,0.4644,1,True,1.5082,0.657,.60-.70,
KNC/USDT,2024-10-24,LONG,0.6646,0.4475,0.4314,3,True,-3.5978,0.9752,.60-.70,
KNC/USDT,2024-10-25,LONG,0.5591,0.4145,0.4314,2,True,4.0772,2.6164,.55-.60,2-3x
KNC/USDT,2024-10-26,LONG,0.5741,0.4206,0.4314,1,True,2.5678,0.5291,.55-.60,
KNC/USDT,2024-11-01,LONG,0.6462,0.4161,0.4097,2,True,-1.5381,0.1731,.60-.70,
KNC/USDT,2024-11-07,LONG,0.5861,0.4577,0.4658,1,True,1.7697,0.699,.55-.60,
KNC/USDT,2024-11-09,LONG,0.6878,0.4756,0.5135,1,True,7.9689,0.5832,.60-.70,
KNC/USDT,2024-11-11,LONG,0.6097,0.5331,0.5051,4,True,-5.2523,0.9778,.60-.70,
KNC/USDT,2024-11-13,LONG,0.886,0.5095,0.5051,2,True,-0.8636,0.1131,>.80,
KNC/USDT,2024-11-18,LONG,0.5725,0.5623,0.5508,1,True,-2.0452,2.1645,.55-.60,2-3x
KNC/USDT,2024-11-20,LONG,0.658,0.5205,0.6271,4,True,20.4803,1.1734,.60-.70,1-1.5x
KNC/USDT,2024-11-22,LONG,0.9042,0.5713,0.6271,2,True,9.7672,0.7422,>.80,
KNC/USDT,2024-11-23,LONG,0.7142,0.5943,0.6271,1,True,5.5191,0.8456,.70-.80,
KNC/USDT,2024-11-25,LONG,0.8528,0.6362,0.6631,3,True,4.2282,0.3132,>.80,
KNC/USDT,2024-11-26,LONG,0.9371,0.6521,0.6631,2,True,1.6869,0.5579,>.80,
KNC/USDT,2024-11-27,LONG,0.6484,0.6738,0.6631,1,True,-1.588,0.7414,.60-.70,
KNC/USDT,2024-12-01,LONG,0.5874,0.7176,0.8434,2,True,17.5307,0.3001,.55-.60,
KNC/USDT,2024-12-04,LONG,0.6518,0.8576,0.8128,1,True,-5.2239,0.3383,.60-.70,
KNC/USDT,2024-12-06,LONG,0.9786,0.8165,0.82,1,True,0.4287,0.0873,>.80,
KNC/USDT,2024-12-12,LONG,0.8565,0.7121,0.7038,1,True,-1.1656,0.4849,>.80,
KNC/USDT,2024-12-17,LONG,0.6255,0.6116,0.5469,1,True,-10.5788,0.9167,.60-.70,
KNC/USDT,2024-12-26,LONG,0.7258,0.5235,0.5296,5,False,1.1652,1.2304,.70-.80,1-1.5x
KNC/USDT,2024-12-27,LONG,0.7122,0.5358,0.5296,4,True,-1.1571,0.3312,.70-.80,
KNC/USDT,2024-12-28,LONG,0.6535,0.5762,0.5296,3,True,-8.0875,1.0303,.60-.70,1-1.5x
KNC/USDT,2024-12-29,LONG,0.6607,0.5433,0.5296,2,True,-2.5216,0.9519,.60-.70,
KNC/USDT,2025-01-01,LONG,0.5794,0.551,0.5625,1,True,2.0871,0.7167,.55-.60,
KNC/USDT,2025-01-03,LONG,0.6669,0.5896,0.6068,1,True,2.9172,0.8409,.60-.70,
KNC/USDT,2025-01-07,LONG,0.6176,0.5723,0.6253,2,True,9.2609,1.9054,.60-.70,1.5-2x
KNC/USDT,2025-01-11,LONG,0.7297,0.6143,0.6269,3,True,2.0511,0.1655,.70-.80,
KNC/USDT,2025-01-12,LONG,0.9261,0.634,0.6269,2,True,-1.1199,0.675,>.80,
KNC/USDT,2025-01-13,LONG,0.6847,0.5637,0.6269,1,True,11.2116,2.0585,.60-.70,2-3x
KNC/USDT,2025-01-17,LONG,0.9089,0.6205,0.5914,1,True,-4.6898,0.6493,>.80,
KNC/USDT,2025-01-20,LONG,0.6731,0.541,0.5161,4,True,-4.6026,0.1045,.60-.70,
KNC/USDT,2025-01-21,LONG,0.6395,0.5526,0.5161,3,True,-6.6051,0.3799,.60-.70,
KNC/USDT,2025-01-22,LONG,0.6706,0.5377,0.5161,2,True,-4.0171,0.4764,.60-.70,
KNC/USDT,2025-01-23,LONG,0.6195,0.5329,0.5161,1,True,-3.1526,0.161,.60-.70,
KNC/USDT,2025-01-27,LONG,0.6881,0.5177,0.5061,3,True,-2.2407,0.3745,.60-.70,
KNC/USDT,2025-01-28,LONG,0.6457,0.4819,0.5061,2,True,5.0218,1.3351,.60-.70,1-1.5x
KNC/USDT,2025-01-29,LONG,0.6353,0.4902,0.5061,1,True,3.2436,0.353,.60-.70,
KNC/USDT,2025-02-03,LONG,0.8603,0.4431,0.4212,1,True,-4.9425,0.6159,>.80,
KNC/USDT,2025-02-10,LONG,0.5553,0.4207,0.4401,2,True,4.6114,0.1246,.55-.60,
KNC/USDT,2025-02-11,LONG,0.5943,0.4199,0.4401,1,True,4.8107,0.0497,.55-.60,
KNC/USDT,2025-02-13,LONG,0.5905,0.4288,0.4261,2,True,-0.6297,0.6358,.55-.60,
KNC/USDT,2025-02-14,LONG,0.5753,0.4367,0.4261,1,True,-2.4273,0.4615,.55-.60,
KNC/USDT,2025-02-16,LONG,0.5552,0.4348,0.4272,1,True,-1.7479,0.5034,.55-.60,
KNC/USDT,2025-02-20,LONG,0.6707,0.4352,0.4339,3,True,-0.2987,0.8329,.60-.70,
KNC/USDT,2025-03-21,LONG,0.6404,0.3675,0.393,4,True,6.9388,0.1672,.60-.70,
KNC/USDT,2025-03-22,LONG,0.5535,0.3678,0.393,3,True,6.8515,0.0176,.55-.60,
KNC/USDT,2025-03-30,LONG,0.5625,0.3382,0.3388,1,True,0.1774,0.1728,.55-.60,
KNC/USDT,2025-04-02,LONG,0.5839,0.3194,0.3152,3,True,-1.315,1.8219,.55-.60,1.5-2x
KNC/USDT,2025-04-04,LONG,0.5517,0.315,0.3152,1,True,0.0635,0.4447,.55-.60,
STORJ/USDT,2024-08-28,LONG,0.5921,0.3638,0.3673,2,True,0.9621,0.3854,.55-.60,
STORJ/USDT,2024-08-29,LONG,0.5562,0.3665,0.3673,1,True,0.2183,0.1771,.55-.60,
STORJ/USDT,2024-09-12,LONG,0.5598,0.3642,0.3725,5,False,2.279,0.7935,.55-.60,
STORJ/USDT,2024-09-16,LONG,0.646,0.3674,0.4049,3,True,10.2069,0.7604,.60-.70,
STORJ/USDT,2024-09-22,LONG,0.7095,0.409,0.4352,3,True,6.4059,1.4293,.70-.80,1-1.5x
STORJ/USDT,2024-09-23,LONG,0.5587,0.4129,0.4352,2,True,5.4008,0.3035,.55-.60,
STORJ/USDT,2024-10-04,LONG,0.6882,0.3851,0.3842,3,True,-0.2337,1.1703,.60-.70,1-1.5x
STORJ/USDT,2024-10-08,LONG,0.5955,0.4006,0.3933,1,True,-1.8223,1.0891,.55-.60,1-1.5x
STORJ/USDT,2024-10-13,LONG,0.81,0.4656,0.6065,2,True,30.262,1.2136,>.80,1-1.5x
STORJ/USDT,2024-10-14,LONG,0.6737,0.4752,0.6065,1,True,27.6305,0.5589,.60-.70,
STORJ/USDT,2024-10-16,LONG,0.8733,0.5988,0.6189,1,True,3.3567,0.1784,>.80,
STORJ/USDT,2024-10-18,LONG,0.9966,0.6311,0.5129,3,True,-18.7292,0.2806,>.80,
STORJ/USDT,2024-10-19,LONG,0.9957,0.5921,0.5129,2,True,-13.3761,0.8512,>.80,
STORJ/USDT,2024-10-20,LONG,0.975,0.5453,0.5129,1,True,-5.9417,1.0721,>.80,1-1.5x
STORJ/USDT,2024-10-23,LONG,0.955,0.4863,0.4368,2,True,-10.1789,1.0412,>.80,1-1.5x
STORJ/USDT,2024-10-24,LONG,0.7131,0.4915,0.4368,1,True,-11.1292,0.1425,.70-.80,
STORJ/USDT,2024-10-28,LONG,0.5828,0.4701,0.4404,3,True,-6.3178,0.5552,.55-.60,
STORJ/USDT,2024-11-05,LONG,0.557,0.4286,0.484,4,True,12.9258,1.1627,.55-.60,1-1.5x
STORJ/USDT,2024-11-14,LONG,0.59,0.445,0.5122,2,True,15.1011,1.7123,.55-.60,1.5-2x
STORJ/USDT,2024-11-17,LONG,0.572,0.4784,0.5129,2,True,7.2115,1.383,.55-.60,1-1.5x
STORJ/USDT,2024-11-22,LONG,0.5912,0.5289,0.6276,5,False,18.6614,0.9763,.55-.60,
STORJ/USDT,2024-11-25,LONG,0.6225,0.5637,0.6103,3,True,8.2668,0.6378,.60-.70,
STORJ/USDT,2024-11-29,LONG,0.5865,0.6332,0.6709,3,True,5.9539,0.7318,.55-.60,
STORJ/USDT,2024-12-05,LONG,0.5899,0.6854,0.724,1,True,5.6317,0.8344,.55-.60,
STORJ/USDT,2024-12-08,LONG,0.5805,0.7145,0.5945,5,False,-16.795,0.4198,.55-.60,
STORJ/USDT,2024-12-10,LONG,0.5589,0.5511,0.5851,5,False,6.1695,0.6643,.55-.60,
STORJ/USDT,2024-12-12,LONG,0.5574,0.5987,0.5336,5,False,-10.8736,0.2348,.55-.60,
STORJ/USDT,2024-12-20,LONG,0.553,0.4681,0.4438,1,True,-5.1912,0.7154,.55-.60,
STORJ/USDT,2024-12-22,LONG,0.5585,0.4593,0.491,1,True,6.9018,0.5434,.55-.60,
STORJ/USDT,2024-12-25,LONG,0.5963,0.499,0.5572,3,True,11.6633,0.4577,.55-.60,
STORJ/USDT,2024-12-27,LONG,0.6955,0.4637,0.5572,1,True,20.1639,0.0858,.60-.70,
STORJ/USDT,2024-12-31,LONG,0.9917,0.4771,0.4946,1,True,3.668,0.1862,>.80,
STORJ/USDT,2025-01-04,LONG,0.6914,0.5174,0.5477,5,False,5.8562,0.0762,.60-.70,
STORJ/USDT,2025-01-06,LONG,0.6283,0.5728,0.5502,4,True,-3.9455,0.8365,.60-.70,
STORJ/USDT,2025-01-09,LONG,0.7471,0.5477,0.5502,1,True,0.4565,0.7433,.70-.80,
STORJ/USDT,2025-01-11,LONG,0.6259,0.5524,0.5126,5,False,-7.2049,0.0587,.60-.70,
STORJ/USDT,2025-01-12,LONG,0.8046,0.5284,0.5342,5,False,1.0977,0.6417,>.80,
STORJ/USDT,2025-01-13,LONG,0.6974,0.5042,0.5342,4,True,5.95,0.6748,.60-.70,
STORJ/USDT,2025-01-14,LONG,0.6471,0.5184,0.5342,3,True,3.0478,0.416,.60-.70,
STORJ/USDT,2025-01-15,LONG,0.7753,0.5354,0.5342,2,True,-0.2241,0.5024,.70-.80,
STORJ/USDT,2025-01-21,LONG,0.6251,0.467,0.4386,3,True,-6.0814,0.4375,.60-.70,
STORJ/USDT,2025-01-22,LONG,0.5579,0.4583,0.4386,2,True,-4.2985,0.3929,.55-.60,
STORJ/USDT,2025-01-23,LONG,0.5841,0.4507,0.4386,1,True,-2.6847,0.3559,.55-.60,
STORJ/USDT,2025-01-27,LONG,0.5655,0.4304,0.3946,5,False,-8.3178,0.558,.55-.60,
STORJ/USDT,2025-02-03,LONG,0.6406,0.3546,0.3363,1,True,-5.1607,0.7965,.60-.70,
STORJ/USDT,2025-02-11,LONG,0.5552,0.3329,0.3474,2,True,4.3557,0.8812,.55-.60,
STORJ/USDT,2025-02-14,LONG,0.5581,0.3495,0.3746,5,False,7.1817,0.1219,.55-.60,
STORJ/USDT,2025-02-16,LONG,0.5888,0.3606,0.3746,3,True,3.8824,1.1935,.55-.60,1-1.5x
STORJ/USDT,2025-02-17,LONG,0.8287,0.38,0.3746,2,True,-1.4211,1.025,>.80,1-1.5x
STORJ/USDT,2025-02-18,LONG,0.6017,0.3772,0.3746,1,True,-0.6893,0.1408,.60-.70,
STORJ/USDT,2025-02-22,LONG,0.6049,0.3748,0.3421,5,False,-8.7247,0.565,.60-.70,
STORJ/USDT,2025-02-23,LONG,0.7742,0.3885,0.3309,5,False,-14.8263,0.9136,.70-.80,
STORJ/USDT,2025-03-06,LONG,0.5652,0.3036,0.3033,1,True,-0.0988,0.3808,.55-.60,
STORJ/USDT,2025-03-11,LONG,0.5942,0.2753,0.2809,1,True,2.0341,1.002,.55-.60,1-1.5x
STORJ/USDT,2025-03-14,LONG,0.6084,0.2917,0.2942,3,True,0.857,0.6686,.60-.70,
STORJ/USDT,2025-03-15,LONG,0.6632,0.2929,0.2942,2,True,0.4438,0.072,.60-.70,
STORJ/USDT,2025-03-20,LONG,0.5907,0.2943,0.2956,2,True,0.4417,0.7687,.55-.60,
STORJ/USDT,2025-03-23,LONG,0.6294,0.2916,0.3119,2,True,6.9616,0.3498,.60-.70,
STORJ/USDT,2025-03-24,LONG,0.5663,0.3039,0.3119,1,True,2.6324,1.0586,.55-.60,1-1.5x
STORJ/USDT,2025-03-27,LONG,0.5806,0.3081,0.2809,1,True,-8.8283,0.223,.55-.60,
STORJ/USDT,2025-03-30,LONG,0.5518,0.2665,0.2655,1,True,-0.3752,0.0,.55-.60,
STORJ/USDT,2025-04-02,LONG,0.5925,0.2478,0.2497,3,True,0.7667,1.9086,.55-.60,1.5-2x
STORJ/USDT,2025-04-03,LONG,0.5774,0.2457,0.2497,2,True,1.628,0.2214,.55-.60,
AGLD/USDT,2024-08-29,LONG,0.6603,0.699,0.719,1,True,2.8612,1.0683,.60-.70,1-1.5x
AGLD/USDT,2024-08-31,LONG,0.8895,0.7,0.715,4,True,2.1429,0.6033,>.80,
AGLD/USDT,2024-09-02,LONG,0.7219,0.717,0.715,2,True,-0.2789,1.1729,.70-.80,1-1.5x
AGLD/USDT,2024-09-03,LONG,0.7158,0.69,0.715,1,True,3.6232,0.8497,.70-.80,
AGLD/USDT,2024-09-07,LONG,0.7136,0.7014,0.8104,5,False,15.5403,0.8514,.70-.80,
AGLD/USDT,2024-09-08,LONG,0.6209,0.7181,0.8528,5,False,18.7578,0.5321,.60-.70,
AGLD/USDT,2024-09-10,LONG,0.565,0.7753,0.83,5,False,7.0553,0.6059,.55-.60,
AGLD/USDT,2024-09-11,LONG,0.5598,0.773,0.8019,5,False,3.7387,0.0651,.55-.60,
AGLD/USDT,2024-09-14,LONG,0.6959,0.8745,0.8019,2,True,-8.3019,0.5707,.60-.70,
AGLD/USDT,2024-09-15,LONG,0.6878,0.83,0.8019,1,True,-3.3855,1.1802,.60-.70,1-1.5x
AGLD/USDT,2024-09-17,LONG,0.8281,0.8973,0.9252,1,True,3.1093,2.6603,>.80,2-3x
AGLD/USDT,2024-09-20,LONG,0.834,0.9188,0.9277,2,True,0.9687,0.548,>.80,
AGLD/USDT,2024-09-21,LONG,0.894,0.9308,0.9277,1,True,-0.333,0.3127,>.80,
AGLD/USDT,2024-09-25,LONG,0.7258,0.9639,0.9928,4,True,2.9982,0.0109,.70-.80,
AGLD/USDT,2024-09-27,LONG,0.6951,0.9662,0.9928,2,True,2.7531,0.5035,.60-.70,
AGLD/USDT,2024-09-28,LONG,0.5645,0.9723,0.9928,1,True,2.1084,0.1699,.55-.60,
AGLD/USDT,2024-09-30,LONG,0.5904,0.9121,0.8658,1,True,-5.0762,1.9387,.55-.60,1.5-2x
AGLD/USDT,2024-10-03,LONG,0.8254,0.8688,0.949,3,True,9.2311,0.5314,>.80,
AGLD/USDT,2024-10-04,LONG,0.9189,0.894,0.949,2,True,6.1521,0.6912,>.80,
AGLD/USDT,2024-10-05,LONG,0.8169,0.9208,0.949,1,True,3.0626,0.7406,>.80,
AGLD/USDT,2024-10-09,LONG,0.5529,0.9426,0.9771,1,True,3.6601,0.4452,.55-.60,
AGLD/USDT,2024-10-13,LONG,0.8544,1.0229,1.1793,2,True,15.2899,0.2304,>.80,
AGLD/USDT,2024-10-14,LONG,0.7244,1.0634,1.1793,1,True,10.899,1.2465,.70-.80,1-1.5x
AGLD/USDT,2024-10-16,LONG,0.5996,1.1131,1.1942,2,True,7.286,1.34,.55-.60,1-1.5x
AGLD/USDT,2024-10-17,LONG,0.6373,1.1136,1.1942,1,True,7.2378,0.0108,.60-.70,
AGLD/USDT,2024-10-19,LONG,0.828,1.1928,1.0557,3,True,-11.494,0.0267,>.80,
AGLD/USDT,2024-10-20,LONG,0.7545,1.2756,1.0557,2,True,-17.2389,1.727,.70-.80,1.5-2x
AGLD/USDT,2024-10-24,LONG,0.8159,1.1019,1.0493,1,True,-4.7736,0.2092,>.80,
AGLD/USDT,2024-10-26,LONG,0.7964,0.988,1.0227,1,True,3.5121,1.0608,.70-.80,1-1.5x
AGLD/USDT,2024-10-29,LONG,0.7516,1.0584,0.9995,2,True,-5.565,0.9381,.70-.80,
AGLD/USDT,2024-10-30,LONG,0.6187,1.0692,0.9995,1,True,-6.5189,0.1815,.60-.70,
AGLD/USDT,2024-11-01,LONG,0.5885,1.0762,1.2417,3,True,15.3782,1.2837,.55-.60,1-1.5x
AGLD/USDT,2024-11-02,LONG,0.7684,1.1354,1.2417,2,True,9.3623,0.9043,.70-.80,
AGLD/USDT,2024-11-05,LONG,0.9451,1.2503,1.3462,1,True,7.6702,0.1254,>.80,
AGLD/USDT,2024-11-07,LONG,0.9625,1.3412,1.3155,1,True,-1.9162,0.0669,>.80,
AGLD/USDT,2024-11-09,LONG,0.6258,1.3967,1.6242,1,True,16.2884,1.1144,.60-.70,1-1.5x
AGLD/USDT,2024-11-11,LONG,0.5598,1.6058,1.4436,3,True,-10.1009,0.2062,.55-.60,
AGLD/USDT,2024-11-12,LONG,0.9875,1.3114,1.4436,2,True,10.0808,2.5816,>.80,2-3x
AGLD/USDT,2024-11-13,LONG,0.9987,1.9962,1.4436,1,True,-27.6826,3.8875,>.80,3-5x
AGLD/USDT,2024-11-15,LONG,0.9932,1.4911,1.4892,2,True,-0.1274,0.2202,>.80,
AGLD/USDT,2024-11-16,LONG,0.9984,1.458,1.4892,1,True,2.1399,0.1481,>.80,
AGLD/USDT,2024-11-18,LONG,0.901,1.5218,1.3629,4,True,-10.4416,0.1465,>.80,
AGLD/USDT,2024-11-19,LONG,0.9223,1.4376,1.3629,3,True,-5.1962,0.3675,>.80,
AGLD/USDT,2024-11-20,LONG,0.9026,1.341,1.3629,2,True,1.6331,0.4462,>.80,
AGLD/USDT,2024-11-25,LONG,0.6221,1.3122,1.5409,5,False,17.4287,0.2315,.60-.70,
AGLD/USDT,2024-11-27,LONG,0.5514,1.3799,1.4857,5,False,7.6672,0.2461,.55-.60,
AGLD/USDT,2024-11-28,LONG,0.588,1.4289,1.4464,5,False,1.2247,0.2375,.55-.60,
AGLD/USDT,2024-11-29,LONG,0.5632,1.577,1.4616,5,False,-7.3177,0.6885,.55-.60,
AGLD/USDT,2024-12-01,LONG,0.5737,1.5417,1.5985,5,False,3.6842,0.0035,.55-.60,
AGLD/USDT,2024-12-02,LONG,0.6979,1.4857,1.6686,5,False,12.3107,0.2593,.60-.70,
AGLD/USDT,2024-12-05,LONG,0.6452,1.575,1.2282,5,False,-22.019,1.8553,.60-.70,1.5-2x
AGLD/USDT,2024-12-08,LONG,0.5721,1.6449,1.2282,2,True,-25.3328,0.336,.55-.60,
AGLD/USDT,2024-12-22,LONG,0.6801,1.6279,1.746,2,True,7.2547,1.4323,.60-.70,1-1.5x
AGLD/USDT,2024-12-23,LONG,0.5728,1.5931,1.746,1,True,9.5976,0.1258,.55-.60,
AGLD/USDT,2024-12-25,LONG,0.9448,2.3038,2.0736,2,True,-9.9922,1.7431,>.80,1.5-2x
AGLD/USDT,2024-12-26,LONG,0.603,2.2942,2.0736,1,True,-9.6156,0.0227,.60-.70,
AGLD/USDT,2024-12-28,LONG,0.9234,1.8636,2.514,1,True,34.9002,0.5399,>.80,
AGLD/USDT,2025-01-01,LONG,0.7276,2.5802,2.8671,2,True,11.1193,0.3155,.70-.80,
AGLD/USDT,2025-01-02,LONG,0.581,2.6062,2.8671,1,True,10.0107,0.0515,.55-.60,
AGLD/USDT,2025-01-04,LONG,0.5947,2.7433,2.4323,3,True,-11.3367,0.2197,.55-.60,
AGLD/USDT,2025-01-05,LONG,0.6532,2.7606,2.4323,2,True,-11.8923,0.032,.60-.70,
AGLD/USDT,2025-01-06,LONG,0.7202,2.6577,2.4323,1,True,-8.481,0.1919,.70-.80,
AGLD/USDT,2025-01-11,LONG,0.5701,2.2791,1.9598,3,True,-14.0099,1.363,.55-.60,1-1.5x
AGLD/USDT,2025-01-13,LONG,0.5799,1.9022,1.9598,1,True,3.0281,0.5482,.55-.60,
AGLD/USDT,2025-01-15,LONG,0.6121,2.0083,1.9609,1,True,-2.3602,0.2131,.60-.70,
AGLD/USDT,2025-01-17,LONG,0.5683,2.0175,1.5666,5,False,-22.3494,0.2588,.55-.60,
AGLD/USDT,2025-01-18,LONG,0.7084,1.833,1.5806,5,False,-13.7698,1.1439,.70-.80,1-1.5x
AGLD/USDT,2025-01-19,LONG,0.5825,1.593,1.5298,5,False,-3.9674,1.6312,.55-.60,1.5-2x
AGLD/USDT,2025-01-21,LONG,0.6508,1.6133,1.5298,3,True,-5.1757,0.3222,.60-.70,
AGLD/USDT,2025-02-03,LONG,0.5835,1.2049,1.05,3,True,-12.8558,0.6341,.55-.60,
AGLD/USDT,2025-02-08,LONG,0.6383,1.2902,1.1737,1,True,-9.0296,2.4532,.60-.70,2-3x
AGLD/USDT,2025-02-11,LONG,0.6647,1.1847,1.1348,4,True,-4.212,0.006,.60-.70,
AGLD/USDT,2025-02-14,LONG,0.5991,1.1851,1.1348,1,True,-4.2444,0.2035,.55-.60,
AGLD/USDT,2025-02-20,LONG,0.5733,1.4321,1.4219,4,True,-0.7122,1.1222,.55-.60,1-1.5x
AGLD/USDT,2025-02-21,LONG,0.6716,1.3855,1.4219,3,True,2.6272,0.4613,.60-.70,
AGLD/USDT,2025-03-04,LONG,0.5981,1.2618,1.2753,1,True,1.0699,0.7575,.55-.60,
AGLD/USDT,2025-03-07,LONG,0.6696,1.222,1.0348,2,True,-15.3191,0.2331,.60-.70,
AGLD/USDT,2025-03-08,LONG,0.5506,1.172,1.0348,1,True,-11.7065,0.6695,.55-.60,
AGLD/USDT,2025-03-11,LONG,0.6144,1.0269,0.9492,2,True,-7.5665,0.5241,.60-.70,
AGLD/USDT,2025-03-14,LONG,0.6955,0.969,0.976,5,False,0.7224,0.394,.60-.70,
AGLD/USDT,2025-03-16,LONG,0.6634,0.9288,0.976,3,True,5.0818,1.3491,.60-.70,1-1.5x
AGLD/USDT,2025-03-17,LONG,0.6691,0.9753,0.976,2,True,0.0718,0.9587,.60-.70,
AGLD/USDT,2025-03-18,LONG,0.616,0.9831,0.976,1,True,-0.7222,0.1523,.60-.70,
AGLD/USDT,2025-03-20,LONG,0.6213,0.9541,1.009,1,True,5.7541,0.434,.60-.70,
AGLD/USDT,2025-03-24,LONG,0.6823,1.0083,0.9543,4,True,-5.3555,0.5595,.60-.70,
AGLD/USDT,2025-03-25,LONG,0.9559,1.0483,0.9543,3,True,-8.9669,0.8932,>.80,
AGLD/USDT,2025-03-27,LONG,0.5534,1.048,0.9543,1,True,-8.9408,0.0216,.55-.60,
AGLD/USDT,2025-03-31,LONG,0.6685,0.8474,0.861,1,True,1.6049,0.4751,.60-.70,
AGLD/USDT,2025-04-02,LONG,0.5657,0.7943,0.8225,2,True,3.5503,1.7838,.55-.60,1.5-2x
AGLD/USDT,2025-04-05,LONG,0.627,0.8042,0.6783,1,True,-15.6553,0.5555,.60-.70,
CELO/USDT,2024-08-28,LONG,0.5957,0.4598,0.4526,3,True,-1.5659,0.2836,.55-.60,
CELO/USDT,2024-08-29,LONG,0.6981,0.4601,0.4526,2,True,-1.6301,0.0179,.60-.70,
CELO/USDT,2024-08-30,LONG,0.627,0.4693,0.4526,1,True,-3.5585,0.5453,.60-.70,
CELO/USDT,2024-09-04,LONG,0.6009,0.4303,0.4158,1,True,-3.3697,0.5772,.60-.70,
CELO/USDT,2024-09-07,LONG,0.6326,0.4083,0.415,1,True,1.641,0.4326,.60-.70,
CELO/USDT,2024-09-11,LONG,0.7292,0.4365,0.4452,3,True,1.9931,0.4475,.70-.80,
CELO/USDT,2024-09-12,LONG,0.9683,0.44,0.4452,2,True,1.1818,0.2125,>.80,
CELO/USDT,2024-09-19,LONG,0.6197,0.5127,0.5161,1,True,0.6632,2.4763,.60-.70,2-3x
CELO/USDT,2024-09-22,LONG,0.8392,0.5137,0.649,5,False,26.3383,0.454,>.80,
CELO/USDT,2024-09-23,LONG,0.8843,0.5396,0.649,4,True,20.2743,1.5143,>.80,1.5-2x
CELO/USDT,2024-09-24,LONG,0.5886,0.5466,0.649,3,True,18.734,0.3905,.55-.60,
CELO/USDT,2024-09-25,LONG,0.9609,0.6582,0.649,2,True,-1.3978,3.8758,>.80,3-5x
CELO/USDT,2024-09-26,LONG,0.926,0.6354,0.649,1,True,2.1404,0.6577,>.80,
CELO/USDT,2024-09-28,LONG,0.9758,0.6615,0.6643,1,True,0.4233,0.366,>.80,
CELO/USDT,2024-09-30,LONG,0.767,0.6441,0.6817,1,True,5.8376,0.5799,.70-.80,
CELO/USDT,2024-10-02,LONG,0.8544,0.6715,0.6363,1,True,-5.242,0.2827,>.80,
CELO/USDT,2024-10-07,LONG,0.8234,0.7357,0.6987,1,True,-5.0292,0.0789,>.80,
CELO/USDT,2024-10-09,LONG,0.6905,0.7036,0.8174,3,True,16.174,0.1211,.60-.70,
CELO/USDT,2024-10-10,LONG,0.9352,0.796,0.8174,2,True,2.6884,2.0792,>.80,2-3x
CELO/USDT,2024-10-11,LONG,0.8936,0.8142,0.8174,1,True,0.393,0.3623,>.80,
CELO/USDT,2024-10-17,LONG,0.6397,0.7739,0.8527,1,True,10.1822,0.3862,.60-.70,
CELO/USDT,2024-10-19,LONG,0.718,0.8617,0.7933,2,True,-7.9378,0.1958,.70-.80,
CELO/USDT,2024-10-24,LONG,0.6708,0.6946,0.6448,1,True,-7.1696,0.572,.60-.70,
CELO/USDT,2024-10-26,LONG,0.5915,0.6498,0.6388,2,True,-1.6928,0.1391,.55-.60,
CELO/USDT,2024-10-29,LONG,0.5663,0.6683,0.6169,2,True,-7.6912,0.8237,.55-.60,
CELO/USDT,2024-10-30,LONG,0.6154,0.6516,0.6169,1,True,-5.3254,0.5345,.60-.70,
CELO/USDT,2024-11-02,LONG,0.5724,0.583,0.5391,2,True,-7.53,0.5968,.55-.60,
CELO/USDT,2024-11-03,LONG,0.608,0.5562,0.5391,1,True,-3.0744,1.0109,.60-.70,1-1.5x
CELO/USDT,2024-11-05,LONG,0.5939,0.5772,0.6841,5,False,18.5204,1.485,.55-.60,1-1.5x
CELO/USDT,2024-11-06,LONG,0.6058,0.6338,0.7208,5,False,13.7267,1.8229,.60-.70,1.5-2x
CELO/USDT,2024-11-07,LONG,0.5772,0.6484,0.7208,4,True,11.1659,0.4815,.55-.60,
CELO/USDT,2024-11-08,LONG,0.6601,0.6421,0.7208,3,True,12.2567,0.2044,.60-.70,
CELO/USDT,2024-11-09,LONG,0.6976,0.6676,0.7208,2,True,7.9688,0.8166,.60-.70,
CELO/USDT,2024-11-10,LONG,0.5927,0.6841,0.7208,1,True,5.3647,0.5096,.55-.60,
CELO/USDT,2024-11-13,LONG,0.5621,0.6542,0.6236,2,True,-4.6775,1.3084,.55-.60,1-1.5x
CELO/USDT,2024-11-14,LONG,0.8623,0.6058,0.6236,1,True,2.9383,1.5842,>.80,1.5-2x
CELO/USDT,2024-11-22,LONG,0.7341,0.7436,0.8713,5,False,17.1732,0.8045,.70-.80,
CELO/USDT,2024-11-23,LONG,0.5996,0.7996,0.826,5,False,3.3017,1.2316,.55-.60,1-1.5x
CELO/USDT,2024-11-24,LONG,0.5866,0.8319,0.826,4,True,-0.7092,0.6722,.55-.60,
CELO/USDT,2024-11-25,LONG,0.857,0.8101,0.826,3,True,1.9627,0.4367,>.80,
CELO/USDT,2024-11-26,LONG,0.6523,0.8397,0.826,2,True,-1.6315,0.6383,.60-.70,
CELO/USDT,2024-12-04,LONG,0.6207,1.0826,1.071,2,True,-1.0715,0.3323,.60-.70,
CELO/USDT,2024-12-05,LONG,0.7928,1.0267,1.071,1,True,4.3148,0.9173,.70-.80,
CELO/USDT,2024-12-13,LONG,0.9365,0.8601,0.8163,1,True,-5.0924,0.3149,>.80,
CELO/USDT,2024-12-15,LONG,0.7332,0.8428,0.7031,3,True,-16.5757,0.5366,.70-.80,
CELO/USDT,2024-12-16,LONG,0.7206,0.8107,0.7031,2,True,-13.2725,0.6277,.70-.80,
CELO/USDT,2024-12-17,LONG,0.6762,0.7801,0.7031,1,True,-9.8705,0.6233,.60-.70,
CELO/USDT,2024-12-19,LONG,0.5894,0.6438,0.6524,2,True,1.3358,1.308,.55-.60,1-1.5x
CELO/USDT,2024-12-20,LONG,0.9154,0.6828,0.6524,1,True,-4.4523,0.9474,>.80,
CELO/USDT,2024-12-22,LONG,0.7375,0.6536,0.6911,1,True,5.7375,0.0292,.70-.80,
CELO/USDT,2024-12-25,LONG,0.6373,0.7085,0.6702,2,True,-5.4058,0.1004,.60-.70,
CELO/USDT,2024-12-28,LONG,0.584,0.6887,0.6438,3,True,-6.5195,0.4499,.55-.60,
CELO/USDT,2024-12-29,LONG,0.7282,0.6589,0.6438,2,True,-2.2917,0.9173,.70-.80,
CELO/USDT,2024-12-30,LONG,0.5615,0.6605,0.6438,1,True,-2.5284,0.0514,.55-.60,
CELO/USDT,2025-01-01,LONG,0.5515,0.666,0.7139,3,True,7.1922,0.7437,.55-.60,
CELO/USDT,2025-01-03,LONG,0.6889,0.7143,0.7139,1,True,-0.056,1.1479,.60-.70,1-1.5x
CELO/USDT,2025-01-06,LONG,0.6425,0.7414,0.6346,3,True,-14.4052,0.4619,.60-.70,
CELO/USDT,2025-01-11,LONG,0.5577,0.6384,0.6213,1,True,-2.6786,0.29,.55-.60,
CELO/USDT,2025-01-13,LONG,0.7126,0.5962,0.6464,5,False,8.42,1.0369,.70-.80,1-1.5x
CELO/USDT,2025-01-14,LONG,0.6086,0.618,0.5855,5,False,-5.2589,0.9089,.60-.70,
CELO/USDT,2025-01-15,LONG,0.5733,0.6547,0.5855,4,True,-10.5697,1.505,.55-.60,1.5-2x
CELO/USDT,2025-01-16,LONG,0.5878,0.6467,0.5855,3,True,-9.4634,0.3113,.55-.60,
CELO/USDT,2025-01-17,LONG,0.5801,0.6843,0.5855,2,True,-14.4381,1.4187,.55-.60,1-1.5x
CELO/USDT,2025-01-18,LONG,0.7633,0.6464,0.5855,1,True,-9.4214,1.3267,.70-.80,1-1.5x
CELO/USDT,2025-01-21,LONG,0.7649,0.5989,0.5696,1,True,-4.8923,0.2874,.70-.80,
CELO/USDT,2025-01-24,LONG,0.7036,0.5599,0.5558,2,True,-0.7323,0.3919,.70-.80,
CELO/USDT,2025-01-31,LONG,0.593,0.5466,0.5122,1,True,-6.2935,0.0409,.55-.60,
CELO/USDT,2025-02-03,LONG,0.8373,0.4531,0.42,2,True,-7.3052,0.2157,>.80,
CELO/USDT,2025-02-06,LONG,0.9681,0.3993,0.4106,1,True,2.83,1.2405,>.80,1-1.5x
CELO/USDT,2025-02-11,LONG,0.6712,0.4355,0.4473,4,True,2.7095,0.0473,.60-.70,
CELO/USDT,2025-02-12,LONG,0.5635,0.4587,0.4473,3,True,-2.4853,1.2853,.55-.60,1-1.5x
CELO/USDT,2025-02-13,LONG,0.6295,0.4504,0.4473,2,True,-0.6883,0.4365,.60-.70,
CELO/USDT,2025-02-14,LONG,0.6233,0.4567,0.4473,1,True,-2.0582,0.3398,.60-.70,
CELO/USDT,2025-02-22,LONG,0.565,0.4424,0.4263,1,True,-3.6392,1.0981,.55-.60,1-1.5x
CELO/USDT,2025-02-24,LONG,0.5569,0.3772,0.3895,2,True,3.2609,3.0216,.55-.60,3-5x
CELO/USDT,2025-02-25,LONG,0.6207,0.3907,0.3895,1,True,-0.3071,0.9135,.60-.70,
CELO/USDT,2025-02-28,LONG,0.7511,0.3927,0.3709,3,True,-5.5513,0.078,.70-.80,
CELO/USDT,2025-03-01,LONG,0.682,0.3888,0.3709,2,True,-4.6039,0.2754,.60-.70,
CELO/USDT,2025-03-04,LONG,0.748,0.3713,0.3751,2,True,1.0234,0.0223,.70-.80,
CELO/USDT,2025-03-05,LONG,0.6262,0.383,0.3751,1,True,-2.0627,0.6403,.60-.70,
CELO/USDT,2025-03-07,LONG,0.8035,0.3768,0.3346,2,True,-11.1996,0.0924,>.80,
CELO/USDT,2025-03-08,LONG,0.6585,0.3745,0.3346,1,True,-10.6542,0.1246,.60-.70,
CELO/USDT,2025-03-11,LONG,0.7764,0.3265,0.3339,1,True,2.2665,0.4788,.70-.80,
CELO/USDT,2025-03-14,LONG,0.778,0.3352,0.3348,2,True,-0.1193,0.588,.70-.80,
CELO/USDT,2025-03-15,LONG,0.6789,0.3481,0.3348,1,True,-3.8207,0.6961,.60-.70,
CELO/USDT,2025-03-17,LONG,0.7104,0.3565,0.3716,5,False,4.2356,1.2579,.70-.80,1-1.5x
CELO/USDT,2025-03-19,LONG,0.704,0.367,0.3716,3,True,1.2534,0.7132,.70-.80,
CELO/USDT,2025-03-20,LONG,0.6566,0.3641,0.3716,2,True,2.0599,0.151,.60-.70,
CELO/USDT,2025-03-21,LONG,0.5636,0.3632,0.3716,1,True,2.3128,0.0473,.55-.60,
CELO/USDT,2025-03-23,LONG,0.5663,0.371,0.4022,2,True,8.4097,0.0425,.55-.60,
CELO/USDT,2025-03-24,LONG,0.6004,0.3885,0.4022,1,True,3.5264,1.1985,.60-.70,1-1.5x
CELO/USDT,2025-03-27,LONG,0.6864,0.3871,0.3582,1,True,-7.4658,0.3457,.60-.70,
CELO/USDT,2025-03-31,LONG,0.6886,0.3295,0.3348,1,True,1.6085,0.9881,.60-.70,
CELO/USDT,2025-04-02,LONG,0.5599,0.3062,0.3069,2,True,0.2286,2.0612,.55-.60,2-3x
AR/USDT,2024-08-29,LONG,0.576,22.163,21.982,1,True,-0.8167,0.3947,.55-.60,
AR/USDT,2024-09-01,LONG,0.5554,20.772,21.697,1,True,4.4531,0.9839,.55-.60,
AR/USDT,2024-09-04,LONG,0.5557,21.264,20.796,5,False,-2.2009,0.8197,.55-.60,
AR/USDT,2024-09-06,LONG,0.5578,20.015,20.007,5,False,-0.04,1.1228,.55-.60,1-1.5x
AR/USDT,2024-09-07,LONG,0.6737,19.499,20.007,4,True,2.6053,0.6053,.60-.70,
AR/USDT,2024-09-08,LONG,0.5956,20.17,20.007,3,True,-0.8081,0.7949,.55-.60,
AR/USDT,2024-09-09,LONG,0.5983,20.796,20.007,2,True,-3.794,0.8292,.55-.60,
AR/USDT,2024-09-12,LONG,0.6592,20.045,20.418,1,True,1.8608,0.0599,.60-.70,
AR/USDT,2024-09-14,LONG,0.7747,20.037,18.573,3,True,-7.3065,0.5772,.70-.80,
AR/USDT,2024-09-16,LONG,0.7646,18.967,18.573,1,True,-2.0773,0.1898,.70-.80,
AR/USDT,2024-09-21,LONG,0.865,20.591,22.814,3,True,10.796,0.7564,>.80,
AR/USDT,2024-09-22,LONG,0.6558,19.547,22.814,2,True,16.7136,1.5906,.60-.70,1.5-2x
AR/USDT,2024-09-23,LONG,0.9001,22.95,22.814,1,True,-0.5926,3.5202,>.80,3-5x
AR/USDT,2024-09-25,LONG,0.8213,22.312,23.394,2,True,4.8494,0.446,>.80,
AR/USDT,2024-09-26,LONG,0.9523,23.177,23.394,1,True,0.9363,0.802,>.80,
AR/USDT,2024-10-01,LONG,0.8108,19.374,17.949,2,True,-7.3552,2.4929,>.80,2-3x
AR/USDT,2024-10-02,LONG,0.7475,18.414,17.949,1,True,-2.5253,0.7989,.70-.80,
AR/USDT,2024-10-05,LONG,0.8486,18.533,19.642,1,True,5.9839,0.1299,>.80,
AR/USDT,2024-10-08,LONG,0.558,19.178,18.089,1,True,-5.6784,0.2861,.55-.60,
AR/USDT,2024-10-10,LONG,0.9145,18.106,18.742,1,True,3.5126,0.0146,>.80,
AR/USDT,2024-10-13,LONG,0.7782,19.313,19.905,2,True,3.0653,0.0709,.70-.80,
AR/USDT,2024-10-14,LONG,0.7827,20.613,19.905,1,True,-3.4347,1.2881,.70-.80,1-1.5x
AR/USDT,2024-10-16,LONG,0.63,18.86,19.095,2,True,1.246,0.9985,.60-.70,
AR/USDT,2024-10-17,LONG,0.804,18.522,19.095,1,True,3.0936,0.3418,>.80,
AR/USDT,2024-10-20,LONG,0.8131,19.549,18.489,1,True,-5.4223,0.7317,>.80,
AR/USDT,2024-10-26,LONG,0.6364,16.225,16.201,1,True,-0.1479,0.3117,.60-.70,
AR/USDT,2024-11-06,LONG,0.7592,15.907,18.22,2,True,14.5408,2.6722,.70-.80,2-3x
AR/USDT,2024-11-07,LONG,0.818,18.028,18.22,1,True,1.065,1.9763,>.80,1.5-2x
AR/USDT,2024-11-09,LONG,0.961,18.66,20.38,2,True,9.2176,0.3597,>.80,
AR/USDT,2024-11-10,LONG,0.9308,18.707,20.38,1,True,8.9432,0.0382,>.80,
AR/USDT,2024-11-14,LONG,0.962,16.297,17.643,1,True,8.2592,0.8072,>.80,
AR/USDT,2024-11-22,LONG,0.8988,19.4,22.047,2,True,13.6443,0.9282,>.80,
AR/USDT,2024-11-23,LONG,0.6768,21.705,22.047,1,True,1.5757,1.4869,.60-.70,1-1.5x
AR/USDT,2024-11-25,LONG,0.9327,20.271,21.519,3,True,6.1566,1.0013,>.80,1-1.5x
AR/USDT,2024-11-26,LONG,0.6679,19.946,21.519,2,True,7.8863,0.2169,.60-.70,
AR/USDT,2024-12-01,LONG,0.8401,25.143,26.954,3,True,7.2028,0.2599,>.80,
AR/USDT,2024-12-02,LONG,0.6932,25.758,26.954,2,True,4.6432,0.3436,.60-.70,
AR/USDT,2024-12-03,LONG,0.7411,27.96,26.954,1,True,-3.598,1.2314,.70-.80,1-1.5x
AR/USDT,2024-12-07,LONG,0.6229,26.961,22.304,2,True,-17.2731,0.7556,.60-.70,
AR/USDT,2024-12-10,LONG,0.8124,21.677,23.138,3,True,6.7399,0.3912,>.80,
AR/USDT,2024-12-11,LONG,0.612,23.355,23.138,2,True,-0.9291,1.0653,.60-.70,1-1.5x
AR/USDT,2024-12-12,LONG,0.7202,22.918,23.138,1,True,0.9599,0.2608,.70-.80,
AR/USDT,2024-12-15,LONG,0.7615,22.43,21.488,1,True,-4.1997,0.5168,.70-.80,
AR/USDT,2024-12-17,LONG,0.6052,20.44,18.093,1,True,-11.4824,0.7339,.60-.70,
AR/USDT,2024-12-19,LONG,0.6804,17.095,15.771,2,True,-7.745,0.7733,.60-.70,
AR/USDT,2024-12-20,LONG,0.8497,17.141,15.771,1,True,-7.9925,0.0447,>.80,
AR/USDT,2024-12-22,LONG,0.5706,16.1,17.02,1,True,5.7143,0.3386,.55-.60,
AR/USDT,2024-12-24,LONG,0.6559,17.889,17.15,1,True,-4.131,0.8311,.60-.70,
AR/USDT,2024-12-28,LONG,0.6022,17.529,16.045,3,True,-8.466,0.7694,.60-.70,
AR/USDT,2024-12-29,LONG,0.617,16.2,16.045,2,True,-0.9568,1.4164,.60-.70,1-1.5x
AR/USDT,2024-12-30,LONG,0.6236,16.964,16.045,1,True,-5.4174,0.8553,.60-.70,
AR/USDT,2025-01-01,LONG,0.6293,17.384,17.686,1,True,1.7372,1.4771,.60-.70,1-1.5x
AR/USDT,2025-01-03,LONG,0.7678,19.163,19.619,2,True,2.3796,1.412,.70-.80,1-1.5x
AR/USDT,2025-01-04,LONG,0.7131,19.472,19.619,1,True,0.7549,0.2749,.70-.80,
AR/USDT,2025-01-06,LONG,0.7717,18.948,14.983,3,True,-20.9257,0.5942,.70-.80,
AR/USDT,2025-01-07,LONG,0.5693,16.765,14.983,2,True,-10.6293,2.0002,.55-.60,2-3x
AR/USDT,2025-01-08,LONG,0.5632,15.942,14.983,1,True,-6.0156,0.8564,.55-.60,
AR/USDT,2025-01-12,LONG,0.5872,15.562,18.151,5,False,16.6367,0.3691,.55-.60,
AR/USDT,2025-01-13,LONG,0.6815,15.195,16.49,5,False,8.5225,0.4239,.60-.70,
AR/USDT,2025-01-14,LONG,0.555,15.764,15.466,5,False,-1.8904,0.6707,.55-.60,
AR/USDT,2025-01-17,LONG,0.558,18.151,15.466,2,True,-14.7926,1.0753,.55-.60,1-1.5x
AR/USDT,2025-01-18,LONG,0.7424,16.49,15.466,1,True,-6.2098,1.5641,.70-.80,1.5-2x
AR/USDT,2025-01-24,LONG,0.7671,14.324,13.396,3,True,-6.4786,0.8589,.70-.80,
AR/USDT,2025-01-26,LONG,0.7029,14.094,13.396,1,True,-4.9525,0.5042,.70-.80,
AR/USDT,2025-01-28,LONG,0.6413,12.668,12.896,1,True,1.7998,1.1398,.60-.70,1-1.5x
AR/USDT,2025-02-03,LONG,0.8678,11.716,10.184,2,True,-13.0761,0.7689,>.80,
AR/USDT,2025-02-08,LONG,0.7138,9.884,8.937,1,True,-9.5811,1.2299,.70-.80,1-1.5x
AR/USDT,2025-02-11,LONG,0.7501,9.353,9.619,1,True,2.844,0.571,.70-.80,
AR/USDT,2025-02-13,LONG,0.7131,9.056,9.439,1,True,4.2292,0.6759,.70-.80,
AR/USDT,2025-02-15,LONG,0.9042,9.212,9.265,1,True,0.5753,0.275,>.80,
AR/USDT,2025-02-17,LONG,0.6192,9.207,8.769,1,True,-4.7572,0.0721,.60-.70,
AR/USDT,2025-02-21,LONG,0.8077,9.403,9.616,1,True,2.2652,0.6191,>.80,
AR/USDT,2025-02-24,LONG,0.5837,7.877,8.321,4,True,5.6367,2.4801,.55-.60,2-3x
AR/USDT,2025-02-25,LONG,0.7123,8.077,8.321,3,True,3.0209,0.4199,.70-.80,
AR/USDT,2025-02-26,LONG,0.7304,8.316,8.321,2,True,0.0601,0.4951,.70-.80,
AR/USDT,2025-02-27,LONG,0.8051,8.517,8.321,1,True,-2.3013,0.4129,>.80,
AR/USDT,2025-03-01,LONG,0.7109,8.235,7.411,2,True,-10.0061,0.2105,.70-.80,
AR/USDT,2025-03-02,LONG,0.6462,8.965,7.411,1,True,-17.3341,1.6667,.60-.70,1.5-2x
AR/USDT,2025-03-04,LONG,0.6273,7.401,7.632,1,True,3.1212,0.021,.60-.70,
AR/USDT,2025-03-07,LONG,0.8073,7.111,7.134,1,True,0.3234,0.3368,>.80,
AR/USDT,2025-03-11,LONG,0.6911,6.019,5.984,2,True,-0.5815,0.9565,.60-.70,
AR/USDT,2025-03-12,LONG,0.7607,6.117,5.984,1,True,-2.1743,0.2352,.70-.80,
AR/USDT,2025-03-14,LONG,0.7211,6.451,6.9,3,True,6.9602,1.0845,.70-.80,1-1.5x
AR/USDT,2025-03-15,LONG,0.6616,6.628,6.9,2,True,4.1038,0.3787,.60-.70,
AR/USDT,2025-03-16,LONG,0.705,6.64,6.9,1,True,3.9157,0.0278,.70-.80,
AR/USDT,2025-03-20,LONG,0.593,6.812,7.207,2,True,5.7986,0.8799,.55-.60,
AR/USDT,2025-03-21,LONG,0.6769,6.713,7.207,1,True,7.3589,0.2163,.60-.70,
AR/USDT,2025-03-27,LONG,0.6214,7.404,7.032,1,True,-5.0243,0.1142,.60-.70,
AR/USDT,2025-03-30,LONG,0.6075,6.443,6.335,1,True,-1.6762,0.6502,.60-.70,
AR/USDT,2025-04-05,LONG,0.8563,5.668,5.18,1,True,-8.6097,0.1488,>.80,
ZEN/USDT,2026-02-01,LONG,0.5876,7.018,6.85,1,True,-2.3938,0.4776,.55-.60,
ZEN/USDT,2026-02-09,LONG,0.7145,5.99,5.782,2,True,-3.4725,0.0269,.70-.80,
ZEN/USDT,2026-02-12,LONG,0.5976,5.93,6.172,5,False,4.0809,0.4685,.55-.60,
ZEN/USDT,2026-02-20,LONG,0.557,5.796,5.651,5,False,-2.5017,0.0033,.55-.60,
ZEN/USDT,2026-02-23,LONG,0.559,5.395,5.599,3,True,3.7813,1.0762,.55-.60,1-1.5x
ZEN/USDT,2026-02-27,LONG,0.5852,5.42,5.499,3,True,1.4576,0.967,.55-.60,
ZEN/USDT,2026-03-01,LONG,0.5545,5.256,5.499,1,True,4.6233,0.6166,.55-.60,
ZEN/USDT,2026-03-04,LONG,0.5785,5.802,5.375,3,True,-7.3595,1.3215,.55-.60,1-1.5x
ZEN/USDT,2026-03-05,LONG,0.5544,5.715,5.375,2,True,-5.9493,0.4656,.55-.60,
ZEN/USDT,2026-03-17,LONG,0.5519,6.604,5.707,3,True,-13.5827,0.7047,.55-.60,
ZEN/USDT,2026-03-18,LONG,0.7751,6.041,5.707,2,True,-5.5289,1.8365,.70-.80,1.5-2x
ZEN/USDT,2026-03-19,LONG,0.8223,5.736,5.707,1,True,-0.5056,1.0659,>.80,1-1.5x
ZEN/USDT,2026-03-22,LONG,0.8162,5.429,5.603,1,True,3.205,0.101,>.80,
ZEN/USDT,2026-03-24,LONG,0.6552,5.712,5.663,1,True,-0.8578,0.4171,.60-.70,
ZEN/USDT,2026-03-31,LONG,0.6083,5.61,5.49,1,True,-2.139,1.539,.60-.70,1.5-2x
ZEN/USDT,2026-04-04,LONG,0.6309,5.215,5.253,1,True,0.7287,0.2366,.60-.70,
ZEN/USDT,2026-04-09,LONG,0.7651,5.849,6.364,1,True,8.8049,2.0223,.70-.80,2-3x
ZEN/USDT,2026-04-12,LONG,0.9047,5.7,5.926,5,False,3.9649,1.5182,>.80,1.5-2x
ZEN/USDT,2026-04-13,LONG,0.9662,6.038,5.857,5,False,-2.9977,1.1028,>.80,1-1.5x
ZEN/USDT,2026-04-14,LONG,0.7691,5.668,5.773,5,False,1.8525,1.1005,.70-.80,1-1.5x
ZEN/USDT,2026-04-15,LONG,0.8471,5.735,6.124,5,False,6.7829,0.2156,>.80,
ZEN/USDT,2026-04-16,LONG,0.8151,5.994,6.128,5,False,2.2356,0.8376,>.80,
ZEN/USDT,2026-04-17,LONG,0.5595,5.926,6.08,5,False,2.5987,0.2097,.55-.60,
ZEN/USDT,2026-04-18,LONG,0.6353,5.857,6.08,4,True,3.8074,0.2151,.60-.70,
ZEN/USDT,2026-04-19,LONG,0.7396,5.773,6.08,3,True,5.3179,0.2643,.70-.80,
ZEN/USDT,2026-04-21,LONG,0.8823,6.128,6.08,1,True,-0.7833,0.0123,>.80,
ZEN/USDT,2026-04-26,LONG,0.6743,6.11,5.95,1,True,-2.6187,0.2615,.60-.70,
ZEN/USDT,2026-04-29,LONG,0.6004,5.727,7.077,5,False,23.5726,0.555,.60-.70,
ZEN/USDT,2026-05-02,LONG,0.5501,6.211,7.077,2,True,13.943,0.1223,.55-.60,
ZEN/USDT,2026-05-03,LONG,0.7263,7.095,7.077,1,True,-0.2537,3.2692,.70-.80,3-5x
ZEN/USDT,2026-05-05,LONG,0.6998,7.593,7.117,2,True,-6.2689,1.7092,.60-.70,1.5-2x
ZEN/USDT,2026-05-06,LONG,0.9828,7.326,7.117,1,True,-2.8529,0.8095,>.80,
ZEN/USDT,2026-05-08,LONG,0.7693,7.222,7.044,1,True,-2.4647,0.337,.70-.80,
ZEN/USDT,2026-05-10,LONG,0.671,7.056,6.205,5,False,-12.0607,0.04,.60-.70,
ZEN/USDT,2026-05-12,LONG,0.5878,6.701,6.205,3,True,-7.4019,0.4118,.55-.60,
ZEN/USDT,2026-05-14,LONG,0.6792,6.563,6.205,1,True,-5.4548,0.0346,.60-.70,
ZEN/USDT,2026-05-18,LONG,0.6065,6.066,6.64,3,True,9.4626,0.8134,.60-.70,
ZEN/USDT,2026-05-20,LONG,0.6695,6.858,6.64,1,True,-3.1788,2.5937,.60-.70,2-3x
ZEN/USDT,2026-05-24,LONG,0.6347,6.132,6.243,1,True,1.8102,0.1349,.60-.70,
ZEN/USDT,2026-05-27,LONG,0.5988,5.9,5.742,2,True,-2.678,0.4304,.55-.60,
ZEN/USDT,2026-05-31,LONG,0.5724,5.927,4.241,5,False,-28.4461,0.698,.55-.60,
ZEN/USDT,2026-06-01,LONG,0.5858,5.768,4.168,5,False,-27.7393,0.5345,.55-.60,
ZEN/USDT,2026-06-02,LONG,0.628,5.301,4.569,5,False,-13.8087,1.5319,.60-.70,1.5-2x
ZEN/USDT,2026-06-07,LONG,0.6826,4.569,4.188,3,True,-8.3388,1.4069,.60-.70,1-1.5x
ZEN/USDT,2026-06-08,LONG,0.6394,4.452,4.188,2,True,-5.9299,0.3741,.60-.70,
ASTR/USDT,2024-08-28,LONG,0.6185,0.06572,0.06403,1,True,-2.5715,1.5769,.60-.70,1.5-2x
ASTR/USDT,2024-08-31,LONG,0.7,0.06228,0.06162,2,True,-1.0597,0.6114,.60-.70,
ASTR/USDT,2024-09-06,LONG,0.5714,0.05124,0.05696,5,False,11.1632,0.5825,.55-.60,
ASTR/USDT,2024-09-08,LONG,0.7212,0.05255,0.06003,5,False,14.2341,0.3021,.70-.80,
ASTR/USDT,2024-09-11,LONG,0.5885,0.05696,0.05866,5,False,2.9846,0.1504,.55-.60,
ASTR/USDT,2024-09-15,LONG,0.5786,0.05869,0.06271,2,True,6.8495,1.0339,.55-.60,1-1.5x
ASTR/USDT,2024-09-20,LONG,0.6046,0.06632,0.06967,1,True,5.0513,0.7568,.60-.70,
ASTR/USDT,2024-09-26,LONG,0.5619,0.0716,0.07257,1,True,1.3547,2.1855,.55-.60,2-3x
ASTR/USDT,2024-09-28,LONG,0.5793,0.07064,0.07092,1,True,0.3964,0.8066,.55-.60,
ASTR/USDT,2024-10-05,LONG,0.6192,0.0607,0.05767,5,False,-4.9918,0.2249,.60-.70,
ASTR/USDT,2024-10-07,LONG,0.7639,0.05951,0.05767,3,True,-3.0919,0.9634,.70-.80,
ASTR/USDT,2024-10-08,LONG,0.6081,0.05976,0.05767,2,True,-3.4973,0.1139,.60-.70,
ASTR/USDT,2024-10-09,LONG,0.6457,0.05742,0.05767,1,True,0.4354,1.0434,.60-.70,1-1.5x
ASTR/USDT,2024-10-13,LONG,0.6221,0.05953,0.0582,4,True,-2.2342,0.2579,.60-.70,
ASTR/USDT,2024-10-19,LONG,0.5676,0.06051,0.05859,4,True,-3.173,0.3238,.55-.60,
ASTR/USDT,2024-10-20,LONG,0.6956,0.06318,0.05859,3,True,-7.265,1.3424,.60-.70,1-1.5x
ASTR/USDT,2024-10-24,LONG,0.6272,0.05885,0.05531,3,True,-6.0153,0.1539,.60-.70,
ASTR/USDT,2024-10-26,LONG,0.5687,0.05492,0.05531,1,True,0.7101,0.2839,.55-.60,
ASTR/USDT,2024-10-31,LONG,0.6584,0.05336,0.05096,3,True,-4.4978,1.4274,.60-.70,1-1.5x
ASTR/USDT,2024-11-05,LONG,0.5638,0.05235,0.06133,5,False,17.1538,1.7792,.55-.60,1.5-2x
ASTR/USDT,2024-11-06,LONG,0.5571,0.05607,0.06419,5,False,14.4819,1.9831,.55-.60,1.5-2x
ASTR/USDT,2024-11-08,LONG,0.5578,0.05625,0.06419,3,True,14.1156,0.1161,.55-.60,
ASTR/USDT,2024-11-12,LONG,0.812,0.06106,0.05929,3,True,-2.8988,1.279,>.80,1-1.5x
ASTR/USDT,2024-11-13,LONG,0.756,0.05879,0.05929,2,True,0.8505,0.9496,.70-.80,
ASTR/USDT,2024-11-14,LONG,0.8657,0.05628,0.05929,1,True,5.3483,1.1733,>.80,1-1.5x
ASTR/USDT,2024-11-16,LONG,0.9281,0.06431,0.06825,2,True,6.1266,2.0091,>.80,2-3x
ASTR/USDT,2024-11-17,LONG,0.7094,0.06324,0.06825,1,True,7.9222,0.3917,.70-.80,
ASTR/USDT,2024-11-20,LONG,0.5528,0.06368,0.0762,5,False,19.6608,0.7848,.55-.60,
ASTR/USDT,2024-11-21,LONG,0.6204,0.06569,0.07842,5,False,19.3789,0.6929,.60-.70,
ASTR/USDT,2024-11-22,LONG,0.896,0.06845,0.08144,5,False,18.9774,0.9187,>.80,
ASTR/USDT,2024-11-23,LONG,0.8937,0.07657,0.08144,4,True,6.3602,2.3646,>.80,2-3x
ASTR/USDT,2024-11-25,LONG,0.8998,0.0762,0.08144,2,True,6.8766,0.3833,>.80,
ASTR/USDT,2024-11-26,LONG,0.9125,0.07842,0.08144,1,True,3.8511,0.6117,>.80,
ASTR/USDT,2024-11-30,LONG,0.678,0.08353,0.08909,3,True,6.6563,0.6865,.60-.70,
ASTR/USDT,2024-12-01,LONG,0.5906,0.08276,0.08909,2,True,7.6486,0.1956,.55-.60,
ASTR/USDT,2024-12-02,LONG,0.65,0.08125,0.08909,1,True,9.6492,0.4013,.60-.70,
ASTR/USDT,2024-12-10,LONG,0.8089,0.06968,0.0748,1,True,7.3479,0.6218,>.80,
ASTR/USDT,2024-12-12,LONG,0.7471,0.07577,0.07566,1,True,-0.1452,0.2092,.70-.80,
ASTR/USDT,2024-12-14,LONG,0.7833,0.07353,0.07299,2,True,-0.7344,0.4991,.70-.80,
ASTR/USDT,2024-12-15,LONG,0.6725,0.07651,0.07299,1,True,-4.6007,0.7111,.60-.70,
ASTR/USDT,2024-12-17,LONG,0.7312,0.06868,0.06456,1,True,-5.9988,1.0164,.70-.80,1-1.5x
ASTR/USDT,2024-12-19,LONG,0.5556,0.05846,0.06318,4,True,8.0739,1.5258,.55-.60,1.5-2x
ASTR/USDT,2024-12-20,LONG,0.699,0.06204,0.06318,3,True,1.8375,0.9662,.60-.70,
ASTR/USDT,2024-12-21,LONG,0.662,0.0595,0.06318,2,True,6.1849,0.6429,.60-.70,
ASTR/USDT,2024-12-22,LONG,0.6716,0.05997,0.06318,1,True,5.3527,0.1237,.60-.70,
ASTR/USDT,2024-12-24,LONG,0.6565,0.06447,0.06412,1,True,-0.5429,0.3381,.60-.70,
ASTR/USDT,2024-12-29,LONG,0.6562,0.06202,0.05928,2,True,-4.4179,0.8061,.60-.70,
ASTR/USDT,2025-01-02,LONG,0.5663,0.06191,0.06586,2,True,6.3802,0.3482,.55-.60,
ASTR/USDT,2025-01-03,LONG,0.6599,0.06475,0.06586,1,True,1.7143,0.9845,.60-.70,
ASTR/USDT,2025-01-06,LONG,0.6251,0.06774,0.06199,4,True,-8.4883,0.5812,.60-.70,
ASTR/USDT,2025-01-07,LONG,0.5624,0.06092,0.06199,3,True,1.7564,2.142,.55-.60,2-3x
ASTR/USDT,2025-01-11,LONG,0.613,0.06142,0.0612,5,False,-0.3582,0.2343,.60-.70,
ASTR/USDT,2025-01-13,LONG,0.6929,0.05761,0.05913,5,False,2.6384,0.834,.60-.70,
ASTR/USDT,2025-01-14,LONG,0.6024,0.05985,0.05913,4,True,-1.203,0.9888,.60-.70,
ASTR/USDT,2025-01-15,LONG,0.5667,0.0634,0.05913,3,True,-6.735,1.5387,.55-.60,1.5-2x
ASTR/USDT,2025-01-24,LONG,0.7168,0.05266,0.05,3,True,-5.0513,0.1872,.70-.80,
ASTR/USDT,2025-01-25,LONG,0.5652,0.05304,0.05,2,True,-5.7315,0.1665,.55-.60,
ASTR/USDT,2025-01-26,LONG,0.6552,0.05198,0.05,1,True,-3.8092,0.4692,.60-.70,
ASTR/USDT,2025-01-31,LONG,0.6151,0.05033,0.04687,1,True,-6.8746,0.3798,.60-.70,
ASTR/USDT,2025-02-03,LONG,0.7835,0.04148,0.03905,2,True,-5.8582,0.1215,.70-.80,
ASTR/USDT,2025-02-06,LONG,0.9759,0.037,0.03774,1,True,2.0,1.2656,>.80,1-1.5x
ASTR/USDT,2025-02-09,LONG,0.9171,0.03924,0.04055,5,False,3.3384,0.2318,>.80,
ASTR/USDT,2025-02-11,LONG,0.6619,0.03935,0.03963,4,True,0.7116,0.6838,.60-.70,
ASTR/USDT,2025-02-13,LONG,0.6726,0.04055,0.03963,2,True,-2.2688,0.4968,.60-.70,
ASTR/USDT,2025-02-14,LONG,0.5888,0.04055,0.03963,1,True,-2.2688,0.0,.55-.60,
ASTR/USDT,2025-02-16,LONG,0.614,0.03988,0.03813,2,True,-4.3882,0.1471,.60-.70,
ASTR/USDT,2025-02-20,LONG,0.6414,0.04192,0.04296,1,True,2.4809,1.2185,.60-.70,1-1.5x
ASTR/USDT,2025-02-23,LONG,0.7313,0.04329,0.03796,5,False,-12.3123,1.3273,.70-.80,1-1.5x
ASTR/USDT,2025-02-24,LONG,0.842,0.03841,0.03751,5,False,-2.3431,2.5457,>.80,2-3x
ASTR/USDT,2025-02-26,LONG,0.6644,0.03922,0.03408,5,False,-13.1056,0.4139,.60-.70,
ASTR/USDT,2025-02-28,LONG,0.5646,0.03796,0.03408,3,True,-10.2213,0.6134,.55-.60,
ASTR/USDT,2025-03-04,LONG,0.5598,0.03374,0.03458,1,True,2.4896,0.191,.55-.60,
ASTR/USDT,2025-03-07,LONG,0.718,0.033,0.02979,2,True,-9.7273,0.2769,.70-.80,
ASTR/USDT,2025-03-11,LONG,0.605,0.03021,0.03046,2,True,0.8275,0.673,.60-.70,
ASTR/USDT,2025-03-12,LONG,0.5694,0.0311,0.03046,1,True,-2.0579,0.5484,.55-.60,
ASTR/USDT,2025-03-17,LONG,0.5761,0.03199,0.03326,2,True,3.97,0.9217,.55-.60,
ASTR/USDT,2025-03-18,LONG,0.5671,0.03191,0.03326,1,True,4.2306,0.0536,.55-.60,
ASTR/USDT,2025-03-20,LONG,0.5964,0.03218,0.03265,3,True,1.4605,0.6727,.55-.60,
ASTR/USDT,2025-03-21,LONG,0.5568,0.03252,0.03265,2,True,0.3998,0.2183,.55-.60,
ASTR/USDT,2025-03-22,LONG,0.6738,0.03255,0.03265,1,True,0.3072,0.0202,.60-.70,
ASTR/USDT,2025-03-26,LONG,0.5579,0.03343,0.03164,2,True,-5.3545,1.0449,.55-.60,1-1.5x
ASTR/USDT,2025-03-27,LONG,0.6198,0.03379,0.03164,1,True,-6.3628,0.3157,.60-.70,
ASTR/USDT,2025-03-30,LONG,0.5837,0.02986,0.02698,3,True,-9.645,0.1926,.55-.60,
ASTR/USDT,2025-03-31,LONG,0.6523,0.02918,0.02698,2,True,-7.5394,0.708,.60-.70,
ASTR/USDT,2025-04-04,LONG,0.5623,0.02678,0.02645,1,True,-1.2323,0.3481,.55-.60,
SKL/USDT,2024-08-29,LONG,0.7642,0.03147,0.02991,3,True,-4.9571,0.1627,.70-.80,
SKL/USDT,2024-08-30,LONG,0.6812,0.03159,0.02991,2,True,-5.3181,0.0984,.60-.70,
SKL/USDT,2024-09-04,LONG,0.5701,0.03146,0.03005,1,True,-4.4819,0.4497,.55-.60,
SKL/USDT,2024-09-07,LONG,0.6721,0.02927,0.02999,1,True,2.4599,0.0358,.60-.70,
SKL/USDT,2024-09-09,LONG,0.5653,0.03157,0.03358,5,False,6.3668,1.3202,.55-.60,1-1.5x
SKL/USDT,2024-09-10,LONG,0.663,0.03193,0.03217,5,False,0.7516,0.2873,.60-.70,
SKL/USDT,2024-09-13,LONG,0.5847,0.03343,0.03319,5,False,-0.7179,0.0077,.55-.60,
SKL/USDT,2024-09-15,LONG,0.6174,0.03217,0.03501,4,True,8.8281,1.1417,.60-.70,1-1.5x
SKL/USDT,2024-09-17,LONG,0.5745,0.03239,0.03501,2,True,8.0889,1.5189,.55-.60,1.5-2x
SKL/USDT,2024-09-18,LONG,0.6815,0.03319,0.03501,1,True,5.4836,0.6718,.60-.70,
SKL/USDT,2024-09-20,LONG,0.6683,0.03475,0.03515,2,True,1.1511,0.1947,.60-.70,
SKL/USDT,2024-09-21,LONG,0.5703,0.03683,0.03515,1,True,-4.5615,1.5449,.55-.60,1.5-2x
SKL/USDT,2024-09-23,LONG,0.618,0.03521,0.03875,3,True,10.054,0.0466,.60-.70,
SKL/USDT,2024-09-25,LONG,0.5607,0.0373,0.03875,1,True,3.8874,0.5759,.55-.60,
SKL/USDT,2024-09-29,LONG,0.6013,0.04307,0.03965,1,True,-7.9406,0.0348,.60-.70,
SKL/USDT,2024-10-03,LONG,0.8046,0.0348,0.03781,1,True,8.6494,0.0935,>.80,
SKL/USDT,2024-10-07,LONG,0.9123,0.03671,0.03358,2,True,-8.5263,0.4525,>.80,
SKL/USDT,2024-10-13,LONG,0.7635,0.03609,0.04052,5,False,12.2749,0.1932,.70-.80,
SKL/USDT,2024-10-14,LONG,0.7525,0.03892,0.04011,5,False,3.0576,1.2649,.70-.80,1-1.5x
SKL/USDT,2024-10-15,LONG,0.8514,0.0389,0.04392,5,False,12.9049,0.0083,>.80,
SKL/USDT,2024-10-17,LONG,0.6798,0.03698,0.04392,3,True,18.7669,0.6641,.60-.70,
SKL/USDT,2024-10-18,LONG,0.8788,0.04052,0.04392,2,True,8.3909,1.8463,>.80,1.5-2x
SKL/USDT,2024-10-19,LONG,0.7722,0.04011,0.04392,1,True,9.4989,0.195,.70-.80,
SKL/USDT,2024-10-22,LONG,0.8123,0.04051,0.03829,1,True,-5.4801,0.1503,>.80,
SKL/USDT,2024-10-26,LONG,0.8398,0.03485,0.03487,2,True,0.0574,0.1467,>.80,
SKL/USDT,2024-10-27,LONG,0.6423,0.03527,0.03487,1,True,-1.1341,0.2276,.60-.70,
SKL/USDT,2024-10-30,LONG,0.8622,0.0368,0.03482,1,True,-5.3804,0.5996,>.80,
SKL/USDT,2024-11-01,LONG,0.8976,0.03416,0.03056,3,True,-10.5386,0.3454,>.80,
SKL/USDT,2024-11-02,LONG,0.7925,0.03297,0.03056,2,True,-7.3097,0.6295,.70-.80,
SKL/USDT,2024-11-03,LONG,0.5677,0.03188,0.03056,1,True,-4.1405,0.633,.55-.60,
SKL/USDT,2024-11-05,LONG,0.7516,0.03258,0.03852,2,True,18.232,1.194,.70-.80,1-1.5x
SKL/USDT,2024-11-06,LONG,0.904,0.03799,0.03852,1,True,1.3951,2.4766,>.80,2-3x
SKL/USDT,2024-11-08,LONG,0.8562,0.03854,0.04177,2,True,8.3809,0.0082,>.80,
SKL/USDT,2024-11-09,LONG,0.9693,0.04022,0.04177,1,True,3.8538,0.7218,>.80,
SKL/USDT,2024-11-13,LONG,0.8974,0.03922,0.03947,2,True,0.6374,1.1329,>.80,1-1.5x
SKL/USDT,2024-11-14,LONG,0.9662,0.03838,0.03947,1,True,2.84,0.3809,>.80,
SKL/USDT,2024-11-18,LONG,0.7492,0.0483,0.04831,1,True,0.0207,2.5618,.70-.80,2-3x
SKL/USDT,2024-11-20,LONG,0.9667,0.04559,0.05838,5,False,28.0544,0.8455,>.80,
SKL/USDT,2024-11-21,LONG,0.8336,0.05204,0.058,5,False,11.4527,1.9737,>.80,1.5-2x
SKL/USDT,2024-11-22,LONG,0.9954,0.05408,0.06634,5,False,22.6701,0.5568,>.80,
SKL/USDT,2024-11-23,LONG,0.7103,0.05896,0.07316,5,False,24.0841,1.2846,.70-.80,1-1.5x
SKL/USDT,2024-11-25,LONG,0.9829,0.05838,0.07316,3,True,25.3169,0.7983,>.80,
SKL/USDT,2024-11-26,LONG,0.9289,0.058,0.07316,2,True,26.1379,0.102,>.80,
SKL/USDT,2024-11-27,LONG,0.8609,0.06634,0.07316,1,True,10.2804,2.0781,>.80,2-3x
SKL/USDT,2024-12-02,LONG,0.5638,0.0763,0.07892,5,False,3.4338,0.4842,.55-.60,
SKL/USDT,2024-12-03,LONG,0.6624,0.07892,0.07892,4,True,0.0,0.4989,.60-.70,
SKL/USDT,2024-12-04,LONG,0.6324,0.07917,0.07892,3,True,-0.3158,0.0466,.60-.70,
SKL/USDT,2024-12-06,LONG,0.8315,0.07946,0.07892,1,True,-0.6796,0.0844,>.80,
SKL/USDT,2024-12-09,LONG,0.5951,0.06539,0.06949,4,True,6.2701,2.3744,.55-.60,2-3x
SKL/USDT,2024-12-10,LONG,0.6223,0.06324,0.06949,3,True,9.883,0.4477,.60-.70,
SKL/USDT,2024-12-12,LONG,0.62,0.06872,0.06949,1,True,1.1205,0.0316,.60-.70,
SKL/USDT,2024-12-20,LONG,0.6314,0.0498,0.04703,1,True,-5.5622,0.4899,.60-.70,
SKL/USDT,2024-12-24,LONG,0.5511,0.0529,0.04925,3,True,-6.8998,0.6392,.55-.60,
SKL/USDT,2024-12-30,LONG,0.5503,0.0485,0.04756,1,True,-1.9381,0.1691,.55-.60,
SKL/USDT,2025-01-03,LONG,0.6266,0.05428,0.04455,5,False,-17.9256,1.5603,.60-.70,1.5-2x
SKL/USDT,2025-01-04,LONG,0.5664,0.05356,0.04371,5,False,-18.3906,0.2424,.55-.60,
SKL/USDT,2025-01-06,LONG,0.6409,0.05411,0.04371,3,True,-19.2201,0.2045,.60-.70,
SKL/USDT,2025-01-13,LONG,0.5739,0.04217,0.04565,3,True,8.2523,0.5698,.55-.60,
SKL/USDT,2025-01-18,LONG,0.6907,0.04797,0.04175,4,True,-12.9664,1.0068,.60-.70,1-1.5x
SKL/USDT,2025-01-19,LONG,0.629,0.04221,0.04175,3,True,-1.0898,2.0507,.60-.70,2-3x
SKL/USDT,2025-01-20,LONG,0.8791,0.04144,0.04175,2,True,0.7481,0.3116,>.80,
SKL/USDT,2025-01-21,LONG,0.8597,0.04307,0.04175,1,True,-3.0648,0.6696,>.80,
SKL/USDT,2025-01-24,LONG,0.825,0.04096,0.05677,3,True,38.5986,0.2907,>.80,
SKL/USDT,2025-01-25,LONG,0.6437,0.04318,0.05677,2,True,31.4729,0.9665,.60-.70,
SKL/USDT,2025-01-26,LONG,0.8672,0.05182,0.05677,1,True,9.5523,2.7341,>.80,2-3x
SKL/USDT,2025-01-28,LONG,0.9287,0.049,0.06133,1,True,25.1633,1.8014,>.80,1.5-2x
SKL/USDT,2025-01-30,LONG,0.9903,0.05894,0.05009,2,True,-15.0153,0.4141,>.80,
SKL/USDT,2025-01-31,LONG,0.9694,0.05372,0.05009,1,True,-6.7573,0.9127,>.80,
SKL/USDT,2025-02-02,LONG,0.9391,0.04349,0.03993,3,True,-8.1858,1.2738,>.80,1-1.5x
SKL/USDT,2025-02-04,LONG,0.8234,0.04155,0.03993,1,True,-3.8989,0.5122,>.80,
SKL/USDT,2025-02-09,LONG,0.7545,0.0385,0.03774,2,True,-1.974,0.1833,.70-.80,
SKL/USDT,2025-02-10,LONG,0.5547,0.03912,0.03774,1,True,-3.5276,0.1659,.55-.60,
SKL/USDT,2025-03-04,LONG,0.5566,0.02894,0.02497,5,False,-13.718,0.1393,.55-.60,
SKL/USDT,2025-03-07,LONG,0.5978,0.02825,0.02657,5,False,-5.9469,0.5607,.55-.60,
SKL/USDT,2025-03-11,LONG,0.5561,0.02513,0.02657,1,True,5.7302,0.6024,.55-.60,
SKL/USDT,2025-03-15,LONG,0.5618,0.02859,0.02635,1,True,-7.8349,1.283,.55-.60,1-1.5x
SKL/USDT,2025-03-17,LONG,0.5549,0.02777,0.02928,2,True,5.4375,0.9245,.55-.60,
SKL/USDT,2025-03-20,LONG,0.6052,0.02758,0.02753,3,True,-0.1813,0.9377,.60-.70,
SKL/USDT,2025-03-21,LONG,0.56,0.02767,0.02753,2,True,-0.506,0.0527,.55-.60,
SKL/USDT,2025-03-22,LONG,0.6427,0.02767,0.02753,1,True,-0.506,0.0,.60-.70,
SKL/USDT,2025-03-26,LONG,0.6099,0.02678,0.02321,3,True,-13.3308,1.2662,.60-.70,1-1.5x
SKL/USDT,2025-03-27,LONG,0.6477,0.02617,0.02321,2,True,-11.3107,0.4501,.60-.70,
SKL/USDT,2025-04-03,LONG,0.7537,0.02103,0.02043,2,True,-2.8531,0.4737,.70-.80,
TRB/USDT,2024-08-29,LONG,0.9326,63.34,57.9,5,False,-8.5886,1.08,>.80,1-1.5x
TRB/USDT,2024-08-30,LONG,0.6451,63.62,57.9,4,True,-8.9909,0.0527,.60-.70,
TRB/USDT,2024-08-31,LONG,0.5735,62.13,57.9,3,True,-6.8083,0.2862,.55-.60,
TRB/USDT,2024-09-02,LONG,0.6402,60.36,57.9,1,True,-4.0755,0.0103,.60-.70,
TRB/USDT,2024-09-18,LONG,0.6262,64.47,66.4,4,True,2.9936,1.8772,.60-.70,1.5-2x
TRB/USDT,2024-09-19,LONG,0.5961,67.04,66.4,3,True,-0.9547,1.024,.55-.60,1-1.5x
TRB/USDT,2024-09-21,LONG,0.6385,68.7,66.4,1,True,-3.3479,0.3572,.60-.70,
TRB/USDT,2024-09-24,LONG,0.6119,73.98,75.5,4,True,2.0546,0.0553,.60-.70,
TRB/USDT,2024-09-25,LONG,0.574,68.58,75.5,3,True,10.0904,1.514,.55-.60,1.5-2x
TRB/USDT,2024-09-30,LONG,0.6813,67.17,61.14,1,True,-8.9772,1.9329,.60-.70,1.5-2x
TRB/USDT,2024-10-04,LONG,0.7262,61.82,61.72,3,True,-0.1618,0.9625,.70-.80,
TRB/USDT,2024-10-11,LONG,0.556,63.86,64.24,1,True,0.5951,1.0375,.55-.60,1-1.5x
TRB/USDT,2024-10-19,LONG,0.6262,66.44,64.57,5,False,-2.8146,0.4892,.60-.70,
TRB/USDT,2024-10-20,LONG,0.6512,68.1,57.04,5,False,-16.2408,0.64,.60-.70,
TRB/USDT,2024-10-21,LONG,0.5906,66.66,58.09,5,False,-12.8563,0.6374,.55-.60,
TRB/USDT,2024-10-22,LONG,0.5905,66.6,58.09,4,True,-12.7778,0.0272,.55-.60,
TRB/USDT,2024-10-23,LONG,0.6249,63.14,58.09,3,True,-7.9981,1.504,.60-.70,1.5-2x
TRB/USDT,2024-10-24,LONG,0.6486,64.57,58.09,2,True,-10.0356,0.6889,.60-.70,
TRB/USDT,2024-10-29,LONG,0.6946,62.22,54.26,5,False,-12.7933,0.9693,.60-.70,
TRB/USDT,2024-10-31,LONG,0.8744,58.38,55.12,5,False,-5.5841,1.0541,>.80,1-1.5x
TRB/USDT,2024-11-01,LONG,0.7376,58.43,61.42,5,False,5.1172,0.0209,.70-.80,
TRB/USDT,2024-11-02,LONG,0.6374,56.82,56.13,5,False,-1.2144,0.6666,.60-.70,
TRB/USDT,2024-11-03,LONG,0.7623,54.26,56.13,4,True,3.4464,1.1673,.70-.80,1-1.5x
TRB/USDT,2024-11-04,LONG,0.6914,52.4,56.13,3,True,7.1183,0.8862,.60-.70,
TRB/USDT,2024-11-06,LONG,0.5968,61.42,56.13,1,True,-8.6128,2.356,.55-.60,2-3x
TRB/USDT,2024-11-09,LONG,0.9976,56.44,84.82,1,True,50.2835,0.9924,>.80,
TRB/USDT,2024-11-11,LONG,0.5761,82.73,69.21,4,True,-16.3423,0.1957,.55-.60,
TRB/USDT,2024-11-12,LONG,0.9979,76.19,69.21,3,True,-9.1613,0.6234,>.80,
TRB/USDT,2024-11-13,LONG,0.943,69.05,69.21,2,True,0.2317,0.7258,>.80,
TRB/USDT,2024-11-18,LONG,0.7627,70.27,67.94,1,True,-3.3158,0.3275,.70-.80,
TRB/USDT,2024-11-22,LONG,0.6415,68.64,73.12,2,True,6.5268,0.0045,.60-.70,
TRB/USDT,2024-11-26,LONG,0.6231,68.56,80.08,5,False,16.8028,0.2706,.60-.70,
TRB/USDT,2024-11-28,LONG,0.5588,72.36,84.54,5,False,16.8325,0.01,.55-.60,
TRB/USDT,2024-11-29,LONG,0.6014,73.81,84.54,4,True,14.5373,0.1613,.60-.70,
TRB/USDT,2024-12-07,LONG,0.5656,93.3,78.29,5,False,-16.0879,0.3029,.55-.60,
TRB/USDT,2024-12-12,LONG,0.5714,78.29,73.73,2,True,-5.8245,0.4788,.55-.60,
TRB/USDT,2024-12-20,LONG,0.7257,61.35,59.66,1,True,-2.7547,0.4429,.70-.80,
TRB/USDT,2024-12-27,LONG,0.5961,63.2,63.91,5,False,1.1234,0.294,.55-.60,
TRB/USDT,2024-12-29,LONG,0.5858,62.27,67.6,5,False,8.5595,0.7283,.55-.60,
TRB/USDT,2024-12-30,LONG,0.5595,64.27,67.13,5,False,4.45,0.6222,.55-.60,
TRB/USDT,2025-01-06,LONG,0.5531,67.43,59.5,4,True,-11.7603,0.3304,.55-.60,
TRB/USDT,2025-01-14,LONG,0.6518,57.86,62.71,3,True,8.3823,1.088,.60-.70,1-1.5x
TRB/USDT,2025-01-15,LONG,0.5596,60.59,62.71,2,True,3.4989,1.2099,.55-.60,1-1.5x
TRB/USDT,2025-01-25,LONG,0.5644,49.86,47.55,2,True,-4.633,0.2396,.55-.60,
TRB/USDT,2025-01-28,LONG,0.6731,44.5,47.95,2,True,7.7528,1.5459,.60-.70,1.5-2x
TRB/USDT,2025-01-31,LONG,0.6202,49.22,44.5,1,True,-9.5896,0.5979,.60-.70,
TRB/USDT,2025-02-03,LONG,0.9036,36.59,32.71,4,True,-10.604,0.6624,>.80,
TRB/USDT,2025-02-06,LONG,0.9903,33.0,32.71,1,True,-0.8788,0.6931,>.80,
TRB/USDT,2025-02-11,LONG,0.8239,34.45,37.91,1,True,10.0435,0.3795,>.80,
TRB/USDT,2025-02-13,LONG,0.7199,36.64,36.2,2,True,-1.2009,0.5772,.70-.80,
TRB/USDT,2025-02-14,LONG,0.7216,37.92,36.2,1,True,-4.5359,0.5941,.70-.80,
TRB/USDT,2025-02-16,LONG,0.7051,36.84,36.75,1,True,-0.2443,0.2969,.70-.80,
TRB/USDT,2025-02-23,LONG,0.927,37.53,33.83,2,True,-9.8588,0.0643,>.80,
TRB/USDT,2025-02-24,LONG,0.6365,32.29,33.83,1,True,4.7693,2.4973,.60-.70,2-3x
TRB/USDT,2025-02-28,LONG,0.6031,36.42,33.7,3,True,-7.4684,0.409,.60-.70,
TRB/USDT,2025-03-01,LONG,0.9173,35.54,33.7,2,True,-5.1773,0.4401,>.80,
TRB/USDT,2025-03-02,LONG,0.6854,38.25,33.7,1,True,-11.8954,1.3399,.60-.70,1-1.5x
TRB/USDT,2025-03-04,LONG,0.5936,31.19,32.12,1,True,2.9817,1.2254,.55-.60,1-1.5x
TRB/USDT,2025-03-11,LONG,0.7391,27.24,27.38,2,True,0.514,1.093,.70-.80,1-1.5x
TRB/USDT,2025-03-12,LONG,0.6583,28.1,27.38,1,True,-2.5623,0.4979,.60-.70,
TRB/USDT,2025-03-14,LONG,0.7116,28.47,28.12,2,True,-1.2294,0.6467,.70-.80,
TRB/USDT,2025-03-15,LONG,0.6371,29.5,28.12,1,True,-4.678,0.5791,.60-.70,
TRB/USDT,2025-03-17,LONG,0.6132,30.34,31.09,2,True,2.472,1.3761,.60-.70,1-1.5x
TRB/USDT,2025-03-20,LONG,0.6104,29.29,30.27,3,True,3.3459,1.0012,.60-.70,1-1.5x
TRB/USDT,2025-03-24,LONG,0.6712,31.39,26.71,5,False,-14.9092,0.7841,.60-.70,
TRB/USDT,2025-03-25,LONG,0.5861,31.25,26.59,5,False,-14.912,0.0955,.55-.60,
TRB/USDT,2025-03-26,LONG,0.5851,31.09,26.78,5,False,-13.863,0.1108,.55-.60,
TRB/USDT,2025-03-27,LONG,0.6553,30.7,26.63,5,False,-13.2573,0.2714,.60-.70,
TRB/USDT,2025-03-28,LONG,0.5626,28.21,23.68,5,False,-16.0581,1.6443,.55-.60,1.5-2x
TRB/USDT,2025-03-29,LONG,0.596,26.71,23.93,5,False,-10.4081,1.2171,.55-.60,1-1.5x
TRB/USDT,2025-03-30,LONG,0.5726,26.59,24.11,5,False,-9.3268,0.1051,.55-.60,
TRB/USDT,2025-03-31,LONG,0.6521,26.78,24.11,4,True,-9.9701,0.1793,.60-.70,
TRB/USDT,2025-04-01,LONG,0.6854,26.63,24.11,3,True,-9.463,0.143,.60-.70,
TRB/USDT,2025-04-02,LONG,0.7669,23.68,24.11,2,True,1.8159,2.4127,.70-.80,2-3x
CELR/USDT,2024-09-01,LONG,0.6061,0.01056,0.0106,2,True,0.3788,1.4588,.60-.70,1-1.5x
CELR/USDT,2024-09-02,LONG,0.7676,0.01127,0.0106,1,True,-5.945,1.5808,.70-.80,1.5-2x
CELR/USDT,2024-09-06,LONG,0.763,0.01016,0.01036,1,True,1.9685,0.7825,.70-.80,
CELR/USDT,2024-09-08,LONG,0.6636,0.01076,0.01177,5,False,9.3866,0.8728,.60-.70,
CELR/USDT,2024-09-09,LONG,0.5676,0.01125,0.01179,5,False,4.8,1.0162,.55-.60,1-1.5x
CELR/USDT,2024-09-10,LONG,0.6103,0.01146,0.01179,4,True,2.8796,0.4259,.60-.70,
CELR/USDT,2024-09-11,LONG,0.6429,0.01118,0.01179,3,True,5.4562,0.5568,.60-.70,
CELR/USDT,2024-09-12,LONG,0.6973,0.01164,0.01179,2,True,1.2887,1.0154,.60-.70,1-1.5x
CELR/USDT,2024-09-15,LONG,0.7766,0.01107,0.01157,3,True,4.5167,1.5158,.70-.80,1.5-2x
CELR/USDT,2024-09-16,LONG,0.8049,0.01061,0.01157,2,True,9.0481,1.0165,>.80,1-1.5x
CELR/USDT,2024-09-17,LONG,0.5907,0.01097,0.01157,1,True,5.4695,0.8116,.55-.60,
CELR/USDT,2024-09-23,LONG,0.5686,0.01323,0.01372,3,True,3.7037,1.8456,.55-.60,1.5-2x
CELR/USDT,2024-09-24,LONG,0.6058,0.01344,0.01372,2,True,2.0833,0.419,.60-.70,
CELR/USDT,2024-09-25,LONG,0.6311,0.01332,0.01372,1,True,3.003,0.2444,.60-.70,
CELR/USDT,2024-09-27,LONG,0.6869,0.01366,0.01324,1,True,-3.0747,0.1242,.60-.70,
CELR/USDT,2024-09-30,LONG,0.7716,0.01258,0.01153,1,True,-8.3466,0.9592,.70-.80,
CELR/USDT,2024-10-04,LONG,0.7115,0.01148,0.01221,3,True,6.3589,1.177,.70-.80,1-1.5x
CELR/USDT,2024-10-09,LONG,0.662,0.01174,0.01232,2,True,4.9404,0.9169,.60-.70,
CELR/USDT,2024-10-10,LONG,0.6442,0.01173,0.01232,1,True,5.0298,0.0234,.60-.70,
CELR/USDT,2024-10-15,LONG,0.9902,0.01368,0.0132,1,True,-3.5088,0.6281,>.80,
CELR/USDT,2024-10-17,LONG,0.6806,0.01257,0.01314,1,True,4.5346,0.7617,.60-.70,
CELR/USDT,2024-10-20,LONG,0.8337,0.01426,0.01289,2,True,-9.6073,1.4144,>.80,1-1.5x
CELR/USDT,2024-10-21,LONG,0.8485,0.01344,0.01289,1,True,-4.0923,0.9002,>.80,
CELR/USDT,2024-10-23,LONG,0.8268,0.01223,0.01198,4,True,-2.0442,0.7837,>.80,
CELR/USDT,2024-10-24,LONG,0.8806,0.01264,0.01198,3,True,-5.2215,0.5168,>.80,
CELR/USDT,2024-10-25,LONG,0.6666,0.01134,0.01198,2,True,5.6437,1.4845,.60-.70,1-1.5x
CELR/USDT,2024-10-26,LONG,0.6806,0.01129,0.01198,1,True,6.1116,0.0642,.60-.70,
CELR/USDT,2024-10-29,LONG,0.5865,0.01276,0.01263,1,True,-1.0188,0.9953,.55-.60,
CELR/USDT,2024-11-03,LONG,0.552,0.0107,0.01251,5,False,16.9159,0.8857,.55-.60,
CELR/USDT,2024-11-04,LONG,0.5915,0.01016,0.01251,4,True,23.1299,0.9937,.55-.60,
CELR/USDT,2024-11-05,LONG,0.5547,0.01079,0.01251,3,True,15.9407,1.1655,.55-.60,1-1.5x
CELR/USDT,2024-11-06,LONG,0.5531,0.0123,0.01251,2,True,1.7073,2.2641,.55-.60,2-3x
CELR/USDT,2024-11-11,LONG,0.5816,0.01454,0.0142,4,True,-2.3384,1.1842,.55-.60,1-1.5x
CELR/USDT,2024-11-12,LONG,0.5556,0.01379,0.0142,3,True,2.9732,0.8834,.55-.60,
CELR/USDT,2024-11-14,LONG,0.6547,0.01316,0.0142,1,True,7.9027,0.6467,.60-.70,
CELR/USDT,2024-11-18,LONG,0.7762,0.01529,0.01459,1,True,-4.5782,1.5517,.70-.80,1.5-2x
CELR/USDT,2024-11-20,LONG,0.5544,0.01405,0.01626,2,True,15.7295,0.6499,.55-.60,
CELR/USDT,2024-11-24,LONG,0.8377,0.01917,0.02014,3,True,5.06,1.081,>.80,1-1.5x
CELR/USDT,2024-11-25,LONG,0.9599,0.01789,0.02014,2,True,12.5769,1.0916,>.80,1-1.5x
CELR/USDT,2024-11-26,LONG,0.8589,0.01838,0.02014,1,True,9.5756,0.4967,>.80,
CELR/USDT,2024-11-30,LONG,0.8642,0.02268,0.02345,2,True,3.3951,1.4786,>.80,1-1.5x
CELR/USDT,2024-12-01,LONG,0.7981,0.02222,0.02345,1,True,5.5356,0.3454,.70-.80,
CELR/USDT,2024-12-05,LONG,0.8358,0.02439,0.03022,1,True,23.9032,0.6966,>.80,
CELR/USDT,2024-12-07,LONG,0.8448,0.0298,0.03057,1,True,2.5839,0.197,>.80,
CELR/USDT,2024-12-09,LONG,0.9868,0.02423,0.02376,1,True,-1.9397,2.3832,>.80,2-3x
CELR/USDT,2024-12-11,LONG,0.5752,0.02692,0.02677,1,True,-0.5572,1.4931,.55-.60,1-1.5x
CELR/USDT,2024-12-13,LONG,0.933,0.026,0.02442,1,True,-6.0769,0.329,>.80,
CELR/USDT,2024-12-15,LONG,0.7044,0.02542,0.02063,3,True,-18.8434,0.4722,.70-.80,
CELR/USDT,2024-12-16,LONG,0.6531,0.02421,0.02063,2,True,-14.7873,0.5406,.60-.70,
CELR/USDT,2024-12-17,LONG,0.5796,0.02254,0.02063,1,True,-8.4738,0.7833,.55-.60,
CELR/USDT,2024-12-21,LONG,0.9809,0.0183,0.01972,2,True,7.7596,0.5163,>.80,
CELR/USDT,2024-12-22,LONG,0.6119,0.01815,0.01972,1,True,8.6501,0.0895,.60-.70,
CELR/USDT,2024-12-25,LONG,0.6241,0.02184,0.02103,2,True,-3.7088,0.1892,.60-.70,
CELR/USDT,2024-12-28,LONG,0.6356,0.02295,0.02191,2,True,-4.5316,1.0759,.60-.70,1-1.5x
CELR/USDT,2024-12-31,LONG,0.7682,0.01944,0.0197,1,True,1.3374,1.6553,.70-.80,1.5-2x
CELR/USDT,2025-01-04,LONG,0.8155,0.02084,0.01766,3,True,-15.2591,0.007,>.80,
CELR/USDT,2025-01-06,LONG,0.7049,0.0205,0.01766,1,True,-13.8537,0.2088,.70-.80,
CELR/USDT,2025-01-10,LONG,0.6284,0.01673,0.01596,3,True,-4.6025,0.194,.60-.70,
CELR/USDT,2025-01-15,LONG,0.5765,0.01785,0.01745,3,True,-2.2409,1.2334,.55-.60,1-1.5x
CELR/USDT,2025-01-21,LONG,0.6339,0.0156,0.01468,5,False,-5.8974,0.5523,.60-.70,
CELR/USDT,2025-01-22,LONG,0.6555,0.01514,0.01421,5,False,-6.1427,0.4908,.60-.70,
CELR/USDT,2025-01-23,LONG,0.6917,0.01516,0.01421,4,True,-6.2665,0.0229,.60-.70,
CELR/USDT,2025-01-24,LONG,0.6248,0.01475,0.01421,3,True,-3.661,0.4684,.60-.70,
CELR/USDT,2025-01-26,LONG,0.6098,0.01468,0.01421,1,True,-3.2016,0.2566,.60-.70,
CELR/USDT,2025-01-28,LONG,0.5658,0.01369,0.01422,1,True,3.8714,0.7339,.55-.60,
CELR/USDT,2025-01-31,LONG,0.5852,0.01591,0.01456,1,True,-8.4852,0.2252,.55-.60,
CELR/USDT,2025-02-03,LONG,0.629,0.01308,0.01095,3,True,-16.2844,0.7647,.60-.70,
CELR/USDT,2025-02-04,LONG,0.6549,0.01212,0.01095,2,True,-9.6535,1.1118,.60-.70,1-1.5x
CELR/USDT,2025-02-05,LONG,0.6589,0.01176,0.01095,1,True,-6.8878,0.45,.60-.70,
CELR/USDT,2025-02-11,LONG,0.5728,0.01228,0.01292,2,True,5.2117,0.574,.55-.60,
CELR/USDT,2025-02-14,LONG,0.5686,0.01303,0.01261,1,True,-3.2233,0.1363,.55-.60,
CELR/USDT,2025-02-20,LONG,0.5629,0.01321,0.01196,5,False,-9.4625,1.3352,.55-.60,1-1.5x
CELR/USDT,2025-02-23,LONG,0.6597,0.01379,0.01202,3,True,-12.8354,0.1578,.60-.70,
CELR/USDT,2025-02-28,LONG,0.6474,0.01182,0.01164,5,False,-1.5228,0.5048,.60-.70,
CELR/USDT,2025-03-01,LONG,0.5731,0.01182,0.01163,5,False,-1.6074,0.0,.55-.60,
CELR/USDT,2025-03-11,LONG,0.6704,0.00951,0.00998,1,True,4.9422,0.3105,.60-.70,
CELR/USDT,2025-03-14,LONG,0.6535,0.01022,0.0106,1,True,3.7182,0.4899,.60-.70,
CELR/USDT,2025-03-17,LONG,0.6274,0.01065,0.010937,2,True,2.6948,1.0365,.60-.70,1-1.5x
CELR/USDT,2025-03-18,LONG,0.6674,0.01034,0.010937,1,True,5.7737,0.4342,.60-.70,
CELR/USDT,2025-03-20,LONG,0.6747,0.010475,0.010688,2,True,2.0334,0.6136,.60-.70,
CELR/USDT,2025-03-21,LONG,0.7894,0.010121,0.010688,1,True,5.6022,0.4886,.70-.80,
CELR/USDT,2025-03-23,LONG,0.6459,0.010351,0.011271,1,True,8.888,0.6129,.60-.70,
CELR/USDT,2025-03-25,LONG,0.5686,0.011142,0.009889,3,True,-11.2457,0.2174,.55-.60,
CELR/USDT,2025-03-27,LONG,0.8107,0.010708,0.009889,1,True,-7.6485,0.0124,>.80,
CELR/USDT,2025-03-30,LONG,0.6647,0.009155,0.009123,1,True,-0.3495,0.4617,.60-.70,
CELR/USDT,2025-04-02,LONG,0.637,0.008283,0.008289,3,True,0.0724,2.071,.60-.70,2-3x
CELR/USDT,2025-04-03,LONG,0.5508,0.008327,0.008289,2,True,-0.4563,0.1032,.55-.60,
MAGIC/USDT,2024-08-29,LONG,0.6761,0.3309,0.333,1,True,0.6346,0.1233,.60-.70,
MAGIC/USDT,2024-09-04,LONG,0.553,0.3285,0.3197,1,True,-2.6788,0.8229,.55-.60,
MAGIC/USDT,2024-09-07,LONG,0.6055,0.3143,0.3512,5,False,11.7404,0.6108,.60-.70,
MAGIC/USDT,2024-09-08,LONG,0.6587,0.3341,0.3559,5,False,6.525,1.3291,.60-.70,1-1.5x
MAGIC/USDT,2024-09-10,LONG,0.5742,0.347,0.3302,5,False,-4.8415,0.3749,.55-.60,
MAGIC/USDT,2024-09-11,LONG,0.6366,0.3291,0.317,5,False,-3.6767,1.076,.60-.70,1-1.5x
MAGIC/USDT,2024-09-13,LONG,0.5944,0.3559,0.3652,5,False,2.6131,0.2917,.55-.60,
MAGIC/USDT,2024-09-15,LONG,0.6289,0.3302,0.3829,5,False,15.96,0.9129,.60-.70,
MAGIC/USDT,2024-09-16,LONG,0.5535,0.317,0.3841,5,False,21.1672,0.9819,.55-.60,
MAGIC/USDT,2024-09-17,LONG,0.6665,0.3498,0.3614,5,False,3.3162,2.2287,.60-.70,2-3x
MAGIC/USDT,2024-09-18,LONG,0.7318,0.3652,0.3706,5,False,1.4786,0.9322,.70-.80,
MAGIC/USDT,2024-09-20,LONG,0.5565,0.3829,0.384,4,True,0.2873,1.0529,.55-.60,1-1.5x
MAGIC/USDT,2024-09-21,LONG,0.6906,0.3841,0.384,3,True,-0.026,0.0678,.60-.70,
MAGIC/USDT,2024-09-23,LONG,0.7082,0.3706,0.384,1,True,3.6158,0.5629,.70-.80,
MAGIC/USDT,2024-10-05,LONG,0.6566,0.3477,0.3517,2,True,1.1504,0.1435,.60-.70,
MAGIC/USDT,2024-10-06,LONG,0.609,0.361,0.3517,1,True,-2.5762,0.8739,.60-.70,
MAGIC/USDT,2024-10-11,LONG,0.5912,0.3382,0.3457,1,True,2.2176,0.8293,.55-.60,
MAGIC/USDT,2024-10-15,LONG,0.6691,0.3626,0.3429,2,True,-5.433,0.2742,.60-.70,
MAGIC/USDT,2024-10-18,LONG,0.5732,0.3574,0.4142,4,True,15.8926,1.1397,.55-.60,1-1.5x
MAGIC/USDT,2024-10-19,LONG,0.6094,0.3671,0.4142,3,True,12.8303,0.7195,.60-.70,
MAGIC/USDT,2024-10-20,LONG,0.9383,0.4281,0.4142,2,True,-3.2469,3.1986,>.80,3-5x
MAGIC/USDT,2024-10-21,LONG,0.9158,0.4012,0.4142,1,True,3.2403,1.2088,>.80,1-1.5x
MAGIC/USDT,2024-10-23,LONG,0.9707,0.3967,0.3933,1,True,-0.8571,0.8194,>.80,
MAGIC/USDT,2024-10-25,LONG,0.8013,0.3653,0.3598,1,True,-1.5056,1.3201,>.80,1-1.5x
MAGIC/USDT,2024-10-27,LONG,0.8311,0.3743,0.3654,1,True,-2.3778,0.7498,>.80,
MAGIC/USDT,2024-10-30,LONG,0.5707,0.3844,0.3605,1,True,-6.2175,0.1881,.55-.60,
MAGIC/USDT,2024-11-03,LONG,0.645,0.3208,0.3714,5,False,15.7731,0.9831,.60-.70,
MAGIC/USDT,2024-11-04,LONG,0.5846,0.3004,0.3906,5,False,30.0266,1.1161,.55-.60,1-1.5x
MAGIC/USDT,2024-11-05,LONG,0.5848,0.3185,0.4032,5,False,26.5934,1.0287,.55-.60,1-1.5x
MAGIC/USDT,2024-11-06,LONG,0.6574,0.3698,0.4173,5,False,12.8448,2.3378,.60-.70,2-3x
MAGIC/USDT,2024-11-08,LONG,0.5784,0.3714,0.4173,3,True,12.3586,0.0746,.55-.60,
MAGIC/USDT,2024-11-09,LONG,0.7418,0.3906,0.4173,2,True,6.8356,0.8952,.70-.80,
MAGIC/USDT,2024-11-12,LONG,0.7209,0.3913,0.3719,3,True,-4.9578,1.0829,.70-.80,1-1.5x
MAGIC/USDT,2024-11-14,LONG,0.907,0.3566,0.3719,1,True,4.2905,1.157,>.80,1-1.5x
MAGIC/USDT,2024-11-18,LONG,0.8012,0.4476,0.4818,5,False,7.6408,2.1996,>.80,2-3x
MAGIC/USDT,2024-11-19,LONG,0.8853,0.43,0.5676,5,False,32.0,0.5468,>.80,
MAGIC/USDT,2024-11-20,LONG,0.6132,0.3909,0.5226,5,False,33.6915,1.2346,.60-.70,1-1.5x
MAGIC/USDT,2024-11-21,LONG,0.7519,0.425,0.5069,5,False,19.2706,1.1558,.70-.80,1-1.5x
MAGIC/USDT,2024-11-22,LONG,0.8493,0.4388,0.5431,5,False,23.7694,0.435,>.80,
MAGIC/USDT,2024-11-23,LONG,0.8312,0.4818,0.5449,5,False,13.0967,1.3083,>.80,1-1.5x
MAGIC/USDT,2024-11-24,LONG,0.7661,0.5676,0.5449,4,True,-3.9993,2.2393,.70-.80,2-3x
MAGIC/USDT,2024-11-25,LONG,0.9317,0.5226,0.5449,3,True,4.2671,0.9524,>.80,
MAGIC/USDT,2024-11-26,LONG,0.9279,0.5069,0.5449,2,True,7.4965,0.3852,>.80,
MAGIC/USDT,2024-11-27,LONG,0.9298,0.5431,0.5449,1,True,0.3314,0.9058,>.80,
MAGIC/USDT,2024-12-01,LONG,0.8644,0.571,0.5928,1,True,3.8179,0.3704,>.80,
MAGIC/USDT,2024-12-05,LONG,0.7456,0.6512,0.7069,3,True,8.5534,0.2289,.70-.80,
MAGIC/USDT,2024-12-06,LONG,0.8028,0.6878,0.7069,2,True,2.777,0.7758,>.80,
MAGIC/USDT,2024-12-10,LONG,0.5573,0.5581,0.6303,3,True,12.9367,0.1254,.55-.60,
MAGIC/USDT,2024-12-11,LONG,0.6633,0.6692,0.6303,2,True,-5.8129,2.3387,.60-.70,2-3x
MAGIC/USDT,2024-12-12,LONG,0.6436,0.6389,0.6303,1,True,-1.3461,0.5229,.60-.70,
MAGIC/USDT,2024-12-15,LONG,0.9065,0.6023,0.4726,3,True,-21.5341,0.356,>.80,
MAGIC/USDT,2024-12-17,LONG,0.7247,0.5482,0.4726,1,True,-13.7906,0.7834,.70-.80,
MAGIC/USDT,2024-12-20,LONG,0.7865,0.4388,0.4168,1,True,-5.0137,0.4307,.70-.80,
MAGIC/USDT,2024-12-24,LONG,0.5787,0.4751,0.466,1,True,-1.9154,0.8759,.55-.60,
MAGIC/USDT,2025-01-01,LONG,0.5593,0.4409,0.6149,3,True,39.4647,0.714,.55-.60,
MAGIC/USDT,2025-01-02,LONG,0.829,0.5378,0.6149,2,True,14.3362,2.8384,>.80,2-3x
MAGIC/USDT,2025-01-03,LONG,0.6495,0.5418,0.6149,1,True,13.4921,0.0979,.60-.70,
MAGIC/USDT,2025-01-05,LONG,0.9712,0.5904,0.4709,5,False,-20.2405,0.4866,>.80,
MAGIC/USDT,2025-01-06,LONG,0.5978,0.603,0.4746,5,False,-21.2935,0.2648,.55-.60,
MAGIC/USDT,2025-01-07,LONG,0.8629,0.5343,0.4668,5,False,-12.6334,1.452,>.80,1-1.5x
MAGIC/USDT,2025-01-08,LONG,0.935,0.5097,0.4668,4,True,-8.4167,0.6131,>.80,
MAGIC/USDT,2025-01-10,LONG,0.8318,0.4709,0.4668,2,True,-0.8707,0.1089,>.80,
MAGIC/USDT,2025-01-11,LONG,0.6385,0.4746,0.4668,1,True,-1.6435,0.1027,.60-.70,
MAGIC/USDT,2025-01-13,LONG,0.5985,0.4425,0.4356,5,False,-1.5593,0.701,.55-.60,
MAGIC/USDT,2025-01-21,LONG,0.7136,0.3842,0.3643,2,True,-5.1796,0.4616,.70-.80,
MAGIC/USDT,2025-01-22,LONG,0.6677,0.3714,0.3643,1,True,-1.9117,0.504,.60-.70,
MAGIC/USDT,2025-01-24,LONG,0.7004,0.3483,0.344,3,True,-1.2346,0.7931,.70-.80,
MAGIC/USDT,2025-01-26,LONG,0.6593,0.3533,0.344,1,True,-2.6323,0.1716,.60-.70,
MAGIC/USDT,2025-01-28,LONG,0.6212,0.3163,0.3473,2,True,9.8008,1.5221,.60-.70,1.5-2x
MAGIC/USDT,2025-01-29,LONG,0.5918,0.3312,0.3473,1,True,4.8611,0.8891,.55-.60,
MAGIC/USDT,2025-02-03,LONG,0.8521,0.2558,0.2347,2,True,-8.2486,0.0242,>.80,
MAGIC/USDT,2025-02-04,LONG,0.5809,0.2391,0.2347,1,True,-1.8402,1.0589,.55-.60,1-1.5x
MAGIC/USDT,2025-02-11,LONG,0.6476,0.2342,0.2478,4,True,5.807,0.517,.60-.70,
MAGIC/USDT,2025-02-13,LONG,0.6653,0.2453,0.2478,2,True,1.0192,0.5345,.60-.70,
MAGIC/USDT,2025-02-14,LONG,0.6493,0.2554,0.2478,1,True,-2.9757,0.6726,.60-.70,
MAGIC/USDT,2025-02-17,LONG,0.5946,0.2493,0.2367,1,True,-5.0542,0.3154,.55-.60,
MAGIC/USDT,2025-02-23,LONG,0.6342,0.2429,0.2122,5,False,-12.6389,0.7966,.60-.70,
MAGIC/USDT,2025-02-26,LONG,0.6168,0.2136,0.189,5,False,-11.5169,0.2249,.60-.70,
MAGIC/USDT,2025-02-27,LONG,0.5986,0.2123,0.189,4,True,-10.975,0.1112,.55-.60,
MAGIC/USDT,2025-03-01,LONG,0.596,0.206,0.189,2,True,-8.2524,0.5615,.55-.60,
MAGIC/USDT,2025-03-04,LONG,0.5661,0.1784,0.1776,1,True,-0.4484,0.8325,.55-.60,
MAGIC/USDT,2025-03-07,LONG,0.61,0.1641,0.1395,2,True,-14.9909,0.7251,.60-.70,
MAGIC/USDT,2025-03-10,LONG,0.5667,0.1342,0.1387,2,True,3.3532,0.5439,.55-.60,
MAGIC/USDT,2025-03-11,LONG,0.6426,0.1383,0.1387,1,True,0.2892,0.4325,.60-.70,
MAGIC/USDT,2025-03-14,LONG,0.6963,0.1385,0.1353,2,True,-2.3105,0.4975,.60-.70,
MAGIC/USDT,2025-03-15,LONG,0.576,0.1458,0.1353,1,True,-7.2016,0.7395,.55-.60,
MAGIC/USDT,2025-03-17,LONG,0.7021,0.1581,0.1498,1,True,-5.2498,2.2233,.70-.80,2-3x
MAGIC/USDT,2025-03-20,LONG,0.7788,0.1456,0.1383,1,True,-5.0137,0.1607,.70-.80,
MAGIC/USDT,2025-03-23,LONG,0.7365,0.1412,0.1444,1,True,2.2663,0.3982,.70-.80,
MAGIC/USDT,2025-03-26,LONG,0.5787,0.139,0.1142,5,False,-17.8417,0.8371,.55-.60,
MAGIC/USDT,2025-03-27,LONG,0.8092,0.1378,0.1113,5,False,-19.2308,0.1428,>.80,
MAGIC/USDT,2025-03-28,LONG,0.8033,0.1236,0.0935,5,False,-24.3528,1.6071,>.80,1.5-2x
MAGIC/USDT,2025-03-29,LONG,0.5553,0.1146,0.0935,4,True,-18.4119,1.2213,.55-.60,1-1.5x
MAGIC/USDT,2025-03-30,LONG,0.6984,0.1169,0.0935,3,True,-20.0171,0.3373,.60-.70,
MAGIC/USDT,2025-03-31,LONG,0.7876,0.1142,0.0935,2,True,-18.1261,0.3914,.70-.80,
MAGIC/USDT,2025-04-06,LONG,0.9556,0.0706,0.0718,1,True,1.6997,2.043,>.80,2-3x
SSV/USDT,2024-08-29,LONG,0.832,20.09,18.24,3,True,-9.2086,0.085,>.80,
SSV/USDT,2024-08-30,LONG,0.9003,19.9,18.24,2,True,-8.3417,0.1478,>.80,
SSV/USDT,2024-09-04,LONG,0.65,18.9,18.21,1,True,-3.6508,0.2277,.60-.70,
SSV/USDT,2024-09-07,LONG,0.6891,18.0,20.66,5,False,14.7778,0.3527,.60-.70,
SSV/USDT,2024-09-08,LONG,0.713,18.68,20.51,5,False,9.7966,0.5813,.70-.80,
SSV/USDT,2024-09-10,LONG,0.5581,19.19,19.38,5,False,0.9901,0.0645,.55-.60,
SSV/USDT,2024-09-11,LONG,0.592,18.68,19.19,5,False,2.7302,0.4132,.55-.60,
SSV/USDT,2024-09-15,LONG,0.7455,19.38,19.19,1,True,-0.9804,0.5444,.70-.80,
SSV/USDT,2024-09-18,LONG,0.8987,21.85,22.47,4,True,2.8375,1.7498,>.80,1.5-2x
SSV/USDT,2024-09-20,LONG,0.5639,22.74,22.47,2,True,-1.1873,0.6533,.55-.60,
SSV/USDT,2024-09-21,LONG,0.863,22.94,22.47,1,True,-2.0488,0.1908,>.80,
SSV/USDT,2024-09-29,LONG,0.6509,25.01,23.1,1,True,-7.6369,0.2786,.60-.70,
SSV/USDT,2024-10-03,LONG,0.7166,20.74,22.11,4,True,6.6056,0.6176,.70-.80,
SSV/USDT,2024-10-04,LONG,0.7803,22.08,22.11,3,True,0.1359,1.3972,.70-.80,1-1.5x
SSV/USDT,2024-10-05,LONG,0.6519,22.88,22.11,2,True,-3.3654,0.7865,.60-.70,
SSV/USDT,2024-10-10,LONG,0.7598,20.8,21.31,3,True,2.4519,0.3936,.70-.80,
SSV/USDT,2024-10-11,LONG,0.6291,21.6,21.31,2,True,-1.3426,0.8659,.60-.70,
SSV/USDT,2024-10-12,LONG,0.5857,21.72,21.31,1,True,-1.8877,0.1256,.55-.60,
SSV/USDT,2024-10-17,LONG,0.7104,21.46,21.79,1,True,1.5377,0.6855,.70-.80,
SSV/USDT,2024-10-20,LONG,0.8841,24.08,21.44,3,True,-10.9635,2.7022,>.80,2-3x
SSV/USDT,2024-10-21,LONG,0.6917,23.02,21.44,2,True,-6.8636,0.928,.60-.70,
SSV/USDT,2024-10-24,LONG,0.8264,21.81,19.6,2,True,-10.133,0.3743,>.80,
SSV/USDT,2024-10-31,LONG,0.7249,19.31,17.08,2,True,-11.5484,1.6493,.70-.80,1.5-2x
SSV/USDT,2024-11-01,LONG,0.7469,18.04,17.08,1,True,-5.3215,1.1861,.70-.80,1-1.5x
SSV/USDT,2024-11-06,LONG,0.6546,19.84,20.22,1,True,1.9153,2.6271,.60-.70,2-3x
SSV/USDT,2024-11-08,LONG,0.7809,20.31,22.78,2,True,12.1615,0.0645,.70-.80,
SSV/USDT,2024-11-09,LONG,0.7851,21.44,22.78,1,True,6.25,0.8771,.70-.80,
SSV/USDT,2024-11-12,LONG,0.6847,20.79,18.42,3,True,-11.3997,1.4878,.60-.70,1-1.5x
SSV/USDT,2024-11-13,LONG,0.8799,18.63,18.42,2,True,-1.1272,1.4586,>.80,1-1.5x
SSV/USDT,2024-11-14,LONG,0.7715,18.12,18.42,1,True,1.6556,0.4064,.70-.80,
SSV/USDT,2024-11-20,LONG,0.5529,17.41,26.15,5,False,50.201,0.8312,.55-.60,
SSV/USDT,2024-11-22,LONG,0.8954,20.41,28.82,5,False,41.2053,0.1612,>.80,
SSV/USDT,2024-11-23,LONG,0.8456,22.56,28.82,4,True,27.7482,1.3344,>.80,1-1.5x
SSV/USDT,2024-11-24,LONG,0.6525,22.96,28.82,3,True,25.5226,0.2279,.60-.70,
SSV/USDT,2024-11-25,LONG,0.7593,26.15,28.82,2,True,10.2103,1.6973,.70-.80,1.5-2x
SSV/USDT,2024-11-26,LONG,0.8614,25.62,28.82,1,True,12.4902,0.2753,>.80,
SSV/USDT,2024-11-28,LONG,0.8389,27.68,32.2,3,True,16.3295,0.5026,>.80,
SSV/USDT,2024-11-30,LONG,0.7336,31.99,32.2,1,True,0.6565,1.9147,.70-.80,1.5-2x
SSV/USDT,2024-12-04,LONG,0.8432,33.12,34.28,2,True,3.5024,0.3266,>.80,
SSV/USDT,2024-12-05,LONG,0.8173,32.24,34.28,1,True,6.3275,0.359,>.80,
SSV/USDT,2024-12-09,LONG,0.6191,27.37,28.13,2,True,2.7768,2.2206,.60-.70,2-3x
SSV/USDT,2024-12-10,LONG,0.6131,26.22,28.13,1,True,7.2845,0.5068,.60-.70,
SSV/USDT,2024-12-12,LONG,0.7157,29.95,29.26,1,True,-2.3038,0.8263,.70-.80,
SSV/USDT,2024-12-16,LONG,0.6323,29.25,23.44,2,True,-19.8632,0.2169,.60-.70,
SSV/USDT,2024-12-17,LONG,0.5786,27.11,23.44,1,True,-13.5374,1.0486,.55-.60,1-1.5x
SSV/USDT,2024-12-20,LONG,0.8901,21.59,20.48,1,True,-5.1413,0.5203,>.80,
SSV/USDT,2024-12-24,LONG,0.6471,23.89,25.19,3,True,5.4416,0.4287,.60-.70,
SSV/USDT,2024-12-25,LONG,0.7865,23.86,25.19,2,True,5.5742,0.0164,.70-.80,
SSV/USDT,2024-12-28,LONG,0.6436,26.34,25.49,3,True,-3.227,0.539,.60-.70,
SSV/USDT,2024-12-29,LONG,0.7069,25.31,25.49,2,True,0.7112,0.5267,.70-.80,
SSV/USDT,2024-12-30,LONG,0.5967,25.93,25.49,1,True,-1.6969,0.3318,.55-.60,
SSV/USDT,2025-01-02,LONG,0.567,25.84,26.38,1,True,2.0898,0.5496,.55-.60,
SSV/USDT,2025-01-06,LONG,0.6845,25.43,20.41,4,True,-19.7405,0.1541,.60-.70,
SSV/USDT,2025-01-07,LONG,0.6282,21.77,20.41,3,True,-6.2471,2.1174,.60-.70,2-3x
SSV/USDT,2025-01-09,LONG,0.5935,20.15,20.41,1,True,1.2903,0.2968,.55-.60,
SSV/USDT,2025-01-13,LONG,0.6708,19.74,20.5,3,True,3.8501,0.316,.60-.70,
SSV/USDT,2025-01-15,LONG,0.5661,22.01,20.5,1,True,-6.8605,1.2279,.55-.60,1-1.5x
SSV/USDT,2025-01-19,LONG,0.551,19.17,18.51,2,True,-3.4429,0.4022,.55-.60,
SSV/USDT,2025-01-20,LONG,0.8006,18.26,18.51,1,True,1.3691,0.8817,>.80,
SSV/USDT,2025-01-22,LONG,0.5979,17.74,18.94,2,True,6.7644,0.7839,.55-.60,
SSV/USDT,2025-01-23,LONG,0.8966,18.3,18.94,1,True,3.4973,0.5898,>.80,
SSV/USDT,2025-01-25,LONG,0.5573,18.64,18.32,2,True,-1.7167,0.2899,.55-.60,
SSV/USDT,2025-01-26,LONG,0.8136,18.23,18.32,1,True,0.4937,0.4046,>.80,
SSV/USDT,2025-01-31,LONG,0.6117,19.39,17.2,1,True,-11.2945,0.8897,.60-.70,
SSV/USDT,2025-02-03,LONG,0.7343,13.39,11.58,3,True,-13.5176,1.0451,.70-.80,1-1.5x
SSV/USDT,2025-02-05,LONG,0.8696,12.19,11.58,1,True,-5.0041,0.6051,>.80,
SSV/USDT,2025-02-11,LONG,0.6561,11.71,12.12,3,True,3.5013,0.1477,.60-.70,
SSV/USDT,2025-02-12,LONG,0.604,12.42,12.12,2,True,-2.4155,0.9395,.60-.70,
SSV/USDT,2025-02-13,LONG,0.711,11.91,12.12,1,True,1.7632,0.6462,.70-.80,
SSV/USDT,2025-02-15,LONG,0.5785,12.05,11.92,1,True,-1.0788,0.09,.55-.60,
SSV/USDT,2025-02-17,LONG,0.5696,12.63,12.23,3,True,-3.1671,0.9081,.55-.60,
SSV/USDT,2025-02-25,LONG,0.5731,11.18,11.14,2,True,-0.3578,1.2035,.55-.60,1-1.5x
SSV/USDT,2025-02-26,LONG,0.723,11.16,11.14,1,True,-0.1792,0.0351,.70-.80,
SSV/USDT,2025-02-28,LONG,0.7599,10.72,9.59,5,False,-10.541,0.7859,.70-.80,
SSV/USDT,2025-03-01,LONG,0.6998,10.48,9.59,4,True,-8.4924,0.4654,.60-.70,
SSV/USDT,2025-03-04,LONG,0.611,9.25,9.59,1,True,3.6757,0.7742,.60-.70,
SSV/USDT,2025-03-07,LONG,0.6068,9.14,8.95,1,True,-2.0788,0.4083,.60-.70,
SSV/USDT,2025-03-11,LONG,0.6848,7.17,7.22,1,True,0.6974,0.1441,.60-.70,
SSV/USDT,2025-03-14,LONG,0.7103,7.35,7.78,1,True,5.8503,0.4596,.70-.80,
SSV/USDT,2025-03-17,LONG,0.6317,7.84,8.11,2,True,3.4439,1.0109,.60-.70,1-1.5x
SSV/USDT,2025-03-20,LONG,0.6429,7.784,7.922,2,True,1.7729,0.5173,.60-.70,
SSV/USDT,2025-03-23,LONG,0.6284,8.018,8.267,2,True,3.1055,0.2344,.60-.70,
SSV/USDT,2025-03-24,LONG,0.584,8.32,8.267,1,True,-0.637,0.7339,.55-.60,
SSV/USDT,2025-03-27,LONG,0.6852,7.827,6.69,5,False,-14.5266,0.4401,.60-.70,
SSV/USDT,2025-03-28,LONG,0.6888,7.059,6.167,5,False,-12.6364,1.8011,.60-.70,1.5-2x
SSV/USDT,2025-03-29,LONG,0.5502,6.652,6.167,4,True,-7.291,1.2157,.55-.60,1-1.5x
SSV/USDT,2025-03-30,LONG,0.6331,6.607,6.167,3,True,-6.6596,0.1545,.60-.70,
SSV/USDT,2025-03-31,LONG,0.7609,6.567,6.167,2,True,-6.0911,0.1386,.70-.80,
SSV/USDT,2025-04-03,LONG,0.6351,6.134,5.721,2,True,-6.733,0.1164,.60-.70,
LQTY/USDT,2024-08-27,LONG,0.9582,0.845,0.81,1,True,-4.142,1.4294,>.80,1-1.5x
LQTY/USDT,2024-09-01,LONG,0.7122,0.6873,0.6905,2,True,0.4656,0.7481,.70-.80,
LQTY/USDT,2024-09-04,LONG,0.7315,0.7402,0.7166,1,True,-3.1883,0.7056,.70-.80,
LQTY/USDT,2024-09-06,LONG,0.6492,0.6818,0.7678,5,False,12.6137,0.472,.60-.70,
LQTY/USDT,2024-09-07,LONG,0.7635,0.6944,0.8023,5,False,15.5386,0.182,.70-.80,
LQTY/USDT,2024-09-08,LONG,0.7517,0.727,0.917,5,False,26.1348,0.4623,.70-.80,
LQTY/USDT,2024-09-09,LONG,0.6982,0.791,0.917,4,True,15.9292,0.8601,.60-.70,
LQTY/USDT,2024-09-11,LONG,0.664,0.7678,0.917,2,True,19.4321,0.3459,.60-.70,
LQTY/USDT,2024-09-12,LONG,0.7885,0.8023,0.917,1,True,14.2964,0.7133,.70-.80,
LQTY/USDT,2024-09-15,LONG,0.5683,0.8549,0.9564,4,True,11.8727,0.8437,.55-.60,
LQTY/USDT,2024-09-16,LONG,0.9737,0.7848,0.9564,3,True,21.8654,1.3199,>.80,1-1.5x
LQTY/USDT,2024-09-17,LONG,0.6556,0.8445,0.9564,2,True,13.2504,1.1937,.60-.70,1-1.5x
LQTY/USDT,2024-09-18,LONG,0.8087,0.8978,0.9564,1,True,6.5271,0.9749,>.80,
LQTY/USDT,2024-09-20,LONG,0.579,0.9962,1.0227,4,True,2.6601,0.6467,.55-.60,
LQTY/USDT,2024-09-21,LONG,0.7932,0.9751,1.0227,3,True,4.8816,0.3457,.70-.80,
LQTY/USDT,2024-09-22,LONG,0.7801,0.9745,1.0227,2,True,4.9461,0.0103,.70-.80,
LQTY/USDT,2024-09-23,LONG,0.5816,0.9962,1.0227,1,True,2.6601,0.3916,.55-.60,
LQTY/USDT,2024-09-27,LONG,0.5937,0.9985,0.9707,1,True,-2.7842,0.8983,.55-.60,
LQTY/USDT,2024-10-03,LONG,0.5986,0.7875,0.8735,4,True,10.9206,0.2873,.55-.60,
LQTY/USDT,2024-10-04,LONG,0.6384,0.8309,0.8735,3,True,5.127,0.9905,.60-.70,
LQTY/USDT,2024-10-05,LONG,0.5924,0.8636,0.8735,2,True,1.1464,0.7173,.55-.60,
LQTY/USDT,2024-10-09,LONG,0.5807,0.8145,0.8447,2,True,3.7078,0.2886,.55-.60,
LQTY/USDT,2024-10-14,LONG,0.5658,0.8775,0.8413,5,False,-4.1254,0.865,.55-.60,
LQTY/USDT,2024-10-15,LONG,0.6387,0.8494,0.8839,5,False,4.0617,0.716,.60-.70,
LQTY/USDT,2024-10-16,LONG,0.5766,0.8166,0.8539,5,False,4.5677,0.8538,.55-.60,
LQTY/USDT,2024-10-17,LONG,0.5912,0.7882,0.8539,4,True,8.3354,0.7999,.55-.60,
LQTY/USDT,2024-10-18,LONG,0.6349,0.8397,0.8539,3,True,1.6911,1.4067,.60-.70,1-1.5x
LQTY/USDT,2024-10-19,LONG,0.5643,0.8413,0.8539,2,True,1.4977,0.0412,.55-.60,
LQTY/USDT,2024-10-20,LONG,0.6472,0.8839,0.8539,1,True,-3.394,1.1259,.60-.70,1-1.5x
LQTY/USDT,2024-10-24,LONG,0.5542,0.8237,0.8044,1,True,-2.3431,1.409,.55-.60,1-1.5x
LQTY/USDT,2024-10-28,LONG,0.6307,0.865,0.8927,3,True,3.2023,0.4517,.60-.70,
LQTY/USDT,2024-10-29,LONG,0.8694,0.9647,0.8927,2,True,-7.4635,2.3108,>.80,2-3x
LQTY/USDT,2024-10-30,LONG,0.7264,0.9411,0.8927,1,True,-5.1429,0.4916,.70-.80,
LQTY/USDT,2024-11-02,LONG,0.7155,0.871,0.8177,3,True,-6.1194,0.3669,.70-.80,
LQTY/USDT,2024-11-03,LONG,0.6417,0.8111,0.8177,2,True,0.8137,1.3394,.60-.70,1-1.5x
LQTY/USDT,2024-11-04,LONG,0.6304,0.7933,0.8177,1,True,3.0758,0.4295,.60-.70,
LQTY/USDT,2024-11-06,LONG,0.5934,0.9406,1.1165,5,False,18.7008,2.5065,.55-.60,2-3x
LQTY/USDT,2024-11-07,LONG,0.5557,0.9538,1.1165,4,True,17.0581,0.2396,.55-.60,
LQTY/USDT,2024-11-09,LONG,0.6506,0.9797,1.1165,2,True,13.9635,0.8114,.60-.70,
LQTY/USDT,2024-11-10,LONG,0.8708,1.0651,1.1165,1,True,4.8258,1.4389,>.80,1-1.5x
LQTY/USDT,2024-11-14,LONG,0.9263,1.1197,1.1237,3,True,0.3572,0.8691,>.80,
LQTY/USDT,2024-11-15,LONG,0.5668,1.0821,1.1237,2,True,3.8444,0.5867,.55-.60,
LQTY/USDT,2024-11-16,LONG,0.918,1.0844,1.1237,1,True,3.6241,0.0372,>.80,
LQTY/USDT,2024-11-20,LONG,0.8343,1.1281,1.3043,5,False,15.6192,0.0319,>.80,
LQTY/USDT,2024-11-21,LONG,0.5882,1.2121,1.2966,5,False,6.9714,1.4419,.55-.60,1-1.5x
LQTY/USDT,2024-11-23,LONG,0.7721,1.2873,1.2966,3,True,0.7224,1.1999,.70-.80,1-1.5x
LQTY/USDT,2024-11-27,LONG,0.5604,1.6363,1.5811,3,True,-3.3735,3.7587,.55-.60,3-5x
LQTY/USDT,2024-12-01,LONG,0.6356,1.5558,2.0709,5,False,33.1084,0.2245,.60-.70,
LQTY/USDT,2024-12-02,LONG,0.676,1.6392,2.0709,4,True,26.336,0.748,.60-.70,
LQTY/USDT,2024-12-03,LONG,0.7658,1.7474,2.0709,3,True,18.5132,0.9138,.70-.80,
LQTY/USDT,2024-12-04,LONG,0.6842,1.9082,2.0709,2,True,8.5264,1.2847,.60-.70,1-1.5x
LQTY/USDT,2024-12-05,LONG,0.8083,1.7834,2.0709,1,True,16.1209,0.8907,>.80,
LQTY/USDT,2024-12-08,LONG,0.649,2.6406,2.4136,3,True,-8.5965,0.3292,.60-.70,
LQTY/USDT,2024-12-09,LONG,0.5683,2.3435,2.4136,2,True,2.9913,1.0434,.55-.60,1-1.5x
LQTY/USDT,2024-12-10,LONG,0.9669,2.237,2.4136,1,True,7.8945,0.4159,>.80,
LQTY/USDT,2024-12-12,LONG,0.6053,2.5343,2.3666,1,True,-6.6172,0.4586,.60-.70,
LQTY/USDT,2024-12-14,LONG,0.7406,2.2881,2.3245,1,True,1.5908,0.2958,.70-.80,
LQTY/USDT,2024-12-16,LONG,0.6352,2.1629,1.988,1,True,-8.0864,0.6198,.60-.70,
LQTY/USDT,2024-12-18,LONG,0.8031,1.8741,1.7995,5,False,-3.9806,0.5704,>.80,
LQTY/USDT,2024-12-20,LONG,0.7262,1.7475,1.7995,3,True,2.9757,0.2329,.70-.80,
LQTY/USDT,2024-12-21,LONG,0.585,1.6062,1.7995,2,True,12.0346,0.7736,.55-.60,
LQTY/USDT,2024-12-22,LONG,0.5759,1.6154,1.7995,1,True,11.3966,0.0551,.55-.60,
LQTY/USDT,2024-12-24,LONG,0.6875,1.8938,2.0081,3,True,6.0355,0.5008,.60-.70,
LQTY/USDT,2024-12-25,LONG,0.7098,2.311,2.0081,2,True,-13.1069,1.9372,.70-.80,1.5-2x
LQTY/USDT,2024-12-29,LONG,0.7432,1.8895,1.8047,2,True,-4.488,0.2747,.70-.80,
LQTY/USDT,2024-12-30,LONG,0.7074,1.8602,1.8047,1,True,-2.9836,0.1957,.70-.80,
LQTY/USDT,2025-01-04,LONG,0.5686,1.9664,1.6701,3,True,-15.0681,0.1766,.55-.60,
LQTY/USDT,2025-01-06,LONG,0.6439,1.9617,1.6701,1,True,-14.8647,0.0872,.60-.70,
LQTY/USDT,2025-01-10,LONG,0.6703,1.5515,1.5326,2,True,-1.2182,0.2653,.60-.70,
LQTY/USDT,2025-01-15,LONG,0.5714,2.1395,2.0261,1,True,-5.3003,1.2759,.55-.60,1-1.5x
LQTY/USDT,2025-01-17,LONG,0.7346,2.0684,1.8058,2,True,-12.6958,0.315,.70-.80,
LQTY/USDT,2025-01-18,LONG,0.7677,1.9275,1.8058,1,True,-6.3139,1.0007,.70-.80,1-1.5x
LQTY/USDT,2025-01-23,LONG,0.6819,1.7978,1.5929,2,True,-11.3973,0.0634,.60-.70,
LQTY/USDT,2025-01-24,LONG,0.8954,1.6853,1.5929,1,True,-5.4827,0.7532,>.80,
LQTY/USDT,2025-01-28,LONG,0.6573,1.3874,1.5292,2,True,10.2206,1.1471,.60-.70,1-1.5x
LQTY/USDT,2025-01-29,LONG,0.614,1.5057,1.5292,1,True,1.5607,1.0518,.60-.70,1-1.5x
LQTY/USDT,2025-02-01,LONG,0.745,1.4078,1.0526,3,True,-25.2309,0.9328,.70-.80,
LQTY/USDT,2025-02-03,LONG,0.8968,1.2186,1.0526,1,True,-13.6222,0.211,>.80,
LQTY/USDT,2025-02-06,LONG,0.9772,0.9958,0.9962,1,True,0.0402,0.2833,>.80,
LQTY/USDT,2025-02-11,LONG,0.7668,1.0676,0.9835,3,True,-7.8775,0.047,.70-.80,
LQTY/USDT,2025-02-13,LONG,0.6912,1.0112,0.9835,1,True,-2.7393,0.9345,.60-.70,
LQTY/USDT,2025-02-26,LONG,0.5643,0.827,0.8467,1,True,2.3821,0.0,.55-.60,
LQTY/USDT,2025-03-04,LONG,0.6147,0.764,0.7805,1,True,2.1597,0.2796,.60-.70,
LQTY/USDT,2025-03-07,LONG,0.7239,0.771,0.7666,1,True,-0.5707,0.5014,.70-.80,
LQTY/USDT,2025-03-10,LONG,0.607,0.6718,0.7109,2,True,5.8202,0.6484,.60-.70,
LQTY/USDT,2025-03-14,LONG,0.5553,0.7092,0.7652,5,False,7.8962,0.53,.55-.60,
LQTY/USDT,2025-03-15,LONG,0.6372,0.7353,0.7391,5,False,0.5168,0.5859,.60-.70,
LQTY/USDT,2025-03-17,LONG,0.5521,0.7313,0.7391,3,True,1.0666,1.0144,.55-.60,1-1.5x
LQTY/USDT,2025-03-19,LONG,0.5865,0.7652,0.7391,1,True,-3.4109,1.0477,.55-.60,1-1.5x
LQTY/USDT,2025-03-24,LONG,0.5508,0.7813,0.7772,1,True,-0.5248,1.4619,.55-.60,1-1.5x
LQTY/USDT,2025-03-27,LONG,0.5694,0.7765,0.6689,5,False,-13.8571,0.0032,.55-.60,
LQTY/USDT,2025-03-28,LONG,0.5611,0.7056,0.5893,5,False,-16.4824,2.0191,.55-.60,2-3x
LQTY/USDT,2025-03-30,LONG,0.5544,0.6607,0.5893,3,True,-10.8067,0.0682,.55-.60,
LQTY/USDT,2025-03-31,LONG,0.5645,0.6463,0.5893,2,True,-8.8194,0.5256,.55-.60,
JOE/USDT,2024-09-04,LONG,0.5542,0.3035,0.2956,1,True,-2.603,0.7014,.55-.60,
JOE/USDT,2024-09-08,LONG,0.6812,0.3218,0.3372,2,True,4.7856,1.6731,.60-.70,1.5-2x
JOE/USDT,2024-09-11,LONG,0.6757,0.3244,0.3496,3,True,7.7682,0.9445,.60-.70,
JOE/USDT,2024-09-15,LONG,0.7027,0.3284,0.325,1,True,-1.0353,1.4933,.70-.80,1-1.5x
JOE/USDT,2024-09-17,LONG,0.5686,0.3284,0.3396,1,True,3.4105,0.2734,.55-.60,
JOE/USDT,2024-09-21,LONG,0.7233,0.3876,0.378,1,True,-2.4768,0.3186,.70-.80,
JOE/USDT,2024-09-24,LONG,0.6594,0.3928,0.4105,3,True,4.5061,0.9072,.60-.70,
JOE/USDT,2024-09-25,LONG,0.7097,0.3758,0.4105,2,True,9.2336,1.1751,.70-.80,1-1.5x
JOE/USDT,2024-09-26,LONG,0.5504,0.3946,0.4105,1,True,4.0294,1.3469,.55-.60,1-1.5x
JOE/USDT,2024-09-28,LONG,0.5979,0.3957,0.3865,1,True,-2.325,0.9844,.55-.60,
JOE/USDT,2024-10-03,LONG,0.8334,0.3085,0.3239,1,True,4.9919,0.4209,>.80,
JOE/USDT,2024-10-06,LONG,0.5702,0.338,0.3149,4,True,-6.8343,1.1339,.55-.60,1-1.5x
JOE/USDT,2024-10-07,LONG,0.9195,0.3341,0.3149,3,True,-5.7468,0.2451,>.80,
JOE/USDT,2024-10-08,LONG,0.705,0.3239,0.3149,2,True,-2.7786,0.6501,.70-.80,
JOE/USDT,2024-10-09,LONG,0.6288,0.3159,0.3149,1,True,-0.3166,0.5839,.60-.70,
JOE/USDT,2024-10-11,LONG,0.6401,0.3359,0.3664,2,True,9.0801,1.5089,.60-.70,1.5-2x
JOE/USDT,2024-10-12,LONG,0.7218,0.3586,0.3664,1,True,2.1751,1.4411,.70-.80,1-1.5x
JOE/USDT,2024-10-14,LONG,0.6702,0.3681,0.3419,3,True,-7.1176,0.0997,.60-.70,
JOE/USDT,2024-10-15,LONG,0.7898,0.3562,0.3419,2,True,-4.0146,0.7015,.70-.80,
JOE/USDT,2024-10-16,LONG,0.5847,0.3525,0.3419,1,True,-3.0071,0.2336,.55-.60,
JOE/USDT,2024-10-21,LONG,0.6915,0.3466,0.348,1,True,0.4039,1.1533,.60-.70,1-1.5x
JOE/USDT,2024-10-23,LONG,0.6661,0.3275,0.3027,2,True,-7.5725,1.6221,.60-.70,1.5-2x
JOE/USDT,2024-10-24,LONG,0.7253,0.3285,0.3027,1,True,-7.8539,0.0881,.70-.80,
JOE/USDT,2024-10-26,LONG,0.6458,0.3059,0.318,2,True,3.9555,0.2868,.60-.70,
JOE/USDT,2024-10-27,LONG,0.5665,0.3115,0.318,1,True,2.0867,0.4927,.55-.60,
JOE/USDT,2024-10-30,LONG,0.5711,0.3218,0.3068,1,True,-4.6613,0.5133,.55-.60,
JOE/USDT,2024-11-01,LONG,0.8272,0.3045,0.2966,4,True,-2.5944,0.239,>.80,
JOE/USDT,2024-11-03,LONG,0.7551,0.2914,0.2966,2,True,1.7845,0.3633,.70-.80,
JOE/USDT,2024-11-04,LONG,0.807,0.2811,0.2966,1,True,5.5141,1.1426,>.80,1-1.5x
JOE/USDT,2024-11-07,LONG,0.5847,0.3365,0.4381,4,True,30.1932,0.3236,.55-.60,
JOE/USDT,2024-11-09,LONG,0.7401,0.365,0.4381,2,True,20.0274,0.6847,.70-.80,
JOE/USDT,2024-11-10,LONG,0.5928,0.3799,0.4381,1,True,15.3198,0.9056,.55-.60,
JOE/USDT,2024-11-12,LONG,0.893,0.3912,0.3719,3,True,-4.9335,1.7839,>.80,1.5-2x
JOE/USDT,2024-11-13,LONG,0.7389,0.366,0.3719,2,True,1.612,1.0338,.70-.80,1-1.5x
JOE/USDT,2024-11-14,LONG,0.9706,0.3572,0.3719,1,True,4.1153,0.4042,>.80,
JOE/USDT,2024-11-18,LONG,0.8153,0.3911,0.4372,5,False,11.7873,0.3914,>.80,
JOE/USDT,2024-11-19,LONG,0.8704,0.3808,0.4372,4,True,14.8109,0.4218,>.80,
JOE/USDT,2024-11-20,LONG,0.5625,0.3576,0.4372,3,True,22.2595,0.9639,.55-.60,
JOE/USDT,2024-11-22,LONG,0.9184,0.4534,0.4372,1,True,-3.573,2.2457,>.80,2-3x
JOE/USDT,2024-11-24,LONG,0.7111,0.5105,0.5185,2,True,1.5671,2.1333,.70-.80,2-3x
JOE/USDT,2024-11-25,LONG,0.9672,0.4947,0.5185,1,True,4.811,0.3885,>.80,
JOE/USDT,2024-11-27,LONG,0.7551,0.5743,0.5491,1,True,-4.388,1.3606,.70-.80,1-1.5x
JOE/USDT,2024-11-30,LONG,0.6311,0.5718,0.6135,2,True,7.2928,0.0216,.60-.70,
JOE/USDT,2024-12-01,LONG,0.5669,0.5501,0.6135,1,True,11.5252,0.5004,.55-.60,
JOE/USDT,2024-12-05,LONG,0.9211,0.6005,0.621,2,True,3.4138,0.5406,>.80,
JOE/USDT,2024-12-06,LONG,0.8835,0.6395,0.621,1,True,-2.8929,0.9114,>.80,
JOE/USDT,2024-12-08,LONG,0.8471,0.6465,0.5267,3,True,-18.5305,0.5795,>.80,
JOE/USDT,2024-12-10,LONG,0.6364,0.4837,0.5267,1,True,8.8898,0.383,.60-.70,
JOE/USDT,2024-12-12,LONG,0.835,0.5673,0.5495,1,True,-3.1377,0.9207,>.80,
JOE/USDT,2024-12-16,LONG,0.5834,0.5279,0.4977,1,True,-5.7208,0.3507,.55-.60,
JOE/USDT,2024-12-18,LONG,0.8553,0.4376,0.4058,2,True,-7.2669,1.5613,>.80,1.5-2x
JOE/USDT,2024-12-30,LONG,0.6319,0.3737,0.3655,1,True,-2.1943,0.1539,.60-.70,
JOE/USDT,2025-01-03,LONG,0.5609,0.4108,0.3552,5,False,-13.5346,0.7569,.55-.60,
JOE/USDT,2025-01-06,LONG,0.5619,0.4091,0.349,3,True,-14.6908,0.1843,.55-.60,
JOE/USDT,2025-01-07,LONG,0.6082,0.3619,0.349,2,True,-3.5645,2.4038,.60-.70,2-3x
JOE/USDT,2025-01-13,LONG,0.5704,0.3348,0.3711,5,False,10.8423,0.9421,.55-.60,
JOE/USDT,2025-01-15,LONG,0.6193,0.3832,0.3284,5,False,-14.3006,2.2564,.60-.70,2-3x
JOE/USDT,2025-01-18,LONG,0.782,0.3711,0.3284,2,True,-11.5063,1.5618,.70-.80,1.5-2x
JOE/USDT,2025-01-19,LONG,0.6756,0.3256,0.3284,1,True,0.86,2.3282,.60-.70,2-3x
JOE/USDT,2025-01-21,LONG,0.7935,0.3409,0.3397,1,True,-0.352,0.7281,.70-.80,
JOE/USDT,2025-01-24,LONG,0.7125,0.331,0.3074,5,False,-7.1299,0.0538,.70-.80,
JOE/USDT,2025-01-25,LONG,0.6491,0.3379,0.3103,5,False,-8.1681,0.4104,.60-.70,
JOE/USDT,2025-01-26,LONG,0.5874,0.3464,0.3083,5,False,-10.9988,0.4899,.55-.60,
JOE/USDT,2025-01-27,LONG,0.579,0.3193,0.2808,5,False,-12.0576,1.6377,.55-.60,1.5-2x
JOE/USDT,2025-01-29,LONG,0.6023,0.3074,0.2808,3,True,-8.6532,0.729,.60-.70,
JOE/USDT,2025-02-03,LONG,0.9264,0.2386,0.2272,1,True,-4.7779,0.1494,>.80,
JOE/USDT,2025-02-06,LONG,0.9908,0.2055,0.2252,5,False,9.5864,1.2823,>.80,1-1.5x
JOE/USDT,2025-02-09,LONG,0.9419,0.219,0.243,5,False,10.9589,0.0947,>.80,
JOE/USDT,2025-02-10,LONG,0.6062,0.2267,0.2378,5,False,4.8963,0.6616,.60-.70,
JOE/USDT,2025-02-11,LONG,0.6345,0.2252,0.2378,4,True,5.595,0.1246,.60-.70,
JOE/USDT,2025-02-13,LONG,0.6237,0.238,0.2378,2,True,-0.084,0.2831,.60-.70,
JOE/USDT,2025-02-14,LONG,0.6207,0.243,0.2378,1,True,-2.1399,0.3689,.60-.70,
JOE/USDT,2025-02-17,LONG,0.5698,0.239,0.2298,1,True,-3.8494,0.0079,.55-.60,
JOE/USDT,2025-02-26,LONG,0.6333,0.219,0.215,3,True,-1.8265,0.4722,.60-.70,
JOE/USDT,2025-02-27,LONG,0.6975,0.2233,0.215,2,True,-3.717,0.422,.60-.70,
JOE/USDT,2025-03-04,LONG,0.6252,0.1934,0.2092,1,True,8.1696,0.514,.60-.70,
JOE/USDT,2025-03-06,LONG,0.7061,0.2019,0.1962,1,True,-2.8232,0.5181,.70-.80,
JOE/USDT,2025-03-11,LONG,0.5555,0.173,0.1824,1,True,5.4335,1.1208,.55-.60,1-1.5x
JOE/USDT,2025-03-14,LONG,0.6074,0.184,0.1961,5,False,6.5761,0.2571,.60-.70,
JOE/USDT,2025-03-15,LONG,0.7344,0.1938,0.1848,5,False,-4.644,0.6945,.70-.80,
JOE/USDT,2025-03-16,LONG,0.7232,0.1831,0.188,5,False,2.6761,0.7672,.70-.80,
JOE/USDT,2025-03-17,LONG,0.6214,0.1928,0.188,4,True,-2.4896,0.7248,.60-.70,
JOE/USDT,2025-03-19,LONG,0.7758,0.1961,0.188,2,True,-4.1305,0.4095,.70-.80,
JOE/USDT,2025-03-20,LONG,0.648,0.1848,0.188,1,True,1.7316,0.7782,.60-.70,
JOE/USDT,2025-03-22,LONG,0.6874,0.1919,0.1954,1,True,1.8239,0.3074,.60-.70,
JOE/USDT,2025-03-26,LONG,0.7329,0.2051,0.1755,3,True,-14.432,0.7513,.70-.80,
JOE/USDT,2025-03-27,LONG,0.7257,0.2054,0.1755,2,True,-14.557,0.0272,.70-.80,
JOE/USDT,2025-03-28,LONG,0.6855,0.185,0.1755,1,True,-5.1351,1.7022,.60-.70,1.5-2x
JOE/USDT,2025-03-30,LONG,0.6118,0.1713,0.1683,1,True,-1.7513,0.4957,.60-.70,
JOE/USDT,2025-04-03,LONG,0.9424,0.16,0.1595,2,True,-0.3125,0.7335,>.80,
ID/USDT,2024-09-23,LONG,0.5527,0.3789,0.4354,4,True,14.9116,0.0869,.55-.60,
ID/USDT,2024-09-25,LONG,0.6937,0.4108,0.4354,2,True,5.9883,2.0718,.60-.70,2-3x
ID/USDT,2024-09-30,LONG,0.8948,0.3892,0.3446,3,True,-11.4594,2.1963,>.80,2-3x
ID/USDT,2024-10-01,LONG,0.8419,0.3575,0.3446,2,True,-3.6084,1.9275,>.80,1.5-2x
ID/USDT,2024-10-02,LONG,0.7513,0.349,0.3446,1,True,-1.2607,0.5702,.70-.80,
ID/USDT,2024-10-05,LONG,0.6838,0.3586,0.3697,1,True,3.0954,0.0404,.60-.70,
ID/USDT,2024-10-10,LONG,0.9035,0.3543,0.3727,3,True,5.1933,0.1248,>.80,
ID/USDT,2024-10-11,LONG,0.5902,0.3702,0.3727,2,True,0.6753,1.1471,.55-.60,1-1.5x
ID/USDT,2024-10-12,LONG,0.6121,0.3745,0.3727,1,True,-0.4806,0.3008,.60-.70,
ID/USDT,2024-10-14,LONG,0.5733,0.3985,0.3879,1,True,-2.66,1.6696,.55-.60,1.5-2x
ID/USDT,2024-10-18,LONG,0.624,0.3794,0.4133,2,True,8.9352,0.5295,.60-.70,
ID/USDT,2024-10-21,LONG,0.9208,0.3937,0.4158,1,True,5.6134,1.3641,>.80,1-1.5x
ID/USDT,2024-10-23,LONG,0.8738,0.3967,0.4236,1,True,6.7809,1.2211,>.80,1-1.5x
ID/USDT,2024-10-25,LONG,0.9171,0.3842,0.3915,1,True,1.9001,2.0493,>.80,2-3x
ID/USDT,2024-10-27,LONG,0.9558,0.401,0.3934,1,True,-1.8953,0.5358,>.80,
ID/USDT,2024-11-01,LONG,0.8368,0.4002,0.3871,1,True,-3.2734,0.6828,>.80,
ID/USDT,2024-11-03,LONG,0.9036,0.3677,0.415,5,False,12.8637,1.0691,>.80,1-1.5x
ID/USDT,2024-11-04,LONG,0.8317,0.3493,0.415,4,True,18.809,1.0473,>.80,1-1.5x
ID/USDT,2024-11-09,LONG,0.669,0.4428,0.4124,5,False,-6.8654,1.2672,.60-.70,1-1.5x
ID/USDT,2024-11-10,LONG,0.6189,0.4642,0.4295,5,False,-7.4752,0.9255,.60-.70,
ID/USDT,2024-11-11,LONG,0.7809,0.4842,0.4295,4,True,-11.297,0.8336,.70-.80,
ID/USDT,2024-11-12,LONG,0.7541,0.4424,0.4295,3,True,-2.9159,1.5797,.70-.80,1.5-2x
ID/USDT,2024-11-13,LONG,0.7686,0.4241,0.4295,2,True,1.2733,0.7705,.70-.80,
ID/USDT,2024-11-14,LONG,0.9263,0.4124,0.4295,1,True,4.1465,0.5578,>.80,
ID/USDT,2024-11-22,LONG,0.7372,0.457,0.4895,3,True,7.1116,0.397,.70-.80,
ID/USDT,2024-11-23,LONG,0.5924,0.4812,0.4895,2,True,1.7249,0.9283,.55-.60,
ID/USDT,2024-11-24,LONG,0.6472,0.5131,0.4895,1,True,-4.5995,1.1844,.60-.70,1-1.5x
ID/USDT,2024-11-27,LONG,0.5716,0.5687,0.5547,1,True,-2.4618,1.6966,.55-.60,1.5-2x
ID/USDT,2024-11-29,LONG,0.5693,0.5694,0.5897,3,True,3.5652,0.4654,.55-.60,
ID/USDT,2024-11-30,LONG,0.6719,0.584,0.5897,2,True,0.976,0.4542,.60-.70,
ID/USDT,2024-12-01,LONG,0.598,0.601,0.5897,1,True,-1.8802,0.5184,.55-.60,
ID/USDT,2024-12-04,LONG,0.6424,0.6357,0.6516,3,True,2.5012,1.1537,.60-.70,1-1.5x
ID/USDT,2024-12-05,LONG,0.5956,0.6573,0.6516,2,True,-0.8672,0.689,.55-.60,
ID/USDT,2024-12-06,LONG,0.8584,0.6727,0.6516,1,True,-3.1366,0.4884,>.80,
ID/USDT,2024-12-08,LONG,0.5574,0.6488,0.5317,1,True,-18.0487,0.0987,.55-.60,
ID/USDT,2024-12-10,LONG,0.5816,0.5022,0.5425,3,True,8.0247,0.9192,.55-.60,
ID/USDT,2024-12-11,LONG,0.7307,0.544,0.5425,2,True,-0.2757,1.3514,.70-.80,1-1.5x
ID/USDT,2024-12-12,LONG,0.6549,0.5518,0.5425,1,True,-1.6854,0.233,.60-.70,
ID/USDT,2024-12-17,LONG,0.6604,0.4786,0.4317,1,True,-9.7994,1.0551,.60-.70,1-1.5x
ID/USDT,2024-12-20,LONG,0.7477,0.4335,0.451,1,True,4.0369,1.2409,.70-.80,1-1.5x
ID/USDT,2024-12-23,LONG,0.8389,0.4571,0.4402,4,True,-3.6972,0.2986,>.80,
ID/USDT,2024-12-25,LONG,0.6425,0.4565,0.4402,2,True,-3.5706,0.619,.60-.70,
ID/USDT,2024-12-26,LONG,0.5835,0.4286,0.4402,1,True,2.7065,0.9757,.55-.60,
ID/USDT,2024-12-28,LONG,0.6163,0.4556,0.4363,3,True,-4.2362,0.5425,.60-.70,
ID/USDT,2024-12-29,LONG,0.5971,0.4438,0.4363,2,True,-1.69,0.5015,.55-.60,
ID/USDT,2025-01-03,LONG,0.5763,0.4774,0.4378,5,False,-8.2949,0.696,.55-.60,
ID/USDT,2025-01-05,LONG,0.5708,0.4769,0.4487,5,False,-5.9132,0.0371,.55-.60,
ID/USDT,2025-01-06,LONG,0.5803,0.4886,0.4487,4,True,-8.1662,0.5639,.55-.60,
ID/USDT,2025-01-07,LONG,0.559,0.4456,0.4487,3,True,0.6957,2.0787,.55-.60,2-3x
ID/USDT,2025-01-08,LONG,0.5562,0.4378,0.4487,2,True,2.4897,0.4469,.55-.60,
ID/USDT,2025-01-09,LONG,0.5876,0.4478,0.4487,1,True,0.201,0.6452,.55-.60,
ID/USDT,2025-01-12,LONG,0.6919,0.4297,0.4659,5,False,8.4245,0.7664,.60-.70,
ID/USDT,2025-01-13,LONG,0.6213,0.4163,0.4372,5,False,5.0204,0.9252,.60-.70,
ID/USDT,2025-01-14,LONG,0.5904,0.4299,0.4372,4,True,1.6981,0.9654,.55-.60,
ID/USDT,2025-01-15,LONG,0.7639,0.4484,0.4372,3,True,-2.4978,1.3318,.70-.80,1-1.5x
ID/USDT,2025-01-21,LONG,0.6646,0.4073,0.376,3,True,-7.6848,0.6735,.60-.70,
ID/USDT,2025-01-22,LONG,0.7355,0.3922,0.376,2,True,-4.1305,0.8344,.70-.80,
ID/USDT,2025-01-23,LONG,0.6447,0.3892,0.376,1,True,-3.3916,0.1761,.60-.70,
ID/USDT,2025-01-25,LONG,0.6037,0.3774,0.3665,1,True,-2.8882,0.0851,.60-.70,
ID/USDT,2025-01-27,LONG,0.6316,0.3557,0.3576,3,True,0.5342,0.7432,.60-.70,
ID/USDT,2025-02-03,LONG,0.9212,0.2828,0.2571,1,True,-9.0877,0.0067,>.80,
ID/USDT,2025-02-06,LONG,0.9925,0.2374,0.2414,1,True,1.6849,1.2928,>.80,1-1.5x
ID/USDT,2025-02-11,LONG,0.6553,0.2707,0.3044,1,True,12.4492,0.2235,.60-.70,
ID/USDT,2025-02-13,LONG,0.7259,0.2918,0.2976,1,True,1.9877,0.6907,.70-.80,
ID/USDT,2025-02-16,LONG,0.6255,0.3168,0.3089,1,True,-2.4937,1.6903,.60-.70,1.5-2x
ID/USDT,2025-02-21,LONG,0.791,0.3034,0.276,5,False,-9.031,0.7185,.70-.80,
ID/USDT,2025-02-23,LONG,0.9738,0.2985,0.276,3,True,-7.5377,0.5555,>.80,
ID/USDT,2025-02-24,LONG,0.7123,0.2681,0.276,2,True,2.9467,1.8367,.70-.80,1.5-2x
ID/USDT,2025-03-02,LONG,0.5651,0.2875,0.2473,3,True,-13.9826,1.527,.55-.60,1.5-2x
ID/USDT,2025-03-04,LONG,0.5642,0.2363,0.2473,1,True,4.6551,0.5546,.55-.60,
ID/USDT,2025-03-06,LONG,0.5699,0.241,0.1901,4,True,-21.1203,0.4421,.55-.60,
ID/USDT,2025-03-11,LONG,0.6249,0.2028,0.2277,1,True,12.2781,1.1165,.60-.70,1-1.5x
ID/USDT,2025-03-14,LONG,0.6857,0.2335,0.2667,3,True,14.2184,0.2492,.60-.70,
ID/USDT,2025-03-15,LONG,0.7292,0.2317,0.2667,2,True,15.1057,0.1143,.70-.80,
ID/USDT,2025-03-16,LONG,0.5517,0.2516,0.2667,1,True,6.0016,1.28,.55-.60,1-1.5x
ID/USDT,2025-03-18,LONG,0.5613,0.2538,0.2574,3,True,1.4184,0.699,.55-.60,
ID/USDT,2025-03-19,LONG,0.6416,0.2538,0.2574,2,True,1.4184,0.0,.60-.70,
ID/USDT,2025-03-26,LONG,0.597,0.2506,0.2084,4,True,-16.8396,0.192,.55-.60,
ID/USDT,2025-03-27,LONG,0.7165,0.2549,0.2084,3,True,-18.2424,0.2981,.70-.80,
ID/USDT,2025-03-31,LONG,0.6142,0.2118,0.1899,3,True,-10.3399,0.3059,.60-.70,
ID/USDT,2025-04-05,LONG,0.5797,0.1879,0.16,3,True,-14.8483,0.2053,.55-.60,
ARKM/USDT,2024-10-26,LONG,0.6334,1.532,1.638,4,True,6.9191,0.3147,.60-.70,
ARKM/USDT,2024-10-28,LONG,0.8055,1.578,1.638,2,True,3.8023,0.2352,>.80,
ARKM/USDT,2024-10-29,LONG,0.576,1.703,1.638,1,True,-3.8168,1.1895,.55-.60,1-1.5x
ARKM/USDT,2024-11-01,LONG,0.5697,1.677,1.587,1,True,-5.3667,0.7252,.55-.60,
ARKM/USDT,2024-11-03,LONG,0.7056,1.649,2.122,3,True,28.6841,0.8882,.70-.80,
ARKM/USDT,2024-11-04,LONG,0.7639,1.627,2.122,2,True,30.4241,0.3101,.70-.80,
ARKM/USDT,2024-11-07,LONG,0.9301,2.324,2.202,1,True,-5.2496,1.2859,>.80,1-1.5x
ARKM/USDT,2024-11-09,LONG,0.9556,2.227,2.384,2,True,7.0498,0.1503,>.80,
ARKM/USDT,2024-11-10,LONG,0.9225,2.207,2.384,1,True,8.0199,0.1213,>.80,
ARKM/USDT,2024-11-14,LONG,0.9561,1.953,2.154,2,True,10.2919,0.7052,>.80,
ARKM/USDT,2024-11-15,LONG,0.9718,2.065,2.154,1,True,4.3099,0.7528,>.80,
ARKM/USDT,2024-11-18,LONG,0.8301,2.15,2.018,1,True,-6.1395,0.5131,>.80,
ARKM/USDT,2024-11-21,LONG,0.5956,2.101,2.053,1,True,-2.2846,0.1942,.55-.60,
ARKM/USDT,2024-11-24,LONG,0.7095,2.18,2.325,5,False,6.6514,0.272,.70-.80,
ARKM/USDT,2024-11-25,LONG,0.7266,2.096,2.325,4,True,10.9256,0.5031,.70-.80,
ARKM/USDT,2024-11-26,LONG,0.6651,2.013,2.325,3,True,15.4993,0.7738,.60-.70,
ARKM/USDT,2024-11-27,LONG,0.8179,2.214,2.325,2,True,5.0136,1.9334,>.80,1.5-2x
ARKM/USDT,2024-11-28,LONG,0.8875,2.376,2.325,1,True,-2.1465,1.3883,>.80,1-1.5x
ARKM/USDT,2024-11-30,LONG,0.8097,2.412,2.371,4,True,-1.6998,0.7001,>.80,
ARKM/USDT,2024-12-01,LONG,0.9037,2.339,2.371,3,True,1.3681,0.5933,>.80,
ARKM/USDT,2024-12-02,LONG,0.6147,2.269,2.371,2,True,4.4954,0.6246,.60-.70,
ARKM/USDT,2024-12-03,LONG,0.7376,2.398,2.371,1,True,-1.1259,1.2075,.70-.80,1-1.5x
ARKM/USDT,2024-12-05,LONG,0.5742,2.498,1.936,4,True,-22.498,1.1937,.55-.60,1-1.5x
ARKM/USDT,2024-12-06,LONG,0.7947,2.522,1.936,3,True,-23.2355,0.2173,.70-.80,
ARKM/USDT,2024-12-07,LONG,0.7792,2.408,1.936,2,True,-19.6013,1.0144,.70-.80,1-1.5x
ARKM/USDT,2024-12-08,LONG,0.6633,2.409,1.936,1,True,-19.6347,0.0094,.60-.70,
ARKM/USDT,2024-12-10,LONG,0.9479,1.877,2.093,3,True,11.5077,0.4933,>.80,
ARKM/USDT,2024-12-11,LONG,0.7429,2.024,2.093,2,True,3.4091,1.2176,.70-.80,1-1.5x
ARKM/USDT,2024-12-17,LONG,0.6549,1.891,1.704,1,True,-9.8889,0.8493,.60-.70,
ARKM/USDT,2024-12-20,LONG,0.8068,1.539,1.438,1,True,-6.5627,0.336,>.80,
ARKM/USDT,2024-12-24,LONG,0.6388,1.622,1.576,1,True,-2.836,0.5906,.60-.70,
ARKM/USDT,2024-12-27,LONG,0.7212,1.491,1.386,4,True,-7.0423,0.0696,.70-.80,
ARKM/USDT,2024-12-29,LONG,0.632,1.459,1.386,2,True,-5.0034,0.9568,.60-.70,
ARKM/USDT,2024-12-30,LONG,0.5678,1.43,1.386,1,True,-3.0769,0.3582,.55-.60,
ARKM/USDT,2025-01-01,LONG,0.5647,1.493,1.7,5,False,13.8647,1.4088,.55-.60,1-1.5x
ARKM/USDT,2025-01-03,LONG,0.6985,1.663,1.362,5,False,-18.0998,1.1446,.60-.70,1-1.5x
ARKM/USDT,2025-01-04,LONG,0.6784,1.644,1.341,5,False,-18.4307,0.2003,.60-.70,
ARKM/USDT,2025-01-06,LONG,0.6597,1.7,1.379,4,True,-18.8824,0.1266,.60-.70,
ARKM/USDT,2025-01-07,LONG,0.5555,1.48,1.379,3,True,-6.8243,2.1862,.55-.60,2-3x
ARKM/USDT,2025-01-08,LONG,0.6098,1.362,1.379,2,True,1.2482,1.4218,.60-.70,1-1.5x
ARKM/USDT,2025-01-13,LONG,0.7189,1.274,1.495,4,True,17.3469,1.0106,.70-.80,1-1.5x
ARKM/USDT,2025-01-15,LONG,0.6176,1.458,1.495,2,True,2.5377,1.6455,.60-.70,1.5-2x
ARKM/USDT,2025-01-21,LONG,0.8552,1.229,1.219,1,True,-0.8137,0.5341,>.80,
ARKM/USDT,2025-01-24,LONG,0.7855,1.217,1.146,3,True,-5.834,0.0995,.70-.80,
ARKM/USDT,2025-01-26,LONG,0.8762,1.207,1.146,1,True,-5.0539,0.3845,>.80,
ARKM/USDT,2025-01-28,LONG,0.6604,1.041,1.082,1,True,3.9385,1.7649,.60-.70,1.5-2x
ARKM/USDT,2025-01-31,LONG,0.6301,1.171,1.04,1,True,-11.187,0.4783,.60-.70,
ARKM/USDT,2025-02-03,LONG,0.9616,0.854,0.765,2,True,-10.4215,0.3635,>.80,
ARKM/USDT,2025-02-04,LONG,0.5997,0.792,0.765,1,True,-3.4091,1.1775,.55-.60,1-1.5x
ARKM/USDT,2025-02-08,LONG,0.6123,0.695,0.651,1,True,-6.3309,0.5719,.60-.70,
ARKM/USDT,2025-02-13,LONG,0.6548,0.679,0.688,2,True,1.3255,0.8078,.60-.70,
ARKM/USDT,2025-02-17,LONG,0.6652,0.681,0.6438,1,True,-5.4626,0.5486,.60-.70,
ARKM/USDT,2025-02-20,LONG,0.7236,0.6704,0.718,3,True,7.1002,0.8821,.70-.80,
ARKM/USDT,2025-02-21,LONG,0.9413,0.6358,0.718,2,True,12.9286,0.9606,>.80,
ARKM/USDT,2025-02-22,LONG,0.6992,0.7079,0.718,1,True,1.4268,2.1829,.60-.70,2-3x
ARKM/USDT,2025-02-24,LONG,0.9414,0.5977,0.6348,3,True,6.2071,2.7125,>.80,2-3x
ARKM/USDT,2025-02-26,LONG,0.5902,0.6389,0.6348,1,True,-0.6417,0.7715,.55-.60,
ARKM/USDT,2025-02-28,LONG,0.7218,0.6491,0.5558,3,True,-14.3737,0.3769,.70-.80,
ARKM/USDT,2025-03-01,LONG,0.6091,0.632,0.5558,2,True,-12.057,0.4518,.60-.70,
ARKM/USDT,2025-03-02,LONG,0.6556,0.6874,0.5558,1,True,-19.1446,1.4277,.60-.70,1-1.5x
ARKM/USDT,2025-03-04,LONG,0.7187,0.5371,0.5803,1,True,8.0432,0.4547,.70-.80,
ARKM/USDT,2025-03-08,LONG,0.7244,0.5599,0.4582,2,True,-18.164,0.4265,.70-.80,
ARKM/USDT,2025-03-16,LONG,0.5962,0.5006,0.5465,1,True,9.169,0.8555,.55-.60,
ARKM/USDT,2025-03-20,LONG,0.6208,0.5736,0.6416,4,True,11.855,0.0417,.60-.70,
ARKM/USDT,2025-03-22,LONG,0.6552,0.6269,0.6416,2,True,2.3449,1.036,.60-.70,1-1.5x
ARKM/USDT,2025-03-23,LONG,0.6022,0.6228,0.6416,1,True,3.0186,0.1087,.60-.70,
ARKM/USDT,2025-03-25,LONG,0.7256,0.6389,0.6145,1,True,-3.8191,0.0735,.70-.80,
ARKM/USDT,2025-03-28,LONG,0.6518,0.5769,0.53,2,True,-8.1297,1.3753,.60-.70,1-1.5x
ARKM/USDT,2025-03-29,LONG,0.6302,0.5335,0.53,1,True,-0.656,1.3379,.60-.70,1-1.5x
ARKM/USDT,2025-03-31,LONG,0.7508,0.5051,0.4854,5,False,-3.9002,0.9982,.70-.80,
ARKM/USDT,2025-04-01,LONG,0.5812,0.5097,0.4345,5,False,-14.7538,0.1937,.55-.60,
ARKM/USDT,2025-04-02,LONG,0.7844,0.4796,0.4345,4,True,-9.4037,1.2202,.70-.80,1-1.5x
ARKM/USDT,2025-04-03,LONG,0.8196,0.4926,0.4345,3,True,-11.7946,0.562,>.80,
ARKM/USDT,2025-04-04,LONG,0.6341,0.4987,0.4345,2,True,-12.8735,0.2574,.60-.70,
ARKM/USDT,2025-04-05,LONG,0.634,0.4854,0.4345,1,True,-10.4862,0.5743,.60-.70,
WLD/USDT,2024-08-27,LONG,0.6095,1.507,1.494,2,True,-0.8626,1.32,.60-.70,1-1.5x
WLD/USDT,2024-08-30,LONG,0.7754,1.524,1.425,5,False,-6.4961,0.3592,.70-.80,
WLD/USDT,2024-09-02,LONG,0.6412,1.477,1.425,2,True,-3.5206,0.9977,.60-.70,
WLD/USDT,2024-09-03,LONG,0.5689,1.406,1.425,1,True,1.3514,0.8964,.55-.60,
WLD/USDT,2024-09-05,LONG,0.5966,1.388,1.336,1,True,-3.7464,0.4961,.55-.60,
WLD/USDT,2024-09-07,LONG,0.6548,1.345,1.541,5,False,14.5725,0.128,.60-.70,
WLD/USDT,2024-09-08,LONG,0.649,1.396,1.52,5,False,8.8825,0.7105,.60-.70,
WLD/USDT,2024-09-10,LONG,0.5797,1.469,1.512,4,True,2.9272,0.1142,.55-.60,
WLD/USDT,2024-09-11,LONG,0.6465,1.375,1.512,3,True,9.9636,1.1692,.60-.70,1-1.5x
WLD/USDT,2024-09-15,LONG,0.6544,1.473,1.415,1,True,-3.9375,0.5346,.60-.70,
WLD/USDT,2024-09-18,LONG,0.7882,1.559,1.71,5,False,9.6857,1.1744,.70-.80,1-1.5x
WLD/USDT,2024-09-19,LONG,0.6746,1.598,1.71,4,True,7.0088,0.5348,.60-.70,
WLD/USDT,2024-09-20,LONG,0.6205,1.621,1.71,3,True,5.4904,0.3099,.60-.70,
WLD/USDT,2024-09-21,LONG,0.726,1.646,1.71,2,True,3.8882,0.3514,.70-.80,
WLD/USDT,2024-09-22,LONG,0.5862,1.563,1.71,1,True,9.405,1.1334,.55-.60,1-1.5x
WLD/USDT,2024-09-24,LONG,0.7077,1.812,2.044,5,False,12.8035,1.2348,.70-.80,1-1.5x
WLD/USDT,2024-09-25,LONG,0.8523,2.107,2.044,4,True,-2.99,2.8181,>.80,2-3x
WLD/USDT,2024-09-26,LONG,0.9343,2.033,2.044,3,True,0.5411,0.6093,>.80,
WLD/USDT,2024-09-27,LONG,0.7256,2.115,2.044,2,True,-3.357,0.6997,.70-.80,
WLD/USDT,2024-09-28,LONG,0.9543,2.011,2.044,1,True,1.641,0.822,>.80,
WLD/USDT,2024-09-30,LONG,0.7132,1.854,1.601,2,True,-13.6462,1.4408,.70-.80,1-1.5x
WLD/USDT,2024-10-01,LONG,0.8197,1.659,1.601,1,True,-3.4961,1.5535,>.80,1.5-2x
WLD/USDT,2024-10-11,LONG,0.844,1.933,2.238,5,False,15.7786,1.8501,>.80,1.5-2x
WLD/USDT,2024-10-12,LONG,0.8639,2.082,2.13,5,False,2.3055,1.0462,>.80,1-1.5x
WLD/USDT,2024-10-15,LONG,0.9144,2.394,2.427,5,False,1.3784,0.1342,>.80,
WLD/USDT,2024-10-16,LONG,0.8426,2.238,2.427,4,True,8.445,0.9025,>.80,
WLD/USDT,2024-10-17,LONG,0.9373,2.13,2.427,3,True,13.9437,0.6631,>.80,
WLD/USDT,2024-10-18,LONG,0.909,2.369,2.427,2,True,2.4483,1.4842,>.80,1-1.5x
WLD/USDT,2024-10-19,LONG,0.837,2.458,2.427,1,True,-1.2612,0.4954,>.80,
WLD/USDT,2024-10-21,LONG,0.8581,2.272,2.205,3,True,-2.9489,0.9271,>.80,
WLD/USDT,2024-10-22,LONG,0.6122,2.304,2.205,2,True,-4.2969,0.2079,.60-.70,
WLD/USDT,2024-10-23,LONG,0.6553,2.247,2.205,1,True,-1.8692,0.3617,.60-.70,
WLD/USDT,2024-11-02,LONG,0.5882,1.81,1.982,4,True,9.5028,0.5875,.55-.60,
WLD/USDT,2024-11-03,LONG,0.6411,1.728,1.982,3,True,14.6991,0.89,.60-.70,
WLD/USDT,2024-11-04,LONG,0.5684,1.658,1.982,2,True,19.5416,0.7914,.55-.60,
WLD/USDT,2024-11-09,LONG,0.7508,2.078,2.494,2,True,20.0192,1.4589,.70-.80,1-1.5x
WLD/USDT,2024-11-10,LONG,0.5876,2.117,2.494,1,True,17.8082,0.339,.55-.60,
WLD/USDT,2024-11-12,LONG,0.7936,2.455,2.303,1,True,-6.1914,0.229,.70-.80,
WLD/USDT,2024-11-14,LONG,0.9783,2.183,2.301,1,True,5.4054,0.8167,>.80,
WLD/USDT,2024-11-18,LONG,0.8208,2.397,2.29,1,True,-4.4639,1.107,>.80,1-1.5x
WLD/USDT,2024-11-22,LONG,0.7317,2.256,2.553,5,False,13.1649,0.1296,.70-.80,
WLD/USDT,2024-11-23,LONG,0.6931,2.446,2.944,5,False,20.3598,1.2149,.60-.70,1-1.5x
WLD/USDT,2024-11-24,LONG,0.5972,2.549,2.923,5,False,14.6724,0.6193,.55-.60,
WLD/USDT,2024-11-25,LONG,0.8557,2.44,2.923,4,True,19.7951,0.6226,>.80,
WLD/USDT,2024-11-26,LONG,0.8333,2.35,2.923,3,True,24.383,0.5634,>.80,
WLD/USDT,2024-11-28,LONG,0.9309,2.944,2.923,1,True,-0.7133,2.097,>.80,2-3x
WLD/USDT,2024-12-01,LONG,0.9111,3.401,3.281,1,True,-3.5284,0.7537,>.80,
WLD/USDT,2024-12-03,LONG,0.742,3.296,3.298,1,True,0.0607,0.0566,.70-.80,
WLD/USDT,2024-12-06,LONG,0.5801,3.919,2.832,4,True,-27.7367,0.6553,.55-.60,
WLD/USDT,2024-12-08,LONG,0.5663,3.81,2.832,2,True,-25.6693,0.1379,.55-.60,
WLD/USDT,2024-12-11,LONG,0.596,3.132,3.079,1,True,-1.6922,1.0772,.55-.60,1-1.5x
WLD/USDT,2024-12-15,LONG,0.6338,3.052,2.865,1,True,-6.1271,0.4433,.60-.70,
WLD/USDT,2024-12-17,LONG,0.6088,2.709,2.412,1,True,-10.9635,0.5533,.60-.70,
WLD/USDT,2024-12-19,LONG,0.5849,2.188,2.182,2,True,-0.2742,0.9532,.55-.60,
WLD/USDT,2024-12-20,LONG,0.7786,2.365,2.182,1,True,-7.7378,0.9988,.70-.80,
WLD/USDT,2024-12-22,LONG,0.6697,2.216,2.324,1,True,4.8736,0.1906,.60-.70,
WLD/USDT,2024-12-24,LONG,0.5641,2.359,2.302,1,True,-2.4163,0.1812,.55-.60,
WLD/USDT,2024-12-27,LONG,0.6641,2.186,2.231,1,True,2.0586,0.0061,.60-.70,
WLD/USDT,2024-12-29,LONG,0.5868,2.107,2.091,2,True,-0.7594,0.9717,.55-.60,
WLD/USDT,2024-12-30,LONG,0.5809,2.078,2.091,1,True,0.6256,0.2412,.55-.60,
WLD/USDT,2025-01-03,LONG,0.5685,2.411,2.381,1,True,-1.2443,0.8998,.55-.60,
WLD/USDT,2025-01-06,LONG,0.559,2.618,2.162,4,True,-17.4179,1.5584,.55-.60,1.5-2x
WLD/USDT,2025-01-07,LONG,0.5827,2.326,2.162,3,True,-7.0507,2.0068,.55-.60,2-3x
WLD/USDT,2025-01-09,LONG,0.55,2.119,2.162,1,True,2.0293,0.7456,.50-.55,
WLD/USDT,2025-01-13,LONG,0.7279,1.961,2.146,5,False,9.434,1.7566,.70-.80,1.5-2x
WLD/USDT,2025-01-16,LONG,0.6089,2.148,2.146,2,True,-0.0931,0.5497,.60-.70,
WLD/USDT,2025-01-20,LONG,0.7333,1.894,2.315,2,True,22.2281,0.1111,.70-.80,
WLD/USDT,2025-01-21,LONG,0.7552,2.129,2.315,1,True,8.7365,1.8783,.70-.80,1.5-2x
WLD/USDT,2025-01-24,LONG,0.7352,2.134,1.906,3,True,-10.6842,0.8142,.70-.80,
WLD/USDT,2025-01-25,LONG,0.8039,2.099,1.906,2,True,-9.1949,0.2379,>.80,
WLD/USDT,2025-01-26,LONG,0.7953,1.991,1.906,1,True,-4.2692,0.7771,.70-.80,
WLD/USDT,2025-01-28,LONG,0.5594,1.633,1.768,2,True,8.267,2.0833,.55-.60,2-3x
WLD/USDT,2025-01-29,LONG,0.6646,1.726,1.768,1,True,2.4334,0.8115,.60-.70,
WLD/USDT,2025-02-03,LONG,0.875,1.421,1.288,2,True,-9.3596,0.2665,>.80,
WLD/USDT,2025-02-04,LONG,0.5901,1.314,1.288,1,True,-1.9787,1.0372,.55-.60,1-1.5x
WLD/USDT,2025-02-11,LONG,0.6262,1.245,1.233,4,True,-0.9639,0.2182,.60-.70,
WLD/USDT,2025-02-14,LONG,0.6472,1.295,1.233,1,True,-4.7876,0.9682,.60-.70,
WLD/USDT,2025-02-20,LONG,0.6282,1.201,1.182,1,True,-1.582,1.1887,.60-.70,1-1.5x
WLD/USDT,2025-02-23,LONG,0.6421,1.239,1.054,1,True,-14.9314,0.344,.60-.70,
WLD/USDT,2025-02-28,LONG,0.6533,1.111,1.048,3,True,-5.6706,0.7563,.60-.70,
WLD/USDT,2025-03-01,LONG,0.5848,1.106,1.048,2,True,-5.2441,0.0896,.55-.60,
WLD/USDT,2025-03-04,LONG,0.5712,0.944,0.976,1,True,3.3898,1.5258,.55-.60,1.5-2x
WLD/USDT,2025-03-11,LONG,0.7328,0.799,0.842,1,True,5.3817,0.8092,.70-.80,
WLD/USDT,2025-03-14,LONG,0.7613,0.87,0.8371,4,True,-3.7816,0.5344,.70-.80,
WLD/USDT,2025-03-15,LONG,0.8811,0.877,0.8371,3,True,-4.5496,0.12,>.80,
WLD/USDT,2025-03-16,LONG,0.753,0.832,0.8371,2,True,0.613,0.8566,.70-.80,
WLD/USDT,2025-03-17,LONG,0.6145,0.8719,0.8371,1,True,-3.9913,0.7929,.60-.70,
WLD/USDT,2025-03-20,LONG,0.6201,0.8574,0.8264,2,True,-3.6156,0.6845,.60-.70,
WLD/USDT,2025-03-23,LONG,0.6999,0.8293,0.9293,3,True,12.0584,0.0693,.60-.70,
WLD/USDT,2025-03-24,LONG,0.6369,0.9043,0.9293,2,True,2.7646,1.7783,.60-.70,1.5-2x
WLD/USDT,2025-03-25,LONG,0.6811,0.9335,0.9293,1,True,-0.4499,0.6356,.60-.70,
WLD/USDT,2025-03-27,LONG,0.6983,0.9485,0.8409,1,True,-11.3442,0.4088,.60-.70,
WLD/USDT,2025-03-29,LONG,0.6254,0.7792,0.7691,2,True,-1.2962,1.3842,.60-.70,1-1.5x
WLD/USDT,2025-03-30,LONG,0.5992,0.779,0.7691,1,True,-1.2709,0.005,.55-.60,
BLUR/USDT,2024-08-28,LONG,0.5516,0.1607,0.1546,5,False,-3.7959,0.6159,.55-.60,
BLUR/USDT,2024-08-29,LONG,0.6613,0.1625,0.1546,4,True,-4.8615,0.2017,.60-.70,
BLUR/USDT,2024-08-30,LONG,0.7289,0.1611,0.1546,3,True,-4.0348,0.1563,.70-.80,
BLUR/USDT,2024-09-05,LONG,0.6703,0.158,0.1588,1,True,0.5063,0.3578,.60-.70,
BLUR/USDT,2024-09-07,LONG,0.7058,0.1651,0.1856,5,False,12.4167,0.8576,.70-.80,
BLUR/USDT,2024-09-08,LONG,0.7444,0.1732,0.1852,5,False,6.9284,1.0331,.70-.80,1-1.5x
BLUR/USDT,2024-09-10,LONG,0.5551,0.1818,0.1813,4,True,-0.275,0.2472,.55-.60,
BLUR/USDT,2024-09-11,LONG,0.6596,0.174,0.1813,3,True,4.1954,0.9324,.60-.70,
BLUR/USDT,2024-09-15,LONG,0.6819,0.1777,0.1702,1,True,-4.2206,0.4969,.60-.70,
BLUR/USDT,2024-09-18,LONG,0.8471,0.2015,0.2056,1,True,2.0347,3.1394,>.80,3-5x
BLUR/USDT,2024-09-20,LONG,0.6483,0.2223,0.2337,5,False,5.1282,1.5532,.60-.70,1.5-2x
BLUR/USDT,2024-09-21,LONG,0.8861,0.2201,0.2337,4,True,6.179,0.2012,>.80,
BLUR/USDT,2024-09-23,LONG,0.7106,0.2187,0.2337,2,True,6.8587,0.9369,.70-.80,
BLUR/USDT,2024-09-24,LONG,0.7937,0.2363,0.2337,1,True,-1.1003,1.5802,.70-.80,1.5-2x
BLUR/USDT,2024-09-27,LONG,0.6658,0.2426,0.2369,1,True,-2.3495,0.1375,.60-.70,
BLUR/USDT,2024-09-29,LONG,0.6304,0.2453,0.2232,1,True,-9.0094,0.6858,.60-.70,
BLUR/USDT,2024-10-03,LONG,0.6802,0.1944,0.2266,4,True,16.5638,0.9591,.60-.70,
BLUR/USDT,2024-10-04,LONG,0.7084,0.2185,0.2266,3,True,3.7071,1.9455,.70-.80,1.5-2x
BLUR/USDT,2024-10-05,LONG,0.7007,0.2226,0.2266,2,True,1.7969,0.2964,.70-.80,
BLUR/USDT,2024-10-06,LONG,0.5624,0.2257,0.2266,1,True,0.3988,0.2248,.55-.60,
BLUR/USDT,2024-10-08,LONG,0.6641,0.233,0.2134,1,True,-8.412,0.5443,.60-.70,
BLUR/USDT,2024-10-11,LONG,0.6353,0.2259,0.2351,1,True,4.0726,1.0887,.60-.70,1-1.5x
BLUR/USDT,2024-10-14,LONG,0.5583,0.2572,0.245,3,True,-4.7434,0.5407,.55-.60,
BLUR/USDT,2024-10-15,LONG,0.7089,0.246,0.245,2,True,-0.4065,0.8249,.70-.80,
BLUR/USDT,2024-10-16,LONG,0.6384,0.2401,0.245,1,True,2.0408,0.4547,.60-.70,
BLUR/USDT,2024-10-18,LONG,0.6187,0.2472,0.2419,1,True,-2.144,0.1708,.60-.70,
BLUR/USDT,2024-10-20,LONG,0.8688,0.2848,0.265,1,True,-6.9522,2.8928,>.80,2-3x
BLUR/USDT,2024-10-23,LONG,0.921,0.2527,0.2526,1,True,-0.0396,0.677,>.80,
BLUR/USDT,2024-10-26,LONG,0.7922,0.2249,0.2291,1,True,1.8675,0.0799,.70-.80,
BLUR/USDT,2024-10-28,LONG,0.6638,0.2248,0.2033,5,False,-9.5641,0.3083,.60-.70,
BLUR/USDT,2024-10-29,LONG,0.5809,0.2358,0.1922,5,False,-18.4902,0.8376,.55-.60,
BLUR/USDT,2024-10-30,LONG,0.5773,0.2355,0.1831,5,False,-22.2505,0.0218,.55-.60,
BLUR/USDT,2024-10-31,LONG,0.7676,0.2176,0.198,5,False,-9.0074,1.2705,.70-.80,1-1.5x
BLUR/USDT,2024-11-01,LONG,0.7035,0.2127,0.2199,5,False,3.385,0.3803,.70-.80,
BLUR/USDT,2024-11-02,LONG,0.5912,0.2033,0.2192,5,False,7.821,0.7667,.55-.60,
BLUR/USDT,2024-11-03,LONG,0.7493,0.1922,0.218,5,False,13.4235,0.9442,.70-.80,
BLUR/USDT,2024-11-04,LONG,0.5858,0.1831,0.2324,5,False,26.9252,0.8172,.55-.60,
BLUR/USDT,2024-11-05,LONG,0.6151,0.198,0.2413,5,False,21.8687,1.3216,.60-.70,1-1.5x
BLUR/USDT,2024-11-06,LONG,0.5775,0.2199,0.2761,5,False,25.5571,1.655,.55-.60,1.5-2x
BLUR/USDT,2024-11-07,LONG,0.6444,0.2192,0.2563,5,False,16.9252,0.0477,.60-.70,
BLUR/USDT,2024-11-08,LONG,0.7012,0.218,0.2395,5,False,9.8624,0.0821,.70-.80,
BLUR/USDT,2024-11-09,LONG,0.7295,0.2324,0.2258,5,False,-2.8399,1.2169,.70-.80,1-1.5x
BLUR/USDT,2024-11-11,LONG,0.6949,0.2761,0.2374,4,True,-14.0167,2.3022,.60-.70,2-3x
BLUR/USDT,2024-11-12,LONG,0.6579,0.2563,0.2374,3,True,-7.3742,1.1178,.60-.70,1-1.5x
BLUR/USDT,2024-11-13,LONG,0.6844,0.2395,0.2374,2,True,-0.8768,0.994,.60-.70,
BLUR/USDT,2024-11-14,LONG,0.8272,0.2258,0.2374,1,True,5.1373,0.912,>.80,
BLUR/USDT,2024-11-22,LONG,0.8779,0.2634,0.3277,5,False,24.4115,0.7289,>.80,
BLUR/USDT,2024-11-24,LONG,0.8046,0.334,0.3172,4,True,-5.0299,2.1618,>.80,2-3x
BLUR/USDT,2024-11-25,LONG,0.9134,0.3279,0.3172,3,True,-3.2632,0.2456,>.80,
BLUR/USDT,2024-11-26,LONG,0.6134,0.3137,0.3172,2,True,1.1157,0.5905,.60-.70,
BLUR/USDT,2024-11-27,LONG,0.8601,0.3277,0.3172,1,True,-3.2042,0.6088,>.80,
BLUR/USDT,2024-11-29,LONG,0.6264,0.3281,0.3982,4,True,21.3654,0.468,.60-.70,
BLUR/USDT,2024-11-30,LONG,0.692,0.3695,0.3982,3,True,7.7673,1.6362,.60-.70,1.5-2x
BLUR/USDT,2024-12-04,LONG,0.6631,0.4154,0.3475,5,False,-16.3457,0.6886,.60-.70,
BLUR/USDT,2024-12-05,LONG,0.7632,0.4168,0.338,5,False,-18.906,0.0536,.70-.80,
BLUR/USDT,2024-12-06,LONG,0.6709,0.4376,0.3587,5,False,-18.0302,0.8271,.60-.70,
BLUR/USDT,2024-12-07,LONG,0.6011,0.4206,0.3918,5,False,-6.8474,0.6711,.60-.70,
BLUR/USDT,2024-12-08,LONG,0.7269,0.4133,0.3839,5,False,-7.1135,0.2997,.70-.80,
BLUR/USDT,2024-12-12,LONG,0.7593,0.3918,0.3932,2,True,0.3573,1.3097,.70-.80,1-1.5x
BLUR/USDT,2024-12-17,LONG,0.7873,0.3357,0.2553,4,True,-23.95,1.2859,.70-.80,1-1.5x
BLUR/USDT,2024-12-18,LONG,0.5689,0.2942,0.2553,3,True,-13.2223,1.7744,.55-.60,1.5-2x
BLUR/USDT,2024-12-20,LONG,0.7202,0.2724,0.2553,1,True,-6.2775,0.2187,.70-.80,
BLUR/USDT,2024-12-23,LONG,0.8295,0.2679,0.2693,2,True,0.5226,0.7603,>.80,
BLUR/USDT,2024-12-24,LONG,0.5979,0.2787,0.2693,1,True,-3.3728,0.6224,.55-.60,
BLUR/USDT,2024-12-28,LONG,0.6198,0.2615,0.2405,3,True,-8.0306,0.6987,.60-.70,
BLUR/USDT,2024-12-29,LONG,0.6737,0.2485,0.2405,2,True,-3.2193,0.8508,.60-.70,
BLUR/USDT,2024-12-30,LONG,0.5952,0.2476,0.2405,1,True,-2.8675,0.062,.55-.60,
BLUR/USDT,2025-01-03,LONG,0.6718,0.276,0.2746,1,True,-0.5072,1.2289,.60-.70,1-1.5x
BLUR/USDT,2025-01-06,LONG,0.6528,0.2751,0.2297,4,True,-16.5031,0.2628,.60-.70,
BLUR/USDT,2025-01-13,LONG,0.6482,0.2092,0.221,5,False,5.6405,1.4478,.60-.70,1-1.5x
BLUR/USDT,2025-01-15,LONG,0.568,0.2313,0.221,3,True,-4.4531,1.5769,.55-.60,1.5-2x
BLUR/USDT,2025-01-21,LONG,0.7563,0.2053,0.197,2,True,-4.0429,0.514,.70-.80,
BLUR/USDT,2025-01-22,LONG,0.7507,0.1965,0.197,1,True,0.2545,0.8068,.70-.80,
BLUR/USDT,2025-01-24,LONG,0.6896,0.1921,0.1867,3,True,-2.811,0.4994,.60-.70,
BLUR/USDT,2025-01-25,LONG,0.5663,0.1968,0.1867,2,True,-5.1321,0.4832,.55-.60,
BLUR/USDT,2025-01-26,LONG,0.635,0.1949,0.1867,1,True,-4.2073,0.1922,.60-.70,
BLUR/USDT,2025-01-28,LONG,0.6777,0.1723,0.1766,1,True,2.4956,1.6163,.60-.70,1.5-2x
BLUR/USDT,2025-01-31,LONG,0.6252,0.1862,0.1673,1,True,-10.1504,0.1977,.60-.70,
BLUR/USDT,2025-02-03,LONG,0.9182,0.1488,0.1328,2,True,-10.7527,0.6144,>.80,
BLUR/USDT,2025-02-04,LONG,0.5683,0.1384,0.1328,1,True,-4.0462,1.2169,.55-.60,1-1.5x
BLUR/USDT,2025-02-06,LONG,0.994,0.1274,0.136,2,True,6.7504,0.7597,>.80,
BLUR/USDT,2025-02-11,LONG,0.7367,0.1356,0.1394,4,True,2.8024,0.6705,.70-.80,
BLUR/USDT,2025-02-13,LONG,0.7122,0.1404,0.1394,2,True,-0.7123,0.6279,.70-.80,
BLUR/USDT,2025-02-14,LONG,0.7076,0.1439,0.1394,1,True,-3.1272,0.4464,.70-.80,
BLUR/USDT,2025-02-16,LONG,0.5683,0.1403,0.1403,1,True,0.0,0.1157,.55-.60,
BLUR/USDT,2025-02-20,LONG,0.5991,0.143,0.1411,1,True,-1.3287,0.8249,.55-.60,
BLUR/USDT,2025-02-23,LONG,0.6272,0.147,0.1302,1,True,-11.4286,0.419,.60-.70,
BLUR/USDT,2025-02-25,LONG,0.5609,0.1322,0.1336,2,True,1.059,0.348,.55-.60,
BLUR/USDT,2025-03-07,LONG,0.6651,0.1172,0.1029,2,True,-12.2014,0.066,.60-.70,
BLUR/USDT,2025-03-11,LONG,0.7412,0.1018,0.1034,1,True,1.5717,1.0301,.70-.80,1-1.5x
BLUR/USDT,2025-03-14,LONG,0.774,0.1044,0.1024,2,True,-1.9157,0.512,.70-.80,
BLUR/USDT,2025-03-17,LONG,0.6748,0.1073,0.1055,1,True,-1.6775,0.8859,.60-.70,
BLUR/USDT,2025-03-20,LONG,0.6258,0.1075,0.106,1,True,-1.3953,0.4738,.60-.70,
BLUR/USDT,2025-03-24,LONG,0.5972,0.1181,0.1197,1,True,1.3548,0.8831,.55-.60,
BLUR/USDT,2025-03-28,LONG,0.6961,0.1111,0.1033,2,True,-7.0207,2.0358,.60-.70,2-3x
BLUR/USDT,2025-04-02,LONG,0.5981,0.0974,0.1007,1,True,3.3881,1.6987,.55-.60,1.5-2x
BLUR/USDT,2025-04-05,LONG,0.6339,0.1003,0.0905,1,True,-9.7707,0.2669,.60-.70,
ZRO/USDT,2024-09-04,LONG,0.6441,3.339,3.2,2,True,-4.1629,0.0264,.60-.70,
ZRO/USDT,2024-09-05,LONG,0.5613,3.223,3.2,1,True,-0.7136,0.6069,.55-.60,
ZRO/USDT,2024-09-07,LONG,0.6293,3.283,3.374,1,True,2.7719,0.4548,.60-.70,
ZRO/USDT,2024-09-10,LONG,0.5649,3.571,3.722,5,False,4.2285,0.0048,.55-.60,
ZRO/USDT,2024-09-17,LONG,0.5759,4.039,4.203,5,False,4.0604,0.7179,.55-.60,
ZRO/USDT,2024-09-18,LONG,0.6534,4.229,4.203,4,True,-0.6148,1.0269,.60-.70,1-1.5x
ZRO/USDT,2024-09-19,LONG,0.5663,4.27,4.203,3,True,-1.5691,0.214,.55-.60,
ZRO/USDT,2024-09-20,LONG,0.6694,4.23,4.203,2,True,-0.6383,0.2064,.60-.70,
ZRO/USDT,2024-09-21,LONG,0.6314,4.393,4.203,1,True,-4.3251,0.9279,.60-.70,
ZRO/USDT,2024-09-24,LONG,0.584,4.297,4.422,1,True,2.909,1.2816,.55-.60,1-1.5x
ZRO/USDT,2024-09-28,LONG,0.6904,5.006,4.568,2,True,-8.7495,0.1019,.60-.70,
ZRO/USDT,2024-09-29,LONG,0.7996,5.017,4.568,1,True,-8.9496,0.0547,.70-.80,
ZRO/USDT,2024-10-03,LONG,0.6937,3.943,4.225,4,True,7.1519,0.8751,.60-.70,
ZRO/USDT,2024-10-04,LONG,0.8377,4.193,4.225,3,True,0.7632,1.2259,>.80,1-1.5x
ZRO/USDT,2024-10-05,LONG,0.7961,4.105,4.225,2,True,2.9233,0.4112,.70-.80,
ZRO/USDT,2024-10-06,LONG,0.7963,4.236,4.225,1,True,-0.2597,0.6328,.70-.80,
ZRO/USDT,2024-10-10,LONG,0.8076,3.873,3.97,3,True,2.5045,0.2229,>.80,
ZRO/USDT,2024-10-11,LONG,0.6537,4.065,3.97,2,True,-2.337,0.9733,.60-.70,
ZRO/USDT,2024-10-12,LONG,0.7349,4.111,3.97,1,True,-3.4298,0.2259,.70-.80,
ZRO/USDT,2024-10-19,LONG,0.5821,3.839,3.853,2,True,0.3647,0.354,.55-.60,
ZRO/USDT,2024-10-20,LONG,0.8295,4.07,3.853,1,True,-5.3317,1.4448,>.80,1-1.5x
ZRO/USDT,2024-10-26,LONG,0.6683,3.477,3.407,1,True,-2.0132,1.218,.60-.70,1-1.5x
ZRO/USDT,2024-11-03,LONG,0.6862,3.096,3.636,5,False,17.4419,0.5422,.60-.70,
ZRO/USDT,2024-11-05,LONG,0.5945,3.096,3.854,5,False,24.4832,0.7143,.55-.60,
ZRO/USDT,2024-11-06,LONG,0.6362,3.513,4.06,5,False,15.5707,2.5736,.60-.70,2-3x
ZRO/USDT,2024-11-07,LONG,0.6549,3.671,4.06,4,True,10.5966,0.8527,.60-.70,
ZRO/USDT,2024-11-09,LONG,0.8408,3.795,4.06,2,True,6.9829,0.8443,>.80,
ZRO/USDT,2024-11-10,LONG,0.6809,3.854,4.06,1,True,5.3451,0.3079,.60-.70,
ZRO/USDT,2024-11-13,LONG,0.597,3.657,3.538,2,True,-3.254,0.3023,.55-.60,
ZRO/USDT,2024-11-14,LONG,0.9115,3.409,3.538,1,True,3.7841,1.3095,>.80,1-1.5x
ZRO/USDT,2024-11-22,LONG,0.8295,3.714,4.357,3,True,17.3129,0.5723,>.80,
ZRO/USDT,2024-11-23,LONG,0.6864,3.902,4.357,2,True,11.6607,0.9198,.60-.70,
ZRO/USDT,2024-11-24,LONG,0.7581,4.502,4.357,1,True,-3.2208,2.4657,.70-.80,2-3x
ZRO/USDT,2024-11-27,LONG,0.7551,4.89,4.75,1,True,-2.863,1.9008,.70-.80,1.5-2x
ZRO/USDT,2024-11-29,LONG,0.7321,4.854,6.298,2,True,29.7487,0.3538,.70-.80,
ZRO/USDT,2024-11-30,LONG,0.8011,4.929,6.298,1,True,27.7744,0.2497,>.80,
ZRO/USDT,2024-12-02,LONG,0.7563,6.296,6.106,1,True,-3.0178,0.0039,.70-.80,
ZRO/USDT,2024-12-04,LONG,0.989,6.231,6.309,1,True,1.2518,0.2594,>.80,
ZRO/USDT,2024-12-07,LONG,0.9425,6.733,6.604,1,True,-1.9159,0.7408,>.80,
ZRO/USDT,2024-12-09,LONG,0.8522,5.876,6.174,1,True,5.0715,1.247,>.80,1-1.5x
ZRO/USDT,2024-12-11,LONG,0.7083,6.823,6.636,2,True,-2.7407,1.2007,.70-.80,1-1.5x
ZRO/USDT,2024-12-12,LONG,0.5962,6.779,6.636,1,True,-2.1095,0.0732,.55-.60,
ZRO/USDT,2024-12-15,LONG,0.7,6.988,5.409,4,True,-22.5959,1.026,.60-.70,1-1.5x
ZRO/USDT,2024-12-18,LONG,0.8226,6.002,5.409,1,True,-9.88,0.9924,>.80,
ZRO/USDT,2024-12-20,LONG,0.9222,5.652,5.493,1,True,-2.8132,0.4926,>.80,
ZRO/USDT,2024-12-24,LONG,0.7231,5.894,6.058,1,True,2.7825,0.552,.70-.80,
ZRO/USDT,2024-12-26,LONG,0.5641,5.764,5.462,1,True,-5.2394,0.7811,.55-.60,
ZRO/USDT,2024-12-29,LONG,0.6114,5.255,5.001,2,True,-4.8335,0.8874,.60-.70,
ZRO/USDT,2024-12-30,LONG,0.6189,5.096,5.001,1,True,-1.8642,0.533,.60-.70,
ZRO/USDT,2025-01-02,LONG,0.5528,5.409,5.76,2,True,6.4892,0.6026,.55-.60,
ZRO/USDT,2025-01-03,LONG,0.5913,5.784,5.76,1,True,-0.4149,1.2527,.55-.60,1-1.5x
ZRO/USDT,2025-01-06,LONG,0.578,5.895,5.213,1,True,-11.5691,0.3938,.55-.60,
ZRO/USDT,2025-01-13,LONG,0.566,4.294,4.6,5,False,7.1262,1.3973,.55-.60,1-1.5x
ZRO/USDT,2025-01-21,LONG,0.6743,4.254,3.741,5,False,-12.0592,0.6119,.60-.70,
ZRO/USDT,2025-01-22,LONG,0.6578,4.004,3.813,5,False,-4.7702,1.0012,.60-.70,1-1.5x
ZRO/USDT,2025-01-23,LONG,0.7411,4.035,3.813,4,True,-5.5019,0.1391,.70-.80,
ZRO/USDT,2025-01-24,LONG,0.6766,3.805,3.813,3,True,0.2102,1.0122,.60-.70,1-1.5x
ZRO/USDT,2025-01-26,LONG,0.6722,3.741,3.813,1,True,1.9246,0.7095,.60-.70,
ZRO/USDT,2025-01-28,LONG,0.6356,3.406,3.488,1,True,2.4075,1.9264,.60-.70,1.5-2x
ZRO/USDT,2025-01-31,LONG,0.6744,3.765,2.806,4,True,-25.4714,0.5784,.60-.70,
ZRO/USDT,2025-02-03,LONG,0.7851,2.989,2.806,1,True,-6.1224,0.2689,.70-.80,
ZRO/USDT,2025-02-06,LONG,0.9762,2.586,2.734,3,True,5.7231,0.9085,>.80,
ZRO/USDT,2025-02-07,LONG,0.5557,2.669,2.734,2,True,2.4354,0.5835,.55-.60,
ZRO/USDT,2025-02-11,LONG,0.5736,2.89,2.994,4,True,3.5986,0.0632,.55-.60,
ZRO/USDT,2025-02-13,LONG,0.6765,2.946,2.994,2,True,1.6293,0.6264,.60-.70,
ZRO/USDT,2025-02-14,LONG,0.5776,3.128,2.994,1,True,-4.2839,1.0688,.55-.60,1-1.5x
ZRO/USDT,2025-02-16,LONG,0.5911,2.895,2.957,1,True,2.1416,0.5731,.55-.60,
ZRO/USDT,2025-02-19,LONG,0.5702,2.932,2.886,2,True,-1.5689,0.3191,.55-.60,
ZRO/USDT,2025-02-20,LONG,0.5838,3.054,2.886,1,True,-5.501,0.7915,.55-.60,
ZRO/USDT,2025-02-23,LONG,0.6351,2.94,2.485,1,True,-15.4762,0.0257,.60-.70,
ZRO/USDT,2025-02-28,LONG,0.7142,2.667,2.566,1,True,-3.787,0.2205,.70-.80,
ZRO/USDT,2025-03-04,LONG,0.5842,2.206,2.253,1,True,2.1306,0.9212,.55-.60,
ZRO/USDT,2025-03-07,LONG,0.5824,2.087,2.1,1,True,0.6229,0.5874,.55-.60,
ZRO/USDT,2025-03-11,LONG,0.604,1.671,1.805,1,True,8.0192,0.5973,.60-.70,
ZRO/USDT,2025-03-14,LONG,0.6644,1.771,2.267,1,True,28.0068,0.3787,.60-.70,
ZRO/USDT,2025-03-16,LONG,0.8849,2.271,2.43,1,True,7.0013,0.0188,>.80,
ZRO/USDT,2025-03-18,LONG,0.9706,2.412,2.519,1,True,4.4362,0.0782,>.80,
ZRO/USDT,2025-03-22,LONG,0.9326,3.321,2.863,1,True,-13.791,0.3834,>.80,
ZRO/USDT,2025-03-24,LONG,0.9282,2.841,2.982,2,True,4.963,0.0758,>.80,
ZRO/USDT,2025-03-25,LONG,0.821,3.032,2.982,1,True,-1.6491,0.6589,>.80,
ZRO/USDT,2025-03-27,LONG,0.837,3.13,2.848,1,True,-9.0096,0.4926,>.80,
ZRO/USDT,2025-03-30,LONG,0.6023,2.838,2.824,4,True,-0.4933,1.1692,.60-.70,1-1.5x
ZRO/USDT,2025-03-31,LONG,0.7241,2.807,2.824,3,True,0.6056,0.1113,.70-.80,
ZRO/USDT,2025-04-01,LONG,0.591,2.825,2.824,2,True,-0.0354,0.0657,.55-.60,
ZRO/USDT,2025-04-02,LONG,0.8114,2.718,2.824,1,True,3.8999,0.3892,>.80,
ZK/USDT,2024-09-04,LONG,0.5767,0.1027,0.1005,1,True,-2.1422,0.875,.55-.60,
ZK/USDT,2024-09-07,LONG,0.6893,0.1013,0.1146,5,False,13.1293,0.4832,.60-.70,
ZK/USDT,2024-09-08,LONG,0.6994,0.1048,0.1187,5,False,13.2634,0.7127,.60-.70,
ZK/USDT,2024-09-09,LONG,0.6356,0.112,0.1158,5,False,3.3929,1.3501,.60-.70,1-1.5x
ZK/USDT,2024-09-10,LONG,0.629,0.1112,0.1093,5,False,-1.7086,0.1439,.60-.70,
ZK/USDT,2024-09-11,LONG,0.5965,0.1079,0.1093,4,True,1.2975,0.6129,.55-.60,
ZK/USDT,2024-09-12,LONG,0.5904,0.1146,0.1093,3,True,-4.6248,1.329,.55-.60,1-1.5x
ZK/USDT,2024-09-18,LONG,0.7752,0.1178,0.1224,4,True,3.9049,1.2914,.70-.80,1-1.5x
ZK/USDT,2024-09-19,LONG,0.8369,0.1227,0.1224,3,True,-0.2445,0.894,>.80,
ZK/USDT,2024-09-20,LONG,0.638,0.1219,0.1224,2,True,0.4102,0.1427,.60-.70,
ZK/USDT,2024-09-21,LONG,0.7054,0.1284,0.1224,1,True,-4.6729,1.2016,.70-.80,1-1.5x
ZK/USDT,2024-09-23,LONG,0.7409,0.1254,0.134,1,True,6.8581,0.6303,.70-.80,
ZK/USDT,2024-09-25,LONG,0.6159,0.1314,0.1456,3,True,10.8067,0.4821,.60-.70,
ZK/USDT,2024-09-27,LONG,0.7169,0.151,0.1456,1,True,-3.5762,1.2472,.70-.80,1-1.5x
ZK/USDT,2024-09-29,LONG,0.7512,0.1465,0.1365,1,True,-6.8259,0.1413,.70-.80,
ZK/USDT,2024-10-01,LONG,0.7946,0.1218,0.1191,2,True,-2.2167,2.0067,.70-.80,2-3x
ZK/USDT,2024-10-02,LONG,0.5662,0.1237,0.1191,1,True,-3.7187,0.2991,.55-.60,
ZK/USDT,2024-10-05,LONG,0.7933,0.1245,0.1203,4,True,-3.3735,0.4321,.70-.80,
ZK/USDT,2024-10-06,LONG,0.6275,0.1291,0.1203,3,True,-6.8164,0.7037,.60-.70,
ZK/USDT,2024-10-07,LONG,0.8616,0.1312,0.1203,2,True,-8.3079,0.3128,>.80,
ZK/USDT,2024-10-08,LONG,0.6167,0.1271,0.1203,1,True,-5.3501,0.6081,.60-.70,
ZK/USDT,2024-10-10,LONG,0.7675,0.1259,0.1302,3,True,3.4154,0.875,.70-.80,
ZK/USDT,2024-10-11,LONG,0.6651,0.1312,0.1302,2,True,-0.7622,0.7988,.60-.70,
ZK/USDT,2024-10-12,LONG,0.7377,0.133,0.1302,1,True,-2.1053,0.2667,.70-.80,
ZK/USDT,2024-10-15,LONG,0.6019,0.1338,0.13,1,True,-2.8401,0.669,.60-.70,
ZK/USDT,2024-10-18,LONG,0.6407,0.1352,0.1365,5,False,0.9615,1.4603,.60-.70,1-1.5x
ZK/USDT,2024-10-19,LONG,0.6718,0.1429,0.1365,4,True,-4.4787,1.1255,.60-.70,1-1.5x
ZK/USDT,2024-10-20,LONG,0.7613,0.1489,0.1365,3,True,-8.3277,0.8613,.70-.80,
ZK/USDT,2024-10-21,LONG,0.7856,0.1426,0.1365,2,True,-4.2777,0.9942,.70-.80,
ZK/USDT,2024-10-22,LONG,0.8009,0.1448,0.1365,1,True,-5.732,0.3625,>.80,
ZK/USDT,2024-10-29,LONG,0.5952,0.1372,0.13,2,True,-5.2478,1.067,.55-.60,1-1.5x
ZK/USDT,2024-10-30,LONG,0.5783,0.14,0.13,1,True,-7.1429,0.486,.55-.60,
ZK/USDT,2024-11-03,LONG,0.7557,0.1198,0.1375,5,False,14.7746,1.1071,.70-.80,1-1.5x
ZK/USDT,2024-11-04,LONG,0.5597,0.1155,0.1375,4,True,19.0476,0.8323,.55-.60,
ZK/USDT,2024-11-05,LONG,0.5917,0.1205,0.1375,3,True,14.1079,0.9801,.55-.60,
ZK/USDT,2024-11-06,LONG,0.7153,0.1381,0.1375,2,True,-0.4345,2.6664,.70-.80,2-3x
ZK/USDT,2024-11-09,LONG,0.887,0.1451,0.1481,1,True,2.0675,1.0659,>.80,1-1.5x
ZK/USDT,2024-11-13,LONG,0.7892,0.145,0.1506,3,True,3.8621,1.3859,.70-.80,1-1.5x
ZK/USDT,2024-11-14,LONG,0.9608,0.1361,0.1506,2,True,10.6539,1.1842,>.80,1-1.5x
ZK/USDT,2024-11-15,LONG,0.7017,0.1442,0.1506,1,True,4.4383,1.1218,.70-.80,1-1.5x
ZK/USDT,2024-11-18,LONG,0.666,0.1544,0.1444,1,True,-6.4767,1.1443,.60-.70,1-1.5x
ZK/USDT,2024-11-22,LONG,0.8421,0.1558,0.1817,5,False,16.6239,0.749,>.80,
ZK/USDT,2024-11-23,LONG,0.7199,0.1661,0.1796,5,False,8.1276,1.079,.70-.80,1-1.5x
ZK/USDT,2024-11-24,LONG,0.6171,0.1741,0.1796,4,True,3.1591,0.7996,.60-.70,
ZK/USDT,2024-11-25,LONG,0.8083,0.1727,0.1796,3,True,3.9954,0.1331,>.80,
ZK/USDT,2024-11-26,LONG,0.796,0.165,0.1796,2,True,8.8485,0.8234,.70-.80,
ZK/USDT,2024-11-27,LONG,0.6068,0.1817,0.1796,1,True,-1.1558,1.7497,.60-.70,1.5-2x
ZK/USDT,2024-11-30,LONG,0.625,0.1898,0.2159,1,True,13.7513,0.2615,.60-.70,
ZK/USDT,2024-12-04,LONG,0.8727,0.2251,0.2618,3,True,16.3039,0.0078,>.80,
ZK/USDT,2024-12-05,LONG,0.7726,0.2283,0.2618,2,True,14.6737,0.2508,.70-.80,
ZK/USDT,2024-12-08,LONG,0.6141,0.2553,0.2088,1,True,-18.2139,0.4157,.60-.70,
ZK/USDT,2024-12-11,LONG,0.6099,0.2377,0.2326,2,True,-2.1456,1.3994,.60-.70,1-1.5x
ZK/USDT,2024-12-12,LONG,0.7342,0.2342,0.2326,1,True,-0.6832,0.2103,.70-.80,
ZK/USDT,2024-12-15,LONG,0.5942,0.2323,0.1982,3,True,-14.6793,0.4827,.55-.60,
ZK/USDT,2024-12-20,LONG,0.8158,0.1886,0.1719,1,True,-8.8547,0.9726,>.80,
ZK/USDT,2024-12-22,LONG,0.8028,0.1743,0.2004,1,True,14.9742,0.1962,>.80,
ZK/USDT,2024-12-24,LONG,0.6735,0.2053,0.2121,1,True,3.3122,0.3059,.60-.70,
ZK/USDT,2024-12-27,LONG,0.7088,0.1926,0.1844,4,True,-4.2575,0.0608,.70-.80,
ZK/USDT,2024-12-29,LONG,0.7099,0.1917,0.1844,2,True,-3.808,0.7612,.70-.80,
ZK/USDT,2024-12-30,LONG,0.6023,0.1918,0.1844,1,True,-3.8582,0.0079,.60-.70,
ZK/USDT,2025-01-03,LONG,0.6775,0.2148,0.1873,5,False,-12.8026,1.0116,.60-.70,1-1.5x
ZK/USDT,2025-01-04,LONG,0.6058,0.2124,0.1756,5,False,-17.3258,0.1697,.60-.70,
ZK/USDT,2025-01-06,LONG,0.664,0.2245,0.1815,5,False,-19.1537,0.7834,.60-.70,
ZK/USDT,2025-01-08,LONG,0.5715,0.1873,0.1815,3,True,-3.0966,1.0594,.55-.60,1-1.5x
ZK/USDT,2025-01-09,LONG,0.6065,0.1756,0.1815,2,True,3.3599,0.9783,.60-.70,
ZK/USDT,2025-01-10,LONG,0.7287,0.1845,0.1815,1,True,-1.626,0.8251,.70-.80,
ZK/USDT,2025-01-13,LONG,0.689,0.171,0.1759,5,False,2.8655,0.7873,.60-.70,
ZK/USDT,2025-01-20,LONG,0.6767,0.1552,0.1598,1,True,2.9639,0.4477,.60-.70,
ZK/USDT,2025-01-24,LONG,0.8123,0.1517,0.1442,3,True,-4.944,0.5151,>.80,
ZK/USDT,2025-01-26,LONG,0.742,0.1488,0.1442,1,True,-3.0914,0.4223,.70-.80,
ZK/USDT,2025-01-28,LONG,0.6253,0.1326,0.1379,1,True,3.997,1.7275,.60-.70,1.5-2x
ZK/USDT,2025-01-31,LONG,0.6282,0.1517,0.1348,1,True,-11.1404,0.847,.60-.70,
ZK/USDT,2025-02-03,LONG,0.9163,0.1218,0.1129,2,True,-7.3071,0.8013,>.80,
ZK/USDT,2025-02-04,LONG,0.6443,0.1129,0.1129,1,True,0.0,1.2422,.60-.70,1-1.5x
ZK/USDT,2025-02-11,LONG,0.6283,0.1063,0.1076,4,True,1.223,0.6883,.60-.70,
ZK/USDT,2025-02-12,LONG,0.5746,0.1123,0.1076,3,True,-4.1852,1.0004,.55-.60,1-1.5x
ZK/USDT,2025-02-13,LONG,0.5787,0.1076,0.1076,2,True,0.0,0.7383,.55-.60,
ZK/USDT,2025-02-14,LONG,0.6082,0.1124,0.1076,1,True,-4.2705,0.767,.60-.70,
ZK/USDT,2025-02-16,LONG,0.5516,0.1093,0.1096,1,True,0.2745,0.2689,.55-.60,
ZK/USDT,2025-02-20,LONG,0.5702,0.1098,0.104,1,True,-5.2823,0.5165,.55-.60,
ZK/USDT,2025-02-23,LONG,0.5635,0.1065,0.099,3,True,-7.0423,0.0717,.55-.60,
ZK/USDT,2025-02-28,LONG,0.6104,0.0974,0.088,3,True,-9.6509,0.1386,.60-.70,
ZK/USDT,2025-03-01,LONG,0.5509,0.0945,0.088,2,True,-6.8783,0.6705,.55-.60,
ZK/USDT,2025-03-07,LONG,0.5969,0.08184,0.07076,5,False,-13.5386,0.5689,.55-.60,
ZK/USDT,2025-03-11,LONG,0.6902,0.0692,0.07076,1,True,2.2543,0.9894,.60-.70,
ZK/USDT,2025-03-14,LONG,0.7285,0.06813,0.07181,3,True,5.4014,0.4585,.70-.80,
ZK/USDT,2025-03-18,LONG,0.5651,0.07067,0.07374,1,True,4.3441,0.2494,.55-.60,
ZK/USDT,2025-03-21,LONG,0.564,0.07172,0.08203,3,True,14.3753,0.0926,.55-.60,
ZK/USDT,2025-03-22,LONG,0.6506,0.08005,0.08203,2,True,2.4735,1.7457,.60-.70,1.5-2x
ZK/USDT,2025-03-25,LONG,0.6577,0.08059,0.07798,1,True,-3.2386,0.3185,.60-.70,
ZK/USDT,2025-03-27,LONG,0.7225,0.07695,0.06566,4,True,-14.6719,0.2404,.70-.80,
ZK/USDT,2025-03-28,LONG,0.5967,0.07097,0.06566,3,True,-7.482,1.3514,.55-.60,1-1.5x
ZK/USDT,2025-03-30,LONG,0.7306,0.06691,0.06566,1,True,-1.8682,0.1772,.70-.80,
ZK/USDT,2025-04-02,LONG,0.7472,0.06113,0.06116,1,True,0.0491,1.6589,.70-.80,1.5-2x
RENDER/USDT,2024-09-25,LONG,0.8112,5.915,6.442,5,False,8.9096,1.3677,>.80,1-1.5x
RENDER/USDT,2024-09-26,LONG,0.8206,6.315,6.442,4,True,2.0111,1.626,>.80,1.5-2x
RENDER/USDT,2024-09-27,LONG,0.6868,6.693,6.442,3,True,-3.7502,1.403,.60-.70,1-1.5x
RENDER/USDT,2024-09-28,LONG,0.8051,6.536,6.442,2,True,-1.4382,0.539,>.80,
RENDER/USDT,2024-09-29,LONG,0.6041,6.677,6.442,1,True,-3.5195,0.5102,.60-.70,
RENDER/USDT,2024-10-01,LONG,0.7554,5.806,5.439,1,True,-6.321,2.006,.70-.80,2-3x
RENDER/USDT,2024-10-04,LONG,0.8204,5.675,5.435,2,True,-4.2291,1.4533,>.80,1-1.5x
RENDER/USDT,2024-10-05,LONG,0.7662,5.447,5.435,1,True,-0.2203,0.7428,.70-.80,
RENDER/USDT,2024-10-07,LONG,0.8949,5.246,5.347,1,True,1.9253,0.6462,>.80,
RENDER/USDT,2024-10-09,LONG,0.5595,5.068,5.089,1,True,0.4144,0.9616,.55-.60,
RENDER/USDT,2024-10-13,LONG,0.7454,5.387,5.409,5,False,0.4084,0.2407,.70-.80,
RENDER/USDT,2024-10-16,LONG,0.6138,5.366,5.361,3,True,-0.0932,0.4923,.60-.70,
RENDER/USDT,2024-10-17,LONG,0.5549,5.223,5.361,2,True,2.6422,0.6334,.55-.60,
RENDER/USDT,2024-10-18,LONG,0.6855,5.409,5.361,1,True,-0.8874,0.8234,.60-.70,
RENDER/USDT,2024-10-20,LONG,0.7078,5.514,4.612,5,False,-16.3584,0.6627,.70-.80,
RENDER/USDT,2024-10-21,LONG,0.8088,5.237,4.612,4,True,-11.9343,1.2957,>.80,1-1.5x
RENDER/USDT,2024-10-23,LONG,0.6819,5.1,4.612,2,True,-9.5686,0.6113,.60-.70,
RENDER/USDT,2024-10-24,LONG,0.7957,5.203,4.612,1,True,-11.3588,0.6548,.70-.80,
RENDER/USDT,2024-10-26,LONG,0.6213,4.792,4.872,1,True,1.6694,0.9728,.60-.70,
RENDER/USDT,2024-11-02,LONG,0.6269,4.603,4.224,2,True,-8.2338,0.5153,.60-.70,
RENDER/USDT,2024-11-03,LONG,0.6821,4.449,4.224,1,True,-5.0573,0.896,.60-.70,
RENDER/USDT,2024-11-06,LONG,0.6526,5.048,5.631,4,True,11.5491,2.7269,.60-.70,2-3x
RENDER/USDT,2024-11-08,LONG,0.5588,4.975,5.631,2,True,13.1859,0.1921,.55-.60,
RENDER/USDT,2024-11-09,LONG,0.8118,5.306,5.631,1,True,6.1251,1.2398,>.80,1-1.5x
RENDER/USDT,2024-11-11,LONG,0.8689,6.92,7.208,1,True,4.1618,3.1124,>.80,3-5x
RENDER/USDT,2024-11-14,LONG,0.9793,6.568,7.085,3,True,7.8715,0.8787,>.80,
RENDER/USDT,2024-11-15,LONG,0.6739,6.918,7.085,2,True,2.414,0.759,.60-.70,
RENDER/USDT,2024-11-16,LONG,0.6596,7.039,7.085,1,True,0.6535,0.2491,.60-.70,
RENDER/USDT,2024-11-20,LONG,0.9453,7.344,7.578,2,True,3.1863,0.9454,>.80,
RENDER/USDT,2024-11-21,LONG,0.5571,7.346,7.578,1,True,3.1582,0.0038,.55-.60,
RENDER/USDT,2024-11-25,LONG,0.9426,7.504,7.442,1,True,-0.8262,0.9562,>.80,
RENDER/USDT,2024-11-28,LONG,0.9428,8.542,8.732,1,True,2.2243,1.2118,>.80,1-1.5x
RENDER/USDT,2024-12-01,LONG,0.8903,8.714,8.744,1,True,0.3443,0.4296,>.80,
RENDER/USDT,2024-12-03,LONG,0.7707,8.92,8.673,1,True,-2.7691,0.4645,.70-.80,
RENDER/USDT,2024-12-05,LONG,0.7916,10.091,10.27,3,True,1.7739,3.1325,.70-.80,3-5x
RENDER/USDT,2024-12-06,LONG,0.705,10.472,10.27,2,True,-1.929,0.7215,.70-.80,
RENDER/USDT,2024-12-11,LONG,0.6536,9.61,9.492,1,True,-1.2279,1.637,.60-.70,1.5-2x
RENDER/USDT,2024-12-15,LONG,0.8215,9.323,8.904,1,True,-4.4943,0.4553,>.80,
RENDER/USDT,2024-12-17,LONG,0.5885,8.521,7.766,1,True,-8.8605,0.6984,.55-.60,
RENDER/USDT,2024-12-19,LONG,0.718,7.24,7.11,2,True,-1.7956,1.0634,.70-.80,1-1.5x
RENDER/USDT,2024-12-20,LONG,0.8615,7.372,7.11,1,True,-3.554,0.2862,>.80,
RENDER/USDT,2024-12-28,LONG,0.5604,7.154,6.797,3,True,-4.9902,0.4153,.55-.60,
RENDER/USDT,2024-12-29,LONG,0.6333,6.843,6.797,2,True,-0.6722,0.907,.60-.70,
RENDER/USDT,2024-12-30,LONG,0.638,6.849,6.797,1,True,-0.7592,0.0183,.60-.70,
RENDER/USDT,2025-01-03,LONG,0.6176,8.059,8.061,1,True,0.0248,1.1673,.60-.70,1-1.5x
RENDER/USDT,2025-01-10,LONG,0.6813,7.29,7.358,1,True,0.9328,0.7193,.60-.70,
RENDER/USDT,2025-01-14,LONG,0.5715,7.022,7.684,1,True,9.4275,0.1559,.55-.60,
RENDER/USDT,2025-01-17,LONG,0.6148,7.967,7.471,1,True,-6.2257,1.2242,.60-.70,1-1.5x
RENDER/USDT,2025-01-21,LONG,0.805,7.244,7.052,1,True,-2.6505,1.2826,>.80,1-1.5x
RENDER/USDT,2025-01-24,LONG,0.7723,6.878,6.968,1,True,1.3085,0.4583,.70-.80,
RENDER/USDT,2025-01-26,LONG,0.8334,6.729,6.222,1,True,-7.5346,0.6406,>.80,
RENDER/USDT,2025-01-28,LONG,0.74,5.539,5.481,1,True,-1.0471,1.9722,.70-.80,1.5-2x
RENDER/USDT,2025-01-30,LONG,0.5565,5.875,5.854,1,True,-0.3574,1.2812,.55-.60,1-1.5x
RENDER/USDT,2025-02-03,LONG,0.859,5.044,4.615,1,True,-8.5052,1.1058,>.80,1-1.5x
RENDER/USDT,2025-02-05,LONG,0.6379,4.464,4.188,1,True,-6.1828,0.5192,.60-.70,
RENDER/USDT,2025-02-10,LONG,0.621,4.453,4.726,4,True,6.1307,0.8779,.60-.70,
RENDER/USDT,2025-02-11,LONG,0.7085,4.459,4.726,3,True,5.9879,0.024,.70-.80,
RENDER/USDT,2025-02-13,LONG,0.6846,4.503,4.726,1,True,4.9523,0.5442,.60-.70,
RENDER/USDT,2025-02-16,LONG,0.5606,4.473,4.381,1,True,-2.0568,0.3898,.55-.60,
RENDER/USDT,2025-02-18,LONG,0.6898,4.182,4.169,3,True,-0.3109,0.8433,.60-.70,
RENDER/USDT,2025-02-19,LONG,0.6147,4.242,4.169,2,True,-1.7209,0.2837,.60-.70,
RENDER/USDT,2025-02-20,LONG,0.7116,4.442,4.169,1,True,-6.1459,0.8995,.70-.80,
RENDER/USDT,2025-02-25,LONG,0.6555,3.663,3.769,1,True,2.8938,0.1591,.60-.70,
RENDER/USDT,2025-02-28,LONG,0.6033,3.817,3.723,3,True,-2.4627,0.5105,.60-.70,
RENDER/USDT,2025-03-01,LONG,0.6081,3.805,3.723,2,True,-2.1551,0.0722,.60-.70,
RENDER/USDT,2025-03-07,LONG,0.6391,3.588,3.079,5,False,-14.1862,0.8473,.60-.70,
RENDER/USDT,2025-03-10,LONG,0.6147,2.731,3.079,2,True,12.7426,1.2973,.60-.70,1-1.5x
RENDER/USDT,2025-03-11,LONG,0.6787,2.957,3.079,1,True,4.1258,1.0522,.60-.70,1-1.5x
RENDER/USDT,2025-03-14,LONG,0.6714,3.158,3.109,2,True,-1.5516,0.8152,.60-.70,
RENDER/USDT,2025-03-15,LONG,0.7292,3.257,3.109,1,True,-4.5441,0.3923,.70-.80,
RENDER/USDT,2025-03-18,LONG,0.6345,3.232,3.429,1,True,6.0953,0.0286,.60-.70,
RENDER/USDT,2025-03-21,LONG,0.622,3.21,3.317,1,True,3.3333,0.4159,.60-.70,
RENDER/USDT,2025-03-23,LONG,0.5858,3.471,3.728,5,False,7.4042,0.7916,.55-.60,
RENDER/USDT,2025-03-24,LONG,0.66,3.789,3.506,5,False,-7.469,1.5041,.60-.70,1.5-2x
RENDER/USDT,2025-03-25,LONG,0.6672,4.036,3.413,5,False,-15.4361,1.0632,.60-.70,1-1.5x
RENDER/USDT,2025-03-26,LONG,0.7077,3.921,3.403,5,False,-13.2109,0.4621,.70-.80,
RENDER/USDT,2025-03-27,LONG,0.6916,3.922,3.403,4,True,-13.233,0.0043,.60-.70,
RENDER/USDT,2025-03-28,LONG,0.6557,3.728,3.403,3,True,-8.7178,0.8129,.60-.70,
RENDER/USDT,2025-03-29,LONG,0.7006,3.506,3.403,2,True,-2.9378,1.1052,.70-.80,1-1.5x
RENDER/USDT,2025-03-30,LONG,0.5726,3.413,3.403,1,True,-0.293,0.5466,.55-.60,
RENDER/USDT,2025-04-02,LONG,0.6014,3.31,3.301,1,True,-0.2719,1.9311,.60-.70,1.5-2x
RENDER/USDT,2025-04-04,LONG,0.6994,3.232,3.166,1,True,-2.0421,0.4024,.60-.70,
TON/USDT,2024-08-28,LONG,0.9325,5.522,5.455,1,True,-1.2133,0.2969,>.80,
TON/USDT,2024-08-30,LONG,0.7265,5.372,5.421,1,True,0.9121,0.3008,.70-.80,
TON/USDT,2024-09-02,LONG,0.6237,5.218,4.89,1,True,-6.2859,0.1309,.60-.70,
TON/USDT,2024-09-06,LONG,0.7294,4.657,4.669,1,True,0.2577,0.6582,.70-.80,
TON/USDT,2024-09-13,LONG,0.5692,5.778,5.64,5,False,-2.3884,0.7462,.55-.60,
TON/USDT,2024-09-14,LONG,0.5513,5.674,5.64,4,True,-0.5992,0.3841,.55-.60,
TON/USDT,2024-09-15,LONG,0.5623,5.553,5.64,3,True,1.5667,0.5419,.55-.60,
TON/USDT,2024-09-17,LONG,0.6458,5.522,5.64,1,True,2.1369,0.1816,.60-.70,
TON/USDT,2024-09-20,LONG,0.6435,5.585,5.62,2,True,0.6267,0.4664,.60-.70,
TON/USDT,2024-09-21,LONG,0.6732,5.673,5.62,1,True,-0.9342,0.4395,.60-.70,
TON/USDT,2024-09-26,LONG,0.5752,5.793,5.883,2,True,1.5536,0.3718,.55-.60,
TON/USDT,2024-10-03,LONG,0.7156,5.332,5.314,3,True,-0.3376,0.3767,.70-.80,
TON/USDT,2024-10-04,LONG,0.6211,5.401,5.314,2,True,-1.6108,0.6279,.60-.70,
TON/USDT,2024-10-05,LONG,0.6355,5.235,5.314,1,True,1.5091,1.4521,.60-.70,1-1.5x
TON/USDT,2024-10-10,LONG,0.7034,5.138,5.194,3,True,1.0899,0.6478,.70-.80,
TON/USDT,2024-10-12,LONG,0.5915,5.242,5.194,1,True,-0.9157,0.284,.55-.60,
TON/USDT,2024-10-17,LONG,0.583,5.183,5.195,4,True,0.2315,0.4217,.55-.60,
TON/USDT,2024-10-20,LONG,0.5709,5.357,5.195,1,True,-3.0241,0.8343,.55-.60,
TON/USDT,2024-10-28,LONG,0.6204,5.016,4.895,4,True,-2.4123,0.1684,.60-.70,
TON/USDT,2024-10-29,LONG,0.6389,5.018,4.895,3,True,-2.4512,0.0182,.60-.70,
TON/USDT,2024-10-30,LONG,0.6697,4.99,4.895,2,True,-1.9038,0.2579,.60-.70,
TON/USDT,2024-10-31,LONG,0.6372,4.847,4.895,1,True,0.9903,1.2935,.60-.70,1-1.5x
TON/USDT,2024-11-02,LONG,0.6519,4.874,4.699,2,True,-3.5905,0.1931,.60-.70,
TON/USDT,2024-11-03,LONG,0.6302,4.819,4.699,1,True,-2.4901,0.5294,.60-.70,
TON/USDT,2024-11-08,LONG,0.5698,4.924,5.498,3,True,11.6572,0.1399,.55-.60,
TON/USDT,2024-11-10,LONG,0.6769,5.276,5.498,1,True,4.2077,0.236,.60-.70,
TON/USDT,2024-11-12,LONG,0.7475,5.467,5.38,3,True,-1.5914,0.2019,.70-.80,
TON/USDT,2024-11-13,LONG,0.5637,5.258,5.38,2,True,2.3203,1.2989,.55-.60,1-1.5x
TON/USDT,2024-11-14,LONG,0.947,5.236,5.38,1,True,2.7502,0.1714,>.80,
TON/USDT,2024-11-17,LONG,0.9192,5.383,5.577,1,True,3.6039,1.6347,>.80,1.5-2x
TON/USDT,2024-11-21,LONG,0.5619,5.506,6.15,3,True,11.6963,1.303,.55-.60,1-1.5x
TON/USDT,2024-11-22,LONG,0.6658,5.451,6.15,2,True,12.8233,0.3175,.60-.70,
TON/USDT,2024-11-23,LONG,0.888,6.315,6.15,1,True,-2.6128,3.4415,>.80,3-5x
TON/USDT,2024-11-26,LONG,0.9592,6.136,6.371,1,True,3.8299,0.214,>.80,
TON/USDT,2024-11-30,LONG,0.6687,6.821,6.773,3,True,-0.7037,1.2559,.60-.70,1-1.5x
TON/USDT,2024-12-01,LONG,0.5954,6.836,6.773,2,True,-0.9216,0.0482,.55-.60,
TON/USDT,2024-12-02,LONG,0.6137,6.568,6.773,1,True,3.1212,0.8356,.60-.70,
TON/USDT,2024-12-06,LONG,0.8668,6.797,6.798,1,True,0.0147,0.0131,>.80,
TON/USDT,2024-12-09,LONG,0.6884,5.779,6.333,4,True,9.5864,2.671,.60-.70,2-3x
TON/USDT,2024-12-10,LONG,0.7968,5.938,6.333,3,True,6.6521,0.501,.70-.80,
TON/USDT,2024-12-11,LONG,0.5761,6.342,6.333,2,True,-0.1419,1.2124,.55-.60,1-1.5x
TON/USDT,2024-12-14,LONG,0.7772,6.248,5.439,4,True,-12.9481,0.3104,.70-.80,
TON/USDT,2024-12-15,LONG,0.6647,6.392,5.439,3,True,-14.9093,0.5315,.60-.70,
TON/USDT,2024-12-16,LONG,0.6668,6.059,5.439,2,True,-10.2327,1.1561,.60-.70,1-1.5x
TON/USDT,2024-12-19,LONG,0.6601,5.199,5.31,2,True,2.135,0.9277,.60-.70,
TON/USDT,2024-12-20,LONG,0.964,5.451,5.31,1,True,-2.5867,1.0334,>.80,1-1.5x
TON/USDT,2024-12-24,LONG,0.6051,5.797,5.947,1,True,2.5875,0.7421,.60-.70,
TON/USDT,2024-12-26,LONG,0.6357,5.732,5.507,5,False,-3.9253,0.7395,.60-.70,
TON/USDT,2024-12-27,LONG,0.7386,5.735,5.507,4,True,-3.9756,0.0107,.70-.80,
TON/USDT,2024-12-28,LONG,0.5628,5.812,5.507,3,True,-5.2478,0.2734,.55-.60,
TON/USDT,2024-12-29,LONG,0.6347,5.635,5.507,2,True,-2.2715,0.8269,.60-.70,
TON/USDT,2024-12-30,LONG,0.5933,5.58,5.507,1,True,-1.3082,0.2691,.55-.60,
TON/USDT,2025-01-03,LONG,0.6443,5.801,5.726,1,True,-1.2929,0.7929,.60-.70,
TON/USDT,2025-01-06,LONG,0.6163,5.71,5.309,2,True,-7.0228,0.0813,.60-.70,
TON/USDT,2025-01-07,LONG,0.5622,5.317,5.309,1,True,-0.1505,2.2625,.55-.60,2-3x
TON/USDT,2025-01-13,LONG,0.6596,5.298,5.361,1,True,1.1891,0.0699,.60-.70,
TON/USDT,2025-01-25,LONG,0.7386,5.079,4.783,3,True,-5.8279,0.06,.70-.80,
TON/USDT,2025-01-26,LONG,0.5843,4.93,4.783,2,True,-2.9817,0.8808,.55-.60,
TON/USDT,2025-01-27,LONG,0.809,5.01,4.783,1,True,-4.5309,0.5363,>.80,
TON/USDT,2025-02-03,LONG,0.9541,4.075,3.783,2,True,-7.1656,0.0802,>.80,
TON/USDT,2025-02-06,LONG,0.993,3.742,3.717,1,True,-0.6681,0.2722,>.80,
TON/USDT,2025-02-08,LONG,0.5549,3.738,3.813,1,True,2.0064,0.1553,.55-.60,
TON/USDT,2025-02-11,LONG,0.5672,3.747,3.794,4,True,1.2543,0.5769,.55-.60,
TON/USDT,2025-02-13,LONG,0.5862,3.713,3.794,2,True,2.1815,0.9072,.55-.60,
TON/USDT,2025-02-14,LONG,0.5737,3.846,3.794,1,True,-1.3521,0.9977,.55-.60,
TON/USDT,2025-02-16,LONG,0.5675,3.779,3.763,1,True,-0.4234,0.1125,.55-.60,
TON/USDT,2025-02-18,LONG,0.5845,3.674,3.547,1,True,-3.4567,0.6927,.55-.60,
TON/USDT,2025-02-20,LONG,0.6045,3.603,3.766,3,True,4.524,0.4532,.60-.70,
TON/USDT,2025-02-21,LONG,0.5626,3.566,3.766,2,True,5.6085,0.3021,.55-.60,
TON/USDT,2025-02-22,LONG,0.6599,3.742,3.766,1,True,0.6414,1.8741,.60-.70,1.5-2x
TON/USDT,2025-02-27,LONG,0.6484,3.421,3.327,1,True,-2.7477,0.7172,.60-.70,
TON/USDT,2025-03-04,LONG,0.559,3.12,3.034,1,True,-2.7564,0.4231,.55-.60,
TON/USDT,2025-03-07,LONG,0.688,2.99,2.649,2,True,-11.4047,0.3775,.60-.70,
TON/USDT,2025-03-11,LONG,0.6233,2.641,2.766,2,True,4.7331,0.9411,.60-.70,
TON/USDT,2025-03-12,LONG,0.6869,2.75,2.766,1,True,0.5818,0.8124,.60-.70,
TON/USDT,2025-03-14,LONG,0.6092,2.925,3.585,1,True,22.5641,1.1162,.60-.70,1-1.5x
TON/USDT,2025-03-18,LONG,0.9736,3.565,3.656,1,True,2.5526,0.4616,>.80,
TON/USDT,2025-03-25,LONG,0.5904,3.596,3.796,3,True,5.5617,0.2957,.55-.60,
TON/USDT,2025-03-27,LONG,0.6412,4.05,3.796,1,True,-6.2716,1.5442,.60-.70,1.5-2x
TON/USDT,2025-03-31,LONG,0.8138,4.109,3.838,2,True,-6.5953,0.903,>.80,
TON/USDT,2025-04-01,LONG,0.5993,4.06,3.838,1,True,-5.468,0.1939,.55-.60,
TON/USDT,2025-04-05,LONG,0.6459,3.259,2.915,5,False,-10.5554,1.041,.60-.70,1-1.5x
TON/USDT,2025-04-06,LONG,0.6294,2.92,2.915,4,True,-0.1712,2.1044,.60-.70,2-3x
DOGS/USDT,2024-11-06,LONG,0.6636,0.000585,0.000565,2,True,-3.3681,2.0349,.60-.70,2-3x
DOGS/USDT,2024-11-07,LONG,0.6161,0.000586,0.000565,1,True,-3.5659,0.032,.60-.70,
DOGS/USDT,2024-11-09,LONG,0.6081,0.000752,0.000734,2,True,-2.393,3.3177,.60-.70,3-5x
DOGS/USDT,2024-11-10,LONG,0.703,0.000713,0.000734,1,True,2.9156,0.5188,.70-.80,
DOGS/USDT,2024-11-12,LONG,0.9469,0.000646,0.000666,1,True,3.1434,1.1802,>.80,1-1.5x
DOGS/USDT,2024-11-14,LONG,0.9029,0.000627,0.000644,1,True,2.6458,0.6078,>.80,
DOGS/USDT,2024-11-16,LONG,0.8675,0.000654,0.000665,1,True,1.7125,0.1626,>.80,
DOGS/USDT,2024-11-18,LONG,0.5954,0.000713,0.000674,5,False,-5.5517,0.7497,.55-.60,
DOGS/USDT,2024-11-19,LONG,0.65,0.000687,0.000712,5,False,3.521,0.3773,.60-.70,
DOGS/USDT,2024-11-20,LONG,0.9447,0.000613,0.00072,5,False,17.4005,1.0862,>.80,1-1.5x
DOGS/USDT,2024-11-21,LONG,0.5953,0.000632,0.00072,4,True,13.9443,0.3053,.55-.60,
DOGS/USDT,2024-11-22,LONG,0.8392,0.000622,0.00072,3,True,15.7209,0.1553,>.80,
DOGS/USDT,2024-11-23,LONG,0.8833,0.000674,0.00072,2,True,6.8577,0.8549,>.80,
DOGS/USDT,2024-11-24,LONG,0.6054,0.000712,0.00072,1,True,1.1806,0.585,.60-.70,
DOGS/USDT,2024-12-06,LONG,0.6289,0.000793,0.000762,5,False,-3.9349,0.5391,.60-.70,
DOGS/USDT,2024-12-08,LONG,0.6953,0.000852,0.000746,5,False,-12.4824,0.1715,.60-.70,
DOGS/USDT,2024-12-09,LONG,0.5807,0.00072,0.000702,5,False,-2.4309,2.4307,.55-.60,2-3x
DOGS/USDT,2024-12-11,LONG,0.7017,0.000762,0.000702,3,True,-7.7852,1.8789,.70-.80,1.5-2x
DOGS/USDT,2024-12-12,LONG,0.5986,0.000751,0.000702,2,True,-6.4963,0.2108,.55-.60,
DOGS/USDT,2024-12-17,LONG,0.6254,0.000647,0.000579,1,True,-10.484,1.0002,.60-.70,1-1.5x
DOGS/USDT,2024-12-20,LONG,0.6845,0.000555,0.000564,3,True,1.6408,1.073,.60-.70,1-1.5x
DOGS/USDT,2024-12-21,LONG,0.6364,0.00052,0.000564,2,True,8.383,0.8748,.60-.70,
DOGS/USDT,2024-12-22,LONG,0.6624,0.000532,0.000564,1,True,5.9586,0.3232,.60-.70,
DOGS/USDT,2024-12-24,LONG,0.5549,0.000581,0.000562,1,True,-3.4222,0.4357,.55-.60,
DOGS/USDT,2024-12-26,LONG,0.5615,0.000527,0.000534,1,True,1.3288,0.8747,.55-.60,
DOGS/USDT,2025-01-04,LONG,0.5744,0.000569,0.000442,4,True,-22.2476,0.1844,.55-.60,
DOGS/USDT,2025-01-06,LONG,0.5531,0.000568,0.000442,2,True,-22.1381,0.0832,.55-.60,
DOGS/USDT,2025-01-11,LONG,0.618,0.000454,0.000445,5,False,-2.0902,0.3845,.60-.70,
DOGS/USDT,2025-01-13,LONG,0.6252,0.000421,0.000431,5,False,2.2797,1.1266,.60-.70,1-1.5x
DOGS/USDT,2025-01-15,LONG,0.5854,0.000467,0.000431,3,True,-7.6742,1.1507,.55-.60,1-1.5x
DOGS/USDT,2025-01-21,LONG,0.7332,0.000346,0.000339,1,True,-2.0231,0.3938,.70-.80,
DOGS/USDT,2025-01-24,LONG,0.7155,0.000321,0.000294,3,True,-8.2034,0.6657,.70-.80,
DOGS/USDT,2025-01-25,LONG,0.6356,0.000322,0.000294,2,True,-8.5741,0.0614,.60-.70,
DOGS/USDT,2025-01-26,LONG,0.721,0.000317,0.000294,1,True,-7.2779,0.2127,.70-.80,
DOGS/USDT,2025-01-28,LONG,0.6316,0.000263,0.000281,1,True,6.7275,1.7013,.60-.70,1.5-2x
DOGS/USDT,2025-01-31,LONG,0.5905,0.000292,0.000246,1,True,-15.6614,0.247,.55-.60,
DOGS/USDT,2025-02-03,LONG,0.9262,0.000202,0.000187,2,True,-7.6657,0.3021,>.80,
DOGS/USDT,2025-02-04,LONG,0.7498,0.00019,0.000187,1,True,-1.6333,0.85,.70-.80,
DOGS/USDT,2025-02-07,LONG,0.6289,0.000164,0.00018,1,True,9.3066,0.3028,.60-.70,
DOGS/USDT,2025-02-11,LONG,0.7795,0.000178,0.000183,4,True,2.809,0.1269,.70-.80,
DOGS/USDT,2025-02-13,LONG,0.8488,0.000182,0.000183,2,True,0.6047,0.6499,>.80,
DOGS/USDT,2025-02-14,LONG,0.7377,0.000196,0.000183,1,True,-6.3939,1.0274,.70-.80,1-1.5x
DOGS/USDT,2025-02-16,LONG,0.8669,0.000181,0.000178,1,True,-1.6004,0.1357,>.80,
DOGS/USDT,2025-02-20,LONG,0.5983,0.000178,0.000178,1,True,-0.2803,0.8392,.55-.60,
DOGS/USDT,2025-02-22,LONG,0.5935,0.000193,0.00018,1,True,-6.2825,1.5262,.55-.60,1.5-2x
DOGS/USDT,2025-02-28,LONG,0.6935,0.000177,0.000169,1,True,-4.6302,0.4141,.60-.70,
DOGS/USDT,2025-03-04,LONG,0.6761,0.000156,0.000149,2,True,-4.2308,0.4216,.60-.70,
DOGS/USDT,2025-03-05,LONG,0.6224,0.000158,0.000149,1,True,-5.1429,0.1118,.60-.70,
DOGS/USDT,2025-03-07,LONG,0.7233,0.000142,0.000118,3,True,-16.3136,0.6199,.70-.80,
DOGS/USDT,2025-03-08,LONG,0.5828,0.000133,0.000118,2,True,-11.1694,0.6819,.55-.60,
DOGS/USDT,2025-03-09,LONG,0.5782,0.000124,0.000118,1,True,-4.5894,0.803,.55-.60,
DOGS/USDT,2025-03-14,LONG,0.8249,0.000134,0.000139,2,True,4.0419,0.4617,>.80,
DOGS/USDT,2025-03-15,LONG,0.5914,0.000148,0.000139,1,True,-6.1445,1.2375,.55-.60,1-1.5x
DOGS/USDT,2025-03-21,LONG,0.6627,0.000155,0.000166,3,True,7.2211,0.9468,.60-.70,
DOGS/USDT,2025-03-22,LONG,0.9886,0.000158,0.000166,2,True,5.3198,0.2815,>.80,
DOGS/USDT,2025-03-23,LONG,0.5753,0.000159,0.000166,1,True,4.9211,0.0782,.55-.60,
DOGS/USDT,2025-03-27,LONG,0.625,0.00017,0.000151,1,True,-11.4437,0.4883,.60-.70,
DOGS/USDT,2025-03-30,LONG,0.5817,0.000141,0.000132,3,True,-6.1123,1.221,.55-.60,1-1.5x
DOGS/USDT,2025-03-31,LONG,0.7443,0.000143,0.000132,2,True,-7.8158,0.3229,.70-.80,
DOGS/USDT,2025-04-01,LONG,0.574,0.000139,0.000132,1,True,-4.8271,0.5469,.55-.60,
DOGS/USDT,2025-04-04,LONG,0.5737,0.000129,0.000109,4,True,-15.9969,0.2672,.55-.60,
DOGS/USDT,2025-04-05,LONG,0.6843,0.000127,0.000109,3,True,-14.2068,0.4069,.60-.70,
DOGS/USDT,2025-04-06,LONG,0.5914,0.000109,0.000109,2,True,-0.5489,2.3367,.55-.60,2-3x
ZRX/USDT,2024-08-28,LONG,0.6283,0.297,0.2979,1,True,0.303,0.7064,.60-.70,
ZRX/USDT,2024-09-08,LONG,0.6104,0.2721,0.2987,5,False,9.7758,0.4251,.60-.70,
ZRX/USDT,2024-09-15,LONG,0.5522,0.2858,0.2774,1,True,-2.9391,0.8022,.55-.60,
ZRX/USDT,2024-09-18,LONG,0.5988,0.2967,0.3151,1,True,6.2016,1.1759,.55-.60,1-1.5x
ZRX/USDT,2024-09-25,LONG,0.607,0.3474,0.3565,1,True,2.6195,0.6531,.60-.70,
ZRX/USDT,2024-09-29,LONG,0.5588,0.3605,0.3081,2,True,-14.5354,0.3988,.55-.60,
ZRX/USDT,2024-09-30,LONG,0.7143,0.3347,0.3081,1,True,-7.9474,1.88,.70-.80,1.5-2x
ZRX/USDT,2024-10-02,LONG,0.6065,0.3028,0.2954,1,True,-2.4439,0.4083,.60-.70,
ZRX/USDT,2024-10-05,LONG,0.6872,0.31,0.3151,2,True,1.6452,0.295,.60-.70,
ZRX/USDT,2024-10-12,LONG,0.6116,0.3241,0.3251,1,True,0.3085,0.6724,.60-.70,
ZRX/USDT,2024-10-16,LONG,0.6253,0.3276,0.3357,2,True,2.4725,0.6974,.60-.70,
ZRX/USDT,2024-10-17,LONG,0.8016,0.3195,0.3357,1,True,5.0704,0.685,>.80,
ZRX/USDT,2024-10-19,LONG,0.6314,0.3358,0.3421,5,False,1.8761,0.0079,.60-.70,
ZRX/USDT,2024-10-20,LONG,0.8309,0.3554,0.3421,4,True,-3.7423,1.6086,>.80,1.5-2x
ZRX/USDT,2024-10-21,LONG,0.9542,0.3588,0.3421,3,True,-4.6544,0.313,>.80,
ZRX/USDT,2024-10-23,LONG,0.8148,0.3393,0.3421,1,True,0.8252,1.0983,>.80,1-1.5x
ZRX/USDT,2024-10-27,LONG,0.8849,0.3219,0.3209,1,True,-0.3107,0.5653,>.80,
ZRX/USDT,2024-11-03,LONG,0.7715,0.2907,0.3343,5,False,14.9983,1.0804,.70-.80,1-1.5x
ZRX/USDT,2024-11-04,LONG,0.6298,0.2792,0.3451,5,False,23.6032,1.1375,.60-.70,1-1.5x
ZRX/USDT,2024-11-05,LONG,0.6386,0.2935,0.3451,4,True,17.5809,1.385,.60-.70,1-1.5x
ZRX/USDT,2024-11-07,LONG,0.6623,0.332,0.3451,2,True,3.9458,0.5078,.60-.70,
ZRX/USDT,2024-11-10,LONG,0.6972,0.3607,0.3587,5,False,-0.5545,1.0562,.60-.70,1-1.5x
ZRX/USDT,2024-11-13,LONG,0.6179,0.3603,0.3587,2,True,-0.4441,1.1852,.60-.70,1-1.5x
ZRX/USDT,2024-11-14,LONG,0.7819,0.3431,0.3587,1,True,4.5468,1.0593,.70-.80,1-1.5x
ZRX/USDT,2024-11-20,LONG,0.5606,0.4116,0.452,2,True,9.8154,0.5997,.55-.60,
ZRX/USDT,2024-11-21,LONG,0.8309,0.4284,0.452,1,True,5.5089,0.4679,>.80,
ZRX/USDT,2024-11-25,LONG,0.9634,0.4774,0.6001,1,True,25.7017,0.6854,>.80,
ZRX/USDT,2024-11-27,LONG,0.7128,0.5769,0.5489,1,True,-4.8535,0.3797,.70-.80,
ZRX/USDT,2024-11-29,LONG,0.9938,0.5715,0.5838,1,True,2.1522,0.3985,>.80,
ZRX/USDT,2024-12-04,LONG,0.678,0.6625,0.7638,4,True,15.2906,0.26,.60-.70,
ZRX/USDT,2024-12-05,LONG,0.907,0.6385,0.7638,3,True,19.6241,0.3615,>.80,
ZRX/USDT,2024-12-06,LONG,0.9061,0.7519,0.7638,2,True,1.5827,1.7169,>.80,1.5-2x
ZRX/USDT,2024-12-07,LONG,0.7112,0.7603,0.7638,1,True,0.4603,0.1122,.70-.80,
ZRX/USDT,2024-12-10,LONG,0.939,0.5614,0.6255,1,True,11.4179,0.8576,>.80,
ZRX/USDT,2024-12-15,LONG,0.5796,0.6246,0.5938,1,True,-4.9312,0.322,.55-.60,
ZRX/USDT,2024-12-17,LONG,0.7292,0.5589,0.4964,1,True,-11.1827,0.7545,.70-.80,
ZRX/USDT,2024-12-19,LONG,0.585,0.4544,0.4495,2,True,-1.0783,1.0243,.55-.60,1-1.5x
ZRX/USDT,2024-12-20,LONG,0.7524,0.4768,0.4495,1,True,-5.7257,0.5914,.70-.80,
ZRX/USDT,2024-12-24,LONG,0.6049,0.5137,0.5055,1,True,-1.5963,0.8451,.60-.70,
ZRX/USDT,2024-12-26,LONG,0.6104,0.4613,0.4753,1,True,3.0349,1.1735,.60-.70,1-1.5x
ZRX/USDT,2024-12-28,LONG,0.8139,0.4971,0.4572,3,True,-8.0266,0.6007,>.80,
ZRX/USDT,2024-12-29,LONG,0.6072,0.4672,0.4572,2,True,-2.1404,0.9372,.60-.70,
ZRX/USDT,2024-12-30,LONG,0.5603,0.4644,0.4572,1,True,-1.5504,0.0965,.55-.60,
ZRX/USDT,2025-01-03,LONG,0.6339,0.5224,0.4984,5,False,-4.5942,1.061,.60-.70,1-1.5x
ZRX/USDT,2025-01-04,LONG,0.6094,0.5354,0.4984,4,True,-6.9107,0.441,.60-.70,
ZRX/USDT,2025-01-06,LONG,0.566,0.5471,0.4984,2,True,-8.9015,0.3821,.55-.60,
ZRX/USDT,2025-01-11,LONG,0.6226,0.5008,0.5089,5,False,1.6174,0.333,.60-.70,
ZRX/USDT,2025-01-12,LONG,0.5938,0.4889,0.5484,5,False,12.1702,0.4997,.55-.60,
ZRX/USDT,2025-01-13,LONG,0.6545,0.4684,0.5033,5,False,7.4509,0.9211,.60-.70,
ZRX/USDT,2025-01-14,LONG,0.6176,0.4874,0.5033,4,True,3.2622,0.8731,.60-.70,
ZRX/USDT,2025-01-15,LONG,0.6306,0.5211,0.5033,3,True,-3.4159,1.5635,.60-.70,1.5-2x
ZRX/USDT,2025-01-21,LONG,0.6735,0.4729,0.4326,3,True,-8.5219,0.3636,.60-.70,
ZRX/USDT,2025-01-22,LONG,0.6923,0.4397,0.4326,2,True,-1.6147,1.2665,.60-.70,1-1.5x
ZRX/USDT,2025-01-23,LONG,0.6183,0.4406,0.4326,1,True,-1.8157,0.0383,.60-.70,
ZRX/USDT,2025-01-25,LONG,0.5652,0.4361,0.3901,3,True,-10.548,0.1527,.55-.60,
ZRX/USDT,2025-01-26,LONG,0.6164,0.4317,0.3901,2,True,-9.6363,0.1921,.60-.70,
ZRX/USDT,2025-01-29,LONG,0.6252,0.4013,0.379,3,True,-5.5569,0.5996,.60-.70,
ZRX/USDT,2025-02-03,LONG,0.7962,0.3415,0.2911,3,True,-14.7584,0.4728,.70-.80,
ZRX/USDT,2025-02-04,LONG,0.5798,0.3232,0.2911,2,True,-9.9319,1.0027,.55-.60,1-1.5x
ZRX/USDT,2025-02-05,LONG,0.604,0.3089,0.2911,1,True,-5.7624,0.8244,.60-.70,
ZRX/USDT,2025-02-11,LONG,0.5612,0.31,0.3268,5,False,5.4194,0.319,.55-.60,
ZRX/USDT,2025-02-13,LONG,0.5637,0.3217,0.3122,5,False,-2.9531,0.6555,.55-.60,
ZRX/USDT,2025-02-15,LONG,0.6314,0.321,0.3122,3,True,-2.7414,0.3718,.60-.70,
ZRX/USDT,2025-02-20,LONG,0.5903,0.3294,0.3237,3,True,-1.7304,0.9977,.55-.60,
ZRX/USDT,2025-03-07,LONG,0.6507,0.2744,0.2455,5,False,-10.5321,0.0475,.60-.70,
ZRX/USDT,2025-03-08,LONG,0.5536,0.2679,0.2455,4,True,-8.3613,0.442,.55-.60,
ZRX/USDT,2025-03-11,LONG,0.6242,0.2398,0.2455,1,True,2.377,0.7735,.60-.70,
ZRX/USDT,2025-03-14,LONG,0.6239,0.2514,0.2419,2,True,-3.7788,0.6979,.60-.70,
ZRX/USDT,2025-03-15,LONG,0.6159,0.2544,0.2419,1,True,-4.9135,0.2113,.60-.70,
ZRX/USDT,2025-03-17,LONG,0.6462,0.2611,0.2679,2,True,2.6044,1.4047,.60-.70,1-1.5x
ZRX/USDT,2025-03-18,LONG,0.6202,0.2595,0.2679,1,True,3.237,0.1085,.60-.70,
ZRX/USDT,2025-03-20,LONG,0.6786,0.2673,0.2604,3,True,-2.5814,0.0395,.60-.70,
ZRX/USDT,2025-03-21,LONG,0.7465,0.2564,0.2604,2,True,1.5601,0.7144,.70-.80,
ZRX/USDT,2025-03-22,LONG,0.6712,0.2634,0.2604,1,True,-1.139,0.5186,.60-.70,
ZRX/USDT,2025-03-24,LONG,0.6531,0.2914,0.2765,3,True,-5.1132,2.4011,.60-.70,2-3x
ZRX/USDT,2025-03-26,LONG,0.5657,0.2759,0.2765,1,True,0.2175,0.5414,.55-.60,
ZRX/USDT,2025-04-02,LONG,0.5718,0.2299,0.2312,1,True,0.5655,1.4965,.55-.60,1-1.5x
KSM/USDT,2024-08-29,LONG,0.6855,18.77,18.57,1,True,-1.0655,0.5189,.60-.70,
KSM/USDT,2024-09-07,LONG,0.5713,17.63,19.91,5,False,12.9325,0.735,.55-.60,
KSM/USDT,2024-09-08,LONG,0.6595,18.39,19.94,5,False,8.4285,1.0072,.60-.70,1-1.5x
KSM/USDT,2024-09-09,LONG,0.6276,19.98,19.94,4,True,-0.2002,1.8564,.60-.70,1.5-2x
KSM/USDT,2024-09-10,LONG,0.5816,20.0,19.94,3,True,-0.3,0.0238,.55-.60,
KSM/USDT,2024-09-11,LONG,0.5659,19.9,19.94,2,True,0.201,0.1234,.55-.60,
KSM/USDT,2024-09-12,LONG,0.7942,19.91,19.94,1,True,0.1507,0.0126,.70-.80,
KSM/USDT,2024-09-18,LONG,0.7109,20.75,20.84,1,True,0.4337,0.7018,.70-.80,
KSM/USDT,2024-09-23,LONG,0.6008,20.94,21.91,5,False,4.6323,0.5175,.60-.70,
KSM/USDT,2024-09-25,LONG,0.5551,21.61,21.91,3,True,1.3882,0.3279,.55-.60,
KSM/USDT,2024-09-26,LONG,0.5721,22.21,21.91,2,True,-1.3507,0.7916,.55-.60,
KSM/USDT,2024-10-14,LONG,0.6052,19.06,18.52,1,True,-2.8332,1.1373,.60-.70,1-1.5x
KSM/USDT,2024-10-16,LONG,0.5768,18.1,18.46,2,True,1.989,0.6811,.55-.60,
KSM/USDT,2024-10-17,LONG,0.7757,17.62,18.46,1,True,4.7673,0.8028,.70-.80,
KSM/USDT,2024-10-20,LONG,0.9358,19.6,16.61,5,False,-15.2551,1.8686,>.80,1.5-2x
KSM/USDT,2024-10-21,LONG,0.9173,19.05,16.96,5,False,-10.9711,0.9226,>.80,
KSM/USDT,2024-10-23,LONG,0.8994,18.16,17.37,4,True,-4.3502,1.0,>.80,
KSM/USDT,2024-10-24,LONG,0.9357,18.36,17.37,3,True,-5.3922,0.3619,>.80,
KSM/USDT,2024-10-26,LONG,0.7338,16.96,17.37,1,True,2.4175,0.5721,.70-.80,
KSM/USDT,2024-10-28,LONG,0.6651,17.35,16.62,3,True,-4.2075,0.0315,.60-.70,
KSM/USDT,2024-11-03,LONG,0.65,15.59,14.96,1,True,-4.0411,0.7881,.60-.70,
KSM/USDT,2024-11-05,LONG,0.636,15.67,18.15,4,True,15.8264,1.2459,.60-.70,1-1.5x
KSM/USDT,2024-11-06,LONG,0.7118,17.29,18.15,3,True,4.974,2.2998,.70-.80,2-3x
KSM/USDT,2024-11-07,LONG,0.6813,17.3,18.15,2,True,4.9133,0.0133,.60-.70,
KSM/USDT,2024-11-10,LONG,0.6318,19.45,20.38,1,True,4.7815,1.6147,.60-.70,1.5-2x
KSM/USDT,2024-11-12,LONG,0.7822,19.53,19.98,3,True,2.3041,0.9108,.70-.80,
KSM/USDT,2024-11-14,LONG,0.9651,18.31,19.98,1,True,9.1207,0.8906,>.80,
KSM/USDT,2024-11-18,LONG,0.9198,22.02,21.06,1,True,-4.3597,1.3259,>.80,1-1.5x
KSM/USDT,2024-11-20,LONG,0.9036,20.03,20.88,1,True,4.2436,0.8731,>.80,
KSM/USDT,2024-11-22,LONG,0.9797,23.4,40.77,2,True,74.2308,2.0023,>.80,2-3x
KSM/USDT,2024-11-23,LONG,0.9996,53.2,40.77,1,True,-23.3647,4.4568,>.80,3-5x
KSM/USDT,2024-11-26,LONG,0.9985,36.18,37.48,1,True,3.5931,0.3328,>.80,
KSM/USDT,2024-11-28,LONG,0.7066,36.8,42.1,1,True,14.4022,0.0612,.70-.80,
KSM/USDT,2024-11-30,LONG,0.7929,41.17,41.6,1,True,1.0444,0.0742,.70-.80,
KSM/USDT,2024-12-02,LONG,0.7036,41.86,44.97,1,True,7.4295,0.021,.70-.80,
KSM/USDT,2024-12-05,LONG,0.6094,44.83,47.29,1,True,5.4874,0.0548,.60-.70,
KSM/USDT,2024-12-08,LONG,0.6053,45.49,39.45,5,False,-13.2776,0.0421,.60-.70,
KSM/USDT,2024-12-10,LONG,0.5547,35.67,39.45,3,True,10.5971,0.0961,.55-.60,
KSM/USDT,2024-12-12,LONG,0.5591,39.37,39.45,1,True,0.2032,0.1093,.55-.60,
KSM/USDT,2024-12-20,LONG,0.5527,31.64,32.89,3,True,3.9507,1.0291,.55-.60,1-1.5x
KSM/USDT,2024-12-27,LONG,0.5752,33.79,34.39,5,False,1.7757,0.1266,.55-.60,
KSM/USDT,2025-02-03,LONG,0.7747,21.31,19.49,2,True,-8.5406,0.6612,.70-.80,
KSM/USDT,2025-02-11,LONG,0.6215,19.89,20.26,4,True,1.8602,0.4772,.60-.70,
KSM/USDT,2025-02-13,LONG,0.6379,20.5,20.26,2,True,-1.1707,0.5803,.60-.70,
KSM/USDT,2025-02-14,LONG,0.63,20.85,20.26,1,True,-2.8297,0.3159,.60-.70,
KSM/USDT,2025-02-16,LONG,0.5803,20.2,19.99,1,True,-1.0396,0.0549,.55-.60,
KSM/USDT,2025-02-19,LONG,0.5636,19.58,18.11,5,False,-7.5077,0.6725,.55-.60,
KSM/USDT,2025-02-20,LONG,0.5509,20.01,19.89,5,False,-0.5997,0.4409,.55-.60,
KSM/USDT,2025-02-22,LONG,0.5727,20.36,19.89,3,True,-2.3084,0.8393,.55-.60,
KSM/USDT,2025-02-23,LONG,0.5696,20.14,19.89,2,True,-1.2413,0.328,.55-.60,
KSM/USDT,2025-02-24,LONG,0.5926,18.11,19.89,1,True,9.8288,2.7035,.55-.60,2-3x
KSM/USDT,2025-02-28,LONG,0.8287,19.66,19.19,1,True,-2.3906,0.2663,>.80,
KSM/USDT,2025-03-11,LONG,0.5973,15.94,16.02,1,True,0.5019,0.3161,.55-.60,
KSM/USDT,2025-03-14,LONG,0.5904,16.48,16.91,1,True,2.6092,0.6455,.55-.60,
KSM/USDT,2025-03-18,LONG,0.568,17.51,18.39,1,True,5.0257,0.104,.55-.60,
KSM/USDT,2025-03-20,LONG,0.6046,17.28,16.94,1,True,-1.9676,1.1434,.60-.70,1-1.5x
KSM/USDT,2025-03-23,LONG,0.7882,17.73,18.28,1,True,3.1021,1.2887,.70-.80,1-1.5x
KSM/USDT,2025-03-26,LONG,0.7896,18.1,15.89,3,True,-12.2099,0.3418,.70-.80,
KSM/USDT,2025-03-27,LONG,0.629,18.07,15.89,2,True,-12.0642,0.0476,.60-.70,
KSM/USDT,2025-03-28,LONG,0.6548,16.74,15.89,1,True,-5.0777,1.9136,.60-.70,1.5-2x
KSM/USDT,2025-04-04,LONG,0.5796,14.99,14.9,1,True,-0.6004,0.0878,.55-.60,
PHA/USDT,2024-08-27,LONG,0.9652,0.1246,0.1136,2,True,-8.8283,0.8374,>.80,
PHA/USDT,2024-08-28,LONG,0.8278,0.1184,0.1136,1,True,-4.0541,1.3312,>.80,1-1.5x
PHA/USDT,2024-08-30,LONG,0.994,0.1105,0.1088,1,True,-1.5385,0.6878,>.80,
PHA/USDT,2024-09-02,LONG,0.8474,0.1133,0.1038,4,True,-8.3848,0.2728,>.80,
PHA/USDT,2024-09-03,LONG,0.7235,0.1098,0.1038,3,True,-5.4645,0.7943,.70-.80,
PHA/USDT,2024-09-04,LONG,0.5933,0.1088,0.1038,2,True,-4.5956,0.2499,.55-.60,
PHA/USDT,2024-09-05,LONG,0.7927,0.1052,0.1038,1,True,-1.3308,0.879,.70-.80,
PHA/USDT,2024-09-07,LONG,0.5541,0.1035,0.1063,1,True,2.7053,0.0788,.55-.60,
PHA/USDT,2024-09-11,LONG,0.7382,0.1083,0.1044,4,True,-3.6011,0.6201,.70-.80,
PHA/USDT,2024-09-12,LONG,0.6572,0.108,0.1044,3,True,-3.3333,0.0968,.60-.70,
PHA/USDT,2024-09-13,LONG,0.6379,0.1107,0.1044,2,True,-5.6911,0.8526,.60-.70,
PHA/USDT,2024-09-18,LONG,0.7826,0.1053,0.1109,1,True,5.3181,1.0127,.70-.80,1-1.5x
PHA/USDT,2024-09-21,LONG,0.629,0.1172,0.1182,1,True,0.8532,0.3509,.60-.70,
PHA/USDT,2024-09-23,LONG,0.7271,0.1252,0.126,3,True,0.639,1.9554,.70-.80,1.5-2x
PHA/USDT,2024-09-24,LONG,0.5866,0.1258,0.126,2,True,0.159,0.1595,.55-.60,
PHA/USDT,2024-09-25,LONG,0.5852,0.1264,0.126,1,True,-0.3165,0.1673,.55-.60,
PHA/USDT,2024-10-03,LONG,0.7461,0.108,0.1117,4,True,3.4259,0.4877,.70-.80,
PHA/USDT,2024-10-04,LONG,0.8787,0.1127,0.1117,3,True,-0.8873,0.9961,>.80,
PHA/USDT,2024-10-05,LONG,0.6949,0.1117,0.1117,2,True,0.0,0.2087,.60-.70,
PHA/USDT,2024-10-11,LONG,0.6258,0.1108,0.1119,5,False,0.9928,0.9993,.60-.70,
PHA/USDT,2024-10-12,LONG,0.6453,0.1139,0.11,5,False,-3.4241,0.684,.60-.70,
PHA/USDT,2024-10-15,LONG,0.6492,0.1147,0.1115,3,True,-2.7899,0.9982,.60-.70,
PHA/USDT,2024-10-16,LONG,0.717,0.1119,0.1115,2,True,-0.3575,0.6028,.70-.80,
PHA/USDT,2024-10-17,LONG,0.7091,0.11,0.1115,1,True,1.3636,0.436,.70-.80,
PHA/USDT,2024-10-20,LONG,0.7117,0.1214,0.1026,5,False,-15.486,1.185,.70-.80,1-1.5x
PHA/USDT,2024-10-22,LONG,0.5891,0.1138,0.102,4,True,-10.3691,1.2403,.55-.60,1-1.5x
PHA/USDT,2024-10-23,LONG,0.7045,0.1095,0.102,3,True,-6.8493,1.1975,.70-.80,1-1.5x
PHA/USDT,2024-10-28,LONG,0.6806,0.1051,0.1007,5,False,-4.1865,0.1926,.60-.70,
PHA/USDT,2024-10-31,LONG,0.7703,0.1073,0.0982,5,False,-8.4809,1.049,.70-.80,1-1.5x
PHA/USDT,2024-11-01,LONG,0.7056,0.1046,0.1068,5,False,2.1033,0.7065,.70-.80,
PHA/USDT,2024-11-03,LONG,0.7233,0.0981,0.1094,5,False,11.5189,0.7342,.70-.80,
PHA/USDT,2024-11-04,LONG,0.7081,0.0959,0.111,5,False,15.7456,0.6488,.70-.80,
PHA/USDT,2024-11-05,LONG,0.6216,0.0982,0.1158,5,False,17.9226,0.6839,.60-.70,
PHA/USDT,2024-11-09,LONG,0.6724,0.111,0.1093,5,False,-1.5315,0.3813,.60-.70,
PHA/USDT,2024-11-13,LONG,0.626,0.1073,0.1121,2,True,4.4734,1.4409,.60-.70,1-1.5x
PHA/USDT,2024-11-14,LONG,0.76,0.1093,0.1121,1,True,2.5618,0.482,.70-.80,
PHA/USDT,2024-11-17,LONG,0.996,0.1188,0.1316,1,True,10.7744,0.1475,>.80,
PHA/USDT,2024-11-19,LONG,0.7934,0.1255,0.1195,1,True,-4.7809,0.9935,.70-.80,
PHA/USDT,2024-11-21,LONG,0.8205,0.1244,0.1293,1,True,3.9389,0.8686,>.80,
PHA/USDT,2024-11-23,LONG,0.8927,0.1464,0.1432,1,True,-2.1858,2.5282,>.80,2-3x
PHA/USDT,2024-11-25,LONG,0.6629,0.1381,0.1734,5,False,25.5612,0.6618,.60-.70,
PHA/USDT,2024-11-26,LONG,0.844,0.1444,0.1683,5,False,16.5512,0.8814,>.80,
PHA/USDT,2024-11-27,LONG,0.6487,0.1573,0.1702,5,False,8.2009,1.6517,.60-.70,1.5-2x
PHA/USDT,2024-11-28,LONG,0.7768,0.1628,0.1815,5,False,11.4865,0.6454,.70-.80,
PHA/USDT,2024-11-29,LONG,0.6339,0.1708,0.1815,4,True,6.2646,0.9017,.60-.70,
PHA/USDT,2024-11-30,LONG,0.745,0.1734,0.1815,3,True,4.6713,0.2803,.70-.80,
PHA/USDT,2024-12-01,LONG,0.7904,0.1683,0.1815,2,True,7.8431,0.5334,.70-.80,
PHA/USDT,2024-12-08,LONG,0.7652,0.198,0.168,1,True,-15.1515,1.5278,.70-.80,1.5-2x
PHA/USDT,2024-12-10,LONG,0.5957,0.1594,0.1714,1,True,7.5282,0.8169,.55-.60,
PHA/USDT,2024-12-12,LONG,0.7016,0.1785,0.1633,2,True,-8.5154,0.6485,.70-.80,
PHA/USDT,2024-12-18,LONG,0.6754,0.139,0.1254,2,True,-9.7842,1.5131,.60-.70,1.5-2x
PHA/USDT,2024-12-26,LONG,0.9619,0.2428,0.4977,1,True,104.9835,0.7869,>.80,
PHA/USDT,2024-12-28,LONG,0.9988,0.4373,0.4919,1,True,12.4857,0.4169,>.80,
PHA/USDT,2024-12-30,LONG,0.994,0.4119,0.393,1,True,-4.5885,0.56,>.80,
PHA/USDT,2025-01-01,LONG,0.9067,0.3604,0.3371,1,True,-6.465,0.2824,>.80,
PHA/USDT,2025-01-03,LONG,0.6581,0.3504,0.3491,1,True,-0.371,0.1346,.60-.70,
PHA/USDT,2025-01-06,LONG,0.7117,0.3654,0.3118,1,True,-14.6689,0.0759,.70-.80,
PHA/USDT,2025-01-09,LONG,0.5787,0.3015,0.2764,4,True,-8.325,0.2053,.55-.60,
PHA/USDT,2025-01-10,LONG,0.6849,0.3334,0.2764,3,True,-17.0966,0.3648,.60-.70,
PHA/USDT,2025-01-11,LONG,0.5959,0.3135,0.2764,2,True,-11.8341,0.205,.55-.60,
PHA/USDT,2025-01-15,LONG,0.5736,0.349,0.3733,2,True,6.9628,0.8776,.55-.60,
PHA/USDT,2025-01-24,LONG,0.5875,0.233,0.1927,5,False,-17.2961,0.4815,.55-.60,
PHA/USDT,2025-01-27,LONG,0.5858,0.2147,0.1993,3,True,-7.1728,0.2624,.55-.60,
PHA/USDT,2025-02-03,LONG,0.564,0.1677,0.1499,3,True,-10.6142,0.7235,.55-.60,
PHA/USDT,2025-02-09,LONG,0.5953,0.159,0.1826,5,False,14.8428,0.2393,.55-.60,
PHA/USDT,2025-03-04,LONG,0.5579,0.1311,0.1304,2,True,-0.5339,0.3785,.55-.60,
PHA/USDT,2025-03-07,LONG,0.6154,0.1237,0.1113,2,True,-10.0243,0.8373,.60-.70,
PHA/USDT,2025-03-10,LONG,0.5513,0.1076,0.1173,2,True,9.0149,0.5107,.55-.60,
PHA/USDT,2025-03-11,LONG,0.5797,0.1146,0.1173,1,True,2.356,0.9743,.55-.60,
PHA/USDT,2025-03-14,LONG,0.593,0.1235,0.1139,2,True,-7.7733,0.9136,.55-.60,
PHA/USDT,2025-03-15,LONG,0.5745,0.1222,0.1139,1,True,-6.7921,0.156,.55-.60,
PHA/USDT,2025-03-18,LONG,0.5931,0.1216,0.1247,1,True,2.5493,0.1138,.55-.60,
PHA/USDT,2025-03-20,LONG,0.5716,0.1182,0.1252,2,True,5.9222,0.8,.55-.60,
PHA/USDT,2025-03-21,LONG,0.6645,0.1137,0.1252,1,True,10.1143,0.59,.60-.70,
PHA/USDT,2025-03-23,LONG,0.6787,0.1256,0.131,1,True,4.2994,0.0606,.60-.70,
PHA/USDT,2025-03-27,LONG,0.64,0.1236,0.1075,2,True,-13.0259,0.5249,.60-.70,
PHA/USDT,2025-04-03,LONG,0.5725,0.0938,0.093,2,True,-0.8529,0.4378,.55-.60,
PHA/USDT,2025-04-04,LONG,0.5815,0.0934,0.093,1,True,-0.4283,0.0815,.55-.60,
PHA/USDT,2025-04-06,LONG,0.6862,0.0843,0.0893,4,True,5.9312,1.8726,.60-.70,1.5-2x
CFG/USDT,2024-08-29,LONG,0.7918,0.3411,0.3375,1,True,-1.0554,0.6604,.70-.80,
CFG/USDT,2024-09-01,LONG,0.6267,0.3631,0.3318,2,True,-8.6202,1.9725,.60-.70,1.5-2x
CFG/USDT,2024-09-02,LONG,0.5776,0.3597,0.3318,1,True,-7.7565,0.2205,.55-.60,
CFG/USDT,2024-09-10,LONG,0.6713,0.339,0.3488,1,True,2.8909,0.4891,.60-.70,
CFG/USDT,2024-09-12,LONG,0.6018,0.3554,0.3552,1,True,-0.0563,0.4517,.60-.70,
CFG/USDT,2024-09-14,LONG,0.8932,0.349,0.3309,2,True,-5.1862,0.4273,>.80,
CFG/USDT,2024-09-15,LONG,0.6258,0.3353,0.3309,1,True,-1.3123,0.9478,.60-.70,
CFG/USDT,2024-09-19,LONG,0.7563,0.3527,0.3476,2,True,-1.446,1.3517,.70-.80,1-1.5x
CFG/USDT,2024-09-20,LONG,0.5999,0.3501,0.3476,1,True,-0.7141,0.2212,.55-.60,
CFG/USDT,2024-09-23,LONG,0.583,0.3665,0.3802,2,True,3.7381,0.8441,.55-.60,
CFG/USDT,2024-09-24,LONG,0.7778,0.387,0.3802,1,True,-1.7571,2.2719,.70-.80,2-3x
CFG/USDT,2024-09-28,LONG,0.7843,0.3886,0.38,1,True,-2.2131,0.7993,.70-.80,
CFG/USDT,2024-10-02,LONG,0.7095,0.3426,0.3554,2,True,3.7361,1.2717,.70-.80,1-1.5x
CFG/USDT,2024-10-03,LONG,0.7581,0.3435,0.3554,1,True,3.4643,0.0745,.70-.80,
CFG/USDT,2024-10-05,LONG,0.6732,0.3442,0.329,3,True,-4.416,0.8881,.60-.70,
CFG/USDT,2024-10-06,LONG,0.7601,0.34,0.329,2,True,-3.2353,0.3441,.70-.80,
CFG/USDT,2024-10-07,LONG,0.8906,0.333,0.329,1,True,-1.2012,0.5782,>.80,
CFG/USDT,2024-10-09,LONG,0.647,0.3236,0.3302,1,True,2.0396,0.4803,.60-.70,
CFG/USDT,2024-10-16,LONG,0.6013,0.3297,0.3241,1,True,-1.6985,0.7377,.60-.70,
CFG/USDT,2024-10-18,LONG,0.6846,0.3258,0.3041,5,False,-6.6605,0.1641,.60-.70,
CFG/USDT,2024-10-19,LONG,0.6468,0.3311,0.3137,5,False,-5.2552,0.5046,.60-.70,
CFG/USDT,2024-10-20,LONG,0.8032,0.3466,0.3137,4,True,-9.4922,1.5373,>.80,1.5-2x
CFG/USDT,2024-10-21,LONG,0.7826,0.329,0.3137,3,True,-4.6505,1.7945,.70-.80,1.5-2x
CFG/USDT,2024-10-22,LONG,0.7338,0.3133,0.3137,2,True,0.1277,1.6897,.70-.80,1.5-2x
CFG/USDT,2024-10-23,LONG,0.8544,0.3041,0.3137,1,True,3.1569,1.0216,>.80,1-1.5x
CFG/USDT,2024-10-25,LONG,0.5886,0.2837,0.2858,1,True,0.7402,2.7694,.55-.60,2-3x
CFG/USDT,2024-10-28,LONG,0.7229,0.3044,0.3115,1,True,2.3325,0.7938,.70-.80,
CFG/USDT,2024-11-03,LONG,0.6499,0.284,0.3215,4,True,13.2042,1.0968,.60-.70,1-1.5x
CFG/USDT,2024-11-04,LONG,0.714,0.2801,0.3215,3,True,14.7804,0.3746,.70-.80,
CFG/USDT,2024-11-06,LONG,0.6304,0.303,0.3215,1,True,6.1056,1.7932,.60-.70,1.5-2x
CFG/USDT,2024-11-09,LONG,0.5701,0.3364,0.3691,1,True,9.7206,0.5181,.55-.60,
CFG/USDT,2024-11-12,LONG,0.7234,0.352,0.2993,3,True,-14.9716,1.148,.70-.80,1-1.5x
CFG/USDT,2024-11-13,LONG,0.9676,0.3114,0.2993,2,True,-3.8857,2.1916,>.80,2-3x
CFG/USDT,2024-11-14,LONG,0.6986,0.2945,0.2993,1,True,1.6299,1.0999,.60-.70,1-1.5x
CFG/USDT,2024-11-19,LONG,0.9575,0.3874,0.4084,3,True,5.4208,2.4642,>.80,2-3x
CFG/USDT,2024-11-20,LONG,0.834,0.3906,0.4084,2,True,4.5571,0.1358,>.80,
CFG/USDT,2024-11-21,LONG,0.6362,0.4,0.4084,1,True,2.1,0.3957,.60-.70,
CFG/USDT,2024-11-24,LONG,0.5662,0.4117,0.3866,1,True,-6.0967,0.6847,.55-.60,
CFG/USDT,2024-11-26,LONG,0.8518,0.3775,0.4291,5,False,13.6689,0.3749,>.80,
CFG/USDT,2024-11-27,LONG,0.6645,0.4113,0.4101,5,False,-0.2918,1.3938,.60-.70,1-1.5x
CFG/USDT,2024-11-29,LONG,0.7893,0.4124,0.4101,3,True,-0.5577,0.4306,.70-.80,
CFG/USDT,2024-11-30,LONG,0.5658,0.4205,0.4101,2,True,-2.4732,0.3182,.55-.60,
CFG/USDT,2024-12-01,LONG,0.8106,0.4291,0.4101,1,True,-4.4279,0.331,>.80,
CFG/USDT,2024-12-03,LONG,0.8538,0.4283,0.4552,2,True,6.2806,0.8173,>.80,
CFG/USDT,2024-12-04,LONG,0.9111,0.439,0.4552,1,True,3.6902,0.484,>.80,
CFG/USDT,2024-12-09,LONG,0.8806,0.4319,0.3998,1,True,-7.4323,2.7821,>.80,2-3x
CFG/USDT,2024-12-14,LONG,0.6745,0.4286,0.39,3,True,-9.0061,1.2774,.60-.70,1-1.5x
CFG/USDT,2024-12-15,LONG,0.7212,0.429,0.39,2,True,-9.0909,0.0181,.70-.80,
CFG/USDT,2024-12-16,LONG,0.632,0.4009,0.39,1,True,-2.7189,1.2219,.60-.70,1-1.5x
CFG/USDT,2024-12-20,LONG,0.7002,0.35,0.3195,3,True,-8.7143,1.4721,.70-.80,1-1.5x
CFG/USDT,2024-12-21,LONG,0.6579,0.3317,0.3195,2,True,-3.678,0.8557,.60-.70,
CFG/USDT,2024-12-24,LONG,0.5537,0.3396,0.3038,2,True,-10.5418,1.0112,.55-.60,1-1.5x
CFG/USDT,2024-12-28,LONG,0.57,0.3278,0.301,3,True,-8.1757,0.8664,.55-.60,
CFG/USDT,2024-12-29,LONG,0.6393,0.3112,0.301,2,True,-3.2776,0.9098,.60-.70,
CFG/USDT,2025-01-02,LONG,0.5644,0.3016,0.3301,1,True,9.4496,0.2146,.55-.60,
CFG/USDT,2025-01-04,LONG,0.5547,0.3344,0.3211,1,True,-3.9773,0.2326,.55-.60,
CFG/USDT,2025-01-06,LONG,0.7212,0.337,0.2854,5,False,-15.3116,0.879,.70-.80,
CFG/USDT,2025-01-07,LONG,0.6925,0.3081,0.2721,5,False,-11.6845,1.5253,.60-.70,1.5-2x
CFG/USDT,2025-01-08,LONG,0.5873,0.2915,0.269,5,False,-7.7187,1.0119,.55-.60,1-1.5x
CFG/USDT,2025-01-10,LONG,0.8046,0.2874,0.2783,4,True,-3.1663,0.6588,>.80,
CFG/USDT,2025-01-11,LONG,0.605,0.2854,0.2783,3,True,-2.4877,0.1456,.60-.70,
CFG/USDT,2025-01-12,LONG,0.5998,0.2721,0.2783,2,True,2.2786,0.962,.55-.60,
CFG/USDT,2025-01-13,LONG,0.6872,0.269,0.2783,1,True,3.4572,0.25,.60-.70,
CFG/USDT,2025-01-16,LONG,0.5527,0.3122,0.2788,5,False,-10.6983,1.4161,.55-.60,1-1.5x
CFG/USDT,2025-01-18,LONG,0.7016,0.3148,0.2654,5,False,-15.6925,1.2629,.70-.80,1-1.5x
CFG/USDT,2025-01-19,LONG,0.6635,0.281,0.2654,4,True,-5.5516,1.9256,.60-.70,1.5-2x
CFG/USDT,2025-01-20,LONG,0.8306,0.2673,0.2654,3,True,-0.7108,0.8614,>.80,
CFG/USDT,2025-01-21,LONG,0.6438,0.2788,0.2654,2,True,-4.8063,0.7487,.60-.70,
CFG/USDT,2025-01-22,LONG,0.7982,0.2697,0.2654,1,True,-1.5944,0.5644,.70-.80,
CFG/USDT,2025-01-24,LONG,0.6515,0.26,0.258,1,True,-0.7692,0.3855,.60-.70,
CFG/USDT,2025-01-26,LONG,0.7115,0.2471,0.2477,1,True,0.2428,0.83,.70-.80,
CFG/USDT,2025-01-28,LONG,0.9015,0.2232,0.2312,1,True,3.5842,1.9303,>.80,1.5-2x
CFG/USDT,2025-02-03,LONG,0.6738,0.1996,0.1884,2,True,-5.6112,0.9675,.60-.70,
CFG/USDT,2025-02-04,LONG,0.6185,0.192,0.1884,1,True,-1.875,0.6581,.60-.70,
CFG/USDT,2025-02-06,LONG,0.9677,0.1863,0.1932,5,False,3.7037,0.2279,>.80,
CFG/USDT,2025-02-07,LONG,0.6129,0.1787,0.1942,5,False,8.6738,0.8447,.60-.70,
CFG/USDT,2025-02-09,LONG,0.9312,0.1918,0.1839,4,True,-4.1189,0.2078,>.80,
CFG/USDT,2025-02-11,LONG,0.5858,0.1932,0.1839,2,True,-4.8137,0.5529,.55-.60,
CFG/USDT,2025-02-12,LONG,0.7804,0.1942,0.1839,1,True,-5.3038,0.1095,.70-.80,
CFG/USDT,2025-02-15,LONG,0.7747,0.1909,0.1832,5,False,-4.0335,0.1184,.70-.80,
CFG/USDT,2025-02-18,LONG,0.7057,0.174,0.1832,2,True,5.2874,1.811,.70-.80,1.5-2x
CFG/USDT,2025-02-25,LONG,0.5597,0.1616,0.1599,4,True,-1.052,0.7193,.55-.60,
CFG/USDT,2025-02-27,LONG,0.6077,0.1645,0.1599,2,True,-2.7964,0.7781,.60-.70,
CFG/USDT,2025-02-28,LONG,0.8002,0.1584,0.1599,1,True,0.947,0.7661,>.80,
CFG/USDT,2025-03-04,LONG,0.824,0.1406,0.1441,3,True,2.4893,0.4192,>.80,
CFG/USDT,2025-03-05,LONG,0.5627,0.1575,0.1441,2,True,-8.5079,1.8247,.55-.60,1.5-2x
CFG/USDT,2025-03-06,LONG,0.5698,0.1513,0.1441,1,True,-4.7588,0.5995,.55-.60,
CFG/USDT,2025-03-08,LONG,0.6448,0.1429,0.1175,1,True,-17.7747,0.126,.60-.70,
CFG/USDT,2025-03-13,LONG,0.5711,0.1223,0.1225,1,True,0.1635,0.0108,.55-.60,
CFG/USDT,2025-03-17,LONG,0.7572,0.1286,0.1381,1,True,7.3872,0.6009,.70-.80,
CFG/USDT,2025-03-22,LONG,0.6072,0.1494,0.1522,1,True,1.8742,0.5221,.60-.70,
CFG/USDT,2025-03-25,LONG,0.6276,0.1558,0.1371,5,False,-12.0026,0.0793,.60-.70,
CFG/USDT,2025-03-27,LONG,0.6198,0.1516,0.1359,5,False,-10.3562,0.5096,.60-.70,
CFG/USDT,2025-03-30,LONG,0.5775,0.1371,0.12,5,False,-12.4726,0.1298,.55-.60,
CFG/USDT,2025-03-31,LONG,0.5735,0.1341,0.1247,5,False,-7.0097,0.6058,.55-.60,
CRO/USDT,2024-09-01,LONG,0.5961,0.07864,0.0809,1,True,2.8739,1.5178,.55-.60,1.5-2x
CRO/USDT,2024-09-05,LONG,0.5867,0.07769,0.07487,1,True,-3.6298,0.4497,.55-.60,
CRO/USDT,2024-09-08,LONG,0.6047,0.07817,0.08355,5,False,6.8824,1.1628,.60-.70,1-1.5x
CRO/USDT,2024-09-10,LONG,0.5622,0.07957,0.08355,3,True,5.0019,0.0562,.55-.60,
CRO/USDT,2024-09-11,LONG,0.5872,0.07823,0.08355,2,True,6.8005,0.6821,.55-.60,
CRO/USDT,2024-09-12,LONG,0.5658,0.07956,0.08355,1,True,5.0151,0.7681,.55-.60,
CRO/USDT,2024-09-23,LONG,0.7085,0.08588,0.08469,2,True,-1.3857,0.1098,.70-.80,
CRO/USDT,2024-09-24,LONG,0.6219,0.08659,0.08469,1,True,-2.1942,0.3541,.60-.70,
CRO/USDT,2024-09-29,LONG,0.6659,0.08622,0.0834,1,True,-3.2707,0.1398,.60-.70,
CRO/USDT,2024-10-04,LONG,0.695,0.08117,0.08069,2,True,-0.5914,1.0851,.60-.70,1-1.5x
CRO/USDT,2024-10-17,LONG,0.7071,0.07755,0.07751,4,True,-0.0516,0.7657,.70-.80,
CRO/USDT,2024-10-18,LONG,0.6492,0.07823,0.07751,3,True,-0.9204,0.4493,.60-.70,
CRO/USDT,2024-10-19,LONG,0.6768,0.07788,0.07751,2,True,-0.4751,0.2293,.60-.70,
CRO/USDT,2024-10-20,LONG,0.801,0.07947,0.07751,1,True,-2.4663,1.0666,>.80,1-1.5x
CRO/USDT,2024-10-22,LONG,0.6521,0.07722,0.07579,1,True,-1.8519,0.2137,.60-.70,
CRO/USDT,2024-10-25,LONG,0.6388,0.07211,0.07545,5,False,4.6318,2.5486,.60-.70,2-3x
CRO/USDT,2024-10-26,LONG,0.6096,0.07292,0.07306,5,False,0.192,0.5629,.60-.70,
CRO/USDT,2024-10-28,LONG,0.7549,0.07468,0.07306,3,True,-2.1693,0.2683,.70-.80,
CRO/USDT,2024-10-29,LONG,0.5716,0.07677,0.07306,2,True,-4.8326,1.4105,.55-.60,1-1.5x
CRO/USDT,2024-10-30,LONG,0.6989,0.07545,0.07306,1,True,-3.1677,0.8542,.60-.70,
CRO/USDT,2024-11-01,LONG,0.7071,0.07338,0.08557,5,False,16.6122,0.211,.70-.80,
CRO/USDT,2024-11-02,LONG,0.6413,0.07242,0.09211,5,False,27.1886,0.6325,.60-.70,
CRO/USDT,2024-11-03,LONG,0.8087,0.0718,0.09211,4,True,28.2869,0.4518,>.80,
CRO/USDT,2024-11-05,LONG,0.5522,0.07226,0.09211,2,True,27.4702,1.169,.55-.60,1-1.5x
CRO/USDT,2024-11-06,LONG,0.6319,0.08557,0.09211,1,True,7.6429,3.968,.60-.70,3-5x
CRO/USDT,2024-11-09,LONG,0.8173,0.10349,0.21243,2,True,105.2662,0.767,>.80,
CRO/USDT,2024-11-10,LONG,0.8646,0.12382,0.21243,1,True,71.5636,2.6222,>.80,2-3x
CRO/USDT,2024-11-12,LONG,0.9886,0.17644,0.16723,3,True,-5.2199,0.9524,>.80,
CRO/USDT,2024-11-13,LONG,0.9065,0.17394,0.16723,2,True,-3.8577,0.0795,>.80,
CRO/USDT,2024-11-14,LONG,0.9989,0.15049,0.16723,1,True,11.1237,0.7418,>.80,
CRO/USDT,2024-11-18,LONG,0.9356,0.17101,0.18666,3,True,9.1515,0.3664,>.80,
CRO/USDT,2024-11-20,LONG,0.7378,0.17895,0.18666,1,True,4.3085,0.2262,.70-.80,
CRO/USDT,2024-11-22,LONG,0.6827,0.19205,0.19199,2,True,-0.0312,0.1599,.60-.70,
CRO/USDT,2024-11-23,LONG,0.7708,0.20451,0.19199,1,True,-6.122,0.3609,.70-.80,
CRO/USDT,2024-11-25,LONG,0.6024,0.17825,0.1735,1,True,-2.6648,0.3901,.60-.70,
CRO/USDT,2024-11-27,LONG,0.6004,0.18048,0.18515,5,False,2.5875,0.2213,.60-.70,
CRO/USDT,2024-11-29,LONG,0.6065,0.18981,0.20367,4,True,7.302,0.3677,.60-.70,
CRO/USDT,2024-12-04,LONG,0.5671,0.2148,0.20028,4,True,-6.7598,1.0662,.55-.60,1-1.5x
CRO/USDT,2024-12-05,LONG,0.5706,0.2036,0.20028,3,True,-1.6306,1.0691,.55-.60,1-1.5x
CRO/USDT,2024-12-06,LONG,0.8486,0.20656,0.20028,2,True,-3.0403,0.2998,>.80,
CRO/USDT,2024-12-12,LONG,0.5596,0.18324,0.176,2,True,-3.9511,0.1208,.55-.60,
CRO/USDT,2024-12-13,LONG,0.8025,0.18602,0.176,1,True,-5.3865,0.2829,>.80,
CRO/USDT,2024-12-15,LONG,0.7262,0.17996,0.17271,3,True,-4.0287,0.4416,.70-.80,
CRO/USDT,2024-12-16,LONG,0.6795,0.17733,0.17271,2,True,-2.6053,0.2884,.60-.70,
CRO/USDT,2024-12-17,LONG,0.758,0.19765,0.17271,1,True,-12.6183,2.0446,.70-.80,2-3x
CRO/USDT,2024-12-22,LONG,0.6766,0.15419,0.1581,3,True,2.5358,0.3277,.60-.70,
CRO/USDT,2024-12-23,LONG,0.5602,0.16259,0.1581,2,True,-2.7615,0.9226,.55-.60,
CRO/USDT,2024-12-28,LONG,0.5524,0.15058,0.1411,3,True,-6.2957,0.2598,.55-.60,
CRO/USDT,2025-01-03,LONG,0.5861,0.16007,0.14554,5,False,-9.0773,1.2069,.55-.60,1-1.5x
CRO/USDT,2025-01-05,LONG,0.5577,0.15922,0.14391,5,False,-9.6156,0.3329,.55-.60,
CRO/USDT,2025-01-06,LONG,0.5717,0.16259,0.1417,5,False,-12.8483,0.4731,.55-.60,
CRO/USDT,2025-01-10,LONG,0.5617,0.14391,0.14483,5,False,0.6393,0.9748,.55-.60,
CRO/USDT,2025-01-13,LONG,0.5557,0.13472,0.14483,2,True,7.5045,0.5998,.55-.60,
CRO/USDT,2025-01-18,LONG,0.7219,0.13469,0.13915,3,True,3.3113,1.9308,.70-.80,1.5-2x
CRO/USDT,2025-01-19,LONG,0.5799,0.13212,0.13915,2,True,5.3209,0.4602,.55-.60,
CRO/USDT,2025-01-24,LONG,0.6818,0.13832,0.1384,1,True,0.0578,0.3016,.60-.70,
CRO/USDT,2025-01-26,LONG,0.5987,0.13422,0.12754,2,True,-4.9769,0.8229,.55-.60,
CRO/USDT,2025-01-27,LONG,0.6923,0.13269,0.12754,1,True,-3.8812,0.3508,.60-.70,
CRO/USDT,2025-01-29,LONG,0.6117,0.12869,0.13096,1,True,1.7639,0.2844,.60-.70,
CRO/USDT,2025-01-31,LONG,0.5522,0.12987,0.12387,1,True,-4.62,0.273,.55-.60,
CRO/USDT,2025-02-03,LONG,0.8012,0.11376,0.09592,3,True,-15.6821,1.1598,>.80,1-1.5x
CRO/USDT,2025-02-05,LONG,0.6608,0.10181,0.09592,1,True,-5.7853,0.9999,.60-.70,
CRO/USDT,2025-02-07,LONG,0.5831,0.09433,0.09339,2,True,-0.9965,0.4119,.55-.60,
CRO/USDT,2025-02-08,LONG,0.5646,0.09436,0.09339,1,True,-1.028,0.0079,.55-.60,
CRO/USDT,2025-02-11,LONG,0.679,0.09255,0.09116,3,True,-1.5019,0.5224,.60-.70,
CRO/USDT,2025-02-13,LONG,0.6804,0.09104,0.09116,1,True,0.1318,1.1069,.60-.70,1-1.5x
CRO/USDT,2025-02-23,LONG,0.5811,0.08501,0.07749,1,True,-8.846,0.2977,.55-.60,
CRO/USDT,2025-02-25,LONG,0.5871,0.07656,0.07423,2,True,-3.0434,0.4296,.55-.60,
CRO/USDT,2025-03-02,LONG,0.6544,0.08254,0.08876,4,True,7.5357,2.9845,.60-.70,2-3x
CRO/USDT,2025-03-03,LONG,0.9912,0.07675,0.08876,3,True,15.6482,1.6705,>.80,1.5-2x
CRO/USDT,2025-03-07,LONG,0.8607,0.083,0.07605,3,True,-8.3735,1.1908,>.80,1-1.5x
CRO/USDT,2025-03-08,LONG,0.8289,0.08478,0.07605,2,True,-10.2972,0.392,>.80,
CRO/USDT,2025-03-09,LONG,0.9493,0.08072,0.07605,1,True,-5.7854,0.8594,>.80,
CRO/USDT,2025-03-11,LONG,0.7245,0.0803,0.08244,3,True,2.665,0.9587,.70-.80,
CRO/USDT,2025-03-12,LONG,0.85,0.0842,0.08244,2,True,-2.0903,0.8207,>.80,
CRO/USDT,2025-03-22,LONG,0.5895,0.08034,0.08079,1,True,0.5601,0.5023,.55-.60,
CRO/USDT,2025-03-26,LONG,0.796,0.10029,0.10088,3,True,0.5883,0.765,.70-.80,
CRO/USDT,2025-03-27,LONG,0.6593,0.10653,0.10088,2,True,-5.3037,1.0582,.60-.70,1-1.5x
CRO/USDT,2025-03-28,LONG,0.8225,0.10471,0.10088,1,True,-3.6577,0.2887,>.80,
CRO/USDT,2025-03-30,LONG,0.6692,0.10187,0.09408,5,False,-7.647,0.1745,.60-.70,
CRO/USDT,2025-03-31,LONG,0.8577,0.09908,0.09142,5,False,-7.7311,0.4871,>.80,
CRO/USDT,2025-04-01,LONG,0.6374,0.10431,0.08146,5,False,-21.9059,0.9363,.60-.70,
CRO/USDT,2025-04-02,LONG,0.7109,0.09628,0.08583,5,False,-10.8538,1.3069,.70-.80,1-1.5x
CRO/USDT,2025-04-03,LONG,0.6126,0.0963,0.08037,5,False,-16.5421,0.0035,.60-.70,
CRO/USDT,2025-04-04,LONG,0.6494,0.09408,0.08037,4,True,-14.5727,0.3887,.60-.70,
CRO/USDT,2025-04-05,LONG,0.582,0.09142,0.08037,3,True,-12.0871,0.4738,.55-.60,
HYPE/USDT,2026-01-16,LONG,0.7987,25.01,20.988,4,True,-16.0816,0.2774,.70-.80,
HYPE/USDT,2026-01-17,LONG,0.6274,25.429,20.988,3,True,-17.4643,0.4278,.60-.70,
HYPE/USDT,2026-01-19,LONG,0.6048,23.736,20.988,1,True,-11.5774,0.7488,.60-.70,
HYPE/USDT,2026-01-24,LONG,0.652,23.229,24.943,2,True,7.3787,0.5406,.60-.70,
HYPE/USDT,2026-01-27,LONG,0.8946,30.846,34.475,1,True,11.7649,3.1614,>.80,3-5x
HYPE/USDT,2026-01-29,LONG,0.9166,30.817,30.588,3,True,-0.7431,1.2963,>.80,1-1.5x
HYPE/USDT,2026-01-30,LONG,0.9592,30.641,30.588,2,True,-0.173,0.0705,>.80,
HYPE/USDT,2026-01-31,LONG,0.9161,31.008,30.588,1,True,-1.3545,0.1479,>.80,
HYPE/USDT,2026-02-03,LONG,0.8244,32.719,32.388,3,True,-1.0116,0.22,>.80,
HYPE/USDT,2026-02-04,LONG,0.6487,35.52,32.388,2,True,-8.8176,1.0519,.60-.70,1-1.5x
HYPE/USDT,2026-02-05,LONG,0.8812,33.092,32.388,1,True,-2.1274,0.8157,>.80,
HYPE/USDT,2026-02-07,LONG,0.8155,31.421,32.449,1,True,3.2717,0.3554,>.80,
HYPE/USDT,2026-02-10,LONG,0.7448,28.85,29.396,1,True,1.8925,0.9771,.70-.80,
HYPE/USDT,2026-02-13,LONG,0.6472,31.59,30.728,2,True,-2.7287,0.1987,.60-.70,
HYPE/USDT,2026-02-14,LONG,0.566,31.849,30.728,1,True,-3.5197,0.1023,.55-.60,
HYPE/USDT,2026-02-18,LONG,0.5725,28.706,26.387,5,False,-8.0785,0.6034,.55-.60,
HYPE/USDT,2026-02-20,LONG,0.6646,30.352,26.387,3,True,-13.0634,0.9778,.60-.70,
HYPE/USDT,2026-02-24,LONG,0.5614,27.085,28.131,2,True,3.8619,0.6358,.55-.60,
HYPE/USDT,2026-02-25,LONG,0.5689,27.906,28.131,1,True,0.8063,0.7487,.55-.60,
HYPE/USDT,2026-02-27,LONG,0.6604,27.31,32.166,5,False,17.781,0.721,.60-.70,
HYPE/USDT,2026-02-28,LONG,0.5895,31.2,30.539,5,False,-2.1186,2.7464,.55-.60,2-3x
HYPE/USDT,2026-03-01,LONG,0.5521,31.558,31.026,5,False,-1.6858,0.2236,.55-.60,
HYPE/USDT,2026-03-02,LONG,0.7061,32.802,31.026,4,True,-5.4143,0.8176,.70-.80,
HYPE/USDT,2026-03-03,LONG,0.7303,31.306,31.026,3,True,-0.8944,0.9204,.70-.80,
HYPE/USDT,2026-03-04,LONG,0.587,32.166,31.026,2,True,-3.5441,0.5688,.55-.60,
HYPE/USDT,2026-03-05,LONG,0.7172,30.539,31.026,1,True,1.5947,1.0196,.70-.80,1-1.5x
HYPE/USDT,2026-03-08,LONG,0.7066,30.742,36.48,5,False,18.665,0.2938,.70-.80,
HYPE/USDT,2026-03-12,LONG,0.6908,37.281,37.289,3,True,0.0215,0.5213,.60-.70,
HYPE/USDT,2026-03-13,LONG,0.5507,36.48,37.289,2,True,2.2177,0.3865,.55-.60,
HYPE/USDT,2026-03-14,LONG,0.5866,37.819,37.289,1,True,-1.4014,0.665,.55-.60,
HYPE/USDT,2026-03-16,LONG,0.7162,40.777,41.167,1,True,0.9564,1.7794,.70-.80,1.5-2x
HYPE/USDT,2026-03-18,LONG,0.5943,42.116,38.368,4,True,-8.8992,0.439,.55-.60,
HYPE/USDT,2026-03-19,LONG,0.7919,39.352,38.368,3,True,-2.5005,1.1944,.70-.80,1-1.5x
HYPE/USDT,2026-03-21,LONG,0.5877,39.157,38.368,1,True,-2.015,0.2079,.55-.60,
HYPE/USDT,2026-03-24,LONG,0.6358,40.352,40.312,1,True,-0.0991,1.6399,.60-.70,1.5-2x
HYPE/USDT,2026-03-26,LONG,0.636,39.162,37.839,3,True,-3.3783,0.6018,.60-.70,
HYPE/USDT,2026-03-27,LONG,0.6523,38.686,37.839,2,True,-2.1894,0.2585,.60-.70,
HYPE/USDT,2026-04-04,LONG,0.6018,36.38,36.321,2,True,-0.1622,0.5716,.60-.70,
HYPE/USDT,2026-04-08,LONG,0.5854,38.76,39.476,1,True,1.8473,0.1068,.55-.60,
HYPE/USDT,2026-04-16,LONG,0.7114,43.851,44.653,1,True,1.8289,0.5465,.70-.80,
HYPE/USDT,2026-04-18,LONG,0.7142,43.794,40.738,2,True,-6.9781,0.6059,.70-.80,
HYPE/USDT,2026-04-19,LONG,0.6557,40.718,40.738,1,True,0.0491,1.9777,.60-.70,1.5-2x
HYPE/USDT,2026-04-21,LONG,0.7298,39.755,41.146,1,True,3.4989,0.6749,.70-.80,
HYPE/USDT,2026-04-25,LONG,0.6805,41.502,42.431,1,True,2.2384,0.2313,.60-.70,
HYPE/USDT,2026-04-29,LONG,0.572,39.964,39.717,1,True,-0.6181,0.1622,.55-.60,
HYPE/USDT,2026-05-04,LONG,0.7127,41.815,42.928,5,False,2.6617,0.2626,.70-.80,
HYPE/USDT,2026-05-05,LONG,0.6422,43.733,42.928,4,True,-1.8407,1.7167,.60-.70,1.5-2x
HYPE/USDT,2026-05-06,LONG,0.6918,43.1,42.928,3,True,-0.3991,0.544,.60-.70,
HYPE/USDT,2026-05-08,LONG,0.6074,43.282,42.928,1,True,-0.8179,0.6655,.60-.70,
HYPE/USDT,2026-05-14,LONG,0.7479,44.164,44.212,1,True,0.1087,3.5367,.70-.80,3-5x
HYPE/USDT,2026-05-16,LONG,0.6855,41.831,45.713,1,True,9.2802,1.3308,.60-.70,1-1.5x
HYPE/USDT,2026-05-18,LONG,0.9076,47.778,58.58,3,True,22.6087,1.0056,>.80,1-1.5x
HYPE/USDT,2026-05-19,LONG,0.5884,48.1,58.58,2,True,21.7879,0.1505,.55-.60,
HYPE/USDT,2026-05-20,LONG,0.8426,54.909,58.58,1,True,6.6856,2.6552,>.80,2-3x
HYPE/USDT,2026-05-23,LONG,0.8412,58.737,62.845,1,True,6.9939,1.2804,>.80,1-1.5x
HYPE/USDT,2026-05-26,LONG,0.7873,59.628,61.555,2,True,3.2317,0.4162,.70-.80,
HYPE/USDT,2026-05-27,LONG,0.926,57.788,61.555,1,True,6.5187,0.5001,>.80,
HYPE/USDT,2026-05-31,LONG,0.8269,72.11,74.544,3,True,3.3754,0.8861,>.80,
HYPE/USDT,2026-06-01,LONG,0.7375,73.63,74.544,2,True,1.2413,0.3515,.70-.80,
HYPE/USDT,2026-06-02,LONG,0.9551,69.817,74.544,1,True,6.7706,0.8483,>.80,
HYPE/USDT,2026-06-05,LONG,0.8227,59.776,56.541,1,True,-5.4119,1.0563,>.80,1-1.5x
HYPE/USDT,2026-06-07,LONG,0.9553,59.742,53.31,3,True,-10.7663,0.827,>.80,
HYPE/USDT,2026-06-08,LONG,0.677,63.814,53.31,2,True,-16.4603,0.9806,.60-.70,
HYPE/USDT,2026-06-09,LONG,0.6602,57.799,53.31,1,True,-7.7666,1.4037,.60-.70,1-1.5x
ME/USDT,2025-03-01,LONG,0.5621,1.347,1.189,2,True,-11.7298,0.4148,.55-.60,
ME/USDT,2025-03-04,LONG,0.5558,1.149,1.157,2,True,0.6963,0.6403,.55-.60,
ME/USDT,2025-03-07,LONG,0.5672,1.158,1.017,2,True,-12.1762,0.0176,.55-.60,
ME/USDT,2025-03-11,LONG,0.6096,1.04,1.047,1,True,0.6731,0.3306,.60-.70,
ME/USDT,2025-03-14,LONG,0.6018,1.087,1.064,2,True,-2.1159,0.3598,.60-.70,
ME/USDT,2025-03-17,LONG,0.6062,1.164,1.145,2,True,-1.6323,1.7876,.60-.70,1.5-2x
ME/USDT,2025-03-20,LONG,0.6404,1.118,1.215,1,True,8.6762,0.4495,.60-.70,
ME/USDT,2025-03-23,LONG,0.5892,1.161,1.193,1,True,2.7562,0.5704,.55-.60,
ME/USDT,2025-03-25,LONG,0.74,1.28,1.249,2,True,-2.4219,1.6207,.70-.80,1.5-2x
ME/USDT,2025-03-28,LONG,0.7517,1.127,0.912,5,False,-19.0772,1.9524,.70-.80,1.5-2x
ME/USDT,2025-03-31,LONG,0.6203,0.999,0.925,5,False,-7.4074,0.6773,.60-.70,
ME/USDT,2025-04-05,LONG,0.5648,0.925,0.8,1,True,-13.5135,0.2297,.55-.60,
EIGEN/USDT,2024-12-13,LONG,0.7473,4.902,4.63,1,True,-5.5488,0.0121,.70-.80,
EIGEN/USDT,2024-12-15,LONG,0.9161,5.024,4.223,4,True,-15.9435,0.9885,>.80,
EIGEN/USDT,2024-12-17,LONG,0.7263,5.067,4.223,2,True,-16.6568,0.9084,.70-.80,
EIGEN/USDT,2024-12-18,LONG,0.8316,4.964,4.223,1,True,-14.9275,0.2407,>.80,
EIGEN/USDT,2024-12-24,LONG,0.7907,3.976,3.325,5,False,-16.3732,0.196,.70-.80,
EIGEN/USDT,2024-12-25,LONG,0.6583,3.759,3.674,5,False,-2.2612,0.5587,.60-.70,
EIGEN/USDT,2024-12-27,LONG,0.7642,3.4,3.518,4,True,3.4706,0.2374,.70-.80,
EIGEN/USDT,2024-12-29,LONG,0.6666,3.325,3.518,2,True,5.8045,0.8513,.60-.70,
EIGEN/USDT,2024-12-30,LONG,0.6561,3.674,3.518,1,True,-4.2461,1.2143,.60-.70,1-1.5x
EIGEN/USDT,2025-01-03,LONG,0.6864,4.033,4.051,1,True,0.4463,0.9824,.60-.70,
EIGEN/USDT,2025-01-06,LONG,0.6736,4.055,3.201,3,True,-21.0604,0.2321,.60-.70,
EIGEN/USDT,2025-01-07,LONG,0.5735,3.567,3.201,2,True,-10.2607,1.6851,.55-.60,1.5-2x
EIGEN/USDT,2025-01-15,LONG,0.5946,3.411,3.262,1,True,-4.3682,1.6916,.55-.60,1.5-2x
EIGEN/USDT,2025-01-22,LONG,0.8677,2.592,2.752,2,True,6.1728,1.0195,>.80,1-1.5x
EIGEN/USDT,2025-01-23,LONG,0.7204,2.733,2.752,1,True,0.6952,0.877,.70-.80,
EIGEN/USDT,2025-01-25,LONG,0.6288,2.805,2.579,2,True,-8.057,0.3099,.60-.70,
EIGEN/USDT,2025-01-26,LONG,0.7467,2.653,2.579,1,True,-2.7893,0.8643,.70-.80,
EIGEN/USDT,2025-01-28,LONG,0.6298,2.423,2.629,1,True,8.5019,1.0304,.60-.70,1-1.5x
EIGEN/USDT,2025-01-31,LONG,0.6684,3.004,2.573,1,True,-14.3475,1.1022,.60-.70,1-1.5x
EIGEN/USDT,2025-02-06,LONG,0.9918,1.691,1.667,3,True,-1.4193,1.3168,>.80,1-1.5x
EIGEN/USDT,2025-02-07,LONG,0.6171,1.7,1.667,2,True,-1.9412,0.0769,.60-.70,
EIGEN/USDT,2025-02-11,LONG,0.8093,1.655,1.742,1,True,5.2568,0.4486,>.80,
EIGEN/USDT,2025-02-13,LONG,0.5795,1.71,1.744,1,True,1.9883,0.253,.55-.60,
EIGEN/USDT,2025-02-19,LONG,0.628,1.721,1.957,1,True,13.713,0.3642,.60-.70,
EIGEN/USDT,2025-02-23,LONG,0.8676,1.892,1.536,1,True,-18.8161,0.5056,>.80,
EIGEN/USDT,2025-02-25,LONG,0.9115,1.643,1.725,1,True,4.9909,0.9341,>.80,
EIGEN/USDT,2025-02-28,LONG,0.8528,1.707,1.603,1,True,-6.0926,0.0251,>.80,
EIGEN/USDT,2025-03-04,LONG,0.6957,1.422,1.482,1,True,4.2194,0.0082,.60-.70,
EIGEN/USDT,2025-03-06,LONG,0.8661,1.387,1.289,1,True,-7.0656,0.7387,>.80,
EIGEN/USDT,2025-03-08,LONG,0.6065,1.307,1.067,5,False,-18.3627,0.1627,.60-.70,
EIGEN/USDT,2025-03-10,LONG,0.7177,1.087,1.131,4,True,4.0478,0.611,.70-.80,
EIGEN/USDT,2025-03-18,LONG,0.555,1.158,1.205,4,True,4.0587,0.1072,.55-.60,
EIGEN/USDT,2025-03-19,LONG,0.6195,1.208,1.205,3,True,-0.2483,0.5899,.60-.70,
EIGEN/USDT,2025-03-21,LONG,0.5825,1.141,1.205,1,True,5.6091,0.1904,.55-.60,
EIGEN/USDT,2025-03-28,LONG,0.5826,1.028,0.818,5,False,-20.428,2.1865,.55-.60,2-3x
EIGEN/USDT,2025-03-31,LONG,0.6554,0.931,0.818,5,False,-12.1375,0.1552,.60-.70,
EIGEN/USDT,2025-04-02,LONG,0.5579,0.818,0.818,3,True,0.0,2.0765,.55-.60,2-3x
EIGEN/USDT,2025-04-03,LONG,0.596,0.823,0.818,2,True,-0.6075,0.125,.55-.60,
EIGEN/USDT,2025-04-04,LONG,0.5823,0.825,0.818,1,True,-0.8485,0.0508,.55-.60,
NEIRO/USDT,2025-01-03,LONG,0.6833,0.001147,0.000795,5,False,-30.666,1.7054,.60-.70,1.5-2x
NEIRO/USDT,2025-01-04,LONG,0.6285,0.00109,0.000789,5,False,-27.6346,0.5768,.60-.70,
NEIRO/USDT,2025-01-05,LONG,0.5601,0.001094,0.000789,4,True,-27.9123,0.045,.55-.60,
NEIRO/USDT,2025-01-06,LONG,0.8345,0.00107,0.000789,3,True,-26.2341,0.2706,>.80,
NEIRO/USDT,2025-01-07,LONG,0.5991,0.000893,0.000789,2,True,-11.6263,1.9737,.55-.60,1.5-2x
NEIRO/USDT,2025-01-08,LONG,0.5737,0.000795,0.000789,1,True,-0.8046,1.4364,.55-.60,1-1.5x
NEIRO/USDT,2025-01-11,LONG,0.67,0.000812,0.00081,1,True,-0.2093,0.2554,.60-.70,
NEIRO/USDT,2025-01-15,LONG,0.6,0.000842,0.000866,2,True,2.754,1.2058,.55-.60,1-1.5x
NEIRO/USDT,2025-01-24,LONG,0.803,0.000554,0.000514,3,True,-7.3246,0.5816,>.80,
NEIRO/USDT,2025-01-25,LONG,0.7838,0.000555,0.000514,2,True,-7.4914,0.0223,.70-.80,
NEIRO/USDT,2025-01-26,LONG,0.6906,0.000539,0.000514,1,True,-4.6408,0.3694,.60-.70,
NEIRO/USDT,2025-01-28,LONG,0.7033,0.000445,0.000498,1,True,11.8957,1.7601,.70-.80,1.5-2x
NEIRO/USDT,2025-01-31,LONG,0.8378,0.00061,0.000508,1,True,-16.7595,1.8991,>.80,1.5-2x
NEIRO/USDT,2025-02-03,LONG,0.5856,0.000405,0.000318,3,True,-21.3491,0.3588,.55-.60,
NEIRO/USDT,2025-02-04,LONG,0.8645,0.000369,0.000318,2,True,-13.7866,0.8759,>.80,
NEIRO/USDT,2025-02-05,LONG,0.7639,0.00035,0.000318,1,True,-9.1091,0.5139,.70-.80,
NEIRO/USDT,2025-02-07,LONG,0.6891,0.0003,0.000327,1,True,9.1394,0.6451,.60-.70,
NEIRO/USDT,2025-02-11,LONG,0.7941,0.00032,0.00036,4,True,12.4259,0.3527,.70-.80,
NEIRO/USDT,2025-02-12,LONG,0.5909,0.000358,0.00036,3,True,0.6147,1.241,.55-.60,1-1.5x
NEIRO/USDT,2025-02-13,LONG,0.8167,0.000336,0.00036,2,True,7.0134,0.6305,>.80,
NEIRO/USDT,2025-02-14,LONG,0.768,0.000373,0.00036,1,True,-3.3289,1.0812,.70-.80,1-1.5x
NEIRO/USDT,2025-02-16,LONG,0.741,0.000342,0.000338,1,True,-1.1974,0.4964,.70-.80,
NEIRO/USDT,2025-02-20,LONG,0.6415,0.000366,0.00037,1,True,1.0385,1.3654,.60-.70,1-1.5x
NEIRO/USDT,2025-02-23,LONG,0.6485,0.000392,0.00042,5,False,7.2523,0.689,.60-.70,
NEIRO/USDT,2025-02-24,LONG,0.6033,0.000321,0.000364,5,False,13.3167,2.26,.60-.70,2-3x
NEIRO/USDT,2025-02-25,LONG,0.6252,0.000367,0.000364,4,True,-0.844,1.6823,.60-.70,1.5-2x
NEIRO/USDT,2025-02-26,LONG,0.6688,0.000403,0.000364,3,True,-9.6502,1.16,.60-.70,1-1.5x
NEIRO/USDT,2025-02-27,LONG,0.5789,0.0004,0.000364,2,True,-8.9045,0.0993,.55-.60,
NEIRO/USDT,2025-02-28,LONG,0.8141,0.00042,0.000364,1,True,-13.2857,0.6235,>.80,
NEIRO/USDT,2025-03-05,LONG,0.612,0.000317,0.000299,1,True,-5.6116,0.3487,.60-.70,
NEIRO/USDT,2025-03-07,LONG,0.7796,0.000286,0.000238,3,True,-17.0391,0.4884,.70-.80,
NEIRO/USDT,2025-03-08,LONG,0.6894,0.000256,0.000238,2,True,-7.1512,1.1675,.60-.70,1-1.5x
NEIRO/USDT,2025-03-14,LONG,0.7368,0.000267,0.000256,2,True,-3.9355,0.4701,.70-.80,
NEIRO/USDT,2025-03-15,LONG,0.6315,0.000275,0.000256,1,True,-6.8677,0.3745,.60-.70,
NEIRO/USDT,2025-03-17,LONG,0.5764,0.000267,0.000269,4,True,0.6734,0.6285,.55-.60,
NEIRO/USDT,2025-03-19,LONG,0.7288,0.000265,0.000269,2,True,1.5472,0.8032,.70-.80,
NEIRO/USDT,2025-03-22,LONG,0.7485,0.000275,0.000292,3,True,5.9571,0.3994,.70-.80,
NEIRO/USDT,2025-03-26,LONG,0.6231,0.000282,0.000198,3,True,-29.8439,0.7613,.60-.70,
NEIRO/USDT,2025-03-27,LONG,0.6812,0.000267,0.000198,2,True,-25.8996,1.18,.60-.70,1-1.5x
NEIRO/USDT,2025-03-28,LONG,0.755,0.000224,0.000198,1,True,-11.8198,3.0404,.70-.80,3-5x
NEIRO/USDT,2025-03-30,LONG,0.791,0.000201,0.000172,3,True,-14.3638,0.3057,.70-.80,
NEIRO/USDT,2025-03-31,LONG,0.7796,0.000196,0.000172,2,True,-12.002,0.4659,.70-.80,
NEIRO/USDT,2025-04-01,LONG,0.6163,0.000192,0.000172,1,True,-10.2137,0.353,.60-.70,
NEIRO/USDT,2025-04-05,LONG,0.7463,0.000181,0.000155,1,True,-14.4592,0.3591,.70-.80,
SCR/USDT,2025-01-22,LONG,0.5552,0.7511,0.7111,2,True,-5.3255,1.1416,.55-.60,1-1.5x
SCR/USDT,2025-01-23,LONG,0.55,0.7331,0.7111,1,True,-3.001,0.5049,.50-.55,
SCR/USDT,2025-01-26,LONG,0.5576,0.6792,0.6723,1,True,-1.0159,0.4887,.55-.60,
SCR/USDT,2025-02-01,LONG,0.5697,0.627,0.5995,2,True,-4.386,1.4651,.55-.60,1-1.5x
SCR/USDT,2025-02-06,LONG,0.9782,0.4926,0.561,2,True,13.8855,3.0212,>.80,3-5x
SCR/USDT,2025-02-11,LONG,0.6449,0.6323,0.6388,5,False,1.028,0.7195,.60-.70,
SCR/USDT,2025-02-12,LONG,0.9113,0.6477,0.6395,5,False,-1.266,0.4255,>.80,
SCR/USDT,2025-02-13,LONG,0.5751,0.6184,0.6141,5,False,-0.6953,0.784,.55-.60,
SCR/USDT,2025-02-14,LONG,0.5921,0.6601,0.6095,5,False,-7.6655,1.1284,.55-.60,1-1.5x
SCR/USDT,2025-02-16,LONG,0.5833,0.6388,0.6285,5,False,-1.6124,0.1712,.55-.60,
SCR/USDT,2025-02-17,LONG,0.5529,0.6395,0.6545,5,False,2.3456,0.0193,.55-.60,
SCR/USDT,2025-02-27,LONG,0.6265,0.5856,0.5673,1,True,-3.125,0.0807,.60-.70,
SCR/USDT,2025-03-14,LONG,0.5649,0.3512,0.3572,3,True,1.7084,0.5763,.55-.60,
SCR/USDT,2025-03-15,LONG,0.5812,0.3641,0.3572,2,True,-1.8951,0.5223,.55-.60,
SCR/USDT,2025-03-16,LONG,0.5589,0.3371,0.3572,1,True,5.9626,1.1259,.55-.60,1-1.5x
SCR/USDT,2025-03-20,LONG,0.6025,0.3518,0.3823,4,True,8.6697,0.6402,.60-.70,
SCR/USDT,2025-03-21,LONG,0.5907,0.3379,0.3823,3,True,13.14,0.5703,.55-.60,
SCR/USDT,2025-03-22,LONG,0.577,0.3648,0.3823,2,True,4.7971,1.1649,.55-.60,1-1.5x
SCR/USDT,2025-03-23,LONG,0.6173,0.379,0.3823,1,True,0.8707,0.647,.60-.70,
SCR/USDT,2025-03-27,LONG,0.5595,0.3679,0.3392,1,True,-7.801,0.2125,.55-.60,
SCR/USDT,2025-04-02,LONG,0.6043,0.2513,0.2652,3,True,5.5312,1.5497,.60-.70,1.5-2x
SCR/USDT,2025-04-04,LONG,0.7329,0.26,0.2652,1,True,2.0,0.4839,.70-.80,
SCR/USDT,2025-04-06,LONG,0.5983,0.2313,0.2363,2,True,2.1617,2.1019,.55-.60,2-3x
GOAT/USDT,2025-02-22,LONG,0.5707,0.1167,0.1071,1,True,-8.2262,2.6957,.55-.60,2-3x
GOAT/USDT,2025-02-24,LONG,0.6248,0.0832,0.0899,1,True,8.0529,2.7866,.60-.70,2-3x
GOAT/USDT,2025-02-26,LONG,0.7362,0.0946,0.0938,1,True,-0.8457,0.6406,.70-.80,
GOAT/USDT,2025-03-02,LONG,0.6755,0.1032,0.0795,1,True,-22.9651,1.6764,.60-.70,1.5-2x
GOAT/USDT,2025-03-04,LONG,0.7985,0.0749,0.0684,2,True,-8.6782,0.5627,.70-.80,
GOAT/USDT,2025-03-05,LONG,0.8299,0.07375,0.0684,1,True,-7.2542,0.1504,>.80,
GOAT/USDT,2025-03-07,LONG,0.7308,0.0629,0.06152,1,True,-2.194,0.7809,.70-.80,
GOAT/USDT,2025-03-10,LONG,0.7142,0.0536,0.05543,2,True,3.4142,0.4049,.70-.80,
GOAT/USDT,2025-03-11,LONG,0.6158,0.0541,0.05543,1,True,2.4584,0.0894,.60-.70,
GOAT/USDT,2025-03-14,LONG,0.6168,0.05716,0.05482,2,True,-4.0938,0.5717,.60-.70,
GOAT/USDT,2025-03-15,LONG,0.6389,0.05813,0.05482,1,True,-5.6941,0.1813,.60-.70,
GOAT/USDT,2025-03-17,LONG,0.5593,0.05783,0.05875,2,True,1.5909,0.6836,.55-.60,
GOAT/USDT,2025-03-18,LONG,0.5996,0.05698,0.05875,1,True,3.1064,0.187,.55-.60,
GOAT/USDT,2025-03-20,LONG,0.5807,0.05627,0.05641,2,True,0.2488,0.5488,.55-.60,
GOAT/USDT,2025-03-21,LONG,0.6231,0.05553,0.05641,1,True,1.5847,0.176,.60-.70,
GOAT/USDT,2025-03-23,LONG,0.6482,0.05908,0.06362,2,True,7.6845,1.0564,.60-.70,1-1.5x
GOAT/USDT,2025-03-24,LONG,0.6466,0.0636,0.06362,1,True,0.0314,1.5999,.60-.70,1.5-2x
GOAT/USDT,2025-03-26,LONG,0.664,0.06191,0.05056,5,False,-18.3331,0.5906,.60-.70,
GOAT/USDT,2025-03-27,LONG,0.7273,0.06128,0.05056,4,True,-17.4935,0.2431,.70-.80,
GOAT/USDT,2025-03-28,LONG,0.7318,0.05479,0.05056,3,True,-7.7204,2.2108,.70-.80,2-3x
GOAT/USDT,2025-03-29,LONG,0.6167,0.05167,0.05056,2,True,-2.1482,1.258,.60-.70,1-1.5x
GOAT/USDT,2025-03-30,LONG,0.7006,0.05177,0.05056,1,True,-2.3373,0.0437,.70-.80,
GOAT/USDT,2025-04-02,LONG,0.6463,0.04506,0.04509,2,True,0.0666,1.8594,.60-.70,1.5-2x
PENGU/USDT,2025-02-28,LONG,0.6382,0.009093,0.009245,2,True,1.6716,1.6831,.60-.70,1.5-2x
PENGU/USDT,2025-03-01,LONG,0.8082,0.008759,0.009245,1,True,5.5486,0.5057,>.80,
PENGU/USDT,2025-03-04,LONG,0.8221,0.006729,0.006563,1,True,-2.4669,0.5967,>.80,
PENGU/USDT,2025-03-06,LONG,0.7877,0.006207,0.00639,1,True,2.9483,0.6228,.70-.80,
PENGU/USDT,2025-03-08,LONG,0.615,0.006082,0.005515,1,True,-9.3226,0.5513,.60-.70,
PENGU/USDT,2025-03-11,LONG,0.615,0.006212,0.00636,5,False,2.3825,1.2136,.60-.70,1-1.5x
PENGU/USDT,2025-03-13,LONG,0.5613,0.00594,0.006395,5,False,7.6599,0.1372,.55-.60,
PENGU/USDT,2025-03-14,LONG,0.5972,0.006542,0.006766,5,False,3.424,1.1182,.55-.60,1-1.5x
PENGU/USDT,2025-03-16,LONG,0.6267,0.00636,0.006398,5,False,0.5975,0.6313,.60-.70,
PENGU/USDT,2025-03-17,LONG,0.5556,0.007053,0.006332,5,False,-10.2226,1.3054,.55-.60,1-1.5x
PENGU/USDT,2025-03-19,LONG,0.5903,0.006766,0.006274,4,True,-7.2717,0.6708,.55-.60,
PENGU/USDT,2025-03-20,LONG,0.8417,0.006432,0.006274,3,True,-2.4565,0.6058,>.80,
PENGU/USDT,2025-03-22,LONG,0.7074,0.006332,0.006274,1,True,-0.916,0.1293,.70-.80,
PENGU/USDT,2025-03-24,LONG,0.5957,0.007116,0.005684,5,False,-20.1237,1.9836,.55-.60,1.5-2x
PENGU/USDT,2025-03-25,LONG,0.6224,0.007035,0.005941,5,False,-15.5508,0.1688,.60-.70,
PENGU/USDT,2025-03-26,LONG,0.7832,0.006997,0.005412,5,False,-22.6526,0.0818,.70-.80,
PENGU/USDT,2025-03-27,LONG,0.6933,0.007145,0.005232,5,False,-26.774,0.321,.60-.70,
PENGU/USDT,2025-03-28,LONG,0.5773,0.006263,0.004755,5,False,-24.0779,1.7343,.55-.60,1.5-2x
PENGU/USDT,2025-03-29,LONG,0.5818,0.005684,0.004755,4,True,-16.3441,1.2999,.55-.60,1-1.5x
PENGU/USDT,2025-03-30,LONG,0.5724,0.005941,0.004755,3,True,-19.963,0.6307,.55-.60,
VIRTUAL/USDT,2026-01-08,LONG,0.8969,1.0629,1.0625,1,True,-0.0376,0.221,>.80,
VIRTUAL/USDT,2026-01-12,LONG,0.5586,0.9856,1.052,1,True,6.737,0.7986,.55-.60,
VIRTUAL/USDT,2026-01-16,LONG,0.8626,0.9913,0.871,2,True,-12.1356,0.1673,>.80,
VIRTUAL/USDT,2026-01-17,LONG,0.692,0.9472,0.871,1,True,-8.0448,0.6238,.60-.70,
VIRTUAL/USDT,2026-01-19,LONG,0.749,0.8726,0.7991,1,True,-8.4231,0.0248,.70-.80,
VIRTUAL/USDT,2026-01-21,LONG,0.684,0.84,0.8392,1,True,-0.0952,0.6842,.60-.70,
VIRTUAL/USDT,2026-01-24,LONG,0.7242,0.8246,0.8567,4,True,3.8928,0.0987,.70-.80,
VIRTUAL/USDT,2026-01-25,LONG,0.637,0.7676,0.8567,3,True,11.6076,1.5792,.60-.70,1.5-2x
VIRTUAL/USDT,2026-01-26,LONG,0.5877,0.8035,0.8567,2,True,6.621,1.0698,.55-.60,1-1.5x
VIRTUAL/USDT,2026-01-27,LONG,0.6861,0.8299,0.8567,1,True,3.2293,0.7836,.60-.70,
VIRTUAL/USDT,2026-01-29,LONG,0.8213,0.742,0.6109,3,True,-17.6685,2.6367,>.80,2-3x
VIRTUAL/USDT,2026-01-30,LONG,0.6528,0.7442,0.6109,2,True,-17.9119,0.0582,.60-.70,
VIRTUAL/USDT,2026-01-31,LONG,0.6465,0.6508,0.6109,1,True,-6.1309,2.2234,.60-.70,2-3x
VIRTUAL/USDT,2026-02-02,LONG,0.6126,0.6418,0.5957,4,True,-7.1829,0.9136,.60-.70,
VIRTUAL/USDT,2026-02-03,LONG,0.5954,0.6365,0.5957,3,True,-6.4101,0.1489,.55-.60,
VIRTUAL/USDT,2026-02-04,LONG,0.5991,0.6337,0.5957,2,True,-5.9965,0.0792,.55-.60,
VIRTUAL/USDT,2026-02-05,LONG,0.89,0.5175,0.5957,1,True,15.1111,2.7671,>.80,2-3x
VIRTUAL/USDT,2026-02-08,LONG,0.968,0.5776,0.569,1,True,-1.4889,0.3111,>.80,
VIRTUAL/USDT,2026-02-12,LONG,0.764,0.582,0.6328,3,True,8.7285,1.071,.70-.80,1-1.5x
VIRTUAL/USDT,2026-02-13,LONG,0.6062,0.5996,0.6328,2,True,5.537,0.3927,.60-.70,
VIRTUAL/USDT,2026-02-14,LONG,0.7289,0.6839,0.6328,1,True,-7.4719,1.694,.70-.80,1.5-2x
VIRTUAL/USDT,2026-02-18,LONG,0.6108,0.609,0.624,4,True,2.4631,0.7024,.60-.70,
VIRTUAL/USDT,2026-02-19,LONG,0.5699,0.6306,0.624,3,True,-1.0466,0.4468,.55-.60,
VIRTUAL/USDT,2026-02-20,LONG,0.734,0.6527,0.624,2,True,-4.3971,0.4701,.70-.80,
VIRTUAL/USDT,2026-02-27,LONG,0.6604,0.6844,0.7653,3,True,11.8206,0.3012,.60-.70,
VIRTUAL/USDT,2026-02-28,LONG,0.6706,0.7077,0.7653,2,True,8.139,0.5675,.60-.70,
VIRTUAL/USDT,2026-03-03,LONG,0.623,0.7417,0.7524,1,True,1.4426,0.4806,.60-.70,
VIRTUAL/USDT,2026-03-05,LONG,0.7478,0.7175,0.6903,1,True,-3.7909,0.7279,.70-.80,
VIRTUAL/USDT,2026-03-08,LONG,0.6495,0.6275,0.7206,5,False,14.8367,1.0782,.60-.70,1-1.5x
VIRTUAL/USDT,2026-03-09,LONG,0.5825,0.6589,0.723,5,False,9.7283,0.8827,.55-.60,
VIRTUAL/USDT,2026-03-10,LONG,0.5539,0.7026,0.7557,5,False,7.5576,1.1702,.55-.60,1-1.5x
VIRTUAL/USDT,2026-03-13,LONG,0.7283,0.7206,0.8013,3,True,11.199,0.067,.70-.80,
VIRTUAL/USDT,2026-03-17,LONG,0.6388,0.783,0.7049,3,True,-9.9745,0.4996,.60-.70,
VIRTUAL/USDT,2026-03-18,LONG,0.6699,0.7399,0.7049,2,True,-4.7304,1.17,.60-.70,1-1.5x
VIRTUAL/USDT,2026-03-19,LONG,0.8142,0.7068,0.7049,1,True,-0.2688,0.9268,>.80,
VIRTUAL/USDT,2026-03-21,LONG,0.6626,0.6722,0.724,4,True,7.706,0.9598,.60-.70,
VIRTUAL/USDT,2026-03-22,LONG,0.6431,0.6578,0.724,3,True,10.0638,0.5375,.60-.70,
VIRTUAL/USDT,2026-03-23,LONG,0.5557,0.6842,0.724,2,True,5.817,0.9849,.55-.60,
VIRTUAL/USDT,2026-03-24,LONG,0.5611,0.7265,0.724,1,True,-0.3441,1.4332,.55-.60,1-1.5x
VIRTUAL/USDT,2026-03-28,LONG,0.5844,0.6564,0.6457,1,True,-1.6301,0.1194,.55-.60,
VIRTUAL/USDT,2026-04-01,LONG,0.5733,0.6602,0.6355,2,True,-3.7413,0.2448,.55-.60,
VIRTUAL/USDT,2026-04-04,LONG,0.5532,0.6347,0.6577,4,True,3.6238,0.0359,.55-.60,
VIRTUAL/USDT,2026-04-11,LONG,0.7519,0.6895,0.643,1,True,-6.744,0.444,.70-.80,
VIRTUAL/USDT,2026-04-13,LONG,0.6426,0.6995,0.6698,1,True,-4.2459,2.2104,.60-.70,2-3x
VIRTUAL/USDT,2026-04-15,LONG,0.6424,0.6897,0.7389,1,True,7.1335,0.7512,.60-.70,
VIRTUAL/USDT,2026-04-18,LONG,0.7449,0.7033,0.6918,4,True,-1.6351,1.354,.70-.80,1-1.5x
VIRTUAL/USDT,2026-04-19,LONG,0.6746,0.67,0.6918,3,True,3.2537,1.0585,.60-.70,1-1.5x
VIRTUAL/USDT,2026-04-21,LONG,0.7535,0.6822,0.6918,1,True,1.4072,0.2223,.70-.80,
VIRTUAL/USDT,2026-04-24,LONG,0.648,0.702,0.6888,5,False,-1.8803,0.0032,.60-.70,
VIRTUAL/USDT,2026-04-26,LONG,0.5996,0.712,0.6992,5,False,-1.7978,0.4168,.55-.60,
VIRTUAL/USDT,2026-05-02,LONG,0.6436,0.7498,0.7363,2,True,-1.8005,1.8965,.60-.70,1.5-2x
VIRTUAL/USDT,2026-05-03,LONG,0.6456,0.7531,0.7363,1,True,-2.2308,0.1323,.60-.70,
VIRTUAL/USDT,2026-05-07,LONG,0.7562,0.9091,0.9067,3,True,-0.264,1.1154,.70-.80,1-1.5x
VIRTUAL/USDT,2026-05-09,LONG,0.8378,0.9335,0.9067,1,True,-2.8709,0.0756,>.80,
VIRTUAL/USDT,2026-05-12,LONG,0.733,0.8122,0.7769,1,True,-4.3462,1.4526,.70-.80,1-1.5x
VIRTUAL/USDT,2026-05-14,LONG,0.7939,0.7817,0.7023,3,True,-10.1573,0.149,.70-.80,
VIRTUAL/USDT,2026-05-16,LONG,0.6738,0.7223,0.7023,1,True,-2.7689,0.8482,.60-.70,
VIRTUAL/USDT,2026-05-18,LONG,0.7032,0.722,0.7054,1,True,-2.2992,0.6362,.70-.80,
VIRTUAL/USDT,2026-05-20,LONG,0.6391,0.7274,0.7529,1,True,3.5056,0.6944,.60-.70,
VIRTUAL/USDT,2026-05-22,LONG,0.7366,0.7159,0.7675,1,True,7.2077,1.1193,.70-.80,1-1.5x
VIRTUAL/USDT,2026-05-24,LONG,0.64,0.7409,0.7122,5,False,-3.8737,0.7327,.60-.70,
VIRTUAL/USDT,2026-05-25,LONG,0.9613,0.7777,0.7122,4,True,-8.4223,1.1325,>.80,1-1.5x
VIRTUAL/USDT,2026-05-26,LONG,0.9215,0.7964,0.7122,3,True,-10.5726,0.6062,>.80,
VIRTUAL/USDT,2026-05-27,LONG,0.5703,0.7455,0.7122,2,True,-4.4668,1.5901,.55-.60,1.5-2x
VIRTUAL/USDT,2026-05-28,LONG,0.8834,0.7155,0.7122,1,True,-0.4612,1.007,>.80,1-1.5x
VIRTUAL/USDT,2026-06-02,LONG,0.9006,0.702,0.5456,4,True,-22.2792,1.4358,>.80,1-1.5x
VIRTUAL/USDT,2026-06-04,LONG,0.9599,0.6378,0.5456,2,True,-14.4559,2.5944,>.80,2-3x
VIRTUAL/USDT,2026-06-05,LONG,0.7895,0.5591,0.5456,1,True,-2.4146,2.2876,.70-.80,2-3x
VIRTUAL/USDT,2026-06-07,LONG,0.9766,0.5805,0.5427,3,True,-6.5116,1.1458,>.80,1-1.5x
VIRTUAL/USDT,2026-06-08,LONG,0.6392,0.582,0.5427,2,True,-6.7526,0.0463,.60-.70,
PNUT/USDT,2025-01-27,LONG,0.7862,0.2673,0.2527,3,True,-5.462,0.3098,.70-.80,
PNUT/USDT,2025-01-29,LONG,0.6653,0.2512,0.2527,1,True,0.5971,1.116,.60-.70,1-1.5x
PNUT/USDT,2025-02-02,LONG,0.6605,0.1824,0.1849,2,True,1.3706,0.9108,.60-.70,
PNUT/USDT,2025-02-03,LONG,0.8606,0.1969,0.1849,1,True,-6.0945,0.8726,>.80,
PNUT/USDT,2025-02-05,LONG,0.5551,0.1815,0.1622,1,True,-10.6336,0.2062,.55-.60,
PNUT/USDT,2025-02-08,LONG,0.6736,0.1741,0.1478,5,False,-15.1063,1.6728,.60-.70,1.5-2x
PNUT/USDT,2025-02-09,LONG,0.8723,0.1661,0.182,5,False,9.5725,0.5718,>.80,
PNUT/USDT,2025-02-11,LONG,0.7257,0.1618,0.155,4,True,-4.2027,0.5185,.70-.80,
PNUT/USDT,2025-02-13,LONG,0.6374,0.1478,0.155,2,True,4.8714,0.4842,.60-.70,
PNUT/USDT,2025-02-14,LONG,0.7314,0.182,0.155,1,True,-14.8352,2.3104,.70-.80,2-3x
PNUT/USDT,2025-02-16,LONG,0.6103,0.1512,0.1434,2,True,-5.1587,0.2403,.60-.70,
PNUT/USDT,2025-02-17,LONG,0.6632,0.1502,0.1434,1,True,-4.5273,0.0674,.60-.70,
PNUT/USDT,2025-02-22,LONG,0.7377,0.22,0.1788,1,True,-18.7273,3.6034,.70-.80,3-5x
PNUT/USDT,2025-02-25,LONG,0.8199,0.1748,0.2097,1,True,19.9657,1.0466,>.80,1-1.5x
PNUT/USDT,2025-02-27,LONG,0.5617,0.1859,0.2215,2,True,19.1501,0.6901,.55-.60,
PNUT/USDT,2025-02-28,LONG,0.6423,0.2616,0.2215,1,True,-15.3287,2.2091,.60-.70,2-3x
PNUT/USDT,2025-03-03,LONG,0.893,0.1961,0.2077,1,True,5.9153,0.9041,>.80,
PNUT/USDT,2025-03-05,LONG,0.5849,0.2034,0.1979,1,True,-2.704,0.1075,.55-.60,
PNUT/USDT,2025-03-07,LONG,0.8353,0.183,0.1533,3,True,-16.2295,0.4085,>.80,
PNUT/USDT,2025-03-09,LONG,0.7962,0.1568,0.1533,1,True,-2.2321,0.6577,.70-.80,
PNUT/USDT,2025-03-15,LONG,0.5885,0.2009,0.1814,1,True,-9.7063,0.0651,.55-.60,
PNUT/USDT,2025-03-17,LONG,0.6788,0.1813,0.172,1,True,-5.1296,0.0041,.60-.70,
PNUT/USDT,2025-03-20,LONG,0.5624,0.1723,0.1745,1,True,1.2768,0.3622,.55-.60,
PNUT/USDT,2025-03-23,LONG,0.72,0.2243,0.2151,1,True,-4.1016,2.4307,.70-.80,2-3x
PNUT/USDT,2025-03-26,LONG,0.8427,0.2081,0.1991,1,True,-4.3248,0.4067,>.80,
PNUT/USDT,2025-03-29,LONG,0.7448,0.1704,0.158,3,True,-7.277,0.7303,.70-.80,
PNUT/USDT,2025-03-31,LONG,0.6578,0.1812,0.158,1,True,-12.8035,0.2123,.60-.70,
PNUT/USDT,2025-04-02,LONG,0.6393,0.1457,0.1503,2,True,3.1572,0.9287,.60-.70,
PNUT/USDT,2025-04-03,LONG,0.5957,0.1462,0.1503,1,True,2.8044,0.0484,.55-.60,
PNUT/USDT,2025-04-05,LONG,0.6394,0.1463,0.1278,1,True,-12.6452,0.3869,.60-.70,
ACT/USDT,2025-01-25,LONG,0.7344,0.195,0.1969,1,True,0.9744,0.6168,.70-.80,
ACT/USDT,2025-01-29,LONG,0.5764,0.1874,0.1817,3,True,-3.0416,2.1323,.55-.60,2-3x
ACT/USDT,2025-01-31,LONG,0.653,0.1991,0.1817,1,True,-8.7393,0.6915,.60-.70,
ACT/USDT,2025-02-03,LONG,0.615,0.2406,0.1971,2,True,-18.0798,2.3646,.60-.70,2-3x
ACT/USDT,2025-02-04,LONG,0.5999,0.2288,0.1971,1,True,-13.8549,0.3739,.55-.60,
ACT/USDT,2025-02-10,LONG,0.557,0.1834,0.1875,5,False,2.2356,0.0607,.55-.60,
ACT/USDT,2025-02-11,LONG,0.686,0.1843,0.1875,4,True,1.7363,0.0424,.60-.70,
ACT/USDT,2025-02-14,LONG,0.5518,0.1991,0.1875,1,True,-5.8262,0.3079,.55-.60,
ACT/USDT,2025-02-18,LONG,0.598,0.1859,0.1912,3,True,2.851,0.2547,.55-.60,
ACT/USDT,2025-02-24,LONG,0.5923,0.1857,0.2371,2,True,27.6791,0.2405,.55-.60,
ACT/USDT,2025-02-27,LONG,0.6351,0.2057,0.2222,1,True,8.0214,2.0348,.60-.70,2-3x
ACT/USDT,2025-03-05,LONG,0.647,0.1947,0.1935,1,True,-0.6163,0.1731,.60-.70,
ACT/USDT,2025-03-07,LONG,0.6026,0.1912,0.1937,3,True,1.3075,0.1732,.60-.70,
ACT/USDT,2025-03-14,LONG,0.5739,0.1945,0.1904,5,False,-2.108,0.134,.55-.60,
ACT/USDT,2025-03-26,LONG,0.5569,0.1921,0.1902,2,True,-0.9891,0.9403,.55-.60,
ACT/USDT,2025-04-03,LONG,0.7841,0.0611,0.0534,3,True,-12.6023,1.1066,.70-.80,1-1.5x
ACT/USDT,2025-04-04,LONG,0.9958,0.0559,0.0534,2,True,-4.4723,0.552,>.80,
ACT/USDT,2025-04-05,LONG,0.9685,0.0538,0.0534,1,True,-0.7435,0.2439,>.80,
