symbol,date,direction,psi,entry,exit,bars_held,exhausted,ret_pct,relvol,psi_bin,rv_bin
BTC/USDT,2024-08-28,LONG,0.6835,59034.0,59352.1,1,True,0.5388,0.2357,.60-.70,
BTC/USDT,2024-09-01,LONG,0.6977,57296.1,57484.0,2,True,0.3279,1.1055,.60-.70,1-1.5x
BTC/USDT,2024-09-02,LONG,0.5797,59143.2,57484.0,1,True,-2.8054,1.222,.55-.60,1-1.5x
BTC/USDT,2024-09-04,LONG,0.6889,57970.0,56176.0,1,True,-3.0947,0.3267,.60-.70,
BTC/USDT,2024-09-06,LONG,0.5536,53958.8,54875.9,2,True,1.6996,1.4441,.55-.60,1-1.5x
BTC/USDT,2024-09-07,LONG,0.6478,54155.8,54875.9,1,True,1.3297,0.1342,.60-.70,
BTC/USDT,2024-09-09,LONG,0.7465,57030.8,59991.8,5,False,5.1919,1.3693,.70-.80,1-1.5x
BTC/USDT,2024-09-10,LONG,0.5517,57639.7,59991.8,4,True,4.0807,0.389,.55-.60,
BTC/USDT,2024-09-11,LONG,0.7016,57338.3,59991.8,3,True,4.6278,0.1912,.70-.80,
BTC/USDT,2024-09-12,LONG,0.7058,58132.5,59991.8,2,True,3.1984,0.5921,.70-.80,
BTC/USDT,2024-09-17,LONG,0.5658,60314.6,63574.2,5,False,5.4043,1.5162,.55-.60,1.5-2x
BTC/USDT,2024-09-18,LONG,0.6893,61767.7,63336.1,5,False,2.5392,0.9893,.60-.70,
BTC/USDT,2024-09-19,LONG,0.7615,62956.3,64275.8,5,False,2.0959,0.7824,.70-.80,
BTC/USDT,2024-09-20,LONG,0.6069,63200.0,64275.8,4,True,1.7022,0.1577,.60-.70,
BTC/USDT,2024-09-21,LONG,0.6727,63348.0,64275.8,3,True,1.4646,0.1002,.60-.70,
BTC/USDT,2024-09-22,LONG,0.6883,63574.2,64275.8,2,True,1.1036,0.1588,.60-.70,
BTC/USDT,2024-09-23,LONG,0.6083,63336.1,64275.8,1,True,1.4837,0.1759,.60-.70,
BTC/USDT,2024-09-29,LONG,0.6957,65603.5,63327.5,1,True,-3.4693,0.2245,.60-.70,
BTC/USDT,2024-10-03,LONG,0.7736,60753.8,62058.6,2,True,2.1477,0.0943,.70-.80,
BTC/USDT,2024-10-04,LONG,0.7841,62094.1,62058.6,1,True,-0.0572,1.1036,.70-.80,1-1.5x
BTC/USDT,2024-10-07,LONG,0.7981,62222.1,62155.9,1,True,-0.1064,0.5358,.70-.80,
BTC/USDT,2024-10-11,LONG,0.6854,62546.0,66089.8,3,True,5.6659,1.8979,.60-.70,1.5-2x
BTC/USDT,2024-10-12,LONG,0.6878,63209.9,66089.8,2,True,4.5561,0.5426,.60-.70,
BTC/USDT,2024-10-17,LONG,0.7581,67426.5,67421.2,5,False,-0.0079,0.1311,.70-.80,
BTC/USDT,2024-10-18,LONG,0.6618,68431.4,67421.2,4,True,-1.4762,0.6963,.60-.70,
BTC/USDT,2024-10-19,LONG,0.7365,68366.2,67421.2,3,True,-1.3823,0.0446,.70-.80,
BTC/USDT,2024-10-20,LONG,0.8352,69035.6,67421.2,2,True,-2.3385,0.5006,>.80,
BTC/USDT,2024-10-21,LONG,0.6385,67371.7,67421.2,1,True,0.0735,1.3426,.60-.70,1-1.5x
BTC/USDT,2024-10-23,LONG,0.7103,66666.0,68198.5,1,True,2.2988,0.6135,.70-.80,
BTC/USDT,2024-10-26,LONG,0.7308,67095.9,68022.9,1,True,1.3816,0.3024,.70-.80,
BTC/USDT,2024-10-28,LONG,0.8322,69961.2,72345.2,2,True,3.4076,1.4481,>.80,1-1.5x
BTC/USDT,2024-11-01,LONG,0.8498,69495.5,68769.3,2,True,-1.045,0.557,>.80,
BTC/USDT,2024-11-02,LONG,0.6838,69371.0,68769.3,1,True,-0.8674,0.0873,.60-.70,
BTC/USDT,2024-11-08,LONG,0.6356,76499.1,87944.5,4,True,14.9615,0.3154,.60-.70,
BTC/USDT,2024-11-09,LONG,0.9255,76675.0,87944.5,3,True,14.6978,0.0861,>.80,
BTC/USDT,2024-11-10,LONG,0.6249,80360.0,87944.5,2,True,9.4382,1.7581,.60-.70,1.5-2x
BTC/USDT,2024-11-11,LONG,0.634,88640.0,87944.5,1,True,-0.7846,3.0003,.60-.70,3-5x
BTC/USDT,2024-11-15,LONG,0.9401,91022.9,94286.8,5,False,3.5858,1.1895,>.80,1-1.5x
BTC/USDT,2024-11-16,LONG,0.7928,90583.3,94286.8,4,True,4.0885,0.1347,.70-.80,
BTC/USDT,2024-11-17,LONG,0.8791,89860.0,94286.8,3,True,4.9263,0.2215,>.80,
BTC/USDT,2024-11-18,LONG,0.7993,90464.0,94286.8,2,True,4.2258,0.1892,.70-.80,
BTC/USDT,2024-11-19,LONG,0.8313,92307.9,94286.8,1,True,2.1438,0.5767,>.80,
BTC/USDT,2024-11-22,LONG,0.6561,98891.8,91960.1,4,True,-7.0094,0.1732,.60-.70,
BTC/USDT,2024-11-23,LONG,0.7774,97666.5,91960.1,3,True,-5.8427,0.3653,.70-.80,
BTC/USDT,2024-11-24,LONG,0.64,97899.9,91960.1,2,True,-6.0672,0.0717,.60-.70,
BTC/USDT,2024-11-25,LONG,0.713,93002.0,91960.1,1,True,-1.1203,1.3634,.70-.80,1-1.5x
BTC/USDT,2024-11-27,LONG,0.6337,95848.1,96409.0,3,True,0.5852,1.2662,.60-.70,1-1.5x
BTC/USDT,2024-11-28,LONG,0.7496,95636.7,96409.0,2,True,0.8075,0.0658,.70-.80,
BTC/USDT,2024-11-29,LONG,0.7115,97456.1,96409.0,1,True,-1.0744,0.5679,.70-.80,
BTC/USDT,2024-12-07,LONG,0.637,99835.4,96593.2,3,True,-3.2475,0.0457,.60-.70,
BTC/USDT,2024-12-08,LONG,0.8719,101107.7,96593.2,2,True,-4.465,0.5717,>.80,
BTC/USDT,2024-12-09,LONG,0.7425,97267.2,96593.2,1,True,-0.6929,1.5804,.70-.80,1.5-2x
BTC/USDT,2024-12-12,LONG,0.769,100001.1,106066.0,4,True,6.0648,0.4553,.70-.80,
BTC/USDT,2024-12-13,LONG,0.7633,101418.6,106066.0,3,True,4.5824,0.5854,.70-.80,
BTC/USDT,2024-12-14,LONG,0.6126,101421.3,106066.0,2,True,4.5796,0.0011,.60-.70,
BTC/USDT,2024-12-15,LONG,0.5901,104477.4,106066.0,1,True,1.5205,1.3923,.55-.60,1-1.5x
BTC/USDT,2024-12-17,LONG,0.5971,106128.4,97806.4,3,True,-7.8414,0.0298,.55-.60,
BTC/USDT,2024-12-18,LONG,0.7951,100213.1,97806.4,2,True,-2.4016,2.3254,.70-.80,2-3x
BTC/USDT,2024-12-19,LONG,0.7778,97458.1,97806.4,1,True,0.3574,1.1201,.70-.80,1-1.5x
BTC/USDT,2024-12-23,LONG,0.8058,94884.1,94304.1,4,True,-0.6113,0.1231,>.80,
BTC/USDT,2024-12-24,LONG,0.5629,98661.3,94304.1,3,True,-4.4163,1.5605,.55-.60,1.5-2x
BTC/USDT,2024-12-25,LONG,0.5615,99440.3,94304.1,2,True,-5.1651,0.3127,.55-.60,
BTC/USDT,2024-12-26,LONG,0.7388,95783.3,94304.1,1,True,-1.5443,1.4261,.70-.80,1-1.5x
BTC/USDT,2024-12-30,LONG,0.6208,92796.4,94589.5,2,True,1.9323,0.4046,.60-.70,
BTC/USDT,2024-12-31,LONG,0.5671,93585.1,94589.5,1,True,1.0732,0.3826,.55-.60,
BTC/USDT,2025-01-02,LONG,0.6644,96988.4,96957.9,5,False,-0.0314,1.1056,.60-.70,1-1.5x
BTC/USDT,2025-01-03,LONG,0.569,98183.4,95037.0,5,False,-3.2046,0.532,.55-.60,
BTC/USDT,2025-01-04,LONG,0.5883,98221.9,95037.0,4,True,-3.2426,0.0179,.55-.60,
BTC/USDT,2025-01-05,LONG,0.6787,98363.9,95037.0,3,True,-3.3822,0.067,.60-.70,
BTC/USDT,2025-01-07,LONG,0.6114,96957.9,95037.0,1,True,-1.9812,2.2315,.60-.70,2-3x
BTC/USDT,2025-01-10,LONG,0.7509,94726.5,94549.9,2,True,-0.1864,0.9761,.70-.80,
BTC/USDT,2025-01-11,LONG,0.6685,94612.5,94549.9,1,True,-0.0662,0.0511,.60-.70,
BTC/USDT,2025-01-13,LONG,0.8001,94538.5,104551.6,5,False,10.5916,0.0056,>.80,
BTC/USDT,2025-01-16,LONG,0.7657,99990.8,102264.3,4,True,2.2737,0.2283,.70-.80,
BTC/USDT,2025-01-17,LONG,0.5783,104084.4,102264.3,3,True,-1.7487,1.7355,.55-.60,1.5-2x
BTC/USDT,2025-01-18,LONG,0.6105,104551.6,102264.3,2,True,-2.1877,0.1946,.60-.70,
BTC/USDT,2025-01-19,LONG,0.6122,101334.0,102264.3,1,True,0.9181,1.2694,.60-.70,1-1.5x
BTC/USDT,2025-01-22,LONG,0.618,103704.1,103914.8,1,True,0.2032,0.896,.60-.70,
BTC/USDT,2025-01-27,LONG,0.666,102076.1,101349.3,1,True,-0.712,0.2386,.60-.70,
BTC/USDT,2025-01-30,LONG,0.8877,104727.2,100633.2,2,True,-3.9092,0.4812,>.80,
BTC/USDT,2025-01-31,LONG,0.5526,102439.9,100633.2,1,True,-1.7637,1.0512,.55-.60,1-1.5x
BTC/USDT,2025-02-03,LONG,0.8236,101337.5,96616.1,2,True,-4.6591,1.5843,>.80,1.5-2x
BTC/USDT,2025-02-06,LONG,0.9472,96554.7,96504.1,1,True,-0.0524,0.0302,>.80,
BTC/USDT,2025-02-11,LONG,0.5792,95779.9,97504.0,3,True,1.8001,0.9765,.55-.60,
BTC/USDT,2025-02-12,LONG,0.5661,97870.1,97504.0,2,True,-0.3741,1.1956,.55-.60,1-1.5x
BTC/USDT,2025-02-13,LONG,0.7839,96617.0,97504.0,1,True,0.9181,0.7053,.70-.80,
BTC/USDT,2025-02-15,LONG,0.6008,97587.3,95778.3,2,True,-1.8537,0.0476,.60-.70,
BTC/USDT,2025-02-16,LONG,0.6564,96105.6,95778.3,1,True,-0.3406,0.8351,.60-.70,
BTC/USDT,2025-02-19,LONG,0.5572,96644.3,91534.5,5,False,-5.2872,0.6032,.55-.60,
BTC/USDT,2025-02-20,LONG,0.7113,98307.9,88680.7,5,False,-9.7929,1.0015,.70-.80,1-1.5x
BTC/USDT,2025-02-21,LONG,0.5585,96172.9,88680.7,4,True,-7.7903,1.2476,.55-.60,1-1.5x
BTC/USDT,2025-02-22,LONG,0.6183,96552.1,88680.7,3,True,-8.1525,0.2429,.60-.70,
BTC/USDT,2025-02-23,LONG,0.6899,96264.7,88680.7,2,True,-7.8783,0.219,.60-.70,
BTC/USDT,2025-02-24,LONG,0.5631,91534.5,88680.7,1,True,-3.1177,3.1558,.55-.60,3-5x
BTC/USDT,2025-03-01,LONG,0.8709,86056.1,94269.5,1,True,9.5442,0.9924,>.80,
BTC/USDT,2025-03-03,LONG,0.6011,86219.7,87277.9,1,True,1.2273,2.3936,.60-.70,2-3x
BTC/USDT,2025-03-07,LONG,0.9094,86797.1,83691.9,5,False,-3.5775,0.9377,>.80,
BTC/USDT,2025-03-08,LONG,0.6371,86227.9,83691.9,4,True,-2.941,0.1769,.60-.70,
BTC/USDT,2025-03-10,LONG,0.8559,78595.8,83691.9,2,True,6.4839,0.6729,>.80,
BTC/USDT,2025-03-11,LONG,0.8328,82943.2,83691.9,1,True,0.9027,1.3203,>.80,1-1.5x
BTC/USDT,2025-03-14,LONG,0.8028,83988.7,84342.0,1,True,0.4207,0.8238,>.80,
BTC/USDT,2025-03-17,LONG,0.5855,84011.9,86841.0,2,True,3.3675,0.4163,.55-.60,
BTC/USDT,2025-03-23,LONG,0.7642,86083.3,84427.3,5,False,-1.9237,0.8623,.70-.80,
BTC/USDT,2025-03-24,LONG,0.6109,87496.7,82650.1,5,False,-5.5392,0.5299,.60-.70,
BTC/USDT,2025-03-25,LONG,0.5787,87414.6,82650.1,4,True,-5.4505,0.0316,.55-.60,
BTC/USDT,2025-03-26,LONG,0.708,86926.2,82650.1,3,True,-4.9192,0.1883,.70-.80,
BTC/USDT,2025-03-27,LONG,0.6534,87228.0,82650.1,2,True,-5.2482,0.1213,.60-.70,
BTC/USDT,2025-03-30,LONG,0.5898,82398.2,82556.9,1,True,0.1926,0.1207,.55-.60,
BTC/USDT,2025-04-03,LONG,0.6391,83216.3,83534.2,2,True,0.382,0.3923,.60-.70,
BTC/USDT,2025-04-04,LONG,0.5919,83889.0,83534.2,1,True,-0.4229,0.3712,.55-.60,
ETH/USDT,2024-08-28,LONG,0.5748,2528.4,2525.89,2,True,-0.0993,0.8998,.55-.60,
ETH/USDT,2024-08-29,LONG,0.5878,2527.8,2525.89,1,True,-0.0756,0.0076,.55-.60,
ETH/USDT,2024-08-31,LONG,0.6561,2513.2,2368.62,5,False,-5.7528,0.1618,.60-.70,
ETH/USDT,2024-09-02,LONG,0.554,2538.0,2368.62,3,True,-6.6738,1.5352,.55-.60,1.5-2x
ETH/USDT,2024-09-03,LONG,0.5593,2424.94,2368.62,2,True,-2.3225,1.4185,.55-.60,1-1.5x
ETH/USDT,2024-09-04,LONG,0.6053,2450.34,2368.62,1,True,-3.335,0.3408,.60-.70,
ETH/USDT,2024-09-06,LONG,0.5805,2225.1,2297.25,2,True,3.2426,1.7997,.55-.60,1.5-2x
ETH/USDT,2024-09-07,LONG,0.6296,2273.8,2297.25,1,True,1.0313,0.6384,.60-.70,
ETH/USDT,2024-09-09,LONG,0.7552,2359.19,2417.99,5,False,2.4924,0.7745,.70-.80,
ETH/USDT,2024-09-11,LONG,0.7089,2340.5,2417.99,3,True,3.3108,0.5774,.70-.80,
ETH/USDT,2024-09-12,LONG,0.6837,2361.86,2417.99,2,True,2.3765,0.2847,.60-.70,
ETH/USDT,2024-09-15,LONG,0.5577,2316.21,2295.46,1,True,-0.8959,1.2372,.55-.60,1-1.5x
ETH/USDT,2024-09-29,LONG,0.5779,2657.61,2364.0,3,True,-11.0479,0.2938,.55-.60,
ETH/USDT,2024-09-30,LONG,0.6148,2602.16,2364.0,2,True,-9.1524,0.9032,.60-.70,
ETH/USDT,2024-10-01,LONG,0.5945,2448.07,2364.0,1,True,-3.4341,2.2195,.55-.60,2-3x
ETH/USDT,2024-10-04,LONG,0.7093,2414.51,2414.67,1,True,0.0066,1.0004,.70-.80,1-1.5x
ETH/USDT,2024-10-06,LONG,0.5786,2440.01,2439.58,5,False,-0.0176,0.4105,.55-.60,
ETH/USDT,2024-10-07,LONG,0.7811,2422.63,2476.4,5,False,2.2195,0.281,.70-.80,
ETH/USDT,2024-10-08,LONG,0.5891,2440.72,2476.4,4,True,1.4619,0.296,.55-.60,
ETH/USDT,2024-10-09,LONG,0.725,2370.74,2476.4,3,True,4.4568,1.1674,.70-.80,1-1.5x
ETH/USDT,2024-10-10,LONG,0.8174,2386.22,2476.4,2,True,3.7792,0.2872,>.80,
ETH/USDT,2024-10-13,LONG,0.8012,2468.96,2607.3,2,True,5.6032,0.1354,>.80,
ETH/USDT,2024-10-14,LONG,0.5808,2629.77,2607.3,1,True,-0.8544,2.4169,.55-.60,2-3x
ETH/USDT,2024-10-17,LONG,0.787,2605.67,2642.48,1,True,1.4127,0.0837,.70-.80,
ETH/USDT,2024-10-19,LONG,0.7023,2648.55,2666.57,2,True,0.6804,0.0904,.70-.80,
ETH/USDT,2024-10-20,LONG,0.8355,2747.15,2666.57,1,True,-2.9332,1.4218,>.80,1-1.5x
ETH/USDT,2024-10-25,LONG,0.571,2440.8,2508.0,2,True,2.7532,1.5142,.55-.60,1.5-2x
ETH/USDT,2024-10-26,LONG,0.8231,2482.7,2508.0,1,True,1.0191,0.6877,>.80,
ETH/USDT,2024-10-28,LONG,0.7457,2567.4,2639.01,1,True,2.7892,0.9322,.70-.80,
ETH/USDT,2024-10-31,LONG,0.8639,2518.72,2457.52,3,True,-2.4298,1.9037,>.80,1.5-2x
ETH/USDT,2024-11-01,LONG,0.7332,2511.76,2457.52,2,True,-2.1594,0.1002,.70-.80,
ETH/USDT,2024-11-02,LONG,0.7206,2494.3,2457.52,1,True,-1.4746,0.2517,.70-.80,
ETH/USDT,2024-11-04,LONG,0.743,2398.15,2422.4,1,True,1.0112,1.0188,.70-.80,1-1.5x
ETH/USDT,2024-11-06,LONG,0.7759,2721.85,2962.15,2,True,8.8286,3.3286,.70-.80,3-5x
ETH/USDT,2024-11-07,LONG,0.7603,2895.42,2962.15,1,True,2.3047,1.6137,.70-.80,1.5-2x
ETH/USDT,2024-11-10,LONG,0.7508,3183.15,3089.66,5,False,-2.937,0.4567,.70-.80,
ETH/USDT,2024-11-12,LONG,0.7954,3243.8,3089.66,3,True,-4.7518,0.9284,.70-.80,
ETH/USDT,2024-11-13,LONG,0.8894,3187.18,3089.66,2,True,-3.0598,0.4223,>.80,
ETH/USDT,2024-11-14,LONG,0.8728,3058.97,3089.66,1,True,1.0033,0.9692,>.80,
ETH/USDT,2024-11-18,LONG,0.7863,3208.01,3070.0,2,True,-4.302,1.0104,.70-.80,1-1.5x
ETH/USDT,2024-11-19,LONG,0.8475,3107.69,3070.0,1,True,-1.2128,0.7203,>.80,
ETH/USDT,2024-11-21,LONG,0.579,3356.15,3415.0,4,True,1.7535,2.0695,.55-.60,2-3x
ETH/USDT,2024-11-22,LONG,0.6112,3327.68,3415.0,3,True,2.6241,0.1882,.60-.70,
ETH/USDT,2024-11-23,LONG,0.7519,3394.16,3415.0,2,True,0.614,0.4487,.70-.80,
ETH/USDT,2024-11-24,LONG,0.8146,3361.2,3415.0,1,True,1.6006,0.2211,>.80,
ETH/USDT,2024-11-26,LONG,0.8652,3325.13,3578.42,2,True,7.6174,0.7066,>.80,
ETH/USDT,2024-11-27,LONG,0.8556,3653.43,3578.42,1,True,-2.0531,2.4355,>.80,2-3x
ETH/USDT,2024-11-29,LONG,0.8366,3591.99,3707.45,2,True,3.2144,0.0955,>.80,
ETH/USDT,2024-11-30,LONG,0.7191,3703.63,3707.45,1,True,0.1031,0.777,.70-.80,
ETH/USDT,2024-12-02,LONG,0.7893,3643.79,3996.59,5,False,9.6822,0.4613,.70-.80,
ETH/USDT,2024-12-03,LONG,0.6096,3614.65,4004.53,5,False,10.7861,0.2164,.60-.70,
ETH/USDT,2024-12-05,LONG,0.612,3785.63,4004.53,3,True,5.7824,0.3601,.60-.70,
ETH/USDT,2024-12-06,LONG,0.806,3998.81,4004.53,2,True,0.143,1.4466,>.80,1-1.5x
ETH/USDT,2024-12-07,LONG,0.7413,3996.59,4004.53,1,True,0.1987,0.0145,.70-.80,
ETH/USDT,2024-12-09,LONG,0.865,3712.05,3831.53,2,True,3.2187,1.7669,>.80,1.5-2x
ETH/USDT,2024-12-12,LONG,0.9045,3881.75,3959.77,3,True,2.0099,0.3422,>.80,
ETH/USDT,2024-12-13,LONG,0.7992,3906.79,3959.77,2,True,1.3561,0.1688,.70-.80,
ETH/USDT,2024-12-14,LONG,0.6676,3870.27,3959.77,1,True,2.3125,0.2447,.60-.70,
ETH/USDT,2024-12-16,LONG,0.6779,3986.37,3627.03,2,True,-9.0142,0.1794,.60-.70,
ETH/USDT,2024-12-17,LONG,0.5972,3892.62,3627.03,1,True,-6.8229,0.7419,.55-.60,
ETH/USDT,2024-12-20,LONG,0.8124,3472.3,3338.88,1,True,-3.8424,0.4351,>.80,
ETH/USDT,2024-12-24,LONG,0.6004,3493.2,3404.2,4,True,-2.5478,0.5635,.60-.70,
ETH/USDT,2024-12-27,LONG,0.7679,3333.41,3404.2,1,True,2.1237,0.0098,.70-.80,
ETH/USDT,2024-12-29,LONG,0.6841,3356.41,3609.19,5,False,7.5313,0.435,.60-.70,
ETH/USDT,2024-12-30,LONG,0.7375,3361.85,3656.88,5,False,8.7758,0.0506,.70-.80,
ETH/USDT,2024-12-31,LONG,0.561,3337.41,3635.99,5,False,8.9465,0.2525,.55-.60,
ETH/USDT,2025-01-02,LONG,0.6548,3456.25,3635.99,3,True,5.2004,0.9655,.60-.70,
ETH/USDT,2025-01-03,LONG,0.6777,3609.19,3635.99,2,True,0.7425,1.4021,.60-.70,1-1.5x
ETH/USDT,2025-01-07,LONG,0.6382,3380.81,3219.3,2,True,-4.7773,2.5345,.60-.70,2-3x
ETH/USDT,2025-01-10,LONG,0.7727,3267.1,3267.49,2,True,0.0119,0.4953,.70-.80,
ETH/USDT,2025-01-11,LONG,0.6477,3283.2,3267.49,1,True,-0.4785,0.1657,.60-.70,
ETH/USDT,2025-01-13,LONG,0.794,3137.61,3307.91,5,False,5.4277,1.3842,.70-.80,1-1.5x
ETH/USDT,2025-01-14,LONG,0.5718,3225.68,3307.91,4,True,2.5492,0.9472,.55-.60,
ETH/USDT,2025-01-16,LONG,0.7183,3307.96,3307.91,2,True,-0.0015,1.2373,.70-.80,1-1.5x
ETH/USDT,2025-01-19,LONG,0.7036,3215.35,3284.4,1,True,2.1475,0.7524,.70-.80,
ETH/USDT,2025-01-22,LONG,0.7957,3243.15,3338.98,1,True,2.9548,0.6779,.70-.80,
ETH/USDT,2025-01-24,LONG,0.8063,3310.21,3183.0,3,True,-3.843,0.2369,>.80,
ETH/USDT,2025-01-25,LONG,0.5866,3319.4,3183.0,2,True,-4.1092,0.0763,.55-.60,
ETH/USDT,2025-01-30,LONG,0.681,3247.47,3117.31,2,True,-4.008,1.2961,.60-.70,1-1.5x
ETH/USDT,2025-01-31,LONG,0.7071,3301.1,3117.31,1,True,-5.5675,0.4958,.70-.80,
ETH/USDT,2025-02-03,LONG,0.7989,2879.38,2788.22,2,True,-3.166,0.0866,.70-.80,
ETH/USDT,2025-02-06,LONG,0.9847,2686.92,2622.2,1,True,-2.4087,1.1096,>.80,1-1.5x
ETH/USDT,2025-02-08,LONG,0.744,2632.29,2627.22,1,True,-0.1926,0.1213,.70-.80,
ETH/USDT,2025-02-11,LONG,0.5512,2602.6,2738.34,1,True,5.2156,0.714,.55-.60,
ETH/USDT,2025-02-13,LONG,0.72,2675.81,2693.3,2,True,0.6536,0.6944,.70-.80,
ETH/USDT,2025-02-14,LONG,0.7047,2725.52,2693.3,1,True,-1.1822,0.5563,.70-.80,
ETH/USDT,2025-02-16,LONG,0.6301,2661.21,2744.46,1,True,3.1283,0.3595,.60-.70,
ETH/USDT,2025-02-18,LONG,0.5555,2672.0,2819.61,5,False,5.5243,0.7811,.55-.60,
ETH/USDT,2025-03-02,LONG,0.7055,2518.04,2241.61,3,True,-10.978,2.806,.70-.80,2-3x
ETH/USDT,2025-03-03,LONG,0.571,2149.28,2241.61,2,True,4.2959,2.522,.55-.60,2-3x
ETH/USDT,2025-03-04,LONG,0.648,2171.6,2241.61,1,True,3.2239,0.1837,.60-.70,
ETH/USDT,2025-03-07,LONG,0.8789,2141.8,2203.79,1,True,2.8943,0.4822,>.80,
ETH/USDT,2025-03-10,LONG,0.7212,1865.29,1864.8,3,True,-0.0263,1.2602,.70-.80,1-1.5x
ETH/USDT,2025-03-11,LONG,0.6357,1923.45,1864.8,2,True,-3.0492,0.5076,.60-.70,
ETH/USDT,2025-03-14,LONG,0.6965,1911.54,1937.29,1,True,1.3471,0.4133,.60-.70,
ETH/USDT,2025-03-17,LONG,0.5903,1926.27,1931.49,1,True,0.271,0.3621,.55-.60,
ETH/USDT,2025-03-20,LONG,0.5867,1983.79,1980.7,2,True,-0.1558,0.6078,.55-.60,
ETH/USDT,2025-03-21,LONG,0.5936,1965.84,1980.7,1,True,0.7559,0.1556,.55-.60,
ETH/USDT,2025-03-23,LONG,0.6715,2006.02,1897.03,5,False,-5.4331,0.353,.60-.70,
ETH/USDT,2025-03-24,LONG,0.6691,2081.16,1828.28,5,False,-12.1509,1.0063,.60-.70,1-1.5x
ETH/USDT,2025-03-26,LONG,0.6498,2009.47,1822.39,5,False,-9.3099,0.7518,.60-.70,
ETH/USDT,2025-03-27,LONG,0.691,2003.81,1822.39,4,True,-9.0538,0.0777,.60-.70,
ETH/USDT,2025-03-29,LONG,0.5623,1828.28,1822.39,2,True,-0.3222,1.0881,.55-.60,1-1.5x
ETH/USDT,2025-03-30,LONG,0.6014,1807.93,1822.39,1,True,0.7998,0.3875,.60-.70,
ETH/USDT,2025-04-03,LONG,0.652,1816.94,1805.87,2,True,-0.6093,0.3808,.60-.70,
ETH/USDT,2025-04-04,LONG,0.5987,1817.05,1805.87,1,True,-0.6153,0.0019,.55-.60,
BNB/USDT,2024-08-27,LONG,0.6331,533.2,537.1,1,True,0.7314,0.8533,.60-.70,
BNB/USDT,2024-08-31,LONG,0.6801,533.1,507.9,4,True,-4.7271,0.1695,.60-.70,
BNB/USDT,2024-09-05,LONG,0.6808,502.5,493.4,2,True,-1.8109,0.4171,.60-.70,
BNB/USDT,2024-09-08,LONG,0.6684,503.1,517.0,2,True,2.7629,0.9296,.60-.70,
BNB/USDT,2024-09-09,LONG,0.659,518.8,517.0,1,True,-0.347,1.4174,.60-.70,1-1.5x
BNB/USDT,2024-09-12,LONG,0.585,544.6,556.2,1,True,2.13,1.1841,.55-.60,1-1.5x
BNB/USDT,2024-09-14,LONG,0.6565,553.4,567.0,5,False,2.4575,0.2165,.60-.70,
BNB/USDT,2024-09-15,LONG,0.7328,553.2,567.0,4,True,2.4946,0.0173,.70-.80,
BNB/USDT,2024-09-16,LONG,0.7415,533.6,567.0,3,True,6.2594,1.647,.70-.80,1.5-2x
BNB/USDT,2024-09-17,LONG,0.7028,546.2,567.0,2,True,3.8081,1.0688,.70-.80,1-1.5x
BNB/USDT,2024-09-18,LONG,0.7426,559.7,567.0,1,True,1.3043,1.0884,.70-.80,1-1.5x
BNB/USDT,2024-09-20,LONG,0.5764,569.1,604.8,3,True,6.2731,0.1629,.55-.60,
BNB/USDT,2024-09-21,LONG,0.5737,588.7,604.8,2,True,2.7348,1.6097,.55-.60,1.5-2x
BNB/USDT,2024-09-22,LONG,0.7863,588.6,604.8,1,True,2.7523,0.0081,.70-.80,
BNB/USDT,2024-09-29,LONG,0.6248,595.5,567.7,1,True,-4.6683,0.4747,.60-.70,
BNB/USDT,2024-10-02,LONG,0.6247,542.8,544.8,1,True,0.3685,0.3548,.60-.70,
BNB/USDT,2024-10-04,LONG,0.633,555.5,570.5,2,True,2.7003,0.851,.60-.70,
BNB/USDT,2024-10-05,LONG,0.6364,563.0,570.5,1,True,1.3321,0.5804,.60-.70,
BNB/USDT,2024-10-11,LONG,0.5916,573.5,576.4,1,True,0.5057,0.8375,.55-.60,
BNB/USDT,2024-10-15,LONG,0.6268,594.8,600.9,1,True,1.0256,0.4802,.60-.70,
BNB/USDT,2024-10-17,LONG,0.6695,592.8,593.9,5,False,0.1856,0.6804,.60-.70,
BNB/USDT,2024-10-18,LONG,0.6047,599.4,585.1,5,False,-2.3857,0.5603,.60-.70,
BNB/USDT,2024-10-19,LONG,0.7254,597.8,594.7,5,False,-0.5186,0.135,.70-.80,
BNB/USDT,2024-10-20,LONG,0.8036,605.9,594.7,4,True,-1.8485,0.819,>.80,
BNB/USDT,2024-10-21,LONG,0.6632,598.8,594.7,3,True,-0.6847,0.8229,.60-.70,
BNB/USDT,2024-10-23,LONG,0.7405,585.1,594.7,1,True,1.6407,0.9953,.70-.80,
BNB/USDT,2024-10-25,LONG,0.5767,574.9,589.4,2,True,2.5222,2.0004,.55-.60,2-3x
BNB/USDT,2024-10-26,LONG,0.7255,583.4,589.4,1,True,1.0285,0.8852,.70-.80,
BNB/USDT,2024-10-28,LONG,0.699,601.3,606.6,1,True,0.8814,1.266,.60-.70,1-1.5x
BNB/USDT,2024-11-02,LONG,0.6515,568.7,557.8,1,True,-1.9167,0.4581,.60-.70,
BNB/USDT,2024-11-08,LONG,0.7626,597.9,659.8,3,True,10.3529,0.0495,.70-.80,
BNB/USDT,2024-11-09,LONG,0.6695,624.9,659.8,2,True,5.5849,2.0114,.60-.70,2-3x
BNB/USDT,2024-11-12,LONG,0.9852,625.9,619.1,3,True,-1.0864,1.8765,>.80,1.5-2x
BNB/USDT,2024-11-13,LONG,0.9629,620.7,619.1,2,True,-0.2578,0.3039,>.80,
BNB/USDT,2024-11-14,LONG,0.8006,622.5,619.1,1,True,-0.5462,0.1115,>.80,
BNB/USDT,2024-11-17,LONG,0.8799,618.9,619.4,1,True,0.0808,0.2315,>.80,
BNB/USDT,2024-11-19,LONG,0.9172,615.6,633.2,3,True,2.859,0.2425,>.80,
BNB/USDT,2024-11-20,LONG,0.9137,606.0,633.2,2,True,4.4884,0.6388,>.80,
BNB/USDT,2024-11-21,LONG,0.6661,622.1,633.2,1,True,1.7843,1.0683,.60-.70,1-1.5x
BNB/USDT,2024-11-28,LONG,0.9087,654.3,735.4,5,False,12.3949,0.5497,>.80,
BNB/USDT,2024-11-29,LONG,0.9502,654.4,739.7,5,False,13.0348,0.0059,>.80,
BNB/USDT,2024-11-30,LONG,0.6731,653.6,717.6,5,False,9.7919,0.047,.60-.70,
BNB/USDT,2024-12-01,LONG,0.8235,655.7,730.3,5,False,11.3772,0.1379,>.80,
BNB/USDT,2024-12-02,LONG,0.8555,647.9,749.9,5,False,15.7432,0.5891,>.80,
BNB/USDT,2024-12-03,LONG,0.9205,735.4,741.9,5,False,0.8839,3.7734,>.80,3-5x
BNB/USDT,2024-12-04,LONG,0.8551,739.7,741.9,4,True,0.2974,0.1635,>.80,
BNB/USDT,2024-12-06,LONG,0.8881,730.3,741.9,2,True,1.5884,0.4814,>.80,
BNB/USDT,2024-12-07,LONG,0.9127,749.9,741.9,1,True,-1.0668,0.7292,>.80,
BNB/USDT,2024-12-12,LONG,0.7716,706.0,721.0,4,True,2.1246,0.1732,.70-.80,
BNB/USDT,2024-12-13,LONG,0.8956,725.8,721.0,3,True,-0.6613,0.6639,>.80,
BNB/USDT,2024-12-14,LONG,0.774,715.9,721.0,2,True,0.7124,0.3215,.70-.80,
BNB/USDT,2024-12-15,LONG,0.6294,718.9,721.0,1,True,0.2921,0.1014,.60-.70,
BNB/USDT,2024-12-18,LONG,0.7674,686.3,663.6,3,True,-3.3076,1.0795,.70-.80,1-1.5x
BNB/USDT,2024-12-19,LONG,0.6622,665.4,663.6,2,True,-0.2705,0.7388,.60-.70,
BNB/USDT,2024-12-20,LONG,0.6999,678.4,663.6,1,True,-2.1816,0.4718,.60-.70,
BNB/USDT,2024-12-22,LONG,0.7509,649.8,694.1,1,True,6.8175,0.4956,.70-.80,
BNB/USDT,2024-12-24,LONG,0.5545,696.9,689.3,2,True,-1.0905,0.1252,.55-.60,
BNB/USDT,2024-12-29,LONG,0.6448,694.9,702.3,2,True,1.0649,1.2828,.60-.70,1-1.5x
BNB/USDT,2025-01-04,LONG,0.573,713.5,684.9,5,False,-4.0084,0.0692,.55-.60,
BNB/USDT,2025-01-05,LONG,0.5779,709.2,693.4,5,False,-2.2279,0.2291,.55-.60,
BNB/USDT,2025-01-09,LONG,0.5719,684.9,693.4,1,True,1.2411,0.5999,.55-.60,
BNB/USDT,2025-01-11,LONG,0.602,696.9,689.0,2,True,-1.1336,0.2013,.60-.70,
BNB/USDT,2025-01-12,LONG,0.5867,693.2,689.0,1,True,-0.6059,0.2651,.55-.60,
BNB/USDT,2025-01-16,LONG,0.6057,708.2,692.5,5,False,-2.2169,0.4445,.60-.70,
BNB/USDT,2025-01-18,LONG,0.6309,709.8,692.5,3,True,-2.4373,0.9976,.60-.70,
BNB/USDT,2025-01-19,LONG,0.5846,683.0,692.5,2,True,1.3909,2.0613,.55-.60,2-3x
BNB/USDT,2025-01-20,LONG,0.6701,682.5,692.5,1,True,1.4652,0.04,.60-.70,
BNB/USDT,2025-01-23,LONG,0.6967,689.7,661.3,5,False,-4.1177,0.46,.60-.70,
BNB/USDT,2025-01-24,LONG,0.6303,680.7,667.7,5,False,-1.9098,0.701,.60-.70,
BNB/USDT,2025-01-25,LONG,0.649,686.6,677.6,5,False,-1.3108,0.4624,.60-.70,
BNB/USDT,2025-01-27,LONG,0.6632,680.0,677.6,3,True,-0.3529,1.1847,.60-.70,1-1.5x
BNB/USDT,2025-01-31,LONG,0.6004,677.6,652.9,1,True,-3.6452,0.0,.60-.70,
BNB/USDT,2025-02-09,LONG,0.6192,615.8,659.9,5,False,7.1614,0.1831,.60-.70,
BNB/USDT,2025-02-11,LONG,0.6758,642.0,673.2,5,False,4.8598,1.2746,.60-.70,1-1.5x
BNB/USDT,2025-02-12,LONG,0.8007,697.0,673.2,4,True,-3.4146,2.3916,>.80,2-3x
BNB/USDT,2025-02-13,LONG,0.96,664.5,673.2,3,True,1.3093,1.2508,>.80,1-1.5x
BNB/USDT,2025-02-14,LONG,0.8283,659.9,673.2,2,True,2.0155,0.1859,>.80,
BNB/USDT,2025-02-15,LONG,0.5533,662.3,673.2,1,True,1.6458,0.0991,.55-.60,
BNB/USDT,2025-02-19,LONG,0.9158,654.0,658.0,4,True,0.6116,0.2407,>.80,
BNB/USDT,2025-02-21,LONG,0.6705,647.3,658.0,2,True,1.653,0.3838,.60-.70,
BNB/USDT,2025-02-25,LONG,0.5738,623.4,588.2,3,True,-5.6465,0.4338,.55-.60,
BNB/USDT,2025-02-26,LONG,0.5577,611.5,588.2,2,True,-3.8103,0.5581,.55-.60,
BNB/USDT,2025-03-01,LONG,0.6586,607.7,584.1,3,True,-3.8835,1.0025,.60-.70,1-1.5x
BNB/USDT,2025-03-02,LONG,0.6186,623.8,584.1,2,True,-6.3642,0.7886,.60-.70,
BNB/USDT,2025-03-03,LONG,0.7281,576.0,584.1,1,True,1.4063,2.0944,.70-.80,2-3x
BNB/USDT,2025-03-07,LONG,0.6439,594.9,569.8,5,False,-4.2192,0.102,.60-.70,
BNB/USDT,2025-03-10,LONG,0.5809,531.4,579.9,3,True,9.1268,1.2874,.55-.60,1-1.5x
BNB/USDT,2025-03-11,LONG,0.711,551.6,579.9,2,True,5.1305,1.1146,.70-.80,1-1.5x
BNB/USDT,2025-03-12,LONG,0.6253,569.8,579.9,1,True,1.7726,0.9362,.60-.70,
BNB/USDT,2025-03-14,LONG,0.7372,588.1,602.4,2,True,2.4316,0.4062,.70-.80,
BNB/USDT,2025-03-15,LONG,0.5943,620.0,602.4,1,True,-2.8387,1.4583,.55-.60,1-1.5x
BNB/USDT,2025-03-17,LONG,0.6786,632.0,627.7,1,True,-0.6804,1.3554,.60-.70,1-1.5x
BNB/USDT,2025-03-20,LONG,0.582,630.3,635.1,1,True,0.7615,0.5413,.55-.60,
BNB/USDT,2025-03-23,LONG,0.7129,623.6,618.0,3,True,-0.898,0.1838,.70-.80,
BNB/USDT,2025-03-24,LONG,0.6889,637.3,618.0,2,True,-3.0284,0.7399,.60-.70,
BNB/USDT,2025-03-25,LONG,0.6794,630.0,618.0,1,True,-1.9048,0.3879,.60-.70,
BNB/USDT,2025-03-28,LONG,0.6507,619.8,602.3,2,True,-2.8235,0.8624,.60-.70,
BNB/USDT,2025-03-31,LONG,0.567,604.8,611.1,1,True,1.0417,0.168,.55-.60,
BNB/USDT,2025-04-03,LONG,0.572,592.6,597.8,1,True,0.8775,0.1499,.55-.60,
BNB/USDT,2025-04-05,LONG,0.6988,593.5,555.6,1,True,-6.3858,0.3479,.60-.70,
SOL/USDT,2024-08-29,LONG,0.5821,140.02,127.56,5,False,-8.8987,0.7922,.55-.60,
SOL/USDT,2024-08-30,LONG,0.5833,137.99,127.56,4,True,-7.5585,0.4238,.55-.60,
SOL/USDT,2024-08-31,LONG,0.5644,135.35,127.56,3,True,-5.7554,0.6501,.55-.60,
SOL/USDT,2024-09-02,LONG,0.6096,134.94,127.56,1,True,-5.4691,1.543,.60-.70,1.5-2x
SOL/USDT,2024-09-04,LONG,0.6167,133.61,129.4,1,True,-3.151,1.3039,.60-.70,1-1.5x
SOL/USDT,2024-09-07,LONG,0.6628,127.71,130.1,1,True,1.8714,0.5754,.60-.70,
SOL/USDT,2024-09-09,LONG,0.6702,135.05,137.15,5,False,1.555,0.9878,.60-.70,
SOL/USDT,2024-09-11,LONG,0.6471,132.4,137.15,3,True,3.5876,0.61,.60-.70,
SOL/USDT,2024-09-12,LONG,0.6547,136.04,137.15,2,True,0.8159,0.7718,.60-.70,
SOL/USDT,2024-09-24,LONG,0.5705,152.71,155.51,2,True,1.8335,1.8437,.55-.60,1.5-2x
SOL/USDT,2024-09-28,LONG,0.6181,156.79,136.79,5,False,-12.7559,0.1799,.60-.70,
SOL/USDT,2024-09-29,LONG,0.5608,158.46,136.79,4,True,-13.6754,0.3689,.55-.60,
SOL/USDT,2024-09-30,LONG,0.5911,152.5,136.79,3,True,-10.3016,1.227,.55-.60,1-1.5x
SOL/USDT,2024-10-01,LONG,0.6181,145.16,136.79,2,True,-5.7661,1.4876,.60-.70,1-1.5x
SOL/USDT,2024-10-02,LONG,0.5505,140.2,136.79,1,True,-2.4322,1.0342,.55-.60,1-1.5x
SOL/USDT,2024-10-04,LONG,0.6985,143.23,143.98,3,True,0.5236,1.3579,.60-.70,1-1.5x
SOL/USDT,2024-10-05,LONG,0.6175,142.6,143.98,2,True,0.9677,0.1329,.60-.70,
SOL/USDT,2024-10-06,LONG,0.5932,146.48,143.98,1,True,-1.7067,0.8131,.55-.60,
SOL/USDT,2024-10-11,LONG,0.6407,145.5,146.38,1,True,0.6048,1.4403,.60-.70,1-1.5x
SOL/USDT,2024-10-13,LONG,0.5709,147.72,154.74,2,True,4.7522,0.2914,.55-.60,
SOL/USDT,2024-10-14,LONG,0.5874,157.58,154.74,1,True,-1.8023,2.0485,.55-.60,2-3x
SOL/USDT,2024-10-16,LONG,0.7224,154.25,166.16,5,False,7.7212,0.1058,.70-.80,
SOL/USDT,2024-10-17,LONG,0.7398,150.5,167.59,5,False,11.3555,0.8046,.70-.80,
SOL/USDT,2024-10-18,LONG,0.8538,154.95,170.86,5,False,10.2678,0.9537,>.80,
SOL/USDT,2024-10-19,LONG,0.7537,159.77,177.2,5,False,10.9094,0.9811,.70-.80,
SOL/USDT,2024-10-20,LONG,0.8257,167.41,177.2,4,True,5.8479,1.4943,>.80,1-1.5x
SOL/USDT,2024-10-21,LONG,0.8806,166.16,177.2,3,True,6.6442,0.2519,>.80,
SOL/USDT,2024-10-22,LONG,0.5774,167.59,177.2,2,True,5.7342,0.3074,.55-.60,
SOL/USDT,2024-10-23,LONG,0.6341,170.86,177.2,1,True,3.7106,0.7248,.60-.70,
SOL/USDT,2024-10-25,LONG,0.8304,164.89,170.89,1,True,3.6388,2.1863,>.80,2-3x
SOL/USDT,2024-10-28,LONG,0.9281,178.29,179.43,1,True,0.6394,0.2931,>.80,
SOL/USDT,2024-10-30,LONG,0.6181,174.86,166.1,2,True,-5.0097,0.8086,.60-.70,
SOL/USDT,2024-10-31,LONG,0.881,168.66,166.1,1,True,-1.5178,1.1044,>.80,1-1.5x
SOL/USDT,2024-11-02,LONG,0.7716,166.16,162.5,1,True,-2.2027,0.0111,.70-.80,
SOL/USDT,2024-11-05,LONG,0.6021,166.62,186.56,1,True,11.9674,1.6896,.60-.70,1.5-2x
SOL/USDT,2024-11-07,LONG,0.6872,196.33,199.91,2,True,1.8235,1.2603,.60-.70,1-1.5x
SOL/USDT,2024-11-10,LONG,0.6192,210.08,211.63,2,True,0.7378,1.2307,.60-.70,1-1.5x
SOL/USDT,2024-11-14,LONG,0.8581,209.55,218.48,1,True,4.2615,0.6336,>.80,
SOL/USDT,2024-11-16,LONG,0.7738,215.73,237.46,1,True,10.0728,0.3037,.70-.80,
SOL/USDT,2024-11-18,LONG,0.745,239.78,256.95,4,True,7.1607,0.2123,.70-.80,
SOL/USDT,2024-11-19,LONG,0.7376,237.62,256.95,3,True,8.1348,0.1984,.70-.80,
SOL/USDT,2024-11-20,LONG,0.9266,235.47,256.95,2,True,9.1222,0.2048,>.80,
SOL/USDT,2024-11-24,LONG,0.7632,252.75,234.22,1,True,-7.3314,0.1885,.70-.80,
SOL/USDT,2024-11-27,LONG,0.8396,241.97,237.61,3,True,-1.8019,1.1356,>.80,1-1.5x
SOL/USDT,2024-11-28,LONG,0.7465,237.61,237.61,2,True,0.0,0.414,.70-.80,
SOL/USDT,2024-11-29,LONG,0.6714,243.33,237.61,1,True,-2.3507,0.5524,.60-.70,
SOL/USDT,2024-12-03,LONG,0.812,233.91,235.87,2,True,0.8379,0.8603,>.80,
SOL/USDT,2024-12-06,LONG,0.7112,236.83,238.1,1,True,0.5362,0.099,.70-.80,
SOL/USDT,2024-12-08,LONG,0.8568,237.04,226.93,4,True,-4.2651,0.1294,>.80,
SOL/USDT,2024-12-09,LONG,0.6789,216.65,226.93,3,True,4.745,2.1828,.60-.70,2-3x
SOL/USDT,2024-12-10,LONG,0.7985,213.62,226.93,2,True,6.2307,0.3544,.70-.80,
SOL/USDT,2024-12-11,LONG,0.7745,227.27,226.93,1,True,-0.1496,1.7433,.70-.80,1.5-2x
SOL/USDT,2024-12-13,LONG,0.7549,224.78,216.21,3,True,-3.8126,0.2586,.70-.80,
SOL/USDT,2024-12-14,LONG,0.7349,219.91,216.21,2,True,-1.6825,0.5887,.70-.80,
SOL/USDT,2024-12-17,LONG,0.744,223.17,206.56,1,True,-7.4428,0.9682,.70-.80,
SOL/USDT,2024-12-24,LONG,0.6345,197.13,184.23,3,True,-6.5439,0.8862,.60-.70,
SOL/USDT,2024-12-29,LONG,0.6274,189.96,189.29,2,True,-0.3527,0.6904,.60-.70,
SOL/USDT,2024-12-30,LONG,0.6738,191.34,189.29,1,True,-1.0714,0.1765,.60-.70,
SOL/USDT,2025-01-01,LONG,0.5543,194.3,208.28,1,True,7.1951,0.6848,.55-.60,
SOL/USDT,2025-01-03,LONG,0.6697,218.0,216.64,1,True,-0.6239,1.0698,.60-.70,1-1.5x
SOL/USDT,2025-01-05,LONG,0.6669,213.42,197.48,3,True,-7.4688,0.3476,.60-.70,
SOL/USDT,2025-01-06,LONG,0.6053,218.23,197.48,2,True,-9.5083,0.5311,.60-.70,
SOL/USDT,2025-01-09,LONG,0.6131,184.96,188.51,3,True,1.9193,1.4819,.60-.70,1-1.5x
SOL/USDT,2025-01-10,LONG,0.709,187.73,188.51,2,True,0.4155,0.3742,.70-.80,
SOL/USDT,2025-01-11,LONG,0.7109,188.1,188.51,1,True,0.218,0.0493,.70-.80,
SOL/USDT,2025-01-13,LONG,0.7809,182.81,261.95,5,False,43.2908,0.8011,.70-.80,
SOL/USDT,2025-01-14,LONG,0.6012,187.53,261.95,4,True,39.6843,0.6744,.60-.70,
SOL/USDT,2025-01-16,LONG,0.8426,211.15,261.95,2,True,24.0587,0.6066,>.80,
SOL/USDT,2025-01-19,LONG,0.9688,257.33,253.38,5,False,-1.535,0.302,>.80,
SOL/USDT,2025-01-20,LONG,0.8837,242.13,253.38,4,True,4.6463,0.9756,>.80,
SOL/USDT,2025-01-21,LONG,0.9021,250.35,253.38,3,True,1.2103,0.5598,>.80,
SOL/USDT,2025-01-22,LONG,0.9906,257.39,253.38,2,True,-1.5579,0.4747,>.80,
SOL/USDT,2025-01-23,LONG,0.9356,253.09,253.38,1,True,0.1146,0.2832,>.80,
SOL/USDT,2025-01-25,LONG,0.8895,256.41,227.05,3,True,-11.4504,0.204,>.80,
SOL/USDT,2025-01-26,LONG,0.6476,240.5,227.05,2,True,-5.5925,1.0214,.60-.70,1-1.5x
SOL/USDT,2025-01-27,LONG,0.6906,234.93,227.05,1,True,-3.3542,0.3977,.60-.70,
SOL/USDT,2025-01-30,LONG,0.8364,238.3,212.98,2,True,-10.6253,0.7855,>.80,
SOL/USDT,2025-01-31,LONG,0.6278,231.76,212.98,1,True,-8.1032,0.4792,.60-.70,
SOL/USDT,2025-02-03,LONG,0.7384,216.25,189.55,3,True,-12.3468,1.0007,.70-.80,1-1.5x
SOL/USDT,2025-02-04,LONG,0.5534,206.59,189.55,2,True,-8.2482,0.7442,.55-.60,
SOL/USDT,2025-02-05,LONG,0.7003,196.12,189.55,1,True,-3.35,0.8329,.70-.80,
SOL/USDT,2025-02-10,LONG,0.6755,200.49,199.41,4,True,-0.5387,0.0,.60-.70,
SOL/USDT,2025-02-11,LONG,0.6402,197.99,199.41,3,True,0.7172,0.3398,.60-.70,
SOL/USDT,2025-02-12,LONG,0.6997,196.77,199.41,2,True,1.3417,0.1679,.60-.70,
SOL/USDT,2025-02-13,LONG,0.568,194.26,199.41,1,True,2.6511,0.3487,.55-.60,
SOL/USDT,2025-02-15,LONG,0.6739,194.48,177.54,2,True,-8.7104,0.697,.60-.70,
SOL/USDT,2025-02-16,LONG,0.5915,188.25,177.54,1,True,-5.6892,0.8973,.55-.60,
SOL/USDT,2025-02-21,LONG,0.6152,168.91,167.95,2,True,-0.5684,1.177,.60-.70,1-1.5x
SOL/USDT,2025-02-22,LONG,0.6101,172.08,167.95,1,True,-2.4,0.5531,.60-.70,
SOL/USDT,2025-02-25,LONG,0.5684,144.32,137.69,2,True,-4.594,0.4086,.55-.60,
SOL/USDT,2025-02-28,LONG,0.6689,148.13,143.63,1,True,-3.0379,1.5892,.60-.70,1.5-2x
SOL/USDT,2025-03-04,LONG,0.6916,144.79,143.29,2,True,-1.036,0.2104,.60-.70,
SOL/USDT,2025-03-05,LONG,0.7514,146.26,143.29,1,True,-2.0306,0.1153,.70-.80,
SOL/USDT,2025-03-07,LONG,0.858,139.39,126.54,2,True,-9.2187,0.3104,>.80,
SOL/USDT,2025-03-10,LONG,0.7385,118.34,126.62,2,True,6.9968,0.7309,.70-.80,
SOL/USDT,2025-03-11,LONG,0.7149,125.37,126.62,1,True,0.997,0.6589,.70-.80,
SOL/USDT,2025-03-14,LONG,0.682,133.56,135.87,1,True,1.7296,0.9015,.60-.70,
SOL/USDT,2025-03-19,LONG,0.5902,135.33,127.61,1,True,-5.7046,0.9167,.55-.60,
SOL/USDT,2025-03-21,LONG,0.6527,128.47,128.51,1,True,0.0311,0.0784,.60-.70,
SOL/USDT,2025-03-23,LONG,0.6647,132.84,140.99,1,True,6.1352,0.7362,.60-.70,
SOL/USDT,2025-03-25,LONG,0.6067,143.63,124.6,4,True,-13.2493,0.391,.60-.70,
SOL/USDT,2025-03-26,LONG,0.6785,137.38,124.6,3,True,-9.3027,0.8937,.60-.70,
SOL/USDT,2025-03-27,LONG,0.5901,138.46,124.6,2,True,-10.0101,0.1627,.55-.60,
SOL/USDT,2025-03-28,LONG,0.7142,129.49,124.6,1,True,-3.7764,1.2858,.70-.80,1-1.5x
SOL/USDT,2025-04-02,LONG,0.708,117.44,120.32,3,True,2.4523,1.5733,.70-.80,1.5-2x
SOL/USDT,2025-04-04,LONG,0.5808,122.78,120.32,1,True,-2.0036,1.1035,.55-.60,1-1.5x
XRP/USDT,2024-08-28,LONG,0.5814,0.5693,0.5621,1,True,-1.2647,0.1739,.55-.60,
XRP/USDT,2024-08-31,LONG,0.6475,0.5662,0.5677,2,True,0.2649,0.0419,.60-.70,
XRP/USDT,2024-09-08,LONG,0.5917,0.5294,0.5727,5,False,8.1791,0.4226,.55-.60,
XRP/USDT,2024-09-09,LONG,0.6013,0.5395,0.5956,5,False,10.3985,0.9072,.60-.70,
XRP/USDT,2024-09-11,LONG,0.5784,0.5347,0.5956,3,True,11.3896,0.5329,.55-.60,
XRP/USDT,2024-09-17,LONG,0.671,0.5838,0.5853,1,True,0.2569,0.1741,.60-.70,
XRP/USDT,2024-09-21,LONG,0.5829,0.5976,0.5829,4,True,-2.4598,0.8561,.55-.60,
XRP/USDT,2024-09-22,LONG,0.591,0.5871,0.5829,3,True,-0.7154,0.7205,.55-.60,
XRP/USDT,2024-09-27,LONG,0.576,0.5885,0.6137,1,True,4.2821,0.1536,.55-.60,
XRP/USDT,2024-10-03,LONG,0.5516,0.5217,0.5295,2,True,1.4951,0.9121,.55-.60,
XRP/USDT,2024-10-04,LONG,0.908,0.5339,0.5295,1,True,-0.8241,0.7029,>.80,
XRP/USDT,2024-10-07,LONG,0.8386,0.5288,0.5245,2,True,-0.8132,0.2804,>.80,
XRP/USDT,2024-10-13,LONG,0.7449,0.532,0.5416,2,True,1.8045,0.4313,.70-.80,
XRP/USDT,2024-10-16,LONG,0.7176,0.5482,0.5466,2,True,-0.2919,0.3792,.70-.80,
XRP/USDT,2024-10-17,LONG,0.6903,0.5441,0.5466,1,True,0.4595,0.2326,.60-.70,
XRP/USDT,2024-10-19,LONG,0.7022,0.5441,0.5481,1,True,0.7352,0.1635,.70-.80,
XRP/USDT,2024-10-21,LONG,0.7564,0.5449,0.5135,5,False,-5.7625,0.2222,.70-.80,
XRP/USDT,2024-10-22,LONG,0.574,0.5339,0.517,5,False,-3.1654,1.3453,.55-.60,1-1.5x
XRP/USDT,2024-10-23,LONG,0.7193,0.5258,0.517,4,True,-1.6736,1.1126,.70-.80,1-1.5x
XRP/USDT,2024-10-24,LONG,0.7449,0.532,0.517,3,True,-2.8195,0.9188,.70-.80,
XRP/USDT,2024-10-26,LONG,0.6675,0.5135,0.517,1,True,0.6816,1.2084,.60-.70,1-1.5x
XRP/USDT,2024-10-28,LONG,0.6359,0.5193,0.5229,2,True,0.6932,0.2387,.60-.70,
XRP/USDT,2024-11-08,LONG,0.7593,0.5535,0.5883,2,True,6.2873,0.1655,.70-.80,
XRP/USDT,2024-11-09,LONG,0.7691,0.5592,0.5883,1,True,5.2039,0.4498,.70-.80,
XRP/USDT,2024-11-12,LONG,0.9598,0.7042,0.69,1,True,-2.0165,3.4813,>.80,3-5x
XRP/USDT,2024-11-15,LONG,0.8917,0.8921,1.1207,1,True,25.6249,2.9539,>.80,2-3x
XRP/USDT,2024-11-17,LONG,0.9752,1.0542,1.1042,3,True,4.7429,0.789,>.80,
XRP/USDT,2024-11-18,LONG,0.6333,1.1141,1.1042,2,True,-0.8886,0.7562,.60-.70,
XRP/USDT,2024-11-19,LONG,0.9936,1.1004,1.1042,1,True,0.3453,0.1635,>.80,
XRP/USDT,2024-11-24,LONG,0.6968,1.433,1.3984,2,True,-2.4145,0.2984,.60-.70,
XRP/USDT,2024-11-25,LONG,0.9269,1.4138,1.3984,1,True,-1.0893,0.1627,>.80,
XRP/USDT,2024-11-28,LONG,0.8733,1.5422,1.9514,2,True,26.5335,0.6014,>.80,
XRP/USDT,2024-11-29,LONG,0.6299,1.8003,1.9514,1,True,8.393,1.9625,.60-.70,1.5-2x
XRP/USDT,2024-12-06,LONG,0.8849,2.4252,2.3946,5,False,-1.2618,0.9141,>.80,
XRP/USDT,2024-12-07,LONG,0.7762,2.6093,2.3382,5,False,-10.3898,0.8999,.70-.80,
XRP/USDT,2024-12-08,LONG,0.833,2.6012,2.3382,4,True,-10.1107,0.0365,>.80,
XRP/USDT,2024-12-09,LONG,0.8211,2.212,2.3382,3,True,5.7052,1.5734,>.80,1.5-2x
XRP/USDT,2024-12-10,LONG,0.5534,2.3706,2.3382,2,True,-1.3667,0.7551,.55-.60,
XRP/USDT,2024-12-13,LONG,0.6495,2.4222,2.484,3,True,2.5514,0.4124,.60-.70,
XRP/USDT,2024-12-14,LONG,0.691,2.4006,2.484,2,True,3.4741,0.1029,.60-.70,
XRP/USDT,2024-12-18,LONG,0.6695,2.31,2.2382,3,True,-3.1082,1.1089,.60-.70,1-1.5x
XRP/USDT,2024-12-19,LONG,0.6373,2.2386,2.2382,2,True,-0.0179,0.3659,.60-.70,
XRP/USDT,2024-12-20,LONG,0.5782,2.2797,2.2382,1,True,-1.8204,0.2215,.55-.60,
XRP/USDT,2024-12-22,LONG,0.6767,2.2026,2.2615,1,True,2.6741,0.27,.60-.70,
XRP/USDT,2024-12-29,LONG,0.551,2.0939,2.4535,5,False,17.1737,1.0732,.55-.60,1-1.5x
XRP/USDT,2025-01-02,LONG,0.5579,2.4028,2.2708,5,False,-5.4936,0.6825,.55-.60,
XRP/USDT,2025-01-04,LONG,0.5722,2.4201,2.3728,4,True,-1.9545,0.3089,.55-.60,
XRP/USDT,2025-01-05,LONG,0.5858,2.3992,2.3728,3,True,-1.1004,0.1964,.55-.60,
XRP/USDT,2025-01-15,LONG,0.5859,3.1433,3.1052,5,False,-1.2121,3.0619,.55-.60,3-5x
XRP/USDT,2025-01-18,LONG,0.6949,3.2699,3.174,3,True,-2.9328,0.1247,.60-.70,
XRP/USDT,2025-01-19,LONG,0.7033,2.9579,3.174,2,True,7.3059,1.54,.70-.80,1.5-2x
XRP/USDT,2025-01-23,LONG,0.6336,3.1189,3.0225,3,True,-3.0908,0.3289,.60-.70,
XRP/USDT,2025-01-24,LONG,0.6229,3.1007,3.0225,2,True,-2.522,0.1002,.60-.70,
XRP/USDT,2025-01-25,LONG,0.6216,3.1075,3.0225,1,True,-2.7353,0.0378,.60-.70,
XRP/USDT,2025-01-27,LONG,0.6304,3.0553,3.0362,4,True,-0.6251,0.1932,.60-.70,
XRP/USDT,2025-01-30,LONG,0.6305,3.1278,3.0362,1,True,-2.9286,0.3573,.60-.70,
XRP/USDT,2025-02-03,LONG,0.789,2.7,2.3816,2,True,-11.7926,0.8046,.70-.80,
XRP/USDT,2025-02-07,LONG,0.7262,2.3961,2.4732,5,False,3.2177,0.7141,.70-.80,
XRP/USDT,2025-02-09,LONG,0.8435,2.3924,2.4732,3,True,3.3774,0.3075,>.80,
XRP/USDT,2025-02-10,LONG,0.6662,2.4233,2.4732,2,True,2.0592,0.3626,.60-.70,
XRP/USDT,2025-02-11,LONG,0.6169,2.4128,2.4732,1,True,2.5033,0.122,.60-.70,
XRP/USDT,2025-02-14,LONG,0.6592,2.7388,2.7621,1,True,0.8507,1.6783,.60-.70,1.5-2x
XRP/USDT,2025-02-16,LONG,0.5546,2.7282,2.5632,2,True,-6.0479,0.2962,.55-.60,
XRP/USDT,2025-02-17,LONG,0.7118,2.6602,2.5632,1,True,-3.6463,0.5983,.70-.80,
XRP/USDT,2025-02-19,LONG,0.6188,2.7375,2.574,3,True,-5.9726,1.508,.60-.70,1.5-2x
XRP/USDT,2025-02-20,LONG,0.6158,2.6882,2.574,2,True,-4.2482,0.4015,.60-.70,
XRP/USDT,2025-02-21,LONG,0.5622,2.572,2.574,1,True,0.0778,0.9736,.55-.60,
XRP/USDT,2025-02-28,LONG,0.8076,2.1455,2.1915,1,True,2.144,0.5832,>.80,
XRP/USDT,2025-03-03,LONG,0.6786,2.3874,2.5,2,True,4.7164,1.9036,.60-.70,1.5-2x
XRP/USDT,2025-03-10,LONG,0.6866,2.0212,2.2396,2,True,10.8055,0.5425,.60-.70,
XRP/USDT,2025-03-11,LONG,0.6728,2.1708,2.2396,1,True,3.1693,0.7297,.60-.70,
XRP/USDT,2025-03-14,LONG,0.6403,2.3566,2.2938,2,True,-2.6649,0.4534,.60-.70,
XRP/USDT,2025-03-15,LONG,0.6746,2.3915,2.2938,1,True,-4.0853,0.1452,.60-.70,
XRP/USDT,2025-03-20,LONG,0.5602,2.4359,2.3804,1,True,-2.2784,0.4316,.55-.60,
XRP/USDT,2025-03-23,LONG,0.6356,2.439,2.2072,5,False,-9.5039,0.574,.60-.70,
XRP/USDT,2025-03-24,LONG,0.5646,2.45,2.1348,5,False,-12.8653,0.0909,.55-.60,
XRP/USDT,2025-03-25,LONG,0.6217,2.4493,2.1367,5,False,-12.7628,0.0058,.60-.70,
XRP/USDT,2025-03-26,LONG,0.618,2.3494,2.1367,4,True,-9.0534,0.8273,.60-.70,
XRP/USDT,2025-03-27,LONG,0.6284,2.3409,2.1367,3,True,-8.7231,0.0791,.60-.70,
XRP/USDT,2025-04-02,LONG,0.7036,2.024,2.0646,1,True,2.0059,1.3317,.70-.80,1-1.5x
XRP/USDT,2025-04-04,LONG,0.6077,2.1306,2.1444,1,True,0.6477,0.8058,.60-.70,
ADA/USDT,2024-09-01,LONG,0.6329,0.3312,0.3363,1,True,1.5399,1.3061,.60-.70,1-1.5x
ADA/USDT,2024-09-04,LONG,0.6514,0.3232,0.339,4,True,4.8886,0.4653,.60-.70,
ADA/USDT,2024-09-07,LONG,0.6257,0.3251,0.339,1,True,4.2756,0.9783,.60-.70,
ADA/USDT,2024-09-09,LONG,0.6222,0.3435,0.3605,4,True,4.9491,0.3829,.60-.70,
ADA/USDT,2024-09-12,LONG,0.594,0.3564,0.3605,1,True,1.1504,0.3143,.55-.60,
ADA/USDT,2024-09-14,LONG,0.5502,0.354,0.3388,1,True,-4.2938,0.6249,.55-.60,
ADA/USDT,2024-09-17,LONG,0.5901,0.3338,0.3442,1,True,3.1156,0.3851,.55-.60,
ADA/USDT,2024-09-21,LONG,0.5505,0.3583,0.381,4,True,6.3355,0.6693,.55-.60,
ADA/USDT,2024-09-22,LONG,0.6802,0.3517,0.381,3,True,8.331,0.7027,.60-.70,
ADA/USDT,2024-09-29,LONG,0.5906,0.3978,0.3521,2,True,-11.4882,0.2603,.55-.60,
ADA/USDT,2024-09-30,LONG,0.6373,0.3734,0.3521,1,True,-5.7043,1.9817,.60-.70,1.5-2x
ADA/USDT,2024-10-06,LONG,0.6761,0.3576,0.345,2,True,-3.5235,0.5948,.60-.70,
ADA/USDT,2024-10-07,LONG,0.8245,0.3512,0.345,1,True,-1.7654,0.5599,>.80,
ADA/USDT,2024-10-17,LONG,0.7696,0.3434,0.3509,1,True,2.184,0.9499,.70-.80,
ADA/USDT,2024-10-20,LONG,0.8551,0.365,0.3607,1,True,-1.1781,1.5114,>.80,1.5-2x
ADA/USDT,2024-10-23,LONG,0.8374,0.3501,0.3465,1,True,-1.0283,1.707,>.80,1.5-2x
ADA/USDT,2024-10-25,LONG,0.835,0.3262,0.3338,1,True,2.3299,2.2499,>.80,2-3x
ADA/USDT,2024-10-27,LONG,0.6276,0.3399,0.3562,2,True,4.7955,0.6914,.60-.70,
ADA/USDT,2024-10-28,LONG,0.9174,0.3436,0.3562,1,True,3.6671,0.4143,>.80,
ADA/USDT,2024-10-30,LONG,0.7758,0.3551,0.3417,1,True,-3.7736,0.1134,.70-.80,
ADA/USDT,2024-11-01,LONG,0.5518,0.3575,0.3264,3,True,-8.6993,1.5701,.55-.60,1.5-2x
ADA/USDT,2024-11-02,LONG,0.6698,0.3483,0.3264,2,True,-6.2877,0.8603,.60-.70,
ADA/USDT,2024-11-03,LONG,0.646,0.334,0.3264,1,True,-2.2754,1.3983,.60-.70,1-1.5x
ADA/USDT,2024-11-05,LONG,0.643,0.3336,0.363,1,True,8.8129,0.7374,.60-.70,
ADA/USDT,2024-11-07,LONG,0.9247,0.4067,0.4446,1,True,9.3189,2.7318,>.80,2-3x
ADA/USDT,2024-11-11,LONG,0.6826,0.613,0.7071,4,True,15.3507,0.5984,.60-.70,
ADA/USDT,2024-11-12,LONG,0.977,0.5707,0.7071,3,True,23.9005,1.0329,>.80,1-1.5x
ADA/USDT,2024-11-13,LONG,0.9939,0.578,0.7071,2,True,22.3356,0.1928,>.80,
ADA/USDT,2024-11-14,LONG,0.8218,0.5787,0.7071,1,True,22.1877,0.0191,>.80,
ADA/USDT,2024-11-17,LONG,0.6904,0.7024,0.8001,3,True,13.9095,0.6678,.60-.70,
ADA/USDT,2024-11-18,LONG,0.9705,0.7324,0.8001,2,True,9.2436,0.5409,>.80,
ADA/USDT,2024-11-19,LONG,0.8615,0.7387,0.8001,1,True,8.3119,0.1093,>.80,
ADA/USDT,2024-11-22,LONG,0.9,1.0175,1.0657,1,True,4.7371,2.7615,>.80,2-3x
ADA/USDT,2024-11-26,LONG,0.6802,0.9604,1.0122,1,True,5.3936,0.2021,.60-.70,
ADA/USDT,2024-11-28,LONG,0.9406,1.032,1.0786,2,True,4.5155,0.2225,>.80,
ADA/USDT,2024-11-29,LONG,0.5992,1.0755,1.0786,1,True,0.2882,0.4882,.55-.60,
ADA/USDT,2024-12-03,LONG,0.7554,1.191,1.1936,5,False,0.2183,0.1215,.70-.80,
ADA/USDT,2024-12-04,LONG,0.6811,1.1869,1.0031,5,False,-15.4857,0.0448,.60-.70,
ADA/USDT,2024-12-05,LONG,0.8332,1.1596,1.0031,4,True,-13.496,0.3554,>.80,
ADA/USDT,2024-12-06,LONG,0.9089,1.2272,1.0031,3,True,-18.2611,0.898,>.80,
ADA/USDT,2024-12-07,LONG,0.7085,1.2101,1.0031,2,True,-17.106,0.2214,.70-.80,
ADA/USDT,2024-12-08,LONG,0.8099,1.1936,1.0031,1,True,-15.9601,0.2145,>.80,
ADA/USDT,2024-12-10,LONG,0.6103,1.0213,1.1213,3,True,9.7914,0.2438,.60-.70,
ADA/USDT,2024-12-11,LONG,0.5506,1.0864,1.1213,2,True,3.2124,0.8477,.55-.60,
ADA/USDT,2024-12-12,LONG,0.8244,1.1231,1.1213,1,True,-0.1603,0.6205,>.80,
ADA/USDT,2024-12-16,LONG,0.6429,1.0773,0.9683,2,True,-10.1179,0.3932,.60-.70,
ADA/USDT,2024-12-17,LONG,0.5975,1.0521,0.9683,1,True,-7.965,0.4607,.55-.60,
ADA/USDT,2024-12-20,LONG,0.6786,0.9499,0.9044,1,True,-4.79,1.3218,.60-.70,1-1.5x
ADA/USDT,2024-12-22,LONG,0.6485,0.8842,0.9265,1,True,4.784,0.3962,.60-.70,
ADA/USDT,2024-12-24,LONG,0.5885,0.9357,0.877,3,True,-6.2734,0.1706,.55-.60,
ADA/USDT,2024-12-25,LONG,0.5722,0.9176,0.877,2,True,-4.4246,0.3326,.55-.60,
ADA/USDT,2024-12-29,LONG,0.5748,0.8591,0.8452,2,True,-1.618,0.7326,.55-.60,
ADA/USDT,2025-01-03,LONG,0.6283,1.0894,1.0705,1,True,-1.7349,2.3279,.60-.70,2-3x
ADA/USDT,2025-01-06,LONG,0.6311,1.0937,0.9304,4,True,-14.931,0.0422,.60-.70,
ADA/USDT,2025-01-08,LONG,0.6046,0.9468,0.9304,2,True,-1.7322,0.7852,.60-.70,
ADA/USDT,2025-01-09,LONG,0.5524,0.9044,0.9304,1,True,2.8748,0.8486,.55-.60,
ADA/USDT,2025-01-11,LONG,0.6971,0.9953,0.9676,1,True,-2.7831,1.2991,.60-.70,1-1.5x
ADA/USDT,2025-01-13,LONG,0.7243,0.9444,1.1047,5,False,16.9737,0.4467,.70-.80,
ADA/USDT,2025-01-14,LONG,0.5848,0.9972,0.9925,5,False,-0.4713,1.0213,.55-.60,1-1.5x
ADA/USDT,2025-01-15,LONG,0.6232,1.0755,1.0093,5,False,-6.1553,1.4363,.60-.70,1-1.5x
ADA/USDT,2025-01-16,LONG,0.7212,1.0891,1.006,5,False,-7.6302,0.2314,.70-.80,
ADA/USDT,2025-01-18,LONG,0.7681,1.1047,1.006,3,True,-8.9346,0.4558,.70-.80,
ADA/USDT,2025-01-19,LONG,0.7955,0.9925,1.006,2,True,1.3602,1.6809,.70-.80,1.5-2x
ADA/USDT,2025-01-23,LONG,0.5824,0.9866,0.9347,4,True,-5.2605,0.0917,.55-.60,
ADA/USDT,2025-01-29,LONG,0.6345,0.9402,0.8948,3,True,-4.8288,0.6193,.60-.70,
ADA/USDT,2025-01-30,LONG,0.6177,0.9595,0.8948,2,True,-6.7431,0.5031,.60-.70,
ADA/USDT,2025-01-31,LONG,0.5514,0.9427,0.8948,1,True,-5.0811,0.4636,.55-.60,
ADA/USDT,2025-02-03,LONG,0.8546,0.8119,0.7326,2,True,-9.7672,0.2152,>.80,
ADA/USDT,2025-02-10,LONG,0.675,0.712,0.7782,1,True,9.2978,1.3008,.60-.70,1-1.5x
ADA/USDT,2025-02-14,LONG,0.8574,0.7998,0.781,1,True,-2.3506,0.2988,>.80,
ADA/USDT,2025-02-16,LONG,0.5936,0.7713,0.8037,4,True,4.2007,0.2895,.55-.60,
ADA/USDT,2025-02-17,LONG,0.812,0.809,0.8037,3,True,-0.6551,1.0938,>.80,1-1.5x
ADA/USDT,2025-02-18,LONG,0.5925,0.7543,0.8037,2,True,6.5491,1.4654,.55-.60,1-1.5x
ADA/USDT,2025-02-19,LONG,0.6388,0.7738,0.8037,1,True,3.864,0.5579,.60-.70,
ADA/USDT,2025-02-21,LONG,0.5549,0.762,0.7736,1,True,1.5223,1.0905,.55-.60,1-1.5x
ADA/USDT,2025-02-25,LONG,0.5773,0.683,0.6453,2,True,-5.5198,0.0449,.55-.60,
ADA/USDT,2025-02-28,LONG,0.7202,0.6328,0.6591,1,True,4.1561,0.4164,.70-.80,
ADA/USDT,2025-03-05,LONG,0.9581,0.9739,0.9063,1,True,-6.9412,0.1931,>.80,
ADA/USDT,2025-03-07,LONG,0.9624,0.8183,0.7209,2,True,-11.9027,0.532,>.80,
ADA/USDT,2025-03-08,LONG,0.5996,0.805,0.7209,1,True,-10.4472,0.089,.55-.60,
ADA/USDT,2025-03-10,LONG,0.9484,0.6712,0.7361,2,True,9.6692,0.3741,>.80,
ADA/USDT,2025-03-11,LONG,0.8795,0.7241,0.7361,1,True,1.6572,0.4262,>.80,
ADA/USDT,2025-03-13,LONG,0.5582,0.7028,0.7467,2,True,6.2464,0.2449,.55-.60,
ADA/USDT,2025-03-14,LONG,0.7539,0.7373,0.7467,1,True,1.2749,0.2654,.70-.80,
ADA/USDT,2025-03-17,LONG,0.5621,0.7175,0.718,3,True,0.0697,0.0983,.55-.60,
ADA/USDT,2025-03-19,LONG,0.5663,0.7439,0.718,1,True,-3.4817,0.3278,.55-.60,
ADA/USDT,2025-03-21,LONG,0.5721,0.7049,0.7013,1,True,-0.5107,0.0995,.55-.60,
ADA/USDT,2025-03-23,LONG,0.6419,0.7103,0.7322,1,True,3.0832,0.2283,.60-.70,
ADA/USDT,2025-03-26,LONG,0.6153,0.729,0.6619,5,False,-9.2044,0.4305,.60-.70,
ADA/USDT,2025-03-27,LONG,0.5844,0.7381,0.6619,4,True,-10.3238,0.2798,.55-.60,
ADA/USDT,2025-03-28,LONG,0.6624,0.7062,0.6619,3,True,-6.273,0.952,.60-.70,
ADA/USDT,2025-03-29,LONG,0.5627,0.673,0.6619,2,True,-1.6493,1.1653,.55-.60,1-1.5x
ADA/USDT,2025-04-03,LONG,0.6148,0.6508,0.6547,2,True,0.5993,0.5403,.60-.70,
ADA/USDT,2025-04-04,LONG,0.5666,0.6604,0.6547,1,True,-0.8631,0.467,.55-.60,
AVAX/USDT,2024-08-28,LONG,0.5949,23.448,23.277,2,True,-0.7293,0.6622,.55-.60,
AVAX/USDT,2024-08-29,LONG,0.6166,22.903,23.277,1,True,1.633,0.5938,.60-.70,
AVAX/USDT,2024-09-04,LONG,0.5998,21.902,23.839,5,False,8.8439,0.6164,.55-.60,
AVAX/USDT,2024-09-07,LONG,0.6447,21.789,24.025,5,False,10.2621,0.723,.60-.70,
AVAX/USDT,2024-09-08,LONG,0.6748,23.24,24.914,5,False,7.2031,1.5277,.60-.70,1.5-2x
AVAX/USDT,2024-09-09,LONG,0.6781,23.839,25.322,5,False,6.2209,0.6046,.60-.70,
AVAX/USDT,2024-09-11,LONG,0.7136,23.281,25.322,3,True,8.7668,1.1282,.70-.80,1-1.5x
AVAX/USDT,2024-09-12,LONG,0.6585,24.025,25.322,2,True,5.3985,0.8487,.60-.70,
AVAX/USDT,2024-09-17,LONG,0.5872,23.779,24.708,1,True,3.9068,0.3043,.55-.60,
AVAX/USDT,2024-09-21,LONG,0.6367,27.787,27.293,4,True,-1.7778,0.1182,.60-.70,
AVAX/USDT,2024-09-22,LONG,0.7538,27.306,27.293,3,True,-0.0476,0.4732,.70-.80,
AVAX/USDT,2024-09-23,LONG,0.6034,27.385,27.293,2,True,-0.336,0.0844,.60-.70,
AVAX/USDT,2024-09-26,LONG,0.5611,29.156,29.038,3,True,-0.4047,1.823,.55-.60,1.5-2x
AVAX/USDT,2024-10-02,LONG,0.5937,25.336,26.575,5,False,4.8903,0.4514,.55-.60,
AVAX/USDT,2024-10-03,LONG,0.6029,24.657,26.343,5,False,6.8378,0.6455,.60-.70,
AVAX/USDT,2024-10-04,LONG,0.7555,26.275,25.784,5,False,-1.8687,1.4943,.70-.80,1-1.5x
AVAX/USDT,2024-10-05,LONG,0.5679,25.671,25.86,5,False,0.7362,0.549,.55-.60,
AVAX/USDT,2024-10-06,LONG,0.6653,26.932,25.86,4,True,-3.9804,1.1473,.60-.70,1-1.5x
AVAX/USDT,2024-10-07,LONG,0.8451,26.575,25.86,3,True,-2.6905,0.3079,>.80,
AVAX/USDT,2024-10-09,LONG,0.7634,25.784,25.86,1,True,0.2948,0.5453,.70-.80,
AVAX/USDT,2024-10-11,LONG,0.6209,27.464,29.046,2,True,5.7603,1.5304,.60-.70,1.5-2x
AVAX/USDT,2024-10-12,LONG,0.7934,28.631,29.046,1,True,1.4495,1.0272,.70-.80,1-1.5x
AVAX/USDT,2024-10-14,LONG,0.5693,29.07,28.101,5,False,-3.3333,0.0204,.55-.60,
AVAX/USDT,2024-10-15,LONG,0.8652,28.236,28.973,5,False,2.6101,0.7172,>.80,
AVAX/USDT,2024-10-16,LONG,0.7096,28.033,27.757,5,False,-0.9846,0.1948,.70-.80,
AVAX/USDT,2024-10-17,LONG,0.727,27.305,27.757,4,True,1.6554,0.7275,.70-.80,
AVAX/USDT,2024-10-18,LONG,0.8921,28.094,27.757,3,True,-1.1995,0.812,>.80,
AVAX/USDT,2024-10-19,LONG,0.8176,28.101,27.757,2,True,-1.2242,0.007,>.80,
AVAX/USDT,2024-10-20,LONG,0.7316,28.973,27.757,1,True,-4.197,0.8959,.70-.80,
AVAX/USDT,2024-10-23,LONG,0.6766,26.769,26.843,1,True,0.2764,0.9727,.60-.70,
AVAX/USDT,2024-10-26,LONG,0.6936,25.408,25.763,1,True,1.3972,0.6204,.60-.70,
AVAX/USDT,2024-10-30,LONG,0.5596,26.18,22.731,5,False,-13.1742,0.8111,.55-.60,
AVAX/USDT,2024-10-31,LONG,0.7724,25.023,23.996,5,False,-4.1042,1.4806,.70-.80,1-1.5x
AVAX/USDT,2024-11-01,LONG,0.6301,24.795,27.009,5,False,8.9292,0.3283,.60-.70,
AVAX/USDT,2024-11-02,LONG,0.6122,24.124,27.37,5,False,13.4555,0.9793,.60-.70,
AVAX/USDT,2024-11-03,LONG,0.5927,23.534,28.778,5,False,22.2827,0.8815,.55-.60,
AVAX/USDT,2024-11-04,LONG,0.6071,22.731,30.368,5,False,33.5973,1.2203,.60-.70,1-1.5x
AVAX/USDT,2024-11-06,LONG,0.7344,27.009,35.708,5,False,32.2078,2.919,.70-.80,2-3x
AVAX/USDT,2024-11-07,LONG,0.6654,27.37,33.947,5,False,24.03,0.3137,.60-.70,
AVAX/USDT,2024-11-09,LONG,0.768,30.368,31.19,5,False,2.7068,1.2192,.70-.80,1-1.5x
AVAX/USDT,2024-11-10,LONG,0.5797,31.879,33.116,5,False,3.8803,1.1024,.55-.60,1-1.5x
AVAX/USDT,2024-11-12,LONG,0.8643,33.947,33.116,3,True,-2.4479,0.9398,>.80,
AVAX/USDT,2024-11-13,LONG,0.8793,33.12,33.116,2,True,-0.0121,0.4587,>.80,
AVAX/USDT,2024-11-14,LONG,0.7938,31.19,33.116,1,True,6.1751,1.1182,.70-.80,1-1.5x
AVAX/USDT,2024-11-18,LONG,0.8314,35.489,33.586,2,True,-5.3622,0.4048,>.80,
AVAX/USDT,2024-11-19,LONG,0.9068,34.204,33.586,1,True,-1.8068,0.6572,>.80,
AVAX/USDT,2024-11-25,LONG,0.9578,41.32,42.726,1,True,3.4027,0.2666,>.80,
AVAX/USDT,2024-12-06,LONG,0.829,52.469,51.581,1,True,-1.6924,0.6793,>.80,
AVAX/USDT,2024-12-08,LONG,0.9215,53.979,45.004,1,True,-16.6268,0.7218,>.80,
AVAX/USDT,2024-12-10,LONG,0.6136,44.614,48.463,1,True,8.6273,0.114,.60-.70,
AVAX/USDT,2024-12-12,LONG,0.9078,53.134,49.855,2,True,-6.1712,1.4642,>.80,1-1.5x
AVAX/USDT,2024-12-13,LONG,0.6204,52.796,49.855,1,True,-5.5705,0.0982,.60-.70,
AVAX/USDT,2024-12-19,LONG,0.5773,38.822,37.416,2,True,-3.6217,1.2501,.55-.60,1-1.5x
AVAX/USDT,2024-12-20,LONG,0.6992,39.852,37.416,1,True,-6.1126,0.3581,.60-.70,
AVAX/USDT,2024-12-24,LONG,0.5742,41.237,40.257,1,True,-2.3765,0.8058,.55-.60,
AVAX/USDT,2024-12-29,LONG,0.6261,35.831,35.707,2,True,-0.3461,0.8781,.60-.70,
AVAX/USDT,2024-12-30,LONG,0.6509,35.984,35.707,1,True,-0.7698,0.0742,.60-.70,
AVAX/USDT,2025-01-03,LONG,0.5909,41.946,39.202,4,True,-6.5417,1.279,.55-.60,1-1.5x
AVAX/USDT,2025-01-06,LONG,0.5541,44.073,39.202,1,True,-11.0521,0.4259,.55-.60,
AVAX/USDT,2025-01-08,LONG,0.5539,37.427,36.191,1,True,-3.3024,0.9072,.55-.60,
AVAX/USDT,2025-01-13,LONG,0.6358,35.292,39.26,5,False,11.2433,0.7699,.60-.70,
AVAX/USDT,2025-01-14,LONG,0.5599,36.565,35.688,5,False,-2.3985,0.8077,.55-.60,
AVAX/USDT,2025-01-16,LONG,0.6635,40.037,36.944,5,False,-7.7254,0.1163,.60-.70,
AVAX/USDT,2025-01-18,LONG,0.6496,39.26,36.944,3,True,-5.8991,1.1154,.60-.70,1-1.5x
AVAX/USDT,2025-01-19,LONG,0.6964,35.688,36.944,2,True,3.5194,1.7944,.60-.70,1.5-2x
AVAX/USDT,2025-01-20,LONG,0.5973,36.021,36.944,1,True,2.5624,0.1841,.55-.60,
AVAX/USDT,2025-01-23,LONG,0.7458,35.588,35.745,3,True,0.4412,0.708,.70-.80,
AVAX/USDT,2025-01-24,LONG,0.6979,35.35,35.745,2,True,1.1174,0.1467,.60-.70,
AVAX/USDT,2025-01-30,LONG,0.6162,34.289,32.099,2,True,-6.3869,1.0753,.60-.70,1-1.5x
AVAX/USDT,2025-01-31,LONG,0.6577,34.404,32.099,1,True,-6.6998,0.0786,.60-.70,
AVAX/USDT,2025-02-03,LONG,0.5533,28.411,24.513,3,True,-13.72,0.5272,.55-.60,
AVAX/USDT,2025-02-05,LONG,0.6859,25.852,24.513,1,True,-5.1795,0.4761,.60-.70,
AVAX/USDT,2025-02-11,LONG,0.6841,25.395,25.493,4,True,0.3859,0.2353,.60-.70,
AVAX/USDT,2025-02-12,LONG,0.6225,26.497,25.493,3,True,-3.7891,0.9202,.60-.70,
AVAX/USDT,2025-02-13,LONG,0.7413,25.395,25.493,2,True,0.3859,0.8749,.70-.80,
AVAX/USDT,2025-02-14,LONG,0.7522,26.386,25.493,1,True,-3.3844,0.8175,.70-.80,
AVAX/USDT,2025-02-16,LONG,0.6339,24.866,25.041,1,True,0.7038,0.5179,.60-.70,
AVAX/USDT,2025-02-19,LONG,0.5589,23.748,24.85,4,True,4.6404,0.2131,.55-.60,
AVAX/USDT,2025-02-28,LONG,0.7071,22.368,21.857,1,True,-2.2845,0.1713,.70-.80,
AVAX/USDT,2025-03-02,LONG,0.6142,24.948,20.001,2,True,-19.8292,2.6331,.60-.70,2-3x
AVAX/USDT,2025-03-03,LONG,0.6722,20.95,20.001,1,True,-4.5298,2.4816,.60-.70,2-3x
AVAX/USDT,2025-03-11,LONG,0.6259,17.514,18.265,5,False,4.288,1.0159,.60-.70,1-1.5x
AVAX/USDT,2025-03-12,LONG,0.6878,18.918,18.816,5,False,-0.5392,1.0406,.60-.70,1-1.5x
AVAX/USDT,2025-03-14,LONG,0.653,18.569,19.73,5,False,6.2524,0.0429,.60-.70,
AVAX/USDT,2025-03-15,LONG,0.7129,19.393,19.73,4,True,1.7377,0.5802,.70-.80,
AVAX/USDT,2025-03-17,LONG,0.5508,18.816,19.73,2,True,4.8576,0.4108,.55-.60,
AVAX/USDT,2025-03-20,LONG,0.633,18.746,19.81,3,True,5.6759,0.6696,.60-.70,
AVAX/USDT,2025-03-22,LONG,0.7605,19.429,19.81,1,True,1.961,0.1894,.70-.80,
AVAX/USDT,2025-03-24,LONG,0.6032,21.485,22.047,2,True,2.6158,1.4391,.60-.70,1-1.5x
AVAX/USDT,2025-03-25,LONG,0.675,22.904,22.047,1,True,-3.7417,1.1497,.60-.70,1-1.5x
AVAX/USDT,2025-03-27,LONG,0.8175,22.015,18.773,4,True,-14.7263,0.0256,>.80,
AVAX/USDT,2025-03-28,LONG,0.8664,20.365,18.773,3,True,-7.8173,1.2624,>.80,1-1.5x
AVAX/USDT,2025-03-29,LONG,0.7089,19.601,18.773,2,True,-4.2243,0.7126,.70-.80,
AVAX/USDT,2025-03-30,LONG,0.7422,18.859,18.773,1,True,-0.456,0.7847,.70-.80,
AVAX/USDT,2025-04-04,LONG,0.7379,18.19,17.881,1,True,-1.6987,0.0407,.70-.80,
DOT/USDT,2024-08-30,LONG,0.7277,4.278,4.259,1,True,-0.4441,0.2163,.70-.80,
DOT/USDT,2024-09-04,LONG,0.6055,4.112,4.286,5,False,4.2315,0.485,.60-.70,
DOT/USDT,2024-09-07,LONG,0.6502,4.079,4.192,4,True,2.7703,1.0538,.60-.70,1-1.5x
DOT/USDT,2024-09-08,LONG,0.5959,4.163,4.192,3,True,0.6966,0.7103,.55-.60,
DOT/USDT,2024-09-09,LONG,0.5829,4.286,4.192,2,True,-2.1932,0.9916,.55-.60,
DOT/USDT,2024-09-12,LONG,0.579,4.295,4.424,1,True,3.0035,0.8963,.55-.60,
DOT/USDT,2024-09-15,LONG,0.5808,4.394,4.196,1,True,-4.5061,0.3906,.55-.60,
DOT/USDT,2024-09-17,LONG,0.6645,4.158,4.178,1,True,0.481,0.3683,.60-.70,
DOT/USDT,2024-09-21,LONG,0.6841,4.462,4.312,1,True,-3.3617,1.1874,.60-.70,1-1.5x
DOT/USDT,2024-09-24,LONG,0.5799,4.634,4.767,5,False,2.8701,1.6204,.55-.60,1.5-2x
DOT/USDT,2024-09-25,LONG,0.7187,4.635,4.767,4,True,2.8479,0.0091,.70-.80,
DOT/USDT,2024-09-27,LONG,0.5558,4.884,4.767,2,True,-2.3956,0.5869,.55-.60,
DOT/USDT,2024-09-28,LONG,0.7231,4.795,4.767,1,True,-0.5839,0.7496,.70-.80,
DOT/USDT,2024-10-08,LONG,0.6098,4.104,4.074,2,True,-0.731,0.2008,.60-.70,
DOT/USDT,2024-10-09,LONG,0.608,4.025,4.074,1,True,1.2174,0.6393,.60-.70,
DOT/USDT,2024-10-16,LONG,0.6098,4.317,4.193,1,True,-2.8724,0.7462,.60-.70,
DOT/USDT,2024-10-19,LONG,0.693,4.431,4.376,2,True,-1.2413,0.9563,.60-.70,
DOT/USDT,2024-10-20,LONG,0.809,4.579,4.376,1,True,-4.4333,1.2912,>.80,1-1.5x
DOT/USDT,2024-10-27,LONG,0.5871,4.13,4.134,1,True,0.0969,0.8701,.55-.60,
DOT/USDT,2024-10-29,LONG,0.5658,4.195,3.908,4,True,-6.8415,0.5513,.55-.60,
DOT/USDT,2024-10-30,LONG,0.7655,4.192,3.908,3,True,-6.7748,0.0268,.70-.80,
DOT/USDT,2024-10-31,LONG,0.863,3.96,3.908,2,True,-1.3131,1.9076,>.80,1.5-2x
DOT/USDT,2024-11-01,LONG,0.7746,3.912,3.908,1,True,-0.1022,0.4182,.70-.80,
DOT/USDT,2024-11-05,LONG,0.6227,3.858,4.11,1,True,6.5319,1.0319,.60-.70,1-1.5x
DOT/USDT,2024-11-10,LONG,0.8381,5.239,5.161,5,False,-1.4888,3.0449,>.80,3-5x
DOT/USDT,2024-11-12,LONG,0.9023,5.308,5.161,3,True,-2.7694,1.4204,>.80,1-1.5x
DOT/USDT,2024-11-13,LONG,0.9965,5.072,5.161,2,True,1.7547,0.8715,>.80,
DOT/USDT,2024-11-14,LONG,0.9619,4.775,5.161,1,True,8.0838,1.136,>.80,1-1.5x
DOT/USDT,2024-11-19,LONG,0.969,5.807,5.72,1,True,-1.4982,0.5097,>.80,
DOT/USDT,2024-11-21,LONG,0.6853,5.93,6.629,1,True,11.7875,0.5756,.60-.70,
DOT/USDT,2024-11-23,LONG,0.8723,8.515,8.615,5,False,1.1744,3.2935,>.80,3-5x
DOT/USDT,2024-11-24,LONG,0.8719,8.823,8.615,4,True,-2.3575,0.423,>.80,
DOT/USDT,2024-11-25,LONG,0.9578,8.233,8.615,3,True,4.6399,0.75,>.80,
DOT/USDT,2024-11-26,LONG,0.9742,8.066,8.615,2,True,6.8063,0.2253,>.80,
DOT/USDT,2024-11-27,LONG,0.9163,8.458,8.615,1,True,1.8562,0.5407,>.80,
DOT/USDT,2024-11-29,LONG,0.9453,9.024,8.945,1,True,-0.8754,0.5291,>.80,
DOT/USDT,2024-12-02,LONG,0.601,10.01,9.785,1,True,-2.2478,0.9263,.60-.70,
DOT/USDT,2024-12-05,LONG,0.8084,10.369,10.665,1,True,2.8547,0.1689,>.80,
DOT/USDT,2024-12-07,LONG,0.8284,10.593,10.392,1,True,-1.8975,0.0894,>.80,
DOT/USDT,2024-12-10,LONG,0.6793,8.394,9.062,2,True,7.9581,0.1036,.60-.70,
DOT/USDT,2024-12-17,LONG,0.589,8.488,7.679,1,True,-9.5311,0.5185,.55-.60,
DOT/USDT,2024-12-20,LONG,0.6472,7.291,7.385,3,True,1.2893,0.7707,.60-.70,
DOT/USDT,2024-12-21,LONG,0.6613,6.974,7.385,2,True,5.8933,0.6656,.60-.70,
DOT/USDT,2024-12-22,LONG,0.6231,6.842,7.385,1,True,7.9363,0.3062,.60-.70,
DOT/USDT,2024-12-25,LONG,0.5708,7.502,6.91,2,True,-7.8912,0.0991,.55-.60,
DOT/USDT,2024-12-29,LONG,0.5705,6.87,6.641,2,True,-3.3333,0.6783,.55-.60,
DOT/USDT,2025-01-03,LONG,0.57,7.755,7.676,1,True,-1.0187,1.5151,.55-.60,1.5-2x
DOT/USDT,2025-01-05,LONG,0.5731,7.674,6.734,5,False,-12.2492,0.0051,.55-.60,
DOT/USDT,2025-01-13,LONG,0.636,6.397,7.045,5,False,10.1297,0.8639,.60-.70,
DOT/USDT,2025-01-16,LONG,0.6159,7.152,6.246,3,True,-12.6678,0.0424,.60-.70,
DOT/USDT,2025-01-18,LONG,0.6188,7.045,6.246,1,True,-11.3414,1.3492,.60-.70,1-1.5x
DOT/USDT,2025-01-21,LONG,0.6367,6.623,6.351,2,True,-4.1069,0.7447,.60-.70,
DOT/USDT,2025-01-22,LONG,0.5922,6.443,6.351,1,True,-1.4279,0.5329,.55-.60,
DOT/USDT,2025-01-24,LONG,0.6083,6.321,6.178,2,True,-2.2623,0.1006,.60-.70,
DOT/USDT,2025-01-25,LONG,0.5585,6.318,6.178,1,True,-2.2159,0.0101,.55-.60,
DOT/USDT,2025-01-30,LONG,0.632,6.125,5.906,2,True,-3.5755,1.3677,.60-.70,1-1.5x
DOT/USDT,2025-01-31,LONG,0.5887,6.321,5.906,1,True,-6.5654,0.6944,.55-.60,
DOT/USDT,2025-02-03,LONG,0.6434,5.177,4.687,2,True,-9.4649,0.0899,.60-.70,
DOT/USDT,2025-02-10,LONG,0.7384,4.845,5.171,4,True,6.7286,0.3757,.70-.80,
DOT/USDT,2025-02-11,LONG,0.7293,4.808,5.171,3,True,7.5499,0.1712,.70-.80,
DOT/USDT,2025-02-13,LONG,0.5969,5.131,5.171,1,True,0.7796,0.3745,.55-.60,
DOT/USDT,2025-02-16,LONG,0.6768,4.879,4.89,1,True,0.2255,0.5688,.60-.70,
DOT/USDT,2025-02-21,LONG,0.7922,5.059,4.416,3,True,-12.71,0.0662,.70-.80,
DOT/USDT,2025-02-22,LONG,0.7396,5.042,4.416,2,True,-12.4157,0.0966,.70-.80,
DOT/USDT,2025-02-23,LONG,0.6453,4.955,4.416,1,True,-10.8779,0.4938,.60-.70,
DOT/USDT,2025-02-25,LONG,0.8017,4.64,4.935,2,True,6.3578,1.2681,>.80,1-1.5x
DOT/USDT,2025-02-26,LONG,0.7643,4.755,4.935,1,True,3.7855,0.6343,.70-.80,
DOT/USDT,2025-02-28,LONG,0.9242,4.713,4.665,1,True,-1.0185,1.1117,>.80,1-1.5x
DOT/USDT,2025-03-03,LONG,0.8393,4.474,4.523,2,True,1.0952,2.4195,>.80,2-3x
DOT/USDT,2025-03-11,LONG,0.7695,4.042,3.981,2,True,-1.5092,0.7746,.70-.80,
DOT/USDT,2025-03-14,LONG,0.7242,4.185,4.349,1,True,3.9188,0.8742,.70-.80,
DOT/USDT,2025-03-18,LONG,0.6497,4.45,4.539,1,True,2.0,0.3455,.60-.70,
DOT/USDT,2025-03-20,LONG,0.5858,4.399,4.446,2,True,1.0684,0.5941,.55-.60,
DOT/USDT,2025-03-23,LONG,0.6971,4.502,4.637,2,True,2.9987,0.398,.60-.70,
DOT/USDT,2025-03-27,LONG,0.6182,4.623,4.281,1,True,-7.3978,0.5133,.60-.70,
DOT/USDT,2025-03-30,LONG,0.6495,4.043,4.021,1,True,-0.5442,0.063,.60-.70,
DOT/USDT,2025-04-05,LONG,0.6091,3.956,3.685,1,True,-6.8504,0.6598,.60-.70,
LTC/USDT,2024-08-28,LONG,0.5628,61.83,64.97,3,True,5.0784,1.0274,.55-.60,1-1.5x
LTC/USDT,2024-08-29,LONG,0.6774,62.49,64.97,2,True,3.9686,0.463,.60-.70,
LTC/USDT,2024-08-30,LONG,0.7148,64.94,64.97,1,True,0.0462,1.5992,.70-.80,1.5-2x
LTC/USDT,2024-09-07,LONG,0.711,62.08,61.42,2,True,-1.0631,0.6068,.70-.80,
LTC/USDT,2024-09-08,LONG,0.7146,60.93,61.42,1,True,0.8042,0.7391,.70-.80,
LTC/USDT,2024-09-12,LONG,0.6701,62.86,65.91,2,True,4.8521,0.4867,.60-.70,
LTC/USDT,2024-09-13,LONG,0.6098,64.94,65.91,1,True,1.4937,1.3569,.60-.70,1-1.5x
LTC/USDT,2024-09-19,LONG,0.6473,65.41,65.32,1,True,-0.1376,0.4011,.60-.70,
LTC/USDT,2024-09-23,LONG,0.5941,66.98,66.71,1,True,-0.4031,1.1701,.55-.60,1-1.5x
LTC/USDT,2024-09-25,LONG,0.5636,66.56,68.54,1,True,2.9748,0.1053,.55-.60,
LTC/USDT,2024-09-28,LONG,0.563,69.97,69.28,1,True,-0.9861,0.8054,.55-.60,
LTC/USDT,2024-10-02,LONG,0.5603,62.95,63.46,1,True,0.8102,0.2792,.55-.60,
LTC/USDT,2024-10-05,LONG,0.5935,66.28,67.03,1,True,1.1316,0.8736,.55-.60,
LTC/USDT,2024-10-08,LONG,0.5916,65.68,64.32,2,True,-2.0706,0.5742,.55-.60,
LTC/USDT,2024-10-14,LONG,0.6132,66.82,70.85,1,True,6.0311,1.2686,.60-.70,1-1.5x
LTC/USDT,2024-10-16,LONG,0.6738,70.11,74.9,3,True,6.8321,0.384,.60-.70,
LTC/USDT,2024-10-17,LONG,0.6171,72.78,74.9,2,True,2.9129,1.3981,.60-.70,1-1.5x
LTC/USDT,2024-10-18,LONG,0.8132,73.14,74.9,1,True,2.4063,0.1837,>.80,
LTC/USDT,2024-10-20,LONG,0.6761,74.31,70.05,3,True,-5.7327,0.3061,.60-.70,
LTC/USDT,2024-10-21,LONG,0.6285,70.7,70.05,2,True,-0.9194,1.9124,.60-.70,1.5-2x
LTC/USDT,2024-10-22,LONG,0.8711,70.04,70.05,1,True,0.0143,0.3666,>.80,
LTC/USDT,2024-10-29,LONG,0.7406,73.98,71.78,1,True,-2.9738,1.6433,.70-.80,1.5-2x
LTC/USDT,2024-11-02,LONG,0.6586,69.2,65.54,2,True,-5.289,0.501,.60-.70,
LTC/USDT,2024-11-05,LONG,0.5914,65.39,71.03,1,True,8.6252,0.0868,.55-.60,
LTC/USDT,2024-11-09,LONG,0.8816,74.0,80.01,2,True,8.1216,0.5247,>.80,
LTC/USDT,2024-11-12,LONG,0.8514,76.72,83.7,3,True,9.098,1.2269,>.80,1-1.5x
LTC/USDT,2024-11-13,LONG,0.9438,75.4,83.7,2,True,11.008,0.5095,>.80,
LTC/USDT,2024-11-14,LONG,0.8455,82.38,83.7,1,True,1.6023,2.4313,>.80,2-3x
LTC/USDT,2024-11-17,LONG,0.9674,87.2,83.38,3,True,-4.3807,1.639,>.80,1.5-2x
LTC/USDT,2024-11-18,LONG,0.9052,89.2,83.38,2,True,-6.5247,0.441,>.80,
LTC/USDT,2024-11-19,LONG,0.9939,86.66,83.38,1,True,-3.7849,0.5481,>.80,
LTC/USDT,2024-11-22,LONG,0.9622,92.2,92.29,3,True,0.0976,0.5554,>.80,
LTC/USDT,2024-11-23,LONG,0.8136,99.49,92.29,2,True,-7.2369,1.4608,>.80,1-1.5x
LTC/USDT,2024-11-24,LONG,0.8294,96.9,92.29,1,True,-4.7575,0.4785,>.80,
LTC/USDT,2024-11-26,LONG,0.9263,92.84,95.53,2,True,2.8975,0.1102,>.80,
LTC/USDT,2024-11-27,LONG,0.9211,97.22,95.53,1,True,-1.7383,0.8653,>.80,
LTC/USDT,2024-11-29,LONG,0.6596,104.77,102.75,1,True,-1.928,1.6675,.60-.70,1.5-2x
LTC/USDT,2024-12-01,LONG,0.6481,119.52,135.88,5,False,13.6881,2.4393,.60-.70,2-3x
LTC/USDT,2024-12-02,LONG,0.768,132.85,135.88,4,True,2.2808,1.6404,.70-.80,1.5-2x
LTC/USDT,2024-12-04,LONG,0.7245,133.67,135.88,2,True,1.6533,0.3215,.70-.80,
LTC/USDT,2024-12-05,LONG,0.8234,135.74,135.88,1,True,0.1031,0.2335,>.80,
LTC/USDT,2024-12-07,LONG,0.692,133.8,109.78,3,True,-17.9522,0.272,.60-.70,
LTC/USDT,2024-12-08,LONG,0.5549,134.88,109.78,2,True,-18.6091,0.1432,.55-.60,
LTC/USDT,2024-12-09,LONG,0.9043,110.47,109.78,1,True,-0.6246,2.5203,>.80,2-3x
LTC/USDT,2024-12-13,LONG,0.8045,124.47,118.23,1,True,-5.0133,0.632,>.80,
LTC/USDT,2024-12-17,LONG,0.7636,125.6,108.32,1,True,-13.758,0.9217,.70-.80,
LTC/USDT,2024-12-19,LONG,0.6074,99.37,101.35,1,True,1.9926,1.0665,.60-.70,1-1.5x
LTC/USDT,2024-12-23,LONG,0.5589,106.75,100.7,5,False,-5.6674,1.0902,.55-.60,1-1.5x
LTC/USDT,2024-12-24,LONG,0.7886,108.32,100.7,4,True,-7.0347,0.229,.70-.80,
LTC/USDT,2025-01-05,LONG,0.6451,115.7,101.43,3,True,-12.3336,0.7832,.60-.70,
LTC/USDT,2025-01-06,LONG,0.6023,114.02,101.43,2,True,-11.0419,0.2943,.60-.70,
LTC/USDT,2025-01-09,LONG,0.6734,102.22,103.94,1,True,1.6826,0.1947,.60-.70,
LTC/USDT,2025-01-12,LONG,0.6439,102.36,102.42,2,True,0.0586,0.5198,.60-.70,
LTC/USDT,2025-01-13,LONG,0.7124,98.38,102.42,1,True,4.1065,1.0349,.70-.80,1-1.5x
LTC/USDT,2025-01-15,LONG,0.6496,116.94,125.41,3,True,7.243,2.9897,.60-.70,2-3x
LTC/USDT,2025-01-16,LONG,0.8,124.4,125.41,2,True,0.8119,1.3114,.70-.80,1-1.5x
LTC/USDT,2025-01-17,LONG,0.6086,137.05,125.41,1,True,-8.4933,1.9358,.60-.70,1.5-2x
LTC/USDT,2025-01-24,LONG,0.6603,118.72,109.96,4,True,-7.3787,0.3398,.60-.70,
LTC/USDT,2025-01-27,LONG,0.6412,115.03,109.96,1,True,-4.4075,0.3111,.60-.70,
LTC/USDT,2025-01-29,LONG,0.6839,115.89,118.04,3,True,1.8552,0.9375,.60-.70,
LTC/USDT,2025-01-30,LONG,0.8003,130.11,118.04,2,True,-9.2768,1.9475,>.80,1.5-2x
LTC/USDT,2025-01-31,LONG,0.5861,128.07,118.04,1,True,-7.8317,0.2477,.55-.60,
LTC/USDT,2025-02-04,LONG,0.6114,101.06,103.38,1,True,2.2957,0.901,.60-.70,
LTC/USDT,2025-02-08,LONG,0.6945,104.65,126.61,5,False,20.9842,0.309,.60-.70,
LTC/USDT,2025-02-09,LONG,0.5901,107.19,124.91,5,False,16.5314,0.5059,.55-.60,
LTC/USDT,2025-02-10,LONG,0.5846,120.21,124.91,4,True,3.9098,2.1855,.55-.60,2-3x
LTC/USDT,2025-02-11,LONG,0.7105,119.28,124.91,3,True,4.72,0.1405,.70-.80,
LTC/USDT,2025-02-13,LONG,0.6001,126.61,124.91,1,True,-1.3427,0.6805,.60-.70,
LTC/USDT,2025-02-15,LONG,0.6008,133.81,125.67,1,True,-6.0833,1.2872,.60-.70,1-1.5x
LTC/USDT,2025-02-19,LONG,0.8753,134.91,114.78,5,False,-14.9211,0.781,>.80,
LTC/USDT,2025-02-20,LONG,0.579,130.9,114.53,5,False,-12.5057,0.5819,.55-.60,
LTC/USDT,2025-02-21,LONG,0.7312,128.11,124.66,5,False,-2.693,0.4456,.70-.80,
LTC/USDT,2025-02-22,LONG,0.8623,125.9,126.92,5,False,0.8102,0.3895,>.80,
LTC/USDT,2025-02-23,LONG,0.6358,129.89,126.92,4,True,-2.2866,0.7191,.60-.70,
LTC/USDT,2025-02-24,LONG,0.7548,114.78,126.92,3,True,10.5768,2.3009,.70-.80,2-3x
LTC/USDT,2025-02-25,LONG,0.6241,114.53,126.92,2,True,10.8181,0.0432,.60-.70,
LTC/USDT,2025-03-01,LONG,0.8354,124.32,109.89,2,True,-11.6071,0.5365,>.80,
LTC/USDT,2025-03-02,LONG,0.7106,127.9,109.89,1,True,-14.0813,0.6074,.70-.80,
LTC/USDT,2025-03-04,LONG,0.637,103.64,103.4,2,True,-0.2316,0.9745,.60-.70,
LTC/USDT,2025-03-05,LONG,0.636,104.75,103.4,1,True,-1.2888,0.186,.60-.70,
LTC/USDT,2025-03-11,LONG,0.7055,90.44,91.28,3,True,0.9288,0.6245,.70-.80,
LTC/USDT,2025-03-12,LONG,0.5838,91.51,91.28,2,True,-0.2513,0.2178,.55-.60,
LTC/USDT,2025-03-13,LONG,0.701,88.09,91.28,1,True,3.6213,0.6854,.70-.80,
LTC/USDT,2025-03-19,LONG,0.5826,94.06,90.84,2,True,-3.4233,0.9623,.55-.60,
LTC/USDT,2025-03-20,LONG,0.5775,93.28,90.84,1,True,-2.6158,0.1803,.55-.60,
LTC/USDT,2025-03-22,LONG,0.6305,91.35,91.46,1,True,0.1204,0.1245,.60-.70,
LTC/USDT,2025-03-26,LONG,0.6197,92.42,87.32,2,True,-5.5183,0.6248,.60-.70,
LTC/USDT,2025-03-27,LONG,0.6002,92.82,87.32,1,True,-5.9254,0.1308,.60-.70,
LTC/USDT,2025-03-29,LONG,0.5738,85.44,82.96,2,True,-2.9026,0.6816,.55-.60,
LTC/USDT,2025-04-01,LONG,0.5701,84.47,81.55,1,True,-3.4568,0.673,.55-.60,
LTC/USDT,2025-04-03,LONG,0.5949,83.43,84.44,1,True,1.2106,0.887,.55-.60,
LTC/USDT,2025-04-05,LONG,0.6434,82.72,70.63,1,True,-14.6156,0.7887,.60-.70,
LINK/USDT,2024-08-28,LONG,0.6358,11.175,10.763,5,False,-3.6868,0.0454,.60-.70,
LINK/USDT,2024-08-29,LONG,0.6227,10.941,10.763,4,True,-1.6269,0.5891,.60-.70,
LINK/USDT,2024-08-30,LONG,0.6702,11.111,10.763,3,True,-3.132,0.4357,.60-.70,
LINK/USDT,2024-08-31,LONG,0.629,11.015,10.763,2,True,-2.2878,0.2595,.60-.70,
LINK/USDT,2024-09-04,LONG,0.5687,10.335,10.027,3,True,-2.9802,0.0649,.55-.60,
LINK/USDT,2024-09-08,LONG,0.616,10.349,11.444,5,False,10.5807,0.802,.60-.70,
LINK/USDT,2024-09-09,LONG,0.6728,10.542,11.292,5,False,7.1144,0.4637,.60-.70,
LINK/USDT,2024-09-11,LONG,0.6243,10.397,11.292,3,True,8.6083,0.5423,.60-.70,
LINK/USDT,2024-09-12,LONG,0.6309,10.782,11.292,2,True,4.7301,1.1428,.60-.70,1-1.5x
LINK/USDT,2024-09-17,LONG,0.5574,10.624,10.89,1,True,2.5038,0.2198,.55-.60,
LINK/USDT,2024-09-20,LONG,0.5684,11.428,11.495,1,True,0.5863,0.5729,.55-.60,
LINK/USDT,2024-10-05,LONG,0.639,11.265,11.278,1,True,0.1154,0.5051,.60-.70,
LINK/USDT,2024-10-08,LONG,0.7343,10.83,10.56,2,True,-2.4931,0.8712,.70-.80,
LINK/USDT,2024-10-17,LONG,0.7468,11.038,11.482,1,True,4.0225,0.5871,.70-.80,
LINK/USDT,2024-10-20,LONG,0.7862,11.977,11.617,4,True,-3.0058,1.5691,.70-.80,1.5-2x
LINK/USDT,2024-10-22,LONG,0.5979,11.971,11.617,2,True,-2.9571,0.8758,.55-.60,
LINK/USDT,2024-10-23,LONG,0.785,11.331,11.617,1,True,2.524,1.8271,.70-.80,1.5-2x
LINK/USDT,2024-10-26,LONG,0.6642,11.01,11.18,2,True,1.5441,0.3918,.60-.70,
LINK/USDT,2024-10-27,LONG,0.7409,10.983,11.18,1,True,1.7937,0.082,.70-.80,
LINK/USDT,2024-11-01,LONG,0.8505,11.253,10.761,2,True,-4.3722,0.3863,>.80,
LINK/USDT,2024-11-02,LONG,0.8426,11.19,10.761,1,True,-3.8338,0.1513,>.80,
LINK/USDT,2024-11-05,LONG,0.8346,10.834,13.692,3,True,26.3799,1.4217,>.80,1-1.5x
LINK/USDT,2024-11-06,LONG,0.7795,12.173,13.692,2,True,12.4784,2.5619,.70-.80,2-3x
LINK/USDT,2024-11-07,LONG,0.764,12.584,13.692,1,True,8.8048,0.7031,.70-.80,
LINK/USDT,2024-11-09,LONG,0.8114,13.781,13.479,4,True,-2.1914,0.1287,>.80,
LINK/USDT,2024-11-10,LONG,0.6898,14.265,13.479,3,True,-5.51,0.6984,.60-.70,
LINK/USDT,2024-11-11,LONG,0.6055,14.909,13.479,2,True,-9.5915,0.8886,.60-.70,
LINK/USDT,2024-11-12,LONG,0.7943,13.949,13.479,1,True,-3.3694,1.2478,.70-.80,1-1.5x
LINK/USDT,2024-11-14,LONG,0.8229,12.995,13.832,1,True,6.4409,0.6876,>.80,
LINK/USDT,2024-11-18,LONG,0.6971,15.266,14.622,1,True,-4.2185,1.8174,.60-.70,1.5-2x
LINK/USDT,2024-11-20,LONG,0.5778,14.235,14.889,1,True,4.5943,0.4663,.55-.60,
LINK/USDT,2024-11-23,LONG,0.8856,17.385,17.933,5,False,3.1521,0.8402,>.80,
LINK/USDT,2024-11-24,LONG,0.5725,17.903,17.933,4,True,0.1676,0.5264,.55-.60,
LINK/USDT,2024-11-25,LONG,0.9504,17.35,17.933,3,True,3.3602,0.5345,>.80,
LINK/USDT,2024-11-26,LONG,0.9434,17.35,17.933,2,True,3.3602,0.0,>.80,
LINK/USDT,2024-11-30,LONG,0.5502,19.001,25.212,2,True,32.6878,0.7674,.55-.60,
LINK/USDT,2024-12-01,LONG,0.6182,18.917,25.212,1,True,33.2769,0.0824,.60-.70,
LINK/USDT,2024-12-03,LONG,0.8436,24.096,26.092,5,False,8.2835,0.5079,>.80,
LINK/USDT,2024-12-04,LONG,0.6424,24.075,22.232,5,False,-7.6552,0.0101,.60-.70,
LINK/USDT,2024-12-05,LONG,0.9885,23.144,22.118,5,False,-4.4331,0.4433,>.80,
LINK/USDT,2024-12-06,LONG,0.9524,25.857,24.072,5,False,-6.9034,1.312,>.80,1-1.5x
LINK/USDT,2024-12-07,LONG,0.7088,24.789,24.072,4,True,-2.8924,0.4646,.70-.80,
LINK/USDT,2024-12-08,LONG,0.9584,26.092,24.072,3,True,-7.7418,0.6019,>.80,
LINK/USDT,2024-12-09,LONG,0.9473,22.232,24.072,2,True,8.2764,1.5601,>.80,1.5-2x
LINK/USDT,2024-12-10,LONG,0.6957,22.118,24.072,1,True,8.8344,0.0544,.60-.70,
LINK/USDT,2024-12-12,LONG,0.9574,29.145,29.121,2,True,-0.0823,2.0632,>.80,2-3x
LINK/USDT,2024-12-13,LONG,0.5773,29.002,29.121,1,True,0.4103,0.0479,.55-.60,
LINK/USDT,2024-12-15,LONG,0.9126,29.263,28.746,1,True,-1.7667,0.0479,>.80,
LINK/USDT,2024-12-17,LONG,0.7466,27.861,22.123,4,True,-20.5951,0.3006,.70-.80,
LINK/USDT,2024-12-20,LONG,0.8508,23.393,22.123,1,True,-5.429,0.236,>.80,
LINK/USDT,2024-12-23,LONG,0.743,24.553,24.436,2,True,-0.4765,1.358,.70-.80,1-1.5x
LINK/USDT,2024-12-24,LONG,0.6593,25.414,24.436,1,True,-3.8483,0.4236,.60-.70,
LINK/USDT,2024-12-28,LONG,0.5841,21.99,20.012,3,True,-8.995,0.252,.55-.60,
LINK/USDT,2024-12-29,LONG,0.6463,20.947,20.012,2,True,-4.4636,0.6503,.60-.70,
LINK/USDT,2024-12-30,LONG,0.6636,20.577,20.012,1,True,-2.7458,0.2419,.60-.70,
LINK/USDT,2025-01-02,LONG,0.5778,22.067,21.379,5,False,-3.1178,0.2913,.55-.60,
LINK/USDT,2025-01-03,LONG,0.6549,23.474,20.446,5,False,-12.8994,1.1363,.60-.70,1-1.5x
LINK/USDT,2025-01-04,LONG,0.561,23.593,20.446,4,True,-13.3387,0.0903,.55-.60,
LINK/USDT,2025-01-05,LONG,0.6733,23.569,20.446,3,True,-13.2505,0.0181,.60-.70,
LINK/USDT,2025-01-06,LONG,0.5908,23.832,20.446,2,True,-14.2078,0.1992,.55-.60,
LINK/USDT,2025-01-07,LONG,0.5789,21.379,20.446,1,True,-4.3641,1.8513,.55-.60,1.5-2x
LINK/USDT,2025-01-13,LONG,0.6548,19.36,24.117,5,False,24.5713,0.5445,.60-.70,
LINK/USDT,2025-01-16,LONG,0.6622,23.021,24.117,2,True,4.7609,0.8854,.60-.70,
LINK/USDT,2025-01-24,LONG,0.7391,25.173,24.917,1,True,-1.017,0.3923,.70-.80,
LINK/USDT,2025-01-30,LONG,0.6345,24.458,22.967,2,True,-6.0962,0.7659,.60-.70,
LINK/USDT,2025-01-31,LONG,0.6033,25.151,22.967,1,True,-8.6836,0.6414,.60-.70,
LINK/USDT,2025-02-03,LONG,0.6228,21.648,18.589,3,True,-14.1306,1.0435,.60-.70,1-1.5x
LINK/USDT,2025-02-04,LONG,0.6162,19.977,18.589,2,True,-6.948,1.4043,.60-.70,1-1.5x
LINK/USDT,2025-02-05,LONG,0.7072,19.19,18.589,1,True,-3.1318,0.7239,.70-.80,
LINK/USDT,2025-02-11,LONG,0.6327,18.649,19.201,1,True,2.9599,0.1789,.60-.70,
LINK/USDT,2025-02-13,LONG,0.6828,18.548,18.996,2,True,2.4154,0.7436,.60-.70,
LINK/USDT,2025-02-14,LONG,0.6478,19.38,18.996,1,True,-1.9814,0.9422,.60-.70,
LINK/USDT,2025-02-16,LONG,0.5797,18.692,19.111,1,True,2.2416,0.3372,.55-.60,
LINK/USDT,2025-02-28,LONG,0.7301,14.819,14.761,1,True,-0.3914,0.4907,.70-.80,
LINK/USDT,2025-03-03,LONG,0.7108,14.45,16.424,2,True,13.6609,2.4763,.70-.80,2-3x
LINK/USDT,2025-03-04,LONG,0.6155,14.868,16.424,1,True,10.4654,0.4202,.60-.70,
LINK/USDT,2025-03-07,LONG,0.853,15.941,13.805,2,True,-13.3994,0.8823,>.80,
LINK/USDT,2025-03-08,LONG,0.6865,15.261,13.805,1,True,-9.5407,0.5715,.60-.70,
LINK/USDT,2025-03-10,LONG,0.7417,12.65,13.477,2,True,6.5375,1.0786,.70-.80,1-1.5x
LINK/USDT,2025-03-11,LONG,0.7954,13.123,13.477,1,True,2.6976,0.4775,.70-.80,
LINK/USDT,2025-03-14,LONG,0.5979,13.67,14.03,3,True,2.6335,0.6163,.55-.60,
LINK/USDT,2025-03-15,LONG,0.6529,14.016,14.03,2,True,0.0999,0.3181,.60-.70,
LINK/USDT,2025-03-21,LONG,0.6619,13.959,14.246,1,True,2.056,0.2318,.60-.70,
LINK/USDT,2025-03-23,LONG,0.6761,14.467,14.252,5,False,-1.4861,0.2847,.60-.70,
LINK/USDT,2025-03-24,LONG,0.5557,15.123,14.252,4,True,-5.7594,0.8238,.55-.60,
LINK/USDT,2025-03-25,LONG,0.5604,15.442,14.252,3,True,-7.7063,0.4237,.55-.60,
LINK/USDT,2025-03-26,LONG,0.6832,15.249,14.252,2,True,-6.5381,0.2556,.60-.70,
LINK/USDT,2025-03-27,LONG,0.6061,15.517,14.252,1,True,-8.1523,0.3745,.60-.70,
LINK/USDT,2025-03-29,LONG,0.6007,13.551,13.413,1,True,-1.0184,1.0721,.60-.70,1-1.5x
LINK/USDT,2025-04-03,LONG,0.7573,12.9,12.852,2,True,-0.3721,0.0072,.70-.80,
LINK/USDT,2025-04-04,LONG,0.5722,12.946,12.852,1,True,-0.7261,0.0831,.55-.60,
LINK/USDT,2025-04-06,LONG,0.6737,11.29,11.454,1,True,1.4526,2.5389,.60-.70,2-3x
UNI/USDT,2024-08-31,LONG,0.6976,5.941,5.615,1,True,-5.4873,0.1748,.60-.70,
UNI/USDT,2024-09-04,LONG,0.8331,6.433,6.177,2,True,-3.9795,1.2489,>.80,1-1.5x
UNI/USDT,2024-09-05,LONG,0.7148,6.309,6.177,1,True,-2.0922,0.3795,.70-.80,
UNI/USDT,2024-09-07,LONG,0.873,6.428,6.75,4,True,5.0093,0.7982,>.80,
UNI/USDT,2024-09-08,LONG,0.6765,6.345,6.75,3,True,6.383,0.253,.60-.70,
UNI/USDT,2024-09-09,LONG,0.6468,6.732,6.75,2,True,0.2674,1.1578,.60-.70,1-1.5x
UNI/USDT,2024-09-12,LONG,0.616,6.793,6.936,1,True,2.1051,0.1497,.60-.70,
UNI/USDT,2024-09-14,LONG,0.7735,6.67,6.54,1,True,-1.949,0.9015,.70-.80,
UNI/USDT,2024-09-20,LONG,0.7531,6.829,6.904,1,True,1.0983,0.1308,.70-.80,
UNI/USDT,2024-09-23,LONG,0.5522,6.824,6.931,1,True,1.568,0.9293,.55-.60,
UNI/USDT,2024-09-26,LONG,0.556,7.352,7.457,3,True,1.4282,2.5742,.55-.60,2-3x
UNI/USDT,2024-10-06,LONG,0.5651,7.081,7.226,1,True,2.0477,1.0672,.55-.60,1-1.5x
UNI/USDT,2024-10-09,LONG,0.5703,7.289,8.132,5,False,11.5654,0.4819,.55-.60,
UNI/USDT,2024-10-10,LONG,0.7815,8.134,7.847,5,False,-3.5284,2.7849,.70-.80,2-3x
UNI/USDT,2024-10-13,LONG,0.9823,7.684,7.847,2,True,2.1213,1.2458,>.80,1-1.5x
UNI/USDT,2024-10-14,LONG,0.8017,8.132,7.847,1,True,-3.5047,1.2944,>.80,1-1.5x
UNI/USDT,2024-10-17,LONG,0.8508,7.347,7.468,1,True,1.6469,0.7038,>.80,
UNI/USDT,2024-10-20,LONG,0.7942,7.757,7.787,1,True,0.3867,1.349,.70-.80,1-1.5x
UNI/USDT,2024-10-23,LONG,0.7793,7.857,7.444,3,True,-5.2565,0.4399,.70-.80,
UNI/USDT,2024-10-25,LONG,0.9379,7.432,7.444,1,True,0.1615,1.6844,>.80,1.5-2x
UNI/USDT,2024-10-29,LONG,0.6279,7.942,7.614,2,True,-4.1299,0.4586,.60-.70,
UNI/USDT,2024-11-03,LONG,0.6268,7.047,8.898,4,True,26.2665,1.3621,.60-.70,1-1.5x
UNI/USDT,2024-11-04,LONG,0.7037,6.786,8.898,3,True,31.1229,1.0693,.70-.80,1-1.5x
UNI/USDT,2024-11-05,LONG,0.7334,7.198,8.898,2,True,23.6177,1.6385,.70-.80,1.5-2x
UNI/USDT,2024-11-06,LONG,0.8848,9.29,8.898,1,True,-4.2196,3.8961,>.80,3-5x
UNI/USDT,2024-11-09,LONG,0.9617,9.246,9.33,2,True,0.9085,0.5894,>.80,
UNI/USDT,2024-11-12,LONG,0.7635,8.945,8.569,3,True,-4.2035,0.5464,.70-.80,
UNI/USDT,2024-11-14,LONG,0.9276,8.175,8.569,1,True,4.8196,0.7035,>.80,
UNI/USDT,2024-11-18,LONG,0.8617,9.242,8.809,2,True,-4.6851,0.7246,>.80,
UNI/USDT,2024-11-19,LONG,0.8231,9.396,8.809,1,True,-6.2473,0.2148,>.80,
UNI/USDT,2024-11-23,LONG,0.7886,10.736,11.131,2,True,3.6792,1.028,.70-.80,1-1.5x
UNI/USDT,2024-11-26,LONG,0.95,10.873,13.527,1,True,24.4091,0.5154,>.80,
UNI/USDT,2024-11-29,LONG,0.8967,12.577,13.061,2,True,3.8483,0.2083,>.80,
UNI/USDT,2024-11-30,LONG,0.7173,12.782,13.061,1,True,2.1828,0.2336,.70-.80,
UNI/USDT,2024-12-04,LONG,0.6091,15.673,15.021,1,True,-4.16,0.5572,.60-.70,
UNI/USDT,2024-12-07,LONG,0.6615,18.055,18.602,1,True,3.0296,0.3994,.60-.70,
UNI/USDT,2024-12-09,LONG,0.8409,16.023,15.254,1,True,-4.7994,1.682,>.80,1.5-2x
UNI/USDT,2024-12-12,LONG,0.9312,17.719,17.071,3,True,-3.6571,0.3891,>.80,
UNI/USDT,2024-12-13,LONG,0.8665,17.491,17.071,2,True,-2.4012,0.1541,>.80,
UNI/USDT,2024-12-14,LONG,0.6397,16.749,17.071,1,True,1.9225,0.4994,.60-.70,
UNI/USDT,2024-12-18,LONG,0.5939,14.81,12.732,1,True,-14.0311,1.2571,.55-.60,1-1.5x
UNI/USDT,2024-12-23,LONG,0.7659,14.286,14.588,1,True,2.114,0.361,.70-.80,
UNI/USDT,2024-12-28,LONG,0.6943,13.577,13.244,3,True,-2.4527,0.2583,.60-.70,
UNI/USDT,2024-12-29,LONG,0.6692,13.012,13.244,2,True,1.783,0.7125,.60-.70,
UNI/USDT,2025-01-03,LONG,0.6285,15.213,13.532,4,True,-11.0498,1.0994,.60-.70,1-1.5x
UNI/USDT,2025-01-05,LONG,0.5771,15.161,13.532,2,True,-10.7447,0.1461,.55-.60,
UNI/USDT,2025-01-06,LONG,0.6686,15.078,13.532,1,True,-10.2533,0.1063,.60-.70,
UNI/USDT,2025-01-11,LONG,0.5634,13.641,14.103,5,False,3.3868,0.5086,.55-.60,
UNI/USDT,2025-01-13,LONG,0.664,12.895,14.173,5,False,9.9108,1.2437,.60-.70,1-1.5x
UNI/USDT,2025-01-16,LONG,0.5967,14.103,14.173,2,True,0.4963,0.6424,.55-.60,
UNI/USDT,2025-01-19,LONG,0.5796,13.288,13.506,2,True,1.6406,1.2068,.55-.60,1-1.5x
UNI/USDT,2025-01-23,LONG,0.6521,12.81,11.431,3,True,-10.765,0.1308,.60-.70,
UNI/USDT,2025-01-25,LONG,0.5598,12.093,11.431,1,True,-5.4742,0.6129,.55-.60,
UNI/USDT,2025-01-27,LONG,0.569,11.003,11.133,1,True,1.1815,0.8192,.55-.60,
UNI/USDT,2025-02-03,LONG,0.8728,9.962,9.275,2,True,-6.8962,1.4335,>.80,1-1.5x
UNI/USDT,2025-02-04,LONG,0.5787,9.071,9.275,1,True,2.2489,1.6034,.55-.60,1.5-2x
UNI/USDT,2025-02-06,LONG,0.9573,8.982,9.009,1,True,0.3006,0.5928,>.80,
UNI/USDT,2025-02-08,LONG,0.6779,9.141,9.13,1,True,-0.1203,0.2777,.60-.70,
UNI/USDT,2025-02-10,LONG,0.6802,9.457,9.953,2,True,5.2448,0.669,.60-.70,
UNI/USDT,2025-02-11,LONG,0.6073,9.383,9.953,1,True,6.0748,0.1473,.60-.70,
UNI/USDT,2025-02-13,LONG,0.6045,9.89,10.056,1,True,1.6785,0.1139,.60-.70,
UNI/USDT,2025-02-15,LONG,0.7288,9.815,9.947,2,True,1.3449,0.4379,.70-.80,
UNI/USDT,2025-02-16,LONG,0.6333,9.588,9.947,1,True,3.7443,0.4252,.60-.70,
UNI/USDT,2025-02-18,LONG,0.5766,9.636,9.342,2,True,-3.0511,0.5824,.55-.60,
UNI/USDT,2025-02-22,LONG,0.603,9.042,7.907,4,True,-12.5525,0.8396,.60-.70,
UNI/USDT,2025-02-23,LONG,0.6806,9.018,7.907,3,True,-12.3198,0.0747,.60-.70,
UNI/USDT,2025-02-28,LONG,0.8574,7.498,7.501,1,True,0.04,1.1393,>.80,1-1.5x
UNI/USDT,2025-03-02,LONG,0.6153,8.269,7.072,2,True,-14.4758,2.1505,.60-.70,2-3x
UNI/USDT,2025-03-03,LONG,0.8086,7.122,7.072,1,True,-0.702,2.47,>.80,2-3x
UNI/USDT,2025-03-11,LONG,0.6287,6.098,6.273,4,True,2.8698,0.5304,.60-.70,
UNI/USDT,2025-03-12,LONG,0.6423,5.905,6.273,3,True,6.232,0.5108,.60-.70,
UNI/USDT,2025-03-14,LONG,0.6611,6.025,6.273,1,True,4.1162,0.3658,.60-.70,
UNI/USDT,2025-03-17,LONG,0.5575,6.295,6.372,1,True,1.2232,0.4583,.55-.60,
UNI/USDT,2025-03-20,LONG,0.5666,6.911,6.968,5,False,0.8248,0.1755,.55-.60,
UNI/USDT,2025-03-21,LONG,0.5906,6.779,6.723,5,False,-0.8261,0.3158,.55-.60,
UNI/USDT,2025-03-22,LONG,0.8304,6.739,6.723,4,True,-0.2374,0.107,>.80,
UNI/USDT,2025-03-23,LONG,0.6039,6.69,6.723,3,True,0.4933,0.1585,.60-.70,
UNI/USDT,2025-03-24,LONG,0.6479,7.088,6.723,2,True,-5.1495,1.2426,.60-.70,1-1.5x
UNI/USDT,2025-03-25,LONG,0.6491,6.968,6.723,1,True,-3.5161,0.3704,.60-.70,
UNI/USDT,2025-03-27,LONG,0.587,6.727,5.867,3,True,-12.7843,0.0133,.55-.60,
UNI/USDT,2025-03-31,LONG,0.656,5.975,5.869,3,True,-1.7741,0.4804,.60-.70,
UNI/USDT,2025-04-01,LONG,0.5766,6.268,5.869,2,True,-6.3657,1.2545,.55-.60,1-1.5x
UNI/USDT,2025-04-04,LONG,0.5539,5.909,5.867,1,True,-0.7108,0.1664,.55-.60,
TRX/USDT,2024-09-01,LONG,0.8372,0.15564,0.1542,1,True,-0.9252,0.3517,>.80,
TRX/USDT,2024-09-03,LONG,0.6303,0.15026,0.14979,2,True,-0.3128,0.6781,.60-.70,
TRX/USDT,2024-09-04,LONG,0.6306,0.15,0.14979,1,True,-0.14,0.0459,.60-.70,
TRX/USDT,2024-09-07,LONG,0.6383,0.15165,0.153,3,True,0.8902,0.6579,.60-.70,
TRX/USDT,2024-09-08,LONG,0.5606,0.15319,0.153,2,True,-0.124,0.2851,.55-.60,
TRX/USDT,2024-09-09,LONG,0.5652,0.15458,0.153,1,True,-1.0221,0.4332,.55-.60,
TRX/USDT,2024-09-13,LONG,0.5648,0.14895,0.14752,1,True,-0.9601,1.0921,.55-.60,1-1.5x
TRX/USDT,2024-09-15,LONG,0.6205,0.14894,0.15002,2,True,0.7251,0.7493,.60-.70,
TRX/USDT,2024-09-16,LONG,0.6056,0.14898,0.15002,1,True,0.6981,0.0221,.60-.70,
TRX/USDT,2024-09-18,LONG,0.6206,0.14956,0.15198,3,True,1.6181,0.2576,.60-.70,
TRX/USDT,2024-09-19,LONG,0.5958,0.15156,0.15198,2,True,0.2771,1.0738,.55-.60,1-1.5x
TRX/USDT,2024-09-20,LONG,0.5675,0.15189,0.15198,1,True,0.0593,0.1791,.55-.60,
TRX/USDT,2024-09-22,LONG,0.5555,0.15178,0.15006,3,True,-1.1332,0.1122,.55-.60,
TRX/USDT,2024-09-24,LONG,0.6134,0.15126,0.15006,1,True,-0.7933,0.7104,.60-.70,
TRX/USDT,2024-09-26,LONG,0.579,0.1531,0.15356,5,False,0.3005,1.8414,.55-.60,1.5-2x
TRX/USDT,2024-09-27,LONG,0.6587,0.15513,0.15451,5,False,-0.3997,1.329,.60-.70,1-1.5x
TRX/USDT,2024-09-29,LONG,0.6177,0.15639,0.1565,5,False,0.0703,0.8685,.60-.70,
TRX/USDT,2024-09-30,LONG,0.7193,0.15589,0.15347,5,False,-1.5524,0.3388,.70-.80,
TRX/USDT,2024-10-02,LONG,0.5826,0.15451,0.15347,3,True,-0.6731,0.6253,.55-.60,
TRX/USDT,2024-10-03,LONG,0.7763,0.15771,0.15347,2,True,-2.6885,2.1574,.70-.80,2-3x
TRX/USDT,2024-10-04,LONG,0.575,0.1565,0.15347,1,True,-1.9361,0.8096,.55-.60,
TRX/USDT,2024-10-07,LONG,0.5993,0.15584,0.1588,3,True,1.8994,0.9155,.55-.60,
TRX/USDT,2024-10-08,LONG,0.748,0.16002,0.1588,2,True,-0.7624,2.2424,.70-.80,2-3x
TRX/USDT,2024-10-09,LONG,0.6054,0.16055,0.1588,1,True,-1.09,0.2823,.60-.70,
TRX/USDT,2024-10-11,LONG,0.6703,0.15982,0.16258,2,True,1.7269,0.5282,.60-.70,
TRX/USDT,2024-10-14,LONG,0.6569,0.16056,0.15942,3,True,-0.71,0.9695,.60-.70,
TRX/USDT,2024-10-15,LONG,0.6981,0.15879,0.15942,2,True,0.3968,0.8498,.60-.70,
TRX/USDT,2024-10-16,LONG,0.5625,0.16003,0.15942,1,True,-0.3812,0.6307,.55-.60,
TRX/USDT,2024-10-21,LONG,0.6547,0.15836,0.16028,1,True,1.2124,0.8214,.60-.70,
TRX/USDT,2024-10-27,LONG,0.5883,0.16399,0.16413,1,True,0.0854,0.5592,.55-.60,
TRX/USDT,2024-10-29,LONG,0.5556,0.16636,0.16846,2,True,1.2623,1.1912,.55-.60,1-1.5x
TRX/USDT,2024-10-30,LONG,0.8196,0.16925,0.16846,1,True,-0.4668,1.5112,>.80,1.5-2x
TRX/USDT,2024-11-04,LONG,0.7159,0.1629,0.16009,1,True,-1.725,1.1751,.70-.80,1-1.5x
TRX/USDT,2024-11-06,LONG,0.7331,0.16253,0.16015,1,True,-1.4643,1.2358,.70-.80,1-1.5x
TRX/USDT,2024-11-08,LONG,0.7045,0.16099,0.16398,2,True,1.8573,0.4203,.70-.80,
TRX/USDT,2024-11-09,LONG,0.8115,0.16208,0.16398,1,True,1.1723,0.5401,>.80,
TRX/USDT,2024-11-12,LONG,0.8686,0.1874,0.17704,1,True,-5.5283,4.0526,>.80,3-5x
TRX/USDT,2024-11-16,LONG,0.9414,0.20018,0.19865,5,False,-0.7643,1.28,>.80,1-1.5x
TRX/USDT,2024-11-17,LONG,0.7786,0.19943,0.20479,5,False,2.6877,0.1013,.70-.80,
TRX/USDT,2024-11-18,LONG,0.6691,0.20212,0.21201,5,False,4.8931,0.3647,.60-.70,
TRX/USDT,2024-11-19,LONG,0.9108,0.19951,0.20863,5,False,4.5712,0.3462,>.80,
TRX/USDT,2024-11-22,LONG,0.8162,0.20479,0.20863,2,True,1.8751,0.814,>.80,
TRX/USDT,2024-11-23,LONG,0.6982,0.21201,0.20863,1,True,-1.5943,0.9254,.60-.70,
TRX/USDT,2024-11-26,LONG,0.8419,0.19438,0.20716,5,False,6.5748,0.1913,>.80,
TRX/USDT,2024-11-27,LONG,0.7967,0.20102,0.22106,5,False,9.9692,0.8276,.70-.80,
TRX/USDT,2024-11-28,LONG,0.8316,0.20329,0.4332,5,False,113.0946,0.2738,>.80,
TRX/USDT,2024-11-29,LONG,0.8064,0.20449,0.33052,5,False,61.6314,0.1431,>.80,
TRX/USDT,2024-11-30,LONG,0.6519,0.20484,0.33052,4,True,61.3552,0.0414,.60-.70,
TRX/USDT,2024-12-01,LONG,0.6919,0.20716,0.33052,3,True,59.5482,0.2747,.60-.70,
TRX/USDT,2024-12-02,LONG,0.5783,0.22106,0.33052,2,True,49.516,1.8806,.55-.60,1.5-2x
TRX/USDT,2024-12-03,LONG,0.9195,0.4332,0.33052,1,True,-23.7027,4.4782,>.80,3-5x
TRX/USDT,2024-12-06,LONG,0.976,0.32551,0.31885,1,True,-2.046,0.0421,>.80,
TRX/USDT,2024-12-09,LONG,0.6447,0.26273,0.26938,1,True,2.5311,0.7604,.60-.70,
TRX/USDT,2024-12-13,LONG,0.8108,0.29079,0.25803,5,False,-11.2659,0.0896,>.80,
TRX/USDT,2024-12-14,LONG,0.6934,0.28234,0.25108,5,False,-11.0718,0.1264,.60-.70,
TRX/USDT,2024-12-15,LONG,0.7519,0.28569,0.25108,4,True,-12.1145,0.0518,.70-.80,
TRX/USDT,2024-12-16,LONG,0.7794,0.29682,0.25108,3,True,-15.41,0.1704,.70-.80,
TRX/USDT,2024-12-17,LONG,0.5653,0.27967,0.25108,2,True,-10.2228,0.2515,.55-.60,
TRX/USDT,2024-12-26,LONG,0.6961,0.25385,0.25787,3,True,1.5836,0.3156,.60-.70,
TRX/USDT,2024-12-27,LONG,0.5722,0.25934,0.25787,2,True,-0.5668,0.4216,.55-.60,
TRX/USDT,2024-12-28,LONG,0.619,0.25836,0.25787,1,True,-0.1897,0.0737,.60-.70,
TRX/USDT,2024-12-30,LONG,0.603,0.25355,0.25465,1,True,0.4338,0.5086,.60-.70,
TRX/USDT,2025-01-02,LONG,0.6594,0.2652,0.2696,2,True,1.6591,1.2287,.60-.70,1-1.5x
TRX/USDT,2025-01-10,LONG,0.611,0.24447,0.2229,3,True,-8.8232,0.751,.60-.70,
TRX/USDT,2025-01-11,LONG,0.5692,0.24097,0.2229,2,True,-7.4989,0.5938,.55-.60,
TRX/USDT,2025-01-12,LONG,0.617,0.23361,0.2229,1,True,-4.5846,1.2947,.60-.70,1-1.5x
TRX/USDT,2025-01-16,LONG,0.609,0.23711,0.24881,1,True,4.9344,0.1439,.60-.70,
TRX/USDT,2025-01-18,LONG,0.7418,0.24233,0.2448,3,True,1.0193,0.7813,.70-.80,
TRX/USDT,2025-01-19,LONG,0.5671,0.22856,0.2448,2,True,7.1054,1.6065,.55-.60,1.5-2x
TRX/USDT,2025-01-23,LONG,0.757,0.25262,0.24614,3,True,-2.5651,0.1125,.70-.80,
TRX/USDT,2025-01-24,LONG,0.6896,0.25431,0.24614,2,True,-3.2126,0.1798,.60-.70,
TRX/USDT,2025-01-25,LONG,0.7633,0.25339,0.24614,1,True,-2.8612,0.0983,.70-.80,
TRX/USDT,2025-01-28,LONG,0.6073,0.23992,0.25199,2,True,5.0308,0.7641,.60-.70,
TRX/USDT,2025-01-31,LONG,0.5846,0.25368,0.24421,1,True,-3.733,0.1913,.55-.60,
TRX/USDT,2025-02-06,LONG,0.7248,0.23163,0.23008,1,True,-0.6692,1.2261,.70-.80,1-1.5x
TRX/USDT,2025-02-08,LONG,0.5518,0.23131,0.24633,2,True,6.4935,0.1761,.55-.60,
TRX/USDT,2025-02-11,LONG,0.7244,0.241,0.24327,1,True,0.9419,0.7073,.70-.80,
TRX/USDT,2025-02-13,LONG,0.8796,0.23416,0.23149,1,True,-1.1402,1.1831,>.80,1-1.5x
TRX/USDT,2025-02-16,LONG,0.8179,0.24239,0.24228,3,True,-0.0454,0.6342,>.80,
TRX/USDT,2025-02-18,LONG,0.6055,0.23921,0.24228,1,True,1.2834,0.0645,.60-.70,
TRX/USDT,2025-02-20,LONG,0.6796,0.24631,0.23795,1,True,-3.3941,0.5536,.60-.70,
TRX/USDT,2025-02-24,LONG,0.6047,0.24006,0.22854,3,True,-4.7988,0.9725,.60-.70,
TRX/USDT,2025-02-25,LONG,0.7145,0.2308,0.22854,2,True,-0.9792,1.4586,.70-.80,1-1.5x
TRX/USDT,2025-02-26,LONG,0.6737,0.22721,0.22854,1,True,0.5854,0.6205,.60-.70,
TRX/USDT,2025-03-02,LONG,0.6906,0.24409,0.24256,2,True,-0.6268,1.8254,.60-.70,1.5-2x
TRX/USDT,2025-03-03,LONG,0.9132,0.23126,0.24256,1,True,4.8863,2.0343,>.80,2-3x
TRX/USDT,2025-03-07,LONG,0.65,0.24358,0.2321,2,True,-4.713,0.5434,.60-.70,
TRX/USDT,2025-03-17,LONG,0.5889,0.22063,0.23377,3,True,5.9557,1.4631,.55-.60,1-1.5x
TRX/USDT,2025-03-18,LONG,0.6243,0.23705,0.23377,2,True,-1.3837,2.2893,.60-.70,2-3x
TRX/USDT,2025-03-19,LONG,0.5895,0.2309,0.23377,1,True,1.243,0.7835,.55-.60,
TRX/USDT,2025-03-21,LONG,0.766,0.23353,0.23,2,True,-1.5116,0.0312,.70-.80,
TRX/USDT,2025-03-22,LONG,0.6824,0.23702,0.23,1,True,-2.9618,0.4734,.60-.70,
TRX/USDT,2025-03-24,LONG,0.6126,0.22807,0.22723,1,True,-0.3683,0.3027,.60-.70,
TRX/USDT,2025-03-29,LONG,0.7103,0.23167,0.23782,3,True,2.6546,0.1212,.70-.80,
TRX/USDT,2025-03-30,LONG,0.6684,0.23185,0.23782,2,True,2.5749,0.0302,.60-.70,
TRX/USDT,2025-03-31,LONG,0.618,0.2388,0.23782,1,True,-0.4104,1.1538,.60-.70,1-1.5x
TRX/USDT,2025-04-02,LONG,0.6031,0.23402,0.23913,2,True,2.1836,0.6089,.60-.70,
TRX/USDT,2025-04-03,LONG,0.6243,0.23817,0.23913,1,True,0.4031,0.6762,.60-.70,
TRX/USDT,2025-04-05,LONG,0.6627,0.23741,0.23007,1,True,-3.0917,0.3016,.60-.70,
ATOM/USDT,2024-08-28,LONG,0.8733,4.599,4.608,1,True,0.1957,0.0439,>.80,
ATOM/USDT,2024-09-03,LONG,0.5511,4.111,3.668,4,True,-10.776,1.7983,.55-.60,1.5-2x
ATOM/USDT,2024-09-05,LONG,0.6382,3.909,3.668,2,True,-6.1653,1.0235,.60-.70,1-1.5x
ATOM/USDT,2024-09-06,LONG,0.5793,3.716,3.668,1,True,-1.2917,1.2157,.55-.60,1-1.5x
ATOM/USDT,2024-09-09,LONG,0.8828,4.09,4.243,5,False,3.7408,1.6542,>.80,1.5-2x
ATOM/USDT,2024-09-10,LONG,0.7076,4.134,4.059,5,False,-1.8142,0.2394,.70-.80,
ATOM/USDT,2024-09-11,LONG,0.7345,4.165,4.059,4,True,-2.545,0.1666,.70-.80,
ATOM/USDT,2024-09-12,LONG,0.888,4.146,4.059,3,True,-2.0984,0.1153,>.80,
ATOM/USDT,2024-09-13,LONG,0.7143,4.208,4.059,2,True,-3.5409,0.3974,.70-.80,
ATOM/USDT,2024-09-17,LONG,0.585,4.193,4.721,4,True,12.5924,1.4847,.55-.60,1-1.5x
ATOM/USDT,2024-09-18,LONG,0.6469,4.375,4.721,3,True,7.9086,1.1099,.60-.70,1-1.5x
ATOM/USDT,2024-09-19,LONG,0.7342,4.508,4.721,2,True,4.7249,0.7654,.70-.80,
ATOM/USDT,2024-09-24,LONG,0.6378,4.818,4.78,1,True,-0.7887,1.4677,.60-.70,1-1.5x
ATOM/USDT,2024-09-27,LONG,0.5889,5.141,5.016,1,True,-2.4314,0.872,.55-.60,
ATOM/USDT,2024-09-29,LONG,0.7214,5.029,4.726,1,True,-6.0251,0.0912,.70-.80,
ATOM/USDT,2024-10-01,LONG,0.6301,4.442,4.383,2,True,-1.3282,1.676,.60-.70,1.5-2x
ATOM/USDT,2024-10-02,LONG,0.5874,4.434,4.383,1,True,-1.1502,0.0503,.55-.60,
ATOM/USDT,2024-10-05,LONG,0.7645,4.632,4.647,1,True,0.3238,0.0783,.70-.80,
ATOM/USDT,2024-10-07,LONG,0.8804,4.423,4.231,2,True,-4.3409,1.3536,>.80,1-1.5x
ATOM/USDT,2024-10-08,LONG,0.7429,4.35,4.231,1,True,-2.7356,0.4775,.70-.80,
ATOM/USDT,2024-10-11,LONG,0.7748,4.279,4.516,3,True,5.5387,1.0377,.70-.80,1-1.5x
ATOM/USDT,2024-10-12,LONG,0.7179,4.35,4.516,2,True,3.8161,0.4885,.70-.80,
ATOM/USDT,2024-10-15,LONG,0.7749,4.488,4.439,1,True,-1.0918,0.1877,.70-.80,
ATOM/USDT,2024-10-18,LONG,0.7726,4.353,4.62,5,False,6.1337,0.3664,.70-.80,
ATOM/USDT,2024-10-19,LONG,0.6003,4.469,4.85,5,False,8.5254,0.8521,.60-.70,
ATOM/USDT,2024-10-20,LONG,0.7627,4.694,4.85,4,True,3.3234,1.6323,.70-.80,1.5-2x
ATOM/USDT,2024-10-22,LONG,0.7285,4.786,4.85,2,True,1.3372,0.7939,.70-.80,
ATOM/USDT,2024-10-23,LONG,0.7952,4.62,4.85,1,True,4.9784,1.132,.70-.80,1-1.5x
ATOM/USDT,2024-10-25,LONG,0.6236,4.419,4.462,3,True,0.9731,2.4287,.60-.70,2-3x
ATOM/USDT,2024-10-26,LONG,0.6813,4.373,4.462,2,True,2.0352,0.2843,.60-.70,
ATOM/USDT,2024-10-27,LONG,0.6436,4.455,4.462,1,True,0.1571,0.532,.60-.70,
ATOM/USDT,2024-10-30,LONG,0.6499,4.457,3.979,4,True,-10.7247,0.521,.60-.70,
ATOM/USDT,2024-10-31,LONG,0.8551,4.237,3.979,3,True,-6.0892,1.3928,>.80,1-1.5x
ATOM/USDT,2024-11-01,LONG,0.8596,4.175,3.979,2,True,-4.6946,0.4138,>.80,
ATOM/USDT,2024-11-02,LONG,0.7432,4.103,3.979,1,True,-3.0222,0.4852,.70-.80,
ATOM/USDT,2024-11-06,LONG,0.6807,4.515,4.718,2,True,4.4961,1.7744,.60-.70,1.5-2x
ATOM/USDT,2024-11-07,LONG,0.6849,4.529,4.718,1,True,4.1731,0.0742,.60-.70,
ATOM/USDT,2024-11-11,LONG,0.5521,5.662,5.311,1,True,-6.1992,1.5729,.55-.60,1.5-2x
ATOM/USDT,2024-11-13,LONG,0.9394,5.122,5.261,2,True,2.7138,0.7222,>.80,
ATOM/USDT,2024-11-14,LONG,0.8269,4.953,5.261,1,True,6.2185,0.7308,>.80,
ATOM/USDT,2024-11-21,LONG,0.6072,6.42,7.552,1,True,17.6324,0.5549,.60-.70,
ATOM/USDT,2024-11-25,LONG,0.9789,7.923,8.22,3,True,3.7486,1.2323,>.80,1-1.5x
ATOM/USDT,2024-11-26,LONG,0.9216,8.01,8.22,2,True,2.6217,0.1427,>.80,
ATOM/USDT,2024-11-27,LONG,0.8792,8.321,8.22,1,True,-1.2138,0.5063,>.80,
ATOM/USDT,2024-11-29,LONG,0.6439,8.772,9.575,4,True,9.1541,0.8648,.60-.70,
ATOM/USDT,2024-11-30,LONG,0.6107,8.57,9.575,3,True,11.727,0.299,.60-.70,
ATOM/USDT,2024-12-02,LONG,0.6583,9.568,9.575,1,True,0.0732,1.0095,.60-.70,1-1.5x
ATOM/USDT,2024-12-05,LONG,0.8405,9.571,10.395,1,True,8.6093,0.5002,>.80,
ATOM/USDT,2024-12-08,LONG,0.8343,10.124,7.941,2,True,-21.5626,0.0792,>.80,
ATOM/USDT,2024-12-09,LONG,0.7037,8.394,7.941,1,True,-5.3967,2.3383,.70-.80,2-3x
ATOM/USDT,2024-12-11,LONG,0.5608,8.824,8.971,3,True,1.6659,1.4345,.55-.60,1-1.5x
ATOM/USDT,2024-12-12,LONG,0.8912,8.951,8.971,2,True,0.2234,0.2114,>.80,
ATOM/USDT,2024-12-13,LONG,0.8228,9.206,8.971,1,True,-2.5527,0.4334,>.80,
ATOM/USDT,2024-12-16,LONG,0.8403,8.889,8.547,1,True,-3.8475,0.4038,>.80,
ATOM/USDT,2024-12-19,LONG,0.6116,6.814,6.525,2,True,-4.2413,1.6217,.60-.70,1.5-2x
ATOM/USDT,2024-12-20,LONG,0.7158,6.914,6.525,1,True,-5.6263,0.2157,.70-.80,
ATOM/USDT,2024-12-24,LONG,0.5589,7.047,6.469,3,True,-8.2021,0.1926,.55-.60,
ATOM/USDT,2024-12-29,LONG,0.6081,6.295,6.195,2,True,-1.5886,0.8752,.60-.70,
ATOM/USDT,2024-12-30,LONG,0.6402,6.352,6.195,1,True,-2.4717,0.1664,.60-.70,
ATOM/USDT,2025-01-03,LONG,0.6244,7.42,7.296,1,True,-1.6712,1.9293,.60-.70,1.5-2x
ATOM/USDT,2025-01-06,LONG,0.5795,7.453,6.654,4,True,-10.7205,0.2819,.55-.60,
ATOM/USDT,2025-01-08,LONG,0.5552,6.46,6.654,2,True,3.0031,0.9272,.55-.60,
ATOM/USDT,2025-01-09,LONG,0.5558,6.396,6.654,1,True,4.0338,0.2024,.55-.60,
ATOM/USDT,2025-01-13,LONG,0.6796,6.285,6.665,2,True,6.0461,0.6233,.60-.70,
ATOM/USDT,2025-01-14,LONG,0.5859,6.27,6.665,1,True,6.2998,0.0541,.55-.60,
ATOM/USDT,2025-01-23,LONG,0.8285,6.121,6.193,2,True,1.1763,0.2813,>.80,
ATOM/USDT,2025-01-24,LONG,0.72,6.215,6.193,1,True,-0.354,0.3371,.70-.80,
ATOM/USDT,2025-01-26,LONG,0.7919,6.095,6.242,5,False,2.4118,0.3503,.70-.80,
ATOM/USDT,2025-01-30,LONG,0.6829,6.214,5.816,2,True,-6.4049,1.5437,.60-.70,1.5-2x
ATOM/USDT,2025-01-31,LONG,0.5568,6.242,5.816,1,True,-6.8247,0.1027,.55-.60,
ATOM/USDT,2025-02-03,LONG,0.6389,4.927,4.675,2,True,-5.1147,0.1661,.60-.70,
ATOM/USDT,2025-02-11,LONG,0.6773,4.705,4.829,4,True,2.6355,0.4719,.60-.70,
ATOM/USDT,2025-02-12,LONG,0.5876,5.069,4.829,3,True,-4.7347,1.4327,.55-.60,1-1.5x
ATOM/USDT,2025-02-13,LONG,0.6679,4.989,4.829,2,True,-3.2071,0.2937,.60-.70,
ATOM/USDT,2025-02-14,LONG,0.6207,4.91,4.829,1,True,-1.6497,0.2947,.60-.70,
ATOM/USDT,2025-02-17,LONG,0.6296,4.815,4.574,1,True,-5.0052,0.1905,.60-.70,
ATOM/USDT,2025-02-19,LONG,0.5656,4.689,4.923,1,True,4.9904,0.4971,.55-.60,
ATOM/USDT,2025-02-22,LONG,0.58,4.966,4.572,5,False,-7.934,1.0981,.55-.60,1-1.5x
ATOM/USDT,2025-02-23,LONG,0.591,4.877,4.572,4,True,-6.2538,0.479,.55-.60,
ATOM/USDT,2025-02-25,LONG,0.5901,4.456,4.572,2,True,2.6032,0.5112,.55-.60,
ATOM/USDT,2025-02-26,LONG,0.6876,4.609,4.572,1,True,-0.8028,0.8141,.60-.70,
ATOM/USDT,2025-02-28,LONG,0.6607,4.632,4.225,3,True,-8.7867,0.3192,.60-.70,
ATOM/USDT,2025-03-01,LONG,0.687,4.491,4.225,2,True,-5.923,0.7294,.60-.70,
ATOM/USDT,2025-03-02,LONG,0.5651,4.907,4.225,1,True,-13.8985,2.0502,.55-.60,2-3x
ATOM/USDT,2025-03-07,LONG,0.7581,4.264,3.806,2,True,-10.7411,0.0357,.70-.80,
ATOM/USDT,2025-03-11,LONG,0.6628,3.877,3.889,1,True,0.3095,1.4119,.60-.70,1-1.5x
ATOM/USDT,2025-03-14,LONG,0.6568,4.288,4.651,1,True,8.4655,1.5994,.60-.70,1.5-2x
ATOM/USDT,2025-03-20,LONG,0.5671,4.68,4.883,2,True,4.3376,0.244,.55-.60,
ATOM/USDT,2025-03-21,LONG,0.6043,4.593,4.883,1,True,6.314,0.3182,.60-.70,
ATOM/USDT,2025-03-23,LONG,0.5903,4.803,4.877,3,True,1.5407,0.356,.55-.60,
ATOM/USDT,2025-03-24,LONG,0.6905,4.959,4.877,2,True,-1.6536,0.7056,.60-.70,
ATOM/USDT,2025-03-25,LONG,0.5585,4.836,4.877,1,True,0.8478,0.5386,.55-.60,
ATOM/USDT,2025-03-28,LONG,0.5604,4.547,4.244,1,True,-6.6637,1.1504,.55-.60,1-1.5x
ATOM/USDT,2025-03-30,LONG,0.6331,4.314,4.373,2,True,1.3676,0.3771,.60-.70,
ATOM/USDT,2025-03-31,LONG,0.5766,4.376,4.373,1,True,-0.0686,0.3567,.55-.60,
ATOM/USDT,2025-04-02,LONG,0.6376,4.215,4.439,4,True,5.3144,0.8718,.60-.70,
ATOM/USDT,2025-04-04,LONG,0.6496,4.988,4.439,2,True,-11.0064,1.7847,.60-.70,1.5-2x
ATOM/USDT,2025-04-05,LONG,0.5827,4.806,4.439,1,True,-7.6363,0.8704,.55-.60,
BCH/USDT,2024-08-27,LONG,0.5638,324.4,322.5,2,True,-0.5857,1.1486,.55-.60,1-1.5x
BCH/USDT,2024-09-04,LONG,0.5855,315.2,322.2,5,False,2.2208,0.7332,.55-.60,
BCH/USDT,2024-09-07,LONG,0.552,299.6,333.0,5,False,11.1482,0.5175,.55-.60,
BCH/USDT,2024-09-08,LONG,0.5953,305.2,335.8,5,False,10.0262,0.6316,.55-.60,
BCH/USDT,2024-09-09,LONG,0.6012,322.2,327.1,5,False,1.5208,1.7136,.60-.70,1.5-2x
BCH/USDT,2024-09-12,LONG,0.6549,333.0,316.4,3,True,-4.985,0.4539,.60-.70,
BCH/USDT,2024-09-14,LONG,0.5687,327.1,316.4,1,True,-3.2712,0.8715,.55-.60,
BCH/USDT,2024-09-16,LONG,0.5682,311.8,314.3,1,True,0.8018,0.5354,.55-.60,
BCH/USDT,2024-09-20,LONG,0.6874,335.9,342.0,3,True,1.816,0.3918,.60-.70,
BCH/USDT,2024-09-21,LONG,0.6021,345.7,342.0,2,True,-1.0703,0.9853,.60-.70,
BCH/USDT,2024-09-22,LONG,0.7736,342.7,342.0,1,True,-0.2043,0.3002,.70-.80,
BCH/USDT,2024-09-29,LONG,0.6201,352.5,337.2,1,True,-4.3404,0.0131,.60-.70,
BCH/USDT,2024-10-05,LONG,0.6897,321.8,324.7,1,True,0.9012,0.3684,.60-.70,
BCH/USDT,2024-10-10,LONG,0.7399,323.1,327.0,1,True,1.2071,0.3225,.70-.80,
BCH/USDT,2024-10-14,LONG,0.6841,369.5,354.4,1,True,-4.0866,3.6992,.60-.70,3-5x
BCH/USDT,2024-10-16,LONG,0.8279,365.5,367.2,2,True,0.4651,0.7502,>.80,
BCH/USDT,2024-10-17,LONG,0.7833,370.0,367.2,1,True,-0.7568,0.2958,.70-.80,
BCH/USDT,2024-10-19,LONG,0.8959,363.5,369.9,1,True,1.7607,0.2427,>.80,
BCH/USDT,2024-10-21,LONG,0.5934,363.5,368.1,3,True,1.2655,0.4573,.55-.60,
BCH/USDT,2024-10-22,LONG,0.8068,357.4,368.1,2,True,2.9938,0.4401,>.80,
BCH/USDT,2024-10-23,LONG,0.6768,348.3,368.1,1,True,5.6848,0.6567,.60-.70,
BCH/USDT,2024-10-25,LONG,0.6031,349.1,347.9,1,True,-0.3437,1.2172,.60-.70,1-1.5x
BCH/USDT,2024-10-28,LONG,0.8238,365.5,358.7,3,True,-1.8605,0.865,>.80,
BCH/USDT,2024-10-29,LONG,0.7097,386.1,358.7,2,True,-7.0966,1.2897,.70-.80,1-1.5x
BCH/USDT,2024-11-06,LONG,0.8401,378.3,441.1,4,True,16.6006,2.5689,>.80,2-3x
BCH/USDT,2024-11-08,LONG,0.7476,377.2,441.1,2,True,16.9406,0.0265,.70-.80,
BCH/USDT,2024-11-09,LONG,0.8805,404.9,441.1,1,True,8.9405,1.7085,>.80,1.5-2x
BCH/USDT,2024-11-12,LONG,0.8517,432.4,431.7,3,True,-0.1619,1.6259,>.80,1.5-2x
BCH/USDT,2024-11-13,LONG,0.9472,439.6,431.7,2,True,-1.7971,0.3255,>.80,
BCH/USDT,2024-11-14,LONG,0.9653,414.8,431.7,1,True,4.0743,1.0962,>.80,1-1.5x
BCH/USDT,2024-11-19,LONG,0.8329,446.7,440.3,1,True,-1.4327,0.2288,>.80,
BCH/USDT,2024-11-24,LONG,0.9451,515.2,517.6,3,True,0.4658,0.1828,>.80,
BCH/USDT,2024-11-25,LONG,0.9124,492.0,517.6,2,True,5.2033,0.8101,>.80,
BCH/USDT,2024-11-26,LONG,0.9305,492.4,517.6,1,True,5.1178,0.0156,>.80,
BCH/USDT,2024-12-03,LONG,0.6573,585.1,583.8,1,True,-0.2222,2.0069,.60-.70,2-3x
BCH/USDT,2024-12-05,LONG,0.6471,588.6,618.6,1,True,5.0968,0.204,.60-.70,
BCH/USDT,2024-12-11,LONG,0.6921,546.6,534.1,3,True,-2.2869,1.3117,.60-.70,1-1.5x
BCH/USDT,2024-12-12,LONG,0.8597,540.1,534.1,2,True,-1.1109,0.2647,>.80,
BCH/USDT,2024-12-13,LONG,0.791,542.7,534.1,1,True,-1.5847,0.109,.70-.80,
BCH/USDT,2024-12-17,LONG,0.6363,530.0,480.5,1,True,-9.3396,0.3655,.60-.70,
BCH/USDT,2024-12-19,LONG,0.5508,438.7,449.1,1,True,2.3706,1.7158,.55-.60,1.5-2x
BCH/USDT,2024-12-26,LONG,0.5529,437.5,434.6,5,False,-0.6629,1.3003,.55-.60,1-1.5x
BCH/USDT,2024-12-29,LONG,0.6143,439.0,434.6,2,True,-1.0023,0.6861,.60-.70,
BCH/USDT,2025-01-03,LONG,0.5863,473.7,482.9,3,True,1.9422,0.6602,.55-.60,
BCH/USDT,2025-01-12,LONG,0.603,447.7,460.3,3,True,2.8144,0.4149,.60-.70,
BCH/USDT,2025-01-13,LONG,0.6544,428.0,460.3,2,True,7.5467,1.1911,.60-.70,1-1.5x
BCH/USDT,2025-01-16,LONG,0.6837,461.6,427.6,3,True,-7.3657,0.0771,.60-.70,
BCH/USDT,2025-01-18,LONG,0.5658,466.5,427.6,1,True,-8.3387,1.1799,.55-.60,1-1.5x
BCH/USDT,2025-01-23,LONG,0.6271,437.6,410.7,5,False,-6.1472,0.1272,.60-.70,
BCH/USDT,2025-01-24,LONG,0.6328,431.8,410.7,4,True,-4.8865,0.3063,.60-.70,
BCH/USDT,2025-01-27,LONG,0.6525,427.6,410.7,1,True,-3.9523,0.1443,.60-.70,
BCH/USDT,2025-01-29,LONG,0.6038,414.9,434.6,1,True,4.7481,0.2578,.60-.70,
BCH/USDT,2025-02-09,LONG,0.6666,324.5,335.0,4,True,3.2357,0.1168,.60-.70,
BCH/USDT,2025-02-10,LONG,0.6289,329.4,335.0,3,True,1.7001,0.4204,.60-.70,
BCH/USDT,2025-02-16,LONG,0.579,326.5,323.8,1,True,-0.827,0.5497,.55-.60,
BCH/USDT,2025-02-20,LONG,0.6723,325.9,321.0,2,True,-1.5035,0.2855,.60-.70,
BCH/USDT,2025-02-21,LONG,0.5566,313.8,321.0,1,True,2.2945,1.119,.55-.60,1-1.5x
BCH/USDT,2025-02-25,LONG,0.6183,291.8,296.9,2,True,1.7478,0.0211,.60-.70,
BCH/USDT,2025-03-01,LONG,0.6904,311.5,392.1,4,True,25.8748,0.3784,.60-.70,
BCH/USDT,2025-03-02,LONG,0.5568,334.1,392.1,3,True,17.3601,1.8725,.55-.60,1.5-2x
BCH/USDT,2025-03-03,LONG,0.8634,321.1,392.1,2,True,22.1115,0.9788,>.80,
BCH/USDT,2025-03-07,LONG,0.5928,388.9,357.5,2,True,-8.0741,0.245,.55-.60,
BCH/USDT,2025-03-08,LONG,0.9518,385.9,357.5,1,True,-7.3594,0.1229,>.80,
BCH/USDT,2025-03-10,LONG,0.7476,331.6,353.9,2,True,6.725,1.0732,.70-.80,1-1.5x
BCH/USDT,2025-03-11,LONG,0.9325,340.3,353.9,1,True,3.9965,0.3882,>.80,
BCH/USDT,2025-03-19,LONG,0.5789,345.4,322.4,3,True,-6.6589,0.4639,.55-.60,
BCH/USDT,2025-03-20,LONG,0.5714,333.5,322.4,2,True,-3.3283,0.53,.55-.60,
BCH/USDT,2025-03-21,LONG,0.6845,323.1,322.4,1,True,-0.2167,0.4769,.60-.70,
BCH/USDT,2025-03-26,LONG,0.7543,335.1,303.2,3,True,-9.5195,0.0746,.70-.80,
BCH/USDT,2025-03-27,LONG,0.7502,324.5,303.2,2,True,-6.5639,0.8717,.70-.80,
BCH/USDT,2025-03-28,LONG,0.7329,307.5,303.2,1,True,-1.3984,1.3934,.70-.80,1-1.5x
BCH/USDT,2025-04-02,LONG,0.5785,293.0,301.3,1,True,2.8328,1.8818,.55-.60,1.5-2x
BCH/USDT,2025-04-04,LONG,0.6214,301.4,304.1,1,True,0.8958,0.0133,.60-.70,
XLM/USDT,2024-09-04,LONG,0.598,0.0916,0.09313,5,False,1.6703,0.0888,.55-.60,
XLM/USDT,2024-09-07,LONG,0.5801,0.08859,0.0927,4,True,4.6393,0.3023,.55-.60,
XLM/USDT,2024-09-08,LONG,0.5551,0.08998,0.0927,3,True,3.0229,0.8302,.55-.60,
XLM/USDT,2024-09-09,LONG,0.5807,0.09313,0.0927,2,True,-0.4617,1.7086,.55-.60,1.5-2x
XLM/USDT,2024-09-17,LONG,0.5803,0.09455,0.09607,1,True,1.6076,0.2749,.55-.60,
XLM/USDT,2024-10-02,LONG,0.6166,0.09045,0.09047,1,True,0.0221,1.8186,.60-.70,1.5-2x
XLM/USDT,2024-10-04,LONG,0.7812,0.09186,0.09003,4,True,-1.9922,0.774,.70-.80,
XLM/USDT,2024-10-05,LONG,0.6576,0.09207,0.09003,3,True,-2.2157,0.1179,.60-.70,
XLM/USDT,2024-10-06,LONG,0.6443,0.09241,0.09003,2,True,-2.5755,0.1901,.60-.70,
XLM/USDT,2024-10-07,LONG,0.7547,0.09106,0.09003,1,True,-1.1311,0.7437,.70-.80,
XLM/USDT,2024-10-16,LONG,0.7241,0.09551,0.09497,1,True,-0.5654,1.3285,.70-.80,1-1.5x
XLM/USDT,2024-10-18,LONG,0.7517,0.09663,0.09694,1,True,0.3208,0.8306,.70-.80,
XLM/USDT,2024-10-20,LONG,0.709,0.09728,0.09534,1,True,-1.9942,0.1846,.70-.80,
XLM/USDT,2024-10-23,LONG,0.6782,0.0945,0.0966,1,True,2.2222,0.5764,.60-.70,
XLM/USDT,2024-10-25,LONG,0.6341,0.0935,0.09425,1,True,0.8021,1.9576,.60-.70,1.5-2x
XLM/USDT,2024-10-27,LONG,0.6213,0.09429,0.09435,1,True,0.0636,0.0265,.60-.70,
XLM/USDT,2024-10-29,LONG,0.5983,0.09672,0.09477,1,True,-2.0161,1.524,.55-.60,1.5-2x
XLM/USDT,2024-11-02,LONG,0.6042,0.09268,0.10217,5,False,10.2395,0.2807,.60-.70,
XLM/USDT,2024-11-03,LONG,0.6355,0.09064,0.10118,5,False,11.6284,1.3105,.60-.70,1-1.5x
XLM/USDT,2024-11-05,LONG,0.5781,0.09345,0.10118,3,True,8.2718,1.4924,.55-.60,1-1.5x
XLM/USDT,2024-11-06,LONG,0.7013,0.09717,0.10118,2,True,4.1268,2.1079,.70-.80,2-3x
XLM/USDT,2024-11-09,LONG,0.7755,0.10226,0.10832,1,True,5.9261,0.4854,.70-.80,
XLM/USDT,2024-11-13,LONG,0.9634,0.12424,0.22072,3,True,77.6561,1.5217,>.80,1.5-2x
XLM/USDT,2024-11-14,LONG,0.8645,0.13114,0.22072,2,True,68.3087,1.1321,>.80,1-1.5x
XLM/USDT,2024-11-15,LONG,0.9606,0.14582,0.22072,1,True,51.3647,2.1021,>.80,2-3x
XLM/USDT,2024-11-17,LONG,0.9437,0.19631,0.23159,1,True,17.9716,0.8756,>.80,
XLM/USDT,2024-11-19,LONG,0.9961,0.23151,0.24736,1,True,6.8464,0.0027,>.80,
XLM/USDT,2024-11-21,LONG,0.8433,0.26243,0.33978,1,True,29.4745,0.4777,>.80,
XLM/USDT,2024-11-25,LONG,0.971,0.48174,0.49995,3,True,3.78,0.5816,>.80,
XLM/USDT,2024-11-26,LONG,0.9821,0.43852,0.49995,2,True,14.0085,0.5022,>.80,
XLM/USDT,2024-11-27,LONG,0.9403,0.48335,0.49995,1,True,3.4344,0.5729,>.80,
XLM/USDT,2024-11-29,LONG,0.9783,0.5476,0.56101,2,True,2.4489,0.5408,>.80,
XLM/USDT,2024-12-02,LONG,0.8953,0.53901,0.50652,1,True,-6.0277,0.2176,>.80,
XLM/USDT,2024-12-04,LONG,0.6819,0.48918,0.47081,1,True,-3.7553,0.1886,.60-.70,
XLM/USDT,2024-12-06,LONG,0.7468,0.49559,0.41081,3,True,-17.1069,0.3484,.70-.80,
XLM/USDT,2024-12-07,LONG,0.7756,0.50369,0.41081,2,True,-18.4399,0.1115,.70-.80,
XLM/USDT,2024-12-12,LONG,0.6425,0.42493,0.43779,1,True,3.0264,0.1695,.60-.70,
XLM/USDT,2024-12-20,LONG,0.586,0.3752,0.38308,5,False,2.1002,0.2688,.55-.60,
XLM/USDT,2024-12-21,LONG,0.5984,0.35569,0.38308,4,True,7.7005,1.0029,.55-.60,1-1.5x
XLM/USDT,2024-12-22,LONG,0.5644,0.35658,0.38308,3,True,7.4317,0.0482,.55-.60,
XLM/USDT,2025-01-01,LONG,0.5579,0.42581,0.432,1,True,1.4537,3.6021,.55-.60,3-5x
XLM/USDT,2025-01-04,LONG,0.5842,0.4505,0.42536,4,True,-5.5805,0.0651,.55-.60,
XLM/USDT,2025-01-05,LONG,0.6115,0.44083,0.42536,3,True,-3.5093,0.2776,.60-.70,
XLM/USDT,2025-01-07,LONG,0.5506,0.41785,0.42536,1,True,1.7973,0.8399,.55-.60,
XLM/USDT,2025-01-15,LONG,0.5685,0.48827,0.43318,4,True,-11.2827,1.7042,.55-.60,1.5-2x
XLM/USDT,2025-01-18,LONG,0.6099,0.4909,0.43318,1,True,-11.758,0.0864,.60-.70,
XLM/USDT,2025-01-27,LONG,0.5561,0.40741,0.39284,2,True,-3.5762,0.0505,.55-.60,
XLM/USDT,2025-02-03,LONG,0.7274,0.37041,0.3182,3,True,-14.0952,0.8183,.70-.80,
XLM/USDT,2025-02-05,LONG,0.6936,0.32718,0.3182,1,True,-2.7447,0.8213,.60-.70,
XLM/USDT,2025-02-07,LONG,0.6806,0.32685,0.31325,3,True,-4.1609,0.558,.60-.70,
XLM/USDT,2025-02-09,LONG,0.8142,0.31414,0.31325,1,True,-0.2833,1.2269,>.80,1-1.5x
XLM/USDT,2025-02-15,LONG,0.7074,0.34882,0.33413,2,True,-4.2113,0.0984,.70-.80,
XLM/USDT,2025-02-16,LONG,0.6387,0.343,0.33413,1,True,-2.586,0.3596,.60-.70,
XLM/USDT,2025-02-18,LONG,0.6183,0.32353,0.33435,4,True,3.3444,0.6836,.60-.70,
XLM/USDT,2025-02-19,LONG,0.6051,0.34178,0.33435,3,True,-2.1739,1.311,.60-.70,1-1.5x
XLM/USDT,2025-02-20,LONG,0.6425,0.34456,0.33435,2,True,-2.9632,0.1898,.60-.70,
XLM/USDT,2025-03-04,LONG,0.5803,0.295,0.2962,2,True,0.4068,0.1416,.55-.60,
XLM/USDT,2025-03-05,LONG,0.812,0.29967,0.2962,1,True,-1.1579,0.2529,>.80,
XLM/USDT,2025-03-07,LONG,0.664,0.2832,0.27579,1,True,-2.6165,0.7042,.60-.70,
XLM/USDT,2025-03-10,LONG,0.6187,0.24192,0.27389,3,True,13.2151,1.2456,.60-.70,1-1.5x
XLM/USDT,2025-03-11,LONG,0.6587,0.25494,0.27389,2,True,7.4331,0.8338,.60-.70,
XLM/USDT,2025-03-12,LONG,0.6151,0.25947,0.27389,1,True,5.5575,0.2745,.60-.70,
XLM/USDT,2025-03-14,LONG,0.5734,0.27628,0.26246,2,True,-5.0022,0.1336,.55-.60,
XLM/USDT,2025-03-15,LONG,0.6944,0.2746,0.26246,1,True,-4.421,0.0931,.60-.70,
XLM/USDT,2025-03-18,LONG,0.6943,0.27331,0.29062,1,True,6.3335,0.0171,.60-.70,
XLM/USDT,2025-03-21,LONG,0.6646,0.27694,0.28546,5,False,3.0765,0.2594,.60-.70,
XLM/USDT,2025-03-22,LONG,0.7381,0.27401,0.28637,5,False,4.5108,0.2012,.70-.80,
XLM/USDT,2025-03-23,LONG,0.6515,0.28316,0.27463,5,False,-3.0124,0.8676,.60-.70,
XLM/USDT,2025-03-24,LONG,0.6625,0.29071,0.26733,5,False,-8.0424,0.6849,.60-.70,
XLM/USDT,2025-03-25,LONG,0.682,0.29382,0.26733,4,True,-9.0157,0.2755,.60-.70,
XLM/USDT,2025-03-26,LONG,0.6592,0.28546,0.26733,3,True,-6.3512,0.7244,.60-.70,
XLM/USDT,2025-03-27,LONG,0.5886,0.28637,0.26733,2,True,-6.6487,0.084,.55-.60,
XLM/USDT,2025-03-28,LONG,0.658,0.27463,0.26733,1,True,-2.6581,1.0602,.60-.70,1-1.5x
XLM/USDT,2025-04-01,LONG,0.5649,0.27204,0.22632,5,False,-16.8064,0.9773,.55-.60,
XLM/USDT,2025-04-02,LONG,0.565,0.25811,0.22632,4,True,-12.3165,1.6761,.55-.60,1.5-2x
XLM/USDT,2025-04-03,LONG,0.5601,0.26098,0.22632,3,True,-13.2807,0.3634,.55-.60,
XLM/USDT,2025-04-04,LONG,0.6293,0.25964,0.22632,2,True,-12.8332,0.1678,.60-.70,
ICP/USDT,2024-08-28,LONG,0.6607,7.764,7.524,5,False,-3.0912,0.1359,.60-.70,
ICP/USDT,2024-08-29,LONG,0.6902,7.791,7.524,4,True,-3.427,0.0866,.60-.70,
ICP/USDT,2024-08-30,LONG,0.6106,7.619,7.524,3,True,-1.2469,0.546,.60-.70,
ICP/USDT,2024-08-31,LONG,0.6947,7.563,7.524,2,True,-0.5157,0.2015,.60-.70,
ICP/USDT,2024-09-01,LONG,0.6757,7.197,7.524,1,True,4.5436,1.3667,.60-.70,1-1.5x
ICP/USDT,2024-09-03,LONG,0.6531,7.155,7.23,2,True,1.0482,1.2978,.60-.70,1-1.5x
ICP/USDT,2024-09-04,LONG,0.6716,7.558,7.23,1,True,-4.3398,1.4387,.60-.70,1-1.5x
ICP/USDT,2024-09-06,LONG,0.5665,7.028,8.669,5,False,23.3495,0.6948,.55-.60,
ICP/USDT,2024-09-07,LONG,0.6245,7.058,8.669,4,True,22.8252,0.1067,.60-.70,
ICP/USDT,2024-09-08,LONG,0.6805,7.417,8.669,3,True,16.8801,1.2246,.60-.70,1-1.5x
ICP/USDT,2024-09-09,LONG,0.6625,7.784,8.669,2,True,11.3695,1.1543,.60-.70,1-1.5x
ICP/USDT,2024-09-10,LONG,0.5803,8.926,8.669,1,True,-2.8792,2.8092,.55-.60,2-3x
ICP/USDT,2024-09-12,LONG,0.7812,8.505,8.65,2,True,1.7049,0.3845,.70-.80,
ICP/USDT,2024-09-13,LONG,0.5679,8.62,8.65,1,True,0.348,0.2743,.55-.60,
ICP/USDT,2024-09-16,LONG,0.6205,8.032,7.915,1,True,-1.4567,0.7391,.60-.70,
ICP/USDT,2024-09-18,LONG,0.6166,8.2,8.079,1,True,-1.4756,0.7395,.60-.70,
ICP/USDT,2024-09-21,LONG,0.6241,8.531,8.706,2,True,2.0513,0.126,.60-.70,
ICP/USDT,2024-09-24,LONG,0.5658,9.389,9.869,3,True,5.1124,1.6184,.55-.60,1.5-2x
ICP/USDT,2024-10-02,LONG,0.6308,7.989,8.363,2,True,4.6814,0.9836,.60-.70,
ICP/USDT,2024-10-03,LONG,0.7672,8.027,8.363,1,True,4.1859,0.1143,.70-.80,
ICP/USDT,2024-10-05,LONG,0.5762,8.2,8.515,1,True,3.8415,0.4623,.55-.60,
ICP/USDT,2024-10-13,LONG,0.8068,7.919,8.335,1,True,5.2532,0.4562,>.80,
ICP/USDT,2024-10-15,LONG,0.6179,8.124,7.892,1,True,-2.8557,0.6821,.60-.70,
ICP/USDT,2024-10-17,LONG,0.6691,7.68,8.007,1,True,4.2578,0.8004,.60-.70,
ICP/USDT,2024-10-20,LONG,0.7554,8.345,7.97,1,True,-4.4937,1.1124,.70-.80,1-1.5x
ICP/USDT,2024-10-23,LONG,0.5519,8.137,8.308,1,True,2.1015,0.7401,.55-.60,
ICP/USDT,2024-10-26,LONG,0.608,7.738,7.81,2,True,0.9305,0.125,.60-.70,
ICP/USDT,2024-10-27,LONG,0.6568,7.795,7.81,1,True,0.1924,0.2367,.60-.70,
ICP/USDT,2024-10-31,LONG,0.8251,7.857,7.529,2,True,-4.1746,1.0894,>.80,1-1.5x
ICP/USDT,2024-11-01,LONG,0.6884,7.819,7.529,1,True,-3.7089,0.1493,.60-.70,
ICP/USDT,2024-11-03,LONG,0.6644,7.185,7.018,1,True,-2.3243,1.4302,.60-.70,1-1.5x
ICP/USDT,2024-11-05,LONG,0.7863,7.361,8.616,3,True,17.0493,1.448,.70-.80,1-1.5x
ICP/USDT,2024-11-06,LONG,0.72,7.879,8.616,2,True,9.354,1.9033,.70-.80,1.5-2x
ICP/USDT,2024-11-10,LONG,0.7632,9.001,9.489,1,True,5.4216,1.2412,.70-.80,1-1.5x
ICP/USDT,2024-11-12,LONG,0.6522,8.826,8.519,1,True,-3.4784,1.5145,.60-.70,1.5-2x
ICP/USDT,2024-11-14,LONG,0.7556,7.981,8.683,1,True,8.7959,1.3711,.70-.80,1-1.5x
ICP/USDT,2024-11-18,LONG,0.7864,9.432,8.823,2,True,-6.4567,0.9434,.70-.80,
ICP/USDT,2024-11-19,LONG,0.9399,9.135,8.823,1,True,-3.4154,0.5915,>.80,
ICP/USDT,2024-11-22,LONG,0.9588,11.271,11.643,2,True,3.3005,3.1506,>.80,3-5x
ICP/USDT,2024-11-23,LONG,0.7993,11.388,11.643,1,True,2.2392,0.1509,.70-.80,
ICP/USDT,2024-11-25,LONG,0.9607,11.514,11.567,3,True,0.4603,0.1625,>.80,
ICP/USDT,2024-11-26,LONG,0.9201,11.143,11.567,2,True,3.8051,0.4709,>.80,
ICP/USDT,2024-12-02,LONG,0.6569,13.783,14.627,1,True,6.1235,1.2532,.60-.70,1-1.5x
ICP/USDT,2024-12-04,LONG,0.7065,14.669,14.264,1,True,-2.7609,0.0489,.70-.80,
ICP/USDT,2024-12-08,LONG,0.8996,14.574,11.945,1,True,-18.039,0.1058,>.80,
ICP/USDT,2024-12-10,LONG,0.7317,11.78,12.879,4,True,9.3294,0.188,.70-.80,
ICP/USDT,2024-12-11,LONG,0.6264,13.151,12.879,3,True,-2.0683,1.5203,.60-.70,1.5-2x
ICP/USDT,2024-12-12,LONG,0.935,13.658,12.879,2,True,-5.7036,0.6383,>.80,
ICP/USDT,2024-12-13,LONG,0.6664,13.527,12.879,1,True,-4.7904,0.1583,.60-.70,
ICP/USDT,2024-12-17,LONG,0.6605,12.078,11.086,1,True,-8.2133,0.7621,.60-.70,
ICP/USDT,2024-12-20,LONG,0.7319,10.554,10.031,1,True,-4.9555,0.5899,.70-.80,
ICP/USDT,2024-12-24,LONG,0.6302,11.288,10.298,2,True,-8.7704,0.7048,.60-.70,
ICP/USDT,2024-12-28,LONG,0.5543,10.668,9.885,3,True,-7.3397,0.6458,.55-.60,
ICP/USDT,2024-12-29,LONG,0.6468,10.154,9.885,2,True,-2.6492,0.8636,.60-.70,
ICP/USDT,2024-12-30,LONG,0.6409,10.031,9.885,1,True,-1.4555,0.2172,.60-.70,
ICP/USDT,2025-01-01,LONG,0.5527,10.507,12.299,3,True,17.0553,1.2747,.55-.60,1-1.5x
ICP/USDT,2025-01-03,LONG,0.6847,12.392,12.299,1,True,-0.7505,2.5796,.60-.70,2-3x
ICP/USDT,2025-01-06,LONG,0.6554,12.19,11.027,1,True,-9.5406,0.1061,.60-.70,
ICP/USDT,2025-01-10,LONG,0.5838,10.317,10.24,2,True,-0.7463,0.3273,.55-.60,
ICP/USDT,2025-01-11,LONG,0.585,10.476,10.24,1,True,-2.2528,0.2647,.55-.60,
ICP/USDT,2025-01-13,LONG,0.6587,9.777,10.637,5,False,8.7962,0.8252,.60-.70,
ICP/USDT,2025-01-14,LONG,0.552,10.235,10.637,4,True,3.9277,0.8364,.55-.60,
ICP/USDT,2025-01-15,LONG,0.5638,11.029,10.637,3,True,-3.5543,1.3881,.55-.60,1-1.5x
ICP/USDT,2025-01-16,LONG,0.5825,10.806,10.637,2,True,-1.5639,0.3604,.55-.60,
ICP/USDT,2025-01-22,LONG,0.5768,9.102,9.233,1,True,1.4392,1.3086,.55-.60,1-1.5x
ICP/USDT,2025-01-24,LONG,0.7089,9.048,8.804,2,True,-2.6967,0.4352,.70-.80,
ICP/USDT,2025-01-30,LONG,0.7212,9.14,8.498,2,True,-7.0241,1.4804,.70-.80,1-1.5x
ICP/USDT,2025-01-31,LONG,0.7095,9.291,8.498,1,True,-8.5351,0.3717,.70-.80,
ICP/USDT,2025-02-06,LONG,0.8686,6.711,6.789,1,True,1.1623,0.8596,>.80,
ICP/USDT,2025-02-08,LONG,0.5814,7.008,6.951,1,True,-0.8134,0.6939,.55-.60,
ICP/USDT,2025-02-10,LONG,0.7365,7.013,7.397,2,True,5.4755,0.1917,.70-.80,
ICP/USDT,2025-02-11,LONG,0.6393,7.092,7.397,1,True,4.3006,0.2534,.60-.70,
ICP/USDT,2025-02-13,LONG,0.6742,7.123,7.1,2,True,-0.3229,0.8031,.60-.70,
ICP/USDT,2025-02-19,LONG,0.6233,6.853,7.195,3,True,4.9905,0.3224,.60-.70,
ICP/USDT,2025-02-26,LONG,0.7637,6.392,6.514,2,True,1.9086,0.2518,.70-.80,
ICP/USDT,2025-02-27,LONG,0.6772,6.663,6.514,1,True,-2.2362,1.2489,.60-.70,1-1.5x
ICP/USDT,2025-03-01,LONG,0.7174,6.585,6.027,3,True,-8.4738,0.3254,.70-.80,
ICP/USDT,2025-03-02,LONG,0.6266,7.233,6.027,2,True,-16.6736,2.4398,.60-.70,2-3x
ICP/USDT,2025-03-08,LONG,0.6526,5.951,5.423,1,True,-8.8725,0.3655,.60-.70,
ICP/USDT,2025-03-11,LONG,0.8244,5.412,5.45,2,True,0.7021,1.1133,>.80,1-1.5x
ICP/USDT,2025-03-12,LONG,0.7598,5.488,5.45,1,True,-0.6924,0.2426,.70-.80,
ICP/USDT,2025-03-14,LONG,0.7641,5.658,5.569,2,True,-1.573,0.6565,.70-.80,
ICP/USDT,2025-03-15,LONG,0.6805,5.826,5.569,1,True,-4.4113,0.5052,.60-.70,
ICP/USDT,2025-03-17,LONG,0.6166,5.892,5.813,1,True,-1.3408,1.0064,.60-.70,1-1.5x
ICP/USDT,2025-03-20,LONG,0.7031,5.74,5.655,1,True,-1.4808,0.7155,.70-.80,
ICP/USDT,2025-03-22,LONG,0.767,5.755,5.836,1,True,1.4075,0.3369,.70-.80,
ICP/USDT,2025-03-24,LONG,0.6948,6.053,6.198,1,True,2.3955,0.8813,.60-.70,
ICP/USDT,2025-03-26,LONG,0.7911,6.079,5.27,4,True,-13.3081,0.4775,.70-.80,
ICP/USDT,2025-03-27,LONG,0.7301,6.097,5.27,3,True,-13.564,0.0742,.70-.80,
ICP/USDT,2025-03-28,LONG,0.7919,5.6,5.27,2,True,-5.8929,1.8602,.70-.80,1.5-2x
ICP/USDT,2025-03-29,LONG,0.6556,5.347,5.27,1,True,-1.4401,1.1231,.60-.70,1-1.5x
ICP/USDT,2025-04-02,LONG,0.6968,5.012,5.059,2,True,0.9377,1.9275,.60-.70,1.5-2x
ICP/USDT,2025-04-03,LONG,0.7661,5.14,5.059,1,True,-1.5759,0.6754,.70-.80,
FIL/USDT,2024-08-28,LONG,0.5531,3.646,3.646,1,True,0.0,0.5295,.55-.60,
FIL/USDT,2024-09-02,LONG,0.6007,3.489,3.353,1,True,-3.898,1.1,.60-.70,1-1.5x
FIL/USDT,2024-09-04,LONG,0.6148,3.394,3.601,5,False,6.099,0.3547,.60-.70,
FIL/USDT,2024-09-05,LONG,0.6962,3.358,3.658,5,False,8.9339,0.307,.60-.70,
FIL/USDT,2024-09-07,LONG,0.6323,3.349,3.655,5,False,9.1371,0.6453,.60-.70,
FIL/USDT,2024-09-08,LONG,0.6614,3.407,3.725,5,False,9.3337,0.4962,.60-.70,
FIL/USDT,2024-09-09,LONG,0.6636,3.601,3.661,5,False,1.6662,1.526,.60-.70,1.5-2x
FIL/USDT,2024-09-11,LONG,0.658,3.601,3.661,3,True,1.6662,0.4434,.60-.70,
FIL/USDT,2024-09-12,LONG,0.6776,3.655,3.661,2,True,0.1642,0.4854,.60-.70,
FIL/USDT,2024-09-21,LONG,0.6465,3.865,3.723,1,True,-3.674,0.8123,.60-.70,
FIL/USDT,2024-09-28,LONG,0.8226,4.128,3.558,3,True,-13.8081,0.5815,>.80,
FIL/USDT,2024-09-29,LONG,0.6781,4.084,3.558,2,True,-12.8795,0.4114,.60-.70,
FIL/USDT,2024-09-30,LONG,0.7228,3.814,3.558,1,True,-6.7121,2.1707,.70-.80,2-3x
FIL/USDT,2024-10-07,LONG,0.7176,3.711,3.504,2,True,-5.578,0.1046,.70-.80,
FIL/USDT,2024-10-08,LONG,0.6172,3.629,3.504,1,True,-3.4445,0.7347,.60-.70,
FIL/USDT,2024-10-17,LONG,0.8398,3.642,3.808,5,False,4.5579,0.9068,>.80,
FIL/USDT,2024-10-18,LONG,0.888,3.775,3.808,4,True,0.8742,1.104,>.80,1-1.5x
FIL/USDT,2024-10-19,LONG,0.5956,3.768,3.808,3,True,1.0616,0.0561,.55-.60,
FIL/USDT,2024-10-20,LONG,0.8877,3.985,3.808,2,True,-4.4417,1.7843,>.80,1.5-2x
FIL/USDT,2024-10-21,LONG,0.8764,3.849,3.808,1,True,-1.0652,1.1681,>.80,1-1.5x
FIL/USDT,2024-10-26,LONG,0.8338,3.472,3.566,1,True,2.7074,0.2265,>.80,
FIL/USDT,2024-10-31,LONG,0.8957,3.538,3.433,2,True,-2.9678,1.353,>.80,1-1.5x
FIL/USDT,2024-11-01,LONG,0.7232,3.472,3.433,1,True,-1.1233,0.5133,.70-.80,
FIL/USDT,2024-11-03,LONG,0.7183,3.341,3.275,1,True,-1.9755,0.8547,.70-.80,
FIL/USDT,2024-11-05,LONG,0.7081,3.391,3.71,1,True,9.4073,1.0802,.70-.80,1-1.5x
FIL/USDT,2024-11-07,LONG,0.6653,3.766,4.05,2,True,7.5412,0.395,.60-.70,
FIL/USDT,2024-11-12,LONG,0.8927,4.22,4.2,3,True,-0.4739,1.0788,>.80,1-1.5x
FIL/USDT,2024-11-13,LONG,0.9682,4.075,4.2,2,True,3.0675,0.8465,>.80,
FIL/USDT,2024-11-14,LONG,0.9019,3.857,4.2,1,True,8.8929,1.4022,>.80,1-1.5x
FIL/USDT,2024-11-18,LONG,0.8325,4.533,4.244,2,True,-6.3755,0.7881,>.80,
FIL/USDT,2024-11-19,LONG,0.9661,4.432,4.244,1,True,-4.2419,0.4,>.80,
FIL/USDT,2024-11-22,LONG,0.9201,4.931,5.809,5,False,17.8057,1.5235,>.80,1.5-2x
FIL/USDT,2024-11-23,LONG,0.8817,5.365,5.81,5,False,8.2945,1.4899,>.80,1-1.5x
FIL/USDT,2024-11-24,LONG,0.7513,5.724,5.81,4,True,1.5024,1.139,.70-.80,1-1.5x
FIL/USDT,2024-11-25,LONG,0.9278,5.457,5.81,3,True,6.4688,0.7627,>.80,
FIL/USDT,2024-11-26,LONG,0.9713,5.433,5.81,2,True,6.9391,0.0741,>.80,
FIL/USDT,2024-11-27,LONG,0.8341,5.809,5.81,1,True,0.0172,1.1484,>.80,1-1.5x
FIL/USDT,2024-11-30,LONG,0.7344,7.073,6.859,1,True,-3.0256,2.267,.70-.80,2-3x
FIL/USDT,2024-12-02,LONG,0.6319,7.28,8.085,2,True,11.0577,0.9176,.60-.70,
FIL/USDT,2024-12-05,LONG,0.8907,7.691,8.073,1,True,4.9668,0.7369,>.80,
FIL/USDT,2024-12-08,LONG,0.9054,7.87,6.269,1,True,-20.3431,0.1095,>.80,
FIL/USDT,2024-12-11,LONG,0.6863,6.683,6.734,1,True,0.7631,1.0089,.60-.70,1-1.5x
FIL/USDT,2024-12-13,LONG,0.7629,6.752,6.433,1,True,-4.7245,0.0362,.70-.80,
FIL/USDT,2024-12-17,LONG,0.601,6.289,5.651,1,True,-10.1447,0.5061,.60-.70,
FIL/USDT,2024-12-20,LONG,0.6778,5.209,4.919,1,True,-5.5673,0.3466,.60-.70,
FIL/USDT,2024-12-22,LONG,0.6333,4.832,5.196,1,True,7.5331,0.2575,.60-.70,
FIL/USDT,2024-12-24,LONG,0.6489,5.463,4.956,5,False,-9.2806,0.7591,.60-.70,
FIL/USDT,2024-12-27,LONG,0.7534,4.952,4.954,4,True,0.0404,0.0789,.70-.80,
FIL/USDT,2024-12-29,LONG,0.6146,4.956,4.954,2,True,-0.0404,0.9309,.60-.70,
FIL/USDT,2024-12-30,LONG,0.5971,4.929,4.954,1,True,0.5072,0.1028,.55-.60,
FIL/USDT,2025-01-02,LONG,0.5872,5.306,5.353,5,False,0.8858,0.7085,.55-.60,
FIL/USDT,2025-01-04,LONG,0.6054,5.639,5.051,5,False,-10.4274,0.0889,.60-.70,
FIL/USDT,2025-01-05,LONG,0.5839,5.912,5.211,5,False,-11.8572,0.9168,.55-.60,
FIL/USDT,2025-01-08,LONG,0.5846,5.112,5.211,2,True,1.9366,0.9279,.55-.60,
FIL/USDT,2025-01-09,LONG,0.6317,5.051,5.211,1,True,3.1677,0.2471,.60-.70,
FIL/USDT,2025-01-12,LONG,0.6499,5.088,5.831,5,False,14.603,0.4943,.60-.70,
FIL/USDT,2025-01-13,LONG,0.6781,4.922,5.448,5,False,10.6867,0.7628,.60-.70,
FIL/USDT,2025-01-16,LONG,0.6013,5.617,4.979,3,True,-11.3584,0.1423,.60-.70,
FIL/USDT,2025-01-18,LONG,0.6842,5.448,4.979,1,True,-8.6087,1.4112,.60-.70,1-1.5x
FIL/USDT,2025-01-20,LONG,0.5655,5.105,5.002,2,True,-2.0176,0.4949,.55-.60,
FIL/USDT,2025-01-21,LONG,0.7344,5.256,5.002,1,True,-4.8326,0.5799,.70-.80,
FIL/USDT,2025-01-24,LONG,0.7054,5.015,4.659,3,True,-7.0987,0.1931,.70-.80,
FIL/USDT,2025-01-25,LONG,0.5745,4.981,4.659,2,True,-6.4646,0.1428,.55-.60,
FIL/USDT,2025-01-29,LONG,0.6284,4.513,4.373,3,True,-3.1021,0.6536,.60-.70,
FIL/USDT,2025-01-30,LONG,0.6364,4.807,4.373,2,True,-9.0285,1.4164,.60-.70,1-1.5x
FIL/USDT,2025-01-31,LONG,0.5685,4.811,4.373,1,True,-9.1041,0.0181,.55-.60,
FIL/USDT,2025-02-06,LONG,0.9532,3.121,3.187,1,True,2.1147,0.6991,>.80,
FIL/USDT,2025-02-09,LONG,0.6965,3.311,3.528,5,False,6.5539,0.0344,.60-.70,
FIL/USDT,2025-02-10,LONG,0.6785,3.429,3.416,5,False,-0.3791,0.672,.60-.70,
FIL/USDT,2025-02-11,LONG,0.6854,3.339,3.416,4,True,2.3061,0.4986,.60-.70,
FIL/USDT,2025-02-12,LONG,0.5756,3.477,3.416,3,True,-1.7544,0.7665,.55-.60,
FIL/USDT,2025-02-13,LONG,0.5977,3.402,3.416,2,True,0.4115,0.4002,.55-.60,
FIL/USDT,2025-02-14,LONG,0.7294,3.528,3.416,1,True,-3.1746,0.6705,.70-.80,
FIL/USDT,2025-02-16,LONG,0.6302,3.4,3.23,2,True,-5.0,0.0851,.60-.70,
FIL/USDT,2025-02-17,LONG,0.5978,3.435,3.23,1,True,-5.968,0.1897,.55-.60,
FIL/USDT,2025-02-19,LONG,0.5873,3.325,3.433,3,True,3.2481,0.5628,.55-.60,
FIL/USDT,2025-02-21,LONG,0.563,3.322,3.433,1,True,3.3414,0.9523,.55-.60,
FIL/USDT,2025-02-28,LONG,0.8367,3.248,3.136,5,False,-3.4483,0.1016,>.80,
FIL/USDT,2025-03-01,LONG,0.7944,3.242,3.136,4,True,-3.2696,0.0438,.70-.80,
FIL/USDT,2025-03-02,LONG,0.6853,3.564,3.136,3,True,-12.009,2.1054,.60-.70,2-3x
FIL/USDT,2025-03-03,LONG,0.7669,3.072,3.136,2,True,2.0833,2.4423,.70-.80,2-3x
FIL/USDT,2025-03-04,LONG,0.5653,3.017,3.136,1,True,3.9443,0.3217,.55-.60,
FIL/USDT,2025-03-08,LONG,0.5721,3.103,2.788,1,True,-10.1515,0.0811,.55-.60,
FIL/USDT,2025-03-11,LONG,0.7649,2.741,2.748,2,True,0.2554,0.6113,.70-.80,
FIL/USDT,2025-03-12,LONG,0.6564,2.789,2.748,1,True,-1.4701,0.3015,.60-.70,
FIL/USDT,2025-03-14,LONG,0.7534,2.884,2.947,1,True,2.1845,0.8526,.70-.80,
FIL/USDT,2025-03-17,LONG,0.5818,3.022,2.926,1,True,-3.1767,1.2154,.55-.60,1-1.5x
FIL/USDT,2025-03-19,LONG,0.5948,3.087,2.991,3,True,-3.1098,0.9901,.55-.60,
FIL/USDT,2025-03-20,LONG,0.6156,3.048,2.991,2,True,-1.8701,0.2271,.60-.70,
FIL/USDT,2025-03-21,LONG,0.6593,2.918,2.991,1,True,2.5017,0.7565,.60-.70,
FIL/USDT,2025-03-23,LONG,0.6939,3.026,3.131,1,True,3.4699,0.2829,.60-.70,
FIL/USDT,2025-03-26,LONG,0.6812,3.026,2.746,3,True,-9.2531,0.8153,.60-.70,
FIL/USDT,2025-03-27,LONG,0.711,3.02,2.746,2,True,-9.0728,0.0478,.70-.80,
FIL/USDT,2025-03-28,LONG,0.5957,2.828,2.746,1,True,-2.8996,1.4526,.55-.60,1-1.5x
FIL/USDT,2025-03-30,LONG,0.6992,2.754,2.779,1,True,0.9078,0.0812,.60-.70,
FIL/USDT,2025-04-02,LONG,0.6908,2.703,2.699,3,True,-0.148,1.2895,.60-.70,1-1.5x
FIL/USDT,2025-04-03,LONG,0.5901,2.731,2.699,2,True,-1.1717,0.2973,.55-.60,
HBAR/USDT,2024-08-28,LONG,0.565,0.05128,0.05119,1,True,-0.1755,0.6837,.55-.60,
HBAR/USDT,2024-09-04,LONG,0.5513,0.04935,0.04861,3,True,-1.4995,0.2569,.55-.60,
HBAR/USDT,2024-09-08,LONG,0.6012,0.04949,0.05238,5,False,5.8396,0.5162,.60-.70,
HBAR/USDT,2024-09-09,LONG,0.5914,0.05106,0.05238,4,True,2.5852,0.8833,.55-.60,
HBAR/USDT,2024-09-11,LONG,0.6011,0.05002,0.05238,2,True,4.7181,0.4967,.60-.70,
HBAR/USDT,2024-09-12,LONG,0.5758,0.0506,0.05238,1,True,3.5178,0.3818,.55-.60,
HBAR/USDT,2024-09-23,LONG,0.5545,0.05787,0.05853,2,True,1.1405,2.5415,.55-.60,2-3x
HBAR/USDT,2024-09-24,LONG,0.7217,0.05775,0.05853,1,True,1.3506,0.0691,.70-.80,
HBAR/USDT,2024-09-28,LONG,0.799,0.06122,0.05743,2,True,-6.1908,0.3391,.70-.80,
HBAR/USDT,2024-09-29,LONG,0.5586,0.06141,0.05743,1,True,-6.481,0.1046,.55-.60,
HBAR/USDT,2024-10-01,LONG,0.615,0.05282,0.05166,1,True,-2.1961,2.0654,.60-.70,2-3x
HBAR/USDT,2024-10-05,LONG,0.6978,0.05312,0.05431,1,True,2.2402,0.7418,.60-.70,
HBAR/USDT,2024-10-13,LONG,0.805,0.05128,0.0561,2,True,9.3994,0.1828,>.80,
HBAR/USDT,2024-10-14,LONG,0.6588,0.05345,0.0561,1,True,4.9579,1.1897,.60-.70,1-1.5x
HBAR/USDT,2024-10-17,LONG,0.7085,0.05116,0.0518,1,True,1.251,1.1711,.70-.80,1-1.5x
HBAR/USDT,2024-10-20,LONG,0.8463,0.05593,0.05257,2,True,-6.0075,1.2499,>.80,1-1.5x
HBAR/USDT,2024-10-29,LONG,0.6437,0.04973,0.04563,3,True,-8.2445,0.529,.60-.70,
HBAR/USDT,2024-10-30,LONG,0.7172,0.04861,0.04563,2,True,-6.1304,0.6774,.70-.80,
HBAR/USDT,2024-10-31,LONG,0.5649,0.04633,0.04563,1,True,-1.5109,1.367,.55-.60,1-1.5x
HBAR/USDT,2024-11-02,LONG,0.6421,0.04498,0.04255,2,True,-5.4024,0.4143,.60-.70,
HBAR/USDT,2024-11-05,LONG,0.6132,0.04607,0.05217,3,True,13.2407,2.2828,.60-.70,2-3x
HBAR/USDT,2024-11-06,LONG,0.7784,0.04898,0.05217,2,True,6.5129,1.6471,.70-.80,1.5-2x
HBAR/USDT,2024-11-07,LONG,0.6296,0.04924,0.05217,1,True,5.9504,0.1388,.60-.70,
HBAR/USDT,2024-11-11,LONG,0.5516,0.0583,0.05947,2,True,2.0069,1.5803,.55-.60,1.5-2x
HBAR/USDT,2024-11-12,LONG,0.9155,0.06464,0.05947,1,True,-7.9981,2.4006,>.80,2-3x
HBAR/USDT,2024-11-14,LONG,0.624,0.06384,0.09017,2,True,41.2437,1.5137,.60-.70,1.5-2x
HBAR/USDT,2024-11-15,LONG,0.9134,0.07239,0.09017,1,True,24.5614,2.4254,>.80,2-3x
HBAR/USDT,2024-11-17,LONG,0.5559,0.09025,0.14427,1,True,59.856,0.0119,.55-.60,
HBAR/USDT,2024-11-19,LONG,0.9936,0.133,0.1469,3,True,10.4511,0.5257,>.80,
HBAR/USDT,2024-11-20,LONG,0.8659,0.12176,0.1469,2,True,20.6472,0.5624,>.80,
HBAR/USDT,2024-11-21,LONG,0.9654,0.12674,0.1469,1,True,15.9066,0.2739,>.80,
HBAR/USDT,2024-11-25,LONG,0.9593,0.13483,0.14181,2,True,5.1769,0.5408,>.80,
HBAR/USDT,2024-11-26,LONG,0.8671,0.13923,0.14181,1,True,1.853,0.2134,>.80,
HBAR/USDT,2024-11-29,LONG,0.6647,0.17781,0.17017,1,True,-4.2967,1.4542,.60-.70,1-1.5x
HBAR/USDT,2024-12-03,LONG,0.8629,0.31427,0.28755,1,True,-8.5022,0.0445,>.80,
HBAR/USDT,2024-12-05,LONG,0.6707,0.29204,0.36765,1,True,25.8903,0.0824,.60-.70,
HBAR/USDT,2024-12-07,LONG,0.6922,0.33192,0.28006,2,True,-15.6242,0.5021,.60-.70,
HBAR/USDT,2024-12-13,LONG,0.7526,0.31432,0.2944,1,True,-6.3375,0.515,.70-.80,
HBAR/USDT,2024-12-15,LONG,0.5649,0.29595,0.28454,2,True,-3.8554,0.0352,.55-.60,
HBAR/USDT,2024-12-18,LONG,0.6632,0.27251,0.25385,3,True,-6.8475,0.2775,.60-.70,
HBAR/USDT,2024-12-22,LONG,0.673,0.26554,0.29151,1,True,9.7801,0.5521,.60-.70,
HBAR/USDT,2024-12-24,LONG,0.5696,0.32874,0.31329,1,True,-4.6998,1.4417,.55-.60,1-1.5x
HBAR/USDT,2024-12-28,LONG,0.6279,0.29443,0.26896,3,True,-8.6506,0.9305,.60-.70,
HBAR/USDT,2024-12-29,LONG,0.5827,0.27888,0.26896,2,True,-3.5571,0.8857,.55-.60,
HBAR/USDT,2024-12-30,LONG,0.589,0.27866,0.26896,1,True,-3.4809,0.0133,.55-.60,
HBAR/USDT,2025-01-01,LONG,0.5584,0.2948,0.31361,2,True,6.3806,1.5284,.55-.60,1.5-2x
HBAR/USDT,2025-01-04,LONG,0.6228,0.30574,0.26874,5,False,-12.1018,0.4108,.60-.70,
HBAR/USDT,2025-01-06,LONG,0.5912,0.30805,0.29213,5,False,-5.168,0.3677,.55-.60,
HBAR/USDT,2025-01-10,LONG,0.597,0.28159,0.27508,3,True,-2.3119,0.7765,.55-.60,
HBAR/USDT,2025-01-11,LONG,0.5741,0.29213,0.27508,2,True,-5.8364,0.6104,.55-.60,
HBAR/USDT,2025-01-12,LONG,0.562,0.2781,0.27508,1,True,-1.0859,0.8209,.55-.60,
HBAR/USDT,2025-01-15,LONG,0.5511,0.32227,0.35474,3,True,10.0754,2.2957,.55-.60,2-3x
HBAR/USDT,2025-01-16,LONG,0.6605,0.36272,0.35474,2,True,-2.2,2.138,.60-.70,2-3x
HBAR/USDT,2025-01-19,LONG,0.7705,0.32615,0.33774,2,True,3.5536,1.3118,.70-.80,1-1.5x
HBAR/USDT,2025-01-23,LONG,0.5648,0.32806,0.29903,5,False,-8.849,0.1065,.55-.60,
HBAR/USDT,2025-01-26,LONG,0.5553,0.3232,0.29903,2,True,-7.4783,0.4779,.55-.60,
HBAR/USDT,2025-01-29,LONG,0.7205,0.30871,0.28503,3,True,-7.6706,0.5927,.70-.80,
HBAR/USDT,2025-01-30,LONG,0.6424,0.31608,0.28503,2,True,-9.8235,0.4424,.60-.70,
HBAR/USDT,2025-01-31,LONG,0.5956,0.30669,0.28503,1,True,-7.0625,0.5494,.55-.60,
HBAR/USDT,2025-02-03,LONG,0.7333,0.27483,0.22868,3,True,-16.7922,1.347,.70-.80,1-1.5x
HBAR/USDT,2025-02-05,LONG,0.6818,0.23859,0.22868,1,True,-4.1536,0.9141,.60-.70,
HBAR/USDT,2025-02-07,LONG,0.7191,0.23272,0.23413,1,True,0.6059,0.3586,.70-.80,
HBAR/USDT,2025-02-10,LONG,0.6697,0.23185,0.2352,2,True,1.4449,0.2544,.60-.70,
HBAR/USDT,2025-02-11,LONG,0.7,0.22881,0.2352,1,True,2.7927,0.2896,.60-.70,
HBAR/USDT,2025-02-13,LONG,0.5509,0.22551,0.23074,1,True,2.3192,0.8886,.55-.60,
HBAR/USDT,2025-02-16,LONG,0.5923,0.22012,0.21235,1,True,-3.5299,0.8395,.55-.60,
HBAR/USDT,2025-02-18,LONG,0.5685,0.20702,0.21119,5,False,2.0143,0.5567,.55-.60,
HBAR/USDT,2025-02-20,LONG,0.6399,0.22203,0.21119,3,True,-4.8822,0.61,.60-.70,
HBAR/USDT,2025-03-01,LONG,0.6939,0.25266,0.22326,2,True,-11.6362,3.4274,.60-.70,3-5x
HBAR/USDT,2025-03-07,LONG,0.725,0.23257,0.22702,1,True,-2.3864,0.3215,.70-.80,
HBAR/USDT,2025-03-10,LONG,0.7504,0.18941,0.20095,2,True,6.0926,0.682,.70-.80,
HBAR/USDT,2025-03-11,LONG,0.7241,0.19711,0.20095,1,True,1.9482,0.5548,.70-.80,
HBAR/USDT,2025-03-14,LONG,0.6857,0.19113,0.1975,5,False,3.3328,0.1302,.60-.70,
HBAR/USDT,2025-03-15,LONG,0.7104,0.19279,0.1975,4,True,2.4431,0.1178,.70-.80,
HBAR/USDT,2025-03-17,LONG,0.5594,0.1915,0.1975,2,True,3.1332,0.485,.55-.60,
HBAR/USDT,2025-03-20,LONG,0.5729,0.18998,0.18466,1,True,-2.8003,0.5252,.55-.60,
HBAR/USDT,2025-03-23,LONG,0.655,0.18586,0.19468,2,True,4.7455,0.3819,.60-.70,
HBAR/USDT,2025-03-24,LONG,0.5905,0.19313,0.19468,1,True,0.8026,0.9153,.55-.60,
HBAR/USDT,2025-03-27,LONG,0.6075,0.19356,0.16322,4,True,-15.6747,0.232,.60-.70,
HBAR/USDT,2025-03-28,LONG,0.6657,0.18229,0.16322,3,True,-10.4614,1.3695,.60-.70,1-1.5x
HBAR/USDT,2025-03-29,LONG,0.5614,0.17207,0.16322,2,True,-5.1433,1.5853,.55-.60,1.5-2x
HBAR/USDT,2025-04-04,LONG,0.5724,0.16426,0.16207,1,True,-1.3333,0.3033,.55-.60,
ETC/USDT,2024-08-28,LONG,0.5926,18.57,18.56,2,True,-0.0539,0.5189,.55-.60,
ETC/USDT,2024-08-29,LONG,0.5656,18.46,18.56,1,True,0.5417,0.2111,.55-.60,
ETC/USDT,2024-08-31,LONG,0.5982,18.41,18.28,2,True,-0.7061,0.3133,.55-.60,
ETC/USDT,2024-09-04,LONG,0.5584,18.08,18.35,5,False,1.4934,0.8417,.55-.60,
ETC/USDT,2024-09-07,LONG,0.5705,17.63,18.56,5,False,5.2751,0.6535,.55-.60,
ETC/USDT,2024-09-08,LONG,0.6114,17.95,18.86,5,False,5.0696,0.6233,.60-.70,
ETC/USDT,2024-09-09,LONG,0.5959,18.35,18.61,5,False,1.4169,0.752,.55-.60,
ETC/USDT,2024-09-11,LONG,0.5956,18.45,17.74,5,False,-3.8482,0.2059,.55-.60,
ETC/USDT,2024-09-12,LONG,0.5773,18.56,17.98,5,False,-3.125,0.2338,.55-.60,
ETC/USDT,2024-09-29,LONG,0.6495,20.44,18.52,4,True,-9.3933,0.3043,.60-.70,
ETC/USDT,2024-09-30,LONG,0.6542,19.47,18.52,3,True,-4.8793,1.99,.60-.70,1.5-2x
ETC/USDT,2024-10-02,LONG,0.6145,17.94,18.52,1,True,3.233,0.9657,.60-.70,
ETC/USDT,2024-10-05,LONG,0.5546,18.54,18.76,1,True,1.1866,0.4628,.55-.60,
ETC/USDT,2024-10-08,LONG,0.5833,18.34,18.79,4,True,2.4537,0.4484,.55-.60,
ETC/USDT,2024-10-10,LONG,0.772,18.2,18.79,2,True,3.2418,0.1718,.70-.80,
ETC/USDT,2024-10-11,LONG,0.656,18.59,18.79,1,True,1.0758,0.8287,.60-.70,
ETC/USDT,2024-10-17,LONG,0.7648,19.05,19.37,1,True,1.6798,0.6983,.70-.80,
ETC/USDT,2024-10-20,LONG,0.8594,20.21,19.42,1,True,-3.909,0.6664,>.80,
ETC/USDT,2024-10-31,LONG,0.9149,18.6,17.8,3,True,-4.3011,1.7636,>.80,1.5-2x
ETC/USDT,2024-11-01,LONG,0.8149,18.47,17.8,2,True,-3.6275,0.2829,>.80,
ETC/USDT,2024-11-02,LONG,0.664,18.13,17.8,1,True,-1.8202,0.7398,.60-.70,
ETC/USDT,2024-11-04,LONG,0.7253,17.6,21.77,5,False,23.6932,0.512,.70-.80,
ETC/USDT,2024-11-05,LONG,0.7209,18.23,21.77,4,True,19.4185,1.5094,.70-.80,1.5-2x
ETC/USDT,2024-11-06,LONG,0.7022,19.69,21.77,3,True,10.5637,2.687,.70-.80,2-3x
ETC/USDT,2024-11-07,LONG,0.7229,20.26,21.77,2,True,7.4531,0.9572,.70-.80,
ETC/USDT,2024-11-11,LONG,0.6597,24.34,22.99,4,True,-5.5464,1.6877,.60-.70,1.5-2x
ETC/USDT,2024-11-12,LONG,0.9211,22.78,22.99,3,True,0.9219,1.7033,>.80,1.5-2x
ETC/USDT,2024-11-13,LONG,0.9775,22.1,22.99,2,True,4.0271,0.7714,>.80,
ETC/USDT,2024-11-14,LONG,0.9393,21.81,22.99,1,True,5.4104,0.3472,>.80,
ETC/USDT,2024-11-17,LONG,0.583,25.85,25.37,3,True,-1.8569,0.6189,.55-.60,
ETC/USDT,2024-11-18,LONG,0.7546,27.07,25.37,2,True,-6.28,0.8899,.70-.80,
ETC/USDT,2024-11-19,LONG,0.9891,26.17,25.37,1,True,-3.0569,0.6141,>.80,
ETC/USDT,2024-11-21,LONG,0.5807,27.35,28.52,1,True,4.2779,1.4238,.55-.60,1-1.5x
ETC/USDT,2024-11-24,LONG,0.8677,28.83,31.92,4,True,10.718,0.4937,>.80,
ETC/USDT,2024-11-25,LONG,0.6704,29.76,31.92,3,True,7.2581,0.5974,.60-.70,
ETC/USDT,2024-11-26,LONG,0.9442,28.34,31.92,2,True,12.6323,0.8702,>.80,
ETC/USDT,2024-11-27,LONG,0.9578,32.87,31.92,1,True,-2.8902,2.5306,>.80,2-3x
ETC/USDT,2024-11-29,LONG,0.8954,31.93,33.32,2,True,4.3533,0.0049,>.80,
ETC/USDT,2024-11-30,LONG,0.8569,32.7,33.32,1,True,1.896,0.3816,>.80,
ETC/USDT,2024-12-04,LONG,0.5963,37.68,35.63,1,True,-5.4406,1.4231,.55-.60,1-1.5x
ETC/USDT,2024-12-07,LONG,0.8647,37.2,37.08,1,True,-0.3226,0.5219,>.80,
ETC/USDT,2024-12-10,LONG,0.683,30.2,32.56,4,True,7.8146,0.567,.60-.70,
ETC/USDT,2024-12-11,LONG,0.5788,33.51,32.56,3,True,-2.835,1.6287,.55-.60,1.5-2x
ETC/USDT,2024-12-12,LONG,0.9358,33.83,32.56,2,True,-3.7541,0.1427,>.80,
ETC/USDT,2024-12-13,LONG,0.8005,34.01,32.56,1,True,-4.2635,0.0799,>.80,
ETC/USDT,2024-12-19,LONG,0.6629,26.72,26.05,2,True,-2.5075,1.4367,.60-.70,1-1.5x
ETC/USDT,2024-12-20,LONG,0.6916,27.44,26.05,1,True,-5.0656,0.4256,.60-.70,
ETC/USDT,2024-12-24,LONG,0.5617,27.93,27.3,1,True,-2.2556,0.2246,.55-.60,
ETC/USDT,2024-12-29,LONG,0.592,25.51,25.07,2,True,-1.7248,0.82,.55-.60,
ETC/USDT,2025-01-02,LONG,0.614,26.91,28.36,2,True,5.3883,0.99,.60-.70,
ETC/USDT,2025-01-03,LONG,0.5815,28.44,28.36,1,True,-0.2813,1.2779,.55-.60,1-1.5x
ETC/USDT,2025-01-05,LONG,0.637,28.13,25.66,5,False,-8.7807,0.1875,.60-.70,
ETC/USDT,2025-01-09,LONG,0.5613,24.86,25.66,1,True,3.218,0.4303,.55-.60,
ETC/USDT,2025-01-13,LONG,0.6288,24.58,26.95,5,False,9.642,0.786,.60-.70,
ETC/USDT,2025-01-16,LONG,0.5819,26.7,26.95,2,True,0.9363,0.4301,.55-.60,
ETC/USDT,2025-01-19,LONG,0.5988,25.44,27.12,2,True,6.6038,1.3308,.55-.60,1-1.5x
ETC/USDT,2025-01-24,LONG,0.7272,27.39,26.0,3,True,-5.0748,1.2244,.70-.80,1-1.5x
ETC/USDT,2025-01-25,LONG,0.5893,27.04,26.0,2,True,-3.8462,0.2766,.55-.60,
ETC/USDT,2025-01-26,LONG,0.659,26.19,26.0,1,True,-0.7255,0.6774,.60-.70,
ETC/USDT,2025-01-30,LONG,0.5902,26.28,24.98,2,True,-4.9467,0.6985,.55-.60,
ETC/USDT,2025-01-31,LONG,0.5838,26.84,24.98,1,True,-6.93,0.5114,.55-.60,
ETC/USDT,2025-02-04,LONG,0.5754,20.65,20.69,1,True,0.1937,1.3432,.55-.60,1-1.5x
ETC/USDT,2025-02-08,LONG,0.6829,20.12,21.14,5,False,5.0696,0.3782,.60-.70,
ETC/USDT,2025-02-09,LONG,0.662,20.16,21.39,5,False,6.1012,0.0454,.60-.70,
ETC/USDT,2025-02-10,LONG,0.6541,20.68,21.39,4,True,3.4333,0.6111,.60-.70,
ETC/USDT,2025-02-11,LONG,0.5762,20.23,21.39,3,True,5.7341,0.515,.55-.60,
ETC/USDT,2025-02-12,LONG,0.5633,21.38,21.39,2,True,0.0468,1.437,.55-.60,1-1.5x
ETC/USDT,2025-02-13,LONG,0.5728,21.14,21.39,1,True,1.1826,0.2931,.55-.60,
ETC/USDT,2025-02-16,LONG,0.6074,20.44,20.89,1,True,2.2016,0.4608,.60-.70,
ETC/USDT,2025-02-18,LONG,0.5713,20.18,20.93,2,True,3.7166,0.8854,.55-.60,
ETC/USDT,2025-02-19,LONG,0.5696,21.18,20.93,1,True,-1.1804,1.2462,.55-.60,1-1.5x
ETC/USDT,2025-02-22,LONG,0.5924,20.47,20.75,1,True,1.3679,0.4018,.55-.60,
ETC/USDT,2025-02-25,LONG,0.614,18.89,18.73,2,True,-0.847,0.4034,.60-.70,
ETC/USDT,2025-02-26,LONG,0.6906,18.77,18.73,1,True,-0.2131,0.1848,.60-.70,
ETC/USDT,2025-02-28,LONG,0.6394,19.57,19.06,1,True,-2.606,1.2564,.60-.70,1-1.5x
ETC/USDT,2025-03-04,LONG,0.692,18.95,20.48,1,True,8.0739,0.2714,.60-.70,
ETC/USDT,2025-03-07,LONG,0.6324,20.4,17.94,2,True,-12.0588,0.4315,.60-.70,
ETC/USDT,2025-03-08,LONG,0.6252,20.23,17.94,1,True,-11.3198,0.1635,.60-.70,
ETC/USDT,2025-03-11,LONG,0.8079,17.87,17.98,1,True,0.6156,1.0197,>.80,1-1.5x
ETC/USDT,2025-03-14,LONG,0.7002,18.02,18.55,5,False,2.9412,0.1161,.70-.80,
ETC/USDT,2025-03-15,LONG,0.7253,17.94,17.89,5,False,-0.2787,0.0771,.70-.80,
ETC/USDT,2025-03-16,LONG,0.634,17.49,17.7,5,False,1.2007,0.472,.60-.70,
ETC/USDT,2025-03-18,LONG,0.6259,17.72,17.67,4,True,-0.2822,0.1367,.60-.70,
ETC/USDT,2025-03-19,LONG,0.6253,18.55,17.67,3,True,-4.7439,0.8619,.60-.70,
ETC/USDT,2025-03-23,LONG,0.6507,17.81,18.0,3,True,1.0668,0.1913,.60-.70,
ETC/USDT,2025-03-24,LONG,0.5554,18.31,18.0,2,True,-1.6931,0.6712,.55-.60,
ETC/USDT,2025-03-25,LONG,0.6501,18.42,18.0,1,True,-2.2801,0.1613,.60-.70,
ETC/USDT,2025-03-27,LONG,0.6463,17.81,17.15,1,True,-3.7058,0.288,.60-.70,
ETC/USDT,2025-03-29,LONG,0.573,16.6,16.5,1,True,-0.6024,1.1209,.55-.60,1-1.5x
ETC/USDT,2025-04-04,LONG,0.5833,16.23,14.16,2,True,-12.7542,0.0,.55-.60,
ETC/USDT,2025-04-05,LONG,0.6368,15.89,14.16,1,True,-10.8874,0.8753,.60-.70,
NEAR/USDT,2024-08-28,LONG,0.5647,4.343,3.99,5,False,-8.128,0.8706,.55-.60,
NEAR/USDT,2024-08-29,LONG,0.6446,4.214,3.99,4,True,-5.3156,0.6249,.60-.70,
NEAR/USDT,2024-08-30,LONG,0.6595,4.114,3.99,3,True,-3.0141,0.4989,.60-.70,
NEAR/USDT,2024-08-31,LONG,0.5553,4.031,3.99,2,True,-1.0171,0.4498,.55-.60,
NEAR/USDT,2024-09-09,LONG,0.6857,4.015,4.193,5,False,4.4334,1.3767,.60-.70,1-1.5x
NEAR/USDT,2024-09-11,LONG,0.6835,3.967,4.193,3,True,5.697,0.3274,.60-.70,
NEAR/USDT,2024-09-12,LONG,0.6436,4.247,4.193,2,True,-1.2715,1.6716,.60-.70,1.5-2x
NEAR/USDT,2024-09-15,LONG,0.6314,4.016,3.88,1,True,-3.3865,1.0203,.60-.70,1-1.5x
NEAR/USDT,2024-09-17,LONG,0.5833,4.132,4.364,2,True,5.6147,1.5223,.55-.60,1.5-2x
NEAR/USDT,2024-09-18,LONG,0.7397,4.25,4.364,1,True,2.6824,0.6698,.70-.80,
NEAR/USDT,2024-09-20,LONG,0.5851,4.385,4.524,2,True,3.1699,0.114,.55-.60,
NEAR/USDT,2024-09-21,LONG,0.6224,4.665,4.524,1,True,-3.0225,1.5026,.60-.70,1.5-2x
NEAR/USDT,2024-09-23,LONG,0.6003,5.174,5.345,1,True,3.305,2.9115,.60-.70,2-3x
NEAR/USDT,2024-09-26,LONG,0.6679,5.547,5.559,2,True,0.2163,1.6396,.60-.70,1.5-2x
NEAR/USDT,2024-09-27,LONG,0.8024,5.457,5.559,1,True,1.8692,0.3308,>.80,
NEAR/USDT,2024-09-29,LONG,0.646,5.502,4.84,2,True,-12.032,0.2131,.60-.70,
NEAR/USDT,2024-09-30,LONG,0.7766,5.287,4.84,1,True,-8.4547,0.7868,.70-.80,
NEAR/USDT,2024-10-02,LONG,0.6893,4.627,4.639,1,True,0.2593,0.822,.60-.70,
NEAR/USDT,2024-10-11,LONG,0.6425,4.738,5.024,3,True,6.0363,0.6038,.60-.70,
NEAR/USDT,2024-10-12,LONG,0.7459,4.846,5.024,2,True,3.6731,0.4456,.70-.80,
NEAR/USDT,2024-10-13,LONG,0.7121,4.702,5.024,1,True,6.8481,0.7468,.70-.80,
NEAR/USDT,2024-10-16,LONG,0.5546,4.946,4.771,1,True,-3.5382,0.6558,.55-.60,
NEAR/USDT,2024-10-19,LONG,0.5587,4.818,4.679,3,True,-2.885,0.4069,.55-.60,
NEAR/USDT,2024-10-20,LONG,0.7236,4.979,4.679,2,True,-6.0253,0.8726,.70-.80,
NEAR/USDT,2024-10-23,LONG,0.6792,4.653,4.722,1,True,1.4829,0.1674,.60-.70,
NEAR/USDT,2024-10-26,LONG,0.6554,4.24,4.309,1,True,1.6274,0.4038,.60-.70,
NEAR/USDT,2024-10-29,LONG,0.5725,4.439,3.93,3,True,-11.4665,0.8176,.55-.60,
NEAR/USDT,2024-10-30,LONG,0.5699,4.31,3.93,2,True,-8.8167,0.7421,.55-.60,
NEAR/USDT,2024-11-02,LONG,0.5822,3.81,3.621,2,True,-4.9606,0.763,.55-.60,
NEAR/USDT,2024-11-12,LONG,0.7591,5.34,5.558,3,True,4.0824,0.6378,.70-.80,
NEAR/USDT,2024-11-13,LONG,0.9198,5.168,5.558,2,True,7.5464,0.5052,>.80,
NEAR/USDT,2024-11-14,LONG,0.7368,5.414,5.558,1,True,2.6598,0.83,.70-.80,
NEAR/USDT,2024-11-17,LONG,0.7163,5.704,5.476,3,True,-3.9972,0.6806,.70-.80,
NEAR/USDT,2024-11-18,LONG,0.8336,6.023,5.476,2,True,-9.0819,0.9226,>.80,
NEAR/USDT,2024-11-19,LONG,0.9435,5.783,5.476,1,True,-5.3087,0.6522,>.80,
NEAR/USDT,2024-11-22,LONG,0.8878,6.13,6.19,1,True,0.9788,0.9866,>.80,
NEAR/USDT,2024-11-24,LONG,0.6068,6.871,6.46,1,True,-5.9817,1.8392,.60-.70,1.5-2x
NEAR/USDT,2024-11-27,LONG,0.6539,6.82,7.012,1,True,2.8152,0.7676,.60-.70,
NEAR/USDT,2024-11-29,LONG,0.6343,6.961,7.477,3,True,7.4127,0.122,.60-.70,
NEAR/USDT,2024-12-01,LONG,0.8348,6.914,7.477,1,True,8.1429,0.2771,>.80,
NEAR/USDT,2024-12-03,LONG,0.7068,7.383,7.471,1,True,1.1919,0.2661,.70-.80,
NEAR/USDT,2024-12-05,LONG,0.6849,7.613,8.015,1,True,5.2804,0.4067,.60-.70,
NEAR/USDT,2024-12-10,LONG,0.5868,6.424,6.683,4,True,4.0318,0.2092,.55-.60,
NEAR/USDT,2024-12-11,LONG,0.5849,6.849,6.683,3,True,-2.4237,1.1313,.55-.60,1-1.5x
NEAR/USDT,2024-12-12,LONG,0.8841,6.914,6.683,2,True,-3.341,0.1655,>.80,
NEAR/USDT,2024-12-13,LONG,0.7415,6.938,6.683,1,True,-3.6754,0.0605,.70-.80,
NEAR/USDT,2024-12-17,LONG,0.5565,6.379,5.688,1,True,-10.8324,0.7001,.55-.60,
NEAR/USDT,2024-12-20,LONG,0.7214,5.354,5.019,1,True,-6.257,0.497,.70-.80,
NEAR/USDT,2024-12-24,LONG,0.5677,5.552,5.447,1,True,-1.8912,0.3341,.55-.60,
NEAR/USDT,2024-12-28,LONG,0.6646,5.345,5.046,2,True,-5.594,0.755,.60-.70,
NEAR/USDT,2024-12-29,LONG,0.6092,5.129,5.046,1,True,-1.6182,0.8214,.60-.70,
NEAR/USDT,2025-01-02,LONG,0.6395,5.444,5.788,2,True,6.3189,0.6019,.60-.70,
NEAR/USDT,2025-01-03,LONG,0.639,5.818,5.788,1,True,-0.5156,1.291,.60-.70,1-1.5x
NEAR/USDT,2025-01-06,LONG,0.5815,6.017,5.155,2,True,-14.3261,0.3461,.55-.60,
NEAR/USDT,2025-01-13,LONG,0.6376,4.754,5.446,5,False,14.5562,0.9845,.60-.70,
NEAR/USDT,2025-01-16,LONG,0.5876,5.158,5.446,2,True,5.5836,0.642,.55-.60,
NEAR/USDT,2025-01-21,LONG,0.7458,5.255,4.982,2,True,-5.1951,0.5613,.70-.80,
NEAR/USDT,2025-01-22,LONG,0.6117,5.096,4.982,1,True,-2.237,0.5554,.60-.70,
NEAR/USDT,2025-01-24,LONG,0.6476,5.004,4.759,2,True,-4.8961,0.0848,.60-.70,
NEAR/USDT,2025-01-25,LONG,0.5504,4.927,4.759,1,True,-3.4098,0.2976,.55-.60,
NEAR/USDT,2025-01-27,LONG,0.5913,4.638,4.412,2,True,-4.8728,0.5486,.55-.60,
NEAR/USDT,2025-01-30,LONG,0.696,4.604,4.26,2,True,-7.4718,0.8776,.60-.70,
NEAR/USDT,2025-01-31,LONG,0.5682,4.618,4.26,1,True,-7.7523,0.0613,.55-.60,
NEAR/USDT,2025-02-03,LONG,0.6163,3.774,3.143,3,True,-16.7197,0.1161,.60-.70,
NEAR/USDT,2025-02-05,LONG,0.6969,3.28,3.143,1,True,-4.1768,0.6085,.60-.70,
NEAR/USDT,2025-02-10,LONG,0.5999,3.207,3.433,2,True,7.0471,0.1935,.55-.60,
NEAR/USDT,2025-02-11,LONG,0.7669,3.201,3.433,1,True,7.2477,0.0424,.70-.80,
NEAR/USDT,2025-02-13,LONG,0.7174,3.376,3.551,1,True,5.1836,0.3414,.70-.80,
NEAR/USDT,2025-02-15,LONG,0.8783,3.405,3.418,1,True,0.3818,0.8019,>.80,
NEAR/USDT,2025-02-17,LONG,0.8235,3.259,3.14,1,True,-3.6514,0.9324,>.80,
NEAR/USDT,2025-02-20,LONG,0.851,3.468,3.431,3,True,-1.0669,1.7984,>.80,1.5-2x
NEAR/USDT,2025-02-22,LONG,0.5661,3.469,3.431,1,True,-1.0954,1.0134,.55-.60,1-1.5x
NEAR/USDT,2025-02-24,LONG,0.565,3.065,3.008,1,True,-1.8597,2.2323,.55-.60,2-3x
NEAR/USDT,2025-02-26,LONG,0.8643,3.022,3.057,1,True,1.1582,0.1,>.80,
NEAR/USDT,2025-03-01,LONG,0.6916,3.27,3.554,1,True,8.685,1.3701,.60-.70,1-1.5x
NEAR/USDT,2025-03-08,LONG,0.6667,2.887,2.549,1,True,-11.7077,0.2795,.60-.70,
NEAR/USDT,2025-03-11,LONG,0.8284,2.449,2.573,2,True,5.0633,1.0017,>.80,1-1.5x
NEAR/USDT,2025-03-12,LONG,0.8743,2.556,2.573,1,True,0.6651,0.6254,>.80,
NEAR/USDT,2025-03-14,LONG,0.6897,2.604,2.64,3,True,1.3825,0.176,.60-.70,
NEAR/USDT,2025-03-15,LONG,0.7282,2.644,2.64,2,True,-0.1513,0.2236,.70-.80,
NEAR/USDT,2025-03-16,LONG,0.8702,2.517,2.64,1,True,4.8868,0.7325,>.80,
NEAR/USDT,2025-03-20,LONG,0.5673,2.737,2.715,1,True,-0.8038,0.2835,.55-.60,
NEAR/USDT,2025-03-22,LONG,0.7473,2.731,2.778,1,True,1.721,0.0921,.70-.80,
NEAR/USDT,2025-03-24,LONG,0.6178,2.923,2.567,5,False,-12.1793,0.9847,.60-.70,
NEAR/USDT,2025-03-25,LONG,0.6432,3.028,2.567,4,True,-15.2246,0.6935,.60-.70,
NEAR/USDT,2025-03-26,LONG,0.7874,2.984,2.567,3,True,-13.9745,0.2812,.70-.80,
NEAR/USDT,2025-03-27,LONG,0.6123,3.015,2.567,2,True,-14.859,0.2041,.60-.70,
NEAR/USDT,2025-03-28,LONG,0.7739,2.734,2.567,1,True,-6.1083,1.6915,.70-.80,1.5-2x
NEAR/USDT,2025-03-30,LONG,0.5819,2.592,2.51,1,True,-3.1636,0.2244,.55-.60,
NEAR/USDT,2025-04-01,LONG,0.71,2.65,2.45,1,True,-7.5472,1.327,.70-.80,1-1.5x
NEAR/USDT,2025-04-04,LONG,0.8669,2.507,2.443,1,True,-2.5529,0.0175,>.80,
APT/USDT,2024-09-03,LONG,0.6379,6.131,6.121,1,True,-0.1631,0.8976,.60-.70,
APT/USDT,2024-09-05,LONG,0.7882,5.776,6.275,5,False,8.6392,1.5077,.70-.80,1.5-2x
APT/USDT,2024-09-07,LONG,0.5935,5.858,6.275,3,True,7.1185,0.7054,.55-.60,
APT/USDT,2024-09-08,LONG,0.7483,6.04,6.275,2,True,3.8907,0.8398,.70-.80,
APT/USDT,2024-09-09,LONG,0.6648,6.301,6.275,1,True,-0.4126,1.131,.60-.70,1-1.5x
APT/USDT,2024-09-11,LONG,0.7639,6.092,6.306,2,True,3.5128,0.7942,.70-.80,
APT/USDT,2024-09-12,LONG,0.6222,6.175,6.306,1,True,2.1215,0.4593,.60-.70,
APT/USDT,2024-09-14,LONG,0.6894,6.061,5.874,1,True,-3.0853,1.2923,.60-.70,1-1.5x
APT/USDT,2024-09-18,LONG,0.7819,6.23,6.804,1,True,9.2135,1.4901,.70-.80,1-1.5x
APT/USDT,2024-09-23,LONG,0.8805,7.955,8.006,2,True,0.6411,0.0292,>.80,
APT/USDT,2024-09-24,LONG,0.6334,8.156,8.006,1,True,-1.8391,0.5353,.60-.70,
APT/USDT,2024-09-27,LONG,0.5638,8.497,7.786,5,False,-8.3677,1.1776,.55-.60,1-1.5x
APT/USDT,2024-09-29,LONG,0.7754,8.073,7.786,3,True,-3.5551,0.0184,.70-.80,
APT/USDT,2024-09-30,LONG,0.6621,7.669,7.786,2,True,1.5256,1.0167,.60-.70,1-1.5x
APT/USDT,2024-10-01,LONG,0.6917,7.554,7.786,1,True,3.0712,0.3079,.60-.70,
APT/USDT,2024-10-04,LONG,0.9337,9.09,8.607,1,True,-5.3135,1.19,>.80,1-1.5x
APT/USDT,2024-10-10,LONG,0.8297,8.101,8.514,1,True,5.0981,0.9569,>.80,
APT/USDT,2024-10-12,LONG,0.8057,9.926,10.176,2,True,2.5186,2.7471,>.80,2-3x
APT/USDT,2024-10-13,LONG,0.7004,10.189,10.176,1,True,-0.1276,0.439,.70-.80,
APT/USDT,2024-10-15,LONG,0.617,10.457,9.933,2,True,-5.011,0.4602,.60-.70,
APT/USDT,2024-10-16,LONG,0.8952,10.024,9.933,1,True,-0.9078,0.6753,>.80,
APT/USDT,2024-10-23,LONG,0.7076,9.933,8.945,2,True,-9.9466,0.7985,.70-.80,
APT/USDT,2024-10-26,LONG,0.7408,9.304,9.201,1,True,-1.1071,0.66,.70-.80,
APT/USDT,2024-10-28,LONG,0.8299,9.217,10.042,1,True,8.9509,0.0297,>.80,
APT/USDT,2024-10-30,LONG,0.6025,9.791,9.09,1,True,-7.1596,0.4393,.60-.70,
APT/USDT,2024-11-03,LONG,0.5735,8.192,8.456,2,True,3.2227,1.0964,.55-.60,1-1.5x
APT/USDT,2024-11-04,LONG,0.6036,8.064,8.456,1,True,4.8611,0.3453,.60-.70,
APT/USDT,2024-11-06,LONG,0.6532,9.57,9.721,2,True,1.5778,2.3509,.60-.70,2-3x
APT/USDT,2024-11-07,LONG,0.612,9.819,9.721,1,True,-0.9981,0.462,.60-.70,
APT/USDT,2024-11-09,LONG,0.6442,10.428,13.718,2,True,31.5497,1.256,.60-.70,1-1.5x
APT/USDT,2024-11-12,LONG,0.7563,12.356,11.876,3,True,-3.8848,1.1744,.70-.80,1-1.5x
APT/USDT,2024-11-13,LONG,0.8528,11.715,11.876,2,True,1.3743,0.6049,>.80,
APT/USDT,2024-11-14,LONG,0.9372,11.236,11.876,1,True,5.696,0.505,>.80,
APT/USDT,2024-11-18,LONG,0.7514,12.042,12.47,4,True,3.5542,0.2691,.70-.80,
APT/USDT,2024-11-19,LONG,0.8043,11.806,12.47,3,True,5.6243,0.2441,>.80,
APT/USDT,2024-11-20,LONG,0.6163,11.785,12.47,2,True,5.8125,0.0228,.60-.70,
APT/USDT,2024-11-24,LONG,0.6964,12.5,13.278,5,False,6.224,0.2486,.60-.70,
APT/USDT,2024-11-25,LONG,0.7681,11.828,13.381,5,False,13.1299,0.7018,.70-.80,
APT/USDT,2024-11-26,LONG,0.7629,11.987,13.381,4,True,11.6293,0.187,.70-.80,
APT/USDT,2024-11-27,LONG,0.7764,12.659,13.381,3,True,5.7035,0.7734,.70-.80,
APT/USDT,2024-11-28,LONG,0.7786,12.78,13.381,2,True,4.7027,0.1323,.70-.80,
APT/USDT,2024-12-09,LONG,0.6308,11.939,11.624,1,True,-2.6384,3.3419,.60-.70,3-5x
APT/USDT,2024-12-12,LONG,0.8274,13.666,13.416,2,True,-1.8294,1.0295,>.80,1-1.5x
APT/USDT,2024-12-13,LONG,0.6956,14.215,13.416,1,True,-5.6208,0.6723,.60-.70,
APT/USDT,2024-12-17,LONG,0.5731,12.918,11.824,1,True,-8.4688,1.1728,.55-.60,1-1.5x
APT/USDT,2024-12-29,LONG,0.6108,8.876,8.716,2,True,-1.8026,0.5934,.60-.70,
APT/USDT,2024-12-30,LONG,0.6463,8.879,8.716,1,True,-1.8358,0.0059,.60-.70,
APT/USDT,2025-01-03,LONG,0.6086,9.808,9.016,5,False,-8.075,1.1117,.60-.70,1-1.5x
APT/USDT,2025-01-07,LONG,0.5997,9.651,8.829,5,False,-8.5173,1.122,.55-.60,1-1.5x
APT/USDT,2025-01-08,LONG,0.5799,9.016,8.477,5,False,-5.9783,1.3934,.55-.60,1-1.5x
APT/USDT,2025-01-09,LONG,0.5919,8.647,9.019,5,False,4.3021,0.8689,.55-.60,
APT/USDT,2025-01-10,LONG,0.6906,9.136,9.47,5,False,3.6559,1.3726,.60-.70,1-1.5x
APT/USDT,2025-01-11,LONG,0.6122,9.121,9.234,5,False,1.2389,0.0405,.60-.70,
APT/USDT,2025-01-12,LONG,0.6174,8.829,9.751,5,False,10.4429,0.8152,.60-.70,
APT/USDT,2025-01-13,LONG,0.6882,8.477,9.751,4,True,15.0289,0.9996,.60-.70,
APT/USDT,2025-01-16,LONG,0.6099,9.234,9.751,1,True,5.5989,0.6136,.60-.70,
APT/USDT,2025-01-23,LONG,0.7635,8.337,7.821,3,True,-6.1893,0.4372,.70-.80,
APT/USDT,2025-01-24,LONG,0.7238,8.206,7.821,2,True,-4.6917,0.366,.70-.80,
APT/USDT,2025-01-25,LONG,0.5708,8.099,7.821,1,True,-3.4325,0.3053,.55-.60,
APT/USDT,2025-01-30,LONG,0.7648,7.838,7.051,2,True,-10.0408,1.3301,.70-.80,1-1.5x
APT/USDT,2025-02-03,LONG,0.8115,6.5,5.969,2,True,-8.1692,1.0918,>.80,1-1.5x
APT/USDT,2025-02-04,LONG,0.5732,6.081,5.969,1,True,-1.8418,1.2707,.55-.60,1-1.5x
APT/USDT,2025-02-11,LONG,0.7513,5.892,6.102,3,True,3.5642,1.0019,.70-.80,1-1.5x
APT/USDT,2025-02-12,LONG,0.6248,6.155,6.102,2,True,-0.8611,0.8905,.60-.70,
APT/USDT,2025-02-13,LONG,0.8338,6.137,6.102,1,True,-0.5703,0.0583,>.80,
APT/USDT,2025-02-15,LONG,0.6608,6.008,5.816,1,True,-3.1957,0.3083,.60-.70,
APT/USDT,2025-02-17,LONG,0.6162,5.935,6.321,3,True,6.5038,0.4129,.60-.70,
APT/USDT,2025-02-18,LONG,0.6176,5.631,6.321,2,True,12.2536,1.0338,.60-.70,1-1.5x
APT/USDT,2025-02-19,LONG,0.6836,6.324,6.321,1,True,-0.0474,2.1858,.60-.70,2-3x
APT/USDT,2025-02-22,LONG,0.7939,6.026,6.117,1,True,1.5101,0.1512,.70-.80,
APT/USDT,2025-02-24,LONG,0.5934,5.404,5.908,2,True,9.3264,2.3952,.55-.60,2-3x
APT/USDT,2025-02-25,LONG,0.6815,5.633,5.908,1,True,4.8819,0.8534,.60-.70,
APT/USDT,2025-02-28,LONG,0.5813,6.455,6.756,2,True,4.6631,0.9527,.55-.60,
APT/USDT,2025-03-01,LONG,0.7438,6.305,6.756,1,True,7.1531,0.4476,.70-.80,
APT/USDT,2025-03-04,LONG,0.6492,5.455,6.165,3,True,13.0156,0.7714,.60-.70,
APT/USDT,2025-03-05,LONG,0.6046,6.21,6.165,2,True,-0.7246,1.9637,.60-.70,1.5-2x
APT/USDT,2025-03-06,LONG,0.7675,5.999,6.165,1,True,2.7671,0.4789,.70-.80,
APT/USDT,2025-03-08,LONG,0.7705,5.953,5.613,1,True,-5.7114,0.4835,.70-.80,
APT/USDT,2025-03-11,LONG,0.7968,5.31,5.147,2,True,-3.0697,0.3221,.70-.80,
APT/USDT,2025-03-14,LONG,0.6801,5.208,5.349,1,True,2.7074,0.1775,.60-.70,
APT/USDT,2025-03-17,LONG,0.5542,5.344,5.428,1,True,1.5719,0.6229,.55-.60,
APT/USDT,2025-03-21,LONG,0.6099,5.619,5.944,5,False,5.7839,0.0239,.60-.70,
APT/USDT,2025-03-22,LONG,0.614,5.678,5.962,5,False,5.0018,0.1845,.60-.70,
APT/USDT,2025-03-24,LONG,0.6676,6.029,5.55,4,True,-7.9449,1.2109,.60-.70,1-1.5x
APT/USDT,2025-03-27,LONG,0.59,5.962,5.55,1,True,-6.9104,0.0941,.55-.60,
APT/USDT,2025-04-01,LONG,0.6339,5.403,5.097,1,True,-5.6635,0.8057,.60-.70,
APT/USDT,2025-04-04,LONG,0.6651,4.906,4.885,1,True,-0.428,0.92,.60-.70,
OP/USDT,2024-08-27,LONG,0.5584,1.3737,1.4169,4,True,3.1448,1.2051,.55-.60,1-1.5x
OP/USDT,2024-08-28,LONG,0.6793,1.4263,1.4169,3,True,-0.659,0.8368,.60-.70,
OP/USDT,2024-08-29,LONG,0.5797,1.426,1.4169,2,True,-0.6381,0.0046,.55-.60,
OP/USDT,2024-08-30,LONG,0.6011,1.4686,1.4169,1,True,-3.5204,0.6491,.60-.70,
OP/USDT,2024-09-03,LONG,0.5637,1.349,1.416,4,True,4.9666,0.9726,.55-.60,
OP/USDT,2024-09-09,LONG,0.6747,1.5304,1.5678,5,False,2.4438,1.7868,.60-.70,1.5-2x
OP/USDT,2024-09-10,LONG,0.5836,1.6101,1.5678,4,True,-2.6272,1.2025,.55-.60,1-1.5x
OP/USDT,2024-09-11,LONG,0.637,1.5458,1.5678,3,True,1.4232,0.9159,.60-.70,
OP/USDT,2024-09-12,LONG,0.7164,1.5385,1.5678,2,True,1.9045,0.116,.70-.80,
OP/USDT,2024-09-15,LONG,0.6188,1.4735,1.452,1,True,-1.4591,1.4565,.60-.70,1-1.5x
OP/USDT,2024-09-21,LONG,0.624,1.7697,1.6903,1,True,-4.4866,1.3605,.60-.70,1-1.5x
OP/USDT,2024-09-30,LONG,0.7409,1.7488,1.5196,3,True,-13.1061,1.8881,.70-.80,1.5-2x
OP/USDT,2024-10-01,LONG,0.6007,1.6634,1.5196,2,True,-8.6449,1.1318,.60-.70,1-1.5x
OP/USDT,2024-10-02,LONG,0.6389,1.5853,1.5196,1,True,-4.1443,1.052,.60-.70,1-1.5x
OP/USDT,2024-10-04,LONG,0.7505,1.6063,1.6604,3,True,3.368,1.2045,.70-.80,1-1.5x
OP/USDT,2024-10-05,LONG,0.6928,1.5952,1.6604,2,True,4.0873,0.1532,.60-.70,
OP/USDT,2024-10-06,LONG,0.6042,1.684,1.6604,1,True,-1.4014,1.2039,.60-.70,1-1.5x
OP/USDT,2024-10-11,LONG,0.7145,1.6943,1.7157,1,True,1.2631,1.8459,.70-.80,1.5-2x
OP/USDT,2024-10-13,LONG,0.8437,1.7127,1.7471,3,True,2.0085,0.0371,>.80,
OP/USDT,2024-10-14,LONG,0.6732,1.7802,1.7471,2,True,-1.8593,0.8256,.60-.70,
OP/USDT,2024-10-15,LONG,0.8595,1.7349,1.7471,1,True,0.7032,0.5345,>.80,
OP/USDT,2024-10-17,LONG,0.7141,1.6742,1.7175,1,True,2.5863,0.9635,.70-.80,
OP/USDT,2024-10-20,LONG,0.8347,1.81,1.7166,1,True,-5.1602,1.6345,>.80,1.5-2x
OP/USDT,2024-10-22,LONG,0.6542,1.7017,1.7085,2,True,0.3996,0.2079,.60-.70,
OP/USDT,2024-10-23,LONG,0.6982,1.7238,1.7085,1,True,-0.8876,0.3218,.60-.70,
OP/USDT,2024-10-27,LONG,0.5673,1.5942,1.6197,1,True,1.5995,0.4484,.55-.60,
OP/USDT,2024-10-31,LONG,0.8611,1.6121,1.5212,1,True,-5.6386,1.6162,>.80,1.5-2x
OP/USDT,2024-11-03,LONG,0.6131,1.4323,1.5787,5,False,10.2213,0.4408,.60-.70,
OP/USDT,2024-11-04,LONG,0.6668,1.342,1.648,5,False,22.8018,1.5426,.60-.70,1.5-2x
OP/USDT,2024-11-05,LONG,0.8769,1.4169,1.6406,5,False,15.788,1.2849,>.80,1-1.5x
OP/USDT,2024-11-06,LONG,0.8657,1.6004,1.8227,5,False,13.8903,2.4597,>.80,2-3x
OP/USDT,2024-11-07,LONG,0.7946,1.6019,1.8227,4,True,13.7836,0.0179,.70-.80,
OP/USDT,2024-11-08,LONG,0.8692,1.5787,1.8227,3,True,15.4558,0.2771,>.80,
OP/USDT,2024-11-09,LONG,0.8275,1.648,1.8227,2,True,10.6007,0.8668,>.80,
OP/USDT,2024-11-10,LONG,0.9478,1.6406,1.8227,1,True,11.0996,0.091,>.80,
OP/USDT,2024-11-12,LONG,0.9148,1.6651,1.6203,1,True,-2.6905,1.4684,>.80,1-1.5x
OP/USDT,2024-11-14,LONG,0.9644,1.5126,1.5848,1,True,4.7732,1.1512,>.80,1-1.5x
OP/USDT,2024-11-21,LONG,0.7579,2.0822,2.2033,5,False,5.816,2.9712,.70-.80,2-3x
OP/USDT,2024-11-22,LONG,0.9295,2.209,2.2033,4,True,-0.258,0.6951,>.80,
OP/USDT,2024-11-23,LONG,0.6494,2.2049,2.2033,3,True,-0.0726,0.0213,.60-.70,
OP/USDT,2024-11-24,LONG,0.9637,2.2017,2.2033,2,True,0.0727,0.0171,>.80,
OP/USDT,2024-11-25,LONG,0.8109,2.2981,2.2033,1,True,-4.1251,0.5157,>.80,
OP/USDT,2024-11-28,LONG,0.7867,2.3596,2.3824,1,True,0.9663,0.6677,.70-.80,
OP/USDT,2024-11-30,LONG,0.8059,2.4479,2.4663,1,True,0.7517,0.3123,>.80,
OP/USDT,2024-12-02,LONG,0.6135,2.5585,2.5468,2,True,-0.4573,0.4556,.60-.70,
OP/USDT,2024-12-03,LONG,0.6482,2.5509,2.5468,1,True,-0.1607,0.0365,.60-.70,
OP/USDT,2024-12-05,LONG,0.8078,2.4957,2.675,2,True,7.1844,0.2526,>.80,
OP/USDT,2024-12-06,LONG,0.8704,2.6632,2.675,1,True,0.4431,0.8725,>.80,
OP/USDT,2024-12-09,LONG,0.8841,2.24,2.2039,1,True,-1.6116,1.9375,>.80,1.5-2x
OP/USDT,2024-12-12,LONG,0.8889,2.5486,2.4387,2,True,-4.3122,1.5122,>.80,1.5-2x
OP/USDT,2024-12-13,LONG,0.7922,2.5661,2.4387,1,True,-4.9647,0.1133,.70-.80,
OP/USDT,2024-12-17,LONG,0.6277,2.3371,1.889,3,True,-19.1733,1.1634,.60-.70,1-1.5x
OP/USDT,2024-12-19,LONG,0.5773,1.9046,1.889,1,True,-0.8191,1.9008,.55-.60,1.5-2x
OP/USDT,2024-12-23,LONG,0.8013,1.9272,1.9511,1,True,1.2401,1.4185,>.80,1-1.5x
OP/USDT,2024-12-25,LONG,0.7845,1.9188,1.7791,1,True,-7.2806,0.2498,.70-.80,
OP/USDT,2024-12-28,LONG,0.6775,1.8959,1.7539,3,True,-7.4898,0.319,.60-.70,
OP/USDT,2024-12-29,LONG,0.6288,1.8088,1.7539,2,True,-3.0352,0.7951,.60-.70,
OP/USDT,2025-01-03,LONG,0.6255,2.0164,1.8043,5,False,-10.5187,1.3115,.60-.70,1-1.5x
OP/USDT,2025-01-06,LONG,0.5624,2.1107,1.7503,3,True,-17.0749,0.152,.55-.60,
OP/USDT,2025-01-07,LONG,0.6013,1.8906,1.7503,2,True,-7.4209,1.8729,.60-.70,1.5-2x
OP/USDT,2025-01-08,LONG,0.579,1.8043,1.7503,1,True,-2.9929,0.91,.55-.60,
OP/USDT,2025-01-13,LONG,0.6353,1.7266,1.7865,1,True,3.4692,0.7446,.60-.70,
OP/USDT,2025-01-16,LONG,0.578,1.8365,1.8279,2,True,-0.4683,0.784,.55-.60,
OP/USDT,2025-01-22,LONG,0.5843,1.712,1.4572,5,False,-14.8832,0.4518,.55-.60,
OP/USDT,2025-01-23,LONG,0.7103,1.7247,1.3713,5,False,-20.4905,0.169,.70-.80,
OP/USDT,2025-01-24,LONG,0.6331,1.7196,1.4351,5,False,-16.5445,0.0682,.60-.70,
OP/USDT,2025-01-25,LONG,0.5602,1.6331,1.4351,4,True,-12.1242,1.1437,.55-.60,1-1.5x
OP/USDT,2025-01-26,LONG,0.6777,1.5614,1.4351,3,True,-8.0889,0.991,.60-.70,
OP/USDT,2025-01-30,LONG,0.6902,1.4529,1.3351,2,True,-8.1079,0.2876,.60-.70,
OP/USDT,2025-01-31,LONG,0.5647,1.4276,1.3351,1,True,-6.4794,0.4042,.55-.60,
OP/USDT,2025-02-03,LONG,0.861,1.1862,1.0896,2,True,-8.1437,1.0788,>.80,1-1.5x
OP/USDT,2025-02-06,LONG,0.9578,1.0387,1.0188,1,True,-1.9159,0.9237,>.80,
OP/USDT,2025-02-10,LONG,0.5747,1.0978,1.1575,4,True,5.4381,0.341,.55-.60,
OP/USDT,2025-02-11,LONG,0.6804,1.0713,1.1575,3,True,8.0463,0.4698,.60-.70,
OP/USDT,2025-02-12,LONG,0.5781,1.1213,1.1575,2,True,3.2284,0.8761,.55-.60,
OP/USDT,2025-02-13,LONG,0.6035,1.1234,1.1575,1,True,3.0354,0.0351,.60-.70,
OP/USDT,2025-02-19,LONG,0.6476,1.1262,1.1624,1,True,3.2143,0.6206,.60-.70,
OP/USDT,2025-02-21,LONG,0.5597,1.0897,1.1434,1,True,4.928,1.0699,.55-.60,1-1.5x
OP/USDT,2025-02-25,LONG,0.5504,1.0786,1.1076,2,True,2.6887,1.3088,.55-.60,1-1.5x
OP/USDT,2025-02-26,LONG,0.5544,1.1569,1.1076,1,True,-4.2614,1.2383,.55-.60,1-1.5x
OP/USDT,2025-02-28,LONG,0.803,1.0804,1.1686,2,True,8.1636,0.4153,>.80,
OP/USDT,2025-03-01,LONG,0.7549,1.0425,1.1686,1,True,12.0959,0.5883,.70-.80,
OP/USDT,2025-03-03,LONG,0.7588,0.9848,0.9873,2,True,0.2539,2.1058,.70-.80,2-3x
OP/USDT,2025-03-04,LONG,0.6861,0.9415,0.9873,1,True,4.8646,0.5913,.60-.70,
OP/USDT,2025-03-08,LONG,0.625,0.9358,0.8468,1,True,-9.5106,0.2974,.60-.70,
OP/USDT,2025-03-11,LONG,0.784,0.851,0.8786,1,True,3.2432,0.8039,.70-.80,
OP/USDT,2025-03-14,LONG,0.7468,0.867,0.831,2,True,-4.1522,0.4984,.70-.80,
OP/USDT,2025-03-15,LONG,0.6887,0.8872,0.831,1,True,-6.3345,0.3207,.60-.70,
OP/USDT,2025-03-17,LONG,0.6034,0.8867,0.8608,5,False,-2.9209,1.0207,.60-.70,1-1.5x
OP/USDT,2025-03-19,LONG,0.6183,0.9208,0.8608,3,True,-6.5161,0.8354,.60-.70,
OP/USDT,2025-03-20,LONG,0.6442,0.8811,0.8608,2,True,-2.3039,0.6685,.60-.70,
OP/USDT,2025-03-21,LONG,0.5884,0.846,0.8608,1,True,1.7494,0.6166,.55-.60,
OP/USDT,2025-03-27,LONG,0.6367,0.9051,0.8328,1,True,-7.9881,0.4738,.60-.70,
OP/USDT,2025-04-04,LONG,0.6469,0.7101,0.6968,1,True,-1.873,0.3217,.60-.70,
ARB/USDT,2024-08-28,LONG,0.5667,0.5217,0.5137,2,True,-1.5334,0.1899,.55-.60,
ARB/USDT,2024-08-29,LONG,0.6069,0.5132,0.5137,1,True,0.0974,0.4298,.60-.70,
ARB/USDT,2024-09-04,LONG,0.5606,0.4971,0.5239,5,False,5.3913,0.2119,.55-.60,
ARB/USDT,2024-09-07,LONG,0.5936,0.5012,0.5144,4,True,2.6337,1.1082,.55-.60,1-1.5x
ARB/USDT,2024-09-09,LONG,0.6934,0.5239,0.5144,2,True,-1.8133,0.7753,.60-.70,
ARB/USDT,2024-09-12,LONG,0.6392,0.5247,0.5308,2,True,1.1626,0.5684,.60-.70,
ARB/USDT,2024-09-15,LONG,0.5757,0.5112,0.5105,1,True,-0.1369,1.0988,.55-.60,1-1.5x
ARB/USDT,2024-09-20,LONG,0.6069,0.5774,0.6155,1,True,6.5985,1.1312,.60-.70,1-1.5x
ARB/USDT,2024-09-23,LONG,0.6727,0.5988,0.5986,2,True,-0.0334,0.0691,.60-.70,
ARB/USDT,2024-09-24,LONG,0.5696,0.6139,0.5986,1,True,-2.4923,0.8653,.55-.60,
ARB/USDT,2024-09-28,LONG,0.5705,0.6475,0.5336,5,False,-17.5907,0.9024,.55-.60,
ARB/USDT,2024-09-29,LONG,0.8597,0.6454,0.5651,5,False,-12.4419,0.0979,>.80,
ARB/USDT,2024-09-30,LONG,0.7627,0.6043,0.5505,5,False,-8.9029,1.7206,.70-.80,1.5-2x
ARB/USDT,2024-10-01,LONG,0.602,0.551,0.5597,5,False,1.5789,2.1118,.60-.70,2-3x
ARB/USDT,2024-10-02,LONG,0.6522,0.5318,0.5597,4,True,5.2463,0.8204,.60-.70,
ARB/USDT,2024-10-03,LONG,0.8564,0.5336,0.5597,3,True,4.8913,0.0803,>.80,
ARB/USDT,2024-10-04,LONG,0.7588,0.5651,0.5597,2,True,-0.9556,1.3413,.70-.80,1-1.5x
ARB/USDT,2024-10-05,LONG,0.5642,0.5505,0.5597,1,True,1.6712,0.5934,.55-.60,
ARB/USDT,2024-10-08,LONG,0.577,0.5401,0.5341,3,True,-1.1109,0.3858,.55-.60,
ARB/USDT,2024-10-10,LONG,0.816,0.5253,0.5341,1,True,1.6752,0.1692,>.80,
ARB/USDT,2024-10-13,LONG,0.7909,0.5294,0.5574,3,True,5.289,0.4066,.70-.80,
ARB/USDT,2024-10-14,LONG,0.6093,0.5644,0.5574,2,True,-1.2403,1.5915,.60-.70,1.5-2x
ARB/USDT,2024-10-15,LONG,0.5733,0.568,0.5574,1,True,-1.8662,0.1545,.55-.60,
ARB/USDT,2024-10-17,LONG,0.7404,0.5469,0.5636,1,True,3.0536,0.5277,.70-.80,
ARB/USDT,2024-10-20,LONG,0.8532,0.613,0.5799,2,True,-5.3997,2.1258,>.80,2-3x
ARB/USDT,2024-10-26,LONG,0.8272,0.5144,0.5198,1,True,1.0498,0.3775,>.80,
ARB/USDT,2024-10-29,LONG,0.6443,0.5474,0.5573,1,True,1.8085,1.2301,.60-.70,1-1.5x
ARB/USDT,2024-11-01,LONG,0.6919,0.5197,0.5043,1,True,-2.9632,0.3399,.60-.70,
ARB/USDT,2024-11-03,LONG,0.6066,0.4822,0.5914,5,False,22.6462,1.1269,.60-.70,1-1.5x
ARB/USDT,2024-11-04,LONG,0.6812,0.4729,0.6199,5,False,31.0848,0.4965,.60-.70,
ARB/USDT,2024-11-05,LONG,0.7306,0.4905,0.6288,5,False,28.1957,0.9291,.70-.80,
ARB/USDT,2024-11-06,LONG,0.8172,0.5485,0.671,5,False,22.3336,2.4377,>.80,2-3x
ARB/USDT,2024-11-07,LONG,0.7479,0.5807,0.6308,5,False,8.6275,1.1789,.70-.80,1-1.5x
ARB/USDT,2024-11-09,LONG,0.7671,0.6199,0.58,5,False,-6.4365,1.0129,.70-.80,1-1.5x
ARB/USDT,2024-11-10,LONG,0.7478,0.6288,0.6065,5,False,-3.5464,0.3084,.70-.80,
ARB/USDT,2024-11-11,LONG,0.5562,0.671,0.6065,4,True,-9.6125,1.3872,.55-.60,1-1.5x
ARB/USDT,2024-11-12,LONG,0.8858,0.6308,0.6065,3,True,-3.8523,1.2008,>.80,1-1.5x
ARB/USDT,2024-11-13,LONG,0.8888,0.6118,0.6065,2,True,-0.8663,0.5955,>.80,
ARB/USDT,2024-11-14,LONG,0.8056,0.58,0.6065,1,True,4.569,1.1132,>.80,1-1.5x
ARB/USDT,2024-11-18,LONG,0.6919,0.7382,0.6919,1,True,-6.272,1.4022,.60-.70,1-1.5x
ARB/USDT,2024-11-20,LONG,0.6222,0.672,0.8091,2,True,20.4018,0.4151,.60-.70,
ARB/USDT,2024-11-24,LONG,0.7547,0.8623,0.9674,3,True,12.1883,0.1126,.70-.80,
ARB/USDT,2024-11-25,LONG,0.7627,0.9051,0.9674,2,True,6.8832,0.6822,.70-.80,
ARB/USDT,2024-11-26,LONG,0.9456,0.87,0.9674,1,True,11.1954,0.5417,>.80,
ARB/USDT,2024-11-28,LONG,0.8697,0.9138,0.9304,1,True,1.8166,0.7274,>.80,
ARB/USDT,2024-11-30,LONG,0.5771,0.9712,0.9685,1,True,-0.278,0.5764,.55-.60,
ARB/USDT,2024-12-02,LONG,0.6428,1.0262,1.0451,1,True,1.8417,0.8096,.60-.70,
ARB/USDT,2024-12-04,LONG,0.7299,1.1356,1.1014,1,True,-3.0116,1.2231,.70-.80,1-1.5x
ARB/USDT,2024-12-07,LONG,0.8989,1.1632,1.1585,1,True,-0.4041,0.1455,>.80,
ARB/USDT,2024-12-09,LONG,0.7941,0.9599,0.9384,1,True,-2.2398,2.4698,.70-.80,2-3x
ARB/USDT,2024-12-13,LONG,0.8541,1.0339,1.0166,2,True,-1.6733,0.102,>.80,
ARB/USDT,2024-12-14,LONG,0.7944,0.9842,1.0166,1,True,3.292,0.7692,.70-.80,
ARB/USDT,2024-12-17,LONG,0.6574,0.9482,0.8609,1,True,-9.2069,0.9363,.60-.70,
ARB/USDT,2024-12-19,LONG,0.6182,0.7799,0.7493,2,True,-3.9236,1.4839,.60-.70,1-1.5x
ARB/USDT,2024-12-20,LONG,0.6993,0.7961,0.7493,1,True,-5.8787,0.3316,.60-.70,
ARB/USDT,2024-12-22,LONG,0.66,0.7467,0.8002,1,True,7.1649,0.0564,.60-.70,
ARB/USDT,2024-12-24,LONG,0.5794,0.8178,0.8055,1,True,-1.504,0.3641,.55-.60,
ARB/USDT,2024-12-29,LONG,0.6011,0.7422,0.7331,1,True,-1.2261,0.9254,.60-.70,
ARB/USDT,2025-01-02,LONG,0.6378,0.7758,0.916,3,True,18.0717,0.8753,.60-.70,
ARB/USDT,2025-01-03,LONG,0.5922,0.8343,0.916,2,True,9.7926,1.5371,.55-.60,1.5-2x
ARB/USDT,2025-01-06,LONG,0.5547,0.9188,0.7433,3,True,-19.101,0.0606,.55-.60,
ARB/USDT,2025-01-07,LONG,0.6035,0.8206,0.7433,2,True,-9.4199,2.0588,.60-.70,2-3x
ARB/USDT,2025-01-08,LONG,0.5865,0.7872,0.7433,1,True,-5.5767,0.846,.55-.60,
ARB/USDT,2025-01-13,LONG,0.6646,0.7032,0.7671,5,False,9.087,0.8037,.60-.70,
ARB/USDT,2025-01-16,LONG,0.6097,0.757,0.7671,2,True,1.3342,0.9171,.60-.70,
ARB/USDT,2025-01-22,LONG,0.657,0.7007,0.72,1,True,2.7544,0.5346,.60-.70,
ARB/USDT,2025-01-24,LONG,0.6666,0.6992,0.6048,5,False,-13.5011,0.581,.60-.70,
ARB/USDT,2025-01-28,LONG,0.647,0.5925,0.6048,1,True,2.0759,1.6693,.60-.70,1.5-2x
ARB/USDT,2025-01-30,LONG,0.6396,0.6301,0.578,2,True,-8.2685,0.8754,.60-.70,
ARB/USDT,2025-01-31,LONG,0.6413,0.6413,0.578,1,True,-9.8706,0.3694,.60-.70,
ARB/USDT,2025-02-03,LONG,0.7443,0.5109,0.4704,2,True,-7.9272,0.5883,.70-.80,
ARB/USDT,2025-02-04,LONG,0.622,0.4775,0.4704,1,True,-1.4869,1.1548,.60-.70,1-1.5x
ARB/USDT,2025-02-10,LONG,0.5666,0.4725,0.4976,4,True,5.3122,0.9948,.55-.60,
ARB/USDT,2025-02-11,LONG,0.6544,0.463,0.4976,3,True,7.473,0.386,.60-.70,
ARB/USDT,2025-02-12,LONG,0.5829,0.4931,0.4976,2,True,0.9126,1.1934,.55-.60,1-1.5x
ARB/USDT,2025-02-13,LONG,0.6944,0.4872,0.4976,1,True,2.1346,0.2199,.60-.70,
ARB/USDT,2025-02-16,LONG,0.6305,0.4746,0.4966,1,True,4.6355,0.0845,.60-.70,
ARB/USDT,2025-02-19,LONG,0.5591,0.4713,0.4111,5,False,-12.7732,0.4336,.55-.60,
ARB/USDT,2025-02-22,LONG,0.5781,0.4768,0.4228,4,True,-11.3255,0.4423,.55-.60,
ARB/USDT,2025-02-23,LONG,0.5876,0.478,0.4228,3,True,-11.5481,0.0619,.55-.60,
ARB/USDT,2025-02-24,LONG,0.5569,0.4111,0.4228,2,True,2.846,2.8416,.55-.60,2-3x
ARB/USDT,2025-02-28,LONG,0.7566,0.4217,0.4151,5,False,-1.5651,0.1751,.70-.80,
ARB/USDT,2025-03-01,LONG,0.6244,0.4179,0.4037,5,False,-3.3979,0.1916,.60-.70,
ARB/USDT,2025-03-02,LONG,0.6756,0.4629,0.3948,5,False,-14.7116,2.0775,.60-.70,2-3x
ARB/USDT,2025-03-03,LONG,0.6818,0.3918,0.398,5,False,1.5824,2.4709,.60-.70,2-3x
ARB/USDT,2025-03-06,LONG,0.6068,0.4037,0.3203,4,True,-20.6589,0.4275,.60-.70,
ARB/USDT,2025-03-07,LONG,0.6334,0.3948,0.3203,3,True,-18.8703,0.3453,.60-.70,
ARB/USDT,2025-03-08,LONG,0.6975,0.398,0.3203,2,True,-19.5226,0.1268,.60-.70,
ARB/USDT,2025-03-11,LONG,0.7314,0.3375,0.3439,2,True,1.8963,0.7748,.70-.80,
ARB/USDT,2025-03-12,LONG,0.654,0.3486,0.3439,1,True,-1.3483,0.4768,.60-.70,
ARB/USDT,2025-03-14,LONG,0.7325,0.3588,0.3642,1,True,1.505,0.6243,.70-.80,
ARB/USDT,2025-03-17,LONG,0.618,0.3699,0.3849,2,True,4.0552,0.9479,.60-.70,
ARB/USDT,2025-03-18,LONG,0.5857,0.3715,0.3849,1,True,3.607,0.0668,.55-.60,
ARB/USDT,2025-03-20,LONG,0.5885,0.3757,0.365,2,True,-2.848,0.3648,.55-.60,
ARB/USDT,2025-03-21,LONG,0.6057,0.3597,0.365,1,True,1.4735,0.6444,.60-.70,
ARB/USDT,2025-03-23,LONG,0.6542,0.3685,0.3909,1,True,6.0787,0.1896,.60-.70,
ARB/USDT,2025-03-26,LONG,0.6436,0.3819,0.3279,5,False,-14.1398,0.6209,.60-.70,
ARB/USDT,2025-03-27,LONG,0.6446,0.384,0.3279,4,True,-14.6094,0.1164,.60-.70,
ARB/USDT,2025-03-28,LONG,0.6412,0.3479,0.3279,3,True,-5.7488,1.8214,.60-.70,1.5-2x
ARB/USDT,2025-03-30,LONG,0.5793,0.332,0.3279,1,True,-1.2349,0.0815,.55-.60,
ARB/USDT,2025-04-02,LONG,0.7741,0.3071,0.3106,1,True,1.1397,1.8748,.70-.80,1.5-2x
ARB/USDT,2025-04-04,LONG,0.6939,0.3127,0.3091,1,True,-1.1513,0.1661,.60-.70,
GRT/USDT,2024-08-28,LONG,0.57,0.1464,0.1466,1,True,0.1366,0.6917,.55-.60,
GRT/USDT,2024-09-01,LONG,0.6914,0.1383,0.1341,4,True,-3.0369,1.2772,.60-.70,1-1.5x
GRT/USDT,2024-09-02,LONG,0.6117,0.1458,0.1341,3,True,-8.0247,1.2782,.60-.70,1-1.5x
GRT/USDT,2024-09-04,LONG,0.6985,0.1397,0.1341,1,True,-4.0086,0.6806,.60-.70,
GRT/USDT,2024-09-06,LONG,0.5564,0.1298,0.1416,4,True,9.0909,0.699,.55-.60,
GRT/USDT,2024-09-07,LONG,0.6206,0.1318,0.1416,3,True,7.4355,0.3352,.60-.70,
GRT/USDT,2024-09-08,LONG,0.6531,0.1363,0.1416,2,True,3.8885,0.743,.60-.70,
GRT/USDT,2024-09-09,LONG,0.7165,0.143,0.1416,1,True,-0.979,1.0399,.70-.80,1-1.5x
GRT/USDT,2024-09-12,LONG,0.6864,0.144,0.1503,1,True,4.375,1.1699,.60-.70,1-1.5x
GRT/USDT,2024-09-15,LONG,0.5658,0.1425,0.1384,1,True,-2.8772,1.1686,.55-.60,1-1.5x
GRT/USDT,2024-09-18,LONG,0.6931,0.1471,0.154,1,True,4.6907,0.9526,.60-.70,
GRT/USDT,2024-09-24,LONG,0.6568,0.1876,0.179,1,True,-4.5842,1.8324,.60-.70,1.5-2x
GRT/USDT,2024-09-26,LONG,0.5721,0.187,0.1594,5,False,-14.7594,1.1276,.55-.60,1-1.5x
GRT/USDT,2024-09-27,LONG,0.6457,0.1888,0.1537,5,False,-18.5911,0.2425,.60-.70,
GRT/USDT,2024-09-30,LONG,0.6779,0.1753,0.1542,3,True,-12.0365,1.6139,.60-.70,1.5-2x
GRT/USDT,2024-10-01,LONG,0.6337,0.1594,0.1542,2,True,-3.2622,1.8763,.60-.70,1.5-2x
GRT/USDT,2024-10-02,LONG,0.6986,0.1537,0.1542,1,True,0.3253,0.7387,.60-.70,
GRT/USDT,2024-10-11,LONG,0.6574,0.1628,0.1779,3,True,9.2752,1.1936,.60-.70,1-1.5x
GRT/USDT,2024-10-12,LONG,0.7381,0.1666,0.1779,2,True,6.7827,0.5099,.70-.80,
GRT/USDT,2024-10-13,LONG,0.7503,0.166,0.1779,1,True,7.1687,0.087,.70-.80,
GRT/USDT,2024-10-16,LONG,0.5762,0.1679,0.1693,2,True,0.8338,0.876,.55-.60,
GRT/USDT,2024-10-17,LONG,0.7554,0.164,0.1693,1,True,3.2317,0.5889,.70-.80,
GRT/USDT,2024-10-20,LONG,0.7655,0.1792,0.1694,1,True,-5.4688,1.7746,.70-.80,1.5-2x
GRT/USDT,2024-10-24,LONG,0.7213,0.1641,0.1555,3,True,-5.2407,0.4889,.70-.80,
GRT/USDT,2024-10-26,LONG,0.6204,0.1521,0.1555,1,True,2.2354,0.0842,.60-.70,
GRT/USDT,2024-10-30,LONG,0.5671,0.1571,0.1472,1,True,-6.3017,0.5581,.55-.60,
GRT/USDT,2024-11-02,LONG,0.601,0.1432,0.1365,1,True,-4.6788,0.3532,.60-.70,
GRT/USDT,2024-11-05,LONG,0.5792,0.1388,0.1634,3,True,17.7233,1.5633,.55-.60,1.5-2x
GRT/USDT,2024-11-06,LONG,0.7627,0.1541,0.1634,2,True,6.035,2.3407,.70-.80,2-3x
GRT/USDT,2024-11-07,LONG,0.6536,0.157,0.1634,1,True,4.0764,0.4032,.60-.70,
GRT/USDT,2024-11-10,LONG,0.5747,0.1784,0.1995,1,True,11.8274,0.9468,.55-.60,
GRT/USDT,2024-11-12,LONG,0.8859,0.1913,0.1845,3,True,-3.5546,0.7933,>.80,
GRT/USDT,2024-11-13,LONG,0.8788,0.1806,0.1845,2,True,2.1595,1.0397,>.80,1-1.5x
GRT/USDT,2024-11-14,LONG,0.9034,0.172,0.1845,1,True,7.2674,0.9099,>.80,
GRT/USDT,2024-11-20,LONG,0.5593,0.2208,0.2394,3,True,8.4239,0.7632,.55-.60,
GRT/USDT,2024-11-21,LONG,0.6776,0.2216,0.2394,2,True,8.0325,0.0519,.60-.70,
GRT/USDT,2024-11-22,LONG,0.7735,0.237,0.2394,1,True,1.0127,0.9931,.70-.80,
GRT/USDT,2024-11-24,LONG,0.6583,0.2597,0.2744,4,True,5.6604,1.2714,.60-.70,1-1.5x
GRT/USDT,2024-11-25,LONG,0.6805,0.2436,0.2744,3,True,12.6437,0.8863,.60-.70,
GRT/USDT,2024-11-26,LONG,0.9341,0.2425,0.2744,2,True,13.1546,0.0666,>.80,
GRT/USDT,2024-11-27,LONG,0.6913,0.2566,0.2744,1,True,6.9369,0.8533,.60-.70,
GRT/USDT,2024-12-01,LONG,0.9085,0.2885,0.3224,3,True,11.7504,0.0527,>.80,
GRT/USDT,2024-12-02,LONG,0.636,0.2982,0.3224,2,True,8.1154,0.5258,.60-.70,
GRT/USDT,2024-12-03,LONG,0.6159,0.318,0.3224,1,True,1.3836,1.0765,.60-.70,1-1.5x
GRT/USDT,2024-12-06,LONG,0.6785,0.3366,0.2655,3,True,-21.123,0.5827,.60-.70,
GRT/USDT,2024-12-07,LONG,0.8304,0.326,0.2655,2,True,-18.5583,0.6472,>.80,
GRT/USDT,2024-12-08,LONG,0.7336,0.3229,0.2655,1,True,-17.7764,0.2271,.70-.80,
GRT/USDT,2024-12-10,LONG,0.5544,0.2627,0.2726,4,True,3.7686,0.1819,.55-.60,
GRT/USDT,2024-12-11,LONG,0.8012,0.2817,0.2726,3,True,-3.2304,1.2145,>.80,1-1.5x
GRT/USDT,2024-12-12,LONG,0.9105,0.2852,0.2726,2,True,-4.418,0.2139,>.80,
GRT/USDT,2024-12-13,LONG,0.7769,0.2862,0.2726,1,True,-4.7519,0.0603,.70-.80,
GRT/USDT,2024-12-17,LONG,0.6207,0.2603,0.2339,1,True,-10.1421,0.9505,.60-.70,
GRT/USDT,2024-12-19,LONG,0.5676,0.2105,0.2233,4,True,6.0808,1.6304,.55-.60,1.5-2x
GRT/USDT,2024-12-20,LONG,0.6899,0.2181,0.2233,3,True,2.3842,0.5807,.60-.70,
GRT/USDT,2024-12-21,LONG,0.7619,0.2045,0.2233,2,True,9.1932,0.9877,.70-.80,
GRT/USDT,2024-12-22,LONG,0.7376,0.2057,0.2233,1,True,8.5561,0.0942,.70-.80,
GRT/USDT,2024-12-28,LONG,0.6215,0.2157,0.1997,3,True,-7.4177,0.6187,.60-.70,
GRT/USDT,2024-12-29,LONG,0.5965,0.2069,0.1997,2,True,-3.4799,0.7548,.55-.60,
GRT/USDT,2024-12-30,LONG,0.5709,0.204,0.1997,1,True,-2.1078,0.2593,.55-.60,
GRT/USDT,2025-01-02,LONG,0.5831,0.22,0.2206,5,False,0.2727,1.0315,.55-.60,1-1.5x
GRT/USDT,2025-01-03,LONG,0.6102,0.2418,0.2115,5,False,-12.531,1.6911,.60-.70,1.5-2x
GRT/USDT,2025-01-04,LONG,0.6354,0.2404,0.2033,5,False,-15.4326,0.1016,.60-.70,
GRT/USDT,2025-01-05,LONG,0.609,0.2429,0.2033,4,True,-16.303,0.1839,.60-.70,
GRT/USDT,2025-01-06,LONG,0.5709,0.248,0.2033,3,True,-18.0242,0.3778,.55-.60,
GRT/USDT,2025-01-07,LONG,0.5592,0.2206,0.2033,2,True,-7.8422,1.9564,.55-.60,1.5-2x
GRT/USDT,2025-01-13,LONG,0.6888,0.1932,0.2186,5,False,13.147,0.9103,.60-.70,
GRT/USDT,2025-01-16,LONG,0.6322,0.2127,0.2099,5,False,-1.3164,0.3457,.60-.70,
GRT/USDT,2025-01-17,LONG,0.5554,0.235,0.1951,5,False,-16.9787,1.9874,.55-.60,1.5-2x
GRT/USDT,2025-01-18,LONG,0.685,0.2186,0.1895,5,False,-13.312,1.2813,.60-.70,1-1.5x
GRT/USDT,2025-01-19,LONG,0.6066,0.1974,0.1895,4,True,-4.002,1.6465,.60-.70,1.5-2x
GRT/USDT,2025-01-20,LONG,0.6551,0.2021,0.1895,3,True,-6.2345,0.4042,.60-.70,
GRT/USDT,2025-01-21,LONG,0.7513,0.2099,0.1895,2,True,-9.7189,0.6571,.70-.80,
GRT/USDT,2025-01-22,LONG,0.673,0.1951,0.1895,1,True,-2.8703,1.1861,.60-.70,1-1.5x
GRT/USDT,2025-01-24,LONG,0.7705,0.1834,0.1808,2,True,-1.4177,0.5896,.70-.80,
GRT/USDT,2025-01-25,LONG,0.5802,0.1822,0.1808,1,True,-0.7684,0.1204,.55-.60,
GRT/USDT,2025-01-30,LONG,0.6268,0.1818,0.1663,2,True,-8.5259,1.3991,.60-.70,1-1.5x
GRT/USDT,2025-02-03,LONG,0.8177,0.1488,0.1285,3,True,-13.6425,0.4782,>.80,
GRT/USDT,2025-02-05,LONG,0.7235,0.1348,0.1285,1,True,-4.6736,0.5823,.70-.80,
GRT/USDT,2025-02-11,LONG,0.6258,0.1381,0.1382,4,True,0.0724,0.2543,.60-.70,
GRT/USDT,2025-02-12,LONG,0.5897,0.1453,0.1382,3,True,-4.8864,1.0415,.55-.60,1-1.5x
GRT/USDT,2025-02-13,LONG,0.6916,0.1402,0.1382,2,True,-1.4265,0.7002,.60-.70,
GRT/USDT,2025-02-14,LONG,0.6389,0.143,0.1382,1,True,-3.3566,0.3945,.60-.70,
GRT/USDT,2025-02-22,LONG,0.6198,0.1386,0.1211,2,True,-12.6263,0.966,.60-.70,
GRT/USDT,2025-02-23,LONG,0.5938,0.137,0.1211,1,True,-11.6058,0.3164,.55-.60,
GRT/USDT,2025-02-28,LONG,0.8442,0.1204,0.1193,1,True,-0.9136,0.5667,>.80,
GRT/USDT,2025-03-03,LONG,0.733,0.1091,0.1067,1,True,-2.1998,2.7947,.70-.80,2-3x
GRT/USDT,2025-03-08,LONG,0.6082,0.1014,0.0909,1,True,-10.355,0.2899,.60-.70,
GRT/USDT,2025-03-11,LONG,0.728,0.0903,0.0923,1,True,2.2148,1.1668,.70-.80,1-1.5x
GRT/USDT,2025-03-14,LONG,0.6539,0.0942,0.0956,4,True,1.4862,0.9488,.60-.70,
GRT/USDT,2025-03-15,LONG,0.7302,0.0958,0.0956,3,True,-0.2088,0.2793,.70-.80,
GRT/USDT,2025-03-20,LONG,0.631,0.09554,0.09394,1,True,-1.6747,0.6451,.60-.70,
GRT/USDT,2025-03-22,LONG,0.7979,0.0955,0.09664,1,True,1.1937,0.3006,.70-.80,
GRT/USDT,2025-03-26,LONG,0.7758,0.10401,0.08787,5,False,-15.5177,0.1191,.70-.80,
GRT/USDT,2025-03-27,LONG,0.718,0.10438,0.08982,5,False,-13.949,0.0795,.70-.80,
GRT/USDT,2025-03-28,LONG,0.652,0.09494,0.08982,4,True,-5.3929,1.8396,.60-.70,1.5-2x
GRT/USDT,2025-03-29,LONG,0.6754,0.0886,0.08982,3,True,1.377,1.4601,.60-.70,1-1.5x
GRT/USDT,2025-03-31,LONG,0.7019,0.08787,0.08982,1,True,2.2192,0.3587,.70-.80,
GRT/USDT,2025-04-04,LONG,0.7135,0.0832,0.08185,1,True,-1.6226,0.0299,.70-.80,
THETA/USDT,2024-08-28,LONG,0.5641,1.2437,1.2196,2,True,-1.9378,0.1679,.55-.60,
THETA/USDT,2024-08-29,LONG,0.562,1.2256,1.2196,1,True,-0.4896,0.3693,.55-.60,
THETA/USDT,2024-09-02,LONG,0.5882,1.186,1.1062,3,True,-6.7285,0.9442,.55-.60,
THETA/USDT,2024-09-07,LONG,0.5827,1.1236,1.1994,5,False,6.7462,0.7512,.55-.60,
THETA/USDT,2024-09-08,LONG,0.5961,1.1593,1.2941,5,False,11.6277,0.8562,.55-.60,
THETA/USDT,2024-09-09,LONG,0.5788,1.19,1.2941,4,True,8.7479,0.7073,.55-.60,
THETA/USDT,2024-09-11,LONG,0.602,1.1899,1.2941,2,True,8.757,0.4756,.60-.70,
THETA/USDT,2024-09-12,LONG,0.5634,1.1994,1.2941,1,True,7.8956,0.2899,.55-.60,
THETA/USDT,2024-09-17,LONG,0.687,1.2993,1.42,3,True,9.2896,0.3185,.60-.70,
THETA/USDT,2024-09-21,LONG,0.5538,1.4387,1.3853,4,True,-3.7117,0.4357,.55-.60,
THETA/USDT,2024-09-22,LONG,0.5909,1.3965,1.3853,3,True,-0.802,0.9424,.55-.60,
THETA/USDT,2024-09-23,LONG,0.6797,1.3859,1.3853,2,True,-0.0433,0.2653,.60-.70,
THETA/USDT,2024-09-26,LONG,0.7257,1.5204,1.5183,1,True,-0.1381,3.0021,.70-.80,3-5x
THETA/USDT,2024-09-30,LONG,0.6367,1.3997,1.3041,1,True,-6.83,1.3972,.60-.70,1-1.5x
THETA/USDT,2024-10-03,LONG,0.6133,1.2317,1.3368,3,True,8.5329,0.0459,.60-.70,
THETA/USDT,2024-10-04,LONG,0.6721,1.281,1.3368,2,True,4.356,0.998,.60-.70,
THETA/USDT,2024-10-05,LONG,0.7119,1.2822,1.3368,1,True,4.2583,0.0234,.70-.80,
THETA/USDT,2024-10-14,LONG,0.8068,1.3532,1.3325,1,True,-1.5297,1.2186,>.80,1-1.5x
THETA/USDT,2024-10-16,LONG,0.5804,1.3035,1.2995,2,True,-0.3069,0.5749,.55-.60,
THETA/USDT,2024-10-17,LONG,0.6415,1.2462,1.2995,1,True,4.277,1.1355,.60-.70,1-1.5x
THETA/USDT,2024-10-19,LONG,0.5744,1.2984,1.2955,3,True,-0.2234,0.0214,.55-.60,
THETA/USDT,2024-10-20,LONG,0.8723,1.3686,1.2955,2,True,-5.3412,1.349,>.80,1-1.5x
THETA/USDT,2024-10-21,LONG,0.8729,1.3249,1.2955,1,True,-2.219,0.8496,>.80,
THETA/USDT,2024-10-25,LONG,0.5679,1.1379,1.1489,1,True,0.9667,2.3089,.55-.60,2-3x
THETA/USDT,2024-10-29,LONG,0.7328,1.2213,1.1281,2,True,-7.6312,0.6807,.70-.80,
THETA/USDT,2024-10-30,LONG,0.6343,1.1917,1.1281,1,True,-5.3369,0.6117,.60-.70,
THETA/USDT,2024-11-02,LONG,0.6515,1.0996,1.2117,5,False,10.1946,0.3619,.60-.70,
THETA/USDT,2024-11-03,LONG,0.6284,1.0516,1.2249,5,False,16.4797,1.2341,.60-.70,1-1.5x
THETA/USDT,2024-11-05,LONG,0.6772,1.0914,1.2249,3,True,12.232,1.7355,.60-.70,1.5-2x
THETA/USDT,2024-11-06,LONG,0.7968,1.2131,1.2249,2,True,0.9727,2.3697,.70-.80,2-3x
THETA/USDT,2024-11-07,LONG,0.661,1.2117,1.2249,1,True,1.0894,0.0251,.60-.70,
THETA/USDT,2024-11-09,LONG,0.7593,1.3083,1.3882,1,True,6.1072,1.4474,.70-.80,1-1.5x
THETA/USDT,2024-11-12,LONG,0.922,1.4448,1.3684,3,True,-5.2879,1.2442,>.80,1-1.5x
THETA/USDT,2024-11-13,LONG,0.9655,1.4047,1.3684,2,True,-2.5842,0.4868,>.80,
THETA/USDT,2024-11-14,LONG,0.9753,1.296,1.3684,1,True,5.5864,1.3964,>.80,1-1.5x
THETA/USDT,2024-11-18,LONG,0.7471,1.7155,1.6391,2,True,-4.4535,2.5647,.70-.80,2-3x
THETA/USDT,2024-11-19,LONG,0.9797,1.7144,1.6391,1,True,-4.3922,0.0085,>.80,
THETA/USDT,2024-11-21,LONG,0.6689,1.7106,1.7867,1,True,4.4487,0.583,.60-.70,
THETA/USDT,2024-11-25,LONG,0.9132,1.8622,2.1226,3,True,13.9835,0.6875,>.80,
THETA/USDT,2024-11-26,LONG,0.7339,2.034,2.1226,2,True,4.3559,1.2766,.70-.80,1-1.5x
THETA/USDT,2024-11-29,LONG,0.6359,2.3978,2.8799,2,True,20.1059,1.7325,.60-.70,1.5-2x
THETA/USDT,2024-11-30,LONG,0.8058,3.0664,2.8799,1,True,-6.0821,3.0055,>.80,3-5x
THETA/USDT,2024-12-03,LONG,0.9025,2.9749,2.9672,1,True,-0.2588,0.5302,>.80,
THETA/USDT,2024-12-10,LONG,0.6473,2.3721,2.6134,4,True,10.1724,0.5031,.60-.70,
THETA/USDT,2024-12-11,LONG,0.7592,2.5821,2.6134,3,True,1.2122,0.983,.70-.80,
THETA/USDT,2024-12-12,LONG,0.8388,2.6694,2.6134,2,True,-2.0978,0.3758,>.80,
THETA/USDT,2024-12-13,LONG,0.744,2.7436,2.6134,1,True,-4.7456,0.3099,.70-.80,
THETA/USDT,2024-12-17,LONG,0.6136,2.7018,2.3256,1,True,-13.9241,0.0718,.60-.70,
THETA/USDT,2024-12-19,LONG,0.5526,2.0246,2.1539,2,True,6.3864,1.3552,.55-.60,1-1.5x
THETA/USDT,2024-12-20,LONG,0.6905,2.1141,2.1539,1,True,1.8826,0.6326,.60-.70,
THETA/USDT,2024-12-23,LONG,0.6934,2.3228,2.1452,3,True,-7.6459,1.1775,.60-.70,1-1.5x
THETA/USDT,2024-12-24,LONG,0.72,2.3696,2.1452,2,True,-9.47,0.2804,.70-.80,
THETA/USDT,2024-12-29,LONG,0.5795,2.3022,2.2253,2,True,-3.3403,0.5836,.55-.60,
THETA/USDT,2025-01-01,LONG,0.6238,2.3551,2.5655,5,False,8.9338,0.9112,.60-.70,
THETA/USDT,2025-01-03,LONG,0.6665,2.5052,2.2839,4,True,-8.8336,0.6059,.60-.70,
THETA/USDT,2025-01-04,LONG,0.6924,2.466,2.2839,3,True,-7.3844,0.2495,.60-.70,
THETA/USDT,2025-01-05,LONG,0.6022,2.4529,2.2839,2,True,-6.8898,0.0847,.60-.70,
THETA/USDT,2025-01-06,LONG,0.6137,2.5655,2.2839,1,True,-10.9764,0.7213,.60-.70,
THETA/USDT,2025-01-08,LONG,0.5767,2.1508,2.1152,1,True,-1.6552,1.0746,.55-.60,1-1.5x
THETA/USDT,2025-01-10,LONG,0.5784,2.1725,2.3902,5,False,10.0207,0.5039,.55-.60,
THETA/USDT,2025-01-13,LONG,0.6405,2.0613,2.5142,4,True,21.9716,0.4619,.60-.70,
THETA/USDT,2025-01-15,LONG,0.6786,2.3902,2.5142,2,True,5.1879,1.9592,.60-.70,1.5-2x
THETA/USDT,2025-01-16,LONG,0.6565,2.4027,2.5142,1,True,4.6406,0.1,.60-.70,
THETA/USDT,2025-01-18,LONG,0.7286,2.2918,2.0019,1,True,-12.6494,1.7128,.70-.80,1.5-2x
THETA/USDT,2025-01-20,LONG,0.5788,2.0112,2.0357,3,True,1.2182,0.0798,.55-.60,
THETA/USDT,2025-01-21,LONG,0.7224,2.1153,2.0357,2,True,-3.7631,0.8949,.70-.80,
THETA/USDT,2025-01-22,LONG,0.6986,2.0465,2.0357,1,True,-0.5277,0.5628,.60-.70,
THETA/USDT,2025-01-28,LONG,0.6403,1.8001,1.8921,1,True,5.1108,1.0681,.60-.70,1-1.5x
THETA/USDT,2025-01-30,LONG,0.6637,1.9524,1.7698,2,True,-9.3526,0.6067,.60-.70,
THETA/USDT,2025-02-02,LONG,0.8492,1.5456,1.5669,1,True,1.3781,2.0623,>.80,2-3x
THETA/USDT,2025-02-04,LONG,0.6688,1.4389,1.3665,1,True,-5.0316,1.4866,.60-.70,1-1.5x
THETA/USDT,2025-02-08,LONG,0.5542,1.332,1.2814,1,True,-3.7988,0.2287,.55-.60,
THETA/USDT,2025-02-13,LONG,0.7039,1.3767,1.3599,2,True,-1.2203,0.8423,.70-.80,
THETA/USDT,2025-02-14,LONG,0.7426,1.4202,1.3599,1,True,-4.2459,0.6128,.70-.80,
THETA/USDT,2025-02-17,LONG,0.7085,1.3249,1.3541,5,False,2.2039,0.2077,.70-.80,
THETA/USDT,2025-02-18,LONG,0.6745,1.2571,1.3541,4,True,7.7162,1.0384,.60-.70,1-1.5x
THETA/USDT,2025-02-20,LONG,0.6721,1.3421,1.3541,2,True,0.8941,1.0482,.60-.70,1-1.5x
THETA/USDT,2025-02-25,LONG,0.5621,1.17,1.1821,1,True,1.0342,0.5628,.55-.60,
THETA/USDT,2025-02-28,LONG,0.7071,1.1668,1.0348,4,True,-11.313,0.1466,.70-.80,
THETA/USDT,2025-03-01,LONG,0.5676,1.1738,1.0348,3,True,-11.8419,0.1308,.55-.60,
THETA/USDT,2025-03-03,LONG,0.6698,1.086,1.0348,1,True,-4.7145,2.6687,.60-.70,2-3x
THETA/USDT,2025-03-08,LONG,0.557,1.0063,0.8674,5,False,-13.803,0.6019,.55-.60,
THETA/USDT,2025-03-11,LONG,0.7225,0.8583,0.8606,5,False,0.268,0.8286,.70-.80,
THETA/USDT,2025-03-12,LONG,0.6563,0.9002,0.9108,5,False,1.1775,0.7339,.60-.70,
THETA/USDT,2025-03-14,LONG,0.7323,0.8909,0.9633,5,False,8.1266,0.4063,.70-.80,
THETA/USDT,2025-03-15,LONG,0.6694,0.9093,0.9633,4,True,5.9386,0.3073,.60-.70,
THETA/USDT,2025-03-17,LONG,0.6139,0.9108,0.9633,2,True,5.7642,0.9211,.60-.70,
THETA/USDT,2025-03-18,LONG,0.5655,0.9177,0.9633,1,True,4.9689,0.1197,.55-.60,
THETA/USDT,2025-03-20,LONG,0.6424,0.9493,0.9192,3,True,-3.1708,0.2245,.60-.70,
THETA/USDT,2025-03-21,LONG,0.631,0.9181,0.9192,2,True,0.1198,0.5067,.60-.70,
THETA/USDT,2025-03-22,LONG,0.6816,0.9283,0.9192,1,True,-0.9803,0.1869,.60-.70,
THETA/USDT,2025-03-27,LONG,0.751,0.9813,0.8293,2,True,-15.4897,0.5826,.70-.80,
THETA/USDT,2025-03-28,LONG,0.6557,0.8915,0.8293,1,True,-6.977,1.7452,.60-.70,1.5-2x
THETA/USDT,2025-03-30,LONG,0.6135,0.8152,0.7802,5,False,-4.2934,0.3837,.60-.70,
THETA/USDT,2025-03-31,LONG,0.615,0.805,0.7786,5,False,-3.2795,0.2944,.60-.70,
THETA/USDT,2025-04-01,LONG,0.7444,0.8345,0.7786,4,True,-6.6986,0.8764,.70-.80,
THETA/USDT,2025-04-03,LONG,0.6726,0.7849,0.7786,2,True,-0.8027,0.3429,.60-.70,
THETA/USDT,2025-04-04,LONG,0.7536,0.7802,0.7786,1,True,-0.2051,0.1383,.70-.80,
THETA/USDT,2025-04-06,LONG,0.8458,0.7001,0.7145,1,True,2.0568,2.2691,>.80,2-3x
LDO/USDT,2024-08-27,LONG,0.5715,1.072,1.058,2,True,-1.306,1.3616,.55-.60,1-1.5x
LDO/USDT,2024-08-31,LONG,0.5743,1.057,1.003,1,True,-5.1088,0.2323,.55-.60,
LDO/USDT,2024-09-04,LONG,0.6795,1.015,0.965,1,True,-4.9261,0.518,.60-.70,
LDO/USDT,2024-09-06,LONG,0.578,0.912,0.944,2,True,3.5088,0.9987,.55-.60,
LDO/USDT,2024-09-07,LONG,0.6347,0.914,0.944,1,True,3.2823,0.0399,.60-.70,
LDO/USDT,2024-09-09,LONG,0.7504,1.006,1.029,5,False,2.2863,1.1501,.70-.80,1-1.5x
LDO/USDT,2024-09-11,LONG,0.7278,1.011,1.029,3,True,1.7804,0.2223,.70-.80,
LDO/USDT,2024-09-12,LONG,0.6577,1.037,1.029,2,True,-0.7715,0.5823,.60-.70,
LDO/USDT,2024-09-15,LONG,0.5739,0.995,1.0474,4,True,5.2663,0.7545,.55-.60,
LDO/USDT,2024-09-17,LONG,0.554,0.99,1.0474,2,True,5.798,0.4178,.55-.60,
LDO/USDT,2024-09-18,LONG,0.6609,1.033,1.0474,1,True,1.394,1.0732,.60-.70,1-1.5x
LDO/USDT,2024-09-21,LONG,0.5968,1.1481,1.2578,3,True,9.5549,0.7197,.55-.60,
LDO/USDT,2024-09-22,LONG,0.7512,1.1119,1.2578,2,True,13.1217,0.7935,.70-.80,
LDO/USDT,2024-09-23,LONG,0.735,1.2152,1.2578,1,True,3.5056,2.3233,.70-.80,2-3x
LDO/USDT,2024-09-27,LONG,0.6237,1.3545,1.1319,4,True,-16.4341,2.1824,.60-.70,2-3x
LDO/USDT,2024-09-29,LONG,0.5898,1.3256,1.1319,2,True,-14.6123,0.1598,.55-.60,
LDO/USDT,2024-09-30,LONG,0.6094,1.2802,1.1319,1,True,-11.5841,0.8868,.60-.70,
LDO/USDT,2024-10-02,LONG,0.6084,1.0378,1.0517,3,True,1.3394,1.6101,.60-.70,1.5-2x
LDO/USDT,2024-10-03,LONG,0.6634,1.0189,1.0517,2,True,3.2192,0.3535,.60-.70,
LDO/USDT,2024-10-04,LONG,0.7632,1.0564,1.0517,1,True,-0.4449,0.7125,.70-.80,
LDO/USDT,2024-10-06,LONG,0.5839,1.0821,1.0699,1,True,-1.1274,0.5675,.55-.60,
LDO/USDT,2024-10-10,LONG,0.7625,1.0354,1.0737,1,True,3.6991,0.1175,.70-.80,
LDO/USDT,2024-10-13,LONG,0.7082,1.0486,1.14,2,True,8.7164,0.6072,.70-.80,
LDO/USDT,2024-10-16,LONG,0.6059,1.1182,1.1566,5,False,3.4341,0.3575,.60-.70,
LDO/USDT,2024-10-17,LONG,0.7361,1.0874,1.1566,4,True,6.3638,0.5549,.70-.80,
LDO/USDT,2024-10-18,LONG,0.8082,1.1308,1.1566,3,True,2.2816,0.7851,>.80,
LDO/USDT,2024-10-19,LONG,0.6038,1.1381,1.1566,2,True,1.6255,0.1268,.60-.70,
LDO/USDT,2024-10-20,LONG,0.806,1.2145,1.1566,1,True,-4.7674,1.2664,>.80,1-1.5x
LDO/USDT,2024-10-29,LONG,0.6223,1.0871,1.1263,1,True,3.6059,0.9051,.60-.70,
LDO/USDT,2024-10-31,LONG,0.8983,1.0408,0.9972,2,True,-4.1891,1.5011,>.80,1.5-2x
LDO/USDT,2024-11-01,LONG,0.6857,1.0319,0.9972,1,True,-3.3627,0.169,.60-.70,
LDO/USDT,2024-11-03,LONG,0.7891,0.9594,0.9707,2,True,1.1778,0.9422,.70-.80,
LDO/USDT,2024-11-04,LONG,0.6108,0.9383,0.9707,1,True,3.4531,0.5542,.60-.70,
LDO/USDT,2024-11-08,LONG,0.8236,1.2769,1.2891,2,True,0.9554,0.0346,>.80,
LDO/USDT,2024-11-09,LONG,0.9663,1.2964,1.2891,1,True,-0.5631,0.1592,>.80,
LDO/USDT,2024-11-12,LONG,0.6657,1.1891,1.1735,3,True,-1.3119,0.8803,.60-.70,
LDO/USDT,2024-11-14,LONG,0.9567,1.1192,1.1735,1,True,4.8517,0.3925,>.80,
LDO/USDT,2024-11-18,LONG,0.7508,1.2634,1.184,1,True,-6.2846,0.9346,.70-.80,
LDO/USDT,2024-11-22,LONG,0.8921,1.2574,1.7937,5,False,42.6515,0.3326,>.80,
LDO/USDT,2024-11-23,LONG,0.8699,1.3513,1.7101,5,False,26.5522,0.7464,>.80,
LDO/USDT,2024-11-26,LONG,0.9743,1.6109,1.7459,3,True,8.3804,0.3814,>.80,
LDO/USDT,2024-11-28,LONG,0.9551,1.7101,1.7459,1,True,2.0934,0.7131,>.80,
LDO/USDT,2024-11-30,LONG,0.571,1.8258,1.823,1,True,-0.1534,0.6993,.55-.60,
LDO/USDT,2024-12-02,LONG,0.6559,1.8598,2.0127,1,True,8.2213,0.332,.60-.70,
LDO/USDT,2024-12-05,LONG,0.8322,2.05,2.257,1,True,10.0976,0.328,>.80,
LDO/USDT,2024-12-08,LONG,0.8321,2.1627,1.8301,1,True,-15.3789,0.0184,>.80,
LDO/USDT,2024-12-12,LONG,0.9216,2.2515,2.2072,1,True,-1.9676,2.4293,>.80,2-3x
LDO/USDT,2024-12-20,LONG,0.8692,1.7315,1.6776,1,True,-3.1129,0.9444,>.80,
LDO/USDT,2024-12-23,LONG,0.8187,1.8018,1.9214,2,True,6.6378,0.592,>.80,
LDO/USDT,2024-12-24,LONG,0.6526,1.9578,1.9214,1,True,-1.8592,1.0356,.60-.70,1-1.5x
LDO/USDT,2024-12-28,LONG,0.6339,1.8943,1.8838,5,False,-0.5543,0.0335,.60-.70,
LDO/USDT,2024-12-29,LONG,0.6675,1.7827,1.8838,4,True,5.6712,0.7689,.60-.70,
LDO/USDT,2025-01-03,LONG,0.5741,2.0104,2.0603,1,True,2.4821,0.9639,.55-.60,
LDO/USDT,2025-01-06,LONG,0.6416,2.018,1.767,1,True,-12.4381,0.5175,.60-.70,
LDO/USDT,2025-01-09,LONG,0.5606,1.589,1.6252,1,True,2.2782,0.6441,.55-.60,
LDO/USDT,2025-01-11,LONG,0.6327,1.5938,1.9645,5,False,23.2589,0.3335,.60-.70,
LDO/USDT,2025-01-13,LONG,0.5598,1.6232,1.9645,3,True,21.0264,0.7195,.55-.60,
LDO/USDT,2025-01-15,LONG,0.5669,2.0805,1.9645,1,True,-5.5756,1.9356,.55-.60,1.5-2x
LDO/USDT,2025-01-17,LONG,0.6024,1.9939,1.6217,2,True,-18.6669,0.227,.60-.70,
LDO/USDT,2025-01-18,LONG,0.6903,1.7707,1.6217,1,True,-8.4148,1.609,.60-.70,1.5-2x
LDO/USDT,2025-01-20,LONG,0.6811,1.821,1.9025,1,True,4.4756,1.6453,.60-.70,1.5-2x
LDO/USDT,2025-01-23,LONG,0.8282,1.8217,2.0866,3,True,14.5414,0.254,>.80,
LDO/USDT,2025-01-24,LONG,0.62,2.0019,2.0866,2,True,4.231,1.2943,.60-.70,1-1.5x
LDO/USDT,2025-01-27,LONG,0.7441,1.9155,2.098,3,True,9.5275,1.1178,.70-.80,1-1.5x
LDO/USDT,2025-01-28,LONG,0.5554,1.7784,2.098,2,True,17.9712,0.9715,.55-.60,
LDO/USDT,2025-01-29,LONG,0.6729,1.8976,2.098,1,True,10.5607,0.9044,.60-.70,
LDO/USDT,2025-01-31,LONG,0.7326,2.3033,2.0376,1,True,-11.5356,1.2438,.70-.80,1-1.5x
LDO/USDT,2025-02-09,LONG,0.6353,1.5,1.5824,1,True,5.4933,0.275,.60-.70,
LDO/USDT,2025-02-13,LONG,0.839,1.6845,1.8587,1,True,10.3413,0.5213,>.80,
LDO/USDT,2025-02-16,LONG,0.7263,1.7849,1.8671,1,True,4.6053,0.2184,.70-.80,
LDO/USDT,2025-02-18,LONG,0.6082,1.7494,1.7191,1,True,-1.732,0.9575,.60-.70,
LDO/USDT,2025-02-23,LONG,0.5612,1.6985,1.413,1,True,-16.8089,0.1059,.55-.60,
LDO/USDT,2025-02-25,LONG,0.8527,1.4093,1.3484,1,True,-4.3213,0.0409,>.80,
LDO/USDT,2025-03-07,LONG,0.636,1.0687,0.9907,2,True,-7.2986,0.9243,.60-.70,
LDO/USDT,2025-03-11,LONG,0.6427,0.9243,0.9009,2,True,-2.5316,0.4434,.60-.70,
LDO/USDT,2025-03-14,LONG,0.7058,0.9517,0.9627,1,True,1.1558,0.761,.70-.80,
LDO/USDT,2025-03-19,LONG,0.6072,1.0384,1.0142,3,True,-2.3305,1.3047,.60-.70,1-1.5x
LDO/USDT,2025-03-20,LONG,0.5956,1.0201,1.0142,2,True,-0.5784,0.2491,.55-.60,
LDO/USDT,2025-03-21,LONG,0.5808,0.9915,1.0142,1,True,2.2895,0.3956,.55-.60,
LDO/USDT,2025-03-23,LONG,0.641,1.0398,0.9279,5,False,-10.7617,0.5021,.60-.70,
LDO/USDT,2025-03-26,LONG,0.6308,1.0229,0.8735,5,False,-14.6055,0.748,.60-.70,
LDO/USDT,2025-03-27,LONG,0.6457,1.0148,0.8735,4,True,-13.9239,0.1788,.60-.70,
LDO/USDT,2025-03-30,LONG,0.5816,0.8577,0.8735,1,True,1.8421,0.4291,.55-.60,
TIA/USDT,2024-08-29,LONG,0.5699,4.606,4.473,4,True,-2.8875,0.5162,.55-.60,
TIA/USDT,2024-08-30,LONG,0.5992,4.514,4.473,3,True,-0.9083,0.3023,.55-.60,
TIA/USDT,2024-08-31,LONG,0.5628,4.489,4.473,2,True,-0.3564,0.0923,.55-.60,
TIA/USDT,2024-09-04,LONG,0.5932,4.155,4.042,1,True,-2.7196,0.4897,.55-.60,
TIA/USDT,2024-09-07,LONG,0.6517,3.949,4.059,1,True,2.7855,0.1932,.60-.70,
TIA/USDT,2024-09-09,LONG,0.6545,4.257,4.505,4,True,5.8257,0.9286,.60-.70,
TIA/USDT,2024-09-11,LONG,0.6559,4.114,4.505,2,True,9.5041,0.5518,.60-.70,
TIA/USDT,2024-09-12,LONG,0.6073,4.241,4.505,1,True,6.2249,0.7398,.60-.70,
TIA/USDT,2024-09-16,LONG,0.7851,4.533,5.949,3,True,31.2376,1.2877,.70-.80,1-1.5x
TIA/USDT,2024-09-18,LONG,0.5631,5.4,5.949,1,True,10.1667,0.6247,.55-.60,
TIA/USDT,2024-09-20,LONG,0.6941,6.008,6.648,3,True,10.6525,0.1749,.60-.70,
TIA/USDT,2024-09-21,LONG,0.632,6.013,6.648,2,True,10.5605,0.0153,.60-.70,
TIA/USDT,2024-09-22,LONG,0.9746,5.356,6.648,1,True,24.1225,1.8045,>.80,1.5-2x
TIA/USDT,2024-09-24,LONG,0.783,6.415,6.154,1,True,-4.0686,0.4605,.70-.80,
TIA/USDT,2024-09-26,LONG,0.754,6.271,6.39,1,True,1.8976,0.2518,.70-.80,
TIA/USDT,2024-10-06,LONG,0.6648,5.314,5.328,1,True,0.2635,0.396,.60-.70,
TIA/USDT,2024-10-11,LONG,0.733,5.375,5.518,1,True,2.6605,0.9023,.70-.80,
TIA/USDT,2024-10-13,LONG,0.6641,6.243,6.015,5,False,-3.6521,2.2524,.60-.70,2-3x
TIA/USDT,2024-10-14,LONG,0.6767,6.283,6.015,4,True,-4.2655,0.1108,.60-.70,
TIA/USDT,2024-10-15,LONG,0.8261,6.07,6.015,3,True,-0.9061,0.5888,>.80,
TIA/USDT,2024-10-16,LONG,0.8505,5.876,6.015,2,True,2.3656,0.5524,>.80,
TIA/USDT,2024-10-17,LONG,0.5991,5.961,6.015,1,True,0.9059,0.2503,.55-.60,
TIA/USDT,2024-10-22,LONG,0.6069,5.791,5.975,1,True,3.1773,0.5544,.60-.70,
TIA/USDT,2024-10-28,LONG,0.726,5.09,4.87,3,True,-4.3222,0.1514,.70-.80,
TIA/USDT,2024-10-29,LONG,0.6465,5.277,4.87,2,True,-7.7127,0.6517,.60-.70,
TIA/USDT,2024-10-30,LONG,0.6003,4.764,4.87,1,True,2.225,1.6161,.60-.70,1.5-2x
TIA/USDT,2024-11-01,LONG,0.8232,4.548,4.68,1,True,2.9024,1.1162,>.80,1-1.5x
TIA/USDT,2024-11-04,LONG,0.7956,4.219,5.114,2,True,21.2136,1.4326,.70-.80,1-1.5x
TIA/USDT,2024-11-05,LONG,0.7496,4.228,5.114,1,True,20.9555,0.0412,.70-.80,
TIA/USDT,2024-11-12,LONG,0.7232,5.476,4.936,3,True,-9.8612,0.7844,.70-.80,
TIA/USDT,2024-11-13,LONG,0.8658,5.035,4.936,2,True,-1.9662,1.1009,>.80,1-1.5x
TIA/USDT,2024-11-14,LONG,0.8089,4.733,4.936,1,True,4.289,0.8834,>.80,
TIA/USDT,2024-11-18,LONG,0.7917,5.56,5.163,1,True,-7.1403,1.4704,.70-.80,1-1.5x
TIA/USDT,2024-11-22,LONG,0.8212,5.707,7.95,2,True,39.3026,0.7236,>.80,
TIA/USDT,2024-11-23,LONG,0.8881,7.128,7.95,1,True,11.532,2.7664,>.80,2-3x
TIA/USDT,2024-11-25,LONG,0.9167,7.76,8.231,3,True,6.0696,0.2669,>.80,
TIA/USDT,2024-11-26,LONG,0.9243,8.217,8.231,2,True,0.1704,0.7375,>.80,
TIA/USDT,2024-11-27,LONG,0.9677,8.064,8.231,1,True,2.0709,0.2318,>.80,
TIA/USDT,2024-11-29,LONG,0.6149,8.04,8.365,1,True,4.0423,0.2875,.60-.70,
TIA/USDT,2024-12-01,LONG,0.882,7.997,7.681,1,True,-3.9515,0.5363,>.80,
TIA/USDT,2024-12-03,LONG,0.6315,8.092,8.324,1,True,2.867,0.6856,.60-.70,
TIA/USDT,2024-12-08,LONG,0.5874,8.375,6.665,1,True,-20.4179,0.1397,.55-.60,
TIA/USDT,2024-12-10,LONG,0.63,6.645,7.219,2,True,8.6381,0.0345,.60-.70,
TIA/USDT,2024-12-13,LONG,0.6425,7.118,6.854,1,True,-3.7089,0.2108,.60-.70,
TIA/USDT,2024-12-17,LONG,0.5779,6.266,5.758,1,True,-8.1072,0.7893,.55-.60,
TIA/USDT,2024-12-20,LONG,0.6412,5.246,4.939,1,True,-5.8521,0.4389,.60-.70,
TIA/USDT,2024-12-22,LONG,0.6716,4.924,5.33,1,True,8.2453,0.0463,.60-.70,
TIA/USDT,2024-12-29,LONG,0.5541,4.755,4.621,2,True,-2.8181,0.6955,.55-.60,
TIA/USDT,2024-12-30,LONG,0.5964,4.767,4.621,1,True,-3.0627,0.0508,.55-.60,
TIA/USDT,2025-01-03,LONG,0.5832,5.499,4.512,5,False,-17.9487,1.6108,.55-.60,1.5-2x
TIA/USDT,2025-01-06,LONG,0.6054,5.526,4.532,3,True,-17.9877,0.0904,.60-.70,
TIA/USDT,2025-01-07,LONG,0.5899,4.879,4.532,2,True,-7.1121,2.1242,.55-.60,2-3x
TIA/USDT,2025-01-10,LONG,0.6628,4.832,4.927,1,True,1.9661,1.2727,.60-.70,1-1.5x
TIA/USDT,2025-01-12,LONG,0.5776,4.929,5.368,5,False,8.9065,0.0084,.55-.60,
TIA/USDT,2025-01-13,LONG,0.6391,4.613,4.854,5,False,5.2244,1.2734,.60-.70,1-1.5x
TIA/USDT,2025-01-14,LONG,0.579,4.766,4.854,4,True,1.8464,0.6621,.55-.60,
TIA/USDT,2025-01-16,LONG,0.591,5.01,4.854,2,True,-3.1138,0.8116,.55-.60,
TIA/USDT,2025-01-20,LONG,0.6763,4.6,4.887,1,True,6.2391,0.1885,.60-.70,
TIA/USDT,2025-01-23,LONG,0.7107,4.631,4.544,1,True,-1.8786,0.1938,.70-.80,
TIA/USDT,2025-01-25,LONG,0.5676,4.544,3.92,4,True,-13.7324,0.0,.55-.60,
TIA/USDT,2025-01-26,LONG,0.5623,4.345,3.92,3,True,-9.7814,0.7587,.55-.60,
TIA/USDT,2025-01-30,LONG,0.7464,4.246,3.924,2,True,-7.5836,1.5189,.70-.80,1.5-2x
TIA/USDT,2025-01-31,LONG,0.5907,4.338,3.924,1,True,-9.5436,0.3954,.55-.60,
TIA/USDT,2025-02-03,LONG,0.7762,3.498,3.026,2,True,-13.4934,0.8914,.70-.80,
TIA/USDT,2025-02-06,LONG,0.9815,2.918,2.82,1,True,-3.3585,0.5944,>.80,
TIA/USDT,2025-02-11,LONG,0.7186,3.223,3.18,3,True,-1.3342,0.0455,.70-.80,
TIA/USDT,2025-02-12,LONG,0.8335,3.221,3.18,2,True,-1.2729,0.0101,>.80,
TIA/USDT,2025-02-13,LONG,0.7393,3.044,3.18,1,True,4.4678,0.8872,.70-.80,
TIA/USDT,2025-02-15,LONG,0.7899,3.067,3.127,2,True,1.9563,0.5619,.70-.80,
TIA/USDT,2025-02-16,LONG,0.6653,3.03,3.127,1,True,3.2013,0.1945,.60-.70,
TIA/USDT,2025-02-18,LONG,0.6532,3.001,3.143,1,True,4.7318,0.6545,.60-.70,
TIA/USDT,2025-02-23,LONG,0.8524,3.708,4.083,5,False,10.1133,0.2214,>.80,
TIA/USDT,2025-02-24,LONG,0.6083,3.243,4.083,4,True,25.9019,2.0406,.60-.70,2-3x
TIA/USDT,2025-02-26,LONG,0.9091,3.829,4.083,2,True,6.6336,0.8026,>.80,
TIA/USDT,2025-03-01,LONG,0.8212,4.167,3.415,3,True,-18.0466,0.3023,>.80,
TIA/USDT,2025-03-03,LONG,0.7611,3.419,3.415,1,True,-0.117,2.1973,.70-.80,2-3x
TIA/USDT,2025-03-05,LONG,0.5949,3.377,3.169,1,True,-6.1593,0.1405,.55-.60,
TIA/USDT,2025-03-09,LONG,0.5834,3.032,2.8,1,True,-7.6517,0.9725,.55-.60,
TIA/USDT,2025-03-12,LONG,0.7958,3.675,3.389,5,False,-7.7823,1.6616,.70-.80,1.5-2x
TIA/USDT,2025-03-13,LONG,0.6349,3.631,3.227,5,False,-11.1264,0.1371,.60-.70,
TIA/USDT,2025-03-14,LONG,0.6487,3.53,3.419,5,False,-3.1445,0.3198,.60-.70,
TIA/USDT,2025-03-15,LONG,0.8826,3.62,3.353,5,False,-7.3757,0.2927,>.80,
TIA/USDT,2025-03-17,LONG,0.6811,3.389,3.353,3,True,-1.0623,0.0075,.60-.70,
TIA/USDT,2025-03-18,LONG,0.5691,3.227,3.353,2,True,3.9046,0.6101,.55-.60,
TIA/USDT,2025-03-22,LONG,0.5894,3.38,3.704,5,False,9.5858,0.3499,.55-.60,
TIA/USDT,2025-03-23,LONG,0.6178,3.545,3.429,5,False,-3.2722,0.7749,.60-.70,
TIA/USDT,2025-03-24,LONG,0.5533,3.648,3.215,5,False,-11.8695,0.4595,.55-.60,
TIA/USDT,2025-03-26,LONG,0.6215,3.584,3.064,5,False,-14.5089,0.4362,.60-.70,
TIA/USDT,2025-03-27,LONG,0.5771,3.704,3.149,5,False,-14.9838,0.5416,.55-.60,
TIA/USDT,2025-03-28,LONG,0.5805,3.429,2.916,5,False,-14.9606,1.1595,.55-.60,1-1.5x
TIA/USDT,2025-03-29,LONG,0.5793,3.215,2.916,4,True,-9.3002,0.9915,.55-.60,
TIA/USDT,2025-03-31,LONG,0.5697,3.064,2.916,2,True,-4.8303,1.064,.55-.60,1-1.5x
TIA/USDT,2025-04-04,LONG,0.6691,2.732,2.701,1,True,-1.1347,0.8677,.60-.70,
SUI/USDT,2024-08-28,LONG,0.5712,0.8098,0.8317,2,True,2.7044,0.5814,.55-.60,
SUI/USDT,2024-08-29,LONG,0.6828,0.8033,0.8317,1,True,3.5354,0.1049,.60-.70,
SUI/USDT,2024-08-31,LONG,0.6099,0.7963,0.787,2,True,-1.1679,0.5694,.60-.70,
SUI/USDT,2024-09-03,LONG,0.6226,0.7855,0.8095,1,True,3.0554,0.0296,.60-.70,
SUI/USDT,2024-09-05,LONG,0.6426,0.7974,0.8379,1,True,5.079,0.2459,.60-.70,
SUI/USDT,2024-09-07,LONG,0.661,0.8912,0.9394,1,True,5.4084,1.0072,.60-.70,1-1.5x
SUI/USDT,2024-09-10,LONG,0.6554,0.9181,1.0395,2,True,13.223,0.6877,.60-.70,
SUI/USDT,2024-09-11,LONG,0.7645,0.9303,1.0395,1,True,11.7381,0.2183,.70-.80,
SUI/USDT,2024-09-14,LONG,0.594,1.0445,1.0789,1,True,3.2934,0.3319,.55-.60,
SUI/USDT,2024-09-17,LONG,0.5872,1.1691,1.4694,3,True,25.6864,2.5632,.55-.60,2-3x
SUI/USDT,2024-09-18,LONG,0.5891,1.315,1.4694,2,True,11.7414,2.3751,.55-.60,2-3x
SUI/USDT,2024-09-19,LONG,0.8097,1.3797,1.4694,1,True,6.5014,0.9325,>.80,
SUI/USDT,2024-09-21,LONG,0.6626,1.4817,1.6984,4,True,14.6251,0.1751,.60-.70,
SUI/USDT,2024-09-22,LONG,0.7589,1.5842,1.6984,3,True,7.2087,1.4285,.70-.80,1-1.5x
SUI/USDT,2024-09-23,LONG,0.8154,1.535,1.6984,2,True,10.645,0.6204,>.80,
SUI/USDT,2024-09-24,LONG,0.705,1.7415,1.6984,1,True,-2.4749,2.458,.70-.80,2-3x
SUI/USDT,2024-09-26,LONG,0.7812,1.6409,1.6882,2,True,2.8826,0.5877,.70-.80,
SUI/USDT,2024-09-27,LONG,0.6815,1.6574,1.6882,1,True,1.8583,0.1749,.60-.70,
SUI/USDT,2024-10-01,LONG,0.8601,1.7587,1.7729,3,True,0.8074,0.1611,>.80,
SUI/USDT,2024-10-02,LONG,0.6737,1.8559,1.7729,2,True,-4.4722,1.056,.60-.70,1-1.5x
SUI/USDT,2024-10-03,LONG,0.838,1.6632,1.7729,1,True,6.5957,1.7367,>.80,1.5-2x
SUI/USDT,2024-10-05,LONG,0.7761,1.7544,1.8403,1,True,4.8963,0.1711,.70-.80,
SUI/USDT,2024-10-08,LONG,0.6664,1.9866,1.8758,1,True,-5.5774,0.2934,.60-.70,
SUI/USDT,2024-10-11,LONG,0.7334,2.0537,2.2504,3,True,9.5778,1.9737,.70-.80,1.5-2x
SUI/USDT,2024-10-12,LONG,0.78,2.2422,2.2504,2,True,0.3657,1.4881,.70-.80,1-1.5x
SUI/USDT,2024-10-13,LONG,0.8279,2.3437,2.2504,1,True,-3.9809,0.7451,>.80,
SUI/USDT,2024-10-16,LONG,0.6964,2.0827,2.0247,1,True,-2.7848,0.1909,.60-.70,
SUI/USDT,2024-10-20,LONG,0.6429,2.1277,1.9395,2,True,-8.8452,0.5172,.60-.70,
SUI/USDT,2024-10-21,LONG,0.8145,2.0092,1.9395,1,True,-3.469,0.891,>.80,
SUI/USDT,2024-10-23,LONG,0.6262,1.9767,1.9369,1,True,-2.0135,0.3375,.60-.70,
SUI/USDT,2024-10-29,LONG,0.5882,2.0713,2.083,1,True,0.5649,2.563,.55-.60,2-3x
SUI/USDT,2024-11-01,LONG,0.621,1.9891,1.9087,1,True,-4.042,0.1513,.60-.70,
SUI/USDT,2024-11-03,LONG,0.7993,1.9465,1.8497,1,True,-4.973,0.3508,.70-.80,
SUI/USDT,2024-11-07,LONG,0.7803,2.319,2.7466,2,True,18.439,0.0975,.70-.80,
SUI/USDT,2024-11-08,LONG,0.7486,2.2883,2.7466,1,True,20.028,0.2033,.70-.80,
SUI/USDT,2024-11-11,LONG,0.8223,3.2735,3.6102,4,True,10.2856,1.0103,>.80,1-1.5x
SUI/USDT,2024-11-12,LONG,0.6721,3.2124,3.6102,3,True,12.3833,0.2363,.60-.70,
SUI/USDT,2024-11-13,LONG,0.6428,3.3036,3.6102,2,True,9.2808,0.3631,.60-.70,
SUI/USDT,2024-11-14,LONG,0.7511,3.3531,3.6102,1,True,7.6675,0.2066,.70-.80,
SUI/USDT,2024-11-18,LONG,0.8454,3.7001,3.6241,3,True,-2.054,0.3273,>.80,
SUI/USDT,2024-11-20,LONG,0.6316,3.5245,3.6241,1,True,2.8259,0.809,.60-.70,
SUI/USDT,2024-11-23,LONG,0.6608,3.437,3.3958,1,True,-1.1987,0.5383,.60-.70,
SUI/USDT,2024-11-25,LONG,0.6024,3.191,3.4857,4,True,9.2353,0.9029,.60-.70,
SUI/USDT,2024-11-26,LONG,0.6553,3.4936,3.4857,3,True,-0.2261,1.5125,.60-.70,1.5-2x
SUI/USDT,2024-11-27,LONG,0.6488,3.433,3.4857,2,True,1.5351,0.2743,.60-.70,
SUI/USDT,2024-11-28,LONG,0.6065,3.4436,3.4857,1,True,1.2226,0.0491,.60-.70,
SUI/USDT,2024-12-01,LONG,0.6203,3.4771,3.6734,3,True,5.6455,0.0098,.60-.70,
SUI/USDT,2024-12-03,LONG,0.6629,3.6951,3.6734,1,True,-0.5873,2.1049,.60-.70,2-3x
SUI/USDT,2024-12-06,LONG,0.83,4.2161,4.2588,1,True,1.0128,0.0519,>.80,
SUI/USDT,2024-12-08,LONG,0.8625,4.2309,3.7124,2,True,-12.2551,0.1291,>.80,
SUI/USDT,2024-12-09,LONG,0.6887,3.838,3.7124,1,True,-3.2725,1.6721,.60-.70,1.5-2x
SUI/USDT,2024-12-11,LONG,0.8073,4.3724,4.4585,3,True,1.9692,2.6557,>.80,2-3x
SUI/USDT,2024-12-12,LONG,0.7715,4.6204,4.4585,2,True,-3.504,0.8423,.70-.80,
SUI/USDT,2024-12-13,LONG,0.8183,4.7624,4.4585,1,True,-6.3812,0.4634,>.80,
SUI/USDT,2024-12-17,LONG,0.728,4.6407,4.3615,4,True,-6.0163,0.0461,.70-.80,
SUI/USDT,2024-12-19,LONG,0.5866,4.0735,4.3615,2,True,7.0701,0.8601,.55-.60,
SUI/USDT,2024-12-23,LONG,0.7129,4.7159,4.6059,1,True,-2.3325,1.1961,.70-.80,1-1.5x
SUI/USDT,2024-12-29,LONG,0.6282,4.092,4.1226,2,True,0.7478,0.4232,.60-.70,
SUI/USDT,2024-12-30,LONG,0.5566,4.1808,4.1226,1,True,-1.3921,0.3196,.55-.60,
SUI/USDT,2025-01-03,LONG,0.6668,4.9856,5.2457,2,True,5.217,2.3787,.60-.70,2-3x
SUI/USDT,2025-01-06,LONG,0.7124,5.0896,4.8967,2,True,-3.7901,0.4913,.70-.80,
SUI/USDT,2025-01-07,LONG,0.6831,4.7859,4.8967,1,True,2.3151,0.9913,.60-.70,
SUI/USDT,2025-01-11,LONG,0.7224,4.9695,4.5844,3,True,-7.7493,0.5524,.70-.80,
SUI/USDT,2025-01-12,LONG,0.5591,4.7321,4.5844,2,True,-3.1212,0.9247,.55-.60,
SUI/USDT,2025-01-13,LONG,0.6366,4.7466,4.5844,1,True,-3.4172,0.0597,.60-.70,
SUI/USDT,2025-01-16,LONG,0.6728,4.7482,4.8376,1,True,1.8828,0.363,.60-.70,
SUI/USDT,2025-01-18,LONG,0.6346,5.0032,4.5054,1,True,-9.9496,0.6941,.60-.70,
SUI/USDT,2025-01-20,LONG,0.8232,4.4173,4.471,2,True,1.2157,0.3543,>.80,
SUI/USDT,2025-01-23,LONG,0.7485,4.3027,4.2019,1,True,-2.3427,0.8145,.70-.80,
SUI/USDT,2025-01-27,LONG,0.7488,3.9643,4.1182,3,True,3.8821,0.555,.70-.80,
SUI/USDT,2025-01-29,LONG,0.5536,3.6975,4.1182,1,True,11.378,0.2641,.55-.60,
SUI/USDT,2025-02-03,LONG,0.8643,3.6508,3.3302,2,True,-8.7816,1.6501,>.80,1.5-2x
SUI/USDT,2025-02-06,LONG,0.9743,3.1358,3.0134,1,True,-3.9033,0.9283,>.80,
SUI/USDT,2025-02-11,LONG,0.5836,3.3278,3.5819,1,True,7.6357,0.5691,.55-.60,
SUI/USDT,2025-02-13,LONG,0.8297,3.468,3.5523,1,True,2.4308,0.492,>.80,
SUI/USDT,2025-02-16,LONG,0.7032,3.2696,3.2181,1,True,-1.5751,0.6772,.70-.80,
SUI/USDT,2025-02-18,LONG,0.6182,3.065,3.4218,4,True,11.6411,0.759,.60-.70,
SUI/USDT,2025-02-20,LONG,0.6963,3.451,3.4218,2,True,-0.8461,1.1952,.60-.70,1-1.5x
SUI/USDT,2025-02-25,LONG,0.6845,2.9564,2.7883,2,True,-5.686,0.7521,.60-.70,
SUI/USDT,2025-02-28,LONG,0.7263,2.8303,2.8198,1,True,-0.371,0.261,.70-.80,
SUI/USDT,2025-03-08,LONG,0.616,2.4834,2.2894,1,True,-7.8119,0.5247,.60-.70,
SUI/USDT,2025-03-10,LONG,0.5638,2.0885,2.3521,5,False,12.6215,1.1484,.55-.60,1-1.5x
SUI/USDT,2025-03-11,LONG,0.7515,2.2296,2.2309,5,False,0.0583,0.8739,.70-.80,
SUI/USDT,2025-03-12,LONG,0.82,2.2856,2.3786,5,False,4.069,0.334,>.80,
SUI/USDT,2025-03-14,LONG,0.6962,2.3255,2.2847,4,True,-1.7545,0.9759,.60-.70,
SUI/USDT,2025-03-15,LONG,0.6838,2.3521,2.2847,3,True,-2.8655,0.1486,.60-.70,
SUI/USDT,2025-03-19,LONG,0.5981,2.4746,2.2636,3,True,-8.5266,1.1321,.55-.60,1-1.5x
SUI/USDT,2025-03-20,LONG,0.62,2.3567,2.2636,2,True,-3.9504,0.6445,.60-.70,
SUI/USDT,2025-03-21,LONG,0.6361,2.2528,2.2636,1,True,0.4794,0.5926,.60-.70,
SUI/USDT,2025-03-28,LONG,0.6735,2.5054,2.2674,3,True,-9.4995,1.6536,.60-.70,1.5-2x
SUI/USDT,2025-03-29,LONG,0.7153,2.3108,2.2674,2,True,-1.8781,1.2985,.70-.80,1-1.5x
SUI/USDT,2025-03-30,LONG,0.6208,2.3514,2.2674,1,True,-3.5723,0.3137,.60-.70,
SUI/USDT,2025-04-02,LONG,0.6714,2.3072,2.2635,1,True,-1.8941,0.7488,.60-.70,
SUI/USDT,2025-04-04,LONG,0.8513,2.2583,2.2162,1,True,-1.8642,0.0431,>.80,
INJ/USDT,2024-09-04,LONG,0.6762,17.32,17.011,1,True,-1.7841,1.7052,.60-.70,1.5-2x
INJ/USDT,2024-09-07,LONG,0.8384,16.017,16.244,1,True,1.4172,0.216,>.80,
INJ/USDT,2024-09-10,LONG,0.8129,18.174,18.649,5,False,2.6136,0.9309,>.80,
INJ/USDT,2024-09-12,LONG,0.747,19.344,19.491,5,False,0.7599,0.6791,.70-.80,
INJ/USDT,2024-09-13,LONG,0.5904,19.814,19.814,5,False,0.0,0.4898,.55-.60,
INJ/USDT,2024-09-14,LONG,0.7876,19.624,20.445,5,False,4.1837,0.1937,.70-.80,
INJ/USDT,2024-09-15,LONG,0.6964,18.649,21.05,5,False,12.8747,1.0407,.60-.70,1-1.5x
INJ/USDT,2024-09-16,LONG,0.7718,18.003,21.172,5,False,17.6026,0.7698,.70-.80,
INJ/USDT,2024-09-17,LONG,0.8406,19.491,21.686,5,False,11.2616,1.7624,>.80,1.5-2x
INJ/USDT,2024-09-18,LONG,0.841,19.814,22.44,5,False,13.2533,0.3577,>.80,
INJ/USDT,2024-09-19,LONG,0.8779,20.445,21.837,5,False,6.8085,0.6839,>.80,
INJ/USDT,2024-09-20,LONG,0.7277,21.05,21.837,4,True,3.7387,0.635,.70-.80,
INJ/USDT,2024-09-21,LONG,0.7662,21.172,21.837,3,True,3.1409,0.1303,.70-.80,
INJ/USDT,2024-09-22,LONG,0.7737,21.686,21.837,2,True,0.6963,0.5525,.70-.80,
INJ/USDT,2024-09-23,LONG,0.6074,22.44,21.837,1,True,-2.6872,0.895,.60-.70,
INJ/USDT,2024-09-28,LONG,0.7322,22.84,23.245,1,True,1.7732,0.9533,.70-.80,
INJ/USDT,2024-10-03,LONG,0.6677,19.03,20.546,4,True,7.9664,1.3922,.60-.70,1-1.5x
INJ/USDT,2024-10-04,LONG,0.8273,20.394,20.546,3,True,0.7453,1.6241,>.80,1.5-2x
INJ/USDT,2024-10-05,LONG,0.6777,19.879,20.546,2,True,3.3553,0.5883,.60-.70,
INJ/USDT,2024-10-06,LONG,0.5966,20.738,20.546,1,True,-0.9258,1.0106,.55-.60,1-1.5x
INJ/USDT,2024-10-11,LONG,0.6233,20.426,20.914,5,False,2.3891,1.4595,.60-.70,1-1.5x
INJ/USDT,2024-10-12,LONG,0.5873,20.395,21.342,5,False,4.6433,0.0365,.55-.60,
INJ/USDT,2024-10-14,LONG,0.5618,21.727,21.342,3,True,-1.772,1.5942,.55-.60,1.5-2x
INJ/USDT,2024-10-15,LONG,0.6014,21.397,21.342,2,True,-0.257,0.3527,.60-.70,
INJ/USDT,2024-10-20,LONG,0.9255,22.164,20.168,3,True,-9.0056,0.0779,>.80,
INJ/USDT,2024-10-21,LONG,0.7321,21.275,20.168,2,True,-5.2033,1.0669,.70-.80,1-1.5x
INJ/USDT,2024-10-22,LONG,0.7276,20.954,20.168,1,True,-3.7511,0.4043,.70-.80,
INJ/USDT,2024-10-24,LONG,0.6831,20.412,18.99,3,True,-6.9665,0.3755,.60-.70,
INJ/USDT,2024-10-25,LONG,0.5834,18.2,18.99,2,True,4.3407,2.7014,.55-.60,2-3x
INJ/USDT,2024-10-26,LONG,0.5793,18.381,18.99,1,True,3.3132,0.2567,.55-.60,
INJ/USDT,2024-10-28,LONG,0.6296,19.21,20.292,1,True,5.6325,0.3043,.60-.70,
INJ/USDT,2024-11-02,LONG,0.5501,17.963,21.218,4,True,18.1206,1.0326,.55-.60,1-1.5x
INJ/USDT,2024-11-03,LONG,0.5722,16.86,21.218,3,True,25.8482,1.6276,.55-.60,1.5-2x
INJ/USDT,2024-11-04,LONG,0.6373,16.34,21.218,2,True,29.8531,0.8125,.60-.70,
INJ/USDT,2024-11-05,LONG,0.5714,17.32,21.218,1,True,22.5058,1.4564,.55-.60,1-1.5x
INJ/USDT,2024-11-07,LONG,0.5799,21.606,24.484,5,False,13.3204,0.2766,.55-.60,
INJ/USDT,2024-11-09,LONG,0.8404,23.79,23.295,5,False,-2.0807,0.8982,>.80,
INJ/USDT,2024-11-12,LONG,0.621,24.484,24.646,3,True,0.6617,1.2371,.60-.70,1-1.5x
INJ/USDT,2024-11-13,LONG,0.8615,24.131,24.646,2,True,2.1342,0.1995,>.80,
INJ/USDT,2024-11-14,LONG,0.8192,23.295,24.646,1,True,5.7995,0.5125,>.80,
INJ/USDT,2024-11-18,LONG,0.7559,25.68,27.826,5,False,8.3567,0.6582,.70-.80,
INJ/USDT,2024-11-19,LONG,0.8486,24.399,28.432,5,False,16.5294,0.7021,>.80,
INJ/USDT,2024-11-20,LONG,0.5717,23.224,26.918,5,False,15.906,0.6748,.55-.60,
INJ/USDT,2024-11-22,LONG,0.8287,26.55,29.772,5,False,12.1356,0.8275,>.80,
INJ/USDT,2024-11-23,LONG,0.8424,27.826,29.361,5,False,5.5164,0.6947,>.80,
INJ/USDT,2024-11-25,LONG,0.8577,26.918,29.361,3,True,9.0757,0.7617,>.80,
INJ/USDT,2024-11-26,LONG,0.8521,30.802,29.361,2,True,-4.6783,2.4363,>.80,2-3x
INJ/USDT,2024-11-27,LONG,0.786,29.772,29.361,1,True,-1.3805,0.5532,.70-.80,
INJ/USDT,2024-11-29,LONG,0.5904,30.307,31.15,1,True,2.7815,0.5384,.55-.60,
INJ/USDT,2024-12-03,LONG,0.6163,33.326,31.832,1,True,-4.483,0.8751,.60-.70,
INJ/USDT,2024-12-06,LONG,0.5811,34.014,32.962,1,True,-3.0928,0.9999,.55-.60,
INJ/USDT,2024-12-08,LONG,0.7185,33.273,28.0,1,True,-15.8477,0.1774,.70-.80,
INJ/USDT,2024-12-11,LONG,0.6954,28.799,29.08,1,True,0.9757,1.0183,.60-.70,1-1.5x
INJ/USDT,2024-12-17,LONG,0.6042,26.861,24.478,1,True,-8.8716,1.0631,.60-.70,1-1.5x
INJ/USDT,2024-12-24,LONG,0.5921,23.302,22.574,1,True,-3.1242,0.1327,.55-.60,
INJ/USDT,2024-12-28,LONG,0.5649,21.316,19.626,3,True,-7.9283,0.4051,.55-.60,
INJ/USDT,2024-12-29,LONG,0.6316,20.315,19.626,2,True,-3.3916,0.8314,.60-.70,
INJ/USDT,2024-12-30,LONG,0.5534,20.068,19.626,1,True,-2.2025,0.2159,.55-.60,
INJ/USDT,2025-01-01,LONG,0.5704,20.543,21.71,1,True,5.6808,0.8512,.55-.60,
INJ/USDT,2025-01-03,LONG,0.6804,23.051,21.851,5,False,-5.2058,1.0605,.60-.70,1-1.5x
INJ/USDT,2025-01-04,LONG,0.5903,23.597,21.054,5,False,-10.7768,0.4112,.55-.60,
INJ/USDT,2025-01-05,LONG,0.6024,25.426,21.054,4,True,-17.195,1.277,.60-.70,1-1.5x
INJ/USDT,2025-01-07,LONG,0.6276,23.788,21.054,2,True,-11.4932,1.4094,.60-.70,1-1.5x
INJ/USDT,2025-01-08,LONG,0.6968,21.851,21.054,1,True,-3.6474,1.431,.60-.70,1-1.5x
INJ/USDT,2025-01-13,LONG,0.7738,20.102,23.899,5,False,18.8887,0.7813,.70-.80,
INJ/USDT,2025-01-15,LONG,0.5649,23.095,20.691,4,True,-10.4092,1.8164,.55-.60,1.5-2x
INJ/USDT,2025-01-16,LONG,0.6931,22.706,20.691,3,True,-8.8743,0.3351,.60-.70,
INJ/USDT,2025-01-18,LONG,0.761,23.899,20.691,1,True,-13.4232,0.6408,.70-.80,
INJ/USDT,2025-01-21,LONG,0.7749,22.798,20.832,2,True,-8.6236,0.8928,.70-.80,
INJ/USDT,2025-01-22,LONG,0.6755,21.46,20.832,1,True,-2.9264,0.9323,.60-.70,
INJ/USDT,2025-01-24,LONG,0.789,20.782,20.099,2,True,-3.2865,0.0392,.70-.80,
INJ/USDT,2025-01-25,LONG,0.5556,20.646,20.099,1,True,-2.6494,0.1125,.55-.60,
INJ/USDT,2025-01-30,LONG,0.7746,19.921,18.288,2,True,-8.1974,1.4005,.70-.80,1-1.5x
INJ/USDT,2025-01-31,LONG,0.7093,20.269,18.288,1,True,-9.7735,0.2906,.70-.80,
INJ/USDT,2025-02-03,LONG,0.7291,16.05,13.132,3,True,-18.1807,0.4879,.70-.80,
INJ/USDT,2025-02-05,LONG,0.8352,13.997,13.132,1,True,-6.1799,0.361,>.80,
INJ/USDT,2025-02-10,LONG,0.6981,14.557,14.939,2,True,2.6242,0.9836,.60-.70,
INJ/USDT,2025-02-11,LONG,0.7584,14.243,14.939,1,True,4.8866,0.3618,.70-.80,
INJ/USDT,2025-02-13,LONG,0.6168,15.115,15.374,1,True,1.7135,0.1911,.60-.70,
INJ/USDT,2025-02-15,LONG,0.8381,15.288,15.706,5,False,2.7342,0.0903,>.80,
INJ/USDT,2025-02-17,LONG,0.6352,14.96,15.706,3,True,4.9866,0.068,.60-.70,
INJ/USDT,2025-02-18,LONG,0.6819,13.898,15.706,2,True,13.0091,1.1902,.60-.70,1-1.5x
INJ/USDT,2025-02-19,LONG,0.7074,14.908,15.706,1,True,5.3528,1.2374,.70-.80,1-1.5x
INJ/USDT,2025-02-27,LONG,0.6863,13.584,13.325,1,True,-1.9067,0.8975,.60-.70,
INJ/USDT,2025-03-02,LONG,0.6395,14.352,11.092,2,True,-22.7146,1.864,.60-.70,1.5-2x
INJ/USDT,2025-03-08,LONG,0.665,11.287,8.785,2,True,-22.1671,0.2529,.60-.70,
INJ/USDT,2025-03-11,LONG,0.9142,9.103,9.668,1,True,6.2067,0.4798,>.80,
INJ/USDT,2025-03-14,LONG,0.8556,9.961,9.961,3,True,0.0,0.9421,>.80,
INJ/USDT,2025-03-15,LONG,0.8483,10.172,9.961,2,True,-2.0743,0.2731,>.80,
INJ/USDT,2025-03-20,LONG,0.6472,9.906,9.691,1,True,-2.1704,0.426,.60-.70,
INJ/USDT,2025-03-26,LONG,0.8322,10.52,9.224,2,True,-12.3194,0.2254,>.80,
INJ/USDT,2025-03-27,LONG,0.8096,10.329,9.224,1,True,-10.698,0.327,>.80,
INJ/USDT,2025-03-29,LONG,0.7609,8.66,8.719,2,True,0.6813,1.2202,.70-.80,1-1.5x
INJ/USDT,2025-03-30,LONG,0.8149,8.696,8.719,1,True,0.2645,0.0877,>.80,
INJ/USDT,2025-04-04,LONG,0.8277,8.316,8.279,1,True,-0.4449,0.2209,>.80,
STX/USDT,2024-08-31,LONG,0.747,1.5206,1.4143,3,True,-6.9907,0.6207,.70-.80,
STX/USDT,2024-09-02,LONG,0.5693,1.5138,1.4143,1,True,-6.5729,1.1827,.55-.60,1-1.5x
STX/USDT,2024-09-04,LONG,0.558,1.4663,1.3797,1,True,-5.906,0.8064,.55-.60,
STX/USDT,2024-09-08,LONG,0.717,1.419,1.6476,5,False,16.1099,0.4728,.70-.80,
STX/USDT,2024-09-09,LONG,0.6273,1.5189,1.6091,5,False,5.9385,1.4334,.60-.70,1-1.5x
STX/USDT,2024-09-11,LONG,0.7058,1.5754,1.6091,3,True,2.1391,0.455,.70-.80,
STX/USDT,2024-09-12,LONG,0.5956,1.6385,1.6091,2,True,-1.7943,0.9349,.55-.60,
STX/USDT,2024-09-15,LONG,0.6066,1.5526,1.4899,1,True,-4.0384,0.8278,.60-.70,
STX/USDT,2024-09-18,LONG,0.6983,1.5678,1.6868,1,True,7.5903,0.7135,.60-.70,
STX/USDT,2024-09-21,LONG,0.6208,1.7568,1.9591,3,True,11.5153,0.1877,.60-.70,
STX/USDT,2024-09-22,LONG,0.859,1.73,1.9591,2,True,13.2428,0.3743,>.80,
STX/USDT,2024-09-27,LONG,0.6432,1.9887,1.9618,1,True,-1.3526,0.0063,.60-.70,
STX/USDT,2024-09-29,LONG,0.5842,1.9642,1.7119,2,True,-12.8449,0.0319,.55-.60,
STX/USDT,2024-09-30,LONG,0.6274,1.84,1.7119,1,True,-6.962,1.5647,.60-.70,1.5-2x
STX/USDT,2024-10-02,LONG,0.5945,1.7288,1.8798,2,True,8.7344,0.2308,.55-.60,
STX/USDT,2024-10-03,LONG,0.851,1.8265,1.8798,1,True,2.9181,1.273,>.80,1-1.5x
STX/USDT,2024-10-08,LONG,0.66,1.7335,1.6526,1,True,-4.6669,0.3025,.60-.70,
STX/USDT,2024-10-15,LONG,0.7844,1.816,1.8511,1,True,1.9328,0.2345,.70-.80,
STX/USDT,2024-10-19,LONG,0.8202,1.8828,1.8289,2,True,-2.8628,0.5965,>.80,
STX/USDT,2024-10-22,LONG,0.6396,1.8146,1.7924,1,True,-1.2234,0.2348,.60-.70,
STX/USDT,2024-10-26,LONG,0.6749,1.6909,1.7413,1,True,2.9807,0.6787,.60-.70,
STX/USDT,2024-10-28,LONG,0.6789,1.7637,1.642,3,True,-6.9003,0.3721,.60-.70,
STX/USDT,2024-10-30,LONG,0.6338,1.757,1.642,1,True,-6.5452,1.554,.60-.70,1.5-2x
STX/USDT,2024-11-02,LONG,0.6513,1.572,1.4576,2,True,-7.2774,0.4098,.60-.70,
STX/USDT,2024-11-03,LONG,0.6309,1.4784,1.4576,1,True,-1.4069,1.5353,.60-.70,1.5-2x
STX/USDT,2024-11-08,LONG,0.7914,1.6548,1.8137,2,True,9.6024,0.2653,.70-.80,
STX/USDT,2024-11-09,LONG,0.8052,1.7279,1.8137,1,True,4.9656,0.8664,>.80,
STX/USDT,2024-11-12,LONG,0.7893,2.0222,1.8787,3,True,-7.0962,1.0883,.70-.80,1-1.5x
STX/USDT,2024-11-13,LONG,0.9339,1.9546,1.8787,2,True,-3.8831,0.4613,>.80,
STX/USDT,2024-11-14,LONG,0.9483,1.8051,1.8787,1,True,4.0773,1.067,>.80,1-1.5x
STX/USDT,2024-11-17,LONG,0.8772,1.8589,1.9429,1,True,4.5188,0.9527,>.80,
STX/USDT,2024-11-22,LONG,0.8397,2.0433,2.0664,1,True,1.1305,0.8535,>.80,
STX/USDT,2024-11-24,LONG,0.7775,2.0601,2.2301,3,True,8.252,0.0426,.70-.80,
STX/USDT,2024-11-26,LONG,0.661,2.1184,2.2301,1,True,5.2728,0.0199,.60-.70,
STX/USDT,2024-11-28,LONG,0.7626,2.3152,2.39,3,True,3.2308,0.5768,.70-.80,
STX/USDT,2024-11-29,LONG,0.5525,2.3433,2.39,2,True,1.9929,0.1842,.55-.60,
STX/USDT,2024-11-30,LONG,0.7907,2.3146,2.39,1,True,3.2576,0.1863,.70-.80,
STX/USDT,2024-12-05,LONG,0.5901,2.7451,2.7387,1,True,-0.2331,0.5399,.55-.60,
STX/USDT,2024-12-07,LONG,0.8163,2.6526,2.3443,5,False,-11.6226,0.9558,>.80,
STX/USDT,2024-12-08,LONG,0.8176,2.7186,2.3165,5,False,-14.7907,0.7696,>.80,
STX/USDT,2024-12-09,LONG,0.6724,2.2447,2.2311,5,False,-0.6059,3.2861,.60-.70,3-5x
STX/USDT,2024-12-10,LONG,0.6576,2.1802,2.2311,4,True,2.3346,0.5483,.60-.70,
STX/USDT,2024-12-11,LONG,0.7113,2.3951,2.2311,3,True,-6.8473,1.7988,.70-.80,1.5-2x
STX/USDT,2024-12-12,LONG,0.6659,2.3443,2.2311,2,True,-4.8287,0.3932,.60-.70,
STX/USDT,2024-12-13,LONG,0.6322,2.3165,2.2311,1,True,-3.6866,0.2191,.60-.70,
STX/USDT,2024-12-15,LONG,0.5742,2.4561,2.4162,1,True,-1.6245,1.7136,.55-.60,1.5-2x
STX/USDT,2024-12-17,LONG,0.6054,2.2793,2.0112,1,True,-11.7624,0.9469,.60-.70,
STX/USDT,2024-12-20,LONG,0.8245,1.8012,1.6537,1,True,-8.189,0.0948,>.80,
STX/USDT,2024-12-24,LONG,0.6008,1.7696,1.6821,1,True,-4.9446,0.5648,.60-.70,
STX/USDT,2024-12-29,LONG,0.6193,1.5729,1.7375,5,False,10.4647,0.8628,.60-.70,
STX/USDT,2024-12-30,LONG,0.5621,1.4897,1.7375,4,True,16.6342,0.871,.55-.60,
STX/USDT,2025-01-01,LONG,0.5597,1.6108,1.7375,2,True,7.8657,0.8388,.55-.60,
STX/USDT,2025-01-02,LONG,0.6433,1.6568,1.7375,1,True,4.8708,0.4872,.60-.70,
STX/USDT,2025-01-04,LONG,0.6556,1.7306,1.6015,3,True,-7.4598,0.0734,.60-.70,
STX/USDT,2025-01-05,LONG,0.6114,1.7616,1.6015,2,True,-9.0883,0.3281,.60-.70,
STX/USDT,2025-01-08,LONG,0.5824,1.5417,1.5377,2,True,-0.2595,0.7389,.55-.60,
STX/USDT,2025-01-09,LONG,0.5643,1.5002,1.5377,1,True,2.4997,0.5315,.55-.60,
STX/USDT,2025-01-12,LONG,0.6034,1.511,1.4534,1,True,-3.812,0.3221,.60-.70,
STX/USDT,2025-01-16,LONG,0.5961,1.5556,1.5769,2,True,1.3692,0.7658,.55-.60,
STX/USDT,2025-01-21,LONG,0.7082,1.4837,1.4001,2,True,-5.6346,0.87,.70-.80,
STX/USDT,2025-01-22,LONG,0.6073,1.4096,1.4001,1,True,-0.674,0.9138,.60-.70,
STX/USDT,2025-01-24,LONG,0.735,1.3715,1.331,2,True,-2.953,0.3845,.70-.80,
STX/USDT,2025-01-28,LONG,0.6485,1.2285,1.2182,4,True,-0.8384,0.9235,.60-.70,
STX/USDT,2025-01-30,LONG,0.6437,1.3169,1.2182,2,True,-7.4949,1.1566,.60-.70,1-1.5x
STX/USDT,2025-01-31,LONG,0.7191,1.3312,1.2182,1,True,-8.4886,0.2257,.70-.80,
STX/USDT,2025-02-03,LONG,0.5752,1.0522,0.9711,2,True,-7.7077,0.2607,.55-.60,
STX/USDT,2025-02-08,LONG,0.56,0.9127,0.9015,1,True,-1.2271,0.9634,.55-.60,
STX/USDT,2025-02-10,LONG,0.5918,0.9673,0.9854,2,True,1.8712,1.4128,.55-.60,1-1.5x
STX/USDT,2025-02-11,LONG,0.7547,0.9345,0.9854,1,True,5.4468,0.6611,.70-.80,
STX/USDT,2025-02-13,LONG,0.7374,0.9559,0.9339,2,True,-2.3015,0.5553,.70-.80,
STX/USDT,2025-02-14,LONG,0.7349,0.9871,0.9339,1,True,-5.3895,0.5972,.70-.80,
STX/USDT,2025-02-16,LONG,0.6644,0.9307,0.8754,2,True,-5.9418,0.0624,.60-.70,
STX/USDT,2025-02-17,LONG,0.6824,0.9215,0.8754,1,True,-5.0027,0.1814,.60-.70,
STX/USDT,2025-02-20,LONG,0.6495,0.9491,0.9294,2,True,-2.0757,1.226,.60-.70,1-1.5x
STX/USDT,2025-02-28,LONG,0.8613,0.8315,0.7287,3,True,-12.3632,0.1053,>.80,
STX/USDT,2025-03-01,LONG,0.8491,0.8109,0.7287,2,True,-10.1369,0.4829,>.80,
STX/USDT,2025-03-02,LONG,0.7488,0.8789,0.7287,1,True,-17.0895,1.6061,.70-.80,1.5-2x
STX/USDT,2025-03-08,LONG,0.7014,0.6839,0.5809,2,True,-15.0607,0.6002,.70-.80,
STX/USDT,2025-03-11,LONG,0.8261,0.6115,0.6356,1,True,3.9411,0.7919,>.80,
STX/USDT,2025-03-14,LONG,0.7668,0.64,0.6566,1,True,2.5937,0.5772,.70-.80,
STX/USDT,2025-03-17,LONG,0.5719,0.6262,0.615,1,True,-1.7886,0.2363,.55-.60,
STX/USDT,2025-03-20,LONG,0.6592,0.6444,0.6193,1,True,-3.8951,0.3949,.60-.70,
STX/USDT,2025-03-22,LONG,0.7206,0.6205,0.6316,1,True,1.7889,0.0344,.70-.80,
STX/USDT,2025-03-27,LONG,0.6303,0.7275,0.6213,2,True,-14.5979,0.2109,.60-.70,
STX/USDT,2025-03-28,LONG,0.7385,0.6597,0.6213,1,True,-5.8208,1.8373,.70-.80,1.5-2x
STX/USDT,2025-04-04,LONG,0.5864,0.6017,0.5998,1,True,-0.3158,0.8595,.55-.60,
SEI/USDT,2026-01-25,LONG,0.5661,0.103,0.1069,3,True,3.7864,1.1144,.55-.60,1-1.5x
SEI/USDT,2026-01-27,LONG,0.6424,0.1068,0.1069,1,True,0.0936,0.4188,.60-.70,
SEI/USDT,2026-01-29,LONG,0.6845,0.0996,0.0877,2,True,-11.9478,2.2434,.60-.70,2-3x
SEI/USDT,2026-01-30,LONG,0.6731,0.0957,0.0877,1,True,-8.3595,1.2566,.60-.70,1-1.5x
SEI/USDT,2026-02-01,LONG,0.5809,0.0844,0.07935,5,False,-5.9834,1.069,.55-.60,1-1.5x
SEI/USDT,2026-02-02,LONG,0.8767,0.08863,0.07935,4,True,-10.4705,1.5209,>.80,1.5-2x
SEI/USDT,2026-02-03,LONG,0.6814,0.08585,0.07935,3,True,-7.5713,0.9477,.60-.70,
SEI/USDT,2026-02-04,LONG,0.5503,0.0845,0.07935,2,True,-6.0947,0.4762,.55-.60,
SEI/USDT,2026-02-05,LONG,0.9779,0.07242,0.07935,1,True,9.5692,3.3114,>.80,3-5x
SEI/USDT,2026-02-09,LONG,0.97,0.07469,0.07216,1,True,-3.3873,0.3986,>.80,
SEI/USDT,2026-02-11,LONG,0.8323,0.07075,0.07493,1,True,5.9081,0.4009,>.80,
SEI/USDT,2026-02-14,LONG,0.874,0.07814,0.07274,4,True,-6.9107,0.5784,>.80,
SEI/USDT,2026-02-15,LONG,0.8962,0.07551,0.07274,3,True,-3.6684,0.6431,>.80,
SEI/USDT,2026-02-16,LONG,0.7607,0.07641,0.07274,2,True,-4.803,0.2277,.70-.80,
SEI/USDT,2026-02-17,LONG,0.8983,0.07439,0.07274,1,True,-2.218,0.5058,>.80,
SEI/USDT,2026-02-24,LONG,0.6165,0.06591,0.07041,2,True,6.8275,0.2442,.60-.70,
SEI/USDT,2026-02-25,LONG,0.6947,0.07127,0.07041,1,True,-1.2067,2.0788,.60-.70,2-3x
SEI/USDT,2026-02-27,LONG,0.7056,0.06895,0.06907,3,True,0.174,0.655,.70-.80,
SEI/USDT,2026-02-28,LONG,0.9002,0.0687,0.06907,2,True,0.5386,0.1146,>.80,
SEI/USDT,2026-03-08,LONG,0.665,0.06277,0.06575,4,True,4.7475,1.098,.60-.70,1-1.5x
SEI/USDT,2026-03-09,LONG,0.7358,0.06399,0.06575,3,True,2.7504,0.6943,.70-.80,
SEI/USDT,2026-03-11,LONG,0.6078,0.0629,0.06575,1,True,4.531,0.486,.60-.70,
SEI/USDT,2026-03-13,LONG,0.8604,0.06635,0.06656,1,True,0.3165,0.3143,>.80,
SEI/USDT,2026-03-16,LONG,0.8039,0.07012,0.06482,2,True,-7.5585,1.2052,>.80,1-1.5x
SEI/USDT,2026-03-17,LONG,0.7868,0.06882,0.06482,1,True,-5.8123,0.8224,.70-.80,
SEI/USDT,2026-03-19,LONG,0.6332,0.06405,0.06083,5,False,-5.0273,0.4647,.60-.70,
SEI/USDT,2026-03-20,LONG,0.6458,0.0635,0.06131,5,False,-3.4488,0.3355,.60-.70,
SEI/USDT,2026-03-21,LONG,0.638,0.06176,0.06131,4,True,-0.7286,1.0485,.60-.70,1-1.5x
SEI/USDT,2026-03-22,LONG,0.6448,0.05919,0.06131,3,True,3.5817,1.5303,.60-.70,1.5-2x
SEI/USDT,2026-03-23,LONG,0.5995,0.06048,0.06131,2,True,1.3724,0.785,.55-.60,
SEI/USDT,2026-03-24,LONG,0.5714,0.06083,0.06131,1,True,0.7891,0.219,.55-.60,
SEI/USDT,2026-03-26,LONG,0.7768,0.05892,0.05478,1,True,-7.0265,1.4566,.70-.80,1-1.5x
SEI/USDT,2026-03-29,LONG,0.6705,0.05186,0.05136,1,True,-0.9641,1.0252,.60-.70,1-1.5x
SEI/USDT,2026-04-06,LONG,0.8817,0.05343,0.05632,1,True,5.4089,0.1902,>.80,
SEI/USDT,2026-04-08,LONG,0.5974,0.05494,0.056,3,True,1.9294,0.6373,.55-.60,
SEI/USDT,2026-04-09,LONG,0.8229,0.056,0.056,2,True,0.0,0.4961,>.80,
SEI/USDT,2026-04-10,LONG,0.6139,0.05645,0.056,1,True,-0.7972,0.2079,.60-.70,
SEI/USDT,2026-04-15,LONG,0.7041,0.05601,0.05852,2,True,4.4813,0.6796,.70-.80,
SEI/USDT,2026-04-20,LONG,0.6152,0.05584,0.06081,5,False,8.9004,0.7874,.60-.70,
SEI/USDT,2026-04-21,LONG,0.6375,0.05752,0.06236,5,False,8.4145,0.8274,.60-.70,
SEI/USDT,2026-04-22,LONG,0.7535,0.06106,0.06056,5,False,-0.8189,1.706,.70-.80,1.5-2x
SEI/USDT,2026-04-24,LONG,0.6544,0.06134,0.06056,3,True,-1.2716,0.3055,.60-.70,
SEI/USDT,2026-04-25,LONG,0.8213,0.06081,0.06056,2,True,-0.4111,0.2512,>.80,
SEI/USDT,2026-04-29,LONG,0.642,0.05768,0.0592,3,True,2.6352,0.7355,.60-.70,
SEI/USDT,2026-05-06,LONG,0.5971,0.06157,0.07602,5,False,23.4692,1.216,.55-.60,1-1.5x
SEI/USDT,2026-05-07,LONG,0.5757,0.06076,0.07602,4,True,25.1152,0.4834,.55-.60,
SEI/USDT,2026-05-08,LONG,0.5541,0.06542,0.07602,3,True,16.203,2.5795,.55-.60,2-3x
SEI/USDT,2026-05-10,LONG,0.8402,0.07589,0.07602,1,True,0.1713,2.2026,>.80,2-3x
SEI/USDT,2026-05-12,LONG,0.7811,0.06945,0.06124,5,False,-11.8215,2.187,.70-.80,2-3x
SEI/USDT,2026-05-13,LONG,0.9421,0.06682,0.06148,5,False,-7.9916,0.9301,>.80,
SEI/USDT,2026-05-14,LONG,0.8386,0.06714,0.06148,4,True,-8.4301,0.1181,>.80,
SEI/USDT,2026-05-15,LONG,0.7559,0.0636,0.06148,3,True,-3.3333,1.2403,.70-.80,1-1.5x
SEI/USDT,2026-05-16,LONG,0.8348,0.06266,0.06148,2,True,-1.8832,0.349,>.80,
SEI/USDT,2026-05-17,LONG,0.6118,0.06124,0.06148,1,True,0.3919,0.5378,.60-.70,
SEI/USDT,2026-05-24,LONG,0.5544,0.06081,0.06189,1,True,1.776,0.3284,.55-.60,
SEI/USDT,2026-05-29,LONG,0.7425,0.06608,0.07186,3,True,8.747,0.7051,.70-.80,
SEI/USDT,2026-05-30,LONG,0.8978,0.06636,0.07186,2,True,8.2881,0.1223,>.80,
SEI/USDT,2026-05-31,LONG,0.8031,0.06809,0.07186,1,True,5.5368,0.7371,>.80,
SEI/USDT,2026-06-02,LONG,0.5743,0.06253,0.0595,1,True,-4.8457,3.0187,.55-.60,3-5x
SEI/USDT,2026-06-07,LONG,0.948,0.04962,0.0465,3,True,-6.2878,1.0206,>.80,1-1.5x
SEI/USDT,2026-06-08,LONG,0.5857,0.04927,0.0465,2,True,-5.6221,0.1255,.55-.60,
IMX/USDT,2024-08-29,LONG,0.7364,1.4572,1.4261,1,True,-2.1342,0.1944,.70-.80,
IMX/USDT,2024-08-31,LONG,0.671,1.3636,1.1717,3,True,-14.073,0.8792,.60-.70,
IMX/USDT,2024-09-01,LONG,0.7373,1.2855,1.1717,2,True,-8.8526,1.1277,.70-.80,1-1.5x
IMX/USDT,2024-09-07,LONG,0.7057,1.1794,1.2014,1,True,1.8654,0.5047,.70-.80,
IMX/USDT,2024-09-09,LONG,0.6029,1.26,1.2551,2,True,-0.3889,0.9553,.60-.70,
IMX/USDT,2024-09-17,LONG,0.6709,1.3941,1.5022,2,True,7.7541,2.7359,.60-.70,2-3x
IMX/USDT,2024-09-18,LONG,0.6675,1.3944,1.5022,1,True,7.7309,0.0043,.60-.70,
IMX/USDT,2024-09-20,LONG,0.8291,1.5712,1.8057,3,True,14.9249,0.8786,>.80,
IMX/USDT,2024-09-21,LONG,0.7041,1.6544,1.8057,2,True,9.1453,1.0428,.70-.80,1-1.5x
IMX/USDT,2024-09-22,LONG,0.7241,1.6854,1.8057,1,True,7.1378,0.372,.70-.80,
IMX/USDT,2024-09-24,LONG,0.6941,1.7867,1.8169,3,True,1.6903,0.2236,.60-.70,
IMX/USDT,2024-09-25,LONG,0.6561,1.7248,1.8169,2,True,5.3397,0.7623,.60-.70,
IMX/USDT,2024-09-26,LONG,0.6592,1.7753,1.8169,1,True,2.3433,0.6524,.60-.70,
IMX/USDT,2024-10-02,LONG,0.5557,1.5588,1.5171,3,True,-2.6751,0.0384,.55-.60,
IMX/USDT,2024-10-03,LONG,0.6774,1.5108,1.5171,2,True,0.417,0.5936,.60-.70,
IMX/USDT,2024-10-04,LONG,0.7071,1.5564,1.5171,1,True,-2.5251,0.5796,.70-.80,
IMX/USDT,2024-10-06,LONG,0.5938,1.5252,1.4833,1,True,-2.7472,0.1061,.55-.60,
IMX/USDT,2024-10-10,LONG,0.8541,1.461,1.4903,1,True,2.0055,1.5517,>.80,1.5-2x
IMX/USDT,2024-10-12,LONG,0.7651,1.5609,1.5039,1,True,-3.6517,1.1709,.70-.80,1-1.5x
IMX/USDT,2024-10-16,LONG,0.6375,1.5281,1.5035,1,True,-1.6098,0.8076,.60-.70,
IMX/USDT,2024-10-18,LONG,0.7832,1.5571,1.6523,2,True,6.1139,0.7627,.70-.80,
IMX/USDT,2024-10-19,LONG,0.6657,1.575,1.6523,1,True,4.9079,0.2461,.60-.70,
IMX/USDT,2024-10-29,LONG,0.5747,1.4161,1.2044,2,True,-14.9495,0.9505,.55-.60,
IMX/USDT,2024-11-01,LONG,0.8817,1.1136,1.1063,2,True,-0.6555,1.3939,>.80,1-1.5x
IMX/USDT,2024-11-02,LONG,0.6887,1.066,1.1063,1,True,3.7805,0.7882,.60-.70,
IMX/USDT,2024-11-06,LONG,0.9221,1.2293,1.1992,2,True,-2.4485,2.3147,>.80,2-3x
IMX/USDT,2024-11-12,LONG,0.8721,1.345,1.2424,1,True,-7.6283,0.7189,>.80,
IMX/USDT,2024-11-15,LONG,0.9699,1.2626,1.3916,3,True,10.217,1.2876,>.80,1-1.5x
IMX/USDT,2024-11-16,LONG,0.9684,1.3631,1.3916,2,True,2.0908,1.1575,>.80,1-1.5x
IMX/USDT,2024-11-17,LONG,0.8296,1.299,1.3916,1,True,7.1286,0.6752,>.80,
IMX/USDT,2024-11-22,LONG,0.8309,1.4855,1.762,5,False,18.6133,1.3862,>.80,1-1.5x
IMX/USDT,2024-11-23,LONG,0.7123,1.5931,1.8801,5,False,18.0152,1.0762,.70-.80,1-1.5x
IMX/USDT,2024-11-24,LONG,0.5693,1.7676,1.8801,4,True,6.3646,1.6186,.55-.60,1.5-2x
IMX/USDT,2024-11-25,LONG,0.8432,1.7017,1.8801,3,True,10.4836,0.5384,>.80,
IMX/USDT,2024-11-26,LONG,0.8615,1.6788,1.8801,2,True,11.9907,0.209,>.80,
IMX/USDT,2024-11-27,LONG,0.6796,1.762,1.8801,1,True,6.7026,0.7678,.60-.70,
IMX/USDT,2024-11-29,LONG,0.8453,1.9312,1.9749,1,True,2.2628,0.431,>.80,
IMX/USDT,2024-12-01,LONG,0.7239,2.019,2.1271,5,False,5.3541,0.3633,.70-.80,
IMX/USDT,2024-12-02,LONG,0.6705,2.0409,2.066,5,False,1.2298,0.182,.60-.70,
IMX/USDT,2024-12-04,LONG,0.6942,2.0854,2.066,3,True,-0.9303,0.1174,.60-.70,
IMX/USDT,2024-12-05,LONG,0.6684,2.0725,2.066,2,True,-0.3136,0.1235,.60-.70,
IMX/USDT,2024-12-09,LONG,0.7526,1.7297,1.7339,1,True,0.2428,2.6541,.70-.80,2-3x
IMX/USDT,2024-12-12,LONG,0.8728,1.9615,1.9326,1,True,-1.4734,0.8253,>.80,
IMX/USDT,2024-12-16,LONG,0.6275,1.8047,1.571,2,True,-12.9495,0.6809,.60-.70,
IMX/USDT,2024-12-17,LONG,0.5752,1.7021,1.571,1,True,-7.7023,1.0624,.55-.60,1-1.5x
IMX/USDT,2024-12-20,LONG,0.6634,1.4457,1.3136,2,True,-9.1374,0.5375,.60-.70,
IMX/USDT,2024-12-21,LONG,0.6224,1.3289,1.3136,1,True,-1.1513,1.3714,.60-.70,1-1.5x
IMX/USDT,2024-12-24,LONG,0.5771,1.4763,1.3882,3,True,-5.9676,0.2904,.55-.60,
IMX/USDT,2024-12-29,LONG,0.6028,1.3569,1.3548,1,True,-0.1548,0.9471,.60-.70,
IMX/USDT,2025-01-03,LONG,0.5925,1.4727,1.2688,5,False,-13.8453,1.3634,.55-.60,1-1.5x
IMX/USDT,2025-01-04,LONG,0.6051,1.4653,1.2304,5,False,-16.0308,0.0925,.60-.70,
IMX/USDT,2025-01-05,LONG,0.6326,1.4462,1.2304,4,True,-14.9219,0.2414,.60-.70,
IMX/USDT,2025-01-06,LONG,0.5548,1.4807,1.2304,3,True,-16.9042,0.4477,.55-.60,
IMX/USDT,2025-01-12,LONG,0.6145,1.219,1.4183,5,False,16.3495,0.6554,.60-.70,
IMX/USDT,2025-01-13,LONG,0.6571,1.1799,1.3133,5,False,11.306,0.7709,.60-.70,
IMX/USDT,2025-01-16,LONG,0.5976,1.3473,1.1672,3,True,-13.3675,0.1532,.55-.60,
IMX/USDT,2025-01-17,LONG,0.5747,1.4183,1.1672,2,True,-17.7043,1.0661,.55-.60,1-1.5x
IMX/USDT,2025-01-18,LONG,0.6915,1.3133,1.1672,1,True,-11.1246,1.4591,.60-.70,1-1.5x
IMX/USDT,2025-01-21,LONG,0.7164,1.242,1.1858,1,True,-4.525,0.7465,.70-.80,
IMX/USDT,2025-01-23,LONG,0.6147,1.2056,1.1909,4,True,-1.2193,0.3029,.60-.70,
IMX/USDT,2025-01-24,LONG,0.7237,1.1918,1.1909,3,True,-0.0755,0.2076,.70-.80,
IMX/USDT,2025-01-28,LONG,0.7253,1.0758,1.0816,1,True,0.5391,1.7977,.70-.80,1.5-2x
IMX/USDT,2025-02-03,LONG,0.7145,0.8916,0.7998,2,True,-10.2961,0.1418,.70-.80,
IMX/USDT,2025-02-04,LONG,0.5917,0.8243,0.7998,1,True,-2.9722,1.3468,.55-.60,1-1.5x
IMX/USDT,2025-02-11,LONG,0.732,0.7802,0.7931,4,True,1.6534,0.7155,.70-.80,
IMX/USDT,2025-02-12,LONG,0.6222,0.832,0.7931,3,True,-4.6755,1.284,.60-.70,1-1.5x
IMX/USDT,2025-02-14,LONG,0.7832,0.821,0.7931,1,True,-3.3983,0.4722,.70-.80,
IMX/USDT,2025-02-16,LONG,0.7127,0.7982,0.809,1,True,1.353,0.1236,.70-.80,
IMX/USDT,2025-02-21,LONG,0.6027,0.6999,0.6972,2,True,-0.3858,1.1247,.60-.70,1-1.5x
IMX/USDT,2025-02-22,LONG,0.6982,0.7244,0.6972,1,True,-3.7548,0.8905,.60-.70,
IMX/USDT,2025-02-28,LONG,0.7108,0.7216,0.6354,3,True,-11.9457,0.5368,.70-.80,
IMX/USDT,2025-03-01,LONG,0.8556,0.6965,0.6354,2,True,-8.7724,0.7785,>.80,
IMX/USDT,2025-03-02,LONG,0.5729,0.7515,0.6354,1,True,-15.4491,1.624,.55-.60,1.5-2x
IMX/USDT,2025-03-06,LONG,0.7224,0.625,0.5775,2,True,-7.6,0.8211,.70-.80,
IMX/USDT,2025-03-07,LONG,0.6887,0.6021,0.5775,1,True,-4.0857,0.6153,.60-.70,
IMX/USDT,2025-03-11,LONG,0.7896,0.5187,0.5423,1,True,4.5498,0.9013,.70-.80,
IMX/USDT,2025-03-15,LONG,0.6492,0.568,0.5982,4,True,5.3169,0.5302,.60-.70,
IMX/USDT,2025-03-17,LONG,0.5961,0.57,0.5982,2,True,4.9474,0.5994,.55-.60,
IMX/USDT,2025-03-18,LONG,0.6419,0.5672,0.5982,1,True,5.4654,0.0802,.60-.70,
IMX/USDT,2025-03-21,LONG,0.6484,0.5359,0.6281,3,True,17.2047,0.77,.60-.70,
IMX/USDT,2025-03-22,LONG,0.581,0.5987,0.6281,2,True,4.9106,1.7452,.55-.60,1.5-2x
IMX/USDT,2025-03-25,LONG,0.627,0.7091,0.534,5,False,-24.6933,1.9835,.60-.70,1.5-2x
IMX/USDT,2025-03-27,LONG,0.874,0.6306,0.534,3,True,-15.3187,0.3006,>.80,
IMX/USDT,2025-03-28,LONG,0.8547,0.583,0.534,2,True,-8.4048,1.0962,>.80,1-1.5x
IMX/USDT,2025-03-29,LONG,0.6759,0.5495,0.534,1,True,-2.8207,0.8827,.60-.70,
IMX/USDT,2025-04-01,LONG,0.6182,0.5254,0.4244,4,True,-19.2234,0.0725,.60-.70,
IMX/USDT,2025-04-02,LONG,0.6664,0.4763,0.4244,3,True,-10.8965,1.4297,.60-.70,1-1.5x
IMX/USDT,2025-04-06,LONG,0.5621,0.3831,0.3982,1,True,3.9415,1.4717,.55-.60,1-1.5x
EGLD/USDT,2024-08-28,LONG,0.5959,27.96,29.17,1,True,4.3276,0.2538,.55-.60,
EGLD/USDT,2024-09-02,LONG,0.6607,28.25,25.05,3,True,-11.3274,0.7378,.60-.70,
EGLD/USDT,2024-09-04,LONG,0.656,26.84,25.05,1,True,-6.6692,0.351,.60-.70,
EGLD/USDT,2024-09-06,LONG,0.5526,23.91,24.59,1,True,2.844,1.0383,.55-.60,1-1.5x
EGLD/USDT,2024-09-09,LONG,0.6569,26.48,26.72,1,True,0.9063,1.1792,.60-.70,1-1.5x
EGLD/USDT,2024-09-11,LONG,0.68,25.99,26.48,3,True,1.8853,0.6037,.60-.70,
EGLD/USDT,2024-09-12,LONG,0.6486,26.77,26.48,2,True,-1.0833,0.7038,.60-.70,
EGLD/USDT,2024-09-17,LONG,0.5822,25.75,26.25,1,True,1.9417,0.9957,.55-.60,
EGLD/USDT,2024-09-20,LONG,0.6147,27.94,28.16,2,True,0.7874,0.6132,.60-.70,
EGLD/USDT,2024-09-21,LONG,0.6424,28.94,28.16,1,True,-2.6952,0.9902,.60-.70,
EGLD/USDT,2024-10-06,LONG,0.6981,25.71,25.52,2,True,-0.739,0.6455,.60-.70,
EGLD/USDT,2024-10-07,LONG,0.8046,25.38,25.52,1,True,0.5516,0.3971,>.80,
EGLD/USDT,2024-10-16,LONG,0.6627,26.3,25.6,1,True,-2.6616,0.7447,.60-.70,
EGLD/USDT,2024-10-18,LONG,0.7667,26.74,26.75,3,True,0.0374,1.2168,.70-.80,1-1.5x
EGLD/USDT,2024-10-20,LONG,0.688,27.8,26.75,1,True,-3.777,1.1167,.60-.70,1-1.5x
EGLD/USDT,2024-10-23,LONG,0.6738,26.09,26.02,1,True,-0.2683,0.1131,.60-.70,
EGLD/USDT,2024-10-29,LONG,0.663,25.38,23.45,2,True,-7.6044,1.2972,.60-.70,1-1.5x
EGLD/USDT,2024-10-30,LONG,0.7323,24.46,23.45,1,True,-4.1292,0.9411,.70-.80,
EGLD/USDT,2024-11-01,LONG,0.7207,23.31,23.03,1,True,-1.2012,0.1688,.70-.80,
EGLD/USDT,2024-11-07,LONG,0.8238,26.64,33.52,4,True,25.8258,0.6365,>.80,
EGLD/USDT,2024-11-08,LONG,0.5921,28.39,33.52,3,True,18.0697,1.4656,.55-.60,1-1.5x
EGLD/USDT,2024-11-09,LONG,0.7144,29.61,33.52,2,True,13.205,0.9546,.70-.80,
EGLD/USDT,2024-11-10,LONG,0.7582,30.38,33.52,1,True,10.3357,0.5891,.70-.80,
EGLD/USDT,2024-11-12,LONG,0.9808,31.4,29.6,1,True,-5.7325,1.2319,>.80,1-1.5x
EGLD/USDT,2024-11-14,LONG,0.9367,28.04,29.01,1,True,3.4593,1.0536,>.80,1-1.5x
EGLD/USDT,2024-11-18,LONG,0.7808,31.43,35.96,5,False,14.413,1.3293,.70-.80,1-1.5x
EGLD/USDT,2024-11-19,LONG,0.9771,31.35,35.96,4,True,14.7049,0.0432,>.80,
EGLD/USDT,2024-11-20,LONG,0.5655,28.84,35.96,3,True,24.6879,1.3023,.55-.60,1-1.5x
EGLD/USDT,2024-11-22,LONG,0.9487,34.14,35.96,1,True,5.331,1.9744,>.80,1.5-2x
EGLD/USDT,2024-11-24,LONG,0.6135,38.98,39.23,4,True,0.6414,1.2621,.60-.70,1-1.5x
EGLD/USDT,2024-11-25,LONG,0.9419,36.63,39.23,3,True,7.098,0.8739,>.80,
EGLD/USDT,2024-11-26,LONG,0.9356,36.97,39.23,2,True,6.1131,0.1392,>.80,
EGLD/USDT,2024-11-27,LONG,0.7561,38.8,39.23,1,True,1.1082,0.7389,.70-.80,
EGLD/USDT,2024-11-29,LONG,0.7359,42.53,42.71,1,True,0.4232,1.2441,.70-.80,1-1.5x
EGLD/USDT,2024-12-05,LONG,0.916,54.45,44.87,4,True,-17.5941,0.0773,>.80,
EGLD/USDT,2024-12-06,LONG,0.7977,55.1,44.87,3,True,-18.5662,0.1921,.70-.80,
EGLD/USDT,2024-12-07,LONG,0.8513,53.86,44.87,2,True,-16.6914,0.3925,>.80,
EGLD/USDT,2024-12-08,LONG,0.9611,55.73,44.87,1,True,-19.4868,0.6169,>.80,
EGLD/USDT,2024-12-10,LONG,0.6621,44.26,46.81,1,True,5.7614,0.1885,.60-.70,
EGLD/USDT,2024-12-14,LONG,0.7622,46.36,47.17,1,True,1.7472,0.6434,.70-.80,
EGLD/USDT,2024-12-17,LONG,0.6738,42.78,38.18,1,True,-10.7527,0.72,.60-.70,
EGLD/USDT,2024-12-19,LONG,0.687,34.57,36.14,1,True,4.5415,1.318,.60-.70,1-1.5x
EGLD/USDT,2024-12-22,LONG,0.6177,33.58,35.93,1,True,6.9982,0.1538,.60-.70,
EGLD/USDT,2024-12-29,LONG,0.7549,34.24,33.47,2,True,-2.2488,0.7511,.70-.80,
EGLD/USDT,2025-01-03,LONG,0.5839,38.09,37.56,2,True,-1.3914,1.2007,.55-.60,1-1.5x
EGLD/USDT,2025-01-04,LONG,0.5663,38.08,37.56,1,True,-1.3655,0.0051,.55-.60,
EGLD/USDT,2025-01-06,LONG,0.5548,38.32,33.7,5,False,-12.0564,0.4055,.55-.60,
EGLD/USDT,2025-01-11,LONG,0.5652,33.7,35.98,5,False,6.7656,0.3551,.55-.60,
EGLD/USDT,2025-01-16,LONG,0.5625,35.98,31.64,4,True,-12.0623,0.3877,.55-.60,
EGLD/USDT,2025-01-18,LONG,0.5881,35.6,31.64,2,True,-11.1236,1.1852,.55-.60,1-1.5x
EGLD/USDT,2025-01-19,LONG,0.6193,32.1,31.64,1,True,-1.433,2.0247,.60-.70,2-3x
EGLD/USDT,2025-01-24,LONG,0.6107,29.95,28.04,5,False,-6.3773,0.6598,.60-.70,
EGLD/USDT,2025-01-30,LONG,0.6713,30.3,27.16,2,True,-10.363,1.7941,.60-.70,1.5-2x
EGLD/USDT,2025-02-03,LONG,0.7589,24.63,21.88,2,True,-11.1652,0.5138,.70-.80,
EGLD/USDT,2025-02-10,LONG,0.6485,22.53,22.48,5,False,-0.2219,0.1754,.60-.70,
EGLD/USDT,2025-02-12,LONG,0.5733,23.83,22.48,3,True,-5.6651,0.9046,.55-.60,
EGLD/USDT,2025-02-13,LONG,0.5776,23.09,22.48,2,True,-2.6418,0.6477,.55-.60,
EGLD/USDT,2025-02-23,LONG,0.6363,23.28,21.05,2,True,-9.579,0.2355,.60-.70,
EGLD/USDT,2025-02-28,LONG,0.9606,21.73,22.6,3,True,4.0037,0.5353,>.80,
EGLD/USDT,2025-03-01,LONG,0.8058,21.63,22.6,2,True,4.4845,0.1122,>.80,
EGLD/USDT,2025-03-05,LONG,0.6888,21.63,20.62,1,True,-4.6694,0.2292,.60-.70,
EGLD/USDT,2025-03-08,LONG,0.5559,20.03,18.51,1,True,-7.5886,0.0156,.55-.60,
EGLD/USDT,2025-03-11,LONG,0.7619,18.18,18.49,1,True,1.7052,0.597,.70-.80,
EGLD/USDT,2025-03-14,LONG,0.7506,18.01,18.45,1,True,2.4431,0.3919,.70-.80,
EGLD/USDT,2025-03-17,LONG,0.5723,18.37,18.03,1,True,-1.8508,0.585,.55-.60,
EGLD/USDT,2025-03-20,LONG,0.6401,18.12,17.89,1,True,-1.2693,0.5212,.60-.70,
EGLD/USDT,2025-03-22,LONG,0.7375,18.14,18.47,1,True,1.8192,0.3286,.70-.80,
EGLD/USDT,2025-03-24,LONG,0.6714,19.32,19.95,1,True,3.2609,1.2529,.60-.70,1-1.5x
EGLD/USDT,2025-03-26,LONG,0.9267,19.03,16.17,3,True,-15.0289,1.2331,>.80,1-1.5x
EGLD/USDT,2025-03-27,LONG,0.9065,18.74,16.17,2,True,-13.714,0.411,>.80,
EGLD/USDT,2025-03-28,LONG,0.8937,17.07,16.17,1,True,-5.2724,2.1322,>.80,2-3x
EGLD/USDT,2025-03-30,LONG,0.911,16.34,16.08,1,True,-1.5912,0.2734,>.80,
EGLD/USDT,2025-04-03,LONG,0.6129,15.26,14.67,1,True,-3.8663,0.0169,.60-.70,
EGLD/USDT,2025-04-05,LONG,0.5854,14.08,12.66,1,True,-10.0852,1.0396,.55-.60,1-1.5x
AAVE/USDT,2024-08-27,LONG,0.7436,119.96,120.7,5,False,0.6169,1.3524,.70-.80,1-1.5x
AAVE/USDT,2024-08-28,LONG,0.5669,125.44,134.93,5,False,7.5654,0.9023,.55-.60,
AAVE/USDT,2024-08-29,LONG,0.7079,123.33,134.93,4,True,9.4057,0.3441,.70-.80,
AAVE/USDT,2024-08-30,LONG,0.5935,131.17,134.93,3,True,2.8665,1.2983,.55-.60,1-1.5x
AAVE/USDT,2024-08-31,LONG,0.7549,129.69,134.93,2,True,4.0404,0.2327,.70-.80,
AAVE/USDT,2024-09-03,LONG,0.5825,118.81,128.92,2,True,8.5094,1.9198,.55-.60,1.5-2x
AAVE/USDT,2024-09-04,LONG,0.793,135.18,128.92,1,True,-4.6309,2.005,.70-.80,2-3x
AAVE/USDT,2024-09-07,LONG,0.9321,125.16,125.93,1,True,0.6152,0.1944,>.80,
AAVE/USDT,2024-09-10,LONG,0.8925,150.57,140.09,4,True,-6.9602,1.0938,>.80,1-1.5x
AAVE/USDT,2024-09-11,LONG,0.7591,149.56,140.09,3,True,-6.3319,0.0972,.70-.80,
AAVE/USDT,2024-09-12,LONG,0.801,145.05,140.09,2,True,-3.4195,0.4402,>.80,
AAVE/USDT,2024-09-13,LONG,0.7748,144.37,140.09,1,True,-2.9646,0.0693,.70-.80,
AAVE/USDT,2024-09-16,LONG,0.7006,140.25,141.74,2,True,1.0624,0.3422,.70-.80,
AAVE/USDT,2024-09-20,LONG,0.599,153.42,162.08,2,True,5.6446,0.3172,.55-.60,
AAVE/USDT,2024-09-26,LONG,0.5883,165.27,170.35,1,True,3.0738,0.0419,.55-.60,
AAVE/USDT,2024-09-28,LONG,0.6563,164.0,156.82,2,True,-4.378,0.9227,.60-.70,
AAVE/USDT,2024-10-03,LONG,0.6893,143.79,150.15,3,True,4.4231,0.9129,.60-.70,
AAVE/USDT,2024-10-04,LONG,0.7126,151.27,150.15,2,True,-0.7404,1.3828,.70-.80,1-1.5x
AAVE/USDT,2024-10-05,LONG,0.5798,148.52,150.15,1,True,1.0975,0.4828,.55-.60,
AAVE/USDT,2024-10-12,LONG,0.6136,154.68,154.62,1,True,-0.0388,1.956,.60-.70,1.5-2x
AAVE/USDT,2024-10-15,LONG,0.6589,156.76,155.79,1,True,-0.6188,1.0066,.60-.70,1-1.5x
AAVE/USDT,2024-10-17,LONG,0.6174,153.17,152.65,5,False,-0.3395,0.4504,.60-.70,
AAVE/USDT,2024-10-18,LONG,0.6487,159.0,149.64,5,False,-5.8868,1.0103,.60-.70,1-1.5x
AAVE/USDT,2024-10-20,LONG,0.6222,158.9,147.43,4,True,-7.2184,0.1318,.60-.70,
AAVE/USDT,2024-10-21,LONG,0.6357,153.29,147.43,3,True,-3.8228,1.0616,.60-.70,1-1.5x
AAVE/USDT,2024-10-23,LONG,0.5967,149.64,147.43,1,True,-1.4769,0.6247,.55-.60,
AAVE/USDT,2024-10-26,LONG,0.6079,142.8,143.51,5,False,0.4972,1.0035,.60-.70,1-1.5x
AAVE/USDT,2024-10-28,LONG,0.6325,151.61,143.51,3,True,-5.3427,0.717,.60-.70,
AAVE/USDT,2024-10-29,LONG,0.647,151.51,143.51,2,True,-5.2802,0.0199,.60-.70,
AAVE/USDT,2024-11-01,LONG,0.5693,141.51,138.43,1,True,-2.1765,0.4051,.55-.60,
AAVE/USDT,2024-11-03,LONG,0.5676,132.92,135.81,2,True,2.1742,1.2253,.55-.60,1-1.5x
AAVE/USDT,2024-11-08,LONG,0.732,182.03,195.45,1,True,7.3724,0.1025,.70-.80,
AAVE/USDT,2024-11-10,LONG,0.8912,189.98,193.4,1,True,1.8002,0.3755,>.80,
AAVE/USDT,2024-11-12,LONG,0.5691,179.29,173.36,1,True,-3.3075,0.9521,.55-.60,
AAVE/USDT,2024-11-14,LONG,0.8611,158.25,164.39,1,True,3.8799,1.1107,>.80,1-1.5x
AAVE/USDT,2024-11-18,LONG,0.8394,170.78,161.85,1,True,-5.2289,0.6837,>.80,
AAVE/USDT,2024-11-21,LONG,0.6175,169.2,174.34,2,True,3.0378,0.9863,.60-.70,
AAVE/USDT,2024-11-22,LONG,0.8918,173.51,174.34,1,True,0.4784,0.3191,>.80,
AAVE/USDT,2024-11-24,LONG,0.7963,171.08,200.17,4,True,17.0037,0.2385,.70-.80,
AAVE/USDT,2024-11-25,LONG,0.6804,181.38,200.17,3,True,10.3595,0.7673,.60-.70,
AAVE/USDT,2024-11-26,LONG,0.7854,181.69,200.17,2,True,10.1712,0.0351,.70-.80,
AAVE/USDT,2024-11-27,LONG,0.9276,210.5,200.17,1,True,-4.9074,2.6939,>.80,2-3x
AAVE/USDT,2024-11-30,LONG,0.8427,211.88,209.13,1,True,-1.2979,1.0963,>.80,1-1.5x
AAVE/USDT,2024-12-02,LONG,0.8935,235.44,247.62,3,True,5.1733,2.0266,>.80,2-3x
AAVE/USDT,2024-12-03,LONG,0.6722,240.32,247.62,2,True,3.0376,0.3397,.60-.70,
AAVE/USDT,2024-12-04,LONG,0.7534,256.47,247.62,1,True,-3.4507,1.1874,.70-.80,1-1.5x
AAVE/USDT,2024-12-07,LONG,0.8223,282.05,282.65,1,True,0.2127,0.0201,>.80,
AAVE/USDT,2024-12-09,LONG,0.7099,260.4,276.56,1,True,6.2058,1.2323,.70-.80,1-1.5x
AAVE/USDT,2024-12-12,LONG,0.9514,367.19,377.66,1,True,2.8514,2.8243,>.80,2-3x
AAVE/USDT,2024-12-14,LONG,0.8132,365.55,360.98,3,True,-1.2502,0.424,>.80,
AAVE/USDT,2024-12-15,LONG,0.9277,368.56,360.98,2,True,-2.0567,0.1086,>.80,
AAVE/USDT,2024-12-20,LONG,0.717,329.38,299.0,1,True,-9.2234,0.6012,.70-.80,
AAVE/USDT,2024-12-22,LONG,0.8946,318.99,383.58,1,True,20.2483,0.8714,>.80,
AAVE/USDT,2024-12-28,LONG,0.6919,354.44,308.69,3,True,-12.9077,1.0632,.60-.70,1-1.5x
AAVE/USDT,2024-12-29,LONG,0.6825,332.67,308.69,2,True,-7.2083,0.7016,.60-.70,
AAVE/USDT,2025-01-03,LONG,0.6912,350.81,351.66,1,True,0.2423,0.7159,.60-.70,
AAVE/USDT,2025-01-05,LONG,0.6919,341.35,285.87,5,False,-16.2531,0.4063,.60-.70,
AAVE/USDT,2025-01-06,LONG,0.5978,341.6,285.87,4,True,-16.3144,0.0103,.55-.60,
AAVE/USDT,2025-01-07,LONG,0.6017,306.87,285.87,3,True,-6.8433,1.3764,.60-.70,1-1.5x
AAVE/USDT,2025-01-09,LONG,0.5936,281.15,285.87,1,True,1.6788,0.5809,.55-.60,
AAVE/USDT,2025-01-13,LONG,0.5945,289.43,311.07,3,True,7.4768,0.1087,.55-.60,
AAVE/USDT,2025-01-14,LONG,0.5704,295.47,311.07,2,True,5.2797,0.4333,.55-.60,
AAVE/USDT,2025-01-21,LONG,0.8502,370.82,337.44,2,True,-9.0017,1.8423,>.80,1.5-2x
AAVE/USDT,2025-01-22,LONG,0.6625,346.51,337.44,1,True,-2.6175,1.1848,.60-.70,1-1.5x
AAVE/USDT,2025-01-25,LONG,0.5584,326.38,316.55,1,True,-3.0118,0.4729,.55-.60,
AAVE/USDT,2025-01-28,LONG,0.577,284.24,290.94,1,True,2.3572,1.3232,.55-.60,1-1.5x
AAVE/USDT,2025-01-30,LONG,0.64,315.45,296.15,2,True,-6.1182,1.5556,.60-.70,1.5-2x
AAVE/USDT,2025-01-31,LONG,0.748,332.69,296.15,1,True,-10.9832,0.9897,.70-.80,
AAVE/USDT,2025-02-04,LONG,0.5776,272.15,259.78,1,True,-4.5453,0.2304,.55-.60,
AAVE/USDT,2025-02-06,LONG,0.9371,241.48,241.26,3,True,-0.0911,1.0756,>.80,1-1.5x
AAVE/USDT,2025-02-07,LONG,0.6294,238.03,241.26,2,True,1.357,0.221,.60-.70,
AAVE/USDT,2025-02-08,LONG,0.6249,238.84,241.26,1,True,1.0132,0.0526,.60-.70,
AAVE/USDT,2025-02-11,LONG,0.7114,243.93,262.58,3,True,7.6456,0.6222,.70-.80,
AAVE/USDT,2025-02-12,LONG,0.6409,252.8,262.58,2,True,3.8687,0.6451,.60-.70,
AAVE/USDT,2025-02-13,LONG,0.6453,256.56,262.58,1,True,2.3464,0.2623,.60-.70,
AAVE/USDT,2025-02-16,LONG,0.574,253.92,249.5,2,True,-1.7407,0.0381,.55-.60,
AAVE/USDT,2025-02-17,LONG,0.5941,264.63,249.5,1,True,-5.7174,0.7522,.55-.60,
AAVE/USDT,2025-02-19,LONG,0.5993,252.96,261.32,1,True,3.3049,0.2606,.55-.60,
AAVE/USDT,2025-03-06,LONG,0.6252,208.43,181.93,5,False,-12.7141,0.694,.60-.70,
AAVE/USDT,2025-03-07,LONG,0.9128,196.68,174.83,5,False,-11.1094,0.6939,>.80,
AAVE/USDT,2025-03-08,LONG,0.7029,195.73,162.88,5,False,-16.7833,0.0595,.70-.80,
AAVE/USDT,2025-03-09,LONG,0.6253,178.62,173.17,5,False,-3.0512,1.0659,.60-.70,1-1.5x
AAVE/USDT,2025-03-10,LONG,0.9451,180.38,173.0,5,False,-4.0914,0.1207,>.80,
AAVE/USDT,2025-03-11,LONG,0.8602,181.93,173.0,4,True,-4.9085,0.1054,>.80,
AAVE/USDT,2025-03-12,LONG,0.5711,174.83,173.0,3,True,-1.0467,0.4819,.55-.60,
AAVE/USDT,2025-03-13,LONG,0.8984,162.88,173.0,2,True,6.2132,0.8449,>.80,
AAVE/USDT,2025-03-14,LONG,0.7275,173.17,173.0,1,True,-0.0982,0.7655,.70-.80,
AAVE/USDT,2025-03-19,LONG,0.5621,182.47,178.76,1,True,-2.0332,0.906,.55-.60,
AAVE/USDT,2025-03-23,LONG,0.693,185.04,177.51,3,True,-4.0694,0.5096,.60-.70,
AAVE/USDT,2025-03-24,LONG,0.5896,190.8,177.51,2,True,-6.9654,0.6534,.55-.60,
AAVE/USDT,2025-03-30,LONG,0.6194,163.6,151.06,4,True,-7.665,0.647,.60-.70,
AAVE/USDT,2025-04-01,LONG,0.6491,166.03,151.06,2,True,-9.0164,0.9377,.60-.70,
AAVE/USDT,2025-04-04,LONG,0.6389,152.03,152.66,1,True,0.4144,0.151,.60-.70,
AAVE/USDT,2025-04-06,LONG,0.8054,129.04,132.02,1,True,2.3094,3.0398,>.80,3-5x
FLOW/USDT,2024-08-29,LONG,0.6122,0.5524,0.5478,5,False,-0.8327,0.8956,.60-.70,
FLOW/USDT,2024-08-30,LONG,0.5979,0.5555,0.5478,4,True,-1.3861,0.1695,.55-.60,
FLOW/USDT,2024-09-01,LONG,0.6033,0.5284,0.5478,2,True,3.6715,1.5273,.60-.70,1.5-2x
FLOW/USDT,2024-09-07,LONG,0.6591,0.5142,0.5225,1,True,1.6142,0.0711,.60-.70,
FLOW/USDT,2024-09-10,LONG,0.616,0.5403,0.5414,5,False,0.2036,0.0656,.60-.70,
FLOW/USDT,2024-09-12,LONG,0.5545,0.559,0.5414,3,True,-3.1485,0.7399,.55-.60,
FLOW/USDT,2024-09-17,LONG,0.5885,0.5354,0.5945,4,True,11.0385,0.5678,.55-.60,
FLOW/USDT,2024-09-18,LONG,0.6136,0.5475,0.5945,3,True,8.5845,0.7677,.60-.70,
FLOW/USDT,2024-09-19,LONG,0.6424,0.5686,0.5945,2,True,4.555,1.2567,.60-.70,1-1.5x
FLOW/USDT,2024-09-28,LONG,0.5804,0.617,0.5388,3,True,-12.6742,0.7989,.55-.60,
FLOW/USDT,2024-09-29,LONG,0.5634,0.6162,0.5388,2,True,-12.5609,0.0608,.55-.60,
FLOW/USDT,2024-10-05,LONG,0.6469,0.5504,0.5227,5,False,-5.0327,0.3045,.60-.70,
FLOW/USDT,2024-10-06,LONG,0.6209,0.5527,0.5227,4,True,-5.4279,0.1395,.60-.70,
FLOW/USDT,2024-10-07,LONG,0.7518,0.5375,0.5227,3,True,-2.7535,0.9017,.70-.80,
FLOW/USDT,2024-10-08,LONG,0.7144,0.5371,0.5227,2,True,-2.6811,0.0248,.70-.80,
FLOW/USDT,2024-10-09,LONG,0.7575,0.5267,0.5227,1,True,-0.7594,0.6709,.70-.80,
FLOW/USDT,2024-10-13,LONG,0.6216,0.5417,0.5648,1,True,4.2644,0.6446,.60-.70,
FLOW/USDT,2024-10-15,LONG,0.8752,0.5598,0.5363,2,True,-4.1979,0.2974,>.80,
FLOW/USDT,2024-10-16,LONG,0.6733,0.5521,0.5363,1,True,-2.8618,0.4834,.60-.70,
FLOW/USDT,2024-10-18,LONG,0.8581,0.5576,0.5699,3,True,2.2059,1.3047,>.80,1-1.5x
FLOW/USDT,2024-10-19,LONG,0.73,0.5615,0.5699,2,True,1.496,0.229,.70-.80,
FLOW/USDT,2024-10-20,LONG,0.8498,0.5938,0.5699,1,True,-4.0249,1.864,>.80,1.5-2x
FLOW/USDT,2024-10-22,LONG,0.842,0.5688,0.5482,2,True,-3.6217,0.0713,>.80,
FLOW/USDT,2024-10-23,LONG,0.8741,0.5404,0.5482,1,True,1.4434,1.6886,>.80,1.5-2x
FLOW/USDT,2024-10-25,LONG,0.6982,0.5125,0.5217,3,True,1.7951,2.0272,.60-.70,2-3x
FLOW/USDT,2024-10-26,LONG,0.8646,0.5126,0.5217,2,True,1.7753,0.0061,>.80,
FLOW/USDT,2024-10-27,LONG,0.7589,0.5156,0.5217,1,True,1.1831,0.185,.70-.80,
FLOW/USDT,2024-10-29,LONG,0.6486,0.5445,0.5104,2,True,-6.2626,1.3261,.60-.70,1-1.5x
FLOW/USDT,2024-10-30,LONG,0.6808,0.5423,0.5104,1,True,-5.8824,0.1228,.60-.70,
FLOW/USDT,2024-11-01,LONG,0.7688,0.5088,0.5061,1,True,-0.5307,0.092,.70-.80,
FLOW/USDT,2024-11-06,LONG,0.894,0.5408,0.6032,4,True,11.5385,2.0986,>.80,2-3x
FLOW/USDT,2024-11-08,LONG,0.6777,0.5445,0.6032,2,True,10.7805,0.2389,.60-.70,
FLOW/USDT,2024-11-09,LONG,0.9066,0.5635,0.6032,1,True,7.0453,0.9354,>.80,
FLOW/USDT,2024-11-11,LONG,0.5586,0.6314,0.61,1,True,-3.3893,1.1515,.55-.60,1-1.5x
FLOW/USDT,2024-11-16,LONG,0.9696,0.6932,0.7232,2,True,4.3278,2.2994,>.80,2-3x
FLOW/USDT,2024-11-17,LONG,0.7497,0.6423,0.7232,1,True,12.5954,1.412,.70-.80,1-1.5x
FLOW/USDT,2024-11-20,LONG,0.5631,0.6752,0.7112,1,True,5.3318,0.7578,.55-.60,
FLOW/USDT,2024-11-22,LONG,0.8616,0.7567,0.8852,3,True,16.9816,1.0991,>.80,1-1.5x
FLOW/USDT,2024-11-23,LONG,0.7395,0.8531,0.8852,2,True,3.7627,2.1052,.70-.80,2-3x
FLOW/USDT,2024-11-24,LONG,0.7905,0.9631,0.8852,1,True,-8.0885,2.0311,.70-.80,2-3x
FLOW/USDT,2024-11-26,LONG,0.9256,0.8694,0.8837,2,True,1.6448,0.2609,>.80,
FLOW/USDT,2024-11-27,LONG,0.8124,0.9075,0.8837,1,True,-2.6226,0.6428,>.80,
FLOW/USDT,2024-11-29,LONG,0.8866,0.9885,1.1427,4,True,15.5994,1.6438,>.80,1.5-2x
FLOW/USDT,2024-11-30,LONG,0.6695,0.9887,1.1427,3,True,15.576,0.0028,.60-.70,
FLOW/USDT,2024-12-01,LONG,0.5535,1.0185,1.1427,2,True,12.1944,0.4204,.55-.60,
FLOW/USDT,2024-12-02,LONG,0.6231,1.0689,1.1427,1,True,6.9043,0.7029,.60-.70,
FLOW/USDT,2024-12-05,LONG,0.7875,1.1502,1.1704,3,True,1.7562,0.7911,.70-.80,
FLOW/USDT,2024-12-06,LONG,0.7914,1.1562,1.1704,2,True,1.2282,0.0772,.70-.80,
FLOW/USDT,2024-12-07,LONG,0.8518,1.146,1.1704,1,True,2.1291,0.138,>.80,
FLOW/USDT,2024-12-09,LONG,0.6462,0.9477,0.9098,1,True,-3.9992,2.4879,.60-.70,2-3x
FLOW/USDT,2024-12-12,LONG,0.8991,0.9923,0.9601,3,True,-3.245,0.2302,>.80,
FLOW/USDT,2024-12-13,LONG,0.6783,0.9882,0.9601,2,True,-2.8436,0.0577,.60-.70,
FLOW/USDT,2024-12-14,LONG,0.6826,0.9334,0.9601,1,True,2.8605,0.8247,.60-.70,
FLOW/USDT,2024-12-17,LONG,0.6595,0.8702,0.7875,1,True,-9.5036,0.8069,.60-.70,
FLOW/USDT,2024-12-20,LONG,0.6772,0.7443,0.7053,1,True,-5.2398,0.5266,.60-.70,
FLOW/USDT,2024-12-22,LONG,0.6809,0.7219,0.7743,1,True,7.2586,0.3638,.60-.70,
FLOW/USDT,2024-12-28,LONG,0.6399,0.7442,0.6971,3,True,-6.3289,0.463,.60-.70,
FLOW/USDT,2024-12-29,LONG,0.6413,0.7075,0.6971,2,True,-1.47,0.9529,.60-.70,
FLOW/USDT,2025-01-03,LONG,0.6029,0.791,0.7502,4,True,-5.158,1.2224,.60-.70,1-1.5x
FLOW/USDT,2025-01-12,LONG,0.6596,0.7259,0.8098,5,False,11.5581,0.6349,.60-.70,
FLOW/USDT,2025-01-13,LONG,0.6392,0.7017,0.7496,5,False,6.8263,0.7857,.60-.70,
FLOW/USDT,2025-01-16,LONG,0.5943,0.76,0.7496,2,True,-1.3684,0.6804,.55-.60,
FLOW/USDT,2025-01-20,LONG,0.5554,0.7043,0.6904,2,True,-1.9736,0.5161,.55-.60,
FLOW/USDT,2025-01-21,LONG,0.6437,0.7198,0.6904,1,True,-4.0845,0.4448,.60-.70,
FLOW/USDT,2025-01-23,LONG,0.6061,0.6909,0.6046,5,False,-12.491,0.0152,.60-.70,
FLOW/USDT,2025-01-24,LONG,0.6272,0.6728,0.6191,5,False,-7.9816,0.548,.60-.70,
FLOW/USDT,2025-01-28,LONG,0.6041,0.6046,0.6191,1,True,2.3983,1.3445,.60-.70,1-1.5x
FLOW/USDT,2025-01-30,LONG,0.6516,0.6426,0.5995,2,True,-6.7071,0.8676,.60-.70,
FLOW/USDT,2025-01-31,LONG,0.616,0.6491,0.5995,1,True,-7.6413,0.2303,.60-.70,
FLOW/USDT,2025-02-03,LONG,0.7467,0.5344,0.488,2,True,-8.6826,0.578,.70-.80,
FLOW/USDT,2025-02-06,LONG,0.9601,0.4702,0.4767,1,True,1.3824,0.7692,>.80,
FLOW/USDT,2025-02-10,LONG,0.7263,0.5109,0.5343,2,True,4.5802,0.6071,.70-.80,
FLOW/USDT,2025-02-11,LONG,0.6892,0.5095,0.5343,1,True,4.8675,0.0594,.60-.70,
FLOW/USDT,2025-02-13,LONG,0.5531,0.5232,0.5153,2,True,-1.5099,0.4324,.55-.60,
FLOW/USDT,2025-02-14,LONG,0.697,0.5298,0.5153,1,True,-2.7369,0.263,.60-.70,
FLOW/USDT,2025-02-16,LONG,0.5909,0.5153,0.5203,1,True,0.9703,0.0,.55-.60,
FLOW/USDT,2025-02-28,LONG,0.8191,0.4811,0.4382,4,True,-8.9171,0.1596,>.80,
FLOW/USDT,2025-03-02,LONG,0.6341,0.5223,0.4382,2,True,-16.1019,2.5586,.60-.70,2-3x
FLOW/USDT,2025-03-03,LONG,0.7486,0.4478,0.4382,1,True,-2.1438,2.7306,.70-.80,2-3x
FLOW/USDT,2025-03-08,LONG,0.5853,0.4318,0.3765,2,True,-12.8069,0.2059,.55-.60,
FLOW/USDT,2025-03-11,LONG,0.7699,0.3903,0.4016,1,True,2.8952,0.6638,.70-.80,
FLOW/USDT,2025-03-14,LONG,0.7495,0.4022,0.4008,2,True,-0.3481,0.4072,.70-.80,
FLOW/USDT,2025-03-15,LONG,0.6553,0.4142,0.4008,1,True,-3.2352,0.5355,.60-.70,
FLOW/USDT,2025-03-17,LONG,0.6224,0.419,0.4391,2,True,4.7971,0.8559,.60-.70,
FLOW/USDT,2025-03-18,LONG,0.5647,0.4242,0.4391,1,True,3.5125,0.2333,.55-.60,
FLOW/USDT,2025-03-20,LONG,0.6569,0.4217,0.4168,2,True,-1.162,0.7339,.60-.70,
FLOW/USDT,2025-03-21,LONG,0.7297,0.4114,0.4168,1,True,1.3126,0.4515,.70-.80,
FLOW/USDT,2025-03-27,LONG,0.737,0.4205,0.3935,1,True,-6.4209,0.273,.70-.80,
FLOW/USDT,2025-03-30,LONG,0.7139,0.3802,0.3809,1,True,0.1841,0.1699,.70-.80,
FLOW/USDT,2025-04-05,LONG,0.6728,0.3699,0.3343,1,True,-9.6242,0.5465,.60-.70,
GALA/USDT,2024-08-28,LONG,0.5779,0.01872,0.01879,1,True,0.3739,0.1835,.55-.60,
GALA/USDT,2024-08-30,LONG,0.689,0.01997,0.01765,2,True,-11.6174,1.1975,.60-.70,1-1.5x
GALA/USDT,2024-09-04,LONG,0.6261,0.01804,0.01862,5,False,3.2151,0.5365,.60-.70,
GALA/USDT,2024-09-06,LONG,0.5644,0.01737,0.01794,5,False,3.2815,0.0,.55-.60,
GALA/USDT,2024-09-07,LONG,0.5562,0.01843,0.01825,5,False,-0.9767,1.1272,.55-.60,1-1.5x
GALA/USDT,2024-09-08,LONG,0.6163,0.01869,0.01825,4,True,-2.3542,0.2609,.60-.70,
GALA/USDT,2024-09-10,LONG,0.6214,0.01862,0.01825,2,True,-1.9871,0.0,.60-.70,
GALA/USDT,2024-09-11,LONG,0.6212,0.01794,0.01825,1,True,1.728,0.6747,.60-.70,
GALA/USDT,2024-09-15,LONG,0.6386,0.01753,0.01727,1,True,-1.4832,0.9951,.60-.70,
GALA/USDT,2024-09-18,LONG,0.6593,0.01889,0.02087,3,True,10.4817,1.0637,.60-.70,1-1.5x
GALA/USDT,2024-09-19,LONG,0.7196,0.01959,0.02087,2,True,6.5339,0.9693,.70-.80,
GALA/USDT,2024-09-22,LONG,0.8037,0.02031,0.02146,3,True,5.6622,0.8163,>.80,
GALA/USDT,2024-09-23,LONG,0.6789,0.02047,0.02146,2,True,4.8363,0.2631,.60-.70,
GALA/USDT,2024-10-03,LONG,0.6767,0.01913,0.01981,1,True,3.5546,0.5522,.60-.70,
GALA/USDT,2024-10-07,LONG,0.7925,0.02119,0.02049,1,True,-3.3034,0.2765,.70-.80,
GALA/USDT,2024-10-16,LONG,0.6347,0.02229,0.02125,1,True,-4.6658,0.4836,.60-.70,
GALA/USDT,2024-10-18,LONG,0.8599,0.02279,0.02248,5,False,-1.3602,1.5295,>.80,1.5-2x
GALA/USDT,2024-10-19,LONG,0.793,0.02315,0.02312,5,False,-0.1296,0.3324,.70-.80,
GALA/USDT,2024-10-20,LONG,0.823,0.02421,0.02312,4,True,-4.5023,1.0119,>.80,1-1.5x
GALA/USDT,2024-10-21,LONG,0.8607,0.02354,0.02312,3,True,-1.7842,0.7102,>.80,
GALA/USDT,2024-10-22,LONG,0.6998,0.02421,0.02312,2,True,-4.5023,0.7471,.60-.70,
GALA/USDT,2024-10-23,LONG,0.8973,0.02248,0.02312,1,True,2.847,1.7176,>.80,1.5-2x
GALA/USDT,2024-10-26,LONG,0.904,0.02038,0.02039,2,True,0.0491,0.0412,>.80,
GALA/USDT,2024-10-27,LONG,0.7252,0.02069,0.02039,1,True,-1.45,0.3185,.70-.80,
GALA/USDT,2024-10-29,LONG,0.6992,0.02131,0.01961,2,True,-7.9775,0.9486,.60-.70,
GALA/USDT,2024-10-30,LONG,0.6189,0.02067,0.01961,1,True,-5.1282,0.6234,.60-.70,
GALA/USDT,2024-11-02,LONG,0.7056,0.01896,0.01743,2,True,-8.0696,0.2731,.70-.80,
GALA/USDT,2024-11-05,LONG,0.5521,0.01894,0.02202,3,True,16.2619,1.7136,.55-.60,1.5-2x
GALA/USDT,2024-11-06,LONG,0.7079,0.02137,0.02202,2,True,3.0416,2.2155,.70-.80,2-3x
GALA/USDT,2024-11-07,LONG,0.6378,0.02171,0.02202,1,True,1.4279,0.2861,.60-.70,
GALA/USDT,2024-11-09,LONG,0.7557,0.02342,0.02456,5,False,4.8676,1.1249,.70-.80,1-1.5x
GALA/USDT,2024-11-11,LONG,0.5971,0.02761,0.02633,4,True,-4.636,1.5537,.55-.60,1.5-2x
GALA/USDT,2024-11-12,LONG,0.8536,0.02731,0.02633,3,True,-3.5884,0.1837,>.80,
GALA/USDT,2024-11-13,LONG,0.8864,0.02681,0.02633,2,True,-1.7904,0.3084,>.80,
GALA/USDT,2024-11-14,LONG,0.8694,0.02456,0.02633,1,True,7.2068,1.5086,>.80,1.5-2x
GALA/USDT,2024-11-21,LONG,0.5824,0.02891,0.03664,4,True,26.7382,0.4876,.55-.60,
GALA/USDT,2024-11-22,LONG,0.8829,0.0297,0.03664,3,True,23.367,0.3705,>.80,
GALA/USDT,2024-11-23,LONG,0.7447,0.03516,0.03664,2,True,4.2093,2.3176,.70-.80,2-3x
GALA/USDT,2024-11-24,LONG,0.7637,0.03952,0.03664,1,True,-7.2874,1.5502,.70-.80,1.5-2x
GALA/USDT,2024-11-26,LONG,0.9253,0.03647,0.03968,2,True,8.8018,0.0572,>.80,
GALA/USDT,2024-11-27,LONG,0.8285,0.03721,0.03968,1,True,6.638,0.2504,>.80,
GALA/USDT,2024-12-01,LONG,0.8458,0.04404,0.05133,2,True,16.5531,0.213,>.80,
GALA/USDT,2024-12-02,LONG,0.6789,0.04655,0.05133,1,True,10.2685,0.6909,.60-.70,
GALA/USDT,2024-12-06,LONG,0.8807,0.05936,0.05155,5,False,-13.157,0.2036,>.80,
GALA/USDT,2024-12-07,LONG,0.9156,0.06095,0.05079,5,False,-16.6694,0.3575,>.80,
GALA/USDT,2024-12-08,LONG,0.7276,0.06047,0.05079,4,True,-16.0079,0.1068,.70-.80,
GALA/USDT,2024-12-09,LONG,0.7093,0.04776,0.05079,3,True,6.3442,2.3465,.70-.80,2-3x
GALA/USDT,2024-12-11,LONG,0.8226,0.05155,0.05079,1,True,-1.4743,1.4088,>.80,1-1.5x
GALA/USDT,2024-12-13,LONG,0.8322,0.05202,0.04804,3,True,-7.6509,0.2833,>.80,
GALA/USDT,2024-12-14,LONG,0.8066,0.04934,0.04804,2,True,-2.6348,0.6163,>.80,
GALA/USDT,2024-12-15,LONG,0.5568,0.05095,0.04804,1,True,-5.7115,0.4025,.55-.60,
GALA/USDT,2024-12-17,LONG,0.5904,0.04465,0.04015,1,True,-10.0784,0.83,.55-.60,
GALA/USDT,2024-12-19,LONG,0.5822,0.03516,0.03503,2,True,-0.3697,1.3474,.55-.60,1-1.5x
GALA/USDT,2024-12-20,LONG,0.7327,0.03744,0.03503,1,True,-6.437,0.7305,.70-.80,
GALA/USDT,2024-12-24,LONG,0.6029,0.03965,0.03492,3,True,-11.9294,0.5992,.60-.70,
GALA/USDT,2024-12-29,LONG,0.5785,0.03474,0.03441,2,True,-0.9499,0.8221,.55-.60,
GALA/USDT,2024-12-30,LONG,0.5766,0.03453,0.03441,1,True,-0.3475,0.091,.55-.60,
GALA/USDT,2025-01-02,LONG,0.5909,0.03919,0.04247,2,True,8.3695,0.9036,.55-.60,
GALA/USDT,2025-01-03,LONG,0.6271,0.04342,0.04247,1,True,-2.1879,1.5956,.60-.70,1.5-2x
GALA/USDT,2025-01-05,LONG,0.6447,0.04185,0.03542,5,False,-15.3644,0.2206,.60-.70,
GALA/USDT,2025-01-06,LONG,0.5961,0.04283,0.03633,5,False,-15.1763,0.3626,.55-.60,
GALA/USDT,2025-01-09,LONG,0.556,0.03375,0.03646,5,False,8.0296,0.4409,.55-.60,
GALA/USDT,2025-01-10,LONG,0.6171,0.03542,0.03646,4,True,2.9362,0.8142,.60-.70,
GALA/USDT,2025-01-11,LONG,0.6243,0.03633,0.03646,3,True,0.3578,0.4214,.60-.70,
GALA/USDT,2025-01-12,LONG,0.5926,0.03476,0.03646,2,True,4.8907,0.7376,.55-.60,
GALA/USDT,2025-01-13,LONG,0.6846,0.0335,0.03646,1,True,8.8358,0.6266,.60-.70,
GALA/USDT,2025-01-15,LONG,0.5525,0.03913,0.0374,3,True,-4.4212,1.2131,.55-.60,1-1.5x
GALA/USDT,2025-01-16,LONG,0.6209,0.0385,0.0374,2,True,-2.8571,0.2664,.60-.70,
GALA/USDT,2025-01-20,LONG,0.6849,0.03274,0.03411,1,True,4.1845,0.2182,.60-.70,
GALA/USDT,2025-01-24,LONG,0.7194,0.03249,0.03076,2,True,-5.3247,0.2308,.70-.80,
GALA/USDT,2025-01-27,LONG,0.5735,0.03031,0.02738,1,True,-9.6668,0.2721,.55-.60,
GALA/USDT,2025-01-29,LONG,0.654,0.02899,0.02824,3,True,-2.5871,1.0189,.60-.70,1-1.5x
GALA/USDT,2025-01-30,LONG,0.673,0.03102,0.02824,2,True,-8.962,1.1884,.60-.70,1-1.5x
GALA/USDT,2025-01-31,LONG,0.6126,0.0319,0.02824,1,True,-11.4734,0.4808,.60-.70,
GALA/USDT,2025-02-03,LONG,0.6555,0.02447,0.02254,2,True,-7.8872,0.3528,.60-.70,
GALA/USDT,2025-02-06,LONG,0.9502,0.02088,0.0212,1,True,1.5326,1.1734,>.80,1-1.5x
GALA/USDT,2025-02-08,LONG,0.6273,0.02207,0.02181,1,True,-1.1781,0.6814,.60-.70,
GALA/USDT,2025-02-10,LONG,0.6835,0.02308,0.02414,2,True,4.5927,0.9514,.60-.70,
GALA/USDT,2025-02-11,LONG,0.6147,0.02271,0.02414,1,True,6.2968,0.2626,.60-.70,
GALA/USDT,2025-02-13,LONG,0.5799,0.0233,0.02435,1,True,4.5064,0.5465,.55-.60,
GALA/USDT,2025-02-16,LONG,0.5894,0.02242,0.02247,1,True,0.223,0.844,.55-.60,
GALA/USDT,2025-02-22,LONG,0.6863,0.0231,0.01992,5,False,-13.7662,0.8707,.60-.70,
GALA/USDT,2025-02-23,LONG,0.6035,0.02232,0.01992,4,True,-10.7527,0.8054,.60-.70,
GALA/USDT,2025-02-25,LONG,0.6766,0.01982,0.01992,2,True,0.5045,1.0319,.60-.70,1-1.5x
GALA/USDT,2025-02-28,LONG,0.7233,0.01999,0.01966,1,True,-1.6508,0.0701,.70-.80,
GALA/USDT,2025-03-08,LONG,0.5737,0.01768,0.01584,1,True,-10.4072,0.6696,.55-.60,
GALA/USDT,2025-03-11,LONG,0.7714,0.01585,0.01621,2,True,2.2713,0.7749,.70-.80,
GALA/USDT,2025-03-12,LONG,0.654,0.01664,0.01621,1,True,-2.5841,0.6837,.60-.70,
GALA/USDT,2025-03-14,LONG,0.7498,0.01657,0.0163,2,True,-1.6295,0.3066,.70-.80,
GALA/USDT,2025-03-15,LONG,0.6418,0.01713,0.0163,1,True,-4.8453,0.4627,.60-.70,
GALA/USDT,2025-03-17,LONG,0.5835,0.01728,0.01774,2,True,2.662,0.9216,.55-.60,
GALA/USDT,2025-03-20,LONG,0.6075,0.01708,0.01715,2,True,0.4098,0.5643,.60-.70,
GALA/USDT,2025-03-21,LONG,0.5824,0.01665,0.01715,1,True,3.003,0.3813,.55-.60,
GALA/USDT,2025-03-24,LONG,0.7051,0.01816,0.01832,2,True,0.8811,1.164,.70-.80,1-1.5x
GALA/USDT,2025-03-25,LONG,0.5723,0.01858,0.01832,1,True,-1.3994,0.5267,.55-.60,
GALA/USDT,2025-03-27,LONG,0.6208,0.01833,0.01536,3,True,-16.2029,0.0124,.60-.70,
GALA/USDT,2025-03-28,LONG,0.658,0.01667,0.01536,2,True,-7.8584,1.9095,.60-.70,1.5-2x
GALA/USDT,2025-03-29,LONG,0.64,0.01539,0.01536,1,True,-0.1949,1.72,.60-.70,1.5-2x
GALA/USDT,2025-04-02,LONG,0.5776,0.01453,0.01485,3,True,2.2023,1.8863,.55-.60,1.5-2x
GALA/USDT,2025-04-03,LONG,0.6348,0.01488,0.01485,2,True,-0.2016,0.5448,.60-.70,
GALA/USDT,2025-04-04,LONG,0.6472,0.01504,0.01485,1,True,-1.2633,0.2474,.60-.70,
SAND/USDT,2024-08-28,LONG,0.5605,0.2541,0.2527,1,True,-0.551,0.5491,.55-.60,
SAND/USDT,2024-09-04,LONG,0.5786,0.2501,0.2437,1,True,-2.559,0.8652,.55-.60,
SAND/USDT,2024-09-07,LONG,0.6327,0.2396,0.2599,5,False,8.4725,0.4675,.60-.70,
SAND/USDT,2024-09-08,LONG,0.6997,0.2444,0.2611,5,False,6.8331,0.4781,.60-.70,
SAND/USDT,2024-09-09,LONG,0.6142,0.2542,0.2554,5,False,0.4721,0.9337,.60-.70,
SAND/USDT,2024-09-11,LONG,0.6625,0.2544,0.2554,3,True,0.3931,0.057,.60-.70,
SAND/USDT,2024-09-12,LONG,0.5851,0.2599,0.2554,2,True,-1.7314,0.6063,.55-.60,
SAND/USDT,2024-09-15,LONG,0.5775,0.2459,0.2429,1,True,-1.22,1.0842,.55-.60,1-1.5x
SAND/USDT,2024-09-20,LONG,0.5914,0.272,0.288,1,True,5.8824,0.4128,.55-.60,
SAND/USDT,2024-09-29,LONG,0.6486,0.2904,0.2701,1,True,-6.9904,0.2362,.60-.70,
SAND/USDT,2024-10-01,LONG,0.6287,0.2496,0.2438,1,True,-2.3237,1.9928,.60-.70,1.5-2x
SAND/USDT,2024-10-06,LONG,0.7347,0.2577,0.2477,4,True,-3.8805,0.6022,.70-.80,
SAND/USDT,2024-10-07,LONG,0.86,0.2544,0.2477,3,True,-2.6336,0.3471,>.80,
SAND/USDT,2024-10-08,LONG,0.6276,0.2511,0.2477,2,True,-1.354,0.3535,.60-.70,
SAND/USDT,2024-10-11,LONG,0.7284,0.2593,0.2621,2,True,1.0798,1.3626,.70-.80,1-1.5x
SAND/USDT,2024-10-12,LONG,0.7584,0.2649,0.2621,1,True,-1.057,0.6383,.70-.80,
SAND/USDT,2024-10-18,LONG,0.841,0.281,0.2809,1,True,-0.0356,2.1974,>.80,2-3x
SAND/USDT,2024-10-20,LONG,0.8647,0.287,0.2801,2,True,-2.4042,0.6077,>.80,
SAND/USDT,2024-10-21,LONG,0.8746,0.2762,0.2801,1,True,1.412,1.1727,>.80,1-1.5x
SAND/USDT,2024-10-23,LONG,0.9041,0.2643,0.2664,1,True,0.7946,1.635,>.80,1.5-2x
SAND/USDT,2024-10-25,LONG,0.9501,0.2436,0.248,1,True,1.8062,2.1744,>.80,2-3x
SAND/USDT,2024-10-29,LONG,0.7444,0.2601,0.2435,2,True,-6.3822,0.7056,.70-.80,
SAND/USDT,2024-10-30,LONG,0.569,0.2567,0.2435,1,True,-5.1422,0.3322,.55-.60,
SAND/USDT,2024-11-02,LONG,0.6282,0.2398,0.2577,5,False,7.4646,0.4675,.60-.70,
SAND/USDT,2024-11-03,LONG,0.6468,0.2324,0.2649,5,False,13.9845,0.8297,.60-.70,
SAND/USDT,2024-11-04,LONG,0.6852,0.2276,0.2753,5,False,20.9578,0.5563,.60-.70,
SAND/USDT,2024-11-05,LONG,0.5943,0.2372,0.2891,5,False,21.8803,1.0876,.55-.60,1-1.5x
SAND/USDT,2024-11-06,LONG,0.7929,0.2559,0.2891,4,True,12.9738,1.8665,.70-.80,1.5-2x
SAND/USDT,2024-11-07,LONG,0.8198,0.2577,0.2891,3,True,12.1847,0.189,>.80,
SAND/USDT,2024-11-08,LONG,0.5574,0.2649,0.2891,2,True,9.1355,0.7375,.55-.60,
SAND/USDT,2024-11-09,LONG,0.7686,0.2753,0.2891,1,True,5.0127,1.0154,.70-.80,1-1.5x
SAND/USDT,2024-11-12,LONG,0.895,0.3013,0.2915,3,True,-3.2526,0.371,>.80,
SAND/USDT,2024-11-13,LONG,0.9609,0.284,0.2915,2,True,2.6408,1.3868,>.80,1-1.5x
SAND/USDT,2024-11-14,LONG,0.8922,0.2743,0.2915,1,True,6.2705,0.9257,>.80,
SAND/USDT,2024-11-18,LONG,0.6911,0.3593,0.333,2,True,-7.3198,0.3365,.60-.70,
SAND/USDT,2024-11-19,LONG,0.9914,0.3491,0.333,1,True,-4.6119,0.3071,>.80,
SAND/USDT,2024-11-21,LONG,0.8209,0.3486,0.6122,5,False,75.6168,0.5072,>.80,
SAND/USDT,2024-11-22,LONG,0.949,0.3773,0.624,5,False,65.3856,0.887,>.80,
SAND/USDT,2024-11-23,LONG,0.6645,0.4381,0.6161,5,False,40.63,1.6711,.60-.70,1.5-2x
SAND/USDT,2024-11-24,LONG,0.9967,0.7736,0.6161,4,True,-20.3594,4.0631,>.80,3-5x
SAND/USDT,2024-11-25,LONG,0.9948,0.6996,0.6161,3,True,-11.9354,0.4976,>.80,
SAND/USDT,2024-11-26,LONG,0.9618,0.6122,0.6161,2,True,0.637,0.6341,>.80,
SAND/USDT,2024-11-27,LONG,0.9921,0.624,0.6161,1,True,-1.266,0.0979,>.80,
SAND/USDT,2024-12-01,LONG,0.8001,0.6731,0.7723,2,True,14.7378,0.0363,>.80,
SAND/USDT,2024-12-02,LONG,0.8754,0.7121,0.7723,1,True,8.4539,0.2938,>.80,
SAND/USDT,2024-12-05,LONG,0.7338,0.8929,0.9251,2,True,3.6062,0.2249,.70-.80,
SAND/USDT,2024-12-06,LONG,0.8505,0.9154,0.9251,1,True,1.0596,0.1347,>.80,
SAND/USDT,2024-12-10,LONG,0.568,0.7011,0.7317,4,True,4.3646,0.2509,.55-.60,
SAND/USDT,2024-12-12,LONG,0.7031,0.7748,0.7317,2,True,-5.5627,0.1157,.70-.80,
SAND/USDT,2024-12-13,LONG,0.7818,0.7858,0.7317,1,True,-6.8847,0.0742,.70-.80,
SAND/USDT,2024-12-17,LONG,0.6151,0.6811,0.6088,1,True,-10.6152,0.6062,.60-.70,
SAND/USDT,2024-12-20,LONG,0.5776,0.613,0.5945,3,True,-3.0179,1.2886,.55-.60,1-1.5x
SAND/USDT,2024-12-21,LONG,0.5686,0.5661,0.5945,2,True,5.0168,0.8162,.55-.60,
SAND/USDT,2024-12-22,LONG,0.5679,0.5626,0.5945,1,True,5.6701,0.0668,.55-.60,
SAND/USDT,2024-12-24,LONG,0.5563,0.6406,0.5514,3,True,-13.9244,0.9882,.55-.60,
SAND/USDT,2025-01-07,LONG,0.5703,0.6158,0.596,3,True,-3.2153,1.717,.55-.60,1.5-2x
SAND/USDT,2025-01-09,LONG,0.5955,0.5794,0.596,1,True,2.865,0.2751,.55-.60,
SAND/USDT,2025-01-11,LONG,0.5632,0.6037,0.5532,2,True,-8.3651,0.2225,.55-.60,
SAND/USDT,2025-01-12,LONG,0.584,0.5821,0.5532,1,True,-4.9648,0.6231,.55-.60,
SAND/USDT,2025-01-18,LONG,0.5711,0.6263,0.5608,4,True,-10.4582,1.0928,.55-.60,1-1.5x
SAND/USDT,2025-01-21,LONG,0.5954,0.5825,0.5608,1,True,-3.7253,0.4285,.55-.60,
SAND/USDT,2025-01-24,LONG,0.5619,0.5528,0.5125,5,False,-7.2902,0.134,.55-.60,
SAND/USDT,2025-01-26,LONG,0.555,0.5342,0.5259,5,False,-1.5537,0.695,.55-.60,
SAND/USDT,2025-02-03,LONG,0.6153,0.4324,0.3884,2,True,-10.1758,0.9111,.60-.70,
SAND/USDT,2025-02-06,LONG,0.8378,0.3705,0.3709,1,True,0.108,0.8564,>.80,
SAND/USDT,2025-02-11,LONG,0.5851,0.391,0.4049,1,True,3.555,0.1652,.55-.60,
SAND/USDT,2025-02-16,LONG,0.5587,0.3911,0.3925,1,True,0.358,0.2246,.55-.60,
SAND/USDT,2025-02-28,LONG,0.596,0.3187,0.3007,3,True,-5.6479,0.3659,.55-.60,
SAND/USDT,2025-03-01,LONG,0.7118,0.3179,0.3007,2,True,-5.4105,0.058,.70-.80,
SAND/USDT,2025-03-02,LONG,0.6366,0.3627,0.3007,1,True,-17.094,2.6396,.60-.70,2-3x
SAND/USDT,2025-03-04,LONG,0.7643,0.302,0.313,1,True,3.6424,0.067,.70-.80,
SAND/USDT,2025-03-07,LONG,0.8438,0.3063,0.2698,2,True,-11.9164,0.0754,>.80,
SAND/USDT,2025-03-10,LONG,0.7116,0.2586,0.2808,2,True,8.5847,0.6294,.70-.80,
SAND/USDT,2025-03-11,LONG,0.7299,0.2777,0.2808,1,True,1.1163,1.0759,.70-.80,1-1.5x
SAND/USDT,2025-03-14,LONG,0.729,0.2839,0.2719,2,True,-4.2268,0.4961,.70-.80,
SAND/USDT,2025-03-15,LONG,0.724,0.2872,0.2719,1,True,-5.3273,0.1718,.70-.80,
SAND/USDT,2025-03-17,LONG,0.6099,0.2876,0.299,2,True,3.9638,0.9095,.60-.70,
SAND/USDT,2025-03-18,LONG,0.5798,0.2882,0.299,1,True,3.7474,0.0329,.55-.60,
SAND/USDT,2025-03-20,LONG,0.6588,0.2873,0.2812,2,True,-2.1232,0.6073,.60-.70,
SAND/USDT,2025-03-21,LONG,0.63,0.2801,0.2812,1,True,0.3927,0.3879,.60-.70,
SAND/USDT,2025-03-24,LONG,0.7267,0.3007,0.2692,5,False,-10.4756,1.273,.70-.80,1-1.5x
SAND/USDT,2025-03-25,LONG,0.5975,0.3065,0.2692,4,True,-12.1697,0.4646,.55-.60,
SAND/USDT,2025-03-26,LONG,0.5937,0.3092,0.2692,3,True,-12.9366,0.2129,.55-.60,
SAND/USDT,2025-03-27,LONG,0.6456,0.3114,0.2692,2,True,-13.5517,0.172,.60-.70,
SAND/USDT,2025-03-28,LONG,0.6753,0.281,0.2692,1,True,-4.1993,2.0892,.60-.70,2-3x
MANA/USDT,2024-08-29,LONG,0.578,0.2719,0.2724,1,True,0.1839,0.3504,.55-.60,
MANA/USDT,2024-09-09,LONG,0.5715,0.2677,0.2669,2,True,-0.2988,0.9722,.55-.60,
MANA/USDT,2024-09-12,LONG,0.5541,0.2769,0.277,5,False,0.0361,1.1314,.55-.60,1-1.5x
MANA/USDT,2024-09-16,LONG,0.5551,0.2646,0.2842,2,True,7.4074,0.6095,.55-.60,
MANA/USDT,2024-10-06,LONG,0.5894,0.2959,0.2819,4,True,-4.7313,0.1065,.55-.60,
MANA/USDT,2024-10-07,LONG,0.7339,0.2905,0.2819,3,True,-2.9604,0.4884,.70-.80,
MANA/USDT,2024-10-08,LONG,0.6595,0.2856,0.2819,2,True,-1.2955,0.4533,.60-.70,
MANA/USDT,2024-10-16,LONG,0.8022,0.3067,0.294,1,True,-4.1409,0.0967,>.80,
MANA/USDT,2024-10-18,LONG,0.928,0.3375,0.3296,2,True,-2.3407,3.0965,>.80,3-5x
MANA/USDT,2024-10-19,LONG,0.953,0.3251,0.3296,1,True,1.3842,0.7593,>.80,
MANA/USDT,2024-10-21,LONG,0.9598,0.316,0.3295,1,True,4.2722,0.945,>.80,
MANA/USDT,2024-10-23,LONG,0.8822,0.3113,0.3118,1,True,0.1606,1.1954,>.80,1-1.5x
MANA/USDT,2024-10-25,LONG,0.9644,0.2843,0.2876,1,True,1.1607,1.805,>.80,1.5-2x
MANA/USDT,2024-10-29,LONG,0.761,0.3103,0.3048,1,True,-1.7725,0.875,.70-.80,
MANA/USDT,2024-11-02,LONG,0.6125,0.2818,0.3015,5,False,6.9908,0.4404,.60-.70,
MANA/USDT,2024-11-03,LONG,0.5827,0.2697,0.3121,5,False,15.7212,0.8617,.55-.60,
MANA/USDT,2024-11-04,LONG,0.577,0.264,0.3231,5,False,22.3864,0.4234,.55-.60,
MANA/USDT,2024-11-06,LONG,0.6976,0.3,0.3629,5,False,20.9667,1.796,.60-.70,1.5-2x
MANA/USDT,2024-11-07,LONG,0.6148,0.3015,0.3629,4,True,20.3648,0.1166,.60-.70,
MANA/USDT,2024-11-09,LONG,0.7099,0.3231,0.3629,2,True,12.3182,0.806,.70-.80,
MANA/USDT,2024-11-12,LONG,0.7861,0.3611,0.3489,3,True,-3.3786,0.1132,.70-.80,
MANA/USDT,2024-11-13,LONG,0.8963,0.3356,0.3489,2,True,3.9631,1.4944,>.80,1-1.5x
MANA/USDT,2024-11-14,LONG,0.8293,0.3264,0.3489,1,True,6.8934,0.642,>.80,
MANA/USDT,2024-11-18,LONG,0.7297,0.4152,0.3958,2,True,-4.6724,0.7872,.70-.80,
MANA/USDT,2024-11-19,LONG,0.9962,0.4082,0.3958,1,True,-3.0377,0.2243,>.80,
MANA/USDT,2024-11-21,LONG,0.6033,0.4135,0.454,1,True,9.7944,0.6023,.60-.70,
MANA/USDT,2024-11-23,LONG,0.8035,0.5273,0.6199,5,False,17.5612,2.0367,>.80,2-3x
MANA/USDT,2024-11-24,LONG,0.9905,0.7263,0.6199,4,True,-14.6496,3.4754,>.80,3-5x
MANA/USDT,2024-11-25,LONG,0.9819,0.6287,0.6199,3,True,-1.3997,1.1517,>.80,1-1.5x
MANA/USDT,2024-11-26,LONG,0.9601,0.5841,0.6199,2,True,6.1291,0.5962,>.80,
MANA/USDT,2024-11-27,LONG,0.9929,0.6087,0.6199,1,True,1.84,0.3548,>.80,
MANA/USDT,2024-12-01,LONG,0.8762,0.6511,0.6988,2,True,7.3261,0.0078,>.80,
MANA/USDT,2024-12-02,LONG,0.761,0.6719,0.6988,1,True,4.0036,0.2696,.70-.80,
MANA/USDT,2024-12-05,LONG,0.7278,0.741,0.755,2,True,1.8893,0.4222,.70-.80,
MANA/USDT,2024-12-06,LONG,0.8245,0.7734,0.755,1,True,-2.3791,0.4074,>.80,
MANA/USDT,2024-12-08,LONG,0.8178,0.7403,0.6443,5,False,-12.9677,0.1868,>.80,
MANA/USDT,2024-12-10,LONG,0.7376,0.5928,0.6078,4,True,2.5304,0.1534,.70-.80,
MANA/USDT,2024-12-12,LONG,0.7361,0.6412,0.6078,2,True,-5.209,0.1714,.70-.80,
MANA/USDT,2024-12-13,LONG,0.6524,0.6443,0.6078,1,True,-5.6651,0.0438,.60-.70,
MANA/USDT,2024-12-17,LONG,0.5711,0.5744,0.5193,1,True,-9.5926,0.7319,.55-.60,
MANA/USDT,2024-12-20,LONG,0.5911,0.5049,0.4694,1,True,-7.0311,0.6979,.55-.60,
MANA/USDT,2024-12-22,LONG,0.6325,0.473,0.5042,1,True,6.5962,0.1102,.60-.70,
MANA/USDT,2024-12-24,LONG,0.5632,0.5407,0.5289,1,True,-2.1824,1.0754,.55-.60,1-1.5x
MANA/USDT,2024-12-27,LONG,0.6058,0.4925,0.505,1,True,2.5381,0.1007,.60-.70,
MANA/USDT,2024-12-31,LONG,0.5765,0.4673,0.5476,5,False,17.1838,0.4845,.55-.60,
MANA/USDT,2025-01-01,LONG,0.5786,0.4972,0.5761,5,False,15.8689,1.234,.55-.60,1-1.5x
MANA/USDT,2025-01-02,LONG,0.6152,0.5079,0.5124,5,False,0.886,0.4118,.60-.70,
MANA/USDT,2025-01-03,LONG,0.5929,0.5561,0.4895,5,False,-11.9763,1.6927,.55-.60,1.5-2x
MANA/USDT,2025-01-04,LONG,0.5998,0.5504,0.494,5,False,-10.2471,0.1855,.55-.60,
MANA/USDT,2025-01-05,LONG,0.5875,0.5476,0.504,5,False,-7.962,0.0934,.55-.60,
MANA/USDT,2025-01-10,LONG,0.5532,0.504,0.4755,3,True,-5.6548,0.3961,.55-.60,
MANA/USDT,2025-01-15,LONG,0.5646,0.5356,0.5214,3,True,-2.6512,1.6414,.55-.60,1.5-2x
MANA/USDT,2025-01-21,LONG,0.58,0.4965,0.4773,1,True,-3.8671,0.5361,.55-.60,
MANA/USDT,2025-01-23,LONG,0.5598,0.4795,0.4172,5,False,-12.9927,0.0853,.55-.60,
MANA/USDT,2025-01-24,LONG,0.5681,0.4718,0.4279,5,False,-9.3048,0.2968,.55-.60,
MANA/USDT,2025-01-29,LONG,0.6011,0.4279,0.413,3,True,-3.4821,0.5206,.60-.70,
MANA/USDT,2025-01-30,LONG,0.5611,0.4483,0.413,2,True,-7.8742,0.946,.55-.60,
MANA/USDT,2025-01-31,LONG,0.567,0.4483,0.413,1,True,-7.8742,0.0,.55-.60,
MANA/USDT,2025-02-06,LONG,0.93,0.3097,0.3141,1,True,1.4207,1.0369,>.80,1-1.5x
MANA/USDT,2025-02-09,LONG,0.733,0.3165,0.3322,1,True,4.9605,0.4962,.70-.80,
MANA/USDT,2025-02-11,LONG,0.6103,0.3247,0.3392,1,True,4.4657,0.4859,.60-.70,
MANA/USDT,2025-02-13,LONG,0.5922,0.3292,0.3286,2,True,-0.1823,0.609,.55-.60,
MANA/USDT,2025-02-14,LONG,0.6368,0.3391,0.3286,1,True,-3.0964,0.6095,.60-.70,
MANA/USDT,2025-02-16,LONG,0.6927,0.3294,0.3135,2,True,-4.827,0.0494,.60-.70,
MANA/USDT,2025-02-17,LONG,0.651,0.3291,0.3135,1,True,-4.7402,0.0192,.60-.70,
MANA/USDT,2025-02-19,LONG,0.5945,0.3184,0.3276,1,True,2.8894,0.3422,.55-.60,
MANA/USDT,2025-02-23,LONG,0.6392,0.3154,0.2834,1,True,-10.1458,0.3061,.60-.70,
MANA/USDT,2025-02-28,LONG,0.5695,0.2962,0.2724,3,True,-8.0351,0.0644,.55-.60,
MANA/USDT,2025-03-01,LONG,0.6718,0.2942,0.2724,2,True,-7.4099,0.1849,.60-.70,
MANA/USDT,2025-03-02,LONG,0.593,0.3189,0.2724,1,True,-14.5814,2.1104,.55-.60,2-3x
MANA/USDT,2025-03-04,LONG,0.7167,0.2769,0.2905,1,True,4.9115,0.3302,.70-.80,
MANA/USDT,2025-03-06,LONG,0.7279,0.2812,0.2887,1,True,2.6671,0.6271,.70-.80,
MANA/USDT,2025-03-11,LONG,0.7912,0.2615,0.2714,2,True,3.7859,1.0453,.70-.80,1-1.5x
MANA/USDT,2025-03-12,LONG,0.7585,0.2704,0.2714,1,True,0.3698,0.6129,.70-.80,
MANA/USDT,2025-03-14,LONG,0.6988,0.2733,0.2558,2,True,-6.4032,0.1291,.60-.70,
MANA/USDT,2025-03-15,LONG,0.7972,0.2767,0.2558,1,True,-7.5533,0.2288,.70-.80,
MANA/USDT,2025-03-19,LONG,0.7269,0.2779,0.2613,2,True,-5.9734,0.5625,.70-.80,
MANA/USDT,2025-03-20,LONG,0.633,0.269,0.2613,1,True,-2.8625,0.5669,.60-.70,
MANA/USDT,2025-03-22,LONG,0.6864,0.2618,0.2646,1,True,1.0695,0.0362,.60-.70,
MANA/USDT,2025-03-24,LONG,0.7166,0.2795,0.2449,5,False,-12.3792,1.2886,.70-.80,1-1.5x
MANA/USDT,2025-03-25,LONG,0.5631,0.2826,0.2449,4,True,-13.3404,0.2621,.55-.60,
MANA/USDT,2025-03-26,LONG,0.7027,0.2813,0.2449,3,True,-12.9399,0.1104,.70-.80,
MANA/USDT,2025-03-27,LONG,0.7509,0.2829,0.2449,2,True,-13.4323,0.1378,.70-.80,
MANA/USDT,2025-03-28,LONG,0.628,0.2575,0.2449,1,True,-4.8932,1.9933,.60-.70,1.5-2x
MANA/USDT,2025-04-01,LONG,0.7207,0.2561,0.2361,1,True,-7.8094,1.157,.70-.80,1-1.5x
MANA/USDT,2025-04-03,LONG,0.6045,0.2402,0.2424,1,True,0.9159,0.3866,.60-.70,
MANA/USDT,2025-04-05,LONG,0.7414,0.2461,0.2113,1,True,-14.1406,0.3642,.70-.80,
CHZ/USDT,2024-08-28,LONG,0.5514,0.0537,0.05015,4,True,-6.6108,0.4455,.55-.60,
CHZ/USDT,2024-08-29,LONG,0.6535,0.05605,0.05015,3,True,-10.5263,1.2587,.60-.70,1-1.5x
CHZ/USDT,2024-08-30,LONG,0.5604,0.0541,0.05015,2,True,-7.3013,1.0051,.55-.60,1-1.5x
CHZ/USDT,2024-09-02,LONG,0.608,0.05242,0.04982,3,True,-4.9599,1.336,.60-.70,1-1.5x
CHZ/USDT,2024-09-04,LONG,0.6483,0.05166,0.04982,1,True,-3.5617,0.8294,.60-.70,
CHZ/USDT,2024-09-08,LONG,0.6076,0.05178,0.05394,5,False,4.1715,0.8734,.60-.70,
CHZ/USDT,2024-09-09,LONG,0.6038,0.05302,0.05363,5,False,1.1505,0.6412,.60-.70,
CHZ/USDT,2024-09-11,LONG,0.6,0.05208,0.05363,3,True,2.9762,0.5588,.55-.60,
CHZ/USDT,2024-09-12,LONG,0.5955,0.05314,0.05363,2,True,0.9221,0.6014,.55-.60,
CHZ/USDT,2024-09-17,LONG,0.5541,0.05207,0.05384,1,True,3.3993,0.634,.55-.60,
CHZ/USDT,2024-09-23,LONG,0.5613,0.06124,0.06651,2,True,8.6055,2.217,.55-.60,2-3x
CHZ/USDT,2024-09-28,LONG,0.933,0.06872,0.06041,3,True,-12.0925,0.3905,>.80,
CHZ/USDT,2024-09-29,LONG,0.6819,0.06909,0.06041,2,True,-12.5633,0.1828,.60-.70,
CHZ/USDT,2024-09-30,LONG,0.7036,0.06558,0.06041,1,True,-7.8835,1.5516,.70-.80,1.5-2x
CHZ/USDT,2024-10-06,LONG,0.611,0.0638,0.06814,1,True,6.8025,0.5636,.60-.70,
CHZ/USDT,2024-10-09,LONG,0.7425,0.07047,0.06999,2,True,-0.6811,1.5781,.70-.80,1.5-2x
CHZ/USDT,2024-10-10,LONG,0.8953,0.06902,0.06999,1,True,1.4054,0.4777,>.80,
CHZ/USDT,2024-10-12,LONG,0.9645,0.06974,0.07505,1,True,7.614,0.086,>.80,
CHZ/USDT,2024-10-14,LONG,0.8137,0.07703,0.07631,2,True,-0.9347,0.6193,>.80,
CHZ/USDT,2024-10-15,LONG,0.944,0.08254,0.07631,1,True,-7.5479,1.695,>.80,1.5-2x
CHZ/USDT,2024-10-17,LONG,0.6637,0.07572,0.07422,2,True,-1.981,0.1681,.60-.70,
CHZ/USDT,2024-10-18,LONG,0.7938,0.0758,0.07422,1,True,-2.0844,0.0231,.70-.80,
CHZ/USDT,2024-10-20,LONG,0.7325,0.07443,0.06906,3,True,-7.2148,0.0638,.70-.80,
CHZ/USDT,2024-10-21,LONG,0.5503,0.07197,0.06906,2,True,-4.0434,0.8118,.55-.60,
CHZ/USDT,2024-10-29,LONG,0.5682,0.06331,0.05892,3,True,-6.9341,0.1767,.55-.60,
CHZ/USDT,2024-10-30,LONG,0.668,0.06292,0.05892,2,True,-6.3573,0.1563,.60-.70,
CHZ/USDT,2024-10-31,LONG,0.7454,0.05914,0.05892,1,True,-0.372,1.4618,.70-.80,1-1.5x
CHZ/USDT,2024-11-02,LONG,0.6541,0.05819,0.05425,2,True,-6.7709,0.3435,.60-.70,
CHZ/USDT,2024-11-03,LONG,0.6199,0.05531,0.05425,1,True,-1.9165,1.3824,.60-.70,1-1.5x
CHZ/USDT,2024-11-06,LONG,0.579,0.06179,0.06185,2,True,0.0971,2.1828,.55-.60,2-3x
CHZ/USDT,2024-11-07,LONG,0.6277,0.06245,0.06185,1,True,-0.9608,0.2843,.60-.70,
CHZ/USDT,2024-11-11,LONG,0.7029,0.07158,0.06742,4,True,-5.8117,1.6194,.70-.80,1.5-2x
CHZ/USDT,2024-11-12,LONG,0.648,0.06814,0.06742,3,True,-1.0566,1.1101,.60-.70,1-1.5x
CHZ/USDT,2024-11-13,LONG,0.7329,0.06498,0.06742,2,True,3.755,1.0464,.70-.80,1-1.5x
CHZ/USDT,2024-11-14,LONG,0.7786,0.06283,0.06742,1,True,7.3054,0.8287,.70-.80,
CHZ/USDT,2024-11-17,LONG,0.6851,0.06919,0.07592,2,True,9.7268,1.4911,.60-.70,1-1.5x
CHZ/USDT,2024-11-21,LONG,0.8183,0.07465,0.09091,4,True,21.7816,0.6737,>.80,
CHZ/USDT,2024-11-22,LONG,0.8682,0.07872,0.09091,3,True,15.4853,0.8609,>.80,
CHZ/USDT,2024-11-23,LONG,0.656,0.08664,0.09091,2,True,4.9284,1.5741,.60-.70,1.5-2x
CHZ/USDT,2024-11-24,LONG,0.7802,0.09796,0.09091,1,True,-7.1968,1.9439,.70-.80,1.5-2x
CHZ/USDT,2024-11-26,LONG,0.7816,0.09023,0.09422,2,True,4.422,0.1069,.70-.80,
CHZ/USDT,2024-11-27,LONG,0.7479,0.09349,0.09422,1,True,0.7808,0.5161,.70-.80,
CHZ/USDT,2024-11-29,LONG,0.7623,0.10231,0.10635,2,True,3.9488,1.2084,.70-.80,1-1.5x
CHZ/USDT,2024-11-30,LONG,0.6383,0.10321,0.10635,1,True,3.0423,0.1239,.60-.70,
CHZ/USDT,2024-12-05,LONG,0.7906,0.13072,0.1313,3,True,0.4437,0.315,.70-.80,
CHZ/USDT,2024-12-06,LONG,0.6303,0.13085,0.1313,2,True,0.3439,0.0152,.60-.70,
CHZ/USDT,2024-12-07,LONG,0.7348,0.12902,0.1313,1,True,1.7672,0.2296,.70-.80,
CHZ/USDT,2024-12-09,LONG,0.7191,0.10621,0.10191,1,True,-4.0486,2.6464,.70-.80,2-3x
CHZ/USDT,2024-12-12,LONG,0.8635,0.11748,0.11034,2,True,-6.0776,0.2588,>.80,
CHZ/USDT,2024-12-13,LONG,0.6442,0.1173,0.11034,1,True,-5.9335,0.0197,.60-.70,
CHZ/USDT,2024-12-17,LONG,0.6094,0.10324,0.09378,1,True,-9.1631,0.6627,.60-.70,
CHZ/USDT,2024-12-20,LONG,0.631,0.08915,0.0842,2,True,-5.5524,0.4844,.60-.70,
CHZ/USDT,2024-12-21,LONG,0.6768,0.08336,0.0842,1,True,1.0077,0.8271,.60-.70,
CHZ/USDT,2024-12-24,LONG,0.5839,0.09437,0.09204,1,True,-2.469,0.587,.55-.60,
CHZ/USDT,2024-12-28,LONG,0.5816,0.08902,0.08197,3,True,-7.9196,0.5429,.55-.60,
CHZ/USDT,2024-12-30,LONG,0.5648,0.08418,0.08197,1,True,-2.6253,0.0502,.55-.60,
CHZ/USDT,2025-01-03,LONG,0.5802,0.09332,0.08241,5,False,-11.691,1.1968,.55-.60,1-1.5x
CHZ/USDT,2025-01-04,LONG,0.5838,0.09199,0.08278,5,False,-10.012,0.279,.55-.60,
CHZ/USDT,2025-01-12,LONG,0.5775,0.08124,0.08694,3,True,7.0162,0.641,.55-.60,
CHZ/USDT,2025-01-13,LONG,0.6387,0.07888,0.08694,2,True,10.2181,0.6926,.60-.70,
CHZ/USDT,2025-01-16,LONG,0.602,0.08499,0.0779,5,False,-8.3422,0.5222,.60-.70,
CHZ/USDT,2025-01-18,LONG,0.6211,0.08323,0.07612,4,True,-8.5426,1.6057,.60-.70,1.5-2x
CHZ/USDT,2025-01-19,LONG,0.568,0.07612,0.07612,3,True,0.0,1.7488,.55-.60,1.5-2x
CHZ/USDT,2025-01-20,LONG,0.5682,0.07654,0.07612,2,True,-0.5487,0.1135,.55-.60,
CHZ/USDT,2025-01-21,LONG,0.6805,0.0779,0.07612,1,True,-2.285,0.3765,.60-.70,
CHZ/USDT,2025-01-23,LONG,0.7566,0.07553,0.07194,3,True,-4.7531,0.1752,.70-.80,
CHZ/USDT,2025-01-24,LONG,0.6953,0.07304,0.07194,2,True,-1.506,0.74,.60-.70,
CHZ/USDT,2025-01-28,LONG,0.6428,0.06393,0.06543,1,True,2.3463,2.0889,.60-.70,2-3x
CHZ/USDT,2025-01-30,LONG,0.7277,0.07239,0.06619,2,True,-8.5647,2.1733,.70-.80,2-3x
CHZ/USDT,2025-01-31,LONG,0.5817,0.07184,0.06619,1,True,-7.8647,0.1553,.55-.60,
CHZ/USDT,2025-02-03,LONG,0.821,0.06245,0.05639,2,True,-9.7038,1.3202,>.80,1-1.5x
CHZ/USDT,2025-02-06,LONG,0.9709,0.05414,0.05521,1,True,1.9764,0.71,>.80,
CHZ/USDT,2025-02-10,LONG,0.7456,0.05955,0.06404,2,True,7.5399,0.4506,.70-.80,
CHZ/USDT,2025-02-11,LONG,0.7721,0.05816,0.06404,1,True,10.11,0.4184,.70-.80,
CHZ/USDT,2025-02-13,LONG,0.629,0.06077,0.05899,2,True,-2.9291,0.8264,.60-.70,
CHZ/USDT,2025-02-14,LONG,0.7747,0.06172,0.05899,1,True,-4.4232,0.2526,.70-.80,
CHZ/USDT,2025-02-16,LONG,0.7412,0.05984,0.06024,1,True,0.6684,0.2312,.70-.80,
CHZ/USDT,2025-02-19,LONG,0.7514,0.05427,0.05442,1,True,0.2764,0.4017,.70-.80,
CHZ/USDT,2025-02-23,LONG,0.6709,0.05217,0.04759,1,True,-8.779,0.2119,.60-.70,
CHZ/USDT,2025-02-25,LONG,0.607,0.04979,0.05087,2,True,2.1691,0.9863,.60-.70,
CHZ/USDT,2025-02-26,LONG,0.7793,0.05041,0.05087,1,True,0.9125,0.269,.70-.80,
CHZ/USDT,2025-02-28,LONG,0.5951,0.05108,0.04653,3,True,-8.9076,0.0933,.55-.60,
CHZ/USDT,2025-03-01,LONG,0.7663,0.05022,0.04653,2,True,-7.3477,0.3802,.70-.80,
CHZ/USDT,2025-03-02,LONG,0.6491,0.05354,0.04653,1,True,-13.093,1.4159,.60-.70,1-1.5x
CHZ/USDT,2025-03-04,LONG,0.7934,0.04783,0.04895,1,True,2.3416,0.5715,.70-.80,
CHZ/USDT,2025-03-07,LONG,0.6914,0.04896,0.04091,3,True,-16.442,0.4712,.60-.70,
CHZ/USDT,2025-03-08,LONG,0.5953,0.04746,0.04091,2,True,-13.8011,0.6347,.55-.60,
CHZ/USDT,2025-03-11,LONG,0.724,0.04312,0.04256,2,True,-1.2987,1.0397,.70-.80,1-1.5x
CHZ/USDT,2025-03-12,LONG,0.5582,0.04393,0.04256,1,True,-3.1186,0.3592,.55-.60,
CHZ/USDT,2025-03-17,LONG,0.5574,0.04567,0.04567,1,True,0.0,0.7233,.55-.60,
CHZ/USDT,2025-03-20,LONG,0.581,0.04523,0.04571,2,True,1.0612,0.6208,.55-.60,
CHZ/USDT,2025-03-24,LONG,0.6798,0.04768,0.04183,5,False,-12.2693,1.1779,.60-.70,1-1.5x
CHZ/USDT,2025-03-27,LONG,0.6593,0.04741,0.04209,4,True,-11.2213,0.1212,.60-.70,
CHZ/USDT,2025-03-28,LONG,0.6274,0.0435,0.04209,3,True,-3.2414,1.8998,.60-.70,1.5-2x
CHZ/USDT,2025-03-30,LONG,0.6358,0.04206,0.04209,1,True,0.0713,0.1465,.60-.70,
CHZ/USDT,2025-04-05,LONG,0.6412,0.04162,0.03795,1,True,-8.8179,0.2786,.60-.70,
ALGO/USDT,2024-09-04,LONG,0.5594,0.1224,0.1278,5,False,4.4118,0.6767,.55-.60,
ALGO/USDT,2024-09-07,LONG,0.5775,0.1208,0.1301,5,False,7.6987,0.9934,.55-.60,
ALGO/USDT,2024-09-08,LONG,0.6213,0.1251,0.1332,5,False,6.4748,0.9206,.60-.70,
ALGO/USDT,2024-09-09,LONG,0.6013,0.1278,0.1312,5,False,2.6604,0.5643,.60-.70,
ALGO/USDT,2024-09-11,LONG,0.6516,0.1271,0.1312,3,True,3.2258,0.5291,.60-.70,
ALGO/USDT,2024-09-12,LONG,0.5765,0.1301,0.1312,2,True,0.8455,0.6983,.55-.60,
ALGO/USDT,2024-09-15,LONG,0.5501,0.126,0.1237,1,True,-1.8254,1.212,.55-.60,1-1.5x
ALGO/USDT,2024-09-20,LONG,0.5656,0.1329,0.1322,2,True,-0.5267,0.3672,.55-.60,
ALGO/USDT,2024-09-21,LONG,0.6292,0.1364,0.1322,1,True,-3.0792,0.8862,.60-.70,
ALGO/USDT,2024-09-29,LONG,0.5592,0.1412,0.1341,1,True,-5.0283,0.0595,.55-.60,
ALGO/USDT,2024-10-06,LONG,0.68,0.127,0.1187,3,True,-6.5354,0.2942,.60-.70,
ALGO/USDT,2024-10-07,LONG,0.8092,0.1245,0.1187,2,True,-4.6586,0.6544,>.80,
ALGO/USDT,2024-10-08,LONG,0.5966,0.1215,0.1187,1,True,-2.3045,0.8128,.55-.60,
ALGO/USDT,2024-10-18,LONG,0.8283,0.1233,0.1256,3,True,1.8654,0.973,>.80,
ALGO/USDT,2024-10-19,LONG,0.6652,0.1234,0.1256,2,True,1.7828,0.0287,.60-.70,
ALGO/USDT,2024-10-20,LONG,0.8165,0.1305,0.1256,1,True,-3.7548,1.9366,>.80,1.5-2x
ALGO/USDT,2024-10-30,LONG,0.5572,0.1207,0.1143,1,True,-5.3024,0.8416,.55-.60,
ALGO/USDT,2024-11-01,LONG,0.5563,0.1146,0.1095,2,True,-4.4503,0.081,.55-.60,
ALGO/USDT,2024-11-04,LONG,0.8218,0.1093,0.1218,2,True,11.4364,0.0592,>.80,
ALGO/USDT,2024-11-05,LONG,0.8065,0.114,0.1218,1,True,6.8421,1.3235,>.80,1-1.5x
ALGO/USDT,2024-11-08,LONG,0.6432,0.131,0.1455,5,False,11.0687,1.8018,.60-.70,1.5-2x
ALGO/USDT,2024-11-09,LONG,0.9494,0.1338,0.1455,4,True,8.7444,0.5831,>.80,
ALGO/USDT,2024-11-10,LONG,0.6481,0.1451,0.1455,3,True,0.2757,2.1238,.60-.70,2-3x
ALGO/USDT,2024-11-12,LONG,0.734,0.1542,0.1455,1,True,-5.642,0.729,.70-.80,
ALGO/USDT,2024-11-17,LONG,0.8338,0.1837,0.2109,3,True,14.8068,0.8687,>.80,
ALGO/USDT,2024-11-18,LONG,0.9758,0.2159,0.2109,2,True,-2.3159,2.108,>.80,2-3x
ALGO/USDT,2024-11-19,LONG,0.9693,0.2234,0.2109,1,True,-5.5953,0.4233,>.80,
ALGO/USDT,2024-11-21,LONG,0.562,0.2142,0.2587,1,True,20.775,0.1908,.55-.60,
ALGO/USDT,2024-11-25,LONG,0.9577,0.2596,0.2977,1,True,14.6764,0.8929,>.80,
ALGO/USDT,2024-12-01,LONG,0.5891,0.4856,0.4987,5,False,2.6977,0.7652,.55-.60,
ALGO/USDT,2024-12-02,LONG,0.9298,0.5042,0.5092,5,False,0.9917,0.3161,>.80,
ALGO/USDT,2024-12-03,LONG,0.9296,0.5057,0.5092,4,True,0.6921,0.0251,>.80,
ALGO/USDT,2024-12-04,LONG,0.9482,0.478,0.5092,3,True,6.5272,0.4525,>.80,
ALGO/USDT,2024-12-05,LONG,0.7686,0.4495,0.5092,2,True,13.2814,0.5228,.70-.80,
ALGO/USDT,2024-12-06,LONG,0.816,0.4987,0.5092,1,True,2.1055,0.9536,>.80,
ALGO/USDT,2024-12-10,LONG,0.7305,0.4237,0.4377,3,True,3.3042,0.16,.70-.80,
ALGO/USDT,2024-12-11,LONG,0.5697,0.4524,0.4377,2,True,-3.2493,0.5781,.55-.60,
ALGO/USDT,2024-12-12,LONG,0.7777,0.4282,0.4377,1,True,2.2186,0.4758,.70-.80,
ALGO/USDT,2024-12-15,LONG,0.5843,0.432,0.413,2,True,-4.3981,0.247,.55-.60,
ALGO/USDT,2024-12-19,LONG,0.5905,0.3324,0.3763,4,True,13.207,1.4025,.55-.60,1-1.5x
ALGO/USDT,2024-12-20,LONG,0.723,0.3477,0.3763,3,True,8.2255,0.6681,.70-.80,
ALGO/USDT,2024-12-21,LONG,0.6308,0.3281,0.3763,2,True,14.6906,0.8665,.60-.70,
ALGO/USDT,2024-12-22,LONG,0.7003,0.3477,0.3763,1,True,8.2255,0.9026,.70-.80,
ALGO/USDT,2024-12-24,LONG,0.6321,0.3962,0.381,1,True,-3.8364,0.7514,.60-.70,
ALGO/USDT,2024-12-28,LONG,0.6414,0.3451,0.3924,5,False,13.7062,0.531,.60-.70,
ALGO/USDT,2024-12-29,LONG,0.6235,0.3254,0.3924,4,True,20.59,0.9718,.60-.70,
ALGO/USDT,2024-12-30,LONG,0.6993,0.3283,0.3924,3,True,19.5248,0.1523,.60-.70,
ALGO/USDT,2025-01-05,LONG,0.5657,0.4051,0.3591,3,True,-11.3552,0.1817,.55-.60,
ALGO/USDT,2025-01-10,LONG,0.5761,0.3726,0.3494,3,True,-6.2265,1.4556,.55-.60,1-1.5x
ALGO/USDT,2025-01-12,LONG,0.5523,0.3603,0.3494,1,True,-3.0253,0.787,.55-.60,
ALGO/USDT,2025-01-15,LONG,0.5575,0.4444,0.4301,5,False,-3.2178,2.7598,.55-.60,2-3x
ALGO/USDT,2025-01-16,LONG,0.6446,0.4642,0.4243,5,False,-8.5954,0.6449,.60-.70,
ALGO/USDT,2025-01-18,LONG,0.6618,0.4456,0.4243,3,True,-4.7801,0.7158,.60-.70,
ALGO/USDT,2025-01-19,LONG,0.7015,0.3977,0.4243,2,True,6.6885,1.4508,.70-.80,1-1.5x
ALGO/USDT,2025-01-23,LONG,0.5761,0.41,0.3631,5,False,-11.439,0.1584,.55-.60,
ALGO/USDT,2025-01-27,LONG,0.576,0.3864,0.3631,1,True,-6.03,0.176,.55-.60,
ALGO/USDT,2025-01-29,LONG,0.6051,0.3694,0.3875,1,True,4.8998,0.2595,.60-.70,
ALGO/USDT,2025-02-03,LONG,0.672,0.313,0.2815,2,True,-10.0639,0.6083,.60-.70,
ALGO/USDT,2025-02-08,LONG,0.5661,0.276,0.275,1,True,-0.3623,0.4447,.55-.60,
ALGO/USDT,2025-02-11,LONG,0.6509,0.286,0.3025,1,True,5.7692,0.3087,.60-.70,
ALGO/USDT,2025-02-13,LONG,0.586,0.2936,0.2964,1,True,0.9537,0.5707,.55-.60,
ALGO/USDT,2025-02-16,LONG,0.616,0.2751,0.2701,1,True,-1.8175,0.6411,.60-.70,
ALGO/USDT,2025-02-18,LONG,0.5743,0.2574,0.2595,5,False,0.8159,0.9422,.55-.60,
ALGO/USDT,2025-02-20,LONG,0.6527,0.2711,0.2595,3,True,-4.2789,0.747,.60-.70,
ALGO/USDT,2025-02-28,LONG,0.581,0.238,0.291,2,True,22.2689,0.0205,.55-.60,
ALGO/USDT,2025-03-01,LONG,0.5787,0.2533,0.291,1,True,14.8835,1.4637,.55-.60,1-1.5x
ALGO/USDT,2025-03-07,LONG,0.7259,0.233,0.2009,2,True,-13.7768,0.451,.70-.80,
ALGO/USDT,2025-03-10,LONG,0.6673,0.1837,0.1958,3,True,6.5868,1.1825,.60-.70,1-1.5x
ALGO/USDT,2025-03-11,LONG,0.7121,0.1911,0.1958,2,True,2.4594,0.5508,.70-.80,
ALGO/USDT,2025-03-12,LONG,0.6794,0.1958,0.1958,1,True,0.0,0.3381,.60-.70,
ALGO/USDT,2025-03-14,LONG,0.649,0.1985,0.1864,2,True,-6.0957,0.1894,.60-.70,
ALGO/USDT,2025-03-15,LONG,0.6596,0.1997,0.1864,1,True,-6.66,0.083,.60-.70,
ALGO/USDT,2025-03-19,LONG,0.6847,0.1998,0.1881,3,True,-5.8559,1.0091,.60-.70,1-1.5x
ALGO/USDT,2025-03-20,LONG,0.5676,0.1955,0.1881,2,True,-3.7852,0.3019,.55-.60,
ALGO/USDT,2025-03-21,LONG,0.6998,0.1873,0.1881,1,True,0.4271,0.6025,.60-.70,
ALGO/USDT,2025-03-23,LONG,0.6507,0.1919,0.2067,3,True,7.7124,0.4475,.60-.70,
ALGO/USDT,2025-03-25,LONG,0.5772,0.2117,0.2067,1,True,-2.3618,0.8185,.55-.60,
ALGO/USDT,2025-03-27,LONG,0.5671,0.212,0.1794,3,True,-15.3774,0.5443,.55-.60,
ALGO/USDT,2025-03-28,LONG,0.6504,0.1997,0.1794,2,True,-10.1652,1.2046,.60-.70,1-1.5x
ALGO/USDT,2025-04-03,LONG,0.6105,0.1808,0.1834,2,True,1.4381,0.5222,.60-.70,
MINA/USDT,2024-08-28,LONG,0.5624,0.4471,0.4421,1,True,-1.1183,0.5496,.55-.60,
MINA/USDT,2024-08-30,LONG,0.8067,0.4534,0.426,5,False,-6.0432,0.6022,>.80,
MINA/USDT,2024-09-02,LONG,0.6697,0.4382,0.4004,5,False,-8.6262,1.7424,.60-.70,1.5-2x
MINA/USDT,2024-09-04,LONG,0.6852,0.426,0.4217,5,False,-1.0094,0.8097,.60-.70,
MINA/USDT,2024-09-05,LONG,0.6818,0.4115,0.4218,5,False,2.503,0.8052,.60-.70,
MINA/USDT,2024-09-07,LONG,0.6871,0.4004,0.4218,3,True,5.3447,0.1896,.60-.70,
MINA/USDT,2024-09-08,LONG,0.7415,0.4087,0.4218,2,True,3.2053,0.4884,.70-.80,
MINA/USDT,2024-09-09,LONG,0.607,0.4217,0.4218,1,True,0.0237,0.7383,.60-.70,
MINA/USDT,2024-09-11,LONG,0.7088,0.4142,0.4379,3,True,5.7219,0.4456,.70-.80,
MINA/USDT,2024-09-12,LONG,0.5913,0.4311,0.4379,2,True,1.5774,1.1219,.55-.60,1-1.5x
MINA/USDT,2024-09-18,LONG,0.7285,0.4418,0.4877,2,True,10.3893,1.1678,.70-.80,1-1.5x
MINA/USDT,2024-09-19,LONG,0.7234,0.4631,0.4877,1,True,5.312,1.2575,.70-.80,1-1.5x
MINA/USDT,2024-09-24,LONG,0.5623,0.5325,0.5339,1,True,0.2629,2.4551,.55-.60,2-3x
MINA/USDT,2024-09-27,LONG,0.5602,0.5505,0.6123,2,True,11.2262,0.1277,.55-.60,
MINA/USDT,2024-09-28,LONG,0.899,0.5431,0.6123,1,True,12.7417,0.4187,>.80,
MINA/USDT,2024-09-30,LONG,0.7146,0.5568,0.5135,1,True,-7.7766,1.908,.70-.80,1.5-2x
MINA/USDT,2024-10-02,LONG,0.8593,0.508,0.4869,1,True,-4.1535,0.2093,>.80,
MINA/USDT,2024-10-06,LONG,0.7446,0.5317,0.5294,1,True,-0.4326,0.4847,.70-.80,
MINA/USDT,2024-10-12,LONG,0.7564,0.5365,0.5756,1,True,7.288,0.8235,.70-.80,
MINA/USDT,2024-10-15,LONG,0.8471,0.5728,0.5706,3,True,-0.3841,0.6344,>.80,
MINA/USDT,2024-10-16,LONG,0.8047,0.5712,0.5706,2,True,-0.105,0.0535,>.80,
MINA/USDT,2024-10-17,LONG,0.8014,0.5566,0.5706,1,True,2.5153,0.4863,>.80,
MINA/USDT,2024-10-20,LONG,0.8314,0.6126,0.5798,2,True,-5.3542,1.5427,>.80,1.5-2x
MINA/USDT,2024-10-21,LONG,0.822,0.606,0.5798,1,True,-4.3234,0.2962,>.80,
MINA/USDT,2024-10-24,LONG,0.8209,0.5649,0.5258,3,True,-6.9216,0.5003,>.80,
MINA/USDT,2024-10-25,LONG,0.6008,0.507,0.5258,2,True,3.7081,2.3837,.60-.70,2-3x
MINA/USDT,2024-10-26,LONG,0.6816,0.5135,0.5258,1,True,2.3953,0.3003,.60-.70,
MINA/USDT,2024-11-01,LONG,0.6266,0.5131,0.4954,1,True,-3.4496,0.4938,.60-.70,
MINA/USDT,2024-11-05,LONG,0.6984,0.4789,0.5955,5,False,24.3475,1.3778,.60-.70,1-1.5x
MINA/USDT,2024-11-06,LONG,0.6602,0.5316,0.6499,5,False,22.2536,2.1929,.60-.70,2-3x
MINA/USDT,2024-11-07,LONG,0.6196,0.5356,0.6499,4,True,21.3406,0.1509,.60-.70,
MINA/USDT,2024-11-08,LONG,0.5871,0.5358,0.6499,3,True,21.2953,0.0075,.55-.60,
MINA/USDT,2024-11-09,LONG,0.6426,0.5705,0.6499,2,True,13.9176,1.2984,.60-.70,1-1.5x
MINA/USDT,2024-11-13,LONG,0.8394,0.6538,0.7035,3,True,7.6017,0.0814,>.80,
MINA/USDT,2024-11-14,LONG,0.8025,0.6048,0.7035,2,True,16.3194,1.511,>.80,1.5-2x
MINA/USDT,2024-11-15,LONG,0.7457,0.6306,0.7035,1,True,11.5604,0.8509,.70-.80,
MINA/USDT,2024-11-18,LONG,0.664,0.7017,0.667,1,True,-4.9451,1.5094,.60-.70,1.5-2x
MINA/USDT,2024-11-22,LONG,0.8266,0.6971,0.7931,5,False,13.7713,0.8037,>.80,
MINA/USDT,2024-11-23,LONG,0.6986,0.7317,0.7769,5,False,6.1774,0.8182,.60-.70,
MINA/USDT,2024-11-25,LONG,0.8297,0.7366,0.7769,3,True,5.4711,0.8986,>.80,
MINA/USDT,2024-11-26,LONG,0.7137,0.7626,0.7769,2,True,1.8752,0.6039,.70-.80,
MINA/USDT,2024-11-27,LONG,0.5651,0.7931,0.7769,1,True,-2.0426,0.6832,.55-.60,
MINA/USDT,2024-12-04,LONG,0.6186,0.9091,0.9976,2,True,9.7349,0.2054,.60-.70,
MINA/USDT,2024-12-05,LONG,0.8397,0.8773,0.9976,1,True,13.7125,0.6572,>.80,
MINA/USDT,2024-12-08,LONG,0.8676,0.937,0.7767,1,True,-17.1078,0.1955,>.80,
MINA/USDT,2024-12-10,LONG,0.6765,0.7504,0.8278,4,True,10.3145,0.538,.60-.70,
MINA/USDT,2024-12-11,LONG,0.5576,0.7951,0.8278,3,True,4.1127,0.9399,.55-.60,
MINA/USDT,2024-12-12,LONG,0.9206,0.8056,0.8278,2,True,2.7557,0.2106,>.80,
MINA/USDT,2024-12-13,LONG,0.7764,0.8263,0.8278,1,True,0.1815,0.4136,.70-.80,
MINA/USDT,2024-12-16,LONG,0.8417,0.8126,0.7538,1,True,-7.236,0.6642,>.80,
MINA/USDT,2024-12-19,LONG,0.6036,0.6143,0.5969,2,True,-2.8325,1.5218,.60-.70,1.5-2x
MINA/USDT,2024-12-20,LONG,0.8125,0.6309,0.5969,1,True,-5.3891,0.4094,>.80,
MINA/USDT,2024-12-24,LONG,0.6389,0.6516,0.6333,1,True,-2.8085,0.4494,.60-.70,
MINA/USDT,2024-12-27,LONG,0.6475,0.5936,0.6211,1,True,4.6327,0.0924,.60-.70,
MINA/USDT,2024-12-31,LONG,0.6778,0.5742,0.6523,5,False,13.6015,0.4237,.60-.70,
MINA/USDT,2025-01-01,LONG,0.562,0.6013,0.6639,5,False,10.4108,0.9826,.55-.60,
MINA/USDT,2025-01-02,LONG,0.7165,0.6157,0.5956,5,False,-3.2646,0.4994,.70-.80,
MINA/USDT,2025-01-03,LONG,0.6868,0.6538,0.5765,5,False,-11.8232,1.219,.60-.70,1-1.5x
MINA/USDT,2025-01-04,LONG,0.5715,0.6553,0.5606,5,False,-14.4514,0.0456,.55-.60,
MINA/USDT,2025-01-05,LONG,0.6973,0.6523,0.5606,4,True,-14.0579,0.0918,.60-.70,
MINA/USDT,2025-01-06,LONG,0.606,0.6639,0.5606,3,True,-15.5596,0.3709,.60-.70,
MINA/USDT,2025-01-07,LONG,0.6445,0.5956,0.5606,2,True,-5.8764,2.0976,.60-.70,2-3x
MINA/USDT,2025-01-08,LONG,0.5945,0.5765,0.5606,1,True,-2.758,0.7292,.55-.60,
MINA/USDT,2025-01-13,LONG,0.7543,0.543,0.5611,1,True,3.3333,0.7987,.70-.80,
MINA/USDT,2025-01-15,LONG,0.5986,0.5965,0.6154,2,True,3.1685,1.5521,.55-.60,1.5-2x
MINA/USDT,2025-01-16,LONG,0.7135,0.5815,0.6154,1,True,5.8298,0.6125,.70-.80,
MINA/USDT,2025-01-21,LONG,0.7729,0.5172,0.4853,3,True,-6.1678,0.5527,.70-.80,
MINA/USDT,2025-01-22,LONG,0.5863,0.5019,0.4853,2,True,-3.3074,0.6136,.55-.60,
MINA/USDT,2025-01-23,LONG,0.7414,0.5017,0.4853,1,True,-3.2689,0.0088,.70-.80,
MINA/USDT,2025-01-26,LONG,0.5509,0.4848,0.469,1,True,-3.2591,0.1186,.55-.60,
MINA/USDT,2025-01-28,LONG,0.704,0.44,0.4506,1,True,2.4091,1.4873,.70-.80,1-1.5x
MINA/USDT,2025-02-03,LONG,0.5737,0.3764,0.3249,3,True,-13.6823,0.3429,.55-.60,
MINA/USDT,2025-02-04,LONG,0.6344,0.3497,0.3249,2,True,-7.0918,1.4311,.60-.70,1-1.5x
MINA/USDT,2025-02-05,LONG,0.8485,0.3399,0.3249,1,True,-4.4131,0.5653,>.80,
MINA/USDT,2025-02-07,LONG,0.8196,0.3302,0.3517,2,True,6.5112,0.3557,>.80,
MINA/USDT,2025-02-11,LONG,0.7074,0.3463,0.361,3,True,4.2449,0.4374,.70-.80,
MINA/USDT,2025-02-12,LONG,0.5965,0.367,0.361,2,True,-1.6349,1.2665,.55-.60,1-1.5x
MINA/USDT,2025-02-13,LONG,0.5985,0.3547,0.361,1,True,1.7761,0.7098,.55-.60,
MINA/USDT,2025-02-17,LONG,0.6484,0.3549,0.3344,1,True,-5.7763,0.239,.60-.70,
MINA/USDT,2025-02-22,LONG,0.5622,0.3632,0.3107,3,True,-14.4548,1.1163,.55-.60,1-1.5x
MINA/USDT,2025-02-23,LONG,0.5875,0.3583,0.3107,2,True,-13.285,0.3716,.55-.60,
MINA/USDT,2025-02-24,LONG,0.6098,0.3115,0.3107,1,True,-0.2568,2.9731,.60-.70,2-3x
MINA/USDT,2025-02-26,LONG,0.7337,0.3137,0.317,1,True,1.052,0.2266,.70-.80,
MINA/USDT,2025-03-01,LONG,0.7488,0.3141,0.2924,2,True,-6.9086,0.5374,.70-.80,
MINA/USDT,2025-03-02,LONG,0.6107,0.3421,0.2924,1,True,-14.5279,1.93,.60-.70,1.5-2x
MINA/USDT,2025-03-04,LONG,0.5581,0.2869,0.3001,1,True,4.6009,0.3473,.55-.60,
MINA/USDT,2025-03-08,LONG,0.6021,0.2828,0.2551,1,True,-9.7949,0.4205,.60-.70,
MINA/USDT,2025-03-11,LONG,0.8384,0.2518,0.2555,1,True,1.4694,0.6488,>.80,
MINA/USDT,2025-03-14,LONG,0.8266,0.2594,0.2549,2,True,-1.7348,0.5597,>.80,
MINA/USDT,2025-03-15,LONG,0.718,0.269,0.2549,1,True,-5.2416,0.6377,.70-.80,
MINA/USDT,2025-03-17,LONG,0.6718,0.268,0.263,1,True,-1.8657,0.9572,.60-.70,
MINA/USDT,2025-03-20,LONG,0.7256,0.2624,0.2584,1,True,-1.5244,0.6911,.70-.80,
MINA/USDT,2025-03-26,LONG,0.8606,0.277,0.2388,5,False,-13.7906,0.4686,>.80,
MINA/USDT,2025-03-27,LONG,0.8178,0.2763,0.2417,5,False,-12.5226,0.0655,>.80,
MINA/USDT,2025-03-28,LONG,0.7337,0.258,0.2417,4,True,-6.3178,1.6171,.70-.80,1.5-2x
MINA/USDT,2025-03-29,LONG,0.7358,0.2439,0.2417,3,True,-0.902,1.4919,.70-.80,1-1.5x
MINA/USDT,2025-03-30,LONG,0.6964,0.2427,0.2417,2,True,-0.412,0.1409,.60-.70,
MINA/USDT,2025-03-31,LONG,0.6908,0.2388,0.2417,1,True,1.2144,0.4733,.60-.70,
MINA/USDT,2025-04-03,LONG,0.695,0.2304,0.2323,1,True,0.8247,0.5047,.60-.70,
MINA/USDT,2025-04-05,LONG,0.6205,0.228,0.2031,1,True,-10.9211,0.5591,.60-.70,
AXS/USDT,2024-08-28,LONG,0.6141,4.641,4.451,4,True,-4.0939,0.283,.60-.70,
AXS/USDT,2024-08-29,LONG,0.6354,4.705,4.451,3,True,-5.3985,0.3724,.60-.70,
AXS/USDT,2024-08-30,LONG,0.6551,4.786,4.451,2,True,-6.9996,0.4654,.60-.70,
AXS/USDT,2024-09-04,LONG,0.6629,4.546,4.442,1,True,-2.2877,0.5951,.60-.70,
AXS/USDT,2024-09-07,LONG,0.6562,4.256,4.717,5,False,10.8318,0.3159,.60-.70,
AXS/USDT,2024-09-08,LONG,0.6251,4.341,4.822,5,False,11.0804,0.5363,.60-.70,
AXS/USDT,2024-09-09,LONG,0.6332,4.529,4.822,4,True,6.4694,1.1361,.60-.70,1-1.5x
AXS/USDT,2024-09-10,LONG,0.56,4.558,4.822,3,True,5.792,0.1716,.55-.60,
AXS/USDT,2024-09-11,LONG,0.6145,4.545,4.822,2,True,6.0946,0.0766,.60-.70,
AXS/USDT,2024-09-17,LONG,0.5576,4.652,4.753,1,True,2.1711,1.0998,.55-.60,1-1.5x
AXS/USDT,2024-09-20,LONG,0.5753,4.962,5.125,1,True,3.285,0.3087,.55-.60,
AXS/USDT,2024-10-02,LONG,0.5999,4.576,4.499,1,True,-1.6827,0.7261,.55-.60,
AXS/USDT,2024-10-05,LONG,0.6626,4.605,4.636,2,True,0.6732,0.3464,.60-.70,
AXS/USDT,2024-10-06,LONG,0.6158,4.687,4.636,1,True,-1.0881,0.5069,.60-.70,
AXS/USDT,2024-10-08,LONG,0.597,4.594,4.453,2,True,-3.0692,0.2661,.55-.60,
AXS/USDT,2024-10-09,LONG,0.7588,4.451,4.453,1,True,0.0449,0.9249,.70-.80,
AXS/USDT,2024-10-12,LONG,0.7952,4.765,4.672,1,True,-1.9517,0.63,.70-.80,
AXS/USDT,2024-10-17,LONG,0.7294,4.606,5.29,4,True,14.8502,0.8281,.70-.80,
AXS/USDT,2024-10-18,LONG,0.8545,4.858,5.29,3,True,8.8925,1.493,>.80,1-1.5x
AXS/USDT,2024-10-19,LONG,0.8679,5.106,5.29,2,True,3.6036,1.3304,>.80,1-1.5x
AXS/USDT,2024-10-20,LONG,0.9199,5.196,5.29,1,True,1.8091,0.5238,>.80,
AXS/USDT,2024-10-22,LONG,0.9237,5.386,4.654,4,True,-13.5908,0.641,>.80,
AXS/USDT,2024-10-23,LONG,0.9617,5.009,4.654,3,True,-7.0872,2.1249,>.80,2-3x
AXS/USDT,2024-10-24,LONG,0.9223,4.981,4.654,2,True,-6.5649,0.1734,>.80,
AXS/USDT,2024-10-25,LONG,0.6594,4.636,4.654,1,True,0.3883,1.9226,.60-.70,1.5-2x
AXS/USDT,2024-10-27,LONG,0.8942,4.834,4.873,1,True,0.8068,1.0536,>.80,1-1.5x
AXS/USDT,2024-10-29,LONG,0.7608,5.047,4.771,2,True,-5.4686,0.9828,.70-.80,
AXS/USDT,2024-10-30,LONG,0.6494,5.074,4.771,1,True,-5.9716,0.1474,.60-.70,
AXS/USDT,2024-11-03,LONG,0.6939,4.472,4.871,3,True,8.9222,0.7517,.60-.70,
AXS/USDT,2024-11-04,LONG,0.6538,4.329,4.871,2,True,12.5202,0.865,.60-.70,
AXS/USDT,2024-11-05,LONG,0.7282,4.462,4.871,1,True,9.1663,0.8179,.70-.80,
AXS/USDT,2024-11-07,LONG,0.8033,4.978,5.307,2,True,6.6091,0.5358,>.80,
AXS/USDT,2024-11-08,LONG,0.5952,5.18,5.307,1,True,2.4517,1.0044,.55-.60,1-1.5x
AXS/USDT,2024-11-10,LONG,0.6862,5.512,5.827,1,True,5.7148,0.9361,.60-.70,
AXS/USDT,2024-11-12,LONG,0.7351,5.479,5.276,3,True,-3.7051,1.4212,.70-.80,1-1.5x
AXS/USDT,2024-11-13,LONG,0.9788,5.415,5.276,2,True,-2.5669,0.2773,>.80,
AXS/USDT,2024-11-14,LONG,0.9071,5.003,5.276,1,True,5.4567,1.7784,>.80,1.5-2x
AXS/USDT,2024-11-18,LONG,0.7354,5.948,6.88,5,False,15.6691,1.2686,.70-.80,1-1.5x
AXS/USDT,2024-11-19,LONG,0.9781,5.768,8.36,5,False,44.9376,0.4723,>.80,
AXS/USDT,2024-11-21,LONG,0.5993,5.785,7.535,4,True,30.2506,0.7536,.55-.60,
AXS/USDT,2024-11-22,LONG,0.9131,6.339,7.535,3,True,18.8673,1.4593,>.80,1-1.5x
AXS/USDT,2024-11-23,LONG,0.7041,6.88,7.535,2,True,9.5203,1.2864,.70-.80,1-1.5x
AXS/USDT,2024-11-24,LONG,0.855,8.36,7.535,1,True,-9.8684,2.7766,>.80,2-3x
AXS/USDT,2024-11-26,LONG,0.8783,7.261,7.834,2,True,7.8915,0.4378,>.80,
AXS/USDT,2024-11-27,LONG,0.9337,7.71,7.834,1,True,1.6083,0.7405,>.80,
AXS/USDT,2024-12-01,LONG,0.7711,8.263,9.463,2,True,14.5226,0.1294,.70-.80,
AXS/USDT,2024-12-02,LONG,0.6105,9.248,9.463,1,True,2.3248,1.4241,.60-.70,1-1.5x
AXS/USDT,2024-12-05,LONG,0.8198,9.101,9.448,3,True,3.8128,0.5859,>.80,
AXS/USDT,2024-12-06,LONG,0.6759,9.517,9.448,2,True,-0.725,0.6054,.60-.70,
AXS/USDT,2024-12-07,LONG,0.7795,9.322,9.448,1,True,1.3516,0.2914,.70-.80,
AXS/USDT,2024-12-10,LONG,0.5586,7.358,7.985,1,True,8.5213,0.4252,.55-.60,
AXS/USDT,2024-12-12,LONG,0.7459,7.945,7.528,2,True,-5.2486,0.0602,.70-.80,
AXS/USDT,2024-12-13,LONG,0.7422,7.939,7.528,1,True,-5.177,0.0093,.70-.80,
AXS/USDT,2024-12-17,LONG,0.6184,7.258,6.597,1,True,-9.1072,0.6803,.60-.70,
AXS/USDT,2024-12-20,LONG,0.661,6.403,6.159,1,True,-3.8107,0.8989,.60-.70,
AXS/USDT,2024-12-22,LONG,0.6185,6.007,6.717,1,True,11.8195,0.4021,.60-.70,
AXS/USDT,2024-12-29,LONG,0.5834,6.293,6.246,1,True,-0.7469,0.8727,.55-.60,
AXS/USDT,2025-01-01,LONG,0.5521,6.419,6.739,1,True,4.9852,0.6173,.55-.60,
AXS/USDT,2025-01-03,LONG,0.5954,7.075,6.19,5,False,-12.5088,0.931,.55-.60,
AXS/USDT,2025-01-04,LONG,0.5977,7.018,6.184,5,False,-11.8837,0.1524,.55-.60,
AXS/USDT,2025-01-05,LONG,0.5823,7.033,6.343,5,False,-9.8109,0.0406,.55-.60,
AXS/USDT,2025-01-08,LONG,0.6134,6.19,6.343,2,True,2.4717,0.8052,.60-.70,
AXS/USDT,2025-01-09,LONG,0.5956,6.184,6.343,1,True,2.5712,0.0194,.55-.60,
AXS/USDT,2025-01-13,LONG,0.6455,6.043,6.742,4,True,11.5671,0.4301,.60-.70,
AXS/USDT,2025-01-14,LONG,0.5534,6.249,6.742,3,True,7.8893,0.8205,.55-.60,
AXS/USDT,2025-01-16,LONG,0.5969,6.41,6.742,1,True,5.1794,0.5813,.55-.60,
AXS/USDT,2025-01-20,LONG,0.57,5.949,5.9,3,True,-0.8237,0.5263,.55-.60,
AXS/USDT,2025-01-21,LONG,0.6529,6.115,5.9,2,True,-3.5159,0.598,.60-.70,
AXS/USDT,2025-01-22,LONG,0.5865,5.925,5.9,1,True,-0.4219,0.6832,.55-.60,
AXS/USDT,2025-01-26,LONG,0.6864,5.542,5.461,1,True,-1.4616,0.7179,.60-.70,
AXS/USDT,2025-01-30,LONG,0.6238,5.452,5.003,2,True,-8.2355,1.4047,.60-.70,1-1.5x
AXS/USDT,2025-02-03,LONG,0.673,4.438,4.107,2,True,-7.4583,0.4562,.60-.70,
AXS/USDT,2025-02-06,LONG,0.9148,3.923,4.003,1,True,2.0393,0.9416,>.80,
AXS/USDT,2025-02-11,LONG,0.6994,4.259,4.548,3,True,6.7856,0.3324,.60-.70,
AXS/USDT,2025-02-13,LONG,0.6174,4.378,4.548,1,True,3.8831,0.3348,.60-.70,
AXS/USDT,2025-02-16,LONG,0.6563,4.372,4.465,1,True,2.1272,0.1085,.60-.70,
AXS/USDT,2025-02-21,LONG,0.59,4.2,4.26,1,True,1.4286,1.0135,.55-.60,1-1.5x
AXS/USDT,2025-02-25,LONG,0.6994,3.674,3.642,1,True,-0.871,0.0674,.60-.70,
AXS/USDT,2025-03-02,LONG,0.6322,3.972,3.523,4,True,-11.3041,1.6799,.60-.70,1.5-2x
AXS/USDT,2025-03-03,LONG,0.9181,3.45,3.523,3,True,2.1159,2.6581,>.80,2-3x
AXS/USDT,2025-03-04,LONG,0.6106,3.441,3.523,2,True,2.383,0.0546,.60-.70,
AXS/USDT,2025-03-05,LONG,0.5636,3.593,3.523,1,True,-1.9482,0.8945,.55-.60,
AXS/USDT,2025-03-08,LONG,0.6257,3.415,3.073,1,True,-10.0146,0.6482,.60-.70,
AXS/USDT,2025-03-11,LONG,0.7639,3.095,3.171,2,True,2.4556,1.4678,.70-.80,1-1.5x
AXS/USDT,2025-03-12,LONG,0.6964,3.189,3.171,1,True,-0.5644,0.5447,.60-.70,
AXS/USDT,2025-03-14,LONG,0.7117,3.209,3.372,4,True,5.0795,0.2171,.70-.80,
AXS/USDT,2025-03-15,LONG,0.7437,3.3,3.372,3,True,2.1818,0.5089,.70-.80,
AXS/USDT,2025-03-17,LONG,0.674,3.431,3.372,1,True,-1.7196,1.4689,.60-.70,1-1.5x
AXS/USDT,2025-03-20,LONG,0.8132,3.403,3.315,1,True,-2.586,0.375,>.80,
AXS/USDT,2025-03-22,LONG,0.7968,3.413,3.355,1,True,-1.6994,0.5528,.70-.80,
AXS/USDT,2025-03-24,LONG,0.6281,3.514,3.13,4,True,-10.9277,1.0294,.60-.70,1-1.5x
AXS/USDT,2025-03-25,LONG,0.6967,3.586,3.13,3,True,-12.7161,0.4534,.60-.70,
AXS/USDT,2025-03-26,LONG,0.5633,3.451,3.13,2,True,-9.3017,0.8219,.55-.60,
AXS/USDT,2025-03-27,LONG,0.8216,3.389,3.13,1,True,-7.6424,0.3907,>.80,
AXS/USDT,2025-03-29,LONG,0.5712,2.912,2.976,3,True,2.1978,1.5214,.55-.60,1.5-2x
AXS/USDT,2025-03-30,LONG,0.7953,2.917,2.976,2,True,2.0226,0.04,.70-.80,
AXS/USDT,2025-03-31,LONG,0.8191,2.93,2.976,1,True,1.57,0.1153,>.80,
APE/USDT,2024-08-30,LONG,0.7861,0.6341,0.6064,1,True,-4.3684,0.2565,.70-.80,
APE/USDT,2024-09-01,LONG,0.5652,0.569,0.6069,3,True,6.6608,1.3425,.55-.60,1-1.5x
APE/USDT,2024-09-02,LONG,0.6283,0.6016,0.6069,2,True,0.881,1.2005,.60-.70,1-1.5x
APE/USDT,2024-09-06,LONG,0.5832,0.6377,0.7338,1,True,15.0698,0.3535,.55-.60,
APE/USDT,2024-09-08,LONG,0.5984,0.7443,0.7439,5,False,-0.0537,0.2445,.55-.60,
APE/USDT,2024-09-09,LONG,0.8519,0.8511,0.7439,4,True,-12.5955,2.1927,>.80,2-3x
APE/USDT,2024-09-10,LONG,0.9427,0.8289,0.7439,3,True,-10.2546,0.3963,>.80,
APE/USDT,2024-09-11,LONG,0.7791,0.7539,0.7439,2,True,-1.3264,1.2937,.70-.80,1-1.5x
APE/USDT,2024-09-12,LONG,0.9151,0.7499,0.7439,1,True,-0.8001,0.082,>.80,
APE/USDT,2024-09-16,LONG,0.5832,0.7219,0.7436,1,True,3.006,0.1387,.55-.60,
APE/USDT,2024-09-20,LONG,0.7311,0.8077,0.7789,2,True,-3.5657,0.2587,.70-.80,
APE/USDT,2024-09-21,LONG,0.7962,0.8118,0.7789,1,True,-4.0527,0.0907,.70-.80,
APE/USDT,2024-09-24,LONG,0.5963,0.8197,0.837,5,False,2.1105,0.2889,.55-.60,
APE/USDT,2024-09-25,LONG,0.7541,0.8313,0.7615,5,False,-8.3965,0.2581,.70-.80,
APE/USDT,2024-09-28,LONG,0.7823,0.8251,0.7615,2,True,-7.7082,0.656,.70-.80,
APE/USDT,2024-10-01,LONG,0.5814,0.6809,0.6827,2,True,0.2644,2.726,.55-.60,2-3x
APE/USDT,2024-10-02,LONG,0.5669,0.6896,0.6827,1,True,-1.0006,0.3275,.55-.60,
APE/USDT,2024-10-05,LONG,0.7517,0.704,0.7376,2,True,4.7727,0.2106,.70-.80,
APE/USDT,2024-10-06,LONG,0.6849,0.7361,0.7376,1,True,0.2038,1.1015,.60-.70,1-1.5x
APE/USDT,2024-10-08,LONG,0.6617,0.7146,0.7209,3,True,0.8816,0.7953,.60-.70,
APE/USDT,2024-10-09,LONG,0.813,0.7052,0.7209,2,True,2.2263,0.3368,>.80,
APE/USDT,2024-10-10,LONG,0.6717,0.7004,0.7209,1,True,2.9269,0.1756,.60-.70,
APE/USDT,2024-10-13,LONG,0.7985,0.7266,0.776,1,True,6.7988,0.1397,.70-.80,
APE/USDT,2024-10-16,LONG,0.7356,0.7206,0.7368,2,True,2.2481,0.8913,.70-.80,
APE/USDT,2024-10-17,LONG,0.6478,0.71,0.7368,1,True,3.7746,0.3547,.60-.70,
APE/USDT,2024-10-19,LONG,0.9036,0.8714,1.1391,5,False,30.7207,3.0659,>.80,3-5x
APE/USDT,2024-10-20,LONG,0.9989,1.4899,1.0599,5,False,-28.861,4.2688,>.80,3-5x
APE/USDT,2024-10-21,LONG,0.984,1.5689,1.0599,4,True,-32.4431,0.3263,>.80,
APE/USDT,2024-10-22,LONG,0.9678,1.3541,1.0599,3,True,-21.7266,0.8162,>.80,
APE/USDT,2024-10-23,LONG,0.9987,1.1286,1.0599,2,True,-6.0872,0.9574,>.80,
APE/USDT,2024-10-24,LONG,0.9421,1.1391,1.0599,1,True,-6.9529,0.0535,>.80,
APE/USDT,2024-10-29,LONG,0.7443,1.0876,1.0888,1,True,0.1103,0.2329,.70-.80,
APE/USDT,2024-10-31,LONG,0.62,1.0007,1.0037,2,True,0.2998,0.4544,.60-.70,
APE/USDT,2024-11-03,LONG,0.596,0.9235,0.912,1,True,-1.2453,0.4452,.55-.60,
APE/USDT,2024-11-05,LONG,0.6894,0.9785,1.1098,4,True,13.4185,0.4074,.60-.70,
APE/USDT,2024-11-06,LONG,0.6876,1.0744,1.1098,3,True,3.2949,0.5464,.60-.70,
APE/USDT,2024-11-07,LONG,0.5803,1.0621,1.1098,2,True,4.4911,0.0637,.55-.60,
APE/USDT,2024-11-08,LONG,0.704,1.0471,1.1098,1,True,5.988,0.0802,.70-.80,
APE/USDT,2024-11-12,LONG,0.5883,1.1236,1.142,1,True,1.6376,0.8405,.55-.60,
APE/USDT,2024-11-17,LONG,0.661,1.0776,1.1543,1,True,7.1177,1.2343,.60-.70,1-1.5x
APE/USDT,2024-11-22,LONG,0.675,1.2166,1.3072,1,True,7.447,0.8607,.60-.70,
APE/USDT,2024-11-26,LONG,0.6022,1.2804,1.3867,2,True,8.3021,0.5677,.60-.70,
APE/USDT,2024-11-27,LONG,0.5547,1.3161,1.3867,1,True,5.3643,0.5964,.55-.60,
APE/USDT,2024-11-30,LONG,0.5539,1.5,1.5203,1,True,1.3533,1.2327,.55-.60,1-1.5x
APE/USDT,2024-12-06,LONG,0.6219,1.853,1.8882,2,True,1.8996,0.1814,.60-.70,
APE/USDT,2024-12-07,LONG,0.5777,1.8943,1.8882,1,True,-0.322,0.4265,.55-.60,
APE/USDT,2024-12-09,LONG,0.5638,1.4891,1.5321,5,False,2.8877,2.8626,.55-.60,2-3x
APE/USDT,2024-12-10,LONG,0.55,1.4282,1.5321,4,True,7.2749,0.5459,.50-.55,
APE/USDT,2024-12-12,LONG,0.725,1.5864,1.5321,2,True,-3.4228,0.4687,.70-.80,
APE/USDT,2024-12-13,LONG,0.6943,1.6343,1.5321,1,True,-6.2534,0.404,.60-.70,
APE/USDT,2024-12-20,LONG,0.6255,1.2111,1.2408,3,True,2.4523,0.5152,.60-.70,
APE/USDT,2024-12-21,LONG,0.5704,1.131,1.2408,2,True,9.7082,0.7785,.55-.60,
APE/USDT,2024-12-22,LONG,0.6789,1.1346,1.2408,1,True,9.3601,0.0379,.60-.70,
APE/USDT,2024-12-25,LONG,0.7014,1.2495,1.2284,2,True,-1.6887,0.1466,.70-.80,
APE/USDT,2024-12-28,LONG,0.6105,1.248,1.258,5,False,0.8013,0.2145,.60-.70,
APE/USDT,2024-12-29,LONG,0.6062,1.2015,1.3748,5,False,14.4236,0.6299,.60-.70,
APE/USDT,2024-12-31,LONG,0.6017,1.205,1.3479,4,True,11.8589,0.3056,.60-.70,
APE/USDT,2025-01-01,LONG,0.5721,1.245,1.3479,3,True,8.2651,0.5932,.55-.60,
APE/USDT,2025-01-03,LONG,0.6238,1.3748,1.3479,1,True,-1.9566,1.5834,.60-.70,1.5-2x
APE/USDT,2025-01-06,LONG,0.5789,1.3607,1.126,2,True,-17.2485,0.1329,.55-.60,
APE/USDT,2025-01-10,LONG,0.619,1.1278,1.1208,1,True,-0.6207,0.7083,.60-.70,
APE/USDT,2025-01-12,LONG,0.6711,1.0923,1.1971,5,False,9.5944,0.5562,.60-.70,
APE/USDT,2025-01-13,LONG,0.7225,1.0342,1.1971,4,True,15.7513,1.1422,.70-.80,1-1.5x
APE/USDT,2025-01-16,LONG,0.7002,1.107,1.1971,1,True,8.1391,0.6689,.70-.80,
APE/USDT,2025-01-20,LONG,0.6459,0.9998,1.026,1,True,2.6205,0.2383,.60-.70,
APE/USDT,2025-01-23,LONG,0.806,1.0151,0.9777,3,True,-3.6844,0.1298,>.80,
APE/USDT,2025-01-24,LONG,0.7308,0.991,0.9777,2,True,-1.3421,0.4496,.70-.80,
APE/USDT,2025-01-30,LONG,0.6886,0.9715,0.9067,2,True,-6.6701,1.1231,.60-.70,1-1.5x
APE/USDT,2025-01-31,LONG,0.6419,0.998,0.9067,1,True,-9.1483,0.5193,.60-.70,
APE/USDT,2025-02-03,LONG,0.6453,0.7542,0.6381,3,True,-15.3938,0.0348,.60-.70,
APE/USDT,2025-02-04,LONG,0.5795,0.7061,0.6381,2,True,-9.6304,1.011,.55-.60,1-1.5x
APE/USDT,2025-02-05,LONG,0.7314,0.6872,0.6381,1,True,-7.1449,0.4246,.70-.80,
APE/USDT,2025-02-10,LONG,0.7174,0.721,0.7483,4,True,3.7864,0.8226,.70-.80,
APE/USDT,2025-02-11,LONG,0.7414,0.7073,0.7483,3,True,5.7967,0.3232,.70-.80,
APE/USDT,2025-02-12,LONG,0.619,0.7545,0.7483,2,True,-0.8217,1.0822,.60-.70,1-1.5x
APE/USDT,2025-02-13,LONG,0.5703,0.733,0.7483,1,True,2.0873,0.4617,.55-.60,
APE/USDT,2025-02-17,LONG,0.7472,0.7156,0.675,1,True,-5.6736,0.0837,.70-.80,
APE/USDT,2025-02-19,LONG,0.7128,0.671,0.7036,4,True,4.8584,0.1062,.70-.80,
APE/USDT,2025-02-20,LONG,0.744,0.7086,0.7036,3,True,-0.7056,0.9775,.70-.80,
APE/USDT,2025-02-21,LONG,0.553,0.6857,0.7036,2,True,2.6105,0.5913,.55-.60,
APE/USDT,2025-02-22,LONG,0.7596,0.7323,0.7036,1,True,-3.9192,1.5722,.70-.80,1.5-2x
APE/USDT,2025-02-26,LONG,0.7291,0.6332,0.6456,1,True,1.9583,0.4657,.70-.80,
APE/USDT,2025-02-28,LONG,0.8134,0.6414,0.5752,5,False,-10.3212,0.1225,>.80,
APE/USDT,2025-03-01,LONG,0.7969,0.627,0.5614,5,False,-10.4625,0.4214,.70-.80,
APE/USDT,2025-03-02,LONG,0.6984,0.6875,0.5614,4,True,-18.3418,1.7017,.60-.70,1.5-2x
APE/USDT,2025-03-03,LONG,0.6865,0.5699,0.5614,3,True,-1.4915,2.505,.60-.70,2-3x
APE/USDT,2025-03-08,LONG,0.7106,0.5374,0.4728,1,True,-12.0208,0.5527,.70-.80,
APE/USDT,2025-03-11,LONG,0.743,0.4911,0.5316,4,True,8.2468,0.8947,.70-.80,
APE/USDT,2025-03-12,LONG,0.6396,0.5144,0.5316,3,True,3.3437,0.6561,.60-.70,
APE/USDT,2025-03-14,LONG,0.7349,0.5223,0.5316,1,True,1.7806,0.565,.70-.80,
APE/USDT,2025-03-17,LONG,0.614,0.5387,0.5264,1,True,-2.2833,1.1404,.60-.70,1-1.5x
APE/USDT,2025-03-20,LONG,0.6688,0.5221,0.5071,1,True,-2.873,0.5299,.60-.70,
APE/USDT,2025-03-23,LONG,0.6948,0.5402,0.5632,2,True,4.2577,0.3676,.60-.70,
APE/USDT,2025-03-26,LONG,0.6618,0.5544,0.4705,5,False,-15.1335,0.337,.60-.70,
APE/USDT,2025-03-27,LONG,0.6581,0.5534,0.4773,5,False,-13.7514,0.0389,.60-.70,
APE/USDT,2025-03-28,LONG,0.6356,0.5011,0.4773,4,True,-4.7496,1.8748,.60-.70,1.5-2x
APE/USDT,2025-03-29,LONG,0.5939,0.47,0.4773,3,True,1.5532,1.3919,.55-.60,1-1.5x
APE/USDT,2025-03-30,LONG,0.6232,0.4739,0.4773,2,True,0.7175,0.1877,.60-.70,
APE/USDT,2025-03-31,LONG,0.6248,0.4705,0.4773,1,True,1.4453,0.1721,.60-.70,
APE/USDT,2025-04-02,LONG,0.6407,0.4322,0.4445,2,True,2.8459,2.0981,.60-.70,2-3x
APE/USDT,2025-04-03,LONG,0.57,0.4403,0.4445,1,True,0.9539,0.4248,.55-.60,
APE/USDT,2025-04-05,LONG,0.6526,0.4422,0.3881,1,True,-12.2343,0.1218,.60-.70,
PEPE/USDT,2024-08-28,LONG,0.7459,8e-06,8e-06,1,True,-0.4944,0.11,.70-.80,
PEPE/USDT,2024-08-31,LONG,0.7452,8e-06,8e-06,2,True,0.2633,0.3943,.70-.80,
PEPE/USDT,2024-09-03,LONG,0.6034,7e-06,7e-06,2,True,-2.1886,0.8175,.60-.70,
PEPE/USDT,2024-09-04,LONG,0.5521,7e-06,7e-06,1,True,-3.3723,0.2254,.55-.60,
PEPE/USDT,2024-09-07,LONG,0.6007,7e-06,7e-06,5,False,9.6097,0.3379,.60-.70,
PEPE/USDT,2024-09-08,LONG,0.6525,7e-06,8e-06,5,False,11.7314,0.8378,.60-.70,
PEPE/USDT,2024-09-09,LONG,0.6527,7e-06,8e-06,5,False,4.9817,0.79,.60-.70,
PEPE/USDT,2024-09-11,LONG,0.6844,7e-06,8e-06,3,True,7.1429,0.5412,.60-.70,
PEPE/USDT,2024-09-12,LONG,0.6472,7e-06,8e-06,2,True,4.5994,0.5297,.60-.70,
PEPE/USDT,2024-09-17,LONG,0.5765,7e-06,8e-06,1,True,2.8408,0.4303,.55-.60,
PEPE/USDT,2024-09-20,LONG,0.5613,8e-06,8e-06,1,True,2.0619,0.8601,.55-.60,
PEPE/USDT,2024-09-23,LONG,0.5781,8e-06,9e-06,1,True,5.6341,0.3986,.55-.60,
PEPE/USDT,2024-09-28,LONG,0.7575,1.1e-05,1.1e-05,1,True,-0.8612,1.3021,.70-.80,1-1.5x
PEPE/USDT,2024-09-30,LONG,0.794,1e-05,9e-06,2,True,-11.6877,1.339,.70-.80,1-1.5x
PEPE/USDT,2024-10-01,LONG,0.9224,1e-05,9e-06,1,True,-4.6828,1.2911,>.80,1-1.5x
PEPE/USDT,2024-10-07,LONG,0.9325,1e-05,9e-06,3,True,-5.1944,0.6631,>.80,
PEPE/USDT,2024-10-08,LONG,0.5687,1e-05,9e-06,2,True,-2.3031,0.4583,.55-.60,
PEPE/USDT,2024-10-09,LONG,0.8696,9e-06,9e-06,1,True,1.9199,0.6386,>.80,
PEPE/USDT,2024-10-11,LONG,0.7008,1e-05,1e-05,1,True,1.5598,0.7512,.70-.80,
PEPE/USDT,2024-10-18,LONG,0.8279,1.1e-05,1e-05,1,True,-0.1903,1.0773,>.80,1-1.5x
PEPE/USDT,2024-10-20,LONG,0.7388,1.1e-05,1e-05,1,True,-4.745,0.3327,.70-.80,
PEPE/USDT,2024-10-22,LONG,0.6164,1e-05,1e-05,1,True,-2.6493,0.1819,.60-.70,
PEPE/USDT,2024-10-26,LONG,0.6654,9e-06,9e-06,1,True,1.0139,0.6431,.60-.70,
PEPE/USDT,2024-10-29,LONG,0.5705,1e-05,9e-06,2,True,-5.7869,1.0637,.55-.60,1-1.5x
PEPE/USDT,2024-10-30,LONG,0.5796,1e-05,9e-06,1,True,-5.3762,0.0842,.55-.60,
PEPE/USDT,2024-11-02,LONG,0.6198,9e-06,8e-06,2,True,-9.1681,0.3664,.60-.70,
PEPE/USDT,2024-11-03,LONG,0.5759,8e-06,8e-06,1,True,-3.1326,1.4257,.55-.60,1-1.5x
PEPE/USDT,2024-11-07,LONG,0.6816,1.1e-05,1.1e-05,1,True,-2.0644,1.7663,.60-.70,1.5-2x
PEPE/USDT,2024-11-10,LONG,0.6201,1.2e-05,1.3e-05,1,True,5.5149,1.5235,.60-.70,1.5-2x
PEPE/USDT,2024-11-14,LONG,0.964,2.1e-05,2.1e-05,3,True,2.7009,0.059,>.80,
PEPE/USDT,2024-11-15,LONG,0.5677,2.3e-05,2.1e-05,2,True,-9.0332,1.1017,.55-.60,1-1.5x
PEPE/USDT,2024-11-16,LONG,0.9581,2.1e-05,2.1e-05,1,True,-0.3569,0.7199,>.80,
PEPE/USDT,2024-11-18,LONG,0.7686,2e-05,2e-05,1,True,-3.9014,0.2841,.70-.80,
PEPE/USDT,2024-11-21,LONG,0.8487,2.1e-05,1.8e-05,5,False,-11.6655,0.842,>.80,
PEPE/USDT,2024-11-23,LONG,0.5511,2e-05,2e-05,5,False,-3.1134,0.0636,.55-.60,
PEPE/USDT,2024-11-24,LONG,0.7691,2e-05,2e-05,5,False,1.3019,0.1186,.70-.80,
PEPE/USDT,2024-11-26,LONG,0.5617,1.8e-05,2.2e-05,5,False,21.7586,0.3027,.55-.60,
PEPE/USDT,2024-11-27,LONG,0.7054,2e-05,2e-05,5,False,3.4953,0.6635,.70-.80,
PEPE/USDT,2024-11-28,LONG,0.5563,2e-05,2e-05,4,True,2.9062,0.048,.55-.60,
PEPE/USDT,2024-11-29,LONG,0.5502,2e-05,2e-05,3,True,-0.1613,0.2575,.55-.60,
PEPE/USDT,2024-11-30,LONG,0.6496,2e-05,2e-05,2,True,1.1536,0.1094,.60-.70,
PEPE/USDT,2024-12-03,LONG,0.5601,2e-05,2.6e-05,5,False,30.4926,0.1533,.55-.60,
PEPE/USDT,2024-12-05,LONG,0.5793,2.1e-05,2.3e-05,5,False,10.8515,0.4977,.55-.60,
PEPE/USDT,2024-12-06,LONG,0.591,2.2e-05,2.3e-05,4,True,8.9943,0.324,.55-.60,
PEPE/USDT,2024-12-08,LONG,0.6512,2.6e-05,2.3e-05,2,True,-11.0855,0.9697,.60-.70,
PEPE/USDT,2024-12-11,LONG,0.6403,2.5e-05,2.3e-05,3,True,-7.1753,1.0784,.60-.70,1-1.5x
PEPE/USDT,2024-12-12,LONG,0.7647,2.4e-05,2.3e-05,2,True,-1.3408,0.8861,.70-.80,
PEPE/USDT,2024-12-13,LONG,0.8376,2.5e-05,2.3e-05,1,True,-5.7538,0.6974,>.80,
PEPE/USDT,2024-12-15,LONG,0.735,2.4e-05,2.3e-05,1,True,-2.9221,0.5358,.70-.80,
PEPE/USDT,2024-12-17,LONG,0.5974,2.2e-05,1.9e-05,1,True,-13.3556,0.6559,.55-.60,
PEPE/USDT,2024-12-20,LONG,0.6157,1.8e-05,1.8e-05,2,True,0.9785,0.4685,.60-.70,
PEPE/USDT,2024-12-21,LONG,0.5571,1.7e-05,1.8e-05,1,True,2.4914,0.1984,.55-.60,
PEPE/USDT,2024-12-23,LONG,0.6623,1.8e-05,1.9e-05,1,True,4.1439,0.4825,.60-.70,
PEPE/USDT,2024-12-25,LONG,0.6834,1.9e-05,1.8e-05,2,True,-3.5495,0.5155,.60-.70,
PEPE/USDT,2024-12-28,LONG,0.6143,1.9e-05,2e-05,5,False,9.1801,0.7937,.60-.70,
PEPE/USDT,2024-12-29,LONG,0.5831,1.8e-05,2.2e-05,5,False,20.6796,0.7436,.55-.60,
PEPE/USDT,2025-01-11,LONG,0.5705,1.8e-05,1.7e-05,2,True,-6.3593,0.4268,.55-.60,
PEPE/USDT,2025-01-12,LONG,0.5663,1.8e-05,1.7e-05,1,True,-5.0301,0.2887,.55-.60,
PEPE/USDT,2025-01-16,LONG,0.6097,1.8e-05,1.8e-05,2,True,1.7431,0.9422,.60-.70,
PEPE/USDT,2025-01-20,LONG,0.7143,1.6e-05,1.6e-05,1,True,0.7153,0.2433,.70-.80,
PEPE/USDT,2025-01-24,LONG,0.7529,1.5e-05,1.3e-05,3,True,-12.2859,0.4093,.70-.80,
PEPE/USDT,2025-01-25,LONG,0.5845,1.5e-05,1.3e-05,2,True,-12.8573,0.1076,.55-.60,
PEPE/USDT,2025-01-26,LONG,0.7915,1.4e-05,1.3e-05,1,True,-6.485,1.1002,.70-.80,1-1.5x
PEPE/USDT,2025-01-28,LONG,0.6656,1.1e-05,1.2e-05,1,True,8.286,1.9639,.60-.70,1.5-2x
PEPE/USDT,2025-01-30,LONG,0.7454,1.3e-05,1.2e-05,2,True,-5.3494,0.6319,.70-.80,
PEPE/USDT,2025-01-31,LONG,0.7385,1.4e-05,1.2e-05,1,True,-11.6786,1.0181,.70-.80,1-1.5x
PEPE/USDT,2025-02-03,LONG,0.6199,1.1e-05,1e-05,2,True,-8.9984,0.2818,.60-.70,
PEPE/USDT,2025-02-04,LONG,0.599,1e-05,1e-05,1,True,-1.4373,1.0448,.55-.60,1-1.5x
PEPE/USDT,2025-02-06,LONG,0.9387,9e-06,1e-05,2,True,3.7769,1.2167,>.80,1-1.5x
PEPE/USDT,2025-02-11,LONG,0.757,1e-05,1e-05,1,True,5.267,0.0195,.70-.80,
PEPE/USDT,2025-02-13,LONG,0.7817,1e-05,1e-05,2,True,2.539,0.6065,.70-.80,
PEPE/USDT,2025-02-14,LONG,0.7926,1e-05,1e-05,1,True,-3.4593,0.91,.70-.80,
PEPE/USDT,2025-02-16,LONG,0.6745,1e-05,1e-05,1,True,4.3299,0.3565,.60-.70,
PEPE/USDT,2025-02-18,LONG,0.6077,9e-06,1e-05,4,True,3.8968,1.3941,.60-.70,1-1.5x
PEPE/USDT,2025-02-25,LONG,0.575,8e-06,8e-06,1,True,0.8972,0.7831,.55-.60,
PEPE/USDT,2025-02-28,LONG,0.7961,8e-06,9e-06,2,True,11.4715,0.6687,.70-.80,
PEPE/USDT,2025-03-01,LONG,0.7576,8e-06,9e-06,1,True,16.3308,0.781,.70-.80,
PEPE/USDT,2025-03-03,LONG,0.7158,7e-06,7e-06,3,True,-5.3309,2.3574,.70-.80,2-3x
PEPE/USDT,2025-03-04,LONG,0.5733,7e-06,7e-06,2,True,-2.2028,0.4209,.55-.60,
PEPE/USDT,2025-03-05,LONG,0.7405,7e-06,7e-06,1,True,-3.364,0.1581,.70-.80,
PEPE/USDT,2025-03-08,LONG,0.5679,7e-06,6e-06,1,True,-11.9976,0.6146,.55-.60,
PEPE/USDT,2025-03-11,LONG,0.8067,6e-06,7e-06,1,True,10.0269,1.3536,>.80,1-1.5x
PEPE/USDT,2025-03-14,LONG,0.7667,7e-06,7e-06,4,True,3.1737,0.6508,.70-.80,
PEPE/USDT,2025-03-15,LONG,0.7791,7e-06,7e-06,3,True,2.0889,0.1264,.70-.80,
PEPE/USDT,2025-03-16,LONG,0.6278,7e-06,7e-06,2,True,10.5679,0.9769,.60-.70,
PEPE/USDT,2025-03-17,LONG,0.5697,7e-06,7e-06,1,True,-1.3947,1.4647,.55-.60,1-1.5x
PEPE/USDT,2025-03-22,LONG,0.8459,7e-06,7e-06,1,True,3.9343,0.2717,>.80,
PEPE/USDT,2025-03-24,LONG,0.6278,8e-06,7e-06,5,False,-9.6734,1.366,.60-.70,1-1.5x
PEPE/USDT,2025-03-25,LONG,0.773,8e-06,7e-06,4,True,-9.9551,0.0485,.70-.80,
PEPE/USDT,2025-03-26,LONG,0.6578,9e-06,7e-06,3,True,-15.3314,0.9793,.60-.70,
PEPE/USDT,2025-03-27,LONG,0.7866,8e-06,7e-06,2,True,-14.5091,0.148,.70-.80,
PEPE/USDT,2025-03-28,LONG,0.7168,8e-06,7e-06,1,True,-7.3071,1.1626,.70-.80,1-1.5x
PEPE/USDT,2025-03-30,LONG,0.6517,7e-06,7e-06,5,False,4.3209,0.6039,.60-.70,
PEPE/USDT,2025-03-31,LONG,0.7767,7e-06,7e-06,5,False,-2.0533,0.6449,.70-.80,
PEPE/USDT,2025-04-01,LONG,0.8079,8e-06,7e-06,4,True,-8.5847,1.2503,>.80,1-1.5x
PEPE/USDT,2025-04-02,LONG,0.6003,7e-06,7e-06,3,True,0.0283,1.4336,.60-.70,1-1.5x
PEPE/USDT,2025-04-03,LONG,0.84,7e-06,7e-06,2,True,5.2475,0.8266,>.80,
PEPE/USDT,2025-04-04,LONG,0.6479,7e-06,7e-06,1,True,-2.5266,1.2736,.60-.70,1-1.5x
PEPE/USDT,2025-04-06,LONG,0.741,6e-06,6e-06,1,True,1.9431,1.7728,.70-.80,1.5-2x
SHIB/USDT,2024-08-28,LONG,0.6356,1.4e-05,1.4e-05,2,True,0.9959,0.2084,.60-.70,
SHIB/USDT,2024-08-29,LONG,0.6855,1.4e-05,1.4e-05,1,True,-0.5684,0.4712,.60-.70,
SHIB/USDT,2024-08-31,LONG,0.6683,1.4e-05,1.3e-05,1,True,-4.914,0.3571,.60-.70,
SHIB/USDT,2024-09-02,LONG,0.5501,1.4e-05,1.3e-05,3,True,-3.3965,1.145,.55-.60,1-1.5x
SHIB/USDT,2024-09-03,LONG,0.5567,1.3e-05,1.3e-05,2,True,0.8637,1.2265,.55-.60,1-1.5x
SHIB/USDT,2024-09-04,LONG,0.6542,1.4e-05,1.3e-05,1,True,-2.9133,1.1088,.60-.70,1-1.5x
SHIB/USDT,2024-09-08,LONG,0.6089,1.3e-05,1.4e-05,5,False,6.7768,0.4374,.60-.70,
SHIB/USDT,2024-09-09,LONG,0.5958,1.4e-05,1.4e-05,4,True,3.1629,0.9495,.55-.60,
SHIB/USDT,2024-09-11,LONG,0.6059,1.3e-05,1.4e-05,2,True,5.3346,0.5641,.60-.70,
SHIB/USDT,2024-09-12,LONG,0.5991,1.4e-05,1.4e-05,1,True,3.2468,0.6745,.55-.60,
SHIB/USDT,2024-09-16,LONG,0.6494,1.3e-05,1.4e-05,2,True,3.9387,0.5747,.60-.70,
SHIB/USDT,2024-09-23,LONG,0.6523,1.4e-05,1.5e-05,2,True,5.3453,0.1192,.60-.70,
SHIB/USDT,2024-09-28,LONG,0.9245,2e-05,1.6e-05,3,True,-16.3278,0.5683,>.80,
SHIB/USDT,2024-09-29,LONG,0.9621,1.9e-05,1.6e-05,2,True,-15.1429,0.2491,>.80,
SHIB/USDT,2024-09-30,LONG,0.9477,1.8e-05,1.6e-05,1,True,-6.535,1.5033,>.80,1.5-2x
SHIB/USDT,2024-10-07,LONG,0.9462,1.7e-05,1.7e-05,2,True,-2.9731,0.5925,>.80,
SHIB/USDT,2024-10-08,LONG,0.8609,1.7e-05,1.7e-05,1,True,-2.0227,0.1472,>.80,
SHIB/USDT,2024-10-17,LONG,0.7088,1.8e-05,1.9e-05,1,True,3.196,0.4865,.70-.80,
SHIB/USDT,2024-10-19,LONG,0.7364,1.9e-05,1.9e-05,1,True,0.1104,0.2982,.70-.80,
SHIB/USDT,2024-10-21,LONG,0.8758,1.8e-05,1.8e-05,2,True,-3.8885,1.0956,>.80,1-1.5x
SHIB/USDT,2024-10-22,LONG,0.591,1.8e-05,1.8e-05,1,True,-2.7819,0.3469,.55-.60,
SHIB/USDT,2024-10-24,LONG,0.8048,1.8e-05,1.7e-05,3,True,-4.4739,0.7755,>.80,
SHIB/USDT,2024-10-25,LONG,0.6222,1.7e-05,1.7e-05,2,True,4.0771,2.4046,.60-.70,2-3x
SHIB/USDT,2024-10-26,LONG,0.7007,1.7e-05,1.7e-05,1,True,1.2457,0.834,.70-.80,
SHIB/USDT,2024-10-28,LONG,0.6923,1.8e-05,1.8e-05,2,True,0.8225,1.6712,.60-.70,1.5-2x
SHIB/USDT,2024-11-08,LONG,0.7934,1.9e-05,2.6e-05,5,False,35.7195,0.184,.70-.80,
SHIB/USDT,2024-11-09,LONG,0.8375,2.1e-05,2.3e-05,5,False,14.1826,1.8614,>.80,1.5-2x
SHIB/USDT,2024-11-10,LONG,0.7993,2.6e-05,2.6e-05,5,False,-1.9798,3.7784,.70-.80,3-5x
SHIB/USDT,2024-11-11,LONG,0.9523,2.8e-05,2.6e-05,4,True,-8.4009,0.9709,>.80,
SHIB/USDT,2024-11-12,LONG,0.8905,2.6e-05,2.6e-05,3,True,-3.5198,0.6909,>.80,
SHIB/USDT,2024-11-13,LONG,0.9907,2.6e-05,2.6e-05,2,True,-1.065,0.3353,>.80,
SHIB/USDT,2024-11-14,LONG,0.9756,2.3e-05,2.6e-05,1,True,9.1193,1.2469,>.80,1-1.5x
SHIB/USDT,2024-11-16,LONG,0.9526,2.5e-05,2.5e-05,1,True,0.6703,0.4698,>.80,
SHIB/USDT,2024-11-18,LONG,0.8121,2.5e-05,2.6e-05,5,False,4.2747,0.0456,>.80,
SHIB/USDT,2024-11-19,LONG,0.6384,2.5e-05,2.6e-05,5,False,3.9624,0.0575,.60-.70,
SHIB/USDT,2024-11-20,LONG,0.81,2.4e-05,2.5e-05,5,False,3.7281,0.4674,>.80,
SHIB/USDT,2024-11-22,LONG,0.6493,2.5e-05,2.6e-05,5,False,1.2078,0.3474,.60-.70,
SHIB/USDT,2024-11-23,LONG,0.803,2.6e-05,2.5e-05,5,False,-1.7084,0.2691,>.80,
SHIB/USDT,2024-11-24,LONG,0.6443,2.6e-05,2.6e-05,5,False,1.15,0.0982,.60-.70,
SHIB/USDT,2024-11-25,LONG,0.7614,2.5e-05,2.7e-05,5,False,7.907,0.5009,.70-.80,
SHIB/USDT,2024-11-26,LONG,0.8458,2.4e-05,2.7e-05,4,True,9.7417,0.2224,>.80,
SHIB/USDT,2024-11-27,LONG,0.7591,2.6e-05,2.7e-05,3,True,3.8717,0.7466,.70-.80,
SHIB/USDT,2024-11-28,LONG,0.6554,2.5e-05,2.7e-05,2,True,4.8417,0.1222,.60-.70,
SHIB/USDT,2024-11-29,LONG,0.7722,2.6e-05,2.7e-05,1,True,2.6349,0.289,.70-.80,
SHIB/USDT,2024-12-02,LONG,0.7512,3e-05,3.3e-05,2,True,9.8225,0.5811,.70-.80,
SHIB/USDT,2024-12-03,LONG,0.7062,2.9e-05,3.3e-05,1,True,14.9031,0.8251,.70-.80,
SHIB/USDT,2024-12-05,LONG,0.6464,3e-05,3.2e-05,2,True,4.9309,1.2602,.60-.70,1-1.5x
SHIB/USDT,2024-12-06,LONG,0.8041,3.1e-05,3.2e-05,1,True,3.6246,0.2216,>.80,
SHIB/USDT,2024-12-09,LONG,0.7858,2.7e-05,2.7e-05,1,True,-0.2938,2.2501,.70-.80,2-3x
SHIB/USDT,2024-12-12,LONG,0.6986,2.8e-05,2.7e-05,2,True,-2.3383,0.3316,.60-.70,
SHIB/USDT,2024-12-13,LONG,0.7535,2.9e-05,2.7e-05,1,True,-3.7138,0.2084,.70-.80,
SHIB/USDT,2024-12-17,LONG,0.5788,2.6e-05,2.4e-05,1,True,-8.6,0.47,.55-.60,
SHIB/USDT,2024-12-20,LONG,0.6145,2.2e-05,2.2e-05,1,True,-3.3833,0.5534,.60-.70,
SHIB/USDT,2024-12-24,LONG,0.5583,2.4e-05,2.3e-05,1,True,-2.9056,0.7944,.55-.60,
SHIB/USDT,2024-12-29,LONG,0.5591,2.1e-05,2.4e-05,5,False,14.362,0.8513,.55-.60,
SHIB/USDT,2025-01-02,LONG,0.5955,2.3e-05,2.4e-05,2,True,6.1763,1.2931,.55-.60,1-1.5x
SHIB/USDT,2025-01-05,LONG,0.5858,2.4e-05,2.2e-05,5,False,-9.8918,0.3567,.55-.60,
SHIB/USDT,2025-01-10,LONG,0.5716,2.2e-05,2.3e-05,5,False,5.4077,0.6334,.55-.60,
SHIB/USDT,2025-01-11,LONG,0.5634,2.2e-05,2.2e-05,5,False,-0.8783,0.76,.55-.60,
SHIB/USDT,2025-01-12,LONG,0.5615,2.2e-05,2.4e-05,5,False,12.2408,0.7574,.55-.60,
SHIB/USDT,2025-01-13,LONG,0.6279,2.1e-05,2.3e-05,5,False,7.414,0.4478,.60-.70,
SHIB/USDT,2025-01-14,LONG,0.5559,2.2e-05,2.3e-05,4,True,5.3374,0.5361,.55-.60,
SHIB/USDT,2025-01-16,LONG,0.5881,2.2e-05,2.3e-05,2,True,3.4851,0.8492,.55-.60,
SHIB/USDT,2025-01-17,LONG,0.5506,2.4e-05,2.3e-05,1,True,-5.8807,2.3075,.55-.60,2-3x
SHIB/USDT,2025-01-20,LONG,0.7306,2e-05,2.1e-05,1,True,2.8082,0.0116,.70-.80,
SHIB/USDT,2025-01-24,LONG,0.7157,2e-05,1.9e-05,3,True,-4.8991,0.2022,.70-.80,
SHIB/USDT,2025-01-25,LONG,0.6147,2e-05,1.9e-05,2,True,-4.7655,0.0299,.60-.70,
SHIB/USDT,2025-01-26,LONG,0.554,1.9e-05,1.9e-05,1,True,-0.5604,0.8931,.55-.60,
SHIB/USDT,2025-01-30,LONG,0.6385,1.9e-05,1.8e-05,2,True,-5.7488,0.4693,.60-.70,
SHIB/USDT,2025-01-31,LONG,0.6033,1.9e-05,1.8e-05,1,True,-6.8409,0.2671,.60-.70,
SHIB/USDT,2025-02-03,LONG,0.6659,1.7e-05,1.6e-05,2,True,-6.1026,1.4752,.60-.70,1-1.5x
SHIB/USDT,2025-02-11,LONG,0.6113,1.6e-05,1.7e-05,1,True,8.3498,0.1655,.60-.70,
SHIB/USDT,2025-02-13,LONG,0.6087,1.6e-05,1.6e-05,2,True,0.1166,0.8026,.60-.70,
SHIB/USDT,2025-02-14,LONG,0.7531,1.7e-05,1.6e-05,1,True,-2.3221,0.4836,.70-.80,
SHIB/USDT,2025-02-16,LONG,0.6465,1.6e-05,1.6e-05,1,True,-1.3527,0.4222,.60-.70,
SHIB/USDT,2025-02-20,LONG,0.6688,1.6e-05,1.6e-05,2,True,0.3474,0.168,.60-.70,
SHIB/USDT,2025-02-25,LONG,0.5807,1.4e-05,1.4e-05,2,True,2.3338,0.7837,.55-.60,
SHIB/USDT,2025-02-26,LONG,0.606,1.4e-05,1.4e-05,1,True,0.0,0.5549,.60-.70,
SHIB/USDT,2025-02-28,LONG,0.7275,1.4e-05,1.5e-05,2,True,8.749,0.8529,.70-.80,
SHIB/USDT,2025-03-01,LONG,0.6413,1.4e-05,1.5e-05,1,True,11.0281,0.5119,.60-.70,
SHIB/USDT,2025-03-03,LONG,0.6511,1.3e-05,1.3e-05,3,True,3.7723,2.5511,.60-.70,2-3x
SHIB/USDT,2025-03-04,LONG,0.6887,1.3e-05,1.3e-05,2,True,2.4001,0.2474,.60-.70,
SHIB/USDT,2025-03-05,LONG,0.5653,1.3e-05,1.3e-05,1,True,0.2394,0.3978,.55-.60,
SHIB/USDT,2025-03-07,LONG,0.728,1.3e-05,1.2e-05,2,True,-11.3334,0.3479,.70-.80,
SHIB/USDT,2025-03-08,LONG,0.5518,1.3e-05,1.2e-05,1,True,-7.9517,0.6813,.55-.60,
SHIB/USDT,2025-03-10,LONG,0.6021,1.2e-05,1.2e-05,2,True,7.2174,0.2408,.60-.70,
SHIB/USDT,2025-03-11,LONG,0.6857,1.2e-05,1.2e-05,1,True,2.3152,0.8359,.60-.70,
SHIB/USDT,2025-03-14,LONG,0.6368,1.3e-05,1.3e-05,5,False,1.2682,1.0468,.60-.70,1-1.5x
SHIB/USDT,2025-03-15,LONG,0.6407,1.3e-05,1.3e-05,5,False,0.8572,0.0769,.60-.70,
SHIB/USDT,2025-03-16,LONG,0.5719,1.3e-05,1.3e-05,4,True,-1.3642,0.4226,.55-.60,
SHIB/USDT,2025-03-17,LONG,0.5592,1.3e-05,1.3e-05,3,True,-0.1312,0.2342,.55-.60,
SHIB/USDT,2025-03-19,LONG,0.6439,1.3e-05,1.3e-05,1,True,0.0464,0.5783,.60-.70,
SHIB/USDT,2025-03-21,LONG,0.5562,1.3e-05,1.3e-05,2,True,3.624,0.642,.55-.60,
SHIB/USDT,2025-03-24,LONG,0.571,1.4e-05,1.4e-05,1,True,2.3429,1.2999,.55-.60,1-1.5x
SHIB/USDT,2025-03-28,LONG,0.6491,1.3e-05,1.2e-05,3,True,-6.5247,1.5479,.60-.70,1.5-2x
SHIB/USDT,2025-03-29,LONG,0.7805,1.3e-05,1.2e-05,2,True,-2.3894,1.3127,.70-.80,1-1.5x
SHIB/USDT,2025-03-30,LONG,0.618,1.2e-05,1.2e-05,1,True,-0.5863,0.5593,.60-.70,
SHIB/USDT,2025-04-02,LONG,0.554,1.2e-05,1.2e-05,1,True,1.5179,1.5353,.55-.60,1.5-2x
SHIB/USDT,2025-04-04,LONG,0.5822,1.2e-05,1.2e-05,1,True,0.1787,0.1968,.55-.60,
DOGE/USDT,2024-08-27,LONG,0.5934,0.09892,0.10036,2,True,1.4557,1.3033,.55-.60,1-1.5x
DOGE/USDT,2024-08-28,LONG,0.6257,0.09966,0.10036,1,True,0.7024,0.2086,.60-.70,
DOGE/USDT,2024-08-31,LONG,0.6732,0.10126,0.09509,1,True,-6.0932,0.1512,.60-.70,
DOGE/USDT,2024-09-03,LONG,0.5561,0.09677,0.09616,5,False,-0.6304,0.7147,.55-.60,
DOGE/USDT,2024-09-04,LONG,0.6707,0.09798,0.10377,5,False,5.9094,0.3804,.60-.70,
DOGE/USDT,2024-09-07,LONG,0.6143,0.09539,0.10271,5,False,7.6738,0.8696,.60-.70,
DOGE/USDT,2024-09-09,LONG,0.7042,0.10377,0.10698,4,True,3.0934,2.004,.70-.80,2-3x
DOGE/USDT,2024-09-11,LONG,0.6043,0.10131,0.10698,2,True,5.5967,0.3672,.60-.70,
DOGE/USDT,2024-09-12,LONG,0.6842,0.10271,0.10698,1,True,4.1573,0.3938,.60-.70,
DOGE/USDT,2024-09-20,LONG,0.58,0.10554,0.10635,2,True,0.7675,0.1569,.55-.60,
DOGE/USDT,2024-09-21,LONG,0.583,0.10994,0.10635,1,True,-3.2654,1.3212,.55-.60,1-1.5x
DOGE/USDT,2024-09-28,LONG,0.7149,0.1281,0.11422,2,True,-10.8353,1.1053,.70-.80,1-1.5x
DOGE/USDT,2024-09-29,LONG,0.7487,0.12436,0.11422,1,True,-8.1537,0.9276,.70-.80,
DOGE/USDT,2024-10-05,LONG,0.6168,0.1094,0.11158,1,True,1.9927,0.0391,.60-.70,
DOGE/USDT,2024-10-07,LONG,0.812,0.10844,0.10795,2,True,-0.4519,0.707,>.80,
DOGE/USDT,2024-10-08,LONG,0.7122,0.10712,0.10795,1,True,0.7748,0.3075,.70-.80,
DOGE/USDT,2024-10-12,LONG,0.5714,0.11141,0.11748,3,True,5.4483,0.1522,.55-.60,
DOGE/USDT,2024-10-19,LONG,0.8521,0.14413,0.13998,4,True,-2.8793,1.2977,>.80,1-1.5x
DOGE/USDT,2024-10-20,LONG,0.852,0.14217,0.13998,3,True,-1.5404,0.4033,>.80,
DOGE/USDT,2024-10-21,LONG,0.6726,0.14366,0.13998,2,True,-2.5616,0.3664,.60-.70,
DOGE/USDT,2024-10-22,LONG,0.8051,0.13973,0.13998,1,True,0.1789,0.9409,>.80,
DOGE/USDT,2024-10-24,LONG,0.5683,0.14194,0.13744,2,True,-3.1704,0.4905,.55-.60,
DOGE/USDT,2024-10-25,LONG,0.8467,0.13158,0.13744,1,True,4.4536,2.1184,>.80,2-3x
DOGE/USDT,2024-10-27,LONG,0.5945,0.14426,0.16825,3,True,16.6297,1.4178,.55-.60,1-1.5x
DOGE/USDT,2024-10-28,LONG,0.8554,0.16141,0.16825,2,True,4.2377,2.8753,>.80,2-3x
DOGE/USDT,2024-10-29,LONG,0.7776,0.1759,0.16825,1,True,-4.3491,2.045,.70-.80,2-3x
DOGE/USDT,2024-11-02,LONG,0.8812,0.15955,0.1582,2,True,-0.8461,0.0511,>.80,
DOGE/USDT,2024-11-03,LONG,0.8385,0.15133,0.1582,1,True,4.5397,1.0316,>.80,1-1.5x
DOGE/USDT,2024-11-07,LONG,0.909,0.19325,0.37987,5,False,96.5692,0.2733,>.80,
DOGE/USDT,2024-11-08,LONG,0.7443,0.20196,0.39902,5,False,97.5738,0.7605,.70-.80,
DOGE/USDT,2024-11-09,LONG,0.9902,0.21886,0.39902,4,True,82.3175,1.384,>.80,1-1.5x
DOGE/USDT,2024-11-10,LONG,0.9644,0.27779,0.39902,3,True,43.6409,3.3018,>.80,3-5x
DOGE/USDT,2024-11-11,LONG,0.8157,0.35113,0.39902,2,True,13.6388,2.7924,>.80,2-3x
DOGE/USDT,2024-11-12,LONG,0.9805,0.37987,0.39902,1,True,5.0412,0.8703,>.80,
DOGE/USDT,2024-11-14,LONG,0.965,0.36257,0.367,3,True,1.2218,0.9617,>.80,
DOGE/USDT,2024-11-15,LONG,0.976,0.38151,0.367,2,True,-3.8033,0.5502,>.80,
DOGE/USDT,2024-11-16,LONG,0.9292,0.36419,0.367,1,True,0.7716,0.465,>.80,
DOGE/USDT,2024-11-20,LONG,0.8486,0.37785,0.4302,3,True,13.8547,0.3488,>.80,
DOGE/USDT,2024-11-22,LONG,0.7031,0.41272,0.4302,1,True,4.2353,0.7287,.70-.80,
DOGE/USDT,2024-11-26,LONG,0.8857,0.387,0.40097,1,True,3.6098,0.157,>.80,
DOGE/USDT,2024-11-28,LONG,0.8119,0.40157,0.42155,2,True,4.9755,0.0162,>.80,
DOGE/USDT,2024-11-29,LONG,0.8245,0.42627,0.42155,1,True,-1.1073,0.6697,>.80,
DOGE/USDT,2024-12-02,LONG,0.7828,0.42459,0.45284,5,False,6.6535,0.7626,.70-.80,
DOGE/USDT,2024-12-03,LONG,0.5633,0.40638,0.46639,5,False,14.767,0.9105,.55-.60,
DOGE/USDT,2024-12-05,LONG,0.6397,0.42692,0.41392,4,True,-3.0451,0.3157,.60-.70,
DOGE/USDT,2024-12-06,LONG,0.6578,0.43468,0.41392,3,True,-4.7759,0.4432,.60-.70,
DOGE/USDT,2024-12-08,LONG,0.7011,0.46639,0.41392,1,True,-11.2502,0.7153,.70-.80,
DOGE/USDT,2024-12-11,LONG,0.6824,0.41408,0.40905,2,True,-1.2147,1.0061,.60-.70,1-1.5x
DOGE/USDT,2024-12-12,LONG,0.7065,0.4061,0.40905,1,True,0.7264,0.3946,.70-.80,
DOGE/USDT,2024-12-14,LONG,0.6016,0.39828,0.40202,2,True,0.939,0.5463,.60-.70,
DOGE/USDT,2024-12-17,LONG,0.5899,0.39411,0.35828,1,True,-9.0914,0.4516,.55-.60,
DOGE/USDT,2024-12-20,LONG,0.7097,0.31791,0.32042,1,True,0.7895,0.2187,.70-.80,
DOGE/USDT,2024-12-23,LONG,0.7919,0.32497,0.33717,1,True,3.7542,0.764,.70-.80,
DOGE/USDT,2024-12-29,LONG,0.5865,0.31437,0.37987,5,False,20.8353,0.6948,.55-.60,
DOGE/USDT,2024-12-30,LONG,0.5614,0.31394,0.39487,5,False,25.7788,0.0312,.55-.60,
DOGE/USDT,2025-01-02,LONG,0.5641,0.33896,0.38231,3,True,12.7891,0.9691,.55-.60,
DOGE/USDT,2025-01-07,LONG,0.6338,0.348,0.33589,5,False,-3.4799,1.8874,.60-.70,1.5-2x
DOGE/USDT,2025-01-09,LONG,0.566,0.32101,0.35592,5,False,10.8751,1.2768,.55-.60,1-1.5x
DOGE/USDT,2025-01-10,LONG,0.7094,0.33385,0.38537,5,False,15.4321,0.8088,.70-.80,
DOGE/USDT,2025-01-11,LONG,0.5875,0.3412,0.37643,5,False,10.3253,0.4477,.55-.60,
DOGE/USDT,2025-01-12,LONG,0.6185,0.33589,0.37643,4,True,12.0694,0.3194,.60-.70,
DOGE/USDT,2025-01-13,LONG,0.6054,0.33809,0.37643,3,True,11.3402,0.1363,.60-.70,
DOGE/USDT,2025-01-14,LONG,0.5519,0.35592,0.37643,2,True,5.7625,1.0692,.55-.60,1-1.5x
DOGE/USDT,2025-01-20,LONG,0.745,0.35457,0.37186,1,True,4.8763,0.1781,.70-.80,
DOGE/USDT,2025-01-24,LONG,0.8416,0.35091,0.33596,2,True,-4.2604,0.0592,>.80,
DOGE/USDT,2025-01-25,LONG,0.564,0.35345,0.33596,1,True,-4.9484,0.1368,.55-.60,
DOGE/USDT,2025-01-27,LONG,0.6396,0.33398,0.31874,1,True,-4.5631,0.1211,.60-.70,
DOGE/USDT,2025-01-30,LONG,0.6578,0.33156,0.30796,2,True,-7.1179,0.4871,.60-.70,
DOGE/USDT,2025-01-31,LONG,0.567,0.32893,0.30796,1,True,-6.3752,0.1692,.55-.60,
DOGE/USDT,2025-02-03,LONG,0.7678,0.28481,0.25613,2,True,-10.0699,1.0998,.70-.80,1-1.5x
DOGE/USDT,2025-02-06,LONG,0.9255,0.24788,0.2465,1,True,-0.5567,0.6928,>.80,
DOGE/USDT,2025-02-11,LONG,0.6474,0.25307,0.26419,1,True,4.394,0.211,.60-.70,
DOGE/USDT,2025-02-13,LONG,0.6682,0.26243,0.2718,1,True,3.5705,0.1493,.60-.70,
DOGE/USDT,2025-02-15,LONG,0.6803,0.27174,0.26548,1,True,-2.3037,0.0049,.60-.70,
DOGE/USDT,2025-02-18,LONG,0.6091,0.25138,0.25467,2,True,1.3088,0.6006,.60-.70,
DOGE/USDT,2025-02-25,LONG,0.5852,0.21158,0.20353,1,True,-3.8047,0.1386,.55-.60,
DOGE/USDT,2025-02-28,LONG,0.7696,0.20182,0.20674,1,True,2.4378,0.6264,.70-.80,
DOGE/USDT,2025-03-03,LONG,0.706,0.19915,0.19906,1,True,-0.0452,2.558,.70-.80,2-3x
DOGE/USDT,2025-03-05,LONG,0.6245,0.20471,0.19846,2,True,-3.0531,0.4359,.60-.70,
DOGE/USDT,2025-03-11,LONG,0.7102,0.16456,0.17243,1,True,4.7825,0.9337,.70-.80,
DOGE/USDT,2025-03-14,LONG,0.7255,0.17195,0.17596,1,True,2.3321,0.5467,.70-.80,
DOGE/USDT,2025-03-17,LONG,0.5767,0.17333,0.17797,2,True,2.677,0.4379,.55-.60,
DOGE/USDT,2025-03-20,LONG,0.5742,0.16947,0.16728,1,True,-1.2923,0.6635,.55-.60,
DOGE/USDT,2025-03-22,LONG,0.667,0.16737,0.19049,5,False,13.8137,0.0089,.60-.70,
DOGE/USDT,2025-03-23,LONG,0.6531,0.17263,0.18024,5,False,4.4083,0.6389,.60-.70,
DOGE/USDT,2025-03-24,LONG,0.573,0.18297,0.16956,5,False,-7.3291,1.1666,.55-.60,1-1.5x
DOGE/USDT,2025-03-25,LONG,0.6214,0.19069,0.16956,4,True,-11.0808,0.8133,.60-.70,
DOGE/USDT,2025-03-27,LONG,0.7424,0.19049,0.16956,2,True,-10.9875,0.4336,.70-.80,
DOGE/USDT,2025-03-28,LONG,0.7139,0.18024,0.16956,1,True,-5.9254,1.0128,.70-.80,1-1.5x
DOGE/USDT,2025-04-02,LONG,0.5852,0.16382,0.16898,3,True,3.1498,1.4387,.55-.60,1-1.5x
DOGE/USDT,2025-04-03,LONG,0.7686,0.16233,0.16898,2,True,4.0966,0.2298,.70-.80,
DOGE/USDT,2025-04-04,LONG,0.615,0.17128,0.16898,1,True,-1.3428,1.3362,.60-.70,1-1.5x
DOGE/USDT,2025-04-06,LONG,0.6361,0.14926,0.16032,3,True,7.4099,2.4694,.60-.70,2-3x
BONK/USDT,2024-08-28,LONG,0.6072,1.8e-05,1.8e-05,2,True,-1.9945,0.1711,.60-.70,
BONK/USDT,2024-08-29,LONG,0.5968,1.8e-05,1.8e-05,1,True,-1.5375,0.1002,.55-.60,
BONK/USDT,2024-09-02,LONG,0.5686,1.8e-05,1.7e-05,1,True,-5.5587,1.4326,.55-.60,1-1.5x
BONK/USDT,2024-09-07,LONG,0.5737,1.6e-05,1.6e-05,1,True,3.2013,0.0746,.55-.60,
BONK/USDT,2024-09-11,LONG,0.6915,1.7e-05,1.7e-05,3,True,3.4608,0.8105,.60-.70,
BONK/USDT,2024-09-18,LONG,0.6597,1.7e-05,1.7e-05,4,True,1.2287,0.6546,.60-.70,
BONK/USDT,2024-09-19,LONG,0.712,1.8e-05,1.7e-05,3,True,-2.7965,1.1085,.70-.80,1-1.5x
BONK/USDT,2024-09-21,LONG,0.563,1.8e-05,1.7e-05,1,True,-6.7682,0.1193,.55-.60,
BONK/USDT,2024-09-23,LONG,0.6475,1.8e-05,1.9e-05,2,True,5.0975,0.8396,.60-.70,
BONK/USDT,2024-09-28,LONG,0.6162,2.4e-05,2.4e-05,3,True,-0.5334,0.7772,.60-.70,
BONK/USDT,2024-09-29,LONG,0.8523,2.3e-05,2.4e-05,2,True,4.0998,0.9158,>.80,
BONK/USDT,2024-09-30,LONG,0.6931,2.4e-05,2.4e-05,1,True,0.1595,0.8061,.60-.70,
BONK/USDT,2024-10-03,LONG,0.9017,2e-05,2.1e-05,4,True,6.7409,1.7358,>.80,1.5-2x
BONK/USDT,2024-10-04,LONG,0.7937,2.1e-05,2.1e-05,3,True,-1.4844,1.4118,.70-.80,1-1.5x
BONK/USDT,2024-10-05,LONG,0.7765,2.1e-05,2.1e-05,2,True,2.6373,0.679,.70-.80,
BONK/USDT,2024-10-06,LONG,0.955,2.2e-05,2.1e-05,1,True,-3.417,1.0508,>.80,1-1.5x
BONK/USDT,2024-10-08,LONG,0.7102,2.1e-05,2e-05,1,True,-5.1933,0.1714,.70-.80,
BONK/USDT,2024-10-10,LONG,0.8755,2e-05,2.1e-05,3,True,3.8251,0.3461,>.80,
BONK/USDT,2024-10-11,LONG,0.6328,2.2e-05,2.1e-05,2,True,-2.3052,0.9951,.60-.70,
BONK/USDT,2024-10-12,LONG,0.7506,2.2e-05,2.1e-05,1,True,-3.0561,0.1283,.70-.80,
BONK/USDT,2024-10-16,LONG,0.7536,2.4e-05,2.2e-05,1,True,-8.1454,1.3919,.70-.80,1-1.5x
BONK/USDT,2024-10-18,LONG,0.776,2.4e-05,2.4e-05,1,True,-0.3772,0.8769,.70-.80,
BONK/USDT,2024-10-20,LONG,0.7768,2.4e-05,2.3e-05,2,True,-6.1034,0.5096,.70-.80,
BONK/USDT,2024-10-21,LONG,0.7705,2.3e-05,2.3e-05,1,True,-2.7002,0.5843,.70-.80,
BONK/USDT,2024-10-23,LONG,0.7196,2.2e-05,2.1e-05,4,True,-2.3321,0.7192,.70-.80,
BONK/USDT,2024-10-24,LONG,0.7358,2.3e-05,2.1e-05,3,True,-6.8553,0.9523,.70-.80,
BONK/USDT,2024-10-25,LONG,0.6208,2.1e-05,2.1e-05,2,True,4.1598,1.8921,.60-.70,1.5-2x
BONK/USDT,2024-10-26,LONG,0.6797,2.1e-05,2.1e-05,1,True,1.2131,0.5349,.60-.70,
BONK/USDT,2024-10-29,LONG,0.5727,2.2e-05,1.9e-05,3,True,-12.4607,0.6619,.55-.60,
BONK/USDT,2024-10-30,LONG,0.5799,2.1e-05,1.9e-05,2,True,-8.9211,0.7251,.55-.60,
BONK/USDT,2024-11-02,LONG,0.6175,1.9e-05,1.8e-05,2,True,-6.25,0.2013,.60-.70,
BONK/USDT,2024-11-03,LONG,0.561,1.8e-05,1.8e-05,1,True,-1.0385,1.0976,.55-.60,1-1.5x
BONK/USDT,2024-11-07,LONG,0.6791,2.3e-05,2.5e-05,3,True,12.1041,0.0501,.60-.70,
BONK/USDT,2024-11-08,LONG,0.8027,2.2e-05,2.5e-05,2,True,16.0987,0.5768,>.80,
BONK/USDT,2024-11-09,LONG,0.8955,2.2e-05,2.5e-05,1,True,13.3693,0.4046,>.80,
BONK/USDT,2024-11-14,LONG,0.9875,3.6e-05,5.1e-05,3,True,44.088,0.488,>.80,
BONK/USDT,2024-11-15,LONG,0.9477,4.5e-05,5.1e-05,2,True,13.237,2.3213,>.80,2-3x
BONK/USDT,2024-11-16,LONG,0.9069,4.7e-05,5.1e-05,1,True,8.1945,0.3979,>.80,
BONK/USDT,2024-11-18,LONG,0.7878,4.8e-05,5.2e-05,1,True,8.3548,0.5018,.70-.80,
BONK/USDT,2024-11-20,LONG,0.9927,4.9e-05,5.4e-05,1,True,8.59,0.4508,>.80,
BONK/USDT,2024-11-22,LONG,0.7618,5e-05,4.3e-05,3,True,-12.5378,0.6456,.70-.80,
BONK/USDT,2024-11-23,LONG,0.9463,4.8e-05,4.3e-05,2,True,-9.0915,0.3202,>.80,
BONK/USDT,2024-11-24,LONG,0.8475,4.8e-05,4.3e-05,1,True,-9.2875,0.0183,>.80,
BONK/USDT,2024-11-26,LONG,0.6308,4.3e-05,4.6e-05,5,False,8.448,0.1562,.60-.70,
BONK/USDT,2024-11-27,LONG,0.5529,4.4e-05,4.3e-05,5,False,-2.3385,0.2591,.55-.60,
BONK/USDT,2024-11-29,LONG,0.5565,4.7e-05,4.3e-05,3,True,-8.3285,0.7394,.55-.60,
BONK/USDT,2024-12-08,LONG,0.6949,4.6e-05,3.9e-05,1,True,-14.9403,0.2469,.60-.70,
BONK/USDT,2024-12-10,LONG,0.6475,3.6e-05,3.6e-05,4,True,1.6822,1.297,.60-.70,1-1.5x
BONK/USDT,2024-12-11,LONG,0.675,3.9e-05,3.6e-05,3,True,-7.3747,1.5426,.60-.70,1.5-2x
BONK/USDT,2024-12-12,LONG,0.6635,3.8e-05,3.6e-05,2,True,-3.6989,0.6164,.60-.70,
BONK/USDT,2024-12-13,LONG,0.6975,3.9e-05,3.6e-05,1,True,-6.1681,0.4234,.60-.70,
BONK/USDT,2024-12-20,LONG,0.6654,3.3e-05,3e-05,1,True,-10.3697,1.9404,.60-.70,1.5-2x
BONK/USDT,2024-12-22,LONG,0.7078,3.1e-05,3.2e-05,1,True,3.7657,0.5826,.70-.80,
BONK/USDT,2024-12-25,LONG,0.6547,3.3e-05,3.2e-05,2,True,-2.2997,0.2379,.60-.70,
BONK/USDT,2024-12-28,LONG,0.5879,3.3e-05,3.1e-05,3,True,-6.4702,0.2697,.55-.60,
BONK/USDT,2024-12-29,LONG,0.5578,3.1e-05,3.1e-05,2,True,-0.7717,0.8416,.55-.60,
BONK/USDT,2025-01-03,LONG,0.5751,3.6e-05,3.4e-05,2,True,-4.6127,1.8888,.55-.60,1.5-2x
BONK/USDT,2025-01-06,LONG,0.5653,3.5e-05,2.8e-05,5,False,-20.171,0.3497,.55-.60,
BONK/USDT,2025-01-11,LONG,0.5709,2.8e-05,2.8e-05,5,False,0.9037,0.2818,.55-.60,
BONK/USDT,2025-01-13,LONG,0.5751,2.6e-05,3.4e-05,5,False,28.0815,0.8337,.55-.60,
BONK/USDT,2025-01-19,LONG,0.6349,3.2e-05,3.2e-05,3,True,-1.2845,0.4809,.60-.70,
BONK/USDT,2025-01-20,LONG,0.716,3e-05,3.2e-05,2,True,7.7065,1.1682,.70-.80,1-1.5x
BONK/USDT,2025-01-21,LONG,0.6729,3.2e-05,3.2e-05,1,True,-0.8539,1.1742,.60-.70,1-1.5x
BONK/USDT,2025-01-24,LONG,0.6934,3e-05,2.6e-05,3,True,-11.958,0.7464,.60-.70,
BONK/USDT,2025-01-26,LONG,0.601,2.7e-05,2.6e-05,1,True,-3.9377,1.0595,.60-.70,1-1.5x
BONK/USDT,2025-01-29,LONG,0.5813,2.4e-05,2.2e-05,3,True,-9.9065,0.9526,.55-.60,
BONK/USDT,2025-01-30,LONG,0.6622,2.5e-05,2.2e-05,2,True,-11.7016,0.3031,.60-.70,
BONK/USDT,2025-02-03,LONG,0.7476,2e-05,1.8e-05,2,True,-12.0946,0.5362,.70-.80,
BONK/USDT,2025-02-04,LONG,0.6004,1.8e-05,1.8e-05,1,True,-4.1732,1.1111,.60-.70,1-1.5x
BONK/USDT,2025-02-06,LONG,0.9077,1.7e-05,1.7e-05,1,True,-0.5732,0.8134,>.80,
BONK/USDT,2025-02-10,LONG,0.6209,1.8e-05,1.8e-05,2,True,3.9194,0.2912,.60-.70,
BONK/USDT,2025-02-11,LONG,0.571,1.8e-05,1.8e-05,1,True,3.1427,0.1336,.55-.60,
BONK/USDT,2025-02-13,LONG,0.7217,1.8e-05,1.8e-05,2,True,2.8565,0.6763,.70-.80,
BONK/USDT,2025-02-16,LONG,0.6101,1.7e-05,1.7e-05,1,True,-4.0395,0.5379,.60-.70,
BONK/USDT,2025-02-18,LONG,0.5945,1.5e-05,1.6e-05,4,True,4.4534,1.4411,.55-.60,1-1.5x
BONK/USDT,2025-02-20,LONG,0.7687,1.6e-05,1.6e-05,2,True,0.5483,0.5067,.70-.80,
BONK/USDT,2025-02-21,LONG,0.5906,1.5e-05,1.6e-05,1,True,4.224,0.7206,.55-.60,
BONK/USDT,2025-02-25,LONG,0.5771,1.3e-05,1.3e-05,2,True,-1.8021,0.3983,.55-.60,
BONK/USDT,2025-02-28,LONG,0.6078,1.4e-05,1.6e-05,2,True,14.3182,0.6892,.60-.70,
BONK/USDT,2025-03-05,LONG,0.637,1.2e-05,1.2e-05,1,True,-2.4341,0.4099,.60-.70,
BONK/USDT,2025-03-08,LONG,0.7155,1.2e-05,1.1e-05,4,True,-8.4147,0.3776,.70-.80,
BONK/USDT,2025-03-11,LONG,0.8466,1e-05,1.1e-05,1,True,2.4343,0.9404,>.80,
BONK/USDT,2025-03-14,LONG,0.7711,1.1e-05,1.2e-05,5,False,9.6048,0.5521,.70-.80,
BONK/USDT,2025-03-15,LONG,0.7573,1.1e-05,1.2e-05,5,False,5.6422,0.1661,.70-.80,
BONK/USDT,2025-03-17,LONG,0.5698,1.1e-05,1.2e-05,4,True,6.9411,0.9043,.55-.60,
BONK/USDT,2025-03-19,LONG,0.5861,1.2e-05,1.2e-05,2,True,-0.6457,1.2389,.55-.60,1-1.5x
BONK/USDT,2025-03-20,LONG,0.6667,1.2e-05,1.2e-05,1,True,1.7345,0.3032,.60-.70,
BONK/USDT,2025-03-22,LONG,0.5872,1.2e-05,1.4e-05,1,True,14.7518,0.3188,.55-.60,
BONK/USDT,2025-03-24,LONG,0.6942,1.4e-05,1.2e-05,4,True,-13.2743,0.2765,.60-.70,
BONK/USDT,2025-03-25,LONG,0.789,1.4e-05,1.2e-05,3,True,-12.6871,0.1115,.70-.80,
BONK/USDT,2025-03-26,LONG,0.9456,1.4e-05,1.2e-05,2,True,-11.9908,0.132,>.80,
BONK/USDT,2025-03-27,LONG,0.7738,1.4e-05,1.2e-05,1,True,-9.8536,0.3929,.70-.80,
BONK/USDT,2025-03-30,LONG,0.7727,1.1e-05,1.1e-05,1,True,0.6885,0.2411,.70-.80,
BONK/USDT,2025-04-01,LONG,0.6787,1.2e-05,1.1e-05,1,True,-11.7318,1.8108,.60-.70,1.5-2x
BONK/USDT,2025-04-04,LONG,0.7508,1.1e-05,1.1e-05,5,False,-2.6283,0.6145,.70-.80,
BONK/USDT,2025-04-05,LONG,0.9361,1.1e-05,1.1e-05,4,True,-0.4225,0.3393,>.80,
BONK/USDT,2025-04-06,LONG,0.6934,1e-05,1.1e-05,3,True,12.8004,1.698,.60-.70,1.5-2x
FLOKI/USDT,2024-08-27,LONG,0.6988,0.000147,0.000156,1,True,6.0203,0.2114,.60-.70,
FLOKI/USDT,2024-08-29,LONG,0.6033,0.000136,0.000119,5,False,-12.7111,2.402,.60-.70,2-3x
FLOKI/USDT,2024-08-30,LONG,0.5768,0.000127,0.000122,5,False,-3.8755,1.2219,.55-.60,1-1.5x
FLOKI/USDT,2024-08-31,LONG,0.8067,0.000125,0.000119,5,False,-4.8133,0.3283,>.80,
FLOKI/USDT,2024-09-01,LONG,0.6309,0.000117,0.000119,4,True,2.11,1.303,.60-.70,1-1.5x
FLOKI/USDT,2024-09-02,LONG,0.8438,0.000122,0.000119,3,True,-2.097,0.8122,>.80,
FLOKI/USDT,2024-09-03,LONG,0.6713,0.000119,0.000119,2,True,0.1514,0.4259,.60-.70,
FLOKI/USDT,2024-09-08,LONG,0.6997,0.000123,0.000123,3,True,-0.6077,0.7699,.60-.70,
FLOKI/USDT,2024-09-09,LONG,0.607,0.000128,0.000123,2,True,-4.4924,0.7758,.60-.70,
FLOKI/USDT,2024-09-12,LONG,0.6407,0.000124,0.000119,4,True,-4.4509,0.3219,.60-.70,
FLOKI/USDT,2024-09-13,LONG,0.6412,0.00013,0.000119,3,True,-8.775,1.0218,.60-.70,1-1.5x
FLOKI/USDT,2024-09-14,LONG,0.6111,0.000125,0.000119,2,True,-5.1973,0.8063,.60-.70,
FLOKI/USDT,2024-09-18,LONG,0.6252,0.000128,0.000131,1,True,2.1189,1.4328,.60-.70,1-1.5x
FLOKI/USDT,2024-09-21,LONG,0.6114,0.000136,0.00013,1,True,-4.5765,0.4569,.60-.70,
FLOKI/USDT,2024-09-23,LONG,0.5735,0.000134,0.000141,1,True,5.5294,0.9072,.55-.60,
FLOKI/USDT,2024-09-29,LONG,0.7826,0.000162,0.000137,2,True,-15.6863,1.0257,.70-.80,1-1.5x
FLOKI/USDT,2024-09-30,LONG,0.902,0.000153,0.000137,1,True,-10.75,1.1382,>.80,1-1.5x
FLOKI/USDT,2024-10-06,LONG,0.5824,0.00014,0.000137,1,True,-2.5926,1.0695,.55-.60,1-1.5x
FLOKI/USDT,2024-10-10,LONG,0.7416,0.000131,0.000137,3,True,4.0097,0.2529,.70-.80,
FLOKI/USDT,2024-10-11,LONG,0.6078,0.000137,0.000137,2,True,-0.4732,0.7909,.60-.70,
FLOKI/USDT,2024-10-12,LONG,0.6655,0.00014,0.000137,1,True,-2.1194,0.3008,.60-.70,
FLOKI/USDT,2024-10-15,LONG,0.7438,0.000148,0.000149,1,True,0.4858,0.4927,.70-.80,
FLOKI/USDT,2024-10-17,LONG,0.7278,0.000142,0.000152,1,True,6.7837,0.8686,.70-.80,
FLOKI/USDT,2024-10-19,LONG,0.6005,0.000158,0.000158,1,True,-0.2531,0.7464,.60-.70,
FLOKI/USDT,2024-10-21,LONG,0.8662,0.000151,0.000147,3,True,-2.8862,0.8707,>.80,
FLOKI/USDT,2024-10-22,LONG,0.6765,0.000149,0.000147,2,True,-1.2094,0.3743,.60-.70,
FLOKI/USDT,2024-10-25,LONG,0.6564,0.000131,0.000135,2,True,3.0852,2.1392,.60-.70,2-3x
FLOKI/USDT,2024-10-26,LONG,0.6016,0.000134,0.000135,1,True,1.3481,0.3545,.60-.70,
FLOKI/USDT,2024-10-28,LONG,0.6229,0.000142,0.000147,1,True,3.7846,0.988,.60-.70,
FLOKI/USDT,2024-11-02,LONG,0.6127,0.000131,0.000117,2,True,-10.6652,0.5726,.60-.70,
FLOKI/USDT,2024-11-03,LONG,0.5732,0.000122,0.000117,1,True,-3.8903,1.626,.55-.60,1.5-2x
FLOKI/USDT,2024-11-06,LONG,0.7791,0.000143,0.00018,4,True,26.1531,2.4726,.70-.80,2-3x
FLOKI/USDT,2024-11-07,LONG,0.6859,0.000144,0.00018,3,True,24.9705,0.1739,.60-.70,
FLOKI/USDT,2024-11-08,LONG,0.7326,0.00014,0.00018,2,True,28.2203,0.4713,.70-.80,
FLOKI/USDT,2024-11-09,LONG,0.7951,0.000146,0.00018,1,True,23.6228,0.6813,.70-.80,
FLOKI/USDT,2024-11-13,LONG,0.7211,0.000235,0.000256,4,True,9.0135,1.384,.70-.80,1-1.5x
FLOKI/USDT,2024-11-14,LONG,0.9668,0.000215,0.000256,3,True,19.0556,1.043,>.80,1-1.5x
FLOKI/USDT,2024-11-15,LONG,0.8268,0.00026,0.000256,2,True,-1.3365,2.2934,>.80,2-3x
FLOKI/USDT,2024-11-16,LONG,0.9165,0.000247,0.000256,1,True,3.7295,0.5306,>.80,
FLOKI/USDT,2024-11-18,LONG,0.786,0.000249,0.000247,1,True,-0.5709,0.3113,.70-.80,
FLOKI/USDT,2024-11-20,LONG,0.9043,0.000265,0.00026,1,True,-1.5648,0.7623,>.80,
FLOKI/USDT,2024-11-22,LONG,0.5631,0.000249,0.000237,2,True,-4.7221,0.4768,.55-.60,
FLOKI/USDT,2024-11-23,LONG,0.6696,0.000246,0.000237,1,True,-3.7365,0.1151,.60-.70,
FLOKI/USDT,2024-11-26,LONG,0.77,0.000214,0.000226,1,True,5.5784,0.3713,.70-.80,
FLOKI/USDT,2024-12-01,LONG,0.5909,0.000237,0.000236,3,True,-0.4087,0.4095,.55-.60,
FLOKI/USDT,2024-12-02,LONG,0.7175,0.000227,0.000236,2,True,4.335,0.6638,.70-.80,
FLOKI/USDT,2024-12-09,LONG,0.8785,0.000239,0.000242,2,True,1.2666,1.6414,>.80,1.5-2x
FLOKI/USDT,2024-12-10,LONG,0.8698,0.000222,0.000242,1,True,9.2545,1.618,>.80,1.5-2x
FLOKI/USDT,2024-12-12,LONG,0.8971,0.000239,0.000248,2,True,3.9388,0.3,>.80,
FLOKI/USDT,2024-12-13,LONG,0.9033,0.000244,0.000248,1,True,1.5475,0.473,>.80,
FLOKI/USDT,2024-12-15,LONG,0.8168,0.000232,0.000177,5,False,-23.7831,1.3134,>.80,1-1.5x
FLOKI/USDT,2024-12-16,LONG,0.7849,0.000227,0.000167,5,False,-26.6896,0.4455,.70-.80,
FLOKI/USDT,2024-12-17,LONG,0.8482,0.000219,0.000167,4,True,-24.027,0.7363,>.80,
FLOKI/USDT,2024-12-18,LONG,0.7808,0.000191,0.000167,3,True,-12.6345,2.3411,.70-.80,2-3x
FLOKI/USDT,2024-12-20,LONG,0.8546,0.000177,0.000167,1,True,-5.8893,0.7902,>.80,
FLOKI/USDT,2024-12-28,LONG,0.62,0.000182,0.000177,3,True,-2.5043,0.5764,.60-.70,
FLOKI/USDT,2024-12-29,LONG,0.6185,0.000171,0.000177,2,True,3.4696,1.007,.60-.70,1-1.5x
FLOKI/USDT,2025-01-07,LONG,0.5511,0.000177,0.000162,2,True,-8.7523,2.2477,.55-.60,2-3x
FLOKI/USDT,2025-01-11,LONG,0.5541,0.000166,0.000155,2,True,-6.6272,0.0535,.55-.60,
FLOKI/USDT,2025-01-12,LONG,0.5847,0.000163,0.000155,1,True,-4.9563,0.3978,.55-.60,
FLOKI/USDT,2025-01-16,LONG,0.581,0.000169,0.000168,2,True,-0.1898,0.3834,.55-.60,
FLOKI/USDT,2025-01-21,LONG,0.6929,0.000146,0.000142,1,True,-2.5286,0.5293,.60-.70,
FLOKI/USDT,2025-01-24,LONG,0.6907,0.000137,0.000123,5,False,-10.4258,0.4682,.60-.70,
FLOKI/USDT,2025-01-25,LONG,0.583,0.000137,0.000123,4,True,-10.3996,0.005,.55-.60,
FLOKI/USDT,2025-01-28,LONG,0.6115,0.000113,0.000123,1,True,8.2562,1.9903,.60-.70,1.5-2x
FLOKI/USDT,2025-02-04,LONG,0.6056,9.8e-05,9.4e-05,1,True,-3.5356,1.0573,.60-.70,1-1.5x
FLOKI/USDT,2025-02-06,LONG,0.9167,8.7e-05,8.7e-05,1,True,0.1375,1.0544,>.80,1-1.5x
FLOKI/USDT,2025-02-10,LONG,0.7341,9.5e-05,9.7e-05,5,False,1.6728,0.2014,.70-.80,
FLOKI/USDT,2025-02-11,LONG,0.743,9.2e-05,9.7e-05,4,True,4.8953,0.4716,.70-.80,
FLOKI/USDT,2025-02-12,LONG,0.723,0.0001,9.7e-05,3,True,-3.6491,1.2764,.70-.80,1-1.5x
FLOKI/USDT,2025-02-13,LONG,0.5912,9.7e-05,9.7e-05,2,True,-0.0414,0.5186,.55-.60,
FLOKI/USDT,2025-02-14,LONG,0.7132,0.0001,9.7e-05,1,True,-3.4565,0.5022,.70-.80,
FLOKI/USDT,2025-02-16,LONG,0.6587,9.4e-05,9.6e-05,1,True,1.83,0.3915,.60-.70,
FLOKI/USDT,2025-02-18,LONG,0.5918,9.3e-05,9.6e-05,1,True,2.8814,0.449,.55-.60,
FLOKI/USDT,2025-02-21,LONG,0.5632,9.3e-05,9.4e-05,2,True,1.0345,0.7731,.55-.60,
FLOKI/USDT,2025-02-22,LONG,0.7904,9.8e-05,9.4e-05,1,True,-4.3656,1.2362,.70-.80,1-1.5x
FLOKI/USDT,2025-02-25,LONG,0.5888,8.3e-05,8.3e-05,1,True,-0.2523,0.2349,.55-.60,
FLOKI/USDT,2025-02-28,LONG,0.5733,8.2e-05,7.3e-05,4,True,-11.3825,0.2419,.55-.60,
FLOKI/USDT,2025-03-03,LONG,0.5839,7.4e-05,7.3e-05,1,True,-1.8929,2.6587,.55-.60,2-3x
FLOKI/USDT,2025-03-11,LONG,0.6464,6.1e-05,6.2e-05,1,True,1.4943,0.9813,.60-.70,
FLOKI/USDT,2025-03-14,LONG,0.6215,6.2e-05,6.4e-05,5,False,4.3358,0.4917,.60-.70,
FLOKI/USDT,2025-03-15,LONG,0.6598,6.3e-05,6.4e-05,4,True,2.1788,0.331,.60-.70,
FLOKI/USDT,2025-03-20,LONG,0.6004,6.3e-05,6.2e-05,1,True,-1.9549,0.3344,.60-.70,
FLOKI/USDT,2025-03-22,LONG,0.6395,6.2e-05,6.4e-05,1,True,2.4001,0.1123,.60-.70,
FLOKI/USDT,2025-03-24,LONG,0.6322,6.8e-05,6.8e-05,1,True,0.2946,1.4247,.60-.70,1-1.5x
FLOKI/USDT,2025-03-27,LONG,0.7685,7e-05,6.3e-05,1,True,-10.1422,0.21,.70-.80,
FLOKI/USDT,2025-03-30,LONG,0.6912,5.8e-05,6e-05,2,True,3.642,0.1027,.60-.70,
FLOKI/USDT,2025-03-31,LONG,0.6971,5.8e-05,6e-05,1,True,2.1713,0.3483,.60-.70,
FLOKI/USDT,2025-04-05,LONG,0.5978,5.6e-05,4.7e-05,3,True,-14.7821,0.5932,.55-.60,
FLOKI/USDT,2025-04-06,LONG,0.639,4.9e-05,4.7e-05,2,True,-3.4082,2.3854,.60-.70,2-3x
WIF/USDT,2024-08-28,LONG,0.8128,1.584,1.544,2,True,-2.5253,0.1073,>.80,
WIF/USDT,2024-08-29,LONG,0.6996,1.54,1.544,1,True,0.2597,0.4299,.60-.70,
WIF/USDT,2024-08-31,LONG,0.8371,1.517,1.541,2,True,1.5821,0.2886,>.80,
WIF/USDT,2024-09-03,LONG,0.6138,1.492,1.64,1,True,9.9196,0.4957,.60-.70,
WIF/USDT,2024-09-05,LONG,0.6762,1.532,1.489,1,True,-2.8068,0.989,.60-.70,
WIF/USDT,2024-09-07,LONG,0.8211,1.479,1.57,1,True,6.1528,0.1006,>.80,
WIF/USDT,2024-09-09,LONG,0.6853,1.669,1.541,2,True,-7.6693,0.9448,.60-.70,
WIF/USDT,2024-09-10,LONG,0.6573,1.645,1.541,1,True,-6.3222,0.215,.60-.70,
WIF/USDT,2024-09-12,LONG,0.717,1.56,1.636,1,True,4.8718,0.2054,.70-.80,
WIF/USDT,2024-09-19,LONG,0.6254,1.775,1.992,5,False,12.2254,1.6953,.60-.70,1.5-2x
WIF/USDT,2024-09-21,LONG,0.7046,1.778,2.02,4,True,13.6108,0.0212,.70-.80,
WIF/USDT,2024-09-22,LONG,0.7589,1.693,2.02,3,True,19.3148,0.9501,.70-.80,
WIF/USDT,2024-09-23,LONG,0.5834,1.745,2.02,2,True,15.7593,0.6168,.55-.60,
WIF/USDT,2024-09-24,LONG,0.812,1.992,2.02,1,True,1.4056,2.5968,>.80,2-3x
WIF/USDT,2024-09-27,LONG,0.7619,2.265,2.37,1,True,4.6358,0.4802,.70-.80,
WIF/USDT,2024-09-29,LONG,0.6031,2.451,2.46,1,True,0.3672,0.6635,.60-.70,
WIF/USDT,2024-10-01,LONG,0.7427,2.298,2.292,3,True,-0.2611,1.2849,.70-.80,1-1.5x
WIF/USDT,2024-10-02,LONG,0.6738,2.205,2.292,2,True,3.9456,0.7626,.60-.70,
WIF/USDT,2024-10-03,LONG,0.7655,2.039,2.292,1,True,12.408,1.332,.70-.80,1-1.5x
WIF/USDT,2024-10-05,LONG,0.7623,2.252,2.525,2,True,12.1226,0.2952,.70-.80,
WIF/USDT,2024-10-06,LONG,0.8167,2.563,2.525,1,True,-1.4826,2.1467,>.80,2-3x
WIF/USDT,2024-10-09,LONG,0.7956,2.323,2.665,4,True,14.7223,0.8431,.70-.80,
WIF/USDT,2024-10-10,LONG,0.8943,2.436,2.665,3,True,9.4007,0.7378,>.80,
WIF/USDT,2024-10-11,LONG,0.7374,2.756,2.665,2,True,-3.3019,1.8651,.70-.80,1.5-2x
WIF/USDT,2024-10-12,LONG,0.6559,2.669,2.665,1,True,-0.1499,0.4533,.60-.70,
WIF/USDT,2024-10-14,LONG,0.6812,2.83,2.633,2,True,-6.9611,0.9539,.60-.70,
WIF/USDT,2024-10-17,LONG,0.6965,2.546,2.659,1,True,4.4383,0.502,.60-.70,
WIF/USDT,2024-10-20,LONG,0.7691,2.716,2.424,2,True,-10.7511,0.4145,.70-.80,
WIF/USDT,2024-10-21,LONG,0.7983,2.499,2.424,1,True,-3.0012,1.2,.70-.80,1-1.5x
WIF/USDT,2024-10-24,LONG,0.7412,2.553,2.314,1,True,-9.3615,0.2957,.70-.80,
WIF/USDT,2024-10-28,LONG,0.6252,2.465,2.197,4,True,-10.8722,0.1838,.60-.70,
WIF/USDT,2024-10-29,LONG,0.5814,2.615,2.197,3,True,-15.9847,1.1178,.55-.60,1-1.5x
WIF/USDT,2024-10-30,LONG,0.5581,2.578,2.197,2,True,-14.7789,0.2633,.55-.60,
WIF/USDT,2024-11-02,LONG,0.604,2.178,2.077,1,True,-4.6373,0.1733,.60-.70,
WIF/USDT,2024-11-04,LONG,0.6645,1.922,2.388,3,True,24.2456,1.5484,.60-.70,1.5-2x
WIF/USDT,2024-11-05,LONG,0.5836,2.104,2.388,2,True,13.4981,1.7519,.55-.60,1.5-2x
WIF/USDT,2024-11-06,LONG,0.7446,2.407,2.388,1,True,-0.7894,2.2616,.70-.80,2-3x
WIF/USDT,2024-11-08,LONG,0.7787,2.317,2.743,2,True,18.3858,0.4715,.70-.80,
WIF/USDT,2024-11-09,LONG,0.8112,2.486,2.743,1,True,10.3379,1.1208,>.80,1-1.5x
WIF/USDT,2024-11-13,LONG,0.5696,4.164,3.613,4,True,-13.2325,3.0137,.55-.60,3-5x
WIF/USDT,2024-11-14,LONG,0.9695,3.585,3.613,3,True,0.781,1.4289,>.80,1-1.5x
WIF/USDT,2024-11-15,LONG,0.6422,3.896,3.613,2,True,-7.2639,0.8832,.60-.70,
WIF/USDT,2024-11-16,LONG,0.9234,3.603,3.613,1,True,0.2775,0.7465,>.80,
WIF/USDT,2024-11-18,LONG,0.7402,3.451,3.29,1,True,-4.6653,0.4427,.70-.80,
WIF/USDT,2024-11-20,LONG,0.9307,3.05,3.265,1,True,7.0492,0.7155,>.80,
WIF/USDT,2024-11-24,LONG,0.8158,3.167,3.182,1,True,0.4736,0.3278,>.80,
WIF/USDT,2024-11-26,LONG,0.8276,3.014,3.115,1,True,3.351,0.5671,>.80,
WIF/USDT,2024-11-28,LONG,0.8502,3.078,3.177,2,True,3.2164,0.1282,>.80,
WIF/USDT,2024-11-29,LONG,0.8082,3.285,3.177,1,True,-3.2877,0.7273,>.80,
WIF/USDT,2024-12-01,LONG,0.7454,3.438,3.119,1,True,-9.2787,0.9403,.70-.80,
WIF/USDT,2024-12-03,LONG,0.7052,3.277,3.192,1,True,-2.5938,0.8101,.70-.80,
WIF/USDT,2024-12-05,LONG,0.7678,3.344,3.483,1,True,4.1567,0.9139,.70-.80,
WIF/USDT,2024-12-07,LONG,0.7421,3.88,3.716,1,True,-4.2268,2.0129,.70-.80,2-3x
WIF/USDT,2024-12-14,LONG,0.683,2.847,2.747,2,True,-3.5125,0.5467,.60-.70,
WIF/USDT,2024-12-18,LONG,0.6803,2.307,2.106,2,True,-8.7126,1.9731,.60-.70,1.5-2x
WIF/USDT,2024-12-28,LONG,0.6241,1.926,2.025,5,False,5.1402,0.8115,.60-.70,
WIF/USDT,2024-12-29,LONG,0.6056,1.837,2.025,4,True,10.2341,0.811,.60-.70,
WIF/USDT,2024-12-30,LONG,0.5562,1.826,2.025,3,True,10.8981,0.1066,.55-.60,
WIF/USDT,2025-01-04,LONG,0.5701,2.177,1.54,5,False,-29.2605,0.0981,.55-.60,
WIF/USDT,2025-01-05,LONG,0.6469,2.101,1.557,5,False,-25.8924,0.5705,.60-.70,
WIF/USDT,2025-01-06,LONG,0.5792,2.085,1.557,4,True,-25.3237,0.1244,.55-.60,
WIF/USDT,2025-01-07,LONG,0.6303,1.852,1.557,3,True,-15.9287,1.9531,.60-.70,1.5-2x
WIF/USDT,2025-01-11,LONG,0.5998,1.577,1.544,1,True,-2.0926,0.2354,.55-.60,
WIF/USDT,2025-01-13,LONG,0.7291,1.489,1.77,5,False,18.8717,0.6815,.70-.80,
WIF/USDT,2025-01-14,LONG,0.5558,1.552,1.536,5,False,-1.0309,0.7902,.55-.60,
WIF/USDT,2025-01-16,LONG,0.6517,1.763,1.454,5,False,-17.5269,0.0736,.60-.70,
WIF/USDT,2025-01-18,LONG,0.7184,1.77,1.418,5,False,-19.887,0.8845,.70-.80,
WIF/USDT,2025-01-19,LONG,0.6264,1.536,1.418,4,True,-7.6823,1.92,.60-.70,1.5-2x
WIF/USDT,2025-01-20,LONG,0.7261,1.391,1.418,3,True,1.941,1.3248,.70-.80,1-1.5x
WIF/USDT,2025-01-21,LONG,0.8272,1.454,1.418,2,True,-2.4759,0.6257,>.80,
WIF/USDT,2025-01-22,LONG,0.7648,1.417,1.418,1,True,0.0706,0.3713,.70-.80,
WIF/USDT,2025-01-24,LONG,0.808,1.285,1.211,2,True,-5.7588,1.3886,>.80,1-1.5x
WIF/USDT,2025-01-25,LONG,0.6543,1.279,1.211,1,True,-5.3167,0.069,.60-.70,
WIF/USDT,2025-02-01,LONG,0.9791,1.009,0.95,1,True,-5.8474,1.5125,>.80,1.5-2x
WIF/USDT,2025-02-03,LONG,0.7456,0.86,0.803,1,True,-6.6279,1.2686,.70-.80,1-1.5x
WIF/USDT,2025-02-08,LONG,0.5895,0.718,0.643,1,True,-10.4457,0.9614,.55-.60,
WIF/USDT,2025-02-10,LONG,0.6208,0.657,0.628,1,True,-4.414,0.3599,.60-.70,
WIF/USDT,2025-02-12,LONG,0.5996,0.605,0.631,5,False,4.2975,0.6128,.55-.60,
WIF/USDT,2025-02-13,LONG,0.8379,0.591,0.616,5,False,4.2301,0.3956,>.80,
WIF/USDT,2025-02-14,LONG,0.9325,0.729,0.6083,5,False,-16.5569,2.7802,>.80,2-3x
WIF/USDT,2025-02-15,LONG,0.6489,0.687,0.6452,5,False,-6.0844,0.6853,.60-.70,
WIF/USDT,2025-02-16,LONG,0.7367,0.658,0.6452,4,True,-1.9453,0.5016,.70-.80,
WIF/USDT,2025-02-17,LONG,0.9554,0.631,0.6452,3,True,2.2504,0.4998,>.80,
WIF/USDT,2025-02-18,LONG,0.5941,0.616,0.6452,2,True,4.7403,0.3176,.55-.60,
WIF/USDT,2025-02-22,LONG,0.6876,0.7037,0.6587,1,True,-6.3948,1.2049,.60-.70,1-1.5x
WIF/USDT,2025-02-25,LONG,0.9409,0.55,0.579,1,True,5.2727,0.1281,>.80,
WIF/USDT,2025-03-01,LONG,0.9075,0.6112,0.7618,1,True,24.6401,0.3631,>.80,
WIF/USDT,2025-03-04,LONG,0.6621,0.5744,0.5712,2,True,-0.5571,1.0221,.60-.70,1-1.5x
WIF/USDT,2025-03-05,LONG,0.6407,0.5825,0.5712,1,True,-1.9399,0.1346,.60-.70,
WIF/USDT,2025-03-08,LONG,0.6393,0.5341,0.4421,1,True,-17.2252,0.0,.60-.70,
WIF/USDT,2025-03-11,LONG,0.824,0.4482,0.4806,1,True,7.2289,0.4746,>.80,
WIF/USDT,2025-03-14,LONG,0.7016,0.5078,0.5172,5,False,1.8511,0.8192,.70-.80,
WIF/USDT,2025-03-15,LONG,0.8193,0.5013,0.5057,5,False,0.8777,0.1322,>.80,
WIF/USDT,2025-03-16,LONG,0.5642,0.4655,0.5057,4,True,8.6359,0.7779,.55-.60,
WIF/USDT,2025-03-18,LONG,0.6473,0.4802,0.5057,2,True,5.3103,0.436,.60-.70,
WIF/USDT,2025-03-19,LONG,0.5817,0.5172,0.5057,1,True,-2.2235,0.8129,.55-.60,
WIF/USDT,2025-03-23,LONG,0.7136,0.5172,0.5491,2,True,6.1678,0.2822,.70-.80,
WIF/USDT,2025-03-24,LONG,0.6303,0.5579,0.5491,1,True,-1.5773,1.2283,.60-.70,1-1.5x
WIF/USDT,2025-03-26,LONG,0.7127,0.5277,0.4609,2,True,-12.6587,0.604,.70-.80,
WIF/USDT,2025-03-27,LONG,0.7441,0.5207,0.4609,1,True,-11.4845,0.2109,.70-.80,
WIF/USDT,2025-03-29,LONG,0.6393,0.4322,0.4225,3,True,-2.2443,1.0854,.60-.70,1-1.5x
WIF/USDT,2025-03-30,LONG,0.7081,0.4369,0.4225,2,True,-3.2959,0.1911,.70-.80,
MEME/USDT,2024-08-28,LONG,0.5643,0.01011,0.00997,2,True,-1.3848,0.5987,.55-.60,
MEME/USDT,2024-08-29,LONG,0.6653,0.01002,0.00997,1,True,-0.499,0.1422,.60-.70,
MEME/USDT,2024-08-31,LONG,0.5523,0.00975,0.00892,5,False,-8.5128,0.3681,.55-.60,
MEME/USDT,2024-09-02,LONG,0.5688,0.00975,0.0088,5,False,-9.7436,0.9782,.55-.60,
MEME/USDT,2024-09-04,LONG,0.5719,0.00932,0.00968,5,False,3.8627,0.3415,.55-.60,
MEME/USDT,2024-09-05,LONG,0.6545,0.00892,0.00969,5,False,8.6323,0.7393,.60-.70,
MEME/USDT,2024-09-07,LONG,0.6017,0.0088,0.00979,5,False,11.25,0.3594,.60-.70,
MEME/USDT,2024-09-08,LONG,0.6497,0.00927,0.01011,5,False,9.0615,0.8958,.60-.70,
MEME/USDT,2024-09-09,LONG,0.683,0.00968,0.01006,5,False,3.9256,0.7346,.60-.70,
MEME/USDT,2024-09-11,LONG,0.6546,0.00936,0.01006,3,True,7.4786,0.5684,.60-.70,
MEME/USDT,2024-09-12,LONG,0.6776,0.00979,0.01006,2,True,2.7579,1.0569,.60-.70,1-1.5x
MEME/USDT,2024-09-17,LONG,0.5612,0.00996,0.01052,5,False,5.6225,2.1174,.55-.60,2-3x
MEME/USDT,2024-09-18,LONG,0.6423,0.01041,0.010959,5,False,5.2738,1.0012,.60-.70,1-1.5x
MEME/USDT,2024-09-19,LONG,0.7109,0.010604,0.011086,5,False,4.5455,0.4121,.70-.80,
MEME/USDT,2024-09-21,LONG,0.6284,0.010862,0.011086,3,True,2.0622,0.4307,.60-.70,
MEME/USDT,2024-09-22,LONG,0.7681,0.01052,0.011086,2,True,5.3802,0.7487,.70-.80,
MEME/USDT,2024-09-23,LONG,0.601,0.010959,0.011086,1,True,1.1589,1.0516,.60-.70,1-1.5x
MEME/USDT,2024-09-30,LONG,0.8574,0.011789,0.010267,1,True,-12.9103,1.2906,>.80,1-1.5x
MEME/USDT,2024-10-07,LONG,0.9472,0.010231,0.011562,5,False,13.0095,0.0207,>.80,
MEME/USDT,2024-10-08,LONG,0.6273,0.010045,0.011155,5,False,11.0503,0.3554,.60-.70,
MEME/USDT,2024-10-09,LONG,0.9221,0.009435,0.011155,4,True,18.23,1.1536,>.80,1-1.5x
MEME/USDT,2024-10-10,LONG,0.9346,0.009535,0.011155,3,True,16.99,0.2011,>.80,
MEME/USDT,2024-10-11,LONG,0.6876,0.01016,0.011155,2,True,9.7933,1.1965,.60-.70,1-1.5x
MEME/USDT,2024-10-12,LONG,0.9481,0.011562,0.011155,1,True,-3.5202,2.207,>.80,2-3x
MEME/USDT,2024-10-14,LONG,0.7168,0.014858,0.014002,1,True,-5.7612,3.4328,.70-.80,3-5x
MEME/USDT,2024-10-17,LONG,0.9702,0.012719,0.013282,2,True,4.4264,0.2703,>.80,
MEME/USDT,2024-10-18,LONG,0.9935,0.013389,0.013282,1,True,-0.7992,0.5439,>.80,
MEME/USDT,2024-10-21,LONG,0.9405,0.013173,0.01299,3,True,-1.3892,0.7412,>.80,
MEME/USDT,2024-10-22,LONG,0.5532,0.012652,0.01299,2,True,2.6715,0.4295,.55-.60,
MEME/USDT,2024-10-23,LONG,0.8407,0.012372,0.01299,1,True,4.9952,0.2408,>.80,
MEME/USDT,2024-10-26,LONG,0.8295,0.013419,0.013637,1,True,1.6246,1.7543,>.80,1.5-2x
MEME/USDT,2024-10-29,LONG,0.7706,0.013316,0.01157,3,True,-13.112,0.0477,.70-.80,
MEME/USDT,2024-11-07,LONG,0.5765,0.0113,0.010985,1,True,-2.7876,0.4956,.55-.60,
MEME/USDT,2024-11-13,LONG,0.6127,0.014129,0.014188,4,True,0.4176,0.1163,.60-.70,
MEME/USDT,2024-11-14,LONG,0.9518,0.01318,0.014188,3,True,7.648,1.0217,>.80,1-1.5x
MEME/USDT,2024-11-15,LONG,0.7326,0.0146,0.014188,2,True,-2.8219,1.8951,.70-.80,1.5-2x
MEME/USDT,2024-11-16,LONG,0.9491,0.014393,0.014188,1,True,-1.4243,0.2489,>.80,
MEME/USDT,2024-11-23,LONG,0.6215,0.014229,0.013302,3,True,-6.5149,1.0292,.60-.70,1-1.5x
MEME/USDT,2024-11-25,LONG,0.5705,0.01478,0.013302,1,True,-10.0,0.3215,.55-.60,
MEME/USDT,2024-11-29,LONG,0.8093,0.015208,0.017253,5,False,13.4469,0.2898,>.80,
MEME/USDT,2024-12-02,LONG,0.8107,0.016139,0.01667,3,True,3.2902,0.1814,>.80,
MEME/USDT,2024-12-11,LONG,0.575,0.014293,0.013349,3,True,-6.6046,1.0362,.55-.60,1-1.5x
MEME/USDT,2024-12-12,LONG,0.8615,0.014299,0.013349,2,True,-6.6438,0.0063,>.80,
MEME/USDT,2024-12-13,LONG,0.7797,0.014137,0.013349,1,True,-5.574,0.174,.70-.80,
MEME/USDT,2024-12-17,LONG,0.5891,0.012601,0.011181,1,True,-11.2689,0.6801,.55-.60,
MEME/USDT,2024-12-20,LONG,0.6537,0.010832,0.01024,1,True,-5.4653,0.6992,.60-.70,
MEME/USDT,2024-12-22,LONG,0.7486,0.010339,0.010842,1,True,4.8651,0.1495,.70-.80,
MEME/USDT,2024-12-24,LONG,0.5642,0.011372,0.011184,1,True,-1.6532,0.7395,.55-.60,
MEME/USDT,2024-12-27,LONG,0.6043,0.010766,0.010681,4,True,-0.7895,0.2105,.60-.70,
MEME/USDT,2024-12-28,LONG,0.6188,0.011242,0.010681,3,True,-4.9902,0.6827,.60-.70,
MEME/USDT,2024-12-29,LONG,0.6096,0.010662,0.010681,2,True,0.1782,1.0344,.60-.70,1-1.5x
MEME/USDT,2025-01-03,LONG,0.6177,0.011697,0.009553,5,False,-18.3295,1.0492,.60-.70,1-1.5x
MEME/USDT,2025-01-04,LONG,0.5745,0.011555,0.00929,5,False,-19.6019,0.2614,.55-.60,
MEME/USDT,2025-01-06,LONG,0.5724,0.011495,0.009509,5,False,-17.2771,0.2168,.55-.60,
MEME/USDT,2025-01-10,LONG,0.5865,0.009536,0.008698,3,True,-8.7878,0.6144,.55-.60,
MEME/USDT,2025-01-11,LONG,0.5542,0.009509,0.008698,2,True,-8.5288,0.0658,.55-.60,
MEME/USDT,2025-01-12,LONG,0.5743,0.009302,0.008698,1,True,-6.4932,0.5261,.55-.60,
MEME/USDT,2025-01-16,LONG,0.6338,0.009302,0.009492,2,True,2.0426,0.7039,.60-.70,
MEME/USDT,2025-01-19,LONG,0.7711,0.008678,0.008609,2,True,-0.7951,1.6633,.70-.80,1.5-2x
MEME/USDT,2025-01-20,LONG,0.7603,0.008348,0.008609,1,True,3.1265,0.7321,.70-.80,
MEME/USDT,2025-01-24,LONG,0.8166,0.007975,0.007377,3,True,-7.4984,0.9201,>.80,
MEME/USDT,2025-01-25,LONG,0.597,0.008008,0.007377,2,True,-7.8796,0.0821,.55-.60,
MEME/USDT,2025-01-26,LONG,0.632,0.007824,0.007377,1,True,-5.7132,0.4592,.60-.70,
MEME/USDT,2025-01-28,LONG,0.6923,0.006538,0.006898,1,True,5.5063,2.3034,.60-.70,2-3x
MEME/USDT,2025-01-30,LONG,0.7021,0.007105,0.00615,2,True,-13.4412,0.5766,.70-.80,
MEME/USDT,2025-01-31,LONG,0.6993,0.007138,0.00615,1,True,-13.8414,0.0891,.60-.70,
MEME/USDT,2025-02-03,LONG,0.725,0.005217,0.004774,2,True,-8.4915,0.2553,.70-.80,
MEME/USDT,2025-02-06,LONG,0.9746,0.004344,0.004228,1,True,-2.6703,1.5412,>.80,1.5-2x
MEME/USDT,2025-02-11,LONG,0.8949,0.004357,0.004733,1,True,8.6298,0.3874,>.80,
MEME/USDT,2025-02-13,LONG,0.9116,0.004538,0.004585,2,True,1.0357,0.6135,>.80,
MEME/USDT,2025-02-14,LONG,0.8805,0.004789,0.004585,1,True,-4.2598,0.7983,>.80,
MEME/USDT,2025-02-16,LONG,0.7421,0.004535,0.00435,1,True,-4.0794,0.158,.70-.80,
MEME/USDT,2025-02-21,LONG,0.6404,0.004086,0.004335,2,True,6.094,0.6192,.60-.70,
MEME/USDT,2025-02-22,LONG,0.7539,0.004506,0.004335,1,True,-3.7949,1.9273,.70-.80,1.5-2x
MEME/USDT,2025-02-28,LONG,0.8799,0.003826,0.003274,3,True,-14.4276,0.0764,>.80,
MEME/USDT,2025-03-01,LONG,0.9156,0.003628,0.003274,2,True,-9.7574,0.8289,>.80,
MEME/USDT,2025-03-02,LONG,0.7453,0.003997,0.003274,1,True,-18.0886,1.5162,.70-.80,1.5-2x
MEME/USDT,2025-03-04,LONG,0.562,0.003135,0.002995,2,True,-4.4657,0.5683,.55-.60,
MEME/USDT,2025-03-05,LONG,0.9457,0.003097,0.002995,1,True,-3.2935,0.1627,>.80,
MEME/USDT,2025-03-11,LONG,0.5508,0.00244,0.002465,1,True,1.0246,0.469,.55-.60,
MEME/USDT,2025-03-14,LONG,0.7547,0.00247,0.002511,1,True,1.6599,0.4685,.70-.80,
MEME/USDT,2025-03-17,LONG,0.5938,0.00247,0.00246,1,True,-0.4049,1.0123,.55-.60,1-1.5x
MEME/USDT,2025-03-20,LONG,0.6442,0.002406,0.002325,1,True,-3.3666,0.606,.60-.70,
MEME/USDT,2025-03-23,LONG,0.7152,0.002465,0.002289,5,False,-7.14,0.3532,.70-.80,
MEME/USDT,2025-03-24,LONG,0.6053,0.002571,0.002085,5,False,-18.9032,0.8789,.60-.70,
MEME/USDT,2025-03-26,LONG,0.7118,0.002604,0.002066,5,False,-20.6605,0.1556,.70-.80,
MEME/USDT,2025-03-27,LONG,0.7037,0.002556,0.002061,5,False,-19.3662,0.3767,.70-.80,
MEME/USDT,2025-03-28,LONG,0.5933,0.002289,0.00187,5,False,-18.3049,1.9771,.55-.60,1.5-2x
MEME/USDT,2025-03-29,LONG,0.638,0.002085,0.001857,5,False,-10.9353,1.9268,.60-.70,1.5-2x
MEME/USDT,2025-03-30,LONG,0.6089,0.002083,0.00185,5,False,-11.1858,0.0207,.60-.70,
MEME/USDT,2025-03-31,LONG,0.6337,0.002066,0.001799,5,False,-12.9235,0.1806,.60-.70,
MEME/USDT,2025-04-02,LONG,0.5919,0.00187,0.001799,3,True,-3.7968,1.9054,.55-.60,1.5-2x
MEME/USDT,2025-04-03,LONG,0.5991,0.001857,0.001799,2,True,-3.1233,0.1464,.55-.60,
MEME/USDT,2025-04-04,LONG,0.6683,0.00185,0.001799,1,True,-2.7568,0.0802,.60-.70,
BOME/USDT,2024-10-26,LONG,0.8042,0.008456,0.008581,1,True,1.4782,0.2489,>.80,
BOME/USDT,2024-10-29,LONG,0.609,0.009136,0.007932,3,True,-13.1786,0.7439,.60-.70,
BOME/USDT,2024-11-02,LONG,0.6223,0.007556,0.007259,1,True,-3.9307,0.4834,.60-.70,
BOME/USDT,2024-11-04,LONG,0.6793,0.007,0.008247,4,True,17.8143,0.5632,.60-.70,
BOME/USDT,2024-11-05,LONG,0.5817,0.007543,0.008247,3,True,9.3332,1.1825,.55-.60,1-1.5x
BOME/USDT,2024-11-06,LONG,0.6968,0.008454,0.008247,2,True,-2.4485,1.7029,.60-.70,1.5-2x
BOME/USDT,2024-11-07,LONG,0.6274,0.00879,0.008247,1,True,-6.1775,0.6085,.60-.70,
BOME/USDT,2024-11-10,LONG,0.5884,0.009343,0.009656,1,True,3.3501,0.9966,.55-.60,
BOME/USDT,2024-11-14,LONG,0.9133,0.009832,0.010538,3,True,7.1806,1.9191,>.80,1.5-2x
BOME/USDT,2024-11-15,LONG,0.6451,0.01089,0.010538,2,True,-3.2323,1.4808,.60-.70,1-1.5x
BOME/USDT,2024-11-16,LONG,0.9203,0.010109,0.010538,1,True,4.2437,0.9533,>.80,
BOME/USDT,2024-11-18,LONG,0.6736,0.010524,0.010121,1,True,-3.8293,0.0179,.60-.70,
BOME/USDT,2024-11-20,LONG,0.9104,0.009321,0.009382,4,True,0.6544,1.0564,>.80,1-1.5x
BOME/USDT,2024-11-21,LONG,0.8072,0.009974,0.009382,3,True,-5.9354,0.9294,>.80,
BOME/USDT,2024-11-23,LONG,0.7853,0.009563,0.009382,1,True,-1.8927,0.1247,.70-.80,
BOME/USDT,2024-11-26,LONG,0.7507,0.00849,0.009691,5,False,14.1461,0.6154,.70-.80,
BOME/USDT,2024-11-27,LONG,0.7044,0.008984,0.009249,5,False,2.9497,0.8201,.70-.80,
BOME/USDT,2024-11-28,LONG,0.6111,0.009049,0.009836,5,False,8.6971,0.1044,.60-.70,
BOME/USDT,2024-11-29,LONG,0.6868,0.009475,0.009988,5,False,5.4142,0.6849,.60-.70,
BOME/USDT,2024-11-30,LONG,0.5914,0.009538,0.009787,5,False,2.6106,0.0989,.55-.60,
BOME/USDT,2024-12-01,LONG,0.6063,0.009691,0.009787,4,True,0.9906,0.2397,.60-.70,
BOME/USDT,2024-12-02,LONG,0.6756,0.009249,0.009787,3,True,5.8168,0.675,.60-.70,
BOME/USDT,2024-12-06,LONG,0.5712,0.009801,0.010382,2,True,5.928,0.0334,.55-.60,
BOME/USDT,2024-12-11,LONG,0.5775,0.008639,0.008455,2,True,-2.1299,1.3834,.55-.60,1-1.5x
BOME/USDT,2024-12-12,LONG,0.7634,0.008473,0.008455,1,True,-0.2124,0.3062,.70-.80,
BOME/USDT,2024-12-17,LONG,0.5941,0.007714,0.006803,1,True,-11.8097,0.7426,.55-.60,
BOME/USDT,2024-12-20,LONG,0.6192,0.006546,0.006609,3,True,0.9624,1.1188,.60-.70,1-1.5x
BOME/USDT,2024-12-21,LONG,0.6235,0.006134,0.006609,2,True,7.7437,0.8781,.60-.70,
BOME/USDT,2024-12-22,LONG,0.7131,0.006189,0.006609,1,True,6.7862,0.1251,.70-.80,
BOME/USDT,2024-12-28,LONG,0.6681,0.006479,0.006403,3,True,-1.173,0.3495,.60-.70,
BOME/USDT,2024-12-29,LONG,0.578,0.006213,0.006403,2,True,3.0581,0.7125,.55-.60,
BOME/USDT,2025-01-08,LONG,0.5524,0.005667,0.005544,1,True,-2.1705,1.2699,.55-.60,1-1.5x
BOME/USDT,2025-01-11,LONG,0.5979,0.005744,0.005653,5,False,-1.5843,0.0338,.55-.60,
BOME/USDT,2025-01-12,LONG,0.5803,0.005653,0.006101,5,False,7.925,0.366,.55-.60,
BOME/USDT,2025-01-13,LONG,0.6571,0.005152,0.005668,5,False,10.0155,1.9015,.60-.70,1.5-2x
BOME/USDT,2025-01-16,LONG,0.6211,0.005653,0.005668,2,True,0.2653,0.6931,.60-.70,
BOME/USDT,2025-01-21,LONG,0.7745,0.00415,0.004175,1,True,0.6024,0.4096,.70-.80,
BOME/USDT,2025-01-24,LONG,0.7936,0.003763,0.003455,3,True,-8.185,0.9358,.70-.80,
BOME/USDT,2025-01-25,LONG,0.7078,0.003845,0.003455,2,True,-10.143,0.3064,.70-.80,
BOME/USDT,2025-01-26,LONG,0.6713,0.00366,0.003455,1,True,-5.6011,0.6783,.60-.70,
BOME/USDT,2025-01-29,LONG,0.5938,0.003245,0.003303,2,True,1.7874,1.1281,.55-.60,1-1.5x
BOME/USDT,2025-01-30,LONG,0.6421,0.003301,0.003303,1,True,0.0606,0.2315,.60-.70,
BOME/USDT,2025-02-03,LONG,0.6783,0.00238,0.002183,2,True,-8.2773,0.1189,.60-.70,
BOME/USDT,2025-02-04,LONG,0.6176,0.002243,0.002183,1,True,-2.675,0.7441,.60-.70,
BOME/USDT,2025-02-06,LONG,0.9615,0.001955,0.00204,3,True,4.3478,1.4332,>.80,1-1.5x
BOME/USDT,2025-02-10,LONG,0.6099,0.002099,0.00224,2,True,6.7175,0.4233,.60-.70,
BOME/USDT,2025-02-11,LONG,0.702,0.002028,0.00224,1,True,10.4536,0.4992,.70-.80,
BOME/USDT,2025-02-13,LONG,0.7445,0.002172,0.002188,2,True,0.7366,0.4111,.70-.80,
BOME/USDT,2025-02-14,LONG,0.7511,0.002366,0.002188,1,True,-7.5232,1.1523,.70-.80,1-1.5x
BOME/USDT,2025-02-16,LONG,0.6688,0.002101,0.001999,1,True,-4.8548,0.51,.60-.70,
BOME/USDT,2025-02-22,LONG,0.6085,0.002217,0.002105,1,True,-5.0519,1.9315,.60-.70,1.5-2x
BOME/USDT,2025-02-25,LONG,0.5999,0.001812,0.001861,1,True,2.7042,0.9431,.55-.60,
BOME/USDT,2025-02-28,LONG,0.7154,0.001923,0.00212,2,True,10.2444,0.3672,.70-.80,
BOME/USDT,2025-03-01,LONG,0.7466,0.001824,0.00212,1,True,16.2281,0.7016,.70-.80,
BOME/USDT,2025-03-04,LONG,0.58,0.001664,0.001596,2,True,-4.0865,0.4763,.55-.60,
BOME/USDT,2025-03-05,LONG,0.7016,0.001691,0.001596,1,True,-5.618,0.1837,.70-.80,
BOME/USDT,2025-03-08,LONG,0.5537,0.001432,0.001259,1,True,-12.081,1.0014,.55-.60,1-1.5x
BOME/USDT,2025-03-10,LONG,0.7543,0.001264,0.001375,2,True,8.7816,0.0448,.70-.80,
BOME/USDT,2025-03-11,LONG,0.8392,0.001324,0.001375,1,True,3.852,0.5316,>.80,
BOME/USDT,2025-03-13,LONG,0.8737,0.001356,0.001387,5,False,2.2861,0.1546,>.80,
BOME/USDT,2025-03-14,LONG,0.7751,0.001411,0.001387,4,True,-1.7009,0.4787,.70-.80,
BOME/USDT,2025-03-15,LONG,0.7368,0.001468,0.001387,3,True,-5.5177,0.4732,.70-.80,
BOME/USDT,2025-03-16,LONG,0.7355,0.001366,0.001387,2,True,1.5373,0.9264,.70-.80,
BOME/USDT,2025-03-17,LONG,0.5932,0.00145,0.001387,1,True,-4.3448,0.8269,.55-.60,
BOME/USDT,2025-03-19,LONG,0.5675,0.00144,0.001404,1,True,-2.5,0.5094,.55-.60,
BOME/USDT,2025-03-21,LONG,0.6394,0.001352,0.001569,3,True,16.0503,0.4989,.60-.70,
BOME/USDT,2025-03-22,LONG,0.6104,0.001428,0.001569,2,True,9.8739,0.8751,.60-.70,
BOME/USDT,2025-03-23,LONG,0.7543,0.001485,0.001569,1,True,5.6566,0.7584,.70-.80,
BOME/USDT,2025-03-25,LONG,0.8032,0.001622,0.001322,4,True,-18.4957,0.6235,>.80,
BOME/USDT,2025-03-26,LONG,0.8607,0.001603,0.001322,3,True,-17.5296,0.2224,>.80,
BOME/USDT,2025-03-27,LONG,0.9938,0.00158,0.001322,2,True,-16.3291,0.2728,>.80,
BOME/USDT,2025-04-01,LONG,0.5659,0.001273,0.000987,5,False,-22.4666,0.7589,.55-.60,
BOME/USDT,2025-04-04,LONG,0.6301,0.001149,0.00111,5,False,-3.3943,0.3032,.60-.70,
BOME/USDT,2025-04-05,LONG,0.5705,0.001131,0.001076,5,False,-4.863,0.329,.55-.60,
JUP/USDT,2024-08-29,LONG,0.5815,0.7744,0.7027,5,False,-9.2588,0.4989,.55-.60,
JUP/USDT,2024-08-30,LONG,0.589,0.7589,0.7027,4,True,-7.4055,0.4697,.55-.60,
JUP/USDT,2024-08-31,LONG,0.5639,0.7415,0.7027,3,True,-5.2326,0.6111,.55-.60,
JUP/USDT,2024-09-06,LONG,0.5615,0.6846,0.6979,1,True,1.9427,0.775,.55-.60,
JUP/USDT,2024-09-09,LONG,0.7123,0.7351,0.7701,5,False,4.7613,0.8403,.70-.80,
JUP/USDT,2024-09-11,LONG,0.654,0.7183,0.7701,3,True,7.2115,0.6149,.60-.70,
JUP/USDT,2024-09-12,LONG,0.6373,0.767,0.7701,2,True,0.4042,1.6697,.60-.70,1.5-2x
JUP/USDT,2024-09-15,LONG,0.5682,0.7329,0.7295,1,True,-0.4639,1.2165,.55-.60,1-1.5x
JUP/USDT,2024-09-23,LONG,0.7178,0.8179,0.8997,1,True,10.0012,0.2577,.70-.80,
JUP/USDT,2024-09-27,LONG,0.5646,0.938,0.77,5,False,-17.9104,0.0571,.55-.60,
JUP/USDT,2024-09-29,LONG,0.8117,0.9179,0.77,3,True,-16.1129,0.0548,>.80,
JUP/USDT,2024-09-30,LONG,0.706,0.87,0.77,2,True,-11.4943,1.1842,.70-.80,1-1.5x
JUP/USDT,2024-10-01,LONG,0.5592,0.8111,0.77,1,True,-5.0672,1.4496,.55-.60,1-1.5x
JUP/USDT,2024-10-03,LONG,0.7373,0.7426,0.7677,4,True,3.38,0.7639,.70-.80,
JUP/USDT,2024-10-04,LONG,0.6789,0.7805,0.7677,3,True,-1.64,1.0659,.60-.70,1-1.5x
JUP/USDT,2024-10-05,LONG,0.5544,0.7638,0.7677,2,True,0.5106,0.4575,.55-.60,
JUP/USDT,2024-10-06,LONG,0.572,0.7897,0.7677,1,True,-2.7859,0.7181,.55-.60,
JUP/USDT,2024-10-10,LONG,0.8205,0.736,0.7904,2,True,7.3913,0.2877,>.80,
JUP/USDT,2024-10-11,LONG,0.6973,0.7858,0.7904,1,True,0.5854,1.4377,.60-.70,1-1.5x
JUP/USDT,2024-10-13,LONG,0.7281,0.7952,0.8667,5,False,8.9914,0.1311,.70-.80,
JUP/USDT,2024-10-14,LONG,0.5833,0.886,0.8667,4,True,-2.1783,2.3785,.55-.60,2-3x
JUP/USDT,2024-10-15,LONG,0.8546,0.8798,0.8667,3,True,-1.489,0.1482,>.80,
JUP/USDT,2024-10-16,LONG,0.6058,0.8558,0.8667,2,True,1.2737,0.6235,.60-.70,
JUP/USDT,2024-10-17,LONG,0.8013,0.8205,0.8667,1,True,5.6307,0.9265,>.80,
JUP/USDT,2024-10-19,LONG,0.779,0.9155,0.9637,2,True,5.2649,1.1664,.70-.80,1-1.5x
JUP/USDT,2024-10-20,LONG,0.8702,0.9763,0.9637,1,True,-1.2906,1.3642,>.80,1-1.5x
JUP/USDT,2024-10-22,LONG,0.599,0.9928,1.0669,2,True,7.4637,0.6921,.55-.60,
JUP/USDT,2024-10-23,LONG,0.6482,1.0614,1.0669,1,True,0.5182,1.5815,.60-.70,1.5-2x
JUP/USDT,2024-10-26,LONG,0.696,0.9785,1.0182,1,True,4.0572,0.4877,.60-.70,
JUP/USDT,2024-10-30,LONG,0.6592,1.0092,0.961,2,True,-4.7761,0.7455,.60-.70,
JUP/USDT,2024-10-31,LONG,0.8775,0.9669,0.961,1,True,-0.6102,0.8474,>.80,
JUP/USDT,2024-11-02,LONG,0.7189,0.9317,1.056,5,False,13.3412,0.6042,.70-.80,
JUP/USDT,2024-11-03,LONG,0.6731,0.8836,1.1123,5,False,25.8828,1.1298,.60-.70,1-1.5x
JUP/USDT,2024-11-04,LONG,0.6911,0.8572,1.2154,5,False,41.7872,0.6469,.60-.70,
JUP/USDT,2024-11-05,LONG,0.5559,0.9178,1.2154,4,True,32.4254,1.4631,.55-.60,1-1.5x
JUP/USDT,2024-11-06,LONG,0.7314,1.0349,1.2154,3,True,17.4413,2.3511,.70-.80,2-3x
JUP/USDT,2024-11-07,LONG,0.6611,1.056,1.2154,2,True,15.0947,0.3822,.60-.70,
JUP/USDT,2024-11-10,LONG,0.6167,1.2489,1.067,4,True,-14.5648,0.5038,.60-.70,
JUP/USDT,2024-11-11,LONG,0.8632,1.2416,1.067,3,True,-14.0625,0.1067,>.80,
JUP/USDT,2024-11-12,LONG,0.7619,1.1681,1.067,2,True,-8.6551,1.0702,.70-.80,1-1.5x
JUP/USDT,2024-11-13,LONG,0.8424,1.1647,1.067,1,True,-8.3884,0.0526,>.80,
JUP/USDT,2024-11-18,LONG,0.8586,1.1751,1.1325,5,False,-3.6252,0.2526,>.80,
JUP/USDT,2024-11-19,LONG,0.6503,1.136,1.1276,5,False,-0.7394,0.5944,.60-.70,
JUP/USDT,2024-11-20,LONG,0.9533,1.0701,1.0675,5,False,-0.243,1.0207,>.80,1-1.5x
JUP/USDT,2024-11-21,LONG,0.8865,1.1314,1.0675,4,True,-5.6479,0.9902,>.80,
JUP/USDT,2024-11-23,LONG,0.9203,1.1325,1.0675,2,True,-5.7395,0.1497,>.80,
JUP/USDT,2024-11-24,LONG,0.8963,1.1276,1.0675,1,True,-5.3299,0.0793,>.80,
JUP/USDT,2024-11-26,LONG,0.8601,1.0329,1.1188,1,True,8.3164,0.6756,>.80,
JUP/USDT,2024-11-28,LONG,0.6983,1.1301,1.2419,5,False,9.8929,0.2021,.60-.70,
JUP/USDT,2024-11-29,LONG,0.8569,1.1502,1.2844,5,False,11.6675,0.3917,>.80,
JUP/USDT,2024-11-30,LONG,0.7288,1.1584,1.3502,5,False,16.5573,0.1586,.70-.80,
JUP/USDT,2024-12-01,LONG,0.7048,1.2495,1.3394,5,False,7.1949,1.6224,.70-.80,1.5-2x
JUP/USDT,2024-12-02,LONG,0.8294,1.2024,1.3692,5,False,13.8723,0.7973,>.80,
JUP/USDT,2024-12-03,LONG,0.6394,1.2419,1.3378,5,False,7.722,0.6881,.60-.70,
JUP/USDT,2024-12-05,LONG,0.8808,1.3502,1.0504,5,False,-22.2041,1.2015,>.80,1-1.5x
JUP/USDT,2024-12-06,LONG,0.816,1.3394,1.0504,4,True,-21.5768,0.1883,>.80,
JUP/USDT,2024-12-07,LONG,0.6162,1.3692,1.0504,3,True,-23.2837,0.5489,.60-.70,
JUP/USDT,2024-12-08,LONG,0.8834,1.3378,1.0504,2,True,-21.483,0.5617,>.80,
JUP/USDT,2024-12-09,LONG,0.637,1.0874,1.0504,1,True,-3.4026,3.16,.60-.70,3-5x
JUP/USDT,2024-12-11,LONG,0.7984,1.1266,1.1416,1,True,1.3314,1.2273,.70-.80,1-1.5x
JUP/USDT,2024-12-17,LONG,0.6137,1.031,0.9252,1,True,-10.2619,0.5462,.60-.70,
JUP/USDT,2024-12-20,LONG,0.6409,0.8787,0.871,3,True,-0.8763,0.487,.60-.70,
JUP/USDT,2024-12-21,LONG,0.6138,0.8196,0.871,2,True,6.2714,1.1168,.60-.70,1-1.5x
JUP/USDT,2024-12-22,LONG,0.6119,0.814,0.871,1,True,7.0025,0.1137,.60-.70,
JUP/USDT,2024-12-30,LONG,0.6006,0.813,0.9229,3,True,13.5178,0.2319,.60-.70,
JUP/USDT,2025-01-11,LONG,0.5857,0.8156,0.8,1,True,-1.9127,0.4023,.55-.60,
JUP/USDT,2025-01-13,LONG,0.6214,0.7714,0.8,1,True,3.7075,0.831,.60-.70,
JUP/USDT,2025-01-15,LONG,0.554,0.836,1.1457,3,True,37.0455,1.0563,.55-.60,1-1.5x
JUP/USDT,2025-01-16,LONG,0.562,0.7872,1.1457,2,True,45.5412,1.3207,.55-.60,1-1.5x
JUP/USDT,2025-01-19,LONG,0.8094,0.9647,0.7978,3,True,-17.3007,1.5635,>.80,1.5-2x
JUP/USDT,2025-01-20,LONG,0.764,0.9386,0.7978,2,True,-15.0011,0.2667,.70-.80,
JUP/USDT,2025-01-21,LONG,0.9829,0.8819,0.7978,1,True,-9.5362,0.5899,>.80,
JUP/USDT,2025-01-27,LONG,0.5995,1.1252,1.0365,4,True,-7.883,0.6316,.55-.60,
JUP/USDT,2025-01-28,LONG,0.9827,1.1207,1.0365,3,True,-7.5132,0.0373,>.80,
JUP/USDT,2025-01-29,LONG,0.9797,1.089,1.0365,2,True,-4.8209,0.2647,>.80,
JUP/USDT,2025-01-30,LONG,0.7759,1.094,1.0365,1,True,-5.2559,0.043,.70-.80,
JUP/USDT,2025-02-01,LONG,0.8934,0.9236,0.8272,5,False,-10.4374,0.9766,>.80,
JUP/USDT,2025-02-03,LONG,0.5979,1.0065,0.8272,3,True,-17.8142,0.8866,.55-.60,
JUP/USDT,2025-02-04,LONG,0.6657,0.9598,0.8272,2,True,-13.8154,0.4095,.60-.70,
JUP/USDT,2025-02-05,LONG,0.7314,0.884,0.8272,1,True,-6.4253,0.6923,.70-.80,
JUP/USDT,2025-02-07,LONG,0.6358,0.8005,0.8608,5,False,7.5328,0.4214,.60-.70,
JUP/USDT,2025-02-09,LONG,0.7177,0.8321,0.8608,3,True,3.4491,0.1348,.70-.80,
JUP/USDT,2025-02-11,LONG,0.6419,0.8243,0.8608,1,True,4.428,0.1957,.60-.70,
JUP/USDT,2025-02-13,LONG,0.6743,0.8506,0.8781,3,True,3.233,0.184,.60-.70,
JUP/USDT,2025-02-14,LONG,0.7355,0.9552,0.8781,2,True,-8.0716,2.0143,.70-.80,2-3x
JUP/USDT,2025-02-15,LONG,0.644,0.9315,0.8781,1,True,-5.7327,0.428,.60-.70,
JUP/USDT,2025-02-17,LONG,0.8007,0.8145,0.79,5,False,-3.008,1.2472,>.80,1-1.5x
JUP/USDT,2025-02-18,LONG,0.5662,0.7205,0.775,5,False,7.5642,1.8526,.55-.60,1.5-2x
JUP/USDT,2025-02-20,LONG,0.8184,0.7861,0.775,3,True,-1.412,1.4291,>.80,1-1.5x
JUP/USDT,2025-02-21,LONG,0.6879,0.7641,0.775,2,True,1.4265,0.4463,.60-.70,
JUP/USDT,2025-02-22,LONG,0.6545,0.79,0.775,1,True,-1.8987,0.5348,.60-.70,
JUP/USDT,2025-02-28,LONG,0.5557,0.757,0.6721,3,True,-11.2153,0.8644,.55-.60,
JUP/USDT,2025-03-01,LONG,0.6782,0.7546,0.6721,2,True,-10.9329,0.0524,.60-.70,
JUP/USDT,2025-03-02,LONG,0.5949,0.8354,0.6721,1,True,-19.5475,1.64,.55-.60,1.5-2x
JUP/USDT,2025-03-04,LONG,0.5598,0.6447,0.6326,1,True,-1.8768,0.5212,.55-.60,
JUP/USDT,2025-03-08,LONG,0.64,0.5515,0.502,5,False,-8.9755,0.6043,.60-.70,
JUP/USDT,2025-03-14,LONG,0.5734,0.5302,0.5317,1,True,0.2829,0.8066,.55-.60,
JUP/USDT,2025-03-23,LONG,0.607,0.5455,0.4968,5,False,-8.9276,0.8778,.60-.70,
JUP/USDT,2025-03-24,LONG,0.5674,0.5689,0.4968,4,True,-12.6736,0.8547,.55-.60,
JUP/USDT,2025-03-26,LONG,0.6224,0.5369,0.4968,2,True,-7.4688,0.7996,.60-.70,
JUP/USDT,2025-03-27,LONG,0.5936,0.5466,0.4968,1,True,-9.1109,0.3675,.55-.60,
JUP/USDT,2025-03-29,LONG,0.5845,0.4727,0.4244,3,True,-10.2179,1.023,.55-.60,1-1.5x
JUP/USDT,2025-03-31,LONG,0.5712,0.4228,0.4244,1,True,0.3784,2.3546,.55-.60,2-3x
JUP/USDT,2025-04-04,LONG,0.7423,0.4049,0.3377,2,True,-16.5967,0.6939,.70-.80,
JUP/USDT,2025-04-05,LONG,0.7899,0.3852,0.3377,1,True,-12.3313,0.9024,.70-.80,
PYTH/USDT,2024-08-31,LONG,0.5722,0.2697,0.2575,3,True,-4.5235,0.6961,.55-.60,
PYTH/USDT,2024-09-02,LONG,0.572,0.2731,0.2575,1,True,-5.7122,1.8652,.55-.60,1.5-2x
PYTH/USDT,2024-09-04,LONG,0.5912,0.2689,0.2594,1,True,-3.5329,1.079,.55-.60,1-1.5x
PYTH/USDT,2024-09-07,LONG,0.6378,0.2548,0.2936,5,False,15.2276,0.268,.60-.70,
PYTH/USDT,2024-09-08,LONG,0.6404,0.2652,0.2953,5,False,11.3499,0.9649,.60-.70,
PYTH/USDT,2024-09-09,LONG,0.6249,0.2758,0.2927,5,False,6.1276,0.9224,.60-.70,
PYTH/USDT,2024-09-11,LONG,0.6498,0.2709,0.2927,3,True,8.0472,0.6489,.60-.70,
PYTH/USDT,2024-09-12,LONG,0.5742,0.2936,0.2927,2,True,-0.3065,1.9173,.55-.60,1.5-2x
PYTH/USDT,2024-09-15,LONG,0.6122,0.282,0.3004,3,True,6.5248,0.8659,.60-.70,
PYTH/USDT,2024-09-16,LONG,0.6122,0.2801,0.3004,2,True,7.2474,0.1712,.60-.70,
PYTH/USDT,2024-09-17,LONG,0.5534,0.2932,0.3004,1,True,2.4557,1.1527,.55-.60,1-1.5x
PYTH/USDT,2024-09-20,LONG,0.5567,0.321,0.3513,4,True,9.4393,0.4295,.55-.60,
PYTH/USDT,2024-09-21,LONG,0.6546,0.3251,0.3513,3,True,8.0591,0.3336,.60-.70,
PYTH/USDT,2024-09-22,LONG,0.7487,0.3149,0.3513,2,True,11.5592,0.8545,.70-.80,
PYTH/USDT,2024-09-25,LONG,0.6235,0.3353,0.3404,5,False,1.521,1.1695,.60-.70,1-1.5x
PYTH/USDT,2024-09-27,LONG,0.7827,0.3696,0.3155,4,True,-14.6374,0.0064,.70-.80,
PYTH/USDT,2024-09-29,LONG,0.5525,0.3726,0.3155,2,True,-15.3247,0.9262,.55-.60,
PYTH/USDT,2024-09-30,LONG,0.732,0.3404,0.3155,1,True,-7.3149,1.7504,.70-.80,1.5-2x
PYTH/USDT,2024-10-05,LONG,0.7935,0.3383,0.3371,1,True,-0.3547,0.5783,.70-.80,
PYTH/USDT,2024-10-07,LONG,0.9516,0.3238,0.3021,2,True,-6.7017,0.7756,>.80,
PYTH/USDT,2024-10-12,LONG,0.7175,0.3255,0.3255,1,True,0.0,0.3619,.70-.80,
PYTH/USDT,2024-10-15,LONG,0.8191,0.3472,0.3402,2,True,-2.0161,0.2049,>.80,
PYTH/USDT,2024-10-18,LONG,0.8181,0.3499,0.3475,1,True,-0.6859,0.6285,>.80,
PYTH/USDT,2024-10-20,LONG,0.8127,0.3636,0.3501,1,True,-3.7129,1.1315,>.80,1-1.5x
PYTH/USDT,2024-10-22,LONG,0.5953,0.3471,0.336,1,True,-3.1979,0.2253,.55-.60,
PYTH/USDT,2024-10-24,LONG,0.85,0.3786,0.3347,1,True,-11.5954,2.7889,>.80,2-3x
PYTH/USDT,2024-10-26,LONG,0.7696,0.3494,0.3628,1,True,3.8351,0.8173,.70-.80,
PYTH/USDT,2024-10-29,LONG,0.5932,0.3813,0.3833,1,True,0.5245,0.8912,.55-.60,
PYTH/USDT,2024-10-31,LONG,0.9306,0.373,0.329,3,True,-11.7962,0.5204,>.80,
PYTH/USDT,2024-11-01,LONG,0.8037,0.3701,0.329,2,True,-11.1051,0.1503,>.80,
PYTH/USDT,2024-11-02,LONG,0.7058,0.3513,0.329,1,True,-6.3479,0.9523,.70-.80,
PYTH/USDT,2024-11-07,LONG,0.6827,0.3985,0.4246,2,True,6.5496,0.5902,.60-.70,
PYTH/USDT,2024-11-10,LONG,0.5693,0.4247,0.4469,1,True,5.2272,0.004,.55-.60,
PYTH/USDT,2024-11-12,LONG,0.9283,0.4176,0.4214,3,True,0.91,1.0595,>.80,1-1.5x
PYTH/USDT,2024-11-13,LONG,0.9678,0.4096,0.4214,2,True,2.8809,0.3418,>.80,
PYTH/USDT,2024-11-14,LONG,0.906,0.3922,0.4214,1,True,7.4452,0.8542,>.80,
PYTH/USDT,2024-11-18,LONG,0.8532,0.4193,0.4112,2,True,-1.9318,0.1219,>.80,
PYTH/USDT,2024-11-19,LONG,0.9221,0.4084,0.4112,1,True,0.6856,0.5029,>.80,
PYTH/USDT,2024-11-23,LONG,0.7635,0.4143,0.4389,1,True,5.9377,0.026,.70-.80,
PYTH/USDT,2024-11-26,LONG,0.741,0.427,0.4728,1,True,10.726,1.1646,.70-.80,1-1.5x
PYTH/USDT,2024-11-29,LONG,0.8078,0.4836,0.516,3,True,6.6998,0.2222,>.80,
PYTH/USDT,2024-11-30,LONG,0.6091,0.4962,0.516,2,True,3.9903,0.614,.60-.70,
PYTH/USDT,2024-12-01,LONG,0.5597,0.5077,0.516,1,True,1.6348,0.5606,.55-.60,
PYTH/USDT,2024-12-06,LONG,0.5979,0.5177,0.5224,1,True,0.9079,0.6953,.55-.60,
PYTH/USDT,2024-12-12,LONG,0.8023,0.4497,0.431,2,True,-4.1583,0.4385,>.80,
PYTH/USDT,2024-12-13,LONG,0.7761,0.4628,0.431,1,True,-6.8712,0.5171,.70-.80,
PYTH/USDT,2024-12-17,LONG,0.5535,0.4524,0.3941,1,True,-12.8868,1.4065,.55-.60,1-1.5x
PYTH/USDT,2024-12-20,LONG,0.6988,0.3834,0.3625,1,True,-5.4512,0.5213,.60-.70,
PYTH/USDT,2024-12-24,LONG,0.5628,0.3969,0.3742,5,False,-5.7193,0.4446,.55-.60,
PYTH/USDT,2024-12-25,LONG,0.5574,0.3922,0.3636,5,False,-7.2922,0.1691,.55-.60,
PYTH/USDT,2024-12-27,LONG,0.5807,0.3646,0.353,4,True,-3.1816,0.0972,.55-.60,
PYTH/USDT,2024-12-29,LONG,0.5763,0.3742,0.353,2,True,-5.6654,0.5051,.55-.60,
PYTH/USDT,2025-01-02,LONG,0.5859,0.373,0.3565,5,False,-4.4236,0.4195,.55-.60,
PYTH/USDT,2025-01-03,LONG,0.5674,0.3907,0.3403,5,False,-12.8999,0.8115,.55-.60,
PYTH/USDT,2025-01-05,LONG,0.5758,0.391,0.3306,5,False,-15.4476,0.0687,.55-.60,
PYTH/USDT,2025-01-13,LONG,0.6082,0.3114,0.358,5,False,14.9647,1.1986,.60-.70,1-1.5x
PYTH/USDT,2025-01-16,LONG,0.5854,0.3357,0.358,2,True,6.6428,0.5868,.55-.60,
PYTH/USDT,2025-01-19,LONG,0.6531,0.319,0.3246,3,True,1.7555,2.2611,.60-.70,2-3x
PYTH/USDT,2025-01-20,LONG,0.6918,0.3112,0.3246,2,True,4.3059,0.5087,.60-.70,
PYTH/USDT,2025-01-21,LONG,0.694,0.3198,0.3246,1,True,1.5009,0.5765,.60-.70,
PYTH/USDT,2025-01-25,LONG,0.7481,0.3169,0.2903,2,True,-8.3938,0.4358,.70-.80,
PYTH/USDT,2025-01-26,LONG,0.606,0.3038,0.2903,1,True,-4.4437,0.8885,.60-.70,
PYTH/USDT,2025-01-29,LONG,0.5828,0.2743,0.2568,3,True,-6.3799,0.5026,.55-.60,
PYTH/USDT,2025-01-30,LONG,0.6397,0.2863,0.2568,2,True,-10.3039,0.9703,.60-.70,
PYTH/USDT,2025-01-31,LONG,0.574,0.2854,0.2568,1,True,-10.021,0.0697,.55-.60,
PYTH/USDT,2025-02-03,LONG,0.7334,0.2247,0.1977,2,True,-12.016,0.1468,.70-.80,
PYTH/USDT,2025-02-10,LONG,0.5751,0.2003,0.2141,5,False,6.8897,0.4915,.55-.60,
PYTH/USDT,2025-02-11,LONG,0.5691,0.2004,0.2141,4,True,6.8363,0.0095,.55-.60,
PYTH/USDT,2025-02-12,LONG,0.5937,0.2126,0.2141,3,True,0.7056,1.0885,.55-.60,1-1.5x
PYTH/USDT,2025-02-13,LONG,0.6817,0.2042,0.2141,2,True,4.8482,0.704,.60-.70,
PYTH/USDT,2025-02-16,LONG,0.5858,0.21,0.2085,1,True,-0.7143,0.2838,.55-.60,
PYTH/USDT,2025-02-21,LONG,0.9166,0.2339,0.2059,3,True,-11.9709,0.5031,>.80,
PYTH/USDT,2025-02-22,LONG,0.5901,0.2388,0.2059,2,True,-13.7772,0.3292,.55-.60,
PYTH/USDT,2025-02-23,LONG,0.8327,0.2461,0.2059,1,True,-16.3348,0.4785,>.80,
PYTH/USDT,2025-02-28,LONG,0.8036,0.2092,0.2042,1,True,-2.3901,0.0787,>.80,
PYTH/USDT,2025-03-02,LONG,0.5508,0.2211,0.1864,3,True,-15.6943,1.2048,.55-.60,1-1.5x
PYTH/USDT,2025-03-03,LONG,0.7182,0.1831,0.1864,2,True,1.8023,2.1609,.70-.80,2-3x
PYTH/USDT,2025-03-07,LONG,0.7131,0.1707,0.1371,3,True,-19.6837,0.8007,.70-.80,
PYTH/USDT,2025-03-11,LONG,0.7433,0.1404,0.1449,1,True,3.2051,0.3167,.70-.80,
PYTH/USDT,2025-03-14,LONG,0.7472,0.1489,0.1529,3,True,2.6864,0.7951,.70-.80,
PYTH/USDT,2025-03-15,LONG,0.722,0.1512,0.1529,2,True,1.1243,0.2269,.70-.80,
PYTH/USDT,2025-03-18,LONG,0.5695,0.1502,0.1561,1,True,3.9281,0.2895,.55-.60,
PYTH/USDT,2025-03-20,LONG,0.6486,0.1493,0.1484,1,True,-0.6028,0.6968,.60-.70,
PYTH/USDT,2025-03-23,LONG,0.6211,0.1604,0.1697,3,True,5.798,0.1698,.60-.70,
PYTH/USDT,2025-03-24,LONG,0.642,0.1692,0.1697,2,True,0.2955,1.0496,.60-.70,1-1.5x
PYTH/USDT,2025-03-27,LONG,0.7859,0.1689,0.1445,2,True,-14.4464,0.0956,.70-.80,
PYTH/USDT,2025-03-28,LONG,0.6985,0.1523,0.1445,1,True,-5.1215,1.822,.60-.70,1.5-2x
PYTH/USDT,2025-03-30,LONG,0.6108,0.1438,0.1393,1,True,-3.1293,0.1083,.60-.70,
PYTH/USDT,2025-04-04,LONG,0.7952,0.1344,0.1325,1,True,-1.4137,0.5726,.70-.80,
PYTH/USDT,2025-04-06,LONG,0.5532,0.1157,0.1205,1,True,4.1487,2.4591,.55-.60,2-3x
ONDO/USDT,2024-10-10,LONG,0.869,0.6793,0.7284,3,True,7.228,0.6413,>.80,
ONDO/USDT,2024-10-11,LONG,0.7793,0.7092,0.7284,2,True,2.7073,0.9927,.70-.80,
ONDO/USDT,2024-10-12,LONG,0.7599,0.7129,0.7284,1,True,2.1742,0.1188,.70-.80,
ONDO/USDT,2024-10-14,LONG,0.6445,0.7614,0.7465,1,True,-1.9569,1.1364,.60-.70,1-1.5x
ONDO/USDT,2024-10-16,LONG,0.6785,0.7294,0.8065,2,True,10.5703,0.6357,.60-.70,
ONDO/USDT,2024-10-17,LONG,0.6945,0.714,0.8065,1,True,12.9552,0.5892,.60-.70,
ONDO/USDT,2024-10-20,LONG,0.8057,0.8337,0.7599,4,True,-8.8521,1.2257,>.80,1-1.5x
ONDO/USDT,2024-10-21,LONG,0.9135,0.7708,0.7599,3,True,-1.4141,1.5688,>.80,1.5-2x
ONDO/USDT,2024-10-22,LONG,0.5586,0.7679,0.7599,2,True,-1.0418,0.0789,.55-.60,
ONDO/USDT,2024-10-23,LONG,0.8308,0.7477,0.7599,1,True,1.6317,0.5587,>.80,
ONDO/USDT,2024-10-26,LONG,0.8123,0.6871,0.6982,1,True,1.6155,0.4069,>.80,
ONDO/USDT,2024-10-30,LONG,0.664,0.7253,0.6216,4,True,-14.2975,0.255,.60-.70,
ONDO/USDT,2024-11-01,LONG,0.8453,0.6689,0.6216,2,True,-7.0713,0.6348,>.80,
ONDO/USDT,2024-11-02,LONG,0.6884,0.6383,0.6216,1,True,-2.6163,0.8367,.60-.70,
ONDO/USDT,2024-11-06,LONG,0.8719,0.7368,0.9508,5,False,29.0445,2.5892,>.80,2-3x
ONDO/USDT,2024-11-07,LONG,0.7469,0.7402,0.8847,5,False,19.5218,0.0743,.70-.80,
ONDO/USDT,2024-11-08,LONG,0.856,0.7257,0.8751,5,False,20.587,0.3155,>.80,
ONDO/USDT,2024-11-09,LONG,0.8634,0.7661,0.8319,5,False,8.589,0.8966,>.80,
ONDO/USDT,2024-11-10,LONG,0.6533,0.8402,0.876,5,False,4.2609,1.5266,.60-.70,1.5-2x
ONDO/USDT,2024-11-11,LONG,0.9267,0.9508,0.876,4,True,-7.8671,1.9021,>.80,1.5-2x
ONDO/USDT,2024-11-12,LONG,0.85,0.8847,0.876,3,True,-0.9834,0.9772,>.80,
ONDO/USDT,2024-11-13,LONG,0.9568,0.8751,0.876,2,True,0.1028,0.1522,>.80,
ONDO/USDT,2024-11-14,LONG,0.9678,0.8319,0.876,1,True,5.3011,0.7406,>.80,
ONDO/USDT,2024-11-20,LONG,0.5774,0.9671,1.0391,2,True,7.4449,0.6221,.55-.60,
ONDO/USDT,2024-11-26,LONG,0.6837,1.0187,1.1006,2,True,8.0397,0.1375,.60-.70,
ONDO/USDT,2024-12-02,LONG,0.6116,1.4841,1.7783,4,True,19.8235,2.5635,.60-.70,2-3x
ONDO/USDT,2024-12-03,LONG,0.5779,1.6338,1.7783,3,True,8.8444,1.5928,.55-.60,1.5-2x
ONDO/USDT,2024-12-04,LONG,0.5979,1.7338,1.7783,2,True,2.5666,1.0122,.55-.60,1-1.5x
ONDO/USDT,2024-12-05,LONG,0.8668,1.6763,1.7783,1,True,6.0848,0.5309,>.80,
ONDO/USDT,2024-12-07,LONG,0.8368,1.6775,1.6888,1,True,0.6736,0.9964,>.80,
ONDO/USDT,2024-12-09,LONG,0.5527,1.5173,1.7345,1,True,14.3149,1.6799,.55-.60,1.5-2x
ONDO/USDT,2024-12-11,LONG,0.6177,1.7869,1.7554,1,True,-1.7628,0.4736,.60-.70,
ONDO/USDT,2024-12-13,LONG,0.8002,1.9746,2.0199,3,True,2.2941,1.8356,>.80,1.5-2x
ONDO/USDT,2024-12-14,LONG,0.8308,1.8865,2.0199,2,True,7.0713,0.6362,>.80,
ONDO/USDT,2024-12-15,LONG,0.6289,2.0409,2.0199,1,True,-1.029,1.199,.60-.70,1-1.5x
ONDO/USDT,2024-12-18,LONG,0.8236,1.8164,1.7449,1,True,-3.9364,0.8362,>.80,
ONDO/USDT,2024-12-22,LONG,0.5936,1.6169,1.6799,1,True,3.8963,0.5414,.55-.60,
ONDO/USDT,2024-12-25,LONG,0.5694,1.6095,1.4514,1,True,-9.8229,0.9089,.55-.60,
ONDO/USDT,2024-12-28,LONG,0.6207,1.4969,1.3462,3,True,-10.0675,0.6161,.60-.70,
ONDO/USDT,2024-12-29,LONG,0.68,1.3918,1.3462,2,True,-3.2763,1.0702,.60-.70,1-1.5x
ONDO/USDT,2024-12-30,LONG,0.6169,1.3673,1.3462,1,True,-1.5432,0.3144,.60-.70,
ONDO/USDT,2025-01-03,LONG,0.6998,1.6046,1.3146,5,False,-18.073,1.9209,.60-.70,1.5-2x
ONDO/USDT,2025-01-04,LONG,0.671,1.5784,1.3146,4,True,-16.7131,0.3082,.60-.70,
ONDO/USDT,2025-01-06,LONG,0.7028,1.5226,1.3146,2,True,-13.6608,0.2929,.70-.80,
ONDO/USDT,2025-01-07,LONG,0.5844,1.3698,1.3146,1,True,-4.0298,1.8184,.55-.60,1.5-2x
ONDO/USDT,2025-01-09,LONG,0.5991,1.2079,1.2677,1,True,4.9507,1.4437,.55-.60,1-1.5x
ONDO/USDT,2025-01-13,LONG,0.566,1.222,1.1924,1,True,-2.4223,0.2026,.55-.60,
ONDO/USDT,2025-01-18,LONG,0.8305,1.3083,1.3632,1,True,4.1963,0.0054,>.80,
ONDO/USDT,2025-01-20,LONG,0.8203,1.2921,1.3609,1,True,5.3247,0.8987,>.80,
ONDO/USDT,2025-01-22,LONG,0.9215,1.29,1.3465,1,True,4.3798,0.9126,>.80,
ONDO/USDT,2025-01-24,LONG,0.7607,1.4025,1.4342,1,True,2.2602,0.7853,.70-.80,
ONDO/USDT,2025-01-26,LONG,0.8385,1.3682,1.466,3,True,7.1481,0.8525,>.80,
ONDO/USDT,2025-01-27,LONG,0.7159,1.3356,1.466,2,True,9.7634,0.4833,.70-.80,
ONDO/USDT,2025-01-28,LONG,0.7734,1.3324,1.466,1,True,10.027,0.0495,.70-.80,
ONDO/USDT,2025-01-30,LONG,0.8343,1.564,1.3412,2,True,-14.2455,1.3399,>.80,1-1.5x
ONDO/USDT,2025-01-31,LONG,0.6513,1.486,1.3412,1,True,-9.7443,0.9637,.60-.70,
ONDO/USDT,2025-02-03,LONG,0.7851,1.406,1.3102,2,True,-6.8137,1.9371,.70-.80,1.5-2x
ONDO/USDT,2025-02-04,LONG,0.5859,1.3523,1.3102,1,True,-3.1132,0.6176,.55-.60,
ONDO/USDT,2025-02-06,LONG,0.8706,1.3536,1.4011,1,True,3.5092,0.5617,>.80,
ONDO/USDT,2025-02-10,LONG,0.7722,1.3308,1.3972,2,True,4.9895,0.0541,.70-.80,
ONDO/USDT,2025-02-11,LONG,0.5701,1.3305,1.3972,1,True,5.0132,0.004,.55-.60,
ONDO/USDT,2025-02-13,LONG,0.5883,1.3306,1.3263,1,True,-0.3232,0.8455,.55-.60,
ONDO/USDT,2025-02-16,LONG,0.7092,1.2736,1.1298,5,False,-11.2908,0.0451,.70-.80,
ONDO/USDT,2025-02-18,LONG,0.6155,1.2018,1.1331,5,False,-5.7164,0.5091,.60-.70,
ONDO/USDT,2025-02-24,LONG,0.5898,0.9831,1.0241,5,False,4.1705,3.049,.55-.60,3-5x
ONDO/USDT,2025-02-28,LONG,0.5726,0.9903,1.0241,1,True,3.4131,0.4408,.55-.60,
ONDO/USDT,2025-03-02,LONG,0.6324,1.1928,0.9819,1,True,-17.6811,2.8236,.60-.70,2-3x
ONDO/USDT,2025-03-07,LONG,0.6658,0.9772,0.8763,5,False,-10.3254,1.0844,.60-.70,1-1.5x
ONDO/USDT,2025-03-08,LONG,0.6484,0.948,0.8763,4,True,-7.5633,0.3674,.60-.70,
ONDO/USDT,2025-03-09,LONG,0.5552,0.8503,0.8763,3,True,3.0577,1.2299,.55-.60,1-1.5x
ONDO/USDT,2025-03-11,LONG,0.7727,0.8297,0.8763,1,True,5.6165,0.6919,.70-.80,
ONDO/USDT,2025-03-14,LONG,0.698,0.8681,0.8147,2,True,-6.1514,0.549,.60-.70,
ONDO/USDT,2025-03-15,LONG,0.6935,0.8699,0.8147,1,True,-6.3456,0.0238,.60-.70,
ONDO/USDT,2025-03-17,LONG,0.5555,0.8565,0.8841,2,True,3.2224,0.6107,.55-.60,
ONDO/USDT,2025-03-21,LONG,0.5954,0.8276,0.8281,1,True,0.0604,0.2232,.55-.60,
ONDO/USDT,2025-03-25,LONG,0.5957,0.9175,0.7912,5,False,-13.7657,0.6926,.55-.60,
ONDO/USDT,2025-03-26,LONG,0.6507,0.9011,0.7792,5,False,-13.5279,0.3373,.60-.70,
ONDO/USDT,2025-03-27,LONG,0.6398,0.9132,0.7792,4,True,-14.6737,0.2707,.60-.70,
ONDO/USDT,2025-03-28,LONG,0.6618,0.8425,0.7792,3,True,-7.5134,1.4868,.60-.70,1-1.5x
ONDO/USDT,2025-03-29,LONG,0.6074,0.7984,0.7792,2,True,-2.4048,1.0881,.60-.70,1-1.5x
ONDO/USDT,2025-04-01,LONG,0.5881,0.8221,0.8103,4,True,-1.4353,1.2969,.55-.60,1-1.5x
ONDO/USDT,2025-04-03,LONG,0.6029,0.8135,0.8103,2,True,-0.3934,0.8802,.60-.70,
ONDO/USDT,2025-04-04,LONG,0.5831,0.8211,0.8103,1,True,-1.3153,0.2261,.55-.60,
PENDLE/USDT,2024-12-09,LONG,0.9717,5.701,5.879,1,True,3.1223,2.5643,>.80,2-3x
PENDLE/USDT,2024-12-11,LONG,0.5939,6.126,6.085,1,True,-0.6693,0.7186,.55-.60,
PENDLE/USDT,2024-12-15,LONG,0.9396,6.172,5.701,3,True,-7.6312,0.923,>.80,
PENDLE/USDT,2024-12-16,LONG,0.7344,6.305,5.701,2,True,-9.5797,0.3738,.70-.80,
PENDLE/USDT,2024-12-17,LONG,0.6726,6.018,5.701,1,True,-5.2675,0.86,.60-.70,
PENDLE/USDT,2024-12-20,LONG,0.7593,5.446,5.27,3,True,-3.2317,1.7991,.70-.80,1.5-2x
PENDLE/USDT,2024-12-21,LONG,0.7381,5.054,5.27,2,True,4.2738,1.0009,.70-.80,1-1.5x
PENDLE/USDT,2024-12-22,LONG,0.7242,4.944,5.27,1,True,6.5939,0.3022,.70-.80,
PENDLE/USDT,2024-12-25,LONG,0.5516,5.313,5.26,2,True,-0.9976,0.1467,.55-.60,
PENDLE/USDT,2024-12-26,LONG,0.5997,4.893,5.26,1,True,7.5005,1.1657,.55-.60,1-1.5x
PENDLE/USDT,2024-12-29,LONG,0.5652,5.285,5.086,1,True,-3.7654,0.4448,.55-.60,
PENDLE/USDT,2025-01-02,LONG,0.753,5.253,5.419,2,True,3.1601,0.523,.70-.80,
PENDLE/USDT,2025-01-03,LONG,0.5988,5.544,5.419,1,True,-2.2547,0.8489,.55-.60,
PENDLE/USDT,2025-01-05,LONG,0.7032,5.376,3.937,5,False,-26.7671,0.1244,.70-.80,
PENDLE/USDT,2025-01-06,LONG,0.5856,5.368,3.932,5,False,-26.7511,0.0236,.55-.60,
PENDLE/USDT,2025-01-18,LONG,0.6549,4.02,3.794,3,True,-5.6219,1.2364,.60-.70,1-1.5x
PENDLE/USDT,2025-01-19,LONG,0.6175,3.671,3.794,2,True,3.3506,1.3482,.60-.70,1-1.5x
PENDLE/USDT,2025-01-22,LONG,0.7194,3.597,3.582,1,True,-0.417,0.8236,.70-.80,
PENDLE/USDT,2025-01-25,LONG,0.5577,3.698,3.664,1,True,-0.9194,0.1949,.55-.60,
PENDLE/USDT,2025-01-27,LONG,0.6339,3.516,3.261,5,False,-7.2526,0.7014,.60-.70,
PENDLE/USDT,2025-01-28,LONG,0.6466,3.141,3.261,4,True,3.8204,1.8394,.60-.70,1.5-2x
PENDLE/USDT,2025-01-29,LONG,0.6005,3.286,3.261,3,True,-0.7608,0.8032,.60-.70,
PENDLE/USDT,2025-01-30,LONG,0.7205,3.563,3.261,2,True,-8.476,1.3812,.70-.80,1-1.5x
PENDLE/USDT,2025-01-31,LONG,0.651,3.735,3.261,1,True,-12.6908,0.7772,.60-.70,
PENDLE/USDT,2025-02-03,LONG,0.7839,3.112,2.814,1,True,-9.5758,1.87,.70-.80,1.5-2x
PENDLE/USDT,2025-02-05,LONG,0.7936,3.001,2.893,1,True,-3.5988,0.7488,.70-.80,
PENDLE/USDT,2025-02-08,LONG,0.6546,3.241,3.181,1,True,-1.8513,0.3503,.60-.70,
PENDLE/USDT,2025-02-10,LONG,0.8621,3.471,3.63,5,False,4.5808,1.0834,>.80,1-1.5x
PENDLE/USDT,2025-02-14,LONG,0.5617,3.68,3.219,4,True,-12.5272,0.9377,.55-.60,
PENDLE/USDT,2025-02-15,LONG,0.6556,3.63,3.219,3,True,-11.3223,0.1571,.60-.70,
PENDLE/USDT,2025-02-16,LONG,0.727,3.547,3.219,2,True,-9.2473,0.2655,.70-.80,
PENDLE/USDT,2025-02-17,LONG,0.6212,3.437,3.219,1,True,-6.3427,0.3754,.60-.70,
PENDLE/USDT,2025-02-20,LONG,0.755,3.549,3.497,2,True,-1.4652,0.9441,.70-.80,
PENDLE/USDT,2025-02-21,LONG,0.5584,3.393,3.497,1,True,3.0651,0.5643,.55-.60,
PENDLE/USDT,2025-02-27,LONG,0.5567,2.94,2.474,5,False,-15.8503,1.2171,.55-.60,1-1.5x
PENDLE/USDT,2025-03-01,LONG,0.5554,2.855,2.474,3,True,-13.345,0.1446,.55-.60,
PENDLE/USDT,2025-03-02,LONG,0.5816,3.08,2.474,2,True,-19.6753,1.3916,.55-.60,1-1.5x
PENDLE/USDT,2025-03-03,LONG,0.6459,2.462,2.474,1,True,0.4874,2.8445,.60-.70,2-3x
PENDLE/USDT,2025-03-06,LONG,0.5629,2.441,2.073,5,False,-15.0758,0.5233,.55-.60,
PENDLE/USDT,2025-03-07,LONG,0.7748,2.42,2.077,5,False,-14.1736,0.1279,.70-.80,
PENDLE/USDT,2025-03-08,LONG,0.6231,2.39,2.077,4,True,-13.0962,0.1843,.60-.70,
PENDLE/USDT,2025-03-10,LONG,0.6219,1.911,2.077,2,True,8.6866,0.9941,.60-.70,
PENDLE/USDT,2025-03-11,LONG,0.7167,2.073,2.077,1,True,0.193,1.1145,.70-.80,1-1.5x
PENDLE/USDT,2025-03-14,LONG,0.5902,2.121,2.068,2,True,-2.4988,0.6125,.55-.60,
PENDLE/USDT,2025-03-15,LONG,0.694,2.198,2.068,1,True,-5.9145,0.4883,.60-.70,
PENDLE/USDT,2025-03-20,LONG,0.7372,2.509,2.94,5,False,17.1782,0.0798,.70-.80,
PENDLE/USDT,2025-03-21,LONG,0.8017,2.501,2.94,4,True,17.553,0.0428,>.80,
PENDLE/USDT,2025-03-22,LONG,0.7475,2.641,2.94,3,True,11.3215,0.7632,.70-.80,
PENDLE/USDT,2025-03-23,LONG,0.8438,2.676,2.94,2,True,9.8655,0.2321,>.80,
PENDLE/USDT,2025-03-24,LONG,0.7831,2.853,2.94,1,True,3.0494,1.1273,.70-.80,1-1.5x
PENDLE/USDT,2025-03-26,LONG,0.762,2.891,2.714,5,False,-6.1224,0.2864,.70-.80,
PENDLE/USDT,2025-03-27,LONG,0.7424,2.874,3.028,5,False,5.3584,0.1011,.70-.80,
PENDLE/USDT,2025-03-28,LONG,0.7572,2.715,2.963,5,False,9.1344,0.925,.70-.80,
PENDLE/USDT,2025-03-29,LONG,0.7202,2.501,2.963,4,True,18.4726,1.4788,.70-.80,1-1.5x
PENDLE/USDT,2025-03-30,LONG,0.7712,2.526,2.963,3,True,17.3001,0.2017,.70-.80,
PENDLE/USDT,2025-03-31,LONG,0.7842,2.714,2.963,2,True,9.1746,1.5235,.70-.80,1.5-2x
PENDLE/USDT,2025-04-01,LONG,0.6323,3.028,2.963,1,True,-2.1466,2.1555,.60-.70,2-3x
PENDLE/USDT,2025-04-04,LONG,0.6749,3.195,3.063,1,True,-4.1315,0.0631,.60-.70,
FET/USDT,2024-08-27,LONG,0.7783,1.287,1.1252,2,True,-12.5719,0.503,.70-.80,
FET/USDT,2024-08-28,LONG,0.7015,1.1944,1.1252,1,True,-5.7937,1.014,.70-.80,1-1.5x
FET/USDT,2024-09-02,LONG,0.6934,1.2345,1.0803,3,True,-12.4909,1.1919,.60-.70,1-1.5x
FET/USDT,2024-09-04,LONG,0.704,1.1409,1.0803,1,True,-5.3116,0.2345,.70-.80,
FET/USDT,2024-09-06,LONG,0.5595,1.067,1.1003,2,True,3.1209,0.1643,.55-.60,
FET/USDT,2024-09-07,LONG,0.6675,1.0651,1.1003,1,True,3.3049,0.024,.60-.70,
FET/USDT,2024-09-10,LONG,0.8062,1.3371,1.336,5,False,-0.0823,1.54,>.80,1.5-2x
FET/USDT,2024-09-12,LONG,0.755,1.3818,1.3503,5,False,-2.2796,0.3753,.70-.80,
FET/USDT,2024-09-13,LONG,0.8201,1.3749,1.4512,5,False,5.5495,0.0861,>.80,
FET/USDT,2024-09-14,LONG,0.6822,1.4076,1.4882,5,False,5.7261,0.4268,.60-.70,
FET/USDT,2024-09-15,LONG,0.6924,1.336,1.6301,5,False,22.0135,0.8957,.60-.70,
FET/USDT,2024-09-16,LONG,0.724,1.263,1.6299,5,False,29.0499,0.9484,.70-.80,
FET/USDT,2024-09-17,LONG,0.6179,1.3503,1.6129,5,False,19.4475,1.215,.60-.70,1-1.5x
FET/USDT,2024-09-18,LONG,0.8116,1.4512,1.6451,5,False,13.3614,1.3209,>.80,1-1.5x
FET/USDT,2024-09-19,LONG,0.7012,1.4882,1.7034,5,False,14.4604,0.4595,.70-.80,
FET/USDT,2024-09-21,LONG,0.8002,1.6299,1.6341,4,True,0.2577,0.0022,>.80,
FET/USDT,2024-09-22,LONG,0.8509,1.6129,1.6341,3,True,1.3144,0.1915,>.80,
FET/USDT,2024-09-24,LONG,0.7818,1.7034,1.6341,1,True,-4.0683,0.7306,.70-.80,
FET/USDT,2024-09-26,LONG,0.665,1.6282,1.6004,2,True,-1.7074,0.0764,.60-.70,
FET/USDT,2024-09-27,LONG,0.6066,1.6796,1.6004,1,True,-4.7154,0.6721,.60-.70,
FET/USDT,2024-10-03,LONG,0.6512,1.3705,1.4704,4,True,7.2893,0.7518,.60-.70,
FET/USDT,2024-10-04,LONG,0.7415,1.4665,1.4704,3,True,0.2659,1.447,.70-.80,1-1.5x
FET/USDT,2024-10-05,LONG,0.6821,1.4048,1.4704,2,True,4.6697,0.8778,.60-.70,
FET/USDT,2024-10-06,LONG,0.6616,1.4735,1.4704,1,True,-0.2104,1.0429,.60-.70,1-1.5x
FET/USDT,2024-10-11,LONG,0.6768,1.4126,1.5172,3,True,7.4048,1.7117,.60-.70,1.5-2x
FET/USDT,2024-10-12,LONG,0.6964,1.4757,1.5172,2,True,2.8122,1.0517,.60-.70,1-1.5x
FET/USDT,2024-10-16,LONG,0.5699,1.4262,1.3853,5,False,-2.8678,0.6129,.55-.60,
FET/USDT,2024-10-17,LONG,0.6909,1.3608,1.3853,4,True,1.8004,1.0162,.60-.70,1-1.5x
FET/USDT,2024-10-18,LONG,0.7743,1.4321,1.3853,3,True,-3.2679,1.1334,.70-.80,1-1.5x
FET/USDT,2024-10-19,LONG,0.5694,1.4045,1.3853,2,True,-1.367,0.4175,.55-.60,
FET/USDT,2024-10-20,LONG,0.7366,1.4632,1.3853,1,True,-5.3239,0.9172,.70-.80,
FET/USDT,2024-10-23,LONG,0.6708,1.3243,1.3422,1,True,1.3517,0.5082,.60-.70,
FET/USDT,2024-10-26,LONG,0.6655,1.2356,1.2748,1,True,3.1725,0.483,.60-.70,
FET/USDT,2024-10-29,LONG,0.5816,1.3386,1.1895,4,True,-11.1385,0.9986,.55-.60,
FET/USDT,2024-10-30,LONG,0.6125,1.2981,1.1895,3,True,-8.3661,0.6558,.60-.70,
FET/USDT,2024-10-31,LONG,0.7713,1.2963,1.1895,2,True,-8.2388,0.0322,.70-.80,
FET/USDT,2024-11-01,LONG,0.6609,1.2315,1.1895,1,True,-3.4105,1.1694,.60-.70,1-1.5x
FET/USDT,2024-11-03,LONG,0.6811,1.1431,1.1308,1,True,-1.076,1.0009,.60-.70,1-1.5x
FET/USDT,2024-11-05,LONG,0.5905,1.2545,1.4431,5,False,15.0339,2.3253,.55-.60,2-3x
FET/USDT,2024-11-06,LONG,0.6884,1.4136,1.58,5,False,11.7714,2.328,.60-.70,2-3x
FET/USDT,2024-11-08,LONG,0.7769,1.3965,1.3772,4,True,-1.382,0.1737,.70-.80,
FET/USDT,2024-11-09,LONG,0.7487,1.466,1.3772,3,True,-6.0573,0.9312,.70-.80,
FET/USDT,2024-11-10,LONG,0.5861,1.4431,1.3772,2,True,-4.5666,0.3,.55-.60,
FET/USDT,2024-11-11,LONG,0.8203,1.58,1.3772,1,True,-12.8354,1.7082,>.80,1.5-2x
FET/USDT,2024-11-14,LONG,0.9365,1.2309,1.2835,1,True,4.2733,0.4464,>.80,
FET/USDT,2024-11-18,LONG,0.7418,1.3627,1.2926,1,True,-5.1442,1.2777,.70-.80,1-1.5x
FET/USDT,2024-11-21,LONG,0.6019,1.2742,1.282,1,True,0.6121,0.4654,.60-.70,
FET/USDT,2024-11-28,LONG,0.9373,1.6758,1.7233,1,True,2.8345,1.5814,>.80,1.5-2x
FET/USDT,2024-12-01,LONG,0.9364,1.8405,1.9391,1,True,5.3572,0.5248,>.80,
FET/USDT,2024-12-03,LONG,0.8444,1.911,1.8621,1,True,-2.5589,0.2374,>.80,
FET/USDT,2024-12-08,LONG,0.7538,2.055,1.7076,1,True,-16.9051,0.0762,.70-.80,
FET/USDT,2024-12-10,LONG,0.6539,1.6822,1.7861,2,True,6.1764,0.2066,.60-.70,
FET/USDT,2024-12-11,LONG,0.8026,1.8195,1.7861,1,True,-1.8357,1.1126,>.80,1-1.5x
FET/USDT,2024-12-13,LONG,0.7378,1.8046,1.7306,1,True,-4.1006,0.1468,.70-.80,
FET/USDT,2024-12-15,LONG,0.563,1.8078,1.7126,1,True,-5.2661,0.6531,.55-.60,
FET/USDT,2024-12-17,LONG,0.6502,1.6104,1.4325,1,True,-11.0469,0.8769,.60-.70,
FET/USDT,2024-12-19,LONG,0.5919,1.3028,1.3724,4,True,5.3423,1.2942,.55-.60,1-1.5x
FET/USDT,2024-12-20,LONG,0.641,1.3749,1.3724,3,True,-0.1818,0.8397,.60-.70,
FET/USDT,2024-12-21,LONG,0.6289,1.2663,1.3724,2,True,8.3787,1.1734,.60-.70,1-1.5x
FET/USDT,2024-12-22,LONG,0.6073,1.2544,1.3724,1,True,9.4069,0.1439,.60-.70,
FET/USDT,2024-12-24,LONG,0.5937,1.3946,1.3499,1,True,-3.2052,0.23,.55-.60,
FET/USDT,2024-12-30,LONG,0.6039,1.2885,1.3185,2,True,2.3283,0.0922,.60-.70,
FET/USDT,2024-12-31,LONG,0.6686,1.2724,1.3185,1,True,3.6231,0.2339,.60-.70,
FET/USDT,2025-01-03,LONG,0.6975,1.5007,1.6085,2,True,7.1833,1.4156,.60-.70,1-1.5x
FET/USDT,2025-01-04,LONG,0.6917,1.4879,1.6085,1,True,8.1054,0.1456,.60-.70,
FET/USDT,2025-01-06,LONG,0.7173,1.5711,1.3173,5,False,-16.1543,0.3909,.70-.80,
FET/USDT,2025-01-07,LONG,0.5829,1.4123,1.3173,4,True,-6.7266,1.7251,.55-.60,1.5-2x
FET/USDT,2025-01-08,LONG,0.6353,1.3369,1.3173,3,True,-1.4661,0.9521,.60-.70,
FET/USDT,2025-01-09,LONG,0.6098,1.2937,1.3173,2,True,1.8242,0.5857,.60-.70,
FET/USDT,2025-01-10,LONG,0.6502,1.3281,1.3173,1,True,-0.8132,0.5079,.60-.70,
FET/USDT,2025-01-13,LONG,0.7223,1.2425,1.3032,1,True,4.8853,0.8936,.70-.80,
FET/USDT,2025-01-16,LONG,0.6399,1.3342,1.309,2,True,-1.8888,0.5043,.60-.70,
FET/USDT,2025-01-17,LONG,0.6202,1.4051,1.309,1,True,-6.8394,1.0826,.60-.70,1-1.5x
FET/USDT,2025-01-21,LONG,0.6958,1.3059,1.2432,2,True,-4.8013,1.6937,.60-.70,1.5-2x
FET/USDT,2025-01-22,LONG,0.5593,1.28,1.2432,1,True,-2.875,0.3376,.55-.60,
FET/USDT,2025-01-24,LONG,0.7076,1.2264,1.1791,2,True,-3.8568,0.2443,.70-.80,
FET/USDT,2025-01-30,LONG,0.6813,1.046,0.9343,2,True,-10.6788,0.9835,.60-.70,
FET/USDT,2025-02-03,LONG,0.6907,0.8626,0.7133,3,True,-17.3081,0.7892,.60-.70,
FET/USDT,2025-02-04,LONG,0.6335,0.7877,0.7133,2,True,-9.4452,1.4029,.60-.70,1-1.5x
FET/USDT,2025-02-05,LONG,0.6902,0.7624,0.7133,1,True,-6.4402,0.5188,.60-.70,
FET/USDT,2025-02-10,LONG,0.8274,0.7687,0.7771,3,True,1.0928,0.0099,>.80,
FET/USDT,2025-02-11,LONG,0.7715,0.7596,0.7771,2,True,2.3038,0.2257,.70-.80,
FET/USDT,2025-02-12,LONG,0.6272,0.8228,0.7771,1,True,-5.5542,1.4428,.60-.70,1-1.5x
FET/USDT,2025-02-17,LONG,0.7988,0.7576,0.7304,1,True,-3.5903,0.5183,.70-.80,
FET/USDT,2025-02-20,LONG,0.765,0.7748,0.7571,3,True,-2.2845,1.2735,.70-.80,1-1.5x
FET/USDT,2025-02-22,LONG,0.6971,0.7882,0.7571,1,True,-3.9457,0.9766,.60-.70,
FET/USDT,2025-02-25,LONG,0.7566,0.6646,0.6613,1,True,-0.4965,0.0914,.70-.80,
FET/USDT,2025-03-04,LONG,0.5783,0.5868,0.6295,2,True,7.2768,0.7196,.55-.60,
FET/USDT,2025-03-05,LONG,0.7969,0.6186,0.6295,1,True,1.762,0.7764,.70-.80,
FET/USDT,2025-03-11,LONG,0.5989,0.4818,0.5022,1,True,4.2341,0.5434,.55-.60,
FET/USDT,2025-03-14,LONG,0.6765,0.5178,0.5063,2,True,-2.2209,0.525,.60-.70,
FET/USDT,2025-03-15,LONG,0.841,0.5253,0.5063,1,True,-3.617,0.1841,>.80,
FET/USDT,2025-03-18,LONG,0.7496,0.5143,0.5492,1,True,6.7859,0.2296,.70-.80,
FET/USDT,2025-03-20,LONG,0.7229,0.5233,0.5018,1,True,-4.1085,0.6027,.70-.80,
FET/USDT,2025-03-22,LONG,0.8207,0.5135,0.5489,5,False,6.8939,0.3471,>.80,
FET/USDT,2025-03-23,LONG,0.9025,0.5196,0.5095,5,False,-1.9438,0.2117,>.80,
FET/USDT,2025-03-24,LONG,0.7981,0.552,0.4705,5,False,-14.7645,1.0898,.70-.80,1-1.5x
FET/USDT,2025-03-25,LONG,0.6029,0.5658,0.4687,5,False,-17.1615,0.4457,.60-.70,
FET/USDT,2025-03-26,LONG,0.8944,0.5517,0.4687,4,True,-15.0444,0.4444,>.80,
FET/USDT,2025-03-27,LONG,0.9251,0.5489,0.4687,3,True,-14.611,0.0944,>.80,
FET/USDT,2025-03-28,LONG,0.8539,0.5095,0.4687,2,True,-8.0079,1.2971,>.80,1-1.5x
FET/USDT,2025-03-29,LONG,0.6844,0.4705,0.4687,1,True,-0.3826,1.499,.60-.70,1-1.5x
FET/USDT,2025-04-02,LONG,0.586,0.4305,0.4436,2,True,3.043,1.8392,.55-.60,1.5-2x
FET/USDT,2025-04-03,LONG,0.7013,0.4351,0.4436,1,True,1.9536,0.2448,.70-.80,
W/USDT,2024-08-31,LONG,0.5745,0.209,0.1984,1,True,-5.0718,0.8677,.55-.60,
W/USDT,2024-09-02,LONG,0.5767,0.2107,0.1971,1,True,-6.4547,1.2558,.55-.60,1-1.5x
W/USDT,2024-09-04,LONG,0.6075,0.2038,0.2009,1,True,-1.423,0.6714,.60-.70,
W/USDT,2024-09-07,LONG,0.5762,0.1964,0.2055,5,False,4.6334,0.4735,.55-.60,
W/USDT,2024-09-08,LONG,0.6005,0.2012,0.2113,5,False,5.0199,0.5385,.60-.70,
W/USDT,2024-09-09,LONG,0.576,0.2091,0.2113,4,True,1.0521,0.8443,.55-.60,
W/USDT,2024-09-11,LONG,0.6084,0.1999,0.2113,2,True,5.7029,0.8006,.60-.70,
W/USDT,2024-09-12,LONG,0.5831,0.2055,0.2113,1,True,2.8224,0.7057,.55-.60,
W/USDT,2024-09-15,LONG,0.5654,0.1997,0.2105,3,True,5.4081,1.0007,.55-.60,1-1.5x
W/USDT,2024-09-16,LONG,0.732,0.1923,0.2105,2,True,9.4644,1.0177,.70-.80,1-1.5x
W/USDT,2024-09-17,LONG,0.6079,0.2014,0.2105,1,True,4.5184,1.256,.60-.70,1-1.5x
W/USDT,2024-09-21,LONG,0.5975,0.2396,0.2508,4,True,4.6745,0.4746,.55-.60,
W/USDT,2024-09-22,LONG,0.8768,0.2311,0.2508,3,True,8.5244,0.8952,>.80,
W/USDT,2024-09-23,LONG,0.7097,0.2446,0.2508,2,True,2.5348,1.5494,.70-.80,1.5-2x
W/USDT,2024-09-29,LONG,0.7762,0.3126,0.2895,1,True,-7.3896,0.7201,.70-.80,
W/USDT,2024-10-01,LONG,0.9052,0.3037,0.3438,1,True,13.2038,0.8007,>.80,
W/USDT,2024-10-04,LONG,0.8863,0.3275,0.3431,2,True,4.7634,0.4317,>.80,
W/USDT,2024-10-05,LONG,0.9859,0.3412,0.3431,1,True,0.5569,0.618,>.80,
W/USDT,2024-10-07,LONG,0.7821,0.3234,0.3138,1,True,-2.9685,0.8333,.70-.80,
W/USDT,2024-10-09,LONG,0.938,0.3023,0.3011,1,True,-0.397,0.5283,>.80,
W/USDT,2024-10-18,LONG,0.7941,0.2901,0.2898,1,True,-0.1034,0.1818,.70-.80,
W/USDT,2024-10-21,LONG,0.7719,0.2838,0.2817,1,True,-0.74,1.1071,.70-.80,1-1.5x
W/USDT,2024-10-23,LONG,0.7959,0.269,0.2729,1,True,1.4498,1.1859,.70-.80,1-1.5x
W/USDT,2024-10-25,LONG,0.5656,0.2412,0.2437,1,True,1.0365,2.7312,.55-.60,2-3x
W/USDT,2024-10-27,LONG,0.7439,0.2424,0.2371,1,True,-2.1865,0.1283,.70-.80,
W/USDT,2024-10-29,LONG,0.5753,0.2458,0.2227,2,True,-9.3979,0.8633,.55-.60,
W/USDT,2024-10-30,LONG,0.5627,0.2395,0.2227,1,True,-7.0146,0.6012,.55-.60,
W/USDT,2024-11-02,LONG,0.7164,0.2197,0.1966,2,True,-10.5143,0.517,.70-.80,
W/USDT,2024-11-03,LONG,0.5685,0.2117,0.1966,1,True,-7.1327,0.9467,.55-.60,
W/USDT,2024-11-06,LONG,0.8603,0.2345,0.2813,5,False,19.9574,2.4757,>.80,2-3x
W/USDT,2024-11-07,LONG,0.7281,0.24,0.2813,4,True,17.2083,0.4326,.70-.80,
W/USDT,2024-11-08,LONG,0.6558,0.238,0.2813,3,True,18.1933,0.1538,.60-.70,
W/USDT,2024-11-09,LONG,0.7744,0.26,0.2813,2,True,8.1923,1.5969,.70-.80,1.5-2x
W/USDT,2024-11-10,LONG,0.6831,0.2674,0.2813,1,True,5.1982,0.4987,.60-.70,
W/USDT,2024-11-12,LONG,0.9159,0.2524,0.2354,3,True,-6.7353,1.6568,>.80,1.5-2x
W/USDT,2024-11-13,LONG,0.8675,0.2455,0.2354,2,True,-4.1141,0.4398,>.80,
W/USDT,2024-11-14,LONG,0.9399,0.2295,0.2354,1,True,2.5708,1.1197,>.80,1-1.5x
W/USDT,2024-11-20,LONG,0.587,0.2197,0.2871,4,True,30.6782,1.4705,.55-.60,1-1.5x
W/USDT,2024-11-22,LONG,0.8151,0.2444,0.2871,2,True,17.4714,0.499,>.80,
W/USDT,2024-11-23,LONG,0.6583,0.2648,0.2871,1,True,8.4215,1.256,.60-.70,1-1.5x
W/USDT,2024-11-26,LONG,0.8778,0.2667,0.3009,1,True,12.8234,0.4962,>.80,
W/USDT,2024-12-01,LONG,0.5867,0.3434,0.3631,2,True,5.7368,0.8323,.55-.60,
W/USDT,2024-12-02,LONG,0.5773,0.3441,0.3631,1,True,5.5217,0.0347,.55-.60,
W/USDT,2024-12-04,LONG,0.7458,0.3724,0.3164,5,False,-15.0376,0.4689,.70-.80,
W/USDT,2024-12-05,LONG,0.6388,0.3833,0.3123,5,False,-18.5233,0.5358,.60-.70,
W/USDT,2024-12-06,LONG,0.6082,0.4,0.3123,4,True,-21.925,0.8095,.60-.70,
W/USDT,2024-12-07,LONG,0.635,0.3914,0.3123,3,True,-20.2095,0.3993,.60-.70,
W/USDT,2024-12-08,LONG,0.6961,0.3886,0.3123,2,True,-19.6346,0.1321,.60-.70,
W/USDT,2024-12-09,LONG,0.859,0.3164,0.3123,1,True,-1.2958,2.6704,>.80,2-3x
W/USDT,2024-12-11,LONG,0.8226,0.343,0.3334,3,True,-2.7988,1.4838,>.80,1-1.5x
W/USDT,2024-12-12,LONG,0.9305,0.3334,0.3334,2,True,0.0,0.4173,>.80,
W/USDT,2024-12-13,LONG,0.6975,0.3287,0.3334,1,True,1.4299,0.215,.60-.70,
W/USDT,2024-12-20,LONG,0.7858,0.2789,0.2594,2,True,-6.9918,0.6838,.70-.80,
W/USDT,2024-12-21,LONG,0.7035,0.2623,0.2594,1,True,-1.1056,0.9204,.70-.80,
W/USDT,2024-12-24,LONG,0.5776,0.2953,0.2919,1,True,-1.1514,0.2177,.55-.60,
W/USDT,2024-12-30,LONG,0.6283,0.2937,0.2906,2,True,-1.0555,0.0272,.60-.70,
W/USDT,2025-01-04,LONG,0.6338,0.3117,0.2522,5,False,-19.0889,0.359,.60-.70,
W/USDT,2025-01-05,LONG,0.572,0.3092,0.2549,5,False,-17.5614,0.1414,.55-.60,
W/USDT,2025-01-06,LONG,0.6824,0.3057,0.2551,5,False,-16.5522,0.203,.60-.70,
W/USDT,2025-01-08,LONG,0.5655,0.2616,0.239,5,False,-8.6391,0.5834,.55-.60,
W/USDT,2025-01-09,LONG,0.5851,0.2522,0.239,4,True,-5.2339,0.6421,.55-.60,
W/USDT,2025-01-10,LONG,0.6463,0.2549,0.239,3,True,-6.2377,0.1966,.60-.70,
W/USDT,2025-01-11,LONG,0.6053,0.2551,0.239,2,True,-6.3113,0.0144,.60-.70,
W/USDT,2025-01-16,LONG,0.6364,0.2569,0.2548,2,True,-0.8174,0.6381,.60-.70,
W/USDT,2025-01-20,LONG,0.6069,0.2331,0.2272,3,True,-2.5311,0.2735,.60-.70,
W/USDT,2025-01-21,LONG,0.6786,0.2384,0.2272,2,True,-4.698,0.475,.60-.70,
W/USDT,2025-01-22,LONG,0.6643,0.2307,0.2272,1,True,-1.5171,0.702,.60-.70,
W/USDT,2025-01-24,LONG,0.6569,0.2244,0.2202,2,True,-1.8717,0.2795,.60-.70,
W/USDT,2025-01-28,LONG,0.6674,0.2012,0.2152,1,True,6.9583,1.6529,.60-.70,1.5-2x
W/USDT,2025-01-30,LONG,0.7369,0.2426,0.2328,2,True,-4.0396,2.4321,.70-.80,2-3x
W/USDT,2025-01-31,LONG,0.7701,0.2511,0.2328,1,True,-7.2879,0.6614,.70-.80,
W/USDT,2025-02-02,LONG,0.8992,0.2082,0.1648,5,False,-20.8453,1.7809,>.80,1.5-2x
W/USDT,2025-02-03,LONG,0.9532,0.2017,0.1648,4,True,-18.2945,0.5293,>.80,
W/USDT,2025-02-04,LONG,0.6381,0.1808,0.1648,3,True,-8.8496,1.7383,.60-.70,1.5-2x
W/USDT,2025-02-05,LONG,0.847,0.1682,0.1648,2,True,-2.0214,1.1472,>.80,1-1.5x
W/USDT,2025-02-06,LONG,0.9563,0.1603,0.1648,1,True,2.8072,0.7979,>.80,
W/USDT,2025-02-09,LONG,0.719,0.1719,0.1761,1,True,2.4433,0.2155,.70-.80,
W/USDT,2025-02-11,LONG,0.6921,0.1744,0.1783,4,True,2.2362,0.1649,.60-.70,
W/USDT,2025-02-14,LONG,0.6594,0.1845,0.1783,1,True,-3.3604,0.4079,.60-.70,
W/USDT,2025-02-16,LONG,0.5965,0.177,0.1755,1,True,-0.8475,0.1188,.55-.60,
W/USDT,2025-02-18,LONG,0.5673,0.1654,0.1629,5,False,-1.5115,0.9877,.55-.60,
W/USDT,2025-02-20,LONG,0.6355,0.172,0.1629,3,True,-5.2907,1.0524,.60-.70,1-1.5x
W/USDT,2025-02-22,LONG,0.5593,0.1658,0.1629,1,True,-1.7491,0.5391,.55-.60,
W/USDT,2025-02-28,LONG,0.7477,0.1405,0.1355,1,True,-3.5587,0.0146,.70-.80,
W/USDT,2025-03-02,LONG,0.6439,0.1457,0.1053,4,True,-27.7282,1.4444,.60-.70,1-1.5x
W/USDT,2025-03-03,LONG,0.6481,0.1167,0.1053,3,True,-9.7686,2.9537,.60-.70,2-3x
W/USDT,2025-03-04,LONG,0.6698,0.1103,0.1053,2,True,-4.5331,0.8406,.60-.70,
W/USDT,2025-03-08,LONG,0.6012,0.0999,0.0874,1,True,-12.5125,0.0,.60-.70,
W/USDT,2025-03-11,LONG,0.7915,0.0866,0.09,1,True,3.9261,0.4441,.70-.80,
W/USDT,2025-03-14,LONG,0.7295,0.0875,0.08981,3,True,2.64,0.5614,.70-.80,
W/USDT,2025-03-15,LONG,0.7587,0.0915,0.08981,2,True,-1.847,0.6371,.70-.80,
W/USDT,2025-03-16,LONG,0.6038,0.0847,0.08981,1,True,6.0331,1.1492,.60-.70,1-1.5x
W/USDT,2025-03-18,LONG,0.7521,0.0856,0.08835,1,True,3.2126,0.7037,.70-.80,
W/USDT,2025-03-20,LONG,0.8318,0.08255,0.08247,1,True,-0.0969,0.9685,>.80,
W/USDT,2025-03-22,LONG,0.8469,0.08921,0.10825,1,True,21.3429,1.1947,>.80,1-1.5x
W/USDT,2025-03-24,LONG,0.6505,0.10609,0.10127,3,True,-4.5433,0.2726,.60-.70,
W/USDT,2025-03-25,LONG,0.7775,0.10119,0.10127,2,True,0.0791,0.6248,.70-.80,
W/USDT,2025-03-26,LONG,0.9975,0.10334,0.10127,1,True,-2.0031,0.2901,>.80,
W/USDT,2025-03-29,LONG,0.8813,0.08421,0.08487,1,True,0.7838,1.1637,>.80,1-1.5x
W/USDT,2025-04-02,LONG,0.845,0.07885,0.09031,1,True,14.5339,0.027,>.80,
W/USDT,2025-04-04,LONG,0.6016,0.08802,0.07388,2,True,-16.0645,0.33,.60-.70,
W/USDT,2025-04-05,LONG,0.7785,0.08216,0.07388,1,True,-10.0779,0.8708,.70-.80,
ENA/USDT,2025-11-28,LONG,0.7104,0.2821,0.2835,1,True,0.4963,0.2557,.70-.80,
ENA/USDT,2025-11-30,LONG,0.6206,0.2591,0.2429,1,True,-6.2524,1.6087,.60-.70,1.5-2x
ENA/USDT,2025-12-03,LONG,0.7372,0.2971,0.2725,5,False,-8.28,1.6573,.70-.80,1.5-2x
ENA/USDT,2025-12-05,LONG,0.6389,0.2602,0.2596,5,False,-0.2306,1.2743,.60-.70,1-1.5x
ENA/USDT,2025-12-06,LONG,0.7002,0.2623,0.2596,4,True,-1.0294,0.1251,.70-.80,
ENA/USDT,2025-12-07,LONG,0.5926,0.2676,0.2596,3,True,-2.9895,0.3193,.55-.60,
ENA/USDT,2025-12-08,LONG,0.7017,0.2725,0.2596,2,True,-4.7339,0.2979,.70-.80,
ENA/USDT,2025-12-09,LONG,0.5971,0.2799,0.2596,1,True,-7.2526,0.4433,.55-.60,
ENA/USDT,2025-12-11,LONG,0.597,0.2649,0.2472,2,True,-6.6818,0.3391,.55-.60,
ENA/USDT,2025-12-12,LONG,0.6375,0.2484,0.2472,1,True,-0.4831,1.0055,.60-.70,1-1.5x
ENA/USDT,2025-12-15,LONG,0.6049,0.2188,0.2183,1,True,-0.2285,1.2019,.60-.70,1-1.5x
ENA/USDT,2025-12-19,LONG,0.7038,0.2089,0.2126,1,True,1.7712,0.9634,.70-.80,
ENA/USDT,2025-12-22,LONG,0.8258,0.2067,0.1995,3,True,-3.4833,0.3757,>.80,
ENA/USDT,2025-12-23,LONG,0.7243,0.2,0.1995,2,True,-0.25,0.8122,.70-.80,
ENA/USDT,2026-01-02,LONG,0.6993,0.2373,0.2381,5,False,0.3371,1.9622,.60-.70,1.5-2x
ENA/USDT,2026-01-03,LONG,0.6114,0.2392,0.2334,5,False,-2.4247,0.1795,.60-.70,
ENA/USDT,2026-01-04,LONG,0.5919,0.2508,0.2325,5,False,-7.2967,1.1368,.55-.60,1-1.5x
ENA/USDT,2026-01-05,LONG,0.6313,0.2528,0.2271,5,False,-10.1661,0.1872,.60-.70,
ENA/USDT,2026-01-07,LONG,0.7139,0.2381,0.2271,3,True,-4.6199,1.7337,.70-.80,1.5-2x
ENA/USDT,2026-01-08,LONG,0.7093,0.2334,0.2271,2,True,-2.6992,0.4763,.70-.80,
ENA/USDT,2026-01-09,LONG,0.8474,0.2325,0.2271,1,True,-2.3226,0.0931,>.80,
ENA/USDT,2026-01-17,LONG,0.7969,0.219,0.1796,3,True,-17.9909,0.204,.70-.80,
ENA/USDT,2026-01-25,LONG,0.617,0.1631,0.169,1,True,3.6174,1.4073,.60-.70,1-1.5x
ENA/USDT,2026-01-30,LONG,0.7921,0.1539,0.1387,1,True,-9.8765,0.4456,.70-.80,
ENA/USDT,2026-02-02,LONG,0.9114,0.14,0.1373,1,True,-1.9286,0.6544,>.80,
ENA/USDT,2026-02-05,LONG,0.9279,0.1141,0.1271,1,True,11.3935,3.1246,>.80,3-5x
ENA/USDT,2026-02-07,LONG,0.5568,0.1264,0.1203,1,True,-4.8259,0.0979,.55-.60,
ENA/USDT,2026-02-09,LONG,0.921,0.1205,0.1115,2,True,-7.4689,0.0302,>.80,
ENA/USDT,2026-02-10,LONG,0.6147,0.1145,0.1115,1,True,-2.6201,0.9007,.60-.70,
ENA/USDT,2026-02-12,LONG,0.7014,0.1191,0.1217,3,True,2.183,1.1624,.70-.80,1-1.5x
ENA/USDT,2026-02-14,LONG,0.6601,0.1285,0.1217,1,True,-5.2918,1.0112,.60-.70,1-1.5x
ENA/USDT,2026-02-18,LONG,0.638,0.115,0.1108,1,True,-3.6522,0.8099,.60-.70,
ENA/USDT,2026-02-24,LONG,0.5776,0.0979,0.1094,1,True,11.7467,0.0918,.55-.60,
ENA/USDT,2026-02-28,LONG,0.6787,0.10414,0.10359,1,True,-0.5281,0.2886,.60-.70,
ENA/USDT,2026-03-03,LONG,0.787,0.11115,0.11749,1,True,5.704,0.474,.70-.80,
ENA/USDT,2026-03-05,LONG,0.9156,0.11518,0.10093,2,True,-12.3719,0.3941,>.80,
ENA/USDT,2026-03-06,LONG,0.7835,0.1048,0.10093,1,True,-3.6927,1.7546,.70-.80,1.5-2x
ENA/USDT,2026-03-08,LONG,0.7747,0.09878,0.10102,1,True,2.2677,0.4208,.70-.80,
ENA/USDT,2026-03-10,LONG,0.8988,0.103,0.11042,5,False,7.2039,0.3877,>.80,
ENA/USDT,2026-03-11,LONG,0.6733,0.10481,0.11963,5,False,14.1399,0.3502,.60-.70,
ENA/USDT,2026-03-12,LONG,0.7418,0.10641,0.11669,5,False,9.6607,0.3035,.70-.80,
ENA/USDT,2026-03-13,LONG,0.6819,0.10865,0.1083,5,False,-0.3221,0.4209,.60-.70,
ENA/USDT,2026-03-14,LONG,0.7633,0.10799,0.1083,4,True,0.2871,0.1296,.70-.80,
ENA/USDT,2026-03-16,LONG,0.5514,0.11963,0.1083,2,True,-9.4709,1.6788,.55-.60,1.5-2x
ENA/USDT,2026-03-17,LONG,0.6016,0.11669,0.1083,1,True,-7.19,0.5655,.60-.70,
ENA/USDT,2026-03-21,LONG,0.6629,0.09913,0.09383,2,True,-5.3465,0.5739,.60-.70,
ENA/USDT,2026-03-22,LONG,0.673,0.09546,0.09383,1,True,-1.7075,0.8938,.60-.70,
ENA/USDT,2026-03-24,LONG,0.7024,0.09535,0.09672,2,True,1.4368,0.4166,.70-.80,
ENA/USDT,2026-03-25,LONG,0.7658,0.10438,0.09672,1,True,-7.3386,2.094,.70-.80,2-3x
ENA/USDT,2026-03-28,LONG,0.7454,0.09057,0.08984,1,True,-0.806,0.3746,.70-.80,
ENA/USDT,2026-03-31,LONG,0.6595,0.09098,0.08012,4,True,-11.9367,0.0624,.60-.70,
ENA/USDT,2026-04-01,LONG,0.6469,0.09024,0.08012,3,True,-11.2145,0.1792,.60-.70,
ENA/USDT,2026-04-02,LONG,0.872,0.08125,0.08012,2,True,-1.3908,2.0211,>.80,2-3x
ENA/USDT,2026-04-03,LONG,0.6396,0.07977,0.08012,1,True,0.4388,0.3697,.60-.70,
ENA/USDT,2026-04-07,LONG,0.5928,0.09087,0.08808,1,True,-3.0703,2.217,.55-.60,2-3x
ENA/USDT,2026-04-11,LONG,0.8937,0.0961,0.0912,1,True,-5.0989,0.3296,>.80,
ENA/USDT,2026-04-15,LONG,0.7911,0.09934,0.11999,3,True,20.7872,0.5978,.70-.80,
ENA/USDT,2026-04-17,LONG,0.8537,0.12505,0.11999,1,True,-4.0464,1.6781,>.80,1.5-2x
ENA/USDT,2026-04-26,LONG,0.6503,0.10944,0.10207,5,False,-6.7343,0.3184,.60-.70,
ENA/USDT,2026-04-29,LONG,0.6606,0.10393,0.10257,3,True,-1.3086,0.3752,.60-.70,
ENA/USDT,2026-05-01,LONG,0.5869,0.10207,0.10257,1,True,0.4899,0.1181,.55-.60,
ENA/USDT,2026-05-06,LONG,0.6664,0.12079,0.12999,3,True,7.6165,2.2335,.60-.70,2-3x
ENA/USDT,2026-05-10,LONG,0.7617,0.13226,0.12886,1,True,-2.5707,0.4132,.70-.80,
ENA/USDT,2026-05-12,LONG,0.772,0.12168,0.11667,1,True,-4.1174,1.2817,.70-.80,1-1.5x
ENA/USDT,2026-05-14,LONG,0.8432,0.12079,0.11104,1,True,-8.0719,0.7882,>.80,
ENA/USDT,2026-05-16,LONG,0.6712,0.10694,0.10452,1,True,-2.263,0.7481,.60-.70,
ENA/USDT,2026-05-20,LONG,0.7119,0.10583,0.10691,1,True,1.0205,0.5792,.70-.80,
ENA/USDT,2026-05-23,LONG,0.5782,0.10212,0.09875,1,True,-3.3,0.4052,.55-.60,
ENA/USDT,2026-05-26,LONG,0.6711,0.09687,0.0933,1,True,-3.6854,0.7962,.60-.70,
ENA/USDT,2026-05-29,LONG,0.6605,0.08679,0.08837,1,True,1.8205,0.4821,.60-.70,
ENA/USDT,2026-06-04,LONG,0.9201,0.09456,0.08983,3,True,-5.0021,2.4357,>.80,2-3x
ENA/USDT,2026-06-05,LONG,0.6039,0.09465,0.08983,2,True,-5.0924,0.0149,.60-.70,
ENA/USDT,2026-06-06,LONG,0.9834,0.08974,0.08983,1,True,0.1003,0.7998,>.80,
ENA/USDT,2026-06-08,LONG,0.8682,0.08538,0.08041,1,True,-5.821,0.758,>.80,
STRK/USDT,2024-08-27,LONG,0.6088,0.3643,0.3642,3,True,-0.0274,0.7292,.60-.70,
STRK/USDT,2024-08-29,LONG,0.698,0.3585,0.3642,1,True,1.59,0.0908,.60-.70,
STRK/USDT,2024-09-01,LONG,0.6613,0.3566,0.3943,4,True,10.5721,0.006,.60-.70,
STRK/USDT,2024-09-02,LONG,0.5604,0.3806,0.3943,3,True,3.5996,1.3672,.55-.60,1-1.5x
STRK/USDT,2024-09-04,LONG,0.7438,0.4015,0.3943,1,True,-1.7933,2.1251,.70-.80,2-3x
STRK/USDT,2024-09-07,LONG,0.7063,0.4281,0.4342,1,True,1.4249,1.237,.70-.80,1-1.5x
STRK/USDT,2024-09-09,LONG,0.8514,0.433,0.4028,3,True,-6.9746,0.0524,>.80,
STRK/USDT,2024-09-10,LONG,0.6889,0.3994,0.4028,2,True,0.8513,1.406,.60-.70,1-1.5x
STRK/USDT,2024-09-11,LONG,0.788,0.3844,0.4028,1,True,4.7867,0.674,.70-.80,
STRK/USDT,2024-09-15,LONG,0.7399,0.3897,0.3709,1,True,-4.8242,0.5652,.70-.80,
STRK/USDT,2024-09-17,LONG,0.6085,0.3789,0.3917,2,True,3.3782,0.4755,.60-.70,
STRK/USDT,2024-09-18,LONG,0.7498,0.3898,0.3917,1,True,0.4874,0.6295,.70-.80,
STRK/USDT,2024-09-20,LONG,0.5776,0.4021,0.4373,5,False,8.754,0.5839,.55-.60,
STRK/USDT,2024-09-21,LONG,0.6268,0.4123,0.4373,4,True,6.0635,0.5561,.60-.70,
STRK/USDT,2024-09-22,LONG,0.8244,0.389,0.4373,3,True,12.4165,1.2397,>.80,1-1.5x
STRK/USDT,2024-09-23,LONG,0.5517,0.4036,0.4373,2,True,8.3499,0.8441,.55-.60,
STRK/USDT,2024-09-28,LONG,0.8939,0.464,0.4751,1,True,2.3922,1.0628,>.80,1-1.5x
STRK/USDT,2024-10-01,LONG,0.5937,0.389,0.3698,1,True,-4.9357,2.34,.55-.60,2-3x
STRK/USDT,2024-10-03,LONG,0.7281,0.3631,0.3922,4,True,8.0143,0.3698,.70-.80,
STRK/USDT,2024-10-04,LONG,0.8337,0.3862,0.3922,3,True,1.5536,1.2455,>.80,1-1.5x
STRK/USDT,2024-10-05,LONG,0.7581,0.3855,0.3922,2,True,1.738,0.0357,.70-.80,
STRK/USDT,2024-10-06,LONG,0.6223,0.3979,0.3922,1,True,-1.4325,0.6455,.60-.70,
STRK/USDT,2024-10-08,LONG,0.6126,0.3908,0.39,2,True,-0.2047,0.0721,.60-.70,
STRK/USDT,2024-10-09,LONG,0.7363,0.3757,0.39,1,True,3.8062,0.7687,.70-.80,
STRK/USDT,2024-10-11,LONG,0.665,0.4059,0.4206,2,True,3.6216,0.7965,.60-.70,
STRK/USDT,2024-10-12,LONG,0.7058,0.4218,0.4206,1,True,-0.2845,0.7829,.70-.80,
STRK/USDT,2024-10-15,LONG,0.7747,0.4262,0.4137,1,True,-2.9329,0.6731,.70-.80,
STRK/USDT,2024-10-18,LONG,0.8142,0.405,0.3998,5,False,-1.284,0.6385,>.80,
STRK/USDT,2024-10-19,LONG,0.657,0.4083,0.4016,5,False,-1.641,0.178,.60-.70,
STRK/USDT,2024-10-20,LONG,0.7893,0.4338,0.4016,4,True,-7.4228,1.3792,.70-.80,1-1.5x
STRK/USDT,2024-10-21,LONG,0.7811,0.4158,0.4016,3,True,-3.4151,1.0975,.70-.80,1-1.5x
STRK/USDT,2024-10-22,LONG,0.5996,0.4226,0.4016,2,True,-4.9692,0.4578,.55-.60,
STRK/USDT,2024-10-23,LONG,0.7949,0.3998,0.4016,1,True,0.4502,1.4236,.70-.80,1-1.5x
STRK/USDT,2024-10-26,LONG,0.8067,0.3703,0.379,1,True,2.3494,0.6801,>.80,
STRK/USDT,2024-10-29,LONG,0.6522,0.3943,0.3619,4,True,-8.2171,1.0661,.60-.70,1-1.5x
STRK/USDT,2024-10-30,LONG,0.5679,0.3923,0.3619,3,True,-7.7492,0.12,.55-.60,
STRK/USDT,2024-11-01,LONG,0.6395,0.3671,0.3619,1,True,-1.4165,0.2971,.60-.70,
STRK/USDT,2024-11-04,LONG,0.6401,0.3345,0.4543,5,False,35.8146,0.8373,.60-.70,
STRK/USDT,2024-11-05,LONG,0.5609,0.3472,0.4543,4,True,30.8468,0.9134,.55-.60,
STRK/USDT,2024-11-06,LONG,0.7489,0.3969,0.4543,3,True,14.4621,2.7338,.70-.80,2-3x
STRK/USDT,2024-11-07,LONG,0.6738,0.4117,0.4543,2,True,10.3473,0.7088,.60-.70,
STRK/USDT,2024-11-08,LONG,0.741,0.4065,0.4543,1,True,11.7589,0.2397,.70-.80,
STRK/USDT,2024-11-10,LONG,0.6509,0.4565,0.4707,3,True,3.1106,0.086,.60-.70,
STRK/USDT,2024-11-11,LONG,0.873,0.5495,0.4707,2,True,-14.3403,2.8452,>.80,2-3x
STRK/USDT,2024-11-12,LONG,0.8201,0.5046,0.4707,1,True,-6.7182,1.1152,>.80,1-1.5x
STRK/USDT,2024-11-14,LONG,0.9451,0.4335,0.4466,1,True,3.0219,1.0725,>.80,1-1.5x
STRK/USDT,2024-11-19,LONG,0.8981,0.4792,0.4492,1,True,-6.2604,0.6825,>.80,
STRK/USDT,2024-11-24,LONG,0.6105,0.6107,0.6305,4,True,3.2422,0.7656,.60-.70,
STRK/USDT,2024-11-25,LONG,0.9201,0.5876,0.6305,3,True,7.3009,0.45,>.80,
STRK/USDT,2024-11-26,LONG,0.9188,0.5793,0.6305,2,True,8.8383,0.1762,>.80,
STRK/USDT,2024-11-27,LONG,0.5702,0.6381,0.6305,1,True,-1.191,1.2365,.55-.60,1-1.5x
STRK/USDT,2024-12-01,LONG,0.6492,0.7115,0.7146,4,True,0.4357,0.0213,.60-.70,
STRK/USDT,2024-12-02,LONG,0.663,0.7115,0.7146,3,True,0.4357,0.0,.60-.70,
STRK/USDT,2024-12-07,LONG,0.6437,0.7692,0.6214,2,True,-19.2148,0.3137,.60-.70,
STRK/USDT,2024-12-08,LONG,0.655,0.7758,0.6214,1,True,-19.902,0.1455,.60-.70,
STRK/USDT,2024-12-10,LONG,0.7142,0.6167,0.6548,1,True,6.178,0.103,.70-.80,
STRK/USDT,2024-12-13,LONG,0.6746,0.6585,0.623,1,True,-5.391,0.0669,.60-.70,
STRK/USDT,2024-12-17,LONG,0.5927,0.5867,0.5252,1,True,-10.4824,0.9926,.55-.60,
STRK/USDT,2024-12-20,LONG,0.7171,0.5004,0.4722,1,True,-5.6355,0.4368,.70-.80,
STRK/USDT,2024-12-22,LONG,0.6585,0.466,0.4949,1,True,6.2017,0.2055,.60-.70,
STRK/USDT,2024-12-30,LONG,0.6316,0.4715,0.4792,2,True,1.6331,0.0633,.60-.70,
STRK/USDT,2024-12-31,LONG,0.6146,0.4687,0.4792,1,True,2.2402,0.1366,.60-.70,
STRK/USDT,2025-01-03,LONG,0.6176,0.518,0.4448,5,False,-14.1313,0.9649,.60-.70,
STRK/USDT,2025-01-05,LONG,0.6187,0.5211,0.4363,5,False,-16.2733,0.1755,.60-.70,
STRK/USDT,2025-01-06,LONG,0.6265,0.5211,0.435,5,False,-16.5227,0.0,.60-.70,
STRK/USDT,2025-01-07,LONG,0.6006,0.4654,0.4297,5,False,-7.6708,2.5062,.60-.70,2-3x
STRK/USDT,2025-01-09,LONG,0.5576,0.4269,0.4289,5,False,0.4685,0.9872,.55-.60,
STRK/USDT,2025-01-10,LONG,0.6888,0.4363,0.4472,5,False,2.4983,0.557,.60-.70,
STRK/USDT,2025-01-11,LONG,0.5836,0.435,0.4237,5,False,-2.5977,0.0755,.55-.60,
STRK/USDT,2025-01-13,LONG,0.7022,0.4097,0.4193,5,False,2.3432,1.2695,.70-.80,1-1.5x
STRK/USDT,2025-01-16,LONG,0.6379,0.4237,0.4193,2,True,-1.0385,1.3373,.60-.70,1-1.5x
STRK/USDT,2025-01-20,LONG,0.6966,0.3809,0.3965,1,True,4.0956,0.2736,.60-.70,
STRK/USDT,2025-01-22,LONG,0.7099,0.3727,0.3603,5,False,-3.3271,1.218,.70-.80,1-1.5x
STRK/USDT,2025-01-23,LONG,0.8394,0.3769,0.3603,4,True,-4.4044,0.2358,>.80,
STRK/USDT,2025-01-24,LONG,0.778,0.3662,0.3603,3,True,-1.6111,0.5991,.70-.80,
STRK/USDT,2025-01-26,LONG,0.7906,0.364,0.3603,1,True,-1.0165,0.3847,.70-.80,
STRK/USDT,2025-01-28,LONG,0.7207,0.3248,0.3396,1,True,4.5567,2.123,.70-.80,2-3x
STRK/USDT,2025-01-30,LONG,0.7135,0.3532,0.32,2,True,-9.3998,0.823,.70-.80,
STRK/USDT,2025-01-31,LONG,0.7453,0.3553,0.32,1,True,-9.9353,0.1219,.70-.80,
STRK/USDT,2025-02-03,LONG,0.7711,0.2714,0.2516,2,True,-7.2955,0.6057,.70-.80,
STRK/USDT,2025-02-11,LONG,0.7067,0.2354,0.2288,4,True,-2.8037,0.7079,.70-.80,
STRK/USDT,2025-02-13,LONG,0.7158,0.2336,0.2288,2,True,-2.0548,0.8176,.70-.80,
STRK/USDT,2025-02-14,LONG,0.72,0.2395,0.2288,1,True,-4.4676,0.4038,.70-.80,
STRK/USDT,2025-02-16,LONG,0.6971,0.23,0.2305,1,True,0.2174,0.0832,.60-.70,
STRK/USDT,2025-02-19,LONG,0.6131,0.2255,0.1978,5,False,-12.2838,0.3587,.60-.70,
STRK/USDT,2025-02-23,LONG,0.5508,0.2304,0.2068,2,True,-10.2431,0.4084,.55-.60,
STRK/USDT,2025-02-28,LONG,0.7219,0.2156,0.1979,3,True,-8.2096,0.1002,.70-.80,
STRK/USDT,2025-03-01,LONG,0.7587,0.2073,0.1979,2,True,-4.5345,0.8179,.70-.80,
STRK/USDT,2025-03-02,LONG,0.6541,0.2302,0.1979,1,True,-14.0313,2.0762,.60-.70,2-3x
STRK/USDT,2025-03-11,LONG,0.6733,0.1573,0.1702,2,True,8.2009,1.1862,.60-.70,1-1.5x
STRK/USDT,2025-03-12,LONG,0.7383,0.1686,0.1702,1,True,0.949,0.9988,.70-.80,
STRK/USDT,2025-03-14,LONG,0.6369,0.1754,0.1872,1,True,6.7275,0.4282,.60-.70,
STRK/USDT,2025-03-17,LONG,0.5595,0.1813,0.1765,2,True,-2.6475,0.4481,.55-.60,
STRK/USDT,2025-03-20,LONG,0.6061,0.1677,0.1615,1,True,-3.6971,0.7389,.60-.70,
STRK/USDT,2025-03-22,LONG,0.6832,0.1671,0.169,1,True,1.137,0.5571,.60-.70,
STRK/USDT,2025-03-26,LONG,0.6867,0.176,0.1489,5,False,-15.3977,0.3306,.60-.70,
STRK/USDT,2025-03-27,LONG,0.663,0.1736,0.15,5,False,-13.5945,0.2605,.60-.70,
STRK/USDT,2025-03-28,LONG,0.6204,0.1579,0.15,4,True,-5.0032,1.6335,.60-.70,1.5-2x
STRK/USDT,2025-03-29,LONG,0.5908,0.1475,0.15,3,True,1.6949,1.3078,.55-.60,1-1.5x
STRK/USDT,2025-03-30,LONG,0.654,0.1511,0.15,2,True,-0.728,0.5044,.60-.70,
STRK/USDT,2025-03-31,LONG,0.6407,0.1489,0.15,1,True,0.7388,0.3261,.60-.70,
STRK/USDT,2025-04-02,LONG,0.7036,0.1358,0.1373,1,True,1.1046,2.0731,.70-.80,2-3x
ACE/USDT,2024-08-28,LONG,0.6595,2.181,2.115,3,True,-3.0261,0.0147,.60-.70,
ACE/USDT,2024-08-29,LONG,0.565,2.127,2.115,2,True,-0.5642,0.3997,.55-.60,
ACE/USDT,2024-08-30,LONG,0.6578,2.153,2.115,1,True,-1.765,0.197,.60-.70,
ACE/USDT,2024-09-03,LONG,0.5785,1.969,2.041,5,False,3.6567,1.5518,.55-.60,1.5-2x
ACE/USDT,2024-09-07,LONG,0.598,1.992,2.292,5,False,15.0602,0.6877,.55-.60,
ACE/USDT,2024-09-08,LONG,0.6136,2.041,2.286,5,False,12.0039,0.4969,.60-.70,
ACE/USDT,2024-09-09,LONG,0.6207,2.135,2.286,5,False,7.0726,0.9077,.60-.70,
ACE/USDT,2024-09-12,LONG,0.5883,2.292,2.237,5,False,-2.3997,1.0516,.55-.60,1-1.5x
ACE/USDT,2024-09-13,LONG,0.5811,2.286,2.36,5,False,3.2371,0.0578,.55-.60,
ACE/USDT,2024-09-14,LONG,0.6359,2.286,2.36,5,False,3.2371,0.0,.60-.70,
ACE/USDT,2024-09-15,LONG,0.6078,2.156,2.36,4,True,9.462,1.3075,.60-.70,1-1.5x
ACE/USDT,2024-09-16,LONG,0.5861,2.073,2.36,3,True,13.8447,0.96,.55-.60,
ACE/USDT,2024-09-17,LONG,0.6707,2.237,2.36,2,True,5.4984,1.7982,.60-.70,1.5-2x
ACE/USDT,2024-09-18,LONG,0.7332,2.36,2.36,1,True,0.0,1.2212,.70-.80,1-1.5x
ACE/USDT,2024-09-20,LONG,0.5691,2.371,2.499,5,False,5.3986,0.1043,.55-.60,
ACE/USDT,2024-09-21,LONG,0.681,2.38,2.617,5,False,9.958,0.0908,.60-.70,
ACE/USDT,2024-09-24,LONG,0.5935,2.548,2.65,4,True,4.0031,1.2119,.55-.60,1-1.5x
ACE/USDT,2024-09-25,LONG,0.7402,2.499,2.65,3,True,6.0424,0.5472,.70-.80,
ACE/USDT,2024-10-03,LONG,0.613,1.985,2.126,4,True,7.1033,0.3355,.60-.70,
ACE/USDT,2024-10-04,LONG,0.7519,2.124,2.126,3,True,0.0942,1.2883,.70-.80,1-1.5x
ACE/USDT,2024-10-05,LONG,0.7231,2.113,2.126,2,True,0.6152,0.098,.70-.80,
ACE/USDT,2024-10-06,LONG,0.5751,2.178,2.126,1,True,-2.3875,0.5869,.55-.60,
ACE/USDT,2024-10-10,LONG,0.6784,2.004,2.091,3,True,4.3413,0.2479,.60-.70,
ACE/USDT,2024-10-11,LONG,0.5721,2.112,2.091,2,True,-0.9943,1.0623,.55-.60,1-1.5x
ACE/USDT,2024-10-12,LONG,0.6331,2.118,2.091,1,True,-1.2748,0.0566,.60-.70,
ACE/USDT,2024-10-18,LONG,0.6656,2.213,2.344,4,True,5.9196,1.0551,.60-.70,1-1.5x
ACE/USDT,2024-10-19,LONG,0.6258,2.273,2.344,3,True,3.1236,0.4986,.60-.70,
ACE/USDT,2024-10-20,LONG,0.7594,2.405,2.344,2,True,-2.5364,1.1235,.70-.80,1-1.5x
ACE/USDT,2024-10-21,LONG,0.6868,2.248,2.344,1,True,4.2705,1.4051,.60-.70,1-1.5x
ACE/USDT,2024-10-25,LONG,0.7352,1.949,1.981,1,True,1.6419,2.1983,.70-.80,2-3x
ACE/USDT,2024-10-29,LONG,0.6717,2.153,1.786,5,False,-17.046,1.2775,.60-.70,1-1.5x
ACE/USDT,2024-10-30,LONG,0.6069,2.13,1.719,5,False,-19.2958,0.1974,.60-.70,
ACE/USDT,2024-11-01,LONG,0.6136,1.945,2.083,5,False,7.0951,0.5448,.60-.70,
ACE/USDT,2024-11-02,LONG,0.6204,1.876,2.104,5,False,12.1535,0.6407,.60-.70,
ACE/USDT,2024-11-04,LONG,0.6515,1.719,2.063,4,True,20.0116,0.7553,.60-.70,
ACE/USDT,2024-11-05,LONG,0.5705,1.805,2.063,3,True,14.2936,0.9719,.55-.60,
ACE/USDT,2024-11-06,LONG,0.6511,2.083,2.063,2,True,-0.9602,2.4791,.60-.70,2-3x
ACE/USDT,2024-11-07,LONG,0.6124,2.104,2.063,1,True,-1.9487,0.1658,.60-.70,
ACE/USDT,2024-11-09,LONG,0.6713,2.21,2.116,5,False,-4.2534,1.1617,.60-.70,1-1.5x
ACE/USDT,2024-11-10,LONG,0.5927,2.316,2.134,5,False,-7.8584,0.7934,.55-.60,
ACE/USDT,2024-11-11,LONG,0.7717,2.511,2.134,4,True,-15.0139,1.346,.70-.80,1-1.5x
ACE/USDT,2024-11-12,LONG,0.7365,2.3,2.134,3,True,-7.2174,1.3219,.70-.80,1-1.5x
ACE/USDT,2024-11-13,LONG,0.7996,2.149,2.134,2,True,-0.698,1.0034,.70-.80,1-1.5x
ACE/USDT,2024-11-14,LONG,0.8861,2.116,2.134,1,True,0.8507,0.2585,>.80,
ACE/USDT,2024-11-18,LONG,0.6984,2.451,2.12,2,True,-13.5047,0.0331,.60-.70,
ACE/USDT,2024-11-19,LONG,0.8635,2.318,2.12,1,True,-8.5418,0.8583,>.80,
ACE/USDT,2024-11-21,LONG,0.6477,2.585,2.465,1,True,-4.6422,2.7392,.60-.70,2-3x
ACE/USDT,2024-11-25,LONG,0.8383,2.718,2.572,1,True,-5.3716,0.6067,>.80,
ACE/USDT,2024-11-27,LONG,0.5706,2.914,2.87,1,True,-1.51,1.6332,.55-.60,1.5-2x
ACE/USDT,2024-11-29,LONG,0.8582,2.877,3.119,1,True,8.4115,0.0303,>.80,
ACE/USDT,2024-12-02,LONG,0.6007,3.284,3.395,1,True,3.38,0.7239,.60-.70,
ACE/USDT,2024-12-05,LONG,0.7371,3.357,3.624,3,True,7.9535,0.2619,.70-.80,
ACE/USDT,2024-12-06,LONG,0.6808,3.5,3.624,2,True,3.5429,0.5845,.60-.70,
ACE/USDT,2024-12-07,LONG,0.8167,3.499,3.624,1,True,3.5724,0.0039,>.80,
ACE/USDT,2024-12-10,LONG,0.5712,2.613,2.902,1,True,11.0601,0.7538,.55-.60,
ACE/USDT,2024-12-12,LONG,0.8819,2.94,2.718,2,True,-7.551,0.1679,>.80,
ACE/USDT,2024-12-13,LONG,0.6589,2.891,2.718,1,True,-5.9841,0.2168,.60-.70,
ACE/USDT,2024-12-17,LONG,0.5541,2.447,2.244,1,True,-8.2959,1.275,.55-.60,1-1.5x
ACE/USDT,2024-12-23,LONG,0.7555,2.165,2.266,1,True,4.6651,0.7794,.70-.80,
ACE/USDT,2024-12-25,LONG,0.5663,2.248,2.107,5,False,-6.2722,0.1029,.55-.60,
ACE/USDT,2024-12-27,LONG,0.5929,2.099,2.082,4,True,-0.8099,0.1749,.55-.60,
ACE/USDT,2024-12-29,LONG,0.5894,2.054,2.082,2,True,1.3632,0.9206,.55-.60,
ACE/USDT,2024-12-30,LONG,0.5528,2.107,2.082,1,True,-1.1865,0.4257,.55-.60,
ACE/USDT,2025-01-02,LONG,0.5971,2.174,1.954,5,False,-10.1196,0.4137,.55-.60,
ACE/USDT,2025-01-03,LONG,0.659,2.265,1.826,5,False,-19.3819,0.7654,.60-.70,
ACE/USDT,2025-01-06,LONG,0.5769,2.239,1.816,4,True,-18.8924,0.0719,.55-.60,
ACE/USDT,2025-01-07,LONG,0.5882,1.954,1.816,3,True,-7.0624,2.3413,.55-.60,2-3x
ACE/USDT,2025-01-09,LONG,0.576,1.769,1.816,1,True,2.6569,0.6392,.55-.60,
ACE/USDT,2025-01-11,LONG,0.5687,1.804,1.785,1,True,-1.0532,0.1402,.55-.60,
ACE/USDT,2025-01-13,LONG,0.7489,1.705,1.821,1,True,6.8035,1.0339,.70-.80,1-1.5x
ACE/USDT,2025-01-16,LONG,0.7293,1.851,1.657,5,False,-10.4808,0.7927,.70-.80,
ACE/USDT,2025-01-17,LONG,0.6925,1.951,1.657,4,True,-15.0692,1.1361,.60-.70,1-1.5x
ACE/USDT,2025-01-18,LONG,0.81,1.8,1.657,3,True,-7.9444,1.5805,>.80,1.5-2x
ACE/USDT,2025-01-19,LONG,0.7771,1.659,1.657,2,True,-0.1206,1.5368,.70-.80,1.5-2x
ACE/USDT,2025-01-20,LONG,0.9372,1.598,1.657,1,True,3.6921,0.7167,>.80,
ACE/USDT,2025-01-25,LONG,0.6745,1.568,1.488,2,True,-5.102,0.2549,.60-.70,
ACE/USDT,2025-01-26,LONG,0.9239,1.552,1.488,1,True,-4.1237,0.2021,>.80,
ACE/USDT,2025-01-28,LONG,0.7385,1.346,1.399,1,True,3.9376,2.0672,.70-.80,2-3x
ACE/USDT,2025-01-30,LONG,0.8859,1.452,1.28,2,True,-11.8457,0.7893,>.80,
ACE/USDT,2025-01-31,LONG,0.8149,1.467,1.28,1,True,-12.7471,0.2143,>.80,
ACE/USDT,2025-02-03,LONG,0.9977,1.017,0.913,2,True,-10.2262,0.3479,>.80,
ACE/USDT,2025-02-04,LONG,0.8753,0.942,0.913,1,True,-3.0786,1.2029,>.80,1-1.5x
ACE/USDT,2025-02-09,LONG,0.8225,0.907,0.928,1,True,2.3153,0.0695,>.80,
ACE/USDT,2025-02-11,LONG,0.7306,0.914,0.959,4,True,4.9234,0.2389,.70-.80,
ACE/USDT,2025-02-12,LONG,0.6809,1.052,0.959,3,True,-8.8403,2.0298,.60-.70,2-3x
ACE/USDT,2025-02-14,LONG,0.6099,1.009,0.959,1,True,-4.9554,0.0268,.60-.70,
ACE/USDT,2025-02-16,LONG,0.5935,0.965,0.94,1,True,-2.5907,0.084,.55-.60,
ACE/USDT,2025-02-20,LONG,0.5788,1.0369,1.0574,3,True,1.977,1.3079,.55-.60,1-1.5x
ACE/USDT,2025-02-26,LONG,0.5613,0.9842,0.9592,2,True,-2.5401,0.7315,.55-.60,
ACE/USDT,2025-03-14,LONG,0.5503,0.6772,0.7343,5,False,8.4318,0.6226,.55-.60,
ACE/USDT,2025-03-27,LONG,0.5566,0.7266,0.6039,5,False,-16.8869,0.0434,.55-.60,
JTO/USDT,2024-08-28,LONG,0.552,2.365,2.352,1,True,-0.5497,0.5371,.55-.60,
JTO/USDT,2024-08-31,LONG,0.5637,2.209,2.099,3,True,-4.9796,0.2769,.55-.60,
JTO/USDT,2024-09-02,LONG,0.6101,2.194,2.099,1,True,-4.33,1.238,.60-.70,1-1.5x
JTO/USDT,2024-09-04,LONG,0.553,2.169,1.984,1,True,-8.5293,0.7773,.55-.60,
JTO/USDT,2024-09-07,LONG,0.5877,1.934,2.001,3,True,3.4643,0.0339,.55-.60,
JTO/USDT,2024-09-08,LONG,0.7598,2.026,2.001,2,True,-1.234,1.0209,.70-.80,1-1.5x
JTO/USDT,2024-09-09,LONG,0.6831,2.059,2.001,1,True,-2.8169,0.3492,.60-.70,
JTO/USDT,2024-09-11,LONG,0.7026,1.906,2.068,2,True,8.4995,1.0059,.70-.80,1-1.5x
JTO/USDT,2024-09-12,LONG,0.615,1.999,2.068,1,True,3.4517,1.2066,.60-.70,1-1.5x
JTO/USDT,2024-09-15,LONG,0.6064,1.941,1.894,1,True,-2.4214,0.8369,.60-.70,
JTO/USDT,2024-09-17,LONG,0.5714,2.025,2.098,1,True,3.6049,1.605,.55-.60,1.5-2x
JTO/USDT,2024-09-20,LONG,0.5771,2.297,2.4,4,True,4.4841,0.8996,.55-.60,
JTO/USDT,2024-09-21,LONG,0.75,2.28,2.4,3,True,5.2632,0.1714,.70-.80,
JTO/USDT,2024-09-22,LONG,0.7337,2.15,2.4,2,True,11.6279,1.3023,.70-.80,1-1.5x
JTO/USDT,2024-09-27,LONG,0.6257,2.492,2.48,1,True,-0.4815,0.6327,.60-.70,
JTO/USDT,2024-09-29,LONG,0.6234,2.497,1.991,4,True,-20.2643,0.1643,.60-.70,
JTO/USDT,2024-09-30,LONG,0.8197,2.291,1.991,3,True,-13.0947,1.7961,>.80,1.5-2x
JTO/USDT,2024-10-01,LONG,0.5631,2.1,1.991,2,True,-5.1905,1.7078,.55-.60,1.5-2x
JTO/USDT,2024-10-02,LONG,0.6389,2.059,1.991,1,True,-3.3026,0.4063,.60-.70,
JTO/USDT,2024-10-19,LONG,0.8416,2.281,2.171,2,True,-4.8224,0.4909,>.80,
JTO/USDT,2024-10-20,LONG,0.8813,2.337,2.171,1,True,-7.1031,0.4718,>.80,
JTO/USDT,2024-10-25,LONG,0.8079,2.166,2.479,3,True,14.4506,1.7652,>.80,1.5-2x
JTO/USDT,2024-10-27,LONG,0.9696,2.49,2.479,1,True,-0.4418,1.6424,>.80,1.5-2x
JTO/USDT,2024-10-29,LONG,0.8371,2.453,2.289,2,True,-6.6857,0.1781,>.80,
JTO/USDT,2024-10-30,LONG,0.6079,2.371,2.289,1,True,-3.4585,0.5611,.60-.70,
JTO/USDT,2024-11-04,LONG,0.6993,1.856,2.353,2,True,26.778,1.3775,.60-.70,1-1.5x
JTO/USDT,2024-11-05,LONG,0.7685,1.992,2.353,1,True,18.1225,1.299,.70-.80,1-1.5x
JTO/USDT,2024-11-07,LONG,0.9539,2.821,3.134,2,True,11.0954,2.4477,>.80,2-3x
JTO/USDT,2024-11-08,LONG,0.5531,2.946,3.134,1,True,6.3815,0.5438,.55-.60,
JTO/USDT,2024-11-10,LONG,0.9883,3.062,3.134,3,True,2.3514,0.2868,>.80,
JTO/USDT,2024-11-11,LONG,0.9704,3.062,3.134,2,True,2.3514,0.0,>.80,
JTO/USDT,2024-11-12,LONG,0.7445,3.016,3.134,1,True,3.9125,0.1871,.70-.80,
JTO/USDT,2024-11-16,LONG,0.9342,2.748,2.859,1,True,4.0393,0.3009,>.80,
JTO/USDT,2024-11-18,LONG,0.7038,2.946,2.909,1,True,-1.2559,0.3835,.70-.80,
JTO/USDT,2024-11-22,LONG,0.6954,3.631,3.447,4,True,-5.0675,0.8329,.60-.70,
JTO/USDT,2024-11-23,LONG,0.6566,3.573,3.447,3,True,-3.5264,0.1776,.60-.70,
JTO/USDT,2024-11-24,LONG,0.6021,3.781,3.447,2,True,-8.8336,0.674,.60-.70,
JTO/USDT,2024-11-25,LONG,0.8866,3.519,3.447,1,True,-2.046,0.7762,>.80,
JTO/USDT,2024-11-28,LONG,0.7627,3.56,3.606,5,False,1.2921,0.4046,.70-.80,
JTO/USDT,2024-11-29,LONG,0.5863,3.714,3.606,4,True,-2.9079,0.5996,.55-.60,
JTO/USDT,2024-12-02,LONG,0.6843,3.593,3.606,1,True,0.3618,0.7311,.60-.70,
JTO/USDT,2024-12-06,LONG,0.7077,3.49,3.606,3,True,3.3238,0.4912,.70-.80,
JTO/USDT,2024-12-13,LONG,0.6905,3.978,3.675,1,True,-7.6169,0.41,.60-.70,
JTO/USDT,2024-12-17,LONG,0.6026,3.351,2.908,5,False,-13.2199,0.8442,.60-.70,
JTO/USDT,2024-12-20,LONG,0.6263,3.081,3.13,3,True,1.5904,1.3998,.60-.70,1-1.5x
JTO/USDT,2024-12-21,LONG,0.5833,2.891,3.13,2,True,8.267,1.1104,.55-.60,1-1.5x
JTO/USDT,2024-12-22,LONG,0.6863,2.908,3.13,1,True,7.6341,0.1073,.60-.70,
JTO/USDT,2025-01-14,LONG,0.5677,2.488,2.965,5,False,19.172,0.6277,.55-.60,
JTO/USDT,2025-01-18,LONG,0.6305,3.207,3.078,4,True,-4.0225,1.2107,.60-.70,1-1.5x
JTO/USDT,2025-01-19,LONG,0.639,2.965,3.078,3,True,3.8111,1.2831,.60-.70,1-1.5x
JTO/USDT,2025-01-20,LONG,0.6907,2.92,3.078,2,True,5.411,0.2582,.60-.70,
JTO/USDT,2025-01-21,LONG,0.8156,2.986,3.078,1,True,3.081,0.3875,>.80,
JTO/USDT,2025-01-25,LONG,0.8115,2.879,2.902,2,True,0.7989,0.7114,>.80,
JTO/USDT,2025-01-28,LONG,0.6,2.836,3.0,4,True,5.7828,0.3812,.55-.60,
JTO/USDT,2025-01-29,LONG,0.6117,3.231,3.0,3,True,-7.1495,2.2124,.60-.70,2-3x
JTO/USDT,2025-01-30,LONG,0.6388,3.354,3.0,2,True,-10.5546,0.6047,.60-.70,
JTO/USDT,2025-01-31,LONG,0.8168,3.391,3.0,1,True,-11.5305,0.1762,>.80,
JTO/USDT,2025-02-05,LONG,0.6723,2.627,2.499,1,True,-4.8725,1.4997,.60-.70,1-1.5x
JTO/USDT,2025-02-07,LONG,0.6474,2.47,2.53,1,True,2.4291,0.1835,.60-.70,
JTO/USDT,2025-02-11,LONG,0.6329,2.626,3.058,5,False,16.4509,0.4222,.60-.70,
JTO/USDT,2025-02-13,LONG,0.5727,3.027,2.717,4,True,-10.2412,0.1812,.55-.60,
JTO/USDT,2025-02-14,LONG,0.6018,3.208,2.717,3,True,-15.3055,0.8931,.60-.70,
JTO/USDT,2025-02-15,LONG,0.7895,3.153,2.717,2,True,-13.8281,0.2552,.70-.80,
JTO/USDT,2025-02-16,LONG,0.6428,3.058,2.717,1,True,-11.1511,0.4453,.60-.70,
JTO/USDT,2025-02-18,LONG,0.6247,2.64,2.959,4,True,12.0833,0.4382,.60-.70,
JTO/USDT,2025-02-19,LONG,0.5711,2.592,2.959,3,True,14.159,0.2851,.55-.60,
JTO/USDT,2025-02-20,LONG,0.827,2.736,2.959,2,True,8.1506,0.8503,>.80,
JTO/USDT,2025-02-21,LONG,0.9239,2.932,2.959,1,True,0.9209,1.1446,>.80,1-1.5x
JTO/USDT,2025-02-23,LONG,0.7106,2.785,2.505,1,True,-10.0539,0.9775,.70-.80,
JTO/USDT,2025-03-04,LONG,0.711,2.374,2.697,1,True,13.6057,0.2004,.70-.80,
JTO/USDT,2025-03-07,LONG,0.8945,2.472,2.324,1,True,-5.9871,0.8052,>.80,
JTO/USDT,2025-03-09,LONG,0.6498,2.141,2.232,5,False,4.2504,1.0667,.60-.70,1-1.5x
JTO/USDT,2025-03-10,LONG,0.7633,2.116,2.231,5,False,5.4348,0.1585,.70-.80,
JTO/USDT,2025-03-11,LONG,0.8058,2.15,2.093,5,False,-2.6512,0.2176,>.80,
JTO/USDT,2025-03-14,LONG,0.6953,2.232,2.265,5,False,1.4785,0.5798,.60-.70,
JTO/USDT,2025-03-15,LONG,0.6771,2.231,2.265,4,True,1.524,0.0064,.60-.70,
JTO/USDT,2025-03-17,LONG,0.563,2.205,2.265,2,True,2.7211,0.7808,.55-.60,
JTO/USDT,2025-03-18,LONG,0.5558,2.163,2.265,1,True,4.7157,0.2777,.55-.60,
JTO/USDT,2025-03-20,LONG,0.573,2.146,2.13,2,True,-0.7456,0.7513,.55-.60,
JTO/USDT,2025-03-21,LONG,0.5659,2.133,2.13,1,True,-0.1406,0.0872,.55-.60,
JTO/USDT,2025-03-23,LONG,0.6166,2.18,2.217,5,False,1.6972,0.4701,.60-.70,
JTO/USDT,2025-03-25,LONG,0.6284,2.417,2.228,4,True,-7.8196,1.6705,.60-.70,1.5-2x
JTO/USDT,2025-03-26,LONG,0.6092,2.377,2.228,3,True,-6.2684,0.3888,.60-.70,
JTO/USDT,2025-03-27,LONG,0.6043,2.39,2.228,2,True,-6.7782,0.1351,.60-.70,
JTO/USDT,2025-03-28,LONG,0.6593,2.217,2.228,1,True,0.4962,1.7433,.60-.70,1.5-2x
JTO/USDT,2025-04-01,LONG,0.6526,2.296,1.988,2,True,-13.4146,0.6507,.60-.70,
JTO/USDT,2025-04-06,LONG,0.5944,1.559,1.713,3,True,9.8781,2.3082,.55-.60,2-3x
ORDI/USDT,2024-08-29,LONG,0.7085,27.325,27.531,2,True,0.7539,0.2599,.70-.80,
ORDI/USDT,2024-08-30,LONG,0.719,27.949,27.531,1,True,-1.4956,0.3276,.70-.80,
ORDI/USDT,2024-09-01,LONG,0.6998,26.075,30.984,2,True,18.8265,0.9168,.60-.70,
ORDI/USDT,2024-09-02,LONG,0.5735,31.332,30.984,1,True,-1.1107,2.7175,.55-.60,2-3x
ORDI/USDT,2024-09-05,LONG,0.7126,28.892,28.001,1,True,-3.0839,0.8649,.70-.80,
ORDI/USDT,2024-09-10,LONG,0.7101,30.33,33.081,4,True,9.0702,0.2006,.70-.80,
ORDI/USDT,2024-09-11,LONG,0.7276,29.489,33.081,3,True,12.1808,0.3914,.70-.80,
ORDI/USDT,2024-09-12,LONG,0.6765,31.097,33.081,2,True,6.38,0.8432,.60-.70,
ORDI/USDT,2024-09-17,LONG,0.5712,30.495,34.227,3,True,12.2381,0.1815,.55-.60,
ORDI/USDT,2024-09-18,LONG,0.7371,31.7,34.227,2,True,7.9716,0.6782,.70-.80,
ORDI/USDT,2024-09-19,LONG,0.7486,34.172,34.227,1,True,0.161,1.2948,.70-.80,1-1.5x
ORDI/USDT,2024-09-29,LONG,0.6697,39.791,33.722,2,True,-15.2522,0.154,.60-.70,
ORDI/USDT,2024-09-30,LONG,0.7122,37.365,33.722,1,True,-9.7498,1.3108,.70-.80,1-1.5x
ORDI/USDT,2024-10-02,LONG,0.6087,32.178,32.209,1,True,0.0963,0.88,.60-.70,
ORDI/USDT,2024-10-10,LONG,0.7505,33.145,35.103,2,True,5.9074,0.2088,.70-.80,
ORDI/USDT,2024-10-11,LONG,0.6234,34.738,35.103,1,True,1.0507,0.9209,.60-.70,
ORDI/USDT,2024-10-16,LONG,0.6484,36.359,37.37,2,True,2.7806,0.8467,.60-.70,
ORDI/USDT,2024-10-17,LONG,0.7169,35.583,37.37,1,True,5.0221,0.4137,.70-.80,
ORDI/USDT,2024-10-20,LONG,0.7866,37.988,35.011,2,True,-7.8367,0.5182,.70-.80,
ORDI/USDT,2024-10-21,LONG,0.8188,35.425,35.011,1,True,-1.1687,1.3815,>.80,1-1.5x
ORDI/USDT,2024-10-28,LONG,0.7167,34.206,36.336,1,True,6.227,0.5502,.70-.80,
ORDI/USDT,2024-10-30,LONG,0.6415,34.944,32.97,3,True,-5.649,0.7643,.60-.70,
ORDI/USDT,2024-10-31,LONG,0.8222,33.679,32.97,2,True,-2.1052,0.7277,>.80,
ORDI/USDT,2024-11-01,LONG,0.7013,33.084,32.97,1,True,-0.3446,0.3546,.70-.80,
ORDI/USDT,2024-11-03,LONG,0.6803,31.393,30.232,1,True,-3.6983,1.1334,.60-.70,1-1.5x
ORDI/USDT,2024-11-05,LONG,0.5698,31.27,35.857,1,True,14.669,0.8042,.55-.60,
ORDI/USDT,2024-11-08,LONG,0.7898,35.532,39.674,2,True,11.6571,0.0589,.70-.80,
ORDI/USDT,2024-11-09,LONG,0.7451,37.863,39.674,1,True,4.783,1.1919,.70-.80,1-1.5x
ORDI/USDT,2024-11-11,LONG,0.9421,45.773,41.651,1,True,-9.0053,2.4607,>.80,2-3x
ORDI/USDT,2024-11-14,LONG,0.9622,38.034,38.702,1,True,1.7563,1.1069,>.80,1-1.5x
ORDI/USDT,2024-11-18,LONG,0.7553,38.745,37.723,1,True,-2.6378,0.4409,.70-.80,
ORDI/USDT,2024-11-22,LONG,0.803,38.974,40.672,1,True,4.3568,0.5286,>.80,
ORDI/USDT,2024-11-24,LONG,0.7806,39.894,41.081,5,False,2.9754,0.3025,.70-.80,
ORDI/USDT,2024-11-25,LONG,0.831,39.423,43.246,5,False,9.6974,0.1863,>.80,
ORDI/USDT,2024-11-26,LONG,0.9053,37.588,41.083,5,False,9.2982,0.8265,>.80,
ORDI/USDT,2024-11-27,LONG,0.8717,40.281,40.268,5,False,-0.0323,1.2299,>.80,1-1.5x
ORDI/USDT,2024-11-28,LONG,0.8555,41.426,47.426,5,False,14.4837,0.487,>.80,
ORDI/USDT,2024-11-29,LONG,0.81,41.081,47.426,4,True,15.4451,0.1463,>.80,
ORDI/USDT,2024-11-30,LONG,0.6601,43.246,47.426,3,True,9.6656,0.9223,.60-.70,
ORDI/USDT,2024-12-01,LONG,0.8476,41.083,47.426,2,True,15.4395,1.0741,>.80,1-1.5x
ORDI/USDT,2024-12-02,LONG,0.6058,40.268,47.426,1,True,17.7759,0.47,.60-.70,
ORDI/USDT,2024-12-05,LONG,0.8083,47.106,48.652,2,True,3.282,0.2401,>.80,
ORDI/USDT,2024-12-06,LONG,0.8763,47.601,48.652,1,True,2.2079,0.1905,>.80,
ORDI/USDT,2024-12-08,LONG,0.8735,48.568,33.367,2,True,-31.2984,0.0318,>.80,
ORDI/USDT,2024-12-11,LONG,0.8208,36.115,36.481,2,True,1.0134,1.044,>.80,1-1.5x
ORDI/USDT,2024-12-12,LONG,0.8962,36.623,36.481,1,True,-0.3877,0.179,>.80,
ORDI/USDT,2024-12-17,LONG,0.6409,34.052,29.715,1,True,-12.7364,0.4631,.60-.70,
ORDI/USDT,2024-12-20,LONG,0.6494,27.881,27.635,3,True,-0.8823,0.9946,.60-.70,
ORDI/USDT,2024-12-21,LONG,0.6612,26.075,27.635,2,True,5.9827,0.7389,.60-.70,
ORDI/USDT,2024-12-22,LONG,0.7227,26.593,27.635,1,True,3.9183,0.2255,.70-.80,
ORDI/USDT,2024-12-28,LONG,0.5913,27.264,28.087,5,False,3.0186,0.4985,.55-.60,
ORDI/USDT,2024-12-29,LONG,0.5721,26.244,29.163,5,False,11.1225,0.574,.55-.60,
ORDI/USDT,2025-01-05,LONG,0.5521,29.179,26.12,5,False,-10.4836,0.078,.55-.60,
ORDI/USDT,2025-01-07,LONG,0.6058,25.31,25.5,5,False,0.7507,2.4815,.60-.70,2-3x
ORDI/USDT,2025-01-09,LONG,0.5633,23.835,24.37,4,True,2.2446,0.2423,.55-.60,
ORDI/USDT,2025-01-10,LONG,0.664,26.12,24.37,3,True,-6.6998,1.8884,.60-.70,1.5-2x
ORDI/USDT,2025-01-11,LONG,0.5701,26.025,24.37,2,True,-6.3593,0.0719,.55-.60,
ORDI/USDT,2025-01-15,LONG,0.5818,26.829,24.481,3,True,-8.7517,0.9754,.55-.60,
ORDI/USDT,2025-01-16,LONG,0.5984,26.272,24.481,2,True,-6.8171,0.411,.55-.60,
ORDI/USDT,2025-01-21,LONG,0.6906,20.212,20.304,1,True,0.4552,0.9195,.60-.70,
ORDI/USDT,2025-01-24,LONG,0.6971,19.802,17.176,4,True,-13.2613,0.3786,.60-.70,
ORDI/USDT,2025-01-25,LONG,0.6155,20.368,17.176,3,True,-15.6716,0.431,.60-.70,
ORDI/USDT,2025-01-26,LONG,0.7506,19.586,17.176,2,True,-12.3047,0.5808,.70-.80,
ORDI/USDT,2025-01-27,LONG,0.6098,18.788,17.176,1,True,-8.5799,0.6859,.60-.70,
ORDI/USDT,2025-01-29,LONG,0.622,18.127,17.349,3,True,-4.2919,0.8918,.60-.70,
ORDI/USDT,2025-01-30,LONG,0.6038,19.173,17.349,2,True,-9.5134,0.9761,.60-.70,
ORDI/USDT,2025-01-31,LONG,0.6298,19.871,17.349,1,True,-12.6919,0.6053,.60-.70,
ORDI/USDT,2025-02-09,LONG,0.6581,12.216,12.593,5,False,3.0861,0.051,.60-.70,
ORDI/USDT,2025-02-11,LONG,0.7536,11.224,12.256,4,True,9.1946,0.9373,.70-.80,
ORDI/USDT,2025-02-12,LONG,0.6332,11.977,12.256,3,True,2.3295,0.9389,.60-.70,
ORDI/USDT,2025-02-14,LONG,0.8688,12.593,12.256,1,True,-2.6761,0.8731,>.80,
ORDI/USDT,2025-02-17,LONG,0.6524,12.291,11.685,1,True,-4.9304,0.0997,.60-.70,
ORDI/USDT,2025-02-19,LONG,0.629,12.611,12.912,2,True,2.3868,1.1101,.60-.70,1-1.5x
ORDI/USDT,2025-02-20,LONG,0.5517,12.831,12.912,1,True,0.6313,0.2466,.55-.60,
ORDI/USDT,2025-02-22,LONG,0.6199,13.132,12.692,5,False,-3.3506,0.3516,.60-.70,
ORDI/USDT,2025-02-23,LONG,0.6997,12.872,12.289,5,False,-4.5292,0.4085,.60-.70,
ORDI/USDT,2025-02-24,LONG,0.9187,10.639,12.289,4,True,15.509,2.8473,>.80,2-3x
ORDI/USDT,2025-02-25,LONG,0.6971,11.698,12.289,3,True,5.0521,1.5311,.60-.70,1.5-2x
ORDI/USDT,2025-02-26,LONG,0.8848,12.316,12.289,2,True,-0.2192,0.8493,>.80,
ORDI/USDT,2025-02-27,LONG,0.927,12.692,12.289,1,True,-3.1752,0.4892,>.80,
ORDI/USDT,2025-03-01,LONG,0.8814,11.292,13.067,1,True,15.7191,1.2918,>.80,1-1.5x
ORDI/USDT,2025-03-03,LONG,0.8334,11.099,10.723,2,True,-3.3877,1.9124,>.80,1.5-2x
ORDI/USDT,2025-03-04,LONG,0.8828,11.15,10.723,1,True,-3.8296,0.0595,>.80,
ORDI/USDT,2025-03-07,LONG,0.9182,9.201,9.232,1,True,0.3369,1.3635,>.80,1-1.5x
ORDI/USDT,2025-03-11,LONG,0.5943,8.496,8.802,1,True,3.6017,0.1955,.55-.60,
ORDI/USDT,2025-03-13,LONG,0.883,8.611,9.169,5,False,6.4801,0.2636,>.80,
ORDI/USDT,2025-03-14,LONG,0.6251,9.15,9.169,4,True,0.2077,0.7458,.60-.70,
ORDI/USDT,2025-03-15,LONG,0.7632,9.461,9.169,3,True,-3.0864,0.4017,.70-.80,
ORDI/USDT,2025-03-16,LONG,0.7328,9.115,9.169,2,True,0.5924,0.4816,.70-.80,
ORDI/USDT,2025-03-19,LONG,0.6367,9.994,9.819,1,True,-1.7511,1.1977,.60-.70,1-1.5x
ORDI/USDT,2025-03-21,LONG,0.6591,9.574,10.108,1,True,5.5776,0.3412,.60-.70,
ORDI/USDT,2025-03-23,LONG,0.6356,9.926,10.124,2,True,1.9948,0.326,.60-.70,
ORDI/USDT,2025-03-24,LONG,0.5633,10.304,10.124,1,True,-1.7469,0.6799,.55-.60,
ORDI/USDT,2025-03-27,LONG,0.715,9.295,8.339,3,True,-10.2851,0.402,.70-.80,
ORDI/USDT,2025-03-28,LONG,0.6201,8.708,8.339,2,True,-4.2375,1.1886,.60-.70,1-1.5x
ORDI/USDT,2025-04-02,LONG,0.7591,6.987,7.189,1,True,2.8911,2.5761,.70-.80,2-3x
SATS/USDT,2024-08-29,LONG,0.8123,0.0,0.0,1,True,-0.6327,0.0538,>.80,
SATS/USDT,2024-09-04,LONG,0.7774,0.0,0.0,2,True,0.3285,0.4463,.70-.80,
SATS/USDT,2024-09-05,LONG,0.7776,0.0,0.0,1,True,1.3608,0.1264,.70-.80,
SATS/USDT,2024-09-07,LONG,0.6774,0.0,0.0,1,True,-2.3802,1.0537,.60-.70,1-1.5x
SATS/USDT,2024-09-17,LONG,0.5803,0.0,0.0,1,True,2.3513,0.0958,.55-.60,
SATS/USDT,2024-09-20,LONG,0.7138,0.0,0.0,2,True,-2.3209,0.1645,.70-.80,
SATS/USDT,2024-09-21,LONG,0.638,0.0,0.0,1,True,-6.2621,0.8195,.60-.70,
SATS/USDT,2024-09-23,LONG,0.7327,0.0,0.0,2,True,2.6725,0.4399,.70-.80,
SATS/USDT,2024-09-29,LONG,0.6277,0.0,0.0,1,True,-10.3428,0.0418,.60-.70,
SATS/USDT,2024-10-01,LONG,0.5711,0.0,0.0,1,True,-5.0619,2.3183,.55-.60,2-3x
SATS/USDT,2024-10-05,LONG,0.7272,0.0,0.0,2,True,4.5438,0.1891,.70-.80,
SATS/USDT,2024-10-06,LONG,0.6416,0.0,0.0,1,True,-4.0342,1.5337,.60-.70,1.5-2x
SATS/USDT,2024-10-10,LONG,0.7609,0.0,0.0,2,True,3.8476,0.4289,.70-.80,
SATS/USDT,2024-10-11,LONG,0.5894,0.0,0.0,1,True,0.7176,0.5198,.55-.60,
SATS/USDT,2024-10-13,LONG,0.7126,0.0,0.0,3,True,-0.4636,0.0184,.70-.80,
SATS/USDT,2024-10-15,LONG,0.7512,0.0,0.0,1,True,-3.2918,0.6757,.70-.80,
SATS/USDT,2024-10-17,LONG,0.7137,0.0,0.0,1,True,2.3364,0.059,.70-.80,
SATS/USDT,2024-10-21,LONG,0.7711,0.0,0.0,1,True,-1.0557,1.4307,.70-.80,1-1.5x
SATS/USDT,2024-10-24,LONG,0.7123,0.0,0.0,3,True,-8.5146,0.741,.70-.80,
SATS/USDT,2024-10-25,LONG,0.5525,0.0,0.0,2,True,3.2599,2.3986,.55-.60,2-3x
SATS/USDT,2024-10-26,LONG,0.599,0.0,0.0,1,True,3.5229,0.0604,.55-.60,
SATS/USDT,2024-10-28,LONG,0.6621,0.0,0.0,2,True,3.4385,0.3164,.60-.70,
SATS/USDT,2024-10-29,LONG,0.6335,0.0,0.0,1,True,-2.7757,1.4579,.60-.70,1-1.5x
SATS/USDT,2024-11-02,LONG,0.6042,0.0,0.0,2,True,-12.333,0.4362,.60-.70,
SATS/USDT,2024-11-05,LONG,0.5961,0.0,0.0,5,False,33.0157,1.3526,.55-.60,1-1.5x
SATS/USDT,2024-11-06,LONG,0.8288,0.0,0.0,4,True,12.3089,2.8003,>.80,2-3x
SATS/USDT,2024-11-08,LONG,0.7564,0.0,0.0,2,True,15.3719,0.1869,.70-.80,
SATS/USDT,2024-11-09,LONG,0.8196,0.0,0.0,1,True,6.9322,1.1607,>.80,1-1.5x
SATS/USDT,2024-11-12,LONG,0.7979,0.0,0.0,3,True,-5.4764,1.4447,.70-.80,1-1.5x
SATS/USDT,2024-11-13,LONG,0.9555,0.0,0.0,2,True,-5.4054,0.0103,>.80,
SATS/USDT,2024-11-14,LONG,0.9321,0.0,0.0,1,True,-0.2375,0.7497,>.80,
SATS/USDT,2024-11-22,LONG,0.6174,0.0,0.0,4,True,-3.4095,0.529,.60-.70,
SATS/USDT,2024-11-23,LONG,0.6876,0.0,0.0,3,True,-4.7845,0.2173,.60-.70,
SATS/USDT,2024-11-25,LONG,0.6157,0.0,0.0,1,True,-5.3459,0.0917,.60-.70,
SATS/USDT,2024-12-01,LONG,0.7347,0.0,0.0,5,False,6.2456,0.7947,.70-.80,
SATS/USDT,2024-12-02,LONG,0.8307,0.0,0.0,4,True,10.3575,0.8168,>.80,
SATS/USDT,2024-12-03,LONG,0.6137,0.0,0.0,3,True,-5.2232,2.8197,.60-.70,2-3x
SATS/USDT,2024-12-04,LONG,0.6898,0.0,0.0,2,True,-1.3834,0.6754,.60-.70,
SATS/USDT,2024-12-05,LONG,0.6873,0.0,0.0,1,True,0.7064,0.3577,.60-.70,
SATS/USDT,2024-12-11,LONG,0.6033,0.0,0.0,1,True,-1.9111,0.8035,.60-.70,
SATS/USDT,2024-12-15,LONG,0.5532,0.0,0.0,1,True,-1.2864,0.5217,.55-.60,
SATS/USDT,2024-12-17,LONG,0.6194,0.0,0.0,1,True,-11.1687,1.0471,.60-.70,1-1.5x
SATS/USDT,2024-12-20,LONG,0.6833,0.0,0.0,3,True,0.0,1.1129,.60-.70,1-1.5x
SATS/USDT,2024-12-21,LONG,0.6449,0.0,0.0,2,True,5.251,0.6276,.60-.70,
SATS/USDT,2024-12-22,LONG,0.7545,0.0,0.0,1,True,4.2882,0.1159,.70-.80,
SATS/USDT,2024-12-24,LONG,0.5782,0.0,0.0,3,True,-4.7824,0.2918,.55-.60,
SATS/USDT,2024-12-25,LONG,0.7518,0.0,0.0,2,True,-2.6908,0.3092,.70-.80,
SATS/USDT,2024-12-31,LONG,0.6383,0.0,0.0,4,True,6.7039,0.1579,.60-.70,
SATS/USDT,2025-01-03,LONG,0.6502,0.0,0.0,1,True,-1.343,0.9808,.60-.70,
SATS/USDT,2025-01-06,LONG,0.5716,0.0,0.0,5,False,-22.4319,0.0725,.55-.60,
SATS/USDT,2025-01-09,LONG,0.5587,0.0,0.0,3,True,1.768,0.6106,.55-.60,
SATS/USDT,2025-01-10,LONG,0.7309,0.0,0.0,2,True,-4.1306,1.0437,.70-.80,1-1.5x
SATS/USDT,2025-01-11,LONG,0.7189,0.0,0.0,1,True,-2.7703,0.2376,.70-.80,
SATS/USDT,2025-01-13,LONG,0.8479,0.0,0.0,1,True,4.062,1.0116,>.80,1-1.5x
SATS/USDT,2025-01-15,LONG,0.7396,0.0,0.0,2,True,-0.0674,0.8773,.70-.80,
SATS/USDT,2025-01-16,LONG,0.7689,0.0,0.0,1,True,5.7816,0.923,.70-.80,
SATS/USDT,2025-01-20,LONG,0.6216,0.0,0.0,2,True,16.1116,0.1621,.60-.70,
SATS/USDT,2025-01-21,LONG,0.8151,0.0,0.0,1,True,6.0855,1.2229,>.80,1-1.5x
SATS/USDT,2025-01-23,LONG,0.687,0.0,0.0,4,True,-0.8264,0.4074,.60-.70,
SATS/USDT,2025-01-24,LONG,0.839,0.0,0.0,3,True,1.227,0.26,>.80,
SATS/USDT,2025-01-25,LONG,0.7733,0.0,0.0,2,True,-6.4493,1.0127,.70-.80,1-1.5x
SATS/USDT,2025-01-26,LONG,0.5712,0.0,0.0,1,True,0.7634,0.8726,.55-.60,
SATS/USDT,2025-01-29,LONG,0.7576,0.0,0.0,1,True,10.7595,1.7847,.70-.80,1.5-2x
SATS/USDT,2025-01-31,LONG,0.6214,0.0,0.0,1,True,-10.2026,0.1486,.60-.70,
SATS/USDT,2025-02-03,LONG,0.8211,0.0,0.0,1,True,-3.7296,0.1429,>.80,
SATS/USDT,2025-02-05,LONG,0.6736,0.0,0.0,2,True,-0.5696,0.093,.60-.70,
SATS/USDT,2025-02-06,LONG,0.9291,0.0,0.0,1,True,-0.1634,0.0475,>.80,
SATS/USDT,2025-02-10,LONG,0.5694,0.0,0.0,5,False,1.76,0.3235,.55-.60,
SATS/USDT,2025-02-11,LONG,0.6288,0.0,0.0,4,True,2.498,0.1046,.60-.70,
SATS/USDT,2025-02-12,LONG,0.6192,0.0,0.0,3,True,0.7924,0.2469,.60-.70,
SATS/USDT,2025-02-14,LONG,0.6609,0.0,0.0,1,True,-1.6241,0.4951,.60-.70,
SATS/USDT,2025-02-18,LONG,0.5956,0.0,0.0,5,False,0.0,0.0825,.55-.60,
SATS/USDT,2025-02-25,LONG,0.5637,0.0,0.0,1,True,10.1681,1.4873,.55-.60,1-1.5x
SATS/USDT,2025-03-02,LONG,0.6383,0.0,0.0,1,True,-7.8125,1.7411,.60-.70,1.5-2x
SATS/USDT,2025-03-04,LONG,0.6228,0.0,0.0,2,True,-0.3231,0.0206,.60-.70,
SATS/USDT,2025-03-05,LONG,0.6584,0.0,0.0,1,True,-0.4036,0.0206,.60-.70,
SATS/USDT,2025-03-09,LONG,0.5727,0.0,0.0,3,True,0.5738,0.2161,.55-.60,
SATS/USDT,2025-03-14,LONG,0.5736,0.0,0.0,1,True,-0.5682,0.2638,.55-.60,
SATS/USDT,2025-03-28,LONG,0.9471,0.0,0.0,3,True,-20.6174,0.216,>.80,
SATS/USDT,2025-03-29,LONG,0.8961,0.0,0.0,2,True,-13.3574,1.342,>.80,1-1.5x
SATS/USDT,2025-03-30,LONG,0.9348,0.0,0.0,1,True,-14.0811,0.1344,>.80,
NOT/USDT,2024-08-28,LONG,0.8869,0.008908,0.008536,1,True,-4.176,0.5793,>.80,
NOT/USDT,2024-08-30,LONG,0.734,0.008345,0.008381,1,True,0.4314,0.4338,.70-.80,
NOT/USDT,2024-09-02,LONG,0.6541,0.008424,0.007531,3,True,-10.6007,1.1285,.60-.70,1-1.5x
NOT/USDT,2024-09-07,LONG,0.5842,0.007656,0.008302,3,True,8.4378,0.8188,.55-.60,
NOT/USDT,2024-09-09,LONG,0.6427,0.008334,0.008302,1,True,-0.384,1.2991,.60-.70,1-1.5x
NOT/USDT,2024-09-12,LONG,0.6659,0.007775,0.007921,1,True,1.8778,0.152,.60-.70,
NOT/USDT,2024-09-18,LONG,0.6444,0.007566,0.007796,1,True,3.0399,0.414,.60-.70,
NOT/USDT,2024-09-20,LONG,0.6443,0.007641,0.007656,3,True,0.1963,0.4935,.60-.70,
NOT/USDT,2024-09-21,LONG,0.5969,0.007651,0.007656,2,True,0.0654,0.0337,.55-.60,
NOT/USDT,2024-09-22,LONG,0.7056,0.007341,0.007656,1,True,4.291,1.0861,.70-.80,1-1.5x
NOT/USDT,2024-09-26,LONG,0.5688,0.008518,0.009975,1,True,17.105,0.2161,.55-.60,
NOT/USDT,2024-09-28,LONG,0.8074,0.009303,0.008455,2,True,-9.1153,1.218,>.80,1-1.5x
NOT/USDT,2024-09-29,LONG,0.6965,0.009216,0.008455,1,True,-8.2574,0.1743,.60-.70,
NOT/USDT,2024-10-01,LONG,0.6816,0.007513,0.007475,3,True,-0.5058,1.8398,.60-.70,1.5-2x
NOT/USDT,2024-10-02,LONG,0.6962,0.007382,0.007475,2,True,1.2598,0.2875,.60-.70,
NOT/USDT,2024-10-03,LONG,0.7393,0.00712,0.007475,1,True,4.986,0.5824,.70-.80,
NOT/USDT,2024-10-06,LONG,0.5602,0.007741,0.008012,1,True,3.5008,0.9927,.55-.60,
NOT/USDT,2024-10-11,LONG,0.5878,0.007711,0.007882,1,True,2.2176,0.7648,.55-.60,
NOT/USDT,2024-10-17,LONG,0.6813,0.007805,0.008179,1,True,4.7918,0.8336,.60-.70,
NOT/USDT,2024-10-19,LONG,0.5884,0.00825,0.00796,3,True,-3.5152,0.1704,.55-.60,
NOT/USDT,2024-10-20,LONG,0.6931,0.008437,0.00796,2,True,-5.6537,0.4745,.60-.70,
NOT/USDT,2024-10-24,LONG,0.6305,0.007688,0.007023,3,True,-8.6498,0.4073,.60-.70,
NOT/USDT,2024-10-26,LONG,0.6457,0.006738,0.007023,1,True,4.2297,0.4342,.60-.70,
NOT/USDT,2024-10-29,LONG,0.5961,0.007138,0.006487,2,True,-9.1202,0.2995,.55-.60,
NOT/USDT,2024-10-30,LONG,0.6143,0.006886,0.006487,1,True,-5.7944,0.7066,.60-.70,
NOT/USDT,2024-11-02,LONG,0.6294,0.006315,0.005925,1,True,-6.1758,0.6021,.60-.70,
NOT/USDT,2024-11-04,LONG,0.5886,0.005655,0.00624,4,True,10.3448,0.9973,.55-.60,
NOT/USDT,2024-11-05,LONG,0.5587,0.006022,0.00624,3,True,3.6201,1.3379,.55-.60,1-1.5x
NOT/USDT,2024-11-06,LONG,0.7212,0.006622,0.00624,2,True,-5.7686,1.8393,.70-.80,1.5-2x
NOT/USDT,2024-11-07,LONG,0.5679,0.00649,0.00624,1,True,-3.8521,0.3785,.55-.60,
NOT/USDT,2024-11-09,LONG,0.5672,0.007647,0.007867,2,True,2.8769,3.0132,.55-.60,3-5x
NOT/USDT,2024-11-10,LONG,0.6796,0.007592,0.007867,1,True,3.6222,0.0973,.60-.70,
NOT/USDT,2024-11-12,LONG,0.9615,0.007601,0.007334,1,True,-3.5127,0.4578,>.80,
NOT/USDT,2024-11-14,LONG,0.6238,0.007561,0.007487,1,True,-0.9787,0.4658,.60-.70,
NOT/USDT,2024-11-17,LONG,0.872,0.00755,0.007787,1,True,3.1391,0.3046,>.80,
NOT/USDT,2024-11-19,LONG,0.8967,0.007424,0.007407,2,True,-0.229,0.6946,>.80,
NOT/USDT,2024-11-20,LONG,0.8193,0.006928,0.007407,1,True,6.914,0.9886,>.80,
NOT/USDT,2024-11-22,LONG,0.7265,0.007298,0.008763,3,True,20.074,0.2142,.70-.80,
NOT/USDT,2024-11-23,LONG,0.7068,0.008034,0.008763,2,True,9.0739,1.4518,.70-.80,1-1.5x
NOT/USDT,2024-11-24,LONG,0.7408,0.009398,0.008763,1,True,-6.7568,2.2458,.70-.80,2-3x
NOT/USDT,2024-11-28,LONG,0.7332,0.008797,0.009247,2,True,5.1154,0.1927,.70-.80,
NOT/USDT,2024-11-29,LONG,0.8456,0.009026,0.009247,1,True,2.4485,0.4431,>.80,
NOT/USDT,2024-12-01,LONG,0.7708,0.008946,0.009478,2,True,5.9468,0.55,.70-.80,
NOT/USDT,2024-12-02,LONG,0.7754,0.008692,0.009478,1,True,9.0428,0.4813,.70-.80,
NOT/USDT,2024-12-06,LONG,0.598,0.009662,0.009895,1,True,2.4115,0.3313,.55-.60,
NOT/USDT,2024-12-08,LONG,0.7911,0.009885,0.007591,1,True,-23.2069,0.0168,.70-.80,
NOT/USDT,2024-12-11,LONG,0.7562,0.008337,0.00825,2,True,-1.0435,1.4935,.70-.80,1-1.5x
NOT/USDT,2024-12-12,LONG,0.8131,0.008336,0.00825,1,True,-1.0317,0.0015,>.80,
NOT/USDT,2024-12-17,LONG,0.6116,0.007457,0.006822,1,True,-8.5155,0.7791,.60-.70,
NOT/USDT,2024-12-20,LONG,0.638,0.00661,0.006649,3,True,0.59,0.8053,.60-.70,
NOT/USDT,2024-12-21,LONG,0.6384,0.006249,0.006649,2,True,6.401,0.7435,.60-.70,
NOT/USDT,2024-12-22,LONG,0.6253,0.006243,0.006649,1,True,6.5033,0.0131,.60-.70,
NOT/USDT,2024-12-29,LONG,0.578,0.006246,0.006853,5,False,9.7182,0.7988,.55-.60,
NOT/USDT,2025-01-02,LONG,0.5928,0.006573,0.006789,2,True,3.2862,0.4637,.55-.60,
NOT/USDT,2025-01-05,LONG,0.5518,0.006834,0.00653,5,False,-4.4483,0.1462,.55-.60,
NOT/USDT,2025-01-10,LONG,0.5752,0.00653,0.006549,5,False,0.291,2.6377,.55-.60,2-3x
NOT/USDT,2025-01-11,LONG,0.664,0.00654,0.006549,4,True,0.1376,0.031,.60-.70,
NOT/USDT,2025-01-13,LONG,0.6378,0.006274,0.006549,2,True,4.3832,0.1945,.60-.70,
NOT/USDT,2025-01-14,LONG,0.7278,0.006264,0.006549,1,True,4.5498,0.034,.70-.80,
NOT/USDT,2025-01-16,LONG,0.5846,0.006134,0.005912,2,True,-3.6192,1.3335,.55-.60,1-1.5x
NOT/USDT,2025-01-17,LONG,0.685,0.006439,0.005912,1,True,-8.1845,1.0215,.60-.70,1-1.5x
NOT/USDT,2025-01-19,LONG,0.623,0.005303,0.005307,2,True,0.0754,1.8387,.60-.70,1.5-2x
NOT/USDT,2025-01-20,LONG,0.7309,0.005213,0.005307,1,True,1.8032,0.3036,.70-.80,
NOT/USDT,2025-01-23,LONG,0.7989,0.005088,0.004916,1,True,-3.3805,0.4434,.70-.80,
NOT/USDT,2025-01-26,LONG,0.6196,0.004902,0.004477,5,False,-8.6699,0.0788,.60-.70,
NOT/USDT,2025-01-28,LONG,0.6143,0.00409,0.003966,4,True,-3.0318,1.7076,.60-.70,1.5-2x
NOT/USDT,2025-01-29,LONG,0.5528,0.004311,0.003966,3,True,-8.0028,0.9518,.55-.60,
NOT/USDT,2025-01-30,LONG,0.664,0.004402,0.003966,2,True,-9.9046,0.453,.60-.70,
NOT/USDT,2025-01-31,LONG,0.6343,0.004477,0.003966,1,True,-11.4139,0.362,.60-.70,
NOT/USDT,2025-02-06,LONG,0.9447,0.002539,0.002568,1,True,1.1422,1.5629,>.80,1.5-2x
NOT/USDT,2025-02-10,LONG,0.7543,0.002874,0.003135,4,True,9.0814,0.0787,.70-.80,
NOT/USDT,2025-02-11,LONG,0.7215,0.002849,0.003135,3,True,10.0386,0.1303,.70-.80,
NOT/USDT,2025-02-12,LONG,0.8262,0.003119,0.003135,2,True,0.513,1.3133,>.80,1-1.5x
NOT/USDT,2025-02-13,LONG,0.889,0.003102,0.003135,1,True,1.0638,0.0755,>.80,
NOT/USDT,2025-02-17,LONG,0.8774,0.002956,0.002954,1,True,-0.0677,0.3824,>.80,
NOT/USDT,2025-02-19,LONG,0.9011,0.002862,0.00302,1,True,5.5206,0.4675,>.80,
NOT/USDT,2025-02-22,LONG,0.729,0.003092,0.002937,1,True,-5.0129,1.8728,.70-.80,1.5-2x
NOT/USDT,2025-02-26,LONG,0.7762,0.002729,0.002858,2,True,4.727,1.1254,.70-.80,1-1.5x
NOT/USDT,2025-03-02,LONG,0.6833,0.003192,0.002667,1,True,-16.4474,2.3643,.60-.70,2-3x
NOT/USDT,2025-03-04,LONG,0.8202,0.002778,0.002574,2,True,-7.3434,0.5392,>.80,
NOT/USDT,2025-03-05,LONG,0.85,0.002595,0.002574,1,True,-0.8092,0.8395,>.80,
NOT/USDT,2025-03-07,LONG,0.833,0.002359,0.00233,1,True,-1.2293,1.0436,>.80,1-1.5x
NOT/USDT,2025-03-13,LONG,0.9151,0.002037,0.002434,5,False,19.4894,0.7055,>.80,
NOT/USDT,2025-03-14,LONG,0.7543,0.002147,0.002398,5,False,11.6907,0.6337,.70-.80,
NOT/USDT,2025-03-15,LONG,0.5556,0.002522,0.002398,4,True,-4.9167,1.8466,.55-.60,1.5-2x
NOT/USDT,2025-03-16,LONG,0.6489,0.002355,0.002398,3,True,1.8259,0.741,.60-.70,
NOT/USDT,2025-03-18,LONG,0.8874,0.002434,0.002398,1,True,-1.479,0.161,>.80,
NOT/USDT,2025-03-23,LONG,0.6544,0.002499,0.002623,1,True,4.962,0.1507,.60-.70,
NOT/USDT,2025-03-26,LONG,0.6747,0.002672,0.002271,5,False,-15.0075,0.0167,.60-.70,
NOT/USDT,2025-03-27,LONG,0.6201,0.002677,0.002271,5,False,-15.1662,0.0294,.60-.70,
NOT/USDT,2025-03-31,LONG,0.602,0.002271,0.002102,2,True,-7.4417,0.0895,.60-.70,
NOT/USDT,2025-04-05,LONG,0.6063,0.00201,0.001824,5,False,-9.2537,0.4093,.60-.70,
ETHFI/USDT,2024-08-28,LONG,0.5629,1.345,1.35,2,True,0.3717,0.3429,.55-.60,
ETHFI/USDT,2024-08-29,LONG,0.5802,1.335,1.35,1,True,1.1236,0.1274,.55-.60,
ETHFI/USDT,2024-09-05,LONG,0.5634,1.272,1.344,5,False,5.6604,0.0641,.55-.60,
ETHFI/USDT,2024-09-07,LONG,0.594,1.251,1.352,5,False,8.0735,0.3321,.55-.60,
ETHFI/USDT,2024-09-08,LONG,0.6646,1.299,1.397,5,False,7.5443,0.7701,.60-.70,
ETHFI/USDT,2024-09-09,LONG,0.6158,1.35,1.397,4,True,3.4815,0.778,.60-.70,
ETHFI/USDT,2024-09-11,LONG,0.6683,1.293,1.397,2,True,8.0433,0.768,.60-.70,
ETHFI/USDT,2024-09-12,LONG,0.6109,1.352,1.397,1,True,3.3284,0.9888,.60-.70,
ETHFI/USDT,2024-09-18,LONG,0.6891,1.411,1.534,5,False,8.7172,1.2706,.60-.70,1-1.5x
ETHFI/USDT,2024-09-19,LONG,0.722,1.461,1.578,5,False,8.0082,0.8262,.70-.80,
ETHFI/USDT,2024-09-21,LONG,0.6879,1.553,1.578,3,True,1.6098,1.0281,.60-.70,1-1.5x
ETHFI/USDT,2024-09-22,LONG,0.8247,1.468,1.578,2,True,7.4932,1.3813,>.80,1-1.5x
ETHFI/USDT,2024-09-23,LONG,0.554,1.534,1.578,1,True,2.8683,1.1915,.55-.60,1-1.5x
ETHFI/USDT,2024-09-29,LONG,0.5683,1.766,1.769,1,True,0.1699,0.9806,.55-.60,
ETHFI/USDT,2024-10-01,LONG,0.6753,1.475,1.472,5,False,-0.2034,2.6513,.60-.70,2-3x
ETHFI/USDT,2024-10-02,LONG,0.7381,1.406,1.47,5,False,4.5519,0.7401,.70-.80,
ETHFI/USDT,2024-10-03,LONG,0.8631,1.353,1.452,5,False,7.3171,0.5939,>.80,
ETHFI/USDT,2024-10-04,LONG,0.8649,1.443,1.382,5,False,-4.2273,1.027,>.80,1-1.5x
ETHFI/USDT,2024-10-05,LONG,0.8023,1.405,1.38,5,False,-1.7794,0.4118,>.80,
ETHFI/USDT,2024-10-06,LONG,0.8695,1.472,1.464,5,False,-0.5435,0.7452,>.80,
ETHFI/USDT,2024-10-07,LONG,0.8923,1.47,1.481,5,False,0.7483,0.0217,>.80,
ETHFI/USDT,2024-10-08,LONG,0.5976,1.452,1.488,5,False,2.4793,0.1987,.55-.60,
ETHFI/USDT,2024-10-09,LONG,0.778,1.382,1.488,4,True,7.67,0.7754,.70-.80,
ETHFI/USDT,2024-10-10,LONG,0.7464,1.38,1.488,3,True,7.8261,0.0234,.70-.80,
ETHFI/USDT,2024-10-11,LONG,0.6564,1.464,1.488,2,True,1.6393,0.9686,.60-.70,
ETHFI/USDT,2024-10-12,LONG,0.7713,1.481,1.488,1,True,0.4727,0.1885,.70-.80,
ETHFI/USDT,2024-10-16,LONG,0.7868,1.665,1.639,2,True,-1.5616,0.8208,.70-.80,
ETHFI/USDT,2024-10-17,LONG,0.8492,1.571,1.639,1,True,4.3285,0.9086,>.80,
ETHFI/USDT,2024-10-19,LONG,0.7508,1.637,1.622,3,True,-0.9163,0.0199,.70-.80,
ETHFI/USDT,2024-10-20,LONG,0.886,1.747,1.622,2,True,-7.1551,1.0614,>.80,1-1.5x
ETHFI/USDT,2024-10-21,LONG,0.5627,1.639,1.622,1,True,-1.0372,1.187,.55-.60,1-1.5x
ETHFI/USDT,2024-10-26,LONG,0.8287,1.412,1.413,1,True,0.0708,1.026,>.80,1-1.5x
ETHFI/USDT,2024-10-29,LONG,0.6896,1.495,1.529,1,True,2.2742,0.8571,.60-.70,
ETHFI/USDT,2024-11-01,LONG,0.6235,1.397,1.226,3,True,-12.2405,0.4251,.60-.70,
ETHFI/USDT,2024-11-02,LONG,0.7318,1.335,1.226,2,True,-8.1648,0.7225,.70-.80,
ETHFI/USDT,2024-11-03,LONG,0.781,1.267,1.226,1,True,-3.236,0.9558,.70-.80,
ETHFI/USDT,2024-11-05,LONG,0.8013,1.306,1.577,3,True,20.7504,1.2025,>.80,1-1.5x
ETHFI/USDT,2024-11-06,LONG,0.6981,1.523,1.577,2,True,3.5456,2.5197,.60-.70,2-3x
ETHFI/USDT,2024-11-07,LONG,0.7298,1.59,1.577,1,True,-0.8176,0.6669,.70-.80,
ETHFI/USDT,2024-11-09,LONG,0.7629,1.679,1.871,2,True,11.4354,0.982,.70-.80,
ETHFI/USDT,2024-11-10,LONG,0.6602,1.82,1.871,1,True,2.8022,1.2587,.60-.70,1-1.5x
ETHFI/USDT,2024-11-12,LONG,0.8217,1.694,1.533,3,True,-9.5041,1.3571,>.80,1-1.5x
ETHFI/USDT,2024-11-13,LONG,0.9013,1.569,1.533,2,True,-2.2945,1.0248,>.80,1-1.5x
ETHFI/USDT,2024-11-14,LONG,0.9359,1.453,1.533,1,True,5.5058,1.125,>.80,1-1.5x
ETHFI/USDT,2024-11-21,LONG,0.7083,1.909,2.247,4,True,17.7056,2.953,.70-.80,2-3x
ETHFI/USDT,2024-11-22,LONG,0.5771,1.87,2.247,3,True,20.1604,0.2096,.55-.60,
ETHFI/USDT,2024-11-23,LONG,0.772,2.096,2.247,2,True,7.2042,1.2288,.70-.80,1-1.5x
ETHFI/USDT,2024-11-24,LONG,0.7625,2.206,2.247,1,True,1.8586,0.5391,.70-.80,
ETHFI/USDT,2024-11-26,LONG,0.923,2.164,2.347,3,True,8.4566,0.3978,>.80,
ETHFI/USDT,2024-11-28,LONG,0.9454,2.382,2.347,1,True,-1.4694,0.5913,>.80,
ETHFI/USDT,2024-12-03,LONG,0.716,2.617,2.717,1,True,3.8212,0.1435,.70-.80,
ETHFI/USDT,2024-12-05,LONG,0.8757,2.659,2.959,3,True,11.2824,0.2318,>.80,
ETHFI/USDT,2024-12-06,LONG,0.8511,2.963,2.959,2,True,-0.135,1.2308,>.80,1-1.5x
ETHFI/USDT,2024-12-07,LONG,0.8652,2.962,2.959,1,True,-0.1013,0.0038,>.80,
ETHFI/USDT,2024-12-09,LONG,0.8465,2.392,2.609,5,False,9.0719,1.9174,>.80,1.5-2x
ETHFI/USDT,2024-12-10,LONG,0.6259,2.38,2.609,4,True,9.6218,0.0512,.60-.70,
ETHFI/USDT,2024-12-12,LONG,0.8532,2.72,2.609,2,True,-4.0809,0.5094,>.80,
ETHFI/USDT,2024-12-13,LONG,0.6181,2.681,2.609,1,True,-2.6856,0.1917,.60-.70,
ETHFI/USDT,2024-12-16,LONG,0.594,2.816,2.433,2,True,-13.6009,0.2519,.55-.60,
ETHFI/USDT,2024-12-17,LONG,0.5676,2.615,2.433,1,True,-6.9598,1.0554,.55-.60,1-1.5x
ETHFI/USDT,2024-12-20,LONG,0.675,2.137,1.95,2,True,-8.7506,0.401,.60-.70,
ETHFI/USDT,2024-12-21,LONG,0.6516,1.964,1.95,1,True,-0.7128,1.077,.60-.70,1-1.5x
ETHFI/USDT,2024-12-24,LONG,0.5714,2.127,2.054,1,True,-3.4321,0.1755,.55-.60,
ETHFI/USDT,2024-12-28,LONG,0.5526,2.094,2.235,5,False,6.7335,0.5704,.55-.60,
ETHFI/USDT,2024-12-29,LONG,0.594,1.984,2.393,5,False,20.6149,0.8297,.55-.60,
ETHFI/USDT,2025-01-09,LONG,0.5634,1.87,1.922,1,True,2.7807,0.6661,.55-.60,
ETHFI/USDT,2025-01-11,LONG,0.55,1.907,1.787,2,True,-6.2926,0.1428,.50-.55,
ETHFI/USDT,2025-01-12,LONG,0.5755,1.863,1.787,1,True,-4.0794,0.4451,.55-.60,
ETHFI/USDT,2025-01-16,LONG,0.5853,2.024,1.887,2,True,-6.7688,0.2609,.55-.60,
ETHFI/USDT,2025-01-20,LONG,0.6339,1.785,1.832,1,True,2.6331,0.0603,.60-.70,
ETHFI/USDT,2025-01-24,LONG,0.7011,1.686,1.61,3,True,-4.5077,0.7262,.70-.80,
ETHFI/USDT,2025-01-26,LONG,0.6886,1.67,1.61,1,True,-3.5928,0.4688,.60-.70,
ETHFI/USDT,2025-01-28,LONG,0.6343,1.44,1.531,1,True,6.3194,2.1277,.60-.70,2-3x
ETHFI/USDT,2025-01-30,LONG,0.6252,1.583,1.448,2,True,-8.5281,0.6487,.60-.70,
ETHFI/USDT,2025-01-31,LONG,0.657,1.645,1.448,1,True,-11.9757,0.7331,.60-.70,
ETHFI/USDT,2025-02-03,LONG,0.6341,1.285,1.162,2,True,-9.572,1.2605,.60-.70,1-1.5x
ETHFI/USDT,2025-02-06,LONG,0.9488,1.087,1.09,1,True,0.276,0.9406,>.80,
ETHFI/USDT,2025-02-10,LONG,0.796,1.129,1.187,2,True,5.1373,0.1875,.70-.80,
ETHFI/USDT,2025-02-11,LONG,0.7989,1.096,1.187,1,True,8.3029,0.4384,.70-.80,
ETHFI/USDT,2025-02-13,LONG,0.6307,1.17,1.178,1,True,0.6838,0.204,.60-.70,
ETHFI/USDT,2025-02-16,LONG,0.7164,1.097,1.146,1,True,4.4667,0.1788,.70-.80,
ETHFI/USDT,2025-02-19,LONG,0.6241,1.114,1.161,1,True,4.219,0.3039,.60-.70,
ETHFI/USDT,2025-02-23,LONG,0.6808,1.152,0.969,4,True,-15.8854,0.3825,.60-.70,
ETHFI/USDT,2025-02-25,LONG,0.6517,0.966,0.969,2,True,0.3106,0.3047,.60-.70,
ETHFI/USDT,2025-02-26,LONG,0.6033,0.956,0.969,1,True,1.3598,0.193,.60-.70,
ETHFI/USDT,2025-02-28,LONG,0.9039,0.949,0.926,1,True,-2.4236,0.3911,>.80,
ETHFI/USDT,2025-03-03,LONG,0.8356,0.853,0.843,1,True,-1.1723,2.5541,>.80,2-3x
ETHFI/USDT,2025-03-08,LONG,0.6838,0.7961,0.6733,1,True,-15.4252,0.1866,.60-.70,
ETHFI/USDT,2025-03-11,LONG,0.8948,0.675,0.6842,1,True,1.363,0.5512,>.80,
ETHFI/USDT,2025-03-14,LONG,0.8518,0.6872,0.6615,2,True,-3.7398,0.4183,>.80,
ETHFI/USDT,2025-03-15,LONG,0.8515,0.701,0.6615,1,True,-5.6348,0.2605,>.80,
ETHFI/USDT,2025-03-17,LONG,0.6286,0.6871,0.673,1,True,-2.0521,0.5574,.60-.70,
ETHFI/USDT,2025-03-20,LONG,0.6982,0.661,0.6391,1,True,-3.3132,0.891,.60-.70,
ETHFI/USDT,2025-03-23,LONG,0.7181,0.6553,0.6905,2,True,5.3716,0.093,.70-.80,
ETHFI/USDT,2025-03-24,LONG,0.7043,0.6879,0.6905,1,True,0.378,1.0082,.70-.80,1-1.5x
ETHFI/USDT,2025-03-27,LONG,0.6406,0.6896,0.578,4,True,-16.1833,0.4736,.60-.70,
ETHFI/USDT,2025-03-28,LONG,0.8048,0.6196,0.578,3,True,-6.714,1.8944,>.80,1.5-2x
ETHFI/USDT,2025-03-29,LONG,0.6222,0.5914,0.578,2,True,-2.2658,1.066,.60-.70,1-1.5x
ETHFI/USDT,2025-03-30,LONG,0.8609,0.5887,0.578,1,True,-1.8176,0.1088,>.80,
ETHFI/USDT,2025-04-04,LONG,0.9677,0.5187,0.5198,1,True,0.2121,0.1278,>.80,
AEVO/USDT,2024-08-29,LONG,0.5954,0.3266,0.3243,2,True,-0.7042,0.2603,.55-.60,
AEVO/USDT,2024-08-30,LONG,0.6721,0.3278,0.3243,1,True,-1.0677,0.0582,.60-.70,
AEVO/USDT,2024-09-04,LONG,0.5647,0.3213,0.3409,5,False,6.1002,0.6886,.55-.60,
AEVO/USDT,2024-09-05,LONG,0.5546,0.3086,0.3377,5,False,9.4297,0.6668,.55-.60,
AEVO/USDT,2024-09-07,LONG,0.641,0.3158,0.3406,5,False,7.8531,0.7749,.60-.70,
AEVO/USDT,2024-09-08,LONG,0.6449,0.3274,0.3506,5,False,7.0861,0.6058,.60-.70,
AEVO/USDT,2024-09-09,LONG,0.6239,0.3409,0.3506,4,True,2.8454,0.6718,.60-.70,
AEVO/USDT,2024-09-11,LONG,0.6842,0.333,0.3506,2,True,5.2853,0.2432,.60-.70,
AEVO/USDT,2024-09-12,LONG,0.6158,0.3406,0.3506,1,True,2.936,0.4581,.60-.70,
AEVO/USDT,2024-09-15,LONG,0.5633,0.3292,0.3194,1,True,-2.9769,1.2409,.55-.60,1-1.5x
AEVO/USDT,2024-09-17,LONG,0.6291,0.3664,0.376,1,True,2.6201,2.8743,.60-.70,2-3x
AEVO/USDT,2024-09-20,LONG,0.6803,0.3981,0.3807,2,True,-4.3708,0.7524,.60-.70,
AEVO/USDT,2024-09-21,LONG,0.758,0.3958,0.3807,1,True,-3.8151,0.1194,.70-.80,
AEVO/USDT,2024-09-27,LONG,0.641,0.434,0.3923,3,True,-9.6083,0.4132,.60-.70,
AEVO/USDT,2024-09-29,LONG,0.5611,0.4265,0.3923,1,True,-8.0188,0.2173,.55-.60,
AEVO/USDT,2024-10-03,LONG,0.6512,0.32,0.3374,2,True,5.4375,0.4412,.60-.70,
AEVO/USDT,2024-10-04,LONG,0.8107,0.3391,0.3374,1,True,-0.5013,0.9693,>.80,
AEVO/USDT,2024-10-06,LONG,0.6845,0.3455,0.3298,2,True,-4.5441,0.4006,.60-.70,
AEVO/USDT,2024-10-07,LONG,0.8452,0.34,0.3298,1,True,-3.0,0.3189,>.80,
AEVO/USDT,2024-10-11,LONG,0.5799,0.3366,0.3482,2,True,3.4462,1.014,.55-.60,1-1.5x
AEVO/USDT,2024-10-12,LONG,0.6914,0.3443,0.3482,1,True,1.1327,0.4542,.60-.70,
AEVO/USDT,2024-10-19,LONG,0.6841,0.3585,0.3575,5,False,-0.2789,0.0219,.60-.70,
AEVO/USDT,2024-10-20,LONG,0.7919,0.3963,0.3575,4,True,-9.7906,1.9566,.70-.80,1.5-2x
AEVO/USDT,2024-10-21,LONG,0.5879,0.3804,0.3575,3,True,-6.02,0.9186,.55-.60,
AEVO/USDT,2024-10-22,LONG,0.7041,0.3755,0.3575,2,True,-4.7936,0.2977,.70-.80,
AEVO/USDT,2024-10-23,LONG,0.843,0.361,0.3575,1,True,-0.9695,0.8805,>.80,
AEVO/USDT,2024-10-29,LONG,0.6587,0.3443,0.3193,2,True,-7.2611,0.9074,.60-.70,
AEVO/USDT,2024-10-30,LONG,0.7345,0.336,0.3193,1,True,-4.9702,0.5002,.70-.80,
AEVO/USDT,2024-11-02,LONG,0.6391,0.3039,0.3343,5,False,10.0033,0.3884,.60-.70,
AEVO/USDT,2024-11-04,LONG,0.6749,0.2793,0.3253,4,True,16.4697,0.6564,.60-.70,
AEVO/USDT,2024-11-05,LONG,0.5557,0.2918,0.3253,3,True,11.4805,0.9661,.55-.60,
AEVO/USDT,2024-11-06,LONG,0.7132,0.3216,0.3253,2,True,1.1505,1.9674,.70-.80,1.5-2x
AEVO/USDT,2024-11-07,LONG,0.6383,0.3343,0.3253,1,True,-2.6922,0.7789,.60-.70,
AEVO/USDT,2024-11-10,LONG,0.5833,0.3658,0.4,1,True,9.3494,1.0964,.55-.60,1-1.5x
AEVO/USDT,2024-11-12,LONG,0.8688,0.3709,0.3436,3,True,-7.3605,1.3331,>.80,1-1.5x
AEVO/USDT,2024-11-13,LONG,0.8885,0.3495,0.3436,2,True,-1.6881,1.027,>.80,1-1.5x
AEVO/USDT,2024-11-14,LONG,0.9358,0.3316,0.3436,1,True,3.6188,0.9752,>.80,
AEVO/USDT,2024-11-22,LONG,0.9297,0.365,0.4688,5,False,28.4384,0.297,>.80,
AEVO/USDT,2024-11-23,LONG,0.8379,0.4382,0.4649,5,False,6.0931,2.5426,>.80,2-3x
AEVO/USDT,2024-11-24,LONG,0.7034,0.4501,0.4649,4,True,3.2882,0.3489,.70-.80,
AEVO/USDT,2024-11-25,LONG,0.977,0.4483,0.4649,3,True,3.7029,0.0513,>.80,
AEVO/USDT,2024-11-26,LONG,0.9445,0.4324,0.4649,2,True,7.5162,0.4614,>.80,
AEVO/USDT,2024-11-27,LONG,0.6797,0.4688,0.4649,1,True,-0.8319,1.0769,.60-.70,1-1.5x
AEVO/USDT,2024-12-01,LONG,0.6128,0.5181,0.5494,2,True,6.0413,0.3012,.60-.70,
AEVO/USDT,2024-12-02,LONG,0.6797,0.5296,0.5494,1,True,3.7387,0.3064,.60-.70,
AEVO/USDT,2024-12-04,LONG,0.7417,0.5627,0.622,2,True,10.5385,0.3571,.70-.80,
AEVO/USDT,2024-12-05,LONG,0.776,0.5478,0.622,1,True,13.5451,0.3845,.70-.80,
AEVO/USDT,2024-12-08,LONG,0.8813,0.6142,0.4693,1,True,-23.5917,0.0266,>.80,
AEVO/USDT,2024-12-10,LONG,0.6153,0.465,0.503,1,True,8.172,0.1101,.60-.70,
AEVO/USDT,2024-12-12,LONG,0.9336,0.5171,0.4832,2,True,-6.5558,0.3375,>.80,
AEVO/USDT,2024-12-13,LONG,0.6715,0.5122,0.4832,1,True,-5.6619,0.1322,.60-.70,
AEVO/USDT,2024-12-17,LONG,0.5744,0.4612,0.4078,1,True,-11.5785,0.9866,.55-.60,
AEVO/USDT,2024-12-20,LONG,0.641,0.3827,0.3794,3,True,-0.8623,0.6335,.60-.70,
AEVO/USDT,2024-12-21,LONG,0.6753,0.3584,0.3794,2,True,5.8594,0.7832,.60-.70,
AEVO/USDT,2024-12-22,LONG,0.636,0.3515,0.3794,1,True,7.9374,0.2389,.60-.70,
AEVO/USDT,2024-12-29,LONG,0.5624,0.3641,0.3615,2,True,-0.7141,0.7835,.55-.60,
AEVO/USDT,2025-01-02,LONG,0.5779,0.3868,0.3554,5,False,-8.1179,0.5005,.55-.60,
AEVO/USDT,2025-01-03,LONG,0.5632,0.408,0.3354,5,False,-17.7941,0.9494,.55-.60,
AEVO/USDT,2025-01-05,LONG,0.5807,0.4008,0.3312,5,False,-17.3653,0.3178,.55-.60,
AEVO/USDT,2025-01-07,LONG,0.5853,0.3554,0.3312,3,True,-6.8092,2.245,.55-.60,2-3x
AEVO/USDT,2025-01-12,LONG,0.5669,0.3187,0.3623,5,False,13.6806,0.6175,.55-.60,
AEVO/USDT,2025-01-13,LONG,0.6412,0.3062,0.3308,5,False,8.034,0.9086,.60-.70,
AEVO/USDT,2025-01-16,LONG,0.5798,0.3297,0.3308,2,True,0.3336,0.7879,.55-.60,
AEVO/USDT,2025-01-20,LONG,0.7183,0.2865,0.2997,1,True,4.6073,0.0288,.70-.80,
AEVO/USDT,2025-01-24,LONG,0.6451,0.2816,0.2413,4,True,-14.3111,0.4854,.60-.70,
AEVO/USDT,2025-01-25,LONG,0.5545,0.282,0.2413,3,True,-14.4326,0.0243,.55-.60,
AEVO/USDT,2025-01-26,LONG,0.7167,0.2765,0.2413,2,True,-12.7306,0.3355,.70-.80,
AEVO/USDT,2025-01-29,LONG,0.6179,0.2489,0.2407,3,True,-3.2945,0.5659,.60-.70,
AEVO/USDT,2025-01-30,LONG,0.6928,0.2639,0.2407,2,True,-8.7912,1.0511,.60-.70,1-1.5x
AEVO/USDT,2025-01-31,LONG,0.6492,0.2717,0.2407,1,True,-11.4096,0.5096,.60-.70,
AEVO/USDT,2025-02-04,LONG,0.5505,0.1694,0.1653,1,True,-2.4203,1.0636,.55-.60,1-1.5x
AEVO/USDT,2025-02-06,LONG,0.9631,0.1493,0.1497,1,True,0.2679,1.4733,>.80,1-1.5x
AEVO/USDT,2025-02-09,LONG,0.7384,0.1558,0.1694,3,True,8.7291,0.3017,.70-.80,
AEVO/USDT,2025-02-10,LONG,0.7291,0.1607,0.1694,2,True,5.4138,0.4926,.70-.80,
AEVO/USDT,2025-02-11,LONG,0.7149,0.1573,0.1694,1,True,7.6923,0.3313,.70-.80,
AEVO/USDT,2025-02-13,LONG,0.5584,0.1648,0.1617,2,True,-1.8811,0.4006,.55-.60,
AEVO/USDT,2025-02-14,LONG,0.7172,0.1697,0.1617,1,True,-4.7142,0.4332,.70-.80,
AEVO/USDT,2025-02-16,LONG,0.6943,0.1631,0.1589,1,True,-2.5751,0.1253,.60-.70,
AEVO/USDT,2025-02-19,LONG,0.5836,0.1506,0.1581,1,True,4.9801,0.0416,.55-.60,
AEVO/USDT,2025-02-28,LONG,0.5865,0.1592,0.1704,2,True,7.0352,0.8195,.55-.60,
AEVO/USDT,2025-03-01,LONG,0.8533,0.1517,0.1704,1,True,12.327,0.7919,>.80,
AEVO/USDT,2025-03-04,LONG,0.6945,0.1319,0.1326,2,True,0.5307,0.5488,.60-.70,
AEVO/USDT,2025-03-08,LONG,0.5733,0.1254,0.1069,2,True,-14.7528,0.4903,.55-.60,
AEVO/USDT,2025-03-11,LONG,0.7608,0.1123,0.1165,1,True,3.74,0.6191,.70-.80,
AEVO/USDT,2025-03-14,LONG,0.7176,0.1165,0.1145,2,True,-1.7167,0.3996,.70-.80,
AEVO/USDT,2025-03-15,LONG,0.7058,0.1223,0.1145,1,True,-6.3778,0.6156,.70-.80,
AEVO/USDT,2025-03-17,LONG,0.5524,0.1234,0.1236,1,True,0.1621,1.0624,.55-.60,1-1.5x
AEVO/USDT,2025-03-20,LONG,0.6448,0.1204,0.1285,2,True,6.7276,0.6608,.60-.70,
AEVO/USDT,2025-03-21,LONG,0.9394,0.1216,0.1285,1,True,5.6743,0.1417,>.80,
AEVO/USDT,2025-03-25,LONG,0.7106,0.1325,0.1092,5,False,-17.5849,0.0625,.70-.80,
AEVO/USDT,2025-03-26,LONG,0.7605,0.1278,0.1086,5,False,-15.0235,0.7336,.70-.80,
AEVO/USDT,2025-03-28,LONG,0.7045,0.114,0.0976,5,False,-14.386,2.0429,.70-.80,2-3x
AEVO/USDT,2025-03-29,LONG,0.6395,0.108,0.0976,4,True,-9.6296,1.1224,.60-.70,1-1.5x
AEVO/USDT,2025-04-04,LONG,0.7832,0.0999,0.0982,1,True,-1.7017,0.3275,.70-.80,
METIS/USDT,2024-08-28,LONG,0.565,32.86,32.24,2,True,-1.8868,0.2842,.55-.60,
METIS/USDT,2024-08-29,LONG,0.7158,32.96,32.24,1,True,-2.1845,0.0574,.70-.80,
METIS/USDT,2024-09-02,LONG,0.587,31.88,30.45,1,True,-4.4856,1.1028,.55-.60,1-1.5x
METIS/USDT,2024-09-04,LONG,0.6596,30.75,30.41,5,False,-1.1057,0.2004,.60-.70,
METIS/USDT,2024-09-05,LONG,0.6728,29.61,30.53,5,False,3.1071,0.7438,.60-.70,
METIS/USDT,2024-09-07,LONG,0.6231,28.24,30.58,5,False,8.2861,0.3404,.60-.70,
METIS/USDT,2024-09-08,LONG,0.6299,29.14,33.18,5,False,13.8641,0.6077,.60-.70,
METIS/USDT,2024-09-09,LONG,0.6543,30.41,32.57,5,False,7.1029,0.8166,.60-.70,
METIS/USDT,2024-09-11,LONG,0.6297,29.65,29.74,5,False,0.3035,0.5599,.60-.70,
METIS/USDT,2024-09-12,LONG,0.6385,30.58,29.74,4,True,-2.7469,0.7466,.60-.70,
METIS/USDT,2024-09-14,LONG,0.5718,32.57,29.74,2,True,-8.689,0.4242,.55-.60,
METIS/USDT,2024-09-17,LONG,0.6532,31.44,32.58,1,True,3.626,1.3613,.60-.70,1-1.5x
METIS/USDT,2024-09-20,LONG,0.5817,37.25,40.75,4,True,9.396,1.9795,.55-.60,1.5-2x
METIS/USDT,2024-09-21,LONG,0.6223,37.3,40.75,3,True,9.2493,0.0291,.60-.70,
METIS/USDT,2024-09-22,LONG,0.7452,36.22,40.75,2,True,12.5069,0.6319,.70-.80,
METIS/USDT,2024-09-23,LONG,0.6031,37.04,40.75,1,True,10.0162,0.5119,.60-.70,
METIS/USDT,2024-09-27,LONG,0.6229,41.64,40.41,1,True,-2.9539,0.6767,.60-.70,
METIS/USDT,2024-09-29,LONG,0.5517,40.89,34.18,2,True,-16.4099,0.2612,.55-.60,
METIS/USDT,2024-09-30,LONG,0.6104,38.11,34.18,1,True,-10.3123,1.3829,.60-.70,1-1.5x
METIS/USDT,2024-10-03,LONG,0.6941,32.77,34.57,1,True,5.4928,0.0814,.60-.70,
METIS/USDT,2024-10-06,LONG,0.5676,35.83,35.27,1,True,-1.5629,0.8317,.55-.60,
METIS/USDT,2024-10-10,LONG,0.8277,31.69,34.49,2,True,8.8356,0.1286,>.80,
METIS/USDT,2024-10-11,LONG,0.8098,33.95,34.49,1,True,1.5906,1.4242,>.80,1-1.5x
METIS/USDT,2024-10-15,LONG,0.7244,44.08,44.01,4,True,-0.1588,2.0231,.70-.80,2-3x
METIS/USDT,2024-10-16,LONG,0.6667,43.21,44.01,3,True,1.8514,0.3113,.60-.70,
METIS/USDT,2024-10-18,LONG,0.879,45.75,44.01,1,True,-3.8033,0.7965,>.80,
METIS/USDT,2024-10-21,LONG,0.7294,44.46,45.97,1,True,3.3963,0.469,.70-.80,
METIS/USDT,2024-10-23,LONG,0.7936,42.78,43.55,1,True,1.7999,1.1774,.70-.80,1-1.5x
METIS/USDT,2024-10-25,LONG,0.9402,37.98,38.25,1,True,0.7109,1.9335,>.80,1.5-2x
METIS/USDT,2024-10-28,LONG,0.9454,40.33,45.6,1,True,13.0672,0.431,>.80,
METIS/USDT,2024-11-02,LONG,0.7203,38.53,45.03,5,False,16.87,0.8224,.70-.80,
METIS/USDT,2024-11-03,LONG,0.6601,36.82,46.45,5,False,26.1543,0.6999,.60-.70,
METIS/USDT,2024-11-04,LONG,0.7268,35.79,49.95,5,False,39.5641,0.5009,.70-.80,
METIS/USDT,2024-11-05,LONG,0.6453,37.19,51.11,5,False,37.4294,0.6888,.60-.70,
METIS/USDT,2024-11-06,LONG,0.8167,44.18,52.41,5,False,18.6283,2.6298,>.80,2-3x
METIS/USDT,2024-11-07,LONG,0.7298,45.03,50.3,5,False,11.7033,0.2721,.70-.80,
METIS/USDT,2024-11-08,LONG,0.6487,46.45,46.12,5,False,-0.7104,0.4481,.60-.70,
METIS/USDT,2024-11-09,LONG,0.7784,49.95,42.56,5,False,-14.7948,1.0497,.70-.80,1-1.5x
METIS/USDT,2024-11-10,LONG,0.5704,51.11,43.25,5,False,-15.3786,0.3252,.55-.60,
METIS/USDT,2024-11-12,LONG,0.9204,50.3,43.25,3,True,-14.0159,0.576,>.80,
METIS/USDT,2024-11-13,LONG,0.9438,46.12,43.25,2,True,-6.2229,1.1399,>.80,1-1.5x
METIS/USDT,2024-11-14,LONG,0.8401,42.56,43.25,1,True,1.6212,1.1221,>.80,1-1.5x
METIS/USDT,2024-11-21,LONG,0.8082,48.59,58.31,3,True,20.0041,2.0013,>.80,2-3x
METIS/USDT,2024-11-22,LONG,0.8105,50.23,58.31,2,True,16.086,0.4598,>.80,
METIS/USDT,2024-11-23,LONG,0.6419,58.75,58.31,1,True,-0.7489,2.1331,.60-.70,2-3x
METIS/USDT,2024-11-26,LONG,0.8602,52.26,58.32,2,True,11.5959,1.2071,>.80,1-1.5x
METIS/USDT,2024-11-27,LONG,0.9593,61.21,58.32,1,True,-4.7215,2.0961,>.80,2-3x
METIS/USDT,2024-11-29,LONG,0.828,56.92,66.51,5,False,16.8482,0.2925,>.80,
METIS/USDT,2024-11-30,LONG,0.7288,63.24,66.51,4,True,5.1708,1.3043,.70-.80,1-1.5x
METIS/USDT,2024-12-05,LONG,0.739,63.91,66.34,3,True,3.8022,0.4845,.70-.80,
METIS/USDT,2024-12-07,LONG,0.7447,66.51,66.34,1,True,-0.2556,0.1723,.70-.80,
METIS/USDT,2024-12-09,LONG,0.6445,52.53,53.21,5,False,1.2945,2.2754,.60-.70,2-3x
METIS/USDT,2024-12-11,LONG,0.5701,55.45,53.21,3,True,-4.0397,1.0029,.55-.60,1-1.5x
METIS/USDT,2024-12-12,LONG,0.8036,57.14,53.21,2,True,-6.8778,0.3513,>.80,
METIS/USDT,2024-12-13,LONG,0.6364,55.98,53.21,1,True,-4.9482,0.2591,.60-.70,
METIS/USDT,2024-12-17,LONG,0.5518,54.34,49.26,1,True,-9.3485,0.7481,.55-.60,
METIS/USDT,2024-12-20,LONG,0.6778,45.71,43.57,1,True,-4.6817,0.9074,.60-.70,
METIS/USDT,2024-12-22,LONG,0.7363,42.65,46.09,1,True,8.0657,0.2936,.70-.80,
METIS/USDT,2024-12-29,LONG,0.5648,43.83,43.67,1,True,-0.365,0.7483,.55-.60,
METIS/USDT,2025-01-02,LONG,0.5896,44.22,43.25,5,False,-2.1936,0.4121,.55-.60,
METIS/USDT,2025-01-03,LONG,0.5757,47.69,39.58,5,False,-17.0057,1.3892,.55-.60,1-1.5x
METIS/USDT,2025-01-05,LONG,0.5505,48.01,37.63,5,False,-21.6205,0.0305,.55-.60,
METIS/USDT,2025-01-11,LONG,0.5901,36.34,35.56,1,True,-2.1464,0.716,.55-.60,
METIS/USDT,2025-01-13,LONG,0.6144,34.45,38.57,2,True,11.9594,0.7384,.60-.70,
METIS/USDT,2025-01-16,LONG,0.5711,37.3,35.08,5,False,-5.9517,0.7033,.55-.60,
METIS/USDT,2025-01-18,LONG,0.716,39.59,35.08,3,True,-11.3918,1.1212,.70-.80,1-1.5x
METIS/USDT,2025-01-19,LONG,0.5649,36.8,35.08,2,True,-4.6739,1.1854,.55-.60,1-1.5x
METIS/USDT,2025-01-20,LONG,0.6644,35.76,35.08,1,True,-1.9016,0.4757,.60-.70,
METIS/USDT,2025-01-24,LONG,0.6075,33.98,31.68,5,False,-6.7687,0.3317,.60-.70,
METIS/USDT,2025-01-26,LONG,0.7485,34.28,31.68,3,True,-7.5846,0.2497,.70-.80,
METIS/USDT,2025-01-28,LONG,0.72,30.81,31.68,1,True,2.8238,1.1498,.70-.80,1-1.5x
METIS/USDT,2025-01-30,LONG,0.6258,34.02,32.79,2,True,-3.6155,1.3858,.60-.70,1-1.5x
METIS/USDT,2025-01-31,LONG,0.7478,36.48,32.79,1,True,-10.1151,1.3059,.70-.80,1-1.5x
METIS/USDT,2025-02-05,LONG,0.7937,23.49,22.58,2,True,-3.874,0.6555,.70-.80,
METIS/USDT,2025-02-06,LONG,0.9779,22.25,22.58,1,True,1.4831,0.9118,>.80,
METIS/USDT,2025-02-09,LONG,0.7961,22.78,23.97,3,True,5.2239,0.1576,.70-.80,
METIS/USDT,2025-02-10,LONG,0.6581,23.13,23.97,2,True,3.6316,0.2625,.60-.70,
METIS/USDT,2025-02-11,LONG,0.6296,22.55,23.97,1,True,6.2971,0.4284,.60-.70,
METIS/USDT,2025-02-13,LONG,0.592,23.17,22.81,2,True,-1.5537,0.5459,.55-.60,
METIS/USDT,2025-02-14,LONG,0.6941,23.52,22.81,1,True,-3.0187,0.2481,.60-.70,
METIS/USDT,2025-02-18,LONG,0.5723,22.55,25.95,5,False,15.0776,0.779,.55-.60,
METIS/USDT,2025-02-23,LONG,0.6685,25.95,26.37,1,True,1.6185,0.0327,.60-.70,
METIS/USDT,2025-02-25,LONG,0.8259,25.8,23.79,1,True,-7.7907,0.5274,>.80,
METIS/USDT,2025-02-27,LONG,0.9697,23.32,22.75,1,True,-2.4443,0.4548,>.80,
METIS/USDT,2025-03-03,LONG,0.6997,20.83,20.14,1,True,-3.3125,2.5316,.60-.70,2-3x
METIS/USDT,2025-03-06,LONG,0.5625,20.13,17.11,3,True,-15.0025,0.2725,.55-.60,
METIS/USDT,2025-03-07,LONG,0.6067,19.46,17.11,2,True,-12.0761,0.5618,.60-.70,
METIS/USDT,2025-03-11,LONG,0.6642,16.38,16.33,2,True,-0.3053,0.9344,.60-.70,
METIS/USDT,2025-03-12,LONG,0.6431,16.77,16.33,1,True,-2.6237,0.406,.60-.70,
METIS/USDT,2025-03-14,LONG,0.6615,16.73,17.47,1,True,4.4232,0.4165,.60-.70,
METIS/USDT,2025-03-17,LONG,0.5512,17.64,17.36,1,True,-1.5873,0.7959,.55-.60,
METIS/USDT,2025-03-20,LONG,0.6081,17.84,17.63,1,True,-1.1771,0.3198,.60-.70,
METIS/USDT,2025-03-22,LONG,0.6698,17.94,18.45,1,True,2.8428,0.3144,.60-.70,
METIS/USDT,2025-03-24,LONG,0.6081,18.53,15.08,5,False,-18.6185,0.0956,.60-.70,
METIS/USDT,2025-03-26,LONG,0.7901,18.44,15.08,3,True,-18.2213,0.2026,.70-.80,
METIS/USDT,2025-03-27,LONG,0.7082,18.48,15.08,2,True,-18.3983,0.0487,.70-.80,
METIS/USDT,2025-03-28,LONG,0.7607,16.26,15.08,1,True,-7.2571,2.317,.70-.80,2-3x
METIS/USDT,2025-03-31,LONG,0.915,15.34,15.81,1,True,3.0639,0.0639,>.80,
METIS/USDT,2025-04-05,LONG,0.7097,14.81,13.12,1,True,-11.4112,0.2327,.70-.80,
RON/USDT,2024-08-28,LONG,0.5653,1.592,1.661,1,True,4.3342,0.0374,.55-.60,
RON/USDT,2024-08-31,LONG,0.6605,1.66,1.521,1,True,-8.3735,0.8095,.60-.70,
RON/USDT,2024-09-02,LONG,0.6159,1.592,1.511,2,True,-5.0879,1.2723,.60-.70,1-1.5x
RON/USDT,2024-09-05,LONG,0.746,1.474,1.406,1,True,-4.6133,0.6384,.70-.80,
RON/USDT,2024-09-07,LONG,0.7215,1.443,1.542,5,False,6.8607,0.6639,.70-.80,
RON/USDT,2024-09-08,LONG,0.8276,1.461,1.542,4,True,5.5441,0.3194,>.80,
RON/USDT,2024-09-09,LONG,0.6344,1.515,1.542,3,True,1.7822,0.9244,.60-.70,
RON/USDT,2024-09-10,LONG,0.5516,1.531,1.542,2,True,0.7185,0.2652,.55-.60,
RON/USDT,2024-09-11,LONG,0.7496,1.499,1.542,1,True,2.8686,0.5227,.70-.80,
RON/USDT,2024-09-14,LONG,0.6625,1.525,1.452,2,True,-4.7869,1.0195,.60-.70,1-1.5x
RON/USDT,2024-09-20,LONG,0.5715,1.627,1.651,1,True,1.4751,0.5966,.55-.60,
RON/USDT,2024-09-22,LONG,0.6803,1.62,1.8,2,True,11.1111,0.5989,.60-.70,
RON/USDT,2024-09-27,LONG,0.6067,1.91,1.889,1,True,-1.0995,0.2526,.60-.70,
RON/USDT,2024-10-01,LONG,0.5901,1.657,1.609,1,True,-2.8968,1.8262,.55-.60,1.5-2x
RON/USDT,2024-10-07,LONG,0.8614,1.604,1.507,2,True,-6.0474,0.7417,>.80,
RON/USDT,2024-10-11,LONG,0.64,1.542,1.595,2,True,3.4371,1.1378,.60-.70,1-1.5x
RON/USDT,2024-10-12,LONG,0.7925,1.604,1.595,1,True,-0.5611,1.0304,.70-.80,1-1.5x
RON/USDT,2024-10-14,LONG,0.5855,1.658,1.558,3,True,-6.0314,1.122,.55-.60,1-1.5x
RON/USDT,2024-10-15,LONG,0.8859,1.602,1.558,2,True,-2.7466,0.9467,>.80,
RON/USDT,2024-10-16,LONG,0.5683,1.556,1.558,1,True,0.1285,0.842,.55-.60,
RON/USDT,2024-10-18,LONG,0.9298,1.587,1.63,1,True,2.7095,0.5388,>.80,
RON/USDT,2024-10-21,LONG,0.8659,1.652,1.488,4,True,-9.9274,0.8711,>.80,
RON/USDT,2024-10-22,LONG,0.6658,1.701,1.488,3,True,-12.522,1.0008,.60-.70,1-1.5x
RON/USDT,2024-10-23,LONG,0.6907,1.605,1.488,2,True,-7.2897,1.7394,.60-.70,1.5-2x
RON/USDT,2024-10-24,LONG,0.7405,1.537,1.488,1,True,-3.188,1.314,.70-.80,1-1.5x
RON/USDT,2024-10-29,LONG,0.6574,1.567,1.461,2,True,-6.7645,0.9998,.60-.70,
RON/USDT,2024-10-30,LONG,0.5767,1.575,1.461,1,True,-7.2381,0.1637,.55-.60,
RON/USDT,2024-11-05,LONG,0.7651,1.297,1.555,4,True,19.8921,0.8422,.70-.80,
RON/USDT,2024-11-06,LONG,0.8474,1.398,1.555,3,True,11.2303,1.9966,>.80,1.5-2x
RON/USDT,2024-11-07,LONG,0.6486,1.449,1.555,2,True,7.3154,0.9175,.60-.70,
RON/USDT,2024-11-08,LONG,0.8035,1.427,1.555,1,True,8.9699,0.3878,>.80,
RON/USDT,2024-11-12,LONG,0.7489,1.522,1.433,3,True,-5.8476,1.3455,.70-.80,1-1.5x
RON/USDT,2024-11-13,LONG,0.943,1.455,1.433,2,True,-1.512,1.0063,>.80,1-1.5x
RON/USDT,2024-11-14,LONG,0.9612,1.358,1.433,1,True,5.5228,1.4602,>.80,1-1.5x
RON/USDT,2024-11-18,LONG,0.6857,1.485,1.344,2,True,-9.4949,0.7324,.60-.70,
RON/USDT,2024-11-19,LONG,0.9569,1.414,1.344,1,True,-4.9505,0.9275,>.80,
RON/USDT,2024-11-24,LONG,0.6935,1.78,2.023,5,False,13.6517,0.9938,.60-.70,
RON/USDT,2024-11-25,LONG,0.9878,1.714,2.2,5,False,28.3547,0.6128,>.80,
RON/USDT,2024-11-26,LONG,0.9708,1.669,2.254,5,False,35.0509,0.4424,>.80,
RON/USDT,2024-11-28,LONG,0.9215,1.902,2.254,3,True,18.5068,0.4206,>.80,
RON/USDT,2024-11-29,LONG,0.9058,2.023,2.254,2,True,11.4187,1.0339,>.80,1-1.5x
RON/USDT,2024-11-30,LONG,0.5826,2.2,2.254,1,True,2.4545,1.3771,.55-.60,1-1.5x
RON/USDT,2024-12-03,LONG,0.6918,2.204,2.295,1,True,4.1289,0.2466,.60-.70,
RON/USDT,2024-12-06,LONG,0.791,2.332,2.292,1,True,-1.7153,1.1258,.70-.80,1-1.5x
RON/USDT,2024-12-08,LONG,0.6137,2.328,1.96,2,True,-15.8076,0.2779,.60-.70,
RON/USDT,2024-12-09,LONG,0.825,1.979,1.96,1,True,-0.9601,2.2372,>.80,2-3x
RON/USDT,2024-12-12,LONG,0.7766,2.158,2.357,5,False,9.2215,0.0878,.70-.80,
RON/USDT,2024-12-13,LONG,0.8382,2.173,2.357,4,True,8.4676,0.1148,>.80,
RON/USDT,2024-12-14,LONG,0.6318,2.135,2.357,3,True,10.3981,0.2914,.60-.70,
RON/USDT,2024-12-16,LONG,0.8887,2.27,2.357,1,True,3.8326,0.6978,>.80,
RON/USDT,2024-12-18,LONG,0.7369,2.194,2.031,2,True,-7.4294,1.2037,.70-.80,1-1.5x
RON/USDT,2024-12-19,LONG,0.6392,1.864,2.031,1,True,8.9592,2.279,.60-.70,2-3x
RON/USDT,2024-12-22,LONG,0.8701,1.841,2.03,3,True,10.2662,0.4524,>.80,
RON/USDT,2024-12-29,LONG,0.5786,1.893,1.962,4,True,3.645,0.4157,.55-.60,
RON/USDT,2025-01-05,LONG,0.625,2.014,1.897,5,False,-5.8093,0.0996,.60-.70,
RON/USDT,2025-01-07,LONG,0.6072,1.856,1.897,3,True,2.2091,1.5847,.60-.70,1.5-2x
RON/USDT,2025-01-09,LONG,0.5599,1.825,1.897,1,True,3.9452,0.2291,.55-.60,
RON/USDT,2025-01-11,LONG,0.6045,1.866,1.811,2,True,-2.9475,0.4559,.60-.70,
RON/USDT,2025-01-12,LONG,0.5907,1.847,1.811,1,True,-1.9491,0.3279,.55-.60,
RON/USDT,2025-01-16,LONG,0.5895,1.814,1.657,4,True,-8.6549,0.9908,.55-.60,
RON/USDT,2025-01-18,LONG,0.6355,1.769,1.657,2,True,-6.3313,1.0141,.60-.70,1-1.5x
RON/USDT,2025-01-24,LONG,0.769,1.629,1.524,3,True,-6.4457,0.8485,.70-.80,
RON/USDT,2025-01-26,LONG,0.7412,1.602,1.524,1,True,-4.8689,0.2226,.70-.80,
RON/USDT,2025-01-29,LONG,0.7376,1.462,1.389,3,True,-4.9932,0.2428,.70-.80,
RON/USDT,2025-01-30,LONG,0.7195,1.522,1.389,2,True,-8.7385,1.3088,.70-.80,1-1.5x
RON/USDT,2025-02-09,LONG,0.9141,1.086,1.157,1,True,6.5378,0.1828,>.80,
RON/USDT,2025-02-11,LONG,0.8825,1.15,1.253,1,True,8.9565,0.1217,>.80,
RON/USDT,2025-02-13,LONG,0.6907,1.224,1.265,1,True,3.3497,0.422,.60-.70,
RON/USDT,2025-02-15,LONG,0.934,1.255,1.273,1,True,1.4343,0.1417,>.80,
RON/USDT,2025-02-19,LONG,0.878,1.236,1.226,3,True,-0.8091,0.0595,>.80,
RON/USDT,2025-02-20,LONG,0.8289,1.257,1.226,2,True,-2.4662,0.3114,>.80,
RON/USDT,2025-02-23,LONG,0.5628,1.195,1.053,1,True,-11.8828,0.5564,.55-.60,
RON/USDT,2025-02-26,LONG,0.5836,0.975,1.042,4,True,6.8718,1.2056,.55-.60,1-1.5x
RON/USDT,2025-02-27,LONG,0.8368,0.985,1.042,3,True,5.7868,0.2167,>.80,
RON/USDT,2025-02-28,LONG,0.898,0.957,1.042,2,True,8.8819,0.6207,>.80,
RON/USDT,2025-03-01,LONG,0.7878,0.96,1.042,1,True,8.5417,0.0684,.70-.80,
RON/USDT,2025-03-07,LONG,0.7206,0.8934,0.7048,3,True,-21.1104,0.5019,.70-.80,
RON/USDT,2025-03-11,LONG,0.8296,0.7293,0.8137,1,True,11.5727,0.6079,>.80,
RON/USDT,2025-03-14,LONG,0.8938,0.8372,0.8008,3,True,-4.3478,0.4255,>.80,
RON/USDT,2025-03-15,LONG,0.9179,0.8096,0.8008,2,True,-1.087,0.5144,>.80,
RON/USDT,2025-03-16,LONG,0.8566,0.7682,0.8008,1,True,4.2437,0.8507,>.80,
RON/USDT,2025-03-18,LONG,0.8239,0.7885,0.8033,1,True,1.877,0.2541,>.80,
RON/USDT,2025-03-20,LONG,0.7046,0.7736,0.7819,2,True,1.0729,0.6081,.70-.80,
RON/USDT,2025-03-23,LONG,0.6702,0.794,0.7359,5,False,-7.3174,0.3039,.60-.70,
RON/USDT,2025-03-26,LONG,0.6333,0.783,0.7359,2,True,-6.0153,0.7098,.60-.70,
RON/USDT,2025-03-27,LONG,0.5954,0.7798,0.7359,1,True,-5.6296,0.0815,.55-.60,
RON/USDT,2025-03-29,LONG,0.5808,0.7113,0.7255,3,True,1.9963,0.7269,.55-.60,
RON/USDT,2025-03-31,LONG,0.8437,0.6943,0.7255,1,True,4.4937,0.3242,>.80,
RON/USDT,2025-04-04,LONG,0.9461,0.6647,0.561,3,True,-15.601,0.1014,>.80,
RON/USDT,2025-04-05,LONG,0.5554,0.6527,0.561,2,True,-14.0493,0.5806,.55-.60,
RON/USDT,2025-04-06,LONG,0.9946,0.5676,0.561,1,True,-1.1628,3.3127,>.80,3-5x
PIXEL/USDT,2024-10-29,LONG,0.8334,0.1833,0.1863,1,True,1.6367,2.7045,>.80,2-3x
PIXEL/USDT,2024-11-01,LONG,0.8314,0.1605,0.1525,1,True,-4.9844,0.3895,>.80,
PIXEL/USDT,2024-11-03,LONG,0.7597,0.141,0.1641,5,False,16.383,0.8597,.70-.80,
PIXEL/USDT,2024-11-04,LONG,0.7895,0.1372,0.1875,5,False,36.6618,0.3101,.70-.80,
PIXEL/USDT,2024-11-05,LONG,0.7862,0.1448,0.2013,5,False,39.0193,0.648,.70-.80,
PIXEL/USDT,2024-11-06,LONG,0.5942,0.1665,0.214,5,False,28.5285,1.6491,.55-.60,1.5-2x
PIXEL/USDT,2024-11-07,LONG,0.6878,0.167,0.194,5,False,16.1677,0.0331,.60-.70,
PIXEL/USDT,2024-11-08,LONG,0.7629,0.1641,0.1867,5,False,13.7721,0.1917,.70-.80,
PIXEL/USDT,2024-11-09,LONG,0.6948,0.1875,0.1879,5,False,0.2133,1.5019,.60-.70,1.5-2x
PIXEL/USDT,2024-11-10,LONG,0.7101,0.2013,0.1932,5,False,-4.0238,0.7746,.70-.80,
PIXEL/USDT,2024-11-11,LONG,0.7967,0.214,0.1932,4,True,-9.7196,0.7242,.70-.80,
PIXEL/USDT,2024-11-12,LONG,0.8044,0.194,0.1932,3,True,-0.4124,1.0534,>.80,1-1.5x
PIXEL/USDT,2024-11-13,LONG,0.808,0.1867,0.1932,2,True,3.4815,0.4215,>.80,
PIXEL/USDT,2024-11-14,LONG,0.6156,0.1879,0.1932,1,True,2.8206,0.0749,.60-.70,
PIXEL/USDT,2024-11-17,LONG,0.8058,0.1985,0.2087,1,True,5.1385,0.8994,>.80,
PIXEL/USDT,2024-11-20,LONG,0.7744,0.1794,0.2311,5,False,28.8183,1.0875,.70-.80,1-1.5x
PIXEL/USDT,2024-11-22,LONG,0.7403,0.1997,0.2311,3,True,15.7236,0.3166,.70-.80,
PIXEL/USDT,2024-11-23,LONG,0.5681,0.2138,0.2311,2,True,8.0917,0.9561,.55-.60,
PIXEL/USDT,2024-11-24,LONG,0.6431,0.2531,0.2311,1,True,-8.6922,2.2706,.60-.70,2-3x
PIXEL/USDT,2024-11-28,LONG,0.7926,0.2402,0.2463,1,True,2.5396,0.0448,.70-.80,
PIXEL/USDT,2024-12-01,LONG,0.642,0.2588,0.2738,2,True,5.796,0.1567,.60-.70,
PIXEL/USDT,2024-12-02,LONG,0.5601,0.2648,0.2738,1,True,3.3988,0.3164,.55-.60,
PIXEL/USDT,2024-12-05,LONG,0.7039,0.275,0.286,3,True,4.0,0.1734,.70-.80,
PIXEL/USDT,2024-12-06,LONG,0.5637,0.2892,0.286,2,True,-1.1065,0.7471,.55-.60,
PIXEL/USDT,2024-12-07,LONG,0.6595,0.2873,0.286,1,True,-0.4525,0.1005,.60-.70,
PIXEL/USDT,2024-12-09,LONG,0.7072,0.2263,0.2241,5,False,-0.9722,2.5779,.70-.80,2-3x
PIXEL/USDT,2024-12-12,LONG,0.7434,0.241,0.2241,2,True,-7.0124,0.021,.70-.80,
PIXEL/USDT,2024-12-13,LONG,0.6601,0.2375,0.2241,1,True,-5.6421,0.1862,.60-.70,
PIXEL/USDT,2024-12-17,LONG,0.552,0.209,0.1886,1,True,-9.7608,1.2127,.55-.60,1-1.5x
PIXEL/USDT,2024-12-20,LONG,0.703,0.1707,0.1582,1,True,-7.3228,0.3751,.70-.80,
PIXEL/USDT,2024-12-23,LONG,0.7622,0.1693,0.1719,1,True,1.5357,1.1931,.70-.80,1-1.5x
PIXEL/USDT,2024-12-29,LONG,0.6375,0.1585,0.1575,1,True,-0.6309,0.7921,.60-.70,
PIXEL/USDT,2025-01-02,LONG,0.682,0.1712,0.176,2,True,2.8037,0.7205,.60-.70,
PIXEL/USDT,2025-01-03,LONG,0.63,0.1779,0.176,1,True,-1.068,0.699,.60-.70,
PIXEL/USDT,2025-01-05,LONG,0.5985,0.1762,0.1438,5,False,-18.3882,0.0205,.55-.60,
PIXEL/USDT,2025-01-06,LONG,0.5855,0.1768,0.1438,4,True,-18.6652,0.0637,.55-.60,
PIXEL/USDT,2025-01-08,LONG,0.5726,0.1464,0.1438,2,True,-1.776,1.1226,.55-.60,1-1.5x
PIXEL/USDT,2025-01-09,LONG,0.6026,0.1402,0.1438,1,True,2.5678,0.8276,.60-.70,
PIXEL/USDT,2025-01-13,LONG,0.7815,0.1312,0.1538,4,True,17.2256,1.2111,.70-.80,1-1.5x
PIXEL/USDT,2025-01-16,LONG,0.7698,0.1422,0.1538,1,True,8.1575,0.6824,.70-.80,
PIXEL/USDT,2025-01-19,LONG,0.7375,0.1246,0.1243,1,True,-0.2408,1.9534,.70-.80,1.5-2x
PIXEL/USDT,2025-01-21,LONG,0.8247,0.1281,0.124,1,True,-3.2006,0.539,>.80,
PIXEL/USDT,2025-01-25,LONG,0.5838,0.1168,0.1134,1,True,-2.911,0.0157,.55-.60,
PIXEL/USDT,2025-01-30,LONG,0.6699,0.106,0.0966,2,True,-8.8679,1.0321,.60-.70,1-1.5x
PIXEL/USDT,2025-01-31,LONG,0.6685,0.1076,0.0966,1,True,-10.223,0.2581,.60-.70,
PIXEL/USDT,2025-02-04,LONG,0.5642,0.0711,0.0686,1,True,-3.5162,1.2768,.55-.60,1-1.5x
PIXEL/USDT,2025-02-06,LONG,0.8469,0.0636,0.0637,1,True,0.1572,1.1529,>.80,1-1.5x
PIXEL/USDT,2025-02-09,LONG,0.6249,0.0652,0.0717,3,True,9.9693,0.5583,.60-.70,
PIXEL/USDT,2025-02-10,LONG,0.6431,0.0672,0.0717,2,True,6.6964,0.4823,.60-.70,
PIXEL/USDT,2025-02-11,LONG,0.6932,0.0653,0.0717,1,True,9.8009,0.4446,.60-.70,
PIXEL/USDT,2025-02-13,LONG,0.6443,0.0691,0.0666,2,True,-3.6179,0.521,.60-.70,
PIXEL/USDT,2025-02-14,LONG,0.6612,0.0707,0.0666,1,True,-5.7992,0.3299,.60-.70,
PIXEL/USDT,2025-02-16,LONG,0.6424,0.0658,0.0636,1,True,-3.3435,0.17,.60-.70,
PIXEL/USDT,2025-02-19,LONG,0.5766,0.06,0.06371,1,True,6.1833,0.2695,.55-.60,
PIXEL/USDT,2025-02-21,LONG,0.5707,0.06211,0.05235,3,True,-15.7141,0.4008,.55-.60,
PIXEL/USDT,2025-02-23,LONG,0.7556,0.06321,0.05235,1,True,-17.1808,0.6796,.70-.80,
PIXEL/USDT,2025-02-28,LONG,0.8629,0.0555,0.04834,3,True,-12.9009,0.101,>.80,
PIXEL/USDT,2025-03-01,LONG,0.9251,0.0539,0.04834,2,True,-10.3154,0.5032,>.80,
PIXEL/USDT,2025-03-02,LONG,0.7606,0.05889,0.04834,1,True,-17.9148,1.5169,.70-.80,1.5-2x
PIXEL/USDT,2025-03-08,LONG,0.6495,0.04493,0.03879,1,True,-13.6657,0.3923,.60-.70,
PIXEL/USDT,2025-03-11,LONG,0.7752,0.0375,0.03754,5,False,0.1067,0.4316,.70-.80,
PIXEL/USDT,2025-03-12,LONG,0.663,0.03894,0.04081,5,False,4.8023,0.5376,.60-.70,
PIXEL/USDT,2025-03-14,LONG,0.6936,0.03923,0.03855,4,True,-1.7334,0.4828,.60-.70,
PIXEL/USDT,2025-03-15,LONG,0.7177,0.0404,0.03855,3,True,-4.5792,0.4182,.70-.80,
PIXEL/USDT,2025-03-16,LONG,0.5761,0.03754,0.03855,2,True,2.6905,1.1224,.55-.60,1-1.5x
PIXEL/USDT,2025-03-17,LONG,0.5636,0.04081,0.03855,1,True,-5.5379,1.3077,.55-.60,1-1.5x
PIXEL/USDT,2025-03-20,LONG,0.748,0.03714,0.04035,5,False,8.643,0.795,.70-.80,
PIXEL/USDT,2025-03-22,LONG,0.7814,0.03774,0.04035,3,True,6.9157,0.4747,.70-.80,
PIXEL/USDT,2025-03-23,LONG,0.904,0.03849,0.04035,2,True,4.8324,0.3863,>.80,
PIXEL/USDT,2025-03-24,LONG,0.8598,0.03957,0.04035,1,True,1.9712,0.5449,>.80,
PIXEL/USDT,2025-03-26,LONG,0.8575,0.03885,0.02942,5,False,-24.2728,0.7222,>.80,
PIXEL/USDT,2025-03-27,LONG,0.8746,0.03858,0.02955,5,False,-23.4059,0.1352,>.80,
PIXEL/USDT,2025-03-28,LONG,0.7146,0.03403,0.02955,4,True,-13.1649,2.0708,.70-.80,2-3x
PIXEL/USDT,2025-03-29,LONG,0.7214,0.03118,0.02955,3,True,-5.2277,1.6146,.70-.80,1.5-2x
PIXEL/USDT,2025-03-30,LONG,0.8078,0.03209,0.02955,2,True,-7.9152,0.5725,>.80,
PIXEL/USDT,2025-03-31,LONG,0.6339,0.02942,0.02955,1,True,0.4419,1.5676,.60-.70,1.5-2x
ZETA/USDT,2024-08-28,LONG,0.6577,0.4822,0.4913,2,True,1.8872,0.256,.60-.70,
ZETA/USDT,2024-08-29,LONG,0.7854,0.4942,0.4913,1,True,-0.5868,0.2364,.70-.80,
ZETA/USDT,2024-09-02,LONG,0.5638,0.4658,0.4343,3,True,-6.7626,1.0221,.55-.60,1-1.5x
ZETA/USDT,2024-09-04,LONG,0.7067,0.4458,0.4343,1,True,-2.5796,0.8808,.70-.80,
ZETA/USDT,2024-09-07,LONG,0.6252,0.4485,0.4597,1,True,2.4972,1.0797,.60-.70,1-1.5x
ZETA/USDT,2024-09-09,LONG,0.6093,0.4724,0.4924,4,True,4.2337,0.4833,.60-.70,
ZETA/USDT,2024-09-10,LONG,0.6159,0.472,0.4924,3,True,4.322,0.0148,.60-.70,
ZETA/USDT,2024-09-11,LONG,0.6741,0.4584,0.4924,2,True,7.4171,0.508,.60-.70,
ZETA/USDT,2024-09-12,LONG,0.5778,0.4815,0.4924,1,True,2.2638,1.0479,.55-.60,1-1.5x
ZETA/USDT,2024-09-20,LONG,0.9253,0.6224,0.6294,2,True,1.1247,0.9149,>.80,
ZETA/USDT,2024-09-21,LONG,0.9925,0.6035,0.6294,1,True,4.2916,0.3154,>.80,
ZETA/USDT,2024-09-25,LONG,0.9636,0.6408,0.7172,2,True,11.9226,0.6324,>.80,
ZETA/USDT,2024-09-26,LONG,0.8221,0.7032,0.7172,1,True,1.9909,1.0293,>.80,1-1.5x
ZETA/USDT,2024-09-29,LONG,0.6562,0.7178,0.6468,1,True,-9.8913,0.3678,.60-.70,
ZETA/USDT,2024-10-02,LONG,0.6887,0.5743,0.5901,5,False,2.7512,0.3394,.60-.70,
ZETA/USDT,2024-10-03,LONG,0.673,0.5432,0.5717,5,False,5.2467,0.5277,.60-.70,
ZETA/USDT,2024-10-04,LONG,0.8567,0.5891,0.5717,4,True,-2.9537,0.8157,>.80,
ZETA/USDT,2024-10-05,LONG,0.622,0.5985,0.5717,3,True,-4.4779,0.1595,.60-.70,
ZETA/USDT,2024-10-06,LONG,0.603,0.6087,0.5717,2,True,-6.0785,0.1721,.60-.70,
ZETA/USDT,2024-10-07,LONG,0.7811,0.5901,0.5717,1,True,-3.1181,0.3072,.70-.80,
ZETA/USDT,2024-10-14,LONG,0.5884,0.6265,0.6012,3,True,-4.0383,0.9373,.55-.60,
ZETA/USDT,2024-10-16,LONG,0.6945,0.613,0.6012,1,True,-1.925,1.2027,.60-.70,1-1.5x
ZETA/USDT,2024-10-19,LONG,0.7841,0.6797,0.7164,4,True,5.3994,1.5138,.70-.80,1.5-2x
ZETA/USDT,2024-10-20,LONG,0.5627,0.6699,0.7164,3,True,6.9413,0.2945,.55-.60,
ZETA/USDT,2024-10-21,LONG,0.5581,0.6616,0.7164,2,True,8.283,0.2748,.55-.60,
ZETA/USDT,2024-10-22,LONG,0.7433,0.6888,0.7164,1,True,4.007,0.9208,.70-.80,
ZETA/USDT,2024-10-25,LONG,0.6399,0.633,0.6669,2,True,5.3555,1.9075,.60-.70,1.5-2x
ZETA/USDT,2024-10-26,LONG,0.8312,0.6315,0.6669,1,True,5.6057,0.0521,>.80,
ZETA/USDT,2024-10-30,LONG,0.6011,0.6816,0.6488,2,True,-4.8122,0.6076,.60-.70,
ZETA/USDT,2024-10-31,LONG,0.6462,0.6886,0.6488,1,True,-5.7798,0.2333,.60-.70,
ZETA/USDT,2024-11-04,LONG,0.6388,0.5543,0.7176,4,True,29.4606,1.4364,.60-.70,1-1.5x
ZETA/USDT,2024-11-05,LONG,0.638,0.5696,0.7176,3,True,25.9831,0.5817,.60-.70,
ZETA/USDT,2024-11-06,LONG,0.6698,0.6736,0.7176,2,True,6.5321,2.9107,.60-.70,2-3x
ZETA/USDT,2024-11-07,LONG,0.5917,0.7189,0.7176,1,True,-0.1808,1.0572,.55-.60,1-1.5x
ZETA/USDT,2024-11-10,LONG,0.5997,0.7972,0.8389,1,True,5.2308,0.5433,.55-.60,
ZETA/USDT,2024-11-12,LONG,0.8436,0.7618,0.7372,3,True,-3.2292,1.3711,>.80,1-1.5x
ZETA/USDT,2024-11-13,LONG,0.7181,0.707,0.7372,2,True,4.2716,1.0462,.70-.80,1-1.5x
ZETA/USDT,2024-11-14,LONG,0.7948,0.6511,0.7372,1,True,13.2238,1.1587,.70-.80,1-1.5x
ZETA/USDT,2024-11-17,LONG,0.6821,0.7032,0.7342,1,True,4.4084,0.9784,.60-.70,
ZETA/USDT,2024-11-22,LONG,0.6591,0.6794,0.7957,5,False,17.118,0.1192,.60-.70,
ZETA/USDT,2024-11-23,LONG,0.6062,0.7131,0.8258,5,False,15.8042,0.6392,.60-.70,
ZETA/USDT,2024-11-25,LONG,0.5528,0.7469,0.8176,4,True,9.4658,0.5341,.55-.60,
ZETA/USDT,2024-11-26,LONG,0.729,0.7316,0.8176,3,True,11.7551,0.3166,.70-.80,
ZETA/USDT,2024-11-28,LONG,0.6037,0.8258,0.8176,1,True,-0.993,0.5716,.60-.70,
ZETA/USDT,2024-12-02,LONG,0.5645,0.8567,0.9024,1,True,5.3344,0.4731,.55-.60,
ZETA/USDT,2024-12-04,LONG,0.7078,0.8981,0.8644,1,True,-3.7524,0.0876,.70-.80,
ZETA/USDT,2024-12-11,LONG,0.5531,0.7427,0.7103,3,True,-4.3625,1.2857,.55-.60,1-1.5x
ZETA/USDT,2024-12-12,LONG,0.8757,0.7481,0.7103,2,True,-5.0528,0.1091,>.80,
ZETA/USDT,2024-12-13,LONG,0.8486,0.7549,0.7103,1,True,-5.9081,0.138,>.80,
ZETA/USDT,2024-12-20,LONG,0.6951,0.599,0.5758,1,True,-3.8731,0.8355,.60-.70,
ZETA/USDT,2024-12-22,LONG,0.6371,0.5731,0.6012,1,True,4.9032,0.0677,.60-.70,
ZETA/USDT,2024-12-29,LONG,0.5744,0.5744,0.6039,5,False,5.1358,0.7866,.55-.60,
ZETA/USDT,2025-01-02,LONG,0.5781,0.5766,0.599,2,True,3.8848,0.5512,.55-.60,
ZETA/USDT,2025-01-03,LONG,0.5645,0.6039,0.599,1,True,-0.8114,1.002,.55-.60,1-1.5x
ZETA/USDT,2025-01-09,LONG,0.5684,0.5295,0.5418,1,True,2.3229,0.4791,.55-.60,
ZETA/USDT,2025-01-13,LONG,0.6842,0.5019,0.5212,5,False,3.8454,1.2592,.60-.70,1-1.5x
ZETA/USDT,2025-01-16,LONG,0.608,0.5259,0.5212,2,True,-0.8937,1.0398,.60-.70,1-1.5x
ZETA/USDT,2025-01-24,LONG,0.6595,0.4536,0.4201,5,False,-7.3854,0.8129,.60-.70,
ZETA/USDT,2025-01-25,LONG,0.6081,0.4654,0.4375,5,False,-5.9948,0.6554,.60-.70,
ZETA/USDT,2025-01-26,LONG,0.6079,0.4542,0.4421,5,False,-2.664,0.6189,.60-.70,
ZETA/USDT,2025-01-28,LONG,0.638,0.4042,0.3974,4,True,-1.6823,1.8105,.60-.70,1.5-2x
ZETA/USDT,2025-01-29,LONG,0.5721,0.4201,0.3974,3,True,-5.4035,1.0023,.55-.60,1-1.5x
ZETA/USDT,2025-01-30,LONG,0.6445,0.4375,0.3974,2,True,-9.1657,1.0284,.60-.70,1-1.5x
ZETA/USDT,2025-01-31,LONG,0.6576,0.4421,0.3974,1,True,-10.1108,0.2594,.60-.70,
ZETA/USDT,2025-02-03,LONG,0.6516,0.344,0.3005,2,True,-12.6453,0.1618,.60-.70,
ZETA/USDT,2025-02-06,LONG,0.9305,0.2838,0.2893,1,True,1.938,1.1574,>.80,1-1.5x
ZETA/USDT,2025-02-10,LONG,0.7406,0.311,0.3223,2,True,3.6334,0.2848,.70-.80,
ZETA/USDT,2025-02-11,LONG,0.7099,0.3051,0.3223,1,True,5.6375,0.36,.70-.80,
ZETA/USDT,2025-02-13,LONG,0.6357,0.3181,0.3177,2,True,-0.1257,0.2355,.60-.70,
ZETA/USDT,2025-02-14,LONG,0.7541,0.3268,0.3177,1,True,-2.7846,0.4938,.70-.80,
ZETA/USDT,2025-02-16,LONG,0.748,0.3211,0.316,1,True,-1.5883,0.1936,.70-.80,
ZETA/USDT,2025-02-19,LONG,0.604,0.3045,0.3314,4,True,8.8342,0.231,.60-.70,
ZETA/USDT,2025-02-20,LONG,0.7273,0.3166,0.3314,3,True,4.6747,0.7499,.70-.80,
ZETA/USDT,2025-02-26,LONG,0.8506,0.2888,0.2968,1,True,2.7701,0.2122,>.80,
ZETA/USDT,2025-03-02,LONG,0.7868,0.3118,0.257,1,True,-17.5754,1.3259,.70-.80,1-1.5x
ZETA/USDT,2025-03-05,LONG,0.6727,0.2594,0.2462,1,True,-5.0887,1.0641,.60-.70,1-1.5x
ZETA/USDT,2025-03-07,LONG,0.6888,0.24,0.2371,1,True,-1.2083,0.3966,.60-.70,
ZETA/USDT,2025-03-11,LONG,0.7986,0.2051,0.2153,1,True,4.9732,0.4112,.70-.80,
ZETA/USDT,2025-03-14,LONG,0.7029,0.2104,0.2116,4,True,0.5703,0.176,.70-.80,
ZETA/USDT,2025-03-15,LONG,0.7404,0.2186,0.2116,3,True,-3.2022,0.5765,.70-.80,
ZETA/USDT,2025-03-17,LONG,0.5978,0.2201,0.2116,1,True,-3.8619,1.1155,.55-.60,1-1.5x
ZETA/USDT,2025-03-20,LONG,0.6547,0.2135,0.2182,1,True,2.2014,0.6958,.60-.70,
ZETA/USDT,2025-03-22,LONG,0.9885,0.3778,0.3202,2,True,-15.2462,4.093,>.80,3-5x
ZETA/USDT,2025-03-23,LONG,0.9831,0.2912,0.3202,1,True,9.9588,1.2583,>.80,1-1.5x
ZETA/USDT,2025-03-25,LONG,0.9956,0.3221,0.3611,1,True,12.108,0.0326,>.80,
ZETA/USDT,2025-03-27,LONG,0.8164,0.3729,0.324,1,True,-13.1134,0.1797,>.80,
ZETA/USDT,2025-03-29,LONG,0.9861,0.2846,0.2877,2,True,1.0892,0.6562,>.80,
ZETA/USDT,2025-03-30,LONG,0.6614,0.2867,0.2877,1,True,0.3488,0.04,.60-.70,
ZETA/USDT,2025-04-03,LONG,0.8296,0.2567,0.2095,3,True,-18.3872,0.0635,>.80,
ZETA/USDT,2025-04-05,LONG,0.7944,0.2439,0.2095,1,True,-14.1041,0.0415,.70-.80,
TNSR/USDT,2024-08-29,LONG,0.654,0.3142,0.3135,4,True,-0.2228,0.2909,.60-.70,
TNSR/USDT,2024-08-30,LONG,0.659,0.3143,0.3135,3,True,-0.2545,0.005,.60-.70,
TNSR/USDT,2024-09-04,LONG,0.6038,0.3166,0.336,4,True,6.1276,0.7055,.60-.70,
TNSR/USDT,2024-09-05,LONG,0.5595,0.315,0.336,3,True,6.6667,0.0912,.55-.60,
TNSR/USDT,2024-09-06,LONG,0.5603,0.3052,0.336,2,True,10.0917,0.6285,.55-.60,
TNSR/USDT,2024-09-07,LONG,0.5973,0.3144,0.336,1,True,6.8702,0.6028,.55-.60,
TNSR/USDT,2024-09-09,LONG,0.7131,0.3394,0.339,1,True,-0.1179,0.1944,.70-.80,
TNSR/USDT,2024-09-11,LONG,0.6804,0.3162,0.3165,5,False,0.0949,1.2521,.60-.70,1-1.5x
TNSR/USDT,2024-09-12,LONG,0.6912,0.343,0.3165,4,True,-7.7259,1.5685,.60-.70,1.5-2x
TNSR/USDT,2024-09-13,LONG,0.7415,0.3552,0.3165,3,True,-10.8953,0.6592,.70-.80,
TNSR/USDT,2024-09-14,LONG,0.6435,0.3466,0.3165,2,True,-8.6844,0.4552,.60-.70,
TNSR/USDT,2024-09-17,LONG,0.5513,0.3598,0.3902,3,True,8.4491,2.4995,.55-.60,2-3x
TNSR/USDT,2024-09-18,LONG,0.6385,0.3752,0.3902,2,True,3.9979,0.7791,.60-.70,
TNSR/USDT,2024-10-02,LONG,0.5524,0.3634,0.3509,3,True,-3.4397,0.4603,.55-.60,
TNSR/USDT,2024-10-03,LONG,0.592,0.332,0.3509,2,True,5.6928,1.3979,.55-.60,1-1.5x
TNSR/USDT,2024-10-04,LONG,0.6152,0.3623,0.3509,1,True,-3.1466,1.4062,.60-.70,1-1.5x
TNSR/USDT,2024-10-06,LONG,0.5672,0.3574,0.3269,2,True,-8.5339,0.2919,.55-.60,
TNSR/USDT,2024-10-07,LONG,0.6977,0.3506,0.3269,1,True,-6.7598,0.3402,.60-.70,
TNSR/USDT,2024-10-09,LONG,0.6616,0.3107,0.3135,1,True,0.9012,0.8575,.60-.70,
TNSR/USDT,2024-10-13,LONG,0.6427,0.3419,0.3777,5,False,10.4709,0.0824,.60-.70,
TNSR/USDT,2024-10-14,LONG,0.6149,0.37,0.394,5,False,6.4865,1.3722,.60-.70,1-1.5x
TNSR/USDT,2024-10-16,LONG,0.6482,0.3706,0.394,3,True,6.3141,1.1986,.60-.70,1-1.5x
TNSR/USDT,2024-10-17,LONG,0.6892,0.3662,0.394,2,True,7.5915,0.1952,.60-.70,
TNSR/USDT,2024-10-18,LONG,0.789,0.3777,0.394,1,True,4.3156,0.5184,.70-.80,
TNSR/USDT,2024-10-22,LONG,0.7266,0.39,0.4309,2,True,10.4872,0.1308,.70-.80,
TNSR/USDT,2024-10-23,LONG,0.9891,0.3807,0.4309,1,True,13.1862,0.4632,>.80,
TNSR/USDT,2024-10-25,LONG,0.8478,0.4093,0.4568,1,True,11.6052,0.888,>.80,
TNSR/USDT,2024-10-27,LONG,0.9843,0.445,0.4134,1,True,-7.1011,0.4199,>.80,
TNSR/USDT,2024-10-29,LONG,0.7637,0.492,0.4489,2,True,-8.7602,2.6641,.70-.80,2-3x
TNSR/USDT,2024-10-30,LONG,0.9434,0.4686,0.4489,1,True,-4.204,0.6501,>.80,
TNSR/USDT,2024-11-04,LONG,0.7709,0.3363,0.4393,4,True,30.6274,0.5365,.70-.80,
TNSR/USDT,2024-11-05,LONG,0.5622,0.3579,0.4393,3,True,22.7438,0.8094,.55-.60,
TNSR/USDT,2024-11-06,LONG,0.7859,0.4194,0.4393,2,True,4.7449,1.9541,.70-.80,1.5-2x
TNSR/USDT,2024-11-07,LONG,0.6695,0.4497,0.4393,1,True,-2.3127,0.8125,.60-.70,
TNSR/USDT,2024-11-09,LONG,0.6811,0.514,0.5317,2,True,3.4436,1.7808,.60-.70,1.5-2x
TNSR/USDT,2024-11-10,LONG,0.8901,0.5041,0.5317,1,True,5.4751,0.2055,>.80,
TNSR/USDT,2024-11-12,LONG,0.8634,0.4606,0.5107,1,True,10.8771,1.3403,>.80,1-1.5x
TNSR/USDT,2024-11-16,LONG,0.9283,0.6354,0.5604,5,False,-11.8036,0.383,>.80,
TNSR/USDT,2024-11-17,LONG,0.9228,0.5946,0.5677,5,False,-4.524,0.6601,>.80,
TNSR/USDT,2024-11-18,LONG,0.907,0.5862,0.5829,5,False,-0.5629,0.1585,>.80,
TNSR/USDT,2024-11-20,LONG,0.8464,0.5219,0.6488,4,True,24.315,1.1693,>.80,1-1.5x
TNSR/USDT,2024-11-21,LONG,0.7983,0.5604,0.6488,3,True,15.7744,0.8055,.70-.80,
TNSR/USDT,2024-11-22,LONG,0.7043,0.5677,0.6488,2,True,14.2857,0.1452,.70-.80,
TNSR/USDT,2024-11-23,LONG,0.5886,0.5829,0.6488,1,True,11.3055,0.3252,.55-.60,
TNSR/USDT,2024-11-28,LONG,0.6409,0.6288,0.726,5,False,15.458,0.1618,.60-.70,
TNSR/USDT,2024-11-29,LONG,0.631,0.6435,0.6976,5,False,8.4071,0.2945,.60-.70,
TNSR/USDT,2024-12-01,LONG,0.6364,0.6977,0.7351,4,True,5.3605,0.0486,.60-.70,
TNSR/USDT,2024-12-02,LONG,0.6163,0.6973,0.7351,3,True,5.4209,0.008,.60-.70,
TNSR/USDT,2024-12-08,LONG,0.6653,0.8061,0.7199,4,True,-10.6935,0.1052,.60-.70,
TNSR/USDT,2024-12-09,LONG,0.6735,0.6501,0.7199,3,True,10.7368,2.3657,.60-.70,2-3x
TNSR/USDT,2024-12-10,LONG,0.5987,0.6753,0.7199,2,True,6.6045,0.5012,.55-.60,
TNSR/USDT,2024-12-11,LONG,0.6419,0.7145,0.7199,1,True,0.7558,0.7559,.60-.70,
TNSR/USDT,2024-12-16,LONG,0.5864,0.5978,0.5066,2,True,-15.2559,0.7141,.55-.60,
TNSR/USDT,2024-12-17,LONG,0.5501,0.5562,0.5066,1,True,-8.9177,1.0203,.55-.60,1-1.5x
TNSR/USDT,2024-12-20,LONG,0.5996,0.4782,0.4442,1,True,-7.11,0.5221,.55-.60,
TNSR/USDT,2024-12-22,LONG,0.6109,0.4452,0.4795,1,True,7.7044,0.0317,.60-.70,
TNSR/USDT,2024-12-28,LONG,0.5606,0.4688,0.4353,3,True,-7.1459,0.6603,.55-.60,
TNSR/USDT,2025-01-03,LONG,0.5518,0.492,0.4003,5,False,-18.6382,1.225,.55-.60,1-1.5x
TNSR/USDT,2025-01-08,LONG,0.5513,0.4003,0.4025,2,True,0.5496,1.5519,.55-.60,1.5-2x
TNSR/USDT,2025-01-11,LONG,0.5866,0.3957,0.4015,5,False,1.4658,0.3043,.55-.60,
TNSR/USDT,2025-01-12,LONG,0.5844,0.3916,0.4297,5,False,9.7293,0.1988,.55-.60,
TNSR/USDT,2025-01-13,LONG,0.6022,0.3622,0.4124,5,False,13.8597,1.4065,.60-.70,1-1.5x
TNSR/USDT,2025-01-16,LONG,0.5682,0.4015,0.4124,2,True,2.7148,0.3693,.55-.60,
TNSR/USDT,2025-01-19,LONG,0.6675,0.3665,0.3737,1,True,1.9645,1.8211,.60-.70,1.5-2x
TNSR/USDT,2025-01-23,LONG,0.7898,0.374,0.3757,3,True,0.4545,0.1163,.70-.80,
TNSR/USDT,2025-01-24,LONG,0.7081,0.3613,0.3757,2,True,3.9856,0.5856,.70-.80,
TNSR/USDT,2025-01-25,LONG,0.6045,0.3683,0.3757,1,True,2.0092,0.3332,.60-.70,
TNSR/USDT,2025-01-28,LONG,0.6861,0.3722,0.4625,2,True,24.2611,0.2461,.60-.70,
TNSR/USDT,2025-02-03,LONG,0.9605,0.3224,0.2978,2,True,-7.6303,0.0302,>.80,
TNSR/USDT,2025-02-04,LONG,0.6906,0.2946,0.2978,1,True,1.0862,1.1864,.60-.70,1-1.5x
TNSR/USDT,2025-02-08,LONG,0.7398,0.3338,0.3461,1,True,3.6848,1.6938,.70-.80,1.5-2x
TNSR/USDT,2025-02-10,LONG,0.7469,0.362,0.3893,4,True,7.5414,0.6228,.70-.80,
TNSR/USDT,2025-02-11,LONG,0.6823,0.3385,0.3893,3,True,15.0074,0.8646,.60-.70,
TNSR/USDT,2025-02-12,LONG,0.7006,0.3611,0.3893,2,True,7.8095,0.8712,.70-.80,
TNSR/USDT,2025-02-13,LONG,0.5563,0.3558,0.3893,1,True,9.4154,0.1924,.55-.60,
TNSR/USDT,2025-02-15,LONG,0.6597,0.3822,0.3932,2,True,2.8781,0.2307,.60-.70,
TNSR/USDT,2025-02-16,LONG,0.741,0.3961,0.3932,1,True,-0.7321,0.458,.70-.80,
TNSR/USDT,2025-02-19,LONG,0.6066,0.4039,0.4585,1,True,13.5182,0.4315,.60-.70,
TNSR/USDT,2025-02-23,LONG,0.697,0.4922,0.4513,1,True,-8.3096,0.1551,.60-.70,
TNSR/USDT,2025-02-26,LONG,0.5959,0.4923,0.5091,2,True,3.4126,0.5698,.55-.60,
TNSR/USDT,2025-02-27,LONG,0.7919,0.4977,0.5091,1,True,2.2905,0.2001,.70-.80,
TNSR/USDT,2025-03-02,LONG,0.6435,0.5249,0.4133,1,True,-21.2612,0.023,.60-.70,
TNSR/USDT,2025-03-16,LONG,0.8064,0.2362,0.2021,5,False,-14.4369,0.7211,>.80,
TNSR/USDT,2025-03-18,LONG,0.7301,0.2254,0.2021,3,True,-10.3372,0.6162,.70-.80,
TNSR/USDT,2025-03-20,LONG,0.6726,0.2102,0.2021,1,True,-3.8535,0.7567,.60-.70,
TNSR/USDT,2025-03-24,LONG,0.6206,0.2067,0.2007,3,True,-2.9028,1.0512,.60-.70,1-1.5x
TNSR/USDT,2025-03-25,LONG,0.6626,0.2139,0.2007,2,True,-6.1711,0.4767,.60-.70,
TNSR/USDT,2025-03-26,LONG,0.5896,0.2055,0.2007,1,True,-2.3358,0.5373,.55-.60,
TNSR/USDT,2025-03-30,LONG,0.6418,0.1675,0.1411,3,True,-15.7612,0.267,.60-.70,
TNSR/USDT,2025-03-31,LONG,0.7118,0.1637,0.1411,2,True,-13.8057,0.5376,.70-.80,
TNSR/USDT,2025-04-04,LONG,0.5555,0.1375,0.1335,1,True,-2.9091,0.0625,.55-.60,
CRV/USDT,2024-08-29,LONG,0.6108,0.2895,0.2928,1,True,1.1399,0.1622,.60-.70,
CRV/USDT,2024-09-04,LONG,0.5638,0.2911,0.2793,1,True,-4.0536,2.1759,.55-.60,2-3x
CRV/USDT,2024-09-08,LONG,0.6133,0.2756,0.2841,5,False,3.0842,1.3313,.60-.70,1-1.5x
CRV/USDT,2024-09-09,LONG,0.573,0.2821,0.2752,5,False,-2.4459,0.4584,.55-.60,
CRV/USDT,2024-09-10,LONG,0.5725,0.2798,0.2752,4,True,-1.644,0.1595,.55-.60,
CRV/USDT,2024-09-11,LONG,0.6123,0.2756,0.2752,3,True,-0.1451,0.2949,.60-.70,
CRV/USDT,2024-09-12,LONG,0.5779,0.2841,0.2752,2,True,-3.1327,0.6103,.55-.60,
CRV/USDT,2024-09-16,LONG,0.5879,0.2634,0.2836,2,True,7.6689,0.1464,.55-.60,
CRV/USDT,2024-09-26,LONG,0.5576,0.3002,0.2775,4,True,-7.5616,0.2421,.55-.60,
CRV/USDT,2024-09-27,LONG,0.5546,0.3189,0.2775,3,True,-12.9821,1.6869,.55-.60,1.5-2x
CRV/USDT,2024-09-29,LONG,0.5954,0.2997,0.2775,1,True,-7.4074,0.5837,.55-.60,
CRV/USDT,2024-10-03,LONG,0.6132,0.2592,0.2601,3,True,0.3472,0.513,.60-.70,
CRV/USDT,2024-10-13,LONG,0.6818,0.2574,0.2687,1,True,4.3901,0.3631,.60-.70,
CRV/USDT,2024-10-16,LONG,0.6208,0.2578,0.2653,2,True,2.9092,0.5447,.60-.70,
CRV/USDT,2024-10-19,LONG,0.6077,0.2681,0.2636,2,True,-1.6785,0.3666,.60-.70,
CRV/USDT,2024-10-25,LONG,0.5781,0.236,0.2598,4,True,10.0847,2.2651,.55-.60,2-3x
CRV/USDT,2024-10-26,LONG,0.7612,0.2403,0.2598,3,True,8.1149,0.7389,.70-.80,
CRV/USDT,2024-10-28,LONG,0.6664,0.2444,0.2598,1,True,6.3011,0.2169,.60-.70,
CRV/USDT,2024-10-30,LONG,0.6587,0.2593,0.2243,5,False,-13.4979,0.068,.60-.70,
CRV/USDT,2024-10-31,LONG,0.7673,0.2529,0.2369,5,False,-6.3266,0.8558,.70-.80,
CRV/USDT,2024-11-01,LONG,0.7173,0.2481,0.2586,5,False,4.2322,0.6529,.70-.80,
CRV/USDT,2024-11-02,LONG,0.6255,0.2379,0.262,5,False,10.1303,1.3566,.60-.70,1-1.5x
CRV/USDT,2024-11-03,LONG,0.6531,0.2301,0.2706,5,False,17.601,1.1381,.60-.70,1-1.5x
CRV/USDT,2024-11-04,LONG,0.7021,0.2243,0.2706,4,True,20.642,0.873,.70-.80,
CRV/USDT,2024-11-06,LONG,0.629,0.2586,0.2706,2,True,4.6404,2.3806,.60-.70,2-3x
CRV/USDT,2024-11-07,LONG,0.6456,0.262,0.2706,1,True,3.2824,0.3439,.60-.70,
CRV/USDT,2024-11-10,LONG,0.6334,0.2844,0.3147,3,True,10.654,0.7425,.60-.70,
CRV/USDT,2024-11-12,LONG,0.7852,0.2768,0.3147,1,True,13.6922,1.5081,.70-.80,1.5-2x
CRV/USDT,2024-11-14,LONG,0.8471,0.2893,0.29,1,True,0.242,1.5647,>.80,1.5-2x
CRV/USDT,2024-11-16,LONG,0.87,0.336,0.32,1,True,-4.7619,2.5879,>.80,2-3x
CRV/USDT,2024-11-18,LONG,0.6934,0.3748,0.3737,2,True,-0.2935,2.3988,.60-.70,2-3x
CRV/USDT,2024-11-19,LONG,0.7512,0.4082,0.3737,1,True,-8.4517,1.2249,.70-.80,1-1.5x
CRV/USDT,2024-11-23,LONG,0.8846,0.4954,0.5179,2,True,4.5418,0.6305,>.80,
CRV/USDT,2024-11-24,LONG,0.6079,0.5079,0.5179,1,True,1.9689,0.3255,.60-.70,
CRV/USDT,2024-11-26,LONG,0.9726,0.4822,0.6706,5,False,39.0709,0.8555,>.80,
CRV/USDT,2024-11-28,LONG,0.7865,0.496,0.8776,5,False,76.9355,0.294,.70-.80,
CRV/USDT,2024-11-29,LONG,0.9348,0.541,1.0921,5,False,101.8669,1.0987,>.80,1-1.5x
CRV/USDT,2024-11-30,LONG,0.6711,0.681,1.056,5,False,55.0661,2.6895,.60-.70,2-3x
CRV/USDT,2024-12-01,LONG,0.618,0.6706,1.056,4,True,57.4709,0.157,.60-.70,
CRV/USDT,2024-12-04,LONG,0.9762,1.0921,1.056,1,True,-3.3056,2.4163,>.80,2-3x
CRV/USDT,2024-12-07,LONG,0.9841,1.1748,1.2034,1,True,2.4345,0.5733,>.80,
CRV/USDT,2024-12-09,LONG,0.8167,1.0583,1.0706,1,True,1.1622,1.0921,>.80,1-1.5x
CRV/USDT,2024-12-11,LONG,0.7594,1.1331,1.1948,1,True,5.4452,0.5513,.70-.80,
CRV/USDT,2024-12-13,LONG,0.9329,1.1381,1.0719,3,True,-5.8167,0.4511,>.80,
CRV/USDT,2024-12-15,LONG,0.855,1.1288,1.0719,1,True,-5.0408,0.1267,>.80,
CRV/USDT,2024-12-17,LONG,0.5625,1.1034,0.8409,2,True,-23.7901,0.2791,.55-.60,
CRV/USDT,2024-12-18,LONG,0.6718,0.9526,0.8409,1,True,-11.7258,1.221,.60-.70,1-1.5x
CRV/USDT,2024-12-22,LONG,0.7062,0.8197,1.0232,3,True,24.8262,0.3611,.70-.80,
CRV/USDT,2024-12-23,LONG,0.8267,0.9533,1.0232,2,True,7.3324,1.6414,>.80,1.5-2x
CRV/USDT,2024-12-24,LONG,0.7064,1.0138,1.0232,1,True,0.9272,0.7583,.70-.80,
CRV/USDT,2024-12-29,LONG,0.6695,0.9486,0.8943,2,True,-5.7242,0.9287,.60-.70,
CRV/USDT,2024-12-30,LONG,0.6434,0.9306,0.8943,1,True,-3.9007,0.2498,.60-.70,
CRV/USDT,2025-01-01,LONG,0.5611,0.9585,1.0481,3,True,9.3479,0.948,.55-.60,
CRV/USDT,2025-01-02,LONG,0.6063,1.0094,1.0481,2,True,3.834,0.6958,.60-.70,
CRV/USDT,2025-01-03,LONG,0.6635,1.0855,1.0481,1,True,-3.4454,0.9626,.60-.70,
CRV/USDT,2025-01-07,LONG,0.5672,0.8914,0.8195,5,False,-8.066,1.4086,.55-.60,1-1.5x
CRV/USDT,2025-01-08,LONG,0.5547,0.858,0.8121,5,False,-5.3497,0.5287,.55-.60,
CRV/USDT,2025-01-09,LONG,0.5907,0.8086,0.8647,5,False,6.9379,0.7981,.55-.60,
CRV/USDT,2025-01-10,LONG,0.566,0.8265,0.9618,5,False,16.3702,0.311,.55-.60,
CRV/USDT,2025-01-11,LONG,0.5732,0.8462,0.9319,5,False,10.1276,0.3361,.55-.60,
CRV/USDT,2025-01-13,LONG,0.6343,0.8121,0.9188,5,False,13.1388,0.1549,.60-.70,
CRV/USDT,2025-01-16,LONG,0.5845,0.9319,0.9188,2,True,-1.4057,0.4914,.55-.60,
CRV/USDT,2025-01-24,LONG,0.5653,0.7952,0.7001,5,False,-11.9593,0.0283,.55-.60,
CRV/USDT,2025-01-27,LONG,0.5943,0.7397,0.7001,2,True,-5.3535,0.5813,.55-.60,
CRV/USDT,2025-01-28,LONG,0.6057,0.6762,0.7001,1,True,3.5345,1.3108,.60-.70,1-1.5x
CRV/USDT,2025-01-30,LONG,0.6592,0.7853,0.6864,2,True,-12.5939,1.7151,.60-.70,1.5-2x
CRV/USDT,2025-01-31,LONG,0.5551,0.7815,0.6864,1,True,-12.1689,0.0684,.55-.60,
CRV/USDT,2025-02-03,LONG,0.6961,0.5774,0.4709,3,True,-18.4448,0.4827,.60-.70,
CRV/USDT,2025-02-05,LONG,0.6795,0.5135,0.4709,1,True,-8.296,0.2471,.60-.70,
CRV/USDT,2025-02-10,LONG,0.6502,0.5339,0.5279,4,True,-1.1238,0.2019,.60-.70,
CRV/USDT,2025-02-11,LONG,0.6954,0.5324,0.5279,3,True,-0.8452,0.0395,.60-.70,
CRV/USDT,2025-02-12,LONG,0.5833,0.556,0.5279,2,True,-5.054,0.6141,.55-.60,
CRV/USDT,2025-02-13,LONG,0.6302,0.5297,0.5279,1,True,-0.3398,0.6532,.60-.70,
CRV/USDT,2025-02-25,LONG,0.6069,0.4551,0.5008,5,False,10.0417,0.9045,.60-.70,
CRV/USDT,2025-02-27,LONG,0.56,0.4537,0.4181,5,False,-7.8466,0.4061,.55-.60,
CRV/USDT,2025-02-28,LONG,0.7604,0.4501,0.4372,5,False,-2.866,0.1768,.70-.80,
CRV/USDT,2025-03-01,LONG,0.6918,0.4359,0.4372,4,True,0.2982,0.7103,.60-.70,
CRV/USDT,2025-03-02,LONG,0.6461,0.5008,0.4372,3,True,-12.6997,2.6322,.60-.70,2-3x
CRV/USDT,2025-03-03,LONG,0.6122,0.4136,0.4372,2,True,5.706,2.5432,.60-.70,2-3x
CRV/USDT,2025-03-04,LONG,0.8257,0.4181,0.4372,1,True,4.5683,0.1613,>.80,
CRV/USDT,2025-03-07,LONG,0.7804,0.4287,0.3769,2,True,-12.083,0.3056,.70-.80,
CRV/USDT,2025-03-08,LONG,0.6078,0.4271,0.3769,1,True,-11.7537,0.0544,.60-.70,
CRV/USDT,2025-03-11,LONG,0.7815,0.4014,0.4063,1,True,1.2207,1.2805,.70-.80,1-1.5x
CRV/USDT,2025-03-14,LONG,0.7291,0.4099,0.4192,1,True,2.2688,0.53,.70-.80,
CRV/USDT,2025-03-17,LONG,0.5874,0.4331,0.468,2,True,8.0582,0.7717,.55-.60,
CRV/USDT,2025-03-18,LONG,0.5782,0.4503,0.468,1,True,3.9307,0.5769,.55-.60,
CRV/USDT,2025-03-21,LONG,0.6107,0.4394,0.4913,1,True,11.8116,0.0291,.60-.70,
CRV/USDT,2025-03-23,LONG,0.752,0.5037,0.5034,5,False,-0.0596,0.4767,.70-.80,
CRV/USDT,2025-03-24,LONG,0.7019,0.5088,0.4891,5,False,-3.8719,0.1912,.70-.80,
CRV/USDT,2025-03-25,LONG,0.6532,0.5016,0.4891,4,True,-2.492,0.2691,.60-.70,
CRV/USDT,2025-03-26,LONG,0.624,0.5491,0.4891,3,True,-10.927,1.7314,.60-.70,1.5-2x
CRV/USDT,2025-03-27,LONG,0.571,0.5798,0.4891,2,True,-15.6433,1.0083,.55-.60,1-1.5x
CRV/USDT,2025-03-28,LONG,0.6341,0.5034,0.4891,1,True,-2.8407,2.0408,.60-.70,2-3x
CRV/USDT,2025-04-02,LONG,0.6706,0.4908,0.5205,1,True,6.0513,1.4264,.60-.70,1-1.5x
CRV/USDT,2025-04-06,LONG,0.848,0.4218,0.4592,1,True,8.8668,2.0624,>.80,2-3x
SUSHI/USDT,2024-09-02,LONG,0.5652,0.5733,0.574,3,True,0.1221,1.9438,.55-.60,1.5-2x
SUSHI/USDT,2024-09-04,LONG,0.5689,0.5966,0.574,1,True,-3.7881,2.0014,.55-.60,2-3x
SUSHI/USDT,2024-09-07,LONG,0.6237,0.5617,0.5692,1,True,1.3352,0.0895,.60-.70,
SUSHI/USDT,2024-09-09,LONG,0.6737,0.6323,0.6507,5,False,2.91,2.2178,.60-.70,2-3x
SUSHI/USDT,2024-09-11,LONG,0.6068,0.6187,0.6507,3,True,5.1721,0.2033,.60-.70,
SUSHI/USDT,2024-09-12,LONG,0.686,0.6615,0.6507,2,True,-1.6327,1.4293,.60-.70,1-1.5x
SUSHI/USDT,2024-09-17,LONG,0.5692,0.6127,0.6843,5,False,11.686,0.4818,.55-.60,
SUSHI/USDT,2024-09-18,LONG,0.6601,0.6488,0.7052,5,False,8.693,1.2372,.60-.70,1-1.5x
SUSHI/USDT,2024-09-19,LONG,0.6255,0.6697,0.7228,5,False,7.9289,0.6752,.60-.70,
SUSHI/USDT,2024-09-20,LONG,0.5606,0.6933,0.704,5,False,1.5433,0.7401,.55-.60,
SUSHI/USDT,2024-09-21,LONG,0.6367,0.6976,0.704,4,True,0.9174,0.1355,.60-.70,
SUSHI/USDT,2024-09-22,LONG,0.7234,0.6843,0.704,3,True,2.8789,0.4333,.70-.80,
SUSHI/USDT,2024-09-23,LONG,0.5656,0.7052,0.704,2,True,-0.1702,0.7184,.55-.60,
SUSHI/USDT,2024-09-24,LONG,0.5604,0.7228,0.704,1,True,-2.601,0.6379,.55-.60,
SUSHI/USDT,2024-09-28,LONG,0.8564,0.9133,0.8633,1,True,-5.4747,2.3701,>.80,2-3x
SUSHI/USDT,2024-09-30,LONG,0.7011,0.802,0.71,1,True,-11.4713,1.4158,.70-.80,1-1.5x
SUSHI/USDT,2024-10-02,LONG,0.8038,0.7025,0.7011,1,True,-0.1993,0.1887,>.80,
SUSHI/USDT,2024-10-07,LONG,0.7944,0.7439,0.7792,4,True,4.7453,0.3115,.70-.80,
SUSHI/USDT,2024-10-08,LONG,0.6742,0.7394,0.7792,3,True,5.3827,0.1127,.60-.70,
SUSHI/USDT,2024-10-09,LONG,0.6754,0.7195,0.7792,2,True,8.2974,0.4996,.60-.70,
SUSHI/USDT,2024-10-10,LONG,0.8208,0.7781,0.7792,1,True,0.1414,1.4497,>.80,1-1.5x
SUSHI/USDT,2024-10-16,LONG,0.6754,0.7293,0.6871,1,True,-5.7864,0.6969,.60-.70,
SUSHI/USDT,2024-10-18,LONG,0.6453,0.7205,0.8235,2,True,14.2956,1.0037,.60-.70,1-1.5x
SUSHI/USDT,2024-10-21,LONG,0.8936,0.7634,0.743,3,True,-2.6723,1.322,>.80,1-1.5x
SUSHI/USDT,2024-10-23,LONG,0.987,0.7123,0.743,1,True,4.31,0.8673,>.80,
SUSHI/USDT,2024-10-27,LONG,0.8169,0.7033,0.7024,1,True,-0.128,0.4902,>.80,
SUSHI/USDT,2024-11-04,LONG,0.5888,0.594,0.7623,5,False,28.3333,0.458,.55-.60,
SUSHI/USDT,2024-11-05,LONG,0.6576,0.6317,0.7623,4,True,20.6744,1.0922,.60-.70,1-1.5x
SUSHI/USDT,2024-11-06,LONG,0.7787,0.7224,0.7623,3,True,5.5233,2.1901,.70-.80,2-3x
SUSHI/USDT,2024-11-07,LONG,0.6747,0.7308,0.7623,2,True,4.3103,0.1795,.60-.70,
SUSHI/USDT,2024-11-08,LONG,0.6696,0.725,0.7623,1,True,5.1448,0.1228,.60-.70,
SUSHI/USDT,2024-11-10,LONG,0.6765,0.7914,0.8586,1,True,8.4913,0.7365,.60-.70,
SUSHI/USDT,2024-11-13,LONG,0.6942,0.7617,0.755,2,True,-0.8796,0.6371,.60-.70,
SUSHI/USDT,2024-11-14,LONG,0.8323,0.7142,0.755,1,True,5.7127,1.1183,>.80,1-1.5x
SUSHI/USDT,2024-11-17,LONG,0.7793,0.7384,0.8161,1,True,10.5228,1.256,.70-.80,1-1.5x
SUSHI/USDT,2024-11-22,LONG,0.8054,0.8637,1.2076,5,False,39.8171,1.3901,>.80,1-1.5x
SUSHI/USDT,2024-11-23,LONG,0.9506,1.0595,1.1437,5,False,7.9471,2.8024,>.80,2-3x
SUSHI/USDT,2024-11-25,LONG,0.855,1.078,1.1437,3,True,6.0946,0.5976,>.80,
SUSHI/USDT,2024-11-26,LONG,0.9895,1.0363,1.1437,2,True,10.3638,0.4905,>.80,
SUSHI/USDT,2024-11-27,LONG,0.6358,1.2076,1.1437,1,True,-5.2915,1.9415,.60-.70,1.5-2x
SUSHI/USDT,2024-12-02,LONG,0.57,1.4258,1.4575,1,True,2.2233,0.9506,.55-.60,
SUSHI/USDT,2024-12-05,LONG,0.8427,1.4377,2.001,5,False,39.1806,0.5511,>.80,
SUSHI/USDT,2024-12-06,LONG,0.5947,1.7077,2.3084,5,False,35.176,2.0834,.55-.60,2-3x
SUSHI/USDT,2024-12-07,LONG,0.6177,1.9367,2.2182,5,False,14.535,1.5275,.60-.70,1.5-2x
SUSHI/USDT,2024-12-08,LONG,0.98,2.6669,2.2182,4,True,-16.8248,3.3195,>.80,3-5x
SUSHI/USDT,2024-12-09,LONG,0.9538,2.0594,2.2182,3,True,7.711,1.7605,>.80,1.5-2x
SUSHI/USDT,2024-12-10,LONG,0.9287,2.001,2.2182,2,True,10.8546,0.2215,>.80,
SUSHI/USDT,2024-12-11,LONG,0.9423,2.3084,2.2182,1,True,-3.9075,1.1837,>.80,1-1.5x
SUSHI/USDT,2024-12-14,LONG,0.5817,2.0894,2.0342,2,True,-2.6419,0.3897,.55-.60,
SUSHI/USDT,2024-12-15,LONG,0.5858,2.2584,2.0342,1,True,-9.9274,0.6422,.55-.60,
SUSHI/USDT,2024-12-17,LONG,0.7635,1.9509,1.7071,1,True,-12.4968,0.3235,.70-.80,
SUSHI/USDT,2024-12-20,LONG,0.6715,1.5791,1.5445,3,True,-2.1911,0.4366,.60-.70,
SUSHI/USDT,2024-12-21,LONG,0.6387,1.4427,1.5445,2,True,7.0562,0.6426,.60-.70,
SUSHI/USDT,2024-12-22,LONG,0.6367,1.4419,1.5445,1,True,7.1156,0.0042,.60-.70,
SUSHI/USDT,2024-12-24,LONG,0.6747,1.653,1.5883,1,True,-3.9141,0.5214,.60-.70,
SUSHI/USDT,2024-12-28,LONG,0.5718,1.4921,1.3592,3,True,-8.9069,0.5954,.55-.60,
SUSHI/USDT,2024-12-29,LONG,0.5985,1.3962,1.3592,2,True,-2.6501,0.8369,.55-.60,
SUSHI/USDT,2024-12-30,LONG,0.604,1.3671,1.3592,1,True,-0.5779,0.2716,.60-.70,
SUSHI/USDT,2025-01-02,LONG,0.5682,1.4645,1.8484,2,True,26.2137,0.5331,.55-.60,
SUSHI/USDT,2025-01-03,LONG,0.6816,1.7895,1.8484,1,True,3.2914,2.5739,.60-.70,2-3x
SUSHI/USDT,2025-01-05,LONG,0.6469,1.791,1.5114,3,True,-15.6114,0.3798,.60-.70,
SUSHI/USDT,2025-01-06,LONG,0.6536,1.7953,1.5114,2,True,-15.8135,0.0295,.60-.70,
SUSHI/USDT,2025-01-07,LONG,0.7342,1.5627,1.5114,1,True,-3.2828,1.5865,.70-.80,1.5-2x
SUSHI/USDT,2025-01-09,LONG,0.6249,1.4472,1.4895,1,True,2.9229,0.5571,.60-.70,
SUSHI/USDT,2025-01-13,LONG,0.6911,1.3955,1.7151,4,True,22.9022,0.4577,.60-.70,
SUSHI/USDT,2025-01-15,LONG,0.5589,1.6709,1.7151,2,True,2.6453,2.0208,.55-.60,2-3x
SUSHI/USDT,2025-01-16,LONG,0.6405,1.5968,1.7151,1,True,7.4086,0.5864,.60-.70,
SUSHI/USDT,2025-01-21,LONG,0.6973,1.4105,1.3474,2,True,-4.4736,0.3282,.60-.70,
SUSHI/USDT,2025-01-22,LONG,0.592,1.3449,1.3474,1,True,0.1859,0.5552,.55-.60,
SUSHI/USDT,2025-01-30,LONG,0.6449,1.27,1.1235,2,True,-11.5354,0.9132,.60-.70,
SUSHI/USDT,2025-01-31,LONG,0.5949,1.276,1.1235,1,True,-11.9514,0.0759,.55-.60,
SUSHI/USDT,2025-02-03,LONG,0.5585,0.9602,0.8748,2,True,-8.894,0.0845,.55-.60,
SUSHI/USDT,2025-02-11,LONG,0.5711,0.8839,0.9635,1,True,9.0055,0.0874,.55-.60,
SUSHI/USDT,2025-02-13,LONG,0.5803,0.9332,0.8872,2,True,-4.9293,0.5155,.55-.60,
SUSHI/USDT,2025-02-25,LONG,0.5797,0.7792,0.8132,2,True,4.3634,0.6801,.55-.60,
SUSHI/USDT,2025-02-26,LONG,0.6804,0.7923,0.8132,1,True,2.6379,0.3336,.60-.70,
SUSHI/USDT,2025-02-28,LONG,0.7287,0.7942,0.7324,5,False,-7.7814,0.4658,.70-.80,
SUSHI/USDT,2025-03-01,LONG,0.7072,0.7914,0.7022,5,False,-11.2712,0.0703,.70-.80,
SUSHI/USDT,2025-03-02,LONG,0.6076,0.8926,0.7031,5,False,-21.2301,2.2337,.60-.70,2-3x
SUSHI/USDT,2025-03-03,LONG,0.6497,0.733,0.7031,4,True,-4.0791,2.5505,.60-.70,2-3x
SUSHI/USDT,2025-03-08,LONG,0.5956,0.6727,0.5851,1,True,-13.0221,0.6436,.55-.60,
SUSHI/USDT,2025-03-11,LONG,0.7681,0.6023,0.6154,1,True,2.175,0.6489,.70-.80,
SUSHI/USDT,2025-03-14,LONG,0.7558,0.6178,0.6527,1,True,5.6491,0.5678,.70-.80,
SUSHI/USDT,2025-03-17,LONG,0.6034,0.6571,0.7001,2,True,6.5439,1.1784,.60-.70,1-1.5x
SUSHI/USDT,2025-03-20,LONG,0.6315,0.668,0.6723,2,True,0.6437,0.6422,.60-.70,
SUSHI/USDT,2025-03-21,LONG,0.619,0.6596,0.6723,1,True,1.9254,0.1761,.60-.70,
SUSHI/USDT,2025-03-24,LONG,0.7083,0.7051,0.6254,4,True,-11.3034,1.1393,.70-.80,1-1.5x
SUSHI/USDT,2025-03-27,LONG,0.6923,0.6815,0.6254,1,True,-8.2318,0.1107,.60-.70,
SUSHI/USDT,2025-03-30,LONG,0.6198,0.5833,0.586,1,True,0.4629,0.0691,.60-.70,
SUSHI/USDT,2025-04-05,LONG,0.629,0.555,0.489,1,True,-11.8919,0.5356,.60-.70,
1INCH/USDT,2024-08-28,LONG,0.7204,0.2444,0.2454,2,True,0.4092,0.5071,.70-.80,
1INCH/USDT,2024-08-29,LONG,0.7632,0.2476,0.2454,1,True,-0.8885,0.3518,.70-.80,
1INCH/USDT,2024-08-31,LONG,0.7937,0.239,0.2255,1,True,-5.6485,0.7705,.70-.80,
1INCH/USDT,2024-09-02,LONG,0.6014,0.2343,0.2772,2,True,18.3099,1.0795,.60-.70,1-1.5x
1INCH/USDT,2024-09-03,LONG,0.6567,0.2226,0.2772,1,True,24.5283,1.3536,.60-.70,1-1.5x
1INCH/USDT,2024-09-05,LONG,0.8318,0.2549,0.2576,1,True,1.0592,1.1638,>.80,1-1.5x
1INCH/USDT,2024-09-07,LONG,0.9899,0.2511,0.2509,1,True,-0.0796,0.3634,>.80,
1INCH/USDT,2024-09-11,LONG,0.6395,0.2476,0.2669,2,True,7.7948,0.6853,.60-.70,
1INCH/USDT,2024-09-15,LONG,0.6322,0.2459,0.2359,1,True,-4.0667,0.8776,.60-.70,
1INCH/USDT,2024-09-18,LONG,0.7867,0.2534,0.2764,4,True,9.0766,0.8084,.70-.80,
1INCH/USDT,2024-09-19,LONG,0.8909,0.2699,0.2764,3,True,2.4083,0.9186,>.80,
1INCH/USDT,2024-09-21,LONG,0.6894,0.2898,0.2764,1,True,-4.6239,0.5759,.60-.70,
1INCH/USDT,2024-09-29,LONG,0.6067,0.2978,0.2783,1,True,-6.548,0.3697,.60-.70,
1INCH/USDT,2024-10-01,LONG,0.6088,0.2564,0.263,5,False,2.5741,1.8143,.60-.70,1.5-2x
1INCH/USDT,2024-10-02,LONG,0.6268,0.2513,0.2601,5,False,3.5018,0.4652,.60-.70,
1INCH/USDT,2024-10-03,LONG,0.6699,0.2466,0.2601,4,True,5.4745,0.4454,.60-.70,
1INCH/USDT,2024-10-04,LONG,0.5793,0.2574,0.2601,3,True,1.049,1.0165,.55-.60,1-1.5x
1INCH/USDT,2024-10-10,LONG,0.575,0.2482,0.2771,5,False,11.6438,0.1407,.55-.60,
1INCH/USDT,2024-10-12,LONG,0.5803,0.2601,0.2621,5,False,0.7689,0.1638,.55-.60,
1INCH/USDT,2024-10-19,LONG,0.5676,0.2725,0.2745,5,False,0.7339,0.2029,.55-.60,
1INCH/USDT,2024-10-20,LONG,0.6938,0.2911,0.2478,5,False,-14.8746,1.9509,.60-.70,1.5-2x
1INCH/USDT,2024-10-22,LONG,0.6119,0.2751,0.2574,5,False,-6.434,0.3579,.60-.70,
1INCH/USDT,2024-10-23,LONG,0.7615,0.2647,0.2591,5,False,-2.1156,1.1749,.70-.80,1-1.5x
1INCH/USDT,2024-10-24,LONG,0.6609,0.2745,0.2591,4,True,-5.6102,1.1653,.60-.70,1-1.5x
1INCH/USDT,2024-10-26,LONG,0.7451,0.2512,0.2591,2,True,3.1449,0.3544,.70-.80,
1INCH/USDT,2024-10-29,LONG,0.5555,0.2641,0.2461,2,True,-6.8156,0.5005,.55-.60,
1INCH/USDT,2024-10-30,LONG,0.668,0.2597,0.2461,1,True,-5.2368,0.4296,.60-.70,
1INCH/USDT,2024-11-02,LONG,0.6527,0.2404,0.2278,2,True,-5.2413,0.3631,.60-.70,
1INCH/USDT,2024-11-03,LONG,0.5799,0.2312,0.2278,1,True,-1.4706,1.0157,.55-.60,1-1.5x
1INCH/USDT,2024-11-06,LONG,0.6613,0.263,0.2629,1,True,-0.038,2.4729,.60-.70,2-3x
1INCH/USDT,2024-11-12,LONG,0.7246,0.3039,0.2875,3,True,-5.3965,0.3025,.70-.80,
1INCH/USDT,2024-11-13,LONG,0.8642,0.2894,0.2875,2,True,-0.6565,1.0337,>.80,1-1.5x
1INCH/USDT,2024-11-14,LONG,0.7503,0.2741,0.2875,1,True,4.8887,1.2611,.70-.80,1-1.5x
1INCH/USDT,2024-11-20,LONG,0.5926,0.3201,0.3557,2,True,11.1215,0.9321,.55-.60,
1INCH/USDT,2024-11-21,LONG,0.5899,0.3352,0.3557,1,True,6.1158,0.8692,.55-.60,
1INCH/USDT,2024-11-23,LONG,0.722,0.3768,0.3823,2,True,1.4597,1.1123,.70-.80,1-1.5x
1INCH/USDT,2024-11-24,LONG,0.7022,0.3962,0.3823,1,True,-3.5083,0.9766,.70-.80,
1INCH/USDT,2024-11-26,LONG,0.7998,0.3906,0.4167,2,True,6.682,0.4302,.70-.80,
1INCH/USDT,2024-11-27,LONG,0.7014,0.4291,0.4167,1,True,-2.8898,1.8587,.70-.80,1.5-2x
1INCH/USDT,2024-12-05,LONG,0.9046,0.5106,0.6264,3,True,22.6792,0.4323,>.80,
1INCH/USDT,2024-12-06,LONG,0.8414,0.5467,0.6264,2,True,14.5784,1.4553,>.80,1-1.5x
1INCH/USDT,2024-12-07,LONG,0.9129,0.5332,0.6264,1,True,17.4794,0.5307,>.80,
1INCH/USDT,2024-12-09,LONG,0.9324,0.4752,0.4928,2,True,3.7037,2.9454,>.80,2-3x
1INCH/USDT,2024-12-12,LONG,0.9925,0.5152,0.4794,2,True,-6.9488,0.5168,>.80,
1INCH/USDT,2024-12-13,LONG,0.8708,0.5093,0.4794,1,True,-5.8708,0.1304,>.80,
1INCH/USDT,2024-12-17,LONG,0.631,0.4696,0.3975,3,True,-15.3535,0.48,.60-.70,
1INCH/USDT,2024-12-18,LONG,0.6236,0.4215,0.3975,2,True,-5.694,1.1296,.60-.70,1-1.5x
1INCH/USDT,2024-12-19,LONG,0.6282,0.3828,0.3975,1,True,3.8401,0.9869,.60-.70,
1INCH/USDT,2024-12-28,LONG,0.5961,0.4136,0.3835,3,True,-7.2776,0.7563,.55-.60,
1INCH/USDT,2024-12-29,LONG,0.5663,0.3925,0.3835,2,True,-2.293,0.8235,.55-.60,
1INCH/USDT,2024-12-30,LONG,0.5857,0.3932,0.3835,1,True,-2.4669,0.0303,.55-.60,
1INCH/USDT,2025-01-03,LONG,0.5589,0.4226,0.3828,5,False,-9.4179,1.0384,.55-.60,1-1.5x
1INCH/USDT,2025-01-07,LONG,0.5775,0.391,0.3918,3,True,0.2046,2.2161,.55-.60,2-3x
1INCH/USDT,2025-01-08,LONG,0.5631,0.3828,0.3918,2,True,2.3511,0.4933,.55-.60,
1INCH/USDT,2025-01-12,LONG,0.5645,0.3783,0.3979,5,False,5.1811,0.4866,.55-.60,
1INCH/USDT,2025-01-13,LONG,0.6319,0.3641,0.3733,5,False,2.5268,0.9879,.60-.70,
1INCH/USDT,2025-01-15,LONG,0.5785,0.3906,0.3733,3,True,-4.4291,1.1328,.55-.60,1-1.5x
1INCH/USDT,2025-01-16,LONG,0.554,0.3811,0.3733,2,True,-2.0467,0.6343,.55-.60,
1INCH/USDT,2025-01-20,LONG,0.565,0.3394,0.3276,2,True,-3.4767,0.2314,.55-.60,
1INCH/USDT,2025-01-21,LONG,0.6082,0.3475,0.3276,1,True,-5.7266,0.5456,.60-.70,
1INCH/USDT,2025-01-23,LONG,0.6794,0.3175,0.306,1,True,-3.622,0.7247,.60-.70,
1INCH/USDT,2025-01-26,LONG,0.6273,0.3112,0.3103,5,False,-0.2892,0.0905,.60-.70,
1INCH/USDT,2025-01-28,LONG,0.5615,0.2965,0.2951,4,True,-0.4722,0.8757,.55-.60,
1INCH/USDT,2025-01-30,LONG,0.5733,0.3126,0.2951,2,True,-5.5982,1.0981,.55-.60,1-1.5x
1INCH/USDT,2025-02-11,LONG,0.5722,0.2638,0.2682,4,True,1.6679,0.281,.55-.60,
1INCH/USDT,2025-02-20,LONG,0.565,0.2691,0.2543,5,False,-5.4998,0.3569,.55-.60,
1INCH/USDT,2025-02-25,LONG,0.5834,0.2543,0.2417,1,True,-4.9548,1.3107,.55-.60,1-1.5x
1INCH/USDT,2025-02-27,LONG,0.6038,0.2458,0.2408,1,True,-2.0342,0.6008,.60-.70,
1INCH/USDT,2025-03-02,LONG,0.5686,0.2577,0.2342,3,True,-9.1191,2.0223,.55-.60,2-3x
1INCH/USDT,2025-03-03,LONG,0.6736,0.2241,0.2342,2,True,4.5069,3.0987,.60-.70,3-5x
1INCH/USDT,2025-03-07,LONG,0.7699,0.2271,0.1974,5,False,-13.0779,0.5414,.70-.80,
1INCH/USDT,2025-03-10,LONG,0.6261,0.1921,0.1974,2,True,2.759,1.8729,.60-.70,1.5-2x
1INCH/USDT,2025-03-11,LONG,0.5767,0.1969,0.1974,1,True,0.2539,0.5058,.55-.60,
1INCH/USDT,2025-03-14,LONG,0.6073,0.1992,0.1973,2,True,-0.9538,0.4558,.60-.70,
1INCH/USDT,2025-03-15,LONG,0.6084,0.2052,0.1973,1,True,-3.8499,0.5977,.60-.70,
1INCH/USDT,2025-03-17,LONG,0.5914,0.2053,0.2124,2,True,3.4584,0.8348,.55-.60,
1INCH/USDT,2025-03-20,LONG,0.6321,0.2076,0.2096,2,True,0.9634,0.468,.60-.70,
1INCH/USDT,2025-03-21,LONG,0.554,0.2049,0.2096,1,True,2.2938,0.2699,.55-.60,
1INCH/USDT,2025-03-23,LONG,0.63,0.2109,0.1985,5,False,-5.8796,0.1716,.60-.70,
1INCH/USDT,2025-03-24,LONG,0.6001,0.2161,0.1985,4,True,-8.1444,0.6752,.60-.70,
1INCH/USDT,2025-03-26,LONG,0.614,0.2131,0.1985,2,True,-6.8512,0.4524,.60-.70,
1INCH/USDT,2025-03-27,LONG,0.621,0.2124,0.1985,1,True,-6.5443,0.0927,.60-.70,
1INCH/USDT,2025-03-29,LONG,0.5922,0.1895,0.1968,3,True,3.8522,1.3096,.55-.60,1-1.5x
1INCH/USDT,2025-03-30,LONG,0.5879,0.1888,0.1968,2,True,4.2373,0.1318,.55-.60,
1INCH/USDT,2025-04-03,LONG,0.637,0.1862,0.1877,1,True,0.8056,0.553,.60-.70,
1INCH/USDT,2025-04-05,LONG,0.6093,0.1848,0.1636,1,True,-11.4719,0.4833,.60-.70,
DYDX/USDT,2024-09-02,LONG,0.645,0.905,0.869,1,True,-3.9779,1.4403,.60-.70,1-1.5x
DYDX/USDT,2024-09-05,LONG,0.7556,0.8722,0.8759,3,True,0.4242,0.2452,.70-.80,
DYDX/USDT,2024-09-06,LONG,0.6219,0.84,0.8759,2,True,4.2738,0.9276,.60-.70,
DYDX/USDT,2024-09-07,LONG,0.6809,0.8612,0.8759,1,True,1.7069,0.6354,.60-.70,
DYDX/USDT,2024-09-09,LONG,0.8638,0.918,0.931,4,True,1.4161,1.1401,>.80,1-1.5x
DYDX/USDT,2024-09-10,LONG,0.6135,0.904,0.931,3,True,2.9867,0.3711,.60-.70,
DYDX/USDT,2024-09-11,LONG,0.7753,0.888,0.931,2,True,4.8423,0.4313,.70-.80,
DYDX/USDT,2024-09-12,LONG,0.7816,0.9086,0.931,1,True,2.4653,0.5997,.70-.80,
DYDX/USDT,2024-09-17,LONG,0.5739,0.869,0.8726,1,True,0.4143,0.1851,.55-.60,
DYDX/USDT,2024-09-24,LONG,0.601,1.0116,1.0018,1,True,-0.9688,1.8482,.60-.70,1.5-2x
DYDX/USDT,2024-09-27,LONG,0.6202,1.0751,0.9952,3,True,-7.4319,0.3037,.60-.70,
DYDX/USDT,2024-10-07,LONG,0.7857,0.8911,0.904,3,True,1.4476,0.0123,.70-.80,
DYDX/USDT,2024-10-08,LONG,0.6787,0.883,0.904,2,True,2.3783,0.1982,.60-.70,
DYDX/USDT,2024-10-09,LONG,0.666,0.8871,0.904,1,True,1.9051,0.1123,.60-.70,
DYDX/USDT,2024-10-12,LONG,0.6853,0.9247,0.9846,2,True,6.4778,0.0108,.60-.70,
DYDX/USDT,2024-10-13,LONG,0.6824,0.9335,0.9846,1,True,5.474,0.2399,.60-.70,
DYDX/USDT,2024-10-15,LONG,0.8053,0.9972,0.9557,2,True,-4.1617,0.3281,>.80,
DYDX/USDT,2024-10-19,LONG,0.7057,0.9895,1.2359,2,True,24.9015,0.6594,.70-.80,
DYDX/USDT,2024-10-20,LONG,0.955,1.3141,1.2359,1,True,-5.9508,4.1038,>.80,3-5x
DYDX/USDT,2024-10-29,LONG,0.6857,1.0469,0.9447,4,True,-9.7622,0.2754,.60-.70,
DYDX/USDT,2024-10-30,LONG,0.6511,1.0664,0.9447,3,True,-11.4122,0.2177,.60-.70,
DYDX/USDT,2024-11-01,LONG,0.6634,1.0023,0.9447,1,True,-5.7468,0.2825,.60-.70,
DYDX/USDT,2024-11-04,LONG,0.6577,0.8896,1.0975,4,True,23.3701,0.161,.60-.70,
DYDX/USDT,2024-11-05,LONG,0.6868,0.9226,1.0975,3,True,18.9573,0.423,.60-.70,
DYDX/USDT,2024-11-06,LONG,0.6977,1.107,1.0975,2,True,-0.8582,2.0358,.60-.70,2-3x
DYDX/USDT,2024-11-07,LONG,0.6226,1.1174,1.0975,1,True,-1.7809,0.0957,.60-.70,
DYDX/USDT,2024-11-11,LONG,0.7626,1.3179,1.3305,5,False,0.9561,1.1099,.70-.80,1-1.5x
DYDX/USDT,2024-11-12,LONG,0.7015,1.2457,1.3305,4,True,6.8074,0.8472,.70-.80,
DYDX/USDT,2024-11-13,LONG,0.7218,1.216,1.3305,3,True,9.4161,0.3665,.70-.80,
DYDX/USDT,2024-11-14,LONG,0.8266,1.1343,1.3305,2,True,17.297,1.0866,>.80,1-1.5x
DYDX/USDT,2024-11-15,LONG,0.8896,1.2397,1.3305,1,True,7.3244,1.4388,>.80,1-1.5x
DYDX/USDT,2024-11-17,LONG,0.7236,1.2459,1.3205,1,True,5.9876,0.9418,.70-.80,
DYDX/USDT,2024-11-22,LONG,0.7573,1.3282,1.5516,2,True,16.8198,0.1836,.70-.80,
DYDX/USDT,2024-11-23,LONG,0.6864,1.5244,1.5516,1,True,1.7843,2.0171,.60-.70,2-3x
DYDX/USDT,2024-11-25,LONG,0.6055,1.5593,1.5868,3,True,1.7636,0.0682,.60-.70,
DYDX/USDT,2024-11-26,LONG,0.8533,1.4548,1.5868,2,True,9.0734,1.0518,>.80,1-1.5x
DYDX/USDT,2024-11-29,LONG,0.8237,1.6449,1.7055,2,True,3.6841,0.5235,>.80,
DYDX/USDT,2024-12-02,LONG,0.5826,1.7751,1.7976,1,True,1.2675,0.6051,.55-.60,
DYDX/USDT,2024-12-05,LONG,0.7455,1.7978,2.6458,3,True,47.1688,0.3848,.70-.80,
DYDX/USDT,2024-12-06,LONG,0.6807,2.3205,2.6458,2,True,14.0185,3.3697,.60-.70,3-5x
DYDX/USDT,2024-12-07,LONG,0.5752,2.4083,2.6458,1,True,9.8617,0.454,.55-.60,
DYDX/USDT,2024-12-09,LONG,0.9537,2.1154,2.1142,2,True,-0.0567,2.045,>.80,2-3x
DYDX/USDT,2024-12-10,LONG,0.8717,1.9432,2.1142,1,True,8.7999,0.8122,>.80,
DYDX/USDT,2024-12-12,LONG,0.9703,2.2187,2.0774,2,True,-6.3686,0.493,>.80,
DYDX/USDT,2024-12-13,LONG,0.8492,2.1604,2.0774,1,True,-3.8419,0.2707,>.80,
DYDX/USDT,2024-12-17,LONG,0.6588,1.94,1.6905,1,True,-12.8608,0.7637,.60-.70,
DYDX/USDT,2024-12-20,LONG,0.6298,1.5573,1.5402,3,True,-1.0981,0.5585,.60-.70,
DYDX/USDT,2024-12-21,LONG,0.6648,1.4223,1.5402,2,True,8.2894,0.8212,.60-.70,
DYDX/USDT,2024-12-22,LONG,0.6896,1.4321,1.5402,1,True,7.5484,0.0656,.60-.70,
DYDX/USDT,2024-12-24,LONG,0.5695,1.5863,1.5883,1,True,0.1261,0.2806,.55-.60,
DYDX/USDT,2024-12-29,LONG,0.6357,1.4971,1.6288,5,False,8.797,0.6328,.60-.70,
DYDX/USDT,2025-01-03,LONG,0.6145,1.6288,1.6279,1,True,-0.0553,1.1585,.60-.70,1-1.5x
DYDX/USDT,2025-01-06,LONG,0.5518,1.6381,1.3458,2,True,-17.8438,0.444,.55-.60,
DYDX/USDT,2025-01-13,LONG,0.6676,1.2362,1.3229,5,False,7.0134,1.0174,.60-.70,1-1.5x
DYDX/USDT,2025-01-16,LONG,0.6145,1.3414,1.3229,2,True,-1.3792,0.2083,.60-.70,
DYDX/USDT,2025-01-21,LONG,0.7223,1.2187,1.1687,1,True,-4.1027,0.9798,.70-.80,
DYDX/USDT,2025-01-24,LONG,0.7013,1.1515,1.0881,3,True,-5.5059,0.2921,.70-.80,
DYDX/USDT,2025-01-25,LONG,0.5743,1.1436,1.0881,2,True,-4.8531,0.1221,.55-.60,
DYDX/USDT,2025-01-26,LONG,0.7209,1.1265,1.0881,1,True,-3.4088,0.2705,.70-.80,
DYDX/USDT,2025-01-30,LONG,0.6501,1.0726,0.9899,2,True,-7.7102,1.0042,.60-.70,1-1.5x
DYDX/USDT,2025-01-31,LONG,0.6184,1.0927,0.9899,1,True,-9.4079,0.3446,.60-.70,
DYDX/USDT,2025-02-06,LONG,0.9187,0.7038,0.7122,1,True,1.1935,1.2235,>.80,1-1.5x
DYDX/USDT,2025-02-09,LONG,0.6787,0.7454,0.8091,5,False,8.5457,0.0025,.60-.70,
DYDX/USDT,2025-02-10,LONG,0.6929,0.7605,0.8091,4,True,6.3905,0.3905,.60-.70,
DYDX/USDT,2025-02-11,LONG,0.7344,0.7489,0.8091,3,True,8.0385,0.2951,.70-.80,
DYDX/USDT,2025-02-13,LONG,0.6256,0.7804,0.8091,1,True,3.6776,0.5123,.60-.70,
DYDX/USDT,2025-02-16,LONG,0.6622,0.7787,0.7568,2,True,-2.8124,0.1899,.60-.70,
DYDX/USDT,2025-02-17,LONG,0.6322,0.7882,0.7568,1,True,-3.9838,0.227,.60-.70,
DYDX/USDT,2025-02-19,LONG,0.5689,0.7729,0.8055,3,True,4.2179,0.4143,.55-.60,
DYDX/USDT,2025-02-24,LONG,0.5895,0.6668,0.7169,3,True,7.5135,3.0581,.55-.60,3-5x
DYDX/USDT,2025-02-26,LONG,0.709,0.7106,0.7169,1,True,0.8866,0.7704,.70-.80,
DYDX/USDT,2025-02-28,LONG,0.7649,0.7066,0.7699,2,True,8.9584,0.3179,.70-.80,
DYDX/USDT,2025-03-01,LONG,0.7425,0.6887,0.7699,1,True,11.7903,0.5568,.70-.80,
DYDX/USDT,2025-03-03,LONG,0.7289,0.6613,0.6574,3,True,-0.5897,2.2871,.70-.80,2-3x
DYDX/USDT,2025-03-08,LONG,0.6686,0.642,0.5716,1,True,-10.9657,0.3443,.60-.70,
DYDX/USDT,2025-03-11,LONG,0.7664,0.5833,0.6076,1,True,4.166,1.0413,.70-.80,1-1.5x
DYDX/USDT,2025-03-14,LONG,0.722,0.6139,0.6113,2,True,-0.4235,0.0173,.70-.80,
DYDX/USDT,2025-03-15,LONG,0.6755,0.6363,0.6113,1,True,-3.929,0.5466,.60-.70,
DYDX/USDT,2025-03-17,LONG,0.6261,0.6381,0.6761,2,True,5.9552,0.7366,.60-.70,
DYDX/USDT,2025-03-20,LONG,0.692,0.6652,0.6711,3,True,0.887,0.2677,.60-.70,
DYDX/USDT,2025-03-21,LONG,0.6004,0.6638,0.6711,2,True,1.0997,0.0351,.60-.70,
DYDX/USDT,2025-03-22,LONG,0.6829,0.6755,0.6711,1,True,-0.6514,0.33,.60-.70,
DYDX/USDT,2025-03-24,LONG,0.7723,0.7226,0.7413,2,True,2.5879,1.762,.70-.80,1.5-2x
DYDX/USDT,2025-03-27,LONG,0.8173,0.735,0.6419,2,True,-12.6667,0.1979,>.80,
DYDX/USDT,2025-03-28,LONG,0.6213,0.6912,0.6419,1,True,-7.1325,1.3224,.60-.70,1-1.5x
DYDX/USDT,2025-03-30,LONG,0.6943,0.6382,0.5961,3,True,-6.5967,0.1487,.60-.70,
DYDX/USDT,2025-03-31,LONG,0.6035,0.6296,0.5961,2,True,-5.3208,0.3714,.60-.70,
DYDX/USDT,2025-04-01,LONG,0.7104,0.6475,0.5961,1,True,-7.9382,0.7966,.70-.80,
DYDX/USDT,2025-04-03,LONG,0.6498,0.6156,0.6258,1,True,1.6569,0.8002,.60-.70,
DYDX/USDT,2025-04-05,LONG,0.6439,0.614,0.5411,1,True,-11.873,0.4785,.60-.70,
ENS/USDT,2024-08-28,LONG,0.6191,18.342,18.116,2,True,-1.2321,0.0697,.60-.70,
ENS/USDT,2024-08-29,LONG,0.5758,18.313,18.116,1,True,-1.0757,0.0329,.55-.60,
ENS/USDT,2024-08-31,LONG,0.643,17.736,16.547,5,False,-6.7039,0.4534,.60-.70,
ENS/USDT,2024-09-07,LONG,0.5507,15.981,17.518,5,False,9.6177,0.3392,.55-.60,
ENS/USDT,2024-09-08,LONG,0.5869,16.363,18.032,5,False,10.1998,0.5382,.55-.60,
ENS/USDT,2024-09-09,LONG,0.5672,16.845,17.566,5,False,4.2802,0.6528,.55-.60,
ENS/USDT,2024-09-11,LONG,0.6147,17.29,17.566,3,True,1.5963,0.4815,.60-.70,
ENS/USDT,2024-09-13,LONG,0.5515,18.032,17.566,1,True,-2.5843,0.7384,.55-.60,
ENS/USDT,2024-09-15,LONG,0.5933,16.704,16.342,1,True,-2.1671,1.2687,.55-.60,1-1.5x
ENS/USDT,2024-09-18,LONG,0.6807,17.46,17.852,1,True,2.2451,1.158,.60-.70,1-1.5x
ENS/USDT,2024-09-21,LONG,0.5684,18.744,18.789,2,True,0.2401,0.4217,.55-.60,
ENS/USDT,2024-09-22,LONG,0.776,18.239,18.789,1,True,3.0155,0.7933,.70-.80,
ENS/USDT,2024-09-29,LONG,0.6196,19.779,17.028,5,False,-13.9087,0.5322,.60-.70,
ENS/USDT,2024-09-30,LONG,0.8311,18.5,16.803,5,False,-9.173,1.855,>.80,1.5-2x
ENS/USDT,2024-10-02,LONG,0.6289,16.423,16.719,5,False,1.8024,0.778,.60-.70,
ENS/USDT,2024-10-03,LONG,0.7619,16.33,16.719,4,True,2.3821,0.144,.70-.80,
ENS/USDT,2024-10-04,LONG,0.6089,17.028,16.719,3,True,-1.8147,1.06,.60-.70,1-1.5x
ENS/USDT,2024-10-11,LONG,0.6566,17.074,17.205,1,True,0.7672,1.3029,.60-.70,1-1.5x
ENS/USDT,2024-10-14,LONG,0.5589,18.238,17.531,2,True,-3.8765,1.7699,.55-.60,1.5-2x
ENS/USDT,2024-10-15,LONG,0.7704,17.782,17.531,1,True,-1.4115,0.5994,.70-.80,
ENS/USDT,2024-10-17,LONG,0.7476,17.022,17.853,5,False,4.8819,0.7841,.70-.80,
ENS/USDT,2024-10-18,LONG,0.7915,17.769,17.853,4,True,0.4727,1.1434,.70-.80,1-1.5x
ENS/USDT,2024-10-19,LONG,0.5649,17.723,17.853,3,True,0.7335,0.0676,.55-.60,
ENS/USDT,2024-10-20,LONG,0.8423,19.129,17.853,2,True,-6.6705,1.9867,>.80,1.5-2x
ENS/USDT,2024-10-21,LONG,0.8191,18.019,17.853,1,True,-0.9212,1.5539,>.80,1.5-2x
ENS/USDT,2024-11-01,LONG,0.6257,16.655,15.868,2,True,-4.7253,0.208,.60-.70,
ENS/USDT,2024-11-02,LONG,0.8913,16.464,15.868,1,True,-3.62,0.2656,>.80,
ENS/USDT,2024-11-05,LONG,0.8222,15.525,19.126,5,False,23.1948,1.0538,>.80,1-1.5x
ENS/USDT,2024-11-06,LONG,0.7491,17.848,20.37,5,False,14.1304,2.7052,.70-.80,2-3x
ENS/USDT,2024-11-07,LONG,0.8174,18.88,20.37,4,True,7.8919,1.0338,>.80,1-1.5x
ENS/USDT,2024-11-08,LONG,0.8395,18.25,20.37,3,True,11.6164,0.59,>.80,
ENS/USDT,2024-11-09,LONG,0.6767,19.174,20.37,2,True,6.2376,0.923,.60-.70,
ENS/USDT,2024-11-10,LONG,0.9616,19.126,20.37,1,True,6.5042,0.0472,>.80,
ENS/USDT,2024-11-12,LONG,0.9128,18.119,17.043,1,True,-5.9385,1.8337,>.80,1.5-2x
ENS/USDT,2024-11-14,LONG,0.9765,16.335,17.045,1,True,4.3465,0.6979,>.80,
ENS/USDT,2024-11-18,LONG,0.7746,19.174,18.284,1,True,-4.6417,1.3241,.70-.80,1-1.5x
ENS/USDT,2024-11-21,LONG,0.5506,19.02,23.787,4,True,25.0631,1.4215,.55-.60,1-1.5x
ENS/USDT,2024-11-22,LONG,0.8669,19.754,23.787,3,True,20.4161,0.5658,>.80,
ENS/USDT,2024-11-23,LONG,0.7438,20.628,23.787,2,True,15.3141,0.6543,.70-.80,
ENS/USDT,2024-11-24,LONG,0.8391,20.27,23.787,1,True,17.3508,0.2651,>.80,
ENS/USDT,2024-11-26,LONG,0.9215,22.465,33.028,3,True,47.0198,0.7962,>.80,
ENS/USDT,2024-11-27,LONG,0.9708,34.086,33.028,2,True,-3.1039,3.9042,>.80,3-5x
ENS/USDT,2024-11-28,LONG,0.5505,34.52,33.028,1,True,-4.3221,0.0967,.55-.60,
ENS/USDT,2024-11-30,LONG,0.8815,40.211,41.723,2,True,3.7602,1.569,>.80,1.5-2x
ENS/USDT,2024-12-01,LONG,0.9097,41.275,41.723,1,True,1.0854,0.1909,>.80,
ENS/USDT,2024-12-03,LONG,0.8766,39.456,41.102,2,True,4.1717,0.4059,>.80,
ENS/USDT,2024-12-04,LONG,0.8247,42.665,41.102,1,True,-3.6634,0.6149,>.80,
ENS/USDT,2024-12-06,LONG,0.9275,42.178,41.502,2,True,-1.6027,0.1956,>.80,
ENS/USDT,2024-12-07,LONG,0.6621,41.531,41.502,1,True,-0.0698,0.1152,.60-.70,
ENS/USDT,2024-12-10,LONG,0.754,35.041,43.116,3,True,23.0444,0.0935,.70-.80,
ENS/USDT,2024-12-12,LONG,0.7678,40.816,43.116,1,True,5.635,0.2953,.70-.80,
ENS/USDT,2024-12-17,LONG,0.5595,42.336,39.531,1,True,-6.6256,0.836,.55-.60,
ENS/USDT,2024-12-19,LONG,0.702,35.953,37.271,4,True,3.6659,1.0369,.70-.80,1-1.5x
ENS/USDT,2024-12-20,LONG,0.6363,37.703,37.271,3,True,-1.1458,0.6675,.60-.70,
ENS/USDT,2024-12-21,LONG,0.6364,34.905,37.271,2,True,6.7784,0.9973,.60-.70,
ENS/USDT,2024-12-29,LONG,0.5646,33.048,37.783,5,False,14.3276,0.6283,.55-.60,
ENS/USDT,2024-12-31,LONG,0.5562,33.044,36.701,5,False,11.0671,0.0799,.55-.60,
ENS/USDT,2025-01-04,LONG,0.5564,37.704,30.839,5,False,-18.2076,0.0397,.55-.60,
ENS/USDT,2025-01-11,LONG,0.5527,32.181,33.091,5,False,2.8278,0.0456,.55-.60,
ENS/USDT,2025-01-13,LONG,0.581,30.838,33.921,5,False,9.9974,0.645,.55-.60,
ENS/USDT,2025-01-19,LONG,0.5723,33.391,35.002,2,True,4.8247,0.3204,.55-.60,
ENS/USDT,2025-01-24,LONG,0.6016,34.202,31.929,3,True,-6.6458,0.8768,.60-.70,
ENS/USDT,2025-01-25,LONG,0.5674,33.992,31.929,2,True,-6.0691,0.1282,.55-.60,
ENS/USDT,2025-01-29,LONG,0.5622,31.501,31.225,3,True,-0.8762,0.4863,.55-.60,
ENS/USDT,2025-02-03,LONG,0.5716,29.174,27.401,2,True,-6.0773,0.6652,.55-.60,
ENS/USDT,2025-02-08,LONG,0.6475,25.109,24.85,1,True,-1.0315,0.0272,.60-.70,
ENS/USDT,2025-02-12,LONG,0.6032,27.373,26.705,1,True,-2.4404,1.7341,.60-.70,1.5-2x
ENS/USDT,2025-02-14,LONG,0.6196,27.352,26.535,1,True,-2.987,0.4987,.60-.70,
ENS/USDT,2025-02-16,LONG,0.5846,26.029,27.109,4,True,4.1492,0.3945,.55-.60,
ENS/USDT,2025-02-18,LONG,0.557,26.312,27.109,2,True,3.029,0.6707,.55-.60,
ENS/USDT,2025-02-19,LONG,0.5612,26.663,27.109,1,True,1.6727,0.2781,.55-.60,
ENS/USDT,2025-02-22,LONG,0.5513,27.168,27.614,1,True,1.6416,0.7511,.55-.60,
ENS/USDT,2025-02-25,LONG,0.6932,23.252,21.973,2,True,-5.5006,0.6634,.60-.70,
ENS/USDT,2025-02-26,LONG,0.6606,22.182,21.973,1,True,-0.9422,1.0402,.60-.70,1-1.5x
ENS/USDT,2025-03-04,LONG,0.6519,20.537,21.168,1,True,3.0725,0.1652,.60-.70,
ENS/USDT,2025-03-06,LONG,0.5544,20.733,16.695,5,False,-19.4762,0.3407,.55-.60,
ENS/USDT,2025-03-07,LONG,0.842,20.213,16.605,5,False,-17.8499,0.4162,>.80,
ENS/USDT,2025-03-10,LONG,0.6191,16.453,16.605,2,True,0.9238,1.0497,.60-.70,1-1.5x
ENS/USDT,2025-03-11,LONG,0.5723,16.695,16.605,1,True,-0.5391,0.2252,.55-.60,
ENS/USDT,2025-03-14,LONG,0.6398,16.814,17.152,1,True,2.0102,0.4086,.60-.70,
ENS/USDT,2025-03-17,LONG,0.6199,16.517,16.401,1,True,-0.7023,0.4342,.60-.70,
ENS/USDT,2025-03-20,LONG,0.7088,17.006,16.433,1,True,-3.3694,0.7218,.70-.80,
ENS/USDT,2025-03-23,LONG,0.8017,17.008,17.889,2,True,5.1799,0.5369,>.80,
ENS/USDT,2025-03-24,LONG,0.6384,17.67,17.889,1,True,1.2394,0.8253,.60-.70,
ENS/USDT,2025-03-26,LONG,0.7888,17.561,15.7,4,True,-10.5973,0.3939,.70-.80,
ENS/USDT,2025-03-27,LONG,0.7064,17.833,15.7,3,True,-11.961,0.3323,.70-.80,
ENS/USDT,2025-03-28,LONG,0.6777,16.647,15.7,2,True,-5.6887,1.3713,.60-.70,1-1.5x
ENS/USDT,2025-03-29,LONG,0.6583,15.748,15.7,1,True,-0.3048,1.3216,.60-.70,1-1.5x
ENS/USDT,2025-04-04,LONG,0.708,15.157,15.021,1,True,-0.8973,0.1532,.70-.80,
WOO/USDT,2024-08-29,LONG,0.6799,0.1548,0.1535,1,True,-0.8398,0.233,.60-.70,
WOO/USDT,2024-09-02,LONG,0.5746,0.1488,0.1406,3,True,-5.5108,1.4481,.55-.60,1-1.5x
WOO/USDT,2024-09-04,LONG,0.6331,0.1472,0.1406,1,True,-4.4837,1.2594,.60-.70,1-1.5x
WOO/USDT,2024-09-07,LONG,0.6429,0.1368,0.1689,5,False,23.4649,0.1121,.60-.70,
WOO/USDT,2024-09-08,LONG,0.5999,0.1413,0.1747,5,False,23.6377,0.7072,.55-.60,
WOO/USDT,2024-09-09,LONG,0.6004,0.1493,0.1733,5,False,16.075,1.1723,.60-.70,1-1.5x
WOO/USDT,2024-09-10,LONG,0.7696,0.1719,0.1733,4,True,0.8144,2.6135,.70-.80,2-3x
WOO/USDT,2024-09-11,LONG,0.6701,0.1627,0.1733,3,True,6.5151,0.908,.60-.70,
WOO/USDT,2024-09-12,LONG,0.5514,0.1689,0.1733,2,True,2.6051,0.6802,.55-.60,
WOO/USDT,2024-09-13,LONG,0.833,0.1747,0.1733,1,True,-0.8014,0.6082,>.80,
WOO/USDT,2024-09-15,LONG,0.664,0.1633,0.1628,2,True,-0.3062,1.0635,.60-.70,1-1.5x
WOO/USDT,2024-09-20,LONG,0.6451,0.18,0.1841,2,True,2.2778,0.503,.60-.70,
WOO/USDT,2024-09-21,LONG,0.6937,0.1892,0.1841,1,True,-2.6956,0.9672,.60-.70,
WOO/USDT,2024-09-23,LONG,0.5993,0.184,0.1886,2,True,2.5,0.0109,.55-.60,
WOO/USDT,2024-09-26,LONG,0.7478,0.1963,0.1938,1,True,-1.2736,0.8686,.70-.80,
WOO/USDT,2024-09-30,LONG,0.9597,0.2022,0.1602,3,True,-20.7715,2.5651,>.80,2-3x
WOO/USDT,2024-10-01,LONG,0.7657,0.1808,0.1602,2,True,-11.3938,2.1532,.70-.80,2-3x
WOO/USDT,2024-10-04,LONG,0.904,0.1754,0.1617,5,False,-7.8107,1.6898,>.80,1.5-2x
WOO/USDT,2024-10-05,LONG,0.6799,0.1693,0.1617,4,True,-4.4891,0.6313,.60-.70,
WOO/USDT,2024-10-06,LONG,0.9294,0.1703,0.1617,3,True,-5.0499,0.1075,>.80,
WOO/USDT,2024-10-07,LONG,0.7336,0.1783,0.1617,2,True,-9.3102,0.8424,.70-.80,
WOO/USDT,2024-10-08,LONG,0.5888,0.1696,0.1617,1,True,-4.658,0.8886,.55-.60,
WOO/USDT,2024-10-11,LONG,0.6193,0.1725,0.1787,5,False,3.5942,1.054,.60-.70,1-1.5x
WOO/USDT,2024-10-12,LONG,0.6353,0.1741,0.1783,5,False,2.4124,0.1666,.60-.70,
WOO/USDT,2024-10-13,LONG,0.5571,0.1702,0.1946,5,False,14.3361,0.4008,.55-.60,
WOO/USDT,2024-10-15,LONG,0.6692,0.1892,0.1907,4,True,0.7928,0.1696,.60-.70,
WOO/USDT,2024-10-17,LONG,0.8367,0.1783,0.1907,2,True,6.9546,0.036,>.80,
WOO/USDT,2024-10-18,LONG,0.7796,0.1946,0.1907,1,True,-2.0041,1.4239,.70-.80,1-1.5x
WOO/USDT,2024-10-20,LONG,0.8913,0.2124,0.2028,4,True,-4.5198,1.7646,>.80,1.5-2x
WOO/USDT,2024-10-21,LONG,0.9347,0.2078,0.2028,3,True,-2.4062,0.3642,>.80,
WOO/USDT,2024-10-22,LONG,0.5643,0.2014,0.2028,2,True,0.6951,0.527,.55-.60,
WOO/USDT,2024-10-23,LONG,0.8045,0.1916,0.2028,1,True,5.8455,0.8462,>.80,
WOO/USDT,2024-10-26,LONG,0.6626,0.1761,0.1854,1,True,5.2811,0.0181,.60-.70,
WOO/USDT,2024-10-29,LONG,0.6496,0.205,0.1634,5,False,-20.2927,1.9907,.60-.70,1.5-2x
WOO/USDT,2024-10-30,LONG,0.57,0.2024,0.1562,5,False,-22.8261,0.1879,.55-.60,
WOO/USDT,2024-11-01,LONG,0.831,0.1791,0.1914,5,False,6.8677,0.7621,>.80,
WOO/USDT,2024-11-02,LONG,0.629,0.1708,0.1914,4,True,12.0609,0.6554,.60-.70,
WOO/USDT,2024-11-04,LONG,0.7373,0.1562,0.1914,2,True,22.5352,0.6687,.70-.80,
WOO/USDT,2024-11-05,LONG,0.6232,0.1656,0.1914,1,True,15.5797,0.9045,.60-.70,
WOO/USDT,2024-11-07,LONG,0.6253,0.2031,0.253,5,False,24.5692,0.8287,.60-.70,
WOO/USDT,2024-11-08,LONG,0.5995,0.2133,0.253,4,True,18.6123,0.6769,.55-.60,
WOO/USDT,2024-11-09,LONG,0.7695,0.2251,0.253,3,True,12.3945,0.7803,.70-.80,
WOO/USDT,2024-11-10,LONG,0.6435,0.2259,0.253,2,True,11.9965,0.0503,.60-.70,
WOO/USDT,2024-11-11,LONG,0.5594,0.2385,0.253,1,True,6.0797,0.7872,.55-.60,
WOO/USDT,2024-11-13,LONG,0.7697,0.2389,0.2583,3,True,8.1206,0.7819,.70-.80,
WOO/USDT,2024-11-14,LONG,0.7365,0.2339,0.2583,2,True,10.4318,0.3289,.70-.80,
WOO/USDT,2024-11-15,LONG,0.6921,0.2396,0.2583,1,True,7.8047,0.3836,.60-.70,
WOO/USDT,2024-11-21,LONG,0.6009,0.2324,0.2556,4,True,9.9828,1.4603,.60-.70,1-1.5x
WOO/USDT,2024-11-22,LONG,0.732,0.232,0.2556,3,True,10.1724,0.0245,.70-.80,
WOO/USDT,2024-11-23,LONG,0.7132,0.2453,0.2556,2,True,4.1989,0.8279,.70-.80,
WOO/USDT,2024-11-24,LONG,0.5855,0.2663,0.2556,1,True,-4.018,1.2456,.55-.60,1-1.5x
WOO/USDT,2024-11-30,LONG,0.5706,0.2866,0.3274,2,True,14.2359,0.599,.55-.60,
WOO/USDT,2024-12-01,LONG,0.6588,0.313,0.3274,1,True,4.6006,1.3987,.60-.70,1-1.5x
WOO/USDT,2024-12-05,LONG,0.9157,0.351,0.3436,2,True,-2.1083,0.1866,>.80,
WOO/USDT,2024-12-06,LONG,0.6325,0.3632,0.3436,1,True,-5.3965,0.5602,.60-.70,
WOO/USDT,2024-12-08,LONG,0.8789,0.3458,0.2828,1,True,-18.2186,0.114,>.80,
WOO/USDT,2024-12-10,LONG,0.6085,0.2791,0.296,1,True,6.0552,0.2012,.60-.70,
WOO/USDT,2024-12-17,LONG,0.5841,0.2563,0.2325,1,True,-9.286,1.0439,.55-.60,1-1.5x
WOO/USDT,2024-12-24,LONG,0.5918,0.2281,0.2261,1,True,-0.8768,0.5534,.55-.60,
WOO/USDT,2024-12-29,LONG,0.5861,0.2117,0.208,2,True,-1.7478,1.1985,.55-.60,1-1.5x
WOO/USDT,2025-01-03,LONG,0.6296,0.243,0.209,5,False,-13.9918,1.2013,.60-.70,1-1.5x
WOO/USDT,2025-01-06,LONG,0.5894,0.2518,0.205,4,True,-18.5862,0.0153,.55-.60,
WOO/USDT,2025-01-07,LONG,0.6511,0.2222,0.205,3,True,-7.7408,2.1537,.60-.70,2-3x
WOO/USDT,2025-01-08,LONG,0.6387,0.209,0.205,2,True,-1.9139,1.1267,.60-.70,1-1.5x
WOO/USDT,2025-01-09,LONG,0.6093,0.199,0.205,1,True,3.0151,0.8918,.60-.70,
WOO/USDT,2025-01-13,LONG,0.7551,0.1928,0.204,5,False,5.8091,0.9823,.70-.80,
WOO/USDT,2025-01-14,LONG,0.6301,0.1982,0.204,4,True,2.9263,0.567,.60-.70,
WOO/USDT,2025-01-15,LONG,0.5599,0.2148,0.204,3,True,-5.0279,1.6489,.55-.60,1.5-2x
WOO/USDT,2025-01-16,LONG,0.7029,0.2091,0.204,2,True,-2.439,0.5237,.70-.80,
WOO/USDT,2025-01-21,LONG,0.7186,0.1856,0.18,1,True,-3.0172,0.6653,.70-.80,
WOO/USDT,2025-01-24,LONG,0.7094,0.174,0.1547,5,False,-11.092,0.687,.70-.80,
WOO/USDT,2025-01-26,LONG,0.7784,0.1683,0.1547,3,True,-8.0808,0.3748,.70-.80,
WOO/USDT,2025-01-28,LONG,0.5636,0.1496,0.1547,1,True,3.4091,1.6887,.55-.60,1.5-2x
WOO/USDT,2025-01-30,LONG,0.6898,0.1618,0.1477,2,True,-8.7145,0.9107,.60-.70,
WOO/USDT,2025-01-31,LONG,0.5973,0.1642,0.1477,1,True,-10.0487,0.2944,.55-.60,
WOO/USDT,2025-02-03,LONG,0.8358,0.1281,0.1213,1,True,-5.3084,0.3239,>.80,
WOO/USDT,2025-02-11,LONG,0.6477,0.1188,0.1298,1,True,9.2593,0.1293,.60-.70,
WOO/USDT,2025-02-13,LONG,0.5638,0.1269,0.1272,2,True,0.2364,0.3911,.55-.60,
WOO/USDT,2025-02-14,LONG,0.6712,0.1325,0.1272,1,True,-4.0,0.7532,.60-.70,
WOO/USDT,2025-02-16,LONG,0.6191,0.1245,0.1236,1,True,-0.7229,0.361,.60-.70,
WOO/USDT,2025-02-22,LONG,0.6136,0.1284,0.1283,1,True,-0.0779,1.899,.60-.70,1.5-2x
WOO/USDT,2025-02-28,LONG,0.7615,0.1116,0.102,5,False,-8.6022,0.0895,.70-.80,
WOO/USDT,2025-03-01,LONG,0.7318,0.1089,0.102,4,True,-6.3361,0.4831,.70-.80,
WOO/USDT,2025-03-02,LONG,0.6168,0.1199,0.102,3,True,-14.9291,1.8588,.60-.70,1.5-2x
WOO/USDT,2025-03-03,LONG,0.7245,0.1005,0.102,2,True,1.4925,2.4702,.70-.80,2-3x
WOO/USDT,2025-03-07,LONG,0.6455,0.0982,0.0954,1,True,-2.8513,0.3246,.60-.70,
WOO/USDT,2025-03-11,LONG,0.7244,0.0819,0.0827,1,True,0.9768,0.5982,.70-.80,
WOO/USDT,2025-03-14,LONG,0.6766,0.0841,0.0887,5,False,5.4697,0.6816,.60-.70,
WOO/USDT,2025-03-15,LONG,0.8347,0.0867,0.0887,4,True,2.3068,0.4788,>.80,
WOO/USDT,2025-03-16,LONG,0.5712,0.0812,0.0887,3,True,9.2365,1.0737,.55-.60,1-1.5x
WOO/USDT,2025-03-20,LONG,0.6527,0.08611,0.08491,1,True,-1.3936,0.4647,.60-.70,
WOO/USDT,2025-03-22,LONG,0.7574,0.08811,0.09459,2,True,7.3544,0.6466,.70-.80,
WOO/USDT,2025-03-23,LONG,0.8566,0.08911,0.09459,1,True,6.1497,0.2423,>.80,
WOO/USDT,2025-03-26,LONG,0.8408,0.09333,0.07453,5,False,-20.1436,0.6893,>.80,
WOO/USDT,2025-03-27,LONG,0.8917,0.09197,0.07604,5,False,-17.3209,0.3063,>.80,
WOO/USDT,2025-03-28,LONG,0.8706,0.08238,0.07604,4,True,-7.696,1.9849,>.80,1.5-2x
WOO/USDT,2025-03-29,LONG,0.7173,0.07684,0.07604,3,True,-1.0411,1.411,.70-.80,1-1.5x
WOO/USDT,2025-03-30,LONG,0.7772,0.07703,0.07604,2,True,-1.2852,0.0543,.70-.80,
WOO/USDT,2025-03-31,LONG,0.7795,0.07453,0.07604,1,True,2.026,0.7207,.70-.80,
WOO/USDT,2025-04-04,LONG,0.7445,0.06809,0.05909,2,True,-13.2178,0.1819,.70-.80,
WOO/USDT,2025-04-05,LONG,0.9293,0.06596,0.05909,1,True,-10.4154,0.682,>.80,
GMT/USDT,2024-09-02,LONG,0.6635,0.1172,0.1123,1,True,-4.1809,1.6097,.60-.70,1.5-2x
GMT/USDT,2024-09-04,LONG,0.9129,0.1262,0.1176,1,True,-6.8146,2.4874,>.80,2-3x
GMT/USDT,2024-09-06,LONG,0.6664,0.1104,0.1462,4,True,32.4275,1.1192,.60-.70,1-1.5x
GMT/USDT,2024-09-07,LONG,0.9836,0.1112,0.1462,3,True,31.4748,0.1325,>.80,
GMT/USDT,2024-09-08,LONG,0.918,0.1164,0.1462,2,True,25.6014,0.841,>.80,
GMT/USDT,2024-09-09,LONG,0.8706,0.1321,0.1462,1,True,10.6737,2.1477,>.80,2-3x
GMT/USDT,2024-09-11,LONG,0.862,0.1459,0.1356,3,True,-7.0596,0.0317,>.80,
GMT/USDT,2024-09-12,LONG,0.8612,0.142,0.1356,2,True,-4.507,0.4309,>.80,
GMT/USDT,2024-09-13,LONG,0.7594,0.1369,0.1356,1,True,-0.9496,0.5773,.70-.80,
GMT/USDT,2024-09-16,LONG,0.6988,0.124,0.1319,3,True,6.371,0.9095,.60-.70,
GMT/USDT,2024-09-18,LONG,0.6369,0.1276,0.1319,1,True,3.3699,0.3847,.60-.70,
GMT/USDT,2024-09-20,LONG,0.6187,0.1364,0.1422,1,True,4.2522,0.5566,.60-.70,
GMT/USDT,2024-09-23,LONG,0.6244,0.1484,0.1571,2,True,5.8625,1.2699,.60-.70,1-1.5x
GMT/USDT,2024-09-24,LONG,0.5646,0.1587,0.1571,1,True,-1.0082,1.2417,.55-.60,1-1.5x
GMT/USDT,2024-09-26,LONG,0.6859,0.1583,0.1553,2,True,-1.8951,0.1535,.60-.70,
GMT/USDT,2024-09-27,LONG,0.6574,0.1589,0.1553,1,True,-2.2656,0.0761,.60-.70,
GMT/USDT,2024-09-30,LONG,0.9139,0.1411,0.1235,3,True,-12.4734,2.7972,>.80,2-3x
GMT/USDT,2024-10-01,LONG,0.631,0.1291,0.1235,2,True,-4.3377,1.6535,.60-.70,1.5-2x
GMT/USDT,2024-10-02,LONG,0.7779,0.1233,0.1235,1,True,0.1622,0.864,.70-.80,
GMT/USDT,2024-10-10,LONG,0.7083,0.1264,0.1292,3,True,2.2152,0.239,.70-.80,
GMT/USDT,2024-10-11,LONG,0.6433,0.1324,0.1292,2,True,-2.4169,0.9402,.60-.70,
GMT/USDT,2024-10-12,LONG,0.5909,0.1328,0.1292,1,True,-2.7108,0.0603,.55-.60,
GMT/USDT,2024-10-18,LONG,0.5883,0.1346,0.1322,5,False,-1.7831,1.0958,.55-.60,1-1.5x
GMT/USDT,2024-10-20,LONG,0.6392,0.1409,0.1378,4,True,-2.2001,1.5828,.60-.70,1.5-2x
GMT/USDT,2024-10-21,LONG,0.5929,0.1354,0.1378,3,True,1.7725,1.1979,.55-.60,1-1.5x
GMT/USDT,2024-10-23,LONG,0.7067,0.1322,0.1378,1,True,4.236,0.5268,.70-.80,
GMT/USDT,2024-10-26,LONG,0.6808,0.1274,0.1318,1,True,3.4537,0.6311,.60-.70,
GMT/USDT,2024-10-29,LONG,0.5553,0.1408,0.1277,2,True,-9.304,1.6028,.55-.60,1.5-2x
GMT/USDT,2024-11-02,LONG,0.6006,0.1267,0.1203,1,True,-5.0513,0.2278,.60-.70,
GMT/USDT,2024-11-09,LONG,0.6614,0.1392,0.141,5,False,1.2931,0.5295,.60-.70,
GMT/USDT,2024-11-11,LONG,0.555,0.1551,0.1499,4,True,-3.3527,1.1896,.55-.60,1-1.5x
GMT/USDT,2024-11-12,LONG,0.6012,0.1512,0.1499,3,True,-0.8598,0.5395,.60-.70,
GMT/USDT,2024-11-13,LONG,0.8066,0.1419,0.1499,2,True,5.6378,1.2733,>.80,1-1.5x
GMT/USDT,2024-11-14,LONG,0.7293,0.141,0.1499,1,True,6.3121,0.1499,.70-.80,
GMT/USDT,2024-11-17,LONG,0.8098,0.153,0.1672,1,True,9.281,1.1747,>.80,1-1.5x
GMT/USDT,2024-11-21,LONG,0.5897,0.1685,0.2051,4,True,21.7211,1.5452,.55-.60,1.5-2x
GMT/USDT,2024-11-23,LONG,0.6979,0.1973,0.2051,2,True,3.9534,0.9083,.60-.70,
GMT/USDT,2024-11-24,LONG,0.5853,0.2175,0.2051,1,True,-5.7011,1.8021,.55-.60,1.5-2x
GMT/USDT,2024-11-26,LONG,0.8539,0.1998,0.2113,2,True,5.7558,0.4333,>.80,
GMT/USDT,2024-11-27,LONG,0.6357,0.2073,0.2113,1,True,1.9296,0.6297,.60-.70,
GMT/USDT,2024-12-01,LONG,0.7474,0.225,0.2422,2,True,7.6444,0.1258,.70-.80,
GMT/USDT,2024-12-02,LONG,0.6033,0.2284,0.2422,1,True,6.042,0.2576,.60-.70,
GMT/USDT,2024-12-05,LONG,0.8499,0.2398,0.2416,2,True,0.7506,0.4644,>.80,
GMT/USDT,2024-12-06,LONG,0.7618,0.2482,0.2416,1,True,-2.6591,0.6445,.70-.80,
GMT/USDT,2024-12-08,LONG,0.9059,0.2445,0.1973,1,True,-19.3047,0.2409,>.80,
GMT/USDT,2024-12-10,LONG,0.6029,0.1878,0.2002,1,True,6.6028,0.715,.60-.70,
GMT/USDT,2024-12-12,LONG,0.8956,0.2066,0.1934,2,True,-6.3892,0.5144,>.80,
GMT/USDT,2024-12-13,LONG,0.7141,0.2019,0.1934,1,True,-4.21,0.3694,.70-.80,
GMT/USDT,2024-12-17,LONG,0.5723,0.1719,0.1524,1,True,-11.3438,1.1506,.55-.60,1-1.5x
GMT/USDT,2024-12-20,LONG,0.7195,0.1453,0.1322,1,True,-9.0158,0.3746,.70-.80,
GMT/USDT,2024-12-25,LONG,0.7751,0.1339,0.1537,1,True,14.7872,0.7422,.70-.80,
GMT/USDT,2024-12-28,LONG,0.9711,0.1885,0.153,3,True,-18.8329,0.8694,>.80,
GMT/USDT,2024-12-29,LONG,0.9784,0.1691,0.153,2,True,-9.521,0.9465,>.80,
GMT/USDT,2024-12-30,LONG,0.9937,0.16,0.153,1,True,-4.375,0.4943,>.80,
GMT/USDT,2025-01-03,LONG,0.7452,0.1583,0.1637,2,True,3.4112,0.3467,.70-.80,
GMT/USDT,2025-01-04,LONG,0.7065,0.1608,0.1637,1,True,1.8035,0.1466,.70-.80,
GMT/USDT,2025-01-06,LONG,0.6743,0.1668,0.1496,1,True,-10.3118,0.1789,.60-.70,
GMT/USDT,2025-01-12,LONG,0.6328,0.1378,0.1288,1,True,-6.5312,0.2775,.60-.70,
GMT/USDT,2025-01-16,LONG,0.583,0.1315,0.1267,2,True,-3.6502,0.9244,.55-.60,
GMT/USDT,2025-01-21,LONG,0.7385,0.106,0.105,1,True,-0.9434,0.7691,.70-.80,
GMT/USDT,2025-01-24,LONG,0.7549,0.1011,0.0976,3,True,-3.4619,0.6662,.70-.80,
GMT/USDT,2025-01-26,LONG,0.6193,0.0998,0.0976,1,True,-2.2044,0.3628,.60-.70,
GMT/USDT,2025-01-28,LONG,0.6095,0.0897,0.0928,1,True,3.456,1.724,.60-.70,1.5-2x
GMT/USDT,2025-01-30,LONG,0.5831,0.0972,0.0852,2,True,-12.3457,0.937,.55-.60,
GMT/USDT,2025-01-31,LONG,0.5571,0.0956,0.0852,1,True,-10.8787,0.3259,.55-.60,
GMT/USDT,2025-02-03,LONG,0.6468,0.0735,0.0629,3,True,-14.4218,0.7496,.60-.70,
GMT/USDT,2025-02-05,LONG,0.6815,0.0675,0.0629,1,True,-6.8148,0.3188,.60-.70,
GMT/USDT,2025-02-10,LONG,0.8727,0.0691,0.0694,3,True,0.4342,0.2164,>.80,
GMT/USDT,2025-02-11,LONG,0.6267,0.0652,0.0694,2,True,6.4417,0.9418,.60-.70,
GMT/USDT,2025-02-12,LONG,0.6311,0.0724,0.0694,1,True,-4.1436,1.6537,.60-.70,1.5-2x
GMT/USDT,2025-02-14,LONG,0.6735,0.074,0.0703,1,True,-5.0,0.9564,.60-.70,
GMT/USDT,2025-02-17,LONG,0.633,0.0705,0.06767,2,True,-4.0142,0.0,.60-.70,
GMT/USDT,2025-02-22,LONG,0.8411,0.07173,0.06046,3,True,-15.7117,1.1026,>.80,1-1.5x
GMT/USDT,2025-02-23,LONG,0.6546,0.06928,0.06046,2,True,-12.7309,0.6567,.60-.70,
GMT/USDT,2025-02-24,LONG,0.5817,0.05865,0.06046,1,True,3.0861,2.5225,.55-.60,2-3x
GMT/USDT,2025-03-03,LONG,0.7092,0.05211,0.05045,5,False,-3.1856,2.5802,.70-.80,2-3x
GMT/USDT,2025-03-04,LONG,0.6288,0.05181,0.04502,5,False,-13.1056,0.0887,.60-.70,
GMT/USDT,2025-03-05,LONG,0.651,0.05337,0.04502,4,True,-15.6455,0.4611,.60-.70,
GMT/USDT,2025-03-08,LONG,0.6594,0.05045,0.04502,1,True,-10.7631,0.55,.60-.70,
GMT/USDT,2025-03-11,LONG,0.9203,0.04622,0.04774,1,True,3.2886,0.6952,>.80,
GMT/USDT,2025-03-14,LONG,0.8623,0.0498,0.04727,2,True,-5.0803,0.6177,>.80,
GMT/USDT,2025-03-15,LONG,0.7971,0.05067,0.04727,1,True,-6.7101,0.268,.70-.80,
GMT/USDT,2025-03-17,LONG,0.651,0.04992,0.05325,2,True,6.6707,0.9496,.60-.70,
GMT/USDT,2025-03-18,LONG,0.6166,0.0502,0.05325,1,True,6.0757,0.095,.60-.70,
GMT/USDT,2025-03-20,LONG,0.7218,0.05171,0.05257,2,True,1.6631,0.4738,.70-.80,
GMT/USDT,2025-03-21,LONG,0.7649,0.05061,0.05257,1,True,3.8728,0.3497,.70-.80,
GMT/USDT,2025-03-23,LONG,0.8179,0.05264,0.05504,2,True,4.5593,0.0317,>.80,
GMT/USDT,2025-03-24,LONG,0.8068,0.05423,0.05504,1,True,1.4936,0.7107,>.80,
GMT/USDT,2025-03-26,LONG,0.7395,0.055,0.04741,5,False,-13.8,0.0174,.70-.80,
GMT/USDT,2025-03-27,LONG,0.7421,0.05447,0.0485,5,False,-10.9602,0.2297,.70-.80,
GMT/USDT,2025-03-28,LONG,0.6362,0.04944,0.0485,4,True,-1.9013,1.989,.60-.70,1.5-2x
GMT/USDT,2025-03-29,LONG,0.6026,0.04718,0.0485,3,True,2.7978,1.127,.60-.70,1-1.5x
GMT/USDT,2025-03-30,LONG,0.7336,0.04785,0.0485,2,True,1.3584,0.3523,.70-.80,
GMT/USDT,2025-03-31,LONG,0.6338,0.04741,0.0485,1,True,2.2991,0.2345,.60-.70,
GMT/USDT,2025-04-03,LONG,0.7097,0.04529,0.04547,1,True,0.3974,0.3527,.70-.80,
ZIL/USDT,2024-08-28,LONG,0.6113,0.01353,0.01354,2,True,0.0739,0.3261,.60-.70,
ZIL/USDT,2024-08-29,LONG,0.6927,0.01359,0.01354,1,True,-0.3679,0.1321,.60-.70,
ZIL/USDT,2024-09-02,LONG,0.5662,0.01355,0.01313,1,True,-3.0996,1.7239,.55-.60,1.5-2x
ZIL/USDT,2024-09-04,LONG,0.6556,0.01342,0.01287,4,True,-4.0984,0.6866,.60-.70,
ZIL/USDT,2024-09-05,LONG,0.6369,0.01301,0.01287,3,True,-1.0761,0.929,.60-.70,
ZIL/USDT,2024-09-07,LONG,0.583,0.01275,0.01287,1,True,0.9412,0.5179,.55-.60,
ZIL/USDT,2024-09-09,LONG,0.6222,0.01331,0.01375,5,False,3.3058,0.9933,.60-.70,
ZIL/USDT,2024-09-11,LONG,0.7383,0.01325,0.01375,3,True,3.7736,0.231,.70-.80,
ZIL/USDT,2024-09-12,LONG,0.6281,0.01355,0.01375,2,True,1.476,0.7476,.60-.70,
ZIL/USDT,2024-09-15,LONG,0.5575,0.01329,0.01351,2,True,1.6554,1.2151,.55-.60,1-1.5x
ZIL/USDT,2024-09-16,LONG,0.5992,0.0131,0.01351,1,True,3.1298,0.5632,.55-.60,
ZIL/USDT,2024-09-18,LONG,0.6564,0.01381,0.01471,2,True,6.517,0.8295,.60-.70,
ZIL/USDT,2024-09-19,LONG,0.7331,0.01426,0.01471,1,True,3.1557,1.1789,.70-.80,1-1.5x
ZIL/USDT,2024-10-06,LONG,0.6172,0.0145,0.01438,1,True,-0.8276,0.7332,.60-.70,
ZIL/USDT,2024-10-08,LONG,0.6351,0.0143,0.01397,2,True,-2.3077,0.1541,.60-.70,
ZIL/USDT,2024-10-09,LONG,0.7597,0.014,0.01397,1,True,-0.2143,0.5871,.70-.80,
ZIL/USDT,2024-10-15,LONG,0.8915,0.01532,0.01612,5,False,5.2219,0.2581,>.80,
ZIL/USDT,2024-10-17,LONG,0.8502,0.01467,0.01529,5,False,4.2263,0.6676,>.80,
ZIL/USDT,2024-10-18,LONG,0.8664,0.01515,0.01461,5,False,-3.5644,1.0406,>.80,1-1.5x
ZIL/USDT,2024-10-19,LONG,0.6969,0.01546,0.0152,5,False,-1.6818,0.6424,.60-.70,
ZIL/USDT,2024-10-20,LONG,0.8584,0.01612,0.01408,5,False,-12.6551,1.4435,>.80,1-1.5x
ZIL/USDT,2024-10-21,LONG,0.8632,0.01573,0.01402,5,False,-10.8709,1.0211,>.80,1-1.5x
ZIL/USDT,2024-10-22,LONG,0.8775,0.01529,0.01427,5,False,-6.671,1.1386,>.80,1-1.5x
ZIL/USDT,2024-10-23,LONG,0.8304,0.01461,0.01427,4,True,-2.3272,1.6468,>.80,1.5-2x
ZIL/USDT,2024-10-24,LONG,0.8748,0.0152,0.01427,3,True,-6.1184,1.4815,>.80,1-1.5x
ZIL/USDT,2024-10-25,LONG,0.7208,0.01408,0.01427,2,True,1.3494,2.2797,.70-.80,2-3x
ZIL/USDT,2024-10-26,LONG,0.7025,0.01402,0.01427,1,True,1.7832,0.1343,.70-.80,
ZIL/USDT,2024-10-30,LONG,0.6257,0.01467,0.01392,2,True,-5.1125,0.2478,.60-.70,
ZIL/USDT,2024-11-02,LONG,0.7336,0.01366,0.0145,5,False,6.1493,0.5566,.70-.80,
ZIL/USDT,2024-11-03,LONG,0.58,0.01311,0.01477,5,False,12.6621,1.2343,.55-.60,1-1.5x
ZIL/USDT,2024-11-04,LONG,0.5898,0.01281,0.01515,5,False,18.267,0.6977,.55-.60,
ZIL/USDT,2024-11-06,LONG,0.7425,0.01449,0.01829,5,False,26.225,2.0402,.70-.80,2-3x
ZIL/USDT,2024-11-07,LONG,0.74,0.0145,0.01829,4,True,26.1379,0.0178,.70-.80,
ZIL/USDT,2024-11-08,LONG,0.5572,0.01477,0.01829,3,True,23.8321,0.4815,.55-.60,
ZIL/USDT,2024-11-09,LONG,0.7315,0.01515,0.01829,2,True,20.7261,0.6801,.70-.80,
ZIL/USDT,2024-11-12,LONG,0.8721,0.0176,0.01812,3,True,2.9545,0.7734,>.80,
ZIL/USDT,2024-11-13,LONG,0.9151,0.01715,0.01812,2,True,5.656,0.5231,>.80,
ZIL/USDT,2024-11-14,LONG,0.9662,0.01644,0.01812,1,True,10.219,0.8894,>.80,
ZIL/USDT,2024-11-18,LONG,0.8896,0.02085,0.02075,1,True,-0.4796,1.7114,>.80,1.5-2x
ZIL/USDT,2024-11-21,LONG,0.6322,0.02083,0.02467,5,False,18.4349,0.8421,.60-.70,
ZIL/USDT,2024-11-22,LONG,0.956,0.02222,0.02568,5,False,15.5716,1.0084,>.80,1-1.5x
ZIL/USDT,2024-11-23,LONG,0.7123,0.02437,0.02506,5,False,2.8314,1.4666,.70-.80,1-1.5x
ZIL/USDT,2024-11-24,LONG,0.701,0.02477,0.02506,4,True,1.1708,0.2534,.70-.80,
ZIL/USDT,2024-11-25,LONG,0.9029,0.02341,0.02506,3,True,7.0483,0.8102,>.80,
ZIL/USDT,2024-11-26,LONG,0.7836,0.02467,0.02506,2,True,1.5809,0.8035,.70-.80,
ZIL/USDT,2024-11-27,LONG,0.6449,0.02568,0.02506,1,True,-2.4143,0.6138,.60-.70,
ZIL/USDT,2024-12-04,LONG,0.8507,0.03385,0.03505,3,True,3.5451,0.5816,>.80,
ZIL/USDT,2024-12-05,LONG,0.7225,0.03519,0.03505,2,True,-0.3978,0.5733,.70-.80,
ZIL/USDT,2024-12-06,LONG,0.9777,0.03592,0.03505,1,True,-2.422,0.3193,>.80,
ZIL/USDT,2024-12-08,LONG,0.7677,0.03482,0.02648,2,True,-23.9518,0.1139,.70-.80,
ZIL/USDT,2024-12-09,LONG,0.61,0.02793,0.02648,1,True,-5.1916,2.5898,.60-.70,2-3x
ZIL/USDT,2024-12-11,LONG,0.8337,0.02834,0.0268,3,True,-5.434,0.9125,>.80,
ZIL/USDT,2024-12-12,LONG,0.8889,0.02837,0.0268,2,True,-5.534,0.0139,>.80,
ZIL/USDT,2024-12-13,LONG,0.7682,0.0286,0.0268,1,True,-6.2937,0.1099,.70-.80,
ZIL/USDT,2024-12-17,LONG,0.5651,0.02532,0.0223,1,True,-11.9273,0.6245,.55-.60,
ZIL/USDT,2024-12-20,LONG,0.6931,0.02144,0.02043,1,True,-4.7108,0.7329,.60-.70,
ZIL/USDT,2024-12-22,LONG,0.7283,0.02076,0.02236,1,True,7.7071,0.2134,.70-.80,
ZIL/USDT,2024-12-28,LONG,0.6245,0.02215,0.02013,3,True,-9.1196,0.7321,.60-.70,
ZIL/USDT,2024-12-29,LONG,0.5976,0.0209,0.02013,2,True,-3.6842,0.9754,.55-.60,
ZIL/USDT,2025-01-03,LONG,0.5856,0.02328,0.02319,1,True,-0.3866,1.3578,.55-.60,1-1.5x
ZIL/USDT,2025-01-12,LONG,0.6116,0.02098,0.02364,5,False,12.6787,0.585,.60-.70,
ZIL/USDT,2025-01-13,LONG,0.6722,0.02015,0.02364,4,True,17.3201,0.8123,.60-.70,
ZIL/USDT,2025-01-15,LONG,0.6324,0.02301,0.02364,2,True,2.7379,1.262,.60-.70,1-1.5x
ZIL/USDT,2025-01-16,LONG,0.5982,0.0225,0.02364,1,True,5.0667,0.4384,.55-.60,
ZIL/USDT,2025-01-21,LONG,0.6666,0.02049,0.02001,1,True,-2.3426,0.5758,.60-.70,
ZIL/USDT,2025-01-23,LONG,0.647,0.01994,0.01916,3,True,-3.9117,0.0677,.60-.70,
ZIL/USDT,2025-01-24,LONG,0.6606,0.01938,0.01916,2,True,-1.1352,0.5409,.60-.70,
ZIL/USDT,2025-01-30,LONG,0.6489,0.01855,0.01734,2,True,-6.5229,0.6354,.60-.70,
ZIL/USDT,2025-01-31,LONG,0.5791,0.01878,0.01734,1,True,-7.6677,0.2834,.55-.60,
ZIL/USDT,2025-02-03,LONG,0.704,0.01545,0.01422,2,True,-7.9612,0.3739,.70-.80,
ZIL/USDT,2025-02-11,LONG,0.6566,0.01474,0.0155,1,True,5.156,0.2419,.60-.70,
ZIL/USDT,2025-02-13,LONG,0.5799,0.01506,0.01473,2,True,-2.1912,0.643,.55-.60,
ZIL/USDT,2025-02-14,LONG,0.6647,0.01525,0.01473,1,True,-3.4098,0.2844,.60-.70,
ZIL/USDT,2025-02-16,LONG,0.6281,0.01457,0.01478,1,True,1.4413,0.2432,.60-.70,
ZIL/USDT,2025-02-18,LONG,0.5801,0.01413,0.01494,4,True,5.7325,0.9937,.55-.60,
ZIL/USDT,2025-02-28,LONG,0.7193,0.0137,0.01304,5,False,-4.8175,0.1409,.70-.80,
ZIL/USDT,2025-03-01,LONG,0.677,0.0135,0.01304,4,True,-3.4074,0.4034,.60-.70,
ZIL/USDT,2025-03-02,LONG,0.5958,0.01486,0.01304,3,True,-12.2476,2.4069,.55-.60,2-3x
ZIL/USDT,2025-03-03,LONG,0.6635,0.01278,0.01304,2,True,2.0344,2.6724,.60-.70,2-3x
ZIL/USDT,2025-03-11,LONG,0.733,0.01185,0.01212,1,True,2.2785,0.986,.70-.80,
ZIL/USDT,2025-03-14,LONG,0.7239,0.01216,0.01191,2,True,-2.0559,0.4591,.70-.80,
ZIL/USDT,2025-03-15,LONG,0.7309,0.01241,0.01191,1,True,-4.029,0.3843,.70-.80,
ZIL/USDT,2025-03-17,LONG,0.5966,0.01246,0.01299,2,True,4.2536,0.9146,.55-.60,
ZIL/USDT,2025-03-18,LONG,0.5701,0.01253,0.01299,1,True,3.6712,0.1112,.55-.60,
ZIL/USDT,2025-03-20,LONG,0.6576,0.01281,0.01297,4,True,1.249,0.2729,.60-.70,
ZIL/USDT,2025-03-21,LONG,0.6074,0.01245,0.01297,3,True,4.1767,0.5506,.60-.70,
ZIL/USDT,2025-03-22,LONG,0.7109,0.01248,0.01297,2,True,3.9263,0.0536,.70-.80,
ZIL/USDT,2025-03-23,LONG,0.7168,0.01228,0.01297,1,True,5.6189,0.4923,.70-.80,
ZIL/USDT,2025-03-26,LONG,0.6287,0.0128,0.01131,5,False,-11.6406,0.8395,.60-.70,
ZIL/USDT,2025-03-27,LONG,0.9341,0.01273,0.01131,4,True,-11.1548,0.1552,>.80,
ZIL/USDT,2025-03-28,LONG,0.6901,0.01171,0.01131,3,True,-3.4159,2.032,.60-.70,2-3x
ZIL/USDT,2025-03-29,LONG,0.6185,0.0112,0.01131,2,True,0.9821,1.2165,.60-.70,1-1.5x
ZIL/USDT,2025-03-30,LONG,0.7959,0.01115,0.01131,1,True,1.435,0.1259,.70-.80,
ZIL/USDT,2025-04-02,LONG,0.6051,0.01085,0.01112,1,True,2.4885,1.6647,.60-.70,1.5-2x
ZIL/USDT,2025-04-05,LONG,0.671,0.01113,0.0101,1,True,-9.2543,0.4376,.60-.70,
ENJ/USDT,2024-08-28,LONG,0.639,0.1414,0.144,2,True,1.8388,0.2759,.60-.70,
ENJ/USDT,2024-08-29,LONG,0.7676,0.144,0.144,1,True,0.0,0.4831,.70-.80,
ENJ/USDT,2024-09-03,LONG,0.657,0.1335,0.1343,2,True,0.5993,0.8638,.60-.70,
ENJ/USDT,2024-09-04,LONG,0.8301,0.139,0.1343,1,True,-3.3813,1.115,>.80,1-1.5x
ENJ/USDT,2024-09-07,LONG,0.7345,0.1328,0.1376,1,True,3.6145,0.2034,.70-.80,
ENJ/USDT,2024-09-09,LONG,0.6449,0.1477,0.1476,1,True,-0.0677,1.7729,.60-.70,1.5-2x
ENJ/USDT,2024-09-12,LONG,0.7009,0.1446,0.1375,3,True,-4.9101,0.4758,.70-.80,
ENJ/USDT,2024-09-13,LONG,0.7625,0.1496,0.1375,2,True,-8.0882,0.921,.70-.80,
ENJ/USDT,2024-09-14,LONG,0.6771,0.147,0.1375,1,True,-6.4626,0.4641,.60-.70,
ENJ/USDT,2024-09-18,LONG,0.7147,0.1455,0.1525,2,True,4.811,1.1861,.70-.80,1-1.5x
ENJ/USDT,2024-09-19,LONG,0.7809,0.1488,0.1525,1,True,2.4866,0.5898,.70-.80,
ENJ/USDT,2024-10-07,LONG,0.6721,0.1505,0.1424,2,True,-5.3821,0.1352,.60-.70,
ENJ/USDT,2024-10-12,LONG,0.6528,0.1516,0.1511,1,True,-0.3298,0.0,.60-.70,
ENJ/USDT,2024-10-16,LONG,0.5586,0.1521,0.1481,1,True,-2.6298,0.6626,.55-.60,
ENJ/USDT,2024-10-18,LONG,0.7255,0.1541,0.1687,2,True,9.4744,0.9383,.70-.80,
ENJ/USDT,2024-10-19,LONG,0.6757,0.1567,0.1687,1,True,7.6579,0.4068,.60-.70,
ENJ/USDT,2024-10-21,LONG,0.7419,0.1612,0.1447,5,False,-10.2357,1.2839,.70-.80,1-1.5x
ENJ/USDT,2024-10-22,LONG,0.6889,0.1633,0.1469,5,False,-10.0429,0.3874,.60-.70,
ENJ/USDT,2024-10-23,LONG,0.8577,0.1538,0.1469,4,True,-4.4863,1.5939,>.80,1.5-2x
ENJ/USDT,2024-10-24,LONG,0.7839,0.1593,0.1469,3,True,-7.7841,1.0077,.70-.80,1-1.5x
ENJ/USDT,2024-10-26,LONG,0.8465,0.1447,0.1469,1,True,1.5204,0.3415,>.80,
ENJ/USDT,2024-10-29,LONG,0.6262,0.1513,0.1406,2,True,-7.072,0.6412,.60-.70,
ENJ/USDT,2024-11-06,LONG,0.6977,0.148,0.1742,5,False,17.7027,2.1885,.60-.70,2-3x
ENJ/USDT,2024-11-07,LONG,0.6172,0.1494,0.1677,5,False,12.249,0.1908,.60-.70,
ENJ/USDT,2024-11-09,LONG,0.6096,0.1575,0.1534,5,False,-2.6032,0.7975,.60-.70,
ENJ/USDT,2024-11-10,LONG,0.6471,0.1651,0.1616,5,False,-2.1199,1.0204,.60-.70,1-1.5x
ENJ/USDT,2024-11-12,LONG,0.8991,0.1677,0.1616,3,True,-3.6374,0.7854,>.80,
ENJ/USDT,2024-11-13,LONG,0.9058,0.159,0.1616,2,True,1.6352,1.0677,>.80,1-1.5x
ENJ/USDT,2024-11-14,LONG,0.8879,0.1534,0.1616,1,True,5.3455,0.8239,>.80,
ENJ/USDT,2024-11-20,LONG,0.603,0.1905,0.2748,5,False,44.252,0.6089,.60-.70,
ENJ/USDT,2024-11-21,LONG,0.9965,0.2007,0.269,5,False,34.0309,0.7303,>.80,
ENJ/USDT,2024-11-22,LONG,0.9609,0.21,0.2859,5,False,36.1429,0.6362,>.80,
ENJ/USDT,2024-11-23,LONG,0.7808,0.2396,0.2952,5,False,23.2053,1.8643,.70-.80,1.5-2x
ENJ/USDT,2024-11-24,LONG,0.993,0.3025,0.2952,4,True,-2.4132,2.9289,>.80,2-3x
ENJ/USDT,2024-11-25,LONG,0.9213,0.2748,0.2952,3,True,7.4236,0.9652,>.80,
ENJ/USDT,2024-11-26,LONG,0.8514,0.269,0.2952,2,True,9.7398,0.2237,>.80,
ENJ/USDT,2024-11-27,LONG,0.9835,0.2859,0.2952,1,True,3.2529,0.6657,>.80,
ENJ/USDT,2024-11-30,LONG,0.9151,0.3295,0.3753,4,True,13.8998,0.9212,>.80,
ENJ/USDT,2024-12-01,LONG,0.8167,0.3258,0.3753,3,True,15.1934,0.1176,>.80,
ENJ/USDT,2024-12-02,LONG,0.6019,0.3334,0.3753,2,True,12.5675,0.2481,.60-.70,
ENJ/USDT,2024-12-03,LONG,0.5514,0.351,0.3753,1,True,6.9231,0.5764,.55-.60,
ENJ/USDT,2024-12-07,LONG,0.7536,0.3643,0.287,2,True,-21.2188,0.4067,.70-.80,
ENJ/USDT,2024-12-08,LONG,0.5665,0.3648,0.287,1,True,-21.3268,0.0179,.55-.60,
ENJ/USDT,2024-12-11,LONG,0.5631,0.3016,0.3018,3,True,0.0663,0.9924,.55-.60,
ENJ/USDT,2024-12-12,LONG,0.851,0.3261,0.3018,2,True,-7.4517,0.8622,>.80,
ENJ/USDT,2024-12-13,LONG,0.6091,0.325,0.3018,1,True,-7.1385,0.0373,.60-.70,
ENJ/USDT,2024-12-17,LONG,0.5772,0.2748,0.2209,2,True,-19.6143,0.887,.55-.60,
ENJ/USDT,2024-12-20,LONG,0.6366,0.2296,0.2191,1,True,-4.5732,0.5424,.60-.70,
ENJ/USDT,2024-12-24,LONG,0.5591,0.2467,0.2209,3,True,-10.458,0.5683,.55-.60,
ENJ/USDT,2024-12-29,LONG,0.5997,0.219,0.2169,1,True,-0.9589,0.8303,.55-.60,
ENJ/USDT,2025-01-02,LONG,0.6036,0.2259,0.2199,5,False,-2.656,0.5742,.60-.70,
ENJ/USDT,2025-01-03,LONG,0.573,0.2452,0.2096,5,False,-14.5188,1.4405,.55-.60,1-1.5x
ENJ/USDT,2025-01-04,LONG,0.5883,0.2429,0.2004,5,False,-17.4969,0.1584,.55-.60,
ENJ/USDT,2025-01-05,LONG,0.5592,0.2451,0.2032,5,False,-17.0951,0.1535,.55-.60,
ENJ/USDT,2025-01-08,LONG,0.5748,0.2096,0.2032,2,True,-3.0534,0.8386,.55-.60,
ENJ/USDT,2025-01-09,LONG,0.6254,0.2004,0.2032,1,True,1.3972,0.7869,.60-.70,
ENJ/USDT,2025-01-13,LONG,0.685,0.1906,0.2002,1,True,5.0367,0.8795,.60-.70,
ENJ/USDT,2025-01-16,LONG,0.6159,0.2031,0.1963,2,True,-3.3481,0.9611,.60-.70,
ENJ/USDT,2025-01-21,LONG,0.694,0.1729,0.1686,2,True,-2.487,0.4656,.60-.70,
ENJ/USDT,2025-01-22,LONG,0.6489,0.1677,0.1686,1,True,0.5367,0.5071,.60-.70,
ENJ/USDT,2025-01-24,LONG,0.7106,0.1629,0.154,3,True,-5.4635,0.6154,.70-.80,
ENJ/USDT,2025-01-26,LONG,0.7726,0.1575,0.154,1,True,-2.2222,0.6566,.70-.80,
ENJ/USDT,2025-01-29,LONG,0.6743,0.1448,0.1424,3,True,-1.6575,0.7361,.60-.70,
ENJ/USDT,2025-01-30,LONG,0.6265,0.1524,0.1424,2,True,-6.5617,0.9646,.60-.70,
ENJ/USDT,2025-01-31,LONG,0.6468,0.1545,0.1424,1,True,-7.8317,0.2525,.60-.70,
ENJ/USDT,2025-02-03,LONG,0.6221,0.1261,0.1212,2,True,-3.8858,0.5396,.60-.70,
ENJ/USDT,2025-02-08,LONG,0.8392,0.1195,0.1174,1,True,-1.7573,0.5973,>.80,
ENJ/USDT,2025-02-10,LONG,0.6491,0.1217,0.1316,2,True,8.1348,0.6989,.60-.70,
ENJ/USDT,2025-02-13,LONG,0.619,0.1249,0.1249,2,True,0.0,0.8826,.60-.70,
ENJ/USDT,2025-02-14,LONG,0.7182,0.128,0.1249,1,True,-2.4219,0.4266,.70-.80,
ENJ/USDT,2025-02-16,LONG,0.6466,0.1218,0.1216,1,True,-0.1642,0.4278,.60-.70,
ENJ/USDT,2025-02-18,LONG,0.5602,0.1156,0.1245,4,True,7.699,0.9088,.55-.60,
ENJ/USDT,2025-02-20,LONG,0.6939,0.1243,0.1245,2,True,0.1609,0.5334,.60-.70,
ENJ/USDT,2025-02-28,LONG,0.9055,0.1138,0.1027,3,True,-9.754,0.0357,>.80,
ENJ/USDT,2025-03-01,LONG,0.6923,0.1106,0.1027,2,True,-7.1429,0.5691,.60-.70,
ENJ/USDT,2025-03-02,LONG,0.7883,0.1211,0.1027,1,True,-15.1941,1.7791,.70-.80,1.5-2x
ENJ/USDT,2025-03-04,LONG,0.6015,0.1012,0.1049,1,True,3.6561,0.2463,.60-.70,
ENJ/USDT,2025-03-06,LONG,0.7217,0.1011,0.1014,1,True,0.2967,0.6108,.70-.80,
ENJ/USDT,2025-03-08,LONG,0.6114,0.0996,0.085,2,True,-14.6586,0.2999,.60-.70,
ENJ/USDT,2025-03-09,LONG,0.7174,0.0886,0.085,1,True,-4.0632,1.7419,.70-.80,1.5-2x
ENJ/USDT,2025-03-11,LONG,0.771,0.0905,0.089,2,True,-1.6575,1.0067,.70-.80,1-1.5x
ENJ/USDT,2025-03-14,LONG,0.7958,0.0909,0.0872,2,True,-4.0704,0.3412,.70-.80,
ENJ/USDT,2025-03-15,LONG,0.7077,0.0924,0.0872,1,True,-5.6277,0.2626,.70-.80,
ENJ/USDT,2025-03-17,LONG,0.67,0.09196,0.09509,2,True,3.4037,0.9593,.60-.70,
ENJ/USDT,2025-03-18,LONG,0.7057,0.09222,0.09509,1,True,3.1121,0.0498,.70-.80,
ENJ/USDT,2025-03-20,LONG,0.7294,0.0901,0.09145,3,True,1.4983,0.9044,.70-.80,
ENJ/USDT,2025-03-21,LONG,0.8761,0.08924,0.09145,2,True,2.4765,0.1649,>.80,
ENJ/USDT,2025-03-22,LONG,0.7973,0.09107,0.09145,1,True,0.4173,0.3868,.70-.80,
ENJ/USDT,2025-03-26,LONG,0.8375,0.09651,0.08065,5,False,-16.4335,0.8058,>.80,
ENJ/USDT,2025-03-27,LONG,0.8847,0.09575,0.08146,5,False,-14.9243,0.1798,>.80,
ENJ/USDT,2025-03-28,LONG,0.6535,0.08802,0.08146,4,True,-7.4529,1.7128,.60-.70,1.5-2x
ENJ/USDT,2025-03-29,LONG,0.7322,0.08252,0.08146,3,True,-1.2845,1.4708,.70-.80,1-1.5x
ENJ/USDT,2025-03-30,LONG,0.8431,0.08277,0.08146,2,True,-1.5827,0.0729,>.80,
ENJ/USDT,2025-03-31,LONG,0.6767,0.08065,0.08146,1,True,1.0043,0.6583,.60-.70,
ENJ/USDT,2025-04-03,LONG,0.6084,0.07444,0.07343,1,True,-1.3568,0.2394,.60-.70,
ONE/USDT,2024-08-27,LONG,0.7521,0.01215,0.01207,1,True,-0.6584,1.042,.70-.80,1-1.5x
ONE/USDT,2024-08-31,LONG,0.7186,0.01091,0.01138,2,True,4.308,0.7953,.70-.80,
ONE/USDT,2024-09-01,LONG,0.5723,0.01044,0.01138,1,True,9.0038,1.0199,.55-.60,1-1.5x
ONE/USDT,2024-09-03,LONG,0.6759,0.01076,0.01092,2,True,1.487,1.1255,.60-.70,1-1.5x
ONE/USDT,2024-09-04,LONG,0.6876,0.0111,0.01092,1,True,-1.6216,0.6659,.60-.70,
ONE/USDT,2024-09-06,LONG,0.6108,0.01047,0.01066,1,True,1.8147,0.847,.60-.70,
ONE/USDT,2024-09-08,LONG,0.7124,0.01098,0.01176,2,True,7.1038,0.6211,.70-.80,
ONE/USDT,2024-09-09,LONG,0.6472,0.01175,0.01176,1,True,0.0851,1.3875,.60-.70,1-1.5x
ONE/USDT,2024-09-12,LONG,0.7046,0.01202,0.0127,2,True,5.6572,1.071,.70-.80,1-1.5x
ONE/USDT,2024-09-13,LONG,0.5676,0.01233,0.0127,1,True,3.0008,0.5936,.55-.60,
ONE/USDT,2024-09-15,LONG,0.6435,0.01169,0.01244,3,True,6.4157,1.758,.60-.70,1.5-2x
ONE/USDT,2024-09-16,LONG,0.6415,0.01141,0.01244,2,True,9.0272,0.5457,.60-.70,
ONE/USDT,2024-09-17,LONG,0.6604,0.01197,0.01244,1,True,3.9265,1.0825,.60-.70,1-1.5x
ONE/USDT,2024-09-27,LONG,0.5529,0.01509,0.01345,3,True,-10.8681,1.161,.55-.60,1-1.5x
ONE/USDT,2024-10-03,LONG,0.6354,0.01168,0.01301,4,True,11.387,0.5381,.60-.70,
ONE/USDT,2024-10-04,LONG,0.6924,0.01245,0.01301,3,True,4.498,1.3599,.60-.70,1-1.5x
ONE/USDT,2024-10-05,LONG,0.6821,0.01214,0.01301,2,True,7.1664,0.5512,.60-.70,
ONE/USDT,2024-10-06,LONG,0.5664,0.01271,0.01301,1,True,2.3603,1.0265,.55-.60,1-1.5x
ONE/USDT,2024-10-09,LONG,0.7082,0.01226,0.01255,2,True,2.3654,1.2516,.70-.80,1-1.5x
ONE/USDT,2024-10-10,LONG,0.6686,0.01224,0.01255,1,True,2.5327,0.0371,.60-.70,
ONE/USDT,2024-10-15,LONG,0.7307,0.0139,0.01529,5,False,10.0,0.047,.70-.80,
ONE/USDT,2024-10-16,LONG,0.5978,0.01369,0.01421,5,False,3.7984,0.332,.55-.60,
ONE/USDT,2024-10-17,LONG,0.6201,0.01337,0.01421,4,True,6.2827,0.5254,.60-.70,
ONE/USDT,2024-10-19,LONG,0.8117,0.01423,0.01421,2,True,-0.1405,0.295,>.80,
ONE/USDT,2024-10-20,LONG,0.7275,0.01529,0.01421,1,True,-7.0634,1.6827,.70-.80,1.5-2x
ONE/USDT,2024-10-23,LONG,0.7871,0.01312,0.01379,1,True,5.1067,1.3021,.70-.80,1-1.5x
ONE/USDT,2024-10-25,LONG,0.7842,0.01218,0.01234,2,True,1.3136,2.316,.70-.80,2-3x
ONE/USDT,2024-10-26,LONG,0.7405,0.01212,0.01234,1,True,1.8152,0.1,.70-.80,
ONE/USDT,2024-10-30,LONG,0.6157,0.01263,0.01068,5,False,-15.4394,0.181,.60-.70,
ONE/USDT,2024-10-31,LONG,0.8226,0.01199,0.01115,5,False,-7.0058,1.0381,>.80,1-1.5x
ONE/USDT,2024-11-01,LONG,0.797,0.01193,0.01256,5,False,5.2808,0.1081,.70-.80,
ONE/USDT,2024-11-02,LONG,0.7024,0.01164,0.01264,5,False,8.5911,0.5237,.70-.80,
ONE/USDT,2024-11-03,LONG,0.6527,0.01097,0.01285,5,False,17.1376,1.2673,.60-.70,1-1.5x
ONE/USDT,2024-11-04,LONG,0.7444,0.01068,0.01285,4,True,20.3184,0.5817,.70-.80,
ONE/USDT,2024-11-05,LONG,0.5561,0.01115,0.01285,3,True,15.2466,0.9337,.55-.60,
ONE/USDT,2024-11-06,LONG,0.7823,0.01256,0.01285,2,True,2.3089,2.2643,.70-.80,2-3x
ONE/USDT,2024-11-07,LONG,0.6546,0.01264,0.01285,1,True,1.6614,0.1167,.60-.70,
ONE/USDT,2024-11-09,LONG,0.8092,0.01382,0.01458,1,True,5.4993,1.3803,>.80,1-1.5x
ONE/USDT,2024-11-11,LONG,0.5753,0.01621,0.01391,4,True,-14.1888,1.9049,.55-.60,1.5-2x
ONE/USDT,2024-11-12,LONG,0.9344,0.01488,0.01391,3,True,-6.5188,1.3577,>.80,1-1.5x
ONE/USDT,2024-11-13,LONG,0.9816,0.01395,0.01391,2,True,-0.2867,1.0162,>.80,1-1.5x
ONE/USDT,2024-11-14,LONG,0.9376,0.01307,0.01391,1,True,6.4269,1.1059,>.80,1-1.5x
ONE/USDT,2024-11-22,LONG,0.9523,0.01729,0.02083,1,True,20.4743,1.3735,>.80,1-1.5x
ONE/USDT,2024-11-25,LONG,0.9568,0.02451,0.02416,3,True,-1.428,0.0045,>.80,
ONE/USDT,2024-11-26,LONG,0.9768,0.02312,0.02416,2,True,4.4983,0.6199,>.80,
ONE/USDT,2024-11-27,LONG,0.9964,0.02396,0.02416,1,True,0.8347,0.3982,>.80,
ONE/USDT,2024-12-01,LONG,0.6689,0.02943,0.03966,5,False,34.7604,0.4197,.60-.70,
ONE/USDT,2024-12-02,LONG,0.7206,0.02977,0.04564,5,False,53.3087,0.1331,.70-.80,
ONE/USDT,2024-12-03,LONG,0.6843,0.03029,0.0427,5,False,40.9706,0.2087,.60-.70,
ONE/USDT,2024-12-05,LONG,0.6849,0.03187,0.03404,4,True,6.8089,0.3978,.60-.70,
ONE/USDT,2024-12-06,LONG,0.5964,0.03966,0.03404,3,True,-14.1704,2.6132,.55-.60,2-3x
ONE/USDT,2024-12-07,LONG,0.6943,0.04564,0.03404,2,True,-25.4163,1.6581,.60-.70,1.5-2x
ONE/USDT,2024-12-08,LONG,0.5832,0.0427,0.03404,1,True,-20.281,0.6983,.55-.60,
ONE/USDT,2024-12-13,LONG,0.8661,0.03475,0.03254,1,True,-6.3597,0.3003,>.80,
ONE/USDT,2024-12-18,LONG,0.6125,0.02781,0.0304,5,False,9.3132,1.2372,.60-.70,1-1.5x
ONE/USDT,2024-12-20,LONG,0.6641,0.02675,0.0304,3,True,13.6449,0.6964,.60-.70,
ONE/USDT,2024-12-21,LONG,0.6887,0.02511,0.0304,2,True,21.0673,0.6254,.60-.70,
ONE/USDT,2024-12-22,LONG,0.6507,0.0255,0.0304,1,True,19.2157,0.1584,.60-.70,
ONE/USDT,2024-12-24,LONG,0.5891,0.0324,0.03219,1,True,-0.6481,0.6174,.55-.60,
ONE/USDT,2024-12-28,LONG,0.5958,0.0299,0.02636,3,True,-11.8395,0.5453,.55-.60,
ONE/USDT,2024-12-29,LONG,0.6087,0.02817,0.02636,2,True,-6.4253,0.7998,.60-.70,
ONE/USDT,2024-12-30,LONG,0.5677,0.02751,0.02636,1,True,-4.1803,0.3235,.55-.60,
ONE/USDT,2025-01-03,LONG,0.5685,0.03214,0.02479,5,False,-22.8687,1.5589,.55-.60,1.5-2x
ONE/USDT,2025-01-06,LONG,0.5862,0.03034,0.02402,4,True,-20.8306,0.2882,.55-.60,
ONE/USDT,2025-01-13,LONG,0.5877,0.02298,0.02561,5,False,11.4447,0.2846,.55-.60,
ONE/USDT,2025-01-21,LONG,0.5711,0.02265,0.02095,3,True,-7.5055,0.5355,.55-.60,
ONE/USDT,2025-01-23,LONG,0.604,0.02181,0.02095,1,True,-3.9431,0.0069,.60-.70,
ONE/USDT,2025-01-30,LONG,0.5949,0.02011,0.01779,2,True,-11.5365,1.4614,.55-.60,1-1.5x
ONE/USDT,2025-02-06,LONG,0.8995,0.01353,0.01375,1,True,1.626,0.9383,>.80,
ONE/USDT,2025-02-10,LONG,0.5988,0.01535,0.01531,5,False,-0.2606,0.916,.55-.60,
ONE/USDT,2025-02-11,LONG,0.5563,0.01542,0.01509,5,False,-2.1401,0.076,.55-.60,
ONE/USDT,2025-02-12,LONG,0.5926,0.01669,0.01509,4,True,-9.5866,1.2902,.55-.60,1-1.5x
ONE/USDT,2025-02-13,LONG,0.6412,0.01605,0.01509,3,True,-5.9813,0.6009,.60-.70,
ONE/USDT,2025-02-14,LONG,0.6752,0.01604,0.01509,2,True,-5.9227,0.0098,.60-.70,
ONE/USDT,2025-02-15,LONG,0.7427,0.01531,0.01509,1,True,-1.437,0.7142,.70-.80,
ONE/USDT,2025-02-21,LONG,0.5776,0.01596,0.01675,1,True,4.9499,0.1223,.55-.60,
ONE/USDT,2025-02-25,LONG,0.5691,0.0143,0.01606,5,False,12.3077,0.6739,.55-.60,
ONE/USDT,2025-02-26,LONG,0.6906,0.0146,0.01349,5,False,-7.6027,0.3865,.60-.70,
ONE/USDT,2025-02-27,LONG,0.5863,0.01452,0.01349,4,True,-7.0937,0.101,.55-.60,
ONE/USDT,2025-02-28,LONG,0.5945,0.01456,0.01349,3,True,-7.3489,0.052,.55-.60,
ONE/USDT,2025-03-01,LONG,0.6775,0.01424,0.01349,2,True,-5.2669,0.4127,.60-.70,
ONE/USDT,2025-03-08,LONG,0.6281,0.01262,0.01155,1,True,-8.4786,0.5407,.60-.70,
ONE/USDT,2025-03-11,LONG,0.7991,0.01079,0.01127,1,True,4.4486,0.3804,.70-.80,
ONE/USDT,2025-03-14,LONG,0.8098,0.0112,0.01091,2,True,-2.5893,0.3151,>.80,
ONE/USDT,2025-03-15,LONG,0.6839,0.01144,0.01091,1,True,-4.6329,0.3196,.60-.70,
ONE/USDT,2025-03-17,LONG,0.6495,0.01151,0.01141,1,True,-0.8688,0.9162,.60-.70,
ONE/USDT,2025-03-19,LONG,0.6505,0.01229,0.01198,3,True,-2.5224,1.229,.60-.70,1-1.5x
ONE/USDT,2025-03-20,LONG,0.5905,0.01178,0.01198,2,True,1.6978,0.6566,.55-.60,
ONE/USDT,2025-03-21,LONG,0.93,0.01159,0.01198,1,True,3.365,0.2554,>.80,
ONE/USDT,2025-03-23,LONG,0.591,0.01182,0.01278,1,True,8.1218,0.3074,.55-.60,
ONE/USDT,2025-03-25,LONG,0.658,0.01273,0.01278,1,True,0.3928,0.0829,.60-.70,
ONE/USDT,2025-03-27,LONG,0.6808,0.01281,0.01171,1,True,-8.587,0.0499,.60-.70,
ONE/USDT,2025-03-29,LONG,0.7677,0.01086,0.01097,3,True,1.0129,1.4737,.70-.80,1-1.5x
ONE/USDT,2025-03-30,LONG,0.5904,0.01081,0.01097,2,True,1.4801,0.103,.55-.60,
ONE/USDT,2025-04-04,LONG,0.7719,0.0106,0.00923,2,True,-12.9245,0.0208,.70-.80,
ONE/USDT,2025-04-05,LONG,0.598,0.01043,0.00923,1,True,-11.5053,0.3614,.55-.60,
RVN/USDT,2024-08-27,LONG,0.6907,0.01711,0.01686,1,True,-1.4611,1.3369,.60-.70,1-1.5x
RVN/USDT,2024-09-02,LONG,0.5671,0.01613,0.016,5,False,-0.806,1.1495,.55-.60,1-1.5x
RVN/USDT,2024-09-04,LONG,0.5917,0.01605,0.01684,4,True,4.9221,1.0002,.55-.60,1-1.5x
RVN/USDT,2024-09-06,LONG,0.5852,0.01546,0.01684,2,True,8.9263,0.9931,.55-.60,
RVN/USDT,2024-09-07,LONG,0.618,0.016,0.01684,1,True,5.25,0.8243,.60-.70,
RVN/USDT,2024-09-09,LONG,0.8118,0.01761,0.01734,1,True,-1.5332,1.0296,>.80,1-1.5x
RVN/USDT,2024-09-12,LONG,0.8178,0.01777,0.01754,1,True,-1.2943,1.3633,>.80,1-1.5x
RVN/USDT,2024-09-17,LONG,0.6384,0.01669,0.01715,1,True,2.7561,0.9789,.60-.70,
RVN/USDT,2024-09-20,LONG,0.6279,0.01798,0.01843,1,True,2.5028,0.2129,.60-.70,
RVN/USDT,2024-09-24,LONG,0.5895,0.01811,0.0179,1,True,-1.1596,0.2271,.55-.60,
RVN/USDT,2024-09-29,LONG,0.5609,0.0191,0.01774,1,True,-7.1204,0.3541,.55-.60,
RVN/USDT,2024-10-02,LONG,0.5937,0.01616,0.01603,1,True,-0.8045,0.5873,.55-.60,
RVN/USDT,2024-10-05,LONG,0.658,0.01649,0.01618,4,True,-1.8799,0.3188,.60-.70,
RVN/USDT,2024-10-06,LONG,0.6113,0.01687,0.01618,3,True,-4.0901,0.6847,.60-.70,
RVN/USDT,2024-10-07,LONG,0.8265,0.01661,0.01618,2,True,-2.5888,0.4673,>.80,
RVN/USDT,2024-10-18,LONG,0.8399,0.01718,0.01761,3,True,2.5029,1.3096,>.80,1-1.5x
RVN/USDT,2024-10-19,LONG,0.628,0.01784,0.01761,2,True,-1.2892,1.0262,.60-.70,1-1.5x
RVN/USDT,2024-10-20,LONG,0.7687,0.01862,0.01761,1,True,-5.4243,1.2448,.70-.80,1-1.5x
RVN/USDT,2024-10-24,LONG,0.9721,0.02122,0.0173,1,True,-18.4731,3.8745,>.80,3-5x
RVN/USDT,2024-10-27,LONG,0.9903,0.01705,0.0171,1,True,0.2933,0.2923,>.80,
RVN/USDT,2024-10-29,LONG,0.6781,0.01824,0.01807,1,True,-0.932,0.8205,.60-.70,
RVN/USDT,2024-10-31,LONG,0.9324,0.01692,0.01644,2,True,-2.8369,0.7788,>.80,
RVN/USDT,2024-11-01,LONG,0.5641,0.01675,0.01644,1,True,-1.8507,0.1229,.55-.60,
RVN/USDT,2024-11-06,LONG,0.6394,0.01778,0.02079,5,False,16.9291,1.0274,.60-.70,1-1.5x
RVN/USDT,2024-11-07,LONG,0.6156,0.01792,0.02079,4,True,16.0156,0.0953,.60-.70,
RVN/USDT,2024-11-08,LONG,0.6787,0.01791,0.02079,3,True,16.0804,0.0068,.60-.70,
RVN/USDT,2024-11-09,LONG,0.6017,0.01876,0.02079,2,True,10.8209,0.5761,.60-.70,
RVN/USDT,2024-11-12,LONG,0.7411,0.02016,0.02072,3,True,2.7778,0.3696,.70-.80,
RVN/USDT,2024-11-13,LONG,0.8481,0.01995,0.02072,2,True,3.8596,0.1803,>.80,
RVN/USDT,2024-11-14,LONG,0.8004,0.01947,0.02072,1,True,6.4201,0.6153,>.80,
RVN/USDT,2024-11-22,LONG,0.773,0.02283,0.02434,3,True,6.6141,0.1598,.70-.80,
RVN/USDT,2024-11-23,LONG,0.6754,0.02534,0.02434,2,True,-3.9463,1.9935,.60-.70,1.5-2x
RVN/USDT,2024-11-24,LONG,0.6891,0.02592,0.02434,1,True,-6.0957,0.4225,.60-.70,
RVN/USDT,2024-11-26,LONG,0.8537,0.0229,0.02444,2,True,6.7249,1.0201,>.80,1-1.5x
RVN/USDT,2024-11-27,LONG,0.6239,0.02436,0.02444,1,True,0.3284,1.0805,.60-.70,1-1.5x
RVN/USDT,2024-12-01,LONG,0.6334,0.02686,0.034,2,True,26.5823,0.1491,.60-.70,
RVN/USDT,2024-12-02,LONG,0.6052,0.0287,0.034,1,True,18.4669,1.1784,.60-.70,1-1.5x
RVN/USDT,2024-12-05,LONG,0.7866,0.03183,0.03269,3,True,2.7019,1.0553,.70-.80,1-1.5x
RVN/USDT,2024-12-06,LONG,0.921,0.03325,0.03269,2,True,-1.6842,0.6352,>.80,
RVN/USDT,2024-12-07,LONG,0.8718,0.03211,0.03269,1,True,1.8063,0.503,>.80,
RVN/USDT,2024-12-13,LONG,0.8101,0.0284,0.02679,1,True,-5.669,0.0277,>.80,
RVN/USDT,2024-12-17,LONG,0.6282,0.02563,0.02263,1,True,-11.705,0.8385,.60-.70,
RVN/USDT,2024-12-19,LONG,0.6729,0.0213,0.02047,2,True,-3.8967,0.7192,.60-.70,
RVN/USDT,2024-12-20,LONG,0.6798,0.02178,0.02047,1,True,-6.0147,0.2778,.60-.70,
RVN/USDT,2024-12-28,LONG,0.6471,0.02173,0.02016,3,True,-7.225,0.6048,.60-.70,
RVN/USDT,2024-12-29,LONG,0.5736,0.02056,0.02016,2,True,-1.9455,1.0126,.55-.60,1-1.5x
RVN/USDT,2024-12-30,LONG,0.5591,0.02051,0.02016,1,True,-1.7065,0.0459,.55-.60,
RVN/USDT,2025-01-03,LONG,0.6296,0.02331,0.02,5,False,-14.1999,1.2128,.60-.70,1-1.5x
RVN/USDT,2025-01-05,LONG,0.7733,0.02306,0.02,3,True,-13.2697,0.3758,.70-.80,
RVN/USDT,2025-01-06,LONG,0.6223,0.02304,0.02,2,True,-13.1944,0.0181,.60-.70,
RVN/USDT,2025-01-07,LONG,0.6235,0.02037,0.02,1,True,-1.8164,2.4219,.60-.70,2-3x
RVN/USDT,2025-01-13,LONG,0.6735,0.01874,0.02051,5,False,9.445,0.8647,.60-.70,
RVN/USDT,2025-01-15,LONG,0.5589,0.02089,0.02051,3,True,-1.8191,1.5596,.55-.60,1.5-2x
RVN/USDT,2025-01-16,LONG,0.6318,0.02041,0.02051,2,True,0.49,0.5231,.60-.70,
RVN/USDT,2025-01-21,LONG,0.6982,0.01948,0.01901,1,True,-2.4127,0.8004,.60-.70,
RVN/USDT,2025-01-23,LONG,0.7708,0.01865,0.01706,5,False,-8.5255,0.4326,.70-.80,
RVN/USDT,2025-01-24,LONG,0.629,0.01846,0.01764,5,False,-4.442,0.2338,.60-.70,
RVN/USDT,2025-01-25,LONG,0.5504,0.01856,0.01816,5,False,-2.1552,0.124,.55-.60,
RVN/USDT,2025-01-26,LONG,0.5919,0.01847,0.01827,5,False,-1.0828,0.1111,.55-.60,
RVN/USDT,2025-01-28,LONG,0.5861,0.01706,0.01698,4,True,-0.4689,1.3776,.55-.60,1-1.5x
RVN/USDT,2025-01-30,LONG,0.6491,0.01816,0.01698,2,True,-6.4978,0.758,.60-.70,
RVN/USDT,2025-01-31,LONG,0.6336,0.01827,0.01698,1,True,-7.0608,0.1555,.60-.70,
RVN/USDT,2025-02-03,LONG,0.6762,0.01579,0.01463,2,True,-7.3464,0.8588,.60-.70,
RVN/USDT,2025-02-10,LONG,0.6211,0.01436,0.01537,2,True,7.0334,0.3884,.60-.70,
RVN/USDT,2025-02-11,LONG,0.6442,0.01449,0.01537,1,True,6.0732,0.2245,.60-.70,
RVN/USDT,2025-02-13,LONG,0.7183,0.01476,0.01474,2,True,-0.1355,0.9014,.70-.80,
RVN/USDT,2025-02-21,LONG,0.5834,0.01442,0.01316,3,True,-8.7379,0.4704,.55-.60,
RVN/USDT,2025-02-23,LONG,0.7258,0.01492,0.01316,1,True,-11.7962,0.1607,.70-.80,
RVN/USDT,2025-02-26,LONG,0.5809,0.01349,0.01351,1,True,0.1483,0.329,.55-.60,
RVN/USDT,2025-02-28,LONG,0.6997,0.01341,0.01486,2,True,10.8128,0.1973,.60-.70,
RVN/USDT,2025-03-03,LONG,0.6616,0.01254,0.01248,5,False,-0.4785,2.7177,.60-.70,2-3x
RVN/USDT,2025-03-04,LONG,0.587,0.01257,0.01122,5,False,-10.7399,0.0432,.55-.60,
RVN/USDT,2025-03-07,LONG,0.7468,0.01266,0.01217,5,False,-3.8705,0.0699,.70-.80,
RVN/USDT,2025-03-08,LONG,0.5814,0.01248,0.01217,4,True,-2.484,0.2527,.55-.60,
RVN/USDT,2025-03-10,LONG,0.6683,0.01099,0.01217,2,True,10.737,0.341,.60-.70,
RVN/USDT,2025-03-11,LONG,0.6982,0.0118,0.01217,1,True,3.1356,1.1742,.60-.70,1-1.5x
RVN/USDT,2025-03-14,LONG,0.6343,0.01234,0.01295,5,False,4.9433,0.5656,.60-.70,
RVN/USDT,2025-03-15,LONG,0.7644,0.01241,0.01295,4,True,4.3513,0.091,.70-.80,
RVN/USDT,2025-03-16,LONG,0.5916,0.01201,0.01295,3,True,7.8268,0.5647,.55-.60,
RVN/USDT,2025-03-18,LONG,0.7394,0.01216,0.01295,1,True,6.4967,0.2572,.70-.80,
RVN/USDT,2025-03-20,LONG,0.6383,0.01242,0.01231,1,True,-0.8857,0.6885,.60-.70,
RVN/USDT,2025-03-22,LONG,0.8524,0.01236,0.01217,1,True,-1.5372,0.0766,>.80,
RVN/USDT,2025-03-25,LONG,0.6501,0.0131,0.01268,2,True,-3.2061,0.2605,.60-.70,
RVN/USDT,2025-03-30,LONG,0.6883,0.01122,0.01106,1,True,-1.426,0.1592,.60-.70,
RVN/USDT,2025-04-04,LONG,0.6047,0.01088,0.01082,1,True,-0.5515,0.6085,.60-.70,
BAT/USDT,2024-09-04,LONG,0.5972,0.1617,0.156,3,True,-3.525,0.624,.55-.60,
BAT/USDT,2024-09-08,LONG,0.5727,0.1589,0.1749,5,False,10.0692,0.598,.55-.60,
BAT/USDT,2024-09-09,LONG,0.5867,0.1646,0.1732,5,False,5.2248,1.1205,.55-.60,1-1.5x
BAT/USDT,2024-09-12,LONG,0.5616,0.173,0.1745,5,False,0.8671,1.0383,.55-.60,1-1.5x
BAT/USDT,2024-09-14,LONG,0.5729,0.1732,0.1745,3,True,0.7506,0.3292,.55-.60,
BAT/USDT,2024-09-15,LONG,0.5737,0.1717,0.1745,2,True,1.6308,0.3153,.55-.60,
BAT/USDT,2024-09-16,LONG,0.5809,0.1683,0.1745,1,True,3.6839,0.7789,.55-.60,
BAT/USDT,2024-09-25,LONG,0.7158,0.1897,0.1793,5,False,-5.4823,1.0921,.70-.80,1-1.5x
BAT/USDT,2024-09-28,LONG,0.5621,0.1929,0.1793,2,True,-7.0503,0.9371,.55-.60,
BAT/USDT,2024-09-29,LONG,0.5934,0.1914,0.1793,1,True,-6.3218,0.3338,.55-.60,
BAT/USDT,2024-10-02,LONG,0.5562,0.1625,0.1645,1,True,1.2308,0.9149,.55-.60,
BAT/USDT,2024-10-04,LONG,0.7623,0.1694,0.1702,1,True,0.4723,0.909,.70-.80,
BAT/USDT,2024-10-07,LONG,0.8287,0.1739,0.1716,1,True,-1.3226,0.214,>.80,
BAT/USDT,2024-10-11,LONG,0.7347,0.1733,0.1753,1,True,1.1541,1.4519,.70-.80,1-1.5x
BAT/USDT,2024-10-14,LONG,0.5601,0.1811,0.1769,2,True,-2.3192,1.4701,.55-.60,1-1.5x
BAT/USDT,2024-10-15,LONG,0.8425,0.1807,0.1769,1,True,-2.1029,0.0723,>.80,
BAT/USDT,2024-10-17,LONG,0.732,0.173,0.1771,1,True,2.3699,0.7344,.70-.80,
BAT/USDT,2024-10-19,LONG,0.6186,0.1795,0.1764,5,False,-1.727,0.4414,.60-.70,
BAT/USDT,2024-10-20,LONG,0.7873,0.1843,0.1764,4,True,-4.2865,0.9609,.70-.80,
BAT/USDT,2024-10-21,LONG,0.8252,0.1783,0.1764,3,True,-1.0656,1.3412,>.80,1-1.5x
BAT/USDT,2024-10-22,LONG,0.8114,0.1759,0.1764,2,True,0.2843,0.5754,>.80,
BAT/USDT,2024-10-23,LONG,0.7656,0.1728,0.1764,1,True,2.0833,0.7404,.70-.80,
BAT/USDT,2024-10-25,LONG,0.6512,0.1616,0.165,2,True,2.104,2.7736,.60-.70,2-3x
BAT/USDT,2024-10-26,LONG,0.7254,0.1612,0.165,1,True,2.3573,0.0843,.70-.80,
BAT/USDT,2024-10-28,LONG,0.6047,0.166,0.1604,3,True,-3.3735,0.2026,.60-.70,
BAT/USDT,2024-10-30,LONG,0.6153,0.1699,0.1604,1,True,-5.5915,0.5585,.60-.70,
BAT/USDT,2024-11-02,LONG,0.5896,0.1552,0.1573,3,True,1.3531,0.8596,.55-.60,
BAT/USDT,2024-11-04,LONG,0.6972,0.1493,0.1573,1,True,5.3583,0.4623,.60-.70,
BAT/USDT,2024-11-07,LONG,0.8478,0.1711,0.195,4,True,13.9684,0.0462,>.80,
BAT/USDT,2024-11-08,LONG,0.7727,0.1708,0.195,3,True,14.1686,0.0463,.70-.80,
BAT/USDT,2024-11-09,LONG,0.7724,0.1747,0.195,2,True,11.6199,0.6053,.70-.80,
BAT/USDT,2024-11-10,LONG,0.5927,0.184,0.195,1,True,5.9783,1.3676,.55-.60,1-1.5x
BAT/USDT,2024-11-13,LONG,0.9767,0.1877,0.2164,3,True,15.2904,1.102,>.80,1-1.5x
BAT/USDT,2024-11-14,LONG,0.9806,0.1817,0.2164,2,True,19.0974,0.8497,>.80,
BAT/USDT,2024-11-15,LONG,0.815,0.1923,0.2164,1,True,12.5325,1.4853,>.80,1-1.5x
BAT/USDT,2024-11-18,LONG,0.7049,0.2268,0.2151,1,True,-5.1587,2.5045,.70-.80,2-3x
BAT/USDT,2024-11-22,LONG,0.9131,0.2315,0.2977,5,False,28.5961,1.2228,>.80,1-1.5x
BAT/USDT,2024-11-23,LONG,0.8622,0.2494,0.3038,5,False,21.8123,1.221,>.80,1-1.5x
BAT/USDT,2024-11-24,LONG,0.8661,0.2892,0.3038,4,True,5.0484,2.3116,>.80,2-3x
BAT/USDT,2024-11-25,LONG,0.9955,0.2673,0.3038,3,True,13.6551,1.0343,>.80,1-1.5x
BAT/USDT,2024-11-26,LONG,0.7981,0.2828,0.3038,2,True,7.4257,0.8016,.70-.80,
BAT/USDT,2024-11-27,LONG,0.8096,0.2977,0.3038,1,True,2.049,0.7291,>.80,
BAT/USDT,2024-11-29,LONG,0.613,0.3284,0.3257,3,True,-0.8222,1.1136,.60-.70,1-1.5x
BAT/USDT,2024-11-30,LONG,0.6581,0.3197,0.3257,2,True,1.8768,0.3589,.60-.70,
BAT/USDT,2024-12-01,LONG,0.9418,0.3201,0.3257,1,True,1.7495,0.017,>.80,
BAT/USDT,2024-12-05,LONG,0.8417,0.3346,0.3394,3,True,1.4345,0.7003,>.80,
BAT/USDT,2024-12-06,LONG,0.7347,0.3433,0.3394,2,True,-1.136,0.3725,.70-.80,
BAT/USDT,2024-12-07,LONG,0.8079,0.3377,0.3394,1,True,0.5034,0.251,>.80,
BAT/USDT,2024-12-09,LONG,0.8383,0.2757,0.2675,1,True,-2.9742,2.5651,>.80,2-3x
BAT/USDT,2024-12-12,LONG,0.9101,0.2957,0.2781,2,True,-5.952,0.2417,>.80,
BAT/USDT,2024-12-25,LONG,0.8893,0.2608,0.2557,3,True,-1.9555,0.8196,>.80,
BAT/USDT,2024-12-26,LONG,0.6206,0.2456,0.2557,2,True,4.1124,0.7225,.60-.70,
BAT/USDT,2024-12-27,LONG,0.9893,0.2403,0.2557,1,True,6.4087,0.2675,>.80,
BAT/USDT,2024-12-30,LONG,0.9353,0.2361,0.2422,2,True,2.5837,0.1158,>.80,
BAT/USDT,2024-12-31,LONG,0.8008,0.2329,0.2422,1,True,3.9931,0.1954,>.80,
BAT/USDT,2025-01-03,LONG,0.6296,0.2589,0.2468,5,False,-4.6736,0.5973,.60-.70,
BAT/USDT,2025-01-04,LONG,0.6684,0.2577,0.2468,4,True,-4.2297,0.0666,.60-.70,
BAT/USDT,2025-01-12,LONG,0.555,0.2466,0.2641,5,False,7.0965,0.2481,.55-.60,
BAT/USDT,2025-01-13,LONG,0.6901,0.2373,0.2641,4,True,11.2937,0.8368,.60-.70,
BAT/USDT,2025-01-15,LONG,0.6572,0.2594,0.2641,2,True,1.8119,0.9529,.60-.70,
BAT/USDT,2025-01-16,LONG,0.63,0.2536,0.2641,1,True,4.1404,0.515,.60-.70,
BAT/USDT,2025-01-20,LONG,0.5548,0.2318,0.2299,3,True,-0.8197,0.4776,.55-.60,
BAT/USDT,2025-01-21,LONG,0.6079,0.2396,0.2299,2,True,-4.0484,0.7332,.60-.70,
BAT/USDT,2025-01-22,LONG,0.5656,0.2302,0.2299,1,True,-0.1303,0.8473,.55-.60,
BAT/USDT,2025-01-30,LONG,0.5595,0.2229,0.1879,3,True,-15.7021,1.1246,.55-.60,1-1.5x
BAT/USDT,2025-02-03,LONG,0.6016,0.1915,0.1686,3,True,-11.9582,0.4212,.60-.70,
BAT/USDT,2025-02-05,LONG,0.5532,0.1782,0.1686,1,True,-5.3872,0.6897,.55-.60,
BAT/USDT,2025-02-07,LONG,0.5595,0.1717,0.192,5,False,11.8229,0.4297,.55-.60,
BAT/USDT,2025-02-09,LONG,0.6504,0.1768,0.1898,5,False,7.3529,0.4478,.60-.70,
BAT/USDT,2025-03-07,LONG,0.7273,0.1602,0.1479,5,False,-7.6779,0.1598,.70-.80,
BAT/USDT,2025-03-10,LONG,0.6474,0.143,0.1437,3,True,0.4895,0.5725,.60-.70,
BAT/USDT,2025-03-11,LONG,0.6,0.1464,0.1437,2,True,-1.8443,0.4619,.55-.60,
BAT/USDT,2025-03-12,LONG,0.5732,0.1479,0.1437,1,True,-2.8398,0.2075,.55-.60,
BAT/USDT,2025-03-20,LONG,0.5924,0.1522,0.1496,2,True,-1.7083,0.7385,.55-.60,
BAT/USDT,2025-03-21,LONG,0.6524,0.1477,0.1496,1,True,1.2864,0.6217,.60-.70,
BAT/USDT,2025-03-26,LONG,0.5732,0.154,0.1369,5,False,-11.1039,0.98,.55-.60,
BAT/USDT,2025-03-27,LONG,0.7752,0.1533,0.1401,5,False,-8.6106,0.1418,.70-.80,
BAT/USDT,2025-03-28,LONG,0.7455,0.1428,0.1401,4,True,-1.8908,1.9536,.70-.80,1.5-2x
BAT/USDT,2025-03-30,LONG,0.6835,0.1354,0.1401,2,True,3.4712,0.1503,.60-.70,
BAT/USDT,2025-03-31,LONG,0.8194,0.1369,0.1401,1,True,2.3375,0.3241,>.80,
BAT/USDT,2025-04-05,LONG,0.6945,0.1329,0.1196,1,True,-10.0075,0.2491,.60-.70,
LRC/USDT,2024-09-02,LONG,0.588,0.1269,0.1231,2,True,-2.9945,1.6987,.55-.60,1.5-2x
LRC/USDT,2024-09-05,LONG,0.6171,0.1188,0.1195,3,True,0.5892,0.7817,.60-.70,
LRC/USDT,2024-09-07,LONG,0.6329,0.1168,0.1195,1,True,2.3116,0.2536,.60-.70,
LRC/USDT,2024-09-09,LONG,0.7852,0.123,0.121,5,False,-1.626,0.6533,.70-.80,
LRC/USDT,2024-09-11,LONG,0.7509,0.119,0.121,3,True,1.6807,0.7434,.70-.80,
LRC/USDT,2024-09-12,LONG,0.7338,0.1225,0.121,2,True,-1.2245,0.7821,.70-.80,
LRC/USDT,2024-09-15,LONG,0.6631,0.1173,0.1249,5,False,6.4791,0.8746,.60-.70,
LRC/USDT,2024-09-16,LONG,0.7055,0.1136,0.1274,5,False,12.1479,0.942,.70-.80,
LRC/USDT,2024-09-17,LONG,0.634,0.1163,0.123,5,False,5.761,0.702,.60-.70,
LRC/USDT,2024-09-18,LONG,0.8458,0.1207,0.1259,5,False,4.3082,1.0799,>.80,1-1.5x
LRC/USDT,2024-09-19,LONG,0.8709,0.1244,0.1288,5,False,3.537,0.861,>.80,
LRC/USDT,2024-09-21,LONG,0.6531,0.1274,0.1392,5,False,9.2622,0.6068,.60-.70,
LRC/USDT,2024-09-22,LONG,0.9085,0.123,0.1392,4,True,13.1707,1.1574,>.80,1-1.5x
LRC/USDT,2024-09-23,LONG,0.8134,0.1259,0.1392,3,True,10.5639,0.8772,>.80,
LRC/USDT,2024-09-25,LONG,0.9313,0.1331,0.1392,1,True,4.583,1.2965,>.80,1-1.5x
LRC/USDT,2024-09-27,LONG,0.6716,0.1415,0.1318,3,True,-6.8551,0.6363,.60-.70,
LRC/USDT,2024-09-28,LONG,0.8905,0.1379,0.1318,2,True,-4.4235,0.9449,>.80,
LRC/USDT,2024-09-29,LONG,0.6188,0.1395,0.1318,1,True,-5.5197,0.4385,.60-.70,
LRC/USDT,2024-10-04,LONG,0.863,0.1205,0.1235,3,True,2.4896,1.077,>.80,1-1.5x
LRC/USDT,2024-10-05,LONG,0.7324,0.1191,0.1235,2,True,3.6944,0.3132,.70-.80,
LRC/USDT,2024-10-06,LONG,0.6042,0.1247,0.1235,1,True,-0.9623,1.2513,.60-.70,1-1.5x
LRC/USDT,2024-10-08,LONG,0.6421,0.121,0.1184,1,True,-2.1488,0.5483,.60-.70,
LRC/USDT,2024-10-11,LONG,0.6889,0.1232,0.1237,1,True,0.4058,1.0606,.60-.70,1-1.5x
LRC/USDT,2024-10-15,LONG,0.7466,0.127,0.1252,1,True,-1.4173,0.4602,.70-.80,
LRC/USDT,2024-10-18,LONG,0.7239,0.1294,0.1306,3,True,0.9274,1.4813,.70-.80,1-1.5x
LRC/USDT,2024-10-20,LONG,0.7091,0.1361,0.1306,1,True,-4.0411,1.6239,.70-.80,1.5-2x
LRC/USDT,2024-10-29,LONG,0.6149,0.1266,0.1177,2,True,-7.03,1.1306,.60-.70,1-1.5x
LRC/USDT,2024-10-30,LONG,0.5702,0.125,0.1177,1,True,-5.84,0.3457,.55-.60,
LRC/USDT,2024-11-07,LONG,0.7094,0.1265,0.1405,1,True,11.0672,0.3875,.70-.80,
LRC/USDT,2024-11-11,LONG,0.8638,0.1533,0.143,2,True,-6.7189,0.9949,>.80,
LRC/USDT,2024-11-12,LONG,0.9848,0.1465,0.143,1,True,-2.3891,0.9352,>.80,
LRC/USDT,2024-11-14,LONG,0.5998,0.1387,0.1521,1,True,9.6611,0.6991,.55-.60,
LRC/USDT,2024-11-17,LONG,0.8577,0.1731,0.182,4,True,5.1415,0.0313,>.80,
LRC/USDT,2024-11-18,LONG,0.6432,0.1883,0.182,3,True,-3.3457,1.5364,.60-.70,1.5-2x
LRC/USDT,2024-11-19,LONG,0.9432,0.1804,0.182,2,True,0.8869,0.7179,>.80,
LRC/USDT,2024-11-20,LONG,0.9881,0.1724,0.182,1,True,5.5684,0.7709,>.80,
LRC/USDT,2024-11-22,LONG,0.8498,0.1892,0.2069,1,True,9.3552,0.6871,>.80,
LRC/USDT,2024-11-24,LONG,0.8886,0.2343,0.2201,1,True,-6.0606,2.2216,>.80,2-3x
LRC/USDT,2024-11-26,LONG,0.8683,0.2156,0.2365,1,True,9.6939,0.3204,>.80,
LRC/USDT,2024-11-28,LONG,0.7545,0.2332,0.2455,2,True,5.2744,0.2192,.70-.80,
LRC/USDT,2024-11-29,LONG,0.8289,0.2403,0.2455,1,True,2.164,0.4801,>.80,
LRC/USDT,2024-12-01,LONG,0.5644,0.242,0.3154,3,True,30.3306,0.2231,.55-.60,
LRC/USDT,2024-12-02,LONG,0.5956,0.2556,0.3154,2,True,23.3959,0.9049,.55-.60,
LRC/USDT,2024-12-05,LONG,0.7985,0.3105,0.2459,4,True,-20.8052,0.239,.70-.80,
LRC/USDT,2024-12-06,LONG,0.6609,0.3197,0.2459,3,True,-23.0841,0.4904,.60-.70,
LRC/USDT,2024-12-07,LONG,0.875,0.3061,0.2459,2,True,-19.6668,0.6827,>.80,
LRC/USDT,2024-12-08,LONG,0.8608,0.3158,0.2459,1,True,-22.1343,0.5208,>.80,
LRC/USDT,2024-12-10,LONG,0.6366,0.2429,0.2723,1,True,12.1037,0.1517,.60-.70,
LRC/USDT,2024-12-12,LONG,0.836,0.2788,0.2583,2,True,-7.3529,0.2872,>.80,
LRC/USDT,2024-12-13,LONG,0.6278,0.2772,0.2583,1,True,-6.8182,0.0703,.60-.70,
LRC/USDT,2024-12-17,LONG,0.6268,0.2415,0.2194,1,True,-9.1511,0.7384,.60-.70,
LRC/USDT,2024-12-22,LONG,0.654,0.1921,0.2133,1,True,11.0359,0.2937,.60-.70,
LRC/USDT,2025-01-03,LONG,0.5545,0.219,0.1875,5,False,-14.3836,0.9785,.55-.60,
LRC/USDT,2025-01-04,LONG,0.5532,0.2149,0.1839,5,False,-14.4253,0.3567,.55-.60,
LRC/USDT,2025-01-09,LONG,0.558,0.1839,0.183,3,True,-0.4894,0.3895,.55-.60,
LRC/USDT,2025-01-13,LONG,0.5861,0.1773,0.1969,5,False,11.0547,0.7899,.55-.60,
LRC/USDT,2025-01-16,LONG,0.5906,0.1953,0.1969,2,True,0.8193,0.3697,.55-.60,
LRC/USDT,2025-01-21,LONG,0.607,0.1794,0.1743,1,True,-2.8428,0.8628,.60-.70,
LRC/USDT,2025-01-23,LONG,0.6609,0.1711,0.1624,4,True,-5.0847,0.3684,.60-.70,
LRC/USDT,2025-01-24,LONG,0.6378,0.1674,0.1624,3,True,-2.9869,0.4337,.60-.70,
LRC/USDT,2025-01-25,LONG,0.5568,0.1646,0.1624,2,True,-1.3366,0.3365,.55-.60,
LRC/USDT,2025-01-30,LONG,0.5784,0.1667,0.1502,2,True,-9.898,0.7275,.55-.60,
LRC/USDT,2025-02-03,LONG,0.8631,0.1363,0.128,1,True,-6.0895,0.5369,>.80,
LRC/USDT,2025-02-08,LONG,0.745,0.1296,0.1279,1,True,-1.3117,0.7138,.70-.80,
LRC/USDT,2025-02-10,LONG,0.6554,0.1293,0.1376,5,False,6.4192,0.2703,.60-.70,
LRC/USDT,2025-02-13,LONG,0.603,0.1317,0.1376,2,True,4.4799,0.5062,.60-.70,
LRC/USDT,2025-02-14,LONG,0.7199,0.143,0.1376,1,True,-3.7762,1.7517,.70-.80,1.5-2x
LRC/USDT,2025-02-16,LONG,0.5888,0.1333,0.1354,1,True,1.5754,0.6277,.55-.60,
LRC/USDT,2025-02-26,LONG,0.6829,0.1211,0.1235,1,True,1.9818,0.3343,.60-.70,
LRC/USDT,2025-03-01,LONG,0.6921,0.1218,0.1134,2,True,-6.8966,0.3429,.60-.70,
LRC/USDT,2025-03-02,LONG,0.5824,0.1324,0.1134,1,True,-14.3505,1.7782,.55-.60,1.5-2x
LRC/USDT,2025-03-05,LONG,0.6006,0.1146,0.1125,1,True,-1.8325,0.4874,.60-.70,
LRC/USDT,2025-03-11,LONG,0.641,0.1054,0.1035,2,True,-1.8027,0.804,.60-.70,
LRC/USDT,2025-03-14,LONG,0.6113,0.1048,0.1074,1,True,2.4809,0.2459,.60-.70,
LRC/USDT,2025-03-20,LONG,0.5871,0.106,0.1062,2,True,0.1887,0.7895,.55-.60,
LRC/USDT,2025-03-23,LONG,0.5919,0.1054,0.1029,5,False,-2.3719,0.2666,.55-.60,
LRC/USDT,2025-03-24,LONG,0.6202,0.111,0.0981,5,False,-11.6216,1.7299,.60-.70,1.5-2x
LRC/USDT,2025-03-26,LONG,0.5551,0.1105,0.0978,4,True,-11.4932,0.7799,.55-.60,
LRC/USDT,2025-03-27,LONG,0.7018,0.1095,0.0978,3,True,-10.6849,0.2969,.70-.80,
LRC/USDT,2025-03-28,LONG,0.6187,0.1029,0.0978,2,True,-4.9563,1.8376,.60-.70,1.5-2x
LRC/USDT,2025-04-02,LONG,0.5526,0.093,0.0972,2,True,4.5161,1.914,.55-.60,1.5-2x
LRC/USDT,2025-04-03,LONG,0.5997,0.0956,0.0972,1,True,1.6736,0.8285,.55-.60,
LRC/USDT,2025-04-05,LONG,0.6023,0.0953,0.0831,1,True,-12.8017,0.602,.60-.70,
COMP/USDT,2024-08-27,LONG,0.7893,45.47,46.41,3,True,2.0673,1.22,.70-.80,1-1.5x
COMP/USDT,2024-08-28,LONG,0.622,45.15,46.41,2,True,2.7907,0.1817,.60-.70,
COMP/USDT,2024-08-29,LONG,0.8593,44.85,46.41,1,True,3.4783,0.1713,>.80,
COMP/USDT,2024-08-31,LONG,0.5892,45.25,42.63,1,True,-5.7901,0.6258,.55-.60,
COMP/USDT,2024-09-04,LONG,0.6537,44.51,41.97,1,True,-5.7066,0.874,.60-.70,
COMP/USDT,2024-09-09,LONG,0.5925,42.5,43.05,1,True,1.2941,0.6441,.55-.60,
COMP/USDT,2024-09-11,LONG,0.7566,41.64,44.73,3,True,7.4207,0.841,.70-.80,
COMP/USDT,2024-09-15,LONG,0.7129,42.85,45.09,5,False,5.2275,1.1219,.70-.80,1-1.5x
COMP/USDT,2024-09-16,LONG,0.6084,42.59,46.8,5,False,9.8849,0.1703,.60-.70,
COMP/USDT,2024-09-17,LONG,0.7073,42.54,46.8,4,True,10.0141,0.033,.70-.80,
COMP/USDT,2024-09-18,LONG,0.7474,43.9,46.8,3,True,6.6059,0.8782,.70-.80,
COMP/USDT,2024-09-19,LONG,0.6792,44.16,46.8,2,True,5.9783,0.1669,.60-.70,
COMP/USDT,2024-09-20,LONG,0.6291,45.09,46.8,1,True,3.7924,0.5947,.60-.70,
COMP/USDT,2024-10-04,LONG,0.5825,44.37,44.35,2,True,-0.0451,1.2709,.55-.60,1-1.5x
COMP/USDT,2024-10-07,LONG,0.5986,44.18,43.43,3,True,-1.6976,0.1394,.55-.60,
COMP/USDT,2024-10-15,LONG,0.6077,45.07,45.16,1,True,0.1997,0.4723,.60-.70,
COMP/USDT,2024-10-18,LONG,0.6318,45.57,45.35,3,True,-0.4828,0.8691,.60-.70,
COMP/USDT,2024-10-20,LONG,0.6415,47.21,45.35,1,True,-3.9398,1.0797,.60-.70,1-1.5x
COMP/USDT,2024-10-23,LONG,0.6686,43.99,43.99,1,True,0.0,0.9477,.60-.70,
COMP/USDT,2024-10-26,LONG,0.7099,42.05,43.19,5,False,2.7111,0.905,.70-.80,
COMP/USDT,2024-10-28,LONG,0.6648,43.79,41.33,5,False,-5.6177,1.0409,.60-.70,1-1.5x
COMP/USDT,2024-10-29,LONG,0.6118,44.64,40.56,5,False,-9.1398,0.8023,.60-.70,
COMP/USDT,2024-10-30,LONG,0.6557,44.62,40.93,5,False,-8.2698,0.0185,.60-.70,
COMP/USDT,2024-10-31,LONG,0.7536,43.19,41.03,5,False,-5.0012,1.2741,.70-.80,1-1.5x
COMP/USDT,2024-11-01,LONG,0.6445,42.37,41.03,4,True,-3.1626,0.7642,.60-.70,
COMP/USDT,2024-11-02,LONG,0.6033,41.33,41.03,3,True,-0.7259,0.9759,.60-.70,
COMP/USDT,2024-11-03,LONG,0.607,40.56,41.03,2,True,1.1588,0.774,.60-.70,
COMP/USDT,2024-11-04,LONG,0.7647,40.93,41.03,1,True,0.2443,0.3763,.70-.80,
COMP/USDT,2024-11-07,LONG,0.646,46.6,47.8,2,True,2.5751,1.4198,.60-.70,1-1.5x
COMP/USDT,2024-11-08,LONG,0.7675,46.57,47.8,1,True,2.6412,0.0197,.70-.80,
COMP/USDT,2024-11-12,LONG,0.6404,50.72,51.52,5,False,1.5773,1.4446,.60-.70,1-1.5x
COMP/USDT,2024-11-13,LONG,0.9058,48.02,56.26,5,False,17.1595,1.3135,>.80,1-1.5x
COMP/USDT,2024-11-14,LONG,0.9277,45.87,56.26,4,True,22.651,1.147,>.80,1-1.5x
COMP/USDT,2024-11-15,LONG,0.924,48.43,56.26,3,True,16.1677,1.3786,>.80,1-1.5x
COMP/USDT,2024-11-16,LONG,0.9513,52.35,56.26,2,True,7.469,1.8543,>.80,1.5-2x
COMP/USDT,2024-11-17,LONG,0.7703,51.52,56.26,1,True,9.2003,0.361,.70-.80,
COMP/USDT,2024-11-20,LONG,0.6146,52.91,67.14,4,True,26.8947,0.2868,.60-.70,
COMP/USDT,2024-11-22,LONG,0.9508,64.65,67.14,2,True,3.8515,3.1736,>.80,3-5x
COMP/USDT,2024-11-23,LONG,0.8932,63.91,67.14,1,True,5.054,0.183,>.80,
COMP/USDT,2024-11-25,LONG,0.7657,67.45,66.32,1,True,-1.6753,0.0737,.70-.80,
COMP/USDT,2024-11-27,LONG,0.6996,73.6,72.29,4,True,-1.7799,1.6976,.60-.70,1.5-2x
COMP/USDT,2024-11-28,LONG,0.8851,72.77,72.29,3,True,-0.6596,0.1737,>.80,
COMP/USDT,2024-12-07,LONG,0.9849,119.51,118.7,1,True,-0.6778,0.1316,>.80,
COMP/USDT,2024-12-09,LONG,0.827,97.8,106.39,5,False,8.7832,1.5869,>.80,1.5-2x
COMP/USDT,2024-12-10,LONG,0.7191,95.58,109.51,5,False,14.5742,0.2042,.70-.80,
COMP/USDT,2024-12-11,LONG,0.5874,103.52,109.51,4,True,5.7863,0.7443,.55-.60,
COMP/USDT,2024-12-12,LONG,0.9525,112.46,109.51,3,True,-2.6232,0.8166,>.80,
COMP/USDT,2024-12-13,LONG,0.7842,110.7,109.51,2,True,-1.075,0.1479,.70-.80,
COMP/USDT,2024-12-14,LONG,0.8267,106.39,109.51,1,True,2.9326,0.3641,>.80,
COMP/USDT,2024-12-17,LONG,0.6152,100.21,80.29,2,True,-19.8783,0.4656,.60-.70,
COMP/USDT,2024-12-20,LONG,0.659,85.08,79.75,2,True,-6.2647,0.5243,.60-.70,
COMP/USDT,2024-12-21,LONG,0.6454,81.02,79.75,1,True,-1.5675,0.4163,.60-.70,
COMP/USDT,2024-12-24,LONG,0.6404,87.3,86.66,1,True,-0.7331,0.4118,.60-.70,
COMP/USDT,2024-12-29,LONG,0.5925,77.38,73.43,2,True,-5.1047,0.8228,.55-.60,
COMP/USDT,2025-01-02,LONG,0.5546,78.5,85.0,2,True,8.2803,0.1346,.55-.60,
COMP/USDT,2025-01-03,LONG,0.607,85.33,85.0,1,True,-0.3867,1.5544,.60-.70,1.5-2x
COMP/USDT,2025-01-05,LONG,0.5514,85.1,77.08,5,False,-9.4242,0.0214,.55-.60,
COMP/USDT,2025-01-06,LONG,0.5802,85.21,77.08,4,True,-9.5411,0.0239,.55-.60,
COMP/USDT,2025-01-12,LONG,0.5854,77.16,72.96,1,True,-5.4432,0.6298,.55-.60,
COMP/USDT,2025-01-16,LONG,0.5895,80.37,84.17,2,True,4.7281,0.6556,.55-.60,
COMP/USDT,2025-01-17,LONG,0.5886,89.6,84.17,1,True,-6.0603,1.9573,.55-.60,1.5-2x
COMP/USDT,2025-01-30,LONG,0.5589,70.45,64.17,2,True,-8.9141,0.4536,.55-.60,
COMP/USDT,2025-02-03,LONG,0.6724,57.38,48.54,3,True,-15.4061,0.529,.60-.70,
COMP/USDT,2025-02-05,LONG,0.6136,49.9,48.54,1,True,-2.7255,1.2353,.60-.70,1-1.5x
COMP/USDT,2025-02-07,LONG,0.6391,51.2,51.15,2,True,-0.0977,1.2252,.60-.70,1-1.5x
COMP/USDT,2025-02-13,LONG,0.5636,56.07,58.51,1,True,4.3517,0.745,.55-.60,
COMP/USDT,2025-02-16,LONG,0.6038,54.99,52.96,5,False,-3.6916,0.5421,.60-.70,
COMP/USDT,2025-02-17,LONG,0.5733,55.64,56.28,5,False,1.1503,0.2318,.55-.60,
COMP/USDT,2025-02-18,LONG,0.5833,53.0,55.36,5,False,4.4528,0.9275,.55-.60,
COMP/USDT,2025-02-28,LONG,0.7039,50.94,50.29,1,True,-1.276,0.5459,.70-.80,
COMP/USDT,2025-03-02,LONG,0.5866,54.2,51.52,3,True,-4.9446,1.8871,.55-.60,1.5-2x
COMP/USDT,2025-03-03,LONG,0.6369,46.85,51.52,2,True,9.968,2.6756,.60-.70,2-3x
COMP/USDT,2025-03-04,LONG,0.6769,49.45,51.52,1,True,4.186,1.0763,.60-.70,1-1.5x
COMP/USDT,2025-03-06,LONG,0.6366,48.88,50.63,1,True,3.5802,0.9853,.60-.70,
COMP/USDT,2025-03-15,LONG,0.7702,42.16,44.13,4,True,4.6727,0.2902,.70-.80,
COMP/USDT,2025-03-17,LONG,0.7721,43.33,44.13,2,True,1.8463,0.647,.70-.80,
COMP/USDT,2025-03-18,LONG,0.874,43.28,44.13,1,True,1.964,0.0213,>.80,
COMP/USDT,2025-03-20,LONG,0.6125,42.92,41.62,1,True,-3.0289,0.5052,.60-.70,
COMP/USDT,2025-03-23,LONG,0.6458,42.67,41.01,5,False,-3.8903,0.3138,.60-.70,
COMP/USDT,2025-03-24,LONG,0.6987,44.66,41.01,4,True,-8.1729,1.1068,.60-.70,1-1.5x
COMP/USDT,2025-03-25,LONG,0.6411,44.55,41.01,3,True,-7.9461,0.0605,.60-.70,
COMP/USDT,2025-03-26,LONG,0.5898,44.41,41.01,2,True,-7.6559,0.0799,.55-.60,
COMP/USDT,2025-03-27,LONG,0.6817,44.56,41.01,1,True,-7.9668,0.0883,.60-.70,
COMP/USDT,2025-03-29,LONG,0.5912,38.72,39.56,2,True,2.1694,1.596,.55-.60,1.5-2x
COMP/USDT,2025-04-04,LONG,0.9978,44.46,39.6,2,True,-10.9312,1.1007,>.80,1-1.5x
COMP/USDT,2025-04-05,LONG,0.929,44.62,39.6,1,True,-11.2506,0.0838,>.80,
YFI/USDT,2024-08-28,LONG,0.6615,5301.0,5117.0,5,False,-3.471,1.524,.60-.70,1.5-2x
YFI/USDT,2024-08-29,LONG,0.5639,5156.0,5117.0,4,True,-0.7564,1.0218,.55-.60,1-1.5x
YFI/USDT,2024-08-30,LONG,0.6506,5200.0,5117.0,3,True,-1.5962,0.3181,.60-.70,
YFI/USDT,2024-08-31,LONG,0.6871,5201.0,5117.0,2,True,-1.6151,0.0077,.60-.70,
YFI/USDT,2024-09-04,LONG,0.561,4953.0,5002.0,5,False,0.9893,0.6148,.55-.60,
YFI/USDT,2024-09-07,LONG,0.6662,4809.0,4866.0,4,True,1.1853,0.4241,.60-.70,
YFI/USDT,2024-09-08,LONG,0.5616,4896.0,4866.0,3,True,-0.6127,0.6348,.55-.60,
YFI/USDT,2024-09-09,LONG,0.5713,5002.0,4866.0,2,True,-2.7189,0.7486,.55-.60,
YFI/USDT,2024-09-12,LONG,0.5705,4879.0,4895.0,1,True,0.3279,0.1039,.55-.60,
YFI/USDT,2024-09-15,LONG,0.5605,4883.0,4920.0,3,True,0.7577,0.3514,.55-.60,
YFI/USDT,2024-09-16,LONG,0.5895,4815.0,4920.0,2,True,2.1807,0.6261,.55-.60,
YFI/USDT,2024-09-17,LONG,0.622,4898.0,4920.0,1,True,0.4492,0.8418,.60-.70,
YFI/USDT,2024-09-21,LONG,0.5775,5078.0,5056.0,2,True,-0.4332,0.6943,.55-.60,
YFI/USDT,2024-09-22,LONG,0.712,4984.0,5056.0,1,True,1.4446,1.0233,.70-.80,1-1.5x
YFI/USDT,2024-09-25,LONG,0.5939,5117.0,5349.0,5,False,4.5339,0.0141,.55-.60,
YFI/USDT,2024-09-26,LONG,0.569,5309.0,5349.0,4,True,0.7534,2.6203,.55-.60,2-3x
YFI/USDT,2024-10-03,LONG,0.6285,4872.0,5058.0,4,True,3.8177,0.3106,.60-.70,
YFI/USDT,2024-10-04,LONG,0.6136,5007.0,5058.0,3,True,1.0186,1.0801,.60-.70,1-1.5x
YFI/USDT,2024-10-05,LONG,0.6245,4975.0,5058.0,2,True,1.6683,0.2494,.60-.70,
YFI/USDT,2024-10-14,LONG,0.5533,5041.0,5054.0,5,False,0.2579,1.106,.55-.60,1-1.5x
YFI/USDT,2024-10-15,LONG,0.6044,5049.0,5054.0,4,True,0.099,0.0605,.60-.70,
YFI/USDT,2024-10-17,LONG,0.6909,4940.0,5054.0,2,True,2.3077,0.5184,.60-.70,
YFI/USDT,2024-10-18,LONG,0.6091,5007.0,5054.0,1,True,0.9387,0.5531,.60-.70,
YFI/USDT,2024-10-21,LONG,0.6076,5110.0,5131.0,1,True,0.411,1.09,.60-.70,1-1.5x
YFI/USDT,2024-11-02,LONG,0.6338,4637.0,4585.0,1,True,-1.1214,0.5327,.60-.70,
YFI/USDT,2024-11-06,LONG,0.848,5149.0,6977.0,4,True,35.502,3.1377,>.80,3-5x
YFI/USDT,2024-11-07,LONG,0.6591,5126.0,6977.0,3,True,36.11,0.113,.60-.70,
YFI/USDT,2024-11-08,LONG,0.7162,5224.0,6977.0,2,True,33.5567,0.4816,.70-.80,
YFI/USDT,2024-11-09,LONG,0.7924,5411.0,6977.0,1,True,28.941,0.8959,.70-.80,
YFI/USDT,2024-11-11,LONG,0.8751,6852.0,6103.0,3,True,-10.9311,0.2371,>.80,
YFI/USDT,2024-11-12,LONG,0.8481,6384.0,6103.0,2,True,-4.4016,0.8887,>.80,
YFI/USDT,2024-11-13,LONG,0.9988,6320.0,6103.0,1,True,-3.4335,0.1301,>.80,
YFI/USDT,2024-11-17,LONG,0.6033,6123.0,6330.0,2,True,3.3807,0.7125,.60-.70,
YFI/USDT,2024-11-18,LONG,0.718,6422.0,6330.0,1,True,-1.4326,0.6312,.70-.80,
YFI/USDT,2024-11-22,LONG,0.7097,6564.0,7192.0,3,True,9.5673,0.0888,.70-.80,
YFI/USDT,2024-11-23,LONG,0.6599,7290.0,7192.0,2,True,-1.3443,1.3837,.60-.70,1-1.5x
YFI/USDT,2024-11-26,LONG,0.8324,7174.0,7370.0,2,True,2.7321,0.0325,>.80,
YFI/USDT,2024-12-01,LONG,0.5913,7998.0,13969.0,5,False,74.6562,0.1385,.55-.60,
YFI/USDT,2024-12-04,LONG,0.7287,10175.0,10486.0,5,False,3.0565,2.1414,.70-.80,2-3x
YFI/USDT,2024-12-05,LONG,0.8842,11787.0,11012.0,5,False,-6.575,2.8466,>.80,2-3x
YFI/USDT,2024-12-06,LONG,0.8221,13969.0,11012.0,4,True,-21.1683,2.8405,>.80,2-3x
YFI/USDT,2024-12-07,LONG,0.9529,13746.0,11012.0,3,True,-19.8894,0.2548,>.80,
YFI/USDT,2024-12-08,LONG,0.9898,13003.0,11012.0,2,True,-15.3119,0.8155,>.80,
YFI/USDT,2024-12-09,LONG,0.9838,10486.0,11012.0,1,True,5.0162,2.3163,>.80,2-3x
YFI/USDT,2024-12-13,LONG,0.8836,11439.0,9222.0,5,False,-19.3811,0.0022,>.80,
YFI/USDT,2024-12-14,LONG,0.8208,10727.0,9222.0,4,True,-14.03,0.7561,>.80,
YFI/USDT,2024-12-15,LONG,0.5746,11005.0,9222.0,3,True,-16.2017,0.3185,.55-.60,
YFI/USDT,2024-12-17,LONG,0.6366,10042.0,9222.0,1,True,-8.1657,0.7922,.60-.70,
YFI/USDT,2024-12-20,LONG,0.6174,9110.0,9030.0,3,True,-0.8782,0.8356,.60-.70,
YFI/USDT,2024-12-21,LONG,0.5919,8542.0,9030.0,2,True,5.7129,0.6847,.55-.60,
YFI/USDT,2024-12-22,LONG,0.6334,8572.0,9030.0,1,True,5.343,0.039,.60-.70,
YFI/USDT,2024-12-24,LONG,0.5793,9335.0,9217.0,1,True,-1.2641,0.392,.55-.60,
YFI/USDT,2024-12-28,LONG,0.5642,8780.0,8011.0,3,True,-8.7585,0.457,.55-.60,
YFI/USDT,2025-01-03,LONG,0.5569,8927.0,8160.0,5,False,-8.5919,1.3183,.55-.60,1-1.5x
YFI/USDT,2025-01-13,LONG,0.551,7798.0,8184.0,5,False,4.95,0.3515,.55-.60,
YFI/USDT,2025-01-27,LONG,0.5675,7319.0,6595.0,5,False,-9.8921,0.5609,.55-.60,
YFI/USDT,2025-02-03,LONG,0.632,6368.0,5908.0,2,True,-7.2236,1.3241,.60-.70,1-1.5x
YFI/USDT,2025-02-06,LONG,0.7812,5804.0,5715.0,3,True,-1.5334,0.4194,.70-.80,
YFI/USDT,2025-02-19,LONG,0.6077,5900.0,6016.0,4,True,1.9661,0.7304,.60-.70,
YFI/USDT,2025-02-22,LONG,0.727,6117.0,6016.0,1,True,-1.6511,1.6391,.70-.80,1.5-2x
YFI/USDT,2025-02-28,LONG,0.7385,5578.0,5491.0,1,True,-1.5597,0.8676,.70-.80,
YFI/USDT,2025-03-03,LONG,0.6658,5356.0,5518.0,2,True,3.0246,2.3809,.60-.70,2-3x
YFI/USDT,2025-03-04,LONG,0.5754,5383.0,5518.0,1,True,2.5079,0.1108,.55-.60,
YFI/USDT,2025-03-07,LONG,0.7608,5362.0,4857.0,3,True,-9.4181,0.1339,.70-.80,
YFI/USDT,2025-03-14,LONG,0.8267,5042.0,4926.0,2,True,-2.3007,0.3596,>.80,
YFI/USDT,2025-03-15,LONG,0.6844,5191.0,4926.0,1,True,-5.105,0.6252,.60-.70,
YFI/USDT,2025-03-17,LONG,0.6172,5125.0,5112.0,1,True,-0.2537,0.8873,.60-.70,
YFI/USDT,2025-03-19,LONG,0.8392,5401.0,5111.0,2,True,-5.3694,1.2142,>.80,1-1.5x
YFI/USDT,2025-03-20,LONG,0.5703,5171.0,5111.0,1,True,-1.1603,0.9041,.55-.60,
YFI/USDT,2025-03-23,LONG,0.6362,5153.0,5414.0,2,True,5.065,0.1955,.60-.70,
YFI/USDT,2025-03-24,LONG,0.6777,5419.0,5414.0,1,True,-0.0923,1.4901,.60-.70,1-1.5x
YFI/USDT,2025-03-26,LONG,0.6521,5337.0,5010.0,2,True,-6.127,0.419,.60-.70,
YFI/USDT,2025-03-27,LONG,0.7352,5328.0,5010.0,1,True,-5.9685,0.0497,.70-.80,
YFI/USDT,2025-03-30,LONG,0.7197,4821.0,4787.0,1,True,-0.7052,0.7618,.70-.80,
YFI/USDT,2025-04-02,LONG,0.7818,4673.0,4759.0,1,True,1.8404,1.1804,.70-.80,1-1.5x
YFI/USDT,2025-04-04,LONG,0.7574,4809.0,4499.0,2,True,-6.4462,0.3002,.70-.80,
YFI/USDT,2025-04-05,LONG,0.8379,4826.0,4499.0,1,True,-6.7758,0.1066,>.80,
SNX/USDT,2024-09-04,LONG,0.5706,1.365,1.267,3,True,-7.1795,1.3346,.55-.60,1-1.5x
SNX/USDT,2024-09-08,LONG,0.6478,1.289,1.407,2,True,9.1544,0.3537,.60-.70,
SNX/USDT,2024-09-09,LONG,0.6365,1.349,1.407,1,True,4.2995,0.9256,.60-.70,
SNX/USDT,2024-09-11,LONG,0.7505,1.37,1.442,3,True,5.2555,0.5726,.70-.80,
SNX/USDT,2024-09-12,LONG,0.5932,1.388,1.442,2,True,3.8905,0.3214,.55-.60,
SNX/USDT,2024-09-15,LONG,0.5858,1.37,1.419,2,True,3.5766,1.1766,.55-.60,1-1.5x
SNX/USDT,2024-09-16,LONG,0.5961,1.33,1.419,1,True,6.6917,0.7442,.55-.60,
SNX/USDT,2024-09-18,LONG,0.7084,1.449,1.491,1,True,2.8986,0.5028,.70-.80,
SNX/USDT,2024-09-20,LONG,0.553,1.583,1.531,2,True,-3.2849,1.4166,.55-.60,1-1.5x
SNX/USDT,2024-09-21,LONG,0.6409,1.621,1.531,1,True,-5.5521,0.5881,.60-.70,
SNX/USDT,2024-09-29,LONG,0.6111,1.678,1.584,1,True,-5.6019,0.3213,.60-.70,
SNX/USDT,2024-10-02,LONG,0.5708,1.344,1.338,1,True,-0.4464,1.0453,.55-.60,1-1.5x
SNX/USDT,2024-10-06,LONG,0.5699,1.432,1.46,1,True,1.9553,0.6896,.55-.60,
SNX/USDT,2024-10-17,LONG,0.7051,1.44,1.45,1,True,0.6944,0.5285,.70-.80,
SNX/USDT,2024-10-21,LONG,0.8201,1.525,1.513,3,True,-0.7869,1.4866,>.80,1-1.5x
SNX/USDT,2024-10-22,LONG,0.5849,1.532,1.513,2,True,-1.2402,0.1153,.55-.60,
SNX/USDT,2024-10-23,LONG,0.8855,1.458,1.513,1,True,3.7723,1.1598,>.80,1-1.5x
SNX/USDT,2024-10-25,LONG,0.834,1.404,1.401,1,True,-0.2137,1.6036,>.80,1.5-2x
SNX/USDT,2024-10-27,LONG,0.7643,1.415,1.396,1,True,-1.3428,0.226,.70-.80,
SNX/USDT,2024-10-29,LONG,0.7259,1.5,1.389,2,True,-7.4,1.6186,.70-.80,1.5-2x
SNX/USDT,2024-10-30,LONG,0.5828,1.483,1.389,1,True,-6.3385,0.249,.55-.60,
SNX/USDT,2024-11-01,LONG,0.8841,1.386,1.285,2,True,-7.2872,0.0456,>.80,
SNX/USDT,2024-11-02,LONG,0.6531,1.353,1.285,1,True,-5.0259,0.5016,.60-.70,
SNX/USDT,2024-11-04,LONG,0.6787,1.251,1.613,5,False,28.9369,0.5816,.60-.70,
SNX/USDT,2024-11-05,LONG,0.5962,1.298,1.642,5,False,26.5023,0.8078,.55-.60,
SNX/USDT,2024-11-06,LONG,0.8567,1.484,1.724,5,False,16.1725,2.5175,>.80,2-3x
SNX/USDT,2024-11-07,LONG,0.8004,1.497,1.606,5,False,7.2812,0.1539,>.80,
SNX/USDT,2024-11-09,LONG,0.9012,1.613,1.491,5,False,-7.5635,0.5122,>.80,
SNX/USDT,2024-11-10,LONG,0.6077,1.642,1.549,5,False,-5.6638,0.3585,.60-.70,
SNX/USDT,2024-11-12,LONG,0.8681,1.606,1.549,3,True,-3.5492,1.3043,>.80,1-1.5x
SNX/USDT,2024-11-13,LONG,0.967,1.524,1.549,2,True,1.6404,0.956,>.80,
SNX/USDT,2024-11-14,LONG,0.9198,1.491,1.549,1,True,3.89,0.4256,>.80,
SNX/USDT,2024-11-18,LONG,0.6677,1.814,1.843,3,True,1.5987,2.0142,.60-.70,2-3x
SNX/USDT,2024-11-19,LONG,0.9663,1.766,1.843,2,True,4.3601,0.4396,>.80,
SNX/USDT,2024-11-20,LONG,0.611,1.658,1.843,1,True,11.158,1.0184,.60-.70,1-1.5x
SNX/USDT,2024-11-22,LONG,0.9152,1.902,2.134,2,True,12.1977,0.5048,>.80,
SNX/USDT,2024-11-23,LONG,0.8541,2.102,2.134,1,True,1.5224,1.6431,>.80,1.5-2x
SNX/USDT,2024-11-25,LONG,0.6947,2.227,2.377,4,True,6.7355,0.6929,.60-.70,
SNX/USDT,2024-11-26,LONG,0.971,2.215,2.377,3,True,7.3138,0.0942,>.80,
SNX/USDT,2024-11-27,LONG,0.5948,2.417,2.377,2,True,-1.6549,1.541,.55-.60,1.5-2x
SNX/USDT,2024-11-28,LONG,0.8605,2.381,2.377,1,True,-0.168,0.25,>.80,
SNX/USDT,2024-12-04,LONG,0.7758,3.029,2.931,1,True,-3.2354,0.4376,.70-.80,
SNX/USDT,2024-12-08,LONG,0.9453,3.383,2.764,1,True,-18.2974,1.0684,>.80,1-1.5x
SNX/USDT,2024-12-10,LONG,0.5982,2.703,2.924,1,True,8.1761,0.3091,.55-.60,
SNX/USDT,2024-12-13,LONG,0.7243,3.109,2.878,1,True,-7.43,0.2112,.70-.80,
SNX/USDT,2024-12-17,LONG,0.6863,2.668,2.372,1,True,-11.0945,0.9691,.60-.70,
SNX/USDT,2024-12-20,LONG,0.6973,2.2,1.972,1,True,-10.3636,0.3754,.60-.70,
SNX/USDT,2024-12-25,LONG,0.7893,2.206,2.132,3,True,-3.3545,0.1217,.70-.80,
SNX/USDT,2024-12-26,LONG,0.6007,2.03,2.132,2,True,5.0246,1.0847,.60-.70,1-1.5x
SNX/USDT,2024-12-27,LONG,0.7829,2.07,2.132,1,True,2.9952,0.2659,.70-.80,
SNX/USDT,2025-01-02,LONG,0.6847,2.073,2.186,3,True,5.451,0.5029,.60-.70,
SNX/USDT,2025-01-03,LONG,0.6373,2.195,2.186,2,True,-0.41,1.0124,.60-.70,1-1.5x
SNX/USDT,2025-01-06,LONG,0.5778,2.205,1.929,1,True,-12.517,0.1559,.55-.60,
SNX/USDT,2025-01-13,LONG,0.681,1.687,1.812,5,False,7.4096,1.2316,.60-.70,1-1.5x
SNX/USDT,2025-01-16,LONG,0.616,1.851,1.812,2,True,-2.107,0.7008,.60-.70,
SNX/USDT,2025-01-20,LONG,0.582,1.622,1.612,3,True,-0.6165,0.0216,.55-.60,
SNX/USDT,2025-01-21,LONG,0.7054,1.727,1.612,2,True,-6.6589,1.1138,.70-.80,1-1.5x
SNX/USDT,2025-01-22,LONG,0.6616,1.648,1.612,1,True,-2.1845,0.7865,.60-.70,
SNX/USDT,2025-01-24,LONG,0.714,1.573,1.549,2,True,-1.5257,0.4342,.70-.80,
SNX/USDT,2025-01-28,LONG,0.5896,1.422,1.447,4,True,1.7581,0.8751,.55-.60,
SNX/USDT,2025-01-30,LONG,0.6235,1.57,1.447,2,True,-7.8344,0.8065,.60-.70,
SNX/USDT,2025-01-31,LONG,0.6073,1.606,1.447,1,True,-9.9004,0.4319,.60-.70,
SNX/USDT,2025-02-03,LONG,0.7928,1.262,1.099,1,True,-12.916,0.0131,.70-.80,
SNX/USDT,2025-02-06,LONG,0.9838,0.972,0.969,1,True,-0.3086,1.3383,>.80,1-1.5x
SNX/USDT,2025-02-11,LONG,0.7771,0.963,1.038,1,True,7.7882,1.0227,.70-.80,1-1.5x
SNX/USDT,2025-02-13,LONG,0.6966,1.041,1.013,4,True,-2.6897,0.0493,.60-.70,
SNX/USDT,2025-02-15,LONG,0.8184,0.988,1.013,2,True,2.5304,0.7265,>.80,
SNX/USDT,2025-02-16,LONG,0.6692,0.981,1.013,1,True,3.262,0.121,.60-.70,
SNX/USDT,2025-02-19,LONG,0.6154,0.9546,0.9991,1,True,4.6616,0.2139,.60-.70,
SNX/USDT,2025-02-26,LONG,0.5827,0.8739,0.9028,1,True,3.307,0.5721,.55-.60,
SNX/USDT,2025-03-01,LONG,0.6571,0.8899,1.0083,1,True,13.3049,0.4678,.60-.70,
SNX/USDT,2025-03-05,LONG,0.6195,0.9368,0.8894,1,True,-5.0598,0.0241,.60-.70,
SNX/USDT,2025-03-07,LONG,0.7764,0.9158,0.8856,1,True,-3.2977,0.5069,.70-.80,
SNX/USDT,2025-03-11,LONG,0.8154,0.8032,0.8249,1,True,2.7017,0.4814,>.80,
SNX/USDT,2025-03-14,LONG,0.7529,0.826,0.8576,1,True,3.8257,0.4915,.70-.80,
SNX/USDT,2025-03-17,LONG,0.5527,0.8702,0.8653,5,False,-0.5631,1.3258,.55-.60,1-1.5x
SNX/USDT,2025-03-19,LONG,0.578,0.8905,0.8653,3,True,-2.8299,0.967,.55-.60,
SNX/USDT,2025-03-20,LONG,0.5926,0.8725,0.8653,2,True,-0.8252,0.3514,.55-.60,
SNX/USDT,2025-03-21,LONG,0.6065,0.8467,0.8653,1,True,2.1968,0.5126,.60-.70,
SNX/USDT,2025-03-23,LONG,0.6881,0.89,0.8296,5,False,-6.7865,0.6686,.60-.70,
SNX/USDT,2025-03-24,LONG,0.635,0.923,0.775,5,False,-16.0347,0.8745,.60-.70,
SNX/USDT,2025-03-26,LONG,0.7271,0.9056,0.775,3,True,-14.4214,0.6439,.70-.80,
SNX/USDT,2025-03-27,LONG,0.7504,0.9049,0.775,2,True,-14.3552,0.019,.70-.80,
SNX/USDT,2025-03-28,LONG,0.6306,0.8296,0.775,1,True,-6.5815,1.8802,.60-.70,1.5-2x
SNX/USDT,2025-04-01,LONG,0.6385,0.7108,0.6603,3,True,-7.1047,1.5475,.60-.70,1.5-2x
SNX/USDT,2025-04-02,LONG,0.6008,0.6537,0.6603,2,True,1.0096,1.7407,.60-.70,1.5-2x
ZEC/USDT,2026-02-05,LONG,0.6366,205.05,240.53,1,True,17.3031,2.7667,.60-.70,2-3x
ZEC/USDT,2026-02-09,LONG,0.8576,240.31,323.36,5,False,34.5595,0.0414,>.80,
ZEC/USDT,2026-02-10,LONG,0.7646,233.63,297.84,5,False,27.4836,0.3464,.70-.80,
ZEC/USDT,2026-02-12,LONG,0.5556,233.08,296.36,5,False,27.1495,0.3824,.55-.60,
ZEC/USDT,2026-02-13,LONG,0.7577,267.19,265.17,5,False,-0.756,1.6573,.70-.80,1.5-2x
ZEC/USDT,2026-02-14,LONG,0.5881,323.36,262.06,5,False,-18.9572,2.1164,.55-.60,2-3x
ZEC/USDT,2026-02-15,LONG,0.5754,297.84,258.91,5,False,-13.0708,0.8112,.55-.60,
ZEC/USDT,2026-02-16,LONG,0.813,294.29,259.93,5,False,-11.6756,0.1258,>.80,
ZEC/USDT,2026-02-17,LONG,0.8419,296.36,244.59,5,False,-17.4686,0.0751,>.80,
ZEC/USDT,2026-02-18,LONG,0.7922,265.17,237.6,5,False,-10.3971,1.0979,.70-.80,1-1.5x
ZEC/USDT,2026-02-19,LONG,0.7366,262.06,237.6,4,True,-9.3337,0.1226,.70-.80,
ZEC/USDT,2026-02-20,LONG,0.6096,258.91,237.6,3,True,-8.2307,0.1297,.60-.70,
ZEC/USDT,2026-02-21,LONG,0.5595,259.93,237.6,2,True,-8.5908,0.0425,.55-.60,
ZEC/USDT,2026-02-22,LONG,0.5759,244.59,237.6,1,True,-2.8578,0.6329,.55-.60,
ZEC/USDT,2026-02-24,LONG,0.5816,242.79,243.96,1,True,0.4819,0.2418,.55-.60,
ZEC/USDT,2026-03-04,LONG,0.7224,243.53,226.56,1,True,-6.9683,1.3482,.70-.80,1-1.5x
ZEC/USDT,2026-03-06,LONG,0.615,210.01,197.33,1,True,-6.0378,1.4872,.60-.70,1-1.5x
ZEC/USDT,2026-03-08,LONG,0.6475,197.93,214.49,1,True,8.3666,0.0629,.60-.70,
ZEC/USDT,2026-03-13,LONG,0.7616,208.18,213.13,1,True,2.3778,0.0114,.70-.80,
ZEC/USDT,2026-03-17,LONG,0.7059,272.56,217.31,5,False,-20.2708,0.2125,.70-.80,
ZEC/USDT,2026-03-18,LONG,0.8399,248.8,228.72,5,False,-8.0707,1.1887,>.80,1-1.5x
ZEC/USDT,2026-03-19,LONG,0.8453,234.6,242.05,5,False,3.1756,0.7928,>.80,
ZEC/USDT,2026-03-20,LONG,0.7093,234.46,231.92,5,False,-1.0833,0.0083,.70-.80,
ZEC/USDT,2026-03-21,LONG,0.7251,219.92,222.32,5,False,1.0913,0.848,.70-.80,
ZEC/USDT,2026-03-22,LONG,0.6878,217.31,222.32,4,True,2.3055,0.1639,.60-.70,
ZEC/USDT,2026-03-23,LONG,0.5753,228.72,222.32,3,True,-2.7982,0.717,.55-.60,
ZEC/USDT,2026-04-02,LONG,0.6815,240.79,234.31,1,True,-2.6911,0.6172,.60-.70,
ZEC/USDT,2026-04-05,LONG,0.6204,244.6,251.55,1,True,2.8414,0.5249,.60-.70,
ZEC/USDT,2026-04-07,LONG,0.5816,320.44,362.23,5,False,13.0414,3.5982,.55-.60,3-5x
ZEC/USDT,2026-04-08,LONG,0.6403,323.43,368.22,5,False,13.8484,0.1257,.60-.70,
ZEC/USDT,2026-04-10,LONG,0.6234,375.36,368.22,3,True,-1.9022,0.3005,.60-.70,
ZEC/USDT,2026-04-11,LONG,0.8081,371.11,368.22,2,True,-0.7787,0.1496,>.80,
ZEC/USDT,2026-04-12,LONG,0.7561,362.23,368.22,1,True,1.6536,0.3132,.70-.80,
ZEC/USDT,2026-04-16,LONG,0.709,340.25,322.94,2,True,-5.0874,0.2157,.70-.80,
ZEC/USDT,2026-04-20,LONG,0.6966,312.27,342.63,3,True,9.7224,0.4631,.60-.70,
ZEC/USDT,2026-04-21,LONG,0.5937,316.69,342.63,2,True,8.191,0.1866,.55-.60,
ZEC/USDT,2026-04-22,LONG,0.5738,316.5,342.63,1,True,8.2559,0.008,.55-.60,
ZEC/USDT,2026-04-29,LONG,0.6245,327.65,422.59,5,False,28.976,0.7258,.60-.70,
ZEC/USDT,2026-05-01,LONG,0.6762,385.06,554.29,5,False,43.949,2.2033,.60-.70,2-3x
ZEC/USDT,2026-05-02,LONG,0.5932,387.58,574.62,5,False,48.2584,0.1486,.55-.60,
ZEC/USDT,2026-05-03,LONG,0.5805,413.33,613.39,5,False,48.402,1.4402,.55-.60,1-1.5x
ZEC/USDT,2026-05-04,LONG,0.693,422.59,594.64,5,False,40.7132,0.4981,.60-.70,
ZEC/USDT,2026-05-07,LONG,0.5671,574.62,571.27,5,False,-0.583,0.5771,.55-.60,
ZEC/USDT,2026-05-08,LONG,0.6452,613.39,571.27,4,True,-6.8668,1.071,.60-.70,1-1.5x
ZEC/USDT,2026-05-09,LONG,0.824,594.64,571.27,3,True,-3.9301,0.5054,>.80,
ZEC/USDT,2026-05-10,LONG,0.8021,592.79,571.27,2,True,-3.6303,0.0509,>.80,
ZEC/USDT,2026-05-11,LONG,0.7148,557.01,571.27,1,True,2.5601,0.9346,.70-.80,
ZEC/USDT,2026-05-13,LONG,0.7787,524.43,515.21,2,True,-1.7581,1.2097,.70-.80,1-1.5x
ZEC/USDT,2026-05-14,LONG,0.8674,560.26,515.21,1,True,-8.0409,1.0002,>.80,1-1.5x
ZEC/USDT,2026-05-17,LONG,0.7673,536.04,583.08,5,False,8.7755,0.6708,.70-.80,
ZEC/USDT,2026-05-18,LONG,0.8946,563.55,583.08,4,True,3.4655,0.7334,>.80,
ZEC/USDT,2026-05-19,LONG,0.6505,573.98,583.08,3,True,1.5854,0.2687,.60-.70,
ZEC/USDT,2026-05-20,LONG,0.7327,674.06,583.08,2,True,-13.4973,2.3051,.70-.80,2-3x
ZEC/USDT,2026-05-21,LONG,0.9261,664.61,583.08,1,True,-12.2673,0.1871,>.80,
ZEC/USDT,2026-05-23,LONG,0.8088,630.62,652.4,2,True,3.4537,0.9851,>.80,
ZEC/USDT,2026-05-24,LONG,0.8803,662.88,652.4,1,True,-1.581,0.6165,>.80,
ZEC/USDT,2026-05-26,LONG,0.7166,568.61,529.68,3,True,-6.8465,1.7218,.70-.80,1.5-2x
ZEC/USDT,2026-05-27,LONG,0.8929,542.48,529.68,2,True,-2.3595,0.613,>.80,
ZEC/USDT,2026-05-28,LONG,0.7516,547.33,529.68,1,True,-3.2247,0.1219,.70-.80,
ZEC/USDT,2026-05-31,LONG,0.7698,568.84,609.46,2,True,7.1408,1.0375,.70-.80,1-1.5x
ZEC/USDT,2026-06-01,LONG,0.5967,545.06,609.46,1,True,11.8152,0.5602,.55-.60,
ZEC/USDT,2026-06-05,LONG,0.9971,389.27,440.73,2,True,13.2196,1.5395,>.80,1.5-2x
ZEC/USDT,2026-06-06,LONG,0.9072,362.34,440.73,1,True,21.6344,0.6899,>.80,
ZEC/USDT,2026-06-08,LONG,0.998,459.31,420.9,5,False,-8.3625,0.3749,>.80,
ZEC/USDT,2026-06-09,LONG,0.8118,430.13,420.9,4,True,-2.1459,0.6061,>.80,
DASH/USDT,2026-02-06,LONG,0.5933,37.74,33.89,5,False,-10.2014,1.6517,.55-.60,1.5-2x
DASH/USDT,2026-02-08,LONG,0.6979,37.23,37.02,5,False,-0.5641,0.168,.60-.70,
DASH/USDT,2026-02-09,LONG,0.7134,36.42,40.18,5,False,10.324,0.3488,.70-.80,
DASH/USDT,2026-02-11,LONG,0.6764,33.89,40.18,3,True,18.56,0.6074,.60-.70,
DASH/USDT,2026-02-12,LONG,0.6553,34.35,40.18,2,True,16.9723,0.236,.60-.70,
DASH/USDT,2026-02-13,LONG,0.5967,37.02,40.18,1,True,8.5359,1.2548,.55-.60,1-1.5x
DASH/USDT,2026-02-15,LONG,0.6111,37.56,35.22,5,False,-6.23,0.9914,.60-.70,
DASH/USDT,2026-02-16,LONG,0.6244,38.16,33.98,5,False,-10.9539,0.2468,.60-.70,
DASH/USDT,2026-02-17,LONG,0.6701,37.3,33.12,5,False,-11.2064,0.3526,.60-.70,
DASH/USDT,2026-02-18,LONG,0.5834,35.51,31.93,5,False,-10.0817,0.7561,.55-.60,
DASH/USDT,2026-02-20,LONG,0.6119,35.22,31.93,3,True,-9.3413,0.3225,.60-.70,
DASH/USDT,2026-02-22,LONG,0.5534,33.12,31.93,1,True,-3.593,0.4461,.55-.60,
DASH/USDT,2026-02-28,LONG,0.6135,32.87,34.79,2,True,5.8412,0.2267,.60-.70,
DASH/USDT,2026-03-03,LONG,0.5919,34.2,31.8,4,True,-7.0175,0.3624,.55-.60,
DASH/USDT,2026-03-04,LONG,0.5628,35.12,31.8,3,True,-9.4533,0.5715,.55-.60,
DASH/USDT,2026-03-05,LONG,0.5885,34.35,31.8,2,True,-7.4236,0.5004,.55-.60,
DASH/USDT,2026-03-09,LONG,0.5546,32.01,32.69,5,False,2.1243,1.2733,.55-.60,1-1.5x
DASH/USDT,2026-03-10,LONG,0.5701,32.32,33.86,5,False,4.7649,0.2454,.55-.60,
DASH/USDT,2026-03-12,LONG,0.578,32.92,35.17,5,False,6.8348,0.3868,.55-.60,
DASH/USDT,2026-03-16,LONG,0.6311,35.95,32.04,4,True,-10.8762,1.5412,.60-.70,1.5-2x
DASH/USDT,2026-03-17,LONG,0.5728,35.17,32.04,3,True,-8.8996,0.5855,.55-.60,
DASH/USDT,2026-03-18,LONG,0.574,32.59,32.04,2,True,-1.6876,1.8127,.55-.60,1.5-2x
DASH/USDT,2026-03-19,LONG,0.6908,31.35,32.04,1,True,2.201,0.9309,.60-.70,
DASH/USDT,2026-03-21,LONG,0.6249,31.42,32.17,1,True,2.387,0.4742,.60-.70,
DASH/USDT,2026-03-25,LONG,0.7401,33.98,32.32,1,True,-4.8852,0.2748,.70-.80,
DASH/USDT,2026-03-28,LONG,0.6409,31.7,31.76,1,True,0.1893,0.0087,.60-.70,
DASH/USDT,2026-04-04,LONG,0.5945,30.88,32.14,4,True,4.0803,0.9112,.55-.60,
DASH/USDT,2026-04-05,LONG,0.6074,30.42,32.14,3,True,5.6542,0.4465,.60-.70,
DASH/USDT,2026-04-09,LONG,0.657,35.94,46.25,2,True,28.6867,2.473,.60-.70,2-3x
DASH/USDT,2026-04-10,LONG,0.9224,45.83,46.25,1,True,0.9164,3.6095,>.80,3-5x
DASH/USDT,2026-04-12,LONG,0.9031,40.91,38.05,3,True,-6.991,1.4252,>.80,1-1.5x
DASH/USDT,2026-04-13,LONG,0.9672,41.35,38.05,2,True,-7.9807,0.1329,>.80,
DASH/USDT,2026-04-14,LONG,0.9617,38.27,38.05,1,True,-0.5749,0.8963,>.80,
DASH/USDT,2026-04-18,LONG,0.6581,34.52,33.53,1,True,-2.8679,0.7679,.60-.70,
DASH/USDT,2026-04-21,LONG,0.6584,36.64,36.55,2,True,-0.2456,0.8036,.60-.70,
DASH/USDT,2026-04-24,LONG,0.6717,36.63,35.55,3,True,-2.9484,0.0259,.60-.70,
DASH/USDT,2026-04-30,LONG,0.732,35.38,49.09,5,False,38.7507,0.5924,.70-.80,
DASH/USDT,2026-05-01,LONG,0.6186,37.7,49.09,4,True,30.2122,1.4929,.60-.70,1-1.5x
DASH/USDT,2026-05-02,LONG,0.5686,37.08,49.09,3,True,32.3894,0.454,.55-.60,
DASH/USDT,2026-05-04,LONG,0.9073,47.49,49.09,1,True,3.3691,3.6273,>.80,3-5x
DASH/USDT,2026-05-07,LONG,0.9836,52.18,47.63,3,True,-8.7198,0.2528,>.80,
DASH/USDT,2026-05-08,LONG,0.8815,50.35,47.63,2,True,-5.4022,0.6287,>.80,
DASH/USDT,2026-05-09,LONG,0.943,49.13,47.63,1,True,-3.0531,0.4359,>.80,
DASH/USDT,2026-05-18,LONG,0.5963,42.8,48.93,3,True,14.3224,0.7751,.55-.60,
DASH/USDT,2026-05-20,LONG,0.7539,50.74,48.93,1,True,-3.5672,2.7047,.70-.80,2-3x
DASH/USDT,2026-05-26,LONG,0.6412,43.56,40.14,5,False,-7.8512,0.4172,.60-.70,
DASH/USDT,2026-05-27,LONG,0.6009,42.54,40.14,4,True,-5.6417,0.3534,.60-.70,
DASH/USDT,2026-05-29,LONG,0.6985,39.46,40.14,2,True,1.7233,0.2202,.60-.70,
DASH/USDT,2026-06-02,LONG,0.5567,37.83,31.52,3,True,-16.6799,0.6828,.55-.60,
DASH/USDT,2026-06-03,LONG,0.5838,39.18,31.52,2,True,-19.5508,0.5436,.55-.60,
DASH/USDT,2026-06-07,LONG,0.757,36.88,36.8,1,True,-0.2169,1.6729,.70-.80,1.5-2x
QTUM/USDT,2024-08-28,LONG,0.567,2.294,2.338,2,True,1.918,0.6561,.55-.60,
QTUM/USDT,2024-08-29,LONG,0.6689,2.306,2.338,1,True,1.3877,0.142,.60-.70,
QTUM/USDT,2024-09-04,LONG,0.6175,2.18,2.148,1,True,-1.4679,0.2474,.60-.70,
QTUM/USDT,2024-09-07,LONG,0.582,2.106,2.27,5,False,7.7873,0.4298,.55-.60,
QTUM/USDT,2024-09-08,LONG,0.6271,2.184,2.314,5,False,5.9524,1.1099,.60-.70,1-1.5x
QTUM/USDT,2024-09-09,LONG,0.618,2.257,2.306,5,False,2.171,0.9929,.60-.70,
QTUM/USDT,2024-09-11,LONG,0.6095,2.227,2.198,5,False,-1.3022,0.526,.60-.70,
QTUM/USDT,2024-09-12,LONG,0.5855,2.27,2.198,4,True,-3.1718,0.6349,.55-.60,
QTUM/USDT,2024-09-15,LONG,0.5796,2.203,2.198,1,True,-0.227,1.51,.55-.60,1.5-2x
QTUM/USDT,2024-09-17,LONG,0.5835,2.261,2.309,1,True,2.123,1.0499,.55-.60,1-1.5x
QTUM/USDT,2024-09-20,LONG,0.563,2.454,2.545,1,True,3.7082,0.651,.55-.60,
QTUM/USDT,2024-09-25,LONG,0.6181,2.536,2.607,5,False,2.7997,0.7436,.60-.70,
QTUM/USDT,2024-09-30,LONG,0.6624,2.607,2.31,3,True,-11.3924,0.7739,.60-.70,
QTUM/USDT,2024-10-01,LONG,0.5709,2.395,2.31,2,True,-3.5491,2.5577,.55-.60,2-3x
QTUM/USDT,2024-10-02,LONG,0.5957,2.362,2.31,1,True,-2.2015,0.433,.55-.60,
QTUM/USDT,2024-10-07,LONG,0.598,2.456,2.334,2,True,-4.9674,0.2138,.55-.60,
QTUM/USDT,2024-10-08,LONG,0.5936,2.437,2.334,1,True,-4.2265,0.2535,.55-.60,
QTUM/USDT,2024-10-11,LONG,0.5955,2.504,2.602,3,True,3.9137,1.5757,.55-.60,1.5-2x
QTUM/USDT,2024-10-12,LONG,0.6317,2.52,2.602,2,True,3.254,0.2058,.60-.70,
QTUM/USDT,2024-10-16,LONG,0.601,2.529,2.485,1,True,-1.7398,0.4752,.60-.70,
QTUM/USDT,2024-10-18,LONG,0.8201,2.554,2.565,1,True,0.4307,0.8682,>.80,
QTUM/USDT,2024-10-21,LONG,0.8101,2.547,2.409,3,True,-5.4181,1.3681,>.80,1-1.5x
QTUM/USDT,2024-10-22,LONG,0.7869,2.475,2.409,2,True,-2.6667,0.9908,.70-.80,
QTUM/USDT,2024-10-23,LONG,0.8114,2.405,2.409,1,True,0.1663,0.9803,>.80,
QTUM/USDT,2024-11-01,LONG,0.6145,2.215,2.192,1,True,-1.0384,0.2104,.60-.70,
QTUM/USDT,2024-11-03,LONG,0.7093,2.137,2.452,5,False,14.7403,0.8168,.70-.80,
QTUM/USDT,2024-11-04,LONG,0.6496,2.094,2.515,5,False,20.1051,0.6532,.60-.70,
QTUM/USDT,2024-11-06,LONG,0.7155,2.358,2.639,4,True,11.9169,1.9767,.70-.80,1.5-2x
QTUM/USDT,2024-11-07,LONG,0.7038,2.407,2.639,3,True,9.6386,0.5533,.70-.80,
QTUM/USDT,2024-11-09,LONG,0.7479,2.515,2.639,1,True,4.9304,0.6844,.70-.80,
QTUM/USDT,2024-11-12,LONG,0.8902,2.722,2.694,2,True,-1.0287,1.0141,>.80,1-1.5x
QTUM/USDT,2024-11-13,LONG,0.9733,2.604,2.694,1,True,3.4562,1.0051,>.80,1-1.5x
QTUM/USDT,2024-11-17,LONG,0.9877,2.931,3.129,2,True,6.7554,1.6793,>.80,1.5-2x
QTUM/USDT,2024-11-18,LONG,0.8666,3.228,3.129,1,True,-3.0669,1.8089,>.80,1.5-2x
QTUM/USDT,2024-11-20,LONG,0.9466,2.977,3.58,5,False,20.2553,0.8686,>.80,
QTUM/USDT,2024-11-21,LONG,0.5523,3.277,3.58,4,True,9.2463,1.7163,.55-.60,1.5-2x
QTUM/USDT,2024-11-22,LONG,0.9239,3.502,3.58,3,True,2.2273,1.1613,>.80,1-1.5x
QTUM/USDT,2024-11-23,LONG,0.7038,3.689,3.58,2,True,-2.9547,0.9176,.70-.80,
QTUM/USDT,2024-11-29,LONG,0.8317,3.914,3.919,1,True,0.1277,0.9774,>.80,
QTUM/USDT,2024-12-03,LONG,0.8544,5.738,5.02,1,True,-12.5131,3.8021,>.80,3-5x
QTUM/USDT,2024-12-06,LONG,0.9418,4.801,4.85,1,True,1.0206,0.0796,>.80,
QTUM/USDT,2024-12-10,LONG,0.8856,3.902,4.159,3,True,6.5864,0.2979,>.80,
QTUM/USDT,2024-12-11,LONG,0.6877,4.151,4.159,2,True,0.1927,0.6245,.60-.70,
QTUM/USDT,2024-12-12,LONG,0.8865,4.185,4.159,1,True,-0.6213,0.0807,>.80,
QTUM/USDT,2024-12-17,LONG,0.5564,3.716,3.051,5,False,-17.8956,0.4285,.55-.60,
QTUM/USDT,2024-12-20,LONG,0.6106,3.158,3.251,3,True,2.9449,0.4666,.60-.70,
QTUM/USDT,2024-12-21,LONG,0.5707,3.015,3.251,2,True,7.8275,0.4265,.55-.60,
QTUM/USDT,2024-12-22,LONG,0.6696,3.051,3.251,1,True,6.5552,0.1136,.60-.70,
QTUM/USDT,2024-12-27,LONG,0.5899,3.111,3.138,5,False,0.8679,0.0,.55-.60,
QTUM/USDT,2024-12-28,LONG,0.5773,3.28,3.214,5,False,-2.0122,0.8352,.55-.60,
QTUM/USDT,2024-12-29,LONG,0.5617,3.114,3.459,5,False,11.079,0.9825,.55-.60,
QTUM/USDT,2025-01-04,LONG,0.5534,3.429,3.203,5,False,-6.5908,0.166,.55-.60,
QTUM/USDT,2025-01-12,LONG,0.5718,3.176,3.368,3,True,6.0453,0.6689,.55-.60,
QTUM/USDT,2025-01-13,LONG,0.6191,3.093,3.368,2,True,8.891,0.6077,.60-.70,
QTUM/USDT,2025-01-16,LONG,0.5837,3.354,3.079,5,False,-8.1992,0.097,.55-.60,
QTUM/USDT,2025-01-18,LONG,0.5929,3.314,2.929,5,False,-11.6174,1.2626,.55-.60,1-1.5x
QTUM/USDT,2025-01-21,LONG,0.6231,3.079,2.929,2,True,-4.8717,0.3936,.60-.70,
QTUM/USDT,2025-01-22,LONG,0.5709,2.939,2.929,1,True,-0.3403,0.9521,.55-.60,
QTUM/USDT,2025-01-24,LONG,0.6034,2.873,2.71,4,True,-5.6735,0.4343,.60-.70,
QTUM/USDT,2025-01-26,LONG,0.5933,2.862,2.71,2,True,-5.311,0.5928,.55-.60,
QTUM/USDT,2025-01-30,LONG,0.6036,2.885,3.787,2,True,31.2652,1.1781,.60-.70,1-1.5x
QTUM/USDT,2025-01-31,LONG,0.9594,3.541,3.787,1,True,6.9472,3.5198,>.80,3-5x
QTUM/USDT,2025-02-02,LONG,0.8439,3.04,3.251,3,True,6.9408,2.461,>.80,2-3x
QTUM/USDT,2025-02-03,LONG,0.9124,3.108,3.251,2,True,4.601,0.2799,>.80,
QTUM/USDT,2025-02-04,LONG,0.9837,3.5,3.251,1,True,-7.1143,1.5013,>.80,1.5-2x
QTUM/USDT,2025-02-06,LONG,0.5953,3.295,3.02,4,True,-8.346,0.1588,.55-.60,
QTUM/USDT,2025-02-07,LONG,0.8334,3.141,3.02,3,True,-3.8523,0.5499,>.80,
QTUM/USDT,2025-02-09,LONG,0.6999,2.786,3.02,1,True,8.3991,0.8211,.60-.70,
QTUM/USDT,2025-02-13,LONG,0.8606,3.272,3.321,4,True,1.4976,0.3293,>.80,
QTUM/USDT,2025-02-14,LONG,0.9175,3.373,3.321,3,True,-1.5417,0.3527,>.80,
QTUM/USDT,2025-02-15,LONG,0.9641,3.282,3.321,2,True,1.1883,0.3082,>.80,
QTUM/USDT,2025-02-16,LONG,0.748,3.204,3.321,1,True,3.6517,0.2707,.70-.80,
QTUM/USDT,2025-02-20,LONG,0.555,3.28,3.082,1,True,-6.0366,0.1448,.55-.60,
QTUM/USDT,2025-02-22,LONG,0.7704,3.075,2.591,5,False,-15.7398,0.0407,.70-.80,
QTUM/USDT,2025-02-25,LONG,0.6036,2.638,2.712,5,False,2.8052,0.0291,.60-.70,
QTUM/USDT,2025-02-26,LONG,0.5754,2.568,2.712,4,True,5.6075,0.5116,.55-.60,
QTUM/USDT,2025-02-27,LONG,0.563,2.591,2.712,3,True,4.67,0.1745,.55-.60,
QTUM/USDT,2025-03-04,LONG,0.5514,2.337,2.043,5,False,-12.5802,0.4126,.55-.60,
QTUM/USDT,2025-03-07,LONG,0.6259,2.309,2.137,5,False,-7.4491,0.0485,.60-.70,
QTUM/USDT,2025-03-10,LONG,0.5709,1.985,2.137,2,True,7.6574,0.5305,.55-.60,
QTUM/USDT,2025-03-11,LONG,0.5847,2.112,2.137,1,True,1.1837,1.1634,.55-.60,1-1.5x
QTUM/USDT,2025-03-14,LONG,0.5614,2.149,2.294,5,False,6.7473,0.4514,.55-.60,
QTUM/USDT,2025-03-15,LONG,0.582,2.208,2.294,4,True,3.8949,0.4924,.55-.60,
QTUM/USDT,2025-03-20,LONG,0.5823,2.222,2.156,3,True,-2.9703,0.5949,.55-.60,
QTUM/USDT,2025-03-21,LONG,0.5544,2.147,2.156,2,True,0.4192,0.6352,.55-.60,
QTUM/USDT,2025-03-22,LONG,0.7023,2.147,2.156,1,True,0.4192,0.0,.70-.80,
QTUM/USDT,2025-03-26,LONG,0.6092,2.21,1.919,5,False,-13.1674,0.4322,.60-.70,
QTUM/USDT,2025-03-27,LONG,0.5681,2.204,1.976,5,False,-10.3448,0.0753,.55-.60,
QTUM/USDT,2025-03-28,LONG,0.5859,2.056,1.838,5,False,-10.6031,1.7413,.55-.60,1.5-2x
QTUM/USDT,2025-03-30,LONG,0.561,1.94,1.838,3,True,-5.2577,0.1036,.55-.60,
QTUM/USDT,2025-03-31,LONG,0.5785,1.919,1.838,2,True,-4.2209,0.3435,.55-.60,
ONT/USDT,2024-08-31,LONG,0.5902,0.1641,0.1663,2,True,1.3406,0.5785,.55-.60,
ONT/USDT,2024-09-04,LONG,0.5747,0.1656,0.1587,3,True,-4.1667,1.0606,.55-.60,1-1.5x
ONT/USDT,2024-09-08,LONG,0.5916,0.1627,0.1767,5,False,8.6048,0.7181,.55-.60,
ONT/USDT,2024-09-09,LONG,0.6379,0.1697,0.1734,5,False,2.1803,1.1788,.60-.70,1-1.5x
ONT/USDT,2024-09-10,LONG,0.5593,0.1727,0.1734,4,True,0.4053,0.4837,.55-.60,
ONT/USDT,2024-09-11,LONG,0.6192,0.1699,0.1734,3,True,2.06,0.4435,.60-.70,
ONT/USDT,2024-09-13,LONG,0.606,0.1767,0.1734,1,True,-1.8676,0.0316,.60-.70,
ONT/USDT,2024-09-15,LONG,0.6861,0.167,0.1636,1,True,-2.0359,1.0983,.60-.70,1-1.5x
ONT/USDT,2024-09-20,LONG,0.5738,0.1908,0.2054,1,True,7.652,1.3761,.55-.60,1-1.5x
ONT/USDT,2024-09-24,LONG,0.9939,0.1999,0.1994,1,True,-0.2501,0.8459,>.80,
ONT/USDT,2024-09-28,LONG,0.57,0.2047,0.1704,5,False,-16.7562,0.3772,.55-.60,
ONT/USDT,2024-09-29,LONG,0.5963,0.2026,0.1776,5,False,-12.3396,0.3013,.55-.60,
ONT/USDT,2024-09-30,LONG,0.6204,0.1941,0.1783,5,False,-8.1401,1.1701,.60-.70,1-1.5x
ONT/USDT,2024-10-02,LONG,0.5552,0.1735,0.1838,5,False,5.9366,0.6844,.55-.60,
ONT/USDT,2024-10-03,LONG,0.6866,0.1704,0.1838,4,True,7.8638,0.4431,.60-.70,
ONT/USDT,2024-10-04,LONG,0.6536,0.1776,0.1838,3,True,3.491,1.0252,.60-.70,1-1.5x
ONT/USDT,2024-10-05,LONG,0.624,0.1783,0.1838,2,True,3.0847,0.0981,.60-.70,
ONT/USDT,2024-10-06,LONG,0.59,0.185,0.1838,1,True,-0.6486,0.9297,.55-.60,
ONT/USDT,2024-10-10,LONG,0.7408,0.1803,0.1933,1,True,7.2102,0.2632,.70-.80,
ONT/USDT,2024-10-18,LONG,0.6288,0.1948,0.1994,3,True,2.3614,0.6654,.60-.70,
ONT/USDT,2024-10-20,LONG,0.6501,0.2083,0.1994,1,True,-4.2727,1.4178,.60-.70,1-1.5x
ONT/USDT,2024-10-24,LONG,0.6041,0.1897,0.1762,3,True,-7.1165,0.5207,.60-.70,
ONT/USDT,2024-10-26,LONG,0.646,0.1727,0.1762,1,True,2.0266,0.0731,.60-.70,
ONT/USDT,2024-11-01,LONG,0.6201,0.1704,0.1614,2,True,-5.2817,0.1655,.60-.70,
ONT/USDT,2024-11-05,LONG,0.5527,0.1657,0.1814,1,True,9.475,1.2982,.55-.60,1-1.5x
ONT/USDT,2024-11-07,LONG,0.6489,0.1824,0.2119,4,True,16.1732,0.1248,.60-.70,
ONT/USDT,2024-11-09,LONG,0.6617,0.1919,0.2119,2,True,10.4221,0.7869,.60-.70,
ONT/USDT,2024-11-10,LONG,0.5807,0.2006,0.2119,1,True,5.6331,1.045,.55-.60,1-1.5x
ONT/USDT,2024-11-12,LONG,0.758,0.2099,0.2084,3,True,-0.7146,0.2207,.70-.80,
ONT/USDT,2024-11-13,LONG,0.7961,0.2041,0.2084,2,True,2.1068,0.6373,.70-.80,
ONT/USDT,2024-11-14,LONG,0.8552,0.1959,0.2084,1,True,6.3808,1.0244,>.80,1-1.5x
ONT/USDT,2024-11-22,LONG,0.8876,0.2432,0.274,5,False,12.6645,0.8524,>.80,
ONT/USDT,2024-11-23,LONG,0.7381,0.2499,0.2696,5,False,7.8832,0.5337,.70-.80,
ONT/USDT,2024-11-25,LONG,0.8454,0.2569,0.2696,3,True,4.9436,0.3571,>.80,
ONT/USDT,2024-11-26,LONG,0.7833,0.2639,0.2696,2,True,2.1599,0.561,.70-.80,
ONT/USDT,2024-11-27,LONG,0.5705,0.274,0.2696,1,True,-1.6058,0.7873,.55-.60,
ONT/USDT,2024-12-06,LONG,0.9785,0.3518,0.3465,1,True,-1.5065,0.2518,>.80,
ONT/USDT,2024-12-10,LONG,0.7288,0.271,0.2882,1,True,6.3469,0.4522,.70-.80,
ONT/USDT,2024-12-12,LONG,0.924,0.2918,0.2917,1,True,-0.0343,0.1451,>.80,
ONT/USDT,2024-12-17,LONG,0.5734,0.2612,0.2332,1,True,-10.7198,0.6375,.55-.60,
ONT/USDT,2024-12-20,LONG,0.7279,0.2304,0.2198,1,True,-4.6007,0.7489,.70-.80,
ONT/USDT,2024-12-25,LONG,0.9346,0.2483,0.2312,2,True,-6.8868,0.258,>.80,
ONT/USDT,2024-12-28,LONG,0.8157,0.2518,0.2299,3,True,-8.6974,1.2529,>.80,1-1.5x
ONT/USDT,2024-12-29,LONG,0.5859,0.2359,0.2299,2,True,-2.5435,1.0926,.55-.60,1-1.5x
ONT/USDT,2025-01-02,LONG,0.595,0.2428,0.2575,2,True,6.0544,0.3827,.55-.60,
ONT/USDT,2025-01-03,LONG,0.6221,0.259,0.2575,1,True,-0.5792,1.1693,.60-.70,1-1.5x
ONT/USDT,2025-01-06,LONG,0.5575,0.2651,0.2381,1,True,-10.1848,0.3213,.55-.60,
ONT/USDT,2025-01-11,LONG,0.6584,0.2479,0.263,2,True,6.0912,0.3889,.60-.70,
ONT/USDT,2025-01-12,LONG,0.7286,0.2424,0.263,1,True,8.4983,0.4613,.70-.80,
ONT/USDT,2025-01-14,LONG,0.6581,0.2573,0.2665,1,True,3.5756,0.4371,.60-.70,
ONT/USDT,2025-01-16,LONG,0.9961,0.2555,0.2715,1,True,6.2622,0.8692,>.80,
ONT/USDT,2025-01-18,LONG,0.8035,0.2493,0.2206,1,True,-11.5122,1.7396,>.80,1.5-2x
ONT/USDT,2025-01-26,LONG,0.7889,0.2215,0.2068,2,True,-6.6366,0.0965,.70-.80,
ONT/USDT,2025-01-30,LONG,0.6567,0.2196,0.236,2,True,7.4681,0.9969,.60-.70,
ONT/USDT,2025-01-31,LONG,0.6246,0.2211,0.236,1,True,6.739,0.1413,.60-.70,
ONT/USDT,2025-02-02,LONG,0.7631,0.1912,0.1786,4,True,-6.59,3.0451,.70-.80,3-5x
ONT/USDT,2025-02-04,LONG,0.9594,0.1917,0.1786,2,True,-6.8336,0.1842,>.80,
ONT/USDT,2025-02-05,LONG,0.7622,0.184,0.1786,1,True,-2.9348,0.6523,.70-.80,
ONT/USDT,2025-02-07,LONG,0.8814,0.187,0.1893,2,True,1.2299,0.8011,>.80,
ONT/USDT,2025-02-08,LONG,0.5694,0.1912,0.1893,1,True,-0.9937,0.4165,.55-.60,
ONT/USDT,2025-02-10,LONG,0.624,0.1965,0.1928,1,True,-1.883,0.705,.60-.70,
ONT/USDT,2025-02-12,LONG,0.6297,0.2057,0.1917,3,True,-6.806,1.1919,.60-.70,1-1.5x
ONT/USDT,2025-02-14,LONG,0.6342,0.2008,0.1917,1,True,-4.5319,0.1794,.60-.70,
ONT/USDT,2025-02-16,LONG,0.5863,0.1938,0.1958,1,True,1.032,0.1923,.55-.60,
ONT/USDT,2025-02-18,LONG,0.575,0.1859,0.1878,5,False,1.0221,0.8958,.55-.60,
ONT/USDT,2025-03-01,LONG,0.5569,0.1684,0.1584,2,True,-5.9382,0.1707,.55-.60,
ONT/USDT,2025-03-02,LONG,0.5651,0.1834,0.1584,1,True,-13.6314,2.0953,.55-.60,2-3x
ONT/USDT,2025-03-07,LONG,0.5687,0.1569,0.1319,3,True,-15.9337,0.0131,.55-.60,
ONT/USDT,2025-03-11,LONG,0.5893,0.1382,0.1401,2,True,1.3748,0.8848,.55-.60,
ONT/USDT,2025-03-12,LONG,0.5624,0.1422,0.1401,1,True,-1.4768,0.5373,.55-.60,
ONT/USDT,2025-03-14,LONG,0.6092,0.1449,0.1552,5,False,7.1084,0.6312,.60-.70,
ONT/USDT,2025-03-15,LONG,0.5685,0.1482,0.1552,4,True,4.7233,0.4155,.55-.60,
ONT/USDT,2025-03-17,LONG,0.5523,0.15,0.1552,2,True,3.4667,0.8777,.55-.60,
ONT/USDT,2025-03-18,LONG,0.7203,0.1523,0.1552,1,True,1.9041,0.3009,.70-.80,
ONT/USDT,2025-03-21,LONG,0.8644,0.1501,0.1559,3,True,3.8641,0.382,>.80,
ONT/USDT,2025-03-22,LONG,0.6347,0.153,0.1559,2,True,1.8954,0.4131,.60-.70,
ONT/USDT,2025-03-23,LONG,0.5502,0.1497,0.1559,1,True,4.1416,0.5993,.55-.60,
ONT/USDT,2025-03-27,LONG,0.5705,0.1559,0.1393,4,True,-10.6479,0.124,.55-.60,
ONT/USDT,2025-03-28,LONG,0.6346,0.1431,0.1393,3,True,-2.6555,2.0177,.60-.70,2-3x
ONT/USDT,2025-04-02,LONG,0.6206,0.1312,0.1213,5,False,-7.5457,2.4416,.60-.70,2-3x
ONT/USDT,2025-04-03,LONG,0.6764,0.1324,0.1175,5,False,-11.2538,0.2502,.60-.70,
ONT/USDT,2025-04-04,LONG,0.7072,0.1341,0.1175,4,True,-12.3788,0.3543,.70-.80,
ONT/USDT,2025-04-05,LONG,0.7347,0.1328,0.1175,3,True,-11.5211,0.2714,.70-.80,
NEO/USDT,2024-08-27,LONG,0.5767,9.791,9.193,5,False,-6.1076,1.4039,.55-.60,1-1.5x
NEO/USDT,2024-08-28,LONG,0.5648,9.674,9.193,4,True,-4.9721,0.3595,.55-.60,
NEO/USDT,2024-08-29,LONG,0.6755,9.978,9.193,3,True,-7.8673,0.9271,.60-.70,
NEO/USDT,2024-08-30,LONG,0.6336,10.225,9.193,2,True,-10.0929,0.7292,.60-.70,
NEO/USDT,2024-09-04,LONG,0.6433,9.603,9.084,3,True,-5.4046,0.7393,.60-.70,
NEO/USDT,2024-09-08,LONG,0.6123,9.349,9.777,5,False,4.578,0.7779,.60-.70,
NEO/USDT,2024-09-09,LONG,0.5847,9.48,9.646,5,False,1.7511,0.3864,.55-.60,
NEO/USDT,2024-09-11,LONG,0.607,9.464,9.646,3,True,1.9231,0.441,.60-.70,
NEO/USDT,2024-09-12,LONG,0.5587,9.669,9.646,2,True,-0.2379,0.645,.55-.60,
NEO/USDT,2024-09-15,LONG,0.5795,9.279,9.271,2,True,-0.0862,1.1201,.55-.60,1-1.5x
NEO/USDT,2024-09-16,LONG,0.5549,9.181,9.271,1,True,0.9803,0.3317,.55-.60,
NEO/USDT,2024-09-20,LONG,0.5562,10.11,10.435,1,True,3.2146,1.1638,.55-.60,1-1.5x
NEO/USDT,2024-09-23,LONG,0.6313,10.059,10.588,1,True,5.259,0.1345,.60-.70,
NEO/USDT,2024-09-26,LONG,0.7177,10.918,9.827,5,False,-9.9927,2.1711,.70-.80,2-3x
NEO/USDT,2024-09-29,LONG,0.6739,10.827,9.653,4,True,-10.8433,0.2027,.60-.70,
NEO/USDT,2024-09-30,LONG,0.7257,10.615,9.653,3,True,-9.0626,0.7169,.70-.80,
NEO/USDT,2024-10-01,LONG,0.552,9.827,9.653,2,True,-1.7706,2.2952,.55-.60,2-3x
NEO/USDT,2024-10-07,LONG,0.7824,10.196,9.99,2,True,-2.0204,0.4609,.70-.80,
NEO/USDT,2024-10-10,LONG,0.7921,10.153,10.691,1,True,5.2989,0.5117,.70-.80,
NEO/USDT,2024-10-12,LONG,0.6272,10.611,10.419,1,True,-1.8094,0.2312,.60-.70,
NEO/USDT,2024-10-17,LONG,0.6294,10.37,10.46,5,False,0.8679,0.8412,.60-.70,
NEO/USDT,2024-10-18,LONG,0.6236,10.57,10.46,4,True,-1.0407,0.6595,.60-.70,
NEO/USDT,2024-10-19,LONG,0.6174,10.638,10.46,3,True,-1.6732,0.2198,.60-.70,
NEO/USDT,2024-10-20,LONG,0.7257,10.973,10.46,2,True,-4.6751,1.0589,.70-.80,1-1.5x
NEO/USDT,2024-10-21,LONG,0.7356,10.553,10.46,1,True,-0.8813,1.4896,.70-.80,1-1.5x
NEO/USDT,2024-10-24,LONG,0.747,10.136,9.55,3,True,-5.7814,0.1225,.70-.80,
NEO/USDT,2024-10-25,LONG,0.5667,9.431,9.55,2,True,1.2618,2.2949,.55-.60,2-3x
NEO/USDT,2024-10-26,LONG,0.5989,9.411,9.55,1,True,1.477,0.0743,.55-.60,
NEO/USDT,2024-10-29,LONG,0.5942,10.232,10.05,1,True,-1.7787,1.755,.55-.60,1.5-2x
NEO/USDT,2024-11-05,LONG,0.6139,9.265,11.482,5,False,23.9288,1.5767,.60-.70,1.5-2x
NEO/USDT,2024-11-06,LONG,0.7819,10.04,12.334,5,False,22.8486,2.2411,.70-.80,2-3x
NEO/USDT,2024-11-07,LONG,0.6752,10.298,12.334,4,True,19.7708,0.6846,.60-.70,
NEO/USDT,2024-11-08,LONG,0.6229,10.339,12.334,3,True,19.2959,0.1061,.60-.70,
NEO/USDT,2024-11-09,LONG,0.7796,10.671,12.334,2,True,15.5843,0.8553,.70-.80,
NEO/USDT,2024-11-12,LONG,0.7521,11.479,11.223,1,True,-2.2302,1.5283,.70-.80,1.5-2x
NEO/USDT,2024-11-14,LONG,0.8792,11.072,11.614,1,True,4.8952,0.3161,>.80,
NEO/USDT,2024-11-19,LONG,0.9461,12.787,13.85,3,True,8.3131,0.2614,>.80,
NEO/USDT,2024-11-26,LONG,0.9313,14.137,15.115,1,True,6.918,0.2514,>.80,
NEO/USDT,2024-11-29,LONG,0.8727,15.705,18.019,3,True,14.7342,1.0517,>.80,1-1.5x
NEO/USDT,2024-11-30,LONG,0.7309,15.993,18.019,2,True,12.668,0.3263,.70-.80,
NEO/USDT,2024-12-01,LONG,0.5929,16.321,18.019,1,True,10.4038,0.3753,.55-.60,
NEO/USDT,2024-12-03,LONG,0.89,26.096,22.031,1,True,-15.5771,4.1424,>.80,3-5x
NEO/USDT,2024-12-06,LONG,0.9711,21.522,21.197,1,True,-1.5101,0.1757,>.80,
NEO/USDT,2024-12-10,LONG,0.7475,16.899,18.526,2,True,9.6278,0.1202,.70-.80,
NEO/USDT,2024-12-11,LONG,0.7307,18.189,18.526,1,True,1.8528,0.6127,.70-.80,
NEO/USDT,2024-12-14,LONG,0.6698,17.844,17.925,2,True,0.4539,0.4075,.60-.70,
NEO/USDT,2024-12-15,LONG,0.8343,18.491,17.925,1,True,-3.0609,0.2941,>.80,
NEO/USDT,2024-12-17,LONG,0.6326,17.225,15.496,1,True,-10.0377,0.3159,.60-.70,
NEO/USDT,2024-12-19,LONG,0.5767,14.043,14.892,4,True,6.0457,0.736,.55-.60,
NEO/USDT,2024-12-20,LONG,0.7022,14.612,14.892,3,True,1.9162,0.3174,.70-.80,
NEO/USDT,2024-12-21,LONG,0.7062,13.735,14.892,2,True,8.4237,0.4677,.70-.80,
NEO/USDT,2024-12-22,LONG,0.7613,13.976,14.892,1,True,6.5541,0.1393,.70-.80,
NEO/USDT,2024-12-24,LONG,0.5828,15.36,14.84,1,True,-3.3854,0.4921,.55-.60,
NEO/USDT,2024-12-28,LONG,0.6665,14.77,14.366,4,True,-2.7353,0.9027,.60-.70,
NEO/USDT,2024-12-29,LONG,0.5989,14.014,14.366,3,True,2.5118,0.9717,.55-.60,
NEO/USDT,2024-12-31,LONG,0.6904,13.548,14.366,1,True,6.0378,0.5387,.60-.70,
NEO/USDT,2025-01-03,LONG,0.7182,16.133,14.722,4,True,-8.746,1.8452,.70-.80,1.5-2x
NEO/USDT,2025-01-04,LONG,0.7001,15.916,14.722,3,True,-7.5019,0.242,.70-.80,
NEO/USDT,2025-01-05,LONG,0.5925,15.965,14.722,2,True,-7.7858,0.0557,.55-.60,
NEO/USDT,2025-01-06,LONG,0.6256,16.511,14.722,1,True,-10.8352,0.6184,.60-.70,
NEO/USDT,2025-01-08,LONG,0.6221,14.567,15.148,2,True,3.9885,0.2034,.60-.70,
NEO/USDT,2025-01-12,LONG,0.6868,14.81,16.13,3,True,8.9129,0.6796,.60-.70,
NEO/USDT,2025-01-13,LONG,0.7874,14.376,16.13,2,True,12.2009,0.6161,.70-.80,
NEO/USDT,2025-01-14,LONG,0.6382,14.885,16.13,1,True,8.3641,0.7428,.60-.70,
NEO/USDT,2025-01-16,LONG,0.8271,16.14,14.161,3,True,-12.2615,0.0128,>.80,
NEO/USDT,2025-01-18,LONG,0.7702,15.785,14.161,1,True,-10.2882,1.3932,.70-.80,1-1.5x
NEO/USDT,2025-01-21,LONG,0.7577,14.589,14.175,1,True,-2.8378,0.2619,.70-.80,
NEO/USDT,2025-01-23,LONG,0.6971,14.139,13.622,4,True,-3.6566,0.0536,.60-.70,
NEO/USDT,2025-01-24,LONG,0.7457,13.754,13.622,3,True,-0.9597,0.5716,.70-.80,
NEO/USDT,2025-01-26,LONG,0.7305,13.645,13.622,1,True,-0.1686,0.4915,.70-.80,
NEO/USDT,2025-01-30,LONG,0.6376,13.807,13.476,2,True,-2.3973,1.2494,.60-.70,1-1.5x
NEO/USDT,2025-01-31,LONG,0.7096,14.332,13.476,1,True,-5.9726,0.8176,.70-.80,
NEO/USDT,2025-02-04,LONG,0.8169,11.068,10.772,1,True,-2.6744,0.9359,>.80,
NEO/USDT,2025-02-10,LONG,0.5541,11.054,10.888,1,True,-1.5017,1.0776,.55-.60,1-1.5x
NEO/USDT,2025-02-12,LONG,0.605,11.64,11.433,2,True,-1.7784,1.3354,.60-.70,1-1.5x
NEO/USDT,2025-02-13,LONG,0.7254,11.33,11.433,1,True,0.9091,0.515,.70-.80,
NEO/USDT,2025-02-16,LONG,0.6294,10.883,10.882,1,True,-0.0092,0.1894,.60-.70,
NEO/USDT,2025-02-28,LONG,0.6679,9.606,9.607,1,True,0.0104,0.1779,.60-.70,
NEO/USDT,2025-03-02,LONG,0.6199,10.264,8.97,4,True,-12.6072,1.6641,.60-.70,1.5-2x
NEO/USDT,2025-03-03,LONG,0.7383,8.721,8.97,3,True,2.8552,2.8526,.70-.80,2-3x
NEO/USDT,2025-03-04,LONG,0.6426,8.747,8.97,2,True,2.5494,0.0603,.60-.70,
NEO/USDT,2025-03-05,LONG,0.6821,9.173,8.97,1,True,-2.213,0.9509,.60-.70,
NEO/USDT,2025-03-07,LONG,0.779,8.891,7.949,2,True,-10.595,0.1738,.70-.80,
NEO/USDT,2025-03-08,LONG,0.5806,8.74,7.949,1,True,-9.0503,0.3349,.55-.60,
NEO/USDT,2025-03-10,LONG,0.6976,7.428,7.693,3,True,3.5676,1.1967,.60-.70,1-1.5x
NEO/USDT,2025-03-11,LONG,0.8401,7.728,7.693,2,True,-0.4529,0.724,>.80,
NEO/USDT,2025-03-12,LONG,0.7867,7.905,7.693,1,True,-2.6818,0.4129,.70-.80,
NEO/USDT,2025-03-14,LONG,0.8341,7.999,7.764,2,True,-2.9379,0.721,>.80,
NEO/USDT,2025-03-15,LONG,0.7383,8.171,7.764,1,True,-4.981,0.386,.70-.80,
NEO/USDT,2025-03-17,LONG,0.6492,8.172,8.545,2,True,4.5644,0.9988,.60-.70,
NEO/USDT,2025-03-18,LONG,0.5963,8.353,8.545,1,True,2.2986,0.4181,.55-.60,
NEO/USDT,2025-03-20,LONG,0.7079,8.246,8.104,2,True,-1.722,0.6525,.70-.80,
NEO/USDT,2025-03-21,LONG,0.8188,8.048,8.104,1,True,0.6958,0.4467,>.80,
NEO/USDT,2025-03-25,LONG,0.5612,7.991,6.783,3,True,-15.117,0.7196,.55-.60,
NEO/USDT,2025-03-26,LONG,0.78,7.694,6.783,2,True,-11.8404,0.9811,.70-.80,
NEO/USDT,2025-03-27,LONG,0.9146,7.422,6.783,1,True,-8.6095,0.9203,>.80,
NEO/USDT,2025-03-30,LONG,0.8246,5.915,5.507,2,True,-6.8977,1.8974,>.80,1.5-2x
NEO/USDT,2025-03-31,LONG,0.877,5.319,5.507,1,True,3.5345,2.3369,>.80,2-3x
NEO/USDT,2025-04-02,LONG,0.9363,4.604,4.752,1,True,3.2146,2.9925,>.80,2-3x
NEO/USDT,2025-04-04,LONG,0.9565,4.843,4.755,1,True,-1.8171,0.353,>.80,
NEO/USDT,2025-04-06,LONG,0.9889,4.729,4.797,1,True,1.4379,0.1069,>.80,
IOTA/USDT,2024-08-28,LONG,0.6788,0.1249,0.1252,2,True,0.2402,0.7574,.60-.70,
IOTA/USDT,2024-08-29,LONG,0.764,0.1253,0.1252,1,True,-0.0798,0.1069,.70-.80,
IOTA/USDT,2024-09-01,LONG,0.7403,0.1205,0.1206,4,True,0.083,1.0943,.70-.80,1-1.5x
IOTA/USDT,2024-09-02,LONG,0.5866,0.1281,0.1206,3,True,-5.8548,2.0261,.55-.60,2-3x
IOTA/USDT,2024-09-04,LONG,0.6525,0.1248,0.1206,1,True,-3.3654,0.6927,.60-.70,
IOTA/USDT,2024-09-07,LONG,0.643,0.1172,0.1264,4,True,7.8498,0.0259,.60-.70,
IOTA/USDT,2024-09-08,LONG,0.6189,0.1208,0.1264,3,True,4.6358,0.9173,.60-.70,
IOTA/USDT,2024-09-09,LONG,0.5791,0.1271,0.1264,2,True,-0.5507,1.4624,.55-.60,1-1.5x
IOTA/USDT,2024-09-10,LONG,0.6322,0.1294,0.1264,1,True,-2.3184,0.5209,.60-.70,
IOTA/USDT,2024-09-12,LONG,0.5742,0.1306,0.1284,2,True,-1.6845,0.9764,.55-.60,
IOTA/USDT,2024-09-13,LONG,0.5947,0.1313,0.1284,1,True,-2.2087,0.1573,.55-.60,
IOTA/USDT,2024-09-15,LONG,0.5717,0.1231,0.1207,1,True,-1.9496,1.2245,.55-.60,1-1.5x
IOTA/USDT,2024-09-20,LONG,0.5715,0.1389,0.1442,1,True,3.8157,1.4518,.55-.60,1-1.5x
IOTA/USDT,2024-09-24,LONG,0.5558,0.1435,0.1428,1,True,-0.4878,0.3392,.55-.60,
IOTA/USDT,2024-09-29,LONG,0.6142,0.1431,0.1183,4,True,-17.3305,0.048,.60-.70,
IOTA/USDT,2024-09-30,LONG,0.6786,0.1335,0.1183,3,True,-11.3858,2.0194,.60-.70,2-3x
IOTA/USDT,2024-10-01,LONG,0.6117,0.1229,0.1183,2,True,-3.7429,2.1137,.60-.70,2-3x
IOTA/USDT,2024-10-02,LONG,0.5768,0.1179,0.1183,1,True,0.3393,1.0796,.55-.60,1-1.5x
IOTA/USDT,2024-10-04,LONG,0.8761,0.1233,0.1225,1,True,-0.6488,1.089,>.80,1-1.5x
IOTA/USDT,2024-10-07,LONG,0.8885,0.123,0.1181,2,True,-3.9837,0.4656,>.80,
IOTA/USDT,2024-10-13,LONG,0.655,0.126,0.1306,1,True,3.6508,0.3936,.60-.70,
IOTA/USDT,2024-10-18,LONG,0.8691,0.1205,0.1207,1,True,0.166,0.6018,>.80,
IOTA/USDT,2024-10-21,LONG,0.8654,0.1218,0.1184,3,True,-2.7915,0.9651,>.80,
IOTA/USDT,2024-10-22,LONG,0.7385,0.1207,0.1184,2,True,-1.9056,0.351,.70-.80,
IOTA/USDT,2024-10-23,LONG,0.9076,0.1157,0.1184,1,True,2.3336,1.5093,>.80,1.5-2x
IOTA/USDT,2024-10-25,LONG,0.575,0.1087,0.1092,1,True,0.46,2.5803,.55-.60,2-3x
IOTA/USDT,2024-10-27,LONG,0.7626,0.112,0.1131,1,True,0.9821,0.8048,.70-.80,
IOTA/USDT,2024-11-02,LONG,0.594,0.1091,0.1065,1,True,-2.3831,0.4018,.55-.60,
IOTA/USDT,2024-11-05,LONG,0.6447,0.1081,0.1346,5,False,24.5143,1.3711,.60-.70,1-1.5x
IOTA/USDT,2024-11-06,LONG,0.7702,0.1175,0.1346,4,True,14.5532,2.2243,.70-.80,2-3x
IOTA/USDT,2024-11-07,LONG,0.6483,0.1193,0.1346,3,True,12.8248,0.393,.60-.70,
IOTA/USDT,2024-11-08,LONG,0.652,0.1215,0.1346,2,True,10.7819,0.4706,.60-.70,
IOTA/USDT,2024-11-09,LONG,0.7865,0.1245,0.1346,1,True,8.1124,0.6378,.70-.80,
IOTA/USDT,2024-11-13,LONG,0.9823,0.1403,0.1717,3,True,22.3806,0.9979,>.80,
IOTA/USDT,2024-11-14,LONG,0.9849,0.1392,0.1717,2,True,23.3477,0.1932,>.80,
IOTA/USDT,2024-11-15,LONG,0.8997,0.1533,0.1717,1,True,12.0026,2.2497,>.80,2-3x
IOTA/USDT,2024-11-19,LONG,0.932,0.177,0.1725,2,True,-2.5424,0.7867,>.80,
IOTA/USDT,2024-11-22,LONG,0.9043,0.1979,0.2299,5,False,16.1698,1.8937,>.80,1.5-2x
IOTA/USDT,2024-11-23,LONG,0.814,0.2149,0.2257,5,False,5.0256,1.1097,>.80,1-1.5x
IOTA/USDT,2024-11-24,LONG,0.9124,0.2354,0.2257,4,True,-4.1206,1.2446,>.80,1-1.5x
IOTA/USDT,2024-11-25,LONG,0.893,0.2251,0.2257,3,True,0.2665,0.5528,>.80,
IOTA/USDT,2024-11-26,LONG,0.8888,0.2273,0.2257,2,True,-0.7039,0.1243,>.80,
IOTA/USDT,2024-11-27,LONG,0.712,0.2299,0.2257,1,True,-1.8269,0.1454,.70-.80,
IOTA/USDT,2024-11-30,LONG,0.6067,0.2743,0.3082,1,True,12.3587,0.0203,.60-.70,
IOTA/USDT,2024-12-05,LONG,0.9817,0.4608,0.4718,3,True,2.3872,0.6172,>.80,
IOTA/USDT,2024-12-06,LONG,0.9947,0.4892,0.4718,2,True,-3.5568,0.5673,>.80,
IOTA/USDT,2024-12-07,LONG,0.9687,0.4859,0.4718,1,True,-2.9018,0.0651,>.80,
IOTA/USDT,2024-12-17,LONG,0.6334,0.374,0.2911,5,False,-22.1658,0.1683,.60-.70,
IOTA/USDT,2024-12-19,LONG,0.5826,0.2988,0.3253,4,True,8.8688,0.7873,.55-.60,
IOTA/USDT,2024-12-20,LONG,0.6435,0.3052,0.3253,3,True,6.5858,0.2028,.60-.70,
IOTA/USDT,2024-12-21,LONG,0.6206,0.2884,0.3253,2,True,12.7947,0.5341,.60-.70,
IOTA/USDT,2024-12-22,LONG,0.6464,0.2911,0.3253,1,True,11.7485,0.1022,.60-.70,
IOTA/USDT,2024-12-24,LONG,0.5632,0.3424,0.3236,1,True,-5.4907,0.7503,.55-.60,
IOTA/USDT,2024-12-28,LONG,0.6066,0.3123,0.2876,2,True,-7.9091,0.8803,.60-.70,
IOTA/USDT,2024-12-29,LONG,0.5743,0.2921,0.2876,1,True,-1.5406,1.0217,.55-.60,1-1.5x
IOTA/USDT,2025-01-01,LONG,0.5648,0.3202,0.3434,1,True,7.2455,2.0203,.55-.60,2-3x
IOTA/USDT,2025-01-04,LONG,0.655,0.3567,0.338,3,True,-5.2425,0.1618,.60-.70,
IOTA/USDT,2025-01-05,LONG,0.7118,0.358,0.338,2,True,-5.5866,0.0524,.70-.80,
IOTA/USDT,2025-01-06,LONG,0.5883,0.3796,0.338,1,True,-10.9589,0.8532,.55-.60,
IOTA/USDT,2025-01-09,LONG,0.602,0.3041,0.322,1,True,5.8862,0.741,.60-.70,
IOTA/USDT,2025-01-13,LONG,0.6976,0.317,0.3488,1,True,10.0315,0.5336,.60-.70,
IOTA/USDT,2025-01-15,LONG,0.6014,0.3848,0.3298,5,False,-14.2931,1.5852,.60-.70,1.5-2x
IOTA/USDT,2025-01-16,LONG,0.7374,0.3905,0.3353,5,False,-14.1357,0.2278,.70-.80,
IOTA/USDT,2025-01-18,LONG,0.7265,0.3675,0.3353,3,True,-8.7619,1.1936,.70-.80,1-1.5x
IOTA/USDT,2025-01-19,LONG,0.7902,0.3252,0.3353,2,True,3.1058,1.624,.70-.80,1.5-2x
IOTA/USDT,2025-01-24,LONG,0.6567,0.3181,0.2793,4,True,-12.1974,0.1227,.60-.70,
IOTA/USDT,2025-01-26,LONG,0.6109,0.3109,0.2793,2,True,-10.164,0.6948,.60-.70,
IOTA/USDT,2025-01-27,LONG,0.5786,0.3026,0.2793,1,True,-7.6999,0.4837,.55-.60,
IOTA/USDT,2025-02-03,LONG,0.6549,0.2446,0.223,2,True,-8.8307,0.4132,.60-.70,
IOTA/USDT,2025-02-06,LONG,0.8667,0.2095,0.2165,1,True,3.3413,1.1606,>.80,1-1.5x
IOTA/USDT,2025-02-10,LONG,0.6717,0.2304,0.2455,4,True,6.5538,0.8337,.60-.70,
IOTA/USDT,2025-02-13,LONG,0.559,0.2373,0.2455,1,True,3.4555,0.7386,.55-.60,
IOTA/USDT,2025-02-16,LONG,0.5965,0.2291,0.2178,5,False,-4.9323,0.4734,.55-.60,
IOTA/USDT,2025-02-18,LONG,0.5858,0.2174,0.227,5,False,4.4158,0.7788,.55-.60,
IOTA/USDT,2025-02-20,LONG,0.6119,0.2292,0.227,3,True,-0.9599,0.4463,.60-.70,
IOTA/USDT,2025-02-28,LONG,0.6927,0.2028,0.264,2,True,30.1775,0.0899,.60-.70,
IOTA/USDT,2025-03-01,LONG,0.5571,0.2075,0.264,1,True,27.2289,0.5273,.55-.60,
IOTA/USDT,2025-03-03,LONG,0.5912,0.2115,0.2114,3,True,-0.0473,2.2495,.55-.60,2-3x
IOTA/USDT,2025-03-04,LONG,0.6284,0.2095,0.2114,2,True,0.9069,0.1084,.60-.70,
IOTA/USDT,2025-03-05,LONG,0.8795,0.219,0.2114,1,True,-3.4703,0.5182,>.80,
IOTA/USDT,2025-03-08,LONG,0.6363,0.1964,0.1759,1,True,-10.4379,0.4902,.60-.70,
IOTA/USDT,2025-03-11,LONG,0.7086,0.1752,0.1823,1,True,4.0525,0.4723,.70-.80,
IOTA/USDT,2025-03-14,LONG,0.7208,0.1814,0.1853,1,True,2.1499,0.3273,.70-.80,
IOTA/USDT,2025-03-17,LONG,0.5753,0.1834,0.1915,2,True,4.4166,0.6348,.55-.60,
IOTA/USDT,2025-03-20,LONG,0.5557,0.1835,0.1821,2,True,-0.7629,0.4702,.55-.60,
IOTA/USDT,2025-03-21,LONG,0.5997,0.1791,0.1821,1,True,1.675,0.2701,.55-.60,
IOTA/USDT,2025-03-23,LONG,0.6287,0.1851,0.1839,5,False,-0.6483,0.3771,.60-.70,
IOTA/USDT,2025-03-24,LONG,0.5556,0.1907,0.1726,5,False,-9.4913,0.6814,.55-.60,
IOTA/USDT,2025-03-25,LONG,0.5951,0.204,0.1698,5,False,-16.7647,1.5122,.55-.60,1.5-2x
IOTA/USDT,2025-03-26,LONG,0.6312,0.1974,0.1693,5,False,-14.2351,0.7027,.60-.70,
IOTA/USDT,2025-03-27,LONG,0.6442,0.1968,0.1693,4,True,-13.9736,0.0667,.60-.70,
IOTA/USDT,2025-03-28,LONG,0.6331,0.1839,0.1693,3,True,-7.9391,1.3959,.60-.70,1-1.5x
IOTA/USDT,2025-03-29,LONG,0.5823,0.1726,0.1693,2,True,-1.9119,1.4343,.55-.60,1-1.5x
IOTA/USDT,2025-03-30,LONG,0.5594,0.1698,0.1693,1,True,-0.2945,0.3888,.55-.60,
IOTA/USDT,2025-04-04,LONG,0.5598,0.1655,0.1656,1,True,0.0604,0.3246,.55-.60,
ICX/USDT,2024-09-03,LONG,0.5552,0.1196,0.1176,2,True,-1.6722,1.1442,.55-.60,1-1.5x
ICX/USDT,2024-09-04,LONG,0.5715,0.1214,0.1176,1,True,-3.1301,0.4199,.55-.60,
ICX/USDT,2024-09-06,LONG,0.6213,0.1158,0.126,5,False,8.8083,0.4208,.60-.70,
ICX/USDT,2024-09-07,LONG,0.6248,0.1181,0.1302,5,False,10.2456,0.551,.60-.70,
ICX/USDT,2024-09-08,LONG,0.6576,0.1208,0.1302,4,True,7.7815,0.6401,.60-.70,
ICX/USDT,2024-09-09,LONG,0.7549,0.126,0.1302,3,True,3.3333,1.1692,.70-.80,1-1.5x
ICX/USDT,2024-09-10,LONG,0.5627,0.1277,0.1302,2,True,1.9577,0.386,.55-.60,
ICX/USDT,2024-09-11,LONG,0.641,0.126,0.1302,1,True,3.3333,0.3803,.60-.70,
ICX/USDT,2024-09-17,LONG,0.5802,0.1254,0.129,1,True,2.8708,0.9367,.55-.60,
ICX/USDT,2024-09-20,LONG,0.7651,0.1407,0.1491,1,True,5.9701,0.0598,.70-.80,
ICX/USDT,2024-09-22,LONG,0.888,0.1432,0.1511,3,True,5.5168,1.111,>.80,1-1.5x
ICX/USDT,2024-09-23,LONG,0.8204,0.1475,0.1511,2,True,2.4407,0.8822,>.80,
ICX/USDT,2024-09-26,LONG,0.6014,0.1565,0.146,4,True,-6.7093,1.1043,.60-.70,1-1.5x
ICX/USDT,2024-09-27,LONG,0.604,0.1591,0.146,3,True,-8.2338,0.5136,.60-.70,
ICX/USDT,2024-09-28,LONG,0.7971,0.1538,0.146,2,True,-5.0715,0.9778,.70-.80,
ICX/USDT,2024-09-29,LONG,0.6016,0.1545,0.146,1,True,-5.5016,0.1365,.60-.70,
ICX/USDT,2024-10-01,LONG,0.649,0.1364,0.132,1,True,-3.2258,1.6551,.60-.70,1.5-2x
ICX/USDT,2024-10-04,LONG,0.7151,0.1344,0.1391,3,True,3.497,1.0021,.70-.80,1-1.5x
ICX/USDT,2024-10-05,LONG,0.7861,0.1382,0.1391,2,True,0.6512,0.7085,.70-.80,
ICX/USDT,2024-10-06,LONG,0.7142,0.1424,0.1391,1,True,-2.3174,0.7613,.70-.80,
ICX/USDT,2024-10-08,LONG,0.826,0.1375,0.1346,1,True,-2.1091,0.287,>.80,
ICX/USDT,2024-10-14,LONG,0.6098,0.149,0.1443,5,False,-3.1544,1.3724,.60-.70,1-1.5x
ICX/USDT,2024-10-15,LONG,0.7824,0.1466,0.1484,5,False,1.2278,0.4897,.70-.80,
ICX/USDT,2024-10-17,LONG,0.6659,0.1389,0.1433,5,False,3.1677,0.9747,.60-.70,
ICX/USDT,2024-10-18,LONG,0.8443,0.144,0.1433,4,True,-0.4861,1.116,>.80,1-1.5x
ICX/USDT,2024-10-19,LONG,0.7043,0.1443,0.1433,3,True,-0.693,0.0634,.70-.80,
ICX/USDT,2024-10-20,LONG,0.7557,0.1484,0.1433,2,True,-3.4367,0.9117,.70-.80,
ICX/USDT,2024-10-21,LONG,0.7913,0.1416,0.1433,1,True,1.2006,1.5713,.70-.80,1.5-2x
ICX/USDT,2024-10-23,LONG,0.8457,0.1364,0.1383,1,True,1.393,1.6098,>.80,1.5-2x
ICX/USDT,2024-10-26,LONG,0.7642,0.1267,0.1287,1,True,1.5785,0.524,.70-.80,
ICX/USDT,2024-11-06,LONG,0.6693,0.1333,0.1537,5,False,15.3038,2.3593,.60-.70,2-3x
ICX/USDT,2024-11-08,LONG,0.5517,0.136,0.1537,3,True,13.0147,0.2762,.55-.60,
ICX/USDT,2024-11-09,LONG,0.6657,0.1396,0.1537,2,True,10.1003,0.7044,.60-.70,
ICX/USDT,2024-11-10,LONG,0.5504,0.1464,0.1537,1,True,4.9863,1.2896,.55-.60,1-1.5x
ICX/USDT,2024-11-12,LONG,0.7771,0.1529,0.1507,3,True,-1.4388,0.1395,.70-.80,
ICX/USDT,2024-11-13,LONG,0.9298,0.1462,0.1507,2,True,3.078,1.1265,>.80,1-1.5x
ICX/USDT,2024-11-14,LONG,0.8875,0.143,0.1507,1,True,5.3846,0.6149,>.80,
ICX/USDT,2024-11-21,LONG,0.5532,0.1675,0.2132,5,False,27.2836,1.066,.55-.60,1-1.5x
ICX/USDT,2024-11-22,LONG,0.8963,0.1812,0.2193,5,False,21.0265,1.6411,>.80,1.5-2x
ICX/USDT,2024-11-23,LONG,0.7384,0.1915,0.2168,5,False,13.2115,1.1546,.70-.80,1-1.5x
ICX/USDT,2024-11-24,LONG,0.6219,0.2011,0.2168,4,True,7.8071,1.0428,.60-.70,1-1.5x
ICX/USDT,2024-11-25,LONG,0.9243,0.1993,0.2168,3,True,8.7807,0.1838,>.80,
ICX/USDT,2024-11-26,LONG,0.6227,0.2132,0.2168,2,True,1.6886,1.4705,.60-.70,1-1.5x
ICX/USDT,2024-11-27,LONG,0.7127,0.2193,0.2168,1,True,-1.14,0.6049,.70-.80,
ICX/USDT,2024-11-29,LONG,0.7272,0.2329,0.2549,3,True,9.4461,1.5097,.70-.80,1.5-2x
ICX/USDT,2024-12-04,LONG,0.8364,0.2783,0.2755,3,True,-1.0061,0.1115,>.80,
ICX/USDT,2024-12-05,LONG,0.9383,0.2642,0.2755,2,True,4.2771,0.9841,>.80,
ICX/USDT,2024-12-06,LONG,0.9691,0.2679,0.2755,1,True,2.8369,0.2814,>.80,
ICX/USDT,2024-12-09,LONG,0.574,0.2225,0.2328,3,True,4.6292,3.0001,.55-.60,3-5x
ICX/USDT,2024-12-10,LONG,0.9393,0.2139,0.2328,2,True,8.8359,0.5948,>.80,
ICX/USDT,2024-12-11,LONG,0.7245,0.2287,0.2328,1,True,1.7927,1.0547,.70-.80,1-1.5x
ICX/USDT,2024-12-17,LONG,0.6419,0.204,0.1803,1,True,-11.6176,1.0356,.60-.70,1-1.5x
ICX/USDT,2024-12-20,LONG,0.6766,0.1713,0.1634,1,True,-4.6118,0.5358,.60-.70,
ICX/USDT,2024-12-22,LONG,0.8109,0.1686,0.1803,1,True,6.9395,0.4687,>.80,
ICX/USDT,2024-12-24,LONG,0.6009,0.1913,0.1903,4,True,-0.5227,0.8972,.60-.70,
ICX/USDT,2024-12-25,LONG,0.8257,0.1878,0.1903,3,True,1.3312,0.271,>.80,
ICX/USDT,2024-12-26,LONG,0.7451,0.1735,0.1903,2,True,9.683,1.1114,.70-.80,1-1.5x
ICX/USDT,2024-12-27,LONG,0.6437,0.1797,0.1903,1,True,5.8987,0.5194,.60-.70,
ICX/USDT,2024-12-30,LONG,0.5874,0.1905,0.181,1,True,-4.9869,1.1452,.55-.60,1-1.5x
ICX/USDT,2025-01-01,LONG,0.7636,0.1868,0.1902,1,True,1.8201,0.5486,.70-.80,
ICX/USDT,2025-01-03,LONG,0.6663,0.1993,0.1995,1,True,0.1004,0.8113,.60-.70,
ICX/USDT,2025-01-05,LONG,0.5633,0.2085,0.2151,1,True,3.1655,0.7659,.55-.60,
ICX/USDT,2025-01-11,LONG,0.5639,0.1996,0.1895,3,True,-5.0601,0.0,.55-.60,
ICX/USDT,2025-01-12,LONG,0.6614,0.194,0.1895,2,True,-2.3196,0.5371,.60-.70,
ICX/USDT,2025-01-17,LONG,0.6578,0.199,0.1694,5,False,-14.8744,0.8263,.60-.70,
ICX/USDT,2025-01-18,LONG,0.8415,0.1863,0.1655,5,False,-11.1648,1.2742,>.80,1-1.5x
ICX/USDT,2025-01-20,LONG,0.6018,0.1702,0.1655,3,True,-2.7615,0.1393,.60-.70,
ICX/USDT,2025-01-21,LONG,0.7824,0.1746,0.1655,2,True,-5.2119,0.5093,.70-.80,
ICX/USDT,2025-01-22,LONG,0.5823,0.1694,0.1655,1,True,-2.3022,0.5853,.55-.60,
ICX/USDT,2025-01-26,LONG,0.636,0.1641,0.1518,3,True,-7.4954,0.3877,.60-.70,
ICX/USDT,2025-01-27,LONG,0.5572,0.1603,0.1518,2,True,-5.3026,0.5704,.55-.60,
ICX/USDT,2025-01-28,LONG,0.6294,0.1506,0.1518,1,True,0.7968,1.4415,.60-.70,1-1.5x
ICX/USDT,2025-01-30,LONG,0.5684,0.1586,0.1459,2,True,-8.0076,1.1024,.55-.60,1-1.5x
ICX/USDT,2025-01-31,LONG,0.6087,0.1569,0.1459,1,True,-7.0108,0.2643,.60-.70,
ICX/USDT,2025-02-06,LONG,0.8689,0.1223,0.1225,1,True,0.1635,0.9006,>.80,
ICX/USDT,2025-02-08,LONG,0.5854,0.1269,0.1267,1,True,-0.1576,0.9174,.55-.60,
ICX/USDT,2025-02-11,LONG,0.6723,0.1277,0.1323,2,True,3.6022,0.3988,.60-.70,
ICX/USDT,2025-02-12,LONG,0.5911,0.1354,0.1323,1,True,-2.2895,1.4384,.55-.60,1-1.5x
ICX/USDT,2025-02-14,LONG,0.6231,0.1337,0.131,1,True,-2.0194,0.2569,.60-.70,
ICX/USDT,2025-02-16,LONG,0.5723,0.1301,0.1245,2,True,-4.3044,0.1672,.55-.60,
ICX/USDT,2025-02-24,LONG,0.5653,0.1194,0.1192,3,True,-0.1675,2.6625,.55-.60,2-3x
ICX/USDT,2025-02-28,LONG,0.6895,0.1186,0.1113,3,True,-6.1551,0.1338,.60-.70,
ICX/USDT,2025-03-02,LONG,0.572,0.1251,0.1113,1,True,-11.0312,1.4321,.55-.60,1-1.5x
ICX/USDT,2025-03-04,LONG,0.5769,0.1099,0.0978,5,False,-11.01,0.2875,.55-.60,
ICX/USDT,2025-03-09,LONG,0.608,0.0978,0.0989,4,True,1.1247,2.0539,.60-.70,2-3x
ICX/USDT,2025-03-11,LONG,0.6491,0.0986,0.0989,2,True,0.3043,1.2056,.60-.70,1-1.5x
ICX/USDT,2025-03-14,LONG,0.6654,0.1025,0.1044,1,True,1.8537,0.7665,.60-.70,
ICX/USDT,2025-03-17,LONG,0.5784,0.10379,0.10658,2,True,2.6881,0.8965,.55-.60,
ICX/USDT,2025-03-18,LONG,0.6946,0.1049,0.10658,1,True,1.6015,0.2393,.60-.70,
ICX/USDT,2025-03-20,LONG,0.7373,0.10121,0.10123,3,True,0.0198,1.0939,.70-.80,1-1.5x
ICX/USDT,2025-03-21,LONG,0.8686,0.09994,0.10123,2,True,1.2908,0.2724,>.80,
ICX/USDT,2025-03-22,LONG,0.6997,0.10206,0.10123,1,True,-0.8132,0.4809,.60-.70,
ICX/USDT,2025-03-26,LONG,0.6631,0.10571,0.09298,5,False,-12.0424,0.3167,.60-.70,
ICX/USDT,2025-03-27,LONG,0.8182,0.10549,0.09421,5,False,-10.693,0.0546,>.80,
ICX/USDT,2025-03-28,LONG,0.7304,0.0986,0.09421,4,True,-4.4523,1.6023,.70-.80,1.5-2x
ICX/USDT,2025-03-29,LONG,0.5689,0.09177,0.09421,3,True,2.6588,1.8433,.55-.60,1.5-2x
ICX/USDT,2025-03-30,LONG,0.7737,0.09244,0.09421,2,True,1.9148,0.2029,.70-.80,
ICX/USDT,2025-03-31,LONG,0.8464,0.09298,0.09421,1,True,1.3229,0.1762,>.80,
ICX/USDT,2025-04-03,LONG,0.8612,0.08626,0.08493,2,True,-1.5419,0.0482,>.80,
ICX/USDT,2025-04-04,LONG,0.6105,0.08647,0.08493,1,True,-1.781,0.0684,.60-.70,
ICX/USDT,2025-04-06,LONG,0.695,0.07569,0.08404,3,True,11.0318,2.7476,.60-.70,2-3x
LSK/USDT,2024-09-08,LONG,0.6816,0.7681,0.8101,5,False,5.468,1.3099,.60-.70,1-1.5x
LSK/USDT,2024-09-09,LONG,0.6272,0.791,0.8076,5,False,2.0986,0.8731,.60-.70,
LSK/USDT,2024-09-11,LONG,0.7637,0.7871,0.8076,3,True,2.6045,0.5269,.70-.80,
LSK/USDT,2024-09-12,LONG,0.6541,0.8005,0.8076,2,True,0.8869,0.5665,.60-.70,
LSK/USDT,2024-09-15,LONG,0.5502,0.7814,0.7917,2,True,1.3181,1.1223,.55-.60,1-1.5x
LSK/USDT,2024-09-16,LONG,0.6072,0.7713,0.7917,1,True,2.6449,0.5347,.60-.70,
LSK/USDT,2024-09-25,LONG,0.6414,0.9179,0.8889,5,False,-3.1594,0.6141,.60-.70,
LSK/USDT,2024-09-26,LONG,0.5981,0.9569,0.8889,4,True,-7.1063,1.3376,.55-.60,1-1.5x
LSK/USDT,2024-09-27,LONG,0.551,0.9679,0.8889,3,True,-8.162,0.3619,.55-.60,
LSK/USDT,2024-09-29,LONG,0.6583,0.9395,0.8889,1,True,-5.3858,0.1789,.60-.70,
LSK/USDT,2024-10-07,LONG,0.7806,0.8154,0.8259,1,True,1.2877,0.4585,.70-.80,
LSK/USDT,2024-10-11,LONG,0.7059,0.8345,0.8412,1,True,0.8029,1.1295,.70-.80,1-1.5x
LSK/USDT,2024-10-16,LONG,0.6093,0.8303,0.8136,1,True,-2.0113,0.7262,.60-.70,
LSK/USDT,2024-10-18,LONG,0.8478,0.8268,0.8147,5,False,-1.4635,0.4681,>.80,
LSK/USDT,2024-10-19,LONG,0.7398,0.8349,0.8152,5,False,-2.3596,0.2812,.70-.80,
LSK/USDT,2024-10-20,LONG,0.7407,0.8644,0.8152,4,True,-5.6918,1.0393,.70-.80,1-1.5x
LSK/USDT,2024-10-21,LONG,0.7991,0.8356,0.8152,3,True,-2.4414,1.176,.70-.80,1-1.5x
LSK/USDT,2024-10-22,LONG,0.6019,0.8532,0.8152,2,True,-4.4538,0.7937,.60-.70,
LSK/USDT,2024-10-23,LONG,0.8268,0.8147,0.8152,1,True,0.0614,1.576,>.80,1.5-2x
LSK/USDT,2024-10-26,LONG,0.859,0.7644,0.7764,1,True,1.5699,0.13,>.80,
LSK/USDT,2024-10-28,LONG,0.7343,0.7906,0.8153,1,True,3.1242,0.6197,.70-.80,
LSK/USDT,2024-10-30,LONG,0.5773,0.811,0.7707,1,True,-4.9692,0.1775,.55-.60,
LSK/USDT,2024-11-02,LONG,0.5918,0.757,0.84,5,False,10.9643,0.66,.55-.60,
LSK/USDT,2024-11-05,LONG,0.5743,0.7543,0.902,5,False,19.5811,1.4168,.55-.60,1-1.5x
LSK/USDT,2024-11-06,LONG,0.658,0.8088,0.9496,5,False,17.4085,2.1232,.60-.70,2-3x
LSK/USDT,2024-11-07,LONG,0.7288,0.84,0.9496,4,True,13.0476,1.1041,.70-.80,1-1.5x
LSK/USDT,2024-11-08,LONG,0.7191,0.8362,0.9496,3,True,13.5613,0.1296,.70-.80,
LSK/USDT,2024-11-09,LONG,0.618,0.8536,0.9496,2,True,11.2465,0.6069,.60-.70,
LSK/USDT,2024-11-10,LONG,0.6236,0.902,0.9496,1,True,5.2772,1.5937,.60-.70,1.5-2x
LSK/USDT,2024-11-13,LONG,0.846,0.9611,1.0154,3,True,5.6498,0.7252,>.80,
LSK/USDT,2024-11-14,LONG,0.9019,0.8939,1.0154,2,True,13.5921,1.8878,>.80,1.5-2x
LSK/USDT,2024-11-15,LONG,0.8164,0.9486,1.0154,1,True,7.042,1.5763,>.80,1.5-2x
LSK/USDT,2024-11-18,LONG,0.6727,1.0502,1.05,1,True,-0.019,2.0392,.60-.70,2-3x
LSK/USDT,2024-11-25,LONG,0.5847,1.1611,1.3024,4,True,12.1695,0.3343,.55-.60,
LSK/USDT,2024-11-26,LONG,0.6341,1.2273,1.3024,3,True,6.1191,1.3387,.60-.70,1-1.5x
LSK/USDT,2024-11-27,LONG,0.7938,1.2698,1.3024,2,True,2.5673,0.8144,.70-.80,
LSK/USDT,2024-11-28,LONG,0.8977,1.241,1.3024,1,True,4.9476,0.5239,>.80,
LSK/USDT,2024-11-30,LONG,0.6684,1.3197,1.3157,2,True,-0.3031,0.3086,.60-.70,
LSK/USDT,2024-12-01,LONG,0.7812,1.3182,1.3157,1,True,-0.1897,0.0267,.70-.80,
LSK/USDT,2024-12-05,LONG,0.6476,1.3773,1.3935,1,True,1.1762,1.0632,.60-.70,1-1.5x
LSK/USDT,2024-12-07,LONG,0.8073,1.377,1.4076,1,True,2.2222,0.345,>.80,
LSK/USDT,2024-12-12,LONG,0.8516,1.1798,1.1053,2,True,-6.3146,0.2574,>.80,
LSK/USDT,2024-12-13,LONG,0.6074,1.1774,1.1053,1,True,-6.1237,0.0364,.60-.70,
LSK/USDT,2024-12-17,LONG,0.7232,1.0375,0.9427,1,True,-9.1373,0.9456,.70-.80,
LSK/USDT,2024-12-19,LONG,0.705,0.8735,0.9199,1,True,5.312,1.2395,.70-.80,1-1.5x
LSK/USDT,2024-12-23,LONG,0.8804,0.9572,0.9817,5,False,2.5595,0.7581,>.80,
LSK/USDT,2024-12-24,LONG,0.5867,1.0022,0.942,5,False,-6.0068,0.7653,.55-.60,
LSK/USDT,2024-12-25,LONG,0.9901,0.9782,0.942,4,True,-3.7007,0.3916,>.80,
LSK/USDT,2024-12-26,LONG,0.6001,0.9104,0.942,3,True,3.471,1.1185,.60-.70,1-1.5x
LSK/USDT,2024-12-27,LONG,0.6464,0.926,0.942,2,True,1.7279,0.2742,.60-.70,
LSK/USDT,2024-12-28,LONG,0.9885,0.9817,0.942,1,True,-4.044,0.9354,>.80,
LSK/USDT,2025-01-01,LONG,0.5679,0.9336,1.0051,3,True,7.6585,0.5063,.55-.60,
LSK/USDT,2025-01-02,LONG,0.7505,0.9583,1.0051,2,True,4.8836,0.5472,.70-.80,
LSK/USDT,2025-01-03,LONG,0.6886,0.9978,1.0051,1,True,0.7316,0.8594,.60-.70,
LSK/USDT,2025-01-05,LONG,0.6851,1.022,0.9444,2,True,-7.593,0.3591,.60-.70,
LSK/USDT,2025-01-06,LONG,0.5598,1.0466,0.9444,1,True,-9.765,0.5282,.55-.60,
LSK/USDT,2025-01-08,LONG,0.6794,0.985,1.0073,5,False,2.264,0.9853,.60-.70,
LSK/USDT,2025-01-09,LONG,0.8682,1.1519,1.0435,5,False,-9.4105,3.0211,>.80,3-5x
LSK/USDT,2025-01-11,LONG,0.8642,1.0664,1.0435,3,True,-2.1474,0.4149,>.80,
LSK/USDT,2025-01-12,LONG,0.9493,1.0789,1.0435,2,True,-3.2811,0.2082,>.80,
LSK/USDT,2025-01-13,LONG,0.5594,1.0073,1.0435,1,True,3.5938,1.1484,.55-.60,1-1.5x
LSK/USDT,2025-01-16,LONG,0.8721,0.9926,0.9071,3,True,-8.6137,0.7571,>.80,
LSK/USDT,2025-01-17,LONG,0.8161,1.0315,0.9071,2,True,-12.0601,0.7056,>.80,
LSK/USDT,2025-01-18,LONG,0.7469,0.9618,0.9071,1,True,-5.6873,1.1856,.70-.80,1-1.5x
LSK/USDT,2025-01-22,LONG,0.6171,0.8988,0.8811,2,True,-1.9693,0.5333,.60-.70,
LSK/USDT,2025-01-23,LONG,0.8163,0.8909,0.8811,1,True,-1.1,0.1533,>.80,
LSK/USDT,2025-01-26,LONG,0.5592,0.8977,0.8764,1,True,-2.3727,0.1124,.55-.60,
LSK/USDT,2025-01-28,LONG,0.6382,0.8242,0.8238,4,True,-0.0485,1.114,.60-.70,1-1.5x
LSK/USDT,2025-01-30,LONG,0.5735,0.8702,0.8238,2,True,-5.3321,0.7651,.55-.60,
LSK/USDT,2025-01-31,LONG,0.6267,0.8665,0.8238,1,True,-4.9279,0.1218,.60-.70,
LSK/USDT,2025-02-03,LONG,0.6649,0.749,0.6845,3,True,-8.6115,0.5587,.60-.70,
LSK/USDT,2025-02-05,LONG,0.6092,0.7049,0.6845,1,True,-2.894,0.5112,.60-.70,
LSK/USDT,2025-02-07,LONG,0.6105,0.6854,0.7256,2,True,5.8652,0.0371,.60-.70,
LSK/USDT,2025-02-11,LONG,0.6023,0.7263,0.7431,4,True,2.3131,0.4839,.60-.70,
LSK/USDT,2025-02-14,LONG,0.6147,0.7659,0.7431,1,True,-2.9769,0.633,.60-.70,
LSK/USDT,2025-02-16,LONG,0.5916,0.7646,0.7616,3,True,-0.3924,0.6922,.55-.60,
LSK/USDT,2025-02-20,LONG,0.5969,0.7768,0.6828,5,False,-12.1009,0.4889,.55-.60,
LSK/USDT,2025-02-25,LONG,0.632,0.6828,0.6666,1,True,-2.3726,0.4727,.60-.70,
LSK/USDT,2025-03-01,LONG,0.5584,0.6738,0.6088,5,False,-9.6468,0.1436,.55-.60,
LSK/USDT,2025-03-02,LONG,0.5913,0.6972,0.6088,4,True,-12.6793,0.9475,.55-.60,
LSK/USDT,2025-03-03,LONG,0.6018,0.6109,0.6088,3,True,-0.3438,2.7152,.60-.70,2-3x
LSK/USDT,2025-03-04,LONG,0.5863,0.5996,0.6088,2,True,1.5344,0.4377,.55-.60,
LSK/USDT,2025-03-11,LONG,0.586,0.5491,0.5468,2,True,-0.4189,0.667,.55-.60,
LSK/USDT,2025-03-12,LONG,0.57,0.5547,0.5468,1,True,-1.4242,0.2361,.55-.60,
LSK/USDT,2025-03-17,LONG,0.6139,0.5739,0.5612,1,True,-2.2129,0.9847,.60-.70,
LSK/USDT,2025-03-20,LONG,0.6049,0.5643,0.5533,1,True,-1.9493,0.6216,.60-.70,
LSK/USDT,2025-03-23,LONG,0.6885,0.5668,0.5946,2,True,4.9047,0.3581,.60-.70,
LSK/USDT,2025-03-24,LONG,0.6668,0.593,0.5946,1,True,0.2698,1.4627,.60-.70,1-1.5x
LSK/USDT,2025-03-26,LONG,0.6736,0.5804,0.5061,5,False,-12.8015,0.7639,.60-.70,
LSK/USDT,2025-03-27,LONG,0.6913,0.5779,0.5115,5,False,-11.4899,0.1381,.60-.70,
LSK/USDT,2025-03-28,LONG,0.8251,0.5422,0.5115,4,True,-5.6621,1.8203,>.80,1.5-2x
LSK/USDT,2025-03-29,LONG,0.5707,0.5197,0.5115,3,True,-1.5778,1.4209,.55-.60,1-1.5x
LSK/USDT,2025-03-30,LONG,0.5786,0.512,0.5115,2,True,-0.0977,0.5168,.55-.60,
LSK/USDT,2025-03-31,LONG,0.742,0.5061,0.5115,1,True,1.067,0.4145,.70-.80,
DGB/USDT,2024-08-28,LONG,0.5712,0.006427,0.006457,1,True,0.4668,0.2354,.55-.60,
DGB/USDT,2024-09-01,LONG,0.7075,0.006246,0.006236,2,True,-0.1601,0.6124,.70-.80,
DGB/USDT,2024-09-02,LONG,0.6732,0.006477,0.006236,1,True,-3.7209,0.9474,.60-.70,
DGB/USDT,2024-09-08,LONG,0.6457,0.006304,0.006598,5,False,4.6637,0.5705,.60-.70,
DGB/USDT,2024-09-09,LONG,0.6092,0.006521,0.006598,4,True,1.1808,0.9307,.60-.70,
DGB/USDT,2024-09-11,LONG,0.6809,0.006396,0.006598,2,True,3.1582,0.1613,.60-.70,
DGB/USDT,2024-09-12,LONG,0.6205,0.006448,0.006598,1,True,2.3263,0.2637,.60-.70,
DGB/USDT,2024-09-15,LONG,0.6009,0.006546,0.006494,2,True,-0.7944,0.9993,.60-.70,
DGB/USDT,2024-09-16,LONG,0.6257,0.006333,0.006494,1,True,2.5422,1.4313,.60-.70,1-1.5x
DGB/USDT,2024-09-18,LONG,0.7108,0.00662,0.007012,3,True,5.9215,0.818,.70-.80,
DGB/USDT,2024-09-19,LONG,0.6525,0.006886,0.007012,2,True,1.8298,1.5917,.60-.70,1.5-2x
DGB/USDT,2024-09-24,LONG,0.5615,0.007002,0.006969,1,True,-0.4713,0.8114,.55-.60,
DGB/USDT,2024-09-29,LONG,0.5646,0.007136,0.006997,1,True,-1.9479,0.2819,.55-.60,
DGB/USDT,2024-10-05,LONG,0.6466,0.006573,0.006471,4,True,-1.5518,0.9712,.60-.70,
DGB/USDT,2024-10-06,LONG,0.6429,0.00673,0.006471,3,True,-3.8484,0.8234,.60-.70,
DGB/USDT,2024-10-07,LONG,0.723,0.006659,0.006471,2,True,-2.8232,0.3677,.70-.80,
DGB/USDT,2024-10-08,LONG,0.6691,0.006585,0.006471,1,True,-1.7312,0.3898,.60-.70,
DGB/USDT,2024-10-13,LONG,0.6159,0.006771,0.006793,5,False,0.3249,0.1521,.60-.70,
DGB/USDT,2024-10-15,LONG,0.6755,0.006784,0.006793,3,True,0.1327,0.6362,.60-.70,
DGB/USDT,2024-10-16,LONG,0.6331,0.006785,0.006793,2,True,0.1179,0.0052,.60-.70,
DGB/USDT,2024-10-17,LONG,0.6273,0.006637,0.006793,1,True,2.3505,0.7768,.60-.70,
DGB/USDT,2024-10-20,LONG,0.754,0.007102,0.006873,1,True,-3.2244,1.2822,.70-.80,1-1.5x
DGB/USDT,2024-10-24,LONG,0.5807,0.006288,0.005969,1,True,-5.0732,0.446,.55-.60,
DGB/USDT,2024-10-26,LONG,0.8677,0.006057,0.005878,5,False,-2.9553,0.4908,>.80,
DGB/USDT,2024-10-27,LONG,0.6544,0.006181,0.005828,5,False,-5.711,0.6708,.60-.70,
DGB/USDT,2024-10-28,LONG,0.6948,0.006087,0.005658,5,False,-7.0478,0.4971,.60-.70,
DGB/USDT,2024-10-29,LONG,0.682,0.006194,0.00527,5,False,-14.9177,0.5716,.60-.70,
DGB/USDT,2024-10-30,LONG,0.7292,0.006113,0.00527,4,True,-13.7903,0.425,.70-.80,
DGB/USDT,2024-11-01,LONG,0.7515,0.005828,0.00527,2,True,-9.5745,0.2842,.70-.80,
DGB/USDT,2024-11-02,LONG,0.6416,0.005658,0.00527,1,True,-6.8575,0.9655,.60-.70,
DGB/USDT,2024-11-07,LONG,0.8872,0.006262,0.006281,1,True,0.3034,0.8653,>.80,
DGB/USDT,2024-11-10,LONG,0.697,0.007067,0.007529,3,True,6.5374,1.2659,.60-.70,1-1.5x
DGB/USDT,2024-11-11,LONG,0.6686,0.007381,0.007529,2,True,2.0051,0.8958,.60-.70,
DGB/USDT,2024-11-12,LONG,0.7704,0.006835,0.007529,1,True,10.1536,1.5304,.70-.80,1.5-2x
DGB/USDT,2024-11-14,LONG,0.905,0.00695,0.008907,1,True,28.1583,1.4082,>.80,1-1.5x
DGB/USDT,2024-11-16,LONG,0.9922,0.008659,0.008221,1,True,-5.0583,0.3369,>.80,
DGB/USDT,2024-11-18,LONG,0.9873,0.008708,0.008629,1,True,-0.9072,0.7027,>.80,
DGB/USDT,2024-11-21,LONG,0.8469,0.010441,0.011014,1,True,5.488,0.1531,>.80,
DGB/USDT,2024-11-23,LONG,0.9975,0.0116,0.011751,1,True,1.3017,0.5878,>.80,
DGB/USDT,2024-11-25,LONG,0.8211,0.010899,0.010592,1,True,-2.8168,0.7785,>.80,
DGB/USDT,2024-11-28,LONG,0.7082,0.010944,0.015305,3,True,39.8483,0.0531,.70-.80,
DGB/USDT,2024-11-29,LONG,0.6764,0.011339,0.015305,2,True,34.9766,0.391,.60-.70,
DGB/USDT,2024-11-30,LONG,0.9056,0.01654,0.015305,1,True,-7.4667,3.4481,>.80,3-5x
DGB/USDT,2024-12-04,LONG,0.7465,0.020363,0.018921,1,True,-7.0815,0.5778,.70-.80,
DGB/USDT,2024-12-08,LONG,0.6345,0.017838,0.015311,5,False,-14.1664,0.4867,.60-.70,
DGB/USDT,2024-12-09,LONG,0.7043,0.014799,0.015121,5,False,2.1758,1.2601,.70-.80,1-1.5x
DGB/USDT,2024-12-13,LONG,0.6057,0.015311,0.015121,1,True,-1.2409,0.1733,.60-.70,
DGB/USDT,2024-12-17,LONG,0.559,0.013799,0.012258,1,True,-11.1675,0.5041,.55-.60,
DGB/USDT,2024-12-24,LONG,0.5788,0.013325,0.012973,1,True,-2.6417,0.8742,.55-.60,
DGB/USDT,2024-12-27,LONG,0.6053,0.011671,0.012065,1,True,3.3759,0.5977,.60-.70,
DGB/USDT,2025-01-01,LONG,0.5989,0.012628,0.014455,2,True,14.4678,2.8377,.55-.60,2-3x
DGB/USDT,2025-01-02,LONG,0.6586,0.013842,0.014455,1,True,4.4286,1.2573,.60-.70,1-1.5x
DGB/USDT,2025-01-04,LONG,0.6291,0.015282,0.012341,5,False,-19.2449,0.7368,.60-.70,
DGB/USDT,2025-01-05,LONG,0.7867,0.014394,0.01263,5,False,-12.2551,0.7501,.70-.80,
DGB/USDT,2025-01-06,LONG,0.6224,0.014843,0.01263,4,True,-14.9094,0.4099,.60-.70,
DGB/USDT,2025-01-07,LONG,0.5708,0.013464,0.01263,3,True,-6.1943,1.2442,.55-.60,1-1.5x
DGB/USDT,2025-01-08,LONG,0.7026,0.012485,0.01263,2,True,1.1614,0.9661,.70-.80,
DGB/USDT,2025-01-21,LONG,0.5526,0.01137,0.011757,4,True,3.4037,0.694,.55-.60,
DGB/USDT,2025-01-23,LONG,0.5833,0.010656,0.011757,2,True,10.3322,0.6944,.55-.60,
DGB/USDT,2025-01-24,LONG,0.5767,0.010541,0.011757,1,True,11.5359,0.1966,.55-.60,
DGB/USDT,2025-01-28,LONG,0.696,0.010348,0.010837,3,True,4.7256,0.7876,.60-.70,
DGB/USDT,2025-02-06,LONG,0.7262,0.00837,0.008361,3,True,-0.1075,0.1755,.70-.80,
DGB/USDT,2025-02-10,LONG,0.5518,0.008434,0.008541,5,False,1.2687,0.1643,.55-.60,
DGB/USDT,2025-02-11,LONG,0.6262,0.008269,0.008541,4,True,3.2894,0.3683,.60-.70,
DGB/USDT,2025-02-13,LONG,0.5865,0.00857,0.008541,2,True,-0.3384,0.3477,.55-.60,
DGB/USDT,2025-02-14,LONG,0.6581,0.008759,0.008541,1,True,-2.4889,0.4663,.60-.70,
DGB/USDT,2025-02-16,LONG,0.5724,0.008592,0.008485,1,True,-1.2453,0.1386,.55-.60,
DGB/USDT,2025-02-20,LONG,0.5719,0.008274,0.00813,3,True,-1.7404,0.3173,.55-.60,
DGB/USDT,2025-02-26,LONG,0.572,0.0078,0.007807,1,True,0.0897,0.4515,.55-.60,
DGB/USDT,2025-02-28,LONG,0.5851,0.007752,0.009024,2,True,16.4087,0.178,.55-.60,
DGB/USDT,2025-03-01,LONG,0.599,0.007475,0.009024,1,True,20.7224,0.8895,.55-.60,
DGB/USDT,2025-03-05,LONG,0.7816,0.008372,0.00915,1,True,9.2929,0.5318,.70-.80,
DGB/USDT,2025-03-09,LONG,0.9623,0.01003,0.008604,1,True,-14.2173,1.1793,>.80,1-1.5x
DGB/USDT,2025-03-11,LONG,0.9728,0.008746,0.008463,1,True,-3.2358,0.1911,>.80,
DGB/USDT,2025-03-15,LONG,0.5799,0.008312,0.008291,2,True,-0.2526,0.3243,.55-.60,
DGB/USDT,2025-03-16,LONG,0.6702,0.008211,0.008291,1,True,0.9743,0.1474,.60-.70,
DGB/USDT,2025-03-18,LONG,0.7663,0.00819,0.008376,1,True,2.2711,0.1488,.70-.80,
DGB/USDT,2025-03-20,LONG,0.693,0.008131,0.00783,2,True,-3.7019,0.3555,.60-.70,
DGB/USDT,2025-03-21,LONG,0.7455,0.007793,0.00783,1,True,0.4748,0.5042,.70-.80,
DGB/USDT,2025-03-23,LONG,0.6553,0.008154,0.010084,5,False,23.6694,0.6458,.60-.70,
DGB/USDT,2025-03-24,LONG,0.5848,0.009089,0.010084,4,True,10.9473,1.6665,.55-.60,1.5-2x
DGB/USDT,2025-03-25,LONG,0.6787,0.010084,0.010084,3,True,0.0,1.5147,.60-.70,1.5-2x
DGB/USDT,2025-03-26,LONG,0.7459,0.011009,0.010084,2,True,-8.4022,1.2704,.70-.80,1-1.5x
DGB/USDT,2025-03-27,LONG,0.8841,0.010559,0.010084,1,True,-4.4985,0.561,>.80,
DGB/USDT,2025-04-04,LONG,0.7223,0.010409,0.009402,4,True,-9.6743,0.1407,.70-.80,
DGB/USDT,2025-04-05,LONG,0.8371,0.009164,0.009402,3,True,2.5971,1.496,>.80,1-1.5x
DGB/USDT,2025-04-06,LONG,0.9637,0.009059,0.009402,2,True,3.7863,0.1431,>.80,
WIN/USDT,2024-08-28,LONG,0.7649,9.2e-05,9.2e-05,1,True,0.6542,0.022,.70-.80,
WIN/USDT,2024-09-02,LONG,0.6955,9.1e-05,8.9e-05,2,True,-2.3652,1.1908,.60-.70,1-1.5x
WIN/USDT,2024-09-03,LONG,0.5567,8.7e-05,8.9e-05,1,True,1.9295,0.9927,.55-.60,
WIN/USDT,2024-09-05,LONG,0.765,8.6e-05,8.8e-05,3,True,2.4359,0.6683,.70-.80,
WIN/USDT,2024-09-07,LONG,0.6409,8.6e-05,8.8e-05,1,True,2.6622,0.3555,.60-.70,
WIN/USDT,2024-09-09,LONG,0.6461,9.1e-05,8.9e-05,4,True,-1.4586,0.6399,.60-.70,
WIN/USDT,2024-09-10,LONG,0.5533,9e-05,8.9e-05,3,True,-0.7125,0.1976,.55-.60,
WIN/USDT,2024-09-11,LONG,0.8221,8.9e-05,8.9e-05,2,True,-0.1903,0.1416,>.80,
WIN/USDT,2024-09-12,LONG,0.6159,8.9e-05,8.9e-05,1,True,-0.3575,0.049,.60-.70,
WIN/USDT,2024-09-15,LONG,0.5647,8.7e-05,9.1e-05,5,False,4.9248,0.4334,.55-.60,
WIN/USDT,2024-09-18,LONG,0.6044,8.6e-05,9.1e-05,4,True,5.9689,0.4837,.60-.70,
WIN/USDT,2024-09-19,LONG,0.5573,9e-05,9.1e-05,3,True,0.9683,1.8936,.55-.60,1.5-2x
WIN/USDT,2024-10-03,LONG,0.5614,8.3e-05,8.8e-05,5,False,5.301,0.5112,.55-.60,
WIN/USDT,2024-10-15,LONG,0.5602,8.8e-05,8.7e-05,3,True,-0.7302,0.5895,.55-.60,
WIN/USDT,2024-10-16,LONG,0.5604,8.7e-05,8.7e-05,2,True,-0.412,0.1256,.55-.60,
WIN/USDT,2024-10-21,LONG,0.5891,8.8e-05,8.8e-05,3,True,-0.7693,1.689,.55-.60,1.5-2x
WIN/USDT,2024-10-22,LONG,0.5617,8.9e-05,8.8e-05,2,True,-1.0269,0.1231,.55-.60,
WIN/USDT,2024-10-23,LONG,0.6603,8.6e-05,8.8e-05,1,True,1.4106,1.1086,.60-.70,1-1.5x
WIN/USDT,2024-10-26,LONG,0.6869,8.4e-05,8.5e-05,1,True,0.664,0.3458,.60-.70,
WIN/USDT,2024-10-30,LONG,0.6365,8.9e-05,7.2e-05,5,False,-18.6512,0.2113,.60-.70,
WIN/USDT,2024-10-31,LONG,0.7241,8.2e-05,7.4e-05,5,False,-10.8321,2.5455,.70-.80,2-3x
WIN/USDT,2024-11-01,LONG,0.709,8.1e-05,7.8e-05,5,False,-3.7982,0.6035,.70-.80,
WIN/USDT,2024-11-02,LONG,0.6988,7.8e-05,7.6e-05,5,False,-2.8871,1.2426,.60-.70,1-1.5x
WIN/USDT,2024-11-03,LONG,0.6337,7.5e-05,7.5e-05,5,False,0.2411,1.6144,.60-.70,1.5-2x
WIN/USDT,2024-11-04,LONG,0.6642,7.2e-05,7.5e-05,4,True,3.9161,1.2061,.60-.70,1-1.5x
WIN/USDT,2024-11-06,LONG,0.7034,7.8e-05,7.5e-05,2,True,-4.0764,1.8153,.70-.80,1.5-2x
WIN/USDT,2024-11-12,LONG,0.8555,7.9e-05,7.7e-05,3,True,-2.9523,1.0328,>.80,1-1.5x
WIN/USDT,2024-11-13,LONG,0.9826,7.5e-05,7.7e-05,2,True,2.043,1.3237,>.80,1-1.5x
WIN/USDT,2024-11-14,LONG,0.9597,7.4e-05,7.7e-05,1,True,4.4541,0.6407,>.80,
WIN/USDT,2024-11-18,LONG,0.7784,8.2e-05,8e-05,1,True,-3.056,1.2032,.70-.80,1-1.5x
WIN/USDT,2024-11-20,LONG,0.5722,7.7e-05,8.1e-05,1,True,5.0195,1.0095,.55-.60,1-1.5x
WIN/USDT,2024-11-22,LONG,0.8317,8.3e-05,9.7e-05,5,False,17.0316,0.6107,>.80,
WIN/USDT,2024-11-23,LONG,0.7253,9e-05,9.6e-05,5,False,6.4087,2.1917,.70-.80,2-3x
WIN/USDT,2024-11-24,LONG,0.67,9.4e-05,9.6e-05,4,True,2.1283,1.0319,.60-.70,1-1.5x
WIN/USDT,2024-11-25,LONG,0.8748,9.3e-05,9.6e-05,3,True,2.8397,0.1693,>.80,
WIN/USDT,2024-11-26,LONG,0.8955,9.2e-05,9.6e-05,2,True,3.7514,0.2227,>.80,
WIN/USDT,2024-11-27,LONG,0.7199,9.7e-05,9.6e-05,1,True,-0.8062,1.1669,.70-.80,1-1.5x
WIN/USDT,2024-11-29,LONG,0.8492,0.000101,0.000111,2,True,9.8152,1.2248,>.80,1-1.5x
WIN/USDT,2024-11-30,LONG,0.7897,0.000116,0.000111,1,True,-4.7972,3.0356,.70-.80,3-5x
WIN/USDT,2024-12-03,LONG,0.7296,0.000198,0.000158,1,True,-20.1093,4.3539,.70-.80,3-5x
WIN/USDT,2024-12-07,LONG,0.872,0.000156,0.000166,1,True,5.7981,0.1321,>.80,
WIN/USDT,2024-12-09,LONG,0.799,0.000136,0.000127,1,True,-6.1911,1.1246,.70-.80,1-1.5x
WIN/USDT,2024-12-12,LONG,0.7649,0.000141,0.000141,1,True,-0.3328,0.1307,.70-.80,
WIN/USDT,2024-12-15,LONG,0.6545,0.000135,0.000111,3,True,-17.4967,0.0971,.60-.70,
WIN/USDT,2024-12-17,LONG,0.589,0.000121,0.000111,1,True,-7.9232,0.4924,.55-.60,
WIN/USDT,2024-12-20,LONG,0.5951,0.000106,0.000102,1,True,-3.6045,0.2966,.55-.60,
WIN/USDT,2024-12-24,LONG,0.5811,0.000115,0.000114,1,True,-0.8988,0.6985,.55-.60,
WIN/USDT,2024-12-26,LONG,0.5738,0.00011,0.000114,2,True,4.1876,0.5388,.55-.60,
WIN/USDT,2024-12-27,LONG,0.5917,0.000112,0.000114,1,True,1.5111,0.4062,.55-.60,
WIN/USDT,2025-01-05,LONG,0.6601,0.000105,0.000118,1,True,13.0285,0.1383,.60-.70,
WIN/USDT,2025-01-07,LONG,0.9398,0.000109,0.000105,1,True,-3.8469,1.5034,>.80,1.5-2x
WIN/USDT,2025-01-09,LONG,0.8114,0.000101,0.000101,1,True,0.5362,0.7801,>.80,
WIN/USDT,2025-01-13,LONG,0.9066,9.3e-05,0.000101,5,False,8.7791,1.0547,>.80,1-1.5x
WIN/USDT,2025-01-16,LONG,0.567,0.000101,0.000101,2,True,0.6347,0.3865,.55-.60,
WIN/USDT,2025-01-21,LONG,0.6237,9.5e-05,9.2e-05,5,False,-2.5896,0.632,.60-.70,
WIN/USDT,2025-01-22,LONG,0.5706,0.0001,9e-05,5,False,-10.3631,0.8933,.55-.60,
WIN/USDT,2025-01-23,LONG,0.5746,9.6e-05,8.5e-05,5,False,-11.4039,0.6226,.55-.60,
WIN/USDT,2025-01-24,LONG,0.6186,9.6e-05,8.5e-05,4,True,-11.2838,0.0213,.60-.70,
WIN/USDT,2025-01-25,LONG,0.6154,9.4e-05,8.5e-05,3,True,-9.3167,0.3411,.60-.70,
WIN/USDT,2025-02-06,LONG,0.7302,7.4e-05,7.3e-05,1,True,-0.2714,0.3209,.70-.80,
WIN/USDT,2025-02-11,LONG,0.6207,7.6e-05,7.9e-05,1,True,4.3147,0.4396,.60-.70,
WIN/USDT,2025-02-13,LONG,0.6229,7.7e-05,8.1e-05,2,True,5.355,0.7528,.60-.70,
WIN/USDT,2025-02-14,LONG,0.6236,7.8e-05,8.1e-05,1,True,3.1509,0.4948,.60-.70,
WIN/USDT,2025-02-19,LONG,0.684,7.8e-05,8e-05,1,True,2.2596,0.4164,.60-.70,
WIN/USDT,2025-02-22,LONG,0.5813,7.5e-05,6.7e-05,3,True,-10.2057,0.0654,.55-.60,
WIN/USDT,2025-02-23,LONG,0.5887,7.5e-05,6.7e-05,2,True,-10.3494,0.0571,.55-.60,
WIN/USDT,2025-02-24,LONG,0.552,6.8e-05,6.7e-05,1,True,-1.84,2.6058,.55-.60,2-3x
WIN/USDT,2025-02-27,LONG,0.5567,6.5e-05,6.6e-05,1,True,0.1987,0.1361,.55-.60,
WIN/USDT,2025-03-04,LONG,0.579,6.3e-05,6.3e-05,1,True,0.2225,1.0349,.55-.60,1-1.5x
WIN/USDT,2025-03-07,LONG,0.5729,6.2e-05,5.7e-05,3,True,-7.9357,0.1396,.55-.60,
WIN/USDT,2025-03-08,LONG,0.5575,6.1e-05,5.7e-05,2,True,-6.2796,0.4774,.55-.60,
WIN/USDT,2025-03-11,LONG,0.7659,5.7e-05,5.8e-05,1,True,0.5567,0.0799,.70-.80,
WIN/USDT,2025-03-14,LONG,0.6844,5.8e-05,6e-05,5,False,4.7239,0.4409,.60-.70,
WIN/USDT,2025-03-15,LONG,0.7294,5.8e-05,6e-05,4,True,3.4305,0.3521,.70-.80,
WIN/USDT,2025-03-16,LONG,0.5514,5.6e-05,6e-05,3,True,7.3527,1.1601,.55-.60,1-1.5x
WIN/USDT,2025-03-18,LONG,0.5636,6.1e-05,6e-05,1,True,-1.6474,1.165,.55-.60,1-1.5x
WIN/USDT,2025-03-21,LONG,0.7604,6e-05,6e-05,2,True,0.8713,0.305,.70-.80,
WIN/USDT,2025-03-22,LONG,0.7114,6.2e-05,6e-05,1,True,-2.5417,1.0094,.70-.80,1-1.5x
WIN/USDT,2025-03-24,LONG,0.8374,6.1e-05,6.1e-05,2,True,-0.7866,0.5463,>.80,
WIN/USDT,2025-03-25,LONG,0.8262,6.1e-05,6.1e-05,1,True,-0.7053,0.0329,>.80,
WIN/USDT,2025-03-27,LONG,0.8152,6e-05,5.5e-05,1,True,-7.2733,0.5797,>.80,
WIN/USDT,2025-03-30,LONG,0.8062,5.5e-05,4.9e-05,3,True,-10.6784,0.227,>.80,
WIN/USDT,2025-03-31,LONG,0.6446,5.5e-05,4.9e-05,2,True,-11.3108,0.2582,.60-.70,
WIN/USDT,2025-04-05,LONG,0.8205,4.8e-05,4.6e-05,4,True,-4.2221,0.2315,>.80,
FLR/USDT,2024-08-27,LONG,0.6049,0.01531,0.01608,2,True,5.0294,0.5356,.60-.70,
FLR/USDT,2024-08-28,LONG,0.6269,0.01531,0.01608,1,True,5.0294,0.0,.60-.70,
FLR/USDT,2024-09-02,LONG,0.6094,0.01576,0.01446,3,True,-8.2487,1.508,.60-.70,1.5-2x
FLR/USDT,2024-09-04,LONG,0.579,0.01494,0.01446,1,True,-3.2129,0.5337,.55-.60,
FLR/USDT,2024-09-06,LONG,0.5533,0.01434,0.01439,1,True,0.3487,0.2873,.55-.60,
FLR/USDT,2024-09-09,LONG,0.7048,0.01497,0.01483,1,True,-0.9352,1.3014,.70-.80,1-1.5x
FLR/USDT,2024-09-12,LONG,0.6865,0.01476,0.01507,1,True,2.1003,0.6644,.60-.70,
FLR/USDT,2024-09-19,LONG,0.6389,0.01492,0.01518,2,True,1.7426,1.135,.60-.70,1-1.5x
FLR/USDT,2024-09-22,LONG,0.6663,0.01495,0.01492,3,True,-0.2007,0.7234,.60-.70,
FLR/USDT,2024-09-24,LONG,0.5858,0.0153,0.01492,1,True,-2.4837,0.583,.55-.60,
FLR/USDT,2024-09-27,LONG,0.5555,0.01584,0.01653,1,True,4.3561,0.0278,.55-.60,
FLR/USDT,2024-09-29,LONG,0.6984,0.01613,0.01528,1,True,-5.2697,1.0097,.60-.70,1-1.5x
FLR/USDT,2024-10-02,LONG,0.8571,0.01727,0.01525,3,True,-11.6966,3.7222,>.80,3-5x
FLR/USDT,2024-10-04,LONG,0.8321,0.01577,0.01525,1,True,-3.2974,0.1538,>.80,
FLR/USDT,2024-10-08,LONG,0.7522,0.01478,0.01446,1,True,-2.1651,0.2834,.70-.80,
FLR/USDT,2024-10-17,LONG,0.7642,0.01454,0.0149,4,True,2.4759,0.2514,.70-.80,
FLR/USDT,2024-10-18,LONG,0.6988,0.01483,0.0149,3,True,0.472,0.3406,.60-.70,
FLR/USDT,2024-10-20,LONG,0.8006,0.01526,0.0149,1,True,-2.3591,0.7179,>.80,
FLR/USDT,2024-10-24,LONG,0.7733,0.0144,0.01407,3,True,-2.2917,0.6292,.70-.80,
FLR/USDT,2024-10-25,LONG,0.6109,0.01378,0.01407,2,True,2.1045,1.5605,.60-.70,1.5-2x
FLR/USDT,2024-10-26,LONG,0.6149,0.01363,0.01407,1,True,3.2282,0.3988,.60-.70,
FLR/USDT,2024-10-30,LONG,0.5991,0.0138,0.01309,2,True,-5.1449,0.5408,.55-.60,
FLR/USDT,2024-11-02,LONG,0.7277,0.01324,0.01217,2,True,-8.0816,0.4081,.70-.80,
FLR/USDT,2024-11-10,LONG,0.5895,0.01431,0.0152,2,True,6.2194,0.8865,.55-.60,
FLR/USDT,2024-11-11,LONG,0.6598,0.01468,0.0152,1,True,3.5422,0.8747,.60-.70,
FLR/USDT,2024-11-13,LONG,0.8052,0.0145,0.0182,2,True,25.5172,1.4789,>.80,1-1.5x
FLR/USDT,2024-11-14,LONG,0.6917,0.01421,0.0182,1,True,28.0788,0.6704,.60-.70,
FLR/USDT,2024-11-19,LONG,0.9937,0.0201,0.01982,1,True,-1.393,0.1754,>.80,
FLR/USDT,2024-11-25,LONG,0.8877,0.0225,0.02325,3,True,3.3333,0.6025,>.80,
FLR/USDT,2024-11-26,LONG,0.8224,0.02222,0.02325,2,True,4.6355,0.1439,>.80,
FLR/USDT,2024-11-29,LONG,0.8008,0.02809,0.02808,1,True,-0.0356,2.1821,>.80,2-3x
FLR/USDT,2024-12-01,LONG,0.6069,0.03085,0.03394,1,True,10.0162,1.0205,.60-.70,1-1.5x
FLR/USDT,2024-12-03,LONG,0.9197,0.03514,0.03184,1,True,-9.391,0.3715,>.80,
FLR/USDT,2024-12-05,LONG,0.6939,0.03233,0.03303,1,True,2.1652,0.1864,.60-.70,
FLR/USDT,2024-12-13,LONG,0.7098,0.03063,0.03055,4,True,-0.2612,0.6004,.70-.80,
FLR/USDT,2024-12-14,LONG,0.7277,0.02968,0.03055,3,True,2.9313,0.4453,.70-.80,
FLR/USDT,2024-12-15,LONG,0.6464,0.03025,0.03055,2,True,0.9917,0.2827,.60-.70,
FLR/USDT,2024-12-16,LONG,0.5657,0.02992,0.03055,1,True,2.1056,0.1607,.55-.60,
FLR/USDT,2024-12-19,LONG,0.5953,0.02682,0.02822,1,True,5.22,0.7649,.55-.60,
FLR/USDT,2024-12-21,LONG,0.6035,0.02713,0.02695,2,True,-0.6635,0.7476,.60-.70,
FLR/USDT,2024-12-24,LONG,0.5585,0.02818,0.02652,3,True,-5.8907,1.0792,.55-.60,1-1.5x
FLR/USDT,2025-01-04,LONG,0.6342,0.02783,0.02282,5,False,-18.0022,0.7394,.60-.70,
FLR/USDT,2025-01-05,LONG,0.5655,0.02698,0.0234,5,False,-13.2691,0.8081,.55-.60,
FLR/USDT,2025-01-06,LONG,0.565,0.02681,0.02483,5,False,-7.3853,0.1689,.55-.60,
FLR/USDT,2025-01-07,LONG,0.5558,0.02498,0.02415,5,False,-3.3227,1.9102,.55-.60,1.5-2x
FLR/USDT,2025-01-09,LONG,0.5554,0.02282,0.02342,4,True,2.6293,1.6454,.55-.60,1.5-2x
FLR/USDT,2025-01-10,LONG,0.5737,0.0234,0.02342,3,True,0.0855,0.7347,.55-.60,
FLR/USDT,2025-01-11,LONG,0.601,0.02483,0.02342,2,True,-5.6786,1.6368,.60-.70,1.5-2x
FLR/USDT,2025-01-15,LONG,0.5662,0.02683,0.02991,2,True,11.4797,2.2105,.55-.60,2-3x
FLR/USDT,2025-01-16,LONG,0.6725,0.02768,0.02991,1,True,8.0564,0.7308,.60-.70,
FLR/USDT,2025-01-19,LONG,0.7787,0.02632,0.02793,3,True,6.117,2.3577,.70-.80,2-3x
FLR/USDT,2025-01-20,LONG,0.6888,0.02727,0.02793,2,True,2.4202,0.662,.60-.70,
FLR/USDT,2025-01-21,LONG,0.6096,0.02958,0.02793,1,True,-5.5781,1.501,.60-.70,1.5-2x
FLR/USDT,2025-01-24,LONG,0.64,0.02657,0.02499,2,True,-5.9466,0.0064,.60-.70,
FLR/USDT,2025-02-03,LONG,0.745,0.0224,0.02105,1,True,-6.0268,0.845,.70-.80,
FLR/USDT,2025-02-05,LONG,0.8048,0.02001,0.01933,1,True,-3.3983,0.7445,>.80,
FLR/USDT,2025-02-07,LONG,0.8006,0.02198,0.02107,5,False,-4.1401,1.9145,>.80,1.5-2x
FLR/USDT,2025-02-09,LONG,0.758,0.02115,0.02107,3,True,-0.3783,0.213,.70-.80,
FLR/USDT,2025-02-10,LONG,0.8382,0.02129,0.02107,2,True,-1.0333,0.1069,>.80,
FLR/USDT,2025-02-15,LONG,0.6066,0.02152,0.01998,3,True,-7.1561,0.0379,.60-.70,
FLR/USDT,2025-02-19,LONG,0.5628,0.02045,0.01995,2,True,-2.445,0.4431,.55-.60,
FLR/USDT,2025-03-08,LONG,0.5556,0.01676,0.01547,1,True,-7.6969,0.014,.55-.60,
FLR/USDT,2025-03-11,LONG,0.7531,0.01546,0.01498,3,True,-3.1048,1.787,.70-.80,1.5-2x
FLR/USDT,2025-03-13,LONG,0.6718,0.01418,0.01498,1,True,5.6417,1.1139,.60-.70,1-1.5x
FLR/USDT,2025-03-15,LONG,0.6835,0.01578,0.01487,3,True,-5.7668,0.9257,.60-.70,
FLR/USDT,2025-03-20,LONG,0.5577,0.01467,0.01481,1,True,0.9543,0.7819,.55-.60,
FLR/USDT,2025-03-22,LONG,0.7549,0.01461,0.0147,1,True,0.616,0.2829,.70-.80,
FLR/USDT,2025-03-24,LONG,0.8161,0.01468,0.0146,1,True,-0.545,0.03,>.80,
FLR/USDT,2025-03-26,LONG,0.5806,0.01463,0.0141,1,True,-3.6227,0.0462,.55-.60,
FLR/USDT,2025-03-30,LONG,0.6354,0.01387,0.01368,2,True,-1.3699,1.3603,.60-.70,1-1.5x
FLR/USDT,2025-03-31,LONG,0.5821,0.01373,0.01368,1,True,-0.3642,0.2942,.55-.60,
FLR/USDT,2025-04-03,LONG,0.8064,0.01302,0.01212,3,True,-6.9124,0.1272,>.80,
FLR/USDT,2025-04-04,LONG,0.6198,0.01337,0.01212,2,True,-9.3493,0.9588,.60-.70,
FLR/USDT,2025-04-05,LONG,0.7172,0.01319,0.01212,1,True,-8.1122,0.5113,.70-.80,
CORE/USDT,2024-08-27,LONG,0.6034,1.0276,0.865,5,False,-15.8233,0.8477,.60-.70,
CORE/USDT,2024-08-28,LONG,0.5569,0.9841,0.865,4,True,-12.1024,0.7801,.55-.60,
CORE/USDT,2024-08-29,LONG,0.7481,0.9934,0.865,3,True,-12.9253,0.174,.70-.80,
CORE/USDT,2024-08-30,LONG,0.57,0.9961,0.865,2,True,-13.1613,0.0502,.55-.60,
CORE/USDT,2024-09-04,LONG,0.6887,0.883,0.9222,5,False,4.4394,0.2255,.60-.70,
CORE/USDT,2024-09-05,LONG,0.6033,0.864,0.9693,5,False,12.1875,0.3803,.60-.70,
CORE/USDT,2024-09-07,LONG,0.6138,0.8424,0.9374,5,False,11.2773,0.1962,.60-.70,
CORE/USDT,2024-09-08,LONG,0.6735,0.8888,0.9534,5,False,7.2682,0.9416,.60-.70,
CORE/USDT,2024-09-09,LONG,0.6382,0.9222,0.9442,5,False,2.3856,0.6341,.60-.70,
CORE/USDT,2024-09-11,LONG,0.7285,0.9277,0.9442,3,True,1.7786,0.7045,.70-.80,
CORE/USDT,2024-09-12,LONG,0.633,0.9374,0.9442,2,True,0.7254,0.2437,.60-.70,
CORE/USDT,2024-09-13,LONG,0.552,0.9534,0.9442,1,True,-0.965,0.3935,.55-.60,
CORE/USDT,2024-09-15,LONG,0.5702,0.9014,0.9588,3,True,6.3679,1.0974,.55-.60,1-1.5x
CORE/USDT,2024-09-16,LONG,0.5682,0.8935,0.9588,2,True,7.3083,0.2186,.55-.60,
CORE/USDT,2024-09-17,LONG,0.5663,0.9466,0.9588,1,True,1.2888,1.4253,.55-.60,1-1.5x
CORE/USDT,2024-09-19,LONG,0.7996,1.0987,1.0503,4,True,-4.4052,2.746,.70-.80,2-3x
CORE/USDT,2024-09-20,LONG,0.7908,1.0791,1.0503,3,True,-2.6689,0.3448,.70-.80,
CORE/USDT,2024-09-21,LONG,0.707,1.0742,1.0503,2,True,-2.2249,0.0964,.70-.80,
CORE/USDT,2024-09-22,LONG,0.8886,1.0418,1.0503,1,True,0.8159,0.6482,>.80,
CORE/USDT,2024-09-24,LONG,0.7415,1.0606,1.0619,1,True,0.1226,0.22,.70-.80,
CORE/USDT,2024-09-26,LONG,0.6384,1.1153,1.0168,4,True,-8.8317,1.1594,.60-.70,1-1.5x
CORE/USDT,2024-09-28,LONG,0.7802,1.1338,1.0168,2,True,-10.3193,0.2783,.70-.80,
CORE/USDT,2024-09-29,LONG,0.7481,1.1146,1.0168,1,True,-8.7744,0.3939,.70-.80,
CORE/USDT,2024-10-01,LONG,0.6197,0.9164,0.9383,5,False,2.3898,1.9199,.60-.70,1.5-2x
CORE/USDT,2024-10-02,LONG,0.6642,0.8876,0.9376,5,False,5.6332,0.606,.60-.70,
CORE/USDT,2024-10-03,LONG,0.7359,0.8794,0.9376,4,True,6.6181,0.1787,.70-.80,
CORE/USDT,2024-10-04,LONG,0.7356,0.9161,0.9376,3,True,2.3469,0.7933,.70-.80,
CORE/USDT,2024-10-05,LONG,0.6382,0.9229,0.9376,2,True,1.5928,0.144,.60-.70,
CORE/USDT,2024-10-06,LONG,0.6195,0.9383,0.9376,1,True,-0.0746,0.3236,.60-.70,
CORE/USDT,2024-10-10,LONG,0.7655,0.883,0.9132,1,True,3.4202,0.3215,.70-.80,
CORE/USDT,2024-10-16,LONG,0.5879,0.9597,0.9319,1,True,-2.8967,0.918,.55-.60,
CORE/USDT,2024-10-18,LONG,0.8614,0.9552,0.9892,2,True,3.5595,0.5376,>.80,
CORE/USDT,2024-10-21,LONG,0.8177,0.9681,0.9189,3,True,-5.0821,0.5722,>.80,
CORE/USDT,2024-10-22,LONG,0.5518,0.9393,0.9189,2,True,-2.1718,0.7998,.55-.60,
CORE/USDT,2024-10-23,LONG,0.7552,0.9126,0.9189,1,True,0.6903,0.7523,.70-.80,
CORE/USDT,2024-11-01,LONG,0.7029,0.8515,0.8211,1,True,-3.5702,0.7884,.70-.80,
CORE/USDT,2024-11-05,LONG,0.776,0.8155,0.9132,1,True,11.9804,1.2335,.70-.80,1-1.5x
CORE/USDT,2024-11-08,LONG,0.734,0.8876,0.9643,2,True,8.6413,0.2995,.70-.80,
CORE/USDT,2024-11-09,LONG,0.803,0.9226,0.9643,1,True,4.5198,0.8448,>.80,
CORE/USDT,2024-11-12,LONG,0.7643,1.0052,0.9332,3,True,-7.1628,1.263,.70-.80,1-1.5x
CORE/USDT,2024-11-13,LONG,0.9581,0.9505,0.9332,2,True,-1.8201,0.9359,>.80,
CORE/USDT,2024-11-14,LONG,0.9544,0.8879,0.9332,1,True,5.1019,1.1822,>.80,1-1.5x
CORE/USDT,2024-11-18,LONG,0.6764,1.0207,0.9308,2,True,-8.8077,0.4629,.60-.70,
CORE/USDT,2024-11-19,LONG,0.8729,0.9553,0.9308,1,True,-2.5646,1.1049,>.80,1-1.5x
CORE/USDT,2024-11-24,LONG,0.6766,1.0798,1.0751,3,True,-0.4353,0.5093,.60-.70,
CORE/USDT,2024-11-25,LONG,0.5737,1.0535,1.0751,2,True,2.0503,0.3815,.55-.60,
CORE/USDT,2024-11-26,LONG,0.8534,1.0583,1.0751,1,True,1.5875,0.0774,>.80,
CORE/USDT,2024-11-29,LONG,0.6906,1.4587,1.5968,2,True,9.4673,3.4891,.60-.70,3-5x
CORE/USDT,2024-11-30,LONG,0.734,1.9661,1.5968,1,True,-18.7834,3.0558,.70-.80,3-5x
CORE/USDT,2024-12-03,LONG,0.9644,1.5167,1.638,1,True,7.9976,0.137,>.80,
CORE/USDT,2024-12-06,LONG,0.5788,1.5709,1.225,3,True,-22.0192,0.0262,.55-.60,
CORE/USDT,2024-12-07,LONG,0.927,1.5686,1.225,2,True,-21.9049,0.0121,>.80,
CORE/USDT,2024-12-13,LONG,0.7762,1.4769,1.381,1,True,-6.4933,0.8098,.70-.80,
CORE/USDT,2024-12-17,LONG,0.6896,1.2725,1.1533,3,True,-9.3674,0.4106,.60-.70,
CORE/USDT,2024-12-18,LONG,0.6086,1.1484,1.1533,2,True,0.4267,0.7282,.60-.70,
CORE/USDT,2024-12-19,LONG,0.6127,1.1147,1.1533,1,True,3.4628,0.2571,.60-.70,
CORE/USDT,2024-12-22,LONG,0.6088,1.0686,1.1266,1,True,5.4277,0.8589,.60-.70,
CORE/USDT,2024-12-24,LONG,0.6231,1.1506,1.1313,3,True,-1.6774,0.3185,.60-.70,
CORE/USDT,2024-12-28,LONG,0.657,1.1307,1.0907,1,True,-3.5376,0.0078,.60-.70,
CORE/USDT,2024-12-31,LONG,0.5645,1.0542,1.2049,3,True,14.2952,0.0458,.55-.60,
CORE/USDT,2025-01-02,LONG,0.6898,1.2022,1.2049,1,True,0.2246,2.3268,.60-.70,2-3x
CORE/USDT,2025-01-04,LONG,0.5838,1.1872,1.0026,5,False,-15.5492,0.3161,.55-.60,
CORE/USDT,2025-01-05,LONG,0.6746,1.2255,1.0026,4,True,-18.1885,0.686,.60-.70,
CORE/USDT,2025-01-06,LONG,0.5804,1.2462,1.0026,3,True,-19.5474,0.3698,.55-.60,
CORE/USDT,2025-01-12,LONG,0.6094,0.9898,0.9235,1,True,-6.6983,0.623,.60-.70,
CORE/USDT,2025-01-16,LONG,0.6207,1.0,0.9532,2,True,-4.68,0.2763,.60-.70,
CORE/USDT,2025-01-21,LONG,0.656,0.8578,0.8413,1,True,-1.9235,0.6731,.60-.70,
CORE/USDT,2025-01-24,LONG,0.6432,0.8163,0.6959,5,False,-14.7495,0.1653,.60-.70,
CORE/USDT,2025-01-28,LONG,0.6034,0.6663,0.664,4,True,-0.3452,1.3924,.60-.70,1-1.5x
CORE/USDT,2025-01-30,LONG,0.6966,0.7158,0.664,2,True,-7.2367,0.5286,.60-.70,
CORE/USDT,2025-01-31,LONG,0.6335,0.7236,0.664,1,True,-8.2366,0.2015,.60-.70,
CORE/USDT,2025-02-03,LONG,0.6391,0.5522,0.5388,2,True,-2.4267,0.1442,.60-.70,
CORE/USDT,2025-02-06,LONG,0.911,0.5191,0.5191,1,True,0.0,0.6196,>.80,
CORE/USDT,2025-02-11,LONG,0.5718,0.5465,0.5525,1,True,1.0979,0.3902,.55-.60,
CORE/USDT,2025-02-13,LONG,0.698,0.5364,0.5502,2,True,2.5727,0.5343,.60-.70,
CORE/USDT,2025-02-16,LONG,0.6449,0.5368,0.532,1,True,-0.8942,0.4832,.60-.70,
CORE/USDT,2025-02-18,LONG,0.588,0.4975,0.5178,5,False,4.0804,1.3458,.55-.60,1-1.5x
CORE/USDT,2025-02-19,LONG,0.56,0.5088,0.5178,4,True,1.7689,0.474,.55-.60,
CORE/USDT,2025-02-20,LONG,0.7461,0.5165,0.5178,3,True,0.2517,0.3149,.70-.80,
CORE/USDT,2025-02-21,LONG,0.7339,0.5327,0.5178,2,True,-2.7971,0.6756,.70-.80,
CORE/USDT,2025-02-22,LONG,0.6954,0.5285,0.5178,1,True,-2.0246,0.3148,.60-.70,
CORE/USDT,2025-02-25,LONG,0.7071,0.4935,0.5352,5,False,8.4498,1.671,.70-.80,1.5-2x
CORE/USDT,2025-02-26,LONG,0.6686,0.4946,0.4727,5,False,-4.4278,0.0619,.60-.70,
CORE/USDT,2025-02-27,LONG,0.7301,0.4862,0.4781,5,False,-1.666,0.4696,.70-.80,
CORE/USDT,2025-02-28,LONG,0.7754,0.482,0.4812,5,False,-0.166,0.2438,.70-.80,
CORE/USDT,2025-03-01,LONG,0.6753,0.4795,0.4812,4,True,0.3545,0.1466,.60-.70,
CORE/USDT,2025-03-02,LONG,0.6337,0.5352,0.4812,3,True,-10.0897,2.6206,.60-.70,2-3x
CORE/USDT,2025-03-03,LONG,0.6551,0.4727,0.4812,2,True,1.7982,2.2804,.60-.70,2-3x
CORE/USDT,2025-03-04,LONG,0.7323,0.4781,0.4812,1,True,0.6484,0.223,.70-.80,
CORE/USDT,2025-03-07,LONG,0.7902,0.4558,0.3945,2,True,-13.4489,0.4386,.70-.80,
CORE/USDT,2025-03-10,LONG,0.6227,0.3787,0.4092,2,True,8.0539,0.6837,.60-.70,
CORE/USDT,2025-03-11,LONG,0.5968,0.397,0.4092,1,True,3.073,0.8102,.55-.60,
CORE/USDT,2025-03-17,LONG,0.5918,0.4292,0.4739,2,True,10.4147,1.335,.55-.60,1-1.5x
CORE/USDT,2025-03-18,LONG,0.6011,0.4499,0.4739,1,True,5.3345,0.7996,.60-.70,
CORE/USDT,2025-03-20,LONG,0.687,0.4545,0.4575,3,True,0.6601,0.6585,.60-.70,
CORE/USDT,2025-03-21,LONG,0.7442,0.446,0.4575,2,True,2.5785,0.3002,.70-.80,
CORE/USDT,2025-03-22,LONG,0.7033,0.4524,0.4575,1,True,1.1273,0.2563,.70-.80,
CORE/USDT,2025-03-26,LONG,0.6881,0.4421,0.4074,2,True,-7.8489,0.4598,.60-.70,
CORE/USDT,2025-03-27,LONG,0.7093,0.4359,0.4074,1,True,-6.5382,0.2841,.70-.80,
CORE/USDT,2025-03-29,LONG,0.6729,0.4279,0.4528,5,False,5.8191,1.2293,.60-.70,1-1.5x
CORE/USDT,2025-03-30,LONG,0.8763,0.4823,0.4383,5,False,-9.123,2.661,>.80,2-3x
CORE/USDT,2025-03-31,LONG,0.799,0.4954,0.434,5,False,-12.394,0.5756,.70-.80,
CORE/USDT,2025-04-01,LONG,0.7637,0.494,0.4026,5,False,-18.502,0.06,.70-.80,
CORE/USDT,2025-04-02,LONG,0.9632,0.4825,0.4196,5,False,-13.0363,0.5064,>.80,
CORE/USDT,2025-04-03,LONG,0.9427,0.4528,0.4196,4,True,-7.3322,1.2856,>.80,1-1.5x
CORE/USDT,2025-04-04,LONG,0.7378,0.4383,0.4196,3,True,-4.2665,0.6586,.70-.80,
CORE/USDT,2025-04-05,LONG,0.87,0.434,0.4196,2,True,-3.318,0.2055,>.80,
CORE/USDT,2025-04-06,LONG,0.8255,0.4026,0.4196,1,True,4.2226,1.524,>.80,1.5-2x
ILV/USDT,2024-08-29,LONG,0.6007,39.0,38.81,1,True,-0.4872,0.5834,.60-.70,
ILV/USDT,2024-09-02,LONG,0.7357,38.04,35.76,1,True,-5.9937,1.7808,.70-.80,1.5-2x
ILV/USDT,2024-09-05,LONG,0.8884,35.91,34.42,1,True,-4.1493,0.804,>.80,
ILV/USDT,2024-09-08,LONG,0.7787,36.48,38.79,2,True,6.3322,0.4593,.70-.80,
ILV/USDT,2024-09-09,LONG,0.6316,38.08,38.79,1,True,1.8645,0.9002,.60-.70,
ILV/USDT,2024-09-11,LONG,0.654,37.16,37.22,4,True,0.1615,0.8725,.60-.70,
ILV/USDT,2024-09-12,LONG,0.6424,39.48,37.22,3,True,-5.7244,1.3196,.60-.70,1-1.5x
ILV/USDT,2024-09-14,LONG,0.6529,39.94,37.22,1,True,-6.8102,0.3199,.60-.70,
ILV/USDT,2024-09-20,LONG,0.5779,40.99,41.88,4,True,2.1713,0.6116,.55-.60,
ILV/USDT,2024-09-21,LONG,0.7688,40.84,41.88,3,True,2.5465,0.0855,.70-.80,
ILV/USDT,2024-09-22,LONG,0.9106,38.84,41.88,2,True,7.827,1.1866,>.80,1-1.5x
ILV/USDT,2024-09-23,LONG,0.7973,38.45,41.88,1,True,8.9207,0.259,.70-.80,
ILV/USDT,2024-09-27,LONG,0.837,46.51,44.35,1,True,-4.6442,2.3407,>.80,2-3x
ILV/USDT,2024-09-29,LONG,0.9321,44.19,40.89,1,True,-7.4678,0.0741,>.80,
ILV/USDT,2024-10-02,LONG,0.7594,35.9,35.92,1,True,0.0557,0.5288,.70-.80,
ILV/USDT,2024-10-05,LONG,0.5573,36.63,37.48,1,True,2.3205,0.2779,.55-.60,
ILV/USDT,2024-10-10,LONG,0.7475,35.25,37.08,2,True,5.1915,0.2627,.70-.80,
ILV/USDT,2024-10-11,LONG,0.6226,36.69,37.08,1,True,1.063,0.7943,.60-.70,
ILV/USDT,2024-10-14,LONG,0.5659,38.72,37.25,5,False,-3.7965,0.8485,.55-.60,
ILV/USDT,2024-10-15,LONG,0.8083,37.89,40.48,5,False,6.8356,0.4651,>.80,
ILV/USDT,2024-10-16,LONG,0.6131,36.53,40.48,4,True,10.813,0.7923,.60-.70,
ILV/USDT,2024-10-17,LONG,0.6867,35.24,40.48,3,True,14.8695,0.9699,.60-.70,
ILV/USDT,2024-10-18,LONG,0.838,36.53,40.48,2,True,10.813,0.9857,>.80,
ILV/USDT,2024-10-19,LONG,0.8311,37.25,40.48,1,True,8.6711,0.5231,>.80,
ILV/USDT,2024-10-21,LONG,0.8153,38.69,37.39,3,True,-3.36,1.2796,>.80,1-1.5x
ILV/USDT,2024-10-22,LONG,0.6988,39.33,37.39,2,True,-4.9326,0.4885,.60-.70,
ILV/USDT,2024-10-23,LONG,0.974,37.17,37.39,1,True,0.5919,1.5077,>.80,1.5-2x
ILV/USDT,2024-10-27,LONG,0.6906,35.41,35.65,1,True,0.6778,0.788,.60-.70,
ILV/USDT,2024-10-29,LONG,0.7628,36.93,34.13,2,True,-7.5819,0.8969,.70-.80,
ILV/USDT,2024-10-30,LONG,0.6401,35.87,34.13,1,True,-4.8509,0.7069,.60-.70,
ILV/USDT,2024-11-02,LONG,0.6876,33.1,35.61,5,False,7.5831,0.5749,.60-.70,
ILV/USDT,2024-11-03,LONG,0.6183,31.59,34.72,5,False,9.9082,1.1241,.60-.70,1-1.5x
ILV/USDT,2024-11-04,LONG,0.6522,30.8,36.18,5,False,17.4675,0.6153,.60-.70,
ILV/USDT,2024-11-06,LONG,0.7043,35.61,40.26,4,True,13.0581,2.316,.70-.80,2-3x
ILV/USDT,2024-11-07,LONG,0.5967,35.61,40.26,3,True,13.0581,0.0,.55-.60,
ILV/USDT,2024-11-08,LONG,0.7776,34.72,40.26,2,True,15.9562,0.5215,.70-.80,
ILV/USDT,2024-11-09,LONG,0.7729,36.18,40.26,1,True,11.2769,0.9457,.70-.80,
ILV/USDT,2024-11-11,LONG,0.8748,43.98,39.61,4,True,-9.9363,1.7011,>.80,1.5-2x
ILV/USDT,2024-11-12,LONG,0.7919,41.92,39.61,3,True,-5.5105,0.8696,.70-.80,
ILV/USDT,2024-11-13,LONG,0.9218,41.34,39.61,2,True,-4.1848,0.2559,>.80,
ILV/USDT,2024-11-14,LONG,0.9168,37.87,39.61,1,True,4.5947,1.5559,>.80,1.5-2x
ILV/USDT,2024-11-17,LONG,0.8182,39.91,47.31,1,True,18.5417,1.1482,>.80,1-1.5x
ILV/USDT,2024-11-21,LONG,0.6865,43.06,52.08,5,False,20.9475,0.6579,.60-.70,
ILV/USDT,2024-11-22,LONG,0.8996,44.85,56.69,5,False,26.3991,0.5581,>.80,
ILV/USDT,2024-11-23,LONG,0.6635,48.49,56.9,5,False,17.3438,1.0939,.60-.70,1-1.5x
ILV/USDT,2024-11-24,LONG,0.7763,57.5,56.9,4,True,-1.0435,2.2812,.70-.80,2-3x
ILV/USDT,2024-11-25,LONG,0.909,52.26,56.9,3,True,8.8787,1.0578,>.80,1-1.5x
ILV/USDT,2024-11-26,LONG,0.831,52.08,56.9,2,True,9.255,0.041,>.80,
ILV/USDT,2024-11-27,LONG,0.8482,56.69,56.9,1,True,0.3704,1.0396,>.80,1-1.5x
ILV/USDT,2024-12-01,LONG,0.8148,59.8,67.03,3,True,12.0903,0.2193,>.80,
ILV/USDT,2024-12-02,LONG,0.5987,61.61,67.03,2,True,8.7973,0.3809,.55-.60,
ILV/USDT,2024-12-05,LONG,0.7308,65.12,69.73,1,True,7.0792,0.3747,.70-.80,
ILV/USDT,2024-12-07,LONG,0.9183,67.51,54.66,2,True,-19.0342,0.4322,>.80,
ILV/USDT,2024-12-08,LONG,0.8115,68.07,54.66,1,True,-19.7003,0.1299,>.80,
ILV/USDT,2024-12-10,LONG,0.676,53.39,58.53,1,True,9.6273,0.3053,.60-.70,
ILV/USDT,2024-12-12,LONG,0.8141,59.8,55.11,2,True,-7.8428,0.2792,>.80,
ILV/USDT,2024-12-13,LONG,0.5837,58.32,55.11,1,True,-5.5041,0.3225,.55-.60,
ILV/USDT,2024-12-17,LONG,0.6031,51.21,46.22,1,True,-9.7442,1.3065,.60-.70,1-1.5x
ILV/USDT,2024-12-20,LONG,0.6186,42.97,40.45,1,True,-5.8646,0.3944,.60-.70,
ILV/USDT,2024-12-23,LONG,0.6583,41.93,43.39,1,True,3.482,0.8362,.60-.70,
ILV/USDT,2024-12-25,LONG,0.6649,42.37,39.42,1,True,-6.9625,0.3463,.60-.70,
ILV/USDT,2024-12-27,LONG,0.6266,39.84,40.93,1,True,2.7359,0.1619,.60-.70,
ILV/USDT,2025-01-03,LONG,0.6177,42.44,41.83,2,True,-1.4373,1.4226,.60-.70,1-1.5x
ILV/USDT,2025-01-06,LONG,0.5598,42.38,37.41,4,True,-11.7272,0.28,.55-.60,
ILV/USDT,2025-01-07,LONG,0.6202,37.49,37.41,3,True,-0.2134,2.3607,.60-.70,2-3x
ILV/USDT,2025-01-09,LONG,0.6088,36.61,37.41,1,True,2.1852,0.5261,.60-.70,
ILV/USDT,2025-01-12,LONG,0.6451,36.93,35.71,1,True,-3.3035,0.5469,.60-.70,
ILV/USDT,2025-01-16,LONG,0.6006,37.7,37.79,2,True,0.2387,1.0116,.60-.70,1-1.5x
ILV/USDT,2025-01-21,LONG,0.7228,34.76,33.66,1,True,-3.1646,0.5306,.70-.80,
ILV/USDT,2025-01-24,LONG,0.7035,31.99,30.27,3,True,-5.3767,0.6258,.70-.80,
ILV/USDT,2025-01-26,LONG,0.5913,31.2,30.27,1,True,-2.9808,0.5435,.55-.60,
ILV/USDT,2025-01-28,LONG,0.6764,28.32,28.15,4,True,-0.6003,1.3563,.60-.70,1-1.5x
ILV/USDT,2025-01-30,LONG,0.6063,31.15,28.15,2,True,-9.6308,1.4254,.60-.70,1-1.5x
ILV/USDT,2025-01-31,LONG,0.6154,30.77,28.15,1,True,-8.5148,0.2389,.60-.70,
ILV/USDT,2025-02-03,LONG,0.776,24.12,22.86,2,True,-5.2239,0.4435,.70-.80,
ILV/USDT,2025-02-08,LONG,0.5552,21.61,21.73,1,True,0.5553,1.0012,.55-.60,1-1.5x
ILV/USDT,2025-02-10,LONG,0.8063,20.93,20.94,3,True,0.0478,0.6593,>.80,
ILV/USDT,2025-02-11,LONG,0.7198,20.2,20.94,2,True,3.6634,0.6242,.70-.80,
ILV/USDT,2025-02-12,LONG,0.5666,21.4,20.94,1,True,-2.1495,1.0089,.55-.60,1-1.5x
ILV/USDT,2025-02-17,LONG,0.5639,19.47,18.62,1,True,-4.3657,0.4934,.55-.60,
ILV/USDT,2025-02-20,LONG,0.6795,19.54,18.24,1,True,-6.653,0.6759,.60-.70,
ILV/USDT,2025-02-24,LONG,0.7298,16.45,17.38,5,False,5.6535,2.4497,.70-.80,2-3x
ILV/USDT,2025-02-25,LONG,0.6149,16.88,17.38,4,True,2.9621,0.5021,.60-.70,
ILV/USDT,2025-02-26,LONG,0.7554,17.04,17.38,3,True,1.9953,0.205,.70-.80,
ILV/USDT,2025-02-28,LONG,0.6932,17.9,17.38,1,True,-2.905,1.018,.60-.70,1-1.5x
ILV/USDT,2025-03-04,LONG,0.5716,16.21,16.47,1,True,1.6039,0.1656,.55-.60,
ILV/USDT,2025-03-08,LONG,0.6493,15.82,13.45,2,True,-14.981,0.1686,.60-.70,
ILV/USDT,2025-03-11,LONG,0.8375,14.12,14.15,1,True,0.2125,0.732,>.80,
ILV/USDT,2025-03-13,LONG,0.6479,13.27,14.24,5,False,7.3097,0.9283,.60-.70,
ILV/USDT,2025-03-14,LONG,0.7377,13.97,14.24,4,True,1.9327,0.7981,.70-.80,
ILV/USDT,2025-03-15,LONG,0.7588,14.5,14.24,3,True,-1.7931,0.567,.70-.80,
ILV/USDT,2025-03-16,LONG,0.7731,13.79,14.24,2,True,3.2632,0.7895,.70-.80,
ILV/USDT,2025-03-20,LONG,0.6205,14.24,13.98,1,True,-1.8258,0.6616,.60-.70,
ILV/USDT,2025-03-23,LONG,0.9813,14.74,14.02,5,False,-4.8847,0.1715,>.80,
ILV/USDT,2025-03-24,LONG,0.698,16.1,14.02,4,True,-12.9193,1.8902,.60-.70,1.5-2x
ILV/USDT,2025-03-25,LONG,0.5967,15.7,14.02,3,True,-10.7006,0.5071,.55-.60,
ILV/USDT,2025-03-26,LONG,0.9941,15.09,14.02,2,True,-7.0908,0.7875,>.80,
ILV/USDT,2025-03-27,LONG,0.7838,15.01,14.02,1,True,-6.5956,0.1074,.70-.80,
ILV/USDT,2025-03-29,LONG,0.9335,13.33,13.48,3,True,1.1253,1.0546,>.80,1-1.5x
ILV/USDT,2025-03-30,LONG,0.7358,13.37,13.48,2,True,0.8227,0.0661,.70-.80,
YGG/USDT,2024-09-02,LONG,0.567,0.3863,0.3611,3,True,-6.5234,1.1316,.55-.60,1-1.5x
YGG/USDT,2024-09-04,LONG,0.6564,0.3739,0.3611,1,True,-3.4234,0.635,.60-.70,
YGG/USDT,2024-09-07,LONG,0.6052,0.3526,0.3974,5,False,12.7056,0.2868,.60-.70,
YGG/USDT,2024-09-08,LONG,0.6526,0.3663,0.3986,5,False,8.8179,0.5943,.60-.70,
YGG/USDT,2024-09-09,LONG,0.6356,0.3775,0.3935,5,False,4.2384,0.4655,.60-.70,
YGG/USDT,2024-09-11,LONG,0.6926,0.3736,0.3935,3,True,5.3266,0.6005,.60-.70,
YGG/USDT,2024-09-12,LONG,0.5921,0.3974,0.3935,2,True,-0.9814,1.3384,.55-.60,1-1.5x
YGG/USDT,2024-09-15,LONG,0.6108,0.3707,0.3556,1,True,-4.0734,1.3459,.60-.70,1-1.5x
YGG/USDT,2024-09-17,LONG,0.6253,0.405,0.4417,5,False,9.0617,2.6373,.60-.70,2-3x
YGG/USDT,2024-09-18,LONG,0.7347,0.414,0.4723,5,False,14.0821,0.4206,.70-.80,
YGG/USDT,2024-09-19,LONG,0.7275,0.46,0.4839,5,False,5.1957,1.9195,.70-.80,1.5-2x
YGG/USDT,2024-09-20,LONG,0.7849,0.4576,0.4641,5,False,1.4205,0.0919,.70-.80,
YGG/USDT,2024-09-21,LONG,0.7187,0.4626,0.4641,4,True,0.3243,0.1976,.70-.80,
YGG/USDT,2024-09-22,LONG,0.7692,0.4417,0.4641,3,True,5.0713,0.8232,.70-.80,
YGG/USDT,2024-09-23,LONG,0.8157,0.4723,0.4641,2,True,-1.7362,1.3027,>.80,1-1.5x
YGG/USDT,2024-09-24,LONG,0.5768,0.4839,0.4641,1,True,-4.0918,0.4646,.55-.60,
YGG/USDT,2024-09-26,LONG,0.6594,0.48,0.4766,4,True,-0.7083,0.6623,.60-.70,
YGG/USDT,2024-10-04,LONG,0.7542,0.4462,0.4847,3,True,8.6284,1.3246,.70-.80,1-1.5x
YGG/USDT,2024-10-05,LONG,0.7433,0.4423,0.4847,2,True,9.5863,0.1436,.70-.80,
YGG/USDT,2024-10-06,LONG,0.5708,0.4631,0.4847,1,True,4.6642,0.7819,.55-.60,
YGG/USDT,2024-10-10,LONG,0.5966,0.4467,0.4818,2,True,7.8576,0.2174,.55-.60,
YGG/USDT,2024-10-11,LONG,0.7256,0.4777,0.4818,1,True,0.8583,1.3269,.70-.80,1-1.5x
YGG/USDT,2024-10-14,LONG,0.642,0.5168,0.4836,2,True,-6.4241,1.6592,.60-.70,1.5-2x
YGG/USDT,2024-10-15,LONG,0.5554,0.5215,0.4836,1,True,-7.2675,0.1775,.55-.60,
YGG/USDT,2024-10-17,LONG,0.7141,0.481,0.5097,1,True,5.9667,0.1039,.70-.80,
YGG/USDT,2024-10-19,LONG,0.8354,0.575,0.5245,5,False,-8.7826,2.1548,>.80,2-3x
YGG/USDT,2024-10-21,LONG,0.5807,0.5304,0.4651,4,True,-12.3115,0.8419,.55-.60,
YGG/USDT,2024-10-22,LONG,0.8768,0.5658,0.4651,3,True,-17.7978,1.2222,>.80,1-1.5x
YGG/USDT,2024-10-23,LONG,0.7533,0.5147,0.4651,2,True,-9.6367,1.5315,.70-.80,1.5-2x
YGG/USDT,2024-10-24,LONG,0.8225,0.5245,0.4651,1,True,-11.3251,0.3361,>.80,
YGG/USDT,2024-10-26,LONG,0.5901,0.4647,0.4744,1,True,2.0874,0.0138,.55-.60,
YGG/USDT,2024-10-30,LONG,0.5826,0.5035,0.4564,2,True,-9.3545,0.5817,.55-.60,
YGG/USDT,2024-11-02,LONG,0.6465,0.4322,0.4016,1,True,-7.0801,0.8043,.60-.70,
YGG/USDT,2024-11-06,LONG,0.8431,0.4846,0.5263,4,True,8.605,2.1785,>.80,2-3x
YGG/USDT,2024-11-08,LONG,0.7887,0.4653,0.5263,2,True,13.1098,0.279,.70-.80,
YGG/USDT,2024-11-09,LONG,0.7862,0.5024,0.5263,1,True,4.7572,1.1664,.70-.80,1-1.5x
YGG/USDT,2024-11-12,LONG,0.809,0.5325,0.491,3,True,-7.7934,0.7056,>.80,
YGG/USDT,2024-11-13,LONG,0.9438,0.5225,0.491,2,True,-6.0287,0.2853,>.80,
YGG/USDT,2024-11-14,LONG,0.9147,0.4837,0.491,1,True,1.5092,1.1837,>.80,1-1.5x
YGG/USDT,2024-11-22,LONG,0.8408,0.5249,0.6299,3,True,20.0038,0.3998,>.80,
YGG/USDT,2024-11-23,LONG,0.7323,0.5799,0.6299,2,True,8.6222,1.3496,.70-.80,1-1.5x
YGG/USDT,2024-11-24,LONG,0.6641,0.6634,0.6299,1,True,-5.0497,1.7573,.60-.70,1.5-2x
YGG/USDT,2024-11-26,LONG,0.9261,0.602,0.6599,2,True,9.6179,0.5644,>.80,
YGG/USDT,2024-11-27,LONG,0.7664,0.6666,0.6599,1,True,-1.0051,1.3301,.70-.80,1-1.5x
YGG/USDT,2024-12-02,LONG,0.6772,0.718,0.764,1,True,6.4067,0.5296,.60-.70,
YGG/USDT,2024-12-05,LONG,0.5998,0.8075,0.6485,5,False,-19.6904,0.0399,.55-.60,
YGG/USDT,2024-12-06,LONG,0.8407,0.7971,0.6932,5,False,-13.0348,0.1835,>.80,
YGG/USDT,2024-12-07,LONG,0.8841,0.7896,0.7031,5,False,-10.9549,0.1465,>.80,
YGG/USDT,2024-12-09,LONG,0.7213,0.6773,0.6529,5,False,-3.6025,2.3475,.70-.80,2-3x
YGG/USDT,2024-12-10,LONG,0.6841,0.6485,0.6529,4,True,0.6785,0.6088,.60-.70,
YGG/USDT,2024-12-12,LONG,0.773,0.7031,0.6529,2,True,-7.1398,0.2085,.70-.80,
YGG/USDT,2024-12-13,LONG,0.6304,0.6957,0.6529,1,True,-6.1521,0.1606,.60-.70,
YGG/USDT,2024-12-17,LONG,0.5637,0.6095,0.552,1,True,-9.434,1.3302,.55-.60,1-1.5x
YGG/USDT,2024-12-20,LONG,0.6764,0.5111,0.4791,1,True,-6.261,0.4978,.60-.70,
YGG/USDT,2024-12-25,LONG,0.7427,0.536,0.5196,3,True,-3.0597,0.1336,.70-.80,
YGG/USDT,2024-12-27,LONG,0.6216,0.5072,0.5196,1,True,2.4448,0.2512,.60-.70,
YGG/USDT,2024-12-29,LONG,0.6002,0.4941,0.4936,1,True,-0.1012,0.9175,.60-.70,
YGG/USDT,2025-01-03,LONG,0.6062,0.5487,0.5406,2,True,-1.4762,1.1685,.60-.70,1-1.5x
YGG/USDT,2025-01-13,LONG,0.664,0.4108,0.4327,1,True,5.3311,1.3356,.60-.70,1-1.5x
YGG/USDT,2025-01-16,LONG,0.6437,0.4514,0.4349,2,True,-3.6553,0.5736,.60-.70,
YGG/USDT,2025-01-21,LONG,0.7008,0.3692,0.3437,3,True,-6.9068,0.0282,.70-.80,
YGG/USDT,2025-01-22,LONG,0.6444,0.3386,0.3437,2,True,1.5062,1.4127,.60-.70,1-1.5x
YGG/USDT,2025-01-23,LONG,0.8116,0.3553,0.3437,1,True,-3.2648,0.8522,>.80,
YGG/USDT,2025-01-30,LONG,0.7294,0.329,0.2967,2,True,-9.8176,0.9566,.70-.80,
YGG/USDT,2025-01-31,LONG,0.669,0.3334,0.2967,1,True,-11.0078,0.2324,.60-.70,
YGG/USDT,2025-02-03,LONG,0.7045,0.2518,0.2324,1,True,-7.7045,0.1378,.70-.80,
YGG/USDT,2025-02-06,LONG,0.9626,0.2159,0.2167,1,True,0.3705,0.9846,>.80,
YGG/USDT,2025-02-10,LONG,0.7356,0.2429,0.2609,2,True,7.4105,0.6792,.70-.80,
YGG/USDT,2025-02-11,LONG,0.7536,0.2413,0.2609,1,True,8.1227,0.1084,.70-.80,
YGG/USDT,2025-02-13,LONG,0.6184,0.2535,0.2584,2,True,1.9329,0.4514,.60-.70,
YGG/USDT,2025-02-14,LONG,0.8312,0.2665,0.2584,1,True,-3.0394,0.8006,>.80,
YGG/USDT,2025-02-17,LONG,0.8548,0.2513,0.2451,1,True,-2.4672,0.2453,>.80,
YGG/USDT,2025-02-20,LONG,0.7823,0.2654,0.2644,2,True,-0.3768,1.096,.70-.80,1-1.5x
YGG/USDT,2025-02-25,LONG,0.5713,0.227,0.2294,2,True,1.0573,0.9962,.55-.60,
YGG/USDT,2025-02-26,LONG,0.7265,0.2286,0.2294,1,True,0.35,0.1301,.70-.80,
YGG/USDT,2025-02-28,LONG,0.6614,0.2322,0.2888,2,True,24.3755,0.2367,.60-.70,
YGG/USDT,2025-03-01,LONG,0.7762,0.2248,0.2888,1,True,28.4698,0.6117,.70-.80,
YGG/USDT,2025-03-03,LONG,0.804,0.2321,0.2126,3,True,-8.4016,2.0802,>.80,2-3x
YGG/USDT,2025-03-05,LONG,0.9644,0.2262,0.2126,1,True,-6.0124,0.2626,>.80,
YGG/USDT,2025-03-11,LONG,0.7802,0.198,0.2019,1,True,1.9697,1.0095,.70-.80,1-1.5x
YGG/USDT,2025-03-17,LONG,0.5997,0.2026,0.2074,2,True,2.3692,0.6179,.55-.60,
YGG/USDT,2025-03-20,LONG,0.5833,0.2014,0.1974,1,True,-1.9861,0.3125,.55-.60,
YGG/USDT,2025-03-23,LONG,0.6992,0.207,0.2015,5,False,-2.657,0.2962,.60-.70,
YGG/USDT,2025-03-24,LONG,0.5507,0.2147,0.2015,4,True,-6.1481,0.7806,.55-.60,
YGG/USDT,2025-03-26,LONG,0.7106,0.2095,0.2015,2,True,-3.8186,0.5015,.70-.80,
YGG/USDT,2025-03-27,LONG,0.5947,0.2105,0.2015,1,True,-4.2755,0.1053,.55-.60,
YGG/USDT,2025-03-29,LONG,0.6236,0.1854,0.1861,3,True,0.3776,1.889,.60-.70,1.5-2x
YGG/USDT,2025-04-02,LONG,0.6322,0.1731,0.1727,3,True,-0.2311,1.8893,.60-.70,1.5-2x
YGG/USDT,2025-04-04,LONG,0.5893,0.1734,0.1727,1,True,-0.4037,0.0813,.55-.60,
NMR/USDT,2024-08-31,LONG,0.617,14.74,13.54,1,True,-8.1411,0.4453,.60-.70,
NMR/USDT,2024-09-04,LONG,0.6375,13.77,13.34,1,True,-3.1227,0.1677,.60-.70,
NMR/USDT,2024-09-08,LONG,0.5612,13.24,14.93,5,False,12.7644,0.4279,.55-.60,
NMR/USDT,2024-09-09,LONG,0.5642,14.27,14.73,5,False,3.2235,1.4088,.55-.60,1-1.5x
NMR/USDT,2024-09-12,LONG,0.5528,14.91,14.06,5,False,-5.7009,1.0606,.55-.60,1-1.5x
NMR/USDT,2024-09-21,LONG,0.5694,15.34,15.01,1,True,-2.1512,0.3197,.55-.60,
NMR/USDT,2024-09-29,LONG,0.5514,17.34,15.8,1,True,-8.8812,1.364,.55-.60,1-1.5x
NMR/USDT,2024-10-02,LONG,0.5744,14.1,14.93,5,False,5.8865,0.3552,.55-.60,
NMR/USDT,2024-10-03,LONG,0.5719,13.7,14.93,4,True,8.9781,0.5974,.55-.60,
NMR/USDT,2024-10-04,LONG,0.6382,14.49,14.93,3,True,3.0366,1.1694,.60-.70,1-1.5x
NMR/USDT,2024-10-10,LONG,0.6201,14.37,14.89,2,True,3.6186,0.4381,.60-.70,
NMR/USDT,2024-10-11,LONG,0.5533,14.68,14.89,1,True,1.4305,0.4736,.55-.60,
NMR/USDT,2024-10-13,LONG,0.5569,14.99,14.65,4,True,-2.2682,0.1545,.55-.60,
NMR/USDT,2024-10-15,LONG,0.5803,15.32,14.65,2,True,-4.3734,0.6422,.55-.60,
NMR/USDT,2024-10-18,LONG,0.5975,14.98,15.04,1,True,0.4005,0.5448,.55-.60,
NMR/USDT,2024-10-21,LONG,0.5865,15.44,15.49,1,True,0.3238,1.4869,.55-.60,1-1.5x
NMR/USDT,2024-10-24,LONG,0.6354,14.99,13.68,1,True,-8.7392,0.6847,.60-.70,
NMR/USDT,2024-10-26,LONG,0.7437,14.29,14.3,1,True,0.07,1.0961,.70-.80,1-1.5x
NMR/USDT,2024-11-02,LONG,0.6168,13.95,15.63,5,False,12.043,0.3083,.60-.70,
NMR/USDT,2024-11-03,LONG,0.595,13.68,15.63,4,True,14.2544,0.4641,.55-.60,
NMR/USDT,2024-11-04,LONG,0.6447,13.41,15.63,3,True,16.5548,0.4757,.60-.70,
NMR/USDT,2024-11-06,LONG,0.5832,15.74,15.63,1,True,-0.6989,2.1208,.55-.60,2-3x
NMR/USDT,2024-11-08,LONG,0.5561,15.64,16.45,2,True,5.179,0.0129,.55-.60,
NMR/USDT,2024-11-09,LONG,0.6196,16.35,16.45,1,True,0.6116,0.9697,.60-.70,
NMR/USDT,2024-11-12,LONG,0.7834,16.05,15.38,3,True,-4.1745,1.3712,.70-.80,1-1.5x
NMR/USDT,2024-11-13,LONG,0.9153,14.84,15.38,2,True,3.6388,1.5226,>.80,1.5-2x
NMR/USDT,2024-11-14,LONG,0.846,14.63,15.38,1,True,5.1265,0.3132,>.80,
NMR/USDT,2024-11-18,LONG,0.7436,16.71,15.59,2,True,-6.7026,1.0589,.70-.80,1-1.5x
NMR/USDT,2024-11-19,LONG,0.965,16.61,15.59,1,True,-6.1409,0.1282,>.80,
NMR/USDT,2024-11-21,LONG,0.5647,16.29,17.67,2,True,8.4715,0.9406,.55-.60,
NMR/USDT,2024-11-22,LONG,0.9638,16.46,17.67,1,True,7.3512,0.2199,>.80,
NMR/USDT,2024-11-25,LONG,0.9268,18.37,20.54,3,True,11.8127,0.4136,>.80,
NMR/USDT,2024-11-26,LONG,0.8965,17.82,20.54,2,True,15.2637,0.667,>.80,
NMR/USDT,2024-11-27,LONG,0.5753,18.94,20.54,1,True,8.4477,1.3539,.55-.60,1-1.5x
NMR/USDT,2024-12-01,LONG,0.9864,21.87,22.49,1,True,2.8349,0.2383,>.80,
NMR/USDT,2024-12-05,LONG,0.5701,24.15,25.53,1,True,5.7143,0.1272,.55-.60,
NMR/USDT,2024-12-07,LONG,0.9109,24.94,21.12,2,True,-15.3168,0.544,>.80,
NMR/USDT,2024-12-08,LONG,0.7557,25.54,21.12,1,True,-17.3062,0.5723,.70-.80,
NMR/USDT,2024-12-10,LONG,0.6661,20.4,22.19,5,False,8.7745,0.5779,.60-.70,
NMR/USDT,2024-12-11,LONG,0.6069,22.44,22.19,4,True,-1.1141,1.6214,.60-.70,1.5-2x
NMR/USDT,2024-12-12,LONG,0.9863,22.85,22.19,3,True,-2.8884,0.2964,>.80,
NMR/USDT,2024-12-13,LONG,0.8199,22.96,22.19,2,True,-3.3537,0.0798,>.80,
NMR/USDT,2024-12-14,LONG,0.7075,21.88,22.19,1,True,1.4168,0.7735,.70-.80,
NMR/USDT,2024-12-17,LONG,0.6431,20.29,17.67,1,True,-12.9128,0.8012,.60-.70,
NMR/USDT,2024-12-20,LONG,0.8098,15.7,14.72,1,True,-6.242,0.7301,>.80,
NMR/USDT,2024-12-24,LONG,0.8014,16.75,16.38,1,True,-2.209,0.7897,>.80,
NMR/USDT,2024-12-26,LONG,0.9689,15.25,16.23,2,True,6.4262,1.0715,>.80,1-1.5x
NMR/USDT,2024-12-27,LONG,0.7549,15.5,16.23,1,True,4.7097,0.2522,.70-.80,
NMR/USDT,2024-12-30,LONG,0.6985,15.49,15.06,1,True,-2.776,0.5215,.60-.70,
NMR/USDT,2025-01-01,LONG,0.9119,16.4,17.16,4,True,4.6341,1.6553,>.80,1.5-2x
NMR/USDT,2025-01-02,LONG,0.5886,16.37,17.16,3,True,4.8259,0.0341,.55-.60,
NMR/USDT,2025-01-03,LONG,0.7137,17.04,17.16,2,True,0.7042,0.7508,.70-.80,
NMR/USDT,2025-01-04,LONG,0.9097,16.98,17.16,1,True,1.0601,0.0649,>.80,
NMR/USDT,2025-01-06,LONG,0.6771,17.14,14.88,2,True,-13.1855,0.0219,.60-.70,
NMR/USDT,2025-01-07,LONG,0.6825,15.14,14.88,1,True,-1.7173,2.2512,.60-.70,2-3x
NMR/USDT,2025-01-12,LONG,0.7118,14.79,13.64,1,True,-7.7755,0.2595,.70-.80,
NMR/USDT,2025-01-14,LONG,0.5542,13.68,14.25,4,True,4.1667,0.0654,.55-.60,
NMR/USDT,2025-01-17,LONG,0.6461,15.3,14.25,1,True,-6.8627,1.3019,.60-.70,1-1.5x
NMR/USDT,2025-01-19,LONG,0.7248,12.69,12.99,4,True,2.3641,2.0545,.70-.80,2-3x
NMR/USDT,2025-01-21,LONG,0.6997,13.19,12.99,2,True,-1.5163,0.8292,.60-.70,
NMR/USDT,2025-01-29,LONG,0.5537,12.09,12.22,3,True,1.0753,0.5388,.55-.60,
NMR/USDT,2025-01-30,LONG,0.5836,12.68,12.22,2,True,-3.6278,1.0731,.55-.60,1-1.5x
NMR/USDT,2025-01-31,LONG,0.5536,13.01,12.22,1,True,-6.0723,0.5648,.55-.60,
NMR/USDT,2025-02-03,LONG,0.6612,11.35,10.24,2,True,-9.7797,1.357,.60-.70,1-1.5x
NMR/USDT,2025-02-06,LONG,0.8836,9.64,10.19,1,True,5.7054,1.0778,>.80,1-1.5x
NMR/USDT,2025-02-10,LONG,0.7211,11.02,11.2,5,False,1.6334,0.5393,.70-.80,
NMR/USDT,2025-02-11,LONG,0.5851,11.24,11.2,4,True,-0.3559,0.3821,.55-.60,
NMR/USDT,2025-02-12,LONG,0.5686,11.56,11.2,3,True,-3.1142,0.5391,.55-.60,
NMR/USDT,2025-02-14,LONG,0.5589,11.56,11.2,1,True,-3.1142,0.3004,.55-.60,
NMR/USDT,2025-02-17,LONG,0.6062,11.49,11.13,2,True,-3.1332,0.2315,.60-.70,
NMR/USDT,2025-02-20,LONG,0.7385,11.45,12.16,3,True,6.2009,0.5445,.70-.80,
NMR/USDT,2025-02-21,LONG,0.5537,11.18,12.16,2,True,8.7657,0.459,.55-.60,
NMR/USDT,2025-02-25,LONG,0.7735,10.65,10.28,2,True,-3.4742,0.7823,.70-.80,
NMR/USDT,2025-02-26,LONG,0.8047,10.12,10.28,1,True,1.581,0.934,>.80,
NMR/USDT,2025-02-28,LONG,0.8229,10.24,10.12,1,True,-1.1719,0.0752,>.80,
NMR/USDT,2025-03-02,LONG,0.7221,11.0,9.11,4,True,-17.1818,1.591,.70-.80,1.5-2x
NMR/USDT,2025-03-03,LONG,0.6241,8.73,9.11,3,True,4.3528,2.888,.60-.70,2-3x
NMR/USDT,2025-03-04,LONG,0.5529,8.99,9.11,2,True,1.3348,0.4166,.55-.60,
NMR/USDT,2025-03-07,LONG,0.7569,9.08,8.03,2,True,-11.5639,0.0462,.70-.80,
NMR/USDT,2025-03-08,LONG,0.5722,8.89,8.03,1,True,-9.6738,0.2968,.55-.60,
NMR/USDT,2025-03-10,LONG,0.6279,7.73,8.7,4,True,12.5485,0.5156,.60-.70,
NMR/USDT,2025-03-11,LONG,0.6292,8.09,8.7,3,True,7.5402,0.6379,.60-.70,
NMR/USDT,2025-03-12,LONG,0.5668,8.31,8.7,2,True,4.6931,0.3727,.55-.60,
NMR/USDT,2025-03-17,LONG,0.9469,10.934,10.219,1,True,-6.5392,3.2531,>.80,3-5x
NMR/USDT,2025-03-19,LONG,0.5983,9.999,9.381,2,True,-6.1806,0.2293,.55-.60,
NMR/USDT,2025-03-20,LONG,0.9835,10.118,9.381,1,True,-7.284,0.1267,>.80,
NMR/USDT,2025-03-24,LONG,0.8091,9.28,8.923,2,True,-3.847,0.1649,>.80,
NMR/USDT,2025-03-27,LONG,0.5866,8.938,8.083,5,False,-9.5659,0.0209,.55-.60,
UMA/USDT,2024-09-22,LONG,0.5781,2.363,2.323,3,True,-1.6928,0.9078,.55-.60,
UMA/USDT,2024-09-24,LONG,0.5998,2.401,2.323,1,True,-3.2486,0.1886,.55-.60,
UMA/USDT,2024-09-28,LONG,0.6098,2.664,2.721,1,True,2.1396,0.42,.60-.70,
UMA/USDT,2024-09-30,LONG,0.8307,2.635,2.744,1,True,4.1366,0.9487,>.80,
UMA/USDT,2024-10-04,LONG,0.9507,2.996,2.924,2,True,-2.4032,1.115,>.80,1-1.5x
UMA/USDT,2024-10-05,LONG,0.8886,2.934,2.924,1,True,-0.3408,0.6179,>.80,
UMA/USDT,2024-10-10,LONG,0.7797,2.528,2.724,3,True,7.7532,0.0494,.70-.80,
UMA/USDT,2024-10-11,LONG,0.5789,2.675,2.724,2,True,1.8318,1.5025,.55-.60,1.5-2x
UMA/USDT,2024-10-12,LONG,0.5913,2.795,2.724,1,True,-2.5403,1.158,.55-.60,1-1.5x
UMA/USDT,2024-10-17,LONG,0.7312,2.955,2.848,1,True,-3.621,3.0357,.70-.80,3-5x
UMA/USDT,2024-10-19,LONG,0.5606,2.771,2.707,2,True,-2.3096,0.5441,.55-.60,
UMA/USDT,2024-10-20,LONG,0.7718,2.832,2.707,1,True,-4.4138,0.4472,.70-.80,
UMA/USDT,2024-10-25,LONG,0.5902,2.624,2.497,3,True,-4.8399,1.0659,.55-.60,1-1.5x
UMA/USDT,2024-10-26,LONG,0.7455,2.576,2.497,2,True,-3.0668,0.3765,.70-.80,
UMA/USDT,2024-10-27,LONG,0.7555,2.54,2.497,1,True,-1.6929,0.2933,.70-.80,
UMA/USDT,2024-10-29,LONG,0.8399,2.575,2.518,2,True,-2.2136,0.6798,>.80,
UMA/USDT,2024-10-30,LONG,0.7561,2.595,2.518,1,True,-2.9672,0.169,.70-.80,
UMA/USDT,2024-11-04,LONG,0.6433,2.048,2.446,5,False,19.4336,0.6482,.60-.70,
UMA/USDT,2024-11-05,LONG,0.7285,2.129,2.794,5,False,31.2353,0.8247,.70-.80,
UMA/USDT,2024-11-06,LONG,0.6317,2.36,2.794,4,True,18.3898,2.5994,.60-.70,2-3x
UMA/USDT,2024-11-07,LONG,0.5675,2.372,2.794,3,True,17.7909,0.1228,.55-.60,
UMA/USDT,2024-11-08,LONG,0.7274,2.345,2.794,2,True,19.1471,0.2764,.70-.80,
UMA/USDT,2024-11-09,LONG,0.613,2.446,2.794,1,True,14.2273,1.0197,.60-.70,1-1.5x
UMA/USDT,2024-11-12,LONG,0.8334,2.602,2.466,3,True,-5.2267,1.5673,>.80,1.5-2x
UMA/USDT,2024-11-13,LONG,0.9475,2.43,2.466,2,True,1.4815,1.1383,>.80,1-1.5x
UMA/USDT,2024-11-14,LONG,0.9005,2.365,2.466,1,True,4.2706,0.467,>.80,
UMA/USDT,2024-11-22,LONG,0.7629,2.658,2.874,3,True,8.1264,0.3559,.70-.80,
UMA/USDT,2024-11-23,LONG,0.6257,2.825,2.874,2,True,1.7345,0.9947,.60-.70,
UMA/USDT,2024-11-24,LONG,0.639,2.993,2.874,1,True,-3.9759,0.9462,.60-.70,
UMA/USDT,2024-11-26,LONG,0.6792,2.962,3.101,2,True,4.6928,0.5059,.60-.70,
UMA/USDT,2024-11-30,LONG,0.6343,3.239,3.285,1,True,1.4202,0.0457,.60-.70,
UMA/USDT,2024-12-05,LONG,0.8565,3.876,4.043,3,True,4.3086,0.5028,>.80,
UMA/USDT,2024-12-06,LONG,0.8835,3.893,4.043,2,True,3.8531,0.0905,>.80,
UMA/USDT,2024-12-07,LONG,0.8769,3.827,4.043,1,True,5.6441,0.3847,>.80,
UMA/USDT,2024-12-09,LONG,0.7296,3.367,3.581,2,True,6.3558,2.8313,.70-.80,2-3x
UMA/USDT,2024-12-10,LONG,0.7141,3.234,3.581,1,True,10.7297,0.677,.70-.80,
UMA/USDT,2024-12-12,LONG,0.9697,3.814,3.61,3,True,-5.3487,1.0617,>.80,1-1.5x
UMA/USDT,2024-12-14,LONG,0.5669,3.531,3.61,1,True,2.2373,0.8234,.55-.60,
UMA/USDT,2024-12-16,LONG,0.6527,3.508,2.943,2,True,-16.106,0.4597,.60-.70,
UMA/USDT,2024-12-17,LONG,0.742,3.284,2.943,1,True,-10.3837,1.0287,.70-.80,1-1.5x
UMA/USDT,2024-12-20,LONG,0.6947,2.71,2.539,1,True,-6.31,0.0326,.60-.70,
UMA/USDT,2024-12-26,LONG,0.5621,2.65,2.692,1,True,1.5849,1.0924,.55-.60,1-1.5x
UMA/USDT,2024-12-28,LONG,0.6861,2.815,2.651,3,True,-5.8259,0.6844,.60-.70,
UMA/USDT,2024-12-29,LONG,0.5641,2.707,2.651,2,True,-2.0687,0.6748,.55-.60,
UMA/USDT,2025-01-05,LONG,0.6038,3.146,2.586,3,True,-17.8004,0.0523,.60-.70,
UMA/USDT,2025-01-06,LONG,0.6729,3.127,2.586,2,True,-17.3009,0.1145,.60-.70,
UMA/USDT,2025-01-07,LONG,0.8011,2.756,2.586,1,True,-6.1684,2.184,>.80,2-3x
UMA/USDT,2025-01-13,LONG,0.6661,2.377,2.696,5,False,13.4203,0.6897,.60-.70,
UMA/USDT,2025-01-16,LONG,0.6077,2.532,2.535,5,False,0.1185,0.5518,.60-.70,
UMA/USDT,2025-01-18,LONG,0.6525,2.696,2.535,3,True,-5.9718,0.8948,.60-.70,
UMA/USDT,2025-01-19,LONG,0.6448,2.555,2.535,2,True,-0.7828,0.9209,.60-.70,
UMA/USDT,2025-01-20,LONG,0.7043,2.498,2.535,1,True,1.4812,0.3936,.70-.80,
UMA/USDT,2025-01-25,LONG,0.6077,2.318,2.035,3,True,-12.2088,0.0263,.60-.70,
UMA/USDT,2025-01-30,LONG,0.5646,2.225,2.1,2,True,-5.618,0.8136,.55-.60,
UMA/USDT,2025-01-31,LONG,0.5565,2.251,2.1,1,True,-6.7081,0.245,.55-.60,
UMA/USDT,2025-02-06,LONG,0.8276,1.534,1.576,1,True,2.7379,1.3019,>.80,1-1.5x
UMA/USDT,2025-02-10,LONG,0.6263,1.718,1.755,4,True,2.1537,0.5413,.60-.70,
UMA/USDT,2025-02-11,LONG,0.9041,1.696,1.755,3,True,3.4788,0.2465,>.80,
UMA/USDT,2025-02-12,LONG,0.8964,1.817,1.755,2,True,-3.4122,1.2828,>.80,1-1.5x
UMA/USDT,2025-02-13,LONG,0.6827,1.748,1.755,1,True,0.4005,0.6891,.60-.70,
UMA/USDT,2025-02-15,LONG,0.6374,1.667,1.663,1,True,-0.24,0.8992,.60-.70,
UMA/USDT,2025-02-18,LONG,0.5744,1.562,1.738,4,True,11.2676,1.1427,.55-.60,1-1.5x
UMA/USDT,2025-02-19,LONG,0.5652,1.676,1.738,3,True,3.6993,1.3391,.55-.60,1-1.5x
UMA/USDT,2025-02-23,LONG,0.7143,1.655,1.48,4,True,-10.574,0.8498,.70-.80,
UMA/USDT,2025-02-24,LONG,0.5506,1.504,1.48,3,True,-1.5957,1.6523,.55-.60,1.5-2x
UMA/USDT,2025-02-26,LONG,0.6261,1.499,1.48,1,True,-1.2675,0.1608,.60-.70,
UMA/USDT,2025-03-05,LONG,0.6343,1.348,1.341,1,True,-0.5193,0.1829,.60-.70,
UMA/USDT,2025-03-10,LONG,0.9557,1.176,1.205,5,False,2.466,0.6955,>.80,
UMA/USDT,2025-03-11,LONG,0.915,1.2,1.149,5,False,-4.25,0.3261,>.80,
UMA/USDT,2025-03-13,LONG,0.9902,1.134,1.291,5,False,13.8448,0.7361,>.80,
UMA/USDT,2025-03-14,LONG,0.9007,1.172,1.291,4,True,10.1536,0.6295,>.80,
UMA/USDT,2025-03-15,LONG,0.6192,1.205,1.291,3,True,7.1369,0.5242,.60-.70,
UMA/USDT,2025-03-16,LONG,0.8961,1.149,1.291,2,True,12.3586,0.9075,>.80,
UMA/USDT,2025-03-17,LONG,0.8458,1.299,1.291,1,True,-0.6159,2.1651,>.80,2-3x
UMA/USDT,2025-03-20,LONG,0.8673,1.286,1.246,1,True,-3.1104,0.141,>.80,
UMA/USDT,2025-03-22,LONG,0.8153,1.47,1.417,1,True,-3.6054,2.5113,>.80,2-3x
UMA/USDT,2025-03-24,LONG,0.8147,1.408,1.396,2,True,-0.8523,0.1021,>.80,
UMA/USDT,2025-03-25,LONG,0.9707,1.418,1.396,1,True,-1.5515,0.1142,>.80,
UMA/USDT,2025-03-31,LONG,0.6537,1.166,1.175,1,True,0.7719,0.3217,.60-.70,
BAND/USDT,2024-09-01,LONG,0.5517,1.01,1.06,3,True,4.9505,1.1324,.55-.60,1-1.5x
BAND/USDT,2024-09-02,LONG,0.5795,1.063,1.06,2,True,-0.2822,1.3997,.55-.60,1-1.5x
BAND/USDT,2024-09-08,LONG,0.5738,1.017,1.068,3,True,5.0147,0.7334,.55-.60,
BAND/USDT,2024-09-09,LONG,0.5816,1.075,1.068,2,True,-0.6512,1.5441,.55-.60,1.5-2x
BAND/USDT,2024-09-14,LONG,0.5744,1.136,1.2,5,False,5.6338,0.3271,.55-.60,
BAND/USDT,2024-09-18,LONG,0.5969,1.167,1.272,5,False,8.9974,1.1776,.55-.60,1-1.5x
BAND/USDT,2024-09-19,LONG,0.6228,1.2,1.274,5,False,6.1667,0.7682,.60-.70,
BAND/USDT,2024-09-21,LONG,0.5747,1.27,1.313,5,False,3.3858,0.7516,.55-.60,
BAND/USDT,2024-09-22,LONG,0.6203,1.232,1.35,5,False,9.5779,0.8741,.60-.70,
BAND/USDT,2024-09-29,LONG,0.5629,1.329,1.077,4,True,-18.9616,0.2987,.55-.60,
BAND/USDT,2024-09-30,LONG,0.5984,1.224,1.077,3,True,-12.0098,2.1685,.55-.60,2-3x
BAND/USDT,2024-10-01,LONG,0.5766,1.105,1.077,2,True,-2.5339,2.2786,.55-.60,2-3x
BAND/USDT,2024-10-02,LONG,0.6399,1.101,1.077,1,True,-2.1798,0.0873,.60-.70,
BAND/USDT,2024-10-04,LONG,0.6643,1.142,1.138,3,True,-0.3503,1.3759,.60-.70,1-1.5x
BAND/USDT,2024-10-05,LONG,0.7697,1.143,1.138,2,True,-0.4374,0.0205,.70-.80,
BAND/USDT,2024-10-10,LONG,0.6563,1.09,1.128,3,True,3.4862,0.0245,.60-.70,
BAND/USDT,2024-10-11,LONG,0.6633,1.126,1.128,2,True,0.1776,0.8727,.60-.70,
BAND/USDT,2024-10-12,LONG,0.6045,1.154,1.128,1,True,-2.253,0.6552,.60-.70,
BAND/USDT,2024-10-15,LONG,0.7126,1.163,1.148,3,True,-1.2898,0.3894,.70-.80,
BAND/USDT,2024-10-17,LONG,0.6901,1.109,1.148,1,True,3.5167,0.4931,.60-.70,
BAND/USDT,2024-10-21,LONG,0.848,1.19,1.162,3,True,-2.3529,1.1121,>.80,1-1.5x
BAND/USDT,2024-10-22,LONG,0.6586,1.191,1.162,2,True,-2.4349,0.0275,.60-.70,
BAND/USDT,2024-10-23,LONG,0.9394,1.154,1.162,1,True,0.6932,0.9991,>.80,
BAND/USDT,2024-10-25,LONG,0.8387,1.049,1.089,2,True,3.8132,2.721,>.80,2-3x
BAND/USDT,2024-10-26,LONG,0.9443,1.044,1.089,1,True,4.3103,0.1356,>.80,
BAND/USDT,2024-10-30,LONG,0.7888,1.248,1.129,1,True,-9.5353,1.5056,.70-.80,1.5-2x
BAND/USDT,2024-11-03,LONG,0.6673,0.997,1.16,3,True,16.349,0.7094,.60-.70,
BAND/USDT,2024-11-04,LONG,0.8651,0.973,1.16,2,True,19.2189,0.5023,>.80,
BAND/USDT,2024-11-05,LONG,0.8702,1.02,1.16,1,True,13.7255,0.981,>.80,
BAND/USDT,2024-11-07,LONG,0.5613,1.166,1.255,3,True,7.6329,0.0894,.55-.60,
BAND/USDT,2024-11-08,LONG,0.6186,1.169,1.255,2,True,7.3567,0.0445,.60-.70,
BAND/USDT,2024-11-09,LONG,0.8319,1.224,1.255,1,True,2.5327,0.8215,>.80,
BAND/USDT,2024-11-12,LONG,0.878,1.295,1.248,3,True,-3.6293,0.3545,>.80,
BAND/USDT,2024-11-13,LONG,0.9742,1.225,1.248,2,True,1.8776,0.9127,>.80,
BAND/USDT,2024-11-14,LONG,0.936,1.196,1.248,1,True,4.3478,0.4328,>.80,
BAND/USDT,2024-11-20,LONG,0.667,1.233,1.341,1,True,8.7591,1.146,.60-.70,1-1.5x
BAND/USDT,2024-11-22,LONG,0.9048,1.382,1.547,2,True,11.9392,0.55,>.80,
BAND/USDT,2024-11-23,LONG,0.7429,1.433,1.547,1,True,7.9553,0.6774,.70-.80,
BAND/USDT,2024-11-25,LONG,0.9404,1.508,1.689,3,True,12.0027,0.4516,>.80,
BAND/USDT,2024-11-26,LONG,0.824,1.576,1.689,2,True,7.1701,0.9175,>.80,
BAND/USDT,2024-11-30,LONG,0.8105,1.877,2.138,3,True,13.9052,1.1869,>.80,1-1.5x
BAND/USDT,2024-12-01,LONG,0.7725,1.882,2.138,2,True,13.6026,0.0533,.70-.80,
BAND/USDT,2024-12-02,LONG,0.6379,1.929,2.138,1,True,10.8346,0.5081,.60-.70,
BAND/USDT,2024-12-04,LONG,0.5552,2.178,2.289,4,True,5.0964,0.3901,.55-.60,
BAND/USDT,2024-12-05,LONG,0.6388,2.189,2.289,3,True,4.5683,0.1047,.60-.70,
BAND/USDT,2024-12-06,LONG,0.6734,2.209,2.289,2,True,3.6215,0.1975,.60-.70,
BAND/USDT,2024-12-07,LONG,0.7696,2.196,2.289,1,True,4.235,0.1359,.70-.80,
BAND/USDT,2024-12-10,LONG,0.609,1.676,1.855,4,True,10.6802,0.6696,.60-.70,
BAND/USDT,2024-12-11,LONG,0.7752,1.819,1.855,3,True,1.9791,1.2269,.70-.80,1-1.5x
BAND/USDT,2024-12-12,LONG,0.9552,2.068,1.855,2,True,-10.2998,1.8386,>.80,1.5-2x
BAND/USDT,2024-12-13,LONG,0.7049,1.998,1.855,1,True,-7.1572,0.4487,.70-.80,
BAND/USDT,2024-12-17,LONG,0.6936,1.771,1.591,1,True,-10.1637,0.7659,.60-.70,
BAND/USDT,2024-12-21,LONG,0.826,1.389,1.507,2,True,8.4953,0.7616,>.80,
BAND/USDT,2024-12-22,LONG,0.7107,1.391,1.507,1,True,8.3393,0.0174,.70-.80,
BAND/USDT,2024-12-24,LONG,0.5594,1.56,1.543,1,True,-1.0897,0.4314,.55-.60,
BAND/USDT,2024-12-28,LONG,0.6779,1.509,1.447,1,True,-4.1087,0.62,.60-.70,
BAND/USDT,2024-12-30,LONG,0.5689,1.456,1.443,2,True,-0.8929,0.0944,.55-.60,
BAND/USDT,2024-12-31,LONG,0.6608,1.411,1.443,1,True,2.2679,0.4939,.60-.70,
BAND/USDT,2025-01-04,LONG,0.6999,1.58,1.371,4,True,-13.2278,0.1165,.60-.70,
BAND/USDT,2025-01-06,LONG,0.5659,1.603,1.371,2,True,-14.4729,0.1551,.55-.60,
BAND/USDT,2025-01-07,LONG,0.6123,1.436,1.371,1,True,-4.5265,1.9664,.60-.70,1.5-2x
BAND/USDT,2025-01-10,LONG,0.5792,1.369,1.322,4,True,-3.4332,0.5534,.55-.60,
BAND/USDT,2025-01-11,LONG,0.6589,1.361,1.322,3,True,-2.8655,0.1269,.60-.70,
BAND/USDT,2025-01-12,LONG,0.669,1.333,1.322,2,True,-0.8252,0.4922,.60-.70,
BAND/USDT,2025-01-13,LONG,0.6911,1.279,1.322,1,True,3.362,0.9793,.60-.70,
BAND/USDT,2025-01-16,LONG,0.6412,1.39,1.505,1,True,8.2734,0.1911,.60-.70,
BAND/USDT,2025-01-18,LONG,0.7018,1.402,1.22,2,True,-12.9815,1.5055,.70-.80,1.5-2x
BAND/USDT,2025-01-19,LONG,0.6331,1.298,1.22,1,True,-6.0092,1.5361,.60-.70,1.5-2x
BAND/USDT,2025-01-24,LONG,0.73,1.171,1.206,1,True,2.9889,0.7401,.70-.80,
BAND/USDT,2025-01-27,LONG,0.5659,1.2,1.107,1,True,-7.75,1.1171,.55-.60,1-1.5x
BAND/USDT,2025-01-30,LONG,0.6208,1.19,1.009,3,True,-15.2101,1.057,.60-.70,1-1.5x
BAND/USDT,2025-01-31,LONG,0.565,1.182,1.009,2,True,-14.6362,0.1412,.55-.60,
BAND/USDT,2025-02-03,LONG,0.8121,1.017,0.912,2,True,-10.3245,0.1542,>.80,
BAND/USDT,2025-02-06,LONG,0.9373,0.855,0.88,1,True,2.924,1.368,>.80,1-1.5x
BAND/USDT,2025-02-10,LONG,0.6789,0.951,0.964,5,False,1.367,0.7533,.60-.70,
BAND/USDT,2025-02-11,LONG,0.6006,0.966,0.964,4,True,-0.207,0.3382,.60-.70,
BAND/USDT,2025-02-12,LONG,0.6531,1.002,0.964,3,True,-3.7924,0.7787,.60-.70,
BAND/USDT,2025-02-16,LONG,0.6112,0.97,0.976,3,True,0.6186,0.1388,.60-.70,
BAND/USDT,2025-02-21,LONG,0.8022,1.084,0.8997,3,True,-17.0018,0.6503,>.80,
BAND/USDT,2025-02-23,LONG,0.765,1.0919,0.8997,1,True,-17.6023,0.6641,.70-.80,
BAND/USDT,2025-02-28,LONG,0.8771,0.9622,0.9122,3,True,-5.1964,0.2747,>.80,
BAND/USDT,2025-03-01,LONG,0.7612,0.9879,0.9122,2,True,-7.6627,0.52,.70-.80,
BAND/USDT,2025-03-02,LONG,0.6728,1.0504,0.9122,1,True,-13.1569,1.2025,.60-.70,1-1.5x
BAND/USDT,2025-03-11,LONG,0.7485,0.737,0.758,1,True,2.8494,0.0928,.70-.80,
BAND/USDT,2025-03-14,LONG,0.8086,0.7722,0.7945,1,True,2.8879,0.5033,>.80,
BAND/USDT,2025-03-17,LONG,0.6665,0.797,0.787,1,True,-1.2547,1.2665,.60-.70,1-1.5x
BAND/USDT,2025-03-20,LONG,0.6758,0.7749,0.7666,1,True,-1.0711,0.874,.60-.70,
BAND/USDT,2025-03-23,LONG,0.7304,0.8064,0.7661,5,False,-4.9975,0.1284,.70-.80,
BAND/USDT,2025-03-24,LONG,0.6681,0.846,0.7239,5,False,-14.4326,1.047,.60-.70,1-1.5x
BAND/USDT,2025-03-25,LONG,0.6691,0.8617,0.7255,5,False,-15.806,0.41,.60-.70,
BAND/USDT,2025-03-26,LONG,0.6758,0.8434,0.7255,4,True,-13.9791,0.4693,.60-.70,
BAND/USDT,2025-03-27,LONG,0.8213,0.8287,0.7255,3,True,-12.4532,0.3841,>.80,
BAND/USDT,2025-03-28,LONG,0.6721,0.7661,0.7255,2,True,-5.2996,1.5744,.60-.70,1.5-2x
BAND/USDT,2025-03-29,LONG,0.6037,0.7239,0.7255,1,True,0.221,1.3493,.60-.70,1-1.5x
BAND/USDT,2025-04-03,LONG,0.6703,0.677,0.6697,1,True,-1.0783,0.3115,.60-.70,
KNC/USDT,2024-08-27,LONG,0.5719,0.4365,0.4384,1,True,0.4353,1.395,.55-.60,1-1.5x
KNC/USDT,2024-08-31,LONG,0.5579,0.4306,0.4231,5,False,-1.7418,0.6383,.55-.60,
KNC/USDT,2024-09-01,LONG,0.6858,0.418,0.4231,4,True,1.2201,0.9383,.60-.70,
KNC/USDT,2024-09-02,LONG,0.627,0.4379,0.4231,3,True,-3.3798,1.4746,.60-.70,1-1.5x
KNC/USDT,2024-09-03,LONG,0.6068,0.4227,0.4231,2,True,0.0946,1.0539,.60-.70,1-1.5x
KNC/USDT,2024-09-04,LONG,0.6831,0.4399,0.4231,1,True,-3.819,1.2414,.60-.70,1-1.5x
KNC/USDT,2024-09-08,LONG,0.6073,0.4137,0.4288,3,True,3.65,0.3902,.60-.70,
KNC/USDT,2024-09-09,LONG,0.5719,0.4385,0.4288,2,True,-2.2121,1.6355,.55-.60,1.5-2x
KNC/USDT,2024-09-10,LONG,0.6435,0.4395,0.4288,1,True,-2.4346,0.0649,.60-.70,
KNC/USDT,2024-09-12,LONG,0.5934,0.4344,0.4437,2,True,2.1409,0.4037,.55-.60,
KNC/USDT,2024-09-13,LONG,0.5639,0.44,0.4437,1,True,0.8409,0.3954,.55-.60,
KNC/USDT,2024-09-15,LONG,0.6143,0.4312,0.4496,3,True,4.2672,0.9199,.60-.70,
KNC/USDT,2024-09-16,LONG,0.689,0.4245,0.4496,2,True,5.9128,0.5576,.60-.70,
KNC/USDT,2024-09-17,LONG,0.5795,0.4354,0.4496,1,True,3.2614,0.9014,.55-.60,
KNC/USDT,2024-09-20,LONG,0.7808,0.4873,0.4921,2,True,0.985,1.102,.70-.80,1-1.5x
KNC/USDT,2024-09-21,LONG,0.8318,0.5075,0.4921,1,True,-3.0345,0.9483,>.80,
KNC/USDT,2024-09-23,LONG,0.8684,0.5044,0.5008,2,True,-0.7137,0.5845,>.80,
KNC/USDT,2024-09-26,LONG,0.8261,0.4979,0.5036,1,True,1.1448,0.1441,>.80,
KNC/USDT,2024-10-05,LONG,0.6159,0.4492,0.4513,2,True,0.4675,0.2152,.60-.70,
KNC/USDT,2024-10-06,LONG,0.6213,0.4597,0.4513,1,True,-1.8273,0.4972,.60-.70,
KNC/USDT,2024-10-10,LONG,0.6367,0.4385,0.4577,3,True,4.3786,0.0992,.60-.70,
KNC/USDT,2024-10-11,LONG,0.5857,0.4551,0.4577,2,True,0.5713,1.1825,.55-.60,1-1.5x
KNC/USDT,2024-10-12,LONG,0.5701,0.4622,0.4577,1,True,-0.9736,0.4915,.55-.60,
KNC/USDT,2024-10-15,LONG,0.6636,0.4689,0.4563,1,True,-2.6871,0.1672,.60-.70,
KNC/USDT,2024-10-17,LONG,0.6609,0.4481,0.4575,1,True,2.0977,0.5597,.60-.70,
KNC/USDT,2024-10-21,LONG,0.6811,0.4582,0.4498,1,True,-1.8333,1.6543,.60-.70,1.5-2x
KNC/USDT,2024-10-24,LONG,0.6172,0.4475,0.4345,4,True,-2.905,0.9752,.60-.70,
KNC/USDT,2024-10-25,LONG,0.5812,0.4145,0.4345,3,True,4.8251,2.6164,.55-.60,2-3x
KNC/USDT,2024-10-26,LONG,0.6883,0.4206,0.4345,2,True,3.3048,0.5291,.60-.70,
KNC/USDT,2024-10-29,LONG,0.6469,0.452,0.4183,2,True,-7.4558,1.3818,.60-.70,1-1.5x
KNC/USDT,2024-10-30,LONG,0.6231,0.4425,0.4183,1,True,-5.4689,0.7101,.60-.70,
KNC/USDT,2024-11-01,LONG,0.7089,0.4161,0.4147,1,True,-0.3365,0.1731,.70-.80,
KNC/USDT,2024-11-06,LONG,0.6239,0.4464,0.4658,2,True,4.3459,2.0258,.60-.70,2-3x
KNC/USDT,2024-11-09,LONG,0.6634,0.4756,0.5135,1,True,7.9689,0.5832,.60-.70,
KNC/USDT,2024-11-12,LONG,0.7308,0.5118,0.5051,3,True,-1.3091,1.0045,.70-.80,1-1.5x
KNC/USDT,2024-11-13,LONG,0.9433,0.5095,0.5051,2,True,-0.8636,0.1131,>.80,
KNC/USDT,2024-11-14,LONG,0.9375,0.4858,0.5051,1,True,3.9728,1.2503,>.80,1-1.5x
KNC/USDT,2024-11-18,LONG,0.7144,0.5623,0.5508,1,True,-2.0452,2.1645,.70-.80,2-3x
KNC/USDT,2024-11-20,LONG,0.5808,0.5205,0.6362,5,False,22.2286,1.1734,.55-.60,1-1.5x
KNC/USDT,2024-11-22,LONG,0.7775,0.5713,0.6738,5,False,17.9415,0.7422,.70-.80,
KNC/USDT,2024-11-23,LONG,0.7373,0.5943,0.6631,5,False,11.5766,0.8456,.70-.80,
KNC/USDT,2024-11-25,LONG,0.5545,0.6362,0.6972,4,True,9.5882,0.3132,.55-.60,
KNC/USDT,2024-11-26,LONG,0.8951,0.6521,0.6972,3,True,6.9161,0.5579,>.80,
KNC/USDT,2024-11-27,LONG,0.6221,0.6738,0.6972,2,True,3.4728,0.7414,.60-.70,
KNC/USDT,2024-11-28,LONG,0.7186,0.6631,0.6972,1,True,5.1425,0.3481,.70-.80,
KNC/USDT,2024-12-06,LONG,0.806,0.8165,0.8465,2,True,3.6742,0.0873,>.80,
KNC/USDT,2024-12-07,LONG,0.8262,0.82,0.8465,1,True,3.2317,0.087,>.80,
KNC/USDT,2024-12-09,LONG,0.7363,0.6765,0.6385,1,True,-5.6171,2.9826,.70-.80,2-3x
KNC/USDT,2024-12-12,LONG,0.9291,0.7121,0.667,2,True,-6.3334,0.4849,>.80,
KNC/USDT,2024-12-13,LONG,0.7528,0.7038,0.667,1,True,-5.2288,0.1711,.70-.80,
KNC/USDT,2024-12-17,LONG,0.5902,0.6116,0.5469,1,True,-10.5788,0.9167,.55-.60,
KNC/USDT,2024-12-26,LONG,0.5971,0.5235,0.5296,5,False,1.1652,1.2304,.55-.60,1-1.5x
KNC/USDT,2024-12-27,LONG,0.5763,0.5358,0.5296,4,True,-1.1571,0.3312,.55-.60,
KNC/USDT,2024-12-28,LONG,0.7148,0.5762,0.5296,3,True,-8.0875,1.0303,.70-.80,1-1.5x
KNC/USDT,2024-12-29,LONG,0.6261,0.5433,0.5296,2,True,-2.5216,0.9519,.60-.70,
KNC/USDT,2025-01-02,LONG,0.6673,0.5625,0.6068,2,True,7.8756,0.3672,.60-.70,
KNC/USDT,2025-01-03,LONG,0.6448,0.5896,0.6068,1,True,2.9172,0.8409,.60-.70,
KNC/USDT,2025-01-05,LONG,0.6976,0.6238,0.6253,4,True,0.2405,0.4963,.60-.70,
KNC/USDT,2025-01-07,LONG,0.6396,0.5723,0.6253,2,True,9.2609,1.9054,.60-.70,1.5-2x
KNC/USDT,2025-01-08,LONG,0.6231,0.584,0.6253,1,True,7.0719,0.4042,.60-.70,
KNC/USDT,2025-01-11,LONG,0.7075,0.6143,0.5637,2,True,-8.237,0.1655,.70-.80,
KNC/USDT,2025-01-12,LONG,0.6677,0.634,0.5637,1,True,-11.0883,0.675,.60-.70,
KNC/USDT,2025-01-15,LONG,0.8793,0.6211,0.5994,1,True,-3.4938,0.1673,>.80,
KNC/USDT,2025-01-17,LONG,0.9644,0.6205,0.5378,2,True,-13.328,0.6493,>.80,
KNC/USDT,2025-01-18,LONG,0.8854,0.5914,0.5378,1,True,-9.0632,0.8742,>.80,
KNC/USDT,2025-01-20,LONG,0.7877,0.541,0.5329,3,True,-1.4972,0.1045,.70-.80,
KNC/USDT,2025-01-22,LONG,0.6191,0.5377,0.5329,1,True,-0.8927,0.4764,.60-.70,
KNC/USDT,2025-01-26,LONG,0.6059,0.5276,0.5065,5,False,-3.9992,0.1237,.60-.70,
KNC/USDT,2025-01-28,LONG,0.6151,0.4819,0.4732,4,True,-1.8054,1.3351,.60-.70,1-1.5x
KNC/USDT,2025-01-29,LONG,0.563,0.4902,0.4732,3,True,-3.468,0.353,.55-.60,
KNC/USDT,2025-01-30,LONG,0.5866,0.5061,0.4732,2,True,-6.5007,0.6519,.55-.60,
KNC/USDT,2025-01-31,LONG,0.6244,0.5065,0.4732,1,True,-6.5745,0.0159,.60-.70,
KNC/USDT,2025-02-03,LONG,0.6089,0.4431,0.4081,2,True,-7.8989,0.6159,.60-.70,
KNC/USDT,2025-02-11,LONG,0.6029,0.4199,0.4261,4,True,1.4765,0.0497,.60-.70,
KNC/USDT,2025-02-13,LONG,0.5524,0.4288,0.4261,2,True,-0.6297,0.6358,.55-.60,
KNC/USDT,2025-02-14,LONG,0.5874,0.4367,0.4261,1,True,-2.4273,0.4615,.55-.60,
KNC/USDT,2025-02-16,LONG,0.5755,0.4348,0.4272,1,True,-1.7479,0.5034,.55-.60,
KNC/USDT,2025-02-20,LONG,0.6514,0.4352,0.4339,3,True,-0.2987,0.8329,.60-.70,
KNC/USDT,2025-02-28,LONG,0.5938,0.3962,0.4227,2,True,6.6885,0.057,.55-.60,
KNC/USDT,2025-03-03,LONG,0.5649,0.3612,0.3607,5,False,-0.1384,2.7908,.55-.60,2-3x
KNC/USDT,2025-03-19,LONG,0.6188,0.3749,0.36,4,True,-3.9744,0.7326,.60-.70,
KNC/USDT,2025-03-20,LONG,0.6209,0.3644,0.36,3,True,-1.2075,0.5498,.60-.70,
KNC/USDT,2025-03-21,LONG,0.704,0.3675,0.36,2,True,-2.0408,0.1672,.70-.80,
KNC/USDT,2025-03-30,LONG,0.6093,0.3382,0.3388,1,True,0.1774,0.1728,.60-.70,
KNC/USDT,2025-04-02,LONG,0.6349,0.3194,0.3152,3,True,-1.315,1.8219,.60-.70,1.5-2x
KNC/USDT,2025-04-03,LONG,0.7526,0.3197,0.3152,2,True,-1.4076,0.0281,.70-.80,
KNC/USDT,2025-04-04,LONG,0.6951,0.315,0.3152,1,True,0.0635,0.4447,.60-.70,
STORJ/USDT,2024-08-27,LONG,0.6379,0.3698,0.3381,5,False,-8.5722,1.6732,.60-.70,1.5-2x
STORJ/USDT,2024-08-28,LONG,0.6647,0.3638,0.3563,5,False,-2.0616,0.3854,.60-.70,
STORJ/USDT,2024-08-29,LONG,0.5833,0.3665,0.3353,5,False,-8.513,0.1771,.55-.60,
STORJ/USDT,2024-09-12,LONG,0.5612,0.3642,0.3768,3,True,3.4596,0.7935,.55-.60,
STORJ/USDT,2024-09-16,LONG,0.6061,0.3674,0.4049,3,True,10.2069,0.7604,.60-.70,
STORJ/USDT,2024-09-22,LONG,0.7119,0.409,0.4352,3,True,6.4059,1.4293,.70-.80,1-1.5x
STORJ/USDT,2024-09-30,LONG,0.5936,0.4082,0.3858,5,False,-5.4875,1.8411,.55-.60,1.5-2x
STORJ/USDT,2024-10-04,LONG,0.6438,0.3851,0.3842,3,True,-0.2337,1.1703,.60-.70,1-1.5x
STORJ/USDT,2024-10-05,LONG,0.582,0.3858,0.3842,2,True,-0.4147,0.0484,.55-.60,
STORJ/USDT,2024-10-13,LONG,0.6719,0.4656,0.6065,2,True,30.262,1.2136,.60-.70,1-1.5x
STORJ/USDT,2024-10-16,LONG,0.9537,0.5988,0.6189,1,True,3.3567,0.1784,>.80,
STORJ/USDT,2024-10-18,LONG,0.9517,0.6311,0.5277,4,True,-16.3841,0.2806,>.80,
STORJ/USDT,2024-10-19,LONG,0.9758,0.5921,0.5277,3,True,-10.8765,0.8512,>.80,
STORJ/USDT,2024-10-20,LONG,0.9924,0.5453,0.5277,2,True,-3.2276,1.0721,>.80,1-1.5x
STORJ/USDT,2024-10-21,LONG,0.895,0.5129,0.5277,1,True,2.8856,0.8182,>.80,
STORJ/USDT,2024-10-23,LONG,0.977,0.4863,0.4368,2,True,-10.1789,1.0412,>.80,1-1.5x
STORJ/USDT,2024-10-24,LONG,0.8689,0.4915,0.4368,1,True,-11.1292,0.1425,>.80,
STORJ/USDT,2024-10-28,LONG,0.7333,0.4701,0.479,1,True,1.8932,0.5552,.70-.80,
STORJ/USDT,2024-11-03,LONG,0.6059,0.4191,0.4636,5,False,10.618,0.3539,.60-.70,
STORJ/USDT,2024-11-05,LONG,0.5553,0.4286,0.4636,3,True,8.1661,1.1627,.55-.60,1-1.5x
STORJ/USDT,2024-11-13,LONG,0.6456,0.478,0.4762,2,True,-0.3766,0.964,.60-.70,
STORJ/USDT,2024-11-14,LONG,0.62,0.445,0.4762,1,True,7.0112,1.7123,.60-.70,1.5-2x
STORJ/USDT,2024-11-17,LONG,0.5771,0.4784,0.5107,1,True,6.7517,1.383,.55-.60,1-1.5x
STORJ/USDT,2024-11-23,LONG,0.5571,0.5549,0.6103,5,False,9.9838,0.9884,.55-.60,
STORJ/USDT,2024-11-25,LONG,0.5794,0.5637,0.6103,3,True,8.2668,0.6378,.55-.60,
STORJ/USDT,2024-11-27,LONG,0.5581,0.6276,0.6103,1,True,-2.7565,0.213,.55-.60,
STORJ/USDT,2024-11-29,LONG,0.6376,0.6332,0.6709,3,True,5.9539,0.7318,.60-.70,
STORJ/USDT,2024-12-05,LONG,0.6187,0.6854,0.724,1,True,5.6317,0.8344,.60-.70,
STORJ/USDT,2024-12-08,LONG,0.6437,0.7145,0.5746,1,True,-19.5801,0.4198,.60-.70,
STORJ/USDT,2024-12-10,LONG,0.5522,0.5511,0.5901,1,True,7.0768,0.6643,.55-.60,
STORJ/USDT,2024-12-12,LONG,0.6744,0.5987,0.5851,3,True,-2.2716,0.2348,.60-.70,
STORJ/USDT,2024-12-20,LONG,0.555,0.4681,0.4438,1,True,-5.1912,0.7154,.55-.60,
STORJ/USDT,2024-12-22,LONG,0.6452,0.4593,0.491,1,True,6.9018,0.5434,.60-.70,
STORJ/USDT,2024-12-25,LONG,0.7602,0.499,0.5572,3,True,11.6633,0.4577,.70-.80,
STORJ/USDT,2024-12-27,LONG,0.6347,0.4637,0.5572,1,True,20.1639,0.0858,.60-.70,
STORJ/USDT,2024-12-30,LONG,0.5858,0.4835,0.4946,2,True,2.2958,0.3146,.55-.60,
STORJ/USDT,2024-12-31,LONG,0.9838,0.4771,0.4946,1,True,3.668,0.1862,>.80,
STORJ/USDT,2025-01-04,LONG,0.6826,0.5174,0.5728,2,True,10.7074,0.0762,.60-.70,
STORJ/USDT,2025-01-12,LONG,0.5942,0.5284,0.5184,2,True,-1.8925,0.6417,.55-.60,
STORJ/USDT,2025-01-13,LONG,0.7695,0.5042,0.5184,1,True,2.8163,0.6748,.70-.80,
STORJ/USDT,2025-01-15,LONG,0.7523,0.5354,0.4959,3,True,-7.3777,0.5024,.70-.80,
STORJ/USDT,2025-01-16,LONG,0.7054,0.5126,0.4959,2,True,-3.2579,0.6423,.70-.80,
STORJ/USDT,2025-01-21,LONG,0.6145,0.467,0.4507,2,True,-3.4904,0.4375,.60-.70,
STORJ/USDT,2025-01-26,LONG,0.5759,0.4394,0.4277,5,False,-2.6627,0.4427,.55-.60,
STORJ/USDT,2025-02-03,LONG,0.6094,0.3546,0.3279,2,True,-7.5296,0.7965,.60-.70,
STORJ/USDT,2025-02-11,LONG,0.5542,0.3329,0.3394,4,True,1.9525,0.8812,.55-.60,
STORJ/USDT,2025-02-14,LONG,0.5778,0.3495,0.3394,1,True,-2.8898,0.1219,.55-.60,
STORJ/USDT,2025-02-18,LONG,0.7212,0.3772,0.3665,3,True,-2.8367,0.1408,.70-.80,
STORJ/USDT,2025-02-19,LONG,0.8856,0.3746,0.3665,2,True,-2.1623,0.1346,>.80,
STORJ/USDT,2025-02-20,LONG,0.9385,0.3878,0.3665,1,True,-5.4925,0.6773,>.80,
STORJ/USDT,2025-02-24,LONG,0.6294,0.3357,0.3296,5,False,-1.8171,2.7394,.60-.70,2-3x
STORJ/USDT,2025-02-25,LONG,0.6361,0.3365,0.3509,5,False,4.2793,0.0484,.60-.70,
STORJ/USDT,2025-02-26,LONG,0.556,0.3313,0.2997,5,False,-9.5382,0.3235,.55-.60,
STORJ/USDT,2025-03-01,LONG,0.6011,0.3296,0.3103,4,True,-5.8556,0.0819,.60-.70,
STORJ/USDT,2025-03-03,LONG,0.5604,0.2997,0.3103,2,True,3.5369,2.5222,.55-.60,2-3x
STORJ/USDT,2025-03-11,LONG,0.5778,0.2753,0.2809,1,True,2.0341,1.002,.55-.60,1-1.5x
STORJ/USDT,2025-03-14,LONG,0.5716,0.2917,0.2814,2,True,-3.531,0.6686,.55-.60,
STORJ/USDT,2025-03-15,LONG,0.6529,0.2929,0.2814,1,True,-3.9263,0.072,.60-.70,
STORJ/USDT,2025-03-20,LONG,0.573,0.2943,0.285,1,True,-3.16,0.7687,.55-.60,
STORJ/USDT,2025-03-23,LONG,0.6146,0.2916,0.3119,2,True,6.9616,0.3498,.60-.70,
STORJ/USDT,2025-03-24,LONG,0.6056,0.3039,0.3119,1,True,2.6324,1.0586,.60-.70,1-1.5x
STORJ/USDT,2025-03-27,LONG,0.6487,0.3081,0.2809,1,True,-8.8283,0.223,.60-.70,
AGLD/USDT,2024-08-27,LONG,0.5851,0.799,0.733,1,True,-8.2603,1.267,.55-.60,1-1.5x
AGLD/USDT,2024-08-29,LONG,0.5801,0.699,0.719,1,True,2.8612,1.0683,.55-.60,1-1.5x
AGLD/USDT,2024-08-31,LONG,0.9025,0.7,0.715,4,True,2.1429,0.6033,>.80,
AGLD/USDT,2024-09-02,LONG,0.6682,0.717,0.715,2,True,-0.2789,1.1729,.60-.70,1-1.5x
AGLD/USDT,2024-09-03,LONG,0.7012,0.69,0.715,1,True,3.6232,0.8497,.70-.80,
AGLD/USDT,2024-09-07,LONG,0.6906,0.7014,0.773,4,True,10.2082,0.8514,.60-.70,
AGLD/USDT,2024-09-08,LONG,0.6315,0.7181,0.773,3,True,7.6452,0.5321,.60-.70,
AGLD/USDT,2024-09-09,LONG,0.6511,0.7543,0.773,2,True,2.4791,1.0982,.60-.70,1-1.5x
AGLD/USDT,2024-09-12,LONG,0.6165,0.8104,0.8745,2,True,7.9097,1.1428,.60-.70,1-1.5x
AGLD/USDT,2024-09-15,LONG,0.6325,0.83,0.8019,1,True,-3.3855,1.1802,.60-.70,1-1.5x
AGLD/USDT,2024-09-20,LONG,0.7308,0.9188,0.9277,2,True,0.9687,0.548,.70-.80,
AGLD/USDT,2024-09-21,LONG,0.7647,0.9308,0.9277,1,True,-0.333,0.3127,.70-.80,
AGLD/USDT,2024-09-25,LONG,0.564,0.9639,0.9723,3,True,0.8715,0.0109,.55-.60,
AGLD/USDT,2024-09-26,LONG,0.5757,0.9846,0.9723,2,True,-1.2492,0.5895,.55-.60,
AGLD/USDT,2024-09-27,LONG,0.7191,0.9662,0.9723,1,True,0.6313,0.5035,.70-.80,
AGLD/USDT,2024-09-30,LONG,0.7487,0.9121,0.8658,1,True,-5.0762,1.9387,.70-.80,1.5-2x
AGLD/USDT,2024-10-03,LONG,0.7152,0.8688,0.949,3,True,9.2311,0.5314,.70-.80,
AGLD/USDT,2024-10-04,LONG,0.9276,0.894,0.949,2,True,6.1521,0.6912,>.80,
AGLD/USDT,2024-10-05,LONG,0.7904,0.9208,0.949,1,True,3.0626,0.7406,.70-.80,
AGLD/USDT,2024-10-09,LONG,0.568,0.9426,1.0261,2,True,8.8585,0.4452,.55-.60,
AGLD/USDT,2024-10-13,LONG,0.707,1.0229,1.1793,2,True,15.2899,0.2304,.70-.80,
AGLD/USDT,2024-10-14,LONG,0.7536,1.0634,1.1793,1,True,10.899,1.2465,.70-.80,1-1.5x
AGLD/USDT,2024-10-16,LONG,0.5845,1.1131,1.1136,1,True,0.0449,1.34,.55-.60,1-1.5x
AGLD/USDT,2024-10-19,LONG,0.7489,1.1928,1.2756,1,True,6.9416,0.0267,.70-.80,
AGLD/USDT,2024-10-21,LONG,0.57,1.2021,1.0557,1,True,-12.1787,1.4111,.55-.60,1-1.5x
AGLD/USDT,2024-10-23,LONG,0.6479,1.114,1.0493,2,True,-5.8079,1.0667,.60-.70,1-1.5x
AGLD/USDT,2024-10-24,LONG,0.8107,1.1019,1.0493,1,True,-4.7736,0.2092,>.80,
AGLD/USDT,2024-10-26,LONG,0.8623,0.988,1.005,2,True,1.7206,1.0608,>.80,1-1.5x
AGLD/USDT,2024-10-29,LONG,0.853,1.0584,1.1942,5,False,12.8307,0.9381,>.80,
AGLD/USDT,2024-10-30,LONG,0.5975,1.0692,1.1942,4,True,11.691,0.1815,.55-.60,
AGLD/USDT,2024-11-02,LONG,0.6868,1.1354,1.1942,1,True,5.1788,0.9043,.60-.70,
AGLD/USDT,2024-11-06,LONG,0.9714,1.3462,1.6242,4,True,20.6507,1.3382,>.80,1-1.5x
AGLD/USDT,2024-11-07,LONG,0.9723,1.3412,1.6242,3,True,21.1005,0.0669,>.80,
AGLD/USDT,2024-11-08,LONG,0.9164,1.3155,1.6242,2,True,23.4664,0.3433,>.80,
AGLD/USDT,2024-11-09,LONG,0.5855,1.3967,1.6242,1,True,16.2884,1.1144,.55-.60,1-1.5x
AGLD/USDT,2024-11-12,LONG,0.8781,1.3114,1.9962,1,True,52.219,2.5816,>.80,2-3x
AGLD/USDT,2024-11-15,LONG,0.9568,1.4911,1.458,1,True,-2.2198,0.2202,>.80,
AGLD/USDT,2024-11-18,LONG,0.715,1.5218,1.4376,1,True,-5.5329,0.1465,.70-.80,
AGLD/USDT,2024-11-20,LONG,0.7625,1.341,1.3718,3,True,2.2968,0.4462,.70-.80,
AGLD/USDT,2024-11-26,LONG,0.5641,1.3309,1.5409,4,True,15.7788,0.0953,.55-.60,
AGLD/USDT,2024-11-27,LONG,0.5937,1.3799,1.5409,3,True,11.6675,0.2461,.55-.60,
AGLD/USDT,2024-12-02,LONG,0.6147,1.4857,1.6686,5,False,12.3107,0.2593,.60-.70,
AGLD/USDT,2024-12-05,LONG,0.6404,1.575,1.3177,4,True,-16.3365,1.8553,.60-.70,1.5-2x
AGLD/USDT,2024-12-06,LONG,0.5708,1.5985,1.3177,3,True,-17.5665,0.3601,.55-.60,
AGLD/USDT,2024-12-08,LONG,0.6214,1.6449,1.3177,1,True,-19.8918,0.336,.60-.70,
AGLD/USDT,2024-12-11,LONG,0.5822,1.3053,1.4478,5,False,10.917,1.0048,.55-.60,1-1.5x
AGLD/USDT,2024-12-12,LONG,0.6065,1.3418,1.2825,5,False,-4.4194,0.4457,.60-.70,
AGLD/USDT,2024-12-13,LONG,0.5836,1.3429,1.1965,5,False,-10.9018,0.0131,.55-.60,
AGLD/USDT,2024-12-14,LONG,0.5618,1.33,1.1965,4,True,-10.0376,0.1531,.55-.60,
AGLD/USDT,2024-12-22,LONG,0.6615,1.6279,1.746,2,True,7.2547,1.4323,.60-.70,1-1.5x
AGLD/USDT,2024-12-23,LONG,0.6126,1.5931,1.746,1,True,9.5976,0.1258,.60-.70,
AGLD/USDT,2024-12-25,LONG,0.905,2.3038,2.0736,2,True,-9.9922,1.7431,>.80,1.5-2x
AGLD/USDT,2024-12-28,LONG,0.9035,1.8636,2.514,1,True,34.9002,0.5399,>.80,
AGLD/USDT,2025-01-01,LONG,0.8371,2.5802,2.8671,2,True,11.1193,0.3155,>.80,
AGLD/USDT,2025-01-02,LONG,0.6625,2.6062,2.8671,1,True,10.0107,0.0515,.60-.70,
AGLD/USDT,2025-01-06,LONG,0.7821,2.6577,2.4323,1,True,-8.481,0.1919,.70-.80,
AGLD/USDT,2025-01-08,LONG,0.5764,2.2291,1.9022,5,False,-14.6651,0.4244,.55-.60,
AGLD/USDT,2025-01-09,LONG,0.6159,1.9867,1.9598,5,False,-1.354,0.5452,.60-.70,
AGLD/USDT,2025-01-11,LONG,0.7032,2.2791,1.9598,3,True,-14.0099,1.363,.70-.80,1-1.5x
AGLD/USDT,2025-01-13,LONG,0.5535,1.9022,1.9598,1,True,3.0281,0.5482,.55-.60,
AGLD/USDT,2025-01-15,LONG,0.5751,2.0083,1.9609,1,True,-2.3602,0.2131,.55-.60,
AGLD/USDT,2025-01-18,LONG,0.6799,1.833,1.5806,5,False,-13.7698,1.1439,.60-.70,1-1.5x
AGLD/USDT,2025-01-19,LONG,0.5724,1.593,1.5806,4,True,-0.7784,1.6312,.55-.60,1.5-2x
AGLD/USDT,2025-01-21,LONG,0.6442,1.6133,1.5806,2,True,-2.0269,0.3222,.60-.70,
AGLD/USDT,2025-01-29,LONG,0.558,1.4367,1.5059,1,True,4.8166,0.1356,.55-.60,
AGLD/USDT,2025-02-03,LONG,0.563,1.2049,1.1242,2,True,-6.6977,0.6341,.55-.60,
AGLD/USDT,2025-02-11,LONG,0.5713,1.1847,1.1365,5,False,-4.0685,0.006,.55-.60,
AGLD/USDT,2025-02-17,LONG,0.6004,1.2891,1.309,1,True,1.5437,1.8253,.60-.70,1.5-2x
AGLD/USDT,2025-02-20,LONG,0.6469,1.4321,1.507,3,True,5.2301,1.1222,.60-.70,1-1.5x
AGLD/USDT,2025-02-21,LONG,0.6837,1.3855,1.507,2,True,8.7694,0.4613,.60-.70,
AGLD/USDT,2025-02-26,LONG,0.5593,1.5183,1.4081,2,True,-7.2581,0.0984,.55-.60,
AGLD/USDT,2025-03-01,LONG,0.6001,1.3523,1.2394,5,False,-8.3487,0.7652,.60-.70,
AGLD/USDT,2025-03-03,LONG,0.6162,1.2051,1.172,5,False,-2.7467,2.2576,.60-.70,2-3x
AGLD/USDT,2025-03-07,LONG,0.6869,1.222,1.172,1,True,-4.0917,0.2331,.60-.70,
AGLD/USDT,2025-03-11,LONG,0.6842,1.0269,0.9492,2,True,-7.5665,0.5241,.60-.70,
AGLD/USDT,2025-03-12,LONG,0.5858,1.0063,0.9492,1,True,-5.6743,0.3661,.55-.60,
AGLD/USDT,2025-03-14,LONG,0.6966,0.969,1.0021,1,True,3.4159,0.394,.60-.70,
AGLD/USDT,2025-03-17,LONG,0.6247,0.9753,1.0174,5,False,4.3166,0.9587,.60-.70,
AGLD/USDT,2025-03-20,LONG,0.7186,0.9541,1.0083,4,True,5.6807,0.434,.70-.80,
AGLD/USDT,2025-03-21,LONG,0.8438,1.009,1.0083,3,True,-0.0694,1.0642,>.80,1-1.5x
AGLD/USDT,2025-03-22,LONG,0.8947,1.0174,1.0083,2,True,-0.8944,0.1568,>.80,
AGLD/USDT,2025-03-23,LONG,0.6421,0.9845,1.0083,1,True,2.4175,0.7275,.60-.70,
AGLD/USDT,2025-03-27,LONG,0.6015,1.048,0.8852,2,True,-15.5344,0.0216,.60-.70,
AGLD/USDT,2025-03-28,LONG,0.6415,0.9543,0.8852,1,True,-7.2409,1.8862,.60-.70,1.5-2x
AGLD/USDT,2025-03-30,LONG,0.6062,0.8645,0.861,2,True,-0.4049,0.5506,.60-.70,
AGLD/USDT,2025-03-31,LONG,0.6383,0.8474,0.861,1,True,1.6049,0.4751,.60-.70,
AGLD/USDT,2025-04-03,LONG,0.5739,0.8115,0.8225,1,True,1.3555,0.4983,.55-.60,
AGLD/USDT,2025-04-05,LONG,0.6123,0.8042,0.6783,1,True,-15.6553,0.5555,.60-.70,
CELO/USDT,2024-08-28,LONG,0.5961,0.4598,0.4526,3,True,-1.5659,0.2836,.55-.60,
CELO/USDT,2024-08-29,LONG,0.6215,0.4601,0.4526,2,True,-1.6301,0.0179,.60-.70,
CELO/USDT,2024-08-30,LONG,0.6095,0.4693,0.4526,1,True,-3.5585,0.5453,.60-.70,
CELO/USDT,2024-09-04,LONG,0.5977,0.4303,0.415,4,True,-3.5557,0.5772,.55-.60,
CELO/USDT,2024-09-07,LONG,0.5805,0.4083,0.415,1,True,1.641,0.4326,.55-.60,
CELO/USDT,2024-09-10,LONG,0.6393,0.4444,0.4422,3,True,-0.495,0.0997,.60-.70,
CELO/USDT,2024-09-11,LONG,0.8636,0.4365,0.4422,2,True,1.3058,0.4475,>.80,
CELO/USDT,2024-09-12,LONG,0.8797,0.44,0.4422,1,True,0.5,0.2125,>.80,
CELO/USDT,2024-09-16,LONG,0.639,0.4409,0.4659,2,True,5.6702,0.1384,.60-.70,
CELO/USDT,2024-09-19,LONG,0.5681,0.5127,0.5222,2,True,1.8529,2.4763,.55-.60,2-3x
CELO/USDT,2024-09-20,LONG,0.6274,0.5161,0.5222,1,True,1.1819,0.1683,.60-.70,
CELO/USDT,2024-09-22,LONG,0.7175,0.5137,0.5396,1,True,5.0419,0.454,.70-.80,
CELO/USDT,2024-09-24,LONG,0.559,0.5466,0.649,3,True,18.734,0.3905,.55-.60,
CELO/USDT,2024-09-25,LONG,0.9306,0.6582,0.649,2,True,-1.3978,3.8758,>.80,3-5x
CELO/USDT,2024-09-26,LONG,0.6175,0.6354,0.649,1,True,2.1404,0.6577,.60-.70,
CELO/USDT,2024-09-28,LONG,0.9621,0.6615,0.6643,1,True,0.4233,0.366,>.80,
CELO/USDT,2024-09-30,LONG,0.7195,0.6441,0.6817,1,True,5.8376,0.5799,.70-.80,
CELO/USDT,2024-10-02,LONG,0.924,0.6715,0.6363,1,True,-5.242,0.2827,>.80,
CELO/USDT,2024-10-04,LONG,0.7928,0.658,0.729,1,True,10.7903,0.6152,.70-.80,
CELO/USDT,2024-10-06,LONG,0.7967,0.7391,0.6987,2,True,-5.4661,0.2395,.70-.80,
CELO/USDT,2024-10-10,LONG,0.8746,0.796,0.7812,3,True,-1.8593,2.0792,>.80,2-3x
CELO/USDT,2024-10-11,LONG,0.8701,0.8142,0.7812,2,True,-4.0531,0.3623,>.80,
CELO/USDT,2024-10-19,LONG,0.6847,0.8617,0.7933,2,True,-7.9378,0.1958,.60-.70,
CELO/USDT,2024-10-20,LONG,0.6457,0.8301,0.7933,1,True,-4.4332,0.6768,.60-.70,
CELO/USDT,2024-10-24,LONG,0.6059,0.6946,0.6448,1,True,-7.1696,0.572,.60-.70,
CELO/USDT,2024-10-26,LONG,0.6247,0.6498,0.6388,2,True,-1.6928,0.1391,.60-.70,
CELO/USDT,2024-10-27,LONG,0.603,0.6548,0.6388,1,True,-2.4435,0.1378,.60-.70,
CELO/USDT,2024-10-29,LONG,0.5838,0.6683,0.5997,3,True,-10.2649,0.8237,.55-.60,
CELO/USDT,2024-10-30,LONG,0.6416,0.6516,0.5997,2,True,-7.965,0.5345,.60-.70,
CELO/USDT,2024-11-02,LONG,0.5771,0.583,0.5391,2,True,-7.53,0.5968,.55-.60,
CELO/USDT,2024-11-05,LONG,0.5657,0.5772,0.6841,5,False,18.5204,1.485,.55-.60,1-1.5x
CELO/USDT,2024-11-06,LONG,0.6686,0.6338,0.7208,5,False,13.7267,1.8229,.60-.70,1.5-2x
CELO/USDT,2024-11-07,LONG,0.6591,0.6484,0.7208,4,True,11.1659,0.4815,.60-.70,
CELO/USDT,2024-11-08,LONG,0.7086,0.6421,0.7208,3,True,12.2567,0.2044,.70-.80,
CELO/USDT,2024-11-09,LONG,0.6904,0.6676,0.7208,2,True,7.9688,0.8166,.60-.70,
CELO/USDT,2024-11-10,LONG,0.6091,0.6841,0.7208,1,True,5.3647,0.5096,.60-.70,
CELO/USDT,2024-11-12,LONG,0.69,0.6966,0.6236,3,True,-10.4795,0.7447,.60-.70,
CELO/USDT,2024-11-13,LONG,0.7624,0.6542,0.6236,2,True,-4.6775,1.3084,.70-.80,1-1.5x
CELO/USDT,2024-11-14,LONG,0.8324,0.6058,0.6236,1,True,2.9383,1.5842,>.80,1.5-2x
CELO/USDT,2024-11-22,LONG,0.8043,0.7436,0.8713,5,False,17.1732,0.8045,>.80,
CELO/USDT,2024-11-23,LONG,0.6883,0.7996,0.826,5,False,3.3017,1.2316,.60-.70,1-1.5x
CELO/USDT,2024-11-25,LONG,0.8468,0.8101,0.826,3,True,1.9627,0.4367,>.80,
CELO/USDT,2024-11-26,LONG,0.6694,0.8397,0.826,2,True,-1.6315,0.6383,.60-.70,
CELO/USDT,2024-11-27,LONG,0.587,0.8713,0.826,1,True,-5.1991,0.6552,.55-.60,
CELO/USDT,2024-11-29,LONG,0.6422,0.863,0.9226,1,True,6.9061,0.7551,.60-.70,
CELO/USDT,2024-12-04,LONG,0.6438,1.0826,1.071,2,True,-1.0715,0.3323,.60-.70,
CELO/USDT,2024-12-05,LONG,0.8768,1.0267,1.071,1,True,4.3148,0.9173,>.80,
CELO/USDT,2024-12-11,LONG,0.5739,0.8761,0.8766,1,True,0.0571,0.7957,.55-.60,
CELO/USDT,2024-12-17,LONG,0.643,0.7801,0.7031,1,True,-9.8705,0.6233,.60-.70,
CELO/USDT,2024-12-19,LONG,0.6141,0.6438,0.6524,2,True,1.3358,1.308,.60-.70,1-1.5x
CELO/USDT,2024-12-20,LONG,0.8029,0.6828,0.6524,1,True,-4.4523,0.9474,>.80,
CELO/USDT,2024-12-22,LONG,0.8519,0.6536,0.6911,1,True,5.7375,0.0292,>.80,
CELO/USDT,2024-12-25,LONG,0.8553,0.7085,0.6702,2,True,-5.4058,0.1004,>.80,
CELO/USDT,2024-12-26,LONG,0.576,0.6564,0.6702,1,True,2.1024,1.2331,.55-.60,1-1.5x
CELO/USDT,2024-12-28,LONG,0.732,0.6887,0.6438,3,True,-6.5195,0.4499,.70-.80,
CELO/USDT,2024-12-29,LONG,0.676,0.6589,0.6438,2,True,-2.2917,0.9173,.60-.70,
CELO/USDT,2025-01-03,LONG,0.6631,0.7143,0.7139,1,True,-0.056,1.1479,.60-.70,1-1.5x
CELO/USDT,2025-01-06,LONG,0.5985,0.7414,0.649,2,True,-12.4629,0.4619,.55-.60,
CELO/USDT,2025-01-07,LONG,0.5524,0.6595,0.649,1,True,-1.5921,2.3069,.55-.60,2-3x
CELO/USDT,2025-01-13,LONG,0.7253,0.5962,0.6464,5,False,8.42,1.0369,.70-.80,1-1.5x
CELO/USDT,2025-01-16,LONG,0.6378,0.6467,0.5989,5,False,-7.3914,0.3113,.60-.70,
CELO/USDT,2025-01-17,LONG,0.5874,0.6843,0.5696,5,False,-16.7617,1.4187,.55-.60,1-1.5x
CELO/USDT,2025-01-18,LONG,0.7101,0.6464,0.5696,4,True,-11.8812,1.3267,.70-.80,1-1.5x
CELO/USDT,2025-01-20,LONG,0.5969,0.5911,0.5696,2,True,-3.6373,0.2053,.55-.60,
CELO/USDT,2025-01-21,LONG,0.7667,0.5989,0.5696,1,True,-4.8923,0.2874,.70-.80,
CELO/USDT,2025-01-23,LONG,0.6781,0.5698,0.5418,4,True,-4.914,0.0079,.60-.70,
CELO/USDT,2025-01-24,LONG,0.7555,0.5599,0.5418,3,True,-3.2327,0.3919,.70-.80,
CELO/USDT,2025-01-30,LONG,0.6619,0.5457,0.5122,2,True,-6.1389,0.9636,.60-.70,
CELO/USDT,2025-01-31,LONG,0.6473,0.5466,0.5122,1,True,-6.2935,0.0409,.60-.70,
CELO/USDT,2025-02-09,LONG,0.6471,0.423,0.4363,1,True,3.1442,0.134,.60-.70,
CELO/USDT,2025-02-11,LONG,0.6998,0.4355,0.4587,1,True,5.3272,0.0473,.60-.70,
CELO/USDT,2025-02-13,LONG,0.5517,0.4504,0.4473,2,True,-0.6883,0.4365,.55-.60,
CELO/USDT,2025-02-14,LONG,0.6822,0.4567,0.4473,1,True,-2.0582,0.3398,.60-.70,
CELO/USDT,2025-02-16,LONG,0.6178,0.44,0.4363,1,True,-0.8409,0.3992,.60-.70,
CELO/USDT,2025-02-22,LONG,0.6012,0.4424,0.4263,1,True,-3.6392,1.0981,.60-.70,1-1.5x
CELO/USDT,2025-02-25,LONG,0.6533,0.3907,0.3895,1,True,-0.3071,0.9135,.60-.70,
CELO/USDT,2025-02-28,LONG,0.7391,0.3927,0.3888,1,True,-0.9931,0.078,.70-.80,
CELO/USDT,2025-03-02,LONG,0.6874,0.4253,0.3709,1,True,-12.791,2.2603,.60-.70,2-3x
CELO/USDT,2025-03-04,LONG,0.7581,0.3713,0.3751,2,True,1.0234,0.0223,.70-.80,
CELO/USDT,2025-03-07,LONG,0.8014,0.3768,0.3182,3,True,-15.552,0.0924,>.80,
CELO/USDT,2025-03-08,LONG,0.6997,0.3745,0.3182,2,True,-15.0334,0.1246,.60-.70,
CELO/USDT,2025-03-11,LONG,0.8796,0.3265,0.3339,1,True,2.2665,0.4788,>.80,
CELO/USDT,2025-03-14,LONG,0.8526,0.3352,0.3348,2,True,-0.1193,0.588,>.80,
CELO/USDT,2025-03-15,LONG,0.7759,0.3481,0.3348,1,True,-3.8207,0.6961,.70-.80,
CELO/USDT,2025-03-17,LONG,0.6497,0.3565,0.3538,1,True,-0.7574,1.2579,.60-.70,1-1.5x
CELO/USDT,2025-03-19,LONG,0.6745,0.367,0.3632,2,True,-1.0354,0.7132,.60-.70,
CELO/USDT,2025-03-20,LONG,0.6754,0.3641,0.3632,1,True,-0.2472,0.151,.60-.70,
CELO/USDT,2025-03-24,LONG,0.653,0.3885,0.4022,1,True,3.5264,1.1985,.60-.70,1-1.5x
CELO/USDT,2025-03-27,LONG,0.8032,0.3871,0.3582,1,True,-7.4658,0.3457,>.80,
CELO/USDT,2025-03-30,LONG,0.8752,0.3421,0.3348,2,True,-2.1339,0.4223,>.80,
CELO/USDT,2025-04-04,LONG,0.7802,0.3069,0.3062,1,True,-0.2281,0.4246,.70-.80,
AR/USDT,2024-08-27,LONG,0.5617,23.807,21.982,3,True,-7.6658,0.7756,.55-.60,
AR/USDT,2024-08-28,LONG,0.6088,22.571,21.982,2,True,-2.6095,1.1321,.60-.70,1-1.5x
AR/USDT,2024-08-29,LONG,0.5605,22.163,21.982,1,True,-0.8167,0.3947,.55-.60,
AR/USDT,2024-09-01,LONG,0.557,20.772,20.566,2,True,-0.9917,0.9839,.55-.60,
AR/USDT,2024-09-07,LONG,0.6486,19.499,20.045,5,False,2.8001,0.6053,.60-.70,
AR/USDT,2024-09-08,LONG,0.6402,20.17,20.418,5,False,1.2295,0.7949,.60-.70,
AR/USDT,2024-09-09,LONG,0.6026,20.796,20.418,4,True,-1.8177,0.8292,.60-.70,
AR/USDT,2024-09-12,LONG,0.5502,20.045,20.418,1,True,1.8608,0.0599,.55-.60,
AR/USDT,2024-09-14,LONG,0.7502,20.037,18.573,3,True,-7.3065,0.5772,.70-.80,
AR/USDT,2024-09-15,LONG,0.6862,19.08,18.573,2,True,-2.6572,1.4925,.60-.70,1-1.5x
AR/USDT,2024-09-16,LONG,0.7447,18.967,18.573,1,True,-2.0773,0.1898,.70-.80,
AR/USDT,2024-09-21,LONG,0.7302,20.591,19.547,1,True,-5.0702,0.7564,.70-.80,
AR/USDT,2024-09-26,LONG,0.6645,23.177,23.394,1,True,0.9363,0.802,.60-.70,
AR/USDT,2024-09-30,LONG,0.9838,22.85,17.949,3,True,-21.4486,0.475,>.80,
AR/USDT,2024-10-01,LONG,0.6917,19.374,17.949,2,True,-7.3552,2.4929,.60-.70,2-3x
AR/USDT,2024-10-02,LONG,0.8268,18.414,17.949,1,True,-2.5253,0.7989,>.80,
AR/USDT,2024-10-05,LONG,0.8854,18.533,18.836,2,True,1.6349,0.1299,>.80,
AR/USDT,2024-10-10,LONG,0.8225,18.106,18.742,1,True,3.5126,0.0146,>.80,
AR/USDT,2024-10-13,LONG,0.7879,19.313,19.905,2,True,3.0653,0.0709,.70-.80,
AR/USDT,2024-10-17,LONG,0.6686,18.522,19.095,1,True,3.0936,0.3418,.60-.70,
AR/USDT,2024-10-20,LONG,0.7852,19.549,18.489,1,True,-5.4223,0.7317,.70-.80,
AR/USDT,2024-10-22,LONG,0.5517,18.499,17.972,1,True,-2.8488,0.0141,.55-.60,
AR/USDT,2024-10-26,LONG,0.7762,16.225,16.201,1,True,-0.1479,0.3117,.70-.80,
AR/USDT,2024-10-29,LONG,0.6791,16.94,16.627,1,True,-1.8477,1.205,.60-.70,1-1.5x
AR/USDT,2024-10-31,LONG,0.565,15.374,14.623,1,True,-4.8849,1.6361,.55-.60,1.5-2x
AR/USDT,2024-11-03,LONG,0.5524,13.87,12.947,1,True,-6.6547,0.9099,.55-.60,
AR/USDT,2024-11-06,LONG,0.8075,15.907,20.38,5,False,28.1197,2.6722,>.80,2-3x
AR/USDT,2024-11-07,LONG,0.7739,18.028,18.552,5,False,2.9066,1.9763,.70-.80,1.5-2x
AR/USDT,2024-11-09,LONG,0.8721,18.66,16.297,5,False,-12.6635,0.3597,>.80,
AR/USDT,2024-11-10,LONG,0.7725,18.707,17.643,5,False,-5.6877,0.0382,.70-.80,
AR/USDT,2024-11-11,LONG,0.5736,20.38,17.643,4,True,-13.4298,1.3017,.55-.60,1-1.5x
AR/USDT,2024-11-12,LONG,0.7542,18.552,17.643,3,True,-4.8997,1.2515,.70-.80,1-1.5x
AR/USDT,2024-11-13,LONG,0.8257,17.251,17.643,2,True,2.2723,0.9551,>.80,
AR/USDT,2024-11-14,LONG,0.8396,16.297,17.643,1,True,8.2592,0.8072,>.80,
AR/USDT,2024-11-22,LONG,0.8435,19.4,22.047,2,True,13.6443,0.9282,>.80,
AR/USDT,2024-11-23,LONG,0.8625,21.705,22.047,1,True,1.5757,1.4869,>.80,1-1.5x
AR/USDT,2024-11-25,LONG,0.8617,20.271,21.519,3,True,6.1566,1.0013,>.80,1-1.5x
AR/USDT,2024-11-26,LONG,0.9597,19.946,21.519,2,True,7.8863,0.2169,>.80,
AR/USDT,2024-11-27,LONG,0.6391,21.283,21.519,1,True,1.1089,0.9625,.60-.70,
AR/USDT,2024-12-01,LONG,0.8673,25.143,26.954,3,True,7.2028,0.2599,>.80,
AR/USDT,2024-12-02,LONG,0.5888,25.758,26.954,2,True,4.6432,0.3436,.55-.60,
AR/USDT,2024-12-03,LONG,0.5938,27.96,26.954,1,True,-3.598,1.2314,.55-.60,1-1.5x
AR/USDT,2024-12-05,LONG,0.9017,26.856,26.961,2,True,0.391,0.0539,>.80,
AR/USDT,2024-12-06,LONG,0.6209,28.347,26.961,1,True,-4.8894,0.8314,.60-.70,
AR/USDT,2024-12-08,LONG,0.8973,26.741,22.304,1,True,-16.5925,0.131,>.80,
AR/USDT,2024-12-11,LONG,0.6022,23.355,21.687,3,True,-7.1419,1.0653,.60-.70,1-1.5x
AR/USDT,2024-12-12,LONG,0.8283,22.918,21.687,2,True,-5.3713,0.2608,>.80,
AR/USDT,2024-12-13,LONG,0.7139,23.138,21.687,1,True,-6.2711,0.143,.70-.80,
AR/USDT,2024-12-15,LONG,0.6141,22.43,21.488,1,True,-4.1997,0.5168,.60-.70,
AR/USDT,2024-12-17,LONG,0.6434,20.44,18.093,1,True,-11.4824,0.7339,.60-.70,
AR/USDT,2024-12-19,LONG,0.6413,17.095,15.771,2,True,-7.745,0.7733,.60-.70,
AR/USDT,2024-12-20,LONG,0.7515,17.141,15.771,1,True,-7.9925,0.0447,.70-.80,
AR/USDT,2024-12-22,LONG,0.7967,16.1,17.02,1,True,5.7143,0.3386,.70-.80,
AR/USDT,2024-12-24,LONG,0.6306,17.889,17.15,1,True,-4.131,0.8311,.60-.70,
AR/USDT,2024-12-28,LONG,0.6683,17.529,16.045,3,True,-8.466,0.7694,.60-.70,
AR/USDT,2024-12-29,LONG,0.6124,16.2,16.045,2,True,-0.9568,1.4164,.60-.70,1-1.5x
AR/USDT,2025-01-01,LONG,0.5818,17.384,18.948,5,False,8.9968,1.4771,.55-.60,1-1.5x
AR/USDT,2025-01-03,LONG,0.6757,19.163,15.942,5,False,-16.8084,1.412,.60-.70,1-1.5x
AR/USDT,2025-01-04,LONG,0.626,19.472,14.983,5,False,-23.0536,0.2749,.60-.70,
AR/USDT,2025-01-06,LONG,0.6801,18.948,14.983,3,True,-20.9257,0.5942,.60-.70,
AR/USDT,2025-01-07,LONG,0.5771,16.765,14.983,2,True,-10.6293,2.0002,.55-.60,2-3x
AR/USDT,2025-01-08,LONG,0.5551,15.942,14.983,1,True,-6.0156,0.8564,.55-.60,
AR/USDT,2025-01-12,LONG,0.5559,15.562,18.151,5,False,16.6367,0.3691,.55-.60,
AR/USDT,2025-01-13,LONG,0.6916,15.195,16.49,5,False,8.5225,0.4239,.60-.70,
AR/USDT,2025-01-16,LONG,0.6978,17.098,15.466,3,True,-9.545,0.2334,.60-.70,
AR/USDT,2025-01-17,LONG,0.5574,18.151,15.466,2,True,-14.7926,1.0753,.55-.60,1-1.5x
AR/USDT,2025-01-18,LONG,0.6739,16.49,15.466,1,True,-6.2098,1.5641,.60-.70,1.5-2x
AR/USDT,2025-01-24,LONG,0.6915,14.324,12.896,5,False,-9.9693,0.8589,.60-.70,
AR/USDT,2025-01-26,LONG,0.5781,14.094,12.896,3,True,-8.5001,0.5042,.55-.60,
AR/USDT,2025-01-28,LONG,0.6527,12.668,12.896,1,True,1.7998,1.1398,.60-.70,1-1.5x
AR/USDT,2025-01-30,LONG,0.8026,16.21,13.899,2,True,-14.2566,3.4945,>.80,3-5x
AR/USDT,2025-02-06,LONG,0.8489,9.553,8.96,1,True,-6.2075,0.7732,>.80,
AR/USDT,2025-02-08,LONG,0.6693,9.884,9.619,4,True,-2.6811,1.2299,.60-.70,1-1.5x
AR/USDT,2025-02-09,LONG,0.7901,8.937,9.619,3,True,7.6312,1.1224,.70-.80,1-1.5x
AR/USDT,2025-02-11,LONG,0.6335,9.353,9.619,1,True,2.844,0.571,.60-.70,
AR/USDT,2025-02-14,LONG,0.5834,9.439,9.265,2,True,-1.8434,0.4836,.55-.60,
AR/USDT,2025-02-15,LONG,0.9151,9.212,9.265,1,True,0.5753,0.275,>.80,
AR/USDT,2025-02-17,LONG,0.6997,9.207,8.769,1,True,-4.7572,0.0721,.60-.70,
AR/USDT,2025-02-19,LONG,0.6813,9.136,9.764,1,True,6.8739,0.6905,.60-.70,
AR/USDT,2025-02-25,LONG,0.6125,8.077,8.321,3,True,3.0209,0.4199,.60-.70,
AR/USDT,2025-02-26,LONG,0.876,8.316,8.321,2,True,0.0601,0.4951,>.80,
AR/USDT,2025-02-27,LONG,0.84,8.517,8.321,1,True,-2.3013,0.4129,>.80,
AR/USDT,2025-03-01,LONG,0.8839,8.235,7.266,5,False,-11.7668,0.2105,>.80,
AR/USDT,2025-03-02,LONG,0.8095,8.965,7.111,5,False,-20.6804,1.6667,>.80,1.5-2x
AR/USDT,2025-03-03,LONG,0.8122,7.411,7.111,4,True,-4.048,2.6768,>.80,2-3x
AR/USDT,2025-03-04,LONG,0.7244,7.401,7.111,3,True,-3.9184,0.021,.70-.80,
AR/USDT,2025-03-11,LONG,0.6621,6.019,5.984,2,True,-0.5815,0.9565,.60-.70,
AR/USDT,2025-03-12,LONG,0.7705,6.117,5.984,1,True,-2.1743,0.2352,.70-.80,
AR/USDT,2025-03-14,LONG,0.6882,6.451,6.9,3,True,6.9602,1.0845,.60-.70,1-1.5x
AR/USDT,2025-03-15,LONG,0.7312,6.628,6.9,2,True,4.1038,0.3787,.70-.80,
AR/USDT,2025-03-18,LONG,0.6322,6.863,6.713,3,True,-2.1856,0.0824,.60-.70,
AR/USDT,2025-03-19,LONG,0.6347,7.24,6.713,2,True,-7.279,0.8297,.60-.70,
AR/USDT,2025-03-20,LONG,0.7578,6.812,6.713,1,True,-1.4533,0.8799,.70-.80,
AR/USDT,2025-03-25,LONG,0.5509,7.518,7.032,3,True,-6.4645,0.2516,.55-.60,
AR/USDT,2025-03-26,LONG,0.8099,7.36,7.032,2,True,-4.4565,0.3994,>.80,
AR/USDT,2025-03-27,LONG,0.7323,7.404,7.032,1,True,-5.0243,0.1142,.70-.80,
AR/USDT,2025-03-29,LONG,0.6358,6.252,6.335,2,True,1.3276,2.0526,.60-.70,2-3x
AR/USDT,2025-04-03,LONG,0.6697,5.811,5.708,1,True,-1.7725,0.5602,.60-.70,
AR/USDT,2025-04-05,LONG,0.8587,5.668,5.18,1,True,-8.6097,0.1488,>.80,
ZEN/USDT,2026-02-01,LONG,0.5624,7.018,6.835,2,True,-2.6076,0.4776,.55-.60,
ZEN/USDT,2026-02-02,LONG,0.587,6.85,6.835,1,True,-0.219,0.3861,.55-.60,
ZEN/USDT,2026-02-09,LONG,0.6925,5.99,5.782,2,True,-3.4725,0.0269,.60-.70,
ZEN/USDT,2026-02-12,LONG,0.6148,5.93,6.3,3,True,6.2395,0.4685,.60-.70,
ZEN/USDT,2026-02-14,LONG,0.5556,6.688,6.3,1,True,-5.8014,0.9071,.55-.60,
ZEN/USDT,2026-02-16,LONG,0.562,6.271,6.172,1,True,-1.5787,0.0792,.55-.60,
ZEN/USDT,2026-02-18,LONG,0.5513,5.934,5.395,5,False,-9.0832,0.6862,.55-.60,
ZEN/USDT,2026-02-20,LONG,0.5634,5.796,5.651,5,False,-2.5017,0.0033,.55-.60,
ZEN/USDT,2026-02-28,LONG,0.5819,5.366,5.499,2,True,2.4786,0.3012,.55-.60,
ZEN/USDT,2026-03-03,LONG,0.596,5.537,5.454,3,True,-1.499,0.1976,.55-.60,
ZEN/USDT,2026-03-05,LONG,0.5693,5.715,5.454,1,True,-4.5669,0.4656,.55-.60,
ZEN/USDT,2026-03-17,LONG,0.5792,6.604,5.707,3,True,-13.5827,0.7047,.55-.60,
ZEN/USDT,2026-03-18,LONG,0.6988,6.041,5.707,2,True,-5.5289,1.8365,.60-.70,1.5-2x
ZEN/USDT,2026-03-19,LONG,0.6923,5.736,5.707,1,True,-0.5056,1.0659,.60-.70,1-1.5x
ZEN/USDT,2026-03-22,LONG,0.6759,5.429,5.434,4,True,0.0921,0.101,.60-.70,
ZEN/USDT,2026-03-23,LONG,0.5521,5.603,5.434,3,True,-3.0162,0.6722,.55-.60,
ZEN/USDT,2026-03-24,LONG,0.6135,5.712,5.434,2,True,-4.8669,0.4171,.60-.70,
ZEN/USDT,2026-04-04,LONG,0.5857,5.215,5.253,1,True,0.7287,0.2366,.55-.60,
ZEN/USDT,2026-04-09,LONG,0.7498,5.849,6.364,1,True,8.8049,2.0223,.70-.80,2-3x
ZEN/USDT,2026-04-11,LONG,0.5502,6.192,5.994,5,False,-3.1977,0.5513,.55-.60,
ZEN/USDT,2026-04-12,LONG,0.8848,5.7,5.926,5,False,3.9649,1.5182,>.80,1.5-2x
ZEN/USDT,2026-04-13,LONG,0.9139,6.038,5.857,5,False,-2.9977,1.1028,>.80,1-1.5x
ZEN/USDT,2026-04-14,LONG,0.7868,5.668,5.773,5,False,1.8525,1.1005,.70-.80,1-1.5x
ZEN/USDT,2026-04-15,LONG,0.835,5.735,6.124,5,False,6.7829,0.2156,>.80,
ZEN/USDT,2026-04-16,LONG,0.7441,5.994,6.124,4,True,2.1688,0.8376,.70-.80,
ZEN/USDT,2026-04-17,LONG,0.7008,5.926,6.124,3,True,3.3412,0.2097,.70-.80,
ZEN/USDT,2026-04-18,LONG,0.7211,5.857,6.124,2,True,4.5586,0.2151,.70-.80,
ZEN/USDT,2026-04-19,LONG,0.6943,5.773,6.124,1,True,6.08,0.2643,.60-.70,
ZEN/USDT,2026-04-23,LONG,0.687,6.15,6.032,2,True,-1.9187,0.2328,.60-.70,
ZEN/USDT,2026-04-24,LONG,0.9745,6.094,6.032,1,True,-1.0174,0.1835,>.80,
ZEN/USDT,2026-04-26,LONG,0.5749,6.11,5.857,2,True,-4.1408,0.2615,.55-.60,
ZEN/USDT,2026-04-27,LONG,0.8898,5.95,5.857,1,True,-1.563,0.5676,>.80,
ZEN/USDT,2026-05-01,LONG,0.6804,6.236,7.077,3,True,13.4862,1.8665,.60-.70,1.5-2x
ZEN/USDT,2026-05-03,LONG,0.6726,7.095,7.077,1,True,-0.2537,3.2692,.60-.70,3-5x
ZEN/USDT,2026-05-05,LONG,0.8449,7.593,7.117,2,True,-6.2689,1.7092,>.80,1.5-2x
ZEN/USDT,2026-05-06,LONG,0.9477,7.326,7.117,1,True,-2.8529,0.8095,>.80,
ZEN/USDT,2026-05-08,LONG,0.8006,7.222,7.044,1,True,-2.4647,0.337,>.80,
ZEN/USDT,2026-05-12,LONG,0.611,6.701,6.573,1,True,-1.9102,0.4118,.60-.70,
ZEN/USDT,2026-05-14,LONG,0.6487,6.563,6.205,1,True,-5.4548,0.0346,.60-.70,
ZEN/USDT,2026-05-16,LONG,0.5975,5.919,6.64,5,False,12.1811,0.9799,.55-.60,
ZEN/USDT,2026-05-18,LONG,0.5627,6.066,6.64,3,True,9.4626,0.8134,.55-.60,
ZEN/USDT,2026-05-20,LONG,0.6112,6.858,6.64,1,True,-3.1788,2.5937,.60-.70,2-3x
ZEN/USDT,2026-05-24,LONG,0.6079,6.132,6.243,1,True,1.8102,0.1349,.60-.70,
ZEN/USDT,2026-05-28,LONG,0.7356,5.75,5.742,1,True,-0.1391,0.5132,.70-.80,
ZEN/USDT,2026-06-02,LONG,0.5806,5.301,4.168,4,True,-21.3733,1.5319,.55-.60,1.5-2x
ZEN/USDT,2026-06-03,LONG,0.5711,5.499,4.168,3,True,-24.2044,0.6935,.55-.60,
ZEN/USDT,2026-06-07,LONG,0.641,4.569,4.188,3,True,-8.3388,1.4069,.60-.70,1-1.5x
ZEN/USDT,2026-06-08,LONG,0.6311,4.452,4.188,2,True,-5.9299,0.3741,.60-.70,
ZEN/USDT,2026-06-09,LONG,0.6118,4.396,4.188,1,True,-4.7316,0.2206,.60-.70,
ASTR/USDT,2024-08-28,LONG,0.5793,0.06572,0.06403,1,True,-2.5715,1.5769,.55-.60,1.5-2x
ASTR/USDT,2024-08-31,LONG,0.6985,0.06228,0.05744,3,True,-7.7714,0.6114,.60-.70,
ASTR/USDT,2024-09-07,LONG,0.5897,0.05179,0.05913,5,False,14.1726,0.2179,.55-.60,
ASTR/USDT,2024-09-08,LONG,0.6175,0.05255,0.06003,5,False,14.2341,0.3021,.60-.70,
ASTR/USDT,2024-09-09,LONG,0.5699,0.05469,0.06108,5,False,11.684,0.8206,.55-.60,
ASTR/USDT,2024-09-11,LONG,0.5587,0.05696,0.05866,5,False,2.9846,0.1504,.55-.60,
ASTR/USDT,2024-09-12,LONG,0.5677,0.05913,0.06271,5,False,6.0545,0.9188,.55-.60,
ASTR/USDT,2024-10-05,LONG,0.5606,0.0607,0.05767,5,False,-4.9918,0.2249,.55-.60,
ASTR/USDT,2024-10-07,LONG,0.6454,0.05951,0.05767,3,True,-3.0919,0.9634,.60-.70,
ASTR/USDT,2024-10-09,LONG,0.6062,0.05742,0.05767,1,True,0.4354,1.0434,.60-.70,1-1.5x
ASTR/USDT,2024-10-11,LONG,0.5937,0.05925,0.06005,1,True,1.3502,0.7788,.55-.60,
ASTR/USDT,2024-10-13,LONG,0.6291,0.05953,0.0582,4,True,-2.2342,0.2579,.60-.70,
ASTR/USDT,2024-10-14,LONG,0.5835,0.06293,0.0582,3,True,-7.5163,1.6122,.55-.60,1.5-2x
ASTR/USDT,2024-10-15,LONG,0.6467,0.06248,0.0582,2,True,-6.8502,0.2045,.60-.70,
ASTR/USDT,2024-10-18,LONG,0.6468,0.05988,0.06049,3,True,1.0187,0.8927,.60-.70,
ASTR/USDT,2024-10-19,LONG,0.5641,0.06051,0.06049,2,True,-0.0331,0.3238,.55-.60,
ASTR/USDT,2024-10-20,LONG,0.6692,0.06318,0.06049,1,True,-4.2577,1.3424,.60-.70,1-1.5x
ASTR/USDT,2024-10-24,LONG,0.6187,0.05885,0.05441,1,True,-7.5446,0.1539,.60-.70,
ASTR/USDT,2024-10-26,LONG,0.6033,0.05492,0.05531,1,True,0.7101,0.2839,.60-.70,
ASTR/USDT,2024-10-31,LONG,0.6918,0.05336,0.05096,3,True,-4.4978,1.4274,.60-.70,1-1.5x
ASTR/USDT,2024-11-01,LONG,0.6264,0.05288,0.05096,2,True,-3.6309,0.2798,.60-.70,
ASTR/USDT,2024-11-02,LONG,0.5551,0.05237,0.05096,1,True,-2.6924,0.2999,.55-.60,
ASTR/USDT,2024-11-05,LONG,0.5641,0.05235,0.06133,5,False,17.1538,1.7792,.55-.60,1.5-2x
ASTR/USDT,2024-11-06,LONG,0.7262,0.05607,0.06419,5,False,14.4819,1.9831,.70-.80,1.5-2x
ASTR/USDT,2024-11-07,LONG,0.5798,0.05648,0.06419,4,True,13.6508,0.2077,.55-.60,
ASTR/USDT,2024-11-08,LONG,0.6914,0.05625,0.06419,3,True,14.1156,0.1161,.60-.70,
ASTR/USDT,2024-11-09,LONG,0.7927,0.05976,0.06419,2,True,7.413,1.7064,.70-.80,1.5-2x
ASTR/USDT,2024-11-12,LONG,0.8864,0.06106,0.05929,3,True,-2.8988,1.279,>.80,1-1.5x
ASTR/USDT,2024-11-13,LONG,0.9122,0.05879,0.05929,2,True,0.8505,0.9496,>.80,
ASTR/USDT,2024-11-14,LONG,0.8275,0.05628,0.05929,1,True,5.3483,1.1733,>.80,1-1.5x
ASTR/USDT,2024-11-16,LONG,0.9538,0.06431,0.06825,2,True,6.1266,2.0091,>.80,2-3x
ASTR/USDT,2024-11-17,LONG,0.5607,0.06324,0.06825,1,True,7.9222,0.3917,.55-.60,
ASTR/USDT,2024-11-20,LONG,0.6615,0.06368,0.0762,5,False,19.6608,0.7848,.60-.70,
ASTR/USDT,2024-11-21,LONG,0.6336,0.06569,0.07842,5,False,19.3789,0.6929,.60-.70,
ASTR/USDT,2024-11-22,LONG,0.8305,0.06845,0.08144,5,False,18.9774,0.9187,>.80,
ASTR/USDT,2024-11-23,LONG,0.8095,0.07657,0.07971,5,False,4.1008,2.3646,>.80,2-3x
ASTR/USDT,2024-11-24,LONG,0.6858,0.07766,0.07971,4,True,2.6397,0.2916,.60-.70,
ASTR/USDT,2024-11-25,LONG,0.8616,0.0762,0.07971,3,True,4.6063,0.3833,>.80,
ASTR/USDT,2024-11-26,LONG,0.816,0.07842,0.07971,2,True,1.645,0.6117,>.80,
ASTR/USDT,2024-11-27,LONG,0.7516,0.08144,0.07971,1,True,-2.1243,0.8061,.70-.80,
ASTR/USDT,2024-11-29,LONG,0.5949,0.0809,0.08353,1,True,3.2509,0.3159,.55-.60,
ASTR/USDT,2024-12-01,LONG,0.5856,0.08276,0.08909,2,True,7.6486,0.1956,.55-.60,
ASTR/USDT,2024-12-02,LONG,0.5661,0.08125,0.08909,1,True,9.6492,0.4013,.55-.60,
ASTR/USDT,2024-12-05,LONG,0.6201,0.08692,0.09099,1,True,4.6825,1.0701,.60-.70,1-1.5x
ASTR/USDT,2024-12-10,LONG,0.6846,0.06968,0.07651,5,False,9.802,0.6218,.60-.70,
ASTR/USDT,2024-12-12,LONG,0.9241,0.07577,0.07651,3,True,0.9766,0.2092,>.80,
ASTR/USDT,2024-12-13,LONG,0.7574,0.07566,0.07651,2,True,1.1234,0.0259,.70-.80,
ASTR/USDT,2024-12-14,LONG,0.7789,0.07353,0.07651,1,True,4.0528,0.4991,.70-.80,
ASTR/USDT,2024-12-17,LONG,0.6905,0.06868,0.06456,1,True,-5.9988,1.0164,.60-.70,1-1.5x
ASTR/USDT,2024-12-20,LONG,0.6119,0.06204,0.06318,3,True,1.8375,0.9662,.60-.70,
ASTR/USDT,2024-12-21,LONG,0.6988,0.0595,0.06318,2,True,6.1849,0.6429,.60-.70,
ASTR/USDT,2024-12-22,LONG,0.6909,0.05997,0.06318,1,True,5.3527,0.1237,.60-.70,
ASTR/USDT,2024-12-24,LONG,0.5902,0.06447,0.06412,1,True,-0.5429,0.3381,.55-.60,
ASTR/USDT,2024-12-28,LONG,0.7017,0.06454,0.05928,3,True,-8.15,0.6276,.70-.80,
ASTR/USDT,2024-12-29,LONG,0.6073,0.06202,0.05928,2,True,-4.4179,0.8061,.60-.70,
ASTR/USDT,2024-12-30,LONG,0.6071,0.06077,0.05928,1,True,-2.4519,0.4199,.60-.70,
ASTR/USDT,2025-01-02,LONG,0.6482,0.06191,0.06092,5,False,-1.5991,0.3482,.60-.70,
ASTR/USDT,2025-01-03,LONG,0.6614,0.06475,0.06086,5,False,-6.0077,0.9845,.60-.70,
ASTR/USDT,2025-01-05,LONG,0.5654,0.06608,0.06086,3,True,-7.8995,0.0747,.55-.60,
ASTR/USDT,2025-01-06,LONG,0.5584,0.06774,0.06086,2,True,-10.1565,0.5812,.55-.60,
ASTR/USDT,2025-01-07,LONG,0.6058,0.06092,0.06086,1,True,-0.0985,2.142,.60-.70,2-3x
ASTR/USDT,2025-01-12,LONG,0.6128,0.0595,0.0635,5,False,6.7227,0.824,.60-.70,
ASTR/USDT,2025-01-13,LONG,0.6948,0.05761,0.05913,5,False,2.6384,0.834,.60-.70,
ASTR/USDT,2025-01-16,LONG,0.6373,0.0612,0.05913,2,True,-3.3824,0.9009,.60-.70,
ASTR/USDT,2025-01-20,LONG,0.5833,0.0538,0.05522,1,True,2.6394,0.1031,.55-.60,
ASTR/USDT,2025-01-23,LONG,0.7461,0.05309,0.05198,3,True,-2.0908,0.1328,.70-.80,
ASTR/USDT,2025-01-24,LONG,0.7124,0.05266,0.05198,2,True,-1.2913,0.1872,.70-.80,
ASTR/USDT,2025-01-30,LONG,0.5997,0.0496,0.04687,2,True,-5.504,0.5202,.55-.60,
ASTR/USDT,2025-01-31,LONG,0.6259,0.05033,0.04687,1,True,-6.8746,0.3798,.60-.70,
ASTR/USDT,2025-02-03,LONG,0.5706,0.04148,0.03905,2,True,-5.8582,0.1215,.55-.60,
ASTR/USDT,2025-02-06,LONG,0.86,0.037,0.03774,1,True,2.0,1.2656,>.80,1-1.5x
ASTR/USDT,2025-02-09,LONG,0.7759,0.03924,0.04047,1,True,3.1346,0.2318,.70-.80,
ASTR/USDT,2025-02-13,LONG,0.5687,0.04055,0.03963,2,True,-2.2688,0.4968,.55-.60,
ASTR/USDT,2025-02-16,LONG,0.6589,0.03988,0.04296,5,False,7.7232,0.1471,.60-.70,
ASTR/USDT,2025-02-19,LONG,0.5562,0.03973,0.03841,5,False,-3.3224,0.9732,.55-.60,
ASTR/USDT,2025-02-20,LONG,0.5809,0.04192,0.03841,4,True,-8.3731,1.2185,.55-.60,1-1.5x
ASTR/USDT,2025-02-21,LONG,0.8421,0.04296,0.03841,3,True,-10.5912,0.5712,>.80,
ASTR/USDT,2025-02-23,LONG,0.6789,0.04329,0.03841,1,True,-11.2728,1.3273,.60-.70,1-1.5x
ASTR/USDT,2025-02-26,LONG,0.7867,0.03922,0.03895,1,True,-0.6884,0.4139,.70-.80,
ASTR/USDT,2025-02-28,LONG,0.7393,0.03796,0.03988,2,True,5.058,0.6134,.70-.80,
ASTR/USDT,2025-03-01,LONG,0.7935,0.03751,0.03988,1,True,6.3183,0.2859,.70-.80,
ASTR/USDT,2025-03-03,LONG,0.7138,0.03408,0.03458,2,True,1.4671,2.692,.70-.80,2-3x
ASTR/USDT,2025-03-04,LONG,0.5968,0.03374,0.03458,1,True,2.4896,0.191,.55-.60,
ASTR/USDT,2025-03-11,LONG,0.599,0.03021,0.03046,2,True,0.8275,0.673,.55-.60,
ASTR/USDT,2025-03-12,LONG,0.5585,0.0311,0.03046,1,True,-2.0579,0.5484,.55-.60,
ASTR/USDT,2025-03-20,LONG,0.5626,0.03218,0.03252,1,True,1.0566,0.6727,.55-.60,
ASTR/USDT,2025-03-22,LONG,0.5723,0.03255,0.03265,1,True,0.3072,0.0202,.55-.60,
ASTR/USDT,2025-03-26,LONG,0.5623,0.03343,0.03164,2,True,-5.3545,1.0449,.55-.60,1-1.5x
ASTR/USDT,2025-03-31,LONG,0.6258,0.02918,0.02931,1,True,0.4455,0.708,.60-.70,
ASTR/USDT,2025-04-06,LONG,0.5559,0.02312,0.0234,1,True,1.2111,3.0535,.55-.60,3-5x
SKL/USDT,2024-08-28,LONG,0.5718,0.03167,0.03208,5,False,1.2946,0.7131,.55-.60,
SKL/USDT,2024-08-29,LONG,0.6599,0.03147,0.03208,4,True,1.9384,0.1627,.60-.70,
SKL/USDT,2024-08-30,LONG,0.7756,0.03159,0.03208,3,True,1.5511,0.0984,.70-.80,
SKL/USDT,2024-09-04,LONG,0.58,0.03146,0.03005,1,True,-4.4819,0.4497,.55-.60,
SKL/USDT,2024-09-07,LONG,0.5989,0.02927,0.02999,1,True,2.4599,0.0358,.55-.60,
SKL/USDT,2024-09-09,LONG,0.5764,0.03157,0.03358,5,False,6.3668,1.3202,.55-.60,1-1.5x
SKL/USDT,2024-09-11,LONG,0.601,0.03156,0.03358,3,True,6.4005,0.2927,.60-.70,
SKL/USDT,2024-09-13,LONG,0.56,0.03343,0.03358,1,True,0.4487,0.0077,.55-.60,
SKL/USDT,2024-09-15,LONG,0.6939,0.03217,0.03501,4,True,8.8281,1.1417,.60-.70,1-1.5x
SKL/USDT,2024-09-16,LONG,0.5585,0.03069,0.03501,3,True,14.0762,1.3244,.55-.60,1-1.5x
SKL/USDT,2024-09-18,LONG,0.6752,0.03319,0.03501,1,True,5.4836,0.6718,.60-.70,
SKL/USDT,2024-09-20,LONG,0.647,0.03475,0.03515,2,True,1.1511,0.1947,.60-.70,
SKL/USDT,2024-09-23,LONG,0.6576,0.03521,0.03816,1,True,8.3783,0.0466,.60-.70,
SKL/USDT,2024-09-26,LONG,0.5701,0.03875,0.04527,1,True,16.8258,1.0107,.55-.60,1-1.5x
SKL/USDT,2024-09-29,LONG,0.569,0.04307,0.03965,1,True,-7.9406,0.0348,.55-.60,
SKL/USDT,2024-10-02,LONG,0.5785,0.035,0.03781,2,True,8.0286,0.4812,.55-.60,
SKL/USDT,2024-10-03,LONG,0.7148,0.0348,0.03781,1,True,8.6494,0.0935,.70-.80,
SKL/USDT,2024-10-07,LONG,0.8102,0.03671,0.03358,2,True,-8.5263,0.4525,>.80,
SKL/USDT,2024-10-13,LONG,0.5542,0.03609,0.03818,3,True,5.7911,0.1932,.55-.60,
SKL/USDT,2024-10-14,LONG,0.7263,0.03892,0.03818,2,True,-1.9013,1.2649,.70-.80,1-1.5x
SKL/USDT,2024-10-15,LONG,0.8498,0.0389,0.03818,1,True,-1.8509,0.0083,>.80,
SKL/USDT,2024-10-17,LONG,0.7853,0.03698,0.04392,3,True,18.7669,0.6641,.70-.80,
SKL/USDT,2024-10-18,LONG,0.9641,0.04052,0.04392,2,True,8.3909,1.8463,>.80,1.5-2x
SKL/USDT,2024-10-19,LONG,0.6128,0.04011,0.04392,1,True,9.4989,0.195,.60-.70,
SKL/USDT,2024-10-26,LONG,0.8583,0.03485,0.03527,1,True,1.2052,0.1467,>.80,
SKL/USDT,2024-10-28,LONG,0.5764,0.03487,0.03297,5,False,-5.4488,0.2155,.55-.60,
SKL/USDT,2024-10-30,LONG,0.6738,0.0368,0.03188,4,True,-13.3696,0.5996,.60-.70,
SKL/USDT,2024-10-31,LONG,0.6565,0.03482,0.03188,3,True,-8.4434,0.9783,.60-.70,
SKL/USDT,2024-11-01,LONG,0.8758,0.03416,0.03188,2,True,-6.6745,0.3454,>.80,
SKL/USDT,2024-11-02,LONG,0.7365,0.03297,0.03188,1,True,-3.306,0.6295,.70-.80,
SKL/USDT,2024-11-05,LONG,0.6816,0.03258,0.04177,5,False,28.2075,1.194,.60-.70,1-1.5x
SKL/USDT,2024-11-06,LONG,0.8682,0.03799,0.04362,5,False,14.8197,2.4766,>.80,2-3x
SKL/USDT,2024-11-07,LONG,0.8544,0.03852,0.04213,5,False,9.3718,0.2196,>.80,
SKL/USDT,2024-11-08,LONG,0.6353,0.03854,0.03922,5,False,1.7644,0.0082,.60-.70,
SKL/USDT,2024-11-09,LONG,0.8803,0.04022,0.03838,5,False,-4.5748,0.7218,>.80,
SKL/USDT,2024-11-10,LONG,0.8624,0.04177,0.03947,5,False,-5.5063,0.6548,>.80,
SKL/USDT,2024-11-12,LONG,0.7908,0.04213,0.03947,3,True,-6.3138,0.5831,.70-.80,
SKL/USDT,2024-11-13,LONG,0.8242,0.03922,0.03947,2,True,0.6374,1.1329,>.80,1-1.5x
SKL/USDT,2024-11-14,LONG,0.8869,0.03838,0.03947,1,True,2.84,0.3809,>.80,
SKL/USDT,2024-11-19,LONG,0.6209,0.04831,0.05408,3,True,11.9437,0.0031,.60-.70,
SKL/USDT,2024-11-20,LONG,0.8853,0.04559,0.05408,2,True,18.6225,0.8455,>.80,
SKL/USDT,2024-11-21,LONG,0.8304,0.05204,0.05408,1,True,3.9201,1.9737,>.80,1.5-2x
SKL/USDT,2024-11-23,LONG,0.8734,0.05896,0.06188,1,True,4.9525,1.2846,>.80,1-1.5x
SKL/USDT,2024-11-25,LONG,0.6757,0.05838,0.06634,2,True,13.6348,0.7983,.60-.70,
SKL/USDT,2024-11-26,LONG,0.9814,0.058,0.06634,1,True,14.3793,0.102,>.80,
SKL/USDT,2024-11-30,LONG,0.9627,0.08015,0.07892,3,True,-1.5346,0.0854,>.80,
SKL/USDT,2024-12-01,LONG,0.9934,0.07909,0.07892,2,True,-0.2149,0.1817,>.80,
SKL/USDT,2024-12-02,LONG,0.9278,0.0763,0.07892,1,True,3.4338,0.4842,>.80,
SKL/USDT,2024-12-06,LONG,0.6988,0.07946,0.06857,5,False,-13.705,0.0844,.60-.70,
SKL/USDT,2024-12-07,LONG,0.7643,0.07892,0.06872,5,False,-12.9245,0.1012,.70-.80,
SKL/USDT,2024-12-08,LONG,0.8188,0.07944,0.06949,5,False,-12.5252,0.1116,>.80,
SKL/USDT,2024-12-09,LONG,0.7134,0.06539,0.06515,5,False,-0.367,2.3744,.70-.80,2-3x
SKL/USDT,2024-12-10,LONG,0.6378,0.06324,0.06708,5,False,6.0721,0.4477,.60-.70,
SKL/USDT,2024-12-11,LONG,0.5687,0.06857,0.06708,4,True,-2.173,1.214,.55-.60,1-1.5x
SKL/USDT,2024-12-12,LONG,0.5724,0.06872,0.06708,3,True,-2.3865,0.0316,.55-.60,
SKL/USDT,2024-12-13,LONG,0.561,0.06949,0.06708,2,True,-3.4681,0.1674,.55-.60,
SKL/USDT,2024-12-20,LONG,0.5645,0.0498,0.04703,1,True,-5.5622,0.4899,.55-.60,
SKL/USDT,2025-01-02,LONG,0.553,0.04996,0.04748,5,False,-4.964,0.3089,.55-.60,
SKL/USDT,2025-01-03,LONG,0.5658,0.05428,0.04455,5,False,-17.9256,1.5603,.55-.60,1.5-2x
SKL/USDT,2025-01-06,LONG,0.5864,0.05411,0.04407,4,True,-18.5548,0.2045,.55-.60,
SKL/USDT,2025-01-13,LONG,0.6088,0.04217,0.05062,4,True,20.0379,0.5698,.60-.70,
SKL/USDT,2025-01-18,LONG,0.6148,0.04797,0.04175,4,True,-12.9664,1.0068,.60-.70,1-1.5x
SKL/USDT,2025-01-19,LONG,0.5606,0.04221,0.04175,3,True,-1.0898,2.0507,.55-.60,2-3x
SKL/USDT,2025-01-20,LONG,0.7817,0.04144,0.04175,2,True,0.7481,0.3116,.70-.80,
SKL/USDT,2025-01-21,LONG,0.7373,0.04307,0.04175,1,True,-3.0648,0.6696,.70-.80,
SKL/USDT,2025-01-24,LONG,0.7125,0.04096,0.05182,2,True,26.5137,0.2907,.70-.80,
SKL/USDT,2025-01-28,LONG,0.8543,0.049,0.05009,4,True,2.2245,1.8014,>.80,1.5-2x
SKL/USDT,2025-01-29,LONG,0.9359,0.06133,0.05009,3,True,-18.3271,2.7006,>.80,2-3x
SKL/USDT,2025-01-30,LONG,0.9384,0.05894,0.05009,2,True,-15.0153,0.4141,>.80,
SKL/USDT,2025-01-31,LONG,0.8906,0.05372,0.05009,1,True,-6.7573,0.9127,>.80,
SKL/USDT,2025-02-02,LONG,0.8546,0.04349,0.03758,4,True,-13.5893,1.2738,>.80,1-1.5x
SKL/USDT,2025-02-03,LONG,0.5834,0.04386,0.03758,3,True,-14.3183,0.0824,.55-.60,
SKL/USDT,2025-02-04,LONG,0.8678,0.04155,0.03758,2,True,-9.5548,0.5122,>.80,
SKL/USDT,2025-02-09,LONG,0.7286,0.0385,0.03774,2,True,-1.974,0.1833,.70-.80,
SKL/USDT,2025-02-28,LONG,0.5602,0.03243,0.02971,5,False,-8.3873,0.7167,.55-.60,
SKL/USDT,2025-03-01,LONG,0.5507,0.03181,0.02911,5,False,-8.4879,0.4716,.55-.60,
SKL/USDT,2025-03-03,LONG,0.5533,0.02916,0.02776,5,False,-4.8011,2.7404,.55-.60,2-3x
SKL/USDT,2025-03-11,LONG,0.5673,0.02513,0.02635,5,False,4.8548,0.6024,.55-.60,
SKL/USDT,2025-03-14,LONG,0.566,0.02661,0.02725,4,True,2.4051,0.6471,.55-.60,
SKL/USDT,2025-03-17,LONG,0.5504,0.02777,0.02725,1,True,-1.8725,0.9245,.55-.60,
SKL/USDT,2025-03-20,LONG,0.5871,0.02758,0.02767,1,True,0.3263,0.9377,.55-.60,
SKL/USDT,2025-03-22,LONG,0.5684,0.02767,0.02753,1,True,-0.506,0.0,.55-.60,
SKL/USDT,2025-03-24,LONG,0.6318,0.02885,0.02459,4,True,-14.766,0.9739,.60-.70,
SKL/USDT,2025-03-25,LONG,0.5645,0.02862,0.02459,3,True,-14.0811,0.1631,.55-.60,
SKL/USDT,2025-03-26,LONG,0.5794,0.02678,0.02459,2,True,-8.1777,1.2662,.55-.60,1-1.5x
SKL/USDT,2025-03-27,LONG,0.6493,0.02617,0.02459,1,True,-6.0374,0.4501,.60-.70,
SKL/USDT,2025-04-03,LONG,0.7305,0.02103,0.02043,2,True,-2.8531,0.4737,.70-.80,
SKL/USDT,2025-04-04,LONG,0.8878,0.02089,0.02043,1,True,-2.202,0.1476,>.80,
TRB/USDT,2024-08-28,LONG,0.773,69.65,60.31,4,True,-13.4099,0.152,.70-.80,
TRB/USDT,2024-08-29,LONG,0.8511,63.34,60.31,3,True,-4.7837,1.08,>.80,1-1.5x
TRB/USDT,2024-08-30,LONG,0.8308,63.62,60.31,2,True,-5.2028,0.0527,>.80,
TRB/USDT,2024-08-31,LONG,0.7485,62.13,60.31,1,True,-2.9293,0.2862,.70-.80,
TRB/USDT,2024-09-05,LONG,0.6808,57.21,62.78,5,False,9.7361,0.06,.60-.70,
TRB/USDT,2024-09-07,LONG,0.6118,56.06,62.78,3,True,11.9872,0.3626,.60-.70,
TRB/USDT,2024-09-08,LONG,0.5793,57.24,62.78,2,True,9.6785,0.263,.55-.60,
TRB/USDT,2024-09-09,LONG,0.5757,60.98,62.78,1,True,2.9518,0.8051,.55-.60,
TRB/USDT,2024-09-14,LONG,0.5829,64.7,58.44,2,True,-9.6754,0.0528,.55-.60,
TRB/USDT,2024-09-18,LONG,0.6113,64.47,66.4,4,True,2.9936,1.8772,.60-.70,1.5-2x
TRB/USDT,2024-09-19,LONG,0.6734,67.04,66.4,3,True,-0.9547,1.024,.60-.70,1-1.5x
TRB/USDT,2024-09-21,LONG,0.6297,68.7,66.4,1,True,-3.3479,0.3572,.60-.70,
TRB/USDT,2024-09-24,LONG,0.6624,73.98,68.58,1,True,-7.2993,0.0553,.60-.70,
TRB/USDT,2024-09-27,LONG,0.5706,74.09,75.5,1,True,1.9031,0.8914,.55-.60,
TRB/USDT,2024-09-29,LONG,0.556,74.62,61.14,2,True,-18.0649,0.2555,.55-.60,
TRB/USDT,2024-09-30,LONG,0.659,67.17,61.14,1,True,-8.9772,1.9329,.60-.70,1.5-2x
TRB/USDT,2024-10-02,LONG,0.5844,60.56,58.68,1,True,-3.1044,0.1711,.55-.60,
TRB/USDT,2024-10-04,LONG,0.7734,61.82,61.72,3,True,-0.1618,0.9625,.70-.80,
TRB/USDT,2024-10-06,LONG,0.5765,64.37,61.72,1,True,-4.1168,0.8209,.55-.60,
TRB/USDT,2024-10-18,LONG,0.7039,65.02,63.14,5,False,-2.8914,0.9798,.70-.80,
TRB/USDT,2024-10-19,LONG,0.6286,66.44,64.57,5,False,-2.8146,0.4892,.60-.70,
TRB/USDT,2024-10-20,LONG,0.666,68.1,57.04,5,False,-16.2408,0.64,.60-.70,
TRB/USDT,2024-10-21,LONG,0.6626,66.66,58.09,5,False,-12.8563,0.6374,.60-.70,
TRB/USDT,2024-10-22,LONG,0.7211,66.6,58.09,4,True,-12.7778,0.0272,.70-.80,
TRB/USDT,2024-10-23,LONG,0.6795,63.14,58.09,3,True,-7.9981,1.504,.60-.70,1.5-2x
TRB/USDT,2024-10-24,LONG,0.6853,64.57,58.09,2,True,-10.0356,0.6889,.60-.70,
TRB/USDT,2024-10-25,LONG,0.6562,57.04,58.09,1,True,1.8408,2.7532,.60-.70,2-3x
TRB/USDT,2024-10-29,LONG,0.6481,62.22,54.26,5,False,-12.7933,0.9693,.60-.70,
TRB/USDT,2024-10-30,LONG,0.7196,61.02,52.4,5,False,-14.1265,0.4609,.70-.80,
TRB/USDT,2024-10-31,LONG,0.8968,58.38,55.12,5,False,-5.5841,1.0541,>.80,1-1.5x
TRB/USDT,2024-11-01,LONG,0.7681,58.43,55.12,4,True,-5.6649,0.0209,.70-.80,
TRB/USDT,2024-11-02,LONG,0.8356,56.82,55.12,3,True,-2.9919,0.6666,>.80,
TRB/USDT,2024-11-03,LONG,0.7338,54.26,55.12,2,True,1.585,1.1673,.70-.80,1-1.5x
TRB/USDT,2024-11-04,LONG,0.5857,52.4,55.12,1,True,5.1908,0.8862,.55-.60,
TRB/USDT,2024-11-06,LONG,0.6082,61.42,56.13,1,True,-8.6128,2.356,.60-.70,2-3x
TRB/USDT,2024-11-09,LONG,0.9713,56.44,84.82,1,True,50.2835,0.9924,>.80,
TRB/USDT,2024-11-12,LONG,0.9804,76.19,66.85,2,True,-12.2588,0.6234,>.80,
TRB/USDT,2024-11-13,LONG,0.9972,69.05,66.85,1,True,-3.1861,0.7258,>.80,
TRB/USDT,2024-11-17,LONG,0.5501,67.45,67.94,2,True,0.7265,0.5154,.55-.60,
TRB/USDT,2024-11-18,LONG,0.6966,70.27,67.94,1,True,-3.3158,0.3275,.60-.70,
TRB/USDT,2024-11-22,LONG,0.5859,68.64,73.12,2,True,6.5268,0.0045,.55-.60,
TRB/USDT,2024-11-26,LONG,0.6111,68.56,80.08,5,False,16.8028,0.2706,.60-.70,
TRB/USDT,2024-11-27,LONG,0.6017,72.45,79.33,5,False,9.4962,0.4531,.60-.70,
TRB/USDT,2024-11-29,LONG,0.6026,73.81,90.65,5,False,22.8153,0.1613,.60-.70,
TRB/USDT,2024-12-02,LONG,0.5725,79.33,93.3,5,False,17.61,0.1919,.55-.60,
TRB/USDT,2024-12-07,LONG,0.5583,93.3,93.58,1,True,0.3001,0.3029,.55-.60,
TRB/USDT,2024-12-09,LONG,0.5531,72.8,73.73,5,False,1.2775,3.2642,.55-.60,3-5x
TRB/USDT,2024-12-12,LONG,0.634,78.29,75.66,3,True,-3.3593,0.4788,.60-.70,
TRB/USDT,2024-12-13,LONG,0.5941,78.12,75.66,2,True,-3.149,0.0315,.55-.60,
TRB/USDT,2024-12-20,LONG,0.5846,61.35,59.66,1,True,-2.7547,0.4429,.55-.60,
TRB/USDT,2025-01-16,LONG,0.5545,59.23,62.71,1,True,5.8754,0.5761,.55-.60,
TRB/USDT,2025-01-26,LONG,0.5648,48.52,47.55,1,True,-1.9992,0.571,.55-.60,
TRB/USDT,2025-01-28,LONG,0.6403,44.5,44.5,4,True,0.0,1.5459,.60-.70,1.5-2x
TRB/USDT,2025-01-30,LONG,0.6101,47.95,44.5,2,True,-7.195,1.1086,.60-.70,1-1.5x
TRB/USDT,2025-01-31,LONG,0.6268,49.22,44.5,1,True,-9.5896,0.5979,.60-.70,
TRB/USDT,2025-02-08,LONG,0.8899,34.84,35.14,2,True,0.8611,1.2534,>.80,1-1.5x
TRB/USDT,2025-02-09,LONG,0.7003,33.99,35.14,1,True,3.3833,0.47,.70-.80,
TRB/USDT,2025-02-13,LONG,0.7448,36.64,36.2,2,True,-1.2009,0.5772,.70-.80,
TRB/USDT,2025-02-14,LONG,0.7781,37.92,36.2,1,True,-4.5359,0.5941,.70-.80,
TRB/USDT,2025-02-16,LONG,0.7469,36.84,36.75,1,True,-0.2443,0.2969,.70-.80,
TRB/USDT,2025-02-21,LONG,0.637,35.3,37.65,1,True,6.6572,0.7832,.60-.70,
TRB/USDT,2025-02-23,LONG,0.9459,37.53,33.83,2,True,-9.8588,0.0643,>.80,
TRB/USDT,2025-02-24,LONG,0.7225,32.29,33.83,1,True,4.7693,2.4973,.70-.80,2-3x
TRB/USDT,2025-02-28,LONG,0.6275,36.42,33.7,3,True,-7.4684,0.409,.60-.70,
TRB/USDT,2025-03-01,LONG,0.9391,35.54,33.7,2,True,-5.1773,0.4401,>.80,
TRB/USDT,2025-03-02,LONG,0.7814,38.25,33.7,1,True,-11.8954,1.3399,.70-.80,1-1.5x
TRB/USDT,2025-03-04,LONG,0.7207,31.19,31.15,2,True,-0.1282,1.2254,.70-.80,1-1.5x
TRB/USDT,2025-03-07,LONG,0.6048,30.79,29.86,1,True,-3.0205,0.1929,.60-.70,
TRB/USDT,2025-03-11,LONG,0.7214,27.24,28.12,5,False,3.2305,1.093,.70-.80,1-1.5x
TRB/USDT,2025-03-12,LONG,0.6694,28.1,28.12,4,True,0.0712,0.4979,.60-.70,
TRB/USDT,2025-03-14,LONG,0.639,28.47,28.12,2,True,-1.2294,0.6467,.60-.70,
TRB/USDT,2025-03-15,LONG,0.6726,29.5,28.12,1,True,-4.678,0.5791,.60-.70,
TRB/USDT,2025-03-20,LONG,0.6024,29.29,29.45,1,True,0.5463,1.0012,.60-.70,1-1.5x
TRB/USDT,2025-03-25,LONG,0.6061,31.25,28.21,3,True,-9.728,0.0955,.60-.70,
TRB/USDT,2025-03-26,LONG,0.5726,31.09,28.21,2,True,-9.2634,0.1108,.55-.60,
TRB/USDT,2025-03-29,LONG,0.5902,26.71,23.93,5,False,-10.4081,1.2171,.55-.60,1-1.5x
TRB/USDT,2025-03-30,LONG,0.5694,26.59,24.11,5,False,-9.3268,0.1051,.55-.60,
TRB/USDT,2025-03-31,LONG,0.6541,26.78,24.11,4,True,-9.9701,0.1793,.60-.70,
TRB/USDT,2025-04-01,LONG,0.6897,26.63,24.11,3,True,-9.463,0.143,.60-.70,
TRB/USDT,2025-04-02,LONG,0.7251,23.68,24.11,2,True,1.8159,2.4127,.70-.80,2-3x
TRB/USDT,2025-04-03,LONG,0.5913,23.93,24.11,1,True,0.7522,0.2355,.55-.60,
CELR/USDT,2024-09-01,LONG,0.5931,0.01056,0.0106,2,True,0.3788,1.4588,.55-.60,1-1.5x
CELR/USDT,2024-09-02,LONG,0.6853,0.01127,0.0106,1,True,-5.945,1.5808,.60-.70,1.5-2x
CELR/USDT,2024-09-04,LONG,0.5614,0.01093,0.01053,1,True,-3.6597,0.7195,.55-.60,
CELR/USDT,2024-09-06,LONG,0.7093,0.01016,0.01036,1,True,1.9685,0.7825,.70-.80,
CELR/USDT,2024-09-08,LONG,0.6466,0.01076,0.01177,5,False,9.3866,0.8728,.60-.70,
CELR/USDT,2024-09-09,LONG,0.6091,0.01125,0.01179,5,False,4.8,1.0162,.60-.70,1-1.5x
CELR/USDT,2024-09-10,LONG,0.7127,0.01146,0.01179,4,True,2.8796,0.4259,.70-.80,
CELR/USDT,2024-09-11,LONG,0.6644,0.01118,0.01179,3,True,5.4562,0.5568,.60-.70,
CELR/USDT,2024-09-12,LONG,0.6869,0.01164,0.01179,2,True,1.2887,1.0154,.60-.70,1-1.5x
CELR/USDT,2024-09-13,LONG,0.7735,0.01177,0.01179,1,True,0.1699,0.2745,.70-.80,
CELR/USDT,2024-09-15,LONG,0.6393,0.01107,0.01157,3,True,4.5167,1.5158,.60-.70,1.5-2x
CELR/USDT,2024-09-16,LONG,0.6133,0.01061,0.01157,2,True,9.0481,1.0165,.60-.70,1-1.5x
CELR/USDT,2024-09-17,LONG,0.5695,0.01097,0.01157,1,True,5.4695,0.8116,.55-.60,
CELR/USDT,2024-09-24,LONG,0.5748,0.01344,0.01324,4,True,-1.4881,0.419,.55-.60,
CELR/USDT,2024-09-25,LONG,0.6365,0.01332,0.01324,3,True,-0.6006,0.2444,.60-.70,
CELR/USDT,2024-09-27,LONG,0.6697,0.01366,0.01324,1,True,-3.0747,0.1242,.60-.70,
CELR/USDT,2024-09-29,LONG,0.5657,0.01304,0.01153,2,True,-11.5798,0.4243,.55-.60,
CELR/USDT,2024-09-30,LONG,0.7273,0.01258,0.01153,1,True,-8.3466,0.9592,.70-.80,
CELR/USDT,2024-10-02,LONG,0.5724,0.01122,0.01221,5,False,8.8235,0.6588,.55-.60,
CELR/USDT,2024-10-04,LONG,0.6321,0.01148,0.01215,4,True,5.8362,1.177,.60-.70,1-1.5x
CELR/USDT,2024-10-09,LONG,0.6392,0.01174,0.01232,2,True,4.9404,0.9169,.60-.70,
CELR/USDT,2024-10-10,LONG,0.8441,0.01173,0.01232,1,True,5.0298,0.0234,>.80,
CELR/USDT,2024-10-15,LONG,0.9883,0.01368,0.0132,1,True,-3.5088,0.6281,>.80,
CELR/USDT,2024-10-17,LONG,0.7531,0.01257,0.01314,1,True,4.5346,0.7617,.70-.80,
CELR/USDT,2024-10-20,LONG,0.8038,0.01426,0.01134,5,False,-20.4769,1.4144,>.80,1-1.5x
CELR/USDT,2024-10-21,LONG,0.9119,0.01344,0.01129,5,False,-15.997,0.9002,>.80,
CELR/USDT,2024-10-23,LONG,0.7915,0.01223,0.01198,4,True,-2.0442,0.7837,.70-.80,
CELR/USDT,2024-10-24,LONG,0.8646,0.01264,0.01198,3,True,-5.2215,0.5168,>.80,
CELR/USDT,2024-10-25,LONG,0.555,0.01134,0.01198,2,True,5.6437,1.4845,.55-.60,1-1.5x
CELR/USDT,2024-10-26,LONG,0.7182,0.01129,0.01198,1,True,6.1116,0.0642,.70-.80,
CELR/USDT,2024-11-02,LONG,0.571,0.0112,0.01257,5,False,12.2321,0.6211,.55-.60,
CELR/USDT,2024-11-04,LONG,0.6125,0.01016,0.01251,4,True,23.1299,0.9937,.60-.70,
CELR/USDT,2024-11-06,LONG,0.592,0.0123,0.01251,2,True,1.7073,2.2641,.55-.60,2-3x
CELR/USDT,2024-11-11,LONG,0.6107,0.01454,0.01363,2,True,-6.2586,1.1842,.60-.70,1-1.5x
CELR/USDT,2024-11-12,LONG,0.5881,0.01379,0.01363,1,True,-1.1603,0.8834,.55-.60,
CELR/USDT,2024-11-14,LONG,0.6303,0.01316,0.0142,1,True,7.9027,0.6467,.60-.70,
CELR/USDT,2024-11-18,LONG,0.7159,0.01529,0.01459,1,True,-4.5782,1.5517,.70-.80,1.5-2x
CELR/USDT,2024-11-25,LONG,0.9192,0.01789,0.02032,3,True,13.583,1.0916,>.80,1-1.5x
CELR/USDT,2024-11-26,LONG,0.9229,0.01838,0.02032,2,True,10.555,0.4967,>.80,
CELR/USDT,2024-11-27,LONG,0.9297,0.02014,0.02032,1,True,0.8937,1.6631,>.80,1.5-2x
CELR/USDT,2024-12-01,LONG,0.8207,0.02222,0.02345,1,True,5.5356,0.3454,>.80,
CELR/USDT,2024-12-05,LONG,0.8018,0.02439,0.03022,1,True,23.9032,0.6966,>.80,
CELR/USDT,2024-12-07,LONG,0.9421,0.0298,0.03057,1,True,2.5839,0.197,>.80,
CELR/USDT,2024-12-09,LONG,0.9841,0.02423,0.02376,1,True,-1.9397,2.3832,>.80,2-3x
CELR/USDT,2024-12-15,LONG,0.6916,0.02542,0.02421,1,True,-4.76,0.4722,.60-.70,
CELR/USDT,2024-12-17,LONG,0.5966,0.02254,0.02063,1,True,-8.4738,0.7833,.55-.60,
CELR/USDT,2024-12-21,LONG,0.9687,0.0183,0.01972,2,True,7.7596,0.5163,>.80,
CELR/USDT,2024-12-22,LONG,0.5926,0.01815,0.01972,1,True,8.6501,0.0895,.55-.60,
CELR/USDT,2024-12-25,LONG,0.5898,0.02184,0.0201,1,True,-7.967,0.1892,.55-.60,
CELR/USDT,2024-12-28,LONG,0.7798,0.02295,0.0197,4,True,-14.1612,1.0759,.70-.80,1-1.5x
CELR/USDT,2024-12-31,LONG,0.9347,0.01944,0.0197,1,True,1.3374,1.6553,>.80,1.5-2x
CELR/USDT,2025-01-04,LONG,0.8076,0.02084,0.01652,5,False,-20.7294,0.007,>.80,
CELR/USDT,2025-01-06,LONG,0.664,0.0205,0.01687,5,False,-17.7073,0.2088,.60-.70,
CELR/USDT,2025-01-10,LONG,0.6343,0.01673,0.01596,3,True,-4.6025,0.194,.60-.70,
CELR/USDT,2025-01-11,LONG,0.5907,0.01687,0.01596,2,True,-5.3942,0.1277,.55-.60,
CELR/USDT,2025-01-12,LONG,0.5695,0.01625,0.01596,1,True,-1.7846,0.5875,.55-.60,
CELR/USDT,2025-01-16,LONG,0.5581,0.01731,0.01745,2,True,0.8088,0.5522,.55-.60,
CELR/USDT,2025-01-21,LONG,0.6245,0.0156,0.01468,5,False,-5.8974,0.5523,.60-.70,
CELR/USDT,2025-01-22,LONG,0.5945,0.01514,0.01421,5,False,-6.1427,0.4908,.55-.60,
CELR/USDT,2025-01-23,LONG,0.7439,0.01516,0.01369,5,False,-9.6966,0.0229,.70-.80,
CELR/USDT,2025-01-24,LONG,0.626,0.01475,0.01422,5,False,-3.5932,0.4684,.60-.70,
CELR/USDT,2025-01-26,LONG,0.6558,0.01468,0.01422,3,True,-3.1335,0.2566,.60-.70,
CELR/USDT,2025-01-28,LONG,0.5703,0.01369,0.01422,1,True,3.8714,0.7339,.55-.60,
CELR/USDT,2025-01-30,LONG,0.5759,0.01571,0.01456,2,True,-7.3202,1.8554,.55-.60,1.5-2x
CELR/USDT,2025-01-31,LONG,0.6097,0.01591,0.01456,1,True,-8.4852,0.2252,.60-.70,
CELR/USDT,2025-02-04,LONG,0.594,0.01212,0.01095,2,True,-9.6535,1.1118,.55-.60,1-1.5x
CELR/USDT,2025-02-05,LONG,0.6908,0.01176,0.01095,1,True,-6.8878,0.45,.60-.70,
CELR/USDT,2025-02-11,LONG,0.5619,0.01228,0.01261,4,True,2.6873,0.574,.55-.60,
CELR/USDT,2025-02-14,LONG,0.5692,0.01303,0.01261,1,True,-3.2233,0.1363,.55-.60,
CELR/USDT,2025-02-23,LONG,0.6287,0.01379,0.01202,3,True,-12.8354,0.1578,.60-.70,
CELR/USDT,2025-02-25,LONG,0.6612,0.01196,0.01202,1,True,0.5017,0.1204,.60-.70,
CELR/USDT,2025-03-01,LONG,0.6529,0.01182,0.01334,1,True,12.8596,0.0,.60-.70,
CELR/USDT,2025-03-07,LONG,0.58,0.01128,0.01099,1,True,-2.5709,0.4442,.55-.60,
CELR/USDT,2025-03-11,LONG,0.6736,0.00951,0.00998,1,True,4.9422,0.3105,.60-.70,
CELR/USDT,2025-03-14,LONG,0.66,0.01022,0.0106,1,True,3.7182,0.4899,.60-.70,
CELR/USDT,2025-03-17,LONG,0.6032,0.01065,0.01034,1,True,-2.9108,1.0365,.60-.70,1-1.5x
CELR/USDT,2025-03-20,LONG,0.6199,0.010475,0.010121,1,True,-3.3795,0.6136,.60-.70,
CELR/USDT,2025-03-23,LONG,0.5782,0.010351,0.009889,5,False,-4.4633,0.6129,.55-.60,
CELR/USDT,2025-03-24,LONG,0.8261,0.011271,0.009889,4,True,-12.2616,1.6141,>.80,1.5-2x
CELR/USDT,2025-03-25,LONG,0.6029,0.011142,0.009889,3,True,-11.2457,0.2174,.60-.70,
CELR/USDT,2025-03-27,LONG,0.706,0.010708,0.009889,1,True,-7.6485,0.0124,.70-.80,
CELR/USDT,2025-03-30,LONG,0.5651,0.009155,0.009288,2,True,1.4528,0.4617,.55-.60,
MAGIC/USDT,2024-08-28,LONG,0.6122,0.333,0.333,2,True,0.0,0.6878,.60-.70,
MAGIC/USDT,2024-08-29,LONG,0.6345,0.3309,0.333,1,True,0.6346,0.1233,.60-.70,
MAGIC/USDT,2024-09-04,LONG,0.557,0.3285,0.3197,1,True,-2.6788,0.8229,.55-.60,
MAGIC/USDT,2024-09-07,LONG,0.5844,0.3143,0.3512,5,False,11.7404,0.6108,.55-.60,
MAGIC/USDT,2024-09-08,LONG,0.6392,0.3341,0.3559,5,False,6.525,1.3291,.60-.70,1-1.5x
MAGIC/USDT,2024-09-09,LONG,0.6284,0.341,0.3438,5,False,0.8211,0.4347,.60-.70,
MAGIC/USDT,2024-09-11,LONG,0.6668,0.3291,0.3438,3,True,4.4667,1.076,.60-.70,1-1.5x
MAGIC/USDT,2024-09-12,LONG,0.6185,0.3512,0.3438,2,True,-2.1071,1.4437,.60-.70,1-1.5x
MAGIC/USDT,2024-09-15,LONG,0.5712,0.3302,0.317,1,True,-3.9976,0.9129,.55-.60,
MAGIC/USDT,2024-09-17,LONG,0.5798,0.3498,0.3645,2,True,4.2024,2.2287,.55-.60,2-3x
MAGIC/USDT,2024-09-18,LONG,0.7306,0.3652,0.3645,1,True,-0.1917,0.9322,.70-.80,
MAGIC/USDT,2024-09-21,LONG,0.729,0.3841,0.3614,1,True,-5.9099,0.0678,.70-.80,
MAGIC/USDT,2024-09-23,LONG,0.5593,0.3706,0.384,1,True,3.6158,0.5629,.55-.60,
MAGIC/USDT,2024-09-25,LONG,0.5572,0.3832,0.3783,5,False,-1.2787,0.0468,.55-.60,
MAGIC/USDT,2024-10-05,LONG,0.6897,0.3477,0.3517,2,True,1.1504,0.1435,.60-.70,
MAGIC/USDT,2024-10-06,LONG,0.6391,0.361,0.3517,1,True,-2.5762,0.8739,.60-.70,
MAGIC/USDT,2024-10-11,LONG,0.7256,0.3382,0.3457,1,True,2.2176,0.8293,.70-.80,
MAGIC/USDT,2024-10-15,LONG,0.7846,0.3626,0.3429,2,True,-5.433,0.2742,.70-.80,
MAGIC/USDT,2024-10-16,LONG,0.6281,0.3502,0.3429,1,True,-2.0845,0.9252,.60-.70,
MAGIC/USDT,2024-10-18,LONG,0.7867,0.3574,0.3967,5,False,10.9961,1.1397,.70-.80,1-1.5x
MAGIC/USDT,2024-10-19,LONG,0.691,0.3671,0.3933,5,False,7.137,0.7195,.60-.70,
MAGIC/USDT,2024-10-20,LONG,0.9954,0.4281,0.3933,4,True,-8.1289,3.1986,>.80,3-5x
MAGIC/USDT,2024-10-21,LONG,0.8228,0.4012,0.3933,3,True,-1.9691,1.2088,>.80,1-1.5x
MAGIC/USDT,2024-10-22,LONG,0.6102,0.4142,0.3933,2,True,-5.0459,0.632,.60-.70,
MAGIC/USDT,2024-10-23,LONG,0.997,0.3967,0.3933,1,True,-0.8571,0.8194,>.80,
MAGIC/USDT,2024-10-25,LONG,0.6812,0.3653,0.3598,1,True,-1.5056,1.3201,.60-.70,1-1.5x
MAGIC/USDT,2024-10-30,LONG,0.6775,0.3844,0.3529,2,True,-8.1946,0.1881,.60-.70,
MAGIC/USDT,2024-11-02,LONG,0.584,0.3393,0.3733,5,False,10.0206,0.6846,.55-.60,
MAGIC/USDT,2024-11-04,LONG,0.579,0.3004,0.3906,5,False,30.0266,1.1161,.55-.60,1-1.5x
MAGIC/USDT,2024-11-06,LONG,0.62,0.3698,0.4173,5,False,12.8448,2.3378,.60-.70,2-3x
MAGIC/USDT,2024-11-07,LONG,0.5765,0.3733,0.4173,4,True,11.7868,0.1384,.55-.60,
MAGIC/USDT,2024-11-08,LONG,0.6271,0.3714,0.4173,3,True,12.3586,0.0746,.60-.70,
MAGIC/USDT,2024-11-09,LONG,0.64,0.3906,0.4173,2,True,6.8356,0.8952,.60-.70,
MAGIC/USDT,2024-11-12,LONG,0.6644,0.3913,0.3719,3,True,-4.9578,1.0829,.60-.70,1-1.5x
MAGIC/USDT,2024-11-13,LONG,0.7433,0.382,0.3719,2,True,-2.644,0.4115,.70-.80,
MAGIC/USDT,2024-11-14,LONG,0.7698,0.3566,0.3719,1,True,4.2905,1.157,.70-.80,1-1.5x
MAGIC/USDT,2024-11-19,LONG,0.9096,0.43,0.425,2,True,-1.1628,0.5468,>.80,
MAGIC/USDT,2024-11-20,LONG,0.5894,0.3909,0.425,1,True,8.7235,1.2346,.55-.60,1-1.5x
MAGIC/USDT,2024-11-22,LONG,0.868,0.4388,0.5431,5,False,23.7694,0.435,>.80,
MAGIC/USDT,2024-11-23,LONG,0.675,0.4818,0.5449,5,False,13.0967,1.3083,.60-.70,1-1.5x
MAGIC/USDT,2024-11-24,LONG,0.8955,0.5676,0.5449,4,True,-3.9993,2.2393,>.80,2-3x
MAGIC/USDT,2024-11-25,LONG,0.8703,0.5226,0.5449,3,True,4.2671,0.9524,>.80,
MAGIC/USDT,2024-11-26,LONG,0.8406,0.5069,0.5449,2,True,7.4965,0.3852,>.80,
MAGIC/USDT,2024-11-27,LONG,0.9241,0.5431,0.5449,1,True,0.3314,0.9058,>.80,
MAGIC/USDT,2024-12-01,LONG,0.8192,0.571,0.6265,2,True,9.7198,0.3704,>.80,
MAGIC/USDT,2024-12-02,LONG,0.6128,0.5928,0.6265,1,True,5.6849,0.4891,.60-.70,
MAGIC/USDT,2024-12-06,LONG,0.6029,0.6878,0.5635,3,True,-18.0721,0.7758,.60-.70,
MAGIC/USDT,2024-12-07,LONG,0.684,0.6905,0.5635,2,True,-18.3925,0.0564,.60-.70,
MAGIC/USDT,2024-12-12,LONG,0.7864,0.6389,0.5865,2,True,-8.2016,0.5229,.70-.80,
MAGIC/USDT,2024-12-13,LONG,0.742,0.6303,0.5865,1,True,-6.9491,0.1583,.70-.80,
MAGIC/USDT,2024-12-15,LONG,0.6689,0.6023,0.4726,3,True,-21.5341,0.356,.60-.70,
MAGIC/USDT,2024-12-17,LONG,0.6604,0.5482,0.4726,1,True,-13.7906,0.7834,.60-.70,
MAGIC/USDT,2024-12-20,LONG,0.6676,0.4388,0.4168,1,True,-5.0137,0.4307,.60-.70,
MAGIC/USDT,2024-12-24,LONG,0.5621,0.4751,0.466,1,True,-1.9154,0.8759,.55-.60,
MAGIC/USDT,2024-12-30,LONG,0.5943,0.4368,0.4238,1,True,-2.9762,0.074,.55-.60,
MAGIC/USDT,2025-01-01,LONG,0.5518,0.4409,0.6149,3,True,39.4647,0.714,.55-.60,
MAGIC/USDT,2025-01-02,LONG,0.8619,0.5378,0.6149,2,True,14.3362,2.8384,>.80,2-3x
MAGIC/USDT,2025-01-03,LONG,0.6861,0.5418,0.6149,1,True,13.4921,0.0979,.60-.70,
MAGIC/USDT,2025-01-05,LONG,0.9465,0.5904,0.4709,5,False,-20.2405,0.4866,>.80,
MAGIC/USDT,2025-01-06,LONG,0.6638,0.603,0.4746,5,False,-21.2935,0.2648,.60-.70,
MAGIC/USDT,2025-01-07,LONG,0.8205,0.5343,0.4668,5,False,-12.6334,1.452,>.80,1-1.5x
MAGIC/USDT,2025-01-08,LONG,0.8674,0.5097,0.4668,4,True,-8.4167,0.6131,>.80,
MAGIC/USDT,2025-01-10,LONG,0.7944,0.4709,0.4668,2,True,-0.8707,0.1089,.70-.80,
MAGIC/USDT,2025-01-13,LONG,0.68,0.4425,0.4582,1,True,3.548,0.701,.60-.70,
MAGIC/USDT,2025-01-16,LONG,0.5959,0.4638,0.4356,2,True,-6.0802,0.6273,.55-.60,
MAGIC/USDT,2025-01-21,LONG,0.6739,0.3842,0.3643,2,True,-5.1796,0.4616,.60-.70,
MAGIC/USDT,2025-01-22,LONG,0.6108,0.3714,0.3643,1,True,-1.9117,0.504,.60-.70,
MAGIC/USDT,2025-01-24,LONG,0.6729,0.3483,0.344,3,True,-1.2346,0.7931,.60-.70,
MAGIC/USDT,2025-01-28,LONG,0.6296,0.3163,0.3023,4,True,-4.4262,1.5221,.60-.70,1.5-2x
MAGIC/USDT,2025-01-30,LONG,0.6047,0.3473,0.3023,2,True,-12.9571,0.889,.60-.70,
MAGIC/USDT,2025-02-06,LONG,0.9041,0.222,0.2192,1,True,-1.2613,0.934,>.80,
MAGIC/USDT,2025-02-09,LONG,0.6995,0.2301,0.2412,1,True,4.824,0.4049,.60-.70,
MAGIC/USDT,2025-02-11,LONG,0.6911,0.2342,0.2535,1,True,8.2408,0.517,.60-.70,
MAGIC/USDT,2025-02-13,LONG,0.7102,0.2453,0.2478,2,True,1.0192,0.5345,.70-.80,
MAGIC/USDT,2025-02-14,LONG,0.7108,0.2554,0.2478,1,True,-2.9757,0.6726,.70-.80,
MAGIC/USDT,2025-02-17,LONG,0.6807,0.2493,0.2367,1,True,-5.0542,0.3154,.60-.70,
MAGIC/USDT,2025-02-19,LONG,0.7391,0.2382,0.25,1,True,4.9538,0.1106,.70-.80,
MAGIC/USDT,2025-02-22,LONG,0.6202,0.2516,0.2123,5,False,-15.62,0.6897,.60-.70,
MAGIC/USDT,2025-02-23,LONG,0.669,0.2429,0.2122,5,False,-12.6389,0.7966,.60-.70,
MAGIC/USDT,2025-02-26,LONG,0.6512,0.2136,0.189,5,False,-11.5169,0.2249,.60-.70,
MAGIC/USDT,2025-02-27,LONG,0.5558,0.2123,0.1784,5,False,-15.968,0.1112,.55-.60,
MAGIC/USDT,2025-02-28,LONG,0.6726,0.2122,0.1776,5,False,-16.3054,0.0091,.60-.70,
MAGIC/USDT,2025-03-01,LONG,0.6433,0.206,0.1776,4,True,-13.7864,0.5615,.60-.70,
MAGIC/USDT,2025-03-03,LONG,0.6423,0.189,0.1776,2,True,-6.0317,2.5568,.60-.70,2-3x
MAGIC/USDT,2025-03-11,LONG,0.6233,0.1383,0.1387,1,True,0.2892,0.4325,.60-.70,
MAGIC/USDT,2025-03-14,LONG,0.7088,0.1385,0.1498,4,True,8.1588,0.4975,.70-.80,
MAGIC/USDT,2025-03-15,LONG,0.7034,0.1458,0.1498,3,True,2.7435,0.7395,.70-.80,
MAGIC/USDT,2025-03-17,LONG,0.8439,0.1581,0.1498,1,True,-5.2498,2.2233,>.80,2-3x
MAGIC/USDT,2025-03-19,LONG,0.7056,0.1474,0.1383,2,True,-6.1737,0.2106,.70-.80,
MAGIC/USDT,2025-03-20,LONG,0.9639,0.1456,0.1383,1,True,-5.0137,0.1607,>.80,
MAGIC/USDT,2025-03-22,LONG,0.9084,0.1447,0.1444,2,True,-0.2073,0.6497,>.80,
MAGIC/USDT,2025-03-23,LONG,0.9145,0.1412,0.1444,1,True,2.2663,0.3982,>.80,
MAGIC/USDT,2025-03-25,LONG,0.8024,0.1465,0.1169,5,False,-20.2048,0.2402,>.80,
MAGIC/USDT,2025-03-26,LONG,0.5974,0.139,0.1142,5,False,-17.8417,0.8371,.55-.60,
MAGIC/USDT,2025-03-27,LONG,0.8337,0.1378,0.1113,5,False,-19.2308,0.1428,>.80,
MAGIC/USDT,2025-03-28,LONG,0.7047,0.1236,0.0935,5,False,-24.3528,1.6071,.70-.80,1.5-2x
MAGIC/USDT,2025-03-30,LONG,0.7511,0.1169,0.0935,3,True,-20.0171,0.3373,.70-.80,
MAGIC/USDT,2025-03-31,LONG,0.7734,0.1142,0.0935,2,True,-18.1261,0.3914,.70-.80,
MAGIC/USDT,2025-04-06,LONG,0.9648,0.0706,0.0718,1,True,1.6997,2.043,>.80,2-3x
SSV/USDT,2024-08-28,LONG,0.6281,20.2,19.96,5,False,-1.1881,0.8261,.60-.70,
SSV/USDT,2024-08-29,LONG,0.7305,20.09,18.63,5,False,-7.2673,0.085,.70-.80,
SSV/USDT,2024-08-30,LONG,0.7448,19.9,18.9,5,False,-5.0251,0.1478,.70-.80,
SSV/USDT,2024-09-02,LONG,0.6111,19.96,18.21,3,True,-8.7675,1.4772,.60-.70,1-1.5x
SSV/USDT,2024-09-04,LONG,0.6166,18.9,18.21,1,True,-3.6508,0.2277,.60-.70,
SSV/USDT,2024-09-07,LONG,0.6818,18.0,20.66,5,False,14.7778,0.3527,.60-.70,
SSV/USDT,2024-09-08,LONG,0.683,18.68,20.51,5,False,9.7966,0.5813,.60-.70,
SSV/USDT,2024-09-09,LONG,0.6289,19.27,19.89,5,False,3.2174,0.4842,.60-.70,
SSV/USDT,2024-09-11,LONG,0.6836,18.68,19.89,3,True,6.4775,0.4132,.60-.70,
SSV/USDT,2024-09-12,LONG,0.5958,20.66,19.89,2,True,-3.727,1.7485,.55-.60,1.5-2x
SSV/USDT,2024-09-15,LONG,0.6315,19.38,20.12,2,True,3.8184,0.5444,.60-.70,
SSV/USDT,2024-09-18,LONG,0.7841,21.85,22.04,1,True,0.8696,1.7498,.70-.80,1.5-2x
SSV/USDT,2024-09-21,LONG,0.7456,22.94,24.29,3,True,5.8849,0.1908,.70-.80,
SSV/USDT,2024-09-22,LONG,0.7648,22.47,24.29,2,True,8.0997,0.4834,.70-.80,
SSV/USDT,2024-09-23,LONG,0.5523,23.55,24.29,1,True,3.1423,1.2139,.55-.60,1-1.5x
SSV/USDT,2024-09-25,LONG,0.6424,22.71,23.1,5,False,1.7173,1.5434,.60-.70,1.5-2x
SSV/USDT,2024-09-29,LONG,0.5716,25.01,23.1,1,True,-7.6369,0.2786,.55-.60,
SSV/USDT,2024-10-03,LONG,0.6942,20.74,22.11,4,True,6.6056,0.6176,.60-.70,
SSV/USDT,2024-10-04,LONG,0.698,22.08,22.11,3,True,0.1359,1.3972,.60-.70,1-1.5x
SSV/USDT,2024-10-05,LONG,0.6903,22.88,22.11,2,True,-3.3654,0.7865,.60-.70,
SSV/USDT,2024-10-06,LONG,0.5572,23.03,22.11,1,True,-3.9948,0.143,.55-.60,
SSV/USDT,2024-10-10,LONG,0.6966,20.8,21.31,3,True,2.4519,0.3936,.60-.70,
SSV/USDT,2024-10-11,LONG,0.6839,21.6,21.31,2,True,-1.3426,0.8659,.60-.70,
SSV/USDT,2024-10-12,LONG,0.6775,21.72,21.31,1,True,-1.8877,0.1256,.60-.70,
SSV/USDT,2024-10-14,LONG,0.5738,23.17,22.08,2,True,-4.7044,1.8603,.55-.60,1.5-2x
SSV/USDT,2024-10-15,LONG,0.7145,22.9,22.08,1,True,-3.5808,0.2615,.70-.80,
SSV/USDT,2024-10-17,LONG,0.6712,21.46,22.36,5,False,4.1938,0.6855,.60-.70,
SSV/USDT,2024-10-18,LONG,0.795,21.79,21.44,5,False,-1.6062,0.3738,.70-.80,
SSV/USDT,2024-10-20,LONG,0.8776,24.08,21.44,3,True,-10.9635,2.7022,>.80,2-3x
SSV/USDT,2024-10-21,LONG,0.8225,23.02,21.44,2,True,-6.8636,0.928,>.80,
SSV/USDT,2024-10-24,LONG,0.8448,21.81,19.6,2,True,-10.133,0.3743,>.80,
SSV/USDT,2024-10-31,LONG,0.607,19.31,17.08,2,True,-11.5484,1.6493,.60-.70,1.5-2x
SSV/USDT,2024-11-01,LONG,0.7126,18.04,17.08,1,True,-5.3215,1.1861,.70-.80,1-1.5x
SSV/USDT,2024-11-06,LONG,0.7538,19.84,23.11,5,False,16.4819,2.6271,.70-.80,2-3x
SSV/USDT,2024-11-07,LONG,0.7282,20.22,20.79,5,False,2.819,0.2768,.70-.80,
SSV/USDT,2024-11-08,LONG,0.6038,20.31,18.63,5,False,-8.2718,0.0645,.60-.70,
SSV/USDT,2024-11-09,LONG,0.7563,21.44,18.12,5,False,-15.4851,0.8771,.70-.80,
SSV/USDT,2024-11-10,LONG,0.6656,22.78,18.42,5,False,-19.1396,0.9711,.60-.70,
SSV/USDT,2024-11-12,LONG,0.8625,20.79,18.42,3,True,-11.3997,1.4878,>.80,1-1.5x
SSV/USDT,2024-11-13,LONG,0.9265,18.63,18.42,2,True,-1.1272,1.4586,>.80,1-1.5x
SSV/USDT,2024-11-14,LONG,0.8808,18.12,18.42,1,True,1.6556,0.4064,>.80,
SSV/USDT,2024-11-21,LONG,0.6324,20.16,26.15,4,True,29.7123,2.0173,.60-.70,2-3x
SSV/USDT,2024-11-22,LONG,0.8773,20.41,26.15,3,True,28.1235,0.1612,>.80,
SSV/USDT,2024-11-23,LONG,0.8317,22.56,26.15,2,True,15.9131,1.3344,>.80,1-1.5x
SSV/USDT,2024-11-24,LONG,0.646,22.96,26.15,1,True,13.8937,0.2279,.60-.70,
SSV/USDT,2024-11-26,LONG,0.9641,25.62,28.82,1,True,12.4902,0.2753,>.80,
SSV/USDT,2024-11-28,LONG,0.9707,27.68,27.54,1,True,-0.5058,0.5026,>.80,
SSV/USDT,2024-12-02,LONG,0.6905,31.89,32.24,3,True,1.0975,0.1204,.60-.70,
SSV/USDT,2024-12-03,LONG,0.7143,32.35,32.24,2,True,-0.34,0.1946,.70-.80,
SSV/USDT,2024-12-04,LONG,0.6875,33.12,32.24,1,True,-2.657,0.3266,.60-.70,
SSV/USDT,2024-12-06,LONG,0.628,34.28,33.62,2,True,-1.9253,0.86,.60-.70,
SSV/USDT,2024-12-07,LONG,0.8845,33.48,33.62,1,True,0.4182,0.3276,>.80,
SSV/USDT,2024-12-10,LONG,0.7813,26.22,28.13,1,True,7.2845,0.5068,.70-.80,
SSV/USDT,2024-12-12,LONG,0.9268,29.95,27.87,2,True,-6.9449,0.8263,>.80,
SSV/USDT,2024-12-13,LONG,0.6054,29.26,27.87,1,True,-4.7505,0.3017,.60-.70,
SSV/USDT,2024-12-17,LONG,0.5669,27.11,23.44,1,True,-13.5374,1.0486,.55-.60,1-1.5x
SSV/USDT,2024-12-20,LONG,0.7348,21.59,20.48,1,True,-5.1413,0.5203,.70-.80,
SSV/USDT,2024-12-24,LONG,0.6187,23.89,25.19,3,True,5.4416,0.4287,.60-.70,
SSV/USDT,2024-12-25,LONG,0.7971,23.86,25.19,2,True,5.5742,0.0164,.70-.80,
SSV/USDT,2024-12-28,LONG,0.7136,26.34,25.49,3,True,-3.227,0.539,.70-.80,
SSV/USDT,2024-12-29,LONG,0.6311,25.31,25.49,2,True,0.7112,0.5267,.60-.70,
SSV/USDT,2024-12-30,LONG,0.5668,25.93,25.49,1,True,-1.6969,0.3318,.55-.60,
SSV/USDT,2025-01-06,LONG,0.6133,25.43,20.15,3,True,-20.7629,0.1541,.60-.70,
SSV/USDT,2025-01-13,LONG,0.6835,19.74,19.59,5,False,-0.7599,0.316,.60-.70,
SSV/USDT,2025-01-16,LONG,0.6039,20.5,19.59,2,True,-4.439,1.444,.60-.70,1-1.5x
SSV/USDT,2025-01-20,LONG,0.6787,18.26,18.51,1,True,1.3691,0.8817,.60-.70,
SSV/USDT,2025-01-22,LONG,0.7215,17.74,18.94,2,True,6.7644,0.7839,.70-.80,
SSV/USDT,2025-01-23,LONG,0.7674,18.3,18.94,1,True,3.4973,0.5898,.70-.80,
SSV/USDT,2025-01-25,LONG,0.6154,18.64,17.99,4,True,-3.4871,0.2899,.60-.70,
SSV/USDT,2025-01-26,LONG,0.692,18.23,17.99,3,True,-1.3165,0.4046,.60-.70,
SSV/USDT,2025-01-31,LONG,0.6419,19.39,17.2,1,True,-11.2945,0.8897,.60-.70,
SSV/USDT,2025-02-05,LONG,0.8668,12.19,11.03,2,True,-9.516,0.6051,>.80,
SSV/USDT,2025-02-06,LONG,0.9366,11.58,11.03,1,True,-4.7496,0.7999,>.80,
SSV/USDT,2025-02-09,LONG,0.5866,11.83,12.12,5,False,2.4514,0.0803,.55-.60,
SSV/USDT,2025-02-11,LONG,0.6158,11.71,12.12,3,True,3.5013,0.1477,.60-.70,
SSV/USDT,2025-02-12,LONG,0.6543,12.42,12.12,2,True,-2.4155,0.9395,.60-.70,
SSV/USDT,2025-02-13,LONG,0.58,11.91,12.12,1,True,1.7632,0.6462,.55-.60,
SSV/USDT,2025-02-15,LONG,0.636,12.05,11.92,1,True,-1.0788,0.09,.60-.70,
SSV/USDT,2025-02-17,LONG,0.6636,12.63,11.65,1,True,-7.7593,0.9081,.60-.70,
SSV/USDT,2025-02-21,LONG,0.5592,11.74,12.39,1,True,5.5366,0.6562,.55-.60,
SSV/USDT,2025-02-25,LONG,0.6167,11.18,11.14,2,True,-0.3578,1.2035,.60-.70,1-1.5x
SSV/USDT,2025-02-26,LONG,0.6796,11.16,11.14,1,True,-0.1792,0.0351,.60-.70,
SSV/USDT,2025-02-28,LONG,0.8231,10.72,9.25,4,True,-13.7127,0.7859,>.80,
SSV/USDT,2025-03-02,LONG,0.6391,12.21,9.25,2,True,-24.2424,2.6915,.60-.70,2-3x
SSV/USDT,2025-03-03,LONG,0.7049,9.82,9.25,1,True,-5.8045,2.5817,.70-.80,2-3x
SSV/USDT,2025-03-08,LONG,0.6118,8.95,7.74,1,True,-13.5196,0.2759,.60-.70,
SSV/USDT,2025-03-11,LONG,0.824,7.17,7.22,1,True,0.6974,0.1441,>.80,
SSV/USDT,2025-03-14,LONG,0.7835,7.35,7.78,1,True,5.8503,0.4596,.70-.80,
SSV/USDT,2025-03-17,LONG,0.5871,7.84,7.681,1,True,-2.0281,1.0109,.55-.60,1-1.5x
SSV/USDT,2025-03-20,LONG,0.6217,7.784,7.85,1,True,0.8479,0.5173,.60-.70,
SSV/USDT,2025-03-23,LONG,0.7672,8.018,8.32,1,True,3.7665,0.2344,.70-.80,
SSV/USDT,2025-03-26,LONG,0.7277,8.005,7.059,2,True,-11.8176,0.6251,.70-.80,
SSV/USDT,2025-03-27,LONG,0.5996,7.827,7.059,1,True,-9.8122,0.4401,.55-.60,
SSV/USDT,2025-03-29,LONG,0.6195,6.652,6.69,3,True,0.5713,1.2157,.60-.70,1-1.5x
SSV/USDT,2025-03-30,LONG,0.6523,6.607,6.69,2,True,1.2562,0.1545,.60-.70,
SSV/USDT,2025-03-31,LONG,0.5811,6.567,6.69,1,True,1.873,0.1386,.55-.60,
SSV/USDT,2025-04-03,LONG,0.6341,6.134,5.721,2,True,-6.733,0.1164,.60-.70,
SSV/USDT,2025-04-04,LONG,0.7628,6.086,5.721,1,True,-5.9974,0.1811,.70-.80,
LQTY/USDT,2024-08-27,LONG,0.9794,0.845,0.81,1,True,-4.142,1.4294,>.80,1-1.5x
LQTY/USDT,2024-09-01,LONG,0.5866,0.6873,0.7389,1,True,7.5076,0.7481,.55-.60,
LQTY/USDT,2024-09-04,LONG,0.6452,0.7402,0.7166,1,True,-3.1883,0.7056,.60-.70,
LQTY/USDT,2024-09-07,LONG,0.6903,0.6944,0.8023,5,False,15.5386,0.182,.60-.70,
LQTY/USDT,2024-09-08,LONG,0.6975,0.727,0.917,5,False,26.1348,0.4623,.60-.70,
LQTY/USDT,2024-09-09,LONG,0.7705,0.791,0.917,4,True,15.9292,0.8601,.70-.80,
LQTY/USDT,2024-09-10,LONG,0.5678,0.7961,0.917,3,True,15.1865,0.063,.55-.60,
LQTY/USDT,2024-09-11,LONG,0.679,0.7678,0.917,2,True,19.4321,0.3459,.60-.70,
LQTY/USDT,2024-09-12,LONG,0.7832,0.8023,0.917,1,True,14.2964,0.7133,.70-.80,
LQTY/USDT,2024-09-16,LONG,0.8982,0.7848,0.9564,3,True,21.8654,1.3199,>.80,1-1.5x
LQTY/USDT,2024-09-17,LONG,0.6471,0.8445,0.9564,2,True,13.2504,1.1937,.60-.70,1-1.5x
LQTY/USDT,2024-09-18,LONG,0.7379,0.8978,0.9564,1,True,6.5271,0.9749,.70-.80,
LQTY/USDT,2024-09-21,LONG,0.7629,0.9751,1.0227,3,True,4.8816,0.3457,.70-.80,
LQTY/USDT,2024-09-22,LONG,0.7865,0.9745,1.0227,2,True,4.9461,0.0103,.70-.80,
LQTY/USDT,2024-09-23,LONG,0.7836,0.9962,1.0227,1,True,2.6601,0.3916,.70-.80,
LQTY/USDT,2024-09-25,LONG,0.6317,0.9397,0.9495,1,True,1.0429,1.3784,.60-.70,1-1.5x
LQTY/USDT,2024-09-27,LONG,0.5979,0.9985,0.9707,1,True,-2.7842,0.8983,.55-.60,
LQTY/USDT,2024-10-03,LONG,0.5579,0.7875,0.8735,4,True,10.9206,0.2873,.55-.60,
LQTY/USDT,2024-10-04,LONG,0.596,0.8309,0.8735,3,True,5.127,0.9905,.55-.60,
LQTY/USDT,2024-10-05,LONG,0.6584,0.8636,0.8735,2,True,1.1464,0.7173,.60-.70,
LQTY/USDT,2024-10-09,LONG,0.6012,0.8145,0.8447,2,True,3.7078,0.2886,.60-.70,
LQTY/USDT,2024-10-14,LONG,0.6132,0.8775,0.8413,5,False,-4.1254,0.865,.60-.70,
LQTY/USDT,2024-10-15,LONG,0.6621,0.8494,0.8839,5,False,4.0617,0.716,.60-.70,
LQTY/USDT,2024-10-17,LONG,0.5676,0.7882,0.8539,4,True,8.3354,0.7999,.55-.60,
LQTY/USDT,2024-10-18,LONG,0.6639,0.8397,0.8539,3,True,1.6911,1.4067,.60-.70,1-1.5x
LQTY/USDT,2024-10-20,LONG,0.654,0.8839,0.8539,1,True,-3.394,1.1259,.60-.70,1-1.5x
LQTY/USDT,2024-10-23,LONG,0.5555,0.8712,0.865,5,False,-0.7117,0.9186,.55-.60,
LQTY/USDT,2024-10-26,LONG,0.5521,0.8905,0.865,2,True,-2.8636,2.3757,.55-.60,2-3x
LQTY/USDT,2024-10-29,LONG,0.7559,0.9647,0.8111,5,False,-15.922,2.3108,.70-.80,2-3x
LQTY/USDT,2024-11-02,LONG,0.5672,0.871,0.9538,5,False,9.5063,0.3669,.55-.60,
LQTY/USDT,2024-11-04,LONG,0.7278,0.7933,0.9351,4,True,17.8747,0.4295,.70-.80,
LQTY/USDT,2024-11-06,LONG,0.6382,0.9406,0.9351,2,True,-0.5847,2.5065,.60-.70,2-3x
LQTY/USDT,2024-11-07,LONG,0.595,0.9538,0.9351,1,True,-1.9606,0.2396,.55-.60,
LQTY/USDT,2024-11-09,LONG,0.6626,0.9797,1.0651,1,True,8.717,0.8114,.60-.70,
LQTY/USDT,2024-11-13,LONG,0.9494,1.1813,1.1237,4,True,-4.876,0.7281,>.80,
LQTY/USDT,2024-11-14,LONG,0.924,1.1197,1.1237,3,True,0.3572,0.8691,>.80,
LQTY/USDT,2024-11-15,LONG,0.9538,1.0821,1.1237,2,True,3.8444,0.5867,>.80,
LQTY/USDT,2024-11-20,LONG,0.8357,1.1281,1.218,2,True,7.9692,0.0319,>.80,
LQTY/USDT,2024-11-21,LONG,0.6459,1.2121,1.218,1,True,0.4868,1.4419,.60-.70,1-1.5x
LQTY/USDT,2024-11-27,LONG,0.7215,1.6363,1.5811,3,True,-3.3735,3.7587,.70-.80,3-5x
LQTY/USDT,2024-11-28,LONG,0.676,1.5332,1.5811,2,True,3.1242,0.8757,.60-.70,
LQTY/USDT,2024-11-29,LONG,0.7096,1.5112,1.5811,1,True,4.6255,0.1983,.70-.80,
LQTY/USDT,2024-12-01,LONG,0.5843,1.5558,2.0709,5,False,33.1084,0.2245,.55-.60,
LQTY/USDT,2024-12-02,LONG,0.6078,1.6392,2.7333,5,False,66.746,0.748,.60-.70,
LQTY/USDT,2024-12-03,LONG,0.7196,1.7474,2.6406,5,False,51.1159,0.9138,.70-.80,
LQTY/USDT,2024-12-04,LONG,0.6889,1.9082,2.3435,5,False,22.8121,1.2847,.60-.70,1-1.5x
LQTY/USDT,2024-12-05,LONG,0.8119,1.7834,2.237,5,False,25.4346,0.8907,>.80,
LQTY/USDT,2024-12-09,LONG,0.8561,2.3435,2.4136,2,True,2.9913,1.0434,>.80,1-1.5x
LQTY/USDT,2024-12-10,LONG,0.9736,2.237,2.4136,1,True,7.8945,0.4159,>.80,
LQTY/USDT,2024-12-14,LONG,0.9115,2.2881,1.988,3,True,-13.1157,0.2958,>.80,
LQTY/USDT,2024-12-15,LONG,0.879,2.3245,1.988,2,True,-14.4762,0.1446,>.80,
LQTY/USDT,2024-12-16,LONG,0.6612,2.1629,1.988,1,True,-8.0864,0.6198,.60-.70,
LQTY/USDT,2024-12-18,LONG,0.5562,1.8741,1.7995,5,False,-3.9806,0.5704,.55-.60,
LQTY/USDT,2024-12-20,LONG,0.652,1.7475,1.7995,3,True,2.9757,0.2329,.60-.70,
LQTY/USDT,2024-12-21,LONG,0.6842,1.6062,1.7995,2,True,12.0346,0.7736,.60-.70,
LQTY/USDT,2024-12-22,LONG,0.6544,1.6154,1.7995,1,True,11.3966,0.0551,.60-.70,
LQTY/USDT,2024-12-24,LONG,0.5638,1.8938,2.1293,2,True,12.4353,0.5008,.55-.60,
LQTY/USDT,2024-12-29,LONG,0.7704,1.8895,1.8047,2,True,-4.488,0.2747,.70-.80,
LQTY/USDT,2024-12-30,LONG,0.5972,1.8602,1.8047,1,True,-2.9836,0.1957,.55-.60,
LQTY/USDT,2025-01-02,LONG,0.555,1.9368,1.9933,1,True,2.9172,0.8249,.55-.60,
LQTY/USDT,2025-01-04,LONG,0.5952,1.9664,1.521,5,False,-22.6505,0.1766,.55-.60,
LQTY/USDT,2025-01-05,LONG,0.5722,1.9742,1.5515,5,False,-21.4112,0.0529,.55-.60,
LQTY/USDT,2025-01-06,LONG,0.6197,1.9617,1.53,5,False,-22.0064,0.0872,.60-.70,
LQTY/USDT,2025-01-09,LONG,0.55,1.521,1.5326,3,True,0.7627,0.6049,.50-.55,
LQTY/USDT,2025-01-10,LONG,0.5853,1.5515,1.5326,2,True,-1.2182,0.2653,.55-.60,
LQTY/USDT,2025-01-11,LONG,0.5654,1.53,1.5326,1,True,0.1699,0.1832,.55-.60,
LQTY/USDT,2025-01-17,LONG,0.7203,2.0684,1.8058,2,True,-12.6958,0.315,.70-.80,
LQTY/USDT,2025-01-18,LONG,0.6925,1.9275,1.8058,1,True,-6.3139,1.0007,.60-.70,1-1.5x
LQTY/USDT,2025-01-22,LONG,0.5801,1.8072,1.5263,5,False,-15.5434,1.2435,.55-.60,1-1.5x
LQTY/USDT,2025-01-23,LONG,0.6402,1.7978,1.5263,4,True,-15.1018,0.0634,.60-.70,
LQTY/USDT,2025-01-24,LONG,0.8476,1.6853,1.5263,3,True,-9.4345,0.7532,>.80,
LQTY/USDT,2025-01-26,LONG,0.6246,1.5395,1.5263,1,True,-0.8574,0.3991,.60-.70,
LQTY/USDT,2025-01-28,LONG,0.5722,1.3874,1.2372,5,False,-10.826,1.1471,.55-.60,1-1.5x
LQTY/USDT,2025-01-30,LONG,0.5875,1.5292,1.2372,3,True,-19.095,0.1926,.55-.60,
LQTY/USDT,2025-02-01,LONG,0.701,1.4078,1.2372,1,True,-12.1182,0.9328,.70-.80,
LQTY/USDT,2025-02-09,LONG,0.721,1.02,1.0648,1,True,4.3922,0.463,.70-.80,
LQTY/USDT,2025-02-11,LONG,0.6523,1.0676,0.9586,5,False,-10.2098,0.047,.60-.70,
LQTY/USDT,2025-02-12,LONG,0.5519,1.0668,0.9586,4,True,-10.1425,0.0134,.55-.60,
LQTY/USDT,2025-02-13,LONG,0.6058,1.0112,0.9586,3,True,-5.2017,0.9345,.60-.70,
LQTY/USDT,2025-02-14,LONG,0.6955,0.9835,0.9586,2,True,-2.5318,0.4954,.60-.70,
LQTY/USDT,2025-02-15,LONG,0.6148,0.9778,0.9586,1,True,-1.9636,0.1047,.60-.70,
LQTY/USDT,2025-02-17,LONG,0.7161,0.9452,0.9628,5,False,1.862,0.2647,.70-.80,
LQTY/USDT,2025-02-18,LONG,0.593,0.9354,0.9628,4,True,2.9292,0.2206,.55-.60,
LQTY/USDT,2025-02-26,LONG,0.6386,0.827,0.8467,1,True,2.3821,0.0,.60-.70,
LQTY/USDT,2025-02-28,LONG,0.5557,0.8629,0.8368,1,True,-3.0247,0.4855,.55-.60,
LQTY/USDT,2025-03-08,LONG,0.5504,0.7666,0.6995,1,True,-8.7529,0.098,.55-.60,
LQTY/USDT,2025-03-11,LONG,0.7154,0.695,0.7109,1,True,2.2878,0.5586,.70-.80,
LQTY/USDT,2025-03-14,LONG,0.6684,0.7092,0.7652,5,False,7.8962,0.53,.60-.70,
LQTY/USDT,2025-03-15,LONG,0.6966,0.7353,0.7391,5,False,0.5168,0.5859,.60-.70,
LQTY/USDT,2025-03-17,LONG,0.5541,0.7313,0.7391,3,True,1.0666,1.0144,.55-.60,1-1.5x
LQTY/USDT,2025-03-19,LONG,0.5766,0.7652,0.7391,1,True,-3.4109,1.0477,.55-.60,1-1.5x
LQTY/USDT,2025-03-21,LONG,0.6415,0.7419,0.7391,1,True,-0.3774,0.0635,.60-.70,
LQTY/USDT,2025-04-01,LONG,0.5601,0.6689,0.5893,1,True,-11.9001,0.8336,.55-.60,
LQTY/USDT,2025-04-03,LONG,0.5874,0.6042,0.6049,2,True,0.1159,0.5186,.55-.60,
JOE/USDT,2024-08-28,LONG,0.5632,0.3327,0.3211,1,True,-3.4866,0.2747,.55-.60,
JOE/USDT,2024-08-31,LONG,0.6192,0.3179,0.312,2,True,-1.8559,0.6744,.60-.70,
JOE/USDT,2024-09-04,LONG,0.5732,0.3035,0.2956,1,True,-2.603,0.7014,.55-.60,
JOE/USDT,2024-09-08,LONG,0.6813,0.3218,0.3372,2,True,4.7856,1.6731,.60-.70,1.5-2x
JOE/USDT,2024-09-09,LONG,0.6079,0.3314,0.3372,1,True,1.7502,0.6851,.60-.70,
JOE/USDT,2024-09-11,LONG,0.6979,0.3244,0.3496,3,True,7.7682,0.9445,.60-.70,
JOE/USDT,2024-09-12,LONG,0.5923,0.3339,0.3496,2,True,4.702,0.7522,.55-.60,
JOE/USDT,2024-09-15,LONG,0.6463,0.3284,0.325,1,True,-1.0353,1.4933,.60-.70,1-1.5x
JOE/USDT,2024-09-17,LONG,0.5828,0.3284,0.3396,1,True,3.4105,0.2734,.55-.60,
JOE/USDT,2024-09-21,LONG,0.6646,0.3876,0.378,1,True,-2.4768,0.3186,.60-.70,
JOE/USDT,2024-09-24,LONG,0.5614,0.3928,0.3865,5,False,-1.6039,0.9072,.55-.60,
JOE/USDT,2024-09-25,LONG,0.7469,0.3758,0.3667,5,False,-2.4215,1.1751,.70-.80,1-1.5x
JOE/USDT,2024-09-26,LONG,0.598,0.3946,0.3667,4,True,-7.0705,1.3469,.55-.60,1-1.5x
JOE/USDT,2024-10-03,LONG,0.7171,0.3085,0.3239,1,True,4.9919,0.4209,.70-.80,
JOE/USDT,2024-10-07,LONG,0.914,0.3341,0.3149,3,True,-5.7468,0.2451,>.80,
JOE/USDT,2024-10-08,LONG,0.6653,0.3239,0.3149,2,True,-2.7786,0.6501,.60-.70,
JOE/USDT,2024-10-09,LONG,0.6847,0.3159,0.3149,1,True,-0.3166,0.5839,.60-.70,
JOE/USDT,2024-10-11,LONG,0.5951,0.3359,0.3525,5,False,4.9419,1.5089,.55-.60,1.5-2x
JOE/USDT,2024-10-12,LONG,0.824,0.3586,0.3419,5,False,-4.657,1.4411,>.80,1-1.5x
JOE/USDT,2024-10-14,LONG,0.5725,0.3681,0.3504,4,True,-4.8085,0.0997,.55-.60,
JOE/USDT,2024-10-15,LONG,0.9392,0.3562,0.3504,3,True,-1.6283,0.7015,>.80,
JOE/USDT,2024-10-16,LONG,0.6892,0.3525,0.3504,2,True,-0.5957,0.2336,.60-.70,
JOE/USDT,2024-10-17,LONG,0.5952,0.3419,0.3504,1,True,2.4861,0.6913,.55-.60,
JOE/USDT,2024-10-19,LONG,0.6737,0.3504,0.3611,1,True,3.0537,0.0,.60-.70,
JOE/USDT,2024-10-21,LONG,0.7142,0.3466,0.3027,4,True,-12.6659,1.1533,.70-.80,1-1.5x
JOE/USDT,2024-10-23,LONG,0.6977,0.3275,0.3027,2,True,-7.5725,1.6221,.60-.70,1.5-2x
JOE/USDT,2024-10-24,LONG,0.799,0.3285,0.3027,1,True,-7.8539,0.0881,.70-.80,
JOE/USDT,2024-10-26,LONG,0.7259,0.3059,0.318,2,True,3.9555,0.2868,.70-.80,
JOE/USDT,2024-10-27,LONG,0.6644,0.3115,0.318,1,True,2.0867,0.4927,.60-.70,
JOE/USDT,2024-10-29,LONG,0.5576,0.3281,0.3068,2,True,-6.4919,0.8559,.55-.60,
JOE/USDT,2024-10-30,LONG,0.586,0.3218,0.3068,1,True,-4.6613,0.5133,.55-.60,
JOE/USDT,2024-11-01,LONG,0.8686,0.3045,0.3318,5,False,8.9655,0.239,>.80,
JOE/USDT,2024-11-02,LONG,0.5972,0.2947,0.3365,5,False,14.1839,1.0375,.55-.60,1-1.5x
JOE/USDT,2024-11-03,LONG,0.7515,0.2914,0.354,5,False,21.4825,0.3633,.70-.80,
JOE/USDT,2024-11-04,LONG,0.8701,0.2811,0.365,5,False,29.847,1.1426,>.80,1-1.5x
JOE/USDT,2024-11-06,LONG,0.7359,0.3318,0.4381,5,False,32.0374,2.695,.70-.80,2-3x
JOE/USDT,2024-11-07,LONG,0.6336,0.3365,0.4381,4,True,30.1932,0.3236,.60-.70,
JOE/USDT,2024-11-09,LONG,0.7596,0.365,0.4381,2,True,20.0274,0.6847,.70-.80,
JOE/USDT,2024-11-10,LONG,0.6215,0.3799,0.4381,1,True,15.3198,0.9056,.60-.70,
JOE/USDT,2024-11-12,LONG,0.8401,0.3912,0.3719,3,True,-4.9335,1.7839,>.80,1.5-2x
JOE/USDT,2024-11-13,LONG,0.8897,0.366,0.3719,2,True,1.612,1.0338,>.80,1-1.5x
JOE/USDT,2024-11-14,LONG,0.9093,0.3572,0.3719,1,True,4.1153,0.4042,>.80,
JOE/USDT,2024-11-18,LONG,0.7297,0.3911,0.39,3,True,-0.2813,0.3914,.70-.80,
JOE/USDT,2024-11-19,LONG,0.9063,0.3808,0.39,2,True,2.416,0.4218,>.80,
JOE/USDT,2024-11-20,LONG,0.6248,0.3576,0.39,1,True,9.0604,0.9639,.60-.70,
JOE/USDT,2024-11-22,LONG,0.9081,0.4534,0.4372,1,True,-3.573,2.2457,>.80,2-3x
JOE/USDT,2024-11-24,LONG,0.6888,0.5105,0.5185,2,True,1.5671,2.1333,.60-.70,2-3x
JOE/USDT,2024-11-25,LONG,0.9566,0.4947,0.5185,1,True,4.811,0.3885,>.80,
JOE/USDT,2024-11-27,LONG,0.6165,0.5743,0.5491,1,True,-4.388,1.3606,.60-.70,1-1.5x
JOE/USDT,2024-11-30,LONG,0.7603,0.5718,0.6135,2,True,7.2928,0.0216,.70-.80,
JOE/USDT,2024-12-01,LONG,0.59,0.5501,0.6135,1,True,11.5252,0.5004,.55-.60,
JOE/USDT,2024-12-05,LONG,0.8468,0.6005,0.6395,1,True,6.4946,0.5406,>.80,
JOE/USDT,2024-12-08,LONG,0.8618,0.6465,0.5008,1,True,-22.5367,0.5795,>.80,
JOE/USDT,2024-12-10,LONG,0.5892,0.4837,0.5267,1,True,8.8898,0.383,.55-.60,
JOE/USDT,2024-12-12,LONG,0.929,0.5673,0.5218,2,True,-8.0204,0.9207,>.80,
JOE/USDT,2024-12-13,LONG,0.6149,0.5495,0.5218,1,True,-5.0409,0.3754,.60-.70,
JOE/USDT,2024-12-18,LONG,0.7167,0.4376,0.3849,3,True,-12.043,1.5613,.70-.80,1.5-2x
JOE/USDT,2024-12-19,LONG,0.5526,0.4076,0.3849,2,True,-5.5692,0.885,.55-.60,
JOE/USDT,2024-12-20,LONG,0.5557,0.4058,0.3849,1,True,-5.1503,0.057,.55-.60,
JOE/USDT,2024-12-23,LONG,0.7152,0.4126,0.4378,1,True,6.1076,0.9834,.70-.80,
JOE/USDT,2024-12-30,LONG,0.5728,0.3737,0.3655,1,True,-2.1943,0.1539,.55-.60,
JOE/USDT,2025-01-03,LONG,0.5649,0.4108,0.3552,5,False,-13.5346,0.7569,.55-.60,
JOE/USDT,2025-01-05,LONG,0.5507,0.4128,0.349,4,True,-15.4554,0.0438,.55-.60,
JOE/USDT,2025-01-06,LONG,0.5858,0.4091,0.349,3,True,-14.6908,0.1843,.55-.60,
JOE/USDT,2025-01-07,LONG,0.5869,0.3619,0.349,2,True,-3.5645,2.4038,.55-.60,2-3x
JOE/USDT,2025-01-08,LONG,0.5572,0.3552,0.349,1,True,-1.7455,0.4029,.55-.60,
JOE/USDT,2025-01-13,LONG,0.7285,0.3348,0.3711,5,False,10.8423,0.9421,.70-.80,
JOE/USDT,2025-01-15,LONG,0.5807,0.3832,0.3284,5,False,-14.3006,2.2564,.55-.60,2-3x
JOE/USDT,2025-01-16,LONG,0.7695,0.3862,0.3409,5,False,-11.7297,0.1828,.70-.80,
JOE/USDT,2025-01-18,LONG,0.734,0.3711,0.3397,4,True,-8.4613,1.5618,.70-.80,1.5-2x
JOE/USDT,2025-01-19,LONG,0.7703,0.3256,0.3397,3,True,4.3305,2.3282,.70-.80,2-3x
JOE/USDT,2025-01-21,LONG,0.7619,0.3409,0.3397,1,True,-0.352,0.7281,.70-.80,
JOE/USDT,2025-01-23,LONG,0.6746,0.3319,0.3464,3,True,4.3688,0.4552,.60-.70,
JOE/USDT,2025-01-24,LONG,0.7417,0.331,0.3464,2,True,4.6526,0.0538,.70-.80,
JOE/USDT,2025-01-25,LONG,0.5677,0.3379,0.3464,1,True,2.5155,0.4104,.55-.60,
JOE/USDT,2025-01-27,LONG,0.636,0.3193,0.2964,1,True,-7.1719,1.6377,.60-.70,1.5-2x
JOE/USDT,2025-01-30,LONG,0.7609,0.3103,0.2808,2,True,-9.5069,0.1855,.70-.80,
JOE/USDT,2025-02-03,LONG,0.8413,0.2386,0.2211,2,True,-7.3345,0.1494,>.80,
JOE/USDT,2025-02-04,LONG,0.6534,0.2272,0.2211,1,True,-2.6849,0.8455,.60-.70,
JOE/USDT,2025-02-06,LONG,0.9651,0.2055,0.2049,1,True,-0.292,1.2823,>.80,1-1.5x
JOE/USDT,2025-02-09,LONG,0.9038,0.219,0.243,5,False,10.9589,0.0947,>.80,
JOE/USDT,2025-02-11,LONG,0.6309,0.2252,0.2378,4,True,5.595,0.1246,.60-.70,
JOE/USDT,2025-02-12,LONG,0.6134,0.2419,0.2378,3,True,-1.6949,1.3008,.60-.70,1-1.5x
JOE/USDT,2025-02-13,LONG,0.7066,0.238,0.2378,2,True,-0.084,0.2831,.70-.80,
JOE/USDT,2025-02-14,LONG,0.6502,0.243,0.2378,1,True,-2.1399,0.3689,.60-.70,
JOE/USDT,2025-02-16,LONG,0.7193,0.2389,0.2298,2,True,-3.8091,0.0849,.70-.80,
JOE/USDT,2025-02-17,LONG,0.6031,0.239,0.2298,1,True,-3.8494,0.0079,.60-.70,
JOE/USDT,2025-02-19,LONG,0.5869,0.2339,0.2452,4,True,4.8311,0.3421,.55-.60,
JOE/USDT,2025-02-26,LONG,0.6964,0.219,0.215,3,True,-1.8265,0.4722,.60-.70,
JOE/USDT,2025-02-27,LONG,0.6483,0.2233,0.215,2,True,-3.717,0.422,.60-.70,
JOE/USDT,2025-03-02,LONG,0.5907,0.2422,0.2,1,True,-17.4236,2.3813,.55-.60,2-3x
JOE/USDT,2025-03-06,LONG,0.6537,0.2019,0.1725,3,True,-14.5617,0.5181,.60-.70,
JOE/USDT,2025-03-07,LONG,0.7444,0.1962,0.1725,2,True,-12.0795,0.4186,.70-.80,
JOE/USDT,2025-03-15,LONG,0.6697,0.1938,0.1848,5,False,-4.644,0.6945,.60-.70,
JOE/USDT,2025-03-16,LONG,0.6066,0.1831,0.188,5,False,2.6761,0.7672,.60-.70,
JOE/USDT,2025-03-19,LONG,0.7357,0.1961,0.188,2,True,-4.1305,0.4095,.70-.80,
JOE/USDT,2025-03-20,LONG,0.5827,0.1848,0.188,1,True,1.7316,0.7782,.55-.60,
JOE/USDT,2025-03-22,LONG,0.6896,0.1919,0.1954,1,True,1.8239,0.3074,.60-.70,
JOE/USDT,2025-03-26,LONG,0.6969,0.2051,0.1755,3,True,-14.432,0.7513,.60-.70,
JOE/USDT,2025-03-27,LONG,0.7326,0.2054,0.1755,2,True,-14.557,0.0272,.70-.80,
JOE/USDT,2025-03-28,LONG,0.6912,0.185,0.1755,1,True,-5.1351,1.7022,.60-.70,1.5-2x
JOE/USDT,2025-04-03,LONG,0.9718,0.16,0.1611,1,True,0.6875,0.7335,>.80,
ID/USDT,2024-09-09,LONG,0.5523,0.339,0.3464,5,False,2.1829,0.9464,.55-.60,
ID/USDT,2024-09-22,LONG,0.58,0.3779,0.4108,3,True,8.706,0.9499,.55-.60,
ID/USDT,2024-09-28,LONG,0.9829,0.4197,0.3575,3,True,-14.8201,1.1307,>.80,1-1.5x
ID/USDT,2024-09-29,LONG,0.7674,0.4245,0.3575,2,True,-15.7833,0.365,.70-.80,
ID/USDT,2024-09-30,LONG,0.7772,0.3892,0.3575,1,True,-8.1449,2.1963,.70-.80,2-3x
ID/USDT,2024-10-05,LONG,0.6478,0.3586,0.3686,2,True,2.7886,0.0404,.60-.70,
ID/USDT,2024-10-06,LONG,0.5551,0.3697,0.3686,1,True,-0.2975,0.7523,.55-.60,
ID/USDT,2024-10-10,LONG,0.7541,0.3543,0.3727,3,True,5.1933,0.1248,.70-.80,
ID/USDT,2024-10-11,LONG,0.5573,0.3702,0.3727,2,True,0.6753,1.1471,.55-.60,1-1.5x
ID/USDT,2024-10-12,LONG,0.5907,0.3745,0.3727,1,True,-0.4806,0.3008,.55-.60,
ID/USDT,2024-10-18,LONG,0.7006,0.3794,0.4133,2,True,8.9352,0.5295,.70-.80,
ID/USDT,2024-10-19,LONG,0.565,0.3798,0.4133,1,True,8.8204,0.0282,.55-.60,
ID/USDT,2024-10-21,LONG,0.7907,0.3937,0.4158,1,True,5.6134,1.3641,.70-.80,1-1.5x
ID/USDT,2024-10-23,LONG,0.9027,0.3967,0.4236,1,True,6.7809,1.2211,>.80,1-1.5x
ID/USDT,2024-10-25,LONG,0.9454,0.3842,0.3915,1,True,1.9001,2.0493,>.80,2-3x
ID/USDT,2024-10-27,LONG,0.9018,0.401,0.3934,1,True,-1.8953,0.5358,>.80,
ID/USDT,2024-10-29,LONG,0.5747,0.4202,0.4244,1,True,0.9995,1.456,.55-.60,1-1.5x
ID/USDT,2024-11-01,LONG,0.7642,0.4002,0.4036,5,False,0.8496,0.6828,.70-.80,
ID/USDT,2024-11-02,LONG,0.7187,0.3871,0.4077,5,False,5.3216,0.68,.70-.80,
ID/USDT,2024-11-03,LONG,0.6933,0.3677,0.415,5,False,12.8637,1.0691,.60-.70,1-1.5x
ID/USDT,2024-11-04,LONG,0.7837,0.3493,0.4428,5,False,26.7678,1.0473,.70-.80,1-1.5x
ID/USDT,2024-11-05,LONG,0.7117,0.363,0.4642,5,False,27.8788,0.8056,.70-.80,
ID/USDT,2024-11-06,LONG,0.5541,0.4036,0.4842,5,False,19.9703,2.0561,.55-.60,2-3x
ID/USDT,2024-11-09,LONG,0.6293,0.4428,0.4124,5,False,-6.8654,1.2672,.60-.70,1-1.5x
ID/USDT,2024-11-10,LONG,0.5586,0.4642,0.4295,5,False,-7.4752,0.9255,.55-.60,
ID/USDT,2024-11-12,LONG,0.812,0.4424,0.4295,3,True,-2.9159,1.5797,>.80,1.5-2x
ID/USDT,2024-11-13,LONG,0.9217,0.4241,0.4295,2,True,1.2733,0.7705,>.80,
ID/USDT,2024-11-14,LONG,0.7927,0.4124,0.4295,1,True,4.1465,0.5578,.70-.80,
ID/USDT,2024-11-22,LONG,0.6885,0.457,0.4895,3,True,7.1116,0.397,.60-.70,
ID/USDT,2024-11-23,LONG,0.583,0.4812,0.4895,2,True,1.7249,0.9283,.55-.60,
ID/USDT,2024-11-24,LONG,0.5717,0.5131,0.4895,1,True,-4.5995,1.1844,.55-.60,1-1.5x
ID/USDT,2024-11-29,LONG,0.6137,0.5694,0.601,2,True,5.5497,0.4654,.60-.70,
ID/USDT,2024-11-30,LONG,0.5849,0.584,0.601,1,True,2.911,0.4542,.55-.60,
ID/USDT,2024-12-02,LONG,0.5745,0.5897,0.6014,1,True,1.9841,0.3632,.55-.60,
ID/USDT,2024-12-06,LONG,0.583,0.6727,0.544,5,False,-19.1319,0.4884,.55-.60,
ID/USDT,2024-12-07,LONG,0.9133,0.6516,0.5518,5,False,-15.3161,0.6852,>.80,
ID/USDT,2024-12-08,LONG,0.8704,0.6488,0.5425,5,False,-16.3841,0.0987,>.80,
ID/USDT,2024-12-09,LONG,0.8143,0.5317,0.5143,5,False,-3.2725,2.9422,>.80,2-3x
ID/USDT,2024-12-10,LONG,0.775,0.5022,0.5143,4,True,2.4094,0.9192,.70-.80,
ID/USDT,2024-12-11,LONG,0.7953,0.544,0.5143,3,True,-5.4596,1.3514,.70-.80,1-1.5x
ID/USDT,2024-12-12,LONG,0.8921,0.5518,0.5143,2,True,-6.7959,0.233,>.80,
ID/USDT,2024-12-13,LONG,0.6229,0.5425,0.5143,1,True,-5.1982,0.2761,.60-.70,
ID/USDT,2024-12-17,LONG,0.5976,0.4786,0.4017,2,True,-16.0677,1.0551,.55-.60,1-1.5x
ID/USDT,2024-12-20,LONG,0.6517,0.4335,0.451,1,True,4.0369,1.2409,.60-.70,1-1.5x
ID/USDT,2024-12-23,LONG,0.7121,0.4571,0.4556,5,False,-0.3282,0.2986,.70-.80,
ID/USDT,2024-12-24,LONG,0.7276,0.4749,0.4438,5,False,-6.5487,0.615,.70-.80,
ID/USDT,2024-12-27,LONG,0.5695,0.4402,0.4363,4,True,-0.886,0.4265,.55-.60,
ID/USDT,2024-12-29,LONG,0.5736,0.4438,0.4363,2,True,-1.69,0.5015,.55-.60,
ID/USDT,2025-01-02,LONG,0.5831,0.4623,0.4761,2,True,2.9851,0.8549,.55-.60,
ID/USDT,2025-01-03,LONG,0.5602,0.4774,0.4761,1,True,-0.2723,0.696,.55-.60,
ID/USDT,2025-01-05,LONG,0.5584,0.4769,0.4487,5,False,-5.9132,0.0371,.55-.60,
ID/USDT,2025-01-12,LONG,0.5967,0.4297,0.4659,5,False,8.4245,0.7664,.55-.60,
ID/USDT,2025-01-13,LONG,0.6056,0.4163,0.4372,5,False,5.0204,0.9252,.60-.70,
ID/USDT,2025-01-15,LONG,0.6732,0.4484,0.4372,3,True,-2.4978,1.3318,.60-.70,1-1.5x
ID/USDT,2025-01-16,LONG,0.5812,0.4335,0.4372,2,True,0.8535,1.0151,.55-.60,1-1.5x
ID/USDT,2025-01-21,LONG,0.6209,0.4073,0.3892,2,True,-4.4439,0.6735,.60-.70,
ID/USDT,2025-01-22,LONG,0.6374,0.3922,0.3892,1,True,-0.7649,0.8344,.60-.70,
ID/USDT,2025-01-25,LONG,0.5511,0.3774,0.3576,5,False,-5.2464,0.0851,.55-.60,
ID/USDT,2025-01-26,LONG,0.5922,0.3665,0.3578,5,False,-2.3738,0.6696,.55-.60,
ID/USDT,2025-02-10,LONG,0.5844,0.2738,0.2976,4,True,8.6925,0.615,.55-.60,
ID/USDT,2025-02-11,LONG,0.6791,0.2707,0.2976,3,True,9.9372,0.2235,.60-.70,
ID/USDT,2025-02-12,LONG,0.9267,0.3044,0.2976,2,True,-2.2339,2.0834,>.80,2-3x
ID/USDT,2025-02-13,LONG,0.7118,0.2918,0.2976,1,True,1.9877,0.6907,.70-.80,
ID/USDT,2025-02-16,LONG,0.9874,0.3168,0.3089,1,True,-2.4937,1.6903,>.80,1.5-2x
ID/USDT,2025-02-19,LONG,0.9788,0.3091,0.3179,1,True,2.847,0.0,>.80,
ID/USDT,2025-02-21,LONG,0.8744,0.3034,0.3078,1,True,1.4502,0.7185,>.80,
ID/USDT,2025-02-23,LONG,0.9564,0.2985,0.276,3,True,-7.5377,0.5555,>.80,
ID/USDT,2025-02-24,LONG,0.759,0.2681,0.276,2,True,2.9467,1.8367,.70-.80,1.5-2x
ID/USDT,2025-03-03,LONG,0.5808,0.244,0.2342,5,False,-4.0164,2.3577,.55-.60,2-3x
ID/USDT,2025-03-04,LONG,0.5527,0.2363,0.2054,5,False,-13.0766,0.5546,.55-.60,
ID/USDT,2025-03-11,LONG,0.6493,0.2028,0.2277,1,True,12.2781,1.1165,.60-.70,1-1.5x
ID/USDT,2025-03-14,LONG,0.7655,0.2335,0.2667,3,True,14.2184,0.2492,.70-.80,
ID/USDT,2025-03-15,LONG,0.9773,0.2317,0.2667,2,True,15.1057,0.1143,>.80,
ID/USDT,2025-03-16,LONG,0.6842,0.2516,0.2667,1,True,6.0016,1.28,.60-.70,1-1.5x
ID/USDT,2025-03-19,LONG,0.7896,0.2538,0.2574,2,True,1.4184,0.0,.70-.80,
ID/USDT,2025-03-20,LONG,0.8404,0.2668,0.2574,1,True,-3.5232,0.7322,>.80,
ID/USDT,2025-03-23,LONG,0.5797,0.257,0.2534,2,True,-1.4008,0.5987,.55-.60,
ID/USDT,2025-03-26,LONG,0.5812,0.2506,0.2549,1,True,1.7159,0.192,.55-.60,
ID/USDT,2025-03-28,LONG,0.5625,0.2276,0.192,5,False,-15.6415,1.7113,.55-.60,1.5-2x
ID/USDT,2025-03-31,LONG,0.5584,0.2118,0.1899,3,True,-10.3399,0.3059,.55-.60,
ID/USDT,2025-04-06,LONG,0.5672,0.1631,0.1732,4,True,6.1925,2.918,.55-.60,2-3x
ARKM/USDT,2024-10-26,LONG,0.8451,1.532,1.554,1,True,1.436,0.3147,>.80,
ARKM/USDT,2024-10-28,LONG,0.8668,1.578,1.703,1,True,7.9214,0.2352,>.80,
ARKM/USDT,2024-11-01,LONG,0.565,1.677,1.587,1,True,-5.3667,0.7252,.55-.60,
ARKM/USDT,2024-11-03,LONG,0.8496,1.649,1.686,2,True,2.2438,0.8882,>.80,
ARKM/USDT,2024-11-04,LONG,0.8077,1.627,1.686,1,True,3.6263,0.3101,>.80,
ARKM/USDT,2024-11-07,LONG,0.9422,2.324,2.202,1,True,-5.2496,1.2859,>.80,1-1.5x
ARKM/USDT,2024-11-09,LONG,0.8828,2.227,2.384,2,True,7.0498,0.1503,>.80,
ARKM/USDT,2024-11-10,LONG,0.9576,2.207,2.384,1,True,8.0199,0.1213,>.80,
ARKM/USDT,2024-11-12,LONG,0.7868,2.191,2.063,1,True,-5.8421,1.0361,.70-.80,1-1.5x
ARKM/USDT,2024-11-14,LONG,0.9827,1.953,2.154,2,True,10.2919,0.7052,>.80,
ARKM/USDT,2024-11-15,LONG,0.9811,2.065,2.154,1,True,4.3099,0.7528,>.80,
ARKM/USDT,2024-11-18,LONG,0.8424,2.15,2.018,1,True,-6.1395,0.5131,>.80,
ARKM/USDT,2024-11-20,LONG,0.7128,2.07,2.053,2,True,-0.8213,0.3337,.70-.80,
ARKM/USDT,2024-11-21,LONG,0.5882,2.101,2.053,1,True,-2.2846,0.1942,.55-.60,
ARKM/USDT,2024-11-23,LONG,0.7503,2.136,2.214,4,True,3.6517,0.5317,.70-.80,
ARKM/USDT,2024-11-24,LONG,0.5526,2.18,2.214,3,True,1.5596,0.272,.55-.60,
ARKM/USDT,2024-11-26,LONG,0.7711,2.013,2.214,1,True,9.9851,0.7738,.70-.80,
ARKM/USDT,2024-11-28,LONG,0.8512,2.376,2.325,1,True,-2.1465,1.3883,>.80,1-1.5x
ARKM/USDT,2024-12-01,LONG,0.9339,2.339,2.398,2,True,2.5224,0.5933,>.80,
ARKM/USDT,2024-12-08,LONG,0.9229,2.409,1.877,2,True,-22.0839,0.0094,>.80,
ARKM/USDT,2024-12-09,LONG,0.8733,1.936,1.877,1,True,-3.0475,3.18,>.80,3-5x
ARKM/USDT,2024-12-11,LONG,0.7209,2.024,1.995,3,True,-1.4328,1.2176,.70-.80,1-1.5x
ARKM/USDT,2024-12-12,LONG,0.9638,2.076,1.995,2,True,-3.9017,0.3994,>.80,
ARKM/USDT,2024-12-13,LONG,0.7532,2.093,1.995,1,True,-4.6823,0.1285,.70-.80,
ARKM/USDT,2024-12-17,LONG,0.64,1.891,1.704,1,True,-9.8889,0.8493,.60-.70,
ARKM/USDT,2024-12-20,LONG,0.714,1.539,1.438,1,True,-6.5627,0.336,.70-.80,
ARKM/USDT,2024-12-24,LONG,0.5611,1.622,1.576,1,True,-2.836,0.5906,.55-.60,
ARKM/USDT,2024-12-27,LONG,0.6283,1.491,1.43,3,True,-4.0912,0.0696,.60-.70,
ARKM/USDT,2024-12-29,LONG,0.5991,1.459,1.43,1,True,-1.9877,0.9568,.55-.60,
ARKM/USDT,2025-01-02,LONG,0.6499,1.559,1.48,5,False,-5.0674,0.787,.60-.70,
ARKM/USDT,2025-01-03,LONG,0.6223,1.663,1.362,5,False,-18.0998,1.1446,.60-.70,1-1.5x
ARKM/USDT,2025-01-04,LONG,0.6163,1.644,1.341,5,False,-18.4307,0.2003,.60-.70,
ARKM/USDT,2025-01-05,LONG,0.6349,1.688,1.379,5,False,-18.3057,0.4688,.60-.70,
ARKM/USDT,2025-01-08,LONG,0.5707,1.362,1.379,2,True,1.2482,1.4218,.55-.60,1-1.5x
ARKM/USDT,2025-01-09,LONG,0.632,1.341,1.379,1,True,2.8337,0.2763,.60-.70,
ARKM/USDT,2025-01-13,LONG,0.7615,1.274,1.495,4,True,17.3469,1.0106,.70-.80,1-1.5x
ARKM/USDT,2025-01-16,LONG,0.6932,1.381,1.495,1,True,8.2549,0.9469,.60-.70,
ARKM/USDT,2025-01-21,LONG,0.7785,1.229,1.219,1,True,-0.8137,0.5341,.70-.80,
ARKM/USDT,2025-01-24,LONG,0.7616,1.217,1.146,3,True,-5.834,0.0995,.70-.80,
ARKM/USDT,2025-01-26,LONG,0.8198,1.207,1.146,1,True,-5.0539,0.3845,>.80,
ARKM/USDT,2025-01-28,LONG,0.6742,1.041,1.082,1,True,3.9385,1.7649,.60-.70,1.5-2x
ARKM/USDT,2025-01-30,LONG,0.6637,1.141,1.04,2,True,-8.8519,1.0016,.60-.70,1-1.5x
ARKM/USDT,2025-01-31,LONG,0.6631,1.171,1.04,1,True,-11.187,0.4783,.60-.70,
ARKM/USDT,2025-02-06,LONG,0.9834,0.698,0.718,1,True,2.8653,1.5359,>.80,1.5-2x
ARKM/USDT,2025-02-08,LONG,0.62,0.695,0.698,3,True,0.4317,0.5719,.60-.70,
ARKM/USDT,2025-02-09,LONG,0.8643,0.651,0.698,2,True,7.2197,1.1225,>.80,1-1.5x
ARKM/USDT,2025-02-10,LONG,0.5827,0.664,0.698,1,True,5.1205,0.3582,.55-.60,
ARKM/USDT,2025-02-13,LONG,0.7816,0.679,0.688,2,True,1.3255,0.8078,.70-.80,
ARKM/USDT,2025-02-14,LONG,0.8478,0.714,0.688,1,True,-3.6415,0.8454,>.80,
ARKM/USDT,2025-02-17,LONG,0.5974,0.681,0.6438,1,True,-5.4626,0.5486,.55-.60,
ARKM/USDT,2025-02-20,LONG,0.81,0.6704,0.718,3,True,7.1002,0.8821,>.80,
ARKM/USDT,2025-02-21,LONG,0.8468,0.6358,0.718,2,True,12.9286,0.9606,>.80,
ARKM/USDT,2025-02-22,LONG,0.7793,0.7079,0.718,1,True,1.4268,2.1829,.70-.80,2-3x
ARKM/USDT,2025-02-24,LONG,0.8841,0.5977,0.632,5,False,5.7387,2.7125,>.80,2-3x
ARKM/USDT,2025-02-26,LONG,0.5553,0.6389,0.6874,4,True,7.5912,0.7715,.55-.60,
ARKM/USDT,2025-02-28,LONG,0.7545,0.6491,0.6874,2,True,5.9005,0.3769,.70-.80,
ARKM/USDT,2025-03-01,LONG,0.7298,0.632,0.6874,1,True,8.7658,0.4518,.70-.80,
ARKM/USDT,2025-03-04,LONG,0.6573,0.5371,0.5803,1,True,8.0432,0.4547,.60-.70,
ARKM/USDT,2025-03-07,LONG,0.8295,0.5784,0.4582,3,True,-20.7815,0.2845,>.80,
ARKM/USDT,2025-03-08,LONG,0.7017,0.5599,0.4582,2,True,-18.164,0.4265,.70-.80,
ARKM/USDT,2025-03-11,LONG,0.9591,0.5168,0.5236,1,True,1.3158,1.4943,>.80,1-1.5x
ARKM/USDT,2025-03-14,LONG,0.9721,0.5239,0.5412,4,True,3.3022,0.3991,>.80,
ARKM/USDT,2025-03-15,LONG,0.7072,0.5336,0.5412,3,True,1.4243,0.2314,.70-.80,
ARKM/USDT,2025-03-17,LONG,0.858,0.5465,0.5412,1,True,-0.9698,1.2169,>.80,1-1.5x
ARKM/USDT,2025-03-22,LONG,0.631,0.6269,0.6416,2,True,2.3449,1.036,.60-.70,1-1.5x
ARKM/USDT,2025-03-23,LONG,0.8377,0.6228,0.6416,1,True,3.0186,0.1087,>.80,
ARKM/USDT,2025-03-25,LONG,0.8012,0.6389,0.6145,1,True,-3.8191,0.0735,>.80,
ARKM/USDT,2025-04-02,LONG,0.7106,0.4796,0.4987,2,True,3.9825,1.2202,.70-.80,1-1.5x
ARKM/USDT,2025-04-03,LONG,0.7748,0.4926,0.4987,1,True,1.2383,0.562,.70-.80,
ARKM/USDT,2025-04-05,LONG,0.5593,0.4854,0.4345,1,True,-10.4862,0.5743,.55-.60,
WLD/USDT,2024-08-27,LONG,0.6886,1.507,1.494,2,True,-0.8626,1.32,.60-.70,1-1.5x
WLD/USDT,2024-08-28,LONG,0.7035,1.518,1.494,1,True,-1.581,0.1282,.70-.80,
WLD/USDT,2024-08-30,LONG,0.7682,1.524,1.491,1,True,-2.1654,0.3592,.70-.80,
WLD/USDT,2024-09-02,LONG,0.6142,1.477,1.406,1,True,-4.807,0.9977,.60-.70,
WLD/USDT,2024-09-05,LONG,0.5936,1.388,1.469,5,False,5.8357,0.4961,.55-.60,
WLD/USDT,2024-09-07,LONG,0.6471,1.345,1.541,5,False,14.5725,0.128,.60-.70,
WLD/USDT,2024-09-08,LONG,0.6647,1.396,1.52,5,False,8.8825,0.7105,.60-.70,
WLD/USDT,2024-09-09,LONG,0.6419,1.46,1.512,5,False,3.5616,0.8416,.60-.70,
WLD/USDT,2024-09-11,LONG,0.6481,1.375,1.512,3,True,9.9636,1.1692,.60-.70,1-1.5x
WLD/USDT,2024-09-12,LONG,0.5703,1.541,1.512,2,True,-1.8819,2.2577,.55-.60,2-3x
WLD/USDT,2024-09-13,LONG,0.6048,1.52,1.512,1,True,-0.5263,0.2596,.60-.70,
WLD/USDT,2024-09-15,LONG,0.6901,1.473,1.621,5,False,10.0475,0.5346,.60-.70,
WLD/USDT,2024-09-16,LONG,0.6617,1.415,1.646,5,False,16.3251,0.8948,.60-.70,
WLD/USDT,2024-09-17,LONG,0.5624,1.478,1.563,5,False,5.751,0.985,.55-.60,
WLD/USDT,2024-09-18,LONG,0.7414,1.559,1.71,5,False,9.6857,1.1744,.70-.80,1-1.5x
WLD/USDT,2024-09-19,LONG,0.5984,1.598,1.812,5,False,13.3917,0.5348,.55-.60,
WLD/USDT,2024-09-20,LONG,0.553,1.621,2.107,5,False,29.9815,0.3099,.55-.60,
WLD/USDT,2024-09-21,LONG,0.6245,1.646,2.033,5,False,23.5115,0.3514,.60-.70,
WLD/USDT,2024-09-22,LONG,0.7728,1.563,2.115,5,False,35.3167,1.1334,.70-.80,1-1.5x
WLD/USDT,2024-09-24,LONG,0.6358,1.812,2.044,5,False,12.8035,1.2348,.60-.70,1-1.5x
WLD/USDT,2024-09-25,LONG,0.8416,2.107,2.044,4,True,-2.99,2.8181,>.80,2-3x
WLD/USDT,2024-09-26,LONG,0.8689,2.033,2.044,3,True,0.5411,0.6093,>.80,
WLD/USDT,2024-09-27,LONG,0.5914,2.115,2.044,2,True,-3.357,0.6997,.55-.60,
WLD/USDT,2024-09-28,LONG,0.8934,2.011,2.044,1,True,1.641,0.822,>.80,
WLD/USDT,2024-09-30,LONG,0.7947,1.854,1.601,2,True,-13.6462,1.4408,.70-.80,1-1.5x
WLD/USDT,2024-10-01,LONG,0.7269,1.659,1.601,1,True,-3.4961,1.5535,.70-.80,1.5-2x
WLD/USDT,2024-10-11,LONG,0.8238,1.933,2.076,2,True,7.3978,1.8501,>.80,1.5-2x
WLD/USDT,2024-10-12,LONG,0.8687,2.082,2.076,1,True,-0.2882,1.0462,>.80,1-1.5x
WLD/USDT,2024-10-14,LONG,0.5617,2.417,2.458,5,False,1.6963,2.089,.55-.60,2-3x
WLD/USDT,2024-10-15,LONG,0.9197,2.394,2.427,5,False,1.3784,0.1342,>.80,
WLD/USDT,2024-10-17,LONG,0.879,2.13,2.427,3,True,13.9437,0.6631,>.80,
WLD/USDT,2024-10-18,LONG,0.9554,2.369,2.427,2,True,2.4483,1.4842,>.80,1-1.5x
WLD/USDT,2024-10-19,LONG,0.7394,2.458,2.427,1,True,-1.2612,0.4954,.70-.80,
WLD/USDT,2024-10-21,LONG,0.8995,2.272,2.205,3,True,-2.9489,0.9271,>.80,
WLD/USDT,2024-10-22,LONG,0.737,2.304,2.205,2,True,-4.2969,0.2079,.70-.80,
WLD/USDT,2024-10-26,LONG,0.5748,2.011,2.054,2,True,2.1382,0.6595,.55-.60,
WLD/USDT,2024-10-27,LONG,0.558,2.045,2.054,1,True,0.4401,0.2298,.55-.60,
WLD/USDT,2024-10-29,LONG,0.5682,2.102,2.003,1,True,-4.7098,0.33,.55-.60,
WLD/USDT,2024-11-02,LONG,0.5771,1.81,1.772,3,True,-2.0994,0.5875,.55-.60,
WLD/USDT,2024-11-03,LONG,0.6176,1.728,1.772,2,True,2.5463,0.89,.60-.70,
WLD/USDT,2024-11-04,LONG,0.608,1.658,1.772,1,True,6.8758,0.7914,.60-.70,
WLD/USDT,2024-11-09,LONG,0.7566,2.078,2.494,2,True,20.0192,1.4589,.70-.80,1-1.5x
WLD/USDT,2024-11-12,LONG,0.8563,2.455,2.301,3,True,-6.2729,0.229,>.80,
WLD/USDT,2024-11-13,LONG,0.8913,2.303,2.301,2,True,-0.0868,0.887,>.80,
WLD/USDT,2024-11-14,LONG,0.938,2.183,2.301,1,True,5.4054,0.8167,>.80,
WLD/USDT,2024-11-18,LONG,0.8501,2.397,2.29,1,True,-4.4639,1.107,>.80,1-1.5x
WLD/USDT,2024-11-22,LONG,0.7883,2.256,2.553,5,False,13.1649,0.1296,.70-.80,
WLD/USDT,2024-11-23,LONG,0.693,2.446,2.553,4,True,4.3745,1.2149,.60-.70,1-1.5x
WLD/USDT,2024-11-24,LONG,0.5942,2.549,2.553,3,True,0.1569,0.6193,.55-.60,
WLD/USDT,2024-11-25,LONG,0.8504,2.44,2.553,2,True,4.6311,0.6226,>.80,
WLD/USDT,2024-11-26,LONG,0.8442,2.35,2.553,1,True,8.6383,0.5634,>.80,
WLD/USDT,2024-11-28,LONG,0.9016,2.944,2.923,1,True,-0.7133,2.097,>.80,2-3x
WLD/USDT,2024-12-01,LONG,0.9036,3.401,3.298,3,True,-3.0285,0.7537,>.80,
WLD/USDT,2024-12-03,LONG,0.6062,3.296,3.298,1,True,0.0607,0.0566,.60-.70,
WLD/USDT,2024-12-07,LONG,0.7842,3.768,2.924,2,True,-22.3992,0.473,.70-.80,
WLD/USDT,2024-12-08,LONG,0.8344,3.81,2.924,1,True,-23.2546,0.1379,>.80,
WLD/USDT,2024-12-11,LONG,0.6798,3.132,3.079,1,True,-1.6922,1.0772,.60-.70,1-1.5x
WLD/USDT,2024-12-13,LONG,0.7053,3.087,2.925,1,True,-5.2478,0.0266,.70-.80,
WLD/USDT,2024-12-17,LONG,0.601,2.709,2.412,1,True,-10.9635,0.5533,.60-.70,
WLD/USDT,2024-12-20,LONG,0.6574,2.365,2.182,1,True,-7.7378,0.9988,.60-.70,
WLD/USDT,2024-12-22,LONG,0.7142,2.216,2.324,1,True,4.8736,0.1906,.70-.80,
WLD/USDT,2024-12-27,LONG,0.6489,2.186,2.231,1,True,2.0586,0.0061,.60-.70,
WLD/USDT,2024-12-29,LONG,0.5729,2.107,2.411,5,False,14.4281,0.9717,.55-.60,
WLD/USDT,2024-12-30,LONG,0.5657,2.078,2.381,5,False,14.5813,0.2412,.55-.60,
WLD/USDT,2025-01-05,LONG,0.565,2.41,2.618,1,True,8.6307,0.2312,.55-.60,
WLD/USDT,2025-01-08,LONG,0.5516,2.201,2.162,2,True,-1.7719,1.0184,.55-.60,1-1.5x
WLD/USDT,2025-01-09,LONG,0.6641,2.119,2.162,1,True,2.0293,0.7456,.60-.70,
WLD/USDT,2025-01-13,LONG,0.7019,1.961,2.146,5,False,9.434,1.7566,.70-.80,1.5-2x
WLD/USDT,2025-01-14,LONG,0.5509,2.037,2.146,4,True,5.351,0.7715,.55-.60,
WLD/USDT,2025-01-16,LONG,0.6662,2.148,2.146,2,True,-0.0931,0.5497,.60-.70,
WLD/USDT,2025-01-20,LONG,0.6878,1.894,2.315,2,True,22.2281,0.1111,.60-.70,
WLD/USDT,2025-01-21,LONG,0.7514,2.129,2.315,1,True,8.7365,1.8783,.70-.80,1.5-2x
WLD/USDT,2025-01-24,LONG,0.7842,2.134,1.906,3,True,-10.6842,0.8142,.70-.80,
WLD/USDT,2025-01-25,LONG,0.85,2.099,1.906,2,True,-9.1949,0.2379,>.80,
WLD/USDT,2025-01-28,LONG,0.6614,1.633,1.774,3,True,8.6344,2.0833,.60-.70,2-3x
WLD/USDT,2025-01-30,LONG,0.6361,1.768,1.774,1,True,0.3394,0.3463,.60-.70,
WLD/USDT,2025-02-03,LONG,0.6337,1.421,1.288,2,True,-9.3596,0.2665,.60-.70,
WLD/USDT,2025-02-04,LONG,0.5674,1.314,1.288,1,True,-1.9787,1.0372,.55-.60,1-1.5x
WLD/USDT,2025-02-11,LONG,0.6484,1.245,1.285,1,True,3.2129,0.2182,.60-.70,
WLD/USDT,2025-02-13,LONG,0.624,1.225,1.233,2,True,0.6531,0.8333,.60-.70,
WLD/USDT,2025-02-14,LONG,0.6797,1.295,1.233,1,True,-4.7876,0.9682,.60-.70,
WLD/USDT,2025-02-16,LONG,0.6214,1.22,1.204,1,True,-1.3115,0.1794,.60-.70,
WLD/USDT,2025-02-20,LONG,0.6845,1.201,1.182,1,True,-1.582,1.1887,.60-.70,1-1.5x
WLD/USDT,2025-02-22,LONG,0.5796,1.257,1.054,2,True,-16.1496,1.5115,.55-.60,1.5-2x
WLD/USDT,2025-02-23,LONG,0.6861,1.239,1.054,1,True,-14.9314,0.344,.60-.70,
WLD/USDT,2025-02-28,LONG,0.8167,1.111,0.976,5,False,-12.1512,0.7563,>.80,
WLD/USDT,2025-03-01,LONG,0.7544,1.106,0.976,4,True,-11.7541,0.0896,.70-.80,
WLD/USDT,2025-03-02,LONG,0.6053,1.213,0.976,3,True,-19.5383,1.7712,.60-.70,1.5-2x
WLD/USDT,2025-03-03,LONG,0.7774,1.048,0.976,2,True,-6.8702,2.1772,.70-.80,2-3x
WLD/USDT,2025-03-08,LONG,0.5911,0.889,0.796,1,True,-10.4612,0.7897,.55-.60,
WLD/USDT,2025-03-11,LONG,0.8146,0.799,0.842,1,True,5.3817,0.8092,>.80,
WLD/USDT,2025-03-14,LONG,0.7628,0.87,0.8956,5,False,2.9425,0.5344,.70-.80,
WLD/USDT,2025-03-15,LONG,0.8056,0.877,0.8956,4,True,2.1209,0.12,>.80,
WLD/USDT,2025-03-17,LONG,0.5597,0.8719,0.8956,2,True,2.7182,0.7929,.55-.60,
WLD/USDT,2025-03-18,LONG,0.5531,0.8371,0.8956,1,True,6.9884,0.66,.55-.60,
WLD/USDT,2025-03-20,LONG,0.6667,0.8574,0.8264,2,True,-3.6156,0.6845,.60-.70,
WLD/USDT,2025-03-21,LONG,0.7042,0.8159,0.8264,1,True,1.2869,0.7702,.70-.80,
WLD/USDT,2025-03-23,LONG,0.7735,0.8293,0.9293,3,True,12.0584,0.0693,.70-.80,
WLD/USDT,2025-03-24,LONG,0.6336,0.9043,0.9293,2,True,2.7646,1.7783,.60-.70,1.5-2x
WLD/USDT,2025-03-25,LONG,0.565,0.9335,0.9293,1,True,-0.4499,0.6356,.55-.60,
WLD/USDT,2025-03-27,LONG,0.7562,0.9485,0.8409,1,True,-11.3442,0.4088,.70-.80,
WLD/USDT,2025-03-29,LONG,0.6403,0.7792,0.779,1,True,-0.0257,1.3842,.60-.70,1-1.5x
WLD/USDT,2025-04-02,LONG,0.5618,0.7242,0.76,2,True,4.9434,1.7978,.55-.60,1.5-2x
WLD/USDT,2025-04-03,LONG,0.6633,0.7519,0.76,1,True,1.0773,0.7042,.60-.70,
BLUR/USDT,2024-08-29,LONG,0.655,0.1625,0.1472,3,True,-9.4154,0.2017,.60-.70,
BLUR/USDT,2024-08-30,LONG,0.6466,0.1611,0.1472,2,True,-8.6282,0.1563,.60-.70,
BLUR/USDT,2024-08-31,LONG,0.655,0.1571,0.1472,1,True,-6.3017,0.4731,.60-.70,
BLUR/USDT,2024-09-02,LONG,0.5674,0.1546,0.1478,1,True,-4.3984,1.0171,.55-.60,1-1.5x
BLUR/USDT,2024-09-07,LONG,0.5848,0.1651,0.1732,1,True,4.9061,0.8576,.55-.60,
BLUR/USDT,2024-09-11,LONG,0.5542,0.174,0.1813,3,True,4.1954,0.9324,.55-.60,
BLUR/USDT,2024-09-13,LONG,0.5528,0.1852,0.1813,1,True,-2.1058,0.0497,.55-.60,
BLUR/USDT,2024-09-15,LONG,0.5694,0.1777,0.2056,4,True,15.7006,0.4969,.55-.60,
BLUR/USDT,2024-09-16,LONG,0.5567,0.1702,0.2056,3,True,20.7991,1.1058,.55-.60,1-1.5x
BLUR/USDT,2024-09-18,LONG,0.7063,0.2015,0.2056,1,True,2.0347,3.1394,.70-.80,3-5x
BLUR/USDT,2024-09-21,LONG,0.7788,0.2201,0.2409,5,False,9.4502,0.2012,.70-.80,
BLUR/USDT,2024-09-22,LONG,0.7541,0.209,0.2409,4,True,15.2632,0.9853,.70-.80,
BLUR/USDT,2024-09-23,LONG,0.5681,0.2187,0.2409,3,True,10.1509,0.9369,.55-.60,
BLUR/USDT,2024-09-24,LONG,0.7623,0.2363,0.2409,2,True,1.9467,1.5802,.70-.80,1.5-2x
BLUR/USDT,2024-09-25,LONG,0.5742,0.2337,0.2409,1,True,3.0809,0.2138,.55-.60,
BLUR/USDT,2024-09-27,LONG,0.6272,0.2426,0.2369,1,True,-2.3495,0.1375,.60-.70,
BLUR/USDT,2024-09-29,LONG,0.569,0.2453,0.2232,1,True,-9.0094,0.6858,.55-.60,
BLUR/USDT,2024-10-03,LONG,0.595,0.1944,0.2266,4,True,16.5638,0.9591,.55-.60,
BLUR/USDT,2024-10-04,LONG,0.7041,0.2185,0.2266,3,True,3.7071,1.9455,.70-.80,1.5-2x
BLUR/USDT,2024-10-05,LONG,0.7006,0.2226,0.2266,2,True,1.7969,0.2964,.70-.80,
BLUR/USDT,2024-10-06,LONG,0.6034,0.2257,0.2266,1,True,0.3988,0.2248,.60-.70,
BLUR/USDT,2024-10-08,LONG,0.5739,0.233,0.2134,1,True,-8.412,0.5443,.55-.60,
BLUR/USDT,2024-10-10,LONG,0.6292,0.2133,0.2259,1,True,5.9072,0.0089,.60-.70,
BLUR/USDT,2024-10-13,LONG,0.778,0.2502,0.2572,1,True,2.7978,1.1847,.70-.80,1-1.5x
BLUR/USDT,2024-10-15,LONG,0.7416,0.246,0.245,2,True,-0.4065,0.8249,.70-.80,
BLUR/USDT,2024-10-16,LONG,0.7876,0.2401,0.245,1,True,2.0408,0.4547,.70-.80,
BLUR/USDT,2024-10-18,LONG,0.7487,0.2472,0.2419,1,True,-2.144,0.1708,.70-.80,
BLUR/USDT,2024-10-20,LONG,0.709,0.2848,0.265,1,True,-6.9522,2.8928,.70-.80,2-3x
BLUR/USDT,2024-10-22,LONG,0.5564,0.2636,0.2526,2,True,-4.173,0.0854,.55-.60,
BLUR/USDT,2024-10-23,LONG,0.8886,0.2527,0.2526,1,True,-0.0396,0.677,>.80,
BLUR/USDT,2024-10-26,LONG,0.8402,0.2249,0.2176,5,False,-3.2459,0.0799,>.80,
BLUR/USDT,2024-10-29,LONG,0.6098,0.2358,0.1922,5,False,-18.4902,0.8376,.60-.70,
BLUR/USDT,2024-10-30,LONG,0.7004,0.2355,0.1831,5,False,-22.2505,0.0218,.70-.80,
BLUR/USDT,2024-11-01,LONG,0.7578,0.2127,0.2199,5,False,3.385,0.3803,.70-.80,
BLUR/USDT,2024-11-02,LONG,0.6593,0.2033,0.2192,5,False,7.821,0.7667,.60-.70,
BLUR/USDT,2024-11-04,LONG,0.5838,0.1831,0.2324,5,False,26.9252,0.8172,.55-.60,
BLUR/USDT,2024-11-05,LONG,0.5833,0.198,0.2413,5,False,21.8687,1.3216,.55-.60,1-1.5x
BLUR/USDT,2024-11-06,LONG,0.7668,0.2199,0.2413,4,True,9.7317,1.655,.70-.80,1.5-2x
BLUR/USDT,2024-11-07,LONG,0.6047,0.2192,0.2413,3,True,10.0821,0.0477,.60-.70,
BLUR/USDT,2024-11-08,LONG,0.7691,0.218,0.2413,2,True,10.6881,0.0821,.70-.80,
BLUR/USDT,2024-11-09,LONG,0.7971,0.2324,0.2413,1,True,3.8296,1.2169,.70-.80,1-1.5x
BLUR/USDT,2024-11-11,LONG,0.9476,0.2761,0.2374,4,True,-14.0167,2.3022,>.80,2-3x
BLUR/USDT,2024-11-12,LONG,0.7974,0.2563,0.2374,3,True,-7.3742,1.1178,.70-.80,1-1.5x
BLUR/USDT,2024-11-13,LONG,0.9195,0.2395,0.2374,2,True,-0.8768,0.994,>.80,
BLUR/USDT,2024-11-14,LONG,0.9726,0.2258,0.2374,1,True,5.1373,0.912,>.80,
BLUR/USDT,2024-11-22,LONG,0.808,0.2634,0.3277,5,False,24.4115,0.7289,>.80,
BLUR/USDT,2024-11-23,LONG,0.6978,0.2877,0.3172,5,False,10.2537,1.3169,.60-.70,1-1.5x
BLUR/USDT,2024-11-24,LONG,0.6255,0.334,0.3172,4,True,-5.0299,2.1618,.60-.70,2-3x
BLUR/USDT,2024-11-25,LONG,0.8903,0.3279,0.3172,3,True,-3.2632,0.2456,>.80,
BLUR/USDT,2024-11-26,LONG,0.8803,0.3137,0.3172,2,True,1.1157,0.5905,>.80,
BLUR/USDT,2024-11-27,LONG,0.7083,0.3277,0.3172,1,True,-3.2042,0.6088,.70-.80,
BLUR/USDT,2024-11-29,LONG,0.8683,0.3281,0.4154,5,False,26.6077,0.468,>.80,
BLUR/USDT,2024-11-30,LONG,0.6333,0.3695,0.4168,5,False,12.8011,1.6362,.60-.70,1.5-2x
BLUR/USDT,2024-12-01,LONG,0.5659,0.3885,0.4376,5,False,12.6384,0.7127,.55-.60,
BLUR/USDT,2024-12-04,LONG,0.675,0.4154,0.4206,3,True,1.2518,0.6886,.60-.70,
BLUR/USDT,2024-12-05,LONG,0.6715,0.4168,0.4206,2,True,0.9117,0.0536,.60-.70,
BLUR/USDT,2024-12-06,LONG,0.576,0.4376,0.4206,1,True,-3.8848,0.8271,.55-.60,
BLUR/USDT,2024-12-12,LONG,0.8435,0.3918,0.392,3,True,0.051,1.3097,>.80,1-1.5x
BLUR/USDT,2024-12-13,LONG,0.6261,0.3839,0.392,2,True,2.1099,0.292,.60-.70,
BLUR/USDT,2024-12-18,LONG,0.61,0.2942,0.2686,1,True,-8.7016,1.7744,.60-.70,1.5-2x
BLUR/USDT,2024-12-20,LONG,0.8434,0.2724,0.2553,1,True,-6.2775,0.2187,>.80,
BLUR/USDT,2024-12-23,LONG,0.7469,0.2679,0.2693,2,True,0.5226,0.7603,.70-.80,
BLUR/USDT,2024-12-29,LONG,0.6104,0.2485,0.2476,1,True,-0.3622,0.8508,.60-.70,
BLUR/USDT,2025-01-02,LONG,0.5967,0.2584,0.2746,2,True,6.2693,0.6373,.55-.60,
BLUR/USDT,2025-01-03,LONG,0.593,0.276,0.2746,1,True,-0.5072,1.2289,.55-.60,1-1.5x
BLUR/USDT,2025-01-05,LONG,0.5724,0.2714,0.2297,5,False,-15.3648,0.2154,.55-.60,
BLUR/USDT,2025-01-06,LONG,0.5608,0.2751,0.2297,4,True,-16.5031,0.2628,.55-.60,
BLUR/USDT,2025-01-09,LONG,0.5574,0.2252,0.2297,1,True,1.9982,0.8326,.55-.60,
BLUR/USDT,2025-01-13,LONG,0.6361,0.2092,0.221,5,False,5.6405,1.4478,.60-.70,1-1.5x
BLUR/USDT,2025-01-16,LONG,0.595,0.2237,0.221,2,True,-1.207,0.716,.55-.60,
BLUR/USDT,2025-01-21,LONG,0.6871,0.2053,0.1949,5,False,-5.0658,0.514,.60-.70,
BLUR/USDT,2025-01-22,LONG,0.6557,0.1965,0.1867,5,False,-4.9873,0.8068,.60-.70,
BLUR/USDT,2025-01-23,LONG,0.6235,0.197,0.1723,5,False,-12.5381,0.0511,.60-.70,
BLUR/USDT,2025-01-24,LONG,0.6603,0.1921,0.1766,5,False,-8.0687,0.4994,.60-.70,
BLUR/USDT,2025-01-28,LONG,0.63,0.1723,0.1766,1,True,2.4956,1.6163,.60-.70,1.5-2x
BLUR/USDT,2025-01-30,LONG,0.6501,0.1844,0.1673,2,True,-9.2733,0.8977,.60-.70,
BLUR/USDT,2025-01-31,LONG,0.6511,0.1862,0.1673,1,True,-10.1504,0.1977,.60-.70,
BLUR/USDT,2025-02-03,LONG,0.687,0.1488,0.1328,2,True,-10.7527,0.6144,.60-.70,
BLUR/USDT,2025-02-06,LONG,0.9544,0.1274,0.131,1,True,2.8257,0.7597,>.80,
BLUR/USDT,2025-02-10,LONG,0.7819,0.1405,0.1455,2,True,3.5587,0.8251,.70-.80,
BLUR/USDT,2025-02-11,LONG,0.7081,0.1356,0.1455,1,True,7.3009,0.6705,.70-.80,
BLUR/USDT,2025-02-13,LONG,0.5743,0.1404,0.1394,2,True,-0.7123,0.6279,.55-.60,
BLUR/USDT,2025-02-14,LONG,0.7315,0.1439,0.1394,1,True,-3.1272,0.4464,.70-.80,
BLUR/USDT,2025-02-16,LONG,0.727,0.1403,0.1403,1,True,0.0,0.1157,.70-.80,
BLUR/USDT,2025-02-23,LONG,0.585,0.147,0.1302,1,True,-11.4286,0.419,.55-.60,
BLUR/USDT,2025-02-25,LONG,0.6896,0.1322,0.1323,1,True,0.0756,0.348,.60-.70,
BLUR/USDT,2025-02-28,LONG,0.6744,0.1318,0.1208,5,False,-8.346,0.3214,.60-.70,
BLUR/USDT,2025-03-01,LONG,0.7775,0.1294,0.1208,4,True,-6.6461,0.4329,.70-.80,
BLUR/USDT,2025-03-02,LONG,0.6093,0.1399,0.1208,3,True,-13.6526,1.8057,.60-.70,1.5-2x
BLUR/USDT,2025-03-03,LONG,0.723,0.1201,0.1208,2,True,0.5828,2.5891,.70-.80,2-3x
BLUR/USDT,2025-03-08,LONG,0.5705,0.1151,0.1029,1,True,-10.5995,0.3479,.55-.60,
BLUR/USDT,2025-03-11,LONG,0.795,0.1018,0.1034,1,True,1.5717,1.0301,.70-.80,1-1.5x
BLUR/USDT,2025-03-14,LONG,0.8054,0.1044,0.1055,4,True,1.0536,0.512,>.80,
BLUR/USDT,2025-03-15,LONG,0.6259,0.108,0.1055,3,True,-2.3148,0.6056,.60-.70,
BLUR/USDT,2025-03-16,LONG,0.5575,0.1024,0.1055,2,True,3.0273,0.9841,.55-.60,
BLUR/USDT,2025-03-17,LONG,0.6447,0.1073,0.1055,1,True,-1.6775,0.8859,.60-.70,
BLUR/USDT,2025-03-20,LONG,0.6372,0.1075,0.106,1,True,-1.3953,0.4738,.60-.70,
BLUR/USDT,2025-03-23,LONG,0.8487,0.1137,0.1111,5,False,-2.2867,0.951,>.80,
BLUR/USDT,2025-03-24,LONG,0.6326,0.1181,0.1038,5,False,-12.1084,0.8831,.60-.70,
BLUR/USDT,2025-03-26,LONG,0.9236,0.1169,0.1033,4,True,-11.6339,0.5416,>.80,
BLUR/USDT,2025-03-27,LONG,0.6856,0.124,0.1033,3,True,-16.6935,1.3435,.60-.70,1-1.5x
BLUR/USDT,2025-03-28,LONG,0.6547,0.1111,0.1033,2,True,-7.0207,2.0358,.60-.70,2-3x
BLUR/USDT,2025-03-29,LONG,0.8033,0.1038,0.1033,1,True,-0.4817,1.3867,>.80,1-1.5x
BLUR/USDT,2025-04-02,LONG,0.6575,0.0974,0.1007,1,True,3.3881,1.6987,.60-.70,1.5-2x
BLUR/USDT,2025-04-05,LONG,0.5735,0.1003,0.0905,1,True,-9.7707,0.2669,.55-.60,
ZRO/USDT,2024-09-04,LONG,0.5717,3.339,3.2,2,True,-4.1629,0.0264,.55-.60,
ZRO/USDT,2024-09-05,LONG,0.5824,3.223,3.2,1,True,-0.7136,0.6069,.55-.60,
ZRO/USDT,2024-09-17,LONG,0.6519,4.039,4.27,2,True,5.7192,0.7179,.60-.70,
ZRO/USDT,2024-09-18,LONG,0.6312,4.229,4.27,1,True,0.9695,1.0269,.60-.70,1-1.5x
ZRO/USDT,2024-09-20,LONG,0.7241,4.23,4.124,3,True,-2.5059,0.2064,.70-.80,
ZRO/USDT,2024-09-22,LONG,0.7244,4.203,4.124,1,True,-1.8796,1.0042,.70-.80,1-1.5x
ZRO/USDT,2024-09-24,LONG,0.6034,4.297,4.422,1,True,2.909,1.2816,.60-.70,1-1.5x
ZRO/USDT,2024-09-28,LONG,0.7954,5.006,4.568,2,True,-8.7495,0.1019,.70-.80,
ZRO/USDT,2024-09-29,LONG,0.8283,5.017,4.568,1,True,-8.9496,0.0547,>.80,
ZRO/USDT,2024-10-01,LONG,0.5712,4.372,4.236,5,False,-3.1107,0.8864,.55-.60,
ZRO/USDT,2024-10-03,LONG,0.6033,3.943,4.225,4,True,7.1519,0.8751,.60-.70,
ZRO/USDT,2024-10-04,LONG,0.7917,4.193,4.225,3,True,0.7632,1.2259,.70-.80,1-1.5x
ZRO/USDT,2024-10-05,LONG,0.6587,4.105,4.225,2,True,2.9233,0.4112,.60-.70,
ZRO/USDT,2024-10-06,LONG,0.7449,4.236,4.225,1,True,-0.2597,0.6328,.70-.80,
ZRO/USDT,2024-10-10,LONG,0.6464,3.873,4.233,4,True,9.2951,0.2229,.60-.70,
ZRO/USDT,2024-10-11,LONG,0.5686,4.065,4.233,3,True,4.1328,0.9733,.55-.60,
ZRO/USDT,2024-10-12,LONG,0.7199,4.111,4.233,2,True,2.9676,0.2259,.70-.80,
ZRO/USDT,2024-10-13,LONG,0.5828,3.97,4.233,1,True,6.6247,0.6788,.55-.60,
ZRO/USDT,2024-10-18,LONG,0.732,3.898,3.853,3,True,-1.1544,0.8238,.70-.80,
ZRO/USDT,2024-10-20,LONG,0.7448,4.07,3.853,1,True,-5.3317,1.4448,.70-.80,1-1.5x
ZRO/USDT,2024-10-26,LONG,0.6746,3.477,3.488,2,True,0.3164,1.218,.60-.70,1-1.5x
ZRO/USDT,2024-11-03,LONG,0.578,3.096,3.636,5,False,17.4419,0.5422,.55-.60,
ZRO/USDT,2024-11-04,LONG,0.566,3.006,3.795,5,False,26.2475,0.7027,.55-.60,
ZRO/USDT,2024-11-06,LONG,0.6918,3.513,4.06,5,False,15.5707,2.5736,.60-.70,2-3x
ZRO/USDT,2024-11-07,LONG,0.6619,3.671,4.06,4,True,10.5966,0.8527,.60-.70,
ZRO/USDT,2024-11-08,LONG,0.6762,3.636,4.06,3,True,11.6612,0.181,.60-.70,
ZRO/USDT,2024-11-09,LONG,0.7253,3.795,4.06,2,True,6.9829,0.8443,.70-.80,
ZRO/USDT,2024-11-10,LONG,0.6118,3.854,4.06,1,True,5.3451,0.3079,.60-.70,
ZRO/USDT,2024-11-12,LONG,0.7484,3.719,3.538,3,True,-4.8669,1.527,.70-.80,1.5-2x
ZRO/USDT,2024-11-13,LONG,0.8645,3.657,3.538,2,True,-3.254,0.3023,>.80,
ZRO/USDT,2024-11-14,LONG,0.8625,3.409,3.538,1,True,3.7841,1.3095,>.80,1-1.5x
ZRO/USDT,2024-11-22,LONG,0.7715,3.714,4.357,3,True,17.3129,0.5723,.70-.80,
ZRO/USDT,2024-11-23,LONG,0.7048,3.902,4.357,2,True,11.6607,0.9198,.70-.80,
ZRO/USDT,2024-11-24,LONG,0.5696,4.502,4.357,1,True,-3.2208,2.4657,.55-.60,2-3x
ZRO/USDT,2024-11-26,LONG,0.7061,4.377,4.75,2,True,8.5218,0.08,.70-.80,
ZRO/USDT,2024-11-27,LONG,0.603,4.89,4.75,1,True,-2.863,1.9008,.60-.70,1.5-2x
ZRO/USDT,2024-11-29,LONG,0.6314,4.854,6.298,2,True,29.7487,0.3538,.60-.70,
ZRO/USDT,2024-11-30,LONG,0.5718,4.929,6.298,1,True,27.7744,0.2497,.55-.60,
ZRO/USDT,2024-12-02,LONG,0.8141,6.296,6.309,3,True,0.2065,0.0039,>.80,
ZRO/USDT,2024-12-03,LONG,0.7752,6.106,6.309,2,True,3.3246,0.3677,.70-.80,
ZRO/USDT,2024-12-04,LONG,0.9749,6.231,6.309,1,True,1.2518,0.2594,>.80,
ZRO/USDT,2024-12-09,LONG,0.9746,5.876,6.174,1,True,5.0715,1.247,>.80,1-1.5x
ZRO/USDT,2024-12-11,LONG,0.8195,6.823,6.636,2,True,-2.7407,1.2007,>.80,1-1.5x
ZRO/USDT,2024-12-12,LONG,0.8777,6.779,6.636,1,True,-2.1095,0.0732,>.80,
ZRO/USDT,2024-12-16,LONG,0.6897,6.54,5.652,4,True,-13.578,0.7337,.60-.70,
ZRO/USDT,2024-12-17,LONG,0.7424,6.571,5.652,3,True,-13.9857,0.056,.70-.80,
ZRO/USDT,2024-12-18,LONG,0.7796,6.002,5.652,2,True,-5.8314,0.9924,.70-.80,
ZRO/USDT,2024-12-24,LONG,0.5928,5.894,5.462,3,True,-7.3295,0.552,.55-.60,
ZRO/USDT,2024-12-29,LONG,0.5883,5.255,5.784,5,False,10.0666,0.8874,.55-.60,
ZRO/USDT,2024-12-30,LONG,0.5666,5.096,5.76,5,False,13.0298,0.533,.55-.60,
ZRO/USDT,2025-01-03,LONG,0.5747,5.784,5.76,1,True,-0.4149,1.2527,.55-.60,1-1.5x
ZRO/USDT,2025-01-13,LONG,0.6316,4.294,4.6,5,False,7.1262,1.3973,.60-.70,1-1.5x
ZRO/USDT,2025-01-16,LONG,0.5843,4.618,4.6,2,True,-0.3898,0.624,.55-.60,
ZRO/USDT,2025-01-21,LONG,0.6107,4.254,3.741,5,False,-12.0592,0.6119,.60-.70,
ZRO/USDT,2025-01-22,LONG,0.5721,4.004,3.813,5,False,-4.7702,1.0012,.55-.60,1-1.5x
ZRO/USDT,2025-01-23,LONG,0.6984,4.035,3.813,4,True,-5.5019,0.1391,.60-.70,
ZRO/USDT,2025-01-24,LONG,0.6184,3.805,3.813,3,True,0.2102,1.0122,.60-.70,1-1.5x
ZRO/USDT,2025-01-26,LONG,0.6594,3.741,3.813,1,True,1.9246,0.7095,.60-.70,
ZRO/USDT,2025-01-28,LONG,0.5887,3.406,3.488,1,True,2.4075,1.9264,.55-.60,1.5-2x
ZRO/USDT,2025-01-31,LONG,0.6468,3.765,3.313,1,True,-12.0053,0.5784,.60-.70,
ZRO/USDT,2025-02-03,LONG,0.5507,2.989,2.722,2,True,-8.9328,0.2689,.55-.60,
ZRO/USDT,2025-02-06,LONG,0.8592,2.586,2.669,1,True,3.2096,0.9085,>.80,
ZRO/USDT,2025-02-10,LONG,0.6425,2.9,2.994,5,False,3.2414,1.0969,.60-.70,1-1.5x
ZRO/USDT,2025-02-11,LONG,0.6686,2.89,2.994,4,True,3.5986,0.0632,.60-.70,
ZRO/USDT,2025-02-12,LONG,0.5793,3.053,2.994,3,True,-1.9325,0.9955,.55-.60,
ZRO/USDT,2025-02-13,LONG,0.6303,2.946,2.994,2,True,1.6293,0.6264,.60-.70,
ZRO/USDT,2025-02-14,LONG,0.6782,3.128,2.994,1,True,-4.2839,1.0688,.60-.70,1-1.5x
ZRO/USDT,2025-02-16,LONG,0.652,2.895,2.957,1,True,2.1416,0.5731,.60-.70,
ZRO/USDT,2025-02-19,LONG,0.5832,2.932,3.054,1,True,4.161,0.3191,.55-.60,
ZRO/USDT,2025-02-28,LONG,0.679,2.667,2.566,1,True,-3.787,0.2205,.60-.70,
ZRO/USDT,2025-03-11,LONG,0.7084,1.671,1.805,1,True,8.0192,0.5973,.70-.80,
ZRO/USDT,2025-03-14,LONG,0.7689,1.771,2.267,1,True,28.0068,0.3787,.70-.80,
ZRO/USDT,2025-03-18,LONG,0.9872,2.412,3.193,3,True,32.3798,0.0782,>.80,
ZRO/USDT,2025-03-19,LONG,0.8494,2.519,3.193,2,True,26.7566,0.466,>.80,
ZRO/USDT,2025-03-20,LONG,0.6889,2.636,3.193,1,True,21.1305,0.4854,.60-.70,
ZRO/USDT,2025-03-24,LONG,0.9812,2.841,3.032,1,True,6.723,0.0758,>.80,
ZRO/USDT,2025-03-27,LONG,0.9449,3.13,2.838,3,True,-9.3291,0.4926,>.80,
ZRO/USDT,2025-03-29,LONG,0.5746,2.547,2.838,1,True,11.4252,1.0634,.55-.60,1-1.5x
ZRO/USDT,2025-03-31,LONG,0.5893,2.807,2.824,3,True,0.6056,0.1113,.55-.60,
ZRO/USDT,2025-04-02,LONG,0.6871,2.718,2.824,1,True,3.8999,0.3892,.60-.70,
ZK/USDT,2024-08-31,LONG,0.6534,0.1041,0.0987,1,True,-5.1873,0.7202,.60-.70,
ZK/USDT,2024-09-02,LONG,0.6168,0.1066,0.0985,1,True,-7.5985,1.7014,.60-.70,1.5-2x
ZK/USDT,2024-09-04,LONG,0.6666,0.1027,0.1005,1,True,-2.1422,0.875,.60-.70,
ZK/USDT,2024-09-06,LONG,0.5708,0.099,0.1112,4,True,12.3232,0.3112,.55-.60,
ZK/USDT,2024-09-07,LONG,0.5926,0.1013,0.1112,3,True,9.773,0.4832,.55-.60,
ZK/USDT,2024-09-08,LONG,0.6703,0.1048,0.1112,2,True,6.1069,0.7127,.60-.70,
ZK/USDT,2024-09-09,LONG,0.72,0.112,0.1112,1,True,-0.7143,1.3501,.70-.80,1-1.5x
ZK/USDT,2024-09-11,LONG,0.6524,0.1079,0.1187,2,True,10.0093,0.6129,.60-.70,
ZK/USDT,2024-09-12,LONG,0.6433,0.1146,0.1187,1,True,3.5777,1.329,.60-.70,1-1.5x
ZK/USDT,2024-09-18,LONG,0.6513,0.1178,0.1224,4,True,3.9049,1.2914,.60-.70,1-1.5x
ZK/USDT,2024-09-19,LONG,0.7944,0.1227,0.1224,3,True,-0.2445,0.894,.70-.80,
ZK/USDT,2024-09-20,LONG,0.6492,0.1219,0.1224,2,True,0.4102,0.1427,.60-.70,
ZK/USDT,2024-09-21,LONG,0.5976,0.1284,0.1224,1,True,-4.6729,1.2016,.55-.60,1-1.5x
ZK/USDT,2024-09-23,LONG,0.7041,0.1254,0.134,1,True,6.8581,0.6303,.70-.80,
ZK/USDT,2024-09-26,LONG,0.5788,0.1432,0.1456,2,True,1.676,2.0899,.55-.60,2-3x
ZK/USDT,2024-09-27,LONG,0.6002,0.151,0.1456,1,True,-3.5762,1.2472,.60-.70,1-1.5x
ZK/USDT,2024-09-29,LONG,0.5943,0.1465,0.1365,1,True,-6.8259,0.1413,.55-.60,
ZK/USDT,2024-10-01,LONG,0.6601,0.1218,0.1237,1,True,1.5599,2.0067,.60-.70,2-3x
ZK/USDT,2024-10-06,LONG,0.629,0.1291,0.1271,2,True,-1.5492,0.7037,.60-.70,
ZK/USDT,2024-10-07,LONG,0.6932,0.1312,0.1271,1,True,-3.125,0.3128,.60-.70,
ZK/USDT,2024-10-11,LONG,0.657,0.1312,0.1302,2,True,-0.7622,0.7988,.60-.70,
ZK/USDT,2024-10-12,LONG,0.7482,0.133,0.1302,1,True,-2.1053,0.2667,.70-.80,
ZK/USDT,2024-10-15,LONG,0.7804,0.1338,0.13,1,True,-2.8401,0.669,.70-.80,
ZK/USDT,2024-10-18,LONG,0.7881,0.1352,0.1365,5,False,0.9615,1.4603,.70-.80,1-1.5x
ZK/USDT,2024-10-19,LONG,0.6858,0.1429,0.1365,4,True,-4.4787,1.1255,.60-.70,1-1.5x
ZK/USDT,2024-10-20,LONG,0.803,0.1489,0.1365,3,True,-8.3277,0.8613,>.80,
ZK/USDT,2024-10-21,LONG,0.7807,0.1426,0.1365,2,True,-4.2777,0.9942,.70-.80,
ZK/USDT,2024-10-22,LONG,0.627,0.1448,0.1365,1,True,-5.732,0.3625,.60-.70,
ZK/USDT,2024-10-25,LONG,0.8022,0.1263,0.1297,1,True,2.692,1.722,>.80,1.5-2x
ZK/USDT,2024-10-27,LONG,0.7173,0.1294,0.1312,1,True,1.391,0.052,.70-.80,
ZK/USDT,2024-10-29,LONG,0.6549,0.1372,0.14,1,True,2.0408,1.067,.60-.70,1-1.5x
ZK/USDT,2024-11-03,LONG,0.6315,0.1198,0.1375,5,False,14.7746,1.1071,.60-.70,1-1.5x
ZK/USDT,2024-11-04,LONG,0.6437,0.1155,0.1375,4,True,19.0476,0.8323,.60-.70,
ZK/USDT,2024-11-05,LONG,0.6717,0.1205,0.1375,3,True,14.1079,0.9801,.60-.70,
ZK/USDT,2024-11-06,LONG,0.7421,0.1381,0.1375,2,True,-0.4345,2.6664,.70-.80,2-3x
ZK/USDT,2024-11-07,LONG,0.6638,0.1398,0.1375,1,True,-1.6452,0.234,.60-.70,
ZK/USDT,2024-11-09,LONG,0.8155,0.1451,0.1548,2,True,6.685,1.0659,>.80,1-1.5x
ZK/USDT,2024-11-10,LONG,0.6645,0.1481,0.1548,1,True,4.524,0.4049,.60-.70,
ZK/USDT,2024-11-13,LONG,0.8411,0.145,0.1506,3,True,3.8621,1.3859,>.80,1-1.5x
ZK/USDT,2024-11-14,LONG,0.9079,0.1361,0.1506,2,True,10.6539,1.1842,>.80,1-1.5x
ZK/USDT,2024-11-15,LONG,0.8933,0.1442,0.1506,1,True,4.4383,1.1218,>.80,1-1.5x
ZK/USDT,2024-11-18,LONG,0.7725,0.1544,0.1444,1,True,-6.4767,1.1443,.70-.80,1-1.5x
ZK/USDT,2024-11-22,LONG,0.8347,0.1558,0.1817,5,False,16.6239,0.749,>.80,
ZK/USDT,2024-11-23,LONG,0.7178,0.1661,0.1796,5,False,8.1276,1.079,.70-.80,1-1.5x
ZK/USDT,2024-11-25,LONG,0.8883,0.1727,0.1796,3,True,3.9954,0.1331,>.80,
ZK/USDT,2024-11-26,LONG,0.8855,0.165,0.1796,2,True,8.8485,0.8234,>.80,
ZK/USDT,2024-11-30,LONG,0.5541,0.1898,0.2159,1,True,13.7513,0.2615,.55-.60,
ZK/USDT,2024-12-02,LONG,0.5776,0.2271,0.2567,4,True,13.0339,0.8143,.55-.60,
ZK/USDT,2024-12-03,LONG,0.6207,0.225,0.2567,3,True,14.0889,0.1535,.60-.70,
ZK/USDT,2024-12-04,LONG,0.8058,0.2251,0.2567,2,True,14.0382,0.0078,>.80,
ZK/USDT,2024-12-05,LONG,0.5891,0.2283,0.2567,1,True,12.4398,0.2508,.55-.60,
ZK/USDT,2024-12-10,LONG,0.6024,0.2166,0.2326,3,True,7.3869,0.5317,.60-.70,
ZK/USDT,2024-12-11,LONG,0.7284,0.2377,0.2326,2,True,-2.1456,1.3994,.70-.80,1-1.5x
ZK/USDT,2024-12-12,LONG,0.8168,0.2342,0.2326,1,True,-0.6832,0.2103,>.80,
ZK/USDT,2024-12-16,LONG,0.6139,0.224,0.1982,2,True,-11.5179,0.5127,.60-.70,
ZK/USDT,2024-12-17,LONG,0.577,0.2096,0.1982,1,True,-5.4389,0.9306,.55-.60,
ZK/USDT,2024-12-20,LONG,0.6745,0.1886,0.1719,1,True,-8.8547,0.9726,.60-.70,
ZK/USDT,2024-12-22,LONG,0.7552,0.1743,0.2004,1,True,14.9742,0.1962,.70-.80,
ZK/USDT,2024-12-24,LONG,0.5908,0.2053,0.2121,1,True,3.3122,0.3059,.55-.60,
ZK/USDT,2024-12-27,LONG,0.687,0.1926,0.1954,5,False,1.4538,0.0608,.60-.70,
ZK/USDT,2024-12-29,LONG,0.6344,0.1917,0.2013,4,True,5.0078,0.7612,.60-.70,
ZK/USDT,2024-12-30,LONG,0.6421,0.1918,0.2013,3,True,4.9531,0.0079,.60-.70,
ZK/USDT,2025-01-03,LONG,0.6271,0.2148,0.1873,5,False,-12.8026,1.0116,.60-.70,1-1.5x
ZK/USDT,2025-01-04,LONG,0.5966,0.2124,0.1756,5,False,-17.3258,0.1697,.55-.60,
ZK/USDT,2025-01-06,LONG,0.5684,0.2245,0.1815,5,False,-19.1537,0.7834,.55-.60,
ZK/USDT,2025-01-08,LONG,0.5706,0.1873,0.1815,3,True,-3.0966,1.0594,.55-.60,1-1.5x
ZK/USDT,2025-01-09,LONG,0.6405,0.1756,0.1815,2,True,3.3599,0.9783,.60-.70,
ZK/USDT,2025-01-10,LONG,0.6053,0.1845,0.1815,1,True,-1.626,0.8251,.60-.70,
ZK/USDT,2025-01-13,LONG,0.6679,0.171,0.1907,4,True,11.5205,0.7873,.60-.70,
ZK/USDT,2025-01-16,LONG,0.6031,0.1803,0.1907,1,True,5.7682,0.9637,.60-.70,
ZK/USDT,2025-01-20,LONG,0.6143,0.1552,0.1598,1,True,2.9639,0.4477,.60-.70,
ZK/USDT,2025-01-24,LONG,0.7756,0.1517,0.1442,3,True,-4.944,0.5151,.70-.80,
ZK/USDT,2025-01-28,LONG,0.6471,0.1326,0.1379,1,True,3.997,1.7275,.60-.70,1.5-2x
ZK/USDT,2025-01-30,LONG,0.7767,0.1457,0.1348,2,True,-7.4811,1.197,.70-.80,1-1.5x
ZK/USDT,2025-01-31,LONG,0.6788,0.1517,0.1348,1,True,-11.1404,0.847,.60-.70,
ZK/USDT,2025-02-03,LONG,0.7004,0.1218,0.1129,2,True,-7.3071,0.8013,.70-.80,
ZK/USDT,2025-02-04,LONG,0.5613,0.1129,0.1129,1,True,0.0,1.2422,.55-.60,1-1.5x
ZK/USDT,2025-02-11,LONG,0.6774,0.1063,0.1076,4,True,1.223,0.6883,.60-.70,
ZK/USDT,2025-02-12,LONG,0.601,0.1123,0.1076,3,True,-4.1852,1.0004,.60-.70,1-1.5x
ZK/USDT,2025-02-13,LONG,0.6596,0.1076,0.1076,2,True,0.0,0.7383,.60-.70,
ZK/USDT,2025-02-14,LONG,0.6398,0.1124,0.1076,1,True,-4.2705,0.767,.60-.70,
ZK/USDT,2025-02-16,LONG,0.6365,0.1093,0.1096,1,True,0.2745,0.2689,.60-.70,
ZK/USDT,2025-02-28,LONG,0.7164,0.0974,0.1041,2,True,6.8789,0.1386,.70-.80,
ZK/USDT,2025-03-01,LONG,0.6621,0.0945,0.1041,1,True,10.1587,0.6705,.60-.70,
ZK/USDT,2025-03-03,LONG,0.6616,0.088,0.08664,2,True,-1.5455,2.5585,.60-.70,2-3x
ZK/USDT,2025-03-08,LONG,0.5653,0.08098,0.07076,4,True,-12.6204,0.1793,.55-.60,
ZK/USDT,2025-03-11,LONG,0.7514,0.0692,0.07076,1,True,2.2543,0.9894,.70-.80,
ZK/USDT,2025-03-14,LONG,0.7156,0.06813,0.07181,3,True,5.4014,0.4585,.70-.80,
ZK/USDT,2025-03-15,LONG,0.6573,0.07252,0.07181,2,True,-0.979,0.9267,.60-.70,
ZK/USDT,2025-03-18,LONG,0.7819,0.07067,0.07374,1,True,4.3441,0.2494,.70-.80,
ZK/USDT,2025-03-20,LONG,0.7461,0.07129,0.07172,1,True,0.6032,0.5102,.70-.80,
ZK/USDT,2025-03-22,LONG,0.6623,0.08005,0.08069,1,True,0.7995,1.7457,.60-.70,1.5-2x
ZK/USDT,2025-03-24,LONG,0.7012,0.08203,0.06634,5,False,-19.1271,0.2967,.70-.80,
ZK/USDT,2025-03-25,LONG,0.769,0.08059,0.06691,5,False,-16.9748,0.3185,.70-.80,
ZK/USDT,2025-03-26,LONG,0.9548,0.07798,0.06566,5,False,-15.7989,0.5851,>.80,
ZK/USDT,2025-03-27,LONG,0.6799,0.07695,0.0663,5,False,-13.8402,0.2404,.60-.70,
ZK/USDT,2025-03-28,LONG,0.6948,0.07097,0.0663,4,True,-6.5802,1.3514,.60-.70,1-1.5x
ZK/USDT,2025-03-29,LONG,0.8182,0.06634,0.0663,3,True,-0.0603,1.2559,>.80,1-1.5x
ZK/USDT,2025-03-30,LONG,0.7746,0.06691,0.0663,2,True,-0.9117,0.1772,.70-.80,
ZK/USDT,2025-04-02,LONG,0.8377,0.06113,0.06116,1,True,0.0491,1.6589,>.80,1.5-2x
RENDER/USDT,2024-09-25,LONG,0.7962,5.915,6.442,5,False,8.9096,1.3677,.70-.80,1-1.5x
RENDER/USDT,2024-09-26,LONG,0.7018,6.315,6.442,4,True,2.0111,1.626,.70-.80,1.5-2x
RENDER/USDT,2024-09-27,LONG,0.6708,6.693,6.442,3,True,-3.7502,1.403,.60-.70,1-1.5x
RENDER/USDT,2024-09-28,LONG,0.768,6.536,6.442,2,True,-1.4382,0.539,.70-.80,
RENDER/USDT,2024-10-01,LONG,0.6542,5.806,5.439,1,True,-6.321,2.006,.60-.70,2-3x
RENDER/USDT,2024-10-04,LONG,0.8225,5.675,5.347,4,True,-5.7797,1.4533,>.80,1-1.5x
RENDER/USDT,2024-10-05,LONG,0.7171,5.447,5.347,3,True,-1.8359,0.7428,.70-.80,
RENDER/USDT,2024-10-07,LONG,0.9021,5.246,5.347,1,True,1.9253,0.6462,>.80,
RENDER/USDT,2024-10-13,LONG,0.8475,5.387,5.59,1,True,3.7683,0.2407,>.80,
RENDER/USDT,2024-10-15,LONG,0.8475,5.487,5.366,1,True,-2.2052,0.3869,>.80,
RENDER/USDT,2024-10-17,LONG,0.7583,5.223,5.361,2,True,2.6422,0.6334,.70-.80,
RENDER/USDT,2024-10-18,LONG,0.8795,5.409,5.361,1,True,-0.8874,0.8234,>.80,
RENDER/USDT,2024-10-20,LONG,0.8164,5.514,4.612,5,False,-16.3584,0.6627,>.80,
RENDER/USDT,2024-10-21,LONG,0.8259,5.237,4.612,4,True,-11.9343,1.2957,>.80,1-1.5x
RENDER/USDT,2024-10-23,LONG,0.7656,5.1,4.612,2,True,-9.5686,0.6113,.70-.80,
RENDER/USDT,2024-10-24,LONG,0.7658,5.203,4.612,1,True,-11.3588,0.6548,.70-.80,
RENDER/USDT,2024-10-26,LONG,0.7621,4.792,4.872,1,True,1.6694,0.9728,.70-.80,
RENDER/USDT,2024-11-02,LONG,0.6073,4.603,4.224,2,True,-8.2338,0.5153,.60-.70,
RENDER/USDT,2024-11-03,LONG,0.6415,4.449,4.224,1,True,-5.0573,0.896,.60-.70,
RENDER/USDT,2024-11-05,LONG,0.6111,4.416,5.631,5,False,27.5136,1.1256,.60-.70,1-1.5x
RENDER/USDT,2024-11-06,LONG,0.7638,5.048,5.631,4,True,11.5491,2.7269,.70-.80,2-3x
RENDER/USDT,2024-11-08,LONG,0.7391,4.975,5.631,2,True,13.1859,0.1921,.70-.80,
RENDER/USDT,2024-11-09,LONG,0.8097,5.306,5.631,1,True,6.1251,1.2398,>.80,1-1.5x
RENDER/USDT,2024-11-11,LONG,0.8989,6.92,7.208,1,True,4.1618,3.1124,>.80,3-5x
RENDER/USDT,2024-11-13,LONG,0.9624,6.998,7.039,3,True,0.5859,0.3938,>.80,
RENDER/USDT,2024-11-14,LONG,0.9465,6.568,7.039,2,True,7.1711,0.8787,>.80,
RENDER/USDT,2024-11-15,LONG,0.9055,6.918,7.039,1,True,1.7491,0.759,>.80,
RENDER/USDT,2024-11-19,LONG,0.7951,7.878,7.67,4,True,-2.6403,0.3946,.70-.80,
RENDER/USDT,2024-11-20,LONG,0.9174,7.344,7.67,3,True,4.439,0.9454,>.80,
RENDER/USDT,2024-11-21,LONG,0.6008,7.346,7.67,2,True,4.4106,0.0038,.60-.70,
RENDER/USDT,2024-11-25,LONG,0.7522,7.504,8.885,5,False,18.4035,0.9562,.70-.80,
RENDER/USDT,2024-11-26,LONG,0.9282,7.442,8.885,4,True,19.3899,0.1264,>.80,
RENDER/USDT,2024-11-28,LONG,0.8902,8.542,8.885,2,True,4.0155,1.2118,>.80,1-1.5x
RENDER/USDT,2024-11-29,LONG,0.8852,8.732,8.885,1,True,1.7522,0.3385,>.80,
RENDER/USDT,2024-12-01,LONG,0.8862,8.714,8.673,3,True,-0.4705,0.4296,>.80,
RENDER/USDT,2024-12-02,LONG,0.712,8.744,8.673,2,True,-0.812,0.0777,.70-.80,
RENDER/USDT,2024-12-03,LONG,0.5521,8.92,8.673,1,True,-2.7691,0.4645,.55-.60,
RENDER/USDT,2024-12-08,LONG,0.9738,10.27,9.411,5,False,-8.3642,0.0057,>.80,
RENDER/USDT,2024-12-09,LONG,0.8613,8.873,9.073,5,False,2.254,2.2213,>.80,2-3x
RENDER/USDT,2024-12-10,LONG,0.6664,8.72,9.073,4,True,4.0482,0.2925,.60-.70,
RENDER/USDT,2024-12-11,LONG,0.9299,9.61,9.073,3,True,-5.5879,1.637,>.80,1.5-2x
RENDER/USDT,2024-12-12,LONG,0.8565,9.492,9.073,2,True,-4.4142,0.1964,>.80,
RENDER/USDT,2024-12-13,LONG,0.7014,9.411,9.073,1,True,-3.5915,0.1361,.70-.80,
RENDER/USDT,2024-12-17,LONG,0.6308,8.521,7.766,1,True,-8.8605,0.6984,.60-.70,
RENDER/USDT,2024-12-20,LONG,0.7008,7.372,7.11,1,True,-3.554,0.2862,.70-.80,
RENDER/USDT,2024-12-29,LONG,0.5767,6.843,6.797,2,True,-0.6722,0.907,.55-.60,
RENDER/USDT,2024-12-30,LONG,0.6237,6.849,6.797,1,True,-0.7592,0.0183,.60-.70,
RENDER/USDT,2025-01-03,LONG,0.5825,8.059,8.098,4,True,0.4839,1.1673,.55-.60,1-1.5x
RENDER/USDT,2025-01-08,LONG,0.576,7.57,7.027,1,True,-7.1731,1.3195,.55-.60,1-1.5x
RENDER/USDT,2025-01-10,LONG,0.6932,7.29,7.358,1,True,0.9328,0.7193,.60-.70,
RENDER/USDT,2025-01-13,LONG,0.6947,6.97,7.471,5,False,7.1879,0.419,.60-.70,
RENDER/USDT,2025-01-14,LONG,0.5689,7.022,7.471,4,True,6.3942,0.1559,.55-.60,
RENDER/USDT,2025-01-16,LONG,0.6399,7.486,7.471,2,True,-0.2004,0.5063,.60-.70,
RENDER/USDT,2025-01-20,LONG,0.5765,6.726,6.968,5,False,3.598,0.0634,.55-.60,
RENDER/USDT,2025-01-21,LONG,0.689,7.244,6.729,5,False,-7.1093,1.2826,.60-.70,1-1.5x
RENDER/USDT,2025-01-23,LONG,0.5996,7.063,5.539,5,False,-21.5772,0.0274,.55-.60,
RENDER/USDT,2025-01-24,LONG,0.6804,6.878,5.481,5,False,-20.3111,0.4583,.60-.70,
RENDER/USDT,2025-01-26,LONG,0.5641,6.729,5.481,3,True,-18.5466,0.6406,.55-.60,
RENDER/USDT,2025-01-28,LONG,0.6538,5.539,5.481,1,True,-1.0471,1.9722,.60-.70,1.5-2x
RENDER/USDT,2025-01-30,LONG,0.7035,5.875,5.854,1,True,-0.3574,1.2812,.70-.80,1-1.5x
RENDER/USDT,2025-02-01,LONG,0.5912,5.379,4.699,1,True,-12.6418,1.399,.55-.60,1-1.5x
RENDER/USDT,2025-02-03,LONG,0.7398,5.044,4.615,1,True,-8.5052,1.1058,.70-.80,1-1.5x
RENDER/USDT,2025-02-05,LONG,0.6607,4.464,4.188,1,True,-6.1828,0.5192,.60-.70,
RENDER/USDT,2025-02-10,LONG,0.654,4.453,4.649,2,True,4.4015,0.8779,.60-.70,
RENDER/USDT,2025-02-11,LONG,0.5774,4.459,4.649,1,True,4.261,0.024,.55-.60,
RENDER/USDT,2025-02-13,LONG,0.76,4.503,4.576,2,True,1.6211,0.5442,.70-.80,
RENDER/USDT,2025-02-16,LONG,0.6725,4.473,4.381,1,True,-2.0568,0.3898,.60-.70,
RENDER/USDT,2025-02-18,LONG,0.6401,4.182,4.268,4,True,2.0564,0.8433,.60-.70,
RENDER/USDT,2025-02-19,LONG,0.5772,4.242,4.268,3,True,0.6129,0.2837,.55-.60,
RENDER/USDT,2025-02-20,LONG,0.7768,4.442,4.268,2,True,-3.9172,0.8995,.70-.80,
RENDER/USDT,2025-02-28,LONG,0.5778,3.817,3.723,3,True,-2.4627,0.5105,.55-.60,
RENDER/USDT,2025-03-01,LONG,0.774,3.805,3.723,2,True,-2.1551,0.0722,.70-.80,
RENDER/USDT,2025-03-02,LONG,0.6165,4.432,3.723,1,True,-15.9973,2.9045,.60-.70,2-3x
RENDER/USDT,2025-03-04,LONG,0.5847,3.528,3.728,1,True,5.6689,0.7829,.55-.60,
RENDER/USDT,2025-03-08,LONG,0.5705,3.493,3.028,1,True,-13.3123,0.3881,.55-.60,
RENDER/USDT,2025-03-11,LONG,0.7192,2.957,3.079,1,True,4.1258,1.0522,.70-.80,1-1.5x
RENDER/USDT,2025-03-14,LONG,0.6833,3.158,3.429,5,False,8.5814,0.8152,.60-.70,
RENDER/USDT,2025-03-15,LONG,0.7996,3.257,3.429,4,True,5.2809,0.3923,.70-.80,
RENDER/USDT,2025-03-18,LONG,0.6319,3.232,3.429,1,True,6.0953,0.0286,.60-.70,
RENDER/USDT,2025-03-20,LONG,0.5683,3.317,3.317,2,True,0.0,0.4225,.55-.60,
RENDER/USDT,2025-03-21,LONG,0.5944,3.21,3.317,1,True,3.3333,0.4159,.55-.60,
RENDER/USDT,2025-03-23,LONG,0.681,3.471,3.728,5,False,7.4042,0.7916,.60-.70,
RENDER/USDT,2025-03-24,LONG,0.7701,3.789,3.506,5,False,-7.469,1.5041,.70-.80,1.5-2x
RENDER/USDT,2025-03-25,LONG,0.6272,4.036,3.413,5,False,-15.4361,1.0632,.60-.70,1-1.5x
RENDER/USDT,2025-03-26,LONG,0.6973,3.921,3.413,4,True,-12.9559,0.4621,.60-.70,
RENDER/USDT,2025-03-27,LONG,0.7696,3.922,3.413,3,True,-12.9781,0.0043,.70-.80,
RENDER/USDT,2025-03-28,LONG,0.7346,3.728,3.413,2,True,-8.4496,0.8129,.70-.80,
RENDER/USDT,2025-03-29,LONG,0.6512,3.506,3.413,1,True,-2.6526,1.1052,.60-.70,1-1.5x
RENDER/USDT,2025-04-03,LONG,0.554,3.301,3.166,2,True,-4.0897,0.0522,.55-.60,
RENDER/USDT,2025-04-04,LONG,0.8387,3.232,3.166,1,True,-2.0421,0.4024,>.80,
RENDER/USDT,2025-04-06,LONG,0.5991,2.782,3.38,3,True,21.4953,2.1185,.55-.60,2-3x
TON/USDT,2024-08-30,LONG,0.8493,5.372,5.185,2,True,-3.481,0.3008,>.80,
TON/USDT,2024-08-31,LONG,0.9248,5.421,5.185,1,True,-4.3534,0.1873,>.80,
TON/USDT,2024-09-02,LONG,0.7175,5.218,4.627,2,True,-11.3262,0.1309,.70-.80,
TON/USDT,2024-09-03,LONG,0.5848,4.89,4.627,1,True,-5.3783,1.3542,.55-.60,1-1.5x
TON/USDT,2024-09-06,LONG,0.5527,4.657,4.669,1,True,0.2577,0.6582,.55-.60,
TON/USDT,2024-09-09,LONG,0.6157,5.22,5.529,1,True,5.9195,1.3142,.60-.70,1-1.5x
TON/USDT,2024-09-15,LONG,0.5685,5.553,5.64,3,True,1.5667,0.5419,.55-.60,
TON/USDT,2024-09-16,LONG,0.5977,5.485,5.64,2,True,2.8259,0.3284,.55-.60,
TON/USDT,2024-09-20,LONG,0.6131,5.585,5.641,3,True,1.0027,0.4664,.60-.70,
TON/USDT,2024-09-21,LONG,0.5704,5.673,5.641,2,True,-0.5641,0.4395,.55-.60,
TON/USDT,2024-09-22,LONG,0.6235,5.62,5.641,1,True,0.3737,0.2596,.60-.70,
TON/USDT,2024-09-27,LONG,0.6244,5.98,5.883,1,True,-1.6221,1.1938,.60-.70,1-1.5x
TON/USDT,2024-10-02,LONG,0.5757,5.291,5.314,4,True,0.4347,0.7198,.55-.60,
TON/USDT,2024-10-03,LONG,0.6454,5.332,5.314,3,True,-0.3376,0.3767,.60-.70,
TON/USDT,2024-10-04,LONG,0.6099,5.401,5.314,2,True,-1.6108,0.6279,.60-.70,
TON/USDT,2024-10-10,LONG,0.5889,5.138,5.194,3,True,1.0899,0.6478,.55-.60,
TON/USDT,2024-10-12,LONG,0.5875,5.242,5.194,1,True,-0.9157,0.284,.55-.60,
TON/USDT,2024-10-15,LONG,0.5879,5.227,5.357,5,False,2.4871,0.8022,.55-.60,
TON/USDT,2024-10-17,LONG,0.5576,5.183,5.195,4,True,0.2315,0.4217,.55-.60,
TON/USDT,2024-10-18,LONG,0.6084,5.249,5.195,3,True,-1.0288,0.6274,.60-.70,
TON/USDT,2024-10-20,LONG,0.579,5.357,5.195,1,True,-3.0241,0.8343,.55-.60,
TON/USDT,2024-10-26,LONG,0.5845,4.924,4.847,5,False,-1.5638,1.369,.55-.60,1-1.5x
TON/USDT,2024-10-28,LONG,0.7371,5.016,4.874,5,False,-2.8309,0.1684,.70-.80,
TON/USDT,2024-10-29,LONG,0.5652,5.018,4.819,5,False,-3.9657,0.0182,.55-.60,
TON/USDT,2024-10-30,LONG,0.6315,4.99,4.699,5,False,-5.8317,0.2579,.60-.70,
TON/USDT,2024-10-31,LONG,0.7473,4.847,4.699,4,True,-3.0534,1.2935,.70-.80,1-1.5x
TON/USDT,2024-11-02,LONG,0.6275,4.874,4.699,2,True,-3.5905,0.1931,.60-.70,
TON/USDT,2024-11-03,LONG,0.5817,4.819,4.699,1,True,-2.4901,0.5294,.55-.60,
TON/USDT,2024-11-05,LONG,0.5761,4.667,4.796,1,True,2.7641,0.3157,.55-.60,
TON/USDT,2024-11-10,LONG,0.5694,5.276,5.38,5,False,1.9712,0.236,.55-.60,
TON/USDT,2024-11-11,LONG,0.5595,5.498,5.38,4,True,-2.1462,1.4923,.55-.60,1-1.5x
TON/USDT,2024-11-12,LONG,0.8444,5.467,5.38,3,True,-1.5914,0.2019,>.80,
TON/USDT,2024-11-13,LONG,0.8813,5.258,5.38,2,True,2.3203,1.2989,>.80,1-1.5x
TON/USDT,2024-11-14,LONG,0.8264,5.236,5.38,1,True,2.7502,0.1714,>.80,
TON/USDT,2024-11-17,LONG,0.811,5.383,5.577,1,True,3.6039,1.6347,>.80,1.5-2x
TON/USDT,2024-11-21,LONG,0.5726,5.506,6.15,3,True,11.6963,1.303,.55-.60,1-1.5x
TON/USDT,2024-11-22,LONG,0.6495,5.451,6.15,2,True,12.8233,0.3175,.60-.70,
TON/USDT,2024-11-23,LONG,0.8828,6.315,6.15,1,True,-2.6128,3.4415,>.80,3-5x
TON/USDT,2024-11-26,LONG,0.9368,6.136,6.371,1,True,3.8299,0.214,>.80,
TON/USDT,2024-11-30,LONG,0.7857,6.821,6.568,2,True,-3.7091,1.2559,.70-.80,1-1.5x
TON/USDT,2024-12-01,LONG,0.7659,6.836,6.568,1,True,-3.9204,0.0482,.70-.80,
TON/USDT,2024-12-04,LONG,0.6326,6.894,6.793,1,True,-1.465,0.3926,.60-.70,
TON/USDT,2024-12-06,LONG,0.5863,6.797,6.78,2,True,-0.2501,0.0131,.55-.60,
TON/USDT,2024-12-07,LONG,0.6693,6.798,6.78,1,True,-0.2648,0.0034,.60-.70,
TON/USDT,2024-12-10,LONG,0.7108,5.938,6.333,3,True,6.6521,0.501,.70-.80,
TON/USDT,2024-12-11,LONG,0.5512,6.342,6.333,2,True,-0.1419,1.2124,.55-.60,1-1.5x
TON/USDT,2024-12-12,LONG,0.9197,6.342,6.333,1,True,-0.1419,0.0,>.80,
TON/USDT,2024-12-14,LONG,0.7245,6.248,6.392,1,True,2.3047,0.3104,.70-.80,
TON/USDT,2024-12-16,LONG,0.6651,6.059,5.439,2,True,-10.2327,1.1561,.60-.70,1-1.5x
TON/USDT,2024-12-17,LONG,0.5709,5.822,5.439,1,True,-6.5785,0.87,.55-.60,
TON/USDT,2024-12-20,LONG,0.8093,5.451,5.31,1,True,-2.5867,1.0334,>.80,1-1.5x
TON/USDT,2024-12-27,LONG,0.6032,5.735,5.58,3,True,-2.7027,0.0107,.60-.70,
TON/USDT,2024-12-29,LONG,0.5915,5.635,5.58,1,True,-0.976,0.8269,.55-.60,
TON/USDT,2025-01-02,LONG,0.6242,5.65,5.726,2,True,1.3451,0.7357,.60-.70,
TON/USDT,2025-01-03,LONG,0.6119,5.801,5.726,1,True,-1.2929,0.7929,.60-.70,
TON/USDT,2025-01-05,LONG,0.581,5.724,5.201,4,True,-9.137,0.0112,.55-.60,
TON/USDT,2025-01-06,LONG,0.5982,5.71,5.201,3,True,-8.9142,0.0813,.55-.60,
TON/USDT,2025-01-11,LONG,0.6114,5.401,5.515,4,True,2.1107,0.1228,.60-.70,
TON/USDT,2025-01-13,LONG,0.68,5.298,5.515,2,True,4.0959,0.0699,.60-.70,
TON/USDT,2025-01-14,LONG,0.5628,5.361,5.515,1,True,2.8726,0.5054,.55-.60,
TON/USDT,2025-01-16,LONG,0.6447,5.475,5.291,2,True,-3.3607,0.3088,.60-.70,
TON/USDT,2025-01-20,LONG,0.6231,5.03,5.205,1,True,3.4791,1.0491,.60-.70,1-1.5x
TON/USDT,2025-01-25,LONG,0.7271,5.079,4.822,5,False,-5.0601,0.06,.70-.80,
TON/USDT,2025-01-26,LONG,0.7676,4.93,4.822,4,True,-2.1907,0.8808,.70-.80,
TON/USDT,2025-01-27,LONG,0.7709,5.01,4.822,3,True,-3.7525,0.5363,.70-.80,
TON/USDT,2025-02-03,LONG,0.8195,4.075,3.783,2,True,-7.1656,0.0802,>.80,
TON/USDT,2025-02-06,LONG,0.976,3.742,3.717,1,True,-0.6681,0.2722,>.80,
TON/USDT,2025-02-11,LONG,0.6666,3.747,3.794,4,True,1.2543,0.5769,.60-.70,
TON/USDT,2025-02-12,LONG,0.6307,3.832,3.794,3,True,-0.9916,0.6667,.60-.70,
TON/USDT,2025-02-13,LONG,0.68,3.713,3.794,2,True,2.1815,0.9072,.60-.70,
TON/USDT,2025-02-14,LONG,0.6481,3.846,3.794,1,True,-1.3521,0.9977,.60-.70,
TON/USDT,2025-02-16,LONG,0.6137,3.779,3.763,1,True,-0.4234,0.1125,.60-.70,
TON/USDT,2025-02-18,LONG,0.5678,3.674,3.547,1,True,-3.4567,0.6927,.55-.60,
TON/USDT,2025-02-20,LONG,0.6806,3.603,3.766,3,True,4.524,0.4532,.60-.70,
TON/USDT,2025-02-22,LONG,0.7074,3.742,3.766,1,True,0.6414,1.8741,.70-.80,1.5-2x
TON/USDT,2025-02-27,LONG,0.5604,3.421,3.327,1,True,-2.7477,0.7172,.55-.60,
TON/USDT,2025-03-03,LONG,0.6833,3.063,3.034,2,True,-0.9468,2.8692,.60-.70,2-3x
TON/USDT,2025-03-04,LONG,0.6501,3.12,3.034,1,True,-2.7564,0.4231,.60-.70,
TON/USDT,2025-03-07,LONG,0.8046,2.99,2.954,1,True,-1.204,0.3775,>.80,
TON/USDT,2025-03-10,LONG,0.6453,2.523,2.766,3,True,9.6314,0.995,.60-.70,
TON/USDT,2025-03-11,LONG,0.5842,2.641,2.766,2,True,4.7331,0.9411,.55-.60,
TON/USDT,2025-03-12,LONG,0.7656,2.75,2.766,1,True,0.5818,0.8124,.70-.80,
TON/USDT,2025-03-14,LONG,0.6857,2.925,3.585,1,True,22.5641,1.1162,.60-.70,1-1.5x
TON/USDT,2025-03-17,LONG,0.6284,3.452,3.656,2,True,5.9096,0.0576,.60-.70,
TON/USDT,2025-03-18,LONG,0.9347,3.565,3.656,1,True,2.5526,0.4616,>.80,
TON/USDT,2025-03-20,LONG,0.5628,3.703,3.587,1,True,-3.1326,0.1826,.55-.60,
TON/USDT,2025-03-22,LONG,0.8445,3.668,3.664,2,True,-0.1091,0.3223,>.80,
TON/USDT,2025-03-23,LONG,0.6226,3.682,3.664,1,True,-0.4889,0.0606,.60-.70,
TON/USDT,2025-03-27,LONG,0.6462,4.05,3.7,2,True,-8.642,1.5442,.60-.70,1.5-2x
TON/USDT,2025-03-28,LONG,0.5583,3.796,3.7,1,True,-2.529,0.9273,.55-.60,
TON/USDT,2025-03-31,LONG,0.7526,4.109,3.838,2,True,-6.5953,0.903,.70-.80,
TON/USDT,2025-04-01,LONG,0.6015,4.06,3.838,1,True,-5.468,0.1939,.60-.70,
TON/USDT,2025-04-05,LONG,0.6654,3.259,2.915,5,False,-10.5554,1.041,.60-.70,1-1.5x
TON/USDT,2025-04-06,LONG,0.6459,2.92,2.915,4,True,-0.1712,2.1044,.60-.70,2-3x
DOGS/USDT,2024-11-06,LONG,0.6907,0.000585,0.000565,2,True,-3.3681,2.0349,.60-.70,2-3x
DOGS/USDT,2024-11-07,LONG,0.7085,0.000586,0.000565,1,True,-3.5659,0.032,.70-.80,
DOGS/USDT,2024-11-10,LONG,0.8715,0.000713,0.000734,1,True,2.9156,0.5188,>.80,
DOGS/USDT,2024-11-12,LONG,0.9252,0.000646,0.000666,1,True,3.1434,1.1802,>.80,1-1.5x
DOGS/USDT,2024-11-14,LONG,0.842,0.000627,0.000644,1,True,2.6458,0.6078,>.80,
DOGS/USDT,2024-11-16,LONG,0.8642,0.000654,0.000665,1,True,1.7125,0.1626,>.80,
DOGS/USDT,2024-11-18,LONG,0.6618,0.000713,0.000674,5,False,-5.5517,0.7497,.60-.70,
DOGS/USDT,2024-11-19,LONG,0.6272,0.000687,0.000712,5,False,3.521,0.3773,.60-.70,
DOGS/USDT,2024-11-20,LONG,0.8612,0.000613,0.00072,5,False,17.4005,1.0862,>.80,1-1.5x
DOGS/USDT,2024-11-21,LONG,0.6305,0.000632,0.000681,5,False,7.7398,0.3053,.60-.70,
DOGS/USDT,2024-11-22,LONG,0.7996,0.000622,0.000681,4,True,9.4197,0.1553,.70-.80,
DOGS/USDT,2024-11-23,LONG,0.8125,0.000674,0.000681,3,True,1.039,0.8549,>.80,
DOGS/USDT,2024-11-24,LONG,0.6044,0.000712,0.000681,2,True,-4.3289,0.585,.60-.70,
DOGS/USDT,2024-11-25,LONG,0.5732,0.00072,0.000681,1,True,-5.4452,0.1235,.55-.60,
DOGS/USDT,2024-11-29,LONG,0.6414,0.000726,0.000776,1,True,6.8714,0.2296,.60-.70,
DOGS/USDT,2024-12-06,LONG,0.6196,0.000793,0.000678,4,True,-14.4533,0.5391,.60-.70,
DOGS/USDT,2024-12-07,LONG,0.5516,0.00086,0.000678,3,True,-21.1462,1.5596,.55-.60,1.5-2x
DOGS/USDT,2024-12-08,LONG,0.7772,0.000852,0.000678,2,True,-20.4247,0.1715,.70-.80,
DOGS/USDT,2024-12-11,LONG,0.722,0.000762,0.000702,3,True,-7.7852,1.8789,.70-.80,1.5-2x
DOGS/USDT,2024-12-12,LONG,0.7437,0.000751,0.000702,2,True,-6.4963,0.2108,.70-.80,
DOGS/USDT,2024-12-13,LONG,0.7843,0.000746,0.000702,1,True,-5.8445,0.1094,.70-.80,
DOGS/USDT,2024-12-17,LONG,0.6046,0.000647,0.000579,1,True,-10.484,1.0002,.60-.70,1-1.5x
DOGS/USDT,2024-12-20,LONG,0.609,0.000555,0.000564,3,True,1.6408,1.073,.60-.70,1-1.5x
DOGS/USDT,2024-12-21,LONG,0.5979,0.00052,0.000564,2,True,8.383,0.8748,.55-.60,
DOGS/USDT,2024-12-22,LONG,0.6601,0.000532,0.000564,1,True,5.9586,0.3232,.60-.70,
DOGS/USDT,2024-12-28,LONG,0.5707,0.000542,0.000524,3,True,-3.2866,0.2164,.55-.60,
DOGS/USDT,2025-01-04,LONG,0.5604,0.000569,0.000443,5,False,-22.1773,0.1844,.55-.60,
DOGS/USDT,2025-01-11,LONG,0.5941,0.000454,0.000445,1,True,-2.2002,0.3845,.55-.60,
DOGS/USDT,2025-01-13,LONG,0.6287,0.000421,0.000431,5,False,2.2797,1.1266,.60-.70,1-1.5x
DOGS/USDT,2025-01-15,LONG,0.6027,0.000467,0.000431,3,True,-7.6742,1.1507,.60-.70,1-1.5x
DOGS/USDT,2025-01-16,LONG,0.6215,0.000445,0.000431,2,True,-3.2135,0.9246,.60-.70,
DOGS/USDT,2025-01-21,LONG,0.6808,0.000346,0.000339,1,True,-2.0231,0.3938,.60-.70,
DOGS/USDT,2025-01-24,LONG,0.6829,0.000321,0.000281,5,False,-12.4142,0.6657,.60-.70,
DOGS/USDT,2025-01-26,LONG,0.5727,0.000317,0.000281,3,True,-11.5312,0.2127,.55-.60,
DOGS/USDT,2025-01-28,LONG,0.6302,0.000263,0.000281,1,True,6.7275,1.7013,.60-.70,1.5-2x
DOGS/USDT,2025-01-30,LONG,0.6927,0.000287,0.000246,2,True,-14.3106,0.3545,.60-.70,
DOGS/USDT,2025-01-31,LONG,0.6462,0.000292,0.000246,1,True,-15.6614,0.247,.60-.70,
DOGS/USDT,2025-02-04,LONG,0.6133,0.00019,0.000187,1,True,-1.6333,0.85,.60-.70,
DOGS/USDT,2025-02-06,LONG,0.9307,0.000168,0.00018,2,True,7.1556,1.5313,>.80,1.5-2x
DOGS/USDT,2025-02-09,LONG,0.7107,0.000174,0.000179,1,True,2.9834,0.4584,.70-.80,
DOGS/USDT,2025-02-11,LONG,0.861,0.000178,0.00019,1,True,7.0225,0.1269,>.80,
DOGS/USDT,2025-02-13,LONG,0.8757,0.000182,0.000183,2,True,0.6047,0.6499,>.80,
DOGS/USDT,2025-02-14,LONG,0.8472,0.000196,0.000183,1,True,-6.3939,1.0274,>.80,1-1.5x
DOGS/USDT,2025-02-16,LONG,0.8336,0.000181,0.000178,1,True,-1.6004,0.1357,>.80,
DOGS/USDT,2025-02-20,LONG,0.7567,0.000178,0.000178,1,True,-0.2803,0.8392,.70-.80,
DOGS/USDT,2025-02-22,LONG,0.6404,0.000193,0.00018,1,True,-6.2825,1.5262,.60-.70,1.5-2x
DOGS/USDT,2025-02-28,LONG,0.6655,0.000177,0.000169,1,True,-4.6302,0.4141,.60-.70,
DOGS/USDT,2025-03-08,LONG,0.747,0.000133,0.000124,3,True,-6.6717,0.6819,.70-.80,
DOGS/USDT,2025-03-09,LONG,0.5935,0.000124,0.000124,2,True,0.2415,0.803,.55-.60,
DOGS/USDT,2025-03-10,LONG,0.5926,0.000118,0.000124,1,True,5.0633,0.5353,.55-.60,
DOGS/USDT,2025-03-14,LONG,0.8473,0.000134,0.000139,2,True,4.0419,0.4617,>.80,
DOGS/USDT,2025-03-15,LONG,0.6856,0.000148,0.000139,1,True,-6.1445,1.2375,.60-.70,1-1.5x
DOGS/USDT,2025-03-18,LONG,0.6242,0.000145,0.000146,1,True,0.5521,0.1936,.60-.70,
DOGS/USDT,2025-03-20,LONG,0.7296,0.000145,0.000155,1,True,7.2614,0.1003,.70-.80,
DOGS/USDT,2025-03-24,LONG,0.7156,0.000166,0.00017,3,True,2.4654,1.0044,.70-.80,1-1.5x
DOGS/USDT,2025-03-25,LONG,0.9873,0.000169,0.00017,2,True,1.0077,0.2943,>.80,
DOGS/USDT,2025-03-26,LONG,0.9221,0.000167,0.00017,1,True,2.2196,0.25,>.80,
DOGS/USDT,2025-03-28,LONG,0.7708,0.000151,0.000132,5,False,-12.4586,2.2309,.70-.80,2-3x
DOGS/USDT,2025-03-29,LONG,0.7983,0.000131,0.000132,4,True,0.5327,2.2504,.70-.80,2-3x
DOGS/USDT,2025-03-31,LONG,0.8448,0.000143,0.000132,2,True,-7.8158,0.3229,>.80,
DOGS/USDT,2025-04-04,LONG,0.6381,0.000129,0.000115,3,True,-10.8964,0.2672,.60-.70,
DOGS/USDT,2025-04-05,LONG,0.7631,0.000127,0.000115,2,True,-8.9976,0.4069,.70-.80,
DOGS/USDT,2025-04-06,LONG,0.7538,0.000109,0.000115,1,True,5.4895,2.3367,.70-.80,2-3x
ZRX/USDT,2024-09-04,LONG,0.5695,0.2847,0.2717,1,True,-4.5662,0.8188,.55-.60,
ZRX/USDT,2024-09-08,LONG,0.5736,0.2721,0.2987,5,False,9.7758,0.4251,.55-.60,
ZRX/USDT,2024-09-09,LONG,0.5521,0.2835,0.2941,5,False,3.739,1.0946,.55-.60,1-1.5x
ZRX/USDT,2024-09-11,LONG,0.5506,0.277,0.2774,5,False,0.1444,0.6402,.55-.60,
ZRX/USDT,2024-09-18,LONG,0.5573,0.2967,0.3151,1,True,6.2016,1.1759,.55-.60,1-1.5x
ZRX/USDT,2024-09-28,LONG,0.8695,0.3558,0.2954,5,False,-16.9758,0.9115,>.80,
ZRX/USDT,2024-09-30,LONG,0.6501,0.3347,0.2954,3,True,-11.7419,1.88,.60-.70,1.5-2x
ZRX/USDT,2024-10-01,LONG,0.7208,0.3081,0.2954,2,True,-4.122,1.8748,.70-.80,1.5-2x
ZRX/USDT,2024-10-02,LONG,0.5879,0.3028,0.2954,1,True,-2.4439,0.4083,.55-.60,
ZRX/USDT,2024-10-05,LONG,0.6202,0.31,0.3151,2,True,1.6452,0.295,.60-.70,
ZRX/USDT,2024-10-12,LONG,0.6629,0.3241,0.3195,5,False,-1.4193,0.6724,.60-.70,
ZRX/USDT,2024-10-15,LONG,0.7082,0.3362,0.3554,5,False,5.7109,0.0081,.70-.80,
ZRX/USDT,2024-10-16,LONG,0.6628,0.3276,0.3588,5,False,9.5238,0.6974,.60-.70,
ZRX/USDT,2024-10-17,LONG,0.7366,0.3195,0.3588,4,True,12.3005,0.685,.70-.80,
ZRX/USDT,2024-10-18,LONG,0.7658,0.3357,0.3588,3,True,6.8811,1.3433,.70-.80,1-1.5x
ZRX/USDT,2024-10-19,LONG,0.6926,0.3358,0.3588,2,True,6.8493,0.0079,.60-.70,
ZRX/USDT,2024-10-20,LONG,0.7645,0.3554,0.3588,1,True,0.9567,1.6086,.70-.80,1.5-2x
ZRX/USDT,2024-10-22,LONG,0.7547,0.3514,0.3165,4,True,-9.9317,0.6713,.70-.80,
ZRX/USDT,2024-10-23,LONG,0.7886,0.3393,0.3165,3,True,-6.7197,1.0983,.70-.80,1-1.5x
ZRX/USDT,2024-10-24,LONG,0.9859,0.3421,0.3165,2,True,-7.4832,0.2895,>.80,
ZRX/USDT,2024-11-04,LONG,0.6199,0.2792,0.3343,4,True,19.735,1.1375,.60-.70,1-1.5x
ZRX/USDT,2024-11-05,LONG,0.695,0.2935,0.3343,3,True,13.9012,1.385,.60-.70,1-1.5x
ZRX/USDT,2024-11-06,LONG,0.626,0.3249,0.3343,2,True,2.8932,2.4171,.60-.70,2-3x
ZRX/USDT,2024-11-07,LONG,0.6962,0.332,0.3343,1,True,0.6928,0.5078,.60-.70,
ZRX/USDT,2024-11-10,LONG,0.5955,0.3607,0.3587,5,False,-0.5545,1.0562,.55-.60,1-1.5x
ZRX/USDT,2024-11-12,LONG,0.7757,0.3812,0.3587,3,True,-5.9024,0.2409,.70-.80,
ZRX/USDT,2024-11-13,LONG,0.8367,0.3603,0.3587,2,True,-0.4441,1.1852,>.80,1-1.5x
ZRX/USDT,2024-11-14,LONG,0.721,0.3431,0.3587,1,True,4.5468,1.0593,.70-.80,1-1.5x
ZRX/USDT,2024-11-21,LONG,0.9955,0.4284,0.452,1,True,5.5089,0.4679,>.80,
ZRX/USDT,2024-11-25,LONG,0.9095,0.4774,0.6001,1,True,25.7017,0.6854,>.80,
ZRX/USDT,2024-11-27,LONG,0.9211,0.5769,0.5489,1,True,-4.8535,0.3797,>.80,
ZRX/USDT,2024-11-29,LONG,0.9568,0.5715,0.5838,1,True,2.1522,0.3985,>.80,
ZRX/USDT,2024-12-03,LONG,0.6623,0.6459,0.7519,3,True,16.4112,0.4771,.60-.70,
ZRX/USDT,2024-12-04,LONG,0.7045,0.6625,0.7519,2,True,13.4943,0.26,.70-.80,
ZRX/USDT,2024-12-05,LONG,0.8497,0.6385,0.7519,1,True,17.7604,0.3615,>.80,
ZRX/USDT,2024-12-09,LONG,0.9979,0.6105,0.5614,1,True,-8.0426,2.1719,>.80,2-3x
ZRX/USDT,2024-12-12,LONG,0.983,0.6401,0.6061,2,True,-5.3117,0.2437,>.80,
ZRX/USDT,2024-12-13,LONG,0.8776,0.6546,0.6061,1,True,-7.4091,0.2365,>.80,
ZRX/USDT,2024-12-17,LONG,0.5964,0.5589,0.4495,4,True,-19.5742,0.7545,.55-.60,
ZRX/USDT,2024-12-19,LONG,0.5948,0.4544,0.4495,2,True,-1.0783,1.0243,.55-.60,1-1.5x
ZRX/USDT,2024-12-20,LONG,0.599,0.4768,0.4495,1,True,-5.7257,0.5914,.55-.60,
ZRX/USDT,2024-12-28,LONG,0.6751,0.4971,0.4572,3,True,-8.0266,0.6007,.60-.70,
ZRX/USDT,2025-01-03,LONG,0.5863,0.5224,0.4984,5,False,-4.5942,1.061,.55-.60,1-1.5x
ZRX/USDT,2025-01-05,LONG,0.5582,0.536,0.509,5,False,-5.0373,0.0202,.55-.60,
ZRX/USDT,2025-01-07,LONG,0.5936,0.4836,0.509,3,True,5.2523,2.1234,.55-.60,2-3x
ZRX/USDT,2025-01-11,LONG,0.5591,0.5008,0.5089,5,False,1.6174,0.333,.55-.60,
ZRX/USDT,2025-01-12,LONG,0.5632,0.4889,0.5484,5,False,12.1702,0.4997,.55-.60,
ZRX/USDT,2025-01-13,LONG,0.6061,0.4684,0.5033,5,False,7.4509,0.9211,.60-.70,
ZRX/USDT,2025-01-14,LONG,0.5698,0.4874,0.5033,4,True,3.2622,0.8731,.55-.60,
ZRX/USDT,2025-01-15,LONG,0.5732,0.5211,0.5033,3,True,-3.4159,1.5635,.55-.60,1.5-2x
ZRX/USDT,2025-01-21,LONG,0.5972,0.4729,0.4326,3,True,-8.5219,0.3636,.55-.60,
ZRX/USDT,2025-01-22,LONG,0.567,0.4397,0.4326,2,True,-1.6147,1.2665,.55-.60,1-1.5x
ZRX/USDT,2025-01-29,LONG,0.5609,0.4013,0.3326,4,True,-17.1194,0.5996,.55-.60,
ZRX/USDT,2025-02-03,LONG,0.6175,0.3415,0.2911,3,True,-14.7584,0.4728,.60-.70,
ZRX/USDT,2025-02-05,LONG,0.5704,0.3089,0.2911,1,True,-5.7624,0.8244,.55-.60,
ZRX/USDT,2025-02-11,LONG,0.5505,0.31,0.3324,1,True,7.2258,0.319,.55-.60,
ZRX/USDT,2025-02-14,LONG,0.5674,0.327,0.3268,2,True,-0.0612,0.3339,.55-.60,
ZRX/USDT,2025-02-15,LONG,0.6483,0.321,0.3268,1,True,1.8069,0.3718,.60-.70,
ZRX/USDT,2025-02-19,LONG,0.6154,0.3139,0.3294,1,True,4.9379,0.1147,.60-.70,
ZRX/USDT,2025-02-28,LONG,0.5674,0.2987,0.2714,3,True,-9.1396,0.2429,.55-.60,
ZRX/USDT,2025-03-07,LONG,0.6464,0.2744,0.2295,3,True,-16.363,0.0475,.60-.70,
ZRX/USDT,2025-03-11,LONG,0.6556,0.2398,0.2455,1,True,2.377,0.7735,.60-.70,
ZRX/USDT,2025-03-14,LONG,0.6567,0.2514,0.2419,2,True,-3.7788,0.6979,.60-.70,
ZRX/USDT,2025-03-15,LONG,0.6609,0.2544,0.2419,1,True,-4.9135,0.2113,.60-.70,
ZRX/USDT,2025-03-17,LONG,0.6349,0.2611,0.2595,1,True,-0.6128,1.4047,.60-.70,1-1.5x
ZRX/USDT,2025-03-20,LONG,0.7578,0.2673,0.2564,1,True,-4.0778,0.0395,.70-.80,
ZRX/USDT,2025-03-22,LONG,0.6098,0.2634,0.2604,1,True,-1.139,0.5186,.60-.70,
ZRX/USDT,2025-03-25,LONG,0.6813,0.2834,0.2577,3,True,-9.0685,0.5569,.60-.70,
ZRX/USDT,2025-03-26,LONG,0.6065,0.2759,0.2577,2,True,-6.5966,0.5414,.60-.70,
ZRX/USDT,2025-03-27,LONG,0.9957,0.2765,0.2577,1,True,-6.7993,0.0445,>.80,
ZRX/USDT,2025-03-30,LONG,0.9313,0.2443,0.2476,2,True,1.3508,0.1344,>.80,
ZRX/USDT,2025-04-02,LONG,0.6192,0.2299,0.2332,2,True,1.4354,1.4965,.60-.70,1-1.5x
ZRX/USDT,2025-04-03,LONG,0.5687,0.2312,0.2332,1,True,0.8651,0.1207,.55-.60,
KSM/USDT,2024-08-28,LONG,0.625,19.17,18.57,2,True,-3.1299,0.7699,.60-.70,
KSM/USDT,2024-08-29,LONG,0.6156,18.77,18.57,1,True,-1.0655,0.5189,.60-.70,
KSM/USDT,2024-09-06,LONG,0.5707,17.1,19.9,5,False,16.3743,0.4785,.55-.60,
KSM/USDT,2024-09-08,LONG,0.6469,18.39,19.94,5,False,8.4285,1.0072,.60-.70,1-1.5x
KSM/USDT,2024-09-09,LONG,0.7575,19.98,21.62,5,False,8.2082,1.8564,.70-.80,1.5-2x
KSM/USDT,2024-09-11,LONG,0.6201,19.9,21.62,3,True,8.6432,0.1234,.60-.70,
KSM/USDT,2024-09-12,LONG,0.7552,19.91,21.62,2,True,8.5886,0.0126,.70-.80,
KSM/USDT,2024-09-13,LONG,0.5679,19.94,21.62,1,True,8.4253,0.0391,.55-.60,
KSM/USDT,2024-09-18,LONG,0.6719,20.75,20.84,1,True,0.4337,0.7018,.60-.70,
KSM/USDT,2024-09-23,LONG,0.619,20.94,21.61,2,True,3.1996,0.5175,.60-.70,
KSM/USDT,2024-09-26,LONG,0.5856,22.21,20.07,4,True,-9.6353,0.7916,.55-.60,
KSM/USDT,2024-09-28,LONG,0.692,21.91,20.07,2,True,-8.398,0.7585,.60-.70,
KSM/USDT,2024-09-29,LONG,0.5571,21.82,20.07,1,True,-8.0202,0.1362,.55-.60,
KSM/USDT,2024-10-06,LONG,0.5631,18.91,18.26,1,True,-3.4373,0.9056,.55-.60,
KSM/USDT,2024-10-13,LONG,0.6272,18.35,18.46,5,False,0.5995,0.0824,.60-.70,
KSM/USDT,2024-10-14,LONG,0.5892,19.06,18.46,4,True,-3.148,1.1373,.55-.60,1-1.5x
KSM/USDT,2024-10-15,LONG,0.6156,18.52,18.46,3,True,-0.324,0.8295,.60-.70,
KSM/USDT,2024-10-16,LONG,0.6622,18.1,18.46,2,True,1.989,0.6811,.60-.70,
KSM/USDT,2024-10-17,LONG,0.9179,17.62,18.46,1,True,4.7673,0.8028,>.80,
KSM/USDT,2024-10-20,LONG,0.9841,19.6,16.61,5,False,-15.2551,1.8686,>.80,1.5-2x
KSM/USDT,2024-10-21,LONG,0.8795,19.05,16.96,5,False,-10.9711,0.9226,>.80,
KSM/USDT,2024-10-23,LONG,0.9433,18.16,17.37,4,True,-4.3502,1.0,>.80,
KSM/USDT,2024-10-24,LONG,0.8741,18.36,17.37,3,True,-5.3922,0.3619,>.80,
KSM/USDT,2024-10-26,LONG,0.8354,16.96,17.37,1,True,2.4175,0.5721,>.80,
KSM/USDT,2024-10-30,LONG,0.5975,17.57,16.43,2,True,-6.4883,0.3061,.55-.60,
KSM/USDT,2024-11-02,LONG,0.6522,16.04,14.96,2,True,-6.7332,0.6439,.60-.70,
KSM/USDT,2024-11-06,LONG,0.7361,17.29,18.15,3,True,4.974,2.2998,.70-.80,2-3x
KSM/USDT,2024-11-07,LONG,0.6388,17.3,18.15,2,True,4.9133,0.0133,.60-.70,
KSM/USDT,2024-11-12,LONG,0.7939,19.53,19.98,3,True,2.3041,0.9108,.70-.80,
KSM/USDT,2024-11-13,LONG,0.9477,19.01,19.98,2,True,5.1026,0.5753,>.80,
KSM/USDT,2024-11-14,LONG,0.8796,18.31,19.98,1,True,9.1207,0.8906,>.80,
KSM/USDT,2024-11-18,LONG,0.806,22.02,21.06,1,True,-4.3597,1.3259,>.80,1-1.5x
KSM/USDT,2024-11-20,LONG,0.6868,20.03,20.88,1,True,4.2436,0.8731,.60-.70,
KSM/USDT,2024-11-22,LONG,0.935,23.4,40.77,2,True,74.2308,2.0023,>.80,2-3x
KSM/USDT,2024-11-23,LONG,0.9993,53.2,40.77,1,True,-23.3647,4.4568,>.80,3-5x
KSM/USDT,2024-11-25,LONG,0.9041,40.14,37.48,2,True,-6.6268,0.0525,>.80,
KSM/USDT,2024-11-26,LONG,0.9981,36.18,37.48,1,True,3.5931,0.3328,>.80,
KSM/USDT,2024-11-30,LONG,0.8826,41.17,44.97,3,True,9.23,0.0742,>.80,
KSM/USDT,2024-12-02,LONG,0.7683,41.86,44.97,1,True,7.4295,0.021,.70-.80,
KSM/USDT,2024-12-04,LONG,0.5713,45.57,47.29,2,True,3.7744,0.0451,.55-.60,
KSM/USDT,2024-12-05,LONG,0.6575,44.83,47.29,1,True,5.4874,0.0548,.60-.70,
KSM/USDT,2024-12-08,LONG,0.7298,45.49,38.12,3,True,-16.2014,0.0421,.70-.80,
KSM/USDT,2024-12-10,LONG,0.5918,35.67,38.12,1,True,6.8685,0.0961,.55-.60,
KSM/USDT,2024-12-12,LONG,0.6721,39.37,37.43,2,True,-4.9276,0.1093,.60-.70,
KSM/USDT,2024-12-13,LONG,0.5864,39.45,37.43,1,True,-5.1204,0.0236,.55-.60,
KSM/USDT,2024-12-27,LONG,0.5769,33.79,34.39,5,False,1.7757,0.1266,.55-.60,
KSM/USDT,2025-01-29,LONG,0.5532,24.46,23.97,3,True,-2.0033,0.6048,.55-.60,
KSM/USDT,2025-02-03,LONG,0.6333,21.31,19.49,2,True,-8.5406,0.6612,.60-.70,
KSM/USDT,2025-02-13,LONG,0.6516,20.5,20.85,1,True,1.7073,0.5803,.60-.70,
KSM/USDT,2025-02-16,LONG,0.6087,20.2,18.95,2,True,-6.1881,0.0549,.60-.70,
KSM/USDT,2025-02-19,LONG,0.5915,19.58,18.11,5,False,-7.5077,0.6725,.55-.60,
KSM/USDT,2025-02-20,LONG,0.6417,20.01,19.89,5,False,-0.5997,0.4409,.60-.70,
KSM/USDT,2025-02-22,LONG,0.5803,20.36,19.89,3,True,-2.3084,0.8393,.55-.60,
KSM/USDT,2025-02-23,LONG,0.6483,20.14,19.89,2,True,-1.2413,0.328,.60-.70,
KSM/USDT,2025-02-24,LONG,0.5617,18.11,19.89,1,True,9.8288,2.7035,.55-.60,2-3x
KSM/USDT,2025-02-28,LONG,0.8577,19.66,21.06,2,True,7.1211,0.2663,>.80,
KSM/USDT,2025-03-01,LONG,0.8833,19.19,21.06,1,True,9.7447,0.5719,>.80,
KSM/USDT,2025-03-03,LONG,0.7381,17.96,18.5,2,True,3.0067,2.5513,.70-.80,2-3x
KSM/USDT,2025-03-04,LONG,0.6811,17.8,18.5,1,True,3.9326,0.1606,.60-.70,
KSM/USDT,2025-03-07,LONG,0.6688,17.84,16.53,2,True,-7.343,0.3545,.60-.70,
KSM/USDT,2025-03-11,LONG,0.703,15.94,16.02,1,True,0.5019,0.3161,.70-.80,
KSM/USDT,2025-03-14,LONG,0.6964,16.48,16.91,1,True,2.6092,0.6455,.60-.70,
KSM/USDT,2025-03-17,LONG,0.6095,17.42,18.39,2,True,5.5683,1.2246,.60-.70,1-1.5x
KSM/USDT,2025-03-18,LONG,0.6603,17.51,18.39,1,True,5.0257,0.104,.60-.70,
KSM/USDT,2025-03-20,LONG,0.6823,17.28,16.94,1,True,-1.9676,1.1434,.60-.70,1-1.5x
KSM/USDT,2025-03-23,LONG,0.8218,17.73,18.28,1,True,3.1021,1.2887,>.80,1-1.5x
KSM/USDT,2025-03-26,LONG,0.7985,18.1,15.89,3,True,-12.2099,0.3418,.70-.80,
KSM/USDT,2025-03-27,LONG,0.7943,18.07,15.89,2,True,-12.0642,0.0476,.70-.80,
KSM/USDT,2025-03-28,LONG,0.6471,16.74,15.89,1,True,-5.0777,1.9136,.60-.70,1.5-2x
PHA/USDT,2024-08-28,LONG,0.5871,0.1184,0.1105,2,True,-6.6723,1.3312,.55-.60,1-1.5x
PHA/USDT,2024-08-29,LONG,0.852,0.1136,0.1105,1,True,-2.7289,1.0405,>.80,1-1.5x
PHA/USDT,2024-09-03,LONG,0.6384,0.1098,0.1052,2,True,-4.1894,0.7943,.60-.70,
PHA/USDT,2024-09-04,LONG,0.9013,0.1088,0.1052,1,True,-3.3088,0.2499,>.80,
PHA/USDT,2024-09-06,LONG,0.5574,0.1038,0.1063,2,True,2.4085,0.3594,.55-.60,
PHA/USDT,2024-09-07,LONG,0.8756,0.1035,0.1063,1,True,2.7053,0.0788,>.80,
PHA/USDT,2024-09-11,LONG,0.7574,0.1083,0.1107,2,True,2.2161,0.6201,.70-.80,
PHA/USDT,2024-09-12,LONG,0.809,0.108,0.1107,1,True,2.5,0.0968,>.80,
PHA/USDT,2024-09-14,LONG,0.6337,0.109,0.1023,2,True,-6.1468,0.5305,.60-.70,
PHA/USDT,2024-09-15,LONG,0.6116,0.1044,0.1023,1,True,-2.0115,1.4848,.60-.70,1-1.5x
PHA/USDT,2024-09-18,LONG,0.5979,0.1053,0.1109,1,True,5.3181,1.0127,.55-.60,1-1.5x
PHA/USDT,2024-09-21,LONG,0.7735,0.1172,0.1182,1,True,0.8532,0.3509,.70-.80,
PHA/USDT,2024-09-26,LONG,0.8425,0.126,0.1272,4,True,0.9524,0.1124,>.80,
PHA/USDT,2024-09-27,LONG,0.6662,0.1314,0.1272,3,True,-3.1963,1.483,.60-.70,1-1.5x
PHA/USDT,2024-09-28,LONG,0.6185,0.1279,0.1272,2,True,-0.5473,0.8896,.60-.70,
PHA/USDT,2024-09-29,LONG,0.8802,0.1342,0.1272,1,True,-5.2161,1.5984,>.80,1.5-2x
PHA/USDT,2024-10-03,LONG,0.6872,0.108,0.1117,4,True,3.4259,0.4877,.60-.70,
PHA/USDT,2024-10-04,LONG,0.7761,0.1127,0.1117,3,True,-0.8873,0.9961,.70-.80,
PHA/USDT,2024-10-05,LONG,0.6653,0.1117,0.1117,2,True,0.0,0.2087,.60-.70,
PHA/USDT,2024-10-12,LONG,0.6011,0.1139,0.11,5,False,-3.4241,0.684,.60-.70,
PHA/USDT,2024-10-15,LONG,0.6194,0.1147,0.1115,3,True,-2.7899,0.9982,.60-.70,
PHA/USDT,2024-10-16,LONG,0.7437,0.1119,0.1115,2,True,-0.3575,0.6028,.70-.80,
PHA/USDT,2024-10-17,LONG,0.6933,0.11,0.1115,1,True,1.3636,0.436,.60-.70,
PHA/USDT,2024-10-20,LONG,0.698,0.1214,0.1026,5,False,-15.486,1.185,.60-.70,1-1.5x
PHA/USDT,2024-10-21,LONG,0.6272,0.1183,0.102,5,False,-13.7785,0.8493,.60-.70,
PHA/USDT,2024-10-22,LONG,0.7557,0.1138,0.102,4,True,-10.3691,1.2403,.70-.80,1-1.5x
PHA/USDT,2024-10-23,LONG,0.6716,0.1095,0.102,3,True,-6.8493,1.1975,.60-.70,1-1.5x
PHA/USDT,2024-10-24,LONG,0.6969,0.1119,0.102,2,True,-8.8472,0.7215,.60-.70,
PHA/USDT,2024-10-25,LONG,0.6196,0.1026,0.102,1,True,-0.5848,2.3337,.60-.70,2-3x
PHA/USDT,2024-10-28,LONG,0.6356,0.1051,0.1115,2,True,6.0894,0.1926,.60-.70,
PHA/USDT,2024-10-29,LONG,0.5963,0.1109,0.1115,1,True,0.541,1.5351,.55-.60,1.5-2x
PHA/USDT,2024-10-31,LONG,0.7458,0.1073,0.1007,2,True,-6.151,1.049,.70-.80,1-1.5x
PHA/USDT,2024-11-01,LONG,0.7325,0.1046,0.1007,1,True,-3.7285,0.7065,.70-.80,
PHA/USDT,2024-11-03,LONG,0.6354,0.0981,0.1094,5,False,11.5189,0.7342,.60-.70,
PHA/USDT,2024-11-04,LONG,0.6466,0.0959,0.111,5,False,15.7456,0.6488,.60-.70,
PHA/USDT,2024-11-05,LONG,0.6321,0.0982,0.1158,5,False,17.9226,0.6839,.60-.70,
PHA/USDT,2024-11-06,LONG,0.5823,0.1068,0.1212,5,False,13.4831,2.1529,.55-.60,2-3x
PHA/USDT,2024-11-07,LONG,0.5571,0.1069,0.1144,5,False,7.0159,0.0231,.55-.60,
PHA/USDT,2024-11-09,LONG,0.6138,0.111,0.1093,5,False,-1.5315,0.3813,.60-.70,
PHA/USDT,2024-11-12,LONG,0.7124,0.1144,0.1093,2,True,-4.458,1.373,.70-.80,1-1.5x
PHA/USDT,2024-11-13,LONG,0.8262,0.1073,0.1093,1,True,1.8639,1.4409,>.80,1-1.5x
PHA/USDT,2024-11-19,LONG,0.9551,0.1255,0.1293,3,True,3.0279,0.9935,>.80,
PHA/USDT,2024-11-20,LONG,0.9983,0.1195,0.1293,2,True,8.2008,1.0125,>.80,1-1.5x
PHA/USDT,2024-11-21,LONG,0.9387,0.1244,0.1293,1,True,3.9389,0.8686,>.80,
PHA/USDT,2024-11-25,LONG,0.8089,0.1381,0.1734,5,False,25.5612,0.6618,>.80,
PHA/USDT,2024-11-26,LONG,0.8309,0.1444,0.1683,5,False,16.5512,0.8814,>.80,
PHA/USDT,2024-11-27,LONG,0.8134,0.1573,0.1702,5,False,8.2009,1.6517,>.80,1.5-2x
PHA/USDT,2024-11-28,LONG,0.8022,0.1628,0.1815,5,False,11.4865,0.6454,>.80,
PHA/USDT,2024-11-29,LONG,0.6174,0.1708,0.1815,4,True,6.2646,0.9017,.60-.70,
PHA/USDT,2024-11-30,LONG,0.7492,0.1734,0.1815,3,True,4.6713,0.2803,.70-.80,
PHA/USDT,2024-12-01,LONG,0.7622,0.1683,0.1815,2,True,7.8431,0.5334,.70-.80,
PHA/USDT,2024-12-08,LONG,0.7287,0.198,0.168,1,True,-15.1515,1.5278,.70-.80,1.5-2x
PHA/USDT,2024-12-10,LONG,0.5813,0.1594,0.1714,1,True,7.5282,0.8169,.55-.60,
PHA/USDT,2024-12-12,LONG,0.7921,0.1785,0.1633,2,True,-8.5154,0.6485,.70-.80,
PHA/USDT,2024-12-13,LONG,0.592,0.174,0.1633,1,True,-6.1494,0.4305,.55-.60,
PHA/USDT,2024-12-18,LONG,0.5919,0.139,0.1254,2,True,-9.7842,1.5131,.55-.60,1.5-2x
PHA/USDT,2024-12-26,LONG,0.9208,0.2428,0.4919,3,True,102.5947,0.7869,>.80,
PHA/USDT,2024-12-27,LONG,0.9693,0.4977,0.4919,2,True,-1.1654,3.6496,>.80,3-5x
PHA/USDT,2024-12-28,LONG,0.9979,0.4373,0.4919,1,True,12.4857,0.4169,>.80,
PHA/USDT,2024-12-30,LONG,0.9801,0.4119,0.393,1,True,-4.5885,0.56,>.80,
PHA/USDT,2025-01-01,LONG,0.9718,0.3604,0.3371,1,True,-6.465,0.2824,>.80,
PHA/USDT,2025-01-06,LONG,0.7589,0.3654,0.3207,2,True,-12.2332,0.0759,.70-.80,
PHA/USDT,2025-01-07,LONG,0.7248,0.3118,0.3207,1,True,2.8544,0.5003,.70-.80,
PHA/USDT,2025-01-12,LONG,0.6168,0.2898,0.2764,1,True,-4.6239,0.2579,.60-.70,
PHA/USDT,2025-01-14,LONG,0.633,0.285,0.3027,4,True,6.2105,0.1221,.60-.70,
PHA/USDT,2025-01-16,LONG,0.6906,0.3723,0.3027,2,True,-18.6946,0.6958,.60-.70,
PHA/USDT,2025-01-24,LONG,0.5877,0.233,0.1927,5,False,-17.2961,0.4815,.55-.60,
PHA/USDT,2025-01-27,LONG,0.5807,0.2147,0.1993,3,True,-7.1728,0.2624,.55-.60,
PHA/USDT,2025-02-09,LONG,0.5873,0.159,0.1826,5,False,14.8428,0.2393,.55-.60,
PHA/USDT,2025-03-15,LONG,0.5742,0.1222,0.1247,4,True,2.0458,0.156,.55-.60,
PHA/USDT,2025-03-20,LONG,0.5851,0.1182,0.1137,1,True,-3.8071,0.8,.55-.60,
PHA/USDT,2025-03-25,LONG,0.8274,0.1276,0.1053,5,False,-17.4765,0.4852,>.80,
PHA/USDT,2025-03-26,LONG,0.9033,0.1202,0.1014,5,False,-15.6406,1.0596,>.80,1-1.5x
PHA/USDT,2025-03-27,LONG,0.651,0.1236,0.1026,5,False,-16.9903,0.5249,.60-.70,
PHA/USDT,2025-03-28,LONG,0.7792,0.1154,0.1026,4,True,-11.0919,1.1882,.70-.80,1-1.5x
PHA/USDT,2025-03-29,LONG,0.7631,0.1075,0.1026,3,True,-4.5581,1.32,.70-.80,1-1.5x
PHA/USDT,2025-04-03,LONG,0.5941,0.0938,0.0934,1,True,-0.4264,0.4378,.55-.60,
PHA/USDT,2025-04-06,LONG,0.7196,0.0843,0.0859,1,True,1.898,1.8726,.70-.80,1.5-2x
CFG/USDT,2024-08-29,LONG,0.7569,0.3411,0.3375,1,True,-1.0554,0.6604,.70-.80,
CFG/USDT,2024-09-04,LONG,0.7927,0.33,0.3205,3,True,-2.8788,0.1177,.70-.80,
CFG/USDT,2024-09-12,LONG,0.8864,0.3554,0.3309,4,True,-6.8936,0.4517,>.80,
CFG/USDT,2024-09-13,LONG,0.9569,0.3552,0.3309,3,True,-6.8412,0.0135,>.80,
CFG/USDT,2024-09-14,LONG,0.8256,0.349,0.3309,2,True,-5.1862,0.4273,>.80,
CFG/USDT,2024-09-15,LONG,0.7893,0.3353,0.3309,1,True,-1.3123,0.9478,.70-.80,
CFG/USDT,2024-09-23,LONG,0.773,0.3665,0.3927,3,True,7.1487,0.8441,.70-.80,
CFG/USDT,2024-09-24,LONG,0.8669,0.387,0.3927,2,True,1.4729,2.2719,>.80,2-3x
CFG/USDT,2024-09-28,LONG,0.5951,0.3886,0.38,1,True,-2.2131,0.7993,.55-.60,
CFG/USDT,2024-10-02,LONG,0.7351,0.3426,0.3554,2,True,3.7361,1.2717,.70-.80,1-1.5x
CFG/USDT,2024-10-03,LONG,0.7122,0.3435,0.3554,1,True,3.4643,0.0745,.70-.80,
CFG/USDT,2024-10-05,LONG,0.7609,0.3442,0.329,3,True,-4.416,0.8881,.70-.80,
CFG/USDT,2024-10-06,LONG,0.7554,0.34,0.329,2,True,-3.2353,0.3441,.70-.80,
CFG/USDT,2024-10-07,LONG,0.7731,0.333,0.329,1,True,-1.2012,0.5782,.70-.80,
CFG/USDT,2024-10-18,LONG,0.7312,0.3258,0.3041,5,False,-6.6605,0.1641,.70-.80,
CFG/USDT,2024-10-19,LONG,0.652,0.3311,0.3137,5,False,-5.2552,0.5046,.60-.70,
CFG/USDT,2024-10-20,LONG,0.6626,0.3466,0.3137,4,True,-9.4922,1.5373,.60-.70,1.5-2x
CFG/USDT,2024-10-21,LONG,0.8158,0.329,0.3137,3,True,-4.6505,1.7945,>.80,1.5-2x
CFG/USDT,2024-10-22,LONG,0.6884,0.3133,0.3137,2,True,0.1277,1.6897,.60-.70,1.5-2x
CFG/USDT,2024-10-23,LONG,0.7562,0.3041,0.3137,1,True,3.1569,1.0216,.70-.80,1-1.5x
CFG/USDT,2024-10-25,LONG,0.5696,0.2837,0.2858,1,True,0.7402,2.7694,.55-.60,2-3x
CFG/USDT,2024-10-28,LONG,0.6174,0.3044,0.3115,1,True,2.3325,0.7938,.60-.70,
CFG/USDT,2024-10-30,LONG,0.7507,0.3018,0.2883,1,True,-4.4732,0.838,.70-.80,
CFG/USDT,2024-11-02,LONG,0.7303,0.296,0.2801,2,True,-5.3716,0.4275,.70-.80,
CFG/USDT,2024-11-03,LONG,0.561,0.284,0.2801,1,True,-1.3732,1.0968,.55-.60,1-1.5x
CFG/USDT,2024-11-06,LONG,0.6253,0.303,0.3713,5,False,22.5413,1.7932,.60-.70,1.5-2x
CFG/USDT,2024-11-07,LONG,0.7361,0.3215,0.352,5,False,9.4868,1.4171,.70-.80,1-1.5x
CFG/USDT,2024-11-09,LONG,0.5907,0.3364,0.2945,5,False,-12.4554,0.5181,.55-.60,
CFG/USDT,2024-11-10,LONG,0.5813,0.3691,0.2993,5,False,-18.9109,2.1232,.55-.60,2-3x
CFG/USDT,2024-11-12,LONG,0.6832,0.352,0.2993,3,True,-14.9716,1.148,.60-.70,1-1.5x
CFG/USDT,2024-11-13,LONG,0.8624,0.3114,0.2993,2,True,-3.8857,2.1916,>.80,2-3x
CFG/USDT,2024-11-14,LONG,0.722,0.2945,0.2993,1,True,1.6299,1.0999,.70-.80,1-1.5x
CFG/USDT,2024-11-18,LONG,0.6439,0.3358,0.3874,1,True,15.3663,1.11,.60-.70,1-1.5x
CFG/USDT,2024-11-22,LONG,0.9825,0.4084,0.4113,5,False,0.7101,0.3453,>.80,
CFG/USDT,2024-11-23,LONG,0.92,0.4296,0.4012,5,False,-6.6108,0.8703,>.80,
CFG/USDT,2024-11-24,LONG,0.7279,0.4117,0.4124,5,False,0.17,0.6847,.70-.80,
CFG/USDT,2024-11-25,LONG,0.8055,0.3866,0.4205,5,False,8.7688,0.9595,>.80,
CFG/USDT,2024-11-27,LONG,0.8307,0.4113,0.4101,5,False,-0.2918,1.3938,>.80,1-1.5x
CFG/USDT,2024-11-28,LONG,0.6188,0.4012,0.4101,4,True,2.2183,0.3791,.60-.70,
CFG/USDT,2024-11-29,LONG,0.8492,0.4124,0.4101,3,True,-0.5577,0.4306,>.80,
CFG/USDT,2024-11-30,LONG,0.6331,0.4205,0.4101,2,True,-2.4732,0.3182,.60-.70,
CFG/USDT,2024-12-01,LONG,0.8409,0.4291,0.4101,1,True,-4.4279,0.331,>.80,
CFG/USDT,2024-12-06,LONG,0.9333,0.4647,0.4006,5,False,-13.7938,0.4209,>.80,
CFG/USDT,2024-12-07,LONG,0.8416,0.4812,0.3919,5,False,-18.5578,0.7302,>.80,
CFG/USDT,2024-12-08,LONG,0.821,0.5024,0.3919,4,True,-21.9944,0.9156,>.80,
CFG/USDT,2024-12-11,LONG,0.6094,0.4006,0.3919,1,True,-2.1717,0.0375,.60-.70,
CFG/USDT,2024-12-15,LONG,0.6762,0.429,0.4009,1,True,-6.5501,0.0181,.60-.70,
CFG/USDT,2024-12-19,LONG,0.7502,0.3213,0.3195,4,True,-0.5602,1.7189,.70-.80,1.5-2x
CFG/USDT,2024-12-20,LONG,0.8406,0.35,0.3195,3,True,-8.7143,1.4721,>.80,1-1.5x
CFG/USDT,2024-12-21,LONG,0.6523,0.3317,0.3195,2,True,-3.678,0.8557,.60-.70,
CFG/USDT,2024-12-22,LONG,0.5817,0.314,0.3195,1,True,1.7516,0.8691,.55-.60,
CFG/USDT,2024-12-24,LONG,0.6286,0.3396,0.324,1,True,-4.5936,1.0112,.60-.70,1-1.5x
CFG/USDT,2024-12-28,LONG,0.5659,0.3278,0.3069,2,True,-6.3758,0.8664,.55-.60,
CFG/USDT,2024-12-29,LONG,0.6351,0.3112,0.3069,1,True,-1.3817,0.9098,.60-.70,
CFG/USDT,2025-01-04,LONG,0.6462,0.3344,0.3211,1,True,-3.9773,0.2326,.60-.70,
CFG/USDT,2025-01-06,LONG,0.6324,0.337,0.2854,5,False,-15.3116,0.879,.60-.70,
CFG/USDT,2025-01-07,LONG,0.6046,0.3081,0.2721,5,False,-11.6845,1.5253,.60-.70,1.5-2x
CFG/USDT,2025-01-08,LONG,0.559,0.2915,0.269,5,False,-7.7187,1.0119,.55-.60,1-1.5x
CFG/USDT,2025-01-10,LONG,0.7441,0.2874,0.2924,5,False,1.7397,0.6588,.70-.80,
CFG/USDT,2025-01-11,LONG,0.563,0.2854,0.2924,4,True,2.4527,0.1456,.55-.60,
CFG/USDT,2025-01-12,LONG,0.5626,0.2721,0.2924,3,True,7.4605,0.962,.55-.60,
CFG/USDT,2025-01-13,LONG,0.7334,0.269,0.2924,2,True,8.6989,0.25,.70-.80,
CFG/USDT,2025-01-16,LONG,0.7283,0.3122,0.2788,5,False,-10.6983,1.4161,.70-.80,1-1.5x
CFG/USDT,2025-01-18,LONG,0.7167,0.3148,0.2654,5,False,-15.6925,1.2629,.70-.80,1-1.5x
CFG/USDT,2025-01-19,LONG,0.7575,0.281,0.2654,4,True,-5.5516,1.9256,.70-.80,1.5-2x
CFG/USDT,2025-01-20,LONG,0.7904,0.2673,0.2654,3,True,-0.7108,0.8614,.70-.80,
CFG/USDT,2025-01-21,LONG,0.7513,0.2788,0.2654,2,True,-4.8063,0.7487,.70-.80,
CFG/USDT,2025-01-22,LONG,0.6161,0.2697,0.2654,1,True,-1.5944,0.5644,.60-.70,
CFG/USDT,2025-01-24,LONG,0.6973,0.26,0.258,1,True,-0.7692,0.3855,.60-.70,
CFG/USDT,2025-01-26,LONG,0.5927,0.2471,0.2477,1,True,0.2428,0.83,.55-.60,
CFG/USDT,2025-01-28,LONG,0.8371,0.2232,0.2312,1,True,3.5842,1.9303,>.80,1.5-2x
CFG/USDT,2025-01-30,LONG,0.8577,0.2341,0.2329,1,True,-0.5126,0.2456,>.80,
CFG/USDT,2025-02-02,LONG,0.568,0.1887,0.1884,3,True,-0.159,2.1421,.55-.60,2-3x
CFG/USDT,2025-02-03,LONG,0.6132,0.1996,0.1884,2,True,-5.6112,0.9675,.60-.70,
CFG/USDT,2025-02-06,LONG,0.9339,0.1863,0.1883,4,True,1.0735,0.2279,>.80,
CFG/USDT,2025-02-08,LONG,0.5577,0.1899,0.1883,2,True,-0.8425,1.2969,.55-.60,1-1.5x
CFG/USDT,2025-02-09,LONG,0.8991,0.1918,0.1883,1,True,-1.8248,0.2078,>.80,
CFG/USDT,2025-02-11,LONG,0.5867,0.1932,0.1839,2,True,-4.8137,0.5529,.55-.60,
CFG/USDT,2025-02-21,LONG,0.5777,0.1727,0.1768,2,True,2.3741,1.2257,.55-.60,1-1.5x
CFG/USDT,2025-02-27,LONG,0.607,0.1645,0.1599,2,True,-2.7964,0.7781,.60-.70,
CFG/USDT,2025-02-28,LONG,0.8291,0.1584,0.1599,1,True,0.947,0.7661,>.80,
CFG/USDT,2025-03-04,LONG,0.8885,0.1406,0.1441,3,True,2.4893,0.4192,>.80,
CFG/USDT,2025-03-05,LONG,0.5609,0.1575,0.1441,2,True,-8.5079,1.8247,.55-.60,1.5-2x
CFG/USDT,2025-03-06,LONG,0.7143,0.1513,0.1441,1,True,-4.7588,0.5995,.70-.80,
CFG/USDT,2025-03-08,LONG,0.6108,0.1429,0.1142,2,True,-20.084,0.126,.60-.70,
CFG/USDT,2025-03-09,LONG,0.584,0.1175,0.1142,1,True,-2.8085,2.3519,.55-.60,2-3x
CFG/USDT,2025-03-11,LONG,0.9693,0.1237,0.1223,2,True,-1.1318,1.0827,>.80,1-1.5x
CFG/USDT,2025-03-12,LONG,0.5575,0.1222,0.1223,1,True,0.0818,0.1588,.55-.60,
CFG/USDT,2025-03-14,LONG,0.9877,0.1225,0.1266,1,True,3.3469,0.0226,>.80,
CFG/USDT,2025-03-16,LONG,0.6928,0.1235,0.1286,1,True,4.1296,0.3573,.60-.70,
CFG/USDT,2025-03-18,LONG,0.6328,0.1381,0.1522,5,False,10.21,1.0391,.60-.70,1-1.5x
CFG/USDT,2025-03-20,LONG,0.5514,0.1442,0.1522,3,True,5.5479,1.0794,.55-.60,1-1.5x
CFG/USDT,2025-03-21,LONG,0.8707,0.144,0.1522,2,True,5.6944,0.0191,>.80,
CFG/USDT,2025-03-22,LONG,0.5861,0.1494,0.1522,1,True,1.8742,0.5221,.55-.60,
CFG/USDT,2025-03-24,LONG,0.7755,0.1551,0.156,2,True,0.5803,0.3032,.70-.80,
CFG/USDT,2025-03-25,LONG,0.5554,0.1558,0.156,1,True,0.1284,0.0793,.55-.60,
CFG/USDT,2025-03-27,LONG,0.6094,0.1516,0.1456,1,True,-3.9578,0.5096,.60-.70,
CFG/USDT,2025-03-30,LONG,0.5931,0.1371,0.1359,2,True,-0.8753,0.1298,.55-.60,
CFG/USDT,2025-04-05,LONG,0.6754,0.1247,0.1256,4,True,0.7217,0.9575,.60-.70,
CRO/USDT,2024-08-31,LONG,0.6199,0.08134,0.0809,2,True,-0.5409,0.0524,.60-.70,
CRO/USDT,2024-09-05,LONG,0.5586,0.07769,0.07957,5,False,2.4199,0.4497,.55-.60,
CRO/USDT,2024-09-07,LONG,0.6167,0.07604,0.07957,3,True,4.6423,0.6822,.60-.70,
CRO/USDT,2024-09-08,LONG,0.6094,0.07817,0.07957,2,True,1.791,1.1628,.60-.70,1-1.5x
CRO/USDT,2024-09-09,LONG,0.5985,0.07968,0.07957,1,True,-0.1381,0.7868,.55-.60,
CRO/USDT,2024-09-11,LONG,0.6291,0.07823,0.08355,2,True,6.8005,0.6821,.60-.70,
CRO/USDT,2024-09-12,LONG,0.5712,0.07956,0.08355,1,True,5.0151,0.7681,.55-.60,
CRO/USDT,2024-09-24,LONG,0.566,0.08659,0.08469,1,True,-2.1942,0.3541,.55-.60,
CRO/USDT,2024-09-26,LONG,0.5593,0.08724,0.0834,4,True,-4.4017,1.3381,.55-.60,1-1.5x
CRO/USDT,2024-09-28,LONG,0.631,0.08649,0.0834,2,True,-3.5727,0.7377,.60-.70,
CRO/USDT,2024-10-02,LONG,0.5541,0.07932,0.07919,1,True,-0.1639,0.2773,.55-.60,
CRO/USDT,2024-10-04,LONG,0.636,0.08117,0.07844,3,True,-3.3633,1.0851,.60-.70,1-1.5x
CRO/USDT,2024-10-15,LONG,0.5842,0.07812,0.07872,1,True,0.768,0.2679,.55-.60,
CRO/USDT,2024-10-17,LONG,0.653,0.07755,0.07823,1,True,0.8769,0.7657,.60-.70,
CRO/USDT,2024-10-19,LONG,0.7224,0.07788,0.07751,2,True,-0.4751,0.2293,.70-.80,
CRO/USDT,2024-10-20,LONG,0.7386,0.07947,0.07751,1,True,-2.4663,1.0666,.70-.80,1-1.5x
CRO/USDT,2024-10-22,LONG,0.6026,0.07722,0.07579,1,True,-1.8519,0.2137,.60-.70,
CRO/USDT,2024-10-25,LONG,0.5857,0.07211,0.0743,2,True,3.037,2.5486,.55-.60,2-3x
CRO/USDT,2024-10-26,LONG,0.7439,0.07292,0.0743,1,True,1.8925,0.5629,.70-.80,
CRO/USDT,2024-10-28,LONG,0.7428,0.07468,0.07677,1,True,2.7986,0.2683,.70-.80,
CRO/USDT,2024-10-30,LONG,0.5692,0.07545,0.07306,1,True,-3.1677,0.8542,.55-.60,
CRO/USDT,2024-11-02,LONG,0.6432,0.07242,0.07061,2,True,-2.4993,0.6325,.60-.70,
CRO/USDT,2024-11-03,LONG,0.6031,0.0718,0.07061,1,True,-1.6574,0.4518,.60-.70,
CRO/USDT,2024-11-05,LONG,0.5587,0.07226,0.08557,1,True,18.4196,1.169,.55-.60,1-1.5x
CRO/USDT,2024-11-09,LONG,0.9962,0.10349,0.12382,1,True,19.6444,0.767,>.80,
CRO/USDT,2024-11-12,LONG,0.8115,0.17644,0.16723,3,True,-5.2199,0.9524,>.80,
CRO/USDT,2024-11-13,LONG,0.9969,0.17394,0.16723,2,True,-3.8577,0.0795,>.80,
CRO/USDT,2024-11-14,LONG,0.9967,0.15049,0.16723,1,True,11.1237,0.7418,>.80,
CRO/USDT,2024-11-18,LONG,0.9211,0.17101,0.17895,2,True,4.643,0.3664,>.80,
CRO/USDT,2024-11-19,LONG,0.6072,0.17189,0.17895,1,True,4.1073,0.0282,.60-.70,
CRO/USDT,2024-11-27,LONG,0.6585,0.18048,0.1867,3,True,3.4464,0.2213,.60-.70,
CRO/USDT,2024-11-28,LONG,0.6508,0.17813,0.1867,2,True,4.8111,0.0726,.60-.70,
CRO/USDT,2024-11-29,LONG,0.6459,0.18981,0.1867,1,True,-1.6385,0.3677,.60-.70,
CRO/USDT,2024-12-06,LONG,0.8197,0.20656,0.20028,2,True,-3.0403,0.2998,>.80,
CRO/USDT,2024-12-07,LONG,0.7664,0.20294,0.20028,1,True,-1.3107,0.3655,.70-.80,
CRO/USDT,2024-12-13,LONG,0.6467,0.18602,0.176,1,True,-5.3865,0.2829,.60-.70,
CRO/USDT,2024-12-15,LONG,0.5994,0.17996,0.17733,1,True,-1.4614,0.4416,.55-.60,
CRO/USDT,2024-12-17,LONG,0.7665,0.19765,0.17271,1,True,-12.6183,2.0446,.70-.80,2-3x
CRO/USDT,2024-12-19,LONG,0.5629,0.16326,0.1644,1,True,0.6983,0.8754,.55-.60,
CRO/USDT,2024-12-22,LONG,0.5915,0.15419,0.1581,3,True,2.5358,0.3277,.55-.60,
CRO/USDT,2024-12-23,LONG,0.6151,0.16259,0.1581,2,True,-2.7615,0.9226,.60-.70,
CRO/USDT,2025-01-03,LONG,0.5765,0.16007,0.14554,5,False,-9.0773,1.2069,.55-.60,1-1.5x
CRO/USDT,2025-01-06,LONG,0.5514,0.16259,0.1417,5,False,-12.8483,0.4731,.55-.60,
CRO/USDT,2025-01-10,LONG,0.5633,0.14391,0.14483,5,False,0.6393,0.9748,.55-.60,
CRO/USDT,2025-01-13,LONG,0.5712,0.13472,0.13469,5,False,-0.0223,0.5998,.55-.60,
CRO/USDT,2025-01-18,LONG,0.696,0.13469,0.13915,3,True,3.3113,1.9308,.60-.70,1.5-2x
CRO/USDT,2025-01-19,LONG,0.592,0.13212,0.13915,2,True,5.3209,0.4602,.55-.60,
CRO/USDT,2025-01-20,LONG,0.7546,0.1321,0.13915,1,True,5.3369,0.0037,.70-.80,
CRO/USDT,2025-01-24,LONG,0.7308,0.13832,0.12869,5,False,-6.9621,0.3016,.70-.80,
CRO/USDT,2025-01-25,LONG,0.7711,0.1384,0.13096,5,False,-5.3757,0.0157,.70-.80,
CRO/USDT,2025-01-27,LONG,0.5939,0.13269,0.12387,5,False,-6.6471,0.3508,.55-.60,
CRO/USDT,2025-01-30,LONG,0.5997,0.13096,0.12387,2,True,-5.4139,0.5767,.55-.60,
CRO/USDT,2025-01-31,LONG,0.5767,0.12987,0.12387,1,True,-4.62,0.273,.55-.60,
CRO/USDT,2025-02-03,LONG,0.7033,0.11376,0.09592,3,True,-15.6821,1.1598,.70-.80,1-1.5x
CRO/USDT,2025-02-05,LONG,0.6842,0.10181,0.09592,1,True,-5.7853,0.9999,.60-.70,
CRO/USDT,2025-02-07,LONG,0.6413,0.09433,0.09339,2,True,-0.9965,0.4119,.60-.70,
CRO/USDT,2025-02-11,LONG,0.6567,0.09255,0.0951,1,True,2.7553,0.5224,.60-.70,
CRO/USDT,2025-02-13,LONG,0.6689,0.09104,0.09116,1,True,0.1318,1.1069,.60-.70,1-1.5x
CRO/USDT,2025-02-17,LONG,0.6973,0.08777,0.08502,1,True,-3.1332,0.003,.60-.70,
CRO/USDT,2025-02-20,LONG,0.715,0.08597,0.07749,4,True,-9.8639,0.5152,.70-.80,
CRO/USDT,2025-02-22,LONG,0.5821,0.08567,0.07749,2,True,-9.5483,0.8825,.55-.60,
CRO/USDT,2025-02-23,LONG,0.6834,0.08501,0.07749,1,True,-8.846,0.2977,.60-.70,
CRO/USDT,2025-02-25,LONG,0.7747,0.07656,0.07423,2,True,-3.0434,0.4296,.70-.80,
CRO/USDT,2025-03-02,LONG,0.7014,0.08254,0.08028,3,True,-2.7381,2.9845,.70-.80,2-3x
CRO/USDT,2025-03-03,LONG,0.9453,0.07675,0.08028,2,True,4.5993,1.6705,>.80,1.5-2x
CRO/USDT,2025-03-04,LONG,0.8393,0.07371,0.08028,1,True,8.9133,0.9512,>.80,
CRO/USDT,2025-03-08,LONG,0.695,0.08478,0.07605,2,True,-10.2972,0.392,.60-.70,
CRO/USDT,2025-03-09,LONG,0.9954,0.08072,0.07605,1,True,-5.7854,0.8594,>.80,
CRO/USDT,2025-03-11,LONG,0.5985,0.0803,0.08244,3,True,2.665,0.9587,.55-.60,
CRO/USDT,2025-03-12,LONG,0.9379,0.0842,0.08244,2,True,-2.0903,0.8207,>.80,
CRO/USDT,2025-03-17,LONG,0.5902,0.08532,0.07878,1,True,-7.6653,0.5106,.55-.60,
CRO/USDT,2025-03-19,LONG,0.5867,0.08088,0.07991,1,True,-1.1993,0.4586,.55-.60,
CRO/USDT,2025-03-22,LONG,0.6131,0.08034,0.08079,1,True,0.5601,0.5023,.60-.70,
CRO/USDT,2025-03-26,LONG,0.7566,0.10029,0.10088,3,True,0.5883,0.765,.70-.80,
CRO/USDT,2025-03-27,LONG,0.7533,0.10653,0.10088,2,True,-5.3037,1.0582,.70-.80,1-1.5x
CRO/USDT,2025-03-28,LONG,0.9722,0.10471,0.10088,1,True,-3.6577,0.2887,>.80,
CRO/USDT,2025-03-31,LONG,0.9403,0.09908,0.09628,2,True,-2.826,0.4871,>.80,
CRO/USDT,2025-04-04,LONG,0.6445,0.09408,0.08146,2,True,-13.4141,0.3887,.60-.70,
CRO/USDT,2025-04-05,LONG,0.6896,0.09142,0.08146,1,True,-10.8948,0.4738,.60-.70,
HYPE/USDT,2026-01-15,LONG,0.5922,24.74,25.429,2,True,2.785,1.2196,.55-.60,1-1.5x
HYPE/USDT,2026-01-16,LONG,0.7484,25.01,25.429,1,True,1.6753,0.2774,.70-.80,
HYPE/USDT,2026-01-24,LONG,0.7144,23.229,24.943,2,True,7.3787,0.5406,.70-.80,
HYPE/USDT,2026-01-25,LONG,0.6059,22.202,24.943,1,True,12.3457,0.9366,.60-.70,
HYPE/USDT,2026-01-27,LONG,0.832,30.846,34.475,1,True,11.7649,3.1614,>.80,3-5x
HYPE/USDT,2026-01-29,LONG,0.8911,30.817,30.588,3,True,-0.7431,1.2963,>.80,1-1.5x
HYPE/USDT,2026-01-30,LONG,0.9672,30.641,30.588,2,True,-0.173,0.0705,>.80,
HYPE/USDT,2026-01-31,LONG,0.881,31.008,30.588,1,True,-1.3545,0.1479,>.80,
HYPE/USDT,2026-02-03,LONG,0.8656,32.719,35.52,1,True,8.5608,0.22,>.80,
HYPE/USDT,2026-02-05,LONG,0.9681,33.092,32.388,1,True,-2.1274,0.8157,>.80,
HYPE/USDT,2026-02-07,LONG,0.8954,31.421,32.449,1,True,3.2717,0.3554,>.80,
HYPE/USDT,2026-02-10,LONG,0.7492,28.85,29.396,1,True,1.8925,0.9771,.70-.80,
HYPE/USDT,2026-02-13,LONG,0.5991,31.59,30.728,2,True,-2.7287,0.1987,.55-.60,
HYPE/USDT,2026-02-18,LONG,0.593,28.706,29.037,4,True,1.1531,0.6034,.55-.60,
HYPE/USDT,2026-02-20,LONG,0.6601,30.352,29.037,2,True,-4.3325,0.9778,.60-.70,
HYPE/USDT,2026-02-25,LONG,0.6331,27.906,28.131,1,True,0.8063,0.7487,.60-.70,
HYPE/USDT,2026-02-27,LONG,0.6471,27.31,31.2,1,True,14.2439,0.721,.60-.70,
HYPE/USDT,2026-03-02,LONG,0.6968,32.802,31.026,4,True,-5.4143,0.8176,.60-.70,
HYPE/USDT,2026-03-03,LONG,0.6119,31.306,31.026,3,True,-0.8944,0.9204,.60-.70,
HYPE/USDT,2026-03-05,LONG,0.7136,30.539,31.026,1,True,1.5947,1.0196,.70-.80,1-1.5x
HYPE/USDT,2026-03-07,LONG,0.5945,30.303,34.19,3,True,12.8271,0.4723,.55-.60,
HYPE/USDT,2026-03-08,LONG,0.7051,30.742,34.19,2,True,11.2159,0.2938,.70-.80,
HYPE/USDT,2026-03-12,LONG,0.6212,37.281,41.167,5,False,10.4235,0.5213,.60-.70,
HYPE/USDT,2026-03-14,LONG,0.5649,37.819,39.352,5,False,4.0535,0.665,.55-.60,
HYPE/USDT,2026-03-16,LONG,0.6529,40.777,39.157,5,False,-3.9728,1.7794,.60-.70,1.5-2x
HYPE/USDT,2026-03-18,LONG,0.7192,42.116,38.368,4,True,-8.8992,0.439,.70-.80,
HYPE/USDT,2026-03-19,LONG,0.7662,39.352,38.368,3,True,-2.5005,1.1944,.70-.80,1-1.5x
HYPE/USDT,2026-03-21,LONG,0.7309,39.157,38.368,1,True,-2.015,0.2079,.70-.80,
HYPE/USDT,2026-03-23,LONG,0.6213,37.375,39.475,5,False,5.6187,0.5613,.60-.70,
HYPE/USDT,2026-03-24,LONG,0.6718,40.352,37.839,5,False,-6.2277,1.6399,.60-.70,1.5-2x
HYPE/USDT,2026-03-26,LONG,0.6654,39.162,36.596,5,False,-6.5523,0.6018,.60-.70,
HYPE/USDT,2026-03-27,LONG,0.6192,38.686,36.596,4,True,-5.4025,0.2585,.60-.70,
HYPE/USDT,2026-03-28,LONG,0.5512,39.475,36.596,3,True,-7.2932,0.4335,.55-.60,
HYPE/USDT,2026-04-04,LONG,0.5669,36.38,36.321,2,True,-0.1622,0.5716,.55-.60,
HYPE/USDT,2026-04-05,LONG,0.5734,36.843,36.321,1,True,-1.4168,0.4207,.55-.60,
HYPE/USDT,2026-04-16,LONG,0.6308,43.851,44.653,1,True,1.8289,0.5465,.60-.70,
HYPE/USDT,2026-04-18,LONG,0.7325,43.794,40.738,2,True,-6.9781,0.6059,.70-.80,
HYPE/USDT,2026-04-19,LONG,0.6457,40.718,40.738,1,True,0.0491,1.9777,.60-.70,1.5-2x
HYPE/USDT,2026-04-21,LONG,0.6476,39.755,41.146,1,True,3.4989,0.6749,.60-.70,
HYPE/USDT,2026-04-25,LONG,0.6702,41.502,41.663,2,True,0.3879,0.2313,.60-.70,
HYPE/USDT,2026-04-29,LONG,0.5597,39.964,39.717,1,True,-0.6181,0.1622,.55-.60,
HYPE/USDT,2026-05-02,LONG,0.6905,41.258,43.733,3,True,5.9988,0.059,.60-.70,
HYPE/USDT,2026-05-04,LONG,0.6118,41.815,43.733,1,True,4.5869,0.2626,.60-.70,
HYPE/USDT,2026-05-06,LONG,0.6862,43.1,42.928,3,True,-0.3991,0.544,.60-.70,
HYPE/USDT,2026-05-07,LONG,0.6601,42.535,42.928,2,True,0.9239,0.4973,.60-.70,
HYPE/USDT,2026-05-08,LONG,0.5815,43.282,42.928,1,True,-0.8179,0.6655,.55-.60,
HYPE/USDT,2026-05-11,LONG,0.5602,42.035,40.273,1,True,-4.1917,1.1068,.55-.60,1-1.5x
HYPE/USDT,2026-05-14,LONG,0.766,44.164,45.713,3,True,3.5074,3.5367,.70-.80,3-5x
HYPE/USDT,2026-05-15,LONG,0.7852,44.212,45.713,2,True,3.395,0.0281,.70-.80,
HYPE/USDT,2026-05-16,LONG,0.5627,41.831,45.713,1,True,9.2802,1.3308,.55-.60,1-1.5x
HYPE/USDT,2026-05-19,LONG,0.8237,48.1,54.606,3,True,13.526,0.1505,>.80,
HYPE/USDT,2026-05-20,LONG,0.5634,54.909,54.606,2,True,-0.5518,2.6552,.55-.60,2-3x
HYPE/USDT,2026-05-21,LONG,0.7868,58.58,54.606,1,True,-6.7839,1.2313,.70-.80,1-1.5x
HYPE/USDT,2026-05-23,LONG,0.5729,58.737,61.184,2,True,4.166,1.2804,.55-.60,1-1.5x
HYPE/USDT,2026-05-24,LONG,0.8085,62.845,61.184,1,True,-2.643,1.1643,>.80,1-1.5x
HYPE/USDT,2026-05-26,LONG,0.8538,59.628,61.555,2,True,3.2317,0.4162,>.80,
HYPE/USDT,2026-05-27,LONG,0.8122,57.788,61.555,1,True,6.5187,0.5001,>.80,
HYPE/USDT,2026-05-31,LONG,0.7663,72.11,64.434,4,True,-10.6448,0.8861,.70-.80,
HYPE/USDT,2026-06-01,LONG,0.8631,73.63,64.434,3,True,-12.4895,0.3515,>.80,
HYPE/USDT,2026-06-02,LONG,0.9473,69.817,64.434,2,True,-7.7102,0.8483,>.80,
HYPE/USDT,2026-06-05,LONG,0.815,59.776,56.541,1,True,-5.4119,1.0563,>.80,1-1.5x
HYPE/USDT,2026-06-07,LONG,0.9582,59.742,53.31,3,True,-10.7663,0.827,>.80,
HYPE/USDT,2026-06-08,LONG,0.8443,63.814,53.31,2,True,-16.4603,0.9806,>.80,
HYPE/USDT,2026-06-09,LONG,0.6948,57.799,53.31,1,True,-7.7666,1.4037,.60-.70,1-1.5x
ME/USDT,2025-02-21,LONG,0.5594,1.522,1.451,2,True,-4.6649,0.2149,.55-.60,
ME/USDT,2025-03-01,LONG,0.6012,1.347,1.189,2,True,-11.7298,0.4148,.60-.70,
ME/USDT,2025-03-02,LONG,0.6079,1.412,1.189,1,True,-15.7932,0.8804,.60-.70,
ME/USDT,2025-03-11,LONG,0.5977,1.04,1.047,1,True,0.6731,0.3306,.55-.60,
ME/USDT,2025-03-13,LONG,0.5807,1.068,1.138,5,False,6.5543,0.4084,.55-.60,
ME/USDT,2025-03-14,LONG,0.5673,1.087,1.145,5,False,5.3358,0.3598,.55-.60,
ME/USDT,2025-03-15,LONG,0.5672,1.12,1.145,4,True,2.2321,0.6113,.55-.60,
ME/USDT,2025-03-17,LONG,0.553,1.164,1.145,2,True,-1.6323,1.7876,.55-.60,1.5-2x
ME/USDT,2025-03-18,LONG,0.5942,1.138,1.145,1,True,0.6151,0.425,.55-.60,
ME/USDT,2025-03-20,LONG,0.6424,1.118,1.215,1,True,8.6762,0.4495,.60-.70,
ME/USDT,2025-03-23,LONG,0.6046,1.161,1.193,1,True,2.7562,0.5704,.60-.70,
ME/USDT,2025-03-25,LONG,0.756,1.28,1.033,5,False,-19.2969,1.6207,.70-.80,1.5-2x
ME/USDT,2025-03-28,LONG,0.7657,1.127,1.004,4,True,-10.9139,1.9524,.70-.80,1.5-2x
ME/USDT,2025-03-30,LONG,0.5705,1.033,1.004,2,True,-2.8074,0.2973,.55-.60,
ME/USDT,2025-03-31,LONG,0.62,0.999,1.004,1,True,0.5005,0.6773,.60-.70,
ME/USDT,2025-04-03,LONG,0.5739,0.942,0.936,1,True,-0.6369,0.6231,.55-.60,
EIGEN/USDT,2024-12-12,LONG,0.8168,4.907,4.63,2,True,-5.645,0.509,>.80,
EIGEN/USDT,2024-12-13,LONG,0.7818,4.902,4.63,1,True,-5.5488,0.0121,.70-.80,
EIGEN/USDT,2024-12-15,LONG,0.7056,5.024,4.223,4,True,-15.9435,0.9885,.70-.80,
EIGEN/USDT,2024-12-17,LONG,0.7156,5.067,4.223,2,True,-16.6568,0.9084,.70-.80,
EIGEN/USDT,2024-12-18,LONG,0.8232,4.964,4.223,1,True,-14.9275,0.2407,>.80,
EIGEN/USDT,2024-12-20,LONG,0.554,4.184,3.606,2,True,-13.8145,0.1,.55-.60,
EIGEN/USDT,2024-12-21,LONG,0.6621,3.765,3.606,1,True,-4.2231,1.0557,.60-.70,1-1.5x
EIGEN/USDT,2024-12-23,LONG,0.7527,3.902,3.579,5,False,-8.2778,0.8463,.70-.80,
EIGEN/USDT,2024-12-24,LONG,0.6657,3.976,3.325,5,False,-16.3732,0.196,.60-.70,
EIGEN/USDT,2024-12-25,LONG,0.5685,3.759,3.674,5,False,-2.2612,0.5587,.55-.60,
EIGEN/USDT,2024-12-26,LONG,0.793,3.334,3.518,5,False,5.5189,1.3501,.70-.80,1-1.5x
EIGEN/USDT,2024-12-27,LONG,0.6737,3.4,3.518,4,True,3.4706,0.2374,.60-.70,
EIGEN/USDT,2024-12-29,LONG,0.6349,3.325,3.518,2,True,5.8045,0.8513,.60-.70,
EIGEN/USDT,2025-01-03,LONG,0.6449,4.033,4.051,1,True,0.4463,0.9824,.60-.70,
EIGEN/USDT,2025-01-06,LONG,0.6518,4.055,3.201,3,True,-21.0604,0.2321,.60-.70,
EIGEN/USDT,2025-01-07,LONG,0.5683,3.567,3.201,2,True,-10.2607,1.6851,.55-.60,1.5-2x
EIGEN/USDT,2025-01-08,LONG,0.5647,3.421,3.201,1,True,-6.4309,0.6359,.55-.60,
EIGEN/USDT,2025-01-13,LONG,0.5614,2.979,3.109,1,True,4.3639,0.6028,.55-.60,
EIGEN/USDT,2025-01-15,LONG,0.5596,3.411,3.448,2,True,1.0847,1.6916,.55-.60,1.5-2x
EIGEN/USDT,2025-01-16,LONG,0.5925,3.262,3.448,1,True,5.702,0.7508,.55-.60,
EIGEN/USDT,2025-01-20,LONG,0.7007,2.736,2.771,1,True,1.2792,0.1914,.70-.80,
EIGEN/USDT,2025-01-22,LONG,0.8188,2.592,2.733,1,True,5.4398,1.0195,>.80,1-1.5x
EIGEN/USDT,2025-01-25,LONG,0.568,2.805,2.629,4,True,-6.2745,0.3099,.55-.60,
EIGEN/USDT,2025-01-27,LONG,0.7534,2.579,2.629,2,True,1.9387,0.4803,.70-.80,
EIGEN/USDT,2025-01-28,LONG,0.6991,2.423,2.629,1,True,8.5019,1.0304,.60-.70,1-1.5x
EIGEN/USDT,2025-01-30,LONG,0.8915,2.801,2.573,2,True,-8.14,1.0296,>.80,1-1.5x
EIGEN/USDT,2025-01-31,LONG,0.7614,3.004,2.573,1,True,-14.3475,1.1022,.70-.80,1-1.5x
EIGEN/USDT,2025-02-06,LONG,0.9751,1.691,1.7,1,True,0.5322,1.3168,>.80,1-1.5x
EIGEN/USDT,2025-02-10,LONG,0.7871,1.711,1.742,2,True,1.8118,0.3586,.70-.80,
EIGEN/USDT,2025-02-11,LONG,0.8347,1.655,1.742,1,True,5.2568,0.4486,>.80,
EIGEN/USDT,2025-02-13,LONG,0.7799,1.71,1.744,1,True,1.9883,0.253,.70-.80,
EIGEN/USDT,2025-02-19,LONG,0.7201,1.721,1.972,2,True,14.5845,0.3642,.70-.80,
EIGEN/USDT,2025-02-20,LONG,0.6422,1.957,1.972,1,True,0.7665,1.7648,.60-.70,1.5-2x
EIGEN/USDT,2025-02-23,LONG,0.7222,1.892,1.536,1,True,-18.8161,0.5056,.70-.80,
EIGEN/USDT,2025-02-25,LONG,0.8787,1.643,1.725,1,True,4.9909,0.9341,>.80,
EIGEN/USDT,2025-02-28,LONG,0.897,1.707,1.603,1,True,-6.0926,0.0251,>.80,
EIGEN/USDT,2025-03-03,LONG,0.7192,1.423,1.482,2,True,4.1462,2.3496,.70-.80,2-3x
EIGEN/USDT,2025-03-04,LONG,0.6077,1.422,1.482,1,True,4.2194,0.0082,.60-.70,
EIGEN/USDT,2025-03-06,LONG,0.5854,1.387,1.122,5,False,-19.106,0.7387,.55-.60,
EIGEN/USDT,2025-03-08,LONG,0.5597,1.307,1.135,4,True,-13.1599,0.1627,.55-.60,
EIGEN/USDT,2025-03-10,LONG,0.5592,1.087,1.135,2,True,4.4158,0.611,.55-.60,
EIGEN/USDT,2025-03-19,LONG,0.557,1.208,1.141,2,True,-5.5464,0.5899,.55-.60,
EIGEN/USDT,2025-03-20,LONG,0.5557,1.157,1.141,1,True,-1.3829,0.5753,.55-.60,
EIGEN/USDT,2025-03-28,LONG,0.5778,1.028,0.938,2,True,-8.7549,2.1865,.55-.60,2-3x
EIGEN/USDT,2025-03-31,LONG,0.5846,0.931,0.823,3,True,-11.6004,0.1552,.55-.60,
EIGEN/USDT,2025-04-04,LONG,0.5648,0.825,0.745,2,True,-9.697,0.0508,.55-.60,
NEIRO/USDT,2025-01-04,LONG,0.6646,0.00109,0.000893,3,True,-18.1143,0.5768,.60-.70,
NEIRO/USDT,2025-01-06,LONG,0.6853,0.00107,0.000893,1,True,-16.5295,0.2706,.60-.70,
NEIRO/USDT,2025-01-08,LONG,0.6336,0.000795,0.000789,1,True,-0.8046,1.4364,.60-.70,1-1.5x
NEIRO/USDT,2025-01-11,LONG,0.7781,0.000812,0.000727,2,True,-10.5159,0.2554,.70-.80,
NEIRO/USDT,2025-01-12,LONG,0.5656,0.00081,0.000727,1,True,-10.3282,0.0319,.55-.60,
NEIRO/USDT,2025-01-16,LONG,0.6699,0.000797,0.000698,2,True,-12.5157,0.7493,.60-.70,
NEIRO/USDT,2025-01-24,LONG,0.903,0.000554,0.000514,3,True,-7.3246,0.5816,>.80,
NEIRO/USDT,2025-01-25,LONG,0.7801,0.000555,0.000514,2,True,-7.4914,0.0223,.70-.80,
NEIRO/USDT,2025-01-26,LONG,0.8575,0.000539,0.000514,1,True,-4.6408,0.3694,>.80,
NEIRO/USDT,2025-01-28,LONG,0.6229,0.000445,0.000498,1,True,11.8957,1.7601,.60-.70,1.5-2x
NEIRO/USDT,2025-01-30,LONG,0.727,0.000518,0.000508,2,True,-1.8354,0.4804,.70-.80,
NEIRO/USDT,2025-01-31,LONG,0.8694,0.00061,0.000508,1,True,-16.7595,1.8991,>.80,1.5-2x
NEIRO/USDT,2025-02-04,LONG,0.6829,0.000369,0.000327,4,True,-11.3759,0.8759,.60-.70,
NEIRO/USDT,2025-02-05,LONG,0.7265,0.00035,0.000327,3,True,-6.5677,0.5139,.70-.80,
NEIRO/USDT,2025-02-06,LONG,0.921,0.000318,0.000327,2,True,2.7961,0.9426,>.80,
NEIRO/USDT,2025-02-09,LONG,0.57,0.000319,0.000331,1,True,3.7327,0.2874,.55-.60,
NEIRO/USDT,2025-02-11,LONG,0.8181,0.00032,0.000358,1,True,11.739,0.3527,>.80,
NEIRO/USDT,2025-02-13,LONG,0.7984,0.000336,0.00036,2,True,7.0134,0.6305,.70-.80,
NEIRO/USDT,2025-02-14,LONG,0.8178,0.000373,0.00036,1,True,-3.3289,1.0812,>.80,1-1.5x
NEIRO/USDT,2025-02-16,LONG,0.6897,0.000342,0.000338,1,True,-1.1974,0.4964,.60-.70,
NEIRO/USDT,2025-02-20,LONG,0.7365,0.000366,0.000321,4,True,-12.1618,1.3654,.70-.80,1-1.5x
NEIRO/USDT,2025-02-21,LONG,0.639,0.00037,0.000321,3,True,-13.0646,0.1377,.60-.70,
NEIRO/USDT,2025-02-23,LONG,0.6733,0.000392,0.000321,1,True,-17.9265,0.689,.60-.70,
NEIRO/USDT,2025-02-26,LONG,0.6776,0.000403,0.000364,3,True,-9.6502,1.16,.60-.70,1-1.5x
NEIRO/USDT,2025-02-27,LONG,0.685,0.0004,0.000364,2,True,-8.9045,0.0993,.60-.70,
NEIRO/USDT,2025-03-03,LONG,0.7362,0.000317,0.000307,1,True,-3.0284,1.7465,.70-.80,1.5-2x
NEIRO/USDT,2025-03-05,LONG,0.7305,0.000317,0.000299,1,True,-5.6116,0.3487,.70-.80,
NEIRO/USDT,2025-03-08,LONG,0.6537,0.000256,0.000243,3,True,-4.9238,1.1675,.60-.70,1-1.5x
NEIRO/USDT,2025-03-09,LONG,0.5701,0.000247,0.000243,2,True,-1.498,0.3806,.55-.60,
NEIRO/USDT,2025-03-14,LONG,0.7348,0.000267,0.000256,2,True,-3.9355,0.4701,.70-.80,
NEIRO/USDT,2025-03-15,LONG,0.6347,0.000275,0.000256,1,True,-6.8677,0.3745,.60-.70,
NEIRO/USDT,2025-03-19,LONG,0.6844,0.000265,0.000269,2,True,1.5472,0.8032,.60-.70,
NEIRO/USDT,2025-03-22,LONG,0.6029,0.000275,0.000282,4,True,2.3611,0.3994,.60-.70,
NEIRO/USDT,2025-03-23,LONG,0.6171,0.000275,0.000282,3,True,2.51,0.0322,.60-.70,
NEIRO/USDT,2025-03-24,LONG,0.5769,0.000288,0.000282,2,True,-2.0167,1.0001,.55-.60,1-1.5x
NEIRO/USDT,2025-03-27,LONG,0.6452,0.000267,0.000192,5,False,-28.0735,1.18,.60-.70,1-1.5x
NEIRO/USDT,2025-03-28,LONG,0.6417,0.000224,0.000172,5,False,-23.149,3.0404,.60-.70,3-5x
NEIRO/USDT,2025-03-30,LONG,0.7446,0.000201,0.000172,3,True,-14.3638,0.3057,.70-.80,
NEIRO/USDT,2025-03-31,LONG,0.7023,0.000196,0.000172,2,True,-12.002,0.4659,.70-.80,
NEIRO/USDT,2025-04-01,LONG,0.5697,0.000192,0.000172,1,True,-10.2137,0.353,.55-.60,
NEIRO/USDT,2025-04-05,LONG,0.796,0.000181,0.000155,1,True,-14.4592,0.3591,.70-.80,
SCR/USDT,2025-01-16,LONG,0.5584,0.8071,0.7677,2,True,-4.8817,0.9861,.55-.60,
SCR/USDT,2025-01-19,LONG,0.5951,0.7785,0.7985,2,True,2.569,0.2581,.55-.60,
SCR/USDT,2025-01-20,LONG,0.5584,0.7881,0.7985,1,True,1.3196,0.2361,.55-.60,
SCR/USDT,2025-01-30,LONG,0.5776,0.6711,0.5744,5,False,-14.4092,0.5617,.55-.60,
SCR/USDT,2025-01-31,LONG,0.5531,0.6755,0.5799,5,False,-14.1525,0.1396,.55-.60,
SCR/USDT,2025-02-01,LONG,0.5822,0.627,0.4926,5,False,-21.4354,1.4651,.55-.60,1-1.5x
SCR/USDT,2025-02-03,LONG,0.7467,0.5995,0.5386,4,True,-10.1585,1.075,.70-.80,1-1.5x
SCR/USDT,2025-02-05,LONG,0.6145,0.5799,0.5386,2,True,-7.1219,0.2131,.60-.70,
SCR/USDT,2025-02-10,LONG,0.7802,0.6074,0.6454,5,False,6.2562,1.3011,.70-.80,1-1.5x
SCR/USDT,2025-02-12,LONG,0.9011,0.6477,0.6454,3,True,-0.3551,0.4255,>.80,
SCR/USDT,2025-02-16,LONG,0.5909,0.6388,0.6285,5,False,-1.6124,0.1712,.55-.60,
SCR/USDT,2025-02-18,LONG,0.6294,0.6141,0.6435,5,False,4.7875,0.7064,.60-.70,
SCR/USDT,2025-02-26,LONG,0.6,0.5879,0.5673,2,True,-3.504,0.1875,.55-.60,
SCR/USDT,2025-02-27,LONG,0.5974,0.5856,0.5673,1,True,-3.125,0.0807,.55-.60,
SCR/USDT,2025-03-03,LONG,0.594,0.4998,0.4676,2,True,-6.4426,2.7294,.55-.60,2-3x
SCR/USDT,2025-03-11,LONG,0.6225,0.3381,0.3524,1,True,4.2295,0.0475,.60-.70,
SCR/USDT,2025-03-14,LONG,0.7028,0.3512,0.3572,3,True,1.7084,0.5763,.70-.80,
SCR/USDT,2025-03-15,LONG,0.6921,0.3641,0.3572,2,True,-1.8951,0.5223,.60-.70,
SCR/USDT,2025-03-18,LONG,0.684,0.344,0.3681,1,True,7.0058,0.5616,.60-.70,
SCR/USDT,2025-03-20,LONG,0.5975,0.3518,0.3379,1,True,-3.9511,0.6402,.55-.60,
SCR/USDT,2025-03-22,LONG,0.7206,0.3648,0.3823,2,True,4.7971,1.1649,.70-.80,1-1.5x
SCR/USDT,2025-03-23,LONG,0.8405,0.379,0.3823,1,True,0.8707,0.647,>.80,
SCR/USDT,2025-03-25,LONG,0.5957,0.391,0.3392,3,True,-13.2481,0.3929,.55-.60,
SCR/USDT,2025-03-26,LONG,0.8737,0.3723,0.3392,2,True,-8.8907,0.8206,>.80,
SCR/USDT,2025-03-27,LONG,0.8269,0.3679,0.3392,1,True,-7.801,0.2125,>.80,
SCR/USDT,2025-03-29,LONG,0.6011,0.286,0.2795,2,True,-2.2727,2.4996,.60-.70,2-3x
SCR/USDT,2025-03-30,LONG,0.6362,0.2828,0.2795,1,True,-1.1669,0.1899,.60-.70,
SCR/USDT,2025-04-02,LONG,0.6444,0.2513,0.2528,1,True,0.5969,1.5497,.60-.70,1.5-2x
SCR/USDT,2025-04-04,LONG,0.7811,0.26,0.2652,1,True,2.0,0.4839,.70-.80,
SCR/USDT,2025-04-06,LONG,0.8139,0.2313,0.2363,2,True,2.1617,2.1019,>.80,2-3x
GOAT/USDT,2025-02-22,LONG,0.6203,0.1167,0.1071,1,True,-8.2262,2.6957,.60-.70,2-3x
GOAT/USDT,2025-02-26,LONG,0.7395,0.0946,0.0897,3,True,-5.1797,0.6406,.70-.80,
GOAT/USDT,2025-02-28,LONG,0.5617,0.1,0.0897,1,True,-10.3,0.8289,.55-.60,
GOAT/USDT,2025-03-02,LONG,0.7041,0.1032,0.0795,1,True,-22.9651,1.6764,.70-.80,1.5-2x
GOAT/USDT,2025-03-04,LONG,0.5765,0.0749,0.0684,2,True,-8.6782,0.5627,.55-.60,
GOAT/USDT,2025-03-05,LONG,0.8458,0.07375,0.0684,1,True,-7.2542,0.1504,>.80,
GOAT/USDT,2025-03-11,LONG,0.6405,0.0541,0.05543,1,True,2.4584,0.0894,.60-.70,
GOAT/USDT,2025-03-14,LONG,0.657,0.05716,0.05698,4,True,-0.3149,0.5717,.60-.70,
GOAT/USDT,2025-03-15,LONG,0.6236,0.05813,0.05698,3,True,-1.9783,0.1813,.60-.70,
GOAT/USDT,2025-03-20,LONG,0.5685,0.05627,0.05553,1,True,-1.3151,0.5488,.55-.60,
GOAT/USDT,2025-03-23,LONG,0.7016,0.05908,0.05479,5,False,-7.2613,1.0564,.70-.80,1-1.5x
GOAT/USDT,2025-03-24,LONG,0.6102,0.0636,0.05167,5,False,-18.7579,1.5999,.60-.70,1.5-2x
GOAT/USDT,2025-03-26,LONG,0.7251,0.06191,0.05056,5,False,-18.3331,0.5906,.70-.80,
GOAT/USDT,2025-03-27,LONG,0.7816,0.06128,0.05056,4,True,-17.4935,0.2431,.70-.80,
GOAT/USDT,2025-03-28,LONG,0.6154,0.05479,0.05056,3,True,-7.7204,2.2108,.60-.70,2-3x
GOAT/USDT,2025-03-29,LONG,0.6422,0.05167,0.05056,2,True,-2.1482,1.258,.60-.70,1-1.5x
GOAT/USDT,2025-03-30,LONG,0.778,0.05177,0.05056,1,True,-2.3373,0.0437,.70-.80,
GOAT/USDT,2025-04-02,LONG,0.8266,0.04506,0.04448,1,True,-1.2872,1.8594,>.80,1.5-2x
PENGU/USDT,2025-02-28,LONG,0.6477,0.009093,0.009245,2,True,1.6716,1.6831,.60-.70,1.5-2x
PENGU/USDT,2025-03-01,LONG,0.8618,0.008759,0.009245,1,True,5.5486,0.5057,>.80,
PENGU/USDT,2025-03-04,LONG,0.7248,0.006729,0.006563,1,True,-2.4669,0.5967,.70-.80,
PENGU/USDT,2025-03-06,LONG,0.7314,0.006207,0.005593,4,True,-9.8921,0.6228,.70-.80,
PENGU/USDT,2025-03-07,LONG,0.7323,0.00639,0.005593,3,True,-12.4726,0.3375,.70-.80,
PENGU/USDT,2025-03-08,LONG,0.6454,0.006082,0.005593,2,True,-8.0401,0.5513,.60-.70,
PENGU/USDT,2025-03-11,LONG,0.5771,0.006212,0.006716,4,True,8.1133,1.2136,.55-.60,1-1.5x
PENGU/USDT,2025-03-16,LONG,0.6827,0.00636,0.006395,2,True,0.5503,0.6313,.60-.70,
PENGU/USDT,2025-03-19,LONG,0.5812,0.006766,0.006398,2,True,-5.439,0.6708,.55-.60,
PENGU/USDT,2025-03-20,LONG,0.7572,0.006432,0.006398,1,True,-0.5286,0.6058,.70-.80,
PENGU/USDT,2025-03-22,LONG,0.7205,0.006332,0.006274,1,True,-0.916,0.1293,.70-.80,
PENGU/USDT,2025-03-24,LONG,0.5907,0.007116,0.005684,5,False,-20.1237,1.9836,.55-.60,1.5-2x
PENGU/USDT,2025-03-25,LONG,0.6203,0.007035,0.005941,5,False,-15.5508,0.1688,.60-.70,
PENGU/USDT,2025-03-26,LONG,0.6603,0.006997,0.005412,5,False,-22.6526,0.0818,.60-.70,
PENGU/USDT,2025-03-27,LONG,0.645,0.007145,0.005232,5,False,-26.774,0.321,.60-.70,
PENGU/USDT,2025-03-29,LONG,0.5605,0.005684,0.005232,3,True,-7.9521,1.2999,.55-.60,1-1.5x
VIRTUAL/USDT,2026-01-08,LONG,0.9107,1.0629,1.0474,2,True,-1.4583,0.221,>.80,
VIRTUAL/USDT,2026-01-09,LONG,0.7961,1.0625,1.0474,1,True,-1.4212,0.0056,.70-.80,
VIRTUAL/USDT,2026-01-16,LONG,0.9198,0.9913,0.7991,4,True,-19.3887,0.1673,>.80,
VIRTUAL/USDT,2026-01-17,LONG,0.6523,0.9472,0.7991,3,True,-15.6356,0.6238,.60-.70,
VIRTUAL/USDT,2026-01-19,LONG,0.8497,0.8726,0.7991,1,True,-8.4231,0.0248,>.80,
VIRTUAL/USDT,2026-01-21,LONG,0.693,0.84,0.8392,1,True,-0.0952,0.6842,.60-.70,
VIRTUAL/USDT,2026-01-24,LONG,0.8341,0.8246,0.8567,4,True,3.8928,0.0987,>.80,
VIRTUAL/USDT,2026-01-25,LONG,0.7324,0.7676,0.8567,3,True,11.6076,1.5792,.70-.80,1.5-2x
VIRTUAL/USDT,2026-01-26,LONG,0.6426,0.8035,0.8567,2,True,6.621,1.0698,.60-.70,1-1.5x
VIRTUAL/USDT,2026-01-27,LONG,0.7604,0.8299,0.8567,1,True,3.2293,0.7836,.70-.80,
VIRTUAL/USDT,2026-01-29,LONG,0.8532,0.742,0.6109,3,True,-17.6685,2.6367,>.80,2-3x
VIRTUAL/USDT,2026-01-31,LONG,0.9464,0.6508,0.6109,1,True,-6.1309,2.2234,>.80,2-3x
VIRTUAL/USDT,2026-02-03,LONG,0.9461,0.6365,0.5957,3,True,-6.4101,0.1489,>.80,
VIRTUAL/USDT,2026-02-04,LONG,0.5614,0.6337,0.5957,2,True,-5.9965,0.0792,.55-.60,
VIRTUAL/USDT,2026-02-05,LONG,0.8031,0.5175,0.5957,1,True,15.1111,2.7671,>.80,2-3x
VIRTUAL/USDT,2026-02-08,LONG,0.9171,0.5776,0.569,1,True,-1.4889,0.3111,>.80,
VIRTUAL/USDT,2026-02-12,LONG,0.8223,0.582,0.6328,3,True,8.7285,1.071,>.80,1-1.5x
VIRTUAL/USDT,2026-02-13,LONG,0.5746,0.5996,0.6328,2,True,5.537,0.3927,.55-.60,
VIRTUAL/USDT,2026-02-14,LONG,0.6982,0.6839,0.6328,1,True,-7.4719,1.694,.60-.70,1.5-2x
VIRTUAL/USDT,2026-02-18,LONG,0.6505,0.609,0.5881,5,False,-3.4319,0.7024,.60-.70,
VIRTUAL/USDT,2026-02-20,LONG,0.7465,0.6527,0.5881,3,True,-9.8973,0.4701,.70-.80,
VIRTUAL/USDT,2026-02-24,LONG,0.5729,0.606,0.6939,1,True,14.505,0.4099,.55-.60,
VIRTUAL/USDT,2026-02-28,LONG,0.759,0.7077,0.7524,4,True,6.3162,0.5675,.70-.80,
VIRTUAL/USDT,2026-03-03,LONG,0.5776,0.7417,0.7524,1,True,1.4426,0.4806,.55-.60,
VIRTUAL/USDT,2026-03-05,LONG,0.6777,0.7175,0.6903,1,True,-3.7909,0.7279,.60-.70,
VIRTUAL/USDT,2026-03-08,LONG,0.6755,0.6275,0.7206,5,False,14.8367,1.0782,.60-.70,1-1.5x
VIRTUAL/USDT,2026-03-09,LONG,0.5616,0.6589,0.723,5,False,9.7283,0.8827,.55-.60,
VIRTUAL/USDT,2026-03-10,LONG,0.6974,0.7026,0.723,4,True,2.9035,1.1702,.60-.70,1-1.5x
VIRTUAL/USDT,2026-03-12,LONG,0.6294,0.7179,0.723,2,True,0.7104,0.512,.60-.70,
VIRTUAL/USDT,2026-03-13,LONG,0.6305,0.7206,0.723,1,True,0.3331,0.067,.60-.70,
VIRTUAL/USDT,2026-03-17,LONG,0.6702,0.783,0.7049,3,True,-9.9745,0.4996,.60-.70,
VIRTUAL/USDT,2026-03-18,LONG,0.6101,0.7399,0.7049,2,True,-4.7304,1.17,.60-.70,1-1.5x
VIRTUAL/USDT,2026-03-19,LONG,0.6217,0.7068,0.7049,1,True,-0.2688,0.9268,.60-.70,
VIRTUAL/USDT,2026-03-21,LONG,0.6335,0.6722,0.6845,5,False,1.8298,0.9598,.60-.70,
VIRTUAL/USDT,2026-03-22,LONG,0.6272,0.6578,0.6845,4,True,4.059,0.5375,.60-.70,
VIRTUAL/USDT,2026-03-23,LONG,0.5996,0.6842,0.6845,3,True,0.0438,0.9849,.55-.60,
VIRTUAL/USDT,2026-03-24,LONG,0.5685,0.7265,0.6845,2,True,-5.7811,1.4332,.55-.60,1-1.5x
VIRTUAL/USDT,2026-03-28,LONG,0.5913,0.6564,0.6457,1,True,-1.6301,0.1194,.55-.60,
VIRTUAL/USDT,2026-03-31,LONG,0.5803,0.6544,0.6347,4,True,-3.0104,0.5243,.55-.60,
VIRTUAL/USDT,2026-04-06,LONG,0.5512,0.6302,0.6577,2,True,4.3637,0.4648,.55-.60,
VIRTUAL/USDT,2026-04-07,LONG,0.6102,0.6855,0.6577,1,True,-4.0554,2.4093,.60-.70,2-3x
VIRTUAL/USDT,2026-04-09,LONG,0.619,0.6658,0.679,1,True,1.9826,0.3389,.60-.70,
VIRTUAL/USDT,2026-04-11,LONG,0.6969,0.6895,0.643,1,True,-6.744,0.444,.60-.70,
VIRTUAL/USDT,2026-04-15,LONG,0.6607,0.6897,0.747,2,True,8.308,0.7512,.60-.70,
VIRTUAL/USDT,2026-04-18,LONG,0.7009,0.7033,0.6891,2,True,-2.0191,1.354,.70-.80,1-1.5x
VIRTUAL/USDT,2026-04-19,LONG,0.6848,0.67,0.6891,1,True,2.8507,1.0585,.60-.70,1-1.5x
VIRTUAL/USDT,2026-04-21,LONG,0.6447,0.6822,0.6918,1,True,1.4072,0.2223,.60-.70,
VIRTUAL/USDT,2026-04-25,LONG,0.7114,0.6992,0.6901,3,True,-1.3015,0.0905,.70-.80,
VIRTUAL/USDT,2026-04-29,LONG,0.6193,0.6888,0.6861,1,True,-0.392,0.0486,.60-.70,
VIRTUAL/USDT,2026-05-02,LONG,0.7461,0.7498,0.7363,2,True,-1.8005,1.8965,.70-.80,1.5-2x
VIRTUAL/USDT,2026-05-03,LONG,0.6116,0.7531,0.7363,1,True,-2.2308,0.1323,.60-.70,
VIRTUAL/USDT,2026-05-07,LONG,0.939,0.9091,0.9067,3,True,-0.264,1.1154,>.80,1-1.5x
VIRTUAL/USDT,2026-05-08,LONG,0.7191,0.9312,0.9067,2,True,-2.631,0.6821,.70-.80,
VIRTUAL/USDT,2026-05-09,LONG,0.7521,0.9335,0.9067,1,True,-2.8709,0.0756,.70-.80,
VIRTUAL/USDT,2026-05-13,LONG,0.8586,0.7769,0.7023,4,True,-9.6023,1.0478,>.80,1-1.5x
VIRTUAL/USDT,2026-05-14,LONG,0.8542,0.7817,0.7023,3,True,-10.1573,0.149,>.80,
VIRTUAL/USDT,2026-05-15,LONG,0.6246,0.75,0.7023,2,True,-6.36,0.9494,.60-.70,
VIRTUAL/USDT,2026-05-18,LONG,0.6633,0.722,0.7529,3,True,4.2798,0.6362,.60-.70,
VIRTUAL/USDT,2026-05-20,LONG,0.7858,0.7274,0.7529,1,True,3.5056,0.6944,.70-.80,
VIRTUAL/USDT,2026-05-22,LONG,0.6425,0.7159,0.7455,5,False,4.1347,1.1193,.60-.70,1-1.5x
VIRTUAL/USDT,2026-05-23,LONG,0.5577,0.7675,0.7455,4,True,-2.8664,1.5374,.55-.60,1.5-2x
VIRTUAL/USDT,2026-05-24,LONG,0.6427,0.7409,0.7455,3,True,0.6209,0.7327,.60-.70,
VIRTUAL/USDT,2026-05-25,LONG,0.8749,0.7777,0.7455,2,True,-4.1404,1.1325,>.80,1-1.5x
VIRTUAL/USDT,2026-05-28,LONG,0.8948,0.7155,0.7203,2,True,0.6709,1.007,>.80,1-1.5x
VIRTUAL/USDT,2026-05-29,LONG,0.8881,0.7122,0.7203,1,True,1.1373,0.1157,>.80,
VIRTUAL/USDT,2026-06-02,LONG,0.8674,0.702,0.5456,4,True,-22.2792,1.4358,>.80,1-1.5x
VIRTUAL/USDT,2026-06-03,LONG,0.5818,0.7276,0.5456,3,True,-25.0137,0.9144,.55-.60,
VIRTUAL/USDT,2026-06-04,LONG,0.9246,0.6378,0.5456,2,True,-14.4559,2.5944,>.80,2-3x
VIRTUAL/USDT,2026-06-05,LONG,0.7266,0.5591,0.5456,1,True,-2.4146,2.2876,.70-.80,2-3x
VIRTUAL/USDT,2026-06-07,LONG,0.9292,0.5805,0.5427,3,True,-6.5116,1.1458,>.80,1-1.5x
VIRTUAL/USDT,2026-06-08,LONG,0.765,0.582,0.5427,2,True,-6.7526,0.0463,.70-.80,
VIRTUAL/USDT,2026-06-09,LONG,0.7367,0.5702,0.5427,1,True,-4.8229,0.3682,.70-.80,
PNUT/USDT,2025-01-29,LONG,0.6615,0.2512,0.1986,3,True,-20.9395,1.116,.60-.70,1-1.5x
PNUT/USDT,2025-01-30,LONG,0.7184,0.2527,0.1986,2,True,-21.4088,0.0704,.70-.80,
PNUT/USDT,2025-02-03,LONG,0.8025,0.1969,0.1849,1,True,-6.0945,0.8726,>.80,
PNUT/USDT,2025-02-08,LONG,0.6245,0.1741,0.1478,5,False,-15.1063,1.6728,.60-.70,1.5-2x
PNUT/USDT,2025-02-09,LONG,0.7981,0.1661,0.182,5,False,9.5725,0.5718,.70-.80,
PNUT/USDT,2025-02-10,LONG,0.5506,0.1689,0.155,5,False,-8.2297,0.2079,.55-.60,
PNUT/USDT,2025-02-11,LONG,0.8177,0.1618,0.1512,5,False,-6.5513,0.5185,>.80,
PNUT/USDT,2025-02-12,LONG,0.5666,0.1538,0.1502,5,False,-2.3407,0.6094,.55-.60,
PNUT/USDT,2025-02-13,LONG,0.7156,0.1478,0.1434,5,False,-2.977,0.4842,.70-.80,
PNUT/USDT,2025-02-14,LONG,0.9142,0.182,0.1392,5,False,-23.5165,2.3104,>.80,2-3x
PNUT/USDT,2025-02-15,LONG,0.5521,0.155,0.1442,5,False,-6.9677,1.4541,.55-.60,1-1.5x
PNUT/USDT,2025-02-16,LONG,0.6336,0.1512,0.1442,4,True,-4.6296,0.2403,.60-.70,
PNUT/USDT,2025-02-17,LONG,0.9087,0.1502,0.1442,3,True,-3.9947,0.0674,>.80,
PNUT/USDT,2025-02-21,LONG,0.6583,0.1445,0.1788,2,True,23.737,0.0246,.60-.70,
PNUT/USDT,2025-02-22,LONG,0.8182,0.22,0.1788,1,True,-18.7273,3.6034,>.80,3-5x
PNUT/USDT,2025-02-25,LONG,0.9025,0.1748,0.2097,1,True,19.9657,1.0466,>.80,1-1.5x
PNUT/USDT,2025-02-27,LONG,0.6725,0.1859,0.2215,2,True,19.1501,0.6901,.60-.70,
PNUT/USDT,2025-02-28,LONG,0.8329,0.2616,0.2215,1,True,-15.3287,2.2091,>.80,2-3x
PNUT/USDT,2025-03-03,LONG,0.9616,0.1961,0.2077,1,True,5.9153,0.9041,>.80,
PNUT/USDT,2025-03-05,LONG,0.9167,0.2034,0.1979,1,True,-2.704,0.1075,>.80,
PNUT/USDT,2025-03-07,LONG,0.9075,0.183,0.1788,1,True,-2.2951,0.4085,>.80,
PNUT/USDT,2025-03-09,LONG,0.569,0.1568,0.1533,1,True,-2.2321,0.6577,.55-.60,
PNUT/USDT,2025-03-14,LONG,0.5676,0.2028,0.1814,2,True,-10.5523,1.2324,.55-.60,1-1.5x
PNUT/USDT,2025-03-15,LONG,0.7781,0.2009,0.1814,1,True,-9.7063,0.0651,.70-.80,
PNUT/USDT,2025-03-17,LONG,0.7684,0.1813,0.1777,2,True,-1.9857,0.0041,.70-.80,
PNUT/USDT,2025-03-18,LONG,0.6595,0.172,0.1777,1,True,3.314,0.3976,.60-.70,
PNUT/USDT,2025-03-20,LONG,0.7042,0.1723,0.1745,1,True,1.2768,0.3622,.70-.80,
PNUT/USDT,2025-03-23,LONG,0.6335,0.2243,0.2151,1,True,-4.1016,2.4307,.60-.70,2-3x
PNUT/USDT,2025-03-26,LONG,0.7908,0.2081,0.1991,1,True,-4.3248,0.4067,.70-.80,
PNUT/USDT,2025-03-28,LONG,0.6731,0.1806,0.158,4,True,-12.5138,1.1397,.60-.70,1-1.5x
PNUT/USDT,2025-03-29,LONG,0.6884,0.1704,0.158,3,True,-7.277,0.7303,.60-.70,
PNUT/USDT,2025-03-30,LONG,0.5539,0.1783,0.158,2,True,-11.3853,0.5982,.55-.60,
PNUT/USDT,2025-03-31,LONG,0.5654,0.1812,0.158,1,True,-12.8035,0.2123,.55-.60,
PNUT/USDT,2025-04-02,LONG,0.739,0.1457,0.1503,2,True,3.1572,0.9287,.70-.80,
PNUT/USDT,2025-04-03,LONG,0.6102,0.1462,0.1503,1,True,2.8044,0.0484,.60-.70,
PNUT/USDT,2025-04-05,LONG,0.6995,0.1463,0.1278,1,True,-12.6452,0.3869,.60-.70,
ACT/USDT,2025-01-25,LONG,0.8186,0.195,0.1518,3,True,-22.1538,0.6168,>.80,
ACT/USDT,2025-01-27,LONG,0.6852,0.2006,0.1518,1,True,-24.327,0.2264,.60-.70,
ACT/USDT,2025-01-29,LONG,0.5968,0.1874,0.1848,1,True,-1.3874,2.1323,.55-.60,2-3x
ACT/USDT,2025-01-31,LONG,0.6968,0.1991,0.1817,1,True,-8.7393,0.6915,.60-.70,
ACT/USDT,2025-02-02,LONG,0.687,0.1836,0.1971,3,True,7.3529,0.0944,.60-.70,
ACT/USDT,2025-02-04,LONG,0.6033,0.2288,0.1971,1,True,-13.8549,0.3739,.60-.70,
ACT/USDT,2025-02-10,LONG,0.685,0.1834,0.1922,3,True,4.7983,0.0607,.60-.70,
ACT/USDT,2025-02-11,LONG,0.6438,0.1843,0.1922,2,True,4.2865,0.0424,.60-.70,
ACT/USDT,2025-02-18,LONG,0.605,0.1859,0.188,5,False,1.1296,0.2547,.60-.70,
ACT/USDT,2025-02-20,LONG,0.5785,0.1843,0.188,3,True,2.0076,0.1582,.55-.60,
ACT/USDT,2025-03-03,LONG,0.694,0.1949,0.1971,1,True,1.1288,0.9862,.60-.70,
ACT/USDT,2025-03-05,LONG,0.7638,0.1947,0.1935,1,True,-0.6163,0.1731,.70-.80,
ACT/USDT,2025-03-07,LONG,0.7211,0.1912,0.1912,1,True,0.0,0.1732,.70-.80,
ACT/USDT,2025-03-12,LONG,0.5864,0.1964,0.1945,2,True,-0.9674,0.104,.55-.60,
ACT/USDT,2025-03-13,LONG,0.595,0.1928,0.1945,1,True,0.8817,0.2703,.55-.60,
ACT/USDT,2025-03-15,LONG,0.5575,0.1934,0.1892,5,False,-2.1717,0.0899,.55-.60,
ACT/USDT,2025-03-17,LONG,0.5504,0.1912,0.19,5,False,-0.6276,0.0208,.55-.60,
ACT/USDT,2025-03-25,LONG,0.5635,0.194,0.1902,3,True,-1.9588,0.648,.55-.60,
ACT/USDT,2025-03-26,LONG,0.6166,0.1921,0.1902,2,True,-0.9891,0.9403,.60-.70,
ACT/USDT,2025-03-27,LONG,0.603,0.192,0.1902,1,True,-0.9375,0.0518,.60-.70,
ACT/USDT,2025-04-03,LONG,0.8637,0.0611,0.0534,3,True,-12.6023,1.1066,>.80,1-1.5x
ACT/USDT,2025-04-04,LONG,0.9888,0.0559,0.0534,2,True,-4.4723,0.552,>.80,
ACT/USDT,2025-04-05,LONG,0.9498,0.0538,0.0534,1,True,-0.7435,0.2439,>.80,
